phenomenon	figure_stem	label	title	language	clause_wo	np_wo	alignment	comp_system	strategy	anc_choice_word_order	anc_iv_order	anc_tv_order	n_pairs	bad_parse	bad_parse_rate
1_1_intran_V_form	01_1_1_intran_V_form	fig:heatmap-1-intran-v-form	1.1 Intransitive finite verb form	00_sov_gn_ac_b_se	sov	gn	nom-acc	balancing	sent	sov	SV	APV	100	0	0.0
1_1_intran_V_form	01_1_1_intran_V_form	fig:heatmap-1-intran-v-form	1.1 Intransitive finite verb form	01_sov_gn_ac_b_pa	sov	gn	nom-acc	balancing	poss-acc	sov	SV	APV	100	0	0.0
1_1_intran_V_form	01_1_1_intran_V_form	fig:heatmap-1-intran-v-form	1.1 Intransitive finite verb form	02_sov_gn_ac_b_ep	sov	gn	nom-acc	balancing	erg-poss	sov	SV	APV	100	0	0.0
1_1_intran_V_form	01_1_1_intran_V_form	fig:heatmap-1-intran-v-form	1.1 Intransitive finite verb form	03_sov_gn_ac_b_no	sov	gn	nom-acc	balancing	nomn	sov	SV	APV	100	0	0.0
1_1_intran_V_form	01_1_1_intran_V_form	fig:heatmap-1-intran-v-form	1.1 Intransitive finite verb form	04_sov_gn_ac_d_se	sov	gn	nom-acc	deranking	sent	sov	SV	APV	100	0	0.0
1_1_intran_V_form	01_1_1_intran_V_form	fig:heatmap-1-intran-v-form	1.1 Intransitive finite verb form	05_sov_gn_ac_d_pa	sov	gn	nom-acc	deranking	poss-acc	sov	SV	APV	100	0	0.0
1_1_intran_V_form	01_1_1_intran_V_form	fig:heatmap-1-intran-v-form	1.1 Intransitive finite verb form	06_sov_gn_ac_d_ep	sov	gn	nom-acc	deranking	erg-poss	sov	SV	APV	100	0	0.0
1_1_intran_V_form	01_1_1_intran_V_form	fig:heatmap-1-intran-v-form	1.1 Intransitive finite verb form	07_sov_gn_ac_d_no	sov	gn	nom-acc	deranking	nomn	sov	SV	APV	100	0	0.0
1_1_intran_V_form	01_1_1_intran_V_form	fig:heatmap-1-intran-v-form	1.1 Intransitive finite verb form	08_sov_gn_er_b_se	sov	gn	erg-abs	balancing	sent	sov	SV	APV	100	0	0.0
1_1_intran_V_form	01_1_1_intran_V_form	fig:heatmap-1-intran-v-form	1.1 Intransitive finite verb form	09_sov_gn_er_b_pa	sov	gn	erg-abs	balancing	poss-acc	sov	SV	APV	100	0	0.0
1_1_intran_V_form	01_1_1_intran_V_form	fig:heatmap-1-intran-v-form	1.1 Intransitive finite verb form	10_sov_gn_er_b_ep	sov	gn	erg-abs	balancing	erg-poss	sov	SV	APV	100	0	0.0
1_1_intran_V_form	01_1_1_intran_V_form	fig:heatmap-1-intran-v-form	1.1 Intransitive finite verb form	11_sov_gn_er_b_no	sov	gn	erg-abs	balancing	nomn	sov	SV	APV	100	0	0.0
1_1_intran_V_form	01_1_1_intran_V_form	fig:heatmap-1-intran-v-form	1.1 Intransitive finite verb form	12_sov_gn_er_d_se	sov	gn	erg-abs	deranking	sent	sov	SV	APV	100	0	0.0
1_1_intran_V_form	01_1_1_intran_V_form	fig:heatmap-1-intran-v-form	1.1 Intransitive finite verb form	13_sov_gn_er_d_pa	sov	gn	erg-abs	deranking	poss-acc	sov	SV	APV	100	0	0.0
1_1_intran_V_form	01_1_1_intran_V_form	fig:heatmap-1-intran-v-form	1.1 Intransitive finite verb form	14_sov_gn_er_d_ep	sov	gn	erg-abs	deranking	erg-poss	sov	SV	APV	100	0	0.0
1_1_intran_V_form	01_1_1_intran_V_form	fig:heatmap-1-intran-v-form	1.1 Intransitive finite verb form	15_sov_gn_er_d_no	sov	gn	erg-abs	deranking	nomn	sov	SV	APV	100	0	0.0
1_1_intran_V_form	01_1_1_intran_V_form	fig:heatmap-1-intran-v-form	1.1 Intransitive finite verb form	16_sov_ng_ac_b_se	sov	ng	nom-acc	balancing	sent	sov	SV	APV	100	0	0.0
1_1_intran_V_form	01_1_1_intran_V_form	fig:heatmap-1-intran-v-form	1.1 Intransitive finite verb form	17_sov_ng_ac_b_pa	sov	ng	nom-acc	balancing	poss-acc	ovs	VS	PVA	100	0	0.0
1_1_intran_V_form	01_1_1_intran_V_form	fig:heatmap-1-intran-v-form	1.1 Intransitive finite verb form	18_sov_ng_ac_b_ep	sov	ng	nom-acc	balancing	erg-poss	vos	VS	AVP	100	0	0.0
1_1_intran_V_form	01_1_1_intran_V_form	fig:heatmap-1-intran-v-form	1.1 Intransitive finite verb form	19_sov_ng_ac_b_no	sov	ng	nom-acc	balancing	nomn	ovs	VS	PVA	100	0	0.0
1_1_intran_V_form	01_1_1_intran_V_form	fig:heatmap-1-intran-v-form	1.1 Intransitive finite verb form	20_sov_ng_ac_d_se	sov	ng	nom-acc	deranking	sent	sov	SV	APV	100	0	0.0
1_1_intran_V_form	01_1_1_intran_V_form	fig:heatmap-1-intran-v-form	1.1 Intransitive finite verb form	21_sov_ng_ac_d_pa	sov	ng	nom-acc	deranking	poss-acc	ovs	VS	PVA	100	0	0.0
1_1_intran_V_form	01_1_1_intran_V_form	fig:heatmap-1-intran-v-form	1.1 Intransitive finite verb form	22_sov_ng_ac_d_ep	sov	ng	nom-acc	deranking	erg-poss	vos	VS	AVP	100	0	0.0
1_1_intran_V_form	01_1_1_intran_V_form	fig:heatmap-1-intran-v-form	1.1 Intransitive finite verb form	23_sov_ng_ac_d_no	sov	ng	nom-acc	deranking	nomn	ovs	VS	PVA	100	0	0.0
1_1_intran_V_form	01_1_1_intran_V_form	fig:heatmap-1-intran-v-form	1.1 Intransitive finite verb form	24_sov_ng_er_b_se	sov	ng	erg-abs	balancing	sent	sov	SV	APV	100	0	0.0
1_1_intran_V_form	01_1_1_intran_V_form	fig:heatmap-1-intran-v-form	1.1 Intransitive finite verb form	25_sov_ng_er_b_pa	sov	ng	erg-abs	balancing	poss-acc	ovs	VS	PVA	100	0	0.0
1_1_intran_V_form	01_1_1_intran_V_form	fig:heatmap-1-intran-v-form	1.1 Intransitive finite verb form	26_sov_ng_er_b_ep	sov	ng	erg-abs	balancing	erg-poss	vos	VS	AVP	100	0	0.0
1_1_intran_V_form	01_1_1_intran_V_form	fig:heatmap-1-intran-v-form	1.1 Intransitive finite verb form	27_sov_ng_er_b_no	sov	ng	erg-abs	balancing	nomn	ovs	VS	PVA	100	0	0.0
1_1_intran_V_form	01_1_1_intran_V_form	fig:heatmap-1-intran-v-form	1.1 Intransitive finite verb form	28_sov_ng_er_d_se	sov	ng	erg-abs	deranking	sent	sov	SV	APV	100	0	0.0
1_1_intran_V_form	01_1_1_intran_V_form	fig:heatmap-1-intran-v-form	1.1 Intransitive finite verb form	29_sov_ng_er_d_pa	sov	ng	erg-abs	deranking	poss-acc	ovs	VS	PVA	100	0	0.0
1_1_intran_V_form	01_1_1_intran_V_form	fig:heatmap-1-intran-v-form	1.1 Intransitive finite verb form	30_sov_ng_er_d_ep	sov	ng	erg-abs	deranking	erg-poss	vos	VS	AVP	100	0	0.0
1_1_intran_V_form	01_1_1_intran_V_form	fig:heatmap-1-intran-v-form	1.1 Intransitive finite verb form	31_sov_ng_er_d_no	sov	ng	erg-abs	deranking	nomn	ovs	VS	PVA	100	0	0.0
1_1_intran_V_form	01_1_1_intran_V_form	fig:heatmap-1-intran-v-form	1.1 Intransitive finite verb form	32_svo_gn_ac_b_se	svo	gn	nom-acc	balancing	sent	svo	SV	AVP	100	0	0.0
1_1_intran_V_form	01_1_1_intran_V_form	fig:heatmap-1-intran-v-form	1.1 Intransitive finite verb form	33_svo_gn_ac_b_pa	svo	gn	nom-acc	balancing	poss-acc	svo	SV	AVP	100	0	0.0
1_1_intran_V_form	01_1_1_intran_V_form	fig:heatmap-1-intran-v-form	1.1 Intransitive finite verb form	34_svo_gn_ac_b_ep	svo	gn	nom-acc	balancing	erg-poss	sov	SV	PVA	100	0	0.0
1_1_intran_V_form	01_1_1_intran_V_form	fig:heatmap-1-intran-v-form	1.1 Intransitive finite verb form	35_svo_gn_ac_b_no	svo	gn	nom-acc	balancing	nomn	svo	SV	AVP	100	0	0.0
1_1_intran_V_form	01_1_1_intran_V_form	fig:heatmap-1-intran-v-form	1.1 Intransitive finite verb form	36_svo_gn_ac_d_se	svo	gn	nom-acc	deranking	sent	svo	SV	AVP	100	0	0.0
1_1_intran_V_form	01_1_1_intran_V_form	fig:heatmap-1-intran-v-form	1.1 Intransitive finite verb form	37_svo_gn_ac_d_pa	svo	gn	nom-acc	deranking	poss-acc	svo	SV	AVP	100	0	0.0
1_1_intran_V_form	01_1_1_intran_V_form	fig:heatmap-1-intran-v-form	1.1 Intransitive finite verb form	38_svo_gn_ac_d_ep	svo	gn	nom-acc	deranking	erg-poss	sov	SV	PVA	100	0	0.0
1_1_intran_V_form	01_1_1_intran_V_form	fig:heatmap-1-intran-v-form	1.1 Intransitive finite verb form	39_svo_gn_ac_d_no	svo	gn	nom-acc	deranking	nomn	svo	SV	AVP	100	0	0.0
1_1_intran_V_form	01_1_1_intran_V_form	fig:heatmap-1-intran-v-form	1.1 Intransitive finite verb form	40_svo_gn_er_b_se	svo	gn	erg-abs	balancing	sent	svo	SV	AVP	100	0	0.0
1_1_intran_V_form	01_1_1_intran_V_form	fig:heatmap-1-intran-v-form	1.1 Intransitive finite verb form	41_svo_gn_er_b_pa	svo	gn	erg-abs	balancing	poss-acc	svo	SV	AVP	100	0	0.0
1_1_intran_V_form	01_1_1_intran_V_form	fig:heatmap-1-intran-v-form	1.1 Intransitive finite verb form	42_svo_gn_er_b_ep	svo	gn	erg-abs	balancing	erg-poss	sov	SV	PVA	100	0	0.0
1_1_intran_V_form	01_1_1_intran_V_form	fig:heatmap-1-intran-v-form	1.1 Intransitive finite verb form	43_svo_gn_er_b_no	svo	gn	erg-abs	balancing	nomn	svo	SV	AVP	100	0	0.0
1_1_intran_V_form	01_1_1_intran_V_form	fig:heatmap-1-intran-v-form	1.1 Intransitive finite verb form	44_svo_gn_er_d_se	svo	gn	erg-abs	deranking	sent	svo	SV	AVP	100	0	0.0
1_1_intran_V_form	01_1_1_intran_V_form	fig:heatmap-1-intran-v-form	1.1 Intransitive finite verb form	45_svo_gn_er_d_pa	svo	gn	erg-abs	deranking	poss-acc	svo	SV	AVP	100	0	0.0
1_1_intran_V_form	01_1_1_intran_V_form	fig:heatmap-1-intran-v-form	1.1 Intransitive finite verb form	46_svo_gn_er_d_ep	svo	gn	erg-abs	deranking	erg-poss	sov	SV	PVA	100	0	0.0
1_1_intran_V_form	01_1_1_intran_V_form	fig:heatmap-1-intran-v-form	1.1 Intransitive finite verb form	47_svo_gn_er_d_no	svo	gn	erg-abs	deranking	nomn	svo	SV	AVP	100	0	0.0
1_1_intran_V_form	01_1_1_intran_V_form	fig:heatmap-1-intran-v-form	1.1 Intransitive finite verb form	48_svo_ng_ac_b_se	svo	ng	nom-acc	balancing	sent	svo	SV	AVP	100	0	0.0
1_1_intran_V_form	01_1_1_intran_V_form	fig:heatmap-1-intran-v-form	1.1 Intransitive finite verb form	49_svo_ng_ac_b_pa	svo	ng	nom-acc	balancing	poss-acc	vos	VS	VPA	100	0	0.0
1_1_intran_V_form	01_1_1_intran_V_form	fig:heatmap-1-intran-v-form	1.1 Intransitive finite verb form	50_svo_ng_ac_b_ep	svo	ng	nom-acc	balancing	erg-poss	vos	VS	VPA	100	0	0.0
1_1_intran_V_form	01_1_1_intran_V_form	fig:heatmap-1-intran-v-form	1.1 Intransitive finite verb form	51_svo_ng_ac_b_no	svo	ng	nom-acc	balancing	nomn	vos	VS	VPA	100	0	0.0
1_1_intran_V_form	01_1_1_intran_V_form	fig:heatmap-1-intran-v-form	1.1 Intransitive finite verb form	52_svo_ng_ac_d_se	svo	ng	nom-acc	deranking	sent	svo	SV	AVP	100	0	0.0
1_1_intran_V_form	01_1_1_intran_V_form	fig:heatmap-1-intran-v-form	1.1 Intransitive finite verb form	53_svo_ng_ac_d_pa	svo	ng	nom-acc	deranking	poss-acc	vos	VS	VPA	100	0	0.0
1_1_intran_V_form	01_1_1_intran_V_form	fig:heatmap-1-intran-v-form	1.1 Intransitive finite verb form	54_svo_ng_ac_d_ep	svo	ng	nom-acc	deranking	erg-poss	vos	VS	VPA	100	0	0.0
1_1_intran_V_form	01_1_1_intran_V_form	fig:heatmap-1-intran-v-form	1.1 Intransitive finite verb form	55_svo_ng_ac_d_no	svo	ng	nom-acc	deranking	nomn	vos	VS	VPA	100	0	0.0
1_1_intran_V_form	01_1_1_intran_V_form	fig:heatmap-1-intran-v-form	1.1 Intransitive finite verb form	56_svo_ng_er_b_se	svo	ng	erg-abs	balancing	sent	svo	SV	AVP	100	0	0.0
1_1_intran_V_form	01_1_1_intran_V_form	fig:heatmap-1-intran-v-form	1.1 Intransitive finite verb form	57_svo_ng_er_b_pa	svo	ng	erg-abs	balancing	poss-acc	vos	VS	VPA	100	0	0.0
1_1_intran_V_form	01_1_1_intran_V_form	fig:heatmap-1-intran-v-form	1.1 Intransitive finite verb form	58_svo_ng_er_b_ep	svo	ng	erg-abs	balancing	erg-poss	vos	VS	VPA	100	0	0.0
1_1_intran_V_form	01_1_1_intran_V_form	fig:heatmap-1-intran-v-form	1.1 Intransitive finite verb form	59_svo_ng_er_b_no	svo	ng	erg-abs	balancing	nomn	vos	VS	VPA	100	0	0.0
1_1_intran_V_form	01_1_1_intran_V_form	fig:heatmap-1-intran-v-form	1.1 Intransitive finite verb form	60_svo_ng_er_d_se	svo	ng	erg-abs	deranking	sent	svo	SV	AVP	100	0	0.0
1_1_intran_V_form	01_1_1_intran_V_form	fig:heatmap-1-intran-v-form	1.1 Intransitive finite verb form	61_svo_ng_er_d_pa	svo	ng	erg-abs	deranking	poss-acc	vos	VS	VPA	100	0	0.0
1_1_intran_V_form	01_1_1_intran_V_form	fig:heatmap-1-intran-v-form	1.1 Intransitive finite verb form	62_svo_ng_er_d_ep	svo	ng	erg-abs	deranking	erg-poss	vos	VS	VPA	100	0	0.0
1_1_intran_V_form	01_1_1_intran_V_form	fig:heatmap-1-intran-v-form	1.1 Intransitive finite verb form	63_svo_ng_er_d_no	svo	ng	erg-abs	deranking	nomn	vos	VS	VPA	100	0	0.0
1_1_intran_V_form	01_1_1_intran_V_form	fig:heatmap-1-intran-v-form	1.1 Intransitive finite verb form	64_vos_gn_ac_b_se	vos	gn	nom-acc	balancing	sent	vos	VS	VPA	100	0	0.0
1_1_intran_V_form	01_1_1_intran_V_form	fig:heatmap-1-intran-v-form	1.1 Intransitive finite verb form	65_vos_gn_ac_b_pa	vos	gn	nom-acc	balancing	poss-acc	svo	SV	AVP	100	0	0.0
1_1_intran_V_form	01_1_1_intran_V_form	fig:heatmap-1-intran-v-form	1.1 Intransitive finite verb form	66_vos_gn_ac_b_ep	vos	gn	nom-acc	balancing	erg-poss	sov	SV	PVA	100	0	0.0
1_1_intran_V_form	01_1_1_intran_V_form	fig:heatmap-1-intran-v-form	1.1 Intransitive finite verb form	67_vos_gn_ac_b_no	vos	gn	nom-acc	balancing	nomn	svo	SV	AVP	100	0	0.0
1_1_intran_V_form	01_1_1_intran_V_form	fig:heatmap-1-intran-v-form	1.1 Intransitive finite verb form	68_vos_gn_ac_d_se	vos	gn	nom-acc	deranking	sent	vos	VS	VPA	100	0	0.0
1_1_intran_V_form	01_1_1_intran_V_form	fig:heatmap-1-intran-v-form	1.1 Intransitive finite verb form	69_vos_gn_ac_d_pa	vos	gn	nom-acc	deranking	poss-acc	svo	SV	AVP	100	0	0.0
1_1_intran_V_form	01_1_1_intran_V_form	fig:heatmap-1-intran-v-form	1.1 Intransitive finite verb form	70_vos_gn_ac_d_ep	vos	gn	nom-acc	deranking	erg-poss	sov	SV	PVA	100	0	0.0
1_1_intran_V_form	01_1_1_intran_V_form	fig:heatmap-1-intran-v-form	1.1 Intransitive finite verb form	71_vos_gn_ac_d_no	vos	gn	nom-acc	deranking	nomn	svo	SV	AVP	100	0	0.0
1_1_intran_V_form	01_1_1_intran_V_form	fig:heatmap-1-intran-v-form	1.1 Intransitive finite verb form	72_vos_gn_er_b_se	vos	gn	erg-abs	balancing	sent	vos	VS	VPA	100	0	0.0
1_1_intran_V_form	01_1_1_intran_V_form	fig:heatmap-1-intran-v-form	1.1 Intransitive finite verb form	73_vos_gn_er_b_pa	vos	gn	erg-abs	balancing	poss-acc	svo	SV	AVP	100	0	0.0
1_1_intran_V_form	01_1_1_intran_V_form	fig:heatmap-1-intran-v-form	1.1 Intransitive finite verb form	74_vos_gn_er_b_ep	vos	gn	erg-abs	balancing	erg-poss	sov	SV	PVA	100	0	0.0
1_1_intran_V_form	01_1_1_intran_V_form	fig:heatmap-1-intran-v-form	1.1 Intransitive finite verb form	75_vos_gn_er_b_no	vos	gn	erg-abs	balancing	nomn	svo	SV	AVP	100	0	0.0
1_1_intran_V_form	01_1_1_intran_V_form	fig:heatmap-1-intran-v-form	1.1 Intransitive finite verb form	76_vos_gn_er_d_se	vos	gn	erg-abs	deranking	sent	vos	VS	VPA	100	0	0.0
1_1_intran_V_form	01_1_1_intran_V_form	fig:heatmap-1-intran-v-form	1.1 Intransitive finite verb form	77_vos_gn_er_d_pa	vos	gn	erg-abs	deranking	poss-acc	svo	SV	AVP	100	0	0.0
1_1_intran_V_form	01_1_1_intran_V_form	fig:heatmap-1-intran-v-form	1.1 Intransitive finite verb form	78_vos_gn_er_d_ep	vos	gn	erg-abs	deranking	erg-poss	sov	SV	PVA	100	0	0.0
1_1_intran_V_form	01_1_1_intran_V_form	fig:heatmap-1-intran-v-form	1.1 Intransitive finite verb form	79_vos_gn_er_d_no	vos	gn	erg-abs	deranking	nomn	svo	SV	AVP	100	0	0.0
1_1_intran_V_form	01_1_1_intran_V_form	fig:heatmap-1-intran-v-form	1.1 Intransitive finite verb form	80_vos_ng_ac_b_se	vos	ng	nom-acc	balancing	sent	vos	VS	VPA	100	0	0.0
1_1_intran_V_form	01_1_1_intran_V_form	fig:heatmap-1-intran-v-form	1.1 Intransitive finite verb form	81_vos_ng_ac_b_pa	vos	ng	nom-acc	balancing	poss-acc	vos	VS	VPA	100	0	0.0
1_1_intran_V_form	01_1_1_intran_V_form	fig:heatmap-1-intran-v-form	1.1 Intransitive finite verb form	82_vos_ng_ac_b_ep	vos	ng	nom-acc	balancing	erg-poss	vos	VS	VPA	100	0	0.0
1_1_intran_V_form	01_1_1_intran_V_form	fig:heatmap-1-intran-v-form	1.1 Intransitive finite verb form	83_vos_ng_ac_b_no	vos	ng	nom-acc	balancing	nomn	vos	VS	VPA	100	0	0.0
1_1_intran_V_form	01_1_1_intran_V_form	fig:heatmap-1-intran-v-form	1.1 Intransitive finite verb form	84_vos_ng_ac_d_se	vos	ng	nom-acc	deranking	sent	vos	VS	VPA	100	0	0.0
1_1_intran_V_form	01_1_1_intran_V_form	fig:heatmap-1-intran-v-form	1.1 Intransitive finite verb form	85_vos_ng_ac_d_pa	vos	ng	nom-acc	deranking	poss-acc	vos	VS	VPA	100	0	0.0
1_1_intran_V_form	01_1_1_intran_V_form	fig:heatmap-1-intran-v-form	1.1 Intransitive finite verb form	86_vos_ng_ac_d_ep	vos	ng	nom-acc	deranking	erg-poss	vos	VS	VPA	100	0	0.0
1_1_intran_V_form	01_1_1_intran_V_form	fig:heatmap-1-intran-v-form	1.1 Intransitive finite verb form	87_vos_ng_ac_d_no	vos	ng	nom-acc	deranking	nomn	vos	VS	VPA	100	0	0.0
1_1_intran_V_form	01_1_1_intran_V_form	fig:heatmap-1-intran-v-form	1.1 Intransitive finite verb form	88_vos_ng_er_b_se	vos	ng	erg-abs	balancing	sent	vos	VS	VPA	100	0	0.0
1_1_intran_V_form	01_1_1_intran_V_form	fig:heatmap-1-intran-v-form	1.1 Intransitive finite verb form	89_vos_ng_er_b_pa	vos	ng	erg-abs	balancing	poss-acc	vos	VS	VPA	100	0	0.0
1_1_intran_V_form	01_1_1_intran_V_form	fig:heatmap-1-intran-v-form	1.1 Intransitive finite verb form	90_vos_ng_er_b_ep	vos	ng	erg-abs	balancing	erg-poss	vos	VS	VPA	100	0	0.0
1_1_intran_V_form	01_1_1_intran_V_form	fig:heatmap-1-intran-v-form	1.1 Intransitive finite verb form	91_vos_ng_er_b_no	vos	ng	erg-abs	balancing	nomn	vos	VS	VPA	100	0	0.0
1_1_intran_V_form	01_1_1_intran_V_form	fig:heatmap-1-intran-v-form	1.1 Intransitive finite verb form	92_vos_ng_er_d_se	vos	ng	erg-abs	deranking	sent	vos	VS	VPA	100	0	0.0
1_1_intran_V_form	01_1_1_intran_V_form	fig:heatmap-1-intran-v-form	1.1 Intransitive finite verb form	93_vos_ng_er_d_pa	vos	ng	erg-abs	deranking	poss-acc	vos	VS	VPA	100	0	0.0
1_1_intran_V_form	01_1_1_intran_V_form	fig:heatmap-1-intran-v-form	1.1 Intransitive finite verb form	94_vos_ng_er_d_ep	vos	ng	erg-abs	deranking	erg-poss	vos	VS	VPA	100	0	0.0
1_1_intran_V_form	01_1_1_intran_V_form	fig:heatmap-1-intran-v-form	1.1 Intransitive finite verb form	95_vos_ng_er_d_no	vos	ng	erg-abs	deranking	nomn	vos	VS	VPA	100	0	0.0
1_2_intran_S_marker	02_1_2_intran_S_marker	fig:heatmap-2-intran-s-marker	1.2 Intransitive S marker	00_sov_gn_ac_b_se	sov	gn	nom-acc	balancing	sent	sov	SV	APV	100	4	0.04
1_2_intran_S_marker	02_1_2_intran_S_marker	fig:heatmap-2-intran-s-marker	1.2 Intransitive S marker	01_sov_gn_ac_b_pa	sov	gn	nom-acc	balancing	poss-acc	sov	SV	APV	100	4	0.04
1_2_intran_S_marker	02_1_2_intran_S_marker	fig:heatmap-2-intran-s-marker	1.2 Intransitive S marker	02_sov_gn_ac_b_ep	sov	gn	nom-acc	balancing	erg-poss	sov	SV	APV	100	4	0.04
1_2_intran_S_marker	02_1_2_intran_S_marker	fig:heatmap-2-intran-s-marker	1.2 Intransitive S marker	03_sov_gn_ac_b_no	sov	gn	nom-acc	balancing	nomn	sov	SV	APV	100	4	0.04
1_2_intran_S_marker	02_1_2_intran_S_marker	fig:heatmap-2-intran-s-marker	1.2 Intransitive S marker	04_sov_gn_ac_d_se	sov	gn	nom-acc	deranking	sent	sov	SV	APV	100	4	0.04
1_2_intran_S_marker	02_1_2_intran_S_marker	fig:heatmap-2-intran-s-marker	1.2 Intransitive S marker	05_sov_gn_ac_d_pa	sov	gn	nom-acc	deranking	poss-acc	sov	SV	APV	100	4	0.04
1_2_intran_S_marker	02_1_2_intran_S_marker	fig:heatmap-2-intran-s-marker	1.2 Intransitive S marker	06_sov_gn_ac_d_ep	sov	gn	nom-acc	deranking	erg-poss	sov	SV	APV	100	4	0.04
1_2_intran_S_marker	02_1_2_intran_S_marker	fig:heatmap-2-intran-s-marker	1.2 Intransitive S marker	07_sov_gn_ac_d_no	sov	gn	nom-acc	deranking	nomn	sov	SV	APV	100	4	0.04
1_2_intran_S_marker	02_1_2_intran_S_marker	fig:heatmap-2-intran-s-marker	1.2 Intransitive S marker	08_sov_gn_er_b_se	sov	gn	erg-abs	balancing	sent	sov	SV	APV	100	3	0.03
1_2_intran_S_marker	02_1_2_intran_S_marker	fig:heatmap-2-intran-s-marker	1.2 Intransitive S marker	09_sov_gn_er_b_pa	sov	gn	erg-abs	balancing	poss-acc	sov	SV	APV	100	3	0.03
1_2_intran_S_marker	02_1_2_intran_S_marker	fig:heatmap-2-intran-s-marker	1.2 Intransitive S marker	10_sov_gn_er_b_ep	sov	gn	erg-abs	balancing	erg-poss	sov	SV	APV	100	3	0.03
1_2_intran_S_marker	02_1_2_intran_S_marker	fig:heatmap-2-intran-s-marker	1.2 Intransitive S marker	11_sov_gn_er_b_no	sov	gn	erg-abs	balancing	nomn	sov	SV	APV	100	3	0.03
1_2_intran_S_marker	02_1_2_intran_S_marker	fig:heatmap-2-intran-s-marker	1.2 Intransitive S marker	12_sov_gn_er_d_se	sov	gn	erg-abs	deranking	sent	sov	SV	APV	100	3	0.03
1_2_intran_S_marker	02_1_2_intran_S_marker	fig:heatmap-2-intran-s-marker	1.2 Intransitive S marker	13_sov_gn_er_d_pa	sov	gn	erg-abs	deranking	poss-acc	sov	SV	APV	100	3	0.03
1_2_intran_S_marker	02_1_2_intran_S_marker	fig:heatmap-2-intran-s-marker	1.2 Intransitive S marker	14_sov_gn_er_d_ep	sov	gn	erg-abs	deranking	erg-poss	sov	SV	APV	100	3	0.03
1_2_intran_S_marker	02_1_2_intran_S_marker	fig:heatmap-2-intran-s-marker	1.2 Intransitive S marker	15_sov_gn_er_d_no	sov	gn	erg-abs	deranking	nomn	sov	SV	APV	100	3	0.03
1_2_intran_S_marker	02_1_2_intran_S_marker	fig:heatmap-2-intran-s-marker	1.2 Intransitive S marker	16_sov_ng_ac_b_se	sov	ng	nom-acc	balancing	sent	sov	SV	APV	100	3	0.03
1_2_intran_S_marker	02_1_2_intran_S_marker	fig:heatmap-2-intran-s-marker	1.2 Intransitive S marker	17_sov_ng_ac_b_pa	sov	ng	nom-acc	balancing	poss-acc	ovs	VS	PVA	100	3	0.03
1_2_intran_S_marker	02_1_2_intran_S_marker	fig:heatmap-2-intran-s-marker	1.2 Intransitive S marker	18_sov_ng_ac_b_ep	sov	ng	nom-acc	balancing	erg-poss	vos	VS	AVP	100	3	0.03
1_2_intran_S_marker	02_1_2_intran_S_marker	fig:heatmap-2-intran-s-marker	1.2 Intransitive S marker	19_sov_ng_ac_b_no	sov	ng	nom-acc	balancing	nomn	ovs	VS	PVA	100	3	0.03
1_2_intran_S_marker	02_1_2_intran_S_marker	fig:heatmap-2-intran-s-marker	1.2 Intransitive S marker	20_sov_ng_ac_d_se	sov	ng	nom-acc	deranking	sent	sov	SV	APV	100	3	0.03
1_2_intran_S_marker	02_1_2_intran_S_marker	fig:heatmap-2-intran-s-marker	1.2 Intransitive S marker	21_sov_ng_ac_d_pa	sov	ng	nom-acc	deranking	poss-acc	ovs	VS	PVA	100	3	0.03
1_2_intran_S_marker	02_1_2_intran_S_marker	fig:heatmap-2-intran-s-marker	1.2 Intransitive S marker	22_sov_ng_ac_d_ep	sov	ng	nom-acc	deranking	erg-poss	vos	VS	AVP	100	3	0.03
1_2_intran_S_marker	02_1_2_intran_S_marker	fig:heatmap-2-intran-s-marker	1.2 Intransitive S marker	23_sov_ng_ac_d_no	sov	ng	nom-acc	deranking	nomn	ovs	VS	PVA	100	3	0.03
1_2_intran_S_marker	02_1_2_intran_S_marker	fig:heatmap-2-intran-s-marker	1.2 Intransitive S marker	24_sov_ng_er_b_se	sov	ng	erg-abs	balancing	sent	sov	SV	APV	100	4	0.04
1_2_intran_S_marker	02_1_2_intran_S_marker	fig:heatmap-2-intran-s-marker	1.2 Intransitive S marker	25_sov_ng_er_b_pa	sov	ng	erg-abs	balancing	poss-acc	ovs	VS	PVA	100	4	0.04
1_2_intran_S_marker	02_1_2_intran_S_marker	fig:heatmap-2-intran-s-marker	1.2 Intransitive S marker	26_sov_ng_er_b_ep	sov	ng	erg-abs	balancing	erg-poss	vos	VS	AVP	100	4	0.04
1_2_intran_S_marker	02_1_2_intran_S_marker	fig:heatmap-2-intran-s-marker	1.2 Intransitive S marker	27_sov_ng_er_b_no	sov	ng	erg-abs	balancing	nomn	ovs	VS	PVA	100	4	0.04
1_2_intran_S_marker	02_1_2_intran_S_marker	fig:heatmap-2-intran-s-marker	1.2 Intransitive S marker	28_sov_ng_er_d_se	sov	ng	erg-abs	deranking	sent	sov	SV	APV	100	4	0.04
1_2_intran_S_marker	02_1_2_intran_S_marker	fig:heatmap-2-intran-s-marker	1.2 Intransitive S marker	29_sov_ng_er_d_pa	sov	ng	erg-abs	deranking	poss-acc	ovs	VS	PVA	100	4	0.04
1_2_intran_S_marker	02_1_2_intran_S_marker	fig:heatmap-2-intran-s-marker	1.2 Intransitive S marker	30_sov_ng_er_d_ep	sov	ng	erg-abs	deranking	erg-poss	vos	VS	AVP	100	4	0.04
1_2_intran_S_marker	02_1_2_intran_S_marker	fig:heatmap-2-intran-s-marker	1.2 Intransitive S marker	31_sov_ng_er_d_no	sov	ng	erg-abs	deranking	nomn	ovs	VS	PVA	100	4	0.04
1_2_intran_S_marker	02_1_2_intran_S_marker	fig:heatmap-2-intran-s-marker	1.2 Intransitive S marker	32_svo_gn_ac_b_se	svo	gn	nom-acc	balancing	sent	svo	SV	AVP	100	3	0.03
1_2_intran_S_marker	02_1_2_intran_S_marker	fig:heatmap-2-intran-s-marker	1.2 Intransitive S marker	33_svo_gn_ac_b_pa	svo	gn	nom-acc	balancing	poss-acc	svo	SV	AVP	100	3	0.03
1_2_intran_S_marker	02_1_2_intran_S_marker	fig:heatmap-2-intran-s-marker	1.2 Intransitive S marker	34_svo_gn_ac_b_ep	svo	gn	nom-acc	balancing	erg-poss	sov	SV	PVA	100	3	0.03
1_2_intran_S_marker	02_1_2_intran_S_marker	fig:heatmap-2-intran-s-marker	1.2 Intransitive S marker	35_svo_gn_ac_b_no	svo	gn	nom-acc	balancing	nomn	svo	SV	AVP	100	3	0.03
1_2_intran_S_marker	02_1_2_intran_S_marker	fig:heatmap-2-intran-s-marker	1.2 Intransitive S marker	36_svo_gn_ac_d_se	svo	gn	nom-acc	deranking	sent	svo	SV	AVP	100	3	0.03
1_2_intran_S_marker	02_1_2_intran_S_marker	fig:heatmap-2-intran-s-marker	1.2 Intransitive S marker	37_svo_gn_ac_d_pa	svo	gn	nom-acc	deranking	poss-acc	svo	SV	AVP	100	3	0.03
1_2_intran_S_marker	02_1_2_intran_S_marker	fig:heatmap-2-intran-s-marker	1.2 Intransitive S marker	38_svo_gn_ac_d_ep	svo	gn	nom-acc	deranking	erg-poss	sov	SV	PVA	100	3	0.03
1_2_intran_S_marker	02_1_2_intran_S_marker	fig:heatmap-2-intran-s-marker	1.2 Intransitive S marker	39_svo_gn_ac_d_no	svo	gn	nom-acc	deranking	nomn	svo	SV	AVP	100	3	0.03
1_2_intran_S_marker	02_1_2_intran_S_marker	fig:heatmap-2-intran-s-marker	1.2 Intransitive S marker	40_svo_gn_er_b_se	svo	gn	erg-abs	balancing	sent	svo	SV	AVP	100	3	0.03
1_2_intran_S_marker	02_1_2_intran_S_marker	fig:heatmap-2-intran-s-marker	1.2 Intransitive S marker	41_svo_gn_er_b_pa	svo	gn	erg-abs	balancing	poss-acc	svo	SV	AVP	100	3	0.03
1_2_intran_S_marker	02_1_2_intran_S_marker	fig:heatmap-2-intran-s-marker	1.2 Intransitive S marker	42_svo_gn_er_b_ep	svo	gn	erg-abs	balancing	erg-poss	sov	SV	PVA	100	3	0.03
1_2_intran_S_marker	02_1_2_intran_S_marker	fig:heatmap-2-intran-s-marker	1.2 Intransitive S marker	43_svo_gn_er_b_no	svo	gn	erg-abs	balancing	nomn	svo	SV	AVP	100	3	0.03
1_2_intran_S_marker	02_1_2_intran_S_marker	fig:heatmap-2-intran-s-marker	1.2 Intransitive S marker	44_svo_gn_er_d_se	svo	gn	erg-abs	deranking	sent	svo	SV	AVP	100	3	0.03
1_2_intran_S_marker	02_1_2_intran_S_marker	fig:heatmap-2-intran-s-marker	1.2 Intransitive S marker	45_svo_gn_er_d_pa	svo	gn	erg-abs	deranking	poss-acc	svo	SV	AVP	100	3	0.03
1_2_intran_S_marker	02_1_2_intran_S_marker	fig:heatmap-2-intran-s-marker	1.2 Intransitive S marker	46_svo_gn_er_d_ep	svo	gn	erg-abs	deranking	erg-poss	sov	SV	PVA	100	3	0.03
1_2_intran_S_marker	02_1_2_intran_S_marker	fig:heatmap-2-intran-s-marker	1.2 Intransitive S marker	47_svo_gn_er_d_no	svo	gn	erg-abs	deranking	nomn	svo	SV	AVP	100	3	0.03
1_2_intran_S_marker	02_1_2_intran_S_marker	fig:heatmap-2-intran-s-marker	1.2 Intransitive S marker	48_svo_ng_ac_b_se	svo	ng	nom-acc	balancing	sent	svo	SV	AVP	100	3	0.03
1_2_intran_S_marker	02_1_2_intran_S_marker	fig:heatmap-2-intran-s-marker	1.2 Intransitive S marker	49_svo_ng_ac_b_pa	svo	ng	nom-acc	balancing	poss-acc	vos	VS	VPA	100	3	0.03
1_2_intran_S_marker	02_1_2_intran_S_marker	fig:heatmap-2-intran-s-marker	1.2 Intransitive S marker	50_svo_ng_ac_b_ep	svo	ng	nom-acc	balancing	erg-poss	vos	VS	VPA	100	3	0.03
1_2_intran_S_marker	02_1_2_intran_S_marker	fig:heatmap-2-intran-s-marker	1.2 Intransitive S marker	51_svo_ng_ac_b_no	svo	ng	nom-acc	balancing	nomn	vos	VS	VPA	100	3	0.03
1_2_intran_S_marker	02_1_2_intran_S_marker	fig:heatmap-2-intran-s-marker	1.2 Intransitive S marker	52_svo_ng_ac_d_se	svo	ng	nom-acc	deranking	sent	svo	SV	AVP	100	3	0.03
1_2_intran_S_marker	02_1_2_intran_S_marker	fig:heatmap-2-intran-s-marker	1.2 Intransitive S marker	53_svo_ng_ac_d_pa	svo	ng	nom-acc	deranking	poss-acc	vos	VS	VPA	100	3	0.03
1_2_intran_S_marker	02_1_2_intran_S_marker	fig:heatmap-2-intran-s-marker	1.2 Intransitive S marker	54_svo_ng_ac_d_ep	svo	ng	nom-acc	deranking	erg-poss	vos	VS	VPA	100	3	0.03
1_2_intran_S_marker	02_1_2_intran_S_marker	fig:heatmap-2-intran-s-marker	1.2 Intransitive S marker	55_svo_ng_ac_d_no	svo	ng	nom-acc	deranking	nomn	vos	VS	VPA	100	3	0.03
1_2_intran_S_marker	02_1_2_intran_S_marker	fig:heatmap-2-intran-s-marker	1.2 Intransitive S marker	56_svo_ng_er_b_se	svo	ng	erg-abs	balancing	sent	svo	SV	AVP	100	3	0.03
1_2_intran_S_marker	02_1_2_intran_S_marker	fig:heatmap-2-intran-s-marker	1.2 Intransitive S marker	57_svo_ng_er_b_pa	svo	ng	erg-abs	balancing	poss-acc	vos	VS	VPA	100	3	0.03
1_2_intran_S_marker	02_1_2_intran_S_marker	fig:heatmap-2-intran-s-marker	1.2 Intransitive S marker	58_svo_ng_er_b_ep	svo	ng	erg-abs	balancing	erg-poss	vos	VS	VPA	100	3	0.03
1_2_intran_S_marker	02_1_2_intran_S_marker	fig:heatmap-2-intran-s-marker	1.2 Intransitive S marker	59_svo_ng_er_b_no	svo	ng	erg-abs	balancing	nomn	vos	VS	VPA	100	3	0.03
1_2_intran_S_marker	02_1_2_intran_S_marker	fig:heatmap-2-intran-s-marker	1.2 Intransitive S marker	60_svo_ng_er_d_se	svo	ng	erg-abs	deranking	sent	svo	SV	AVP	100	3	0.03
1_2_intran_S_marker	02_1_2_intran_S_marker	fig:heatmap-2-intran-s-marker	1.2 Intransitive S marker	61_svo_ng_er_d_pa	svo	ng	erg-abs	deranking	poss-acc	vos	VS	VPA	100	3	0.03
1_2_intran_S_marker	02_1_2_intran_S_marker	fig:heatmap-2-intran-s-marker	1.2 Intransitive S marker	62_svo_ng_er_d_ep	svo	ng	erg-abs	deranking	erg-poss	vos	VS	VPA	100	3	0.03
1_2_intran_S_marker	02_1_2_intran_S_marker	fig:heatmap-2-intran-s-marker	1.2 Intransitive S marker	63_svo_ng_er_d_no	svo	ng	erg-abs	deranking	nomn	vos	VS	VPA	100	3	0.03
1_2_intran_S_marker	02_1_2_intran_S_marker	fig:heatmap-2-intran-s-marker	1.2 Intransitive S marker	64_vos_gn_ac_b_se	vos	gn	nom-acc	balancing	sent	vos	VS	VPA	100	3	0.03
1_2_intran_S_marker	02_1_2_intran_S_marker	fig:heatmap-2-intran-s-marker	1.2 Intransitive S marker	65_vos_gn_ac_b_pa	vos	gn	nom-acc	balancing	poss-acc	svo	SV	AVP	100	3	0.03
1_2_intran_S_marker	02_1_2_intran_S_marker	fig:heatmap-2-intran-s-marker	1.2 Intransitive S marker	66_vos_gn_ac_b_ep	vos	gn	nom-acc	balancing	erg-poss	sov	SV	PVA	100	3	0.03
1_2_intran_S_marker	02_1_2_intran_S_marker	fig:heatmap-2-intran-s-marker	1.2 Intransitive S marker	67_vos_gn_ac_b_no	vos	gn	nom-acc	balancing	nomn	svo	SV	AVP	100	3	0.03
1_2_intran_S_marker	02_1_2_intran_S_marker	fig:heatmap-2-intran-s-marker	1.2 Intransitive S marker	68_vos_gn_ac_d_se	vos	gn	nom-acc	deranking	sent	vos	VS	VPA	100	3	0.03
1_2_intran_S_marker	02_1_2_intran_S_marker	fig:heatmap-2-intran-s-marker	1.2 Intransitive S marker	69_vos_gn_ac_d_pa	vos	gn	nom-acc	deranking	poss-acc	svo	SV	AVP	100	3	0.03
1_2_intran_S_marker	02_1_2_intran_S_marker	fig:heatmap-2-intran-s-marker	1.2 Intransitive S marker	70_vos_gn_ac_d_ep	vos	gn	nom-acc	deranking	erg-poss	sov	SV	PVA	100	3	0.03
1_2_intran_S_marker	02_1_2_intran_S_marker	fig:heatmap-2-intran-s-marker	1.2 Intransitive S marker	71_vos_gn_ac_d_no	vos	gn	nom-acc	deranking	nomn	svo	SV	AVP	100	3	0.03
1_2_intran_S_marker	02_1_2_intran_S_marker	fig:heatmap-2-intran-s-marker	1.2 Intransitive S marker	72_vos_gn_er_b_se	vos	gn	erg-abs	balancing	sent	vos	VS	VPA	100	4	0.04
1_2_intran_S_marker	02_1_2_intran_S_marker	fig:heatmap-2-intran-s-marker	1.2 Intransitive S marker	73_vos_gn_er_b_pa	vos	gn	erg-abs	balancing	poss-acc	svo	SV	AVP	100	4	0.04
1_2_intran_S_marker	02_1_2_intran_S_marker	fig:heatmap-2-intran-s-marker	1.2 Intransitive S marker	74_vos_gn_er_b_ep	vos	gn	erg-abs	balancing	erg-poss	sov	SV	PVA	100	4	0.04
1_2_intran_S_marker	02_1_2_intran_S_marker	fig:heatmap-2-intran-s-marker	1.2 Intransitive S marker	75_vos_gn_er_b_no	vos	gn	erg-abs	balancing	nomn	svo	SV	AVP	100	4	0.04
1_2_intran_S_marker	02_1_2_intran_S_marker	fig:heatmap-2-intran-s-marker	1.2 Intransitive S marker	76_vos_gn_er_d_se	vos	gn	erg-abs	deranking	sent	vos	VS	VPA	100	4	0.04
1_2_intran_S_marker	02_1_2_intran_S_marker	fig:heatmap-2-intran-s-marker	1.2 Intransitive S marker	77_vos_gn_er_d_pa	vos	gn	erg-abs	deranking	poss-acc	svo	SV	AVP	100	4	0.04
1_2_intran_S_marker	02_1_2_intran_S_marker	fig:heatmap-2-intran-s-marker	1.2 Intransitive S marker	78_vos_gn_er_d_ep	vos	gn	erg-abs	deranking	erg-poss	sov	SV	PVA	100	4	0.04
1_2_intran_S_marker	02_1_2_intran_S_marker	fig:heatmap-2-intran-s-marker	1.2 Intransitive S marker	79_vos_gn_er_d_no	vos	gn	erg-abs	deranking	nomn	svo	SV	AVP	100	4	0.04
1_2_intran_S_marker	02_1_2_intran_S_marker	fig:heatmap-2-intran-s-marker	1.2 Intransitive S marker	80_vos_ng_ac_b_se	vos	ng	nom-acc	balancing	sent	vos	VS	VPA	100	4	0.04
1_2_intran_S_marker	02_1_2_intran_S_marker	fig:heatmap-2-intran-s-marker	1.2 Intransitive S marker	81_vos_ng_ac_b_pa	vos	ng	nom-acc	balancing	poss-acc	vos	VS	VPA	100	4	0.04
1_2_intran_S_marker	02_1_2_intran_S_marker	fig:heatmap-2-intran-s-marker	1.2 Intransitive S marker	82_vos_ng_ac_b_ep	vos	ng	nom-acc	balancing	erg-poss	vos	VS	VPA	100	4	0.04
1_2_intran_S_marker	02_1_2_intran_S_marker	fig:heatmap-2-intran-s-marker	1.2 Intransitive S marker	83_vos_ng_ac_b_no	vos	ng	nom-acc	balancing	nomn	vos	VS	VPA	100	4	0.04
1_2_intran_S_marker	02_1_2_intran_S_marker	fig:heatmap-2-intran-s-marker	1.2 Intransitive S marker	84_vos_ng_ac_d_se	vos	ng	nom-acc	deranking	sent	vos	VS	VPA	100	4	0.04
1_2_intran_S_marker	02_1_2_intran_S_marker	fig:heatmap-2-intran-s-marker	1.2 Intransitive S marker	85_vos_ng_ac_d_pa	vos	ng	nom-acc	deranking	poss-acc	vos	VS	VPA	100	4	0.04
1_2_intran_S_marker	02_1_2_intran_S_marker	fig:heatmap-2-intran-s-marker	1.2 Intransitive S marker	86_vos_ng_ac_d_ep	vos	ng	nom-acc	deranking	erg-poss	vos	VS	VPA	100	4	0.04
1_2_intran_S_marker	02_1_2_intran_S_marker	fig:heatmap-2-intran-s-marker	1.2 Intransitive S marker	87_vos_ng_ac_d_no	vos	ng	nom-acc	deranking	nomn	vos	VS	VPA	100	4	0.04
1_2_intran_S_marker	02_1_2_intran_S_marker	fig:heatmap-2-intran-s-marker	1.2 Intransitive S marker	88_vos_ng_er_b_se	vos	ng	erg-abs	balancing	sent	vos	VS	VPA	100	3	0.03
1_2_intran_S_marker	02_1_2_intran_S_marker	fig:heatmap-2-intran-s-marker	1.2 Intransitive S marker	89_vos_ng_er_b_pa	vos	ng	erg-abs	balancing	poss-acc	vos	VS	VPA	100	3	0.03
1_2_intran_S_marker	02_1_2_intran_S_marker	fig:heatmap-2-intran-s-marker	1.2 Intransitive S marker	90_vos_ng_er_b_ep	vos	ng	erg-abs	balancing	erg-poss	vos	VS	VPA	100	3	0.03
1_2_intran_S_marker	02_1_2_intran_S_marker	fig:heatmap-2-intran-s-marker	1.2 Intransitive S marker	91_vos_ng_er_b_no	vos	ng	erg-abs	balancing	nomn	vos	VS	VPA	100	3	0.03
1_2_intran_S_marker	02_1_2_intran_S_marker	fig:heatmap-2-intran-s-marker	1.2 Intransitive S marker	92_vos_ng_er_d_se	vos	ng	erg-abs	deranking	sent	vos	VS	VPA	100	3	0.03
1_2_intran_S_marker	02_1_2_intran_S_marker	fig:heatmap-2-intran-s-marker	1.2 Intransitive S marker	93_vos_ng_er_d_pa	vos	ng	erg-abs	deranking	poss-acc	vos	VS	VPA	100	3	0.03
1_2_intran_S_marker	02_1_2_intran_S_marker	fig:heatmap-2-intran-s-marker	1.2 Intransitive S marker	94_vos_ng_er_d_ep	vos	ng	erg-abs	deranking	erg-poss	vos	VS	VPA	100	3	0.03
1_2_intran_S_marker	02_1_2_intran_S_marker	fig:heatmap-2-intran-s-marker	1.2 Intransitive S marker	95_vos_ng_er_d_no	vos	ng	erg-abs	deranking	nomn	vos	VS	VPA	100	3	0.03
1_3_intran_SV_order	03_1_3_intran_SV_order	fig:heatmap-3-intran-sv-order	1.3 Intransitive S--V order	00_sov_gn_ac_b_se	sov	gn	nom-acc	balancing	sent	sov	SV	APV	100	0	0.0
1_3_intran_SV_order	03_1_3_intran_SV_order	fig:heatmap-3-intran-sv-order	1.3 Intransitive S--V order	01_sov_gn_ac_b_pa	sov	gn	nom-acc	balancing	poss-acc	sov	SV	APV	100	0	0.0
1_3_intran_SV_order	03_1_3_intran_SV_order	fig:heatmap-3-intran-sv-order	1.3 Intransitive S--V order	02_sov_gn_ac_b_ep	sov	gn	nom-acc	balancing	erg-poss	sov	SV	APV	100	0	0.0
1_3_intran_SV_order	03_1_3_intran_SV_order	fig:heatmap-3-intran-sv-order	1.3 Intransitive S--V order	03_sov_gn_ac_b_no	sov	gn	nom-acc	balancing	nomn	sov	SV	APV	100	0	0.0
1_3_intran_SV_order	03_1_3_intran_SV_order	fig:heatmap-3-intran-sv-order	1.3 Intransitive S--V order	04_sov_gn_ac_d_se	sov	gn	nom-acc	deranking	sent	sov	SV	APV	100	0	0.0
1_3_intran_SV_order	03_1_3_intran_SV_order	fig:heatmap-3-intran-sv-order	1.3 Intransitive S--V order	05_sov_gn_ac_d_pa	sov	gn	nom-acc	deranking	poss-acc	sov	SV	APV	100	0	0.0
1_3_intran_SV_order	03_1_3_intran_SV_order	fig:heatmap-3-intran-sv-order	1.3 Intransitive S--V order	06_sov_gn_ac_d_ep	sov	gn	nom-acc	deranking	erg-poss	sov	SV	APV	100	0	0.0
1_3_intran_SV_order	03_1_3_intran_SV_order	fig:heatmap-3-intran-sv-order	1.3 Intransitive S--V order	07_sov_gn_ac_d_no	sov	gn	nom-acc	deranking	nomn	sov	SV	APV	100	0	0.0
1_3_intran_SV_order	03_1_3_intran_SV_order	fig:heatmap-3-intran-sv-order	1.3 Intransitive S--V order	08_sov_gn_er_b_se	sov	gn	erg-abs	balancing	sent	sov	SV	APV	100	0	0.0
1_3_intran_SV_order	03_1_3_intran_SV_order	fig:heatmap-3-intran-sv-order	1.3 Intransitive S--V order	09_sov_gn_er_b_pa	sov	gn	erg-abs	balancing	poss-acc	sov	SV	APV	100	0	0.0
1_3_intran_SV_order	03_1_3_intran_SV_order	fig:heatmap-3-intran-sv-order	1.3 Intransitive S--V order	10_sov_gn_er_b_ep	sov	gn	erg-abs	balancing	erg-poss	sov	SV	APV	100	0	0.0
1_3_intran_SV_order	03_1_3_intran_SV_order	fig:heatmap-3-intran-sv-order	1.3 Intransitive S--V order	11_sov_gn_er_b_no	sov	gn	erg-abs	balancing	nomn	sov	SV	APV	100	0	0.0
1_3_intran_SV_order	03_1_3_intran_SV_order	fig:heatmap-3-intran-sv-order	1.3 Intransitive S--V order	12_sov_gn_er_d_se	sov	gn	erg-abs	deranking	sent	sov	SV	APV	100	0	0.0
1_3_intran_SV_order	03_1_3_intran_SV_order	fig:heatmap-3-intran-sv-order	1.3 Intransitive S--V order	13_sov_gn_er_d_pa	sov	gn	erg-abs	deranking	poss-acc	sov	SV	APV	100	0	0.0
1_3_intran_SV_order	03_1_3_intran_SV_order	fig:heatmap-3-intran-sv-order	1.3 Intransitive S--V order	14_sov_gn_er_d_ep	sov	gn	erg-abs	deranking	erg-poss	sov	SV	APV	100	0	0.0
1_3_intran_SV_order	03_1_3_intran_SV_order	fig:heatmap-3-intran-sv-order	1.3 Intransitive S--V order	15_sov_gn_er_d_no	sov	gn	erg-abs	deranking	nomn	sov	SV	APV	100	0	0.0
1_3_intran_SV_order	03_1_3_intran_SV_order	fig:heatmap-3-intran-sv-order	1.3 Intransitive S--V order	16_sov_ng_ac_b_se	sov	ng	nom-acc	balancing	sent	sov	SV	APV	100	0	0.0
1_3_intran_SV_order	03_1_3_intran_SV_order	fig:heatmap-3-intran-sv-order	1.3 Intransitive S--V order	17_sov_ng_ac_b_pa	sov	ng	nom-acc	balancing	poss-acc	ovs	VS	PVA	100	0	0.0
1_3_intran_SV_order	03_1_3_intran_SV_order	fig:heatmap-3-intran-sv-order	1.3 Intransitive S--V order	18_sov_ng_ac_b_ep	sov	ng	nom-acc	balancing	erg-poss	vos	VS	AVP	100	0	0.0
1_3_intran_SV_order	03_1_3_intran_SV_order	fig:heatmap-3-intran-sv-order	1.3 Intransitive S--V order	19_sov_ng_ac_b_no	sov	ng	nom-acc	balancing	nomn	ovs	VS	PVA	100	0	0.0
1_3_intran_SV_order	03_1_3_intran_SV_order	fig:heatmap-3-intran-sv-order	1.3 Intransitive S--V order	20_sov_ng_ac_d_se	sov	ng	nom-acc	deranking	sent	sov	SV	APV	100	0	0.0
1_3_intran_SV_order	03_1_3_intran_SV_order	fig:heatmap-3-intran-sv-order	1.3 Intransitive S--V order	21_sov_ng_ac_d_pa	sov	ng	nom-acc	deranking	poss-acc	ovs	VS	PVA	100	0	0.0
1_3_intran_SV_order	03_1_3_intran_SV_order	fig:heatmap-3-intran-sv-order	1.3 Intransitive S--V order	22_sov_ng_ac_d_ep	sov	ng	nom-acc	deranking	erg-poss	vos	VS	AVP	100	0	0.0
1_3_intran_SV_order	03_1_3_intran_SV_order	fig:heatmap-3-intran-sv-order	1.3 Intransitive S--V order	23_sov_ng_ac_d_no	sov	ng	nom-acc	deranking	nomn	ovs	VS	PVA	100	0	0.0
1_3_intran_SV_order	03_1_3_intran_SV_order	fig:heatmap-3-intran-sv-order	1.3 Intransitive S--V order	24_sov_ng_er_b_se	sov	ng	erg-abs	balancing	sent	sov	SV	APV	100	0	0.0
1_3_intran_SV_order	03_1_3_intran_SV_order	fig:heatmap-3-intran-sv-order	1.3 Intransitive S--V order	25_sov_ng_er_b_pa	sov	ng	erg-abs	balancing	poss-acc	ovs	VS	PVA	100	0	0.0
1_3_intran_SV_order	03_1_3_intran_SV_order	fig:heatmap-3-intran-sv-order	1.3 Intransitive S--V order	26_sov_ng_er_b_ep	sov	ng	erg-abs	balancing	erg-poss	vos	VS	AVP	100	0	0.0
1_3_intran_SV_order	03_1_3_intran_SV_order	fig:heatmap-3-intran-sv-order	1.3 Intransitive S--V order	27_sov_ng_er_b_no	sov	ng	erg-abs	balancing	nomn	ovs	VS	PVA	100	0	0.0
1_3_intran_SV_order	03_1_3_intran_SV_order	fig:heatmap-3-intran-sv-order	1.3 Intransitive S--V order	28_sov_ng_er_d_se	sov	ng	erg-abs	deranking	sent	sov	SV	APV	100	0	0.0
1_3_intran_SV_order	03_1_3_intran_SV_order	fig:heatmap-3-intran-sv-order	1.3 Intransitive S--V order	29_sov_ng_er_d_pa	sov	ng	erg-abs	deranking	poss-acc	ovs	VS	PVA	100	0	0.0
1_3_intran_SV_order	03_1_3_intran_SV_order	fig:heatmap-3-intran-sv-order	1.3 Intransitive S--V order	30_sov_ng_er_d_ep	sov	ng	erg-abs	deranking	erg-poss	vos	VS	AVP	100	0	0.0
1_3_intran_SV_order	03_1_3_intran_SV_order	fig:heatmap-3-intran-sv-order	1.3 Intransitive S--V order	31_sov_ng_er_d_no	sov	ng	erg-abs	deranking	nomn	ovs	VS	PVA	100	0	0.0
1_3_intran_SV_order	03_1_3_intran_SV_order	fig:heatmap-3-intran-sv-order	1.3 Intransitive S--V order	32_svo_gn_ac_b_se	svo	gn	nom-acc	balancing	sent	svo	SV	AVP	100	0	0.0
1_3_intran_SV_order	03_1_3_intran_SV_order	fig:heatmap-3-intran-sv-order	1.3 Intransitive S--V order	33_svo_gn_ac_b_pa	svo	gn	nom-acc	balancing	poss-acc	svo	SV	AVP	100	0	0.0
1_3_intran_SV_order	03_1_3_intran_SV_order	fig:heatmap-3-intran-sv-order	1.3 Intransitive S--V order	34_svo_gn_ac_b_ep	svo	gn	nom-acc	balancing	erg-poss	sov	SV	PVA	100	0	0.0
1_3_intran_SV_order	03_1_3_intran_SV_order	fig:heatmap-3-intran-sv-order	1.3 Intransitive S--V order	35_svo_gn_ac_b_no	svo	gn	nom-acc	balancing	nomn	svo	SV	AVP	100	0	0.0
1_3_intran_SV_order	03_1_3_intran_SV_order	fig:heatmap-3-intran-sv-order	1.3 Intransitive S--V order	36_svo_gn_ac_d_se	svo	gn	nom-acc	deranking	sent	svo	SV	AVP	100	0	0.0
1_3_intran_SV_order	03_1_3_intran_SV_order	fig:heatmap-3-intran-sv-order	1.3 Intransitive S--V order	37_svo_gn_ac_d_pa	svo	gn	nom-acc	deranking	poss-acc	svo	SV	AVP	100	0	0.0
1_3_intran_SV_order	03_1_3_intran_SV_order	fig:heatmap-3-intran-sv-order	1.3 Intransitive S--V order	38_svo_gn_ac_d_ep	svo	gn	nom-acc	deranking	erg-poss	sov	SV	PVA	100	0	0.0
1_3_intran_SV_order	03_1_3_intran_SV_order	fig:heatmap-3-intran-sv-order	1.3 Intransitive S--V order	39_svo_gn_ac_d_no	svo	gn	nom-acc	deranking	nomn	svo	SV	AVP	100	0	0.0
1_3_intran_SV_order	03_1_3_intran_SV_order	fig:heatmap-3-intran-sv-order	1.3 Intransitive S--V order	40_svo_gn_er_b_se	svo	gn	erg-abs	balancing	sent	svo	SV	AVP	100	0	0.0
1_3_intran_SV_order	03_1_3_intran_SV_order	fig:heatmap-3-intran-sv-order	1.3 Intransitive S--V order	41_svo_gn_er_b_pa	svo	gn	erg-abs	balancing	poss-acc	svo	SV	AVP	100	0	0.0
1_3_intran_SV_order	03_1_3_intran_SV_order	fig:heatmap-3-intran-sv-order	1.3 Intransitive S--V order	42_svo_gn_er_b_ep	svo	gn	erg-abs	balancing	erg-poss	sov	SV	PVA	100	0	0.0
1_3_intran_SV_order	03_1_3_intran_SV_order	fig:heatmap-3-intran-sv-order	1.3 Intransitive S--V order	43_svo_gn_er_b_no	svo	gn	erg-abs	balancing	nomn	svo	SV	AVP	100	0	0.0
1_3_intran_SV_order	03_1_3_intran_SV_order	fig:heatmap-3-intran-sv-order	1.3 Intransitive S--V order	44_svo_gn_er_d_se	svo	gn	erg-abs	deranking	sent	svo	SV	AVP	100	0	0.0
1_3_intran_SV_order	03_1_3_intran_SV_order	fig:heatmap-3-intran-sv-order	1.3 Intransitive S--V order	45_svo_gn_er_d_pa	svo	gn	erg-abs	deranking	poss-acc	svo	SV	AVP	100	0	0.0
1_3_intran_SV_order	03_1_3_intran_SV_order	fig:heatmap-3-intran-sv-order	1.3 Intransitive S--V order	46_svo_gn_er_d_ep	svo	gn	erg-abs	deranking	erg-poss	sov	SV	PVA	100	0	0.0
1_3_intran_SV_order	03_1_3_intran_SV_order	fig:heatmap-3-intran-sv-order	1.3 Intransitive S--V order	47_svo_gn_er_d_no	svo	gn	erg-abs	deranking	nomn	svo	SV	AVP	100	0	0.0
1_3_intran_SV_order	03_1_3_intran_SV_order	fig:heatmap-3-intran-sv-order	1.3 Intransitive S--V order	48_svo_ng_ac_b_se	svo	ng	nom-acc	balancing	sent	svo	SV	AVP	100	0	0.0
1_3_intran_SV_order	03_1_3_intran_SV_order	fig:heatmap-3-intran-sv-order	1.3 Intransitive S--V order	49_svo_ng_ac_b_pa	svo	ng	nom-acc	balancing	poss-acc	vos	VS	VPA	100	0	0.0
1_3_intran_SV_order	03_1_3_intran_SV_order	fig:heatmap-3-intran-sv-order	1.3 Intransitive S--V order	50_svo_ng_ac_b_ep	svo	ng	nom-acc	balancing	erg-poss	vos	VS	VPA	100	0	0.0
1_3_intran_SV_order	03_1_3_intran_SV_order	fig:heatmap-3-intran-sv-order	1.3 Intransitive S--V order	51_svo_ng_ac_b_no	svo	ng	nom-acc	balancing	nomn	vos	VS	VPA	100	0	0.0
1_3_intran_SV_order	03_1_3_intran_SV_order	fig:heatmap-3-intran-sv-order	1.3 Intransitive S--V order	52_svo_ng_ac_d_se	svo	ng	nom-acc	deranking	sent	svo	SV	AVP	100	0	0.0
1_3_intran_SV_order	03_1_3_intran_SV_order	fig:heatmap-3-intran-sv-order	1.3 Intransitive S--V order	53_svo_ng_ac_d_pa	svo	ng	nom-acc	deranking	poss-acc	vos	VS	VPA	100	0	0.0
1_3_intran_SV_order	03_1_3_intran_SV_order	fig:heatmap-3-intran-sv-order	1.3 Intransitive S--V order	54_svo_ng_ac_d_ep	svo	ng	nom-acc	deranking	erg-poss	vos	VS	VPA	100	0	0.0
1_3_intran_SV_order	03_1_3_intran_SV_order	fig:heatmap-3-intran-sv-order	1.3 Intransitive S--V order	55_svo_ng_ac_d_no	svo	ng	nom-acc	deranking	nomn	vos	VS	VPA	100	0	0.0
1_3_intran_SV_order	03_1_3_intran_SV_order	fig:heatmap-3-intran-sv-order	1.3 Intransitive S--V order	56_svo_ng_er_b_se	svo	ng	erg-abs	balancing	sent	svo	SV	AVP	100	0	0.0
1_3_intran_SV_order	03_1_3_intran_SV_order	fig:heatmap-3-intran-sv-order	1.3 Intransitive S--V order	57_svo_ng_er_b_pa	svo	ng	erg-abs	balancing	poss-acc	vos	VS	VPA	100	0	0.0
1_3_intran_SV_order	03_1_3_intran_SV_order	fig:heatmap-3-intran-sv-order	1.3 Intransitive S--V order	58_svo_ng_er_b_ep	svo	ng	erg-abs	balancing	erg-poss	vos	VS	VPA	100	0	0.0
1_3_intran_SV_order	03_1_3_intran_SV_order	fig:heatmap-3-intran-sv-order	1.3 Intransitive S--V order	59_svo_ng_er_b_no	svo	ng	erg-abs	balancing	nomn	vos	VS	VPA	100	0	0.0
1_3_intran_SV_order	03_1_3_intran_SV_order	fig:heatmap-3-intran-sv-order	1.3 Intransitive S--V order	60_svo_ng_er_d_se	svo	ng	erg-abs	deranking	sent	svo	SV	AVP	100	0	0.0
1_3_intran_SV_order	03_1_3_intran_SV_order	fig:heatmap-3-intran-sv-order	1.3 Intransitive S--V order	61_svo_ng_er_d_pa	svo	ng	erg-abs	deranking	poss-acc	vos	VS	VPA	100	0	0.0
1_3_intran_SV_order	03_1_3_intran_SV_order	fig:heatmap-3-intran-sv-order	1.3 Intransitive S--V order	62_svo_ng_er_d_ep	svo	ng	erg-abs	deranking	erg-poss	vos	VS	VPA	100	0	0.0
1_3_intran_SV_order	03_1_3_intran_SV_order	fig:heatmap-3-intran-sv-order	1.3 Intransitive S--V order	63_svo_ng_er_d_no	svo	ng	erg-abs	deranking	nomn	vos	VS	VPA	100	0	0.0
1_3_intran_SV_order	03_1_3_intran_SV_order	fig:heatmap-3-intran-sv-order	1.3 Intransitive S--V order	64_vos_gn_ac_b_se	vos	gn	nom-acc	balancing	sent	vos	VS	VPA	100	0	0.0
1_3_intran_SV_order	03_1_3_intran_SV_order	fig:heatmap-3-intran-sv-order	1.3 Intransitive S--V order	65_vos_gn_ac_b_pa	vos	gn	nom-acc	balancing	poss-acc	svo	SV	AVP	100	0	0.0
1_3_intran_SV_order	03_1_3_intran_SV_order	fig:heatmap-3-intran-sv-order	1.3 Intransitive S--V order	66_vos_gn_ac_b_ep	vos	gn	nom-acc	balancing	erg-poss	sov	SV	PVA	100	0	0.0
1_3_intran_SV_order	03_1_3_intran_SV_order	fig:heatmap-3-intran-sv-order	1.3 Intransitive S--V order	67_vos_gn_ac_b_no	vos	gn	nom-acc	balancing	nomn	svo	SV	AVP	100	0	0.0
1_3_intran_SV_order	03_1_3_intran_SV_order	fig:heatmap-3-intran-sv-order	1.3 Intransitive S--V order	68_vos_gn_ac_d_se	vos	gn	nom-acc	deranking	sent	vos	VS	VPA	100	0	0.0
1_3_intran_SV_order	03_1_3_intran_SV_order	fig:heatmap-3-intran-sv-order	1.3 Intransitive S--V order	69_vos_gn_ac_d_pa	vos	gn	nom-acc	deranking	poss-acc	svo	SV	AVP	100	0	0.0
1_3_intran_SV_order	03_1_3_intran_SV_order	fig:heatmap-3-intran-sv-order	1.3 Intransitive S--V order	70_vos_gn_ac_d_ep	vos	gn	nom-acc	deranking	erg-poss	sov	SV	PVA	100	0	0.0
1_3_intran_SV_order	03_1_3_intran_SV_order	fig:heatmap-3-intran-sv-order	1.3 Intransitive S--V order	71_vos_gn_ac_d_no	vos	gn	nom-acc	deranking	nomn	svo	SV	AVP	100	0	0.0
1_3_intran_SV_order	03_1_3_intran_SV_order	fig:heatmap-3-intran-sv-order	1.3 Intransitive S--V order	72_vos_gn_er_b_se	vos	gn	erg-abs	balancing	sent	vos	VS	VPA	100	0	0.0
1_3_intran_SV_order	03_1_3_intran_SV_order	fig:heatmap-3-intran-sv-order	1.3 Intransitive S--V order	73_vos_gn_er_b_pa	vos	gn	erg-abs	balancing	poss-acc	svo	SV	AVP	100	0	0.0
1_3_intran_SV_order	03_1_3_intran_SV_order	fig:heatmap-3-intran-sv-order	1.3 Intransitive S--V order	74_vos_gn_er_b_ep	vos	gn	erg-abs	balancing	erg-poss	sov	SV	PVA	100	0	0.0
1_3_intran_SV_order	03_1_3_intran_SV_order	fig:heatmap-3-intran-sv-order	1.3 Intransitive S--V order	75_vos_gn_er_b_no	vos	gn	erg-abs	balancing	nomn	svo	SV	AVP	100	0	0.0
1_3_intran_SV_order	03_1_3_intran_SV_order	fig:heatmap-3-intran-sv-order	1.3 Intransitive S--V order	76_vos_gn_er_d_se	vos	gn	erg-abs	deranking	sent	vos	VS	VPA	100	0	0.0
1_3_intran_SV_order	03_1_3_intran_SV_order	fig:heatmap-3-intran-sv-order	1.3 Intransitive S--V order	77_vos_gn_er_d_pa	vos	gn	erg-abs	deranking	poss-acc	svo	SV	AVP	100	0	0.0
1_3_intran_SV_order	03_1_3_intran_SV_order	fig:heatmap-3-intran-sv-order	1.3 Intransitive S--V order	78_vos_gn_er_d_ep	vos	gn	erg-abs	deranking	erg-poss	sov	SV	PVA	100	0	0.0
1_3_intran_SV_order	03_1_3_intran_SV_order	fig:heatmap-3-intran-sv-order	1.3 Intransitive S--V order	79_vos_gn_er_d_no	vos	gn	erg-abs	deranking	nomn	svo	SV	AVP	100	0	0.0
1_3_intran_SV_order	03_1_3_intran_SV_order	fig:heatmap-3-intran-sv-order	1.3 Intransitive S--V order	80_vos_ng_ac_b_se	vos	ng	nom-acc	balancing	sent	vos	VS	VPA	100	0	0.0
1_3_intran_SV_order	03_1_3_intran_SV_order	fig:heatmap-3-intran-sv-order	1.3 Intransitive S--V order	81_vos_ng_ac_b_pa	vos	ng	nom-acc	balancing	poss-acc	vos	VS	VPA	100	0	0.0
1_3_intran_SV_order	03_1_3_intran_SV_order	fig:heatmap-3-intran-sv-order	1.3 Intransitive S--V order	82_vos_ng_ac_b_ep	vos	ng	nom-acc	balancing	erg-poss	vos	VS	VPA	100	0	0.0
1_3_intran_SV_order	03_1_3_intran_SV_order	fig:heatmap-3-intran-sv-order	1.3 Intransitive S--V order	83_vos_ng_ac_b_no	vos	ng	nom-acc	balancing	nomn	vos	VS	VPA	100	0	0.0
1_3_intran_SV_order	03_1_3_intran_SV_order	fig:heatmap-3-intran-sv-order	1.3 Intransitive S--V order	84_vos_ng_ac_d_se	vos	ng	nom-acc	deranking	sent	vos	VS	VPA	100	0	0.0
1_3_intran_SV_order	03_1_3_intran_SV_order	fig:heatmap-3-intran-sv-order	1.3 Intransitive S--V order	85_vos_ng_ac_d_pa	vos	ng	nom-acc	deranking	poss-acc	vos	VS	VPA	100	0	0.0
1_3_intran_SV_order	03_1_3_intran_SV_order	fig:heatmap-3-intran-sv-order	1.3 Intransitive S--V order	86_vos_ng_ac_d_ep	vos	ng	nom-acc	deranking	erg-poss	vos	VS	VPA	100	0	0.0
1_3_intran_SV_order	03_1_3_intran_SV_order	fig:heatmap-3-intran-sv-order	1.3 Intransitive S--V order	87_vos_ng_ac_d_no	vos	ng	nom-acc	deranking	nomn	vos	VS	VPA	100	0	0.0
1_3_intran_SV_order	03_1_3_intran_SV_order	fig:heatmap-3-intran-sv-order	1.3 Intransitive S--V order	88_vos_ng_er_b_se	vos	ng	erg-abs	balancing	sent	vos	VS	VPA	100	0	0.0
1_3_intran_SV_order	03_1_3_intran_SV_order	fig:heatmap-3-intran-sv-order	1.3 Intransitive S--V order	89_vos_ng_er_b_pa	vos	ng	erg-abs	balancing	poss-acc	vos	VS	VPA	100	0	0.0
1_3_intran_SV_order	03_1_3_intran_SV_order	fig:heatmap-3-intran-sv-order	1.3 Intransitive S--V order	90_vos_ng_er_b_ep	vos	ng	erg-abs	balancing	erg-poss	vos	VS	VPA	100	0	0.0
1_3_intran_SV_order	03_1_3_intran_SV_order	fig:heatmap-3-intran-sv-order	1.3 Intransitive S--V order	91_vos_ng_er_b_no	vos	ng	erg-abs	balancing	nomn	vos	VS	VPA	100	0	0.0
1_3_intran_SV_order	03_1_3_intran_SV_order	fig:heatmap-3-intran-sv-order	1.3 Intransitive S--V order	92_vos_ng_er_d_se	vos	ng	erg-abs	deranking	sent	vos	VS	VPA	100	0	0.0
1_3_intran_SV_order	03_1_3_intran_SV_order	fig:heatmap-3-intran-sv-order	1.3 Intransitive S--V order	93_vos_ng_er_d_pa	vos	ng	erg-abs	deranking	poss-acc	vos	VS	VPA	100	0	0.0
1_3_intran_SV_order	03_1_3_intran_SV_order	fig:heatmap-3-intran-sv-order	1.3 Intransitive S--V order	94_vos_ng_er_d_ep	vos	ng	erg-abs	deranking	erg-poss	vos	VS	VPA	100	0	0.0
1_3_intran_SV_order	03_1_3_intran_SV_order	fig:heatmap-3-intran-sv-order	1.3 Intransitive S--V order	95_vos_ng_er_d_no	vos	ng	erg-abs	deranking	nomn	vos	VS	VPA	100	0	0.0
1_4_tran_V_form	04_1_4_tran_V_form	fig:heatmap-4-tran-v-form	1.4 Transitive finite verb form	00_sov_gn_ac_b_se	sov	gn	nom-acc	balancing	sent	sov	SV	APV	100	0	0.0
1_4_tran_V_form	04_1_4_tran_V_form	fig:heatmap-4-tran-v-form	1.4 Transitive finite verb form	01_sov_gn_ac_b_pa	sov	gn	nom-acc	balancing	poss-acc	sov	SV	APV	100	0	0.0
1_4_tran_V_form	04_1_4_tran_V_form	fig:heatmap-4-tran-v-form	1.4 Transitive finite verb form	02_sov_gn_ac_b_ep	sov	gn	nom-acc	balancing	erg-poss	sov	SV	APV	100	0	0.0
1_4_tran_V_form	04_1_4_tran_V_form	fig:heatmap-4-tran-v-form	1.4 Transitive finite verb form	03_sov_gn_ac_b_no	sov	gn	nom-acc	balancing	nomn	sov	SV	APV	100	0	0.0
1_4_tran_V_form	04_1_4_tran_V_form	fig:heatmap-4-tran-v-form	1.4 Transitive finite verb form	04_sov_gn_ac_d_se	sov	gn	nom-acc	deranking	sent	sov	SV	APV	100	0	0.0
1_4_tran_V_form	04_1_4_tran_V_form	fig:heatmap-4-tran-v-form	1.4 Transitive finite verb form	05_sov_gn_ac_d_pa	sov	gn	nom-acc	deranking	poss-acc	sov	SV	APV	100	0	0.0
1_4_tran_V_form	04_1_4_tran_V_form	fig:heatmap-4-tran-v-form	1.4 Transitive finite verb form	06_sov_gn_ac_d_ep	sov	gn	nom-acc	deranking	erg-poss	sov	SV	APV	100	0	0.0
1_4_tran_V_form	04_1_4_tran_V_form	fig:heatmap-4-tran-v-form	1.4 Transitive finite verb form	07_sov_gn_ac_d_no	sov	gn	nom-acc	deranking	nomn	sov	SV	APV	100	0	0.0
1_4_tran_V_form	04_1_4_tran_V_form	fig:heatmap-4-tran-v-form	1.4 Transitive finite verb form	08_sov_gn_er_b_se	sov	gn	erg-abs	balancing	sent	sov	SV	APV	100	0	0.0
1_4_tran_V_form	04_1_4_tran_V_form	fig:heatmap-4-tran-v-form	1.4 Transitive finite verb form	09_sov_gn_er_b_pa	sov	gn	erg-abs	balancing	poss-acc	sov	SV	APV	100	0	0.0
1_4_tran_V_form	04_1_4_tran_V_form	fig:heatmap-4-tran-v-form	1.4 Transitive finite verb form	10_sov_gn_er_b_ep	sov	gn	erg-abs	balancing	erg-poss	sov	SV	APV	100	0	0.0
1_4_tran_V_form	04_1_4_tran_V_form	fig:heatmap-4-tran-v-form	1.4 Transitive finite verb form	11_sov_gn_er_b_no	sov	gn	erg-abs	balancing	nomn	sov	SV	APV	100	0	0.0
1_4_tran_V_form	04_1_4_tran_V_form	fig:heatmap-4-tran-v-form	1.4 Transitive finite verb form	12_sov_gn_er_d_se	sov	gn	erg-abs	deranking	sent	sov	SV	APV	100	0	0.0
1_4_tran_V_form	04_1_4_tran_V_form	fig:heatmap-4-tran-v-form	1.4 Transitive finite verb form	13_sov_gn_er_d_pa	sov	gn	erg-abs	deranking	poss-acc	sov	SV	APV	100	0	0.0
1_4_tran_V_form	04_1_4_tran_V_form	fig:heatmap-4-tran-v-form	1.4 Transitive finite verb form	14_sov_gn_er_d_ep	sov	gn	erg-abs	deranking	erg-poss	sov	SV	APV	100	0	0.0
1_4_tran_V_form	04_1_4_tran_V_form	fig:heatmap-4-tran-v-form	1.4 Transitive finite verb form	15_sov_gn_er_d_no	sov	gn	erg-abs	deranking	nomn	sov	SV	APV	100	0	0.0
1_4_tran_V_form	04_1_4_tran_V_form	fig:heatmap-4-tran-v-form	1.4 Transitive finite verb form	16_sov_ng_ac_b_se	sov	ng	nom-acc	balancing	sent	sov	SV	APV	100	0	0.0
1_4_tran_V_form	04_1_4_tran_V_form	fig:heatmap-4-tran-v-form	1.4 Transitive finite verb form	17_sov_ng_ac_b_pa	sov	ng	nom-acc	balancing	poss-acc	ovs	VS	PVA	100	0	0.0
1_4_tran_V_form	04_1_4_tran_V_form	fig:heatmap-4-tran-v-form	1.4 Transitive finite verb form	18_sov_ng_ac_b_ep	sov	ng	nom-acc	balancing	erg-poss	vos	VS	AVP	100	0	0.0
1_4_tran_V_form	04_1_4_tran_V_form	fig:heatmap-4-tran-v-form	1.4 Transitive finite verb form	19_sov_ng_ac_b_no	sov	ng	nom-acc	balancing	nomn	ovs	VS	PVA	100	0	0.0
1_4_tran_V_form	04_1_4_tran_V_form	fig:heatmap-4-tran-v-form	1.4 Transitive finite verb form	20_sov_ng_ac_d_se	sov	ng	nom-acc	deranking	sent	sov	SV	APV	100	0	0.0
1_4_tran_V_form	04_1_4_tran_V_form	fig:heatmap-4-tran-v-form	1.4 Transitive finite verb form	21_sov_ng_ac_d_pa	sov	ng	nom-acc	deranking	poss-acc	ovs	VS	PVA	100	0	0.0
1_4_tran_V_form	04_1_4_tran_V_form	fig:heatmap-4-tran-v-form	1.4 Transitive finite verb form	22_sov_ng_ac_d_ep	sov	ng	nom-acc	deranking	erg-poss	vos	VS	AVP	100	0	0.0
1_4_tran_V_form	04_1_4_tran_V_form	fig:heatmap-4-tran-v-form	1.4 Transitive finite verb form	23_sov_ng_ac_d_no	sov	ng	nom-acc	deranking	nomn	ovs	VS	PVA	100	0	0.0
1_4_tran_V_form	04_1_4_tran_V_form	fig:heatmap-4-tran-v-form	1.4 Transitive finite verb form	24_sov_ng_er_b_se	sov	ng	erg-abs	balancing	sent	sov	SV	APV	100	0	0.0
1_4_tran_V_form	04_1_4_tran_V_form	fig:heatmap-4-tran-v-form	1.4 Transitive finite verb form	25_sov_ng_er_b_pa	sov	ng	erg-abs	balancing	poss-acc	ovs	VS	PVA	100	0	0.0
1_4_tran_V_form	04_1_4_tran_V_form	fig:heatmap-4-tran-v-form	1.4 Transitive finite verb form	26_sov_ng_er_b_ep	sov	ng	erg-abs	balancing	erg-poss	vos	VS	AVP	100	0	0.0
1_4_tran_V_form	04_1_4_tran_V_form	fig:heatmap-4-tran-v-form	1.4 Transitive finite verb form	27_sov_ng_er_b_no	sov	ng	erg-abs	balancing	nomn	ovs	VS	PVA	100	0	0.0
1_4_tran_V_form	04_1_4_tran_V_form	fig:heatmap-4-tran-v-form	1.4 Transitive finite verb form	28_sov_ng_er_d_se	sov	ng	erg-abs	deranking	sent	sov	SV	APV	100	0	0.0
1_4_tran_V_form	04_1_4_tran_V_form	fig:heatmap-4-tran-v-form	1.4 Transitive finite verb form	29_sov_ng_er_d_pa	sov	ng	erg-abs	deranking	poss-acc	ovs	VS	PVA	100	0	0.0
1_4_tran_V_form	04_1_4_tran_V_form	fig:heatmap-4-tran-v-form	1.4 Transitive finite verb form	30_sov_ng_er_d_ep	sov	ng	erg-abs	deranking	erg-poss	vos	VS	AVP	100	0	0.0
1_4_tran_V_form	04_1_4_tran_V_form	fig:heatmap-4-tran-v-form	1.4 Transitive finite verb form	31_sov_ng_er_d_no	sov	ng	erg-abs	deranking	nomn	ovs	VS	PVA	100	0	0.0
1_4_tran_V_form	04_1_4_tran_V_form	fig:heatmap-4-tran-v-form	1.4 Transitive finite verb form	32_svo_gn_ac_b_se	svo	gn	nom-acc	balancing	sent	svo	SV	AVP	100	0	0.0
1_4_tran_V_form	04_1_4_tran_V_form	fig:heatmap-4-tran-v-form	1.4 Transitive finite verb form	33_svo_gn_ac_b_pa	svo	gn	nom-acc	balancing	poss-acc	svo	SV	AVP	100	0	0.0
1_4_tran_V_form	04_1_4_tran_V_form	fig:heatmap-4-tran-v-form	1.4 Transitive finite verb form	34_svo_gn_ac_b_ep	svo	gn	nom-acc	balancing	erg-poss	sov	SV	PVA	100	0	0.0
1_4_tran_V_form	04_1_4_tran_V_form	fig:heatmap-4-tran-v-form	1.4 Transitive finite verb form	35_svo_gn_ac_b_no	svo	gn	nom-acc	balancing	nomn	svo	SV	AVP	100	0	0.0
1_4_tran_V_form	04_1_4_tran_V_form	fig:heatmap-4-tran-v-form	1.4 Transitive finite verb form	36_svo_gn_ac_d_se	svo	gn	nom-acc	deranking	sent	svo	SV	AVP	100	0	0.0
1_4_tran_V_form	04_1_4_tran_V_form	fig:heatmap-4-tran-v-form	1.4 Transitive finite verb form	37_svo_gn_ac_d_pa	svo	gn	nom-acc	deranking	poss-acc	svo	SV	AVP	100	0	0.0
1_4_tran_V_form	04_1_4_tran_V_form	fig:heatmap-4-tran-v-form	1.4 Transitive finite verb form	38_svo_gn_ac_d_ep	svo	gn	nom-acc	deranking	erg-poss	sov	SV	PVA	100	0	0.0
1_4_tran_V_form	04_1_4_tran_V_form	fig:heatmap-4-tran-v-form	1.4 Transitive finite verb form	39_svo_gn_ac_d_no	svo	gn	nom-acc	deranking	nomn	svo	SV	AVP	100	0	0.0
1_4_tran_V_form	04_1_4_tran_V_form	fig:heatmap-4-tran-v-form	1.4 Transitive finite verb form	40_svo_gn_er_b_se	svo	gn	erg-abs	balancing	sent	svo	SV	AVP	100	0	0.0
1_4_tran_V_form	04_1_4_tran_V_form	fig:heatmap-4-tran-v-form	1.4 Transitive finite verb form	41_svo_gn_er_b_pa	svo	gn	erg-abs	balancing	poss-acc	svo	SV	AVP	100	0	0.0
1_4_tran_V_form	04_1_4_tran_V_form	fig:heatmap-4-tran-v-form	1.4 Transitive finite verb form	42_svo_gn_er_b_ep	svo	gn	erg-abs	balancing	erg-poss	sov	SV	PVA	100	0	0.0
1_4_tran_V_form	04_1_4_tran_V_form	fig:heatmap-4-tran-v-form	1.4 Transitive finite verb form	43_svo_gn_er_b_no	svo	gn	erg-abs	balancing	nomn	svo	SV	AVP	100	0	0.0
1_4_tran_V_form	04_1_4_tran_V_form	fig:heatmap-4-tran-v-form	1.4 Transitive finite verb form	44_svo_gn_er_d_se	svo	gn	erg-abs	deranking	sent	svo	SV	AVP	100	0	0.0
1_4_tran_V_form	04_1_4_tran_V_form	fig:heatmap-4-tran-v-form	1.4 Transitive finite verb form	45_svo_gn_er_d_pa	svo	gn	erg-abs	deranking	poss-acc	svo	SV	AVP	100	0	0.0
1_4_tran_V_form	04_1_4_tran_V_form	fig:heatmap-4-tran-v-form	1.4 Transitive finite verb form	46_svo_gn_er_d_ep	svo	gn	erg-abs	deranking	erg-poss	sov	SV	PVA	100	0	0.0
1_4_tran_V_form	04_1_4_tran_V_form	fig:heatmap-4-tran-v-form	1.4 Transitive finite verb form	47_svo_gn_er_d_no	svo	gn	erg-abs	deranking	nomn	svo	SV	AVP	100	0	0.0
1_4_tran_V_form	04_1_4_tran_V_form	fig:heatmap-4-tran-v-form	1.4 Transitive finite verb form	48_svo_ng_ac_b_se	svo	ng	nom-acc	balancing	sent	svo	SV	AVP	100	0	0.0
1_4_tran_V_form	04_1_4_tran_V_form	fig:heatmap-4-tran-v-form	1.4 Transitive finite verb form	49_svo_ng_ac_b_pa	svo	ng	nom-acc	balancing	poss-acc	vos	VS	VPA	100	0	0.0
1_4_tran_V_form	04_1_4_tran_V_form	fig:heatmap-4-tran-v-form	1.4 Transitive finite verb form	50_svo_ng_ac_b_ep	svo	ng	nom-acc	balancing	erg-poss	vos	VS	VPA	100	0	0.0
1_4_tran_V_form	04_1_4_tran_V_form	fig:heatmap-4-tran-v-form	1.4 Transitive finite verb form	51_svo_ng_ac_b_no	svo	ng	nom-acc	balancing	nomn	vos	VS	VPA	100	0	0.0
1_4_tran_V_form	04_1_4_tran_V_form	fig:heatmap-4-tran-v-form	1.4 Transitive finite verb form	52_svo_ng_ac_d_se	svo	ng	nom-acc	deranking	sent	svo	SV	AVP	100	0	0.0
1_4_tran_V_form	04_1_4_tran_V_form	fig:heatmap-4-tran-v-form	1.4 Transitive finite verb form	53_svo_ng_ac_d_pa	svo	ng	nom-acc	deranking	poss-acc	vos	VS	VPA	100	0	0.0
1_4_tran_V_form	04_1_4_tran_V_form	fig:heatmap-4-tran-v-form	1.4 Transitive finite verb form	54_svo_ng_ac_d_ep	svo	ng	nom-acc	deranking	erg-poss	vos	VS	VPA	100	0	0.0
1_4_tran_V_form	04_1_4_tran_V_form	fig:heatmap-4-tran-v-form	1.4 Transitive finite verb form	55_svo_ng_ac_d_no	svo	ng	nom-acc	deranking	nomn	vos	VS	VPA	100	0	0.0
1_4_tran_V_form	04_1_4_tran_V_form	fig:heatmap-4-tran-v-form	1.4 Transitive finite verb form	56_svo_ng_er_b_se	svo	ng	erg-abs	balancing	sent	svo	SV	AVP	100	0	0.0
1_4_tran_V_form	04_1_4_tran_V_form	fig:heatmap-4-tran-v-form	1.4 Transitive finite verb form	57_svo_ng_er_b_pa	svo	ng	erg-abs	balancing	poss-acc	vos	VS	VPA	100	0	0.0
1_4_tran_V_form	04_1_4_tran_V_form	fig:heatmap-4-tran-v-form	1.4 Transitive finite verb form	58_svo_ng_er_b_ep	svo	ng	erg-abs	balancing	erg-poss	vos	VS	VPA	100	0	0.0
1_4_tran_V_form	04_1_4_tran_V_form	fig:heatmap-4-tran-v-form	1.4 Transitive finite verb form	59_svo_ng_er_b_no	svo	ng	erg-abs	balancing	nomn	vos	VS	VPA	100	0	0.0
1_4_tran_V_form	04_1_4_tran_V_form	fig:heatmap-4-tran-v-form	1.4 Transitive finite verb form	60_svo_ng_er_d_se	svo	ng	erg-abs	deranking	sent	svo	SV	AVP	100	0	0.0
1_4_tran_V_form	04_1_4_tran_V_form	fig:heatmap-4-tran-v-form	1.4 Transitive finite verb form	61_svo_ng_er_d_pa	svo	ng	erg-abs	deranking	poss-acc	vos	VS	VPA	100	0	0.0
1_4_tran_V_form	04_1_4_tran_V_form	fig:heatmap-4-tran-v-form	1.4 Transitive finite verb form	62_svo_ng_er_d_ep	svo	ng	erg-abs	deranking	erg-poss	vos	VS	VPA	100	0	0.0
1_4_tran_V_form	04_1_4_tran_V_form	fig:heatmap-4-tran-v-form	1.4 Transitive finite verb form	63_svo_ng_er_d_no	svo	ng	erg-abs	deranking	nomn	vos	VS	VPA	100	0	0.0
1_4_tran_V_form	04_1_4_tran_V_form	fig:heatmap-4-tran-v-form	1.4 Transitive finite verb form	64_vos_gn_ac_b_se	vos	gn	nom-acc	balancing	sent	vos	VS	VPA	100	0	0.0
1_4_tran_V_form	04_1_4_tran_V_form	fig:heatmap-4-tran-v-form	1.4 Transitive finite verb form	65_vos_gn_ac_b_pa	vos	gn	nom-acc	balancing	poss-acc	svo	SV	AVP	100	0	0.0
1_4_tran_V_form	04_1_4_tran_V_form	fig:heatmap-4-tran-v-form	1.4 Transitive finite verb form	66_vos_gn_ac_b_ep	vos	gn	nom-acc	balancing	erg-poss	sov	SV	PVA	100	0	0.0
1_4_tran_V_form	04_1_4_tran_V_form	fig:heatmap-4-tran-v-form	1.4 Transitive finite verb form	67_vos_gn_ac_b_no	vos	gn	nom-acc	balancing	nomn	svo	SV	AVP	100	0	0.0
1_4_tran_V_form	04_1_4_tran_V_form	fig:heatmap-4-tran-v-form	1.4 Transitive finite verb form	68_vos_gn_ac_d_se	vos	gn	nom-acc	deranking	sent	vos	VS	VPA	100	0	0.0
1_4_tran_V_form	04_1_4_tran_V_form	fig:heatmap-4-tran-v-form	1.4 Transitive finite verb form	69_vos_gn_ac_d_pa	vos	gn	nom-acc	deranking	poss-acc	svo	SV	AVP	100	0	0.0
1_4_tran_V_form	04_1_4_tran_V_form	fig:heatmap-4-tran-v-form	1.4 Transitive finite verb form	70_vos_gn_ac_d_ep	vos	gn	nom-acc	deranking	erg-poss	sov	SV	PVA	100	0	0.0
1_4_tran_V_form	04_1_4_tran_V_form	fig:heatmap-4-tran-v-form	1.4 Transitive finite verb form	71_vos_gn_ac_d_no	vos	gn	nom-acc	deranking	nomn	svo	SV	AVP	100	0	0.0
1_4_tran_V_form	04_1_4_tran_V_form	fig:heatmap-4-tran-v-form	1.4 Transitive finite verb form	72_vos_gn_er_b_se	vos	gn	erg-abs	balancing	sent	vos	VS	VPA	100	0	0.0
1_4_tran_V_form	04_1_4_tran_V_form	fig:heatmap-4-tran-v-form	1.4 Transitive finite verb form	73_vos_gn_er_b_pa	vos	gn	erg-abs	balancing	poss-acc	svo	SV	AVP	100	0	0.0
1_4_tran_V_form	04_1_4_tran_V_form	fig:heatmap-4-tran-v-form	1.4 Transitive finite verb form	74_vos_gn_er_b_ep	vos	gn	erg-abs	balancing	erg-poss	sov	SV	PVA	100	0	0.0
1_4_tran_V_form	04_1_4_tran_V_form	fig:heatmap-4-tran-v-form	1.4 Transitive finite verb form	75_vos_gn_er_b_no	vos	gn	erg-abs	balancing	nomn	svo	SV	AVP	100	0	0.0
1_4_tran_V_form	04_1_4_tran_V_form	fig:heatmap-4-tran-v-form	1.4 Transitive finite verb form	76_vos_gn_er_d_se	vos	gn	erg-abs	deranking	sent	vos	VS	VPA	100	0	0.0
1_4_tran_V_form	04_1_4_tran_V_form	fig:heatmap-4-tran-v-form	1.4 Transitive finite verb form	77_vos_gn_er_d_pa	vos	gn	erg-abs	deranking	poss-acc	svo	SV	AVP	100	0	0.0
1_4_tran_V_form	04_1_4_tran_V_form	fig:heatmap-4-tran-v-form	1.4 Transitive finite verb form	78_vos_gn_er_d_ep	vos	gn	erg-abs	deranking	erg-poss	sov	SV	PVA	100	0	0.0
1_4_tran_V_form	04_1_4_tran_V_form	fig:heatmap-4-tran-v-form	1.4 Transitive finite verb form	79_vos_gn_er_d_no	vos	gn	erg-abs	deranking	nomn	svo	SV	AVP	100	0	0.0
1_4_tran_V_form	04_1_4_tran_V_form	fig:heatmap-4-tran-v-form	1.4 Transitive finite verb form	80_vos_ng_ac_b_se	vos	ng	nom-acc	balancing	sent	vos	VS	VPA	100	0	0.0
1_4_tran_V_form	04_1_4_tran_V_form	fig:heatmap-4-tran-v-form	1.4 Transitive finite verb form	81_vos_ng_ac_b_pa	vos	ng	nom-acc	balancing	poss-acc	vos	VS	VPA	100	0	0.0
1_4_tran_V_form	04_1_4_tran_V_form	fig:heatmap-4-tran-v-form	1.4 Transitive finite verb form	82_vos_ng_ac_b_ep	vos	ng	nom-acc	balancing	erg-poss	vos	VS	VPA	100	0	0.0
1_4_tran_V_form	04_1_4_tran_V_form	fig:heatmap-4-tran-v-form	1.4 Transitive finite verb form	83_vos_ng_ac_b_no	vos	ng	nom-acc	balancing	nomn	vos	VS	VPA	100	0	0.0
1_4_tran_V_form	04_1_4_tran_V_form	fig:heatmap-4-tran-v-form	1.4 Transitive finite verb form	84_vos_ng_ac_d_se	vos	ng	nom-acc	deranking	sent	vos	VS	VPA	100	0	0.0
1_4_tran_V_form	04_1_4_tran_V_form	fig:heatmap-4-tran-v-form	1.4 Transitive finite verb form	85_vos_ng_ac_d_pa	vos	ng	nom-acc	deranking	poss-acc	vos	VS	VPA	100	0	0.0
1_4_tran_V_form	04_1_4_tran_V_form	fig:heatmap-4-tran-v-form	1.4 Transitive finite verb form	86_vos_ng_ac_d_ep	vos	ng	nom-acc	deranking	erg-poss	vos	VS	VPA	100	0	0.0
1_4_tran_V_form	04_1_4_tran_V_form	fig:heatmap-4-tran-v-form	1.4 Transitive finite verb form	87_vos_ng_ac_d_no	vos	ng	nom-acc	deranking	nomn	vos	VS	VPA	100	0	0.0
1_4_tran_V_form	04_1_4_tran_V_form	fig:heatmap-4-tran-v-form	1.4 Transitive finite verb form	88_vos_ng_er_b_se	vos	ng	erg-abs	balancing	sent	vos	VS	VPA	100	0	0.0
1_4_tran_V_form	04_1_4_tran_V_form	fig:heatmap-4-tran-v-form	1.4 Transitive finite verb form	89_vos_ng_er_b_pa	vos	ng	erg-abs	balancing	poss-acc	vos	VS	VPA	100	0	0.0
1_4_tran_V_form	04_1_4_tran_V_form	fig:heatmap-4-tran-v-form	1.4 Transitive finite verb form	90_vos_ng_er_b_ep	vos	ng	erg-abs	balancing	erg-poss	vos	VS	VPA	100	0	0.0
1_4_tran_V_form	04_1_4_tran_V_form	fig:heatmap-4-tran-v-form	1.4 Transitive finite verb form	91_vos_ng_er_b_no	vos	ng	erg-abs	balancing	nomn	vos	VS	VPA	100	0	0.0
1_4_tran_V_form	04_1_4_tran_V_form	fig:heatmap-4-tran-v-form	1.4 Transitive finite verb form	92_vos_ng_er_d_se	vos	ng	erg-abs	deranking	sent	vos	VS	VPA	100	0	0.0
1_4_tran_V_form	04_1_4_tran_V_form	fig:heatmap-4-tran-v-form	1.4 Transitive finite verb form	93_vos_ng_er_d_pa	vos	ng	erg-abs	deranking	poss-acc	vos	VS	VPA	100	0	0.0
1_4_tran_V_form	04_1_4_tran_V_form	fig:heatmap-4-tran-v-form	1.4 Transitive finite verb form	94_vos_ng_er_d_ep	vos	ng	erg-abs	deranking	erg-poss	vos	VS	VPA	100	0	0.0
1_4_tran_V_form	04_1_4_tran_V_form	fig:heatmap-4-tran-v-form	1.4 Transitive finite verb form	95_vos_ng_er_d_no	vos	ng	erg-abs	deranking	nomn	vos	VS	VPA	100	0	0.0
1_5_tran_A_marker	05_1_5_tran_A_marker	fig:heatmap-5-tran-a-marker	1.5 Transitive A marker	00_sov_gn_ac_b_se	sov	gn	nom-acc	balancing	sent	sov	SV	APV	100	14	0.14
1_5_tran_A_marker	05_1_5_tran_A_marker	fig:heatmap-5-tran-a-marker	1.5 Transitive A marker	01_sov_gn_ac_b_pa	sov	gn	nom-acc	balancing	poss-acc	sov	SV	APV	100	14	0.14
1_5_tran_A_marker	05_1_5_tran_A_marker	fig:heatmap-5-tran-a-marker	1.5 Transitive A marker	02_sov_gn_ac_b_ep	sov	gn	nom-acc	balancing	erg-poss	sov	SV	APV	100	14	0.14
1_5_tran_A_marker	05_1_5_tran_A_marker	fig:heatmap-5-tran-a-marker	1.5 Transitive A marker	03_sov_gn_ac_b_no	sov	gn	nom-acc	balancing	nomn	sov	SV	APV	100	14	0.14
1_5_tran_A_marker	05_1_5_tran_A_marker	fig:heatmap-5-tran-a-marker	1.5 Transitive A marker	04_sov_gn_ac_d_se	sov	gn	nom-acc	deranking	sent	sov	SV	APV	100	14	0.14
1_5_tran_A_marker	05_1_5_tran_A_marker	fig:heatmap-5-tran-a-marker	1.5 Transitive A marker	05_sov_gn_ac_d_pa	sov	gn	nom-acc	deranking	poss-acc	sov	SV	APV	100	14	0.14
1_5_tran_A_marker	05_1_5_tran_A_marker	fig:heatmap-5-tran-a-marker	1.5 Transitive A marker	06_sov_gn_ac_d_ep	sov	gn	nom-acc	deranking	erg-poss	sov	SV	APV	100	14	0.14
1_5_tran_A_marker	05_1_5_tran_A_marker	fig:heatmap-5-tran-a-marker	1.5 Transitive A marker	07_sov_gn_ac_d_no	sov	gn	nom-acc	deranking	nomn	sov	SV	APV	100	14	0.14
1_5_tran_A_marker	05_1_5_tran_A_marker	fig:heatmap-5-tran-a-marker	1.5 Transitive A marker	08_sov_gn_er_b_se	sov	gn	erg-abs	balancing	sent	sov	SV	APV	100	53	0.53
1_5_tran_A_marker	05_1_5_tran_A_marker	fig:heatmap-5-tran-a-marker	1.5 Transitive A marker	09_sov_gn_er_b_pa	sov	gn	erg-abs	balancing	poss-acc	sov	SV	APV	100	53	0.53
1_5_tran_A_marker	05_1_5_tran_A_marker	fig:heatmap-5-tran-a-marker	1.5 Transitive A marker	10_sov_gn_er_b_ep	sov	gn	erg-abs	balancing	erg-poss	sov	SV	APV	100	52	0.52
1_5_tran_A_marker	05_1_5_tran_A_marker	fig:heatmap-5-tran-a-marker	1.5 Transitive A marker	11_sov_gn_er_b_no	sov	gn	erg-abs	balancing	nomn	sov	SV	APV	100	52	0.52
1_5_tran_A_marker	05_1_5_tran_A_marker	fig:heatmap-5-tran-a-marker	1.5 Transitive A marker	12_sov_gn_er_d_se	sov	gn	erg-abs	deranking	sent	sov	SV	APV	100	53	0.53
1_5_tran_A_marker	05_1_5_tran_A_marker	fig:heatmap-5-tran-a-marker	1.5 Transitive A marker	13_sov_gn_er_d_pa	sov	gn	erg-abs	deranking	poss-acc	sov	SV	APV	100	53	0.53
1_5_tran_A_marker	05_1_5_tran_A_marker	fig:heatmap-5-tran-a-marker	1.5 Transitive A marker	14_sov_gn_er_d_ep	sov	gn	erg-abs	deranking	erg-poss	sov	SV	APV	100	52	0.52
1_5_tran_A_marker	05_1_5_tran_A_marker	fig:heatmap-5-tran-a-marker	1.5 Transitive A marker	15_sov_gn_er_d_no	sov	gn	erg-abs	deranking	nomn	sov	SV	APV	100	52	0.52
1_5_tran_A_marker	05_1_5_tran_A_marker	fig:heatmap-5-tran-a-marker	1.5 Transitive A marker	16_sov_ng_ac_b_se	sov	ng	nom-acc	balancing	sent	sov	SV	APV	100	4	0.04
1_5_tran_A_marker	05_1_5_tran_A_marker	fig:heatmap-5-tran-a-marker	1.5 Transitive A marker	17_sov_ng_ac_b_pa	sov	ng	nom-acc	balancing	poss-acc	ovs	VS	PVA	100	4	0.04
1_5_tran_A_marker	05_1_5_tran_A_marker	fig:heatmap-5-tran-a-marker	1.5 Transitive A marker	18_sov_ng_ac_b_ep	sov	ng	nom-acc	balancing	erg-poss	vos	VS	AVP	100	4	0.04
1_5_tran_A_marker	05_1_5_tran_A_marker	fig:heatmap-5-tran-a-marker	1.5 Transitive A marker	19_sov_ng_ac_b_no	sov	ng	nom-acc	balancing	nomn	ovs	VS	PVA	100	4	0.04
1_5_tran_A_marker	05_1_5_tran_A_marker	fig:heatmap-5-tran-a-marker	1.5 Transitive A marker	20_sov_ng_ac_d_se	sov	ng	nom-acc	deranking	sent	sov	SV	APV	100	4	0.04
1_5_tran_A_marker	05_1_5_tran_A_marker	fig:heatmap-5-tran-a-marker	1.5 Transitive A marker	21_sov_ng_ac_d_pa	sov	ng	nom-acc	deranking	poss-acc	ovs	VS	PVA	100	4	0.04
1_5_tran_A_marker	05_1_5_tran_A_marker	fig:heatmap-5-tran-a-marker	1.5 Transitive A marker	22_sov_ng_ac_d_ep	sov	ng	nom-acc	deranking	erg-poss	vos	VS	AVP	100	4	0.04
1_5_tran_A_marker	05_1_5_tran_A_marker	fig:heatmap-5-tran-a-marker	1.5 Transitive A marker	23_sov_ng_ac_d_no	sov	ng	nom-acc	deranking	nomn	ovs	VS	PVA	100	4	0.04
1_5_tran_A_marker	05_1_5_tran_A_marker	fig:heatmap-5-tran-a-marker	1.5 Transitive A marker	24_sov_ng_er_b_se	sov	ng	erg-abs	balancing	sent	sov	SV	APV	100	2	0.02
1_5_tran_A_marker	05_1_5_tran_A_marker	fig:heatmap-5-tran-a-marker	1.5 Transitive A marker	25_sov_ng_er_b_pa	sov	ng	erg-abs	balancing	poss-acc	ovs	VS	PVA	100	3	0.03
1_5_tran_A_marker	05_1_5_tran_A_marker	fig:heatmap-5-tran-a-marker	1.5 Transitive A marker	26_sov_ng_er_b_ep	sov	ng	erg-abs	balancing	erg-poss	vos	VS	AVP	100	1	0.01
1_5_tran_A_marker	05_1_5_tran_A_marker	fig:heatmap-5-tran-a-marker	1.5 Transitive A marker	27_sov_ng_er_b_no	sov	ng	erg-abs	balancing	nomn	ovs	VS	PVA	100	1	0.01
1_5_tran_A_marker	05_1_5_tran_A_marker	fig:heatmap-5-tran-a-marker	1.5 Transitive A marker	28_sov_ng_er_d_se	sov	ng	erg-abs	deranking	sent	sov	SV	APV	100	2	0.02
1_5_tran_A_marker	05_1_5_tran_A_marker	fig:heatmap-5-tran-a-marker	1.5 Transitive A marker	29_sov_ng_er_d_pa	sov	ng	erg-abs	deranking	poss-acc	ovs	VS	PVA	100	3	0.03
1_5_tran_A_marker	05_1_5_tran_A_marker	fig:heatmap-5-tran-a-marker	1.5 Transitive A marker	30_sov_ng_er_d_ep	sov	ng	erg-abs	deranking	erg-poss	vos	VS	AVP	100	1	0.01
1_5_tran_A_marker	05_1_5_tran_A_marker	fig:heatmap-5-tran-a-marker	1.5 Transitive A marker	31_sov_ng_er_d_no	sov	ng	erg-abs	deranking	nomn	ovs	VS	PVA	100	1	0.01
1_5_tran_A_marker	05_1_5_tran_A_marker	fig:heatmap-5-tran-a-marker	1.5 Transitive A marker	32_svo_gn_ac_b_se	svo	gn	nom-acc	balancing	sent	svo	SV	AVP	100	4	0.04
1_5_tran_A_marker	05_1_5_tran_A_marker	fig:heatmap-5-tran-a-marker	1.5 Transitive A marker	33_svo_gn_ac_b_pa	svo	gn	nom-acc	balancing	poss-acc	svo	SV	AVP	100	4	0.04
1_5_tran_A_marker	05_1_5_tran_A_marker	fig:heatmap-5-tran-a-marker	1.5 Transitive A marker	34_svo_gn_ac_b_ep	svo	gn	nom-acc	balancing	erg-poss	sov	SV	PVA	100	4	0.04
1_5_tran_A_marker	05_1_5_tran_A_marker	fig:heatmap-5-tran-a-marker	1.5 Transitive A marker	35_svo_gn_ac_b_no	svo	gn	nom-acc	balancing	nomn	svo	SV	AVP	100	4	0.04
1_5_tran_A_marker	05_1_5_tran_A_marker	fig:heatmap-5-tran-a-marker	1.5 Transitive A marker	36_svo_gn_ac_d_se	svo	gn	nom-acc	deranking	sent	svo	SV	AVP	100	4	0.04
1_5_tran_A_marker	05_1_5_tran_A_marker	fig:heatmap-5-tran-a-marker	1.5 Transitive A marker	37_svo_gn_ac_d_pa	svo	gn	nom-acc	deranking	poss-acc	svo	SV	AVP	100	4	0.04
1_5_tran_A_marker	05_1_5_tran_A_marker	fig:heatmap-5-tran-a-marker	1.5 Transitive A marker	38_svo_gn_ac_d_ep	svo	gn	nom-acc	deranking	erg-poss	sov	SV	PVA	100	4	0.04
1_5_tran_A_marker	05_1_5_tran_A_marker	fig:heatmap-5-tran-a-marker	1.5 Transitive A marker	39_svo_gn_ac_d_no	svo	gn	nom-acc	deranking	nomn	svo	SV	AVP	100	4	0.04
1_5_tran_A_marker	05_1_5_tran_A_marker	fig:heatmap-5-tran-a-marker	1.5 Transitive A marker	40_svo_gn_er_b_se	svo	gn	erg-abs	balancing	sent	svo	SV	AVP	100	0	0.0
1_5_tran_A_marker	05_1_5_tran_A_marker	fig:heatmap-5-tran-a-marker	1.5 Transitive A marker	41_svo_gn_er_b_pa	svo	gn	erg-abs	balancing	poss-acc	svo	SV	AVP	100	0	0.0
1_5_tran_A_marker	05_1_5_tran_A_marker	fig:heatmap-5-tran-a-marker	1.5 Transitive A marker	42_svo_gn_er_b_ep	svo	gn	erg-abs	balancing	erg-poss	sov	SV	PVA	100	0	0.0
1_5_tran_A_marker	05_1_5_tran_A_marker	fig:heatmap-5-tran-a-marker	1.5 Transitive A marker	43_svo_gn_er_b_no	svo	gn	erg-abs	balancing	nomn	svo	SV	AVP	100	0	0.0
1_5_tran_A_marker	05_1_5_tran_A_marker	fig:heatmap-5-tran-a-marker	1.5 Transitive A marker	44_svo_gn_er_d_se	svo	gn	erg-abs	deranking	sent	svo	SV	AVP	100	0	0.0
1_5_tran_A_marker	05_1_5_tran_A_marker	fig:heatmap-5-tran-a-marker	1.5 Transitive A marker	45_svo_gn_er_d_pa	svo	gn	erg-abs	deranking	poss-acc	svo	SV	AVP	100	0	0.0
1_5_tran_A_marker	05_1_5_tran_A_marker	fig:heatmap-5-tran-a-marker	1.5 Transitive A marker	46_svo_gn_er_d_ep	svo	gn	erg-abs	deranking	erg-poss	sov	SV	PVA	100	0	0.0
1_5_tran_A_marker	05_1_5_tran_A_marker	fig:heatmap-5-tran-a-marker	1.5 Transitive A marker	47_svo_gn_er_d_no	svo	gn	erg-abs	deranking	nomn	svo	SV	AVP	100	0	0.0
1_5_tran_A_marker	05_1_5_tran_A_marker	fig:heatmap-5-tran-a-marker	1.5 Transitive A marker	48_svo_ng_ac_b_se	svo	ng	nom-acc	balancing	sent	svo	SV	AVP	100	4	0.04
1_5_tran_A_marker	05_1_5_tran_A_marker	fig:heatmap-5-tran-a-marker	1.5 Transitive A marker	49_svo_ng_ac_b_pa	svo	ng	nom-acc	balancing	poss-acc	vos	VS	VPA	100	4	0.04
1_5_tran_A_marker	05_1_5_tran_A_marker	fig:heatmap-5-tran-a-marker	1.5 Transitive A marker	50_svo_ng_ac_b_ep	svo	ng	nom-acc	balancing	erg-poss	vos	VS	VPA	100	4	0.04
1_5_tran_A_marker	05_1_5_tran_A_marker	fig:heatmap-5-tran-a-marker	1.5 Transitive A marker	51_svo_ng_ac_b_no	svo	ng	nom-acc	balancing	nomn	vos	VS	VPA	100	4	0.04
1_5_tran_A_marker	05_1_5_tran_A_marker	fig:heatmap-5-tran-a-marker	1.5 Transitive A marker	52_svo_ng_ac_d_se	svo	ng	nom-acc	deranking	sent	svo	SV	AVP	100	4	0.04
1_5_tran_A_marker	05_1_5_tran_A_marker	fig:heatmap-5-tran-a-marker	1.5 Transitive A marker	53_svo_ng_ac_d_pa	svo	ng	nom-acc	deranking	poss-acc	vos	VS	VPA	100	4	0.04
1_5_tran_A_marker	05_1_5_tran_A_marker	fig:heatmap-5-tran-a-marker	1.5 Transitive A marker	54_svo_ng_ac_d_ep	svo	ng	nom-acc	deranking	erg-poss	vos	VS	VPA	100	4	0.04
1_5_tran_A_marker	05_1_5_tran_A_marker	fig:heatmap-5-tran-a-marker	1.5 Transitive A marker	55_svo_ng_ac_d_no	svo	ng	nom-acc	deranking	nomn	vos	VS	VPA	100	4	0.04
1_5_tran_A_marker	05_1_5_tran_A_marker	fig:heatmap-5-tran-a-marker	1.5 Transitive A marker	56_svo_ng_er_b_se	svo	ng	erg-abs	balancing	sent	svo	SV	AVP	100	0	0.0
1_5_tran_A_marker	05_1_5_tran_A_marker	fig:heatmap-5-tran-a-marker	1.5 Transitive A marker	57_svo_ng_er_b_pa	svo	ng	erg-abs	balancing	poss-acc	vos	VS	VPA	100	0	0.0
1_5_tran_A_marker	05_1_5_tran_A_marker	fig:heatmap-5-tran-a-marker	1.5 Transitive A marker	58_svo_ng_er_b_ep	svo	ng	erg-abs	balancing	erg-poss	vos	VS	VPA	100	0	0.0
1_5_tran_A_marker	05_1_5_tran_A_marker	fig:heatmap-5-tran-a-marker	1.5 Transitive A marker	59_svo_ng_er_b_no	svo	ng	erg-abs	balancing	nomn	vos	VS	VPA	100	0	0.0
1_5_tran_A_marker	05_1_5_tran_A_marker	fig:heatmap-5-tran-a-marker	1.5 Transitive A marker	60_svo_ng_er_d_se	svo	ng	erg-abs	deranking	sent	svo	SV	AVP	100	0	0.0
1_5_tran_A_marker	05_1_5_tran_A_marker	fig:heatmap-5-tran-a-marker	1.5 Transitive A marker	61_svo_ng_er_d_pa	svo	ng	erg-abs	deranking	poss-acc	vos	VS	VPA	100	0	0.0
1_5_tran_A_marker	05_1_5_tran_A_marker	fig:heatmap-5-tran-a-marker	1.5 Transitive A marker	62_svo_ng_er_d_ep	svo	ng	erg-abs	deranking	erg-poss	vos	VS	VPA	100	0	0.0
1_5_tran_A_marker	05_1_5_tran_A_marker	fig:heatmap-5-tran-a-marker	1.5 Transitive A marker	63_svo_ng_er_d_no	svo	ng	erg-abs	deranking	nomn	vos	VS	VPA	100	0	0.0
1_5_tran_A_marker	05_1_5_tran_A_marker	fig:heatmap-5-tran-a-marker	1.5 Transitive A marker	64_vos_gn_ac_b_se	vos	gn	nom-acc	balancing	sent	vos	VS	VPA	100	4	0.04
1_5_tran_A_marker	05_1_5_tran_A_marker	fig:heatmap-5-tran-a-marker	1.5 Transitive A marker	65_vos_gn_ac_b_pa	vos	gn	nom-acc	balancing	poss-acc	svo	SV	AVP	100	4	0.04
1_5_tran_A_marker	05_1_5_tran_A_marker	fig:heatmap-5-tran-a-marker	1.5 Transitive A marker	66_vos_gn_ac_b_ep	vos	gn	nom-acc	balancing	erg-poss	sov	SV	PVA	100	4	0.04
1_5_tran_A_marker	05_1_5_tran_A_marker	fig:heatmap-5-tran-a-marker	1.5 Transitive A marker	67_vos_gn_ac_b_no	vos	gn	nom-acc	balancing	nomn	svo	SV	AVP	100	4	0.04
1_5_tran_A_marker	05_1_5_tran_A_marker	fig:heatmap-5-tran-a-marker	1.5 Transitive A marker	68_vos_gn_ac_d_se	vos	gn	nom-acc	deranking	sent	vos	VS	VPA	100	4	0.04
1_5_tran_A_marker	05_1_5_tran_A_marker	fig:heatmap-5-tran-a-marker	1.5 Transitive A marker	69_vos_gn_ac_d_pa	vos	gn	nom-acc	deranking	poss-acc	svo	SV	AVP	100	4	0.04
1_5_tran_A_marker	05_1_5_tran_A_marker	fig:heatmap-5-tran-a-marker	1.5 Transitive A marker	70_vos_gn_ac_d_ep	vos	gn	nom-acc	deranking	erg-poss	sov	SV	PVA	100	4	0.04
1_5_tran_A_marker	05_1_5_tran_A_marker	fig:heatmap-5-tran-a-marker	1.5 Transitive A marker	71_vos_gn_ac_d_no	vos	gn	nom-acc	deranking	nomn	svo	SV	AVP	100	4	0.04
1_5_tran_A_marker	05_1_5_tran_A_marker	fig:heatmap-5-tran-a-marker	1.5 Transitive A marker	72_vos_gn_er_b_se	vos	gn	erg-abs	balancing	sent	vos	VS	VPA	100	2	0.02
1_5_tran_A_marker	05_1_5_tran_A_marker	fig:heatmap-5-tran-a-marker	1.5 Transitive A marker	73_vos_gn_er_b_pa	vos	gn	erg-abs	balancing	poss-acc	svo	SV	AVP	100	3	0.03
1_5_tran_A_marker	05_1_5_tran_A_marker	fig:heatmap-5-tran-a-marker	1.5 Transitive A marker	74_vos_gn_er_b_ep	vos	gn	erg-abs	balancing	erg-poss	sov	SV	PVA	100	1	0.01
1_5_tran_A_marker	05_1_5_tran_A_marker	fig:heatmap-5-tran-a-marker	1.5 Transitive A marker	75_vos_gn_er_b_no	vos	gn	erg-abs	balancing	nomn	svo	SV	AVP	100	1	0.01
1_5_tran_A_marker	05_1_5_tran_A_marker	fig:heatmap-5-tran-a-marker	1.5 Transitive A marker	76_vos_gn_er_d_se	vos	gn	erg-abs	deranking	sent	vos	VS	VPA	100	2	0.02
1_5_tran_A_marker	05_1_5_tran_A_marker	fig:heatmap-5-tran-a-marker	1.5 Transitive A marker	77_vos_gn_er_d_pa	vos	gn	erg-abs	deranking	poss-acc	svo	SV	AVP	100	3	0.03
1_5_tran_A_marker	05_1_5_tran_A_marker	fig:heatmap-5-tran-a-marker	1.5 Transitive A marker	78_vos_gn_er_d_ep	vos	gn	erg-abs	deranking	erg-poss	sov	SV	PVA	100	1	0.01
1_5_tran_A_marker	05_1_5_tran_A_marker	fig:heatmap-5-tran-a-marker	1.5 Transitive A marker	79_vos_gn_er_d_no	vos	gn	erg-abs	deranking	nomn	svo	SV	AVP	100	1	0.01
1_5_tran_A_marker	05_1_5_tran_A_marker	fig:heatmap-5-tran-a-marker	1.5 Transitive A marker	80_vos_ng_ac_b_se	vos	ng	nom-acc	balancing	sent	vos	VS	VPA	100	14	0.14
1_5_tran_A_marker	05_1_5_tran_A_marker	fig:heatmap-5-tran-a-marker	1.5 Transitive A marker	81_vos_ng_ac_b_pa	vos	ng	nom-acc	balancing	poss-acc	vos	VS	VPA	100	14	0.14
1_5_tran_A_marker	05_1_5_tran_A_marker	fig:heatmap-5-tran-a-marker	1.5 Transitive A marker	82_vos_ng_ac_b_ep	vos	ng	nom-acc	balancing	erg-poss	vos	VS	VPA	100	14	0.14
1_5_tran_A_marker	05_1_5_tran_A_marker	fig:heatmap-5-tran-a-marker	1.5 Transitive A marker	83_vos_ng_ac_b_no	vos	ng	nom-acc	balancing	nomn	vos	VS	VPA	100	14	0.14
1_5_tran_A_marker	05_1_5_tran_A_marker	fig:heatmap-5-tran-a-marker	1.5 Transitive A marker	84_vos_ng_ac_d_se	vos	ng	nom-acc	deranking	sent	vos	VS	VPA	100	14	0.14
1_5_tran_A_marker	05_1_5_tran_A_marker	fig:heatmap-5-tran-a-marker	1.5 Transitive A marker	85_vos_ng_ac_d_pa	vos	ng	nom-acc	deranking	poss-acc	vos	VS	VPA	100	14	0.14
1_5_tran_A_marker	05_1_5_tran_A_marker	fig:heatmap-5-tran-a-marker	1.5 Transitive A marker	86_vos_ng_ac_d_ep	vos	ng	nom-acc	deranking	erg-poss	vos	VS	VPA	100	14	0.14
1_5_tran_A_marker	05_1_5_tran_A_marker	fig:heatmap-5-tran-a-marker	1.5 Transitive A marker	87_vos_ng_ac_d_no	vos	ng	nom-acc	deranking	nomn	vos	VS	VPA	100	14	0.14
1_5_tran_A_marker	05_1_5_tran_A_marker	fig:heatmap-5-tran-a-marker	1.5 Transitive A marker	88_vos_ng_er_b_se	vos	ng	erg-abs	balancing	sent	vos	VS	VPA	100	53	0.53
1_5_tran_A_marker	05_1_5_tran_A_marker	fig:heatmap-5-tran-a-marker	1.5 Transitive A marker	89_vos_ng_er_b_pa	vos	ng	erg-abs	balancing	poss-acc	vos	VS	VPA	100	53	0.53
1_5_tran_A_marker	05_1_5_tran_A_marker	fig:heatmap-5-tran-a-marker	1.5 Transitive A marker	90_vos_ng_er_b_ep	vos	ng	erg-abs	balancing	erg-poss	vos	VS	VPA	100	52	0.52
1_5_tran_A_marker	05_1_5_tran_A_marker	fig:heatmap-5-tran-a-marker	1.5 Transitive A marker	91_vos_ng_er_b_no	vos	ng	erg-abs	balancing	nomn	vos	VS	VPA	100	52	0.52
1_5_tran_A_marker	05_1_5_tran_A_marker	fig:heatmap-5-tran-a-marker	1.5 Transitive A marker	92_vos_ng_er_d_se	vos	ng	erg-abs	deranking	sent	vos	VS	VPA	100	53	0.53
1_5_tran_A_marker	05_1_5_tran_A_marker	fig:heatmap-5-tran-a-marker	1.5 Transitive A marker	93_vos_ng_er_d_pa	vos	ng	erg-abs	deranking	poss-acc	vos	VS	VPA	100	53	0.53
1_5_tran_A_marker	05_1_5_tran_A_marker	fig:heatmap-5-tran-a-marker	1.5 Transitive A marker	94_vos_ng_er_d_ep	vos	ng	erg-abs	deranking	erg-poss	vos	VS	VPA	100	52	0.52
1_5_tran_A_marker	05_1_5_tran_A_marker	fig:heatmap-5-tran-a-marker	1.5 Transitive A marker	95_vos_ng_er_d_no	vos	ng	erg-abs	deranking	nomn	vos	VS	VPA	100	52	0.52
1_6_tran_P_marker	06_1_6_tran_P_marker	fig:heatmap-6-tran-p-marker	1.6 Transitive P marker	00_sov_gn_ac_b_se	sov	gn	nom-acc	balancing	sent	sov	SV	APV	100	0	0.0
1_6_tran_P_marker	06_1_6_tran_P_marker	fig:heatmap-6-tran-p-marker	1.6 Transitive P marker	01_sov_gn_ac_b_pa	sov	gn	nom-acc	balancing	poss-acc	sov	SV	APV	100	0	0.0
1_6_tran_P_marker	06_1_6_tran_P_marker	fig:heatmap-6-tran-p-marker	1.6 Transitive P marker	02_sov_gn_ac_b_ep	sov	gn	nom-acc	balancing	erg-poss	sov	SV	APV	100	0	0.0
1_6_tran_P_marker	06_1_6_tran_P_marker	fig:heatmap-6-tran-p-marker	1.6 Transitive P marker	03_sov_gn_ac_b_no	sov	gn	nom-acc	balancing	nomn	sov	SV	APV	100	0	0.0
1_6_tran_P_marker	06_1_6_tran_P_marker	fig:heatmap-6-tran-p-marker	1.6 Transitive P marker	04_sov_gn_ac_d_se	sov	gn	nom-acc	deranking	sent	sov	SV	APV	100	0	0.0
1_6_tran_P_marker	06_1_6_tran_P_marker	fig:heatmap-6-tran-p-marker	1.6 Transitive P marker	05_sov_gn_ac_d_pa	sov	gn	nom-acc	deranking	poss-acc	sov	SV	APV	100	0	0.0
1_6_tran_P_marker	06_1_6_tran_P_marker	fig:heatmap-6-tran-p-marker	1.6 Transitive P marker	06_sov_gn_ac_d_ep	sov	gn	nom-acc	deranking	erg-poss	sov	SV	APV	100	0	0.0
1_6_tran_P_marker	06_1_6_tran_P_marker	fig:heatmap-6-tran-p-marker	1.6 Transitive P marker	07_sov_gn_ac_d_no	sov	gn	nom-acc	deranking	nomn	sov	SV	APV	100	0	0.0
1_6_tran_P_marker	06_1_6_tran_P_marker	fig:heatmap-6-tran-p-marker	1.6 Transitive P marker	08_sov_gn_er_b_se	sov	gn	erg-abs	balancing	sent	sov	SV	APV	100	3	0.03
1_6_tran_P_marker	06_1_6_tran_P_marker	fig:heatmap-6-tran-p-marker	1.6 Transitive P marker	09_sov_gn_er_b_pa	sov	gn	erg-abs	balancing	poss-acc	sov	SV	APV	100	3	0.03
1_6_tran_P_marker	06_1_6_tran_P_marker	fig:heatmap-6-tran-p-marker	1.6 Transitive P marker	10_sov_gn_er_b_ep	sov	gn	erg-abs	balancing	erg-poss	sov	SV	APV	100	3	0.03
1_6_tran_P_marker	06_1_6_tran_P_marker	fig:heatmap-6-tran-p-marker	1.6 Transitive P marker	11_sov_gn_er_b_no	sov	gn	erg-abs	balancing	nomn	sov	SV	APV	100	3	0.03
1_6_tran_P_marker	06_1_6_tran_P_marker	fig:heatmap-6-tran-p-marker	1.6 Transitive P marker	12_sov_gn_er_d_se	sov	gn	erg-abs	deranking	sent	sov	SV	APV	100	3	0.03
1_6_tran_P_marker	06_1_6_tran_P_marker	fig:heatmap-6-tran-p-marker	1.6 Transitive P marker	13_sov_gn_er_d_pa	sov	gn	erg-abs	deranking	poss-acc	sov	SV	APV	100	3	0.03
1_6_tran_P_marker	06_1_6_tran_P_marker	fig:heatmap-6-tran-p-marker	1.6 Transitive P marker	14_sov_gn_er_d_ep	sov	gn	erg-abs	deranking	erg-poss	sov	SV	APV	100	3	0.03
1_6_tran_P_marker	06_1_6_tran_P_marker	fig:heatmap-6-tran-p-marker	1.6 Transitive P marker	15_sov_gn_er_d_no	sov	gn	erg-abs	deranking	nomn	sov	SV	APV	100	3	0.03
1_6_tran_P_marker	06_1_6_tran_P_marker	fig:heatmap-6-tran-p-marker	1.6 Transitive P marker	16_sov_ng_ac_b_se	sov	ng	nom-acc	balancing	sent	sov	SV	APV	100	50	0.5
1_6_tran_P_marker	06_1_6_tran_P_marker	fig:heatmap-6-tran-p-marker	1.6 Transitive P marker	17_sov_ng_ac_b_pa	sov	ng	nom-acc	balancing	poss-acc	ovs	VS	PVA	100	50	0.5
1_6_tran_P_marker	06_1_6_tran_P_marker	fig:heatmap-6-tran-p-marker	1.6 Transitive P marker	18_sov_ng_ac_b_ep	sov	ng	nom-acc	balancing	erg-poss	vos	VS	AVP	100	50	0.5
1_6_tran_P_marker	06_1_6_tran_P_marker	fig:heatmap-6-tran-p-marker	1.6 Transitive P marker	19_sov_ng_ac_b_no	sov	ng	nom-acc	balancing	nomn	ovs	VS	PVA	100	50	0.5
1_6_tran_P_marker	06_1_6_tran_P_marker	fig:heatmap-6-tran-p-marker	1.6 Transitive P marker	20_sov_ng_ac_d_se	sov	ng	nom-acc	deranking	sent	sov	SV	APV	100	50	0.5
1_6_tran_P_marker	06_1_6_tran_P_marker	fig:heatmap-6-tran-p-marker	1.6 Transitive P marker	21_sov_ng_ac_d_pa	sov	ng	nom-acc	deranking	poss-acc	ovs	VS	PVA	100	50	0.5
1_6_tran_P_marker	06_1_6_tran_P_marker	fig:heatmap-6-tran-p-marker	1.6 Transitive P marker	22_sov_ng_ac_d_ep	sov	ng	nom-acc	deranking	erg-poss	vos	VS	AVP	100	50	0.5
1_6_tran_P_marker	06_1_6_tran_P_marker	fig:heatmap-6-tran-p-marker	1.6 Transitive P marker	23_sov_ng_ac_d_no	sov	ng	nom-acc	deranking	nomn	ovs	VS	PVA	100	50	0.5
1_6_tran_P_marker	06_1_6_tran_P_marker	fig:heatmap-6-tran-p-marker	1.6 Transitive P marker	24_sov_ng_er_b_se	sov	ng	erg-abs	balancing	sent	sov	SV	APV	100	11	0.11
1_6_tran_P_marker	06_1_6_tran_P_marker	fig:heatmap-6-tran-p-marker	1.6 Transitive P marker	25_sov_ng_er_b_pa	sov	ng	erg-abs	balancing	poss-acc	ovs	VS	PVA	100	11	0.11
1_6_tran_P_marker	06_1_6_tran_P_marker	fig:heatmap-6-tran-p-marker	1.6 Transitive P marker	26_sov_ng_er_b_ep	sov	ng	erg-abs	balancing	erg-poss	vos	VS	AVP	100	11	0.11
1_6_tran_P_marker	06_1_6_tran_P_marker	fig:heatmap-6-tran-p-marker	1.6 Transitive P marker	27_sov_ng_er_b_no	sov	ng	erg-abs	balancing	nomn	ovs	VS	PVA	100	11	0.11
1_6_tran_P_marker	06_1_6_tran_P_marker	fig:heatmap-6-tran-p-marker	1.6 Transitive P marker	28_sov_ng_er_d_se	sov	ng	erg-abs	deranking	sent	sov	SV	APV	100	11	0.11
1_6_tran_P_marker	06_1_6_tran_P_marker	fig:heatmap-6-tran-p-marker	1.6 Transitive P marker	29_sov_ng_er_d_pa	sov	ng	erg-abs	deranking	poss-acc	ovs	VS	PVA	100	11	0.11
1_6_tran_P_marker	06_1_6_tran_P_marker	fig:heatmap-6-tran-p-marker	1.6 Transitive P marker	30_sov_ng_er_d_ep	sov	ng	erg-abs	deranking	erg-poss	vos	VS	AVP	100	11	0.11
1_6_tran_P_marker	06_1_6_tran_P_marker	fig:heatmap-6-tran-p-marker	1.6 Transitive P marker	31_sov_ng_er_d_no	sov	ng	erg-abs	deranking	nomn	ovs	VS	PVA	100	11	0.11
1_6_tran_P_marker	06_1_6_tran_P_marker	fig:heatmap-6-tran-p-marker	1.6 Transitive P marker	32_svo_gn_ac_b_se	svo	gn	nom-acc	balancing	sent	svo	SV	AVP	100	0	0.0
1_6_tran_P_marker	06_1_6_tran_P_marker	fig:heatmap-6-tran-p-marker	1.6 Transitive P marker	33_svo_gn_ac_b_pa	svo	gn	nom-acc	balancing	poss-acc	svo	SV	AVP	100	0	0.0
1_6_tran_P_marker	06_1_6_tran_P_marker	fig:heatmap-6-tran-p-marker	1.6 Transitive P marker	34_svo_gn_ac_b_ep	svo	gn	nom-acc	balancing	erg-poss	sov	SV	PVA	100	0	0.0
1_6_tran_P_marker	06_1_6_tran_P_marker	fig:heatmap-6-tran-p-marker	1.6 Transitive P marker	35_svo_gn_ac_b_no	svo	gn	nom-acc	balancing	nomn	svo	SV	AVP	100	0	0.0
1_6_tran_P_marker	06_1_6_tran_P_marker	fig:heatmap-6-tran-p-marker	1.6 Transitive P marker	36_svo_gn_ac_d_se	svo	gn	nom-acc	deranking	sent	svo	SV	AVP	100	0	0.0
1_6_tran_P_marker	06_1_6_tran_P_marker	fig:heatmap-6-tran-p-marker	1.6 Transitive P marker	37_svo_gn_ac_d_pa	svo	gn	nom-acc	deranking	poss-acc	svo	SV	AVP	100	0	0.0
1_6_tran_P_marker	06_1_6_tran_P_marker	fig:heatmap-6-tran-p-marker	1.6 Transitive P marker	38_svo_gn_ac_d_ep	svo	gn	nom-acc	deranking	erg-poss	sov	SV	PVA	100	0	0.0
1_6_tran_P_marker	06_1_6_tran_P_marker	fig:heatmap-6-tran-p-marker	1.6 Transitive P marker	39_svo_gn_ac_d_no	svo	gn	nom-acc	deranking	nomn	svo	SV	AVP	100	0	0.0
1_6_tran_P_marker	06_1_6_tran_P_marker	fig:heatmap-6-tran-p-marker	1.6 Transitive P marker	40_svo_gn_er_b_se	svo	gn	erg-abs	balancing	sent	svo	SV	AVP	100	3	0.03
1_6_tran_P_marker	06_1_6_tran_P_marker	fig:heatmap-6-tran-p-marker	1.6 Transitive P marker	41_svo_gn_er_b_pa	svo	gn	erg-abs	balancing	poss-acc	svo	SV	AVP	100	3	0.03
1_6_tran_P_marker	06_1_6_tran_P_marker	fig:heatmap-6-tran-p-marker	1.6 Transitive P marker	42_svo_gn_er_b_ep	svo	gn	erg-abs	balancing	erg-poss	sov	SV	PVA	100	3	0.03
1_6_tran_P_marker	06_1_6_tran_P_marker	fig:heatmap-6-tran-p-marker	1.6 Transitive P marker	43_svo_gn_er_b_no	svo	gn	erg-abs	balancing	nomn	svo	SV	AVP	100	3	0.03
1_6_tran_P_marker	06_1_6_tran_P_marker	fig:heatmap-6-tran-p-marker	1.6 Transitive P marker	44_svo_gn_er_d_se	svo	gn	erg-abs	deranking	sent	svo	SV	AVP	100	3	0.03
1_6_tran_P_marker	06_1_6_tran_P_marker	fig:heatmap-6-tran-p-marker	1.6 Transitive P marker	45_svo_gn_er_d_pa	svo	gn	erg-abs	deranking	poss-acc	svo	SV	AVP	100	3	0.03
1_6_tran_P_marker	06_1_6_tran_P_marker	fig:heatmap-6-tran-p-marker	1.6 Transitive P marker	46_svo_gn_er_d_ep	svo	gn	erg-abs	deranking	erg-poss	sov	SV	PVA	100	3	0.03
1_6_tran_P_marker	06_1_6_tran_P_marker	fig:heatmap-6-tran-p-marker	1.6 Transitive P marker	47_svo_gn_er_d_no	svo	gn	erg-abs	deranking	nomn	svo	SV	AVP	100	3	0.03
1_6_tran_P_marker	06_1_6_tran_P_marker	fig:heatmap-6-tran-p-marker	1.6 Transitive P marker	48_svo_ng_ac_b_se	svo	ng	nom-acc	balancing	sent	svo	SV	AVP	100	0	0.0
1_6_tran_P_marker	06_1_6_tran_P_marker	fig:heatmap-6-tran-p-marker	1.6 Transitive P marker	49_svo_ng_ac_b_pa	svo	ng	nom-acc	balancing	poss-acc	vos	VS	VPA	100	0	0.0
1_6_tran_P_marker	06_1_6_tran_P_marker	fig:heatmap-6-tran-p-marker	1.6 Transitive P marker	50_svo_ng_ac_b_ep	svo	ng	nom-acc	balancing	erg-poss	vos	VS	VPA	100	0	0.0
1_6_tran_P_marker	06_1_6_tran_P_marker	fig:heatmap-6-tran-p-marker	1.6 Transitive P marker	51_svo_ng_ac_b_no	svo	ng	nom-acc	balancing	nomn	vos	VS	VPA	100	0	0.0
1_6_tran_P_marker	06_1_6_tran_P_marker	fig:heatmap-6-tran-p-marker	1.6 Transitive P marker	52_svo_ng_ac_d_se	svo	ng	nom-acc	deranking	sent	svo	SV	AVP	100	0	0.0
1_6_tran_P_marker	06_1_6_tran_P_marker	fig:heatmap-6-tran-p-marker	1.6 Transitive P marker	53_svo_ng_ac_d_pa	svo	ng	nom-acc	deranking	poss-acc	vos	VS	VPA	100	0	0.0
1_6_tran_P_marker	06_1_6_tran_P_marker	fig:heatmap-6-tran-p-marker	1.6 Transitive P marker	54_svo_ng_ac_d_ep	svo	ng	nom-acc	deranking	erg-poss	vos	VS	VPA	100	0	0.0
1_6_tran_P_marker	06_1_6_tran_P_marker	fig:heatmap-6-tran-p-marker	1.6 Transitive P marker	55_svo_ng_ac_d_no	svo	ng	nom-acc	deranking	nomn	vos	VS	VPA	100	0	0.0
1_6_tran_P_marker	06_1_6_tran_P_marker	fig:heatmap-6-tran-p-marker	1.6 Transitive P marker	56_svo_ng_er_b_se	svo	ng	erg-abs	balancing	sent	svo	SV	AVP	100	3	0.03
1_6_tran_P_marker	06_1_6_tran_P_marker	fig:heatmap-6-tran-p-marker	1.6 Transitive P marker	57_svo_ng_er_b_pa	svo	ng	erg-abs	balancing	poss-acc	vos	VS	VPA	100	3	0.03
1_6_tran_P_marker	06_1_6_tran_P_marker	fig:heatmap-6-tran-p-marker	1.6 Transitive P marker	58_svo_ng_er_b_ep	svo	ng	erg-abs	balancing	erg-poss	vos	VS	VPA	100	3	0.03
1_6_tran_P_marker	06_1_6_tran_P_marker	fig:heatmap-6-tran-p-marker	1.6 Transitive P marker	59_svo_ng_er_b_no	svo	ng	erg-abs	balancing	nomn	vos	VS	VPA	100	3	0.03
1_6_tran_P_marker	06_1_6_tran_P_marker	fig:heatmap-6-tran-p-marker	1.6 Transitive P marker	60_svo_ng_er_d_se	svo	ng	erg-abs	deranking	sent	svo	SV	AVP	100	3	0.03
1_6_tran_P_marker	06_1_6_tran_P_marker	fig:heatmap-6-tran-p-marker	1.6 Transitive P marker	61_svo_ng_er_d_pa	svo	ng	erg-abs	deranking	poss-acc	vos	VS	VPA	100	3	0.03
1_6_tran_P_marker	06_1_6_tran_P_marker	fig:heatmap-6-tran-p-marker	1.6 Transitive P marker	62_svo_ng_er_d_ep	svo	ng	erg-abs	deranking	erg-poss	vos	VS	VPA	100	3	0.03
1_6_tran_P_marker	06_1_6_tran_P_marker	fig:heatmap-6-tran-p-marker	1.6 Transitive P marker	63_svo_ng_er_d_no	svo	ng	erg-abs	deranking	nomn	vos	VS	VPA	100	3	0.03
1_6_tran_P_marker	06_1_6_tran_P_marker	fig:heatmap-6-tran-p-marker	1.6 Transitive P marker	64_vos_gn_ac_b_se	vos	gn	nom-acc	balancing	sent	vos	VS	VPA	100	50	0.5
1_6_tran_P_marker	06_1_6_tran_P_marker	fig:heatmap-6-tran-p-marker	1.6 Transitive P marker	65_vos_gn_ac_b_pa	vos	gn	nom-acc	balancing	poss-acc	svo	SV	AVP	100	50	0.5
1_6_tran_P_marker	06_1_6_tran_P_marker	fig:heatmap-6-tran-p-marker	1.6 Transitive P marker	66_vos_gn_ac_b_ep	vos	gn	nom-acc	balancing	erg-poss	sov	SV	PVA	100	50	0.5
1_6_tran_P_marker	06_1_6_tran_P_marker	fig:heatmap-6-tran-p-marker	1.6 Transitive P marker	67_vos_gn_ac_b_no	vos	gn	nom-acc	balancing	nomn	svo	SV	AVP	100	50	0.5
1_6_tran_P_marker	06_1_6_tran_P_marker	fig:heatmap-6-tran-p-marker	1.6 Transitive P marker	68_vos_gn_ac_d_se	vos	gn	nom-acc	deranking	sent	vos	VS	VPA	100	50	0.5
1_6_tran_P_marker	06_1_6_tran_P_marker	fig:heatmap-6-tran-p-marker	1.6 Transitive P marker	69_vos_gn_ac_d_pa	vos	gn	nom-acc	deranking	poss-acc	svo	SV	AVP	100	50	0.5
1_6_tran_P_marker	06_1_6_tran_P_marker	fig:heatmap-6-tran-p-marker	1.6 Transitive P marker	70_vos_gn_ac_d_ep	vos	gn	nom-acc	deranking	erg-poss	sov	SV	PVA	100	50	0.5
1_6_tran_P_marker	06_1_6_tran_P_marker	fig:heatmap-6-tran-p-marker	1.6 Transitive P marker	71_vos_gn_ac_d_no	vos	gn	nom-acc	deranking	nomn	svo	SV	AVP	100	50	0.5
1_6_tran_P_marker	06_1_6_tran_P_marker	fig:heatmap-6-tran-p-marker	1.6 Transitive P marker	72_vos_gn_er_b_se	vos	gn	erg-abs	balancing	sent	vos	VS	VPA	100	11	0.11
1_6_tran_P_marker	06_1_6_tran_P_marker	fig:heatmap-6-tran-p-marker	1.6 Transitive P marker	73_vos_gn_er_b_pa	vos	gn	erg-abs	balancing	poss-acc	svo	SV	AVP	100	11	0.11
1_6_tran_P_marker	06_1_6_tran_P_marker	fig:heatmap-6-tran-p-marker	1.6 Transitive P marker	74_vos_gn_er_b_ep	vos	gn	erg-abs	balancing	erg-poss	sov	SV	PVA	100	11	0.11
1_6_tran_P_marker	06_1_6_tran_P_marker	fig:heatmap-6-tran-p-marker	1.6 Transitive P marker	75_vos_gn_er_b_no	vos	gn	erg-abs	balancing	nomn	svo	SV	AVP	100	11	0.11
1_6_tran_P_marker	06_1_6_tran_P_marker	fig:heatmap-6-tran-p-marker	1.6 Transitive P marker	76_vos_gn_er_d_se	vos	gn	erg-abs	deranking	sent	vos	VS	VPA	100	11	0.11
1_6_tran_P_marker	06_1_6_tran_P_marker	fig:heatmap-6-tran-p-marker	1.6 Transitive P marker	77_vos_gn_er_d_pa	vos	gn	erg-abs	deranking	poss-acc	svo	SV	AVP	100	11	0.11
1_6_tran_P_marker	06_1_6_tran_P_marker	fig:heatmap-6-tran-p-marker	1.6 Transitive P marker	78_vos_gn_er_d_ep	vos	gn	erg-abs	deranking	erg-poss	sov	SV	PVA	100	11	0.11
1_6_tran_P_marker	06_1_6_tran_P_marker	fig:heatmap-6-tran-p-marker	1.6 Transitive P marker	79_vos_gn_er_d_no	vos	gn	erg-abs	deranking	nomn	svo	SV	AVP	100	11	0.11
1_6_tran_P_marker	06_1_6_tran_P_marker	fig:heatmap-6-tran-p-marker	1.6 Transitive P marker	80_vos_ng_ac_b_se	vos	ng	nom-acc	balancing	sent	vos	VS	VPA	100	0	0.0
1_6_tran_P_marker	06_1_6_tran_P_marker	fig:heatmap-6-tran-p-marker	1.6 Transitive P marker	81_vos_ng_ac_b_pa	vos	ng	nom-acc	balancing	poss-acc	vos	VS	VPA	100	0	0.0
1_6_tran_P_marker	06_1_6_tran_P_marker	fig:heatmap-6-tran-p-marker	1.6 Transitive P marker	82_vos_ng_ac_b_ep	vos	ng	nom-acc	balancing	erg-poss	vos	VS	VPA	100	0	0.0
1_6_tran_P_marker	06_1_6_tran_P_marker	fig:heatmap-6-tran-p-marker	1.6 Transitive P marker	83_vos_ng_ac_b_no	vos	ng	nom-acc	balancing	nomn	vos	VS	VPA	100	0	0.0
1_6_tran_P_marker	06_1_6_tran_P_marker	fig:heatmap-6-tran-p-marker	1.6 Transitive P marker	84_vos_ng_ac_d_se	vos	ng	nom-acc	deranking	sent	vos	VS	VPA	100	0	0.0
1_6_tran_P_marker	06_1_6_tran_P_marker	fig:heatmap-6-tran-p-marker	1.6 Transitive P marker	85_vos_ng_ac_d_pa	vos	ng	nom-acc	deranking	poss-acc	vos	VS	VPA	100	0	0.0
1_6_tran_P_marker	06_1_6_tran_P_marker	fig:heatmap-6-tran-p-marker	1.6 Transitive P marker	86_vos_ng_ac_d_ep	vos	ng	nom-acc	deranking	erg-poss	vos	VS	VPA	100	0	0.0
1_6_tran_P_marker	06_1_6_tran_P_marker	fig:heatmap-6-tran-p-marker	1.6 Transitive P marker	87_vos_ng_ac_d_no	vos	ng	nom-acc	deranking	nomn	vos	VS	VPA	100	0	0.0
1_6_tran_P_marker	06_1_6_tran_P_marker	fig:heatmap-6-tran-p-marker	1.6 Transitive P marker	88_vos_ng_er_b_se	vos	ng	erg-abs	balancing	sent	vos	VS	VPA	100	3	0.03
1_6_tran_P_marker	06_1_6_tran_P_marker	fig:heatmap-6-tran-p-marker	1.6 Transitive P marker	89_vos_ng_er_b_pa	vos	ng	erg-abs	balancing	poss-acc	vos	VS	VPA	100	3	0.03
1_6_tran_P_marker	06_1_6_tran_P_marker	fig:heatmap-6-tran-p-marker	1.6 Transitive P marker	90_vos_ng_er_b_ep	vos	ng	erg-abs	balancing	erg-poss	vos	VS	VPA	100	3	0.03
1_6_tran_P_marker	06_1_6_tran_P_marker	fig:heatmap-6-tran-p-marker	1.6 Transitive P marker	91_vos_ng_er_b_no	vos	ng	erg-abs	balancing	nomn	vos	VS	VPA	100	3	0.03
1_6_tran_P_marker	06_1_6_tran_P_marker	fig:heatmap-6-tran-p-marker	1.6 Transitive P marker	92_vos_ng_er_d_se	vos	ng	erg-abs	deranking	sent	vos	VS	VPA	100	3	0.03
1_6_tran_P_marker	06_1_6_tran_P_marker	fig:heatmap-6-tran-p-marker	1.6 Transitive P marker	93_vos_ng_er_d_pa	vos	ng	erg-abs	deranking	poss-acc	vos	VS	VPA	100	3	0.03
1_6_tran_P_marker	06_1_6_tran_P_marker	fig:heatmap-6-tran-p-marker	1.6 Transitive P marker	94_vos_ng_er_d_ep	vos	ng	erg-abs	deranking	erg-poss	vos	VS	VPA	100	3	0.03
1_6_tran_P_marker	06_1_6_tran_P_marker	fig:heatmap-6-tran-p-marker	1.6 Transitive P marker	95_vos_ng_er_d_no	vos	ng	erg-abs	deranking	nomn	vos	VS	VPA	100	3	0.03
1_7_tran_AV_order	07_1_7_tran_AV_order	fig:heatmap-7-tran-av-order	1.7 Transitive A--V order	00_sov_gn_ac_b_se	sov	gn	nom-acc	balancing	sent	sov	SV	APV	100	0	0.0
1_7_tran_AV_order	07_1_7_tran_AV_order	fig:heatmap-7-tran-av-order	1.7 Transitive A--V order	01_sov_gn_ac_b_pa	sov	gn	nom-acc	balancing	poss-acc	sov	SV	APV	100	0	0.0
1_7_tran_AV_order	07_1_7_tran_AV_order	fig:heatmap-7-tran-av-order	1.7 Transitive A--V order	02_sov_gn_ac_b_ep	sov	gn	nom-acc	balancing	erg-poss	sov	SV	APV	100	0	0.0
1_7_tran_AV_order	07_1_7_tran_AV_order	fig:heatmap-7-tran-av-order	1.7 Transitive A--V order	03_sov_gn_ac_b_no	sov	gn	nom-acc	balancing	nomn	sov	SV	APV	100	0	0.0
1_7_tran_AV_order	07_1_7_tran_AV_order	fig:heatmap-7-tran-av-order	1.7 Transitive A--V order	04_sov_gn_ac_d_se	sov	gn	nom-acc	deranking	sent	sov	SV	APV	100	0	0.0
1_7_tran_AV_order	07_1_7_tran_AV_order	fig:heatmap-7-tran-av-order	1.7 Transitive A--V order	05_sov_gn_ac_d_pa	sov	gn	nom-acc	deranking	poss-acc	sov	SV	APV	100	0	0.0
1_7_tran_AV_order	07_1_7_tran_AV_order	fig:heatmap-7-tran-av-order	1.7 Transitive A--V order	06_sov_gn_ac_d_ep	sov	gn	nom-acc	deranking	erg-poss	sov	SV	APV	100	0	0.0
1_7_tran_AV_order	07_1_7_tran_AV_order	fig:heatmap-7-tran-av-order	1.7 Transitive A--V order	07_sov_gn_ac_d_no	sov	gn	nom-acc	deranking	nomn	sov	SV	APV	100	0	0.0
1_7_tran_AV_order	07_1_7_tran_AV_order	fig:heatmap-7-tran-av-order	1.7 Transitive A--V order	08_sov_gn_er_b_se	sov	gn	erg-abs	balancing	sent	sov	SV	APV	100	0	0.0
1_7_tran_AV_order	07_1_7_tran_AV_order	fig:heatmap-7-tran-av-order	1.7 Transitive A--V order	09_sov_gn_er_b_pa	sov	gn	erg-abs	balancing	poss-acc	sov	SV	APV	100	0	0.0
1_7_tran_AV_order	07_1_7_tran_AV_order	fig:heatmap-7-tran-av-order	1.7 Transitive A--V order	10_sov_gn_er_b_ep	sov	gn	erg-abs	balancing	erg-poss	sov	SV	APV	100	0	0.0
1_7_tran_AV_order	07_1_7_tran_AV_order	fig:heatmap-7-tran-av-order	1.7 Transitive A--V order	11_sov_gn_er_b_no	sov	gn	erg-abs	balancing	nomn	sov	SV	APV	100	0	0.0
1_7_tran_AV_order	07_1_7_tran_AV_order	fig:heatmap-7-tran-av-order	1.7 Transitive A--V order	12_sov_gn_er_d_se	sov	gn	erg-abs	deranking	sent	sov	SV	APV	100	0	0.0
1_7_tran_AV_order	07_1_7_tran_AV_order	fig:heatmap-7-tran-av-order	1.7 Transitive A--V order	13_sov_gn_er_d_pa	sov	gn	erg-abs	deranking	poss-acc	sov	SV	APV	100	0	0.0
1_7_tran_AV_order	07_1_7_tran_AV_order	fig:heatmap-7-tran-av-order	1.7 Transitive A--V order	14_sov_gn_er_d_ep	sov	gn	erg-abs	deranking	erg-poss	sov	SV	APV	100	0	0.0
1_7_tran_AV_order	07_1_7_tran_AV_order	fig:heatmap-7-tran-av-order	1.7 Transitive A--V order	15_sov_gn_er_d_no	sov	gn	erg-abs	deranking	nomn	sov	SV	APV	100	0	0.0
1_7_tran_AV_order	07_1_7_tran_AV_order	fig:heatmap-7-tran-av-order	1.7 Transitive A--V order	16_sov_ng_ac_b_se	sov	ng	nom-acc	balancing	sent	sov	SV	APV	100	0	0.0
1_7_tran_AV_order	07_1_7_tran_AV_order	fig:heatmap-7-tran-av-order	1.7 Transitive A--V order	17_sov_ng_ac_b_pa	sov	ng	nom-acc	balancing	poss-acc	ovs	VS	PVA	100	0	0.0
1_7_tran_AV_order	07_1_7_tran_AV_order	fig:heatmap-7-tran-av-order	1.7 Transitive A--V order	18_sov_ng_ac_b_ep	sov	ng	nom-acc	balancing	erg-poss	vos	VS	AVP	100	0	0.0
1_7_tran_AV_order	07_1_7_tran_AV_order	fig:heatmap-7-tran-av-order	1.7 Transitive A--V order	19_sov_ng_ac_b_no	sov	ng	nom-acc	balancing	nomn	ovs	VS	PVA	100	0	0.0
1_7_tran_AV_order	07_1_7_tran_AV_order	fig:heatmap-7-tran-av-order	1.7 Transitive A--V order	20_sov_ng_ac_d_se	sov	ng	nom-acc	deranking	sent	sov	SV	APV	100	0	0.0
1_7_tran_AV_order	07_1_7_tran_AV_order	fig:heatmap-7-tran-av-order	1.7 Transitive A--V order	21_sov_ng_ac_d_pa	sov	ng	nom-acc	deranking	poss-acc	ovs	VS	PVA	100	0	0.0
1_7_tran_AV_order	07_1_7_tran_AV_order	fig:heatmap-7-tran-av-order	1.7 Transitive A--V order	22_sov_ng_ac_d_ep	sov	ng	nom-acc	deranking	erg-poss	vos	VS	AVP	100	0	0.0
1_7_tran_AV_order	07_1_7_tran_AV_order	fig:heatmap-7-tran-av-order	1.7 Transitive A--V order	23_sov_ng_ac_d_no	sov	ng	nom-acc	deranking	nomn	ovs	VS	PVA	100	0	0.0
1_7_tran_AV_order	07_1_7_tran_AV_order	fig:heatmap-7-tran-av-order	1.7 Transitive A--V order	24_sov_ng_er_b_se	sov	ng	erg-abs	balancing	sent	sov	SV	APV	100	0	0.0
1_7_tran_AV_order	07_1_7_tran_AV_order	fig:heatmap-7-tran-av-order	1.7 Transitive A--V order	25_sov_ng_er_b_pa	sov	ng	erg-abs	balancing	poss-acc	ovs	VS	PVA	100	0	0.0
1_7_tran_AV_order	07_1_7_tran_AV_order	fig:heatmap-7-tran-av-order	1.7 Transitive A--V order	26_sov_ng_er_b_ep	sov	ng	erg-abs	balancing	erg-poss	vos	VS	AVP	100	0	0.0
1_7_tran_AV_order	07_1_7_tran_AV_order	fig:heatmap-7-tran-av-order	1.7 Transitive A--V order	27_sov_ng_er_b_no	sov	ng	erg-abs	balancing	nomn	ovs	VS	PVA	100	0	0.0
1_7_tran_AV_order	07_1_7_tran_AV_order	fig:heatmap-7-tran-av-order	1.7 Transitive A--V order	28_sov_ng_er_d_se	sov	ng	erg-abs	deranking	sent	sov	SV	APV	100	0	0.0
1_7_tran_AV_order	07_1_7_tran_AV_order	fig:heatmap-7-tran-av-order	1.7 Transitive A--V order	29_sov_ng_er_d_pa	sov	ng	erg-abs	deranking	poss-acc	ovs	VS	PVA	100	0	0.0
1_7_tran_AV_order	07_1_7_tran_AV_order	fig:heatmap-7-tran-av-order	1.7 Transitive A--V order	30_sov_ng_er_d_ep	sov	ng	erg-abs	deranking	erg-poss	vos	VS	AVP	100	0	0.0
1_7_tran_AV_order	07_1_7_tran_AV_order	fig:heatmap-7-tran-av-order	1.7 Transitive A--V order	31_sov_ng_er_d_no	sov	ng	erg-abs	deranking	nomn	ovs	VS	PVA	100	0	0.0
1_7_tran_AV_order	07_1_7_tran_AV_order	fig:heatmap-7-tran-av-order	1.7 Transitive A--V order	32_svo_gn_ac_b_se	svo	gn	nom-acc	balancing	sent	svo	SV	AVP	100	0	0.0
1_7_tran_AV_order	07_1_7_tran_AV_order	fig:heatmap-7-tran-av-order	1.7 Transitive A--V order	33_svo_gn_ac_b_pa	svo	gn	nom-acc	balancing	poss-acc	svo	SV	AVP	100	0	0.0
1_7_tran_AV_order	07_1_7_tran_AV_order	fig:heatmap-7-tran-av-order	1.7 Transitive A--V order	34_svo_gn_ac_b_ep	svo	gn	nom-acc	balancing	erg-poss	sov	SV	PVA	100	0	0.0
1_7_tran_AV_order	07_1_7_tran_AV_order	fig:heatmap-7-tran-av-order	1.7 Transitive A--V order	35_svo_gn_ac_b_no	svo	gn	nom-acc	balancing	nomn	svo	SV	AVP	100	0	0.0
1_7_tran_AV_order	07_1_7_tran_AV_order	fig:heatmap-7-tran-av-order	1.7 Transitive A--V order	36_svo_gn_ac_d_se	svo	gn	nom-acc	deranking	sent	svo	SV	AVP	100	0	0.0
1_7_tran_AV_order	07_1_7_tran_AV_order	fig:heatmap-7-tran-av-order	1.7 Transitive A--V order	37_svo_gn_ac_d_pa	svo	gn	nom-acc	deranking	poss-acc	svo	SV	AVP	100	0	0.0
1_7_tran_AV_order	07_1_7_tran_AV_order	fig:heatmap-7-tran-av-order	1.7 Transitive A--V order	38_svo_gn_ac_d_ep	svo	gn	nom-acc	deranking	erg-poss	sov	SV	PVA	100	0	0.0
1_7_tran_AV_order	07_1_7_tran_AV_order	fig:heatmap-7-tran-av-order	1.7 Transitive A--V order	39_svo_gn_ac_d_no	svo	gn	nom-acc	deranking	nomn	svo	SV	AVP	100	0	0.0
1_7_tran_AV_order	07_1_7_tran_AV_order	fig:heatmap-7-tran-av-order	1.7 Transitive A--V order	40_svo_gn_er_b_se	svo	gn	erg-abs	balancing	sent	svo	SV	AVP	100	0	0.0
1_7_tran_AV_order	07_1_7_tran_AV_order	fig:heatmap-7-tran-av-order	1.7 Transitive A--V order	41_svo_gn_er_b_pa	svo	gn	erg-abs	balancing	poss-acc	svo	SV	AVP	100	0	0.0
1_7_tran_AV_order	07_1_7_tran_AV_order	fig:heatmap-7-tran-av-order	1.7 Transitive A--V order	42_svo_gn_er_b_ep	svo	gn	erg-abs	balancing	erg-poss	sov	SV	PVA	100	0	0.0
1_7_tran_AV_order	07_1_7_tran_AV_order	fig:heatmap-7-tran-av-order	1.7 Transitive A--V order	43_svo_gn_er_b_no	svo	gn	erg-abs	balancing	nomn	svo	SV	AVP	100	0	0.0
1_7_tran_AV_order	07_1_7_tran_AV_order	fig:heatmap-7-tran-av-order	1.7 Transitive A--V order	44_svo_gn_er_d_se	svo	gn	erg-abs	deranking	sent	svo	SV	AVP	100	0	0.0
1_7_tran_AV_order	07_1_7_tran_AV_order	fig:heatmap-7-tran-av-order	1.7 Transitive A--V order	45_svo_gn_er_d_pa	svo	gn	erg-abs	deranking	poss-acc	svo	SV	AVP	100	0	0.0
1_7_tran_AV_order	07_1_7_tran_AV_order	fig:heatmap-7-tran-av-order	1.7 Transitive A--V order	46_svo_gn_er_d_ep	svo	gn	erg-abs	deranking	erg-poss	sov	SV	PVA	100	0	0.0
1_7_tran_AV_order	07_1_7_tran_AV_order	fig:heatmap-7-tran-av-order	1.7 Transitive A--V order	47_svo_gn_er_d_no	svo	gn	erg-abs	deranking	nomn	svo	SV	AVP	100	0	0.0
1_7_tran_AV_order	07_1_7_tran_AV_order	fig:heatmap-7-tran-av-order	1.7 Transitive A--V order	48_svo_ng_ac_b_se	svo	ng	nom-acc	balancing	sent	svo	SV	AVP	100	0	0.0
1_7_tran_AV_order	07_1_7_tran_AV_order	fig:heatmap-7-tran-av-order	1.7 Transitive A--V order	49_svo_ng_ac_b_pa	svo	ng	nom-acc	balancing	poss-acc	vos	VS	VPA	100	0	0.0
1_7_tran_AV_order	07_1_7_tran_AV_order	fig:heatmap-7-tran-av-order	1.7 Transitive A--V order	50_svo_ng_ac_b_ep	svo	ng	nom-acc	balancing	erg-poss	vos	VS	VPA	100	0	0.0
1_7_tran_AV_order	07_1_7_tran_AV_order	fig:heatmap-7-tran-av-order	1.7 Transitive A--V order	51_svo_ng_ac_b_no	svo	ng	nom-acc	balancing	nomn	vos	VS	VPA	100	0	0.0
1_7_tran_AV_order	07_1_7_tran_AV_order	fig:heatmap-7-tran-av-order	1.7 Transitive A--V order	52_svo_ng_ac_d_se	svo	ng	nom-acc	deranking	sent	svo	SV	AVP	100	0	0.0
1_7_tran_AV_order	07_1_7_tran_AV_order	fig:heatmap-7-tran-av-order	1.7 Transitive A--V order	53_svo_ng_ac_d_pa	svo	ng	nom-acc	deranking	poss-acc	vos	VS	VPA	100	0	0.0
1_7_tran_AV_order	07_1_7_tran_AV_order	fig:heatmap-7-tran-av-order	1.7 Transitive A--V order	54_svo_ng_ac_d_ep	svo	ng	nom-acc	deranking	erg-poss	vos	VS	VPA	100	0	0.0
1_7_tran_AV_order	07_1_7_tran_AV_order	fig:heatmap-7-tran-av-order	1.7 Transitive A--V order	55_svo_ng_ac_d_no	svo	ng	nom-acc	deranking	nomn	vos	VS	VPA	100	0	0.0
1_7_tran_AV_order	07_1_7_tran_AV_order	fig:heatmap-7-tran-av-order	1.7 Transitive A--V order	56_svo_ng_er_b_se	svo	ng	erg-abs	balancing	sent	svo	SV	AVP	100	0	0.0
1_7_tran_AV_order	07_1_7_tran_AV_order	fig:heatmap-7-tran-av-order	1.7 Transitive A--V order	57_svo_ng_er_b_pa	svo	ng	erg-abs	balancing	poss-acc	vos	VS	VPA	100	0	0.0
1_7_tran_AV_order	07_1_7_tran_AV_order	fig:heatmap-7-tran-av-order	1.7 Transitive A--V order	58_svo_ng_er_b_ep	svo	ng	erg-abs	balancing	erg-poss	vos	VS	VPA	100	0	0.0
1_7_tran_AV_order	07_1_7_tran_AV_order	fig:heatmap-7-tran-av-order	1.7 Transitive A--V order	59_svo_ng_er_b_no	svo	ng	erg-abs	balancing	nomn	vos	VS	VPA	100	0	0.0
1_7_tran_AV_order	07_1_7_tran_AV_order	fig:heatmap-7-tran-av-order	1.7 Transitive A--V order	60_svo_ng_er_d_se	svo	ng	erg-abs	deranking	sent	svo	SV	AVP	100	0	0.0
1_7_tran_AV_order	07_1_7_tran_AV_order	fig:heatmap-7-tran-av-order	1.7 Transitive A--V order	61_svo_ng_er_d_pa	svo	ng	erg-abs	deranking	poss-acc	vos	VS	VPA	100	0	0.0
1_7_tran_AV_order	07_1_7_tran_AV_order	fig:heatmap-7-tran-av-order	1.7 Transitive A--V order	62_svo_ng_er_d_ep	svo	ng	erg-abs	deranking	erg-poss	vos	VS	VPA	100	0	0.0
1_7_tran_AV_order	07_1_7_tran_AV_order	fig:heatmap-7-tran-av-order	1.7 Transitive A--V order	63_svo_ng_er_d_no	svo	ng	erg-abs	deranking	nomn	vos	VS	VPA	100	0	0.0
1_7_tran_AV_order	07_1_7_tran_AV_order	fig:heatmap-7-tran-av-order	1.7 Transitive A--V order	64_vos_gn_ac_b_se	vos	gn	nom-acc	balancing	sent	vos	VS	VPA	100	0	0.0
1_7_tran_AV_order	07_1_7_tran_AV_order	fig:heatmap-7-tran-av-order	1.7 Transitive A--V order	65_vos_gn_ac_b_pa	vos	gn	nom-acc	balancing	poss-acc	svo	SV	AVP	100	0	0.0
1_7_tran_AV_order	07_1_7_tran_AV_order	fig:heatmap-7-tran-av-order	1.7 Transitive A--V order	66_vos_gn_ac_b_ep	vos	gn	nom-acc	balancing	erg-poss	sov	SV	PVA	100	0	0.0
1_7_tran_AV_order	07_1_7_tran_AV_order	fig:heatmap-7-tran-av-order	1.7 Transitive A--V order	67_vos_gn_ac_b_no	vos	gn	nom-acc	balancing	nomn	svo	SV	AVP	100	0	0.0
1_7_tran_AV_order	07_1_7_tran_AV_order	fig:heatmap-7-tran-av-order	1.7 Transitive A--V order	68_vos_gn_ac_d_se	vos	gn	nom-acc	deranking	sent	vos	VS	VPA	100	0	0.0
1_7_tran_AV_order	07_1_7_tran_AV_order	fig:heatmap-7-tran-av-order	1.7 Transitive A--V order	69_vos_gn_ac_d_pa	vos	gn	nom-acc	deranking	poss-acc	svo	SV	AVP	100	0	0.0
1_7_tran_AV_order	07_1_7_tran_AV_order	fig:heatmap-7-tran-av-order	1.7 Transitive A--V order	70_vos_gn_ac_d_ep	vos	gn	nom-acc	deranking	erg-poss	sov	SV	PVA	100	0	0.0
1_7_tran_AV_order	07_1_7_tran_AV_order	fig:heatmap-7-tran-av-order	1.7 Transitive A--V order	71_vos_gn_ac_d_no	vos	gn	nom-acc	deranking	nomn	svo	SV	AVP	100	0	0.0
1_7_tran_AV_order	07_1_7_tran_AV_order	fig:heatmap-7-tran-av-order	1.7 Transitive A--V order	72_vos_gn_er_b_se	vos	gn	erg-abs	balancing	sent	vos	VS	VPA	100	0	0.0
1_7_tran_AV_order	07_1_7_tran_AV_order	fig:heatmap-7-tran-av-order	1.7 Transitive A--V order	73_vos_gn_er_b_pa	vos	gn	erg-abs	balancing	poss-acc	svo	SV	AVP	100	0	0.0
1_7_tran_AV_order	07_1_7_tran_AV_order	fig:heatmap-7-tran-av-order	1.7 Transitive A--V order	74_vos_gn_er_b_ep	vos	gn	erg-abs	balancing	erg-poss	sov	SV	PVA	100	0	0.0
1_7_tran_AV_order	07_1_7_tran_AV_order	fig:heatmap-7-tran-av-order	1.7 Transitive A--V order	75_vos_gn_er_b_no	vos	gn	erg-abs	balancing	nomn	svo	SV	AVP	100	0	0.0
1_7_tran_AV_order	07_1_7_tran_AV_order	fig:heatmap-7-tran-av-order	1.7 Transitive A--V order	76_vos_gn_er_d_se	vos	gn	erg-abs	deranking	sent	vos	VS	VPA	100	0	0.0
1_7_tran_AV_order	07_1_7_tran_AV_order	fig:heatmap-7-tran-av-order	1.7 Transitive A--V order	77_vos_gn_er_d_pa	vos	gn	erg-abs	deranking	poss-acc	svo	SV	AVP	100	0	0.0
1_7_tran_AV_order	07_1_7_tran_AV_order	fig:heatmap-7-tran-av-order	1.7 Transitive A--V order	78_vos_gn_er_d_ep	vos	gn	erg-abs	deranking	erg-poss	sov	SV	PVA	100	0	0.0
1_7_tran_AV_order	07_1_7_tran_AV_order	fig:heatmap-7-tran-av-order	1.7 Transitive A--V order	79_vos_gn_er_d_no	vos	gn	erg-abs	deranking	nomn	svo	SV	AVP	100	0	0.0
1_7_tran_AV_order	07_1_7_tran_AV_order	fig:heatmap-7-tran-av-order	1.7 Transitive A--V order	80_vos_ng_ac_b_se	vos	ng	nom-acc	balancing	sent	vos	VS	VPA	100	0	0.0
1_7_tran_AV_order	07_1_7_tran_AV_order	fig:heatmap-7-tran-av-order	1.7 Transitive A--V order	81_vos_ng_ac_b_pa	vos	ng	nom-acc	balancing	poss-acc	vos	VS	VPA	100	0	0.0
1_7_tran_AV_order	07_1_7_tran_AV_order	fig:heatmap-7-tran-av-order	1.7 Transitive A--V order	82_vos_ng_ac_b_ep	vos	ng	nom-acc	balancing	erg-poss	vos	VS	VPA	100	0	0.0
1_7_tran_AV_order	07_1_7_tran_AV_order	fig:heatmap-7-tran-av-order	1.7 Transitive A--V order	83_vos_ng_ac_b_no	vos	ng	nom-acc	balancing	nomn	vos	VS	VPA	100	0	0.0
1_7_tran_AV_order	07_1_7_tran_AV_order	fig:heatmap-7-tran-av-order	1.7 Transitive A--V order	84_vos_ng_ac_d_se	vos	ng	nom-acc	deranking	sent	vos	VS	VPA	100	0	0.0
1_7_tran_AV_order	07_1_7_tran_AV_order	fig:heatmap-7-tran-av-order	1.7 Transitive A--V order	85_vos_ng_ac_d_pa	vos	ng	nom-acc	deranking	poss-acc	vos	VS	VPA	100	0	0.0
1_7_tran_AV_order	07_1_7_tran_AV_order	fig:heatmap-7-tran-av-order	1.7 Transitive A--V order	86_vos_ng_ac_d_ep	vos	ng	nom-acc	deranking	erg-poss	vos	VS	VPA	100	0	0.0
1_7_tran_AV_order	07_1_7_tran_AV_order	fig:heatmap-7-tran-av-order	1.7 Transitive A--V order	87_vos_ng_ac_d_no	vos	ng	nom-acc	deranking	nomn	vos	VS	VPA	100	0	0.0
1_7_tran_AV_order	07_1_7_tran_AV_order	fig:heatmap-7-tran-av-order	1.7 Transitive A--V order	88_vos_ng_er_b_se	vos	ng	erg-abs	balancing	sent	vos	VS	VPA	100	0	0.0
1_7_tran_AV_order	07_1_7_tran_AV_order	fig:heatmap-7-tran-av-order	1.7 Transitive A--V order	89_vos_ng_er_b_pa	vos	ng	erg-abs	balancing	poss-acc	vos	VS	VPA	100	0	0.0
1_7_tran_AV_order	07_1_7_tran_AV_order	fig:heatmap-7-tran-av-order	1.7 Transitive A--V order	90_vos_ng_er_b_ep	vos	ng	erg-abs	balancing	erg-poss	vos	VS	VPA	100	0	0.0
1_7_tran_AV_order	07_1_7_tran_AV_order	fig:heatmap-7-tran-av-order	1.7 Transitive A--V order	91_vos_ng_er_b_no	vos	ng	erg-abs	balancing	nomn	vos	VS	VPA	100	0	0.0
1_7_tran_AV_order	07_1_7_tran_AV_order	fig:heatmap-7-tran-av-order	1.7 Transitive A--V order	92_vos_ng_er_d_se	vos	ng	erg-abs	deranking	sent	vos	VS	VPA	100	0	0.0
1_7_tran_AV_order	07_1_7_tran_AV_order	fig:heatmap-7-tran-av-order	1.7 Transitive A--V order	93_vos_ng_er_d_pa	vos	ng	erg-abs	deranking	poss-acc	vos	VS	VPA	100	0	0.0
1_7_tran_AV_order	07_1_7_tran_AV_order	fig:heatmap-7-tran-av-order	1.7 Transitive A--V order	94_vos_ng_er_d_ep	vos	ng	erg-abs	deranking	erg-poss	vos	VS	VPA	100	0	0.0
1_7_tran_AV_order	07_1_7_tran_AV_order	fig:heatmap-7-tran-av-order	1.7 Transitive A--V order	95_vos_ng_er_d_no	vos	ng	erg-abs	deranking	nomn	vos	VS	VPA	100	0	0.0
1_8_tran_VP_order	08_1_8_tran_VP_order	fig:heatmap-8-tran-vp-order	1.8 Transitive V--P order	00_sov_gn_ac_b_se	sov	gn	nom-acc	balancing	sent	sov	SV	APV	100	0	0.0
1_8_tran_VP_order	08_1_8_tran_VP_order	fig:heatmap-8-tran-vp-order	1.8 Transitive V--P order	01_sov_gn_ac_b_pa	sov	gn	nom-acc	balancing	poss-acc	sov	SV	APV	100	0	0.0
1_8_tran_VP_order	08_1_8_tran_VP_order	fig:heatmap-8-tran-vp-order	1.8 Transitive V--P order	02_sov_gn_ac_b_ep	sov	gn	nom-acc	balancing	erg-poss	sov	SV	APV	100	0	0.0
1_8_tran_VP_order	08_1_8_tran_VP_order	fig:heatmap-8-tran-vp-order	1.8 Transitive V--P order	03_sov_gn_ac_b_no	sov	gn	nom-acc	balancing	nomn	sov	SV	APV	100	0	0.0
1_8_tran_VP_order	08_1_8_tran_VP_order	fig:heatmap-8-tran-vp-order	1.8 Transitive V--P order	04_sov_gn_ac_d_se	sov	gn	nom-acc	deranking	sent	sov	SV	APV	100	0	0.0
1_8_tran_VP_order	08_1_8_tran_VP_order	fig:heatmap-8-tran-vp-order	1.8 Transitive V--P order	05_sov_gn_ac_d_pa	sov	gn	nom-acc	deranking	poss-acc	sov	SV	APV	100	0	0.0
1_8_tran_VP_order	08_1_8_tran_VP_order	fig:heatmap-8-tran-vp-order	1.8 Transitive V--P order	06_sov_gn_ac_d_ep	sov	gn	nom-acc	deranking	erg-poss	sov	SV	APV	100	0	0.0
1_8_tran_VP_order	08_1_8_tran_VP_order	fig:heatmap-8-tran-vp-order	1.8 Transitive V--P order	07_sov_gn_ac_d_no	sov	gn	nom-acc	deranking	nomn	sov	SV	APV	100	0	0.0
1_8_tran_VP_order	08_1_8_tran_VP_order	fig:heatmap-8-tran-vp-order	1.8 Transitive V--P order	08_sov_gn_er_b_se	sov	gn	erg-abs	balancing	sent	sov	SV	APV	100	0	0.0
1_8_tran_VP_order	08_1_8_tran_VP_order	fig:heatmap-8-tran-vp-order	1.8 Transitive V--P order	09_sov_gn_er_b_pa	sov	gn	erg-abs	balancing	poss-acc	sov	SV	APV	100	0	0.0
1_8_tran_VP_order	08_1_8_tran_VP_order	fig:heatmap-8-tran-vp-order	1.8 Transitive V--P order	10_sov_gn_er_b_ep	sov	gn	erg-abs	balancing	erg-poss	sov	SV	APV	100	0	0.0
1_8_tran_VP_order	08_1_8_tran_VP_order	fig:heatmap-8-tran-vp-order	1.8 Transitive V--P order	11_sov_gn_er_b_no	sov	gn	erg-abs	balancing	nomn	sov	SV	APV	100	0	0.0
1_8_tran_VP_order	08_1_8_tran_VP_order	fig:heatmap-8-tran-vp-order	1.8 Transitive V--P order	12_sov_gn_er_d_se	sov	gn	erg-abs	deranking	sent	sov	SV	APV	100	0	0.0
1_8_tran_VP_order	08_1_8_tran_VP_order	fig:heatmap-8-tran-vp-order	1.8 Transitive V--P order	13_sov_gn_er_d_pa	sov	gn	erg-abs	deranking	poss-acc	sov	SV	APV	100	0	0.0
1_8_tran_VP_order	08_1_8_tran_VP_order	fig:heatmap-8-tran-vp-order	1.8 Transitive V--P order	14_sov_gn_er_d_ep	sov	gn	erg-abs	deranking	erg-poss	sov	SV	APV	100	0	0.0
1_8_tran_VP_order	08_1_8_tran_VP_order	fig:heatmap-8-tran-vp-order	1.8 Transitive V--P order	15_sov_gn_er_d_no	sov	gn	erg-abs	deranking	nomn	sov	SV	APV	100	0	0.0
1_8_tran_VP_order	08_1_8_tran_VP_order	fig:heatmap-8-tran-vp-order	1.8 Transitive V--P order	16_sov_ng_ac_b_se	sov	ng	nom-acc	balancing	sent	sov	SV	APV	100	0	0.0
1_8_tran_VP_order	08_1_8_tran_VP_order	fig:heatmap-8-tran-vp-order	1.8 Transitive V--P order	17_sov_ng_ac_b_pa	sov	ng	nom-acc	balancing	poss-acc	ovs	VS	PVA	100	0	0.0
1_8_tran_VP_order	08_1_8_tran_VP_order	fig:heatmap-8-tran-vp-order	1.8 Transitive V--P order	18_sov_ng_ac_b_ep	sov	ng	nom-acc	balancing	erg-poss	vos	VS	AVP	100	0	0.0
1_8_tran_VP_order	08_1_8_tran_VP_order	fig:heatmap-8-tran-vp-order	1.8 Transitive V--P order	19_sov_ng_ac_b_no	sov	ng	nom-acc	balancing	nomn	ovs	VS	PVA	100	0	0.0
1_8_tran_VP_order	08_1_8_tran_VP_order	fig:heatmap-8-tran-vp-order	1.8 Transitive V--P order	20_sov_ng_ac_d_se	sov	ng	nom-acc	deranking	sent	sov	SV	APV	100	0	0.0
1_8_tran_VP_order	08_1_8_tran_VP_order	fig:heatmap-8-tran-vp-order	1.8 Transitive V--P order	21_sov_ng_ac_d_pa	sov	ng	nom-acc	deranking	poss-acc	ovs	VS	PVA	100	0	0.0
1_8_tran_VP_order	08_1_8_tran_VP_order	fig:heatmap-8-tran-vp-order	1.8 Transitive V--P order	22_sov_ng_ac_d_ep	sov	ng	nom-acc	deranking	erg-poss	vos	VS	AVP	100	0	0.0
1_8_tran_VP_order	08_1_8_tran_VP_order	fig:heatmap-8-tran-vp-order	1.8 Transitive V--P order	23_sov_ng_ac_d_no	sov	ng	nom-acc	deranking	nomn	ovs	VS	PVA	100	0	0.0
1_8_tran_VP_order	08_1_8_tran_VP_order	fig:heatmap-8-tran-vp-order	1.8 Transitive V--P order	24_sov_ng_er_b_se	sov	ng	erg-abs	balancing	sent	sov	SV	APV	100	0	0.0
1_8_tran_VP_order	08_1_8_tran_VP_order	fig:heatmap-8-tran-vp-order	1.8 Transitive V--P order	25_sov_ng_er_b_pa	sov	ng	erg-abs	balancing	poss-acc	ovs	VS	PVA	100	0	0.0
1_8_tran_VP_order	08_1_8_tran_VP_order	fig:heatmap-8-tran-vp-order	1.8 Transitive V--P order	26_sov_ng_er_b_ep	sov	ng	erg-abs	balancing	erg-poss	vos	VS	AVP	100	0	0.0
1_8_tran_VP_order	08_1_8_tran_VP_order	fig:heatmap-8-tran-vp-order	1.8 Transitive V--P order	27_sov_ng_er_b_no	sov	ng	erg-abs	balancing	nomn	ovs	VS	PVA	100	0	0.0
1_8_tran_VP_order	08_1_8_tran_VP_order	fig:heatmap-8-tran-vp-order	1.8 Transitive V--P order	28_sov_ng_er_d_se	sov	ng	erg-abs	deranking	sent	sov	SV	APV	100	0	0.0
1_8_tran_VP_order	08_1_8_tran_VP_order	fig:heatmap-8-tran-vp-order	1.8 Transitive V--P order	29_sov_ng_er_d_pa	sov	ng	erg-abs	deranking	poss-acc	ovs	VS	PVA	100	0	0.0
1_8_tran_VP_order	08_1_8_tran_VP_order	fig:heatmap-8-tran-vp-order	1.8 Transitive V--P order	30_sov_ng_er_d_ep	sov	ng	erg-abs	deranking	erg-poss	vos	VS	AVP	100	0	0.0
1_8_tran_VP_order	08_1_8_tran_VP_order	fig:heatmap-8-tran-vp-order	1.8 Transitive V--P order	31_sov_ng_er_d_no	sov	ng	erg-abs	deranking	nomn	ovs	VS	PVA	100	0	0.0
1_8_tran_VP_order	08_1_8_tran_VP_order	fig:heatmap-8-tran-vp-order	1.8 Transitive V--P order	32_svo_gn_ac_b_se	svo	gn	nom-acc	balancing	sent	svo	SV	AVP	100	0	0.0
1_8_tran_VP_order	08_1_8_tran_VP_order	fig:heatmap-8-tran-vp-order	1.8 Transitive V--P order	33_svo_gn_ac_b_pa	svo	gn	nom-acc	balancing	poss-acc	svo	SV	AVP	100	0	0.0
1_8_tran_VP_order	08_1_8_tran_VP_order	fig:heatmap-8-tran-vp-order	1.8 Transitive V--P order	34_svo_gn_ac_b_ep	svo	gn	nom-acc	balancing	erg-poss	sov	SV	PVA	100	0	0.0
1_8_tran_VP_order	08_1_8_tran_VP_order	fig:heatmap-8-tran-vp-order	1.8 Transitive V--P order	35_svo_gn_ac_b_no	svo	gn	nom-acc	balancing	nomn	svo	SV	AVP	100	0	0.0
1_8_tran_VP_order	08_1_8_tran_VP_order	fig:heatmap-8-tran-vp-order	1.8 Transitive V--P order	36_svo_gn_ac_d_se	svo	gn	nom-acc	deranking	sent	svo	SV	AVP	100	0	0.0
1_8_tran_VP_order	08_1_8_tran_VP_order	fig:heatmap-8-tran-vp-order	1.8 Transitive V--P order	37_svo_gn_ac_d_pa	svo	gn	nom-acc	deranking	poss-acc	svo	SV	AVP	100	0	0.0
1_8_tran_VP_order	08_1_8_tran_VP_order	fig:heatmap-8-tran-vp-order	1.8 Transitive V--P order	38_svo_gn_ac_d_ep	svo	gn	nom-acc	deranking	erg-poss	sov	SV	PVA	100	0	0.0
1_8_tran_VP_order	08_1_8_tran_VP_order	fig:heatmap-8-tran-vp-order	1.8 Transitive V--P order	39_svo_gn_ac_d_no	svo	gn	nom-acc	deranking	nomn	svo	SV	AVP	100	0	0.0
1_8_tran_VP_order	08_1_8_tran_VP_order	fig:heatmap-8-tran-vp-order	1.8 Transitive V--P order	40_svo_gn_er_b_se	svo	gn	erg-abs	balancing	sent	svo	SV	AVP	100	2	0.02
1_8_tran_VP_order	08_1_8_tran_VP_order	fig:heatmap-8-tran-vp-order	1.8 Transitive V--P order	41_svo_gn_er_b_pa	svo	gn	erg-abs	balancing	poss-acc	svo	SV	AVP	100	0	0.0
1_8_tran_VP_order	08_1_8_tran_VP_order	fig:heatmap-8-tran-vp-order	1.8 Transitive V--P order	42_svo_gn_er_b_ep	svo	gn	erg-abs	balancing	erg-poss	sov	SV	PVA	100	0	0.0
1_8_tran_VP_order	08_1_8_tran_VP_order	fig:heatmap-8-tran-vp-order	1.8 Transitive V--P order	43_svo_gn_er_b_no	svo	gn	erg-abs	balancing	nomn	svo	SV	AVP	100	0	0.0
1_8_tran_VP_order	08_1_8_tran_VP_order	fig:heatmap-8-tran-vp-order	1.8 Transitive V--P order	44_svo_gn_er_d_se	svo	gn	erg-abs	deranking	sent	svo	SV	AVP	100	2	0.02
1_8_tran_VP_order	08_1_8_tran_VP_order	fig:heatmap-8-tran-vp-order	1.8 Transitive V--P order	45_svo_gn_er_d_pa	svo	gn	erg-abs	deranking	poss-acc	svo	SV	AVP	100	0	0.0
1_8_tran_VP_order	08_1_8_tran_VP_order	fig:heatmap-8-tran-vp-order	1.8 Transitive V--P order	46_svo_gn_er_d_ep	svo	gn	erg-abs	deranking	erg-poss	sov	SV	PVA	100	0	0.0
1_8_tran_VP_order	08_1_8_tran_VP_order	fig:heatmap-8-tran-vp-order	1.8 Transitive V--P order	47_svo_gn_er_d_no	svo	gn	erg-abs	deranking	nomn	svo	SV	AVP	100	0	0.0
1_8_tran_VP_order	08_1_8_tran_VP_order	fig:heatmap-8-tran-vp-order	1.8 Transitive V--P order	48_svo_ng_ac_b_se	svo	ng	nom-acc	balancing	sent	svo	SV	AVP	100	0	0.0
1_8_tran_VP_order	08_1_8_tran_VP_order	fig:heatmap-8-tran-vp-order	1.8 Transitive V--P order	49_svo_ng_ac_b_pa	svo	ng	nom-acc	balancing	poss-acc	vos	VS	VPA	100	0	0.0
1_8_tran_VP_order	08_1_8_tran_VP_order	fig:heatmap-8-tran-vp-order	1.8 Transitive V--P order	50_svo_ng_ac_b_ep	svo	ng	nom-acc	balancing	erg-poss	vos	VS	VPA	100	0	0.0
1_8_tran_VP_order	08_1_8_tran_VP_order	fig:heatmap-8-tran-vp-order	1.8 Transitive V--P order	51_svo_ng_ac_b_no	svo	ng	nom-acc	balancing	nomn	vos	VS	VPA	100	0	0.0
1_8_tran_VP_order	08_1_8_tran_VP_order	fig:heatmap-8-tran-vp-order	1.8 Transitive V--P order	52_svo_ng_ac_d_se	svo	ng	nom-acc	deranking	sent	svo	SV	AVP	100	0	0.0
1_8_tran_VP_order	08_1_8_tran_VP_order	fig:heatmap-8-tran-vp-order	1.8 Transitive V--P order	53_svo_ng_ac_d_pa	svo	ng	nom-acc	deranking	poss-acc	vos	VS	VPA	100	0	0.0
1_8_tran_VP_order	08_1_8_tran_VP_order	fig:heatmap-8-tran-vp-order	1.8 Transitive V--P order	54_svo_ng_ac_d_ep	svo	ng	nom-acc	deranking	erg-poss	vos	VS	VPA	100	0	0.0
1_8_tran_VP_order	08_1_8_tran_VP_order	fig:heatmap-8-tran-vp-order	1.8 Transitive V--P order	55_svo_ng_ac_d_no	svo	ng	nom-acc	deranking	nomn	vos	VS	VPA	100	0	0.0
1_8_tran_VP_order	08_1_8_tran_VP_order	fig:heatmap-8-tran-vp-order	1.8 Transitive V--P order	56_svo_ng_er_b_se	svo	ng	erg-abs	balancing	sent	svo	SV	AVP	100	2	0.02
1_8_tran_VP_order	08_1_8_tran_VP_order	fig:heatmap-8-tran-vp-order	1.8 Transitive V--P order	57_svo_ng_er_b_pa	svo	ng	erg-abs	balancing	poss-acc	vos	VS	VPA	100	0	0.0
1_8_tran_VP_order	08_1_8_tran_VP_order	fig:heatmap-8-tran-vp-order	1.8 Transitive V--P order	58_svo_ng_er_b_ep	svo	ng	erg-abs	balancing	erg-poss	vos	VS	VPA	100	0	0.0
1_8_tran_VP_order	08_1_8_tran_VP_order	fig:heatmap-8-tran-vp-order	1.8 Transitive V--P order	59_svo_ng_er_b_no	svo	ng	erg-abs	balancing	nomn	vos	VS	VPA	100	0	0.0
1_8_tran_VP_order	08_1_8_tran_VP_order	fig:heatmap-8-tran-vp-order	1.8 Transitive V--P order	60_svo_ng_er_d_se	svo	ng	erg-abs	deranking	sent	svo	SV	AVP	100	2	0.02
1_8_tran_VP_order	08_1_8_tran_VP_order	fig:heatmap-8-tran-vp-order	1.8 Transitive V--P order	61_svo_ng_er_d_pa	svo	ng	erg-abs	deranking	poss-acc	vos	VS	VPA	100	0	0.0
1_8_tran_VP_order	08_1_8_tran_VP_order	fig:heatmap-8-tran-vp-order	1.8 Transitive V--P order	62_svo_ng_er_d_ep	svo	ng	erg-abs	deranking	erg-poss	vos	VS	VPA	100	0	0.0
1_8_tran_VP_order	08_1_8_tran_VP_order	fig:heatmap-8-tran-vp-order	1.8 Transitive V--P order	63_svo_ng_er_d_no	svo	ng	erg-abs	deranking	nomn	vos	VS	VPA	100	0	0.0
1_8_tran_VP_order	08_1_8_tran_VP_order	fig:heatmap-8-tran-vp-order	1.8 Transitive V--P order	64_vos_gn_ac_b_se	vos	gn	nom-acc	balancing	sent	vos	VS	VPA	100	0	0.0
1_8_tran_VP_order	08_1_8_tran_VP_order	fig:heatmap-8-tran-vp-order	1.8 Transitive V--P order	65_vos_gn_ac_b_pa	vos	gn	nom-acc	balancing	poss-acc	svo	SV	AVP	100	0	0.0
1_8_tran_VP_order	08_1_8_tran_VP_order	fig:heatmap-8-tran-vp-order	1.8 Transitive V--P order	66_vos_gn_ac_b_ep	vos	gn	nom-acc	balancing	erg-poss	sov	SV	PVA	100	0	0.0
1_8_tran_VP_order	08_1_8_tran_VP_order	fig:heatmap-8-tran-vp-order	1.8 Transitive V--P order	67_vos_gn_ac_b_no	vos	gn	nom-acc	balancing	nomn	svo	SV	AVP	100	0	0.0
1_8_tran_VP_order	08_1_8_tran_VP_order	fig:heatmap-8-tran-vp-order	1.8 Transitive V--P order	68_vos_gn_ac_d_se	vos	gn	nom-acc	deranking	sent	vos	VS	VPA	100	0	0.0
1_8_tran_VP_order	08_1_8_tran_VP_order	fig:heatmap-8-tran-vp-order	1.8 Transitive V--P order	69_vos_gn_ac_d_pa	vos	gn	nom-acc	deranking	poss-acc	svo	SV	AVP	100	0	0.0
1_8_tran_VP_order	08_1_8_tran_VP_order	fig:heatmap-8-tran-vp-order	1.8 Transitive V--P order	70_vos_gn_ac_d_ep	vos	gn	nom-acc	deranking	erg-poss	sov	SV	PVA	100	0	0.0
1_8_tran_VP_order	08_1_8_tran_VP_order	fig:heatmap-8-tran-vp-order	1.8 Transitive V--P order	71_vos_gn_ac_d_no	vos	gn	nom-acc	deranking	nomn	svo	SV	AVP	100	0	0.0
1_8_tran_VP_order	08_1_8_tran_VP_order	fig:heatmap-8-tran-vp-order	1.8 Transitive V--P order	72_vos_gn_er_b_se	vos	gn	erg-abs	balancing	sent	vos	VS	VPA	100	0	0.0
1_8_tran_VP_order	08_1_8_tran_VP_order	fig:heatmap-8-tran-vp-order	1.8 Transitive V--P order	73_vos_gn_er_b_pa	vos	gn	erg-abs	balancing	poss-acc	svo	SV	AVP	100	0	0.0
1_8_tran_VP_order	08_1_8_tran_VP_order	fig:heatmap-8-tran-vp-order	1.8 Transitive V--P order	74_vos_gn_er_b_ep	vos	gn	erg-abs	balancing	erg-poss	sov	SV	PVA	100	0	0.0
1_8_tran_VP_order	08_1_8_tran_VP_order	fig:heatmap-8-tran-vp-order	1.8 Transitive V--P order	75_vos_gn_er_b_no	vos	gn	erg-abs	balancing	nomn	svo	SV	AVP	100	0	0.0
1_8_tran_VP_order	08_1_8_tran_VP_order	fig:heatmap-8-tran-vp-order	1.8 Transitive V--P order	76_vos_gn_er_d_se	vos	gn	erg-abs	deranking	sent	vos	VS	VPA	100	0	0.0
1_8_tran_VP_order	08_1_8_tran_VP_order	fig:heatmap-8-tran-vp-order	1.8 Transitive V--P order	77_vos_gn_er_d_pa	vos	gn	erg-abs	deranking	poss-acc	svo	SV	AVP	100	0	0.0
1_8_tran_VP_order	08_1_8_tran_VP_order	fig:heatmap-8-tran-vp-order	1.8 Transitive V--P order	78_vos_gn_er_d_ep	vos	gn	erg-abs	deranking	erg-poss	sov	SV	PVA	100	0	0.0
1_8_tran_VP_order	08_1_8_tran_VP_order	fig:heatmap-8-tran-vp-order	1.8 Transitive V--P order	79_vos_gn_er_d_no	vos	gn	erg-abs	deranking	nomn	svo	SV	AVP	100	0	0.0
1_8_tran_VP_order	08_1_8_tran_VP_order	fig:heatmap-8-tran-vp-order	1.8 Transitive V--P order	80_vos_ng_ac_b_se	vos	ng	nom-acc	balancing	sent	vos	VS	VPA	100	0	0.0
1_8_tran_VP_order	08_1_8_tran_VP_order	fig:heatmap-8-tran-vp-order	1.8 Transitive V--P order	81_vos_ng_ac_b_pa	vos	ng	nom-acc	balancing	poss-acc	vos	VS	VPA	100	0	0.0
1_8_tran_VP_order	08_1_8_tran_VP_order	fig:heatmap-8-tran-vp-order	1.8 Transitive V--P order	82_vos_ng_ac_b_ep	vos	ng	nom-acc	balancing	erg-poss	vos	VS	VPA	100	0	0.0
1_8_tran_VP_order	08_1_8_tran_VP_order	fig:heatmap-8-tran-vp-order	1.8 Transitive V--P order	83_vos_ng_ac_b_no	vos	ng	nom-acc	balancing	nomn	vos	VS	VPA	100	0	0.0
1_8_tran_VP_order	08_1_8_tran_VP_order	fig:heatmap-8-tran-vp-order	1.8 Transitive V--P order	84_vos_ng_ac_d_se	vos	ng	nom-acc	deranking	sent	vos	VS	VPA	100	0	0.0
1_8_tran_VP_order	08_1_8_tran_VP_order	fig:heatmap-8-tran-vp-order	1.8 Transitive V--P order	85_vos_ng_ac_d_pa	vos	ng	nom-acc	deranking	poss-acc	vos	VS	VPA	100	0	0.0
1_8_tran_VP_order	08_1_8_tran_VP_order	fig:heatmap-8-tran-vp-order	1.8 Transitive V--P order	86_vos_ng_ac_d_ep	vos	ng	nom-acc	deranking	erg-poss	vos	VS	VPA	100	0	0.0
1_8_tran_VP_order	08_1_8_tran_VP_order	fig:heatmap-8-tran-vp-order	1.8 Transitive V--P order	87_vos_ng_ac_d_no	vos	ng	nom-acc	deranking	nomn	vos	VS	VPA	100	0	0.0
1_8_tran_VP_order	08_1_8_tran_VP_order	fig:heatmap-8-tran-vp-order	1.8 Transitive V--P order	88_vos_ng_er_b_se	vos	ng	erg-abs	balancing	sent	vos	VS	VPA	100	0	0.0
1_8_tran_VP_order	08_1_8_tran_VP_order	fig:heatmap-8-tran-vp-order	1.8 Transitive V--P order	89_vos_ng_er_b_pa	vos	ng	erg-abs	balancing	poss-acc	vos	VS	VPA	100	0	0.0
1_8_tran_VP_order	08_1_8_tran_VP_order	fig:heatmap-8-tran-vp-order	1.8 Transitive V--P order	90_vos_ng_er_b_ep	vos	ng	erg-abs	balancing	erg-poss	vos	VS	VPA	100	0	0.0
1_8_tran_VP_order	08_1_8_tran_VP_order	fig:heatmap-8-tran-vp-order	1.8 Transitive V--P order	91_vos_ng_er_b_no	vos	ng	erg-abs	balancing	nomn	vos	VS	VPA	100	0	0.0
1_8_tran_VP_order	08_1_8_tran_VP_order	fig:heatmap-8-tran-vp-order	1.8 Transitive V--P order	92_vos_ng_er_d_se	vos	ng	erg-abs	deranking	sent	vos	VS	VPA	100	0	0.0
1_8_tran_VP_order	08_1_8_tran_VP_order	fig:heatmap-8-tran-vp-order	1.8 Transitive V--P order	93_vos_ng_er_d_pa	vos	ng	erg-abs	deranking	poss-acc	vos	VS	VPA	100	0	0.0
1_8_tran_VP_order	08_1_8_tran_VP_order	fig:heatmap-8-tran-vp-order	1.8 Transitive V--P order	94_vos_ng_er_d_ep	vos	ng	erg-abs	deranking	erg-poss	vos	VS	VPA	100	0	0.0
1_8_tran_VP_order	08_1_8_tran_VP_order	fig:heatmap-8-tran-vp-order	1.8 Transitive V--P order	95_vos_ng_er_d_no	vos	ng	erg-abs	deranking	nomn	vos	VS	VPA	100	0	0.0
1_9_intran_V_valency	09_1_9_intran_V_valency	fig:heatmap-9-intran-v-valency	1.9 Intransitive V valency	00_sov_gn_ac_b_se	sov	gn	nom-acc	balancing	sent	sov	SV	APV	100	50	0.5
1_9_intran_V_valency	09_1_9_intran_V_valency	fig:heatmap-9-intran-v-valency	1.9 Intransitive V valency	01_sov_gn_ac_b_pa	sov	gn	nom-acc	balancing	poss-acc	sov	SV	APV	100	50	0.5
1_9_intran_V_valency	09_1_9_intran_V_valency	fig:heatmap-9-intran-v-valency	1.9 Intransitive V valency	02_sov_gn_ac_b_ep	sov	gn	nom-acc	balancing	erg-poss	sov	SV	APV	100	50	0.5
1_9_intran_V_valency	09_1_9_intran_V_valency	fig:heatmap-9-intran-v-valency	1.9 Intransitive V valency	03_sov_gn_ac_b_no	sov	gn	nom-acc	balancing	nomn	sov	SV	APV	100	50	0.5
1_9_intran_V_valency	09_1_9_intran_V_valency	fig:heatmap-9-intran-v-valency	1.9 Intransitive V valency	04_sov_gn_ac_d_se	sov	gn	nom-acc	deranking	sent	sov	SV	APV	100	50	0.5
1_9_intran_V_valency	09_1_9_intran_V_valency	fig:heatmap-9-intran-v-valency	1.9 Intransitive V valency	05_sov_gn_ac_d_pa	sov	gn	nom-acc	deranking	poss-acc	sov	SV	APV	100	50	0.5
1_9_intran_V_valency	09_1_9_intran_V_valency	fig:heatmap-9-intran-v-valency	1.9 Intransitive V valency	06_sov_gn_ac_d_ep	sov	gn	nom-acc	deranking	erg-poss	sov	SV	APV	100	50	0.5
1_9_intran_V_valency	09_1_9_intran_V_valency	fig:heatmap-9-intran-v-valency	1.9 Intransitive V valency	07_sov_gn_ac_d_no	sov	gn	nom-acc	deranking	nomn	sov	SV	APV	100	50	0.5
1_9_intran_V_valency	09_1_9_intran_V_valency	fig:heatmap-9-intran-v-valency	1.9 Intransitive V valency	08_sov_gn_er_b_se	sov	gn	erg-abs	balancing	sent	sov	SV	APV	100	50	0.5
1_9_intran_V_valency	09_1_9_intran_V_valency	fig:heatmap-9-intran-v-valency	1.9 Intransitive V valency	09_sov_gn_er_b_pa	sov	gn	erg-abs	balancing	poss-acc	sov	SV	APV	100	50	0.5
1_9_intran_V_valency	09_1_9_intran_V_valency	fig:heatmap-9-intran-v-valency	1.9 Intransitive V valency	10_sov_gn_er_b_ep	sov	gn	erg-abs	balancing	erg-poss	sov	SV	APV	100	50	0.5
1_9_intran_V_valency	09_1_9_intran_V_valency	fig:heatmap-9-intran-v-valency	1.9 Intransitive V valency	11_sov_gn_er_b_no	sov	gn	erg-abs	balancing	nomn	sov	SV	APV	100	50	0.5
1_9_intran_V_valency	09_1_9_intran_V_valency	fig:heatmap-9-intran-v-valency	1.9 Intransitive V valency	12_sov_gn_er_d_se	sov	gn	erg-abs	deranking	sent	sov	SV	APV	100	50	0.5
1_9_intran_V_valency	09_1_9_intran_V_valency	fig:heatmap-9-intran-v-valency	1.9 Intransitive V valency	13_sov_gn_er_d_pa	sov	gn	erg-abs	deranking	poss-acc	sov	SV	APV	100	50	0.5
1_9_intran_V_valency	09_1_9_intran_V_valency	fig:heatmap-9-intran-v-valency	1.9 Intransitive V valency	14_sov_gn_er_d_ep	sov	gn	erg-abs	deranking	erg-poss	sov	SV	APV	100	50	0.5
1_9_intran_V_valency	09_1_9_intran_V_valency	fig:heatmap-9-intran-v-valency	1.9 Intransitive V valency	15_sov_gn_er_d_no	sov	gn	erg-abs	deranking	nomn	sov	SV	APV	100	50	0.5
1_9_intran_V_valency	09_1_9_intran_V_valency	fig:heatmap-9-intran-v-valency	1.9 Intransitive V valency	16_sov_ng_ac_b_se	sov	ng	nom-acc	balancing	sent	sov	SV	APV	100	50	0.5
1_9_intran_V_valency	09_1_9_intran_V_valency	fig:heatmap-9-intran-v-valency	1.9 Intransitive V valency	17_sov_ng_ac_b_pa	sov	ng	nom-acc	balancing	poss-acc	ovs	VS	PVA	100	50	0.5
1_9_intran_V_valency	09_1_9_intran_V_valency	fig:heatmap-9-intran-v-valency	1.9 Intransitive V valency	18_sov_ng_ac_b_ep	sov	ng	nom-acc	balancing	erg-poss	vos	VS	AVP	100	50	0.5
1_9_intran_V_valency	09_1_9_intran_V_valency	fig:heatmap-9-intran-v-valency	1.9 Intransitive V valency	19_sov_ng_ac_b_no	sov	ng	nom-acc	balancing	nomn	ovs	VS	PVA	100	50	0.5
1_9_intran_V_valency	09_1_9_intran_V_valency	fig:heatmap-9-intran-v-valency	1.9 Intransitive V valency	20_sov_ng_ac_d_se	sov	ng	nom-acc	deranking	sent	sov	SV	APV	100	50	0.5
1_9_intran_V_valency	09_1_9_intran_V_valency	fig:heatmap-9-intran-v-valency	1.9 Intransitive V valency	21_sov_ng_ac_d_pa	sov	ng	nom-acc	deranking	poss-acc	ovs	VS	PVA	100	50	0.5
1_9_intran_V_valency	09_1_9_intran_V_valency	fig:heatmap-9-intran-v-valency	1.9 Intransitive V valency	22_sov_ng_ac_d_ep	sov	ng	nom-acc	deranking	erg-poss	vos	VS	AVP	100	50	0.5
1_9_intran_V_valency	09_1_9_intran_V_valency	fig:heatmap-9-intran-v-valency	1.9 Intransitive V valency	23_sov_ng_ac_d_no	sov	ng	nom-acc	deranking	nomn	ovs	VS	PVA	100	50	0.5
1_9_intran_V_valency	09_1_9_intran_V_valency	fig:heatmap-9-intran-v-valency	1.9 Intransitive V valency	24_sov_ng_er_b_se	sov	ng	erg-abs	balancing	sent	sov	SV	APV	100	50	0.5
1_9_intran_V_valency	09_1_9_intran_V_valency	fig:heatmap-9-intran-v-valency	1.9 Intransitive V valency	25_sov_ng_er_b_pa	sov	ng	erg-abs	balancing	poss-acc	ovs	VS	PVA	100	50	0.5
1_9_intran_V_valency	09_1_9_intran_V_valency	fig:heatmap-9-intran-v-valency	1.9 Intransitive V valency	26_sov_ng_er_b_ep	sov	ng	erg-abs	balancing	erg-poss	vos	VS	AVP	100	50	0.5
1_9_intran_V_valency	09_1_9_intran_V_valency	fig:heatmap-9-intran-v-valency	1.9 Intransitive V valency	27_sov_ng_er_b_no	sov	ng	erg-abs	balancing	nomn	ovs	VS	PVA	100	50	0.5
1_9_intran_V_valency	09_1_9_intran_V_valency	fig:heatmap-9-intran-v-valency	1.9 Intransitive V valency	28_sov_ng_er_d_se	sov	ng	erg-abs	deranking	sent	sov	SV	APV	100	50	0.5
1_9_intran_V_valency	09_1_9_intran_V_valency	fig:heatmap-9-intran-v-valency	1.9 Intransitive V valency	29_sov_ng_er_d_pa	sov	ng	erg-abs	deranking	poss-acc	ovs	VS	PVA	100	50	0.5
1_9_intran_V_valency	09_1_9_intran_V_valency	fig:heatmap-9-intran-v-valency	1.9 Intransitive V valency	30_sov_ng_er_d_ep	sov	ng	erg-abs	deranking	erg-poss	vos	VS	AVP	100	50	0.5
1_9_intran_V_valency	09_1_9_intran_V_valency	fig:heatmap-9-intran-v-valency	1.9 Intransitive V valency	31_sov_ng_er_d_no	sov	ng	erg-abs	deranking	nomn	ovs	VS	PVA	100	50	0.5
1_9_intran_V_valency	09_1_9_intran_V_valency	fig:heatmap-9-intran-v-valency	1.9 Intransitive V valency	32_svo_gn_ac_b_se	svo	gn	nom-acc	balancing	sent	svo	SV	AVP	100	50	0.5
1_9_intran_V_valency	09_1_9_intran_V_valency	fig:heatmap-9-intran-v-valency	1.9 Intransitive V valency	33_svo_gn_ac_b_pa	svo	gn	nom-acc	balancing	poss-acc	svo	SV	AVP	100	50	0.5
1_9_intran_V_valency	09_1_9_intran_V_valency	fig:heatmap-9-intran-v-valency	1.9 Intransitive V valency	34_svo_gn_ac_b_ep	svo	gn	nom-acc	balancing	erg-poss	sov	SV	PVA	100	50	0.5
1_9_intran_V_valency	09_1_9_intran_V_valency	fig:heatmap-9-intran-v-valency	1.9 Intransitive V valency	35_svo_gn_ac_b_no	svo	gn	nom-acc	balancing	nomn	svo	SV	AVP	100	50	0.5
1_9_intran_V_valency	09_1_9_intran_V_valency	fig:heatmap-9-intran-v-valency	1.9 Intransitive V valency	36_svo_gn_ac_d_se	svo	gn	nom-acc	deranking	sent	svo	SV	AVP	100	50	0.5
1_9_intran_V_valency	09_1_9_intran_V_valency	fig:heatmap-9-intran-v-valency	1.9 Intransitive V valency	37_svo_gn_ac_d_pa	svo	gn	nom-acc	deranking	poss-acc	svo	SV	AVP	100	50	0.5
1_9_intran_V_valency	09_1_9_intran_V_valency	fig:heatmap-9-intran-v-valency	1.9 Intransitive V valency	38_svo_gn_ac_d_ep	svo	gn	nom-acc	deranking	erg-poss	sov	SV	PVA	100	50	0.5
1_9_intran_V_valency	09_1_9_intran_V_valency	fig:heatmap-9-intran-v-valency	1.9 Intransitive V valency	39_svo_gn_ac_d_no	svo	gn	nom-acc	deranking	nomn	svo	SV	AVP	100	50	0.5
1_9_intran_V_valency	09_1_9_intran_V_valency	fig:heatmap-9-intran-v-valency	1.9 Intransitive V valency	40_svo_gn_er_b_se	svo	gn	erg-abs	balancing	sent	svo	SV	AVP	100	50	0.5
1_9_intran_V_valency	09_1_9_intran_V_valency	fig:heatmap-9-intran-v-valency	1.9 Intransitive V valency	41_svo_gn_er_b_pa	svo	gn	erg-abs	balancing	poss-acc	svo	SV	AVP	100	50	0.5
1_9_intran_V_valency	09_1_9_intran_V_valency	fig:heatmap-9-intran-v-valency	1.9 Intransitive V valency	42_svo_gn_er_b_ep	svo	gn	erg-abs	balancing	erg-poss	sov	SV	PVA	100	50	0.5
1_9_intran_V_valency	09_1_9_intran_V_valency	fig:heatmap-9-intran-v-valency	1.9 Intransitive V valency	43_svo_gn_er_b_no	svo	gn	erg-abs	balancing	nomn	svo	SV	AVP	100	50	0.5
1_9_intran_V_valency	09_1_9_intran_V_valency	fig:heatmap-9-intran-v-valency	1.9 Intransitive V valency	44_svo_gn_er_d_se	svo	gn	erg-abs	deranking	sent	svo	SV	AVP	100	50	0.5
1_9_intran_V_valency	09_1_9_intran_V_valency	fig:heatmap-9-intran-v-valency	1.9 Intransitive V valency	45_svo_gn_er_d_pa	svo	gn	erg-abs	deranking	poss-acc	svo	SV	AVP	100	50	0.5
1_9_intran_V_valency	09_1_9_intran_V_valency	fig:heatmap-9-intran-v-valency	1.9 Intransitive V valency	46_svo_gn_er_d_ep	svo	gn	erg-abs	deranking	erg-poss	sov	SV	PVA	100	50	0.5
1_9_intran_V_valency	09_1_9_intran_V_valency	fig:heatmap-9-intran-v-valency	1.9 Intransitive V valency	47_svo_gn_er_d_no	svo	gn	erg-abs	deranking	nomn	svo	SV	AVP	100	50	0.5
1_9_intran_V_valency	09_1_9_intran_V_valency	fig:heatmap-9-intran-v-valency	1.9 Intransitive V valency	48_svo_ng_ac_b_se	svo	ng	nom-acc	balancing	sent	svo	SV	AVP	100	50	0.5
1_9_intran_V_valency	09_1_9_intran_V_valency	fig:heatmap-9-intran-v-valency	1.9 Intransitive V valency	49_svo_ng_ac_b_pa	svo	ng	nom-acc	balancing	poss-acc	vos	VS	VPA	100	50	0.5
1_9_intran_V_valency	09_1_9_intran_V_valency	fig:heatmap-9-intran-v-valency	1.9 Intransitive V valency	50_svo_ng_ac_b_ep	svo	ng	nom-acc	balancing	erg-poss	vos	VS	VPA	100	50	0.5
1_9_intran_V_valency	09_1_9_intran_V_valency	fig:heatmap-9-intran-v-valency	1.9 Intransitive V valency	51_svo_ng_ac_b_no	svo	ng	nom-acc	balancing	nomn	vos	VS	VPA	100	50	0.5
1_9_intran_V_valency	09_1_9_intran_V_valency	fig:heatmap-9-intran-v-valency	1.9 Intransitive V valency	52_svo_ng_ac_d_se	svo	ng	nom-acc	deranking	sent	svo	SV	AVP	100	50	0.5
1_9_intran_V_valency	09_1_9_intran_V_valency	fig:heatmap-9-intran-v-valency	1.9 Intransitive V valency	53_svo_ng_ac_d_pa	svo	ng	nom-acc	deranking	poss-acc	vos	VS	VPA	100	50	0.5
1_9_intran_V_valency	09_1_9_intran_V_valency	fig:heatmap-9-intran-v-valency	1.9 Intransitive V valency	54_svo_ng_ac_d_ep	svo	ng	nom-acc	deranking	erg-poss	vos	VS	VPA	100	50	0.5
1_9_intran_V_valency	09_1_9_intran_V_valency	fig:heatmap-9-intran-v-valency	1.9 Intransitive V valency	55_svo_ng_ac_d_no	svo	ng	nom-acc	deranking	nomn	vos	VS	VPA	100	50	0.5
1_9_intran_V_valency	09_1_9_intran_V_valency	fig:heatmap-9-intran-v-valency	1.9 Intransitive V valency	56_svo_ng_er_b_se	svo	ng	erg-abs	balancing	sent	svo	SV	AVP	100	50	0.5
1_9_intran_V_valency	09_1_9_intran_V_valency	fig:heatmap-9-intran-v-valency	1.9 Intransitive V valency	57_svo_ng_er_b_pa	svo	ng	erg-abs	balancing	poss-acc	vos	VS	VPA	100	50	0.5
1_9_intran_V_valency	09_1_9_intran_V_valency	fig:heatmap-9-intran-v-valency	1.9 Intransitive V valency	58_svo_ng_er_b_ep	svo	ng	erg-abs	balancing	erg-poss	vos	VS	VPA	100	50	0.5
1_9_intran_V_valency	09_1_9_intran_V_valency	fig:heatmap-9-intran-v-valency	1.9 Intransitive V valency	59_svo_ng_er_b_no	svo	ng	erg-abs	balancing	nomn	vos	VS	VPA	100	50	0.5
1_9_intran_V_valency	09_1_9_intran_V_valency	fig:heatmap-9-intran-v-valency	1.9 Intransitive V valency	60_svo_ng_er_d_se	svo	ng	erg-abs	deranking	sent	svo	SV	AVP	100	50	0.5
1_9_intran_V_valency	09_1_9_intran_V_valency	fig:heatmap-9-intran-v-valency	1.9 Intransitive V valency	61_svo_ng_er_d_pa	svo	ng	erg-abs	deranking	poss-acc	vos	VS	VPA	100	50	0.5
1_9_intran_V_valency	09_1_9_intran_V_valency	fig:heatmap-9-intran-v-valency	1.9 Intransitive V valency	62_svo_ng_er_d_ep	svo	ng	erg-abs	deranking	erg-poss	vos	VS	VPA	100	50	0.5
1_9_intran_V_valency	09_1_9_intran_V_valency	fig:heatmap-9-intran-v-valency	1.9 Intransitive V valency	63_svo_ng_er_d_no	svo	ng	erg-abs	deranking	nomn	vos	VS	VPA	100	50	0.5
1_9_intran_V_valency	09_1_9_intran_V_valency	fig:heatmap-9-intran-v-valency	1.9 Intransitive V valency	64_vos_gn_ac_b_se	vos	gn	nom-acc	balancing	sent	vos	VS	VPA	100	50	0.5
1_9_intran_V_valency	09_1_9_intran_V_valency	fig:heatmap-9-intran-v-valency	1.9 Intransitive V valency	65_vos_gn_ac_b_pa	vos	gn	nom-acc	balancing	poss-acc	svo	SV	AVP	100	50	0.5
1_9_intran_V_valency	09_1_9_intran_V_valency	fig:heatmap-9-intran-v-valency	1.9 Intransitive V valency	66_vos_gn_ac_b_ep	vos	gn	nom-acc	balancing	erg-poss	sov	SV	PVA	100	50	0.5
1_9_intran_V_valency	09_1_9_intran_V_valency	fig:heatmap-9-intran-v-valency	1.9 Intransitive V valency	67_vos_gn_ac_b_no	vos	gn	nom-acc	balancing	nomn	svo	SV	AVP	100	50	0.5
1_9_intran_V_valency	09_1_9_intran_V_valency	fig:heatmap-9-intran-v-valency	1.9 Intransitive V valency	68_vos_gn_ac_d_se	vos	gn	nom-acc	deranking	sent	vos	VS	VPA	100	50	0.5
1_9_intran_V_valency	09_1_9_intran_V_valency	fig:heatmap-9-intran-v-valency	1.9 Intransitive V valency	69_vos_gn_ac_d_pa	vos	gn	nom-acc	deranking	poss-acc	svo	SV	AVP	100	50	0.5
1_9_intran_V_valency	09_1_9_intran_V_valency	fig:heatmap-9-intran-v-valency	1.9 Intransitive V valency	70_vos_gn_ac_d_ep	vos	gn	nom-acc	deranking	erg-poss	sov	SV	PVA	100	50	0.5
1_9_intran_V_valency	09_1_9_intran_V_valency	fig:heatmap-9-intran-v-valency	1.9 Intransitive V valency	71_vos_gn_ac_d_no	vos	gn	nom-acc	deranking	nomn	svo	SV	AVP	100	50	0.5
1_9_intran_V_valency	09_1_9_intran_V_valency	fig:heatmap-9-intran-v-valency	1.9 Intransitive V valency	72_vos_gn_er_b_se	vos	gn	erg-abs	balancing	sent	vos	VS	VPA	100	50	0.5
1_9_intran_V_valency	09_1_9_intran_V_valency	fig:heatmap-9-intran-v-valency	1.9 Intransitive V valency	73_vos_gn_er_b_pa	vos	gn	erg-abs	balancing	poss-acc	svo	SV	AVP	100	50	0.5
1_9_intran_V_valency	09_1_9_intran_V_valency	fig:heatmap-9-intran-v-valency	1.9 Intransitive V valency	74_vos_gn_er_b_ep	vos	gn	erg-abs	balancing	erg-poss	sov	SV	PVA	100	50	0.5
1_9_intran_V_valency	09_1_9_intran_V_valency	fig:heatmap-9-intran-v-valency	1.9 Intransitive V valency	75_vos_gn_er_b_no	vos	gn	erg-abs	balancing	nomn	svo	SV	AVP	100	50	0.5
1_9_intran_V_valency	09_1_9_intran_V_valency	fig:heatmap-9-intran-v-valency	1.9 Intransitive V valency	76_vos_gn_er_d_se	vos	gn	erg-abs	deranking	sent	vos	VS	VPA	100	50	0.5
1_9_intran_V_valency	09_1_9_intran_V_valency	fig:heatmap-9-intran-v-valency	1.9 Intransitive V valency	77_vos_gn_er_d_pa	vos	gn	erg-abs	deranking	poss-acc	svo	SV	AVP	100	50	0.5
1_9_intran_V_valency	09_1_9_intran_V_valency	fig:heatmap-9-intran-v-valency	1.9 Intransitive V valency	78_vos_gn_er_d_ep	vos	gn	erg-abs	deranking	erg-poss	sov	SV	PVA	100	50	0.5
1_9_intran_V_valency	09_1_9_intran_V_valency	fig:heatmap-9-intran-v-valency	1.9 Intransitive V valency	79_vos_gn_er_d_no	vos	gn	erg-abs	deranking	nomn	svo	SV	AVP	100	50	0.5
1_9_intran_V_valency	09_1_9_intran_V_valency	fig:heatmap-9-intran-v-valency	1.9 Intransitive V valency	80_vos_ng_ac_b_se	vos	ng	nom-acc	balancing	sent	vos	VS	VPA	100	50	0.5
1_9_intran_V_valency	09_1_9_intran_V_valency	fig:heatmap-9-intran-v-valency	1.9 Intransitive V valency	81_vos_ng_ac_b_pa	vos	ng	nom-acc	balancing	poss-acc	vos	VS	VPA	100	50	0.5
1_9_intran_V_valency	09_1_9_intran_V_valency	fig:heatmap-9-intran-v-valency	1.9 Intransitive V valency	82_vos_ng_ac_b_ep	vos	ng	nom-acc	balancing	erg-poss	vos	VS	VPA	100	50	0.5
1_9_intran_V_valency	09_1_9_intran_V_valency	fig:heatmap-9-intran-v-valency	1.9 Intransitive V valency	83_vos_ng_ac_b_no	vos	ng	nom-acc	balancing	nomn	vos	VS	VPA	100	50	0.5
1_9_intran_V_valency	09_1_9_intran_V_valency	fig:heatmap-9-intran-v-valency	1.9 Intransitive V valency	84_vos_ng_ac_d_se	vos	ng	nom-acc	deranking	sent	vos	VS	VPA	100	50	0.5
1_9_intran_V_valency	09_1_9_intran_V_valency	fig:heatmap-9-intran-v-valency	1.9 Intransitive V valency	85_vos_ng_ac_d_pa	vos	ng	nom-acc	deranking	poss-acc	vos	VS	VPA	100	50	0.5
1_9_intran_V_valency	09_1_9_intran_V_valency	fig:heatmap-9-intran-v-valency	1.9 Intransitive V valency	86_vos_ng_ac_d_ep	vos	ng	nom-acc	deranking	erg-poss	vos	VS	VPA	100	50	0.5
1_9_intran_V_valency	09_1_9_intran_V_valency	fig:heatmap-9-intran-v-valency	1.9 Intransitive V valency	87_vos_ng_ac_d_no	vos	ng	nom-acc	deranking	nomn	vos	VS	VPA	100	50	0.5
1_9_intran_V_valency	09_1_9_intran_V_valency	fig:heatmap-9-intran-v-valency	1.9 Intransitive V valency	88_vos_ng_er_b_se	vos	ng	erg-abs	balancing	sent	vos	VS	VPA	100	50	0.5
1_9_intran_V_valency	09_1_9_intran_V_valency	fig:heatmap-9-intran-v-valency	1.9 Intransitive V valency	89_vos_ng_er_b_pa	vos	ng	erg-abs	balancing	poss-acc	vos	VS	VPA	100	50	0.5
1_9_intran_V_valency	09_1_9_intran_V_valency	fig:heatmap-9-intran-v-valency	1.9 Intransitive V valency	90_vos_ng_er_b_ep	vos	ng	erg-abs	balancing	erg-poss	vos	VS	VPA	100	50	0.5
1_9_intran_V_valency	09_1_9_intran_V_valency	fig:heatmap-9-intran-v-valency	1.9 Intransitive V valency	91_vos_ng_er_b_no	vos	ng	erg-abs	balancing	nomn	vos	VS	VPA	100	50	0.5
1_9_intran_V_valency	09_1_9_intran_V_valency	fig:heatmap-9-intran-v-valency	1.9 Intransitive V valency	92_vos_ng_er_d_se	vos	ng	erg-abs	deranking	sent	vos	VS	VPA	100	50	0.5
1_9_intran_V_valency	09_1_9_intran_V_valency	fig:heatmap-9-intran-v-valency	1.9 Intransitive V valency	93_vos_ng_er_d_pa	vos	ng	erg-abs	deranking	poss-acc	vos	VS	VPA	100	50	0.5
1_9_intran_V_valency	09_1_9_intran_V_valency	fig:heatmap-9-intran-v-valency	1.9 Intransitive V valency	94_vos_ng_er_d_ep	vos	ng	erg-abs	deranking	erg-poss	vos	VS	VPA	100	50	0.5
1_9_intran_V_valency	09_1_9_intran_V_valency	fig:heatmap-9-intran-v-valency	1.9 Intransitive V valency	95_vos_ng_er_d_no	vos	ng	erg-abs	deranking	nomn	vos	VS	VPA	100	50	0.5
1_10_tran_V_valency	10_1_10_tran_V_valency	fig:heatmap-10-tran-v-valency	1.10 Transitive V valency	00_sov_gn_ac_b_se	sov	gn	nom-acc	balancing	sent	sov	SV	APV	100	93	0.93
1_10_tran_V_valency	10_1_10_tran_V_valency	fig:heatmap-10-tran-v-valency	1.10 Transitive V valency	01_sov_gn_ac_b_pa	sov	gn	nom-acc	balancing	poss-acc	sov	SV	APV	100	93	0.93
1_10_tran_V_valency	10_1_10_tran_V_valency	fig:heatmap-10-tran-v-valency	1.10 Transitive V valency	02_sov_gn_ac_b_ep	sov	gn	nom-acc	balancing	erg-poss	sov	SV	APV	100	93	0.93
1_10_tran_V_valency	10_1_10_tran_V_valency	fig:heatmap-10-tran-v-valency	1.10 Transitive V valency	03_sov_gn_ac_b_no	sov	gn	nom-acc	balancing	nomn	sov	SV	APV	100	93	0.93
1_10_tran_V_valency	10_1_10_tran_V_valency	fig:heatmap-10-tran-v-valency	1.10 Transitive V valency	04_sov_gn_ac_d_se	sov	gn	nom-acc	deranking	sent	sov	SV	APV	100	93	0.93
1_10_tran_V_valency	10_1_10_tran_V_valency	fig:heatmap-10-tran-v-valency	1.10 Transitive V valency	05_sov_gn_ac_d_pa	sov	gn	nom-acc	deranking	poss-acc	sov	SV	APV	100	93	0.93
1_10_tran_V_valency	10_1_10_tran_V_valency	fig:heatmap-10-tran-v-valency	1.10 Transitive V valency	06_sov_gn_ac_d_ep	sov	gn	nom-acc	deranking	erg-poss	sov	SV	APV	100	93	0.93
1_10_tran_V_valency	10_1_10_tran_V_valency	fig:heatmap-10-tran-v-valency	1.10 Transitive V valency	07_sov_gn_ac_d_no	sov	gn	nom-acc	deranking	nomn	sov	SV	APV	100	93	0.93
1_10_tran_V_valency	10_1_10_tran_V_valency	fig:heatmap-10-tran-v-valency	1.10 Transitive V valency	08_sov_gn_er_b_se	sov	gn	erg-abs	balancing	sent	sov	SV	APV	100	93	0.93
1_10_tran_V_valency	10_1_10_tran_V_valency	fig:heatmap-10-tran-v-valency	1.10 Transitive V valency	09_sov_gn_er_b_pa	sov	gn	erg-abs	balancing	poss-acc	sov	SV	APV	100	93	0.93
1_10_tran_V_valency	10_1_10_tran_V_valency	fig:heatmap-10-tran-v-valency	1.10 Transitive V valency	10_sov_gn_er_b_ep	sov	gn	erg-abs	balancing	erg-poss	sov	SV	APV	100	93	0.93
1_10_tran_V_valency	10_1_10_tran_V_valency	fig:heatmap-10-tran-v-valency	1.10 Transitive V valency	11_sov_gn_er_b_no	sov	gn	erg-abs	balancing	nomn	sov	SV	APV	100	93	0.93
1_10_tran_V_valency	10_1_10_tran_V_valency	fig:heatmap-10-tran-v-valency	1.10 Transitive V valency	12_sov_gn_er_d_se	sov	gn	erg-abs	deranking	sent	sov	SV	APV	100	93	0.93
1_10_tran_V_valency	10_1_10_tran_V_valency	fig:heatmap-10-tran-v-valency	1.10 Transitive V valency	13_sov_gn_er_d_pa	sov	gn	erg-abs	deranking	poss-acc	sov	SV	APV	100	93	0.93
1_10_tran_V_valency	10_1_10_tran_V_valency	fig:heatmap-10-tran-v-valency	1.10 Transitive V valency	14_sov_gn_er_d_ep	sov	gn	erg-abs	deranking	erg-poss	sov	SV	APV	100	93	0.93
1_10_tran_V_valency	10_1_10_tran_V_valency	fig:heatmap-10-tran-v-valency	1.10 Transitive V valency	15_sov_gn_er_d_no	sov	gn	erg-abs	deranking	nomn	sov	SV	APV	100	93	0.93
1_10_tran_V_valency	10_1_10_tran_V_valency	fig:heatmap-10-tran-v-valency	1.10 Transitive V valency	16_sov_ng_ac_b_se	sov	ng	nom-acc	balancing	sent	sov	SV	APV	100	93	0.93
1_10_tran_V_valency	10_1_10_tran_V_valency	fig:heatmap-10-tran-v-valency	1.10 Transitive V valency	17_sov_ng_ac_b_pa	sov	ng	nom-acc	balancing	poss-acc	ovs	VS	PVA	100	93	0.93
1_10_tran_V_valency	10_1_10_tran_V_valency	fig:heatmap-10-tran-v-valency	1.10 Transitive V valency	18_sov_ng_ac_b_ep	sov	ng	nom-acc	balancing	erg-poss	vos	VS	AVP	100	93	0.93
1_10_tran_V_valency	10_1_10_tran_V_valency	fig:heatmap-10-tran-v-valency	1.10 Transitive V valency	19_sov_ng_ac_b_no	sov	ng	nom-acc	balancing	nomn	ovs	VS	PVA	100	93	0.93
1_10_tran_V_valency	10_1_10_tran_V_valency	fig:heatmap-10-tran-v-valency	1.10 Transitive V valency	20_sov_ng_ac_d_se	sov	ng	nom-acc	deranking	sent	sov	SV	APV	100	93	0.93
1_10_tran_V_valency	10_1_10_tran_V_valency	fig:heatmap-10-tran-v-valency	1.10 Transitive V valency	21_sov_ng_ac_d_pa	sov	ng	nom-acc	deranking	poss-acc	ovs	VS	PVA	100	93	0.93
1_10_tran_V_valency	10_1_10_tran_V_valency	fig:heatmap-10-tran-v-valency	1.10 Transitive V valency	22_sov_ng_ac_d_ep	sov	ng	nom-acc	deranking	erg-poss	vos	VS	AVP	100	93	0.93
1_10_tran_V_valency	10_1_10_tran_V_valency	fig:heatmap-10-tran-v-valency	1.10 Transitive V valency	23_sov_ng_ac_d_no	sov	ng	nom-acc	deranking	nomn	ovs	VS	PVA	100	93	0.93
1_10_tran_V_valency	10_1_10_tran_V_valency	fig:heatmap-10-tran-v-valency	1.10 Transitive V valency	24_sov_ng_er_b_se	sov	ng	erg-abs	balancing	sent	sov	SV	APV	100	93	0.93
1_10_tran_V_valency	10_1_10_tran_V_valency	fig:heatmap-10-tran-v-valency	1.10 Transitive V valency	25_sov_ng_er_b_pa	sov	ng	erg-abs	balancing	poss-acc	ovs	VS	PVA	100	93	0.93
1_10_tran_V_valency	10_1_10_tran_V_valency	fig:heatmap-10-tran-v-valency	1.10 Transitive V valency	26_sov_ng_er_b_ep	sov	ng	erg-abs	balancing	erg-poss	vos	VS	AVP	100	93	0.93
1_10_tran_V_valency	10_1_10_tran_V_valency	fig:heatmap-10-tran-v-valency	1.10 Transitive V valency	27_sov_ng_er_b_no	sov	ng	erg-abs	balancing	nomn	ovs	VS	PVA	100	93	0.93
1_10_tran_V_valency	10_1_10_tran_V_valency	fig:heatmap-10-tran-v-valency	1.10 Transitive V valency	28_sov_ng_er_d_se	sov	ng	erg-abs	deranking	sent	sov	SV	APV	100	93	0.93
1_10_tran_V_valency	10_1_10_tran_V_valency	fig:heatmap-10-tran-v-valency	1.10 Transitive V valency	29_sov_ng_er_d_pa	sov	ng	erg-abs	deranking	poss-acc	ovs	VS	PVA	100	93	0.93
1_10_tran_V_valency	10_1_10_tran_V_valency	fig:heatmap-10-tran-v-valency	1.10 Transitive V valency	30_sov_ng_er_d_ep	sov	ng	erg-abs	deranking	erg-poss	vos	VS	AVP	100	93	0.93
1_10_tran_V_valency	10_1_10_tran_V_valency	fig:heatmap-10-tran-v-valency	1.10 Transitive V valency	31_sov_ng_er_d_no	sov	ng	erg-abs	deranking	nomn	ovs	VS	PVA	100	93	0.93
1_10_tran_V_valency	10_1_10_tran_V_valency	fig:heatmap-10-tran-v-valency	1.10 Transitive V valency	32_svo_gn_ac_b_se	svo	gn	nom-acc	balancing	sent	svo	SV	AVP	100	93	0.93
1_10_tran_V_valency	10_1_10_tran_V_valency	fig:heatmap-10-tran-v-valency	1.10 Transitive V valency	33_svo_gn_ac_b_pa	svo	gn	nom-acc	balancing	poss-acc	svo	SV	AVP	100	93	0.93
1_10_tran_V_valency	10_1_10_tran_V_valency	fig:heatmap-10-tran-v-valency	1.10 Transitive V valency	34_svo_gn_ac_b_ep	svo	gn	nom-acc	balancing	erg-poss	sov	SV	PVA	100	93	0.93
1_10_tran_V_valency	10_1_10_tran_V_valency	fig:heatmap-10-tran-v-valency	1.10 Transitive V valency	35_svo_gn_ac_b_no	svo	gn	nom-acc	balancing	nomn	svo	SV	AVP	100	93	0.93
1_10_tran_V_valency	10_1_10_tran_V_valency	fig:heatmap-10-tran-v-valency	1.10 Transitive V valency	36_svo_gn_ac_d_se	svo	gn	nom-acc	deranking	sent	svo	SV	AVP	100	93	0.93
1_10_tran_V_valency	10_1_10_tran_V_valency	fig:heatmap-10-tran-v-valency	1.10 Transitive V valency	37_svo_gn_ac_d_pa	svo	gn	nom-acc	deranking	poss-acc	svo	SV	AVP	100	93	0.93
1_10_tran_V_valency	10_1_10_tran_V_valency	fig:heatmap-10-tran-v-valency	1.10 Transitive V valency	38_svo_gn_ac_d_ep	svo	gn	nom-acc	deranking	erg-poss	sov	SV	PVA	100	93	0.93
1_10_tran_V_valency	10_1_10_tran_V_valency	fig:heatmap-10-tran-v-valency	1.10 Transitive V valency	39_svo_gn_ac_d_no	svo	gn	nom-acc	deranking	nomn	svo	SV	AVP	100	93	0.93
1_10_tran_V_valency	10_1_10_tran_V_valency	fig:heatmap-10-tran-v-valency	1.10 Transitive V valency	40_svo_gn_er_b_se	svo	gn	erg-abs	balancing	sent	svo	SV	AVP	100	93	0.93
1_10_tran_V_valency	10_1_10_tran_V_valency	fig:heatmap-10-tran-v-valency	1.10 Transitive V valency	41_svo_gn_er_b_pa	svo	gn	erg-abs	balancing	poss-acc	svo	SV	AVP	100	93	0.93
1_10_tran_V_valency	10_1_10_tran_V_valency	fig:heatmap-10-tran-v-valency	1.10 Transitive V valency	42_svo_gn_er_b_ep	svo	gn	erg-abs	balancing	erg-poss	sov	SV	PVA	100	93	0.93
1_10_tran_V_valency	10_1_10_tran_V_valency	fig:heatmap-10-tran-v-valency	1.10 Transitive V valency	43_svo_gn_er_b_no	svo	gn	erg-abs	balancing	nomn	svo	SV	AVP	100	93	0.93
1_10_tran_V_valency	10_1_10_tran_V_valency	fig:heatmap-10-tran-v-valency	1.10 Transitive V valency	44_svo_gn_er_d_se	svo	gn	erg-abs	deranking	sent	svo	SV	AVP	100	93	0.93
1_10_tran_V_valency	10_1_10_tran_V_valency	fig:heatmap-10-tran-v-valency	1.10 Transitive V valency	45_svo_gn_er_d_pa	svo	gn	erg-abs	deranking	poss-acc	svo	SV	AVP	100	93	0.93
1_10_tran_V_valency	10_1_10_tran_V_valency	fig:heatmap-10-tran-v-valency	1.10 Transitive V valency	46_svo_gn_er_d_ep	svo	gn	erg-abs	deranking	erg-poss	sov	SV	PVA	100	93	0.93
1_10_tran_V_valency	10_1_10_tran_V_valency	fig:heatmap-10-tran-v-valency	1.10 Transitive V valency	47_svo_gn_er_d_no	svo	gn	erg-abs	deranking	nomn	svo	SV	AVP	100	93	0.93
1_10_tran_V_valency	10_1_10_tran_V_valency	fig:heatmap-10-tran-v-valency	1.10 Transitive V valency	48_svo_ng_ac_b_se	svo	ng	nom-acc	balancing	sent	svo	SV	AVP	100	93	0.93
1_10_tran_V_valency	10_1_10_tran_V_valency	fig:heatmap-10-tran-v-valency	1.10 Transitive V valency	49_svo_ng_ac_b_pa	svo	ng	nom-acc	balancing	poss-acc	vos	VS	VPA	100	93	0.93
1_10_tran_V_valency	10_1_10_tran_V_valency	fig:heatmap-10-tran-v-valency	1.10 Transitive V valency	50_svo_ng_ac_b_ep	svo	ng	nom-acc	balancing	erg-poss	vos	VS	VPA	100	93	0.93
1_10_tran_V_valency	10_1_10_tran_V_valency	fig:heatmap-10-tran-v-valency	1.10 Transitive V valency	51_svo_ng_ac_b_no	svo	ng	nom-acc	balancing	nomn	vos	VS	VPA	100	93	0.93
1_10_tran_V_valency	10_1_10_tran_V_valency	fig:heatmap-10-tran-v-valency	1.10 Transitive V valency	52_svo_ng_ac_d_se	svo	ng	nom-acc	deranking	sent	svo	SV	AVP	100	93	0.93
1_10_tran_V_valency	10_1_10_tran_V_valency	fig:heatmap-10-tran-v-valency	1.10 Transitive V valency	53_svo_ng_ac_d_pa	svo	ng	nom-acc	deranking	poss-acc	vos	VS	VPA	100	93	0.93
1_10_tran_V_valency	10_1_10_tran_V_valency	fig:heatmap-10-tran-v-valency	1.10 Transitive V valency	54_svo_ng_ac_d_ep	svo	ng	nom-acc	deranking	erg-poss	vos	VS	VPA	100	93	0.93
1_10_tran_V_valency	10_1_10_tran_V_valency	fig:heatmap-10-tran-v-valency	1.10 Transitive V valency	55_svo_ng_ac_d_no	svo	ng	nom-acc	deranking	nomn	vos	VS	VPA	100	93	0.93
1_10_tran_V_valency	10_1_10_tran_V_valency	fig:heatmap-10-tran-v-valency	1.10 Transitive V valency	56_svo_ng_er_b_se	svo	ng	erg-abs	balancing	sent	svo	SV	AVP	100	93	0.93
1_10_tran_V_valency	10_1_10_tran_V_valency	fig:heatmap-10-tran-v-valency	1.10 Transitive V valency	57_svo_ng_er_b_pa	svo	ng	erg-abs	balancing	poss-acc	vos	VS	VPA	100	93	0.93
1_10_tran_V_valency	10_1_10_tran_V_valency	fig:heatmap-10-tran-v-valency	1.10 Transitive V valency	58_svo_ng_er_b_ep	svo	ng	erg-abs	balancing	erg-poss	vos	VS	VPA	100	93	0.93
1_10_tran_V_valency	10_1_10_tran_V_valency	fig:heatmap-10-tran-v-valency	1.10 Transitive V valency	59_svo_ng_er_b_no	svo	ng	erg-abs	balancing	nomn	vos	VS	VPA	100	93	0.93
1_10_tran_V_valency	10_1_10_tran_V_valency	fig:heatmap-10-tran-v-valency	1.10 Transitive V valency	60_svo_ng_er_d_se	svo	ng	erg-abs	deranking	sent	svo	SV	AVP	100	93	0.93
1_10_tran_V_valency	10_1_10_tran_V_valency	fig:heatmap-10-tran-v-valency	1.10 Transitive V valency	61_svo_ng_er_d_pa	svo	ng	erg-abs	deranking	poss-acc	vos	VS	VPA	100	93	0.93
1_10_tran_V_valency	10_1_10_tran_V_valency	fig:heatmap-10-tran-v-valency	1.10 Transitive V valency	62_svo_ng_er_d_ep	svo	ng	erg-abs	deranking	erg-poss	vos	VS	VPA	100	93	0.93
1_10_tran_V_valency	10_1_10_tran_V_valency	fig:heatmap-10-tran-v-valency	1.10 Transitive V valency	63_svo_ng_er_d_no	svo	ng	erg-abs	deranking	nomn	vos	VS	VPA	100	93	0.93
1_10_tran_V_valency	10_1_10_tran_V_valency	fig:heatmap-10-tran-v-valency	1.10 Transitive V valency	64_vos_gn_ac_b_se	vos	gn	nom-acc	balancing	sent	vos	VS	VPA	100	93	0.93
1_10_tran_V_valency	10_1_10_tran_V_valency	fig:heatmap-10-tran-v-valency	1.10 Transitive V valency	65_vos_gn_ac_b_pa	vos	gn	nom-acc	balancing	poss-acc	svo	SV	AVP	100	93	0.93
1_10_tran_V_valency	10_1_10_tran_V_valency	fig:heatmap-10-tran-v-valency	1.10 Transitive V valency	66_vos_gn_ac_b_ep	vos	gn	nom-acc	balancing	erg-poss	sov	SV	PVA	100	93	0.93
1_10_tran_V_valency	10_1_10_tran_V_valency	fig:heatmap-10-tran-v-valency	1.10 Transitive V valency	67_vos_gn_ac_b_no	vos	gn	nom-acc	balancing	nomn	svo	SV	AVP	100	93	0.93
1_10_tran_V_valency	10_1_10_tran_V_valency	fig:heatmap-10-tran-v-valency	1.10 Transitive V valency	68_vos_gn_ac_d_se	vos	gn	nom-acc	deranking	sent	vos	VS	VPA	100	93	0.93
1_10_tran_V_valency	10_1_10_tran_V_valency	fig:heatmap-10-tran-v-valency	1.10 Transitive V valency	69_vos_gn_ac_d_pa	vos	gn	nom-acc	deranking	poss-acc	svo	SV	AVP	100	93	0.93
1_10_tran_V_valency	10_1_10_tran_V_valency	fig:heatmap-10-tran-v-valency	1.10 Transitive V valency	70_vos_gn_ac_d_ep	vos	gn	nom-acc	deranking	erg-poss	sov	SV	PVA	100	93	0.93
1_10_tran_V_valency	10_1_10_tran_V_valency	fig:heatmap-10-tran-v-valency	1.10 Transitive V valency	71_vos_gn_ac_d_no	vos	gn	nom-acc	deranking	nomn	svo	SV	AVP	100	93	0.93
1_10_tran_V_valency	10_1_10_tran_V_valency	fig:heatmap-10-tran-v-valency	1.10 Transitive V valency	72_vos_gn_er_b_se	vos	gn	erg-abs	balancing	sent	vos	VS	VPA	100	93	0.93
1_10_tran_V_valency	10_1_10_tran_V_valency	fig:heatmap-10-tran-v-valency	1.10 Transitive V valency	73_vos_gn_er_b_pa	vos	gn	erg-abs	balancing	poss-acc	svo	SV	AVP	100	93	0.93
1_10_tran_V_valency	10_1_10_tran_V_valency	fig:heatmap-10-tran-v-valency	1.10 Transitive V valency	74_vos_gn_er_b_ep	vos	gn	erg-abs	balancing	erg-poss	sov	SV	PVA	100	93	0.93
1_10_tran_V_valency	10_1_10_tran_V_valency	fig:heatmap-10-tran-v-valency	1.10 Transitive V valency	75_vos_gn_er_b_no	vos	gn	erg-abs	balancing	nomn	svo	SV	AVP	100	93	0.93
1_10_tran_V_valency	10_1_10_tran_V_valency	fig:heatmap-10-tran-v-valency	1.10 Transitive V valency	76_vos_gn_er_d_se	vos	gn	erg-abs	deranking	sent	vos	VS	VPA	100	93	0.93
1_10_tran_V_valency	10_1_10_tran_V_valency	fig:heatmap-10-tran-v-valency	1.10 Transitive V valency	77_vos_gn_er_d_pa	vos	gn	erg-abs	deranking	poss-acc	svo	SV	AVP	100	93	0.93
1_10_tran_V_valency	10_1_10_tran_V_valency	fig:heatmap-10-tran-v-valency	1.10 Transitive V valency	78_vos_gn_er_d_ep	vos	gn	erg-abs	deranking	erg-poss	sov	SV	PVA	100	93	0.93
1_10_tran_V_valency	10_1_10_tran_V_valency	fig:heatmap-10-tran-v-valency	1.10 Transitive V valency	79_vos_gn_er_d_no	vos	gn	erg-abs	deranking	nomn	svo	SV	AVP	100	93	0.93
1_10_tran_V_valency	10_1_10_tran_V_valency	fig:heatmap-10-tran-v-valency	1.10 Transitive V valency	80_vos_ng_ac_b_se	vos	ng	nom-acc	balancing	sent	vos	VS	VPA	100	93	0.93
1_10_tran_V_valency	10_1_10_tran_V_valency	fig:heatmap-10-tran-v-valency	1.10 Transitive V valency	81_vos_ng_ac_b_pa	vos	ng	nom-acc	balancing	poss-acc	vos	VS	VPA	100	93	0.93
1_10_tran_V_valency	10_1_10_tran_V_valency	fig:heatmap-10-tran-v-valency	1.10 Transitive V valency	82_vos_ng_ac_b_ep	vos	ng	nom-acc	balancing	erg-poss	vos	VS	VPA	100	93	0.93
1_10_tran_V_valency	10_1_10_tran_V_valency	fig:heatmap-10-tran-v-valency	1.10 Transitive V valency	83_vos_ng_ac_b_no	vos	ng	nom-acc	balancing	nomn	vos	VS	VPA	100	93	0.93
1_10_tran_V_valency	10_1_10_tran_V_valency	fig:heatmap-10-tran-v-valency	1.10 Transitive V valency	84_vos_ng_ac_d_se	vos	ng	nom-acc	deranking	sent	vos	VS	VPA	100	93	0.93
1_10_tran_V_valency	10_1_10_tran_V_valency	fig:heatmap-10-tran-v-valency	1.10 Transitive V valency	85_vos_ng_ac_d_pa	vos	ng	nom-acc	deranking	poss-acc	vos	VS	VPA	100	93	0.93
1_10_tran_V_valency	10_1_10_tran_V_valency	fig:heatmap-10-tran-v-valency	1.10 Transitive V valency	86_vos_ng_ac_d_ep	vos	ng	nom-acc	deranking	erg-poss	vos	VS	VPA	100	93	0.93
1_10_tran_V_valency	10_1_10_tran_V_valency	fig:heatmap-10-tran-v-valency	1.10 Transitive V valency	87_vos_ng_ac_d_no	vos	ng	nom-acc	deranking	nomn	vos	VS	VPA	100	93	0.93
1_10_tran_V_valency	10_1_10_tran_V_valency	fig:heatmap-10-tran-v-valency	1.10 Transitive V valency	88_vos_ng_er_b_se	vos	ng	erg-abs	balancing	sent	vos	VS	VPA	100	93	0.93
1_10_tran_V_valency	10_1_10_tran_V_valency	fig:heatmap-10-tran-v-valency	1.10 Transitive V valency	89_vos_ng_er_b_pa	vos	ng	erg-abs	balancing	poss-acc	vos	VS	VPA	100	93	0.93
1_10_tran_V_valency	10_1_10_tran_V_valency	fig:heatmap-10-tran-v-valency	1.10 Transitive V valency	90_vos_ng_er_b_ep	vos	ng	erg-abs	balancing	erg-poss	vos	VS	VPA	100	93	0.93
1_10_tran_V_valency	10_1_10_tran_V_valency	fig:heatmap-10-tran-v-valency	1.10 Transitive V valency	91_vos_ng_er_b_no	vos	ng	erg-abs	balancing	nomn	vos	VS	VPA	100	93	0.93
1_10_tran_V_valency	10_1_10_tran_V_valency	fig:heatmap-10-tran-v-valency	1.10 Transitive V valency	92_vos_ng_er_d_se	vos	ng	erg-abs	deranking	sent	vos	VS	VPA	100	93	0.93
1_10_tran_V_valency	10_1_10_tran_V_valency	fig:heatmap-10-tran-v-valency	1.10 Transitive V valency	93_vos_ng_er_d_pa	vos	ng	erg-abs	deranking	poss-acc	vos	VS	VPA	100	93	0.93
1_10_tran_V_valency	10_1_10_tran_V_valency	fig:heatmap-10-tran-v-valency	1.10 Transitive V valency	94_vos_ng_er_d_ep	vos	ng	erg-abs	deranking	erg-poss	vos	VS	VPA	100	93	0.93
1_10_tran_V_valency	10_1_10_tran_V_valency	fig:heatmap-10-tran-v-valency	1.10 Transitive V valency	95_vos_ng_er_d_no	vos	ng	erg-abs	deranking	nomn	vos	VS	VPA	100	93	0.93
2_1_intran_gen_marker	11_2_1_intran_gen_marker	fig:heatmap-11-intran-gen-marker	2.1 Intransitive genitive marker	00_sov_gn_ac_b_se	sov	gn	nom-acc	balancing	sent	sov	SV	APV	100	0	0.0
2_1_intran_gen_marker	11_2_1_intran_gen_marker	fig:heatmap-11-intran-gen-marker	2.1 Intransitive genitive marker	01_sov_gn_ac_b_pa	sov	gn	nom-acc	balancing	poss-acc	sov	SV	APV	100	0	0.0
2_1_intran_gen_marker	11_2_1_intran_gen_marker	fig:heatmap-11-intran-gen-marker	2.1 Intransitive genitive marker	02_sov_gn_ac_b_ep	sov	gn	nom-acc	balancing	erg-poss	sov	SV	APV	100	0	0.0
2_1_intran_gen_marker	11_2_1_intran_gen_marker	fig:heatmap-11-intran-gen-marker	2.1 Intransitive genitive marker	03_sov_gn_ac_b_no	sov	gn	nom-acc	balancing	nomn	sov	SV	APV	100	0	0.0
2_1_intran_gen_marker	11_2_1_intran_gen_marker	fig:heatmap-11-intran-gen-marker	2.1 Intransitive genitive marker	04_sov_gn_ac_d_se	sov	gn	nom-acc	deranking	sent	sov	SV	APV	100	0	0.0
2_1_intran_gen_marker	11_2_1_intran_gen_marker	fig:heatmap-11-intran-gen-marker	2.1 Intransitive genitive marker	05_sov_gn_ac_d_pa	sov	gn	nom-acc	deranking	poss-acc	sov	SV	APV	100	0	0.0
2_1_intran_gen_marker	11_2_1_intran_gen_marker	fig:heatmap-11-intran-gen-marker	2.1 Intransitive genitive marker	06_sov_gn_ac_d_ep	sov	gn	nom-acc	deranking	erg-poss	sov	SV	APV	100	0	0.0
2_1_intran_gen_marker	11_2_1_intran_gen_marker	fig:heatmap-11-intran-gen-marker	2.1 Intransitive genitive marker	07_sov_gn_ac_d_no	sov	gn	nom-acc	deranking	nomn	sov	SV	APV	100	0	0.0
2_1_intran_gen_marker	11_2_1_intran_gen_marker	fig:heatmap-11-intran-gen-marker	2.1 Intransitive genitive marker	08_sov_gn_er_b_se	sov	gn	erg-abs	balancing	sent	sov	SV	APV	100	48	0.48
2_1_intran_gen_marker	11_2_1_intran_gen_marker	fig:heatmap-11-intran-gen-marker	2.1 Intransitive genitive marker	09_sov_gn_er_b_pa	sov	gn	erg-abs	balancing	poss-acc	sov	SV	APV	100	48	0.48
2_1_intran_gen_marker	11_2_1_intran_gen_marker	fig:heatmap-11-intran-gen-marker	2.1 Intransitive genitive marker	10_sov_gn_er_b_ep	sov	gn	erg-abs	balancing	erg-poss	sov	SV	APV	100	48	0.48
2_1_intran_gen_marker	11_2_1_intran_gen_marker	fig:heatmap-11-intran-gen-marker	2.1 Intransitive genitive marker	11_sov_gn_er_b_no	sov	gn	erg-abs	balancing	nomn	sov	SV	APV	100	48	0.48
2_1_intran_gen_marker	11_2_1_intran_gen_marker	fig:heatmap-11-intran-gen-marker	2.1 Intransitive genitive marker	12_sov_gn_er_d_se	sov	gn	erg-abs	deranking	sent	sov	SV	APV	100	48	0.48
2_1_intran_gen_marker	11_2_1_intran_gen_marker	fig:heatmap-11-intran-gen-marker	2.1 Intransitive genitive marker	13_sov_gn_er_d_pa	sov	gn	erg-abs	deranking	poss-acc	sov	SV	APV	100	48	0.48
2_1_intran_gen_marker	11_2_1_intran_gen_marker	fig:heatmap-11-intran-gen-marker	2.1 Intransitive genitive marker	14_sov_gn_er_d_ep	sov	gn	erg-abs	deranking	erg-poss	sov	SV	APV	100	48	0.48
2_1_intran_gen_marker	11_2_1_intran_gen_marker	fig:heatmap-11-intran-gen-marker	2.1 Intransitive genitive marker	15_sov_gn_er_d_no	sov	gn	erg-abs	deranking	nomn	sov	SV	APV	100	48	0.48
2_1_intran_gen_marker	11_2_1_intran_gen_marker	fig:heatmap-11-intran-gen-marker	2.1 Intransitive genitive marker	16_sov_ng_ac_b_se	sov	ng	nom-acc	balancing	sent	sov	SV	APV	100	48	0.48
2_1_intran_gen_marker	11_2_1_intran_gen_marker	fig:heatmap-11-intran-gen-marker	2.1 Intransitive genitive marker	17_sov_ng_ac_b_pa	sov	ng	nom-acc	balancing	poss-acc	ovs	VS	PVA	100	48	0.48
2_1_intran_gen_marker	11_2_1_intran_gen_marker	fig:heatmap-11-intran-gen-marker	2.1 Intransitive genitive marker	18_sov_ng_ac_b_ep	sov	ng	nom-acc	balancing	erg-poss	vos	VS	AVP	100	48	0.48
2_1_intran_gen_marker	11_2_1_intran_gen_marker	fig:heatmap-11-intran-gen-marker	2.1 Intransitive genitive marker	19_sov_ng_ac_b_no	sov	ng	nom-acc	balancing	nomn	ovs	VS	PVA	100	48	0.48
2_1_intran_gen_marker	11_2_1_intran_gen_marker	fig:heatmap-11-intran-gen-marker	2.1 Intransitive genitive marker	20_sov_ng_ac_d_se	sov	ng	nom-acc	deranking	sent	sov	SV	APV	100	48	0.48
2_1_intran_gen_marker	11_2_1_intran_gen_marker	fig:heatmap-11-intran-gen-marker	2.1 Intransitive genitive marker	21_sov_ng_ac_d_pa	sov	ng	nom-acc	deranking	poss-acc	ovs	VS	PVA	100	48	0.48
2_1_intran_gen_marker	11_2_1_intran_gen_marker	fig:heatmap-11-intran-gen-marker	2.1 Intransitive genitive marker	22_sov_ng_ac_d_ep	sov	ng	nom-acc	deranking	erg-poss	vos	VS	AVP	100	48	0.48
2_1_intran_gen_marker	11_2_1_intran_gen_marker	fig:heatmap-11-intran-gen-marker	2.1 Intransitive genitive marker	23_sov_ng_ac_d_no	sov	ng	nom-acc	deranking	nomn	ovs	VS	PVA	100	48	0.48
2_1_intran_gen_marker	11_2_1_intran_gen_marker	fig:heatmap-11-intran-gen-marker	2.1 Intransitive genitive marker	24_sov_ng_er_b_se	sov	ng	erg-abs	balancing	sent	sov	SV	APV	100	0	0.0
2_1_intran_gen_marker	11_2_1_intran_gen_marker	fig:heatmap-11-intran-gen-marker	2.1 Intransitive genitive marker	25_sov_ng_er_b_pa	sov	ng	erg-abs	balancing	poss-acc	ovs	VS	PVA	100	0	0.0
2_1_intran_gen_marker	11_2_1_intran_gen_marker	fig:heatmap-11-intran-gen-marker	2.1 Intransitive genitive marker	26_sov_ng_er_b_ep	sov	ng	erg-abs	balancing	erg-poss	vos	VS	AVP	100	0	0.0
2_1_intran_gen_marker	11_2_1_intran_gen_marker	fig:heatmap-11-intran-gen-marker	2.1 Intransitive genitive marker	27_sov_ng_er_b_no	sov	ng	erg-abs	balancing	nomn	ovs	VS	PVA	100	0	0.0
2_1_intran_gen_marker	11_2_1_intran_gen_marker	fig:heatmap-11-intran-gen-marker	2.1 Intransitive genitive marker	28_sov_ng_er_d_se	sov	ng	erg-abs	deranking	sent	sov	SV	APV	100	0	0.0
2_1_intran_gen_marker	11_2_1_intran_gen_marker	fig:heatmap-11-intran-gen-marker	2.1 Intransitive genitive marker	29_sov_ng_er_d_pa	sov	ng	erg-abs	deranking	poss-acc	ovs	VS	PVA	100	0	0.0
2_1_intran_gen_marker	11_2_1_intran_gen_marker	fig:heatmap-11-intran-gen-marker	2.1 Intransitive genitive marker	30_sov_ng_er_d_ep	sov	ng	erg-abs	deranking	erg-poss	vos	VS	AVP	100	0	0.0
2_1_intran_gen_marker	11_2_1_intran_gen_marker	fig:heatmap-11-intran-gen-marker	2.1 Intransitive genitive marker	31_sov_ng_er_d_no	sov	ng	erg-abs	deranking	nomn	ovs	VS	PVA	100	0	0.0
2_1_intran_gen_marker	11_2_1_intran_gen_marker	fig:heatmap-11-intran-gen-marker	2.1 Intransitive genitive marker	32_svo_gn_ac_b_se	svo	gn	nom-acc	balancing	sent	svo	SV	AVP	100	0	0.0
2_1_intran_gen_marker	11_2_1_intran_gen_marker	fig:heatmap-11-intran-gen-marker	2.1 Intransitive genitive marker	33_svo_gn_ac_b_pa	svo	gn	nom-acc	balancing	poss-acc	svo	SV	AVP	100	0	0.0
2_1_intran_gen_marker	11_2_1_intran_gen_marker	fig:heatmap-11-intran-gen-marker	2.1 Intransitive genitive marker	34_svo_gn_ac_b_ep	svo	gn	nom-acc	balancing	erg-poss	sov	SV	PVA	100	0	0.0
2_1_intran_gen_marker	11_2_1_intran_gen_marker	fig:heatmap-11-intran-gen-marker	2.1 Intransitive genitive marker	35_svo_gn_ac_b_no	svo	gn	nom-acc	balancing	nomn	svo	SV	AVP	100	0	0.0
2_1_intran_gen_marker	11_2_1_intran_gen_marker	fig:heatmap-11-intran-gen-marker	2.1 Intransitive genitive marker	36_svo_gn_ac_d_se	svo	gn	nom-acc	deranking	sent	svo	SV	AVP	100	0	0.0
2_1_intran_gen_marker	11_2_1_intran_gen_marker	fig:heatmap-11-intran-gen-marker	2.1 Intransitive genitive marker	37_svo_gn_ac_d_pa	svo	gn	nom-acc	deranking	poss-acc	svo	SV	AVP	100	0	0.0
2_1_intran_gen_marker	11_2_1_intran_gen_marker	fig:heatmap-11-intran-gen-marker	2.1 Intransitive genitive marker	38_svo_gn_ac_d_ep	svo	gn	nom-acc	deranking	erg-poss	sov	SV	PVA	100	0	0.0
2_1_intran_gen_marker	11_2_1_intran_gen_marker	fig:heatmap-11-intran-gen-marker	2.1 Intransitive genitive marker	39_svo_gn_ac_d_no	svo	gn	nom-acc	deranking	nomn	svo	SV	AVP	100	0	0.0
2_1_intran_gen_marker	11_2_1_intran_gen_marker	fig:heatmap-11-intran-gen-marker	2.1 Intransitive genitive marker	40_svo_gn_er_b_se	svo	gn	erg-abs	balancing	sent	svo	SV	AVP	100	0	0.0
2_1_intran_gen_marker	11_2_1_intran_gen_marker	fig:heatmap-11-intran-gen-marker	2.1 Intransitive genitive marker	41_svo_gn_er_b_pa	svo	gn	erg-abs	balancing	poss-acc	svo	SV	AVP	100	0	0.0
2_1_intran_gen_marker	11_2_1_intran_gen_marker	fig:heatmap-11-intran-gen-marker	2.1 Intransitive genitive marker	42_svo_gn_er_b_ep	svo	gn	erg-abs	balancing	erg-poss	sov	SV	PVA	100	0	0.0
2_1_intran_gen_marker	11_2_1_intran_gen_marker	fig:heatmap-11-intran-gen-marker	2.1 Intransitive genitive marker	43_svo_gn_er_b_no	svo	gn	erg-abs	balancing	nomn	svo	SV	AVP	100	0	0.0
2_1_intran_gen_marker	11_2_1_intran_gen_marker	fig:heatmap-11-intran-gen-marker	2.1 Intransitive genitive marker	44_svo_gn_er_d_se	svo	gn	erg-abs	deranking	sent	svo	SV	AVP	100	0	0.0
2_1_intran_gen_marker	11_2_1_intran_gen_marker	fig:heatmap-11-intran-gen-marker	2.1 Intransitive genitive marker	45_svo_gn_er_d_pa	svo	gn	erg-abs	deranking	poss-acc	svo	SV	AVP	100	0	0.0
2_1_intran_gen_marker	11_2_1_intran_gen_marker	fig:heatmap-11-intran-gen-marker	2.1 Intransitive genitive marker	46_svo_gn_er_d_ep	svo	gn	erg-abs	deranking	erg-poss	sov	SV	PVA	100	0	0.0
2_1_intran_gen_marker	11_2_1_intran_gen_marker	fig:heatmap-11-intran-gen-marker	2.1 Intransitive genitive marker	47_svo_gn_er_d_no	svo	gn	erg-abs	deranking	nomn	svo	SV	AVP	100	0	0.0
2_1_intran_gen_marker	11_2_1_intran_gen_marker	fig:heatmap-11-intran-gen-marker	2.1 Intransitive genitive marker	48_svo_ng_ac_b_se	svo	ng	nom-acc	balancing	sent	svo	SV	AVP	100	0	0.0
2_1_intran_gen_marker	11_2_1_intran_gen_marker	fig:heatmap-11-intran-gen-marker	2.1 Intransitive genitive marker	49_svo_ng_ac_b_pa	svo	ng	nom-acc	balancing	poss-acc	vos	VS	VPA	100	0	0.0
2_1_intran_gen_marker	11_2_1_intran_gen_marker	fig:heatmap-11-intran-gen-marker	2.1 Intransitive genitive marker	50_svo_ng_ac_b_ep	svo	ng	nom-acc	balancing	erg-poss	vos	VS	VPA	100	0	0.0
2_1_intran_gen_marker	11_2_1_intran_gen_marker	fig:heatmap-11-intran-gen-marker	2.1 Intransitive genitive marker	51_svo_ng_ac_b_no	svo	ng	nom-acc	balancing	nomn	vos	VS	VPA	100	0	0.0
2_1_intran_gen_marker	11_2_1_intran_gen_marker	fig:heatmap-11-intran-gen-marker	2.1 Intransitive genitive marker	52_svo_ng_ac_d_se	svo	ng	nom-acc	deranking	sent	svo	SV	AVP	100	0	0.0
2_1_intran_gen_marker	11_2_1_intran_gen_marker	fig:heatmap-11-intran-gen-marker	2.1 Intransitive genitive marker	53_svo_ng_ac_d_pa	svo	ng	nom-acc	deranking	poss-acc	vos	VS	VPA	100	0	0.0
2_1_intran_gen_marker	11_2_1_intran_gen_marker	fig:heatmap-11-intran-gen-marker	2.1 Intransitive genitive marker	54_svo_ng_ac_d_ep	svo	ng	nom-acc	deranking	erg-poss	vos	VS	VPA	100	0	0.0
2_1_intran_gen_marker	11_2_1_intran_gen_marker	fig:heatmap-11-intran-gen-marker	2.1 Intransitive genitive marker	55_svo_ng_ac_d_no	svo	ng	nom-acc	deranking	nomn	vos	VS	VPA	100	0	0.0
2_1_intran_gen_marker	11_2_1_intran_gen_marker	fig:heatmap-11-intran-gen-marker	2.1 Intransitive genitive marker	56_svo_ng_er_b_se	svo	ng	erg-abs	balancing	sent	svo	SV	AVP	100	0	0.0
2_1_intran_gen_marker	11_2_1_intran_gen_marker	fig:heatmap-11-intran-gen-marker	2.1 Intransitive genitive marker	57_svo_ng_er_b_pa	svo	ng	erg-abs	balancing	poss-acc	vos	VS	VPA	100	0	0.0
2_1_intran_gen_marker	11_2_1_intran_gen_marker	fig:heatmap-11-intran-gen-marker	2.1 Intransitive genitive marker	58_svo_ng_er_b_ep	svo	ng	erg-abs	balancing	erg-poss	vos	VS	VPA	100	0	0.0
2_1_intran_gen_marker	11_2_1_intran_gen_marker	fig:heatmap-11-intran-gen-marker	2.1 Intransitive genitive marker	59_svo_ng_er_b_no	svo	ng	erg-abs	balancing	nomn	vos	VS	VPA	100	0	0.0
2_1_intran_gen_marker	11_2_1_intran_gen_marker	fig:heatmap-11-intran-gen-marker	2.1 Intransitive genitive marker	60_svo_ng_er_d_se	svo	ng	erg-abs	deranking	sent	svo	SV	AVP	100	0	0.0
2_1_intran_gen_marker	11_2_1_intran_gen_marker	fig:heatmap-11-intran-gen-marker	2.1 Intransitive genitive marker	61_svo_ng_er_d_pa	svo	ng	erg-abs	deranking	poss-acc	vos	VS	VPA	100	0	0.0
2_1_intran_gen_marker	11_2_1_intran_gen_marker	fig:heatmap-11-intran-gen-marker	2.1 Intransitive genitive marker	62_svo_ng_er_d_ep	svo	ng	erg-abs	deranking	erg-poss	vos	VS	VPA	100	0	0.0
2_1_intran_gen_marker	11_2_1_intran_gen_marker	fig:heatmap-11-intran-gen-marker	2.1 Intransitive genitive marker	63_svo_ng_er_d_no	svo	ng	erg-abs	deranking	nomn	vos	VS	VPA	100	0	0.0
2_1_intran_gen_marker	11_2_1_intran_gen_marker	fig:heatmap-11-intran-gen-marker	2.1 Intransitive genitive marker	64_vos_gn_ac_b_se	vos	gn	nom-acc	balancing	sent	vos	VS	VPA	100	48	0.48
2_1_intran_gen_marker	11_2_1_intran_gen_marker	fig:heatmap-11-intran-gen-marker	2.1 Intransitive genitive marker	65_vos_gn_ac_b_pa	vos	gn	nom-acc	balancing	poss-acc	svo	SV	AVP	100	48	0.48
2_1_intran_gen_marker	11_2_1_intran_gen_marker	fig:heatmap-11-intran-gen-marker	2.1 Intransitive genitive marker	66_vos_gn_ac_b_ep	vos	gn	nom-acc	balancing	erg-poss	sov	SV	PVA	100	48	0.48
2_1_intran_gen_marker	11_2_1_intran_gen_marker	fig:heatmap-11-intran-gen-marker	2.1 Intransitive genitive marker	67_vos_gn_ac_b_no	vos	gn	nom-acc	balancing	nomn	svo	SV	AVP	100	48	0.48
2_1_intran_gen_marker	11_2_1_intran_gen_marker	fig:heatmap-11-intran-gen-marker	2.1 Intransitive genitive marker	68_vos_gn_ac_d_se	vos	gn	nom-acc	deranking	sent	vos	VS	VPA	100	48	0.48
2_1_intran_gen_marker	11_2_1_intran_gen_marker	fig:heatmap-11-intran-gen-marker	2.1 Intransitive genitive marker	69_vos_gn_ac_d_pa	vos	gn	nom-acc	deranking	poss-acc	svo	SV	AVP	100	48	0.48
2_1_intran_gen_marker	11_2_1_intran_gen_marker	fig:heatmap-11-intran-gen-marker	2.1 Intransitive genitive marker	70_vos_gn_ac_d_ep	vos	gn	nom-acc	deranking	erg-poss	sov	SV	PVA	100	48	0.48
2_1_intran_gen_marker	11_2_1_intran_gen_marker	fig:heatmap-11-intran-gen-marker	2.1 Intransitive genitive marker	71_vos_gn_ac_d_no	vos	gn	nom-acc	deranking	nomn	svo	SV	AVP	100	48	0.48
2_1_intran_gen_marker	11_2_1_intran_gen_marker	fig:heatmap-11-intran-gen-marker	2.1 Intransitive genitive marker	72_vos_gn_er_b_se	vos	gn	erg-abs	balancing	sent	vos	VS	VPA	100	0	0.0
2_1_intran_gen_marker	11_2_1_intran_gen_marker	fig:heatmap-11-intran-gen-marker	2.1 Intransitive genitive marker	73_vos_gn_er_b_pa	vos	gn	erg-abs	balancing	poss-acc	svo	SV	AVP	100	0	0.0
2_1_intran_gen_marker	11_2_1_intran_gen_marker	fig:heatmap-11-intran-gen-marker	2.1 Intransitive genitive marker	74_vos_gn_er_b_ep	vos	gn	erg-abs	balancing	erg-poss	sov	SV	PVA	100	0	0.0
2_1_intran_gen_marker	11_2_1_intran_gen_marker	fig:heatmap-11-intran-gen-marker	2.1 Intransitive genitive marker	75_vos_gn_er_b_no	vos	gn	erg-abs	balancing	nomn	svo	SV	AVP	100	0	0.0
2_1_intran_gen_marker	11_2_1_intran_gen_marker	fig:heatmap-11-intran-gen-marker	2.1 Intransitive genitive marker	76_vos_gn_er_d_se	vos	gn	erg-abs	deranking	sent	vos	VS	VPA	100	0	0.0
2_1_intran_gen_marker	11_2_1_intran_gen_marker	fig:heatmap-11-intran-gen-marker	2.1 Intransitive genitive marker	77_vos_gn_er_d_pa	vos	gn	erg-abs	deranking	poss-acc	svo	SV	AVP	100	0	0.0
2_1_intran_gen_marker	11_2_1_intran_gen_marker	fig:heatmap-11-intran-gen-marker	2.1 Intransitive genitive marker	78_vos_gn_er_d_ep	vos	gn	erg-abs	deranking	erg-poss	sov	SV	PVA	100	0	0.0
2_1_intran_gen_marker	11_2_1_intran_gen_marker	fig:heatmap-11-intran-gen-marker	2.1 Intransitive genitive marker	79_vos_gn_er_d_no	vos	gn	erg-abs	deranking	nomn	svo	SV	AVP	100	0	0.0
2_1_intran_gen_marker	11_2_1_intran_gen_marker	fig:heatmap-11-intran-gen-marker	2.1 Intransitive genitive marker	80_vos_ng_ac_b_se	vos	ng	nom-acc	balancing	sent	vos	VS	VPA	100	0	0.0
2_1_intran_gen_marker	11_2_1_intran_gen_marker	fig:heatmap-11-intran-gen-marker	2.1 Intransitive genitive marker	81_vos_ng_ac_b_pa	vos	ng	nom-acc	balancing	poss-acc	vos	VS	VPA	100	0	0.0
2_1_intran_gen_marker	11_2_1_intran_gen_marker	fig:heatmap-11-intran-gen-marker	2.1 Intransitive genitive marker	82_vos_ng_ac_b_ep	vos	ng	nom-acc	balancing	erg-poss	vos	VS	VPA	100	0	0.0
2_1_intran_gen_marker	11_2_1_intran_gen_marker	fig:heatmap-11-intran-gen-marker	2.1 Intransitive genitive marker	83_vos_ng_ac_b_no	vos	ng	nom-acc	balancing	nomn	vos	VS	VPA	100	0	0.0
2_1_intran_gen_marker	11_2_1_intran_gen_marker	fig:heatmap-11-intran-gen-marker	2.1 Intransitive genitive marker	84_vos_ng_ac_d_se	vos	ng	nom-acc	deranking	sent	vos	VS	VPA	100	0	0.0
2_1_intran_gen_marker	11_2_1_intran_gen_marker	fig:heatmap-11-intran-gen-marker	2.1 Intransitive genitive marker	85_vos_ng_ac_d_pa	vos	ng	nom-acc	deranking	poss-acc	vos	VS	VPA	100	0	0.0
2_1_intran_gen_marker	11_2_1_intran_gen_marker	fig:heatmap-11-intran-gen-marker	2.1 Intransitive genitive marker	86_vos_ng_ac_d_ep	vos	ng	nom-acc	deranking	erg-poss	vos	VS	VPA	100	0	0.0
2_1_intran_gen_marker	11_2_1_intran_gen_marker	fig:heatmap-11-intran-gen-marker	2.1 Intransitive genitive marker	87_vos_ng_ac_d_no	vos	ng	nom-acc	deranking	nomn	vos	VS	VPA	100	0	0.0
2_1_intran_gen_marker	11_2_1_intran_gen_marker	fig:heatmap-11-intran-gen-marker	2.1 Intransitive genitive marker	88_vos_ng_er_b_se	vos	ng	erg-abs	balancing	sent	vos	VS	VPA	100	48	0.48
2_1_intran_gen_marker	11_2_1_intran_gen_marker	fig:heatmap-11-intran-gen-marker	2.1 Intransitive genitive marker	89_vos_ng_er_b_pa	vos	ng	erg-abs	balancing	poss-acc	vos	VS	VPA	100	48	0.48
2_1_intran_gen_marker	11_2_1_intran_gen_marker	fig:heatmap-11-intran-gen-marker	2.1 Intransitive genitive marker	90_vos_ng_er_b_ep	vos	ng	erg-abs	balancing	erg-poss	vos	VS	VPA	100	48	0.48
2_1_intran_gen_marker	11_2_1_intran_gen_marker	fig:heatmap-11-intran-gen-marker	2.1 Intransitive genitive marker	91_vos_ng_er_b_no	vos	ng	erg-abs	balancing	nomn	vos	VS	VPA	100	48	0.48
2_1_intran_gen_marker	11_2_1_intran_gen_marker	fig:heatmap-11-intran-gen-marker	2.1 Intransitive genitive marker	92_vos_ng_er_d_se	vos	ng	erg-abs	deranking	sent	vos	VS	VPA	100	48	0.48
2_1_intran_gen_marker	11_2_1_intran_gen_marker	fig:heatmap-11-intran-gen-marker	2.1 Intransitive genitive marker	93_vos_ng_er_d_pa	vos	ng	erg-abs	deranking	poss-acc	vos	VS	VPA	100	48	0.48
2_1_intran_gen_marker	11_2_1_intran_gen_marker	fig:heatmap-11-intran-gen-marker	2.1 Intransitive genitive marker	94_vos_ng_er_d_ep	vos	ng	erg-abs	deranking	erg-poss	vos	VS	VPA	100	48	0.48
2_1_intran_gen_marker	11_2_1_intran_gen_marker	fig:heatmap-11-intran-gen-marker	2.1 Intransitive genitive marker	95_vos_ng_er_d_no	vos	ng	erg-abs	deranking	nomn	vos	VS	VPA	100	48	0.48
2_2_tran_gen_marker	12_2_2_tran_gen_marker	fig:heatmap-12-tran-gen-marker	2.2 Transitive genitive marker	00_sov_gn_ac_b_se	sov	gn	nom-acc	balancing	sent	sov	SV	APV	100	0	0.0
2_2_tran_gen_marker	12_2_2_tran_gen_marker	fig:heatmap-12-tran-gen-marker	2.2 Transitive genitive marker	01_sov_gn_ac_b_pa	sov	gn	nom-acc	balancing	poss-acc	sov	SV	APV	100	0	0.0
2_2_tran_gen_marker	12_2_2_tran_gen_marker	fig:heatmap-12-tran-gen-marker	2.2 Transitive genitive marker	02_sov_gn_ac_b_ep	sov	gn	nom-acc	balancing	erg-poss	sov	SV	APV	100	0	0.0
2_2_tran_gen_marker	12_2_2_tran_gen_marker	fig:heatmap-12-tran-gen-marker	2.2 Transitive genitive marker	03_sov_gn_ac_b_no	sov	gn	nom-acc	balancing	nomn	sov	SV	APV	100	0	0.0
2_2_tran_gen_marker	12_2_2_tran_gen_marker	fig:heatmap-12-tran-gen-marker	2.2 Transitive genitive marker	04_sov_gn_ac_d_se	sov	gn	nom-acc	deranking	sent	sov	SV	APV	100	0	0.0
2_2_tran_gen_marker	12_2_2_tran_gen_marker	fig:heatmap-12-tran-gen-marker	2.2 Transitive genitive marker	05_sov_gn_ac_d_pa	sov	gn	nom-acc	deranking	poss-acc	sov	SV	APV	100	0	0.0
2_2_tran_gen_marker	12_2_2_tran_gen_marker	fig:heatmap-12-tran-gen-marker	2.2 Transitive genitive marker	06_sov_gn_ac_d_ep	sov	gn	nom-acc	deranking	erg-poss	sov	SV	APV	100	0	0.0
2_2_tran_gen_marker	12_2_2_tran_gen_marker	fig:heatmap-12-tran-gen-marker	2.2 Transitive genitive marker	07_sov_gn_ac_d_no	sov	gn	nom-acc	deranking	nomn	sov	SV	APV	100	0	0.0
2_2_tran_gen_marker	12_2_2_tran_gen_marker	fig:heatmap-12-tran-gen-marker	2.2 Transitive genitive marker	08_sov_gn_er_b_se	sov	gn	erg-abs	balancing	sent	sov	SV	APV	100	0	0.0
2_2_tran_gen_marker	12_2_2_tran_gen_marker	fig:heatmap-12-tran-gen-marker	2.2 Transitive genitive marker	09_sov_gn_er_b_pa	sov	gn	erg-abs	balancing	poss-acc	sov	SV	APV	100	0	0.0
2_2_tran_gen_marker	12_2_2_tran_gen_marker	fig:heatmap-12-tran-gen-marker	2.2 Transitive genitive marker	10_sov_gn_er_b_ep	sov	gn	erg-abs	balancing	erg-poss	sov	SV	APV	100	0	0.0
2_2_tran_gen_marker	12_2_2_tran_gen_marker	fig:heatmap-12-tran-gen-marker	2.2 Transitive genitive marker	11_sov_gn_er_b_no	sov	gn	erg-abs	balancing	nomn	sov	SV	APV	100	0	0.0
2_2_tran_gen_marker	12_2_2_tran_gen_marker	fig:heatmap-12-tran-gen-marker	2.2 Transitive genitive marker	12_sov_gn_er_d_se	sov	gn	erg-abs	deranking	sent	sov	SV	APV	100	0	0.0
2_2_tran_gen_marker	12_2_2_tran_gen_marker	fig:heatmap-12-tran-gen-marker	2.2 Transitive genitive marker	13_sov_gn_er_d_pa	sov	gn	erg-abs	deranking	poss-acc	sov	SV	APV	100	0	0.0
2_2_tran_gen_marker	12_2_2_tran_gen_marker	fig:heatmap-12-tran-gen-marker	2.2 Transitive genitive marker	14_sov_gn_er_d_ep	sov	gn	erg-abs	deranking	erg-poss	sov	SV	APV	100	0	0.0
2_2_tran_gen_marker	12_2_2_tran_gen_marker	fig:heatmap-12-tran-gen-marker	2.2 Transitive genitive marker	15_sov_gn_er_d_no	sov	gn	erg-abs	deranking	nomn	sov	SV	APV	100	0	0.0
2_2_tran_gen_marker	12_2_2_tran_gen_marker	fig:heatmap-12-tran-gen-marker	2.2 Transitive genitive marker	16_sov_ng_ac_b_se	sov	ng	nom-acc	balancing	sent	sov	SV	APV	100	0	0.0
2_2_tran_gen_marker	12_2_2_tran_gen_marker	fig:heatmap-12-tran-gen-marker	2.2 Transitive genitive marker	17_sov_ng_ac_b_pa	sov	ng	nom-acc	balancing	poss-acc	ovs	VS	PVA	100	0	0.0
2_2_tran_gen_marker	12_2_2_tran_gen_marker	fig:heatmap-12-tran-gen-marker	2.2 Transitive genitive marker	18_sov_ng_ac_b_ep	sov	ng	nom-acc	balancing	erg-poss	vos	VS	AVP	100	0	0.0
2_2_tran_gen_marker	12_2_2_tran_gen_marker	fig:heatmap-12-tran-gen-marker	2.2 Transitive genitive marker	19_sov_ng_ac_b_no	sov	ng	nom-acc	balancing	nomn	ovs	VS	PVA	100	0	0.0
2_2_tran_gen_marker	12_2_2_tran_gen_marker	fig:heatmap-12-tran-gen-marker	2.2 Transitive genitive marker	20_sov_ng_ac_d_se	sov	ng	nom-acc	deranking	sent	sov	SV	APV	100	0	0.0
2_2_tran_gen_marker	12_2_2_tran_gen_marker	fig:heatmap-12-tran-gen-marker	2.2 Transitive genitive marker	21_sov_ng_ac_d_pa	sov	ng	nom-acc	deranking	poss-acc	ovs	VS	PVA	100	0	0.0
2_2_tran_gen_marker	12_2_2_tran_gen_marker	fig:heatmap-12-tran-gen-marker	2.2 Transitive genitive marker	22_sov_ng_ac_d_ep	sov	ng	nom-acc	deranking	erg-poss	vos	VS	AVP	100	0	0.0
2_2_tran_gen_marker	12_2_2_tran_gen_marker	fig:heatmap-12-tran-gen-marker	2.2 Transitive genitive marker	23_sov_ng_ac_d_no	sov	ng	nom-acc	deranking	nomn	ovs	VS	PVA	100	0	0.0
2_2_tran_gen_marker	12_2_2_tran_gen_marker	fig:heatmap-12-tran-gen-marker	2.2 Transitive genitive marker	24_sov_ng_er_b_se	sov	ng	erg-abs	balancing	sent	sov	SV	APV	100	1	0.01
2_2_tran_gen_marker	12_2_2_tran_gen_marker	fig:heatmap-12-tran-gen-marker	2.2 Transitive genitive marker	25_sov_ng_er_b_pa	sov	ng	erg-abs	balancing	poss-acc	ovs	VS	PVA	100	1	0.01
2_2_tran_gen_marker	12_2_2_tran_gen_marker	fig:heatmap-12-tran-gen-marker	2.2 Transitive genitive marker	26_sov_ng_er_b_ep	sov	ng	erg-abs	balancing	erg-poss	vos	VS	AVP	100	1	0.01
2_2_tran_gen_marker	12_2_2_tran_gen_marker	fig:heatmap-12-tran-gen-marker	2.2 Transitive genitive marker	27_sov_ng_er_b_no	sov	ng	erg-abs	balancing	nomn	ovs	VS	PVA	100	1	0.01
2_2_tran_gen_marker	12_2_2_tran_gen_marker	fig:heatmap-12-tran-gen-marker	2.2 Transitive genitive marker	28_sov_ng_er_d_se	sov	ng	erg-abs	deranking	sent	sov	SV	APV	100	0	0.0
2_2_tran_gen_marker	12_2_2_tran_gen_marker	fig:heatmap-12-tran-gen-marker	2.2 Transitive genitive marker	29_sov_ng_er_d_pa	sov	ng	erg-abs	deranking	poss-acc	ovs	VS	PVA	100	0	0.0
2_2_tran_gen_marker	12_2_2_tran_gen_marker	fig:heatmap-12-tran-gen-marker	2.2 Transitive genitive marker	30_sov_ng_er_d_ep	sov	ng	erg-abs	deranking	erg-poss	vos	VS	AVP	100	0	0.0
2_2_tran_gen_marker	12_2_2_tran_gen_marker	fig:heatmap-12-tran-gen-marker	2.2 Transitive genitive marker	31_sov_ng_er_d_no	sov	ng	erg-abs	deranking	nomn	ovs	VS	PVA	100	0	0.0
2_2_tran_gen_marker	12_2_2_tran_gen_marker	fig:heatmap-12-tran-gen-marker	2.2 Transitive genitive marker	32_svo_gn_ac_b_se	svo	gn	nom-acc	balancing	sent	svo	SV	AVP	100	0	0.0
2_2_tran_gen_marker	12_2_2_tran_gen_marker	fig:heatmap-12-tran-gen-marker	2.2 Transitive genitive marker	33_svo_gn_ac_b_pa	svo	gn	nom-acc	balancing	poss-acc	svo	SV	AVP	100	0	0.0
2_2_tran_gen_marker	12_2_2_tran_gen_marker	fig:heatmap-12-tran-gen-marker	2.2 Transitive genitive marker	34_svo_gn_ac_b_ep	svo	gn	nom-acc	balancing	erg-poss	sov	SV	PVA	100	0	0.0
2_2_tran_gen_marker	12_2_2_tran_gen_marker	fig:heatmap-12-tran-gen-marker	2.2 Transitive genitive marker	35_svo_gn_ac_b_no	svo	gn	nom-acc	balancing	nomn	svo	SV	AVP	100	0	0.0
2_2_tran_gen_marker	12_2_2_tran_gen_marker	fig:heatmap-12-tran-gen-marker	2.2 Transitive genitive marker	36_svo_gn_ac_d_se	svo	gn	nom-acc	deranking	sent	svo	SV	AVP	100	0	0.0
2_2_tran_gen_marker	12_2_2_tran_gen_marker	fig:heatmap-12-tran-gen-marker	2.2 Transitive genitive marker	37_svo_gn_ac_d_pa	svo	gn	nom-acc	deranking	poss-acc	svo	SV	AVP	100	0	0.0
2_2_tran_gen_marker	12_2_2_tran_gen_marker	fig:heatmap-12-tran-gen-marker	2.2 Transitive genitive marker	38_svo_gn_ac_d_ep	svo	gn	nom-acc	deranking	erg-poss	sov	SV	PVA	100	0	0.0
2_2_tran_gen_marker	12_2_2_tran_gen_marker	fig:heatmap-12-tran-gen-marker	2.2 Transitive genitive marker	39_svo_gn_ac_d_no	svo	gn	nom-acc	deranking	nomn	svo	SV	AVP	100	0	0.0
2_2_tran_gen_marker	12_2_2_tran_gen_marker	fig:heatmap-12-tran-gen-marker	2.2 Transitive genitive marker	40_svo_gn_er_b_se	svo	gn	erg-abs	balancing	sent	svo	SV	AVP	100	0	0.0
2_2_tran_gen_marker	12_2_2_tran_gen_marker	fig:heatmap-12-tran-gen-marker	2.2 Transitive genitive marker	41_svo_gn_er_b_pa	svo	gn	erg-abs	balancing	poss-acc	svo	SV	AVP	100	0	0.0
2_2_tran_gen_marker	12_2_2_tran_gen_marker	fig:heatmap-12-tran-gen-marker	2.2 Transitive genitive marker	42_svo_gn_er_b_ep	svo	gn	erg-abs	balancing	erg-poss	sov	SV	PVA	100	0	0.0
2_2_tran_gen_marker	12_2_2_tran_gen_marker	fig:heatmap-12-tran-gen-marker	2.2 Transitive genitive marker	43_svo_gn_er_b_no	svo	gn	erg-abs	balancing	nomn	svo	SV	AVP	100	0	0.0
2_2_tran_gen_marker	12_2_2_tran_gen_marker	fig:heatmap-12-tran-gen-marker	2.2 Transitive genitive marker	44_svo_gn_er_d_se	svo	gn	erg-abs	deranking	sent	svo	SV	AVP	100	0	0.0
2_2_tran_gen_marker	12_2_2_tran_gen_marker	fig:heatmap-12-tran-gen-marker	2.2 Transitive genitive marker	45_svo_gn_er_d_pa	svo	gn	erg-abs	deranking	poss-acc	svo	SV	AVP	100	0	0.0
2_2_tran_gen_marker	12_2_2_tran_gen_marker	fig:heatmap-12-tran-gen-marker	2.2 Transitive genitive marker	46_svo_gn_er_d_ep	svo	gn	erg-abs	deranking	erg-poss	sov	SV	PVA	100	0	0.0
2_2_tran_gen_marker	12_2_2_tran_gen_marker	fig:heatmap-12-tran-gen-marker	2.2 Transitive genitive marker	47_svo_gn_er_d_no	svo	gn	erg-abs	deranking	nomn	svo	SV	AVP	100	0	0.0
2_2_tran_gen_marker	12_2_2_tran_gen_marker	fig:heatmap-12-tran-gen-marker	2.2 Transitive genitive marker	48_svo_ng_ac_b_se	svo	ng	nom-acc	balancing	sent	svo	SV	AVP	100	0	0.0
2_2_tran_gen_marker	12_2_2_tran_gen_marker	fig:heatmap-12-tran-gen-marker	2.2 Transitive genitive marker	49_svo_ng_ac_b_pa	svo	ng	nom-acc	balancing	poss-acc	vos	VS	VPA	100	0	0.0
2_2_tran_gen_marker	12_2_2_tran_gen_marker	fig:heatmap-12-tran-gen-marker	2.2 Transitive genitive marker	50_svo_ng_ac_b_ep	svo	ng	nom-acc	balancing	erg-poss	vos	VS	VPA	100	0	0.0
2_2_tran_gen_marker	12_2_2_tran_gen_marker	fig:heatmap-12-tran-gen-marker	2.2 Transitive genitive marker	51_svo_ng_ac_b_no	svo	ng	nom-acc	balancing	nomn	vos	VS	VPA	100	0	0.0
2_2_tran_gen_marker	12_2_2_tran_gen_marker	fig:heatmap-12-tran-gen-marker	2.2 Transitive genitive marker	52_svo_ng_ac_d_se	svo	ng	nom-acc	deranking	sent	svo	SV	AVP	100	0	0.0
2_2_tran_gen_marker	12_2_2_tran_gen_marker	fig:heatmap-12-tran-gen-marker	2.2 Transitive genitive marker	53_svo_ng_ac_d_pa	svo	ng	nom-acc	deranking	poss-acc	vos	VS	VPA	100	0	0.0
2_2_tran_gen_marker	12_2_2_tran_gen_marker	fig:heatmap-12-tran-gen-marker	2.2 Transitive genitive marker	54_svo_ng_ac_d_ep	svo	ng	nom-acc	deranking	erg-poss	vos	VS	VPA	100	0	0.0
2_2_tran_gen_marker	12_2_2_tran_gen_marker	fig:heatmap-12-tran-gen-marker	2.2 Transitive genitive marker	55_svo_ng_ac_d_no	svo	ng	nom-acc	deranking	nomn	vos	VS	VPA	100	0	0.0
2_2_tran_gen_marker	12_2_2_tran_gen_marker	fig:heatmap-12-tran-gen-marker	2.2 Transitive genitive marker	56_svo_ng_er_b_se	svo	ng	erg-abs	balancing	sent	svo	SV	AVP	100	1	0.01
2_2_tran_gen_marker	12_2_2_tran_gen_marker	fig:heatmap-12-tran-gen-marker	2.2 Transitive genitive marker	57_svo_ng_er_b_pa	svo	ng	erg-abs	balancing	poss-acc	vos	VS	VPA	100	1	0.01
2_2_tran_gen_marker	12_2_2_tran_gen_marker	fig:heatmap-12-tran-gen-marker	2.2 Transitive genitive marker	58_svo_ng_er_b_ep	svo	ng	erg-abs	balancing	erg-poss	vos	VS	VPA	100	1	0.01
2_2_tran_gen_marker	12_2_2_tran_gen_marker	fig:heatmap-12-tran-gen-marker	2.2 Transitive genitive marker	59_svo_ng_er_b_no	svo	ng	erg-abs	balancing	nomn	vos	VS	VPA	100	1	0.01
2_2_tran_gen_marker	12_2_2_tran_gen_marker	fig:heatmap-12-tran-gen-marker	2.2 Transitive genitive marker	60_svo_ng_er_d_se	svo	ng	erg-abs	deranking	sent	svo	SV	AVP	100	0	0.0
2_2_tran_gen_marker	12_2_2_tran_gen_marker	fig:heatmap-12-tran-gen-marker	2.2 Transitive genitive marker	61_svo_ng_er_d_pa	svo	ng	erg-abs	deranking	poss-acc	vos	VS	VPA	100	0	0.0
2_2_tran_gen_marker	12_2_2_tran_gen_marker	fig:heatmap-12-tran-gen-marker	2.2 Transitive genitive marker	62_svo_ng_er_d_ep	svo	ng	erg-abs	deranking	erg-poss	vos	VS	VPA	100	0	0.0
2_2_tran_gen_marker	12_2_2_tran_gen_marker	fig:heatmap-12-tran-gen-marker	2.2 Transitive genitive marker	63_svo_ng_er_d_no	svo	ng	erg-abs	deranking	nomn	vos	VS	VPA	100	0	0.0
2_2_tran_gen_marker	12_2_2_tran_gen_marker	fig:heatmap-12-tran-gen-marker	2.2 Transitive genitive marker	64_vos_gn_ac_b_se	vos	gn	nom-acc	balancing	sent	vos	VS	VPA	100	0	0.0
2_2_tran_gen_marker	12_2_2_tran_gen_marker	fig:heatmap-12-tran-gen-marker	2.2 Transitive genitive marker	65_vos_gn_ac_b_pa	vos	gn	nom-acc	balancing	poss-acc	svo	SV	AVP	100	0	0.0
2_2_tran_gen_marker	12_2_2_tran_gen_marker	fig:heatmap-12-tran-gen-marker	2.2 Transitive genitive marker	66_vos_gn_ac_b_ep	vos	gn	nom-acc	balancing	erg-poss	sov	SV	PVA	100	0	0.0
2_2_tran_gen_marker	12_2_2_tran_gen_marker	fig:heatmap-12-tran-gen-marker	2.2 Transitive genitive marker	67_vos_gn_ac_b_no	vos	gn	nom-acc	balancing	nomn	svo	SV	AVP	100	0	0.0
2_2_tran_gen_marker	12_2_2_tran_gen_marker	fig:heatmap-12-tran-gen-marker	2.2 Transitive genitive marker	68_vos_gn_ac_d_se	vos	gn	nom-acc	deranking	sent	vos	VS	VPA	100	0	0.0
2_2_tran_gen_marker	12_2_2_tran_gen_marker	fig:heatmap-12-tran-gen-marker	2.2 Transitive genitive marker	69_vos_gn_ac_d_pa	vos	gn	nom-acc	deranking	poss-acc	svo	SV	AVP	100	0	0.0
2_2_tran_gen_marker	12_2_2_tran_gen_marker	fig:heatmap-12-tran-gen-marker	2.2 Transitive genitive marker	70_vos_gn_ac_d_ep	vos	gn	nom-acc	deranking	erg-poss	sov	SV	PVA	100	0	0.0
2_2_tran_gen_marker	12_2_2_tran_gen_marker	fig:heatmap-12-tran-gen-marker	2.2 Transitive genitive marker	71_vos_gn_ac_d_no	vos	gn	nom-acc	deranking	nomn	svo	SV	AVP	100	0	0.0
2_2_tran_gen_marker	12_2_2_tran_gen_marker	fig:heatmap-12-tran-gen-marker	2.2 Transitive genitive marker	72_vos_gn_er_b_se	vos	gn	erg-abs	balancing	sent	vos	VS	VPA	100	1	0.01
2_2_tran_gen_marker	12_2_2_tran_gen_marker	fig:heatmap-12-tran-gen-marker	2.2 Transitive genitive marker	73_vos_gn_er_b_pa	vos	gn	erg-abs	balancing	poss-acc	svo	SV	AVP	100	1	0.01
2_2_tran_gen_marker	12_2_2_tran_gen_marker	fig:heatmap-12-tran-gen-marker	2.2 Transitive genitive marker	74_vos_gn_er_b_ep	vos	gn	erg-abs	balancing	erg-poss	sov	SV	PVA	100	1	0.01
2_2_tran_gen_marker	12_2_2_tran_gen_marker	fig:heatmap-12-tran-gen-marker	2.2 Transitive genitive marker	75_vos_gn_er_b_no	vos	gn	erg-abs	balancing	nomn	svo	SV	AVP	100	1	0.01
2_2_tran_gen_marker	12_2_2_tran_gen_marker	fig:heatmap-12-tran-gen-marker	2.2 Transitive genitive marker	76_vos_gn_er_d_se	vos	gn	erg-abs	deranking	sent	vos	VS	VPA	100	0	0.0
2_2_tran_gen_marker	12_2_2_tran_gen_marker	fig:heatmap-12-tran-gen-marker	2.2 Transitive genitive marker	77_vos_gn_er_d_pa	vos	gn	erg-abs	deranking	poss-acc	svo	SV	AVP	100	0	0.0
2_2_tran_gen_marker	12_2_2_tran_gen_marker	fig:heatmap-12-tran-gen-marker	2.2 Transitive genitive marker	78_vos_gn_er_d_ep	vos	gn	erg-abs	deranking	erg-poss	sov	SV	PVA	100	0	0.0
2_2_tran_gen_marker	12_2_2_tran_gen_marker	fig:heatmap-12-tran-gen-marker	2.2 Transitive genitive marker	79_vos_gn_er_d_no	vos	gn	erg-abs	deranking	nomn	svo	SV	AVP	100	0	0.0
2_2_tran_gen_marker	12_2_2_tran_gen_marker	fig:heatmap-12-tran-gen-marker	2.2 Transitive genitive marker	80_vos_ng_ac_b_se	vos	ng	nom-acc	balancing	sent	vos	VS	VPA	100	0	0.0
2_2_tran_gen_marker	12_2_2_tran_gen_marker	fig:heatmap-12-tran-gen-marker	2.2 Transitive genitive marker	81_vos_ng_ac_b_pa	vos	ng	nom-acc	balancing	poss-acc	vos	VS	VPA	100	0	0.0
2_2_tran_gen_marker	12_2_2_tran_gen_marker	fig:heatmap-12-tran-gen-marker	2.2 Transitive genitive marker	82_vos_ng_ac_b_ep	vos	ng	nom-acc	balancing	erg-poss	vos	VS	VPA	100	0	0.0
2_2_tran_gen_marker	12_2_2_tran_gen_marker	fig:heatmap-12-tran-gen-marker	2.2 Transitive genitive marker	83_vos_ng_ac_b_no	vos	ng	nom-acc	balancing	nomn	vos	VS	VPA	100	0	0.0
2_2_tran_gen_marker	12_2_2_tran_gen_marker	fig:heatmap-12-tran-gen-marker	2.2 Transitive genitive marker	84_vos_ng_ac_d_se	vos	ng	nom-acc	deranking	sent	vos	VS	VPA	100	0	0.0
2_2_tran_gen_marker	12_2_2_tran_gen_marker	fig:heatmap-12-tran-gen-marker	2.2 Transitive genitive marker	85_vos_ng_ac_d_pa	vos	ng	nom-acc	deranking	poss-acc	vos	VS	VPA	100	0	0.0
2_2_tran_gen_marker	12_2_2_tran_gen_marker	fig:heatmap-12-tran-gen-marker	2.2 Transitive genitive marker	86_vos_ng_ac_d_ep	vos	ng	nom-acc	deranking	erg-poss	vos	VS	VPA	100	0	0.0
2_2_tran_gen_marker	12_2_2_tran_gen_marker	fig:heatmap-12-tran-gen-marker	2.2 Transitive genitive marker	87_vos_ng_ac_d_no	vos	ng	nom-acc	deranking	nomn	vos	VS	VPA	100	0	0.0
2_2_tran_gen_marker	12_2_2_tran_gen_marker	fig:heatmap-12-tran-gen-marker	2.2 Transitive genitive marker	88_vos_ng_er_b_se	vos	ng	erg-abs	balancing	sent	vos	VS	VPA	100	0	0.0
2_2_tran_gen_marker	12_2_2_tran_gen_marker	fig:heatmap-12-tran-gen-marker	2.2 Transitive genitive marker	89_vos_ng_er_b_pa	vos	ng	erg-abs	balancing	poss-acc	vos	VS	VPA	100	0	0.0
2_2_tran_gen_marker	12_2_2_tran_gen_marker	fig:heatmap-12-tran-gen-marker	2.2 Transitive genitive marker	90_vos_ng_er_b_ep	vos	ng	erg-abs	balancing	erg-poss	vos	VS	VPA	100	0	0.0
2_2_tran_gen_marker	12_2_2_tran_gen_marker	fig:heatmap-12-tran-gen-marker	2.2 Transitive genitive marker	91_vos_ng_er_b_no	vos	ng	erg-abs	balancing	nomn	vos	VS	VPA	100	0	0.0
2_2_tran_gen_marker	12_2_2_tran_gen_marker	fig:heatmap-12-tran-gen-marker	2.2 Transitive genitive marker	92_vos_ng_er_d_se	vos	ng	erg-abs	deranking	sent	vos	VS	VPA	100	0	0.0
2_2_tran_gen_marker	12_2_2_tran_gen_marker	fig:heatmap-12-tran-gen-marker	2.2 Transitive genitive marker	93_vos_ng_er_d_pa	vos	ng	erg-abs	deranking	poss-acc	vos	VS	VPA	100	0	0.0
2_2_tran_gen_marker	12_2_2_tran_gen_marker	fig:heatmap-12-tran-gen-marker	2.2 Transitive genitive marker	94_vos_ng_er_d_ep	vos	ng	erg-abs	deranking	erg-poss	vos	VS	VPA	100	0	0.0
2_2_tran_gen_marker	12_2_2_tran_gen_marker	fig:heatmap-12-tran-gen-marker	2.2 Transitive genitive marker	95_vos_ng_er_d_no	vos	ng	erg-abs	deranking	nomn	vos	VS	VPA	100	0	0.0
2_3_gen_order	13_2_3_gen_order	fig:heatmap-13-gen-order	2.3 Genitive possessor--head order	00_sov_gn_ac_b_se	sov	gn	nom-acc	balancing	sent	sov	SV	APV	100	35	0.35
2_3_gen_order	13_2_3_gen_order	fig:heatmap-13-gen-order	2.3 Genitive possessor--head order	01_sov_gn_ac_b_pa	sov	gn	nom-acc	balancing	poss-acc	sov	SV	APV	100	35	0.35
2_3_gen_order	13_2_3_gen_order	fig:heatmap-13-gen-order	2.3 Genitive possessor--head order	02_sov_gn_ac_b_ep	sov	gn	nom-acc	balancing	erg-poss	sov	SV	APV	100	35	0.35
2_3_gen_order	13_2_3_gen_order	fig:heatmap-13-gen-order	2.3 Genitive possessor--head order	03_sov_gn_ac_b_no	sov	gn	nom-acc	balancing	nomn	sov	SV	APV	100	35	0.35
2_3_gen_order	13_2_3_gen_order	fig:heatmap-13-gen-order	2.3 Genitive possessor--head order	04_sov_gn_ac_d_se	sov	gn	nom-acc	deranking	sent	sov	SV	APV	100	35	0.35
2_3_gen_order	13_2_3_gen_order	fig:heatmap-13-gen-order	2.3 Genitive possessor--head order	05_sov_gn_ac_d_pa	sov	gn	nom-acc	deranking	poss-acc	sov	SV	APV	100	35	0.35
2_3_gen_order	13_2_3_gen_order	fig:heatmap-13-gen-order	2.3 Genitive possessor--head order	06_sov_gn_ac_d_ep	sov	gn	nom-acc	deranking	erg-poss	sov	SV	APV	100	35	0.35
2_3_gen_order	13_2_3_gen_order	fig:heatmap-13-gen-order	2.3 Genitive possessor--head order	07_sov_gn_ac_d_no	sov	gn	nom-acc	deranking	nomn	sov	SV	APV	100	35	0.35
2_3_gen_order	13_2_3_gen_order	fig:heatmap-13-gen-order	2.3 Genitive possessor--head order	08_sov_gn_er_b_se	sov	gn	erg-abs	balancing	sent	sov	SV	APV	100	35	0.35
2_3_gen_order	13_2_3_gen_order	fig:heatmap-13-gen-order	2.3 Genitive possessor--head order	09_sov_gn_er_b_pa	sov	gn	erg-abs	balancing	poss-acc	sov	SV	APV	100	35	0.35
2_3_gen_order	13_2_3_gen_order	fig:heatmap-13-gen-order	2.3 Genitive possessor--head order	10_sov_gn_er_b_ep	sov	gn	erg-abs	balancing	erg-poss	sov	SV	APV	100	35	0.35
2_3_gen_order	13_2_3_gen_order	fig:heatmap-13-gen-order	2.3 Genitive possessor--head order	11_sov_gn_er_b_no	sov	gn	erg-abs	balancing	nomn	sov	SV	APV	100	35	0.35
2_3_gen_order	13_2_3_gen_order	fig:heatmap-13-gen-order	2.3 Genitive possessor--head order	12_sov_gn_er_d_se	sov	gn	erg-abs	deranking	sent	sov	SV	APV	100	35	0.35
2_3_gen_order	13_2_3_gen_order	fig:heatmap-13-gen-order	2.3 Genitive possessor--head order	13_sov_gn_er_d_pa	sov	gn	erg-abs	deranking	poss-acc	sov	SV	APV	100	35	0.35
2_3_gen_order	13_2_3_gen_order	fig:heatmap-13-gen-order	2.3 Genitive possessor--head order	14_sov_gn_er_d_ep	sov	gn	erg-abs	deranking	erg-poss	sov	SV	APV	100	35	0.35
2_3_gen_order	13_2_3_gen_order	fig:heatmap-13-gen-order	2.3 Genitive possessor--head order	15_sov_gn_er_d_no	sov	gn	erg-abs	deranking	nomn	sov	SV	APV	100	35	0.35
2_3_gen_order	13_2_3_gen_order	fig:heatmap-13-gen-order	2.3 Genitive possessor--head order	16_sov_ng_ac_b_se	sov	ng	nom-acc	balancing	sent	sov	SV	APV	100	36	0.36
2_3_gen_order	13_2_3_gen_order	fig:heatmap-13-gen-order	2.3 Genitive possessor--head order	17_sov_ng_ac_b_pa	sov	ng	nom-acc	balancing	poss-acc	ovs	VS	PVA	100	36	0.36
2_3_gen_order	13_2_3_gen_order	fig:heatmap-13-gen-order	2.3 Genitive possessor--head order	18_sov_ng_ac_b_ep	sov	ng	nom-acc	balancing	erg-poss	vos	VS	AVP	100	36	0.36
2_3_gen_order	13_2_3_gen_order	fig:heatmap-13-gen-order	2.3 Genitive possessor--head order	19_sov_ng_ac_b_no	sov	ng	nom-acc	balancing	nomn	ovs	VS	PVA	100	36	0.36
2_3_gen_order	13_2_3_gen_order	fig:heatmap-13-gen-order	2.3 Genitive possessor--head order	20_sov_ng_ac_d_se	sov	ng	nom-acc	deranking	sent	sov	SV	APV	100	36	0.36
2_3_gen_order	13_2_3_gen_order	fig:heatmap-13-gen-order	2.3 Genitive possessor--head order	21_sov_ng_ac_d_pa	sov	ng	nom-acc	deranking	poss-acc	ovs	VS	PVA	100	36	0.36
2_3_gen_order	13_2_3_gen_order	fig:heatmap-13-gen-order	2.3 Genitive possessor--head order	22_sov_ng_ac_d_ep	sov	ng	nom-acc	deranking	erg-poss	vos	VS	AVP	100	36	0.36
2_3_gen_order	13_2_3_gen_order	fig:heatmap-13-gen-order	2.3 Genitive possessor--head order	23_sov_ng_ac_d_no	sov	ng	nom-acc	deranking	nomn	ovs	VS	PVA	100	36	0.36
2_3_gen_order	13_2_3_gen_order	fig:heatmap-13-gen-order	2.3 Genitive possessor--head order	24_sov_ng_er_b_se	sov	ng	erg-abs	balancing	sent	sov	SV	APV	100	36	0.36
2_3_gen_order	13_2_3_gen_order	fig:heatmap-13-gen-order	2.3 Genitive possessor--head order	25_sov_ng_er_b_pa	sov	ng	erg-abs	balancing	poss-acc	ovs	VS	PVA	100	36	0.36
2_3_gen_order	13_2_3_gen_order	fig:heatmap-13-gen-order	2.3 Genitive possessor--head order	26_sov_ng_er_b_ep	sov	ng	erg-abs	balancing	erg-poss	vos	VS	AVP	100	36	0.36
2_3_gen_order	13_2_3_gen_order	fig:heatmap-13-gen-order	2.3 Genitive possessor--head order	27_sov_ng_er_b_no	sov	ng	erg-abs	balancing	nomn	ovs	VS	PVA	100	36	0.36
2_3_gen_order	13_2_3_gen_order	fig:heatmap-13-gen-order	2.3 Genitive possessor--head order	28_sov_ng_er_d_se	sov	ng	erg-abs	deranking	sent	sov	SV	APV	100	36	0.36
2_3_gen_order	13_2_3_gen_order	fig:heatmap-13-gen-order	2.3 Genitive possessor--head order	29_sov_ng_er_d_pa	sov	ng	erg-abs	deranking	poss-acc	ovs	VS	PVA	100	36	0.36
2_3_gen_order	13_2_3_gen_order	fig:heatmap-13-gen-order	2.3 Genitive possessor--head order	30_sov_ng_er_d_ep	sov	ng	erg-abs	deranking	erg-poss	vos	VS	AVP	100	36	0.36
2_3_gen_order	13_2_3_gen_order	fig:heatmap-13-gen-order	2.3 Genitive possessor--head order	31_sov_ng_er_d_no	sov	ng	erg-abs	deranking	nomn	ovs	VS	PVA	100	36	0.36
2_3_gen_order	13_2_3_gen_order	fig:heatmap-13-gen-order	2.3 Genitive possessor--head order	32_svo_gn_ac_b_se	svo	gn	nom-acc	balancing	sent	svo	SV	AVP	100	0	0.0
2_3_gen_order	13_2_3_gen_order	fig:heatmap-13-gen-order	2.3 Genitive possessor--head order	33_svo_gn_ac_b_pa	svo	gn	nom-acc	balancing	poss-acc	svo	SV	AVP	100	0	0.0
2_3_gen_order	13_2_3_gen_order	fig:heatmap-13-gen-order	2.3 Genitive possessor--head order	34_svo_gn_ac_b_ep	svo	gn	nom-acc	balancing	erg-poss	sov	SV	PVA	100	0	0.0
2_3_gen_order	13_2_3_gen_order	fig:heatmap-13-gen-order	2.3 Genitive possessor--head order	35_svo_gn_ac_b_no	svo	gn	nom-acc	balancing	nomn	svo	SV	AVP	100	0	0.0
2_3_gen_order	13_2_3_gen_order	fig:heatmap-13-gen-order	2.3 Genitive possessor--head order	36_svo_gn_ac_d_se	svo	gn	nom-acc	deranking	sent	svo	SV	AVP	100	0	0.0
2_3_gen_order	13_2_3_gen_order	fig:heatmap-13-gen-order	2.3 Genitive possessor--head order	37_svo_gn_ac_d_pa	svo	gn	nom-acc	deranking	poss-acc	svo	SV	AVP	100	0	0.0
2_3_gen_order	13_2_3_gen_order	fig:heatmap-13-gen-order	2.3 Genitive possessor--head order	38_svo_gn_ac_d_ep	svo	gn	nom-acc	deranking	erg-poss	sov	SV	PVA	100	0	0.0
2_3_gen_order	13_2_3_gen_order	fig:heatmap-13-gen-order	2.3 Genitive possessor--head order	39_svo_gn_ac_d_no	svo	gn	nom-acc	deranking	nomn	svo	SV	AVP	100	0	0.0
2_3_gen_order	13_2_3_gen_order	fig:heatmap-13-gen-order	2.3 Genitive possessor--head order	40_svo_gn_er_b_se	svo	gn	erg-abs	balancing	sent	svo	SV	AVP	100	0	0.0
2_3_gen_order	13_2_3_gen_order	fig:heatmap-13-gen-order	2.3 Genitive possessor--head order	41_svo_gn_er_b_pa	svo	gn	erg-abs	balancing	poss-acc	svo	SV	AVP	100	0	0.0
2_3_gen_order	13_2_3_gen_order	fig:heatmap-13-gen-order	2.3 Genitive possessor--head order	42_svo_gn_er_b_ep	svo	gn	erg-abs	balancing	erg-poss	sov	SV	PVA	100	0	0.0
2_3_gen_order	13_2_3_gen_order	fig:heatmap-13-gen-order	2.3 Genitive possessor--head order	43_svo_gn_er_b_no	svo	gn	erg-abs	balancing	nomn	svo	SV	AVP	100	0	0.0
2_3_gen_order	13_2_3_gen_order	fig:heatmap-13-gen-order	2.3 Genitive possessor--head order	44_svo_gn_er_d_se	svo	gn	erg-abs	deranking	sent	svo	SV	AVP	100	0	0.0
2_3_gen_order	13_2_3_gen_order	fig:heatmap-13-gen-order	2.3 Genitive possessor--head order	45_svo_gn_er_d_pa	svo	gn	erg-abs	deranking	poss-acc	svo	SV	AVP	100	0	0.0
2_3_gen_order	13_2_3_gen_order	fig:heatmap-13-gen-order	2.3 Genitive possessor--head order	46_svo_gn_er_d_ep	svo	gn	erg-abs	deranking	erg-poss	sov	SV	PVA	100	0	0.0
2_3_gen_order	13_2_3_gen_order	fig:heatmap-13-gen-order	2.3 Genitive possessor--head order	47_svo_gn_er_d_no	svo	gn	erg-abs	deranking	nomn	svo	SV	AVP	100	0	0.0
2_3_gen_order	13_2_3_gen_order	fig:heatmap-13-gen-order	2.3 Genitive possessor--head order	48_svo_ng_ac_b_se	svo	ng	nom-acc	balancing	sent	svo	SV	AVP	100	0	0.0
2_3_gen_order	13_2_3_gen_order	fig:heatmap-13-gen-order	2.3 Genitive possessor--head order	49_svo_ng_ac_b_pa	svo	ng	nom-acc	balancing	poss-acc	vos	VS	VPA	100	0	0.0
2_3_gen_order	13_2_3_gen_order	fig:heatmap-13-gen-order	2.3 Genitive possessor--head order	50_svo_ng_ac_b_ep	svo	ng	nom-acc	balancing	erg-poss	vos	VS	VPA	100	0	0.0
2_3_gen_order	13_2_3_gen_order	fig:heatmap-13-gen-order	2.3 Genitive possessor--head order	51_svo_ng_ac_b_no	svo	ng	nom-acc	balancing	nomn	vos	VS	VPA	100	0	0.0
2_3_gen_order	13_2_3_gen_order	fig:heatmap-13-gen-order	2.3 Genitive possessor--head order	52_svo_ng_ac_d_se	svo	ng	nom-acc	deranking	sent	svo	SV	AVP	100	0	0.0
2_3_gen_order	13_2_3_gen_order	fig:heatmap-13-gen-order	2.3 Genitive possessor--head order	53_svo_ng_ac_d_pa	svo	ng	nom-acc	deranking	poss-acc	vos	VS	VPA	100	0	0.0
2_3_gen_order	13_2_3_gen_order	fig:heatmap-13-gen-order	2.3 Genitive possessor--head order	54_svo_ng_ac_d_ep	svo	ng	nom-acc	deranking	erg-poss	vos	VS	VPA	100	0	0.0
2_3_gen_order	13_2_3_gen_order	fig:heatmap-13-gen-order	2.3 Genitive possessor--head order	55_svo_ng_ac_d_no	svo	ng	nom-acc	deranking	nomn	vos	VS	VPA	100	0	0.0
2_3_gen_order	13_2_3_gen_order	fig:heatmap-13-gen-order	2.3 Genitive possessor--head order	56_svo_ng_er_b_se	svo	ng	erg-abs	balancing	sent	svo	SV	AVP	100	0	0.0
2_3_gen_order	13_2_3_gen_order	fig:heatmap-13-gen-order	2.3 Genitive possessor--head order	57_svo_ng_er_b_pa	svo	ng	erg-abs	balancing	poss-acc	vos	VS	VPA	100	0	0.0
2_3_gen_order	13_2_3_gen_order	fig:heatmap-13-gen-order	2.3 Genitive possessor--head order	58_svo_ng_er_b_ep	svo	ng	erg-abs	balancing	erg-poss	vos	VS	VPA	100	0	0.0
2_3_gen_order	13_2_3_gen_order	fig:heatmap-13-gen-order	2.3 Genitive possessor--head order	59_svo_ng_er_b_no	svo	ng	erg-abs	balancing	nomn	vos	VS	VPA	100	0	0.0
2_3_gen_order	13_2_3_gen_order	fig:heatmap-13-gen-order	2.3 Genitive possessor--head order	60_svo_ng_er_d_se	svo	ng	erg-abs	deranking	sent	svo	SV	AVP	100	0	0.0
2_3_gen_order	13_2_3_gen_order	fig:heatmap-13-gen-order	2.3 Genitive possessor--head order	61_svo_ng_er_d_pa	svo	ng	erg-abs	deranking	poss-acc	vos	VS	VPA	100	0	0.0
2_3_gen_order	13_2_3_gen_order	fig:heatmap-13-gen-order	2.3 Genitive possessor--head order	62_svo_ng_er_d_ep	svo	ng	erg-abs	deranking	erg-poss	vos	VS	VPA	100	0	0.0
2_3_gen_order	13_2_3_gen_order	fig:heatmap-13-gen-order	2.3 Genitive possessor--head order	63_svo_ng_er_d_no	svo	ng	erg-abs	deranking	nomn	vos	VS	VPA	100	0	0.0
2_3_gen_order	13_2_3_gen_order	fig:heatmap-13-gen-order	2.3 Genitive possessor--head order	64_vos_gn_ac_b_se	vos	gn	nom-acc	balancing	sent	vos	VS	VPA	100	36	0.36
2_3_gen_order	13_2_3_gen_order	fig:heatmap-13-gen-order	2.3 Genitive possessor--head order	65_vos_gn_ac_b_pa	vos	gn	nom-acc	balancing	poss-acc	svo	SV	AVP	100	36	0.36
2_3_gen_order	13_2_3_gen_order	fig:heatmap-13-gen-order	2.3 Genitive possessor--head order	66_vos_gn_ac_b_ep	vos	gn	nom-acc	balancing	erg-poss	sov	SV	PVA	100	36	0.36
2_3_gen_order	13_2_3_gen_order	fig:heatmap-13-gen-order	2.3 Genitive possessor--head order	67_vos_gn_ac_b_no	vos	gn	nom-acc	balancing	nomn	svo	SV	AVP	100	36	0.36
2_3_gen_order	13_2_3_gen_order	fig:heatmap-13-gen-order	2.3 Genitive possessor--head order	68_vos_gn_ac_d_se	vos	gn	nom-acc	deranking	sent	vos	VS	VPA	100	36	0.36
2_3_gen_order	13_2_3_gen_order	fig:heatmap-13-gen-order	2.3 Genitive possessor--head order	69_vos_gn_ac_d_pa	vos	gn	nom-acc	deranking	poss-acc	svo	SV	AVP	100	36	0.36
2_3_gen_order	13_2_3_gen_order	fig:heatmap-13-gen-order	2.3 Genitive possessor--head order	70_vos_gn_ac_d_ep	vos	gn	nom-acc	deranking	erg-poss	sov	SV	PVA	100	36	0.36
2_3_gen_order	13_2_3_gen_order	fig:heatmap-13-gen-order	2.3 Genitive possessor--head order	71_vos_gn_ac_d_no	vos	gn	nom-acc	deranking	nomn	svo	SV	AVP	100	36	0.36
2_3_gen_order	13_2_3_gen_order	fig:heatmap-13-gen-order	2.3 Genitive possessor--head order	72_vos_gn_er_b_se	vos	gn	erg-abs	balancing	sent	vos	VS	VPA	100	36	0.36
2_3_gen_order	13_2_3_gen_order	fig:heatmap-13-gen-order	2.3 Genitive possessor--head order	73_vos_gn_er_b_pa	vos	gn	erg-abs	balancing	poss-acc	svo	SV	AVP	100	36	0.36
2_3_gen_order	13_2_3_gen_order	fig:heatmap-13-gen-order	2.3 Genitive possessor--head order	74_vos_gn_er_b_ep	vos	gn	erg-abs	balancing	erg-poss	sov	SV	PVA	100	36	0.36
2_3_gen_order	13_2_3_gen_order	fig:heatmap-13-gen-order	2.3 Genitive possessor--head order	75_vos_gn_er_b_no	vos	gn	erg-abs	balancing	nomn	svo	SV	AVP	100	36	0.36
2_3_gen_order	13_2_3_gen_order	fig:heatmap-13-gen-order	2.3 Genitive possessor--head order	76_vos_gn_er_d_se	vos	gn	erg-abs	deranking	sent	vos	VS	VPA	100	36	0.36
2_3_gen_order	13_2_3_gen_order	fig:heatmap-13-gen-order	2.3 Genitive possessor--head order	77_vos_gn_er_d_pa	vos	gn	erg-abs	deranking	poss-acc	svo	SV	AVP	100	36	0.36
2_3_gen_order	13_2_3_gen_order	fig:heatmap-13-gen-order	2.3 Genitive possessor--head order	78_vos_gn_er_d_ep	vos	gn	erg-abs	deranking	erg-poss	sov	SV	PVA	100	36	0.36
2_3_gen_order	13_2_3_gen_order	fig:heatmap-13-gen-order	2.3 Genitive possessor--head order	79_vos_gn_er_d_no	vos	gn	erg-abs	deranking	nomn	svo	SV	AVP	100	36	0.36
2_3_gen_order	13_2_3_gen_order	fig:heatmap-13-gen-order	2.3 Genitive possessor--head order	80_vos_ng_ac_b_se	vos	ng	nom-acc	balancing	sent	vos	VS	VPA	100	35	0.35
2_3_gen_order	13_2_3_gen_order	fig:heatmap-13-gen-order	2.3 Genitive possessor--head order	81_vos_ng_ac_b_pa	vos	ng	nom-acc	balancing	poss-acc	vos	VS	VPA	100	35	0.35
2_3_gen_order	13_2_3_gen_order	fig:heatmap-13-gen-order	2.3 Genitive possessor--head order	82_vos_ng_ac_b_ep	vos	ng	nom-acc	balancing	erg-poss	vos	VS	VPA	100	35	0.35
2_3_gen_order	13_2_3_gen_order	fig:heatmap-13-gen-order	2.3 Genitive possessor--head order	83_vos_ng_ac_b_no	vos	ng	nom-acc	balancing	nomn	vos	VS	VPA	100	35	0.35
2_3_gen_order	13_2_3_gen_order	fig:heatmap-13-gen-order	2.3 Genitive possessor--head order	84_vos_ng_ac_d_se	vos	ng	nom-acc	deranking	sent	vos	VS	VPA	100	35	0.35
2_3_gen_order	13_2_3_gen_order	fig:heatmap-13-gen-order	2.3 Genitive possessor--head order	85_vos_ng_ac_d_pa	vos	ng	nom-acc	deranking	poss-acc	vos	VS	VPA	100	35	0.35
2_3_gen_order	13_2_3_gen_order	fig:heatmap-13-gen-order	2.3 Genitive possessor--head order	86_vos_ng_ac_d_ep	vos	ng	nom-acc	deranking	erg-poss	vos	VS	VPA	100	35	0.35
2_3_gen_order	13_2_3_gen_order	fig:heatmap-13-gen-order	2.3 Genitive possessor--head order	87_vos_ng_ac_d_no	vos	ng	nom-acc	deranking	nomn	vos	VS	VPA	100	35	0.35
2_3_gen_order	13_2_3_gen_order	fig:heatmap-13-gen-order	2.3 Genitive possessor--head order	88_vos_ng_er_b_se	vos	ng	erg-abs	balancing	sent	vos	VS	VPA	100	35	0.35
2_3_gen_order	13_2_3_gen_order	fig:heatmap-13-gen-order	2.3 Genitive possessor--head order	89_vos_ng_er_b_pa	vos	ng	erg-abs	balancing	poss-acc	vos	VS	VPA	100	35	0.35
2_3_gen_order	13_2_3_gen_order	fig:heatmap-13-gen-order	2.3 Genitive possessor--head order	90_vos_ng_er_b_ep	vos	ng	erg-abs	balancing	erg-poss	vos	VS	VPA	100	35	0.35
2_3_gen_order	13_2_3_gen_order	fig:heatmap-13-gen-order	2.3 Genitive possessor--head order	91_vos_ng_er_b_no	vos	ng	erg-abs	balancing	nomn	vos	VS	VPA	100	35	0.35
2_3_gen_order	13_2_3_gen_order	fig:heatmap-13-gen-order	2.3 Genitive possessor--head order	92_vos_ng_er_d_se	vos	ng	erg-abs	deranking	sent	vos	VS	VPA	100	35	0.35
2_3_gen_order	13_2_3_gen_order	fig:heatmap-13-gen-order	2.3 Genitive possessor--head order	93_vos_ng_er_d_pa	vos	ng	erg-abs	deranking	poss-acc	vos	VS	VPA	100	35	0.35
2_3_gen_order	13_2_3_gen_order	fig:heatmap-13-gen-order	2.3 Genitive possessor--head order	94_vos_ng_er_d_ep	vos	ng	erg-abs	deranking	erg-poss	vos	VS	VPA	100	35	0.35
2_3_gen_order	13_2_3_gen_order	fig:heatmap-13-gen-order	2.3 Genitive possessor--head order	95_vos_ng_er_d_no	vos	ng	erg-abs	deranking	nomn	vos	VS	VPA	100	35	0.35
3_1_clausal_V_form	14_3_1_clausal_V_form	fig:heatmap-14-clausal-v-form	3.1 Clausal complement verb form	00_sov_gn_ac_b_se	sov	gn	nom-acc	balancing	sent	sov	SV	APV	100	7	0.07
3_1_clausal_V_form	14_3_1_clausal_V_form	fig:heatmap-14-clausal-v-form	3.1 Clausal complement verb form	01_sov_gn_ac_b_pa	sov	gn	nom-acc	balancing	poss-acc	sov	SV	APV	100	0	0.0
3_1_clausal_V_form	14_3_1_clausal_V_form	fig:heatmap-14-clausal-v-form	3.1 Clausal complement verb form	02_sov_gn_ac_b_ep	sov	gn	nom-acc	balancing	erg-poss	sov	SV	APV	100	0	0.0
3_1_clausal_V_form	14_3_1_clausal_V_form	fig:heatmap-14-clausal-v-form	3.1 Clausal complement verb form	03_sov_gn_ac_b_no	sov	gn	nom-acc	balancing	nomn	sov	SV	APV	100	0	0.0
3_1_clausal_V_form	14_3_1_clausal_V_form	fig:heatmap-14-clausal-v-form	3.1 Clausal complement verb form	04_sov_gn_ac_d_se	sov	gn	nom-acc	deranking	sent	sov	SV	APV	100	0	0.0
3_1_clausal_V_form	14_3_1_clausal_V_form	fig:heatmap-14-clausal-v-form	3.1 Clausal complement verb form	05_sov_gn_ac_d_pa	sov	gn	nom-acc	deranking	poss-acc	sov	SV	APV	100	0	0.0
3_1_clausal_V_form	14_3_1_clausal_V_form	fig:heatmap-14-clausal-v-form	3.1 Clausal complement verb form	06_sov_gn_ac_d_ep	sov	gn	nom-acc	deranking	erg-poss	sov	SV	APV	100	0	0.0
3_1_clausal_V_form	14_3_1_clausal_V_form	fig:heatmap-14-clausal-v-form	3.1 Clausal complement verb form	07_sov_gn_ac_d_no	sov	gn	nom-acc	deranking	nomn	sov	SV	APV	100	0	0.0
3_1_clausal_V_form	14_3_1_clausal_V_form	fig:heatmap-14-clausal-v-form	3.1 Clausal complement verb form	08_sov_gn_er_b_se	sov	gn	erg-abs	balancing	sent	sov	SV	APV	100	100	1.0
3_1_clausal_V_form	14_3_1_clausal_V_form	fig:heatmap-14-clausal-v-form	3.1 Clausal complement verb form	09_sov_gn_er_b_pa	sov	gn	erg-abs	balancing	poss-acc	sov	SV	APV	100	41	0.41
3_1_clausal_V_form	14_3_1_clausal_V_form	fig:heatmap-14-clausal-v-form	3.1 Clausal complement verb form	10_sov_gn_er_b_ep	sov	gn	erg-abs	balancing	erg-poss	sov	SV	APV	100	0	0.0
3_1_clausal_V_form	14_3_1_clausal_V_form	fig:heatmap-14-clausal-v-form	3.1 Clausal complement verb form	11_sov_gn_er_b_no	sov	gn	erg-abs	balancing	nomn	sov	SV	APV	100	0	0.0
3_1_clausal_V_form	14_3_1_clausal_V_form	fig:heatmap-14-clausal-v-form	3.1 Clausal complement verb form	12_sov_gn_er_d_se	sov	gn	erg-abs	deranking	sent	sov	SV	APV	100	0	0.0
3_1_clausal_V_form	14_3_1_clausal_V_form	fig:heatmap-14-clausal-v-form	3.1 Clausal complement verb form	13_sov_gn_er_d_pa	sov	gn	erg-abs	deranking	poss-acc	sov	SV	APV	100	0	0.0
3_1_clausal_V_form	14_3_1_clausal_V_form	fig:heatmap-14-clausal-v-form	3.1 Clausal complement verb form	14_sov_gn_er_d_ep	sov	gn	erg-abs	deranking	erg-poss	sov	SV	APV	100	0	0.0
3_1_clausal_V_form	14_3_1_clausal_V_form	fig:heatmap-14-clausal-v-form	3.1 Clausal complement verb form	15_sov_gn_er_d_no	sov	gn	erg-abs	deranking	nomn	sov	SV	APV	100	0	0.0
3_1_clausal_V_form	14_3_1_clausal_V_form	fig:heatmap-14-clausal-v-form	3.1 Clausal complement verb form	16_sov_ng_ac_b_se	sov	ng	nom-acc	balancing	sent	sov	SV	APV	100	7	0.07
3_1_clausal_V_form	14_3_1_clausal_V_form	fig:heatmap-14-clausal-v-form	3.1 Clausal complement verb form	17_sov_ng_ac_b_pa	sov	ng	nom-acc	balancing	poss-acc	ovs	VS	PVA	100	0	0.0
3_1_clausal_V_form	14_3_1_clausal_V_form	fig:heatmap-14-clausal-v-form	3.1 Clausal complement verb form	18_sov_ng_ac_b_ep	sov	ng	nom-acc	balancing	erg-poss	vos	VS	AVP	100	0	0.0
3_1_clausal_V_form	14_3_1_clausal_V_form	fig:heatmap-14-clausal-v-form	3.1 Clausal complement verb form	19_sov_ng_ac_b_no	sov	ng	nom-acc	balancing	nomn	ovs	VS	PVA	100	0	0.0
3_1_clausal_V_form	14_3_1_clausal_V_form	fig:heatmap-14-clausal-v-form	3.1 Clausal complement verb form	20_sov_ng_ac_d_se	sov	ng	nom-acc	deranking	sent	sov	SV	APV	100	0	0.0
3_1_clausal_V_form	14_3_1_clausal_V_form	fig:heatmap-14-clausal-v-form	3.1 Clausal complement verb form	21_sov_ng_ac_d_pa	sov	ng	nom-acc	deranking	poss-acc	ovs	VS	PVA	100	0	0.0
3_1_clausal_V_form	14_3_1_clausal_V_form	fig:heatmap-14-clausal-v-form	3.1 Clausal complement verb form	22_sov_ng_ac_d_ep	sov	ng	nom-acc	deranking	erg-poss	vos	VS	AVP	100	0	0.0
3_1_clausal_V_form	14_3_1_clausal_V_form	fig:heatmap-14-clausal-v-form	3.1 Clausal complement verb form	23_sov_ng_ac_d_no	sov	ng	nom-acc	deranking	nomn	ovs	VS	PVA	100	0	0.0
3_1_clausal_V_form	14_3_1_clausal_V_form	fig:heatmap-14-clausal-v-form	3.1 Clausal complement verb form	24_sov_ng_er_b_se	sov	ng	erg-abs	balancing	sent	sov	SV	APV	100	100	1.0
3_1_clausal_V_form	14_3_1_clausal_V_form	fig:heatmap-14-clausal-v-form	3.1 Clausal complement verb form	25_sov_ng_er_b_pa	sov	ng	erg-abs	balancing	poss-acc	ovs	VS	PVA	100	41	0.41
3_1_clausal_V_form	14_3_1_clausal_V_form	fig:heatmap-14-clausal-v-form	3.1 Clausal complement verb form	26_sov_ng_er_b_ep	sov	ng	erg-abs	balancing	erg-poss	vos	VS	AVP	100	0	0.0
3_1_clausal_V_form	14_3_1_clausal_V_form	fig:heatmap-14-clausal-v-form	3.1 Clausal complement verb form	27_sov_ng_er_b_no	sov	ng	erg-abs	balancing	nomn	ovs	VS	PVA	100	0	0.0
3_1_clausal_V_form	14_3_1_clausal_V_form	fig:heatmap-14-clausal-v-form	3.1 Clausal complement verb form	28_sov_ng_er_d_se	sov	ng	erg-abs	deranking	sent	sov	SV	APV	100	0	0.0
3_1_clausal_V_form	14_3_1_clausal_V_form	fig:heatmap-14-clausal-v-form	3.1 Clausal complement verb form	29_sov_ng_er_d_pa	sov	ng	erg-abs	deranking	poss-acc	ovs	VS	PVA	100	0	0.0
3_1_clausal_V_form	14_3_1_clausal_V_form	fig:heatmap-14-clausal-v-form	3.1 Clausal complement verb form	30_sov_ng_er_d_ep	sov	ng	erg-abs	deranking	erg-poss	vos	VS	AVP	100	0	0.0
3_1_clausal_V_form	14_3_1_clausal_V_form	fig:heatmap-14-clausal-v-form	3.1 Clausal complement verb form	31_sov_ng_er_d_no	sov	ng	erg-abs	deranking	nomn	ovs	VS	PVA	100	0	0.0
3_1_clausal_V_form	14_3_1_clausal_V_form	fig:heatmap-14-clausal-v-form	3.1 Clausal complement verb form	32_svo_gn_ac_b_se	svo	gn	nom-acc	balancing	sent	svo	SV	AVP	100	4	0.04
3_1_clausal_V_form	14_3_1_clausal_V_form	fig:heatmap-14-clausal-v-form	3.1 Clausal complement verb form	33_svo_gn_ac_b_pa	svo	gn	nom-acc	balancing	poss-acc	svo	SV	AVP	100	0	0.0
3_1_clausal_V_form	14_3_1_clausal_V_form	fig:heatmap-14-clausal-v-form	3.1 Clausal complement verb form	34_svo_gn_ac_b_ep	svo	gn	nom-acc	balancing	erg-poss	sov	SV	PVA	100	0	0.0
3_1_clausal_V_form	14_3_1_clausal_V_form	fig:heatmap-14-clausal-v-form	3.1 Clausal complement verb form	35_svo_gn_ac_b_no	svo	gn	nom-acc	balancing	nomn	svo	SV	AVP	100	0	0.0
3_1_clausal_V_form	14_3_1_clausal_V_form	fig:heatmap-14-clausal-v-form	3.1 Clausal complement verb form	36_svo_gn_ac_d_se	svo	gn	nom-acc	deranking	sent	svo	SV	AVP	100	0	0.0
3_1_clausal_V_form	14_3_1_clausal_V_form	fig:heatmap-14-clausal-v-form	3.1 Clausal complement verb form	37_svo_gn_ac_d_pa	svo	gn	nom-acc	deranking	poss-acc	svo	SV	AVP	100	0	0.0
3_1_clausal_V_form	14_3_1_clausal_V_form	fig:heatmap-14-clausal-v-form	3.1 Clausal complement verb form	38_svo_gn_ac_d_ep	svo	gn	nom-acc	deranking	erg-poss	sov	SV	PVA	100	0	0.0
3_1_clausal_V_form	14_3_1_clausal_V_form	fig:heatmap-14-clausal-v-form	3.1 Clausal complement verb form	39_svo_gn_ac_d_no	svo	gn	nom-acc	deranking	nomn	svo	SV	AVP	100	0	0.0
3_1_clausal_V_form	14_3_1_clausal_V_form	fig:heatmap-14-clausal-v-form	3.1 Clausal complement verb form	40_svo_gn_er_b_se	svo	gn	erg-abs	balancing	sent	svo	SV	AVP	100	100	1.0
3_1_clausal_V_form	14_3_1_clausal_V_form	fig:heatmap-14-clausal-v-form	3.1 Clausal complement verb form	41_svo_gn_er_b_pa	svo	gn	erg-abs	balancing	poss-acc	svo	SV	AVP	100	3	0.03
3_1_clausal_V_form	14_3_1_clausal_V_form	fig:heatmap-14-clausal-v-form	3.1 Clausal complement verb form	42_svo_gn_er_b_ep	svo	gn	erg-abs	balancing	erg-poss	sov	SV	PVA	100	0	0.0
3_1_clausal_V_form	14_3_1_clausal_V_form	fig:heatmap-14-clausal-v-form	3.1 Clausal complement verb form	43_svo_gn_er_b_no	svo	gn	erg-abs	balancing	nomn	svo	SV	AVP	100	0	0.0
3_1_clausal_V_form	14_3_1_clausal_V_form	fig:heatmap-14-clausal-v-form	3.1 Clausal complement verb form	44_svo_gn_er_d_se	svo	gn	erg-abs	deranking	sent	svo	SV	AVP	100	3	0.03
3_1_clausal_V_form	14_3_1_clausal_V_form	fig:heatmap-14-clausal-v-form	3.1 Clausal complement verb form	45_svo_gn_er_d_pa	svo	gn	erg-abs	deranking	poss-acc	svo	SV	AVP	100	3	0.03
3_1_clausal_V_form	14_3_1_clausal_V_form	fig:heatmap-14-clausal-v-form	3.1 Clausal complement verb form	46_svo_gn_er_d_ep	svo	gn	erg-abs	deranking	erg-poss	sov	SV	PVA	100	0	0.0
3_1_clausal_V_form	14_3_1_clausal_V_form	fig:heatmap-14-clausal-v-form	3.1 Clausal complement verb form	47_svo_gn_er_d_no	svo	gn	erg-abs	deranking	nomn	svo	SV	AVP	100	0	0.0
3_1_clausal_V_form	14_3_1_clausal_V_form	fig:heatmap-14-clausal-v-form	3.1 Clausal complement verb form	48_svo_ng_ac_b_se	svo	ng	nom-acc	balancing	sent	svo	SV	AVP	100	4	0.04
3_1_clausal_V_form	14_3_1_clausal_V_form	fig:heatmap-14-clausal-v-form	3.1 Clausal complement verb form	49_svo_ng_ac_b_pa	svo	ng	nom-acc	balancing	poss-acc	vos	VS	VPA	100	0	0.0
3_1_clausal_V_form	14_3_1_clausal_V_form	fig:heatmap-14-clausal-v-form	3.1 Clausal complement verb form	50_svo_ng_ac_b_ep	svo	ng	nom-acc	balancing	erg-poss	vos	VS	VPA	100	0	0.0
3_1_clausal_V_form	14_3_1_clausal_V_form	fig:heatmap-14-clausal-v-form	3.1 Clausal complement verb form	51_svo_ng_ac_b_no	svo	ng	nom-acc	balancing	nomn	vos	VS	VPA	100	0	0.0
3_1_clausal_V_form	14_3_1_clausal_V_form	fig:heatmap-14-clausal-v-form	3.1 Clausal complement verb form	52_svo_ng_ac_d_se	svo	ng	nom-acc	deranking	sent	svo	SV	AVP	100	0	0.0
3_1_clausal_V_form	14_3_1_clausal_V_form	fig:heatmap-14-clausal-v-form	3.1 Clausal complement verb form	53_svo_ng_ac_d_pa	svo	ng	nom-acc	deranking	poss-acc	vos	VS	VPA	100	0	0.0
3_1_clausal_V_form	14_3_1_clausal_V_form	fig:heatmap-14-clausal-v-form	3.1 Clausal complement verb form	54_svo_ng_ac_d_ep	svo	ng	nom-acc	deranking	erg-poss	vos	VS	VPA	100	0	0.0
3_1_clausal_V_form	14_3_1_clausal_V_form	fig:heatmap-14-clausal-v-form	3.1 Clausal complement verb form	55_svo_ng_ac_d_no	svo	ng	nom-acc	deranking	nomn	vos	VS	VPA	100	0	0.0
3_1_clausal_V_form	14_3_1_clausal_V_form	fig:heatmap-14-clausal-v-form	3.1 Clausal complement verb form	56_svo_ng_er_b_se	svo	ng	erg-abs	balancing	sent	svo	SV	AVP	100	100	1.0
3_1_clausal_V_form	14_3_1_clausal_V_form	fig:heatmap-14-clausal-v-form	3.1 Clausal complement verb form	57_svo_ng_er_b_pa	svo	ng	erg-abs	balancing	poss-acc	vos	VS	VPA	100	3	0.03
3_1_clausal_V_form	14_3_1_clausal_V_form	fig:heatmap-14-clausal-v-form	3.1 Clausal complement verb form	58_svo_ng_er_b_ep	svo	ng	erg-abs	balancing	erg-poss	vos	VS	VPA	100	0	0.0
3_1_clausal_V_form	14_3_1_clausal_V_form	fig:heatmap-14-clausal-v-form	3.1 Clausal complement verb form	59_svo_ng_er_b_no	svo	ng	erg-abs	balancing	nomn	vos	VS	VPA	100	0	0.0
3_1_clausal_V_form	14_3_1_clausal_V_form	fig:heatmap-14-clausal-v-form	3.1 Clausal complement verb form	60_svo_ng_er_d_se	svo	ng	erg-abs	deranking	sent	svo	SV	AVP	100	3	0.03
3_1_clausal_V_form	14_3_1_clausal_V_form	fig:heatmap-14-clausal-v-form	3.1 Clausal complement verb form	61_svo_ng_er_d_pa	svo	ng	erg-abs	deranking	poss-acc	vos	VS	VPA	100	3	0.03
3_1_clausal_V_form	14_3_1_clausal_V_form	fig:heatmap-14-clausal-v-form	3.1 Clausal complement verb form	62_svo_ng_er_d_ep	svo	ng	erg-abs	deranking	erg-poss	vos	VS	VPA	100	0	0.0
3_1_clausal_V_form	14_3_1_clausal_V_form	fig:heatmap-14-clausal-v-form	3.1 Clausal complement verb form	63_svo_ng_er_d_no	svo	ng	erg-abs	deranking	nomn	vos	VS	VPA	100	0	0.0
3_1_clausal_V_form	14_3_1_clausal_V_form	fig:heatmap-14-clausal-v-form	3.1 Clausal complement verb form	64_vos_gn_ac_b_se	vos	gn	nom-acc	balancing	sent	vos	VS	VPA	100	7	0.07
3_1_clausal_V_form	14_3_1_clausal_V_form	fig:heatmap-14-clausal-v-form	3.1 Clausal complement verb form	65_vos_gn_ac_b_pa	vos	gn	nom-acc	balancing	poss-acc	svo	SV	AVP	100	0	0.0
3_1_clausal_V_form	14_3_1_clausal_V_form	fig:heatmap-14-clausal-v-form	3.1 Clausal complement verb form	66_vos_gn_ac_b_ep	vos	gn	nom-acc	balancing	erg-poss	sov	SV	PVA	100	0	0.0
3_1_clausal_V_form	14_3_1_clausal_V_form	fig:heatmap-14-clausal-v-form	3.1 Clausal complement verb form	67_vos_gn_ac_b_no	vos	gn	nom-acc	balancing	nomn	svo	SV	AVP	100	0	0.0
3_1_clausal_V_form	14_3_1_clausal_V_form	fig:heatmap-14-clausal-v-form	3.1 Clausal complement verb form	68_vos_gn_ac_d_se	vos	gn	nom-acc	deranking	sent	vos	VS	VPA	100	0	0.0
3_1_clausal_V_form	14_3_1_clausal_V_form	fig:heatmap-14-clausal-v-form	3.1 Clausal complement verb form	69_vos_gn_ac_d_pa	vos	gn	nom-acc	deranking	poss-acc	svo	SV	AVP	100	0	0.0
3_1_clausal_V_form	14_3_1_clausal_V_form	fig:heatmap-14-clausal-v-form	3.1 Clausal complement verb form	70_vos_gn_ac_d_ep	vos	gn	nom-acc	deranking	erg-poss	sov	SV	PVA	100	0	0.0
3_1_clausal_V_form	14_3_1_clausal_V_form	fig:heatmap-14-clausal-v-form	3.1 Clausal complement verb form	71_vos_gn_ac_d_no	vos	gn	nom-acc	deranking	nomn	svo	SV	AVP	100	0	0.0
3_1_clausal_V_form	14_3_1_clausal_V_form	fig:heatmap-14-clausal-v-form	3.1 Clausal complement verb form	72_vos_gn_er_b_se	vos	gn	erg-abs	balancing	sent	vos	VS	VPA	100	100	1.0
3_1_clausal_V_form	14_3_1_clausal_V_form	fig:heatmap-14-clausal-v-form	3.1 Clausal complement verb form	73_vos_gn_er_b_pa	vos	gn	erg-abs	balancing	poss-acc	svo	SV	AVP	100	41	0.41
3_1_clausal_V_form	14_3_1_clausal_V_form	fig:heatmap-14-clausal-v-form	3.1 Clausal complement verb form	74_vos_gn_er_b_ep	vos	gn	erg-abs	balancing	erg-poss	sov	SV	PVA	100	0	0.0
3_1_clausal_V_form	14_3_1_clausal_V_form	fig:heatmap-14-clausal-v-form	3.1 Clausal complement verb form	75_vos_gn_er_b_no	vos	gn	erg-abs	balancing	nomn	svo	SV	AVP	100	0	0.0
3_1_clausal_V_form	14_3_1_clausal_V_form	fig:heatmap-14-clausal-v-form	3.1 Clausal complement verb form	76_vos_gn_er_d_se	vos	gn	erg-abs	deranking	sent	vos	VS	VPA	100	0	0.0
3_1_clausal_V_form	14_3_1_clausal_V_form	fig:heatmap-14-clausal-v-form	3.1 Clausal complement verb form	77_vos_gn_er_d_pa	vos	gn	erg-abs	deranking	poss-acc	svo	SV	AVP	100	0	0.0
3_1_clausal_V_form	14_3_1_clausal_V_form	fig:heatmap-14-clausal-v-form	3.1 Clausal complement verb form	78_vos_gn_er_d_ep	vos	gn	erg-abs	deranking	erg-poss	sov	SV	PVA	100	0	0.0
3_1_clausal_V_form	14_3_1_clausal_V_form	fig:heatmap-14-clausal-v-form	3.1 Clausal complement verb form	79_vos_gn_er_d_no	vos	gn	erg-abs	deranking	nomn	svo	SV	AVP	100	0	0.0
3_1_clausal_V_form	14_3_1_clausal_V_form	fig:heatmap-14-clausal-v-form	3.1 Clausal complement verb form	80_vos_ng_ac_b_se	vos	ng	nom-acc	balancing	sent	vos	VS	VPA	100	7	0.07
3_1_clausal_V_form	14_3_1_clausal_V_form	fig:heatmap-14-clausal-v-form	3.1 Clausal complement verb form	81_vos_ng_ac_b_pa	vos	ng	nom-acc	balancing	poss-acc	vos	VS	VPA	100	0	0.0
3_1_clausal_V_form	14_3_1_clausal_V_form	fig:heatmap-14-clausal-v-form	3.1 Clausal complement verb form	82_vos_ng_ac_b_ep	vos	ng	nom-acc	balancing	erg-poss	vos	VS	VPA	100	0	0.0
3_1_clausal_V_form	14_3_1_clausal_V_form	fig:heatmap-14-clausal-v-form	3.1 Clausal complement verb form	83_vos_ng_ac_b_no	vos	ng	nom-acc	balancing	nomn	vos	VS	VPA	100	0	0.0
3_1_clausal_V_form	14_3_1_clausal_V_form	fig:heatmap-14-clausal-v-form	3.1 Clausal complement verb form	84_vos_ng_ac_d_se	vos	ng	nom-acc	deranking	sent	vos	VS	VPA	100	0	0.0
3_1_clausal_V_form	14_3_1_clausal_V_form	fig:heatmap-14-clausal-v-form	3.1 Clausal complement verb form	85_vos_ng_ac_d_pa	vos	ng	nom-acc	deranking	poss-acc	vos	VS	VPA	100	0	0.0
3_1_clausal_V_form	14_3_1_clausal_V_form	fig:heatmap-14-clausal-v-form	3.1 Clausal complement verb form	86_vos_ng_ac_d_ep	vos	ng	nom-acc	deranking	erg-poss	vos	VS	VPA	100	0	0.0
3_1_clausal_V_form	14_3_1_clausal_V_form	fig:heatmap-14-clausal-v-form	3.1 Clausal complement verb form	87_vos_ng_ac_d_no	vos	ng	nom-acc	deranking	nomn	vos	VS	VPA	100	0	0.0
3_1_clausal_V_form	14_3_1_clausal_V_form	fig:heatmap-14-clausal-v-form	3.1 Clausal complement verb form	88_vos_ng_er_b_se	vos	ng	erg-abs	balancing	sent	vos	VS	VPA	100	100	1.0
3_1_clausal_V_form	14_3_1_clausal_V_form	fig:heatmap-14-clausal-v-form	3.1 Clausal complement verb form	89_vos_ng_er_b_pa	vos	ng	erg-abs	balancing	poss-acc	vos	VS	VPA	100	41	0.41
3_1_clausal_V_form	14_3_1_clausal_V_form	fig:heatmap-14-clausal-v-form	3.1 Clausal complement verb form	90_vos_ng_er_b_ep	vos	ng	erg-abs	balancing	erg-poss	vos	VS	VPA	100	0	0.0
3_1_clausal_V_form	14_3_1_clausal_V_form	fig:heatmap-14-clausal-v-form	3.1 Clausal complement verb form	91_vos_ng_er_b_no	vos	ng	erg-abs	balancing	nomn	vos	VS	VPA	100	0	0.0
3_1_clausal_V_form	14_3_1_clausal_V_form	fig:heatmap-14-clausal-v-form	3.1 Clausal complement verb form	92_vos_ng_er_d_se	vos	ng	erg-abs	deranking	sent	vos	VS	VPA	100	0	0.0
3_1_clausal_V_form	14_3_1_clausal_V_form	fig:heatmap-14-clausal-v-form	3.1 Clausal complement verb form	93_vos_ng_er_d_pa	vos	ng	erg-abs	deranking	poss-acc	vos	VS	VPA	100	0	0.0
3_1_clausal_V_form	14_3_1_clausal_V_form	fig:heatmap-14-clausal-v-form	3.1 Clausal complement verb form	94_vos_ng_er_d_ep	vos	ng	erg-abs	deranking	erg-poss	vos	VS	VPA	100	0	0.0
3_1_clausal_V_form	14_3_1_clausal_V_form	fig:heatmap-14-clausal-v-form	3.1 Clausal complement verb form	95_vos_ng_er_d_no	vos	ng	erg-abs	deranking	nomn	vos	VS	VPA	100	0	0.0
3_2_clausal_S_marker	15_3_2_clausal_S_marker	fig:heatmap-15-clausal-s-marker	3.2 Clausal complement S marker	00_sov_gn_ac_b_se	sov	gn	nom-acc	balancing	sent	sov	SV	APV	100	4	0.04
3_2_clausal_S_marker	15_3_2_clausal_S_marker	fig:heatmap-15-clausal-s-marker	3.2 Clausal complement S marker	01_sov_gn_ac_b_pa	sov	gn	nom-acc	balancing	poss-acc	sov	SV	APV	100	2	0.02
3_2_clausal_S_marker	15_3_2_clausal_S_marker	fig:heatmap-15-clausal-s-marker	3.2 Clausal complement S marker	02_sov_gn_ac_b_ep	sov	gn	nom-acc	balancing	erg-poss	sov	SV	APV	100	2	0.02
3_2_clausal_S_marker	15_3_2_clausal_S_marker	fig:heatmap-15-clausal-s-marker	3.2 Clausal complement S marker	03_sov_gn_ac_b_no	sov	gn	nom-acc	balancing	nomn	sov	SV	APV	100	2	0.02
3_2_clausal_S_marker	15_3_2_clausal_S_marker	fig:heatmap-15-clausal-s-marker	3.2 Clausal complement S marker	04_sov_gn_ac_d_se	sov	gn	nom-acc	deranking	sent	sov	SV	APV	100	4	0.04
3_2_clausal_S_marker	15_3_2_clausal_S_marker	fig:heatmap-15-clausal-s-marker	3.2 Clausal complement S marker	05_sov_gn_ac_d_pa	sov	gn	nom-acc	deranking	poss-acc	sov	SV	APV	100	2	0.02
3_2_clausal_S_marker	15_3_2_clausal_S_marker	fig:heatmap-15-clausal-s-marker	3.2 Clausal complement S marker	06_sov_gn_ac_d_ep	sov	gn	nom-acc	deranking	erg-poss	sov	SV	APV	100	2	0.02
3_2_clausal_S_marker	15_3_2_clausal_S_marker	fig:heatmap-15-clausal-s-marker	3.2 Clausal complement S marker	07_sov_gn_ac_d_no	sov	gn	nom-acc	deranking	nomn	sov	SV	APV	100	2	0.02
3_2_clausal_S_marker	15_3_2_clausal_S_marker	fig:heatmap-15-clausal-s-marker	3.2 Clausal complement S marker	08_sov_gn_er_b_se	sov	gn	erg-abs	balancing	sent	sov	SV	APV	100	70	0.7
3_2_clausal_S_marker	15_3_2_clausal_S_marker	fig:heatmap-15-clausal-s-marker	3.2 Clausal complement S marker	09_sov_gn_er_b_pa	sov	gn	erg-abs	balancing	poss-acc	sov	SV	APV	100	70	0.7
3_2_clausal_S_marker	15_3_2_clausal_S_marker	fig:heatmap-15-clausal-s-marker	3.2 Clausal complement S marker	10_sov_gn_er_b_ep	sov	gn	erg-abs	balancing	erg-poss	sov	SV	APV	100	70	0.7
3_2_clausal_S_marker	15_3_2_clausal_S_marker	fig:heatmap-15-clausal-s-marker	3.2 Clausal complement S marker	11_sov_gn_er_b_no	sov	gn	erg-abs	balancing	nomn	sov	SV	APV	100	70	0.7
3_2_clausal_S_marker	15_3_2_clausal_S_marker	fig:heatmap-15-clausal-s-marker	3.2 Clausal complement S marker	12_sov_gn_er_d_se	sov	gn	erg-abs	deranking	sent	sov	SV	APV	100	55	0.55
3_2_clausal_S_marker	15_3_2_clausal_S_marker	fig:heatmap-15-clausal-s-marker	3.2 Clausal complement S marker	13_sov_gn_er_d_pa	sov	gn	erg-abs	deranking	poss-acc	sov	SV	APV	100	100	1.0
3_2_clausal_S_marker	15_3_2_clausal_S_marker	fig:heatmap-15-clausal-s-marker	3.2 Clausal complement S marker	14_sov_gn_er_d_ep	sov	gn	erg-abs	deranking	erg-poss	sov	SV	APV	100	100	1.0
3_2_clausal_S_marker	15_3_2_clausal_S_marker	fig:heatmap-15-clausal-s-marker	3.2 Clausal complement S marker	15_sov_gn_er_d_no	sov	gn	erg-abs	deranking	nomn	sov	SV	APV	100	100	1.0
3_2_clausal_S_marker	15_3_2_clausal_S_marker	fig:heatmap-15-clausal-s-marker	3.2 Clausal complement S marker	16_sov_ng_ac_b_se	sov	ng	nom-acc	balancing	sent	sov	SV	APV	100	4	0.04
3_2_clausal_S_marker	15_3_2_clausal_S_marker	fig:heatmap-15-clausal-s-marker	3.2 Clausal complement S marker	17_sov_ng_ac_b_pa	sov	ng	nom-acc	balancing	poss-acc	ovs	VS	PVA	100	4	0.04
3_2_clausal_S_marker	15_3_2_clausal_S_marker	fig:heatmap-15-clausal-s-marker	3.2 Clausal complement S marker	18_sov_ng_ac_b_ep	sov	ng	nom-acc	balancing	erg-poss	vos	VS	AVP	100	4	0.04
3_2_clausal_S_marker	15_3_2_clausal_S_marker	fig:heatmap-15-clausal-s-marker	3.2 Clausal complement S marker	19_sov_ng_ac_b_no	sov	ng	nom-acc	balancing	nomn	ovs	VS	PVA	100	4	0.04
3_2_clausal_S_marker	15_3_2_clausal_S_marker	fig:heatmap-15-clausal-s-marker	3.2 Clausal complement S marker	20_sov_ng_ac_d_se	sov	ng	nom-acc	deranking	sent	sov	SV	APV	100	99	0.99
3_2_clausal_S_marker	15_3_2_clausal_S_marker	fig:heatmap-15-clausal-s-marker	3.2 Clausal complement S marker	21_sov_ng_ac_d_pa	sov	ng	nom-acc	deranking	poss-acc	ovs	VS	PVA	100	4	0.04
3_2_clausal_S_marker	15_3_2_clausal_S_marker	fig:heatmap-15-clausal-s-marker	3.2 Clausal complement S marker	22_sov_ng_ac_d_ep	sov	ng	nom-acc	deranking	erg-poss	vos	VS	AVP	100	4	0.04
3_2_clausal_S_marker	15_3_2_clausal_S_marker	fig:heatmap-15-clausal-s-marker	3.2 Clausal complement S marker	23_sov_ng_ac_d_no	sov	ng	nom-acc	deranking	nomn	ovs	VS	PVA	100	4	0.04
3_2_clausal_S_marker	15_3_2_clausal_S_marker	fig:heatmap-15-clausal-s-marker	3.2 Clausal complement S marker	24_sov_ng_er_b_se	sov	ng	erg-abs	balancing	sent	sov	SV	APV	100	69	0.69
3_2_clausal_S_marker	15_3_2_clausal_S_marker	fig:heatmap-15-clausal-s-marker	3.2 Clausal complement S marker	25_sov_ng_er_b_pa	sov	ng	erg-abs	balancing	poss-acc	ovs	VS	PVA	100	70	0.7
3_2_clausal_S_marker	15_3_2_clausal_S_marker	fig:heatmap-15-clausal-s-marker	3.2 Clausal complement S marker	26_sov_ng_er_b_ep	sov	ng	erg-abs	balancing	erg-poss	vos	VS	AVP	100	70	0.7
3_2_clausal_S_marker	15_3_2_clausal_S_marker	fig:heatmap-15-clausal-s-marker	3.2 Clausal complement S marker	27_sov_ng_er_b_no	sov	ng	erg-abs	balancing	nomn	ovs	VS	PVA	100	70	0.7
3_2_clausal_S_marker	15_3_2_clausal_S_marker	fig:heatmap-15-clausal-s-marker	3.2 Clausal complement S marker	28_sov_ng_er_d_se	sov	ng	erg-abs	deranking	sent	sov	SV	APV	100	99	0.99
3_2_clausal_S_marker	15_3_2_clausal_S_marker	fig:heatmap-15-clausal-s-marker	3.2 Clausal complement S marker	29_sov_ng_er_d_pa	sov	ng	erg-abs	deranking	poss-acc	ovs	VS	PVA	100	100	1.0
3_2_clausal_S_marker	15_3_2_clausal_S_marker	fig:heatmap-15-clausal-s-marker	3.2 Clausal complement S marker	30_sov_ng_er_d_ep	sov	ng	erg-abs	deranking	erg-poss	vos	VS	AVP	100	100	1.0
3_2_clausal_S_marker	15_3_2_clausal_S_marker	fig:heatmap-15-clausal-s-marker	3.2 Clausal complement S marker	31_sov_ng_er_d_no	sov	ng	erg-abs	deranking	nomn	ovs	VS	PVA	100	100	1.0
3_2_clausal_S_marker	15_3_2_clausal_S_marker	fig:heatmap-15-clausal-s-marker	3.2 Clausal complement S marker	32_svo_gn_ac_b_se	svo	gn	nom-acc	balancing	sent	svo	SV	AVP	100	1	0.01
3_2_clausal_S_marker	15_3_2_clausal_S_marker	fig:heatmap-15-clausal-s-marker	3.2 Clausal complement S marker	33_svo_gn_ac_b_pa	svo	gn	nom-acc	balancing	poss-acc	svo	SV	AVP	100	1	0.01
3_2_clausal_S_marker	15_3_2_clausal_S_marker	fig:heatmap-15-clausal-s-marker	3.2 Clausal complement S marker	34_svo_gn_ac_b_ep	svo	gn	nom-acc	balancing	erg-poss	sov	SV	PVA	100	1	0.01
3_2_clausal_S_marker	15_3_2_clausal_S_marker	fig:heatmap-15-clausal-s-marker	3.2 Clausal complement S marker	35_svo_gn_ac_b_no	svo	gn	nom-acc	balancing	nomn	svo	SV	AVP	100	1	0.01
3_2_clausal_S_marker	15_3_2_clausal_S_marker	fig:heatmap-15-clausal-s-marker	3.2 Clausal complement S marker	36_svo_gn_ac_d_se	svo	gn	nom-acc	deranking	sent	svo	SV	AVP	100	1	0.01
3_2_clausal_S_marker	15_3_2_clausal_S_marker	fig:heatmap-15-clausal-s-marker	3.2 Clausal complement S marker	37_svo_gn_ac_d_pa	svo	gn	nom-acc	deranking	poss-acc	svo	SV	AVP	100	1	0.01
3_2_clausal_S_marker	15_3_2_clausal_S_marker	fig:heatmap-15-clausal-s-marker	3.2 Clausal complement S marker	38_svo_gn_ac_d_ep	svo	gn	nom-acc	deranking	erg-poss	sov	SV	PVA	100	1	0.01
3_2_clausal_S_marker	15_3_2_clausal_S_marker	fig:heatmap-15-clausal-s-marker	3.2 Clausal complement S marker	39_svo_gn_ac_d_no	svo	gn	nom-acc	deranking	nomn	svo	SV	AVP	100	1	0.01
3_2_clausal_S_marker	15_3_2_clausal_S_marker	fig:heatmap-15-clausal-s-marker	3.2 Clausal complement S marker	40_svo_gn_er_b_se	svo	gn	erg-abs	balancing	sent	svo	SV	AVP	100	70	0.7
3_2_clausal_S_marker	15_3_2_clausal_S_marker	fig:heatmap-15-clausal-s-marker	3.2 Clausal complement S marker	41_svo_gn_er_b_pa	svo	gn	erg-abs	balancing	poss-acc	svo	SV	AVP	100	70	0.7
3_2_clausal_S_marker	15_3_2_clausal_S_marker	fig:heatmap-15-clausal-s-marker	3.2 Clausal complement S marker	42_svo_gn_er_b_ep	svo	gn	erg-abs	balancing	erg-poss	sov	SV	PVA	100	70	0.7
3_2_clausal_S_marker	15_3_2_clausal_S_marker	fig:heatmap-15-clausal-s-marker	3.2 Clausal complement S marker	43_svo_gn_er_b_no	svo	gn	erg-abs	balancing	nomn	svo	SV	AVP	100	70	0.7
3_2_clausal_S_marker	15_3_2_clausal_S_marker	fig:heatmap-15-clausal-s-marker	3.2 Clausal complement S marker	44_svo_gn_er_d_se	svo	gn	erg-abs	deranking	sent	svo	SV	AVP	100	55	0.55
3_2_clausal_S_marker	15_3_2_clausal_S_marker	fig:heatmap-15-clausal-s-marker	3.2 Clausal complement S marker	45_svo_gn_er_d_pa	svo	gn	erg-abs	deranking	poss-acc	svo	SV	AVP	100	100	1.0
3_2_clausal_S_marker	15_3_2_clausal_S_marker	fig:heatmap-15-clausal-s-marker	3.2 Clausal complement S marker	46_svo_gn_er_d_ep	svo	gn	erg-abs	deranking	erg-poss	sov	SV	PVA	100	100	1.0
3_2_clausal_S_marker	15_3_2_clausal_S_marker	fig:heatmap-15-clausal-s-marker	3.2 Clausal complement S marker	47_svo_gn_er_d_no	svo	gn	erg-abs	deranking	nomn	svo	SV	AVP	100	100	1.0
3_2_clausal_S_marker	15_3_2_clausal_S_marker	fig:heatmap-15-clausal-s-marker	3.2 Clausal complement S marker	48_svo_ng_ac_b_se	svo	ng	nom-acc	balancing	sent	svo	SV	AVP	100	3	0.03
3_2_clausal_S_marker	15_3_2_clausal_S_marker	fig:heatmap-15-clausal-s-marker	3.2 Clausal complement S marker	49_svo_ng_ac_b_pa	svo	ng	nom-acc	balancing	poss-acc	vos	VS	VPA	100	1	0.01
3_2_clausal_S_marker	15_3_2_clausal_S_marker	fig:heatmap-15-clausal-s-marker	3.2 Clausal complement S marker	50_svo_ng_ac_b_ep	svo	ng	nom-acc	balancing	erg-poss	vos	VS	VPA	100	1	0.01
3_2_clausal_S_marker	15_3_2_clausal_S_marker	fig:heatmap-15-clausal-s-marker	3.2 Clausal complement S marker	51_svo_ng_ac_b_no	svo	ng	nom-acc	balancing	nomn	vos	VS	VPA	100	1	0.01
3_2_clausal_S_marker	15_3_2_clausal_S_marker	fig:heatmap-15-clausal-s-marker	3.2 Clausal complement S marker	52_svo_ng_ac_d_se	svo	ng	nom-acc	deranking	sent	svo	SV	AVP	100	1	0.01
3_2_clausal_S_marker	15_3_2_clausal_S_marker	fig:heatmap-15-clausal-s-marker	3.2 Clausal complement S marker	53_svo_ng_ac_d_pa	svo	ng	nom-acc	deranking	poss-acc	vos	VS	VPA	100	1	0.01
3_2_clausal_S_marker	15_3_2_clausal_S_marker	fig:heatmap-15-clausal-s-marker	3.2 Clausal complement S marker	54_svo_ng_ac_d_ep	svo	ng	nom-acc	deranking	erg-poss	vos	VS	VPA	100	1	0.01
3_2_clausal_S_marker	15_3_2_clausal_S_marker	fig:heatmap-15-clausal-s-marker	3.2 Clausal complement S marker	55_svo_ng_ac_d_no	svo	ng	nom-acc	deranking	nomn	vos	VS	VPA	100	1	0.01
3_2_clausal_S_marker	15_3_2_clausal_S_marker	fig:heatmap-15-clausal-s-marker	3.2 Clausal complement S marker	56_svo_ng_er_b_se	svo	ng	erg-abs	balancing	sent	svo	SV	AVP	100	1	0.01
3_2_clausal_S_marker	15_3_2_clausal_S_marker	fig:heatmap-15-clausal-s-marker	3.2 Clausal complement S marker	57_svo_ng_er_b_pa	svo	ng	erg-abs	balancing	poss-acc	vos	VS	VPA	100	1	0.01
3_2_clausal_S_marker	15_3_2_clausal_S_marker	fig:heatmap-15-clausal-s-marker	3.2 Clausal complement S marker	58_svo_ng_er_b_ep	svo	ng	erg-abs	balancing	erg-poss	vos	VS	VPA	100	1	0.01
3_2_clausal_S_marker	15_3_2_clausal_S_marker	fig:heatmap-15-clausal-s-marker	3.2 Clausal complement S marker	59_svo_ng_er_b_no	svo	ng	erg-abs	balancing	nomn	vos	VS	VPA	100	1	0.01
3_2_clausal_S_marker	15_3_2_clausal_S_marker	fig:heatmap-15-clausal-s-marker	3.2 Clausal complement S marker	60_svo_ng_er_d_se	svo	ng	erg-abs	deranking	sent	svo	SV	AVP	100	1	0.01
3_2_clausal_S_marker	15_3_2_clausal_S_marker	fig:heatmap-15-clausal-s-marker	3.2 Clausal complement S marker	61_svo_ng_er_d_pa	svo	ng	erg-abs	deranking	poss-acc	vos	VS	VPA	100	1	0.01
3_2_clausal_S_marker	15_3_2_clausal_S_marker	fig:heatmap-15-clausal-s-marker	3.2 Clausal complement S marker	62_svo_ng_er_d_ep	svo	ng	erg-abs	deranking	erg-poss	vos	VS	VPA	100	1	0.01
3_2_clausal_S_marker	15_3_2_clausal_S_marker	fig:heatmap-15-clausal-s-marker	3.2 Clausal complement S marker	63_svo_ng_er_d_no	svo	ng	erg-abs	deranking	nomn	vos	VS	VPA	100	1	0.01
3_2_clausal_S_marker	15_3_2_clausal_S_marker	fig:heatmap-15-clausal-s-marker	3.2 Clausal complement S marker	64_vos_gn_ac_b_se	vos	gn	nom-acc	balancing	sent	vos	VS	VPA	100	4	0.04
3_2_clausal_S_marker	15_3_2_clausal_S_marker	fig:heatmap-15-clausal-s-marker	3.2 Clausal complement S marker	65_vos_gn_ac_b_pa	vos	gn	nom-acc	balancing	poss-acc	svo	SV	AVP	100	4	0.04
3_2_clausal_S_marker	15_3_2_clausal_S_marker	fig:heatmap-15-clausal-s-marker	3.2 Clausal complement S marker	66_vos_gn_ac_b_ep	vos	gn	nom-acc	balancing	erg-poss	sov	SV	PVA	100	4	0.04
3_2_clausal_S_marker	15_3_2_clausal_S_marker	fig:heatmap-15-clausal-s-marker	3.2 Clausal complement S marker	67_vos_gn_ac_b_no	vos	gn	nom-acc	balancing	nomn	svo	SV	AVP	100	4	0.04
3_2_clausal_S_marker	15_3_2_clausal_S_marker	fig:heatmap-15-clausal-s-marker	3.2 Clausal complement S marker	68_vos_gn_ac_d_se	vos	gn	nom-acc	deranking	sent	vos	VS	VPA	100	99	0.99
3_2_clausal_S_marker	15_3_2_clausal_S_marker	fig:heatmap-15-clausal-s-marker	3.2 Clausal complement S marker	69_vos_gn_ac_d_pa	vos	gn	nom-acc	deranking	poss-acc	svo	SV	AVP	100	4	0.04
3_2_clausal_S_marker	15_3_2_clausal_S_marker	fig:heatmap-15-clausal-s-marker	3.2 Clausal complement S marker	70_vos_gn_ac_d_ep	vos	gn	nom-acc	deranking	erg-poss	sov	SV	PVA	100	4	0.04
3_2_clausal_S_marker	15_3_2_clausal_S_marker	fig:heatmap-15-clausal-s-marker	3.2 Clausal complement S marker	71_vos_gn_ac_d_no	vos	gn	nom-acc	deranking	nomn	svo	SV	AVP	100	4	0.04
3_2_clausal_S_marker	15_3_2_clausal_S_marker	fig:heatmap-15-clausal-s-marker	3.2 Clausal complement S marker	72_vos_gn_er_b_se	vos	gn	erg-abs	balancing	sent	vos	VS	VPA	100	69	0.69
3_2_clausal_S_marker	15_3_2_clausal_S_marker	fig:heatmap-15-clausal-s-marker	3.2 Clausal complement S marker	73_vos_gn_er_b_pa	vos	gn	erg-abs	balancing	poss-acc	svo	SV	AVP	100	70	0.7
3_2_clausal_S_marker	15_3_2_clausal_S_marker	fig:heatmap-15-clausal-s-marker	3.2 Clausal complement S marker	74_vos_gn_er_b_ep	vos	gn	erg-abs	balancing	erg-poss	sov	SV	PVA	100	70	0.7
3_2_clausal_S_marker	15_3_2_clausal_S_marker	fig:heatmap-15-clausal-s-marker	3.2 Clausal complement S marker	75_vos_gn_er_b_no	vos	gn	erg-abs	balancing	nomn	svo	SV	AVP	100	70	0.7
3_2_clausal_S_marker	15_3_2_clausal_S_marker	fig:heatmap-15-clausal-s-marker	3.2 Clausal complement S marker	76_vos_gn_er_d_se	vos	gn	erg-abs	deranking	sent	vos	VS	VPA	100	99	0.99
3_2_clausal_S_marker	15_3_2_clausal_S_marker	fig:heatmap-15-clausal-s-marker	3.2 Clausal complement S marker	77_vos_gn_er_d_pa	vos	gn	erg-abs	deranking	poss-acc	svo	SV	AVP	100	100	1.0
3_2_clausal_S_marker	15_3_2_clausal_S_marker	fig:heatmap-15-clausal-s-marker	3.2 Clausal complement S marker	78_vos_gn_er_d_ep	vos	gn	erg-abs	deranking	erg-poss	sov	SV	PVA	100	100	1.0
3_2_clausal_S_marker	15_3_2_clausal_S_marker	fig:heatmap-15-clausal-s-marker	3.2 Clausal complement S marker	79_vos_gn_er_d_no	vos	gn	erg-abs	deranking	nomn	svo	SV	AVP	100	100	1.0
3_2_clausal_S_marker	15_3_2_clausal_S_marker	fig:heatmap-15-clausal-s-marker	3.2 Clausal complement S marker	80_vos_ng_ac_b_se	vos	ng	nom-acc	balancing	sent	vos	VS	VPA	100	4	0.04
3_2_clausal_S_marker	15_3_2_clausal_S_marker	fig:heatmap-15-clausal-s-marker	3.2 Clausal complement S marker	81_vos_ng_ac_b_pa	vos	ng	nom-acc	balancing	poss-acc	vos	VS	VPA	100	2	0.02
3_2_clausal_S_marker	15_3_2_clausal_S_marker	fig:heatmap-15-clausal-s-marker	3.2 Clausal complement S marker	82_vos_ng_ac_b_ep	vos	ng	nom-acc	balancing	erg-poss	vos	VS	VPA	100	2	0.02
3_2_clausal_S_marker	15_3_2_clausal_S_marker	fig:heatmap-15-clausal-s-marker	3.2 Clausal complement S marker	83_vos_ng_ac_b_no	vos	ng	nom-acc	balancing	nomn	vos	VS	VPA	100	2	0.02
3_2_clausal_S_marker	15_3_2_clausal_S_marker	fig:heatmap-15-clausal-s-marker	3.2 Clausal complement S marker	84_vos_ng_ac_d_se	vos	ng	nom-acc	deranking	sent	vos	VS	VPA	100	4	0.04
3_2_clausal_S_marker	15_3_2_clausal_S_marker	fig:heatmap-15-clausal-s-marker	3.2 Clausal complement S marker	85_vos_ng_ac_d_pa	vos	ng	nom-acc	deranking	poss-acc	vos	VS	VPA	100	2	0.02
3_2_clausal_S_marker	15_3_2_clausal_S_marker	fig:heatmap-15-clausal-s-marker	3.2 Clausal complement S marker	86_vos_ng_ac_d_ep	vos	ng	nom-acc	deranking	erg-poss	vos	VS	VPA	100	2	0.02
3_2_clausal_S_marker	15_3_2_clausal_S_marker	fig:heatmap-15-clausal-s-marker	3.2 Clausal complement S marker	87_vos_ng_ac_d_no	vos	ng	nom-acc	deranking	nomn	vos	VS	VPA	100	2	0.02
3_2_clausal_S_marker	15_3_2_clausal_S_marker	fig:heatmap-15-clausal-s-marker	3.2 Clausal complement S marker	88_vos_ng_er_b_se	vos	ng	erg-abs	balancing	sent	vos	VS	VPA	100	70	0.7
3_2_clausal_S_marker	15_3_2_clausal_S_marker	fig:heatmap-15-clausal-s-marker	3.2 Clausal complement S marker	89_vos_ng_er_b_pa	vos	ng	erg-abs	balancing	poss-acc	vos	VS	VPA	100	70	0.7
3_2_clausal_S_marker	15_3_2_clausal_S_marker	fig:heatmap-15-clausal-s-marker	3.2 Clausal complement S marker	90_vos_ng_er_b_ep	vos	ng	erg-abs	balancing	erg-poss	vos	VS	VPA	100	70	0.7
3_2_clausal_S_marker	15_3_2_clausal_S_marker	fig:heatmap-15-clausal-s-marker	3.2 Clausal complement S marker	91_vos_ng_er_b_no	vos	ng	erg-abs	balancing	nomn	vos	VS	VPA	100	70	0.7
3_2_clausal_S_marker	15_3_2_clausal_S_marker	fig:heatmap-15-clausal-s-marker	3.2 Clausal complement S marker	92_vos_ng_er_d_se	vos	ng	erg-abs	deranking	sent	vos	VS	VPA	100	55	0.55
3_2_clausal_S_marker	15_3_2_clausal_S_marker	fig:heatmap-15-clausal-s-marker	3.2 Clausal complement S marker	93_vos_ng_er_d_pa	vos	ng	erg-abs	deranking	poss-acc	vos	VS	VPA	100	100	1.0
3_2_clausal_S_marker	15_3_2_clausal_S_marker	fig:heatmap-15-clausal-s-marker	3.2 Clausal complement S marker	94_vos_ng_er_d_ep	vos	ng	erg-abs	deranking	erg-poss	vos	VS	VPA	100	100	1.0
3_2_clausal_S_marker	15_3_2_clausal_S_marker	fig:heatmap-15-clausal-s-marker	3.2 Clausal complement S marker	95_vos_ng_er_d_no	vos	ng	erg-abs	deranking	nomn	vos	VS	VPA	100	100	1.0
3_3_clausal_A_marker	16_3_3_clausal_A_marker	fig:heatmap-16-clausal-a-marker	3.3 Clausal complement A marker	00_sov_gn_ac_b_se	sov	gn	nom-acc	balancing	sent	sov	SV	APV	100	0	0.0
3_3_clausal_A_marker	16_3_3_clausal_A_marker	fig:heatmap-16-clausal-a-marker	3.3 Clausal complement A marker	01_sov_gn_ac_b_pa	sov	gn	nom-acc	balancing	poss-acc	sov	SV	APV	100	0	0.0
3_3_clausal_A_marker	16_3_3_clausal_A_marker	fig:heatmap-16-clausal-a-marker	3.3 Clausal complement A marker	02_sov_gn_ac_b_ep	sov	gn	nom-acc	balancing	erg-poss	sov	SV	APV	100	0	0.0
3_3_clausal_A_marker	16_3_3_clausal_A_marker	fig:heatmap-16-clausal-a-marker	3.3 Clausal complement A marker	03_sov_gn_ac_b_no	sov	gn	nom-acc	balancing	nomn	sov	SV	APV	100	0	0.0
3_3_clausal_A_marker	16_3_3_clausal_A_marker	fig:heatmap-16-clausal-a-marker	3.3 Clausal complement A marker	04_sov_gn_ac_d_se	sov	gn	nom-acc	deranking	sent	sov	SV	APV	100	96	0.96
3_3_clausal_A_marker	16_3_3_clausal_A_marker	fig:heatmap-16-clausal-a-marker	3.3 Clausal complement A marker	05_sov_gn_ac_d_pa	sov	gn	nom-acc	deranking	poss-acc	sov	SV	APV	100	0	0.0
3_3_clausal_A_marker	16_3_3_clausal_A_marker	fig:heatmap-16-clausal-a-marker	3.3 Clausal complement A marker	06_sov_gn_ac_d_ep	sov	gn	nom-acc	deranking	erg-poss	sov	SV	APV	100	0	0.0
3_3_clausal_A_marker	16_3_3_clausal_A_marker	fig:heatmap-16-clausal-a-marker	3.3 Clausal complement A marker	07_sov_gn_ac_d_no	sov	gn	nom-acc	deranking	nomn	sov	SV	APV	100	0	0.0
3_3_clausal_A_marker	16_3_3_clausal_A_marker	fig:heatmap-16-clausal-a-marker	3.3 Clausal complement A marker	08_sov_gn_er_b_se	sov	gn	erg-abs	balancing	sent	sov	SV	APV	100	95	0.95
3_3_clausal_A_marker	16_3_3_clausal_A_marker	fig:heatmap-16-clausal-a-marker	3.3 Clausal complement A marker	09_sov_gn_er_b_pa	sov	gn	erg-abs	balancing	poss-acc	sov	SV	APV	100	99	0.99
3_3_clausal_A_marker	16_3_3_clausal_A_marker	fig:heatmap-16-clausal-a-marker	3.3 Clausal complement A marker	10_sov_gn_er_b_ep	sov	gn	erg-abs	balancing	erg-poss	sov	SV	APV	100	9	0.09
3_3_clausal_A_marker	16_3_3_clausal_A_marker	fig:heatmap-16-clausal-a-marker	3.3 Clausal complement A marker	11_sov_gn_er_b_no	sov	gn	erg-abs	balancing	nomn	sov	SV	APV	100	99	0.99
3_3_clausal_A_marker	16_3_3_clausal_A_marker	fig:heatmap-16-clausal-a-marker	3.3 Clausal complement A marker	12_sov_gn_er_d_se	sov	gn	erg-abs	deranking	sent	sov	SV	APV	100	96	0.96
3_3_clausal_A_marker	16_3_3_clausal_A_marker	fig:heatmap-16-clausal-a-marker	3.3 Clausal complement A marker	13_sov_gn_er_d_pa	sov	gn	erg-abs	deranking	poss-acc	sov	SV	APV	100	100	1.0
3_3_clausal_A_marker	16_3_3_clausal_A_marker	fig:heatmap-16-clausal-a-marker	3.3 Clausal complement A marker	14_sov_gn_er_d_ep	sov	gn	erg-abs	deranking	erg-poss	sov	SV	APV	100	10	0.1
3_3_clausal_A_marker	16_3_3_clausal_A_marker	fig:heatmap-16-clausal-a-marker	3.3 Clausal complement A marker	15_sov_gn_er_d_no	sov	gn	erg-abs	deranking	nomn	sov	SV	APV	100	99	0.99
3_3_clausal_A_marker	16_3_3_clausal_A_marker	fig:heatmap-16-clausal-a-marker	3.3 Clausal complement A marker	16_sov_ng_ac_b_se	sov	ng	nom-acc	balancing	sent	sov	SV	APV	100	0	0.0
3_3_clausal_A_marker	16_3_3_clausal_A_marker	fig:heatmap-16-clausal-a-marker	3.3 Clausal complement A marker	17_sov_ng_ac_b_pa	sov	ng	nom-acc	balancing	poss-acc	ovs	VS	PVA	100	0	0.0
3_3_clausal_A_marker	16_3_3_clausal_A_marker	fig:heatmap-16-clausal-a-marker	3.3 Clausal complement A marker	18_sov_ng_ac_b_ep	sov	ng	nom-acc	balancing	erg-poss	vos	VS	AVP	100	0	0.0
3_3_clausal_A_marker	16_3_3_clausal_A_marker	fig:heatmap-16-clausal-a-marker	3.3 Clausal complement A marker	19_sov_ng_ac_b_no	sov	ng	nom-acc	balancing	nomn	ovs	VS	PVA	100	0	0.0
3_3_clausal_A_marker	16_3_3_clausal_A_marker	fig:heatmap-16-clausal-a-marker	3.3 Clausal complement A marker	20_sov_ng_ac_d_se	sov	ng	nom-acc	deranking	sent	sov	SV	APV	100	99	0.99
3_3_clausal_A_marker	16_3_3_clausal_A_marker	fig:heatmap-16-clausal-a-marker	3.3 Clausal complement A marker	21_sov_ng_ac_d_pa	sov	ng	nom-acc	deranking	poss-acc	ovs	VS	PVA	100	0	0.0
3_3_clausal_A_marker	16_3_3_clausal_A_marker	fig:heatmap-16-clausal-a-marker	3.3 Clausal complement A marker	22_sov_ng_ac_d_ep	sov	ng	nom-acc	deranking	erg-poss	vos	VS	AVP	100	0	0.0
3_3_clausal_A_marker	16_3_3_clausal_A_marker	fig:heatmap-16-clausal-a-marker	3.3 Clausal complement A marker	23_sov_ng_ac_d_no	sov	ng	nom-acc	deranking	nomn	ovs	VS	PVA	100	0	0.0
3_3_clausal_A_marker	16_3_3_clausal_A_marker	fig:heatmap-16-clausal-a-marker	3.3 Clausal complement A marker	24_sov_ng_er_b_se	sov	ng	erg-abs	balancing	sent	sov	SV	APV	100	98	0.98
3_3_clausal_A_marker	16_3_3_clausal_A_marker	fig:heatmap-16-clausal-a-marker	3.3 Clausal complement A marker	25_sov_ng_er_b_pa	sov	ng	erg-abs	balancing	poss-acc	ovs	VS	PVA	100	99	0.99
3_3_clausal_A_marker	16_3_3_clausal_A_marker	fig:heatmap-16-clausal-a-marker	3.3 Clausal complement A marker	26_sov_ng_er_b_ep	sov	ng	erg-abs	balancing	erg-poss	vos	VS	AVP	100	9	0.09
3_3_clausal_A_marker	16_3_3_clausal_A_marker	fig:heatmap-16-clausal-a-marker	3.3 Clausal complement A marker	27_sov_ng_er_b_no	sov	ng	erg-abs	balancing	nomn	ovs	VS	PVA	100	99	0.99
3_3_clausal_A_marker	16_3_3_clausal_A_marker	fig:heatmap-16-clausal-a-marker	3.3 Clausal complement A marker	28_sov_ng_er_d_se	sov	ng	erg-abs	deranking	sent	sov	SV	APV	100	99	0.99
3_3_clausal_A_marker	16_3_3_clausal_A_marker	fig:heatmap-16-clausal-a-marker	3.3 Clausal complement A marker	29_sov_ng_er_d_pa	sov	ng	erg-abs	deranking	poss-acc	ovs	VS	PVA	100	100	1.0
3_3_clausal_A_marker	16_3_3_clausal_A_marker	fig:heatmap-16-clausal-a-marker	3.3 Clausal complement A marker	30_sov_ng_er_d_ep	sov	ng	erg-abs	deranking	erg-poss	vos	VS	AVP	100	10	0.1
3_3_clausal_A_marker	16_3_3_clausal_A_marker	fig:heatmap-16-clausal-a-marker	3.3 Clausal complement A marker	31_sov_ng_er_d_no	sov	ng	erg-abs	deranking	nomn	ovs	VS	PVA	100	99	0.99
3_3_clausal_A_marker	16_3_3_clausal_A_marker	fig:heatmap-16-clausal-a-marker	3.3 Clausal complement A marker	32_svo_gn_ac_b_se	svo	gn	nom-acc	balancing	sent	svo	SV	AVP	100	3	0.03
3_3_clausal_A_marker	16_3_3_clausal_A_marker	fig:heatmap-16-clausal-a-marker	3.3 Clausal complement A marker	33_svo_gn_ac_b_pa	svo	gn	nom-acc	balancing	poss-acc	svo	SV	AVP	100	0	0.0
3_3_clausal_A_marker	16_3_3_clausal_A_marker	fig:heatmap-16-clausal-a-marker	3.3 Clausal complement A marker	34_svo_gn_ac_b_ep	svo	gn	nom-acc	balancing	erg-poss	sov	SV	PVA	100	0	0.0
3_3_clausal_A_marker	16_3_3_clausal_A_marker	fig:heatmap-16-clausal-a-marker	3.3 Clausal complement A marker	35_svo_gn_ac_b_no	svo	gn	nom-acc	balancing	nomn	svo	SV	AVP	100	0	0.0
3_3_clausal_A_marker	16_3_3_clausal_A_marker	fig:heatmap-16-clausal-a-marker	3.3 Clausal complement A marker	36_svo_gn_ac_d_se	svo	gn	nom-acc	deranking	sent	svo	SV	AVP	100	2	0.02
3_3_clausal_A_marker	16_3_3_clausal_A_marker	fig:heatmap-16-clausal-a-marker	3.3 Clausal complement A marker	37_svo_gn_ac_d_pa	svo	gn	nom-acc	deranking	poss-acc	svo	SV	AVP	100	0	0.0
3_3_clausal_A_marker	16_3_3_clausal_A_marker	fig:heatmap-16-clausal-a-marker	3.3 Clausal complement A marker	38_svo_gn_ac_d_ep	svo	gn	nom-acc	deranking	erg-poss	sov	SV	PVA	100	0	0.0
3_3_clausal_A_marker	16_3_3_clausal_A_marker	fig:heatmap-16-clausal-a-marker	3.3 Clausal complement A marker	39_svo_gn_ac_d_no	svo	gn	nom-acc	deranking	nomn	svo	SV	AVP	100	0	0.0
3_3_clausal_A_marker	16_3_3_clausal_A_marker	fig:heatmap-16-clausal-a-marker	3.3 Clausal complement A marker	40_svo_gn_er_b_se	svo	gn	erg-abs	balancing	sent	svo	SV	AVP	100	3	0.03
3_3_clausal_A_marker	16_3_3_clausal_A_marker	fig:heatmap-16-clausal-a-marker	3.3 Clausal complement A marker	41_svo_gn_er_b_pa	svo	gn	erg-abs	balancing	poss-acc	svo	SV	AVP	100	1	0.01
3_3_clausal_A_marker	16_3_3_clausal_A_marker	fig:heatmap-16-clausal-a-marker	3.3 Clausal complement A marker	42_svo_gn_er_b_ep	svo	gn	erg-abs	balancing	erg-poss	sov	SV	PVA	100	0	0.0
3_3_clausal_A_marker	16_3_3_clausal_A_marker	fig:heatmap-16-clausal-a-marker	3.3 Clausal complement A marker	43_svo_gn_er_b_no	svo	gn	erg-abs	balancing	nomn	svo	SV	AVP	100	1	0.01
3_3_clausal_A_marker	16_3_3_clausal_A_marker	fig:heatmap-16-clausal-a-marker	3.3 Clausal complement A marker	44_svo_gn_er_d_se	svo	gn	erg-abs	deranking	sent	svo	SV	AVP	100	2	0.02
3_3_clausal_A_marker	16_3_3_clausal_A_marker	fig:heatmap-16-clausal-a-marker	3.3 Clausal complement A marker	45_svo_gn_er_d_pa	svo	gn	erg-abs	deranking	poss-acc	svo	SV	AVP	100	100	1.0
3_3_clausal_A_marker	16_3_3_clausal_A_marker	fig:heatmap-16-clausal-a-marker	3.3 Clausal complement A marker	46_svo_gn_er_d_ep	svo	gn	erg-abs	deranking	erg-poss	sov	SV	PVA	100	0	0.0
3_3_clausal_A_marker	16_3_3_clausal_A_marker	fig:heatmap-16-clausal-a-marker	3.3 Clausal complement A marker	47_svo_gn_er_d_no	svo	gn	erg-abs	deranking	nomn	svo	SV	AVP	100	10	0.1
3_3_clausal_A_marker	16_3_3_clausal_A_marker	fig:heatmap-16-clausal-a-marker	3.3 Clausal complement A marker	48_svo_ng_ac_b_se	svo	ng	nom-acc	balancing	sent	svo	SV	AVP	100	0	0.0
3_3_clausal_A_marker	16_3_3_clausal_A_marker	fig:heatmap-16-clausal-a-marker	3.3 Clausal complement A marker	49_svo_ng_ac_b_pa	svo	ng	nom-acc	balancing	poss-acc	vos	VS	VPA	100	0	0.0
3_3_clausal_A_marker	16_3_3_clausal_A_marker	fig:heatmap-16-clausal-a-marker	3.3 Clausal complement A marker	50_svo_ng_ac_b_ep	svo	ng	nom-acc	balancing	erg-poss	vos	VS	VPA	100	0	0.0
3_3_clausal_A_marker	16_3_3_clausal_A_marker	fig:heatmap-16-clausal-a-marker	3.3 Clausal complement A marker	51_svo_ng_ac_b_no	svo	ng	nom-acc	balancing	nomn	vos	VS	VPA	100	0	0.0
3_3_clausal_A_marker	16_3_3_clausal_A_marker	fig:heatmap-16-clausal-a-marker	3.3 Clausal complement A marker	52_svo_ng_ac_d_se	svo	ng	nom-acc	deranking	sent	svo	SV	AVP	100	0	0.0
3_3_clausal_A_marker	16_3_3_clausal_A_marker	fig:heatmap-16-clausal-a-marker	3.3 Clausal complement A marker	53_svo_ng_ac_d_pa	svo	ng	nom-acc	deranking	poss-acc	vos	VS	VPA	100	0	0.0
3_3_clausal_A_marker	16_3_3_clausal_A_marker	fig:heatmap-16-clausal-a-marker	3.3 Clausal complement A marker	54_svo_ng_ac_d_ep	svo	ng	nom-acc	deranking	erg-poss	vos	VS	VPA	100	0	0.0
3_3_clausal_A_marker	16_3_3_clausal_A_marker	fig:heatmap-16-clausal-a-marker	3.3 Clausal complement A marker	55_svo_ng_ac_d_no	svo	ng	nom-acc	deranking	nomn	vos	VS	VPA	100	0	0.0
3_3_clausal_A_marker	16_3_3_clausal_A_marker	fig:heatmap-16-clausal-a-marker	3.3 Clausal complement A marker	56_svo_ng_er_b_se	svo	ng	erg-abs	balancing	sent	svo	SV	AVP	100	0	0.0
3_3_clausal_A_marker	16_3_3_clausal_A_marker	fig:heatmap-16-clausal-a-marker	3.3 Clausal complement A marker	57_svo_ng_er_b_pa	svo	ng	erg-abs	balancing	poss-acc	vos	VS	VPA	100	0	0.0
3_3_clausal_A_marker	16_3_3_clausal_A_marker	fig:heatmap-16-clausal-a-marker	3.3 Clausal complement A marker	58_svo_ng_er_b_ep	svo	ng	erg-abs	balancing	erg-poss	vos	VS	VPA	100	0	0.0
3_3_clausal_A_marker	16_3_3_clausal_A_marker	fig:heatmap-16-clausal-a-marker	3.3 Clausal complement A marker	59_svo_ng_er_b_no	svo	ng	erg-abs	balancing	nomn	vos	VS	VPA	100	0	0.0
3_3_clausal_A_marker	16_3_3_clausal_A_marker	fig:heatmap-16-clausal-a-marker	3.3 Clausal complement A marker	60_svo_ng_er_d_se	svo	ng	erg-abs	deranking	sent	svo	SV	AVP	100	0	0.0
3_3_clausal_A_marker	16_3_3_clausal_A_marker	fig:heatmap-16-clausal-a-marker	3.3 Clausal complement A marker	61_svo_ng_er_d_pa	svo	ng	erg-abs	deranking	poss-acc	vos	VS	VPA	100	0	0.0
3_3_clausal_A_marker	16_3_3_clausal_A_marker	fig:heatmap-16-clausal-a-marker	3.3 Clausal complement A marker	62_svo_ng_er_d_ep	svo	ng	erg-abs	deranking	erg-poss	vos	VS	VPA	100	0	0.0
3_3_clausal_A_marker	16_3_3_clausal_A_marker	fig:heatmap-16-clausal-a-marker	3.3 Clausal complement A marker	63_svo_ng_er_d_no	svo	ng	erg-abs	deranking	nomn	vos	VS	VPA	100	0	0.0
3_3_clausal_A_marker	16_3_3_clausal_A_marker	fig:heatmap-16-clausal-a-marker	3.3 Clausal complement A marker	64_vos_gn_ac_b_se	vos	gn	nom-acc	balancing	sent	vos	VS	VPA	100	0	0.0
3_3_clausal_A_marker	16_3_3_clausal_A_marker	fig:heatmap-16-clausal-a-marker	3.3 Clausal complement A marker	65_vos_gn_ac_b_pa	vos	gn	nom-acc	balancing	poss-acc	svo	SV	AVP	100	0	0.0
3_3_clausal_A_marker	16_3_3_clausal_A_marker	fig:heatmap-16-clausal-a-marker	3.3 Clausal complement A marker	66_vos_gn_ac_b_ep	vos	gn	nom-acc	balancing	erg-poss	sov	SV	PVA	100	0	0.0
3_3_clausal_A_marker	16_3_3_clausal_A_marker	fig:heatmap-16-clausal-a-marker	3.3 Clausal complement A marker	67_vos_gn_ac_b_no	vos	gn	nom-acc	balancing	nomn	svo	SV	AVP	100	0	0.0
3_3_clausal_A_marker	16_3_3_clausal_A_marker	fig:heatmap-16-clausal-a-marker	3.3 Clausal complement A marker	68_vos_gn_ac_d_se	vos	gn	nom-acc	deranking	sent	vos	VS	VPA	100	99	0.99
3_3_clausal_A_marker	16_3_3_clausal_A_marker	fig:heatmap-16-clausal-a-marker	3.3 Clausal complement A marker	69_vos_gn_ac_d_pa	vos	gn	nom-acc	deranking	poss-acc	svo	SV	AVP	100	0	0.0
3_3_clausal_A_marker	16_3_3_clausal_A_marker	fig:heatmap-16-clausal-a-marker	3.3 Clausal complement A marker	70_vos_gn_ac_d_ep	vos	gn	nom-acc	deranking	erg-poss	sov	SV	PVA	100	0	0.0
3_3_clausal_A_marker	16_3_3_clausal_A_marker	fig:heatmap-16-clausal-a-marker	3.3 Clausal complement A marker	71_vos_gn_ac_d_no	vos	gn	nom-acc	deranking	nomn	svo	SV	AVP	100	0	0.0
3_3_clausal_A_marker	16_3_3_clausal_A_marker	fig:heatmap-16-clausal-a-marker	3.3 Clausal complement A marker	72_vos_gn_er_b_se	vos	gn	erg-abs	balancing	sent	vos	VS	VPA	100	98	0.98
3_3_clausal_A_marker	16_3_3_clausal_A_marker	fig:heatmap-16-clausal-a-marker	3.3 Clausal complement A marker	73_vos_gn_er_b_pa	vos	gn	erg-abs	balancing	poss-acc	svo	SV	AVP	100	99	0.99
3_3_clausal_A_marker	16_3_3_clausal_A_marker	fig:heatmap-16-clausal-a-marker	3.3 Clausal complement A marker	74_vos_gn_er_b_ep	vos	gn	erg-abs	balancing	erg-poss	sov	SV	PVA	100	9	0.09
3_3_clausal_A_marker	16_3_3_clausal_A_marker	fig:heatmap-16-clausal-a-marker	3.3 Clausal complement A marker	75_vos_gn_er_b_no	vos	gn	erg-abs	balancing	nomn	svo	SV	AVP	100	99	0.99
3_3_clausal_A_marker	16_3_3_clausal_A_marker	fig:heatmap-16-clausal-a-marker	3.3 Clausal complement A marker	76_vos_gn_er_d_se	vos	gn	erg-abs	deranking	sent	vos	VS	VPA	100	99	0.99
3_3_clausal_A_marker	16_3_3_clausal_A_marker	fig:heatmap-16-clausal-a-marker	3.3 Clausal complement A marker	77_vos_gn_er_d_pa	vos	gn	erg-abs	deranking	poss-acc	svo	SV	AVP	100	100	1.0
3_3_clausal_A_marker	16_3_3_clausal_A_marker	fig:heatmap-16-clausal-a-marker	3.3 Clausal complement A marker	78_vos_gn_er_d_ep	vos	gn	erg-abs	deranking	erg-poss	sov	SV	PVA	100	10	0.1
3_3_clausal_A_marker	16_3_3_clausal_A_marker	fig:heatmap-16-clausal-a-marker	3.3 Clausal complement A marker	79_vos_gn_er_d_no	vos	gn	erg-abs	deranking	nomn	svo	SV	AVP	100	99	0.99
3_3_clausal_A_marker	16_3_3_clausal_A_marker	fig:heatmap-16-clausal-a-marker	3.3 Clausal complement A marker	80_vos_ng_ac_b_se	vos	ng	nom-acc	balancing	sent	vos	VS	VPA	100	0	0.0
3_3_clausal_A_marker	16_3_3_clausal_A_marker	fig:heatmap-16-clausal-a-marker	3.3 Clausal complement A marker	81_vos_ng_ac_b_pa	vos	ng	nom-acc	balancing	poss-acc	vos	VS	VPA	100	0	0.0
3_3_clausal_A_marker	16_3_3_clausal_A_marker	fig:heatmap-16-clausal-a-marker	3.3 Clausal complement A marker	82_vos_ng_ac_b_ep	vos	ng	nom-acc	balancing	erg-poss	vos	VS	VPA	100	0	0.0
3_3_clausal_A_marker	16_3_3_clausal_A_marker	fig:heatmap-16-clausal-a-marker	3.3 Clausal complement A marker	83_vos_ng_ac_b_no	vos	ng	nom-acc	balancing	nomn	vos	VS	VPA	100	0	0.0
3_3_clausal_A_marker	16_3_3_clausal_A_marker	fig:heatmap-16-clausal-a-marker	3.3 Clausal complement A marker	84_vos_ng_ac_d_se	vos	ng	nom-acc	deranking	sent	vos	VS	VPA	100	96	0.96
3_3_clausal_A_marker	16_3_3_clausal_A_marker	fig:heatmap-16-clausal-a-marker	3.3 Clausal complement A marker	85_vos_ng_ac_d_pa	vos	ng	nom-acc	deranking	poss-acc	vos	VS	VPA	100	0	0.0
3_3_clausal_A_marker	16_3_3_clausal_A_marker	fig:heatmap-16-clausal-a-marker	3.3 Clausal complement A marker	86_vos_ng_ac_d_ep	vos	ng	nom-acc	deranking	erg-poss	vos	VS	VPA	100	0	0.0
3_3_clausal_A_marker	16_3_3_clausal_A_marker	fig:heatmap-16-clausal-a-marker	3.3 Clausal complement A marker	87_vos_ng_ac_d_no	vos	ng	nom-acc	deranking	nomn	vos	VS	VPA	100	0	0.0
3_3_clausal_A_marker	16_3_3_clausal_A_marker	fig:heatmap-16-clausal-a-marker	3.3 Clausal complement A marker	88_vos_ng_er_b_se	vos	ng	erg-abs	balancing	sent	vos	VS	VPA	100	95	0.95
3_3_clausal_A_marker	16_3_3_clausal_A_marker	fig:heatmap-16-clausal-a-marker	3.3 Clausal complement A marker	89_vos_ng_er_b_pa	vos	ng	erg-abs	balancing	poss-acc	vos	VS	VPA	100	99	0.99
3_3_clausal_A_marker	16_3_3_clausal_A_marker	fig:heatmap-16-clausal-a-marker	3.3 Clausal complement A marker	90_vos_ng_er_b_ep	vos	ng	erg-abs	balancing	erg-poss	vos	VS	VPA	100	9	0.09
3_3_clausal_A_marker	16_3_3_clausal_A_marker	fig:heatmap-16-clausal-a-marker	3.3 Clausal complement A marker	91_vos_ng_er_b_no	vos	ng	erg-abs	balancing	nomn	vos	VS	VPA	100	99	0.99
3_3_clausal_A_marker	16_3_3_clausal_A_marker	fig:heatmap-16-clausal-a-marker	3.3 Clausal complement A marker	92_vos_ng_er_d_se	vos	ng	erg-abs	deranking	sent	vos	VS	VPA	100	96	0.96
3_3_clausal_A_marker	16_3_3_clausal_A_marker	fig:heatmap-16-clausal-a-marker	3.3 Clausal complement A marker	93_vos_ng_er_d_pa	vos	ng	erg-abs	deranking	poss-acc	vos	VS	VPA	100	100	1.0
3_3_clausal_A_marker	16_3_3_clausal_A_marker	fig:heatmap-16-clausal-a-marker	3.3 Clausal complement A marker	94_vos_ng_er_d_ep	vos	ng	erg-abs	deranking	erg-poss	vos	VS	VPA	100	10	0.1
3_3_clausal_A_marker	16_3_3_clausal_A_marker	fig:heatmap-16-clausal-a-marker	3.3 Clausal complement A marker	95_vos_ng_er_d_no	vos	ng	erg-abs	deranking	nomn	vos	VS	VPA	100	99	0.99
3_4_clausal_P_marker	17_3_4_clausal_P_marker	fig:heatmap-17-clausal-p-marker	3.4 Clausal complement P marker	00_sov_gn_ac_b_se	sov	gn	nom-acc	balancing	sent	sov	SV	APV	100	0	0.0
3_4_clausal_P_marker	17_3_4_clausal_P_marker	fig:heatmap-17-clausal-p-marker	3.4 Clausal complement P marker	01_sov_gn_ac_b_pa	sov	gn	nom-acc	balancing	poss-acc	sov	SV	APV	100	0	0.0
3_4_clausal_P_marker	17_3_4_clausal_P_marker	fig:heatmap-17-clausal-p-marker	3.4 Clausal complement P marker	02_sov_gn_ac_b_ep	sov	gn	nom-acc	balancing	erg-poss	sov	SV	APV	100	0	0.0
3_4_clausal_P_marker	17_3_4_clausal_P_marker	fig:heatmap-17-clausal-p-marker	3.4 Clausal complement P marker	03_sov_gn_ac_b_no	sov	gn	nom-acc	balancing	nomn	sov	SV	APV	100	0	0.0
3_4_clausal_P_marker	17_3_4_clausal_P_marker	fig:heatmap-17-clausal-p-marker	3.4 Clausal complement P marker	04_sov_gn_ac_d_se	sov	gn	nom-acc	deranking	sent	sov	SV	APV	100	0	0.0
3_4_clausal_P_marker	17_3_4_clausal_P_marker	fig:heatmap-17-clausal-p-marker	3.4 Clausal complement P marker	05_sov_gn_ac_d_pa	sov	gn	nom-acc	deranking	poss-acc	sov	SV	APV	100	0	0.0
3_4_clausal_P_marker	17_3_4_clausal_P_marker	fig:heatmap-17-clausal-p-marker	3.4 Clausal complement P marker	06_sov_gn_ac_d_ep	sov	gn	nom-acc	deranking	erg-poss	sov	SV	APV	100	0	0.0
3_4_clausal_P_marker	17_3_4_clausal_P_marker	fig:heatmap-17-clausal-p-marker	3.4 Clausal complement P marker	07_sov_gn_ac_d_no	sov	gn	nom-acc	deranking	nomn	sov	SV	APV	100	0	0.0
3_4_clausal_P_marker	17_3_4_clausal_P_marker	fig:heatmap-17-clausal-p-marker	3.4 Clausal complement P marker	08_sov_gn_er_b_se	sov	gn	erg-abs	balancing	sent	sov	SV	APV	100	5	0.05
3_4_clausal_P_marker	17_3_4_clausal_P_marker	fig:heatmap-17-clausal-p-marker	3.4 Clausal complement P marker	09_sov_gn_er_b_pa	sov	gn	erg-abs	balancing	poss-acc	sov	SV	APV	100	2	0.02
3_4_clausal_P_marker	17_3_4_clausal_P_marker	fig:heatmap-17-clausal-p-marker	3.4 Clausal complement P marker	10_sov_gn_er_b_ep	sov	gn	erg-abs	balancing	erg-poss	sov	SV	APV	100	2	0.02
3_4_clausal_P_marker	17_3_4_clausal_P_marker	fig:heatmap-17-clausal-p-marker	3.4 Clausal complement P marker	11_sov_gn_er_b_no	sov	gn	erg-abs	balancing	nomn	sov	SV	APV	100	1	0.01
3_4_clausal_P_marker	17_3_4_clausal_P_marker	fig:heatmap-17-clausal-p-marker	3.4 Clausal complement P marker	12_sov_gn_er_d_se	sov	gn	erg-abs	deranking	sent	sov	SV	APV	100	3	0.03
3_4_clausal_P_marker	17_3_4_clausal_P_marker	fig:heatmap-17-clausal-p-marker	3.4 Clausal complement P marker	13_sov_gn_er_d_pa	sov	gn	erg-abs	deranking	poss-acc	sov	SV	APV	100	2	0.02
3_4_clausal_P_marker	17_3_4_clausal_P_marker	fig:heatmap-17-clausal-p-marker	3.4 Clausal complement P marker	14_sov_gn_er_d_ep	sov	gn	erg-abs	deranking	erg-poss	sov	SV	APV	100	2	0.02
3_4_clausal_P_marker	17_3_4_clausal_P_marker	fig:heatmap-17-clausal-p-marker	3.4 Clausal complement P marker	15_sov_gn_er_d_no	sov	gn	erg-abs	deranking	nomn	sov	SV	APV	100	1	0.01
3_4_clausal_P_marker	17_3_4_clausal_P_marker	fig:heatmap-17-clausal-p-marker	3.4 Clausal complement P marker	16_sov_ng_ac_b_se	sov	ng	nom-acc	balancing	sent	sov	SV	APV	100	100	1.0
3_4_clausal_P_marker	17_3_4_clausal_P_marker	fig:heatmap-17-clausal-p-marker	3.4 Clausal complement P marker	17_sov_ng_ac_b_pa	sov	ng	nom-acc	balancing	poss-acc	ovs	VS	PVA	100	100	1.0
3_4_clausal_P_marker	17_3_4_clausal_P_marker	fig:heatmap-17-clausal-p-marker	3.4 Clausal complement P marker	18_sov_ng_ac_b_ep	sov	ng	nom-acc	balancing	erg-poss	vos	VS	AVP	100	100	1.0
3_4_clausal_P_marker	17_3_4_clausal_P_marker	fig:heatmap-17-clausal-p-marker	3.4 Clausal complement P marker	19_sov_ng_ac_b_no	sov	ng	nom-acc	balancing	nomn	ovs	VS	PVA	100	0	0.0
3_4_clausal_P_marker	17_3_4_clausal_P_marker	fig:heatmap-17-clausal-p-marker	3.4 Clausal complement P marker	20_sov_ng_ac_d_se	sov	ng	nom-acc	deranking	sent	sov	SV	APV	100	100	1.0
3_4_clausal_P_marker	17_3_4_clausal_P_marker	fig:heatmap-17-clausal-p-marker	3.4 Clausal complement P marker	21_sov_ng_ac_d_pa	sov	ng	nom-acc	deranking	poss-acc	ovs	VS	PVA	100	100	1.0
3_4_clausal_P_marker	17_3_4_clausal_P_marker	fig:heatmap-17-clausal-p-marker	3.4 Clausal complement P marker	22_sov_ng_ac_d_ep	sov	ng	nom-acc	deranking	erg-poss	vos	VS	AVP	100	100	1.0
3_4_clausal_P_marker	17_3_4_clausal_P_marker	fig:heatmap-17-clausal-p-marker	3.4 Clausal complement P marker	23_sov_ng_ac_d_no	sov	ng	nom-acc	deranking	nomn	ovs	VS	PVA	100	0	0.0
3_4_clausal_P_marker	17_3_4_clausal_P_marker	fig:heatmap-17-clausal-p-marker	3.4 Clausal complement P marker	24_sov_ng_er_b_se	sov	ng	erg-abs	balancing	sent	sov	SV	APV	100	5	0.05
3_4_clausal_P_marker	17_3_4_clausal_P_marker	fig:heatmap-17-clausal-p-marker	3.4 Clausal complement P marker	25_sov_ng_er_b_pa	sov	ng	erg-abs	balancing	poss-acc	ovs	VS	PVA	100	2	0.02
3_4_clausal_P_marker	17_3_4_clausal_P_marker	fig:heatmap-17-clausal-p-marker	3.4 Clausal complement P marker	26_sov_ng_er_b_ep	sov	ng	erg-abs	balancing	erg-poss	vos	VS	AVP	100	2	0.02
3_4_clausal_P_marker	17_3_4_clausal_P_marker	fig:heatmap-17-clausal-p-marker	3.4 Clausal complement P marker	27_sov_ng_er_b_no	sov	ng	erg-abs	balancing	nomn	ovs	VS	PVA	100	1	0.01
3_4_clausal_P_marker	17_3_4_clausal_P_marker	fig:heatmap-17-clausal-p-marker	3.4 Clausal complement P marker	28_sov_ng_er_d_se	sov	ng	erg-abs	deranking	sent	sov	SV	APV	100	100	1.0
3_4_clausal_P_marker	17_3_4_clausal_P_marker	fig:heatmap-17-clausal-p-marker	3.4 Clausal complement P marker	29_sov_ng_er_d_pa	sov	ng	erg-abs	deranking	poss-acc	ovs	VS	PVA	100	2	0.02
3_4_clausal_P_marker	17_3_4_clausal_P_marker	fig:heatmap-17-clausal-p-marker	3.4 Clausal complement P marker	30_sov_ng_er_d_ep	sov	ng	erg-abs	deranking	erg-poss	vos	VS	AVP	100	2	0.02
3_4_clausal_P_marker	17_3_4_clausal_P_marker	fig:heatmap-17-clausal-p-marker	3.4 Clausal complement P marker	31_sov_ng_er_d_no	sov	ng	erg-abs	deranking	nomn	ovs	VS	PVA	100	1	0.01
3_4_clausal_P_marker	17_3_4_clausal_P_marker	fig:heatmap-17-clausal-p-marker	3.4 Clausal complement P marker	32_svo_gn_ac_b_se	svo	gn	nom-acc	balancing	sent	svo	SV	AVP	100	0	0.0
3_4_clausal_P_marker	17_3_4_clausal_P_marker	fig:heatmap-17-clausal-p-marker	3.4 Clausal complement P marker	33_svo_gn_ac_b_pa	svo	gn	nom-acc	balancing	poss-acc	svo	SV	AVP	100	0	0.0
3_4_clausal_P_marker	17_3_4_clausal_P_marker	fig:heatmap-17-clausal-p-marker	3.4 Clausal complement P marker	34_svo_gn_ac_b_ep	svo	gn	nom-acc	balancing	erg-poss	sov	SV	PVA	100	0	0.0
3_4_clausal_P_marker	17_3_4_clausal_P_marker	fig:heatmap-17-clausal-p-marker	3.4 Clausal complement P marker	35_svo_gn_ac_b_no	svo	gn	nom-acc	balancing	nomn	svo	SV	AVP	100	0	0.0
3_4_clausal_P_marker	17_3_4_clausal_P_marker	fig:heatmap-17-clausal-p-marker	3.4 Clausal complement P marker	36_svo_gn_ac_d_se	svo	gn	nom-acc	deranking	sent	svo	SV	AVP	100	0	0.0
3_4_clausal_P_marker	17_3_4_clausal_P_marker	fig:heatmap-17-clausal-p-marker	3.4 Clausal complement P marker	37_svo_gn_ac_d_pa	svo	gn	nom-acc	deranking	poss-acc	svo	SV	AVP	100	0	0.0
3_4_clausal_P_marker	17_3_4_clausal_P_marker	fig:heatmap-17-clausal-p-marker	3.4 Clausal complement P marker	38_svo_gn_ac_d_ep	svo	gn	nom-acc	deranking	erg-poss	sov	SV	PVA	100	0	0.0
3_4_clausal_P_marker	17_3_4_clausal_P_marker	fig:heatmap-17-clausal-p-marker	3.4 Clausal complement P marker	39_svo_gn_ac_d_no	svo	gn	nom-acc	deranking	nomn	svo	SV	AVP	100	0	0.0
3_4_clausal_P_marker	17_3_4_clausal_P_marker	fig:heatmap-17-clausal-p-marker	3.4 Clausal complement P marker	40_svo_gn_er_b_se	svo	gn	erg-abs	balancing	sent	svo	SV	AVP	100	2	0.02
3_4_clausal_P_marker	17_3_4_clausal_P_marker	fig:heatmap-17-clausal-p-marker	3.4 Clausal complement P marker	41_svo_gn_er_b_pa	svo	gn	erg-abs	balancing	poss-acc	svo	SV	AVP	100	2	0.02
3_4_clausal_P_marker	17_3_4_clausal_P_marker	fig:heatmap-17-clausal-p-marker	3.4 Clausal complement P marker	42_svo_gn_er_b_ep	svo	gn	erg-abs	balancing	erg-poss	sov	SV	PVA	100	2	0.02
3_4_clausal_P_marker	17_3_4_clausal_P_marker	fig:heatmap-17-clausal-p-marker	3.4 Clausal complement P marker	43_svo_gn_er_b_no	svo	gn	erg-abs	balancing	nomn	svo	SV	AVP	100	1	0.01
3_4_clausal_P_marker	17_3_4_clausal_P_marker	fig:heatmap-17-clausal-p-marker	3.4 Clausal complement P marker	44_svo_gn_er_d_se	svo	gn	erg-abs	deranking	sent	svo	SV	AVP	100	2	0.02
3_4_clausal_P_marker	17_3_4_clausal_P_marker	fig:heatmap-17-clausal-p-marker	3.4 Clausal complement P marker	45_svo_gn_er_d_pa	svo	gn	erg-abs	deranking	poss-acc	svo	SV	AVP	100	2	0.02
3_4_clausal_P_marker	17_3_4_clausal_P_marker	fig:heatmap-17-clausal-p-marker	3.4 Clausal complement P marker	46_svo_gn_er_d_ep	svo	gn	erg-abs	deranking	erg-poss	sov	SV	PVA	100	2	0.02
3_4_clausal_P_marker	17_3_4_clausal_P_marker	fig:heatmap-17-clausal-p-marker	3.4 Clausal complement P marker	47_svo_gn_er_d_no	svo	gn	erg-abs	deranking	nomn	svo	SV	AVP	100	1	0.01
3_4_clausal_P_marker	17_3_4_clausal_P_marker	fig:heatmap-17-clausal-p-marker	3.4 Clausal complement P marker	48_svo_ng_ac_b_se	svo	ng	nom-acc	balancing	sent	svo	SV	AVP	100	0	0.0
3_4_clausal_P_marker	17_3_4_clausal_P_marker	fig:heatmap-17-clausal-p-marker	3.4 Clausal complement P marker	49_svo_ng_ac_b_pa	svo	ng	nom-acc	balancing	poss-acc	vos	VS	VPA	100	0	0.0
3_4_clausal_P_marker	17_3_4_clausal_P_marker	fig:heatmap-17-clausal-p-marker	3.4 Clausal complement P marker	50_svo_ng_ac_b_ep	svo	ng	nom-acc	balancing	erg-poss	vos	VS	VPA	100	0	0.0
3_4_clausal_P_marker	17_3_4_clausal_P_marker	fig:heatmap-17-clausal-p-marker	3.4 Clausal complement P marker	51_svo_ng_ac_b_no	svo	ng	nom-acc	balancing	nomn	vos	VS	VPA	100	0	0.0
3_4_clausal_P_marker	17_3_4_clausal_P_marker	fig:heatmap-17-clausal-p-marker	3.4 Clausal complement P marker	52_svo_ng_ac_d_se	svo	ng	nom-acc	deranking	sent	svo	SV	AVP	100	0	0.0
3_4_clausal_P_marker	17_3_4_clausal_P_marker	fig:heatmap-17-clausal-p-marker	3.4 Clausal complement P marker	53_svo_ng_ac_d_pa	svo	ng	nom-acc	deranking	poss-acc	vos	VS	VPA	100	0	0.0
3_4_clausal_P_marker	17_3_4_clausal_P_marker	fig:heatmap-17-clausal-p-marker	3.4 Clausal complement P marker	54_svo_ng_ac_d_ep	svo	ng	nom-acc	deranking	erg-poss	vos	VS	VPA	100	0	0.0
3_4_clausal_P_marker	17_3_4_clausal_P_marker	fig:heatmap-17-clausal-p-marker	3.4 Clausal complement P marker	55_svo_ng_ac_d_no	svo	ng	nom-acc	deranking	nomn	vos	VS	VPA	100	0	0.0
3_4_clausal_P_marker	17_3_4_clausal_P_marker	fig:heatmap-17-clausal-p-marker	3.4 Clausal complement P marker	56_svo_ng_er_b_se	svo	ng	erg-abs	balancing	sent	svo	SV	AVP	100	2	0.02
3_4_clausal_P_marker	17_3_4_clausal_P_marker	fig:heatmap-17-clausal-p-marker	3.4 Clausal complement P marker	57_svo_ng_er_b_pa	svo	ng	erg-abs	balancing	poss-acc	vos	VS	VPA	100	2	0.02
3_4_clausal_P_marker	17_3_4_clausal_P_marker	fig:heatmap-17-clausal-p-marker	3.4 Clausal complement P marker	58_svo_ng_er_b_ep	svo	ng	erg-abs	balancing	erg-poss	vos	VS	VPA	100	2	0.02
3_4_clausal_P_marker	17_3_4_clausal_P_marker	fig:heatmap-17-clausal-p-marker	3.4 Clausal complement P marker	59_svo_ng_er_b_no	svo	ng	erg-abs	balancing	nomn	vos	VS	VPA	100	1	0.01
3_4_clausal_P_marker	17_3_4_clausal_P_marker	fig:heatmap-17-clausal-p-marker	3.4 Clausal complement P marker	60_svo_ng_er_d_se	svo	ng	erg-abs	deranking	sent	svo	SV	AVP	100	2	0.02
3_4_clausal_P_marker	17_3_4_clausal_P_marker	fig:heatmap-17-clausal-p-marker	3.4 Clausal complement P marker	61_svo_ng_er_d_pa	svo	ng	erg-abs	deranking	poss-acc	vos	VS	VPA	100	2	0.02
3_4_clausal_P_marker	17_3_4_clausal_P_marker	fig:heatmap-17-clausal-p-marker	3.4 Clausal complement P marker	62_svo_ng_er_d_ep	svo	ng	erg-abs	deranking	erg-poss	vos	VS	VPA	100	2	0.02
3_4_clausal_P_marker	17_3_4_clausal_P_marker	fig:heatmap-17-clausal-p-marker	3.4 Clausal complement P marker	63_svo_ng_er_d_no	svo	ng	erg-abs	deranking	nomn	vos	VS	VPA	100	1	0.01
3_4_clausal_P_marker	17_3_4_clausal_P_marker	fig:heatmap-17-clausal-p-marker	3.4 Clausal complement P marker	64_vos_gn_ac_b_se	vos	gn	nom-acc	balancing	sent	vos	VS	VPA	100	100	1.0
3_4_clausal_P_marker	17_3_4_clausal_P_marker	fig:heatmap-17-clausal-p-marker	3.4 Clausal complement P marker	65_vos_gn_ac_b_pa	vos	gn	nom-acc	balancing	poss-acc	svo	SV	AVP	100	100	1.0
3_4_clausal_P_marker	17_3_4_clausal_P_marker	fig:heatmap-17-clausal-p-marker	3.4 Clausal complement P marker	66_vos_gn_ac_b_ep	vos	gn	nom-acc	balancing	erg-poss	sov	SV	PVA	100	100	1.0
3_4_clausal_P_marker	17_3_4_clausal_P_marker	fig:heatmap-17-clausal-p-marker	3.4 Clausal complement P marker	67_vos_gn_ac_b_no	vos	gn	nom-acc	balancing	nomn	svo	SV	AVP	100	0	0.0
3_4_clausal_P_marker	17_3_4_clausal_P_marker	fig:heatmap-17-clausal-p-marker	3.4 Clausal complement P marker	68_vos_gn_ac_d_se	vos	gn	nom-acc	deranking	sent	vos	VS	VPA	100	100	1.0
3_4_clausal_P_marker	17_3_4_clausal_P_marker	fig:heatmap-17-clausal-p-marker	3.4 Clausal complement P marker	69_vos_gn_ac_d_pa	vos	gn	nom-acc	deranking	poss-acc	svo	SV	AVP	100	100	1.0
3_4_clausal_P_marker	17_3_4_clausal_P_marker	fig:heatmap-17-clausal-p-marker	3.4 Clausal complement P marker	70_vos_gn_ac_d_ep	vos	gn	nom-acc	deranking	erg-poss	sov	SV	PVA	100	100	1.0
3_4_clausal_P_marker	17_3_4_clausal_P_marker	fig:heatmap-17-clausal-p-marker	3.4 Clausal complement P marker	71_vos_gn_ac_d_no	vos	gn	nom-acc	deranking	nomn	svo	SV	AVP	100	0	0.0
3_4_clausal_P_marker	17_3_4_clausal_P_marker	fig:heatmap-17-clausal-p-marker	3.4 Clausal complement P marker	72_vos_gn_er_b_se	vos	gn	erg-abs	balancing	sent	vos	VS	VPA	100	5	0.05
3_4_clausal_P_marker	17_3_4_clausal_P_marker	fig:heatmap-17-clausal-p-marker	3.4 Clausal complement P marker	73_vos_gn_er_b_pa	vos	gn	erg-abs	balancing	poss-acc	svo	SV	AVP	100	2	0.02
3_4_clausal_P_marker	17_3_4_clausal_P_marker	fig:heatmap-17-clausal-p-marker	3.4 Clausal complement P marker	74_vos_gn_er_b_ep	vos	gn	erg-abs	balancing	erg-poss	sov	SV	PVA	100	2	0.02
3_4_clausal_P_marker	17_3_4_clausal_P_marker	fig:heatmap-17-clausal-p-marker	3.4 Clausal complement P marker	75_vos_gn_er_b_no	vos	gn	erg-abs	balancing	nomn	svo	SV	AVP	100	1	0.01
3_4_clausal_P_marker	17_3_4_clausal_P_marker	fig:heatmap-17-clausal-p-marker	3.4 Clausal complement P marker	76_vos_gn_er_d_se	vos	gn	erg-abs	deranking	sent	vos	VS	VPA	100	100	1.0
3_4_clausal_P_marker	17_3_4_clausal_P_marker	fig:heatmap-17-clausal-p-marker	3.4 Clausal complement P marker	77_vos_gn_er_d_pa	vos	gn	erg-abs	deranking	poss-acc	svo	SV	AVP	100	2	0.02
3_4_clausal_P_marker	17_3_4_clausal_P_marker	fig:heatmap-17-clausal-p-marker	3.4 Clausal complement P marker	78_vos_gn_er_d_ep	vos	gn	erg-abs	deranking	erg-poss	sov	SV	PVA	100	2	0.02
3_4_clausal_P_marker	17_3_4_clausal_P_marker	fig:heatmap-17-clausal-p-marker	3.4 Clausal complement P marker	79_vos_gn_er_d_no	vos	gn	erg-abs	deranking	nomn	svo	SV	AVP	100	1	0.01
3_4_clausal_P_marker	17_3_4_clausal_P_marker	fig:heatmap-17-clausal-p-marker	3.4 Clausal complement P marker	80_vos_ng_ac_b_se	vos	ng	nom-acc	balancing	sent	vos	VS	VPA	100	0	0.0
3_4_clausal_P_marker	17_3_4_clausal_P_marker	fig:heatmap-17-clausal-p-marker	3.4 Clausal complement P marker	81_vos_ng_ac_b_pa	vos	ng	nom-acc	balancing	poss-acc	vos	VS	VPA	100	0	0.0
3_4_clausal_P_marker	17_3_4_clausal_P_marker	fig:heatmap-17-clausal-p-marker	3.4 Clausal complement P marker	82_vos_ng_ac_b_ep	vos	ng	nom-acc	balancing	erg-poss	vos	VS	VPA	100	0	0.0
3_4_clausal_P_marker	17_3_4_clausal_P_marker	fig:heatmap-17-clausal-p-marker	3.4 Clausal complement P marker	83_vos_ng_ac_b_no	vos	ng	nom-acc	balancing	nomn	vos	VS	VPA	100	0	0.0
3_4_clausal_P_marker	17_3_4_clausal_P_marker	fig:heatmap-17-clausal-p-marker	3.4 Clausal complement P marker	84_vos_ng_ac_d_se	vos	ng	nom-acc	deranking	sent	vos	VS	VPA	100	0	0.0
3_4_clausal_P_marker	17_3_4_clausal_P_marker	fig:heatmap-17-clausal-p-marker	3.4 Clausal complement P marker	85_vos_ng_ac_d_pa	vos	ng	nom-acc	deranking	poss-acc	vos	VS	VPA	100	0	0.0
3_4_clausal_P_marker	17_3_4_clausal_P_marker	fig:heatmap-17-clausal-p-marker	3.4 Clausal complement P marker	86_vos_ng_ac_d_ep	vos	ng	nom-acc	deranking	erg-poss	vos	VS	VPA	100	0	0.0
3_4_clausal_P_marker	17_3_4_clausal_P_marker	fig:heatmap-17-clausal-p-marker	3.4 Clausal complement P marker	87_vos_ng_ac_d_no	vos	ng	nom-acc	deranking	nomn	vos	VS	VPA	100	0	0.0
3_4_clausal_P_marker	17_3_4_clausal_P_marker	fig:heatmap-17-clausal-p-marker	3.4 Clausal complement P marker	88_vos_ng_er_b_se	vos	ng	erg-abs	balancing	sent	vos	VS	VPA	100	5	0.05
3_4_clausal_P_marker	17_3_4_clausal_P_marker	fig:heatmap-17-clausal-p-marker	3.4 Clausal complement P marker	89_vos_ng_er_b_pa	vos	ng	erg-abs	balancing	poss-acc	vos	VS	VPA	100	2	0.02
3_4_clausal_P_marker	17_3_4_clausal_P_marker	fig:heatmap-17-clausal-p-marker	3.4 Clausal complement P marker	90_vos_ng_er_b_ep	vos	ng	erg-abs	balancing	erg-poss	vos	VS	VPA	100	2	0.02
3_4_clausal_P_marker	17_3_4_clausal_P_marker	fig:heatmap-17-clausal-p-marker	3.4 Clausal complement P marker	91_vos_ng_er_b_no	vos	ng	erg-abs	balancing	nomn	vos	VS	VPA	100	1	0.01
3_4_clausal_P_marker	17_3_4_clausal_P_marker	fig:heatmap-17-clausal-p-marker	3.4 Clausal complement P marker	92_vos_ng_er_d_se	vos	ng	erg-abs	deranking	sent	vos	VS	VPA	100	3	0.03
3_4_clausal_P_marker	17_3_4_clausal_P_marker	fig:heatmap-17-clausal-p-marker	3.4 Clausal complement P marker	93_vos_ng_er_d_pa	vos	ng	erg-abs	deranking	poss-acc	vos	VS	VPA	100	2	0.02
3_4_clausal_P_marker	17_3_4_clausal_P_marker	fig:heatmap-17-clausal-p-marker	3.4 Clausal complement P marker	94_vos_ng_er_d_ep	vos	ng	erg-abs	deranking	erg-poss	vos	VS	VPA	100	2	0.02
3_4_clausal_P_marker	17_3_4_clausal_P_marker	fig:heatmap-17-clausal-p-marker	3.4 Clausal complement P marker	95_vos_ng_er_d_no	vos	ng	erg-abs	deranking	nomn	vos	VS	VPA	100	1	0.01
3_5_clausal_comp_V_order	18_3_5_clausal_comp_V_order	fig:heatmap-18-clausal-comp-v-order	3.5 Clausal complement--V order	00_sov_gn_ac_b_se	sov	gn	nom-acc	balancing	sent	sov	SV	APV	100	0	0.0
3_5_clausal_comp_V_order	18_3_5_clausal_comp_V_order	fig:heatmap-18-clausal-comp-v-order	3.5 Clausal complement--V order	01_sov_gn_ac_b_pa	sov	gn	nom-acc	balancing	poss-acc	sov	SV	APV	100	0	0.0
3_5_clausal_comp_V_order	18_3_5_clausal_comp_V_order	fig:heatmap-18-clausal-comp-v-order	3.5 Clausal complement--V order	02_sov_gn_ac_b_ep	sov	gn	nom-acc	balancing	erg-poss	sov	SV	APV	100	0	0.0
3_5_clausal_comp_V_order	18_3_5_clausal_comp_V_order	fig:heatmap-18-clausal-comp-v-order	3.5 Clausal complement--V order	03_sov_gn_ac_b_no	sov	gn	nom-acc	balancing	nomn	sov	SV	APV	100	0	0.0
3_5_clausal_comp_V_order	18_3_5_clausal_comp_V_order	fig:heatmap-18-clausal-comp-v-order	3.5 Clausal complement--V order	04_sov_gn_ac_d_se	sov	gn	nom-acc	deranking	sent	sov	SV	APV	100	0	0.0
3_5_clausal_comp_V_order	18_3_5_clausal_comp_V_order	fig:heatmap-18-clausal-comp-v-order	3.5 Clausal complement--V order	05_sov_gn_ac_d_pa	sov	gn	nom-acc	deranking	poss-acc	sov	SV	APV	100	0	0.0
3_5_clausal_comp_V_order	18_3_5_clausal_comp_V_order	fig:heatmap-18-clausal-comp-v-order	3.5 Clausal complement--V order	06_sov_gn_ac_d_ep	sov	gn	nom-acc	deranking	erg-poss	sov	SV	APV	100	0	0.0
3_5_clausal_comp_V_order	18_3_5_clausal_comp_V_order	fig:heatmap-18-clausal-comp-v-order	3.5 Clausal complement--V order	07_sov_gn_ac_d_no	sov	gn	nom-acc	deranking	nomn	sov	SV	APV	100	0	0.0
3_5_clausal_comp_V_order	18_3_5_clausal_comp_V_order	fig:heatmap-18-clausal-comp-v-order	3.5 Clausal complement--V order	08_sov_gn_er_b_se	sov	gn	erg-abs	balancing	sent	sov	SV	APV	100	2	0.02
3_5_clausal_comp_V_order	18_3_5_clausal_comp_V_order	fig:heatmap-18-clausal-comp-v-order	3.5 Clausal complement--V order	09_sov_gn_er_b_pa	sov	gn	erg-abs	balancing	poss-acc	sov	SV	APV	100	1	0.01
3_5_clausal_comp_V_order	18_3_5_clausal_comp_V_order	fig:heatmap-18-clausal-comp-v-order	3.5 Clausal complement--V order	10_sov_gn_er_b_ep	sov	gn	erg-abs	balancing	erg-poss	sov	SV	APV	100	0	0.0
3_5_clausal_comp_V_order	18_3_5_clausal_comp_V_order	fig:heatmap-18-clausal-comp-v-order	3.5 Clausal complement--V order	11_sov_gn_er_b_no	sov	gn	erg-abs	balancing	nomn	sov	SV	APV	100	0	0.0
3_5_clausal_comp_V_order	18_3_5_clausal_comp_V_order	fig:heatmap-18-clausal-comp-v-order	3.5 Clausal complement--V order	12_sov_gn_er_d_se	sov	gn	erg-abs	deranking	sent	sov	SV	APV	100	0	0.0
3_5_clausal_comp_V_order	18_3_5_clausal_comp_V_order	fig:heatmap-18-clausal-comp-v-order	3.5 Clausal complement--V order	13_sov_gn_er_d_pa	sov	gn	erg-abs	deranking	poss-acc	sov	SV	APV	100	0	0.0
3_5_clausal_comp_V_order	18_3_5_clausal_comp_V_order	fig:heatmap-18-clausal-comp-v-order	3.5 Clausal complement--V order	14_sov_gn_er_d_ep	sov	gn	erg-abs	deranking	erg-poss	sov	SV	APV	100	0	0.0
3_5_clausal_comp_V_order	18_3_5_clausal_comp_V_order	fig:heatmap-18-clausal-comp-v-order	3.5 Clausal complement--V order	15_sov_gn_er_d_no	sov	gn	erg-abs	deranking	nomn	sov	SV	APV	100	0	0.0
3_5_clausal_comp_V_order	18_3_5_clausal_comp_V_order	fig:heatmap-18-clausal-comp-v-order	3.5 Clausal complement--V order	16_sov_ng_ac_b_se	sov	ng	nom-acc	balancing	sent	sov	SV	APV	100	0	0.0
3_5_clausal_comp_V_order	18_3_5_clausal_comp_V_order	fig:heatmap-18-clausal-comp-v-order	3.5 Clausal complement--V order	17_sov_ng_ac_b_pa	sov	ng	nom-acc	balancing	poss-acc	ovs	VS	PVA	100	0	0.0
3_5_clausal_comp_V_order	18_3_5_clausal_comp_V_order	fig:heatmap-18-clausal-comp-v-order	3.5 Clausal complement--V order	18_sov_ng_ac_b_ep	sov	ng	nom-acc	balancing	erg-poss	vos	VS	AVP	100	0	0.0
3_5_clausal_comp_V_order	18_3_5_clausal_comp_V_order	fig:heatmap-18-clausal-comp-v-order	3.5 Clausal complement--V order	19_sov_ng_ac_b_no	sov	ng	nom-acc	balancing	nomn	ovs	VS	PVA	100	0	0.0
3_5_clausal_comp_V_order	18_3_5_clausal_comp_V_order	fig:heatmap-18-clausal-comp-v-order	3.5 Clausal complement--V order	20_sov_ng_ac_d_se	sov	ng	nom-acc	deranking	sent	sov	SV	APV	100	0	0.0
3_5_clausal_comp_V_order	18_3_5_clausal_comp_V_order	fig:heatmap-18-clausal-comp-v-order	3.5 Clausal complement--V order	21_sov_ng_ac_d_pa	sov	ng	nom-acc	deranking	poss-acc	ovs	VS	PVA	100	0	0.0
3_5_clausal_comp_V_order	18_3_5_clausal_comp_V_order	fig:heatmap-18-clausal-comp-v-order	3.5 Clausal complement--V order	22_sov_ng_ac_d_ep	sov	ng	nom-acc	deranking	erg-poss	vos	VS	AVP	100	0	0.0
3_5_clausal_comp_V_order	18_3_5_clausal_comp_V_order	fig:heatmap-18-clausal-comp-v-order	3.5 Clausal complement--V order	23_sov_ng_ac_d_no	sov	ng	nom-acc	deranking	nomn	ovs	VS	PVA	100	0	0.0
3_5_clausal_comp_V_order	18_3_5_clausal_comp_V_order	fig:heatmap-18-clausal-comp-v-order	3.5 Clausal complement--V order	24_sov_ng_er_b_se	sov	ng	erg-abs	balancing	sent	sov	SV	APV	100	2	0.02
3_5_clausal_comp_V_order	18_3_5_clausal_comp_V_order	fig:heatmap-18-clausal-comp-v-order	3.5 Clausal complement--V order	25_sov_ng_er_b_pa	sov	ng	erg-abs	balancing	poss-acc	ovs	VS	PVA	100	1	0.01
3_5_clausal_comp_V_order	18_3_5_clausal_comp_V_order	fig:heatmap-18-clausal-comp-v-order	3.5 Clausal complement--V order	26_sov_ng_er_b_ep	sov	ng	erg-abs	balancing	erg-poss	vos	VS	AVP	100	0	0.0
3_5_clausal_comp_V_order	18_3_5_clausal_comp_V_order	fig:heatmap-18-clausal-comp-v-order	3.5 Clausal complement--V order	27_sov_ng_er_b_no	sov	ng	erg-abs	balancing	nomn	ovs	VS	PVA	100	0	0.0
3_5_clausal_comp_V_order	18_3_5_clausal_comp_V_order	fig:heatmap-18-clausal-comp-v-order	3.5 Clausal complement--V order	28_sov_ng_er_d_se	sov	ng	erg-abs	deranking	sent	sov	SV	APV	100	0	0.0
3_5_clausal_comp_V_order	18_3_5_clausal_comp_V_order	fig:heatmap-18-clausal-comp-v-order	3.5 Clausal complement--V order	29_sov_ng_er_d_pa	sov	ng	erg-abs	deranking	poss-acc	ovs	VS	PVA	100	0	0.0
3_5_clausal_comp_V_order	18_3_5_clausal_comp_V_order	fig:heatmap-18-clausal-comp-v-order	3.5 Clausal complement--V order	30_sov_ng_er_d_ep	sov	ng	erg-abs	deranking	erg-poss	vos	VS	AVP	100	0	0.0
3_5_clausal_comp_V_order	18_3_5_clausal_comp_V_order	fig:heatmap-18-clausal-comp-v-order	3.5 Clausal complement--V order	31_sov_ng_er_d_no	sov	ng	erg-abs	deranking	nomn	ovs	VS	PVA	100	0	0.0
3_5_clausal_comp_V_order	18_3_5_clausal_comp_V_order	fig:heatmap-18-clausal-comp-v-order	3.5 Clausal complement--V order	32_svo_gn_ac_b_se	svo	gn	nom-acc	balancing	sent	svo	SV	AVP	100	0	0.0
3_5_clausal_comp_V_order	18_3_5_clausal_comp_V_order	fig:heatmap-18-clausal-comp-v-order	3.5 Clausal complement--V order	33_svo_gn_ac_b_pa	svo	gn	nom-acc	balancing	poss-acc	svo	SV	AVP	100	0	0.0
3_5_clausal_comp_V_order	18_3_5_clausal_comp_V_order	fig:heatmap-18-clausal-comp-v-order	3.5 Clausal complement--V order	34_svo_gn_ac_b_ep	svo	gn	nom-acc	balancing	erg-poss	sov	SV	PVA	100	0	0.0
3_5_clausal_comp_V_order	18_3_5_clausal_comp_V_order	fig:heatmap-18-clausal-comp-v-order	3.5 Clausal complement--V order	35_svo_gn_ac_b_no	svo	gn	nom-acc	balancing	nomn	svo	SV	AVP	100	0	0.0
3_5_clausal_comp_V_order	18_3_5_clausal_comp_V_order	fig:heatmap-18-clausal-comp-v-order	3.5 Clausal complement--V order	36_svo_gn_ac_d_se	svo	gn	nom-acc	deranking	sent	svo	SV	AVP	100	4	0.04
3_5_clausal_comp_V_order	18_3_5_clausal_comp_V_order	fig:heatmap-18-clausal-comp-v-order	3.5 Clausal complement--V order	37_svo_gn_ac_d_pa	svo	gn	nom-acc	deranking	poss-acc	svo	SV	AVP	100	0	0.0
3_5_clausal_comp_V_order	18_3_5_clausal_comp_V_order	fig:heatmap-18-clausal-comp-v-order	3.5 Clausal complement--V order	38_svo_gn_ac_d_ep	svo	gn	nom-acc	deranking	erg-poss	sov	SV	PVA	100	0	0.0
3_5_clausal_comp_V_order	18_3_5_clausal_comp_V_order	fig:heatmap-18-clausal-comp-v-order	3.5 Clausal complement--V order	39_svo_gn_ac_d_no	svo	gn	nom-acc	deranking	nomn	svo	SV	AVP	100	0	0.0
3_5_clausal_comp_V_order	18_3_5_clausal_comp_V_order	fig:heatmap-18-clausal-comp-v-order	3.5 Clausal complement--V order	40_svo_gn_er_b_se	svo	gn	erg-abs	balancing	sent	svo	SV	AVP	100	4	0.04
3_5_clausal_comp_V_order	18_3_5_clausal_comp_V_order	fig:heatmap-18-clausal-comp-v-order	3.5 Clausal complement--V order	41_svo_gn_er_b_pa	svo	gn	erg-abs	balancing	poss-acc	svo	SV	AVP	100	0	0.0
3_5_clausal_comp_V_order	18_3_5_clausal_comp_V_order	fig:heatmap-18-clausal-comp-v-order	3.5 Clausal complement--V order	42_svo_gn_er_b_ep	svo	gn	erg-abs	balancing	erg-poss	sov	SV	PVA	100	0	0.0
3_5_clausal_comp_V_order	18_3_5_clausal_comp_V_order	fig:heatmap-18-clausal-comp-v-order	3.5 Clausal complement--V order	43_svo_gn_er_b_no	svo	gn	erg-abs	balancing	nomn	svo	SV	AVP	100	0	0.0
3_5_clausal_comp_V_order	18_3_5_clausal_comp_V_order	fig:heatmap-18-clausal-comp-v-order	3.5 Clausal complement--V order	44_svo_gn_er_d_se	svo	gn	erg-abs	deranking	sent	svo	SV	AVP	100	4	0.04
3_5_clausal_comp_V_order	18_3_5_clausal_comp_V_order	fig:heatmap-18-clausal-comp-v-order	3.5 Clausal complement--V order	45_svo_gn_er_d_pa	svo	gn	erg-abs	deranking	poss-acc	svo	SV	AVP	100	0	0.0
3_5_clausal_comp_V_order	18_3_5_clausal_comp_V_order	fig:heatmap-18-clausal-comp-v-order	3.5 Clausal complement--V order	46_svo_gn_er_d_ep	svo	gn	erg-abs	deranking	erg-poss	sov	SV	PVA	100	0	0.0
3_5_clausal_comp_V_order	18_3_5_clausal_comp_V_order	fig:heatmap-18-clausal-comp-v-order	3.5 Clausal complement--V order	47_svo_gn_er_d_no	svo	gn	erg-abs	deranking	nomn	svo	SV	AVP	100	0	0.0
3_5_clausal_comp_V_order	18_3_5_clausal_comp_V_order	fig:heatmap-18-clausal-comp-v-order	3.5 Clausal complement--V order	48_svo_ng_ac_b_se	svo	ng	nom-acc	balancing	sent	svo	SV	AVP	100	0	0.0
3_5_clausal_comp_V_order	18_3_5_clausal_comp_V_order	fig:heatmap-18-clausal-comp-v-order	3.5 Clausal complement--V order	49_svo_ng_ac_b_pa	svo	ng	nom-acc	balancing	poss-acc	vos	VS	VPA	100	0	0.0
3_5_clausal_comp_V_order	18_3_5_clausal_comp_V_order	fig:heatmap-18-clausal-comp-v-order	3.5 Clausal complement--V order	50_svo_ng_ac_b_ep	svo	ng	nom-acc	balancing	erg-poss	vos	VS	VPA	100	0	0.0
3_5_clausal_comp_V_order	18_3_5_clausal_comp_V_order	fig:heatmap-18-clausal-comp-v-order	3.5 Clausal complement--V order	51_svo_ng_ac_b_no	svo	ng	nom-acc	balancing	nomn	vos	VS	VPA	100	0	0.0
3_5_clausal_comp_V_order	18_3_5_clausal_comp_V_order	fig:heatmap-18-clausal-comp-v-order	3.5 Clausal complement--V order	52_svo_ng_ac_d_se	svo	ng	nom-acc	deranking	sent	svo	SV	AVP	100	4	0.04
3_5_clausal_comp_V_order	18_3_5_clausal_comp_V_order	fig:heatmap-18-clausal-comp-v-order	3.5 Clausal complement--V order	53_svo_ng_ac_d_pa	svo	ng	nom-acc	deranking	poss-acc	vos	VS	VPA	100	0	0.0
3_5_clausal_comp_V_order	18_3_5_clausal_comp_V_order	fig:heatmap-18-clausal-comp-v-order	3.5 Clausal complement--V order	54_svo_ng_ac_d_ep	svo	ng	nom-acc	deranking	erg-poss	vos	VS	VPA	100	0	0.0
3_5_clausal_comp_V_order	18_3_5_clausal_comp_V_order	fig:heatmap-18-clausal-comp-v-order	3.5 Clausal complement--V order	55_svo_ng_ac_d_no	svo	ng	nom-acc	deranking	nomn	vos	VS	VPA	100	0	0.0
3_5_clausal_comp_V_order	18_3_5_clausal_comp_V_order	fig:heatmap-18-clausal-comp-v-order	3.5 Clausal complement--V order	56_svo_ng_er_b_se	svo	ng	erg-abs	balancing	sent	svo	SV	AVP	100	4	0.04
3_5_clausal_comp_V_order	18_3_5_clausal_comp_V_order	fig:heatmap-18-clausal-comp-v-order	3.5 Clausal complement--V order	57_svo_ng_er_b_pa	svo	ng	erg-abs	balancing	poss-acc	vos	VS	VPA	100	0	0.0
3_5_clausal_comp_V_order	18_3_5_clausal_comp_V_order	fig:heatmap-18-clausal-comp-v-order	3.5 Clausal complement--V order	58_svo_ng_er_b_ep	svo	ng	erg-abs	balancing	erg-poss	vos	VS	VPA	100	0	0.0
3_5_clausal_comp_V_order	18_3_5_clausal_comp_V_order	fig:heatmap-18-clausal-comp-v-order	3.5 Clausal complement--V order	59_svo_ng_er_b_no	svo	ng	erg-abs	balancing	nomn	vos	VS	VPA	100	0	0.0
3_5_clausal_comp_V_order	18_3_5_clausal_comp_V_order	fig:heatmap-18-clausal-comp-v-order	3.5 Clausal complement--V order	60_svo_ng_er_d_se	svo	ng	erg-abs	deranking	sent	svo	SV	AVP	100	4	0.04
3_5_clausal_comp_V_order	18_3_5_clausal_comp_V_order	fig:heatmap-18-clausal-comp-v-order	3.5 Clausal complement--V order	61_svo_ng_er_d_pa	svo	ng	erg-abs	deranking	poss-acc	vos	VS	VPA	100	0	0.0
3_5_clausal_comp_V_order	18_3_5_clausal_comp_V_order	fig:heatmap-18-clausal-comp-v-order	3.5 Clausal complement--V order	62_svo_ng_er_d_ep	svo	ng	erg-abs	deranking	erg-poss	vos	VS	VPA	100	0	0.0
3_5_clausal_comp_V_order	18_3_5_clausal_comp_V_order	fig:heatmap-18-clausal-comp-v-order	3.5 Clausal complement--V order	63_svo_ng_er_d_no	svo	ng	erg-abs	deranking	nomn	vos	VS	VPA	100	0	0.0
3_5_clausal_comp_V_order	18_3_5_clausal_comp_V_order	fig:heatmap-18-clausal-comp-v-order	3.5 Clausal complement--V order	64_vos_gn_ac_b_se	vos	gn	nom-acc	balancing	sent	vos	VS	VPA	100	0	0.0
3_5_clausal_comp_V_order	18_3_5_clausal_comp_V_order	fig:heatmap-18-clausal-comp-v-order	3.5 Clausal complement--V order	65_vos_gn_ac_b_pa	vos	gn	nom-acc	balancing	poss-acc	svo	SV	AVP	100	0	0.0
3_5_clausal_comp_V_order	18_3_5_clausal_comp_V_order	fig:heatmap-18-clausal-comp-v-order	3.5 Clausal complement--V order	66_vos_gn_ac_b_ep	vos	gn	nom-acc	balancing	erg-poss	sov	SV	PVA	100	0	0.0
3_5_clausal_comp_V_order	18_3_5_clausal_comp_V_order	fig:heatmap-18-clausal-comp-v-order	3.5 Clausal complement--V order	67_vos_gn_ac_b_no	vos	gn	nom-acc	balancing	nomn	svo	SV	AVP	100	0	0.0
3_5_clausal_comp_V_order	18_3_5_clausal_comp_V_order	fig:heatmap-18-clausal-comp-v-order	3.5 Clausal complement--V order	68_vos_gn_ac_d_se	vos	gn	nom-acc	deranking	sent	vos	VS	VPA	100	0	0.0
3_5_clausal_comp_V_order	18_3_5_clausal_comp_V_order	fig:heatmap-18-clausal-comp-v-order	3.5 Clausal complement--V order	69_vos_gn_ac_d_pa	vos	gn	nom-acc	deranking	poss-acc	svo	SV	AVP	100	0	0.0
3_5_clausal_comp_V_order	18_3_5_clausal_comp_V_order	fig:heatmap-18-clausal-comp-v-order	3.5 Clausal complement--V order	70_vos_gn_ac_d_ep	vos	gn	nom-acc	deranking	erg-poss	sov	SV	PVA	100	0	0.0
3_5_clausal_comp_V_order	18_3_5_clausal_comp_V_order	fig:heatmap-18-clausal-comp-v-order	3.5 Clausal complement--V order	71_vos_gn_ac_d_no	vos	gn	nom-acc	deranking	nomn	svo	SV	AVP	100	0	0.0
3_5_clausal_comp_V_order	18_3_5_clausal_comp_V_order	fig:heatmap-18-clausal-comp-v-order	3.5 Clausal complement--V order	72_vos_gn_er_b_se	vos	gn	erg-abs	balancing	sent	vos	VS	VPA	100	2	0.02
3_5_clausal_comp_V_order	18_3_5_clausal_comp_V_order	fig:heatmap-18-clausal-comp-v-order	3.5 Clausal complement--V order	73_vos_gn_er_b_pa	vos	gn	erg-abs	balancing	poss-acc	svo	SV	AVP	100	1	0.01
3_5_clausal_comp_V_order	18_3_5_clausal_comp_V_order	fig:heatmap-18-clausal-comp-v-order	3.5 Clausal complement--V order	74_vos_gn_er_b_ep	vos	gn	erg-abs	balancing	erg-poss	sov	SV	PVA	100	0	0.0
3_5_clausal_comp_V_order	18_3_5_clausal_comp_V_order	fig:heatmap-18-clausal-comp-v-order	3.5 Clausal complement--V order	75_vos_gn_er_b_no	vos	gn	erg-abs	balancing	nomn	svo	SV	AVP	100	0	0.0
3_5_clausal_comp_V_order	18_3_5_clausal_comp_V_order	fig:heatmap-18-clausal-comp-v-order	3.5 Clausal complement--V order	76_vos_gn_er_d_se	vos	gn	erg-abs	deranking	sent	vos	VS	VPA	100	0	0.0
3_5_clausal_comp_V_order	18_3_5_clausal_comp_V_order	fig:heatmap-18-clausal-comp-v-order	3.5 Clausal complement--V order	77_vos_gn_er_d_pa	vos	gn	erg-abs	deranking	poss-acc	svo	SV	AVP	100	0	0.0
3_5_clausal_comp_V_order	18_3_5_clausal_comp_V_order	fig:heatmap-18-clausal-comp-v-order	3.5 Clausal complement--V order	78_vos_gn_er_d_ep	vos	gn	erg-abs	deranking	erg-poss	sov	SV	PVA	100	0	0.0
3_5_clausal_comp_V_order	18_3_5_clausal_comp_V_order	fig:heatmap-18-clausal-comp-v-order	3.5 Clausal complement--V order	79_vos_gn_er_d_no	vos	gn	erg-abs	deranking	nomn	svo	SV	AVP	100	0	0.0
3_5_clausal_comp_V_order	18_3_5_clausal_comp_V_order	fig:heatmap-18-clausal-comp-v-order	3.5 Clausal complement--V order	80_vos_ng_ac_b_se	vos	ng	nom-acc	balancing	sent	vos	VS	VPA	100	0	0.0
3_5_clausal_comp_V_order	18_3_5_clausal_comp_V_order	fig:heatmap-18-clausal-comp-v-order	3.5 Clausal complement--V order	81_vos_ng_ac_b_pa	vos	ng	nom-acc	balancing	poss-acc	vos	VS	VPA	100	0	0.0
3_5_clausal_comp_V_order	18_3_5_clausal_comp_V_order	fig:heatmap-18-clausal-comp-v-order	3.5 Clausal complement--V order	82_vos_ng_ac_b_ep	vos	ng	nom-acc	balancing	erg-poss	vos	VS	VPA	100	0	0.0
3_5_clausal_comp_V_order	18_3_5_clausal_comp_V_order	fig:heatmap-18-clausal-comp-v-order	3.5 Clausal complement--V order	83_vos_ng_ac_b_no	vos	ng	nom-acc	balancing	nomn	vos	VS	VPA	100	0	0.0
3_5_clausal_comp_V_order	18_3_5_clausal_comp_V_order	fig:heatmap-18-clausal-comp-v-order	3.5 Clausal complement--V order	84_vos_ng_ac_d_se	vos	ng	nom-acc	deranking	sent	vos	VS	VPA	100	0	0.0
3_5_clausal_comp_V_order	18_3_5_clausal_comp_V_order	fig:heatmap-18-clausal-comp-v-order	3.5 Clausal complement--V order	85_vos_ng_ac_d_pa	vos	ng	nom-acc	deranking	poss-acc	vos	VS	VPA	100	0	0.0
3_5_clausal_comp_V_order	18_3_5_clausal_comp_V_order	fig:heatmap-18-clausal-comp-v-order	3.5 Clausal complement--V order	86_vos_ng_ac_d_ep	vos	ng	nom-acc	deranking	erg-poss	vos	VS	VPA	100	0	0.0
3_5_clausal_comp_V_order	18_3_5_clausal_comp_V_order	fig:heatmap-18-clausal-comp-v-order	3.5 Clausal complement--V order	87_vos_ng_ac_d_no	vos	ng	nom-acc	deranking	nomn	vos	VS	VPA	100	0	0.0
3_5_clausal_comp_V_order	18_3_5_clausal_comp_V_order	fig:heatmap-18-clausal-comp-v-order	3.5 Clausal complement--V order	88_vos_ng_er_b_se	vos	ng	erg-abs	balancing	sent	vos	VS	VPA	100	2	0.02
3_5_clausal_comp_V_order	18_3_5_clausal_comp_V_order	fig:heatmap-18-clausal-comp-v-order	3.5 Clausal complement--V order	89_vos_ng_er_b_pa	vos	ng	erg-abs	balancing	poss-acc	vos	VS	VPA	100	1	0.01
3_5_clausal_comp_V_order	18_3_5_clausal_comp_V_order	fig:heatmap-18-clausal-comp-v-order	3.5 Clausal complement--V order	90_vos_ng_er_b_ep	vos	ng	erg-abs	balancing	erg-poss	vos	VS	VPA	100	0	0.0
3_5_clausal_comp_V_order	18_3_5_clausal_comp_V_order	fig:heatmap-18-clausal-comp-v-order	3.5 Clausal complement--V order	91_vos_ng_er_b_no	vos	ng	erg-abs	balancing	nomn	vos	VS	VPA	100	0	0.0
3_5_clausal_comp_V_order	18_3_5_clausal_comp_V_order	fig:heatmap-18-clausal-comp-v-order	3.5 Clausal complement--V order	92_vos_ng_er_d_se	vos	ng	erg-abs	deranking	sent	vos	VS	VPA	100	0	0.0
3_5_clausal_comp_V_order	18_3_5_clausal_comp_V_order	fig:heatmap-18-clausal-comp-v-order	3.5 Clausal complement--V order	93_vos_ng_er_d_pa	vos	ng	erg-abs	deranking	poss-acc	vos	VS	VPA	100	0	0.0
3_5_clausal_comp_V_order	18_3_5_clausal_comp_V_order	fig:heatmap-18-clausal-comp-v-order	3.5 Clausal complement--V order	94_vos_ng_er_d_ep	vos	ng	erg-abs	deranking	erg-poss	vos	VS	VPA	100	0	0.0
3_5_clausal_comp_V_order	18_3_5_clausal_comp_V_order	fig:heatmap-18-clausal-comp-v-order	3.5 Clausal complement--V order	95_vos_ng_er_d_no	vos	ng	erg-abs	deranking	nomn	vos	VS	VPA	100	0	0.0
3_6_clausal_CV_valency	19_3_6_clausal_CV_valency	fig:heatmap-19-clausal-cv-valency	3.6 Clausal complement CV valency	00_sov_gn_ac_b_se	sov	gn	nom-acc	balancing	sent	sov	SV	APV	100	75	0.75
3_6_clausal_CV_valency	19_3_6_clausal_CV_valency	fig:heatmap-19-clausal-cv-valency	3.6 Clausal complement CV valency	01_sov_gn_ac_b_pa	sov	gn	nom-acc	balancing	poss-acc	sov	SV	APV	100	75	0.75
3_6_clausal_CV_valency	19_3_6_clausal_CV_valency	fig:heatmap-19-clausal-cv-valency	3.6 Clausal complement CV valency	02_sov_gn_ac_b_ep	sov	gn	nom-acc	balancing	erg-poss	sov	SV	APV	100	75	0.75
3_6_clausal_CV_valency	19_3_6_clausal_CV_valency	fig:heatmap-19-clausal-cv-valency	3.6 Clausal complement CV valency	03_sov_gn_ac_b_no	sov	gn	nom-acc	balancing	nomn	sov	SV	APV	100	75	0.75
3_6_clausal_CV_valency	19_3_6_clausal_CV_valency	fig:heatmap-19-clausal-cv-valency	3.6 Clausal complement CV valency	04_sov_gn_ac_d_se	sov	gn	nom-acc	deranking	sent	sov	SV	APV	100	75	0.75
3_6_clausal_CV_valency	19_3_6_clausal_CV_valency	fig:heatmap-19-clausal-cv-valency	3.6 Clausal complement CV valency	05_sov_gn_ac_d_pa	sov	gn	nom-acc	deranking	poss-acc	sov	SV	APV	100	75	0.75
3_6_clausal_CV_valency	19_3_6_clausal_CV_valency	fig:heatmap-19-clausal-cv-valency	3.6 Clausal complement CV valency	06_sov_gn_ac_d_ep	sov	gn	nom-acc	deranking	erg-poss	sov	SV	APV	100	75	0.75
3_6_clausal_CV_valency	19_3_6_clausal_CV_valency	fig:heatmap-19-clausal-cv-valency	3.6 Clausal complement CV valency	07_sov_gn_ac_d_no	sov	gn	nom-acc	deranking	nomn	sov	SV	APV	100	75	0.75
3_6_clausal_CV_valency	19_3_6_clausal_CV_valency	fig:heatmap-19-clausal-cv-valency	3.6 Clausal complement CV valency	08_sov_gn_er_b_se	sov	gn	erg-abs	balancing	sent	sov	SV	APV	100	75	0.75
3_6_clausal_CV_valency	19_3_6_clausal_CV_valency	fig:heatmap-19-clausal-cv-valency	3.6 Clausal complement CV valency	09_sov_gn_er_b_pa	sov	gn	erg-abs	balancing	poss-acc	sov	SV	APV	100	75	0.75
3_6_clausal_CV_valency	19_3_6_clausal_CV_valency	fig:heatmap-19-clausal-cv-valency	3.6 Clausal complement CV valency	10_sov_gn_er_b_ep	sov	gn	erg-abs	balancing	erg-poss	sov	SV	APV	100	75	0.75
3_6_clausal_CV_valency	19_3_6_clausal_CV_valency	fig:heatmap-19-clausal-cv-valency	3.6 Clausal complement CV valency	11_sov_gn_er_b_no	sov	gn	erg-abs	balancing	nomn	sov	SV	APV	100	75	0.75
3_6_clausal_CV_valency	19_3_6_clausal_CV_valency	fig:heatmap-19-clausal-cv-valency	3.6 Clausal complement CV valency	12_sov_gn_er_d_se	sov	gn	erg-abs	deranking	sent	sov	SV	APV	100	92	0.92
3_6_clausal_CV_valency	19_3_6_clausal_CV_valency	fig:heatmap-19-clausal-cv-valency	3.6 Clausal complement CV valency	13_sov_gn_er_d_pa	sov	gn	erg-abs	deranking	poss-acc	sov	SV	APV	100	82	0.82
3_6_clausal_CV_valency	19_3_6_clausal_CV_valency	fig:heatmap-19-clausal-cv-valency	3.6 Clausal complement CV valency	14_sov_gn_er_d_ep	sov	gn	erg-abs	deranking	erg-poss	sov	SV	APV	100	75	0.75
3_6_clausal_CV_valency	19_3_6_clausal_CV_valency	fig:heatmap-19-clausal-cv-valency	3.6 Clausal complement CV valency	15_sov_gn_er_d_no	sov	gn	erg-abs	deranking	nomn	sov	SV	APV	100	75	0.75
3_6_clausal_CV_valency	19_3_6_clausal_CV_valency	fig:heatmap-19-clausal-cv-valency	3.6 Clausal complement CV valency	16_sov_ng_ac_b_se	sov	ng	nom-acc	balancing	sent	sov	SV	APV	100	75	0.75
3_6_clausal_CV_valency	19_3_6_clausal_CV_valency	fig:heatmap-19-clausal-cv-valency	3.6 Clausal complement CV valency	17_sov_ng_ac_b_pa	sov	ng	nom-acc	balancing	poss-acc	ovs	VS	PVA	100	75	0.75
3_6_clausal_CV_valency	19_3_6_clausal_CV_valency	fig:heatmap-19-clausal-cv-valency	3.6 Clausal complement CV valency	18_sov_ng_ac_b_ep	sov	ng	nom-acc	balancing	erg-poss	vos	VS	AVP	100	75	0.75
3_6_clausal_CV_valency	19_3_6_clausal_CV_valency	fig:heatmap-19-clausal-cv-valency	3.6 Clausal complement CV valency	19_sov_ng_ac_b_no	sov	ng	nom-acc	balancing	nomn	ovs	VS	PVA	100	75	0.75
3_6_clausal_CV_valency	19_3_6_clausal_CV_valency	fig:heatmap-19-clausal-cv-valency	3.6 Clausal complement CV valency	20_sov_ng_ac_d_se	sov	ng	nom-acc	deranking	sent	sov	SV	APV	100	75	0.75
3_6_clausal_CV_valency	19_3_6_clausal_CV_valency	fig:heatmap-19-clausal-cv-valency	3.6 Clausal complement CV valency	21_sov_ng_ac_d_pa	sov	ng	nom-acc	deranking	poss-acc	ovs	VS	PVA	100	75	0.75
3_6_clausal_CV_valency	19_3_6_clausal_CV_valency	fig:heatmap-19-clausal-cv-valency	3.6 Clausal complement CV valency	22_sov_ng_ac_d_ep	sov	ng	nom-acc	deranking	erg-poss	vos	VS	AVP	100	75	0.75
3_6_clausal_CV_valency	19_3_6_clausal_CV_valency	fig:heatmap-19-clausal-cv-valency	3.6 Clausal complement CV valency	23_sov_ng_ac_d_no	sov	ng	nom-acc	deranking	nomn	ovs	VS	PVA	100	75	0.75
3_6_clausal_CV_valency	19_3_6_clausal_CV_valency	fig:heatmap-19-clausal-cv-valency	3.6 Clausal complement CV valency	24_sov_ng_er_b_se	sov	ng	erg-abs	balancing	sent	sov	SV	APV	100	75	0.75
3_6_clausal_CV_valency	19_3_6_clausal_CV_valency	fig:heatmap-19-clausal-cv-valency	3.6 Clausal complement CV valency	25_sov_ng_er_b_pa	sov	ng	erg-abs	balancing	poss-acc	ovs	VS	PVA	100	75	0.75
3_6_clausal_CV_valency	19_3_6_clausal_CV_valency	fig:heatmap-19-clausal-cv-valency	3.6 Clausal complement CV valency	26_sov_ng_er_b_ep	sov	ng	erg-abs	balancing	erg-poss	vos	VS	AVP	100	75	0.75
3_6_clausal_CV_valency	19_3_6_clausal_CV_valency	fig:heatmap-19-clausal-cv-valency	3.6 Clausal complement CV valency	27_sov_ng_er_b_no	sov	ng	erg-abs	balancing	nomn	ovs	VS	PVA	100	75	0.75
3_6_clausal_CV_valency	19_3_6_clausal_CV_valency	fig:heatmap-19-clausal-cv-valency	3.6 Clausal complement CV valency	28_sov_ng_er_d_se	sov	ng	erg-abs	deranking	sent	sov	SV	APV	100	92	0.92
3_6_clausal_CV_valency	19_3_6_clausal_CV_valency	fig:heatmap-19-clausal-cv-valency	3.6 Clausal complement CV valency	29_sov_ng_er_d_pa	sov	ng	erg-abs	deranking	poss-acc	ovs	VS	PVA	100	82	0.82
3_6_clausal_CV_valency	19_3_6_clausal_CV_valency	fig:heatmap-19-clausal-cv-valency	3.6 Clausal complement CV valency	30_sov_ng_er_d_ep	sov	ng	erg-abs	deranking	erg-poss	vos	VS	AVP	100	75	0.75
3_6_clausal_CV_valency	19_3_6_clausal_CV_valency	fig:heatmap-19-clausal-cv-valency	3.6 Clausal complement CV valency	31_sov_ng_er_d_no	sov	ng	erg-abs	deranking	nomn	ovs	VS	PVA	100	75	0.75
3_6_clausal_CV_valency	19_3_6_clausal_CV_valency	fig:heatmap-19-clausal-cv-valency	3.6 Clausal complement CV valency	32_svo_gn_ac_b_se	svo	gn	nom-acc	balancing	sent	svo	SV	AVP	100	75	0.75
3_6_clausal_CV_valency	19_3_6_clausal_CV_valency	fig:heatmap-19-clausal-cv-valency	3.6 Clausal complement CV valency	33_svo_gn_ac_b_pa	svo	gn	nom-acc	balancing	poss-acc	svo	SV	AVP	100	75	0.75
3_6_clausal_CV_valency	19_3_6_clausal_CV_valency	fig:heatmap-19-clausal-cv-valency	3.6 Clausal complement CV valency	34_svo_gn_ac_b_ep	svo	gn	nom-acc	balancing	erg-poss	sov	SV	PVA	100	75	0.75
3_6_clausal_CV_valency	19_3_6_clausal_CV_valency	fig:heatmap-19-clausal-cv-valency	3.6 Clausal complement CV valency	35_svo_gn_ac_b_no	svo	gn	nom-acc	balancing	nomn	svo	SV	AVP	100	75	0.75
3_6_clausal_CV_valency	19_3_6_clausal_CV_valency	fig:heatmap-19-clausal-cv-valency	3.6 Clausal complement CV valency	36_svo_gn_ac_d_se	svo	gn	nom-acc	deranking	sent	svo	SV	AVP	100	75	0.75
3_6_clausal_CV_valency	19_3_6_clausal_CV_valency	fig:heatmap-19-clausal-cv-valency	3.6 Clausal complement CV valency	37_svo_gn_ac_d_pa	svo	gn	nom-acc	deranking	poss-acc	svo	SV	AVP	100	75	0.75
3_6_clausal_CV_valency	19_3_6_clausal_CV_valency	fig:heatmap-19-clausal-cv-valency	3.6 Clausal complement CV valency	38_svo_gn_ac_d_ep	svo	gn	nom-acc	deranking	erg-poss	sov	SV	PVA	100	75	0.75
3_6_clausal_CV_valency	19_3_6_clausal_CV_valency	fig:heatmap-19-clausal-cv-valency	3.6 Clausal complement CV valency	39_svo_gn_ac_d_no	svo	gn	nom-acc	deranking	nomn	svo	SV	AVP	100	75	0.75
3_6_clausal_CV_valency	19_3_6_clausal_CV_valency	fig:heatmap-19-clausal-cv-valency	3.6 Clausal complement CV valency	40_svo_gn_er_b_se	svo	gn	erg-abs	balancing	sent	svo	SV	AVP	100	75	0.75
3_6_clausal_CV_valency	19_3_6_clausal_CV_valency	fig:heatmap-19-clausal-cv-valency	3.6 Clausal complement CV valency	41_svo_gn_er_b_pa	svo	gn	erg-abs	balancing	poss-acc	svo	SV	AVP	100	75	0.75
3_6_clausal_CV_valency	19_3_6_clausal_CV_valency	fig:heatmap-19-clausal-cv-valency	3.6 Clausal complement CV valency	42_svo_gn_er_b_ep	svo	gn	erg-abs	balancing	erg-poss	sov	SV	PVA	100	75	0.75
3_6_clausal_CV_valency	19_3_6_clausal_CV_valency	fig:heatmap-19-clausal-cv-valency	3.6 Clausal complement CV valency	43_svo_gn_er_b_no	svo	gn	erg-abs	balancing	nomn	svo	SV	AVP	100	75	0.75
3_6_clausal_CV_valency	19_3_6_clausal_CV_valency	fig:heatmap-19-clausal-cv-valency	3.6 Clausal complement CV valency	44_svo_gn_er_d_se	svo	gn	erg-abs	deranking	sent	svo	SV	AVP	100	92	0.92
3_6_clausal_CV_valency	19_3_6_clausal_CV_valency	fig:heatmap-19-clausal-cv-valency	3.6 Clausal complement CV valency	45_svo_gn_er_d_pa	svo	gn	erg-abs	deranking	poss-acc	svo	SV	AVP	100	75	0.75
3_6_clausal_CV_valency	19_3_6_clausal_CV_valency	fig:heatmap-19-clausal-cv-valency	3.6 Clausal complement CV valency	46_svo_gn_er_d_ep	svo	gn	erg-abs	deranking	erg-poss	sov	SV	PVA	100	75	0.75
3_6_clausal_CV_valency	19_3_6_clausal_CV_valency	fig:heatmap-19-clausal-cv-valency	3.6 Clausal complement CV valency	47_svo_gn_er_d_no	svo	gn	erg-abs	deranking	nomn	svo	SV	AVP	100	75	0.75
3_6_clausal_CV_valency	19_3_6_clausal_CV_valency	fig:heatmap-19-clausal-cv-valency	3.6 Clausal complement CV valency	48_svo_ng_ac_b_se	svo	ng	nom-acc	balancing	sent	svo	SV	AVP	100	75	0.75
3_6_clausal_CV_valency	19_3_6_clausal_CV_valency	fig:heatmap-19-clausal-cv-valency	3.6 Clausal complement CV valency	49_svo_ng_ac_b_pa	svo	ng	nom-acc	balancing	poss-acc	vos	VS	VPA	100	75	0.75
3_6_clausal_CV_valency	19_3_6_clausal_CV_valency	fig:heatmap-19-clausal-cv-valency	3.6 Clausal complement CV valency	50_svo_ng_ac_b_ep	svo	ng	nom-acc	balancing	erg-poss	vos	VS	VPA	100	75	0.75
3_6_clausal_CV_valency	19_3_6_clausal_CV_valency	fig:heatmap-19-clausal-cv-valency	3.6 Clausal complement CV valency	51_svo_ng_ac_b_no	svo	ng	nom-acc	balancing	nomn	vos	VS	VPA	100	75	0.75
3_6_clausal_CV_valency	19_3_6_clausal_CV_valency	fig:heatmap-19-clausal-cv-valency	3.6 Clausal complement CV valency	52_svo_ng_ac_d_se	svo	ng	nom-acc	deranking	sent	svo	SV	AVP	100	75	0.75
3_6_clausal_CV_valency	19_3_6_clausal_CV_valency	fig:heatmap-19-clausal-cv-valency	3.6 Clausal complement CV valency	53_svo_ng_ac_d_pa	svo	ng	nom-acc	deranking	poss-acc	vos	VS	VPA	100	75	0.75
3_6_clausal_CV_valency	19_3_6_clausal_CV_valency	fig:heatmap-19-clausal-cv-valency	3.6 Clausal complement CV valency	54_svo_ng_ac_d_ep	svo	ng	nom-acc	deranking	erg-poss	vos	VS	VPA	100	75	0.75
3_6_clausal_CV_valency	19_3_6_clausal_CV_valency	fig:heatmap-19-clausal-cv-valency	3.6 Clausal complement CV valency	55_svo_ng_ac_d_no	svo	ng	nom-acc	deranking	nomn	vos	VS	VPA	100	75	0.75
3_6_clausal_CV_valency	19_3_6_clausal_CV_valency	fig:heatmap-19-clausal-cv-valency	3.6 Clausal complement CV valency	56_svo_ng_er_b_se	svo	ng	erg-abs	balancing	sent	svo	SV	AVP	100	75	0.75
3_6_clausal_CV_valency	19_3_6_clausal_CV_valency	fig:heatmap-19-clausal-cv-valency	3.6 Clausal complement CV valency	57_svo_ng_er_b_pa	svo	ng	erg-abs	balancing	poss-acc	vos	VS	VPA	100	75	0.75
3_6_clausal_CV_valency	19_3_6_clausal_CV_valency	fig:heatmap-19-clausal-cv-valency	3.6 Clausal complement CV valency	58_svo_ng_er_b_ep	svo	ng	erg-abs	balancing	erg-poss	vos	VS	VPA	100	75	0.75
3_6_clausal_CV_valency	19_3_6_clausal_CV_valency	fig:heatmap-19-clausal-cv-valency	3.6 Clausal complement CV valency	59_svo_ng_er_b_no	svo	ng	erg-abs	balancing	nomn	vos	VS	VPA	100	75	0.75
3_6_clausal_CV_valency	19_3_6_clausal_CV_valency	fig:heatmap-19-clausal-cv-valency	3.6 Clausal complement CV valency	60_svo_ng_er_d_se	svo	ng	erg-abs	deranking	sent	svo	SV	AVP	100	92	0.92
3_6_clausal_CV_valency	19_3_6_clausal_CV_valency	fig:heatmap-19-clausal-cv-valency	3.6 Clausal complement CV valency	61_svo_ng_er_d_pa	svo	ng	erg-abs	deranking	poss-acc	vos	VS	VPA	100	75	0.75
3_6_clausal_CV_valency	19_3_6_clausal_CV_valency	fig:heatmap-19-clausal-cv-valency	3.6 Clausal complement CV valency	62_svo_ng_er_d_ep	svo	ng	erg-abs	deranking	erg-poss	vos	VS	VPA	100	75	0.75
3_6_clausal_CV_valency	19_3_6_clausal_CV_valency	fig:heatmap-19-clausal-cv-valency	3.6 Clausal complement CV valency	63_svo_ng_er_d_no	svo	ng	erg-abs	deranking	nomn	vos	VS	VPA	100	75	0.75
3_6_clausal_CV_valency	19_3_6_clausal_CV_valency	fig:heatmap-19-clausal-cv-valency	3.6 Clausal complement CV valency	64_vos_gn_ac_b_se	vos	gn	nom-acc	balancing	sent	vos	VS	VPA	100	75	0.75
3_6_clausal_CV_valency	19_3_6_clausal_CV_valency	fig:heatmap-19-clausal-cv-valency	3.6 Clausal complement CV valency	65_vos_gn_ac_b_pa	vos	gn	nom-acc	balancing	poss-acc	svo	SV	AVP	100	75	0.75
3_6_clausal_CV_valency	19_3_6_clausal_CV_valency	fig:heatmap-19-clausal-cv-valency	3.6 Clausal complement CV valency	66_vos_gn_ac_b_ep	vos	gn	nom-acc	balancing	erg-poss	sov	SV	PVA	100	75	0.75
3_6_clausal_CV_valency	19_3_6_clausal_CV_valency	fig:heatmap-19-clausal-cv-valency	3.6 Clausal complement CV valency	67_vos_gn_ac_b_no	vos	gn	nom-acc	balancing	nomn	svo	SV	AVP	100	75	0.75
3_6_clausal_CV_valency	19_3_6_clausal_CV_valency	fig:heatmap-19-clausal-cv-valency	3.6 Clausal complement CV valency	68_vos_gn_ac_d_se	vos	gn	nom-acc	deranking	sent	vos	VS	VPA	100	75	0.75
3_6_clausal_CV_valency	19_3_6_clausal_CV_valency	fig:heatmap-19-clausal-cv-valency	3.6 Clausal complement CV valency	69_vos_gn_ac_d_pa	vos	gn	nom-acc	deranking	poss-acc	svo	SV	AVP	100	75	0.75
3_6_clausal_CV_valency	19_3_6_clausal_CV_valency	fig:heatmap-19-clausal-cv-valency	3.6 Clausal complement CV valency	70_vos_gn_ac_d_ep	vos	gn	nom-acc	deranking	erg-poss	sov	SV	PVA	100	75	0.75
3_6_clausal_CV_valency	19_3_6_clausal_CV_valency	fig:heatmap-19-clausal-cv-valency	3.6 Clausal complement CV valency	71_vos_gn_ac_d_no	vos	gn	nom-acc	deranking	nomn	svo	SV	AVP	100	75	0.75
3_6_clausal_CV_valency	19_3_6_clausal_CV_valency	fig:heatmap-19-clausal-cv-valency	3.6 Clausal complement CV valency	72_vos_gn_er_b_se	vos	gn	erg-abs	balancing	sent	vos	VS	VPA	100	75	0.75
3_6_clausal_CV_valency	19_3_6_clausal_CV_valency	fig:heatmap-19-clausal-cv-valency	3.6 Clausal complement CV valency	73_vos_gn_er_b_pa	vos	gn	erg-abs	balancing	poss-acc	svo	SV	AVP	100	75	0.75
3_6_clausal_CV_valency	19_3_6_clausal_CV_valency	fig:heatmap-19-clausal-cv-valency	3.6 Clausal complement CV valency	74_vos_gn_er_b_ep	vos	gn	erg-abs	balancing	erg-poss	sov	SV	PVA	100	75	0.75
3_6_clausal_CV_valency	19_3_6_clausal_CV_valency	fig:heatmap-19-clausal-cv-valency	3.6 Clausal complement CV valency	75_vos_gn_er_b_no	vos	gn	erg-abs	balancing	nomn	svo	SV	AVP	100	75	0.75
3_6_clausal_CV_valency	19_3_6_clausal_CV_valency	fig:heatmap-19-clausal-cv-valency	3.6 Clausal complement CV valency	76_vos_gn_er_d_se	vos	gn	erg-abs	deranking	sent	vos	VS	VPA	100	92	0.92
3_6_clausal_CV_valency	19_3_6_clausal_CV_valency	fig:heatmap-19-clausal-cv-valency	3.6 Clausal complement CV valency	77_vos_gn_er_d_pa	vos	gn	erg-abs	deranking	poss-acc	svo	SV	AVP	100	82	0.82
3_6_clausal_CV_valency	19_3_6_clausal_CV_valency	fig:heatmap-19-clausal-cv-valency	3.6 Clausal complement CV valency	78_vos_gn_er_d_ep	vos	gn	erg-abs	deranking	erg-poss	sov	SV	PVA	100	75	0.75
3_6_clausal_CV_valency	19_3_6_clausal_CV_valency	fig:heatmap-19-clausal-cv-valency	3.6 Clausal complement CV valency	79_vos_gn_er_d_no	vos	gn	erg-abs	deranking	nomn	svo	SV	AVP	100	75	0.75
3_6_clausal_CV_valency	19_3_6_clausal_CV_valency	fig:heatmap-19-clausal-cv-valency	3.6 Clausal complement CV valency	80_vos_ng_ac_b_se	vos	ng	nom-acc	balancing	sent	vos	VS	VPA	100	75	0.75
3_6_clausal_CV_valency	19_3_6_clausal_CV_valency	fig:heatmap-19-clausal-cv-valency	3.6 Clausal complement CV valency	81_vos_ng_ac_b_pa	vos	ng	nom-acc	balancing	poss-acc	vos	VS	VPA	100	75	0.75
3_6_clausal_CV_valency	19_3_6_clausal_CV_valency	fig:heatmap-19-clausal-cv-valency	3.6 Clausal complement CV valency	82_vos_ng_ac_b_ep	vos	ng	nom-acc	balancing	erg-poss	vos	VS	VPA	100	75	0.75
3_6_clausal_CV_valency	19_3_6_clausal_CV_valency	fig:heatmap-19-clausal-cv-valency	3.6 Clausal complement CV valency	83_vos_ng_ac_b_no	vos	ng	nom-acc	balancing	nomn	vos	VS	VPA	100	75	0.75
3_6_clausal_CV_valency	19_3_6_clausal_CV_valency	fig:heatmap-19-clausal-cv-valency	3.6 Clausal complement CV valency	84_vos_ng_ac_d_se	vos	ng	nom-acc	deranking	sent	vos	VS	VPA	100	75	0.75
3_6_clausal_CV_valency	19_3_6_clausal_CV_valency	fig:heatmap-19-clausal-cv-valency	3.6 Clausal complement CV valency	85_vos_ng_ac_d_pa	vos	ng	nom-acc	deranking	poss-acc	vos	VS	VPA	100	75	0.75
3_6_clausal_CV_valency	19_3_6_clausal_CV_valency	fig:heatmap-19-clausal-cv-valency	3.6 Clausal complement CV valency	86_vos_ng_ac_d_ep	vos	ng	nom-acc	deranking	erg-poss	vos	VS	VPA	100	75	0.75
3_6_clausal_CV_valency	19_3_6_clausal_CV_valency	fig:heatmap-19-clausal-cv-valency	3.6 Clausal complement CV valency	87_vos_ng_ac_d_no	vos	ng	nom-acc	deranking	nomn	vos	VS	VPA	100	75	0.75
3_6_clausal_CV_valency	19_3_6_clausal_CV_valency	fig:heatmap-19-clausal-cv-valency	3.6 Clausal complement CV valency	88_vos_ng_er_b_se	vos	ng	erg-abs	balancing	sent	vos	VS	VPA	100	75	0.75
3_6_clausal_CV_valency	19_3_6_clausal_CV_valency	fig:heatmap-19-clausal-cv-valency	3.6 Clausal complement CV valency	89_vos_ng_er_b_pa	vos	ng	erg-abs	balancing	poss-acc	vos	VS	VPA	100	75	0.75
3_6_clausal_CV_valency	19_3_6_clausal_CV_valency	fig:heatmap-19-clausal-cv-valency	3.6 Clausal complement CV valency	90_vos_ng_er_b_ep	vos	ng	erg-abs	balancing	erg-poss	vos	VS	VPA	100	75	0.75
3_6_clausal_CV_valency	19_3_6_clausal_CV_valency	fig:heatmap-19-clausal-cv-valency	3.6 Clausal complement CV valency	91_vos_ng_er_b_no	vos	ng	erg-abs	balancing	nomn	vos	VS	VPA	100	75	0.75
3_6_clausal_CV_valency	19_3_6_clausal_CV_valency	fig:heatmap-19-clausal-cv-valency	3.6 Clausal complement CV valency	92_vos_ng_er_d_se	vos	ng	erg-abs	deranking	sent	vos	VS	VPA	100	92	0.92
3_6_clausal_CV_valency	19_3_6_clausal_CV_valency	fig:heatmap-19-clausal-cv-valency	3.6 Clausal complement CV valency	93_vos_ng_er_d_pa	vos	ng	erg-abs	deranking	poss-acc	vos	VS	VPA	100	82	0.82
3_6_clausal_CV_valency	19_3_6_clausal_CV_valency	fig:heatmap-19-clausal-cv-valency	3.6 Clausal complement CV valency	94_vos_ng_er_d_ep	vos	ng	erg-abs	deranking	erg-poss	vos	VS	VPA	100	75	0.75
3_6_clausal_CV_valency	19_3_6_clausal_CV_valency	fig:heatmap-19-clausal-cv-valency	3.6 Clausal complement CV valency	95_vos_ng_er_d_no	vos	ng	erg-abs	deranking	nomn	vos	VS	VPA	100	75	0.75
4_1_anc_V_form	20_4_1_anc_V_form	fig:heatmap-20-anc-v-form	4.1 ANC verb form	00_sov_gn_ac_b_se	sov	gn	nom-acc	balancing	sent	sov	SV	APV	100	10	0.1
4_1_anc_V_form	20_4_1_anc_V_form	fig:heatmap-20-anc-v-form	4.1 ANC verb form	01_sov_gn_ac_b_pa	sov	gn	nom-acc	balancing	poss-acc	sov	SV	APV	100	21	0.21
4_1_anc_V_form	20_4_1_anc_V_form	fig:heatmap-20-anc-v-form	4.1 ANC verb form	02_sov_gn_ac_b_ep	sov	gn	nom-acc	balancing	erg-poss	sov	SV	APV	100	24	0.24
4_1_anc_V_form	20_4_1_anc_V_form	fig:heatmap-20-anc-v-form	4.1 ANC verb form	03_sov_gn_ac_b_no	sov	gn	nom-acc	balancing	nomn	sov	SV	APV	100	21	0.21
4_1_anc_V_form	20_4_1_anc_V_form	fig:heatmap-20-anc-v-form	4.1 ANC verb form	04_sov_gn_ac_d_se	sov	gn	nom-acc	deranking	sent	sov	SV	APV	100	10	0.1
4_1_anc_V_form	20_4_1_anc_V_form	fig:heatmap-20-anc-v-form	4.1 ANC verb form	05_sov_gn_ac_d_pa	sov	gn	nom-acc	deranking	poss-acc	sov	SV	APV	100	21	0.21
4_1_anc_V_form	20_4_1_anc_V_form	fig:heatmap-20-anc-v-form	4.1 ANC verb form	06_sov_gn_ac_d_ep	sov	gn	nom-acc	deranking	erg-poss	sov	SV	APV	100	24	0.24
4_1_anc_V_form	20_4_1_anc_V_form	fig:heatmap-20-anc-v-form	4.1 ANC verb form	07_sov_gn_ac_d_no	sov	gn	nom-acc	deranking	nomn	sov	SV	APV	100	21	0.21
4_1_anc_V_form	20_4_1_anc_V_form	fig:heatmap-20-anc-v-form	4.1 ANC verb form	08_sov_gn_er_b_se	sov	gn	erg-abs	balancing	sent	sov	SV	APV	100	41	0.41
4_1_anc_V_form	20_4_1_anc_V_form	fig:heatmap-20-anc-v-form	4.1 ANC verb form	09_sov_gn_er_b_pa	sov	gn	erg-abs	balancing	poss-acc	sov	SV	APV	100	39	0.39
4_1_anc_V_form	20_4_1_anc_V_form	fig:heatmap-20-anc-v-form	4.1 ANC verb form	10_sov_gn_er_b_ep	sov	gn	erg-abs	balancing	erg-poss	sov	SV	APV	100	24	0.24
4_1_anc_V_form	20_4_1_anc_V_form	fig:heatmap-20-anc-v-form	4.1 ANC verb form	11_sov_gn_er_b_no	sov	gn	erg-abs	balancing	nomn	sov	SV	APV	100	21	0.21
4_1_anc_V_form	20_4_1_anc_V_form	fig:heatmap-20-anc-v-form	4.1 ANC verb form	12_sov_gn_er_d_se	sov	gn	erg-abs	deranking	sent	sov	SV	APV	100	10	0.1
4_1_anc_V_form	20_4_1_anc_V_form	fig:heatmap-20-anc-v-form	4.1 ANC verb form	13_sov_gn_er_d_pa	sov	gn	erg-abs	deranking	poss-acc	sov	SV	APV	100	21	0.21
4_1_anc_V_form	20_4_1_anc_V_form	fig:heatmap-20-anc-v-form	4.1 ANC verb form	14_sov_gn_er_d_ep	sov	gn	erg-abs	deranking	erg-poss	sov	SV	APV	100	24	0.24
4_1_anc_V_form	20_4_1_anc_V_form	fig:heatmap-20-anc-v-form	4.1 ANC verb form	15_sov_gn_er_d_no	sov	gn	erg-abs	deranking	nomn	sov	SV	APV	100	21	0.21
4_1_anc_V_form	20_4_1_anc_V_form	fig:heatmap-20-anc-v-form	4.1 ANC verb form	16_sov_ng_ac_b_se	sov	ng	nom-acc	balancing	sent	sov	SV	APV	100	10	0.1
4_1_anc_V_form	20_4_1_anc_V_form	fig:heatmap-20-anc-v-form	4.1 ANC verb form	17_sov_ng_ac_b_pa	sov	ng	nom-acc	balancing	poss-acc	ovs	VS	PVA	100	21	0.21
4_1_anc_V_form	20_4_1_anc_V_form	fig:heatmap-20-anc-v-form	4.1 ANC verb form	18_sov_ng_ac_b_ep	sov	ng	nom-acc	balancing	erg-poss	vos	VS	AVP	100	24	0.24
4_1_anc_V_form	20_4_1_anc_V_form	fig:heatmap-20-anc-v-form	4.1 ANC verb form	19_sov_ng_ac_b_no	sov	ng	nom-acc	balancing	nomn	ovs	VS	PVA	100	21	0.21
4_1_anc_V_form	20_4_1_anc_V_form	fig:heatmap-20-anc-v-form	4.1 ANC verb form	20_sov_ng_ac_d_se	sov	ng	nom-acc	deranking	sent	sov	SV	APV	100	10	0.1
4_1_anc_V_form	20_4_1_anc_V_form	fig:heatmap-20-anc-v-form	4.1 ANC verb form	21_sov_ng_ac_d_pa	sov	ng	nom-acc	deranking	poss-acc	ovs	VS	PVA	100	21	0.21
4_1_anc_V_form	20_4_1_anc_V_form	fig:heatmap-20-anc-v-form	4.1 ANC verb form	22_sov_ng_ac_d_ep	sov	ng	nom-acc	deranking	erg-poss	vos	VS	AVP	100	24	0.24
4_1_anc_V_form	20_4_1_anc_V_form	fig:heatmap-20-anc-v-form	4.1 ANC verb form	23_sov_ng_ac_d_no	sov	ng	nom-acc	deranking	nomn	ovs	VS	PVA	100	21	0.21
4_1_anc_V_form	20_4_1_anc_V_form	fig:heatmap-20-anc-v-form	4.1 ANC verb form	24_sov_ng_er_b_se	sov	ng	erg-abs	balancing	sent	sov	SV	APV	100	41	0.41
4_1_anc_V_form	20_4_1_anc_V_form	fig:heatmap-20-anc-v-form	4.1 ANC verb form	25_sov_ng_er_b_pa	sov	ng	erg-abs	balancing	poss-acc	ovs	VS	PVA	100	29	0.29
4_1_anc_V_form	20_4_1_anc_V_form	fig:heatmap-20-anc-v-form	4.1 ANC verb form	26_sov_ng_er_b_ep	sov	ng	erg-abs	balancing	erg-poss	vos	VS	AVP	100	24	0.24
4_1_anc_V_form	20_4_1_anc_V_form	fig:heatmap-20-anc-v-form	4.1 ANC verb form	27_sov_ng_er_b_no	sov	ng	erg-abs	balancing	nomn	ovs	VS	PVA	100	21	0.21
4_1_anc_V_form	20_4_1_anc_V_form	fig:heatmap-20-anc-v-form	4.1 ANC verb form	28_sov_ng_er_d_se	sov	ng	erg-abs	deranking	sent	sov	SV	APV	100	10	0.1
4_1_anc_V_form	20_4_1_anc_V_form	fig:heatmap-20-anc-v-form	4.1 ANC verb form	29_sov_ng_er_d_pa	sov	ng	erg-abs	deranking	poss-acc	ovs	VS	PVA	100	21	0.21
4_1_anc_V_form	20_4_1_anc_V_form	fig:heatmap-20-anc-v-form	4.1 ANC verb form	30_sov_ng_er_d_ep	sov	ng	erg-abs	deranking	erg-poss	vos	VS	AVP	100	24	0.24
4_1_anc_V_form	20_4_1_anc_V_form	fig:heatmap-20-anc-v-form	4.1 ANC verb form	31_sov_ng_er_d_no	sov	ng	erg-abs	deranking	nomn	ovs	VS	PVA	100	21	0.21
4_1_anc_V_form	20_4_1_anc_V_form	fig:heatmap-20-anc-v-form	4.1 ANC verb form	32_svo_gn_ac_b_se	svo	gn	nom-acc	balancing	sent	svo	SV	AVP	100	10	0.1
4_1_anc_V_form	20_4_1_anc_V_form	fig:heatmap-20-anc-v-form	4.1 ANC verb form	33_svo_gn_ac_b_pa	svo	gn	nom-acc	balancing	poss-acc	svo	SV	AVP	100	21	0.21
4_1_anc_V_form	20_4_1_anc_V_form	fig:heatmap-20-anc-v-form	4.1 ANC verb form	34_svo_gn_ac_b_ep	svo	gn	nom-acc	balancing	erg-poss	sov	SV	PVA	100	24	0.24
4_1_anc_V_form	20_4_1_anc_V_form	fig:heatmap-20-anc-v-form	4.1 ANC verb form	35_svo_gn_ac_b_no	svo	gn	nom-acc	balancing	nomn	svo	SV	AVP	100	21	0.21
4_1_anc_V_form	20_4_1_anc_V_form	fig:heatmap-20-anc-v-form	4.1 ANC verb form	36_svo_gn_ac_d_se	svo	gn	nom-acc	deranking	sent	svo	SV	AVP	100	10	0.1
4_1_anc_V_form	20_4_1_anc_V_form	fig:heatmap-20-anc-v-form	4.1 ANC verb form	37_svo_gn_ac_d_pa	svo	gn	nom-acc	deranking	poss-acc	svo	SV	AVP	100	21	0.21
4_1_anc_V_form	20_4_1_anc_V_form	fig:heatmap-20-anc-v-form	4.1 ANC verb form	38_svo_gn_ac_d_ep	svo	gn	nom-acc	deranking	erg-poss	sov	SV	PVA	100	24	0.24
4_1_anc_V_form	20_4_1_anc_V_form	fig:heatmap-20-anc-v-form	4.1 ANC verb form	39_svo_gn_ac_d_no	svo	gn	nom-acc	deranking	nomn	svo	SV	AVP	100	21	0.21
4_1_anc_V_form	20_4_1_anc_V_form	fig:heatmap-20-anc-v-form	4.1 ANC verb form	40_svo_gn_er_b_se	svo	gn	erg-abs	balancing	sent	svo	SV	AVP	100	33	0.33
4_1_anc_V_form	20_4_1_anc_V_form	fig:heatmap-20-anc-v-form	4.1 ANC verb form	41_svo_gn_er_b_pa	svo	gn	erg-abs	balancing	poss-acc	svo	SV	AVP	100	21	0.21
4_1_anc_V_form	20_4_1_anc_V_form	fig:heatmap-20-anc-v-form	4.1 ANC verb form	42_svo_gn_er_b_ep	svo	gn	erg-abs	balancing	erg-poss	sov	SV	PVA	100	24	0.24
4_1_anc_V_form	20_4_1_anc_V_form	fig:heatmap-20-anc-v-form	4.1 ANC verb form	43_svo_gn_er_b_no	svo	gn	erg-abs	balancing	nomn	svo	SV	AVP	100	21	0.21
4_1_anc_V_form	20_4_1_anc_V_form	fig:heatmap-20-anc-v-form	4.1 ANC verb form	44_svo_gn_er_d_se	svo	gn	erg-abs	deranking	sent	svo	SV	AVP	100	10	0.1
4_1_anc_V_form	20_4_1_anc_V_form	fig:heatmap-20-anc-v-form	4.1 ANC verb form	45_svo_gn_er_d_pa	svo	gn	erg-abs	deranking	poss-acc	svo	SV	AVP	100	21	0.21
4_1_anc_V_form	20_4_1_anc_V_form	fig:heatmap-20-anc-v-form	4.1 ANC verb form	46_svo_gn_er_d_ep	svo	gn	erg-abs	deranking	erg-poss	sov	SV	PVA	100	24	0.24
4_1_anc_V_form	20_4_1_anc_V_form	fig:heatmap-20-anc-v-form	4.1 ANC verb form	47_svo_gn_er_d_no	svo	gn	erg-abs	deranking	nomn	svo	SV	AVP	100	21	0.21
4_1_anc_V_form	20_4_1_anc_V_form	fig:heatmap-20-anc-v-form	4.1 ANC verb form	48_svo_ng_ac_b_se	svo	ng	nom-acc	balancing	sent	svo	SV	AVP	100	10	0.1
4_1_anc_V_form	20_4_1_anc_V_form	fig:heatmap-20-anc-v-form	4.1 ANC verb form	49_svo_ng_ac_b_pa	svo	ng	nom-acc	balancing	poss-acc	vos	VS	VPA	100	21	0.21
4_1_anc_V_form	20_4_1_anc_V_form	fig:heatmap-20-anc-v-form	4.1 ANC verb form	50_svo_ng_ac_b_ep	svo	ng	nom-acc	balancing	erg-poss	vos	VS	VPA	100	24	0.24
4_1_anc_V_form	20_4_1_anc_V_form	fig:heatmap-20-anc-v-form	4.1 ANC verb form	51_svo_ng_ac_b_no	svo	ng	nom-acc	balancing	nomn	vos	VS	VPA	100	21	0.21
4_1_anc_V_form	20_4_1_anc_V_form	fig:heatmap-20-anc-v-form	4.1 ANC verb form	52_svo_ng_ac_d_se	svo	ng	nom-acc	deranking	sent	svo	SV	AVP	100	10	0.1
4_1_anc_V_form	20_4_1_anc_V_form	fig:heatmap-20-anc-v-form	4.1 ANC verb form	53_svo_ng_ac_d_pa	svo	ng	nom-acc	deranking	poss-acc	vos	VS	VPA	100	21	0.21
4_1_anc_V_form	20_4_1_anc_V_form	fig:heatmap-20-anc-v-form	4.1 ANC verb form	54_svo_ng_ac_d_ep	svo	ng	nom-acc	deranking	erg-poss	vos	VS	VPA	100	24	0.24
4_1_anc_V_form	20_4_1_anc_V_form	fig:heatmap-20-anc-v-form	4.1 ANC verb form	55_svo_ng_ac_d_no	svo	ng	nom-acc	deranking	nomn	vos	VS	VPA	100	21	0.21
4_1_anc_V_form	20_4_1_anc_V_form	fig:heatmap-20-anc-v-form	4.1 ANC verb form	56_svo_ng_er_b_se	svo	ng	erg-abs	balancing	sent	svo	SV	AVP	100	33	0.33
4_1_anc_V_form	20_4_1_anc_V_form	fig:heatmap-20-anc-v-form	4.1 ANC verb form	57_svo_ng_er_b_pa	svo	ng	erg-abs	balancing	poss-acc	vos	VS	VPA	100	21	0.21
4_1_anc_V_form	20_4_1_anc_V_form	fig:heatmap-20-anc-v-form	4.1 ANC verb form	58_svo_ng_er_b_ep	svo	ng	erg-abs	balancing	erg-poss	vos	VS	VPA	100	24	0.24
4_1_anc_V_form	20_4_1_anc_V_form	fig:heatmap-20-anc-v-form	4.1 ANC verb form	59_svo_ng_er_b_no	svo	ng	erg-abs	balancing	nomn	vos	VS	VPA	100	21	0.21
4_1_anc_V_form	20_4_1_anc_V_form	fig:heatmap-20-anc-v-form	4.1 ANC verb form	60_svo_ng_er_d_se	svo	ng	erg-abs	deranking	sent	svo	SV	AVP	100	10	0.1
4_1_anc_V_form	20_4_1_anc_V_form	fig:heatmap-20-anc-v-form	4.1 ANC verb form	61_svo_ng_er_d_pa	svo	ng	erg-abs	deranking	poss-acc	vos	VS	VPA	100	21	0.21
4_1_anc_V_form	20_4_1_anc_V_form	fig:heatmap-20-anc-v-form	4.1 ANC verb form	62_svo_ng_er_d_ep	svo	ng	erg-abs	deranking	erg-poss	vos	VS	VPA	100	24	0.24
4_1_anc_V_form	20_4_1_anc_V_form	fig:heatmap-20-anc-v-form	4.1 ANC verb form	63_svo_ng_er_d_no	svo	ng	erg-abs	deranking	nomn	vos	VS	VPA	100	21	0.21
4_1_anc_V_form	20_4_1_anc_V_form	fig:heatmap-20-anc-v-form	4.1 ANC verb form	64_vos_gn_ac_b_se	vos	gn	nom-acc	balancing	sent	vos	VS	VPA	100	10	0.1
4_1_anc_V_form	20_4_1_anc_V_form	fig:heatmap-20-anc-v-form	4.1 ANC verb form	65_vos_gn_ac_b_pa	vos	gn	nom-acc	balancing	poss-acc	svo	SV	AVP	100	21	0.21
4_1_anc_V_form	20_4_1_anc_V_form	fig:heatmap-20-anc-v-form	4.1 ANC verb form	66_vos_gn_ac_b_ep	vos	gn	nom-acc	balancing	erg-poss	sov	SV	PVA	100	24	0.24
4_1_anc_V_form	20_4_1_anc_V_form	fig:heatmap-20-anc-v-form	4.1 ANC verb form	67_vos_gn_ac_b_no	vos	gn	nom-acc	balancing	nomn	svo	SV	AVP	100	21	0.21
4_1_anc_V_form	20_4_1_anc_V_form	fig:heatmap-20-anc-v-form	4.1 ANC verb form	68_vos_gn_ac_d_se	vos	gn	nom-acc	deranking	sent	vos	VS	VPA	100	10	0.1
4_1_anc_V_form	20_4_1_anc_V_form	fig:heatmap-20-anc-v-form	4.1 ANC verb form	69_vos_gn_ac_d_pa	vos	gn	nom-acc	deranking	poss-acc	svo	SV	AVP	100	21	0.21
4_1_anc_V_form	20_4_1_anc_V_form	fig:heatmap-20-anc-v-form	4.1 ANC verb form	70_vos_gn_ac_d_ep	vos	gn	nom-acc	deranking	erg-poss	sov	SV	PVA	100	24	0.24
4_1_anc_V_form	20_4_1_anc_V_form	fig:heatmap-20-anc-v-form	4.1 ANC verb form	71_vos_gn_ac_d_no	vos	gn	nom-acc	deranking	nomn	svo	SV	AVP	100	21	0.21
4_1_anc_V_form	20_4_1_anc_V_form	fig:heatmap-20-anc-v-form	4.1 ANC verb form	72_vos_gn_er_b_se	vos	gn	erg-abs	balancing	sent	vos	VS	VPA	100	41	0.41
4_1_anc_V_form	20_4_1_anc_V_form	fig:heatmap-20-anc-v-form	4.1 ANC verb form	73_vos_gn_er_b_pa	vos	gn	erg-abs	balancing	poss-acc	svo	SV	AVP	100	29	0.29
4_1_anc_V_form	20_4_1_anc_V_form	fig:heatmap-20-anc-v-form	4.1 ANC verb form	74_vos_gn_er_b_ep	vos	gn	erg-abs	balancing	erg-poss	sov	SV	PVA	100	24	0.24
4_1_anc_V_form	20_4_1_anc_V_form	fig:heatmap-20-anc-v-form	4.1 ANC verb form	75_vos_gn_er_b_no	vos	gn	erg-abs	balancing	nomn	svo	SV	AVP	100	21	0.21
4_1_anc_V_form	20_4_1_anc_V_form	fig:heatmap-20-anc-v-form	4.1 ANC verb form	76_vos_gn_er_d_se	vos	gn	erg-abs	deranking	sent	vos	VS	VPA	100	10	0.1
4_1_anc_V_form	20_4_1_anc_V_form	fig:heatmap-20-anc-v-form	4.1 ANC verb form	77_vos_gn_er_d_pa	vos	gn	erg-abs	deranking	poss-acc	svo	SV	AVP	100	21	0.21
4_1_anc_V_form	20_4_1_anc_V_form	fig:heatmap-20-anc-v-form	4.1 ANC verb form	78_vos_gn_er_d_ep	vos	gn	erg-abs	deranking	erg-poss	sov	SV	PVA	100	24	0.24
4_1_anc_V_form	20_4_1_anc_V_form	fig:heatmap-20-anc-v-form	4.1 ANC verb form	79_vos_gn_er_d_no	vos	gn	erg-abs	deranking	nomn	svo	SV	AVP	100	21	0.21
4_1_anc_V_form	20_4_1_anc_V_form	fig:heatmap-20-anc-v-form	4.1 ANC verb form	80_vos_ng_ac_b_se	vos	ng	nom-acc	balancing	sent	vos	VS	VPA	100	10	0.1
4_1_anc_V_form	20_4_1_anc_V_form	fig:heatmap-20-anc-v-form	4.1 ANC verb form	81_vos_ng_ac_b_pa	vos	ng	nom-acc	balancing	poss-acc	vos	VS	VPA	100	21	0.21
4_1_anc_V_form	20_4_1_anc_V_form	fig:heatmap-20-anc-v-form	4.1 ANC verb form	82_vos_ng_ac_b_ep	vos	ng	nom-acc	balancing	erg-poss	vos	VS	VPA	100	24	0.24
4_1_anc_V_form	20_4_1_anc_V_form	fig:heatmap-20-anc-v-form	4.1 ANC verb form	83_vos_ng_ac_b_no	vos	ng	nom-acc	balancing	nomn	vos	VS	VPA	100	21	0.21
4_1_anc_V_form	20_4_1_anc_V_form	fig:heatmap-20-anc-v-form	4.1 ANC verb form	84_vos_ng_ac_d_se	vos	ng	nom-acc	deranking	sent	vos	VS	VPA	100	10	0.1
4_1_anc_V_form	20_4_1_anc_V_form	fig:heatmap-20-anc-v-form	4.1 ANC verb form	85_vos_ng_ac_d_pa	vos	ng	nom-acc	deranking	poss-acc	vos	VS	VPA	100	21	0.21
4_1_anc_V_form	20_4_1_anc_V_form	fig:heatmap-20-anc-v-form	4.1 ANC verb form	86_vos_ng_ac_d_ep	vos	ng	nom-acc	deranking	erg-poss	vos	VS	VPA	100	24	0.24
4_1_anc_V_form	20_4_1_anc_V_form	fig:heatmap-20-anc-v-form	4.1 ANC verb form	87_vos_ng_ac_d_no	vos	ng	nom-acc	deranking	nomn	vos	VS	VPA	100	21	0.21
4_1_anc_V_form	20_4_1_anc_V_form	fig:heatmap-20-anc-v-form	4.1 ANC verb form	88_vos_ng_er_b_se	vos	ng	erg-abs	balancing	sent	vos	VS	VPA	100	41	0.41
4_1_anc_V_form	20_4_1_anc_V_form	fig:heatmap-20-anc-v-form	4.1 ANC verb form	89_vos_ng_er_b_pa	vos	ng	erg-abs	balancing	poss-acc	vos	VS	VPA	100	39	0.39
4_1_anc_V_form	20_4_1_anc_V_form	fig:heatmap-20-anc-v-form	4.1 ANC verb form	90_vos_ng_er_b_ep	vos	ng	erg-abs	balancing	erg-poss	vos	VS	VPA	100	24	0.24
4_1_anc_V_form	20_4_1_anc_V_form	fig:heatmap-20-anc-v-form	4.1 ANC verb form	91_vos_ng_er_b_no	vos	ng	erg-abs	balancing	nomn	vos	VS	VPA	100	21	0.21
4_1_anc_V_form	20_4_1_anc_V_form	fig:heatmap-20-anc-v-form	4.1 ANC verb form	92_vos_ng_er_d_se	vos	ng	erg-abs	deranking	sent	vos	VS	VPA	100	10	0.1
4_1_anc_V_form	20_4_1_anc_V_form	fig:heatmap-20-anc-v-form	4.1 ANC verb form	93_vos_ng_er_d_pa	vos	ng	erg-abs	deranking	poss-acc	vos	VS	VPA	100	21	0.21
4_1_anc_V_form	20_4_1_anc_V_form	fig:heatmap-20-anc-v-form	4.1 ANC verb form	94_vos_ng_er_d_ep	vos	ng	erg-abs	deranking	erg-poss	vos	VS	VPA	100	24	0.24
4_1_anc_V_form	20_4_1_anc_V_form	fig:heatmap-20-anc-v-form	4.1 ANC verb form	95_vos_ng_er_d_no	vos	ng	erg-abs	deranking	nomn	vos	VS	VPA	100	21	0.21
4_2_anc_S_marker	21_4_2_anc_S_marker	fig:heatmap-21-anc-s-marker	4.2 ANC S marker	00_sov_gn_ac_b_se	sov	gn	nom-acc	balancing	sent	sov	SV	APV	100	33	0.33
4_2_anc_S_marker	21_4_2_anc_S_marker	fig:heatmap-21-anc-s-marker	4.2 ANC S marker	01_sov_gn_ac_b_pa	sov	gn	nom-acc	balancing	poss-acc	sov	SV	APV	100	1	0.01
4_2_anc_S_marker	21_4_2_anc_S_marker	fig:heatmap-21-anc-s-marker	4.2 ANC S marker	02_sov_gn_ac_b_ep	sov	gn	nom-acc	balancing	erg-poss	sov	SV	APV	100	1	0.01
4_2_anc_S_marker	21_4_2_anc_S_marker	fig:heatmap-21-anc-s-marker	4.2 ANC S marker	03_sov_gn_ac_b_no	sov	gn	nom-acc	balancing	nomn	sov	SV	APV	100	1	0.01
4_2_anc_S_marker	21_4_2_anc_S_marker	fig:heatmap-21-anc-s-marker	4.2 ANC S marker	04_sov_gn_ac_d_se	sov	gn	nom-acc	deranking	sent	sov	SV	APV	100	33	0.33
4_2_anc_S_marker	21_4_2_anc_S_marker	fig:heatmap-21-anc-s-marker	4.2 ANC S marker	05_sov_gn_ac_d_pa	sov	gn	nom-acc	deranking	poss-acc	sov	SV	APV	100	1	0.01
4_2_anc_S_marker	21_4_2_anc_S_marker	fig:heatmap-21-anc-s-marker	4.2 ANC S marker	06_sov_gn_ac_d_ep	sov	gn	nom-acc	deranking	erg-poss	sov	SV	APV	100	1	0.01
4_2_anc_S_marker	21_4_2_anc_S_marker	fig:heatmap-21-anc-s-marker	4.2 ANC S marker	07_sov_gn_ac_d_no	sov	gn	nom-acc	deranking	nomn	sov	SV	APV	100	1	0.01
4_2_anc_S_marker	21_4_2_anc_S_marker	fig:heatmap-21-anc-s-marker	4.2 ANC S marker	08_sov_gn_er_b_se	sov	gn	erg-abs	balancing	sent	sov	SV	APV	100	33	0.33
4_2_anc_S_marker	21_4_2_anc_S_marker	fig:heatmap-21-anc-s-marker	4.2 ANC S marker	09_sov_gn_er_b_pa	sov	gn	erg-abs	balancing	poss-acc	sov	SV	APV	100	92	0.92
4_2_anc_S_marker	21_4_2_anc_S_marker	fig:heatmap-21-anc-s-marker	4.2 ANC S marker	10_sov_gn_er_b_ep	sov	gn	erg-abs	balancing	erg-poss	sov	SV	APV	100	1	0.01
4_2_anc_S_marker	21_4_2_anc_S_marker	fig:heatmap-21-anc-s-marker	4.2 ANC S marker	11_sov_gn_er_b_no	sov	gn	erg-abs	balancing	nomn	sov	SV	APV	100	1	0.01
4_2_anc_S_marker	21_4_2_anc_S_marker	fig:heatmap-21-anc-s-marker	4.2 ANC S marker	12_sov_gn_er_d_se	sov	gn	erg-abs	deranking	sent	sov	SV	APV	100	33	0.33
4_2_anc_S_marker	21_4_2_anc_S_marker	fig:heatmap-21-anc-s-marker	4.2 ANC S marker	13_sov_gn_er_d_pa	sov	gn	erg-abs	deranking	poss-acc	sov	SV	APV	100	98	0.98
4_2_anc_S_marker	21_4_2_anc_S_marker	fig:heatmap-21-anc-s-marker	4.2 ANC S marker	14_sov_gn_er_d_ep	sov	gn	erg-abs	deranking	erg-poss	sov	SV	APV	100	96	0.96
4_2_anc_S_marker	21_4_2_anc_S_marker	fig:heatmap-21-anc-s-marker	4.2 ANC S marker	15_sov_gn_er_d_no	sov	gn	erg-abs	deranking	nomn	sov	SV	APV	100	93	0.93
4_2_anc_S_marker	21_4_2_anc_S_marker	fig:heatmap-21-anc-s-marker	4.2 ANC S marker	16_sov_ng_ac_b_se	sov	ng	nom-acc	balancing	sent	sov	SV	APV	100	100	1.0
4_2_anc_S_marker	21_4_2_anc_S_marker	fig:heatmap-21-anc-s-marker	4.2 ANC S marker	17_sov_ng_ac_b_pa	sov	ng	nom-acc	balancing	poss-acc	ovs	VS	PVA	100	1	0.01
4_2_anc_S_marker	21_4_2_anc_S_marker	fig:heatmap-21-anc-s-marker	4.2 ANC S marker	18_sov_ng_ac_b_ep	sov	ng	nom-acc	balancing	erg-poss	vos	VS	AVP	100	1	0.01
4_2_anc_S_marker	21_4_2_anc_S_marker	fig:heatmap-21-anc-s-marker	4.2 ANC S marker	19_sov_ng_ac_b_no	sov	ng	nom-acc	balancing	nomn	ovs	VS	PVA	100	1	0.01
4_2_anc_S_marker	21_4_2_anc_S_marker	fig:heatmap-21-anc-s-marker	4.2 ANC S marker	20_sov_ng_ac_d_se	sov	ng	nom-acc	deranking	sent	sov	SV	APV	100	100	1.0
4_2_anc_S_marker	21_4_2_anc_S_marker	fig:heatmap-21-anc-s-marker	4.2 ANC S marker	21_sov_ng_ac_d_pa	sov	ng	nom-acc	deranking	poss-acc	ovs	VS	PVA	100	1	0.01
4_2_anc_S_marker	21_4_2_anc_S_marker	fig:heatmap-21-anc-s-marker	4.2 ANC S marker	22_sov_ng_ac_d_ep	sov	ng	nom-acc	deranking	erg-poss	vos	VS	AVP	100	1	0.01
4_2_anc_S_marker	21_4_2_anc_S_marker	fig:heatmap-21-anc-s-marker	4.2 ANC S marker	23_sov_ng_ac_d_no	sov	ng	nom-acc	deranking	nomn	ovs	VS	PVA	100	1	0.01
4_2_anc_S_marker	21_4_2_anc_S_marker	fig:heatmap-21-anc-s-marker	4.2 ANC S marker	24_sov_ng_er_b_se	sov	ng	erg-abs	balancing	sent	sov	SV	APV	100	100	1.0
4_2_anc_S_marker	21_4_2_anc_S_marker	fig:heatmap-21-anc-s-marker	4.2 ANC S marker	25_sov_ng_er_b_pa	sov	ng	erg-abs	balancing	poss-acc	ovs	VS	PVA	100	1	0.01
4_2_anc_S_marker	21_4_2_anc_S_marker	fig:heatmap-21-anc-s-marker	4.2 ANC S marker	26_sov_ng_er_b_ep	sov	ng	erg-abs	balancing	erg-poss	vos	VS	AVP	100	1	0.01
4_2_anc_S_marker	21_4_2_anc_S_marker	fig:heatmap-21-anc-s-marker	4.2 ANC S marker	27_sov_ng_er_b_no	sov	ng	erg-abs	balancing	nomn	ovs	VS	PVA	100	1	0.01
4_2_anc_S_marker	21_4_2_anc_S_marker	fig:heatmap-21-anc-s-marker	4.2 ANC S marker	28_sov_ng_er_d_se	sov	ng	erg-abs	deranking	sent	sov	SV	APV	100	100	1.0
4_2_anc_S_marker	21_4_2_anc_S_marker	fig:heatmap-21-anc-s-marker	4.2 ANC S marker	29_sov_ng_er_d_pa	sov	ng	erg-abs	deranking	poss-acc	ovs	VS	PVA	100	1	0.01
4_2_anc_S_marker	21_4_2_anc_S_marker	fig:heatmap-21-anc-s-marker	4.2 ANC S marker	30_sov_ng_er_d_ep	sov	ng	erg-abs	deranking	erg-poss	vos	VS	AVP	100	1	0.01
4_2_anc_S_marker	21_4_2_anc_S_marker	fig:heatmap-21-anc-s-marker	4.2 ANC S marker	31_sov_ng_er_d_no	sov	ng	erg-abs	deranking	nomn	ovs	VS	PVA	100	1	0.01
4_2_anc_S_marker	21_4_2_anc_S_marker	fig:heatmap-21-anc-s-marker	4.2 ANC S marker	32_svo_gn_ac_b_se	svo	gn	nom-acc	balancing	sent	svo	SV	AVP	100	33	0.33
4_2_anc_S_marker	21_4_2_anc_S_marker	fig:heatmap-21-anc-s-marker	4.2 ANC S marker	33_svo_gn_ac_b_pa	svo	gn	nom-acc	balancing	poss-acc	svo	SV	AVP	100	1	0.01
4_2_anc_S_marker	21_4_2_anc_S_marker	fig:heatmap-21-anc-s-marker	4.2 ANC S marker	34_svo_gn_ac_b_ep	svo	gn	nom-acc	balancing	erg-poss	sov	SV	PVA	100	1	0.01
4_2_anc_S_marker	21_4_2_anc_S_marker	fig:heatmap-21-anc-s-marker	4.2 ANC S marker	35_svo_gn_ac_b_no	svo	gn	nom-acc	balancing	nomn	svo	SV	AVP	100	1	0.01
4_2_anc_S_marker	21_4_2_anc_S_marker	fig:heatmap-21-anc-s-marker	4.2 ANC S marker	36_svo_gn_ac_d_se	svo	gn	nom-acc	deranking	sent	svo	SV	AVP	100	33	0.33
4_2_anc_S_marker	21_4_2_anc_S_marker	fig:heatmap-21-anc-s-marker	4.2 ANC S marker	37_svo_gn_ac_d_pa	svo	gn	nom-acc	deranking	poss-acc	svo	SV	AVP	100	1	0.01
4_2_anc_S_marker	21_4_2_anc_S_marker	fig:heatmap-21-anc-s-marker	4.2 ANC S marker	38_svo_gn_ac_d_ep	svo	gn	nom-acc	deranking	erg-poss	sov	SV	PVA	100	1	0.01
4_2_anc_S_marker	21_4_2_anc_S_marker	fig:heatmap-21-anc-s-marker	4.2 ANC S marker	39_svo_gn_ac_d_no	svo	gn	nom-acc	deranking	nomn	svo	SV	AVP	100	1	0.01
4_2_anc_S_marker	21_4_2_anc_S_marker	fig:heatmap-21-anc-s-marker	4.2 ANC S marker	40_svo_gn_er_b_se	svo	gn	erg-abs	balancing	sent	svo	SV	AVP	100	33	0.33
4_2_anc_S_marker	21_4_2_anc_S_marker	fig:heatmap-21-anc-s-marker	4.2 ANC S marker	41_svo_gn_er_b_pa	svo	gn	erg-abs	balancing	poss-acc	svo	SV	AVP	100	1	0.01
4_2_anc_S_marker	21_4_2_anc_S_marker	fig:heatmap-21-anc-s-marker	4.2 ANC S marker	42_svo_gn_er_b_ep	svo	gn	erg-abs	balancing	erg-poss	sov	SV	PVA	100	1	0.01
4_2_anc_S_marker	21_4_2_anc_S_marker	fig:heatmap-21-anc-s-marker	4.2 ANC S marker	43_svo_gn_er_b_no	svo	gn	erg-abs	balancing	nomn	svo	SV	AVP	100	1	0.01
4_2_anc_S_marker	21_4_2_anc_S_marker	fig:heatmap-21-anc-s-marker	4.2 ANC S marker	44_svo_gn_er_d_se	svo	gn	erg-abs	deranking	sent	svo	SV	AVP	100	33	0.33
4_2_anc_S_marker	21_4_2_anc_S_marker	fig:heatmap-21-anc-s-marker	4.2 ANC S marker	45_svo_gn_er_d_pa	svo	gn	erg-abs	deranking	poss-acc	svo	SV	AVP	100	93	0.93
4_2_anc_S_marker	21_4_2_anc_S_marker	fig:heatmap-21-anc-s-marker	4.2 ANC S marker	46_svo_gn_er_d_ep	svo	gn	erg-abs	deranking	erg-poss	sov	SV	PVA	100	96	0.96
4_2_anc_S_marker	21_4_2_anc_S_marker	fig:heatmap-21-anc-s-marker	4.2 ANC S marker	47_svo_gn_er_d_no	svo	gn	erg-abs	deranking	nomn	svo	SV	AVP	100	93	0.93
4_2_anc_S_marker	21_4_2_anc_S_marker	fig:heatmap-21-anc-s-marker	4.2 ANC S marker	48_svo_ng_ac_b_se	svo	ng	nom-acc	balancing	sent	svo	SV	AVP	100	2	0.02
4_2_anc_S_marker	21_4_2_anc_S_marker	fig:heatmap-21-anc-s-marker	4.2 ANC S marker	49_svo_ng_ac_b_pa	svo	ng	nom-acc	balancing	poss-acc	vos	VS	VPA	100	1	0.01
4_2_anc_S_marker	21_4_2_anc_S_marker	fig:heatmap-21-anc-s-marker	4.2 ANC S marker	50_svo_ng_ac_b_ep	svo	ng	nom-acc	balancing	erg-poss	vos	VS	VPA	100	1	0.01
4_2_anc_S_marker	21_4_2_anc_S_marker	fig:heatmap-21-anc-s-marker	4.2 ANC S marker	51_svo_ng_ac_b_no	svo	ng	nom-acc	balancing	nomn	vos	VS	VPA	100	1	0.01
4_2_anc_S_marker	21_4_2_anc_S_marker	fig:heatmap-21-anc-s-marker	4.2 ANC S marker	52_svo_ng_ac_d_se	svo	ng	nom-acc	deranking	sent	svo	SV	AVP	100	2	0.02
4_2_anc_S_marker	21_4_2_anc_S_marker	fig:heatmap-21-anc-s-marker	4.2 ANC S marker	53_svo_ng_ac_d_pa	svo	ng	nom-acc	deranking	poss-acc	vos	VS	VPA	100	1	0.01
4_2_anc_S_marker	21_4_2_anc_S_marker	fig:heatmap-21-anc-s-marker	4.2 ANC S marker	54_svo_ng_ac_d_ep	svo	ng	nom-acc	deranking	erg-poss	vos	VS	VPA	100	1	0.01
4_2_anc_S_marker	21_4_2_anc_S_marker	fig:heatmap-21-anc-s-marker	4.2 ANC S marker	55_svo_ng_ac_d_no	svo	ng	nom-acc	deranking	nomn	vos	VS	VPA	100	1	0.01
4_2_anc_S_marker	21_4_2_anc_S_marker	fig:heatmap-21-anc-s-marker	4.2 ANC S marker	56_svo_ng_er_b_se	svo	ng	erg-abs	balancing	sent	svo	SV	AVP	100	2	0.02
4_2_anc_S_marker	21_4_2_anc_S_marker	fig:heatmap-21-anc-s-marker	4.2 ANC S marker	57_svo_ng_er_b_pa	svo	ng	erg-abs	balancing	poss-acc	vos	VS	VPA	100	92	0.92
4_2_anc_S_marker	21_4_2_anc_S_marker	fig:heatmap-21-anc-s-marker	4.2 ANC S marker	58_svo_ng_er_b_ep	svo	ng	erg-abs	balancing	erg-poss	vos	VS	VPA	100	1	0.01
4_2_anc_S_marker	21_4_2_anc_S_marker	fig:heatmap-21-anc-s-marker	4.2 ANC S marker	59_svo_ng_er_b_no	svo	ng	erg-abs	balancing	nomn	vos	VS	VPA	100	1	0.01
4_2_anc_S_marker	21_4_2_anc_S_marker	fig:heatmap-21-anc-s-marker	4.2 ANC S marker	60_svo_ng_er_d_se	svo	ng	erg-abs	deranking	sent	svo	SV	AVP	100	2	0.02
4_2_anc_S_marker	21_4_2_anc_S_marker	fig:heatmap-21-anc-s-marker	4.2 ANC S marker	61_svo_ng_er_d_pa	svo	ng	erg-abs	deranking	poss-acc	vos	VS	VPA	100	92	0.92
4_2_anc_S_marker	21_4_2_anc_S_marker	fig:heatmap-21-anc-s-marker	4.2 ANC S marker	62_svo_ng_er_d_ep	svo	ng	erg-abs	deranking	erg-poss	vos	VS	VPA	100	1	0.01
4_2_anc_S_marker	21_4_2_anc_S_marker	fig:heatmap-21-anc-s-marker	4.2 ANC S marker	63_svo_ng_er_d_no	svo	ng	erg-abs	deranking	nomn	vos	VS	VPA	100	1	0.01
4_2_anc_S_marker	21_4_2_anc_S_marker	fig:heatmap-21-anc-s-marker	4.2 ANC S marker	64_vos_gn_ac_b_se	vos	gn	nom-acc	balancing	sent	vos	VS	VPA	100	100	1.0
4_2_anc_S_marker	21_4_2_anc_S_marker	fig:heatmap-21-anc-s-marker	4.2 ANC S marker	65_vos_gn_ac_b_pa	vos	gn	nom-acc	balancing	poss-acc	svo	SV	AVP	100	1	0.01
4_2_anc_S_marker	21_4_2_anc_S_marker	fig:heatmap-21-anc-s-marker	4.2 ANC S marker	66_vos_gn_ac_b_ep	vos	gn	nom-acc	balancing	erg-poss	sov	SV	PVA	100	1	0.01
4_2_anc_S_marker	21_4_2_anc_S_marker	fig:heatmap-21-anc-s-marker	4.2 ANC S marker	67_vos_gn_ac_b_no	vos	gn	nom-acc	balancing	nomn	svo	SV	AVP	100	1	0.01
4_2_anc_S_marker	21_4_2_anc_S_marker	fig:heatmap-21-anc-s-marker	4.2 ANC S marker	68_vos_gn_ac_d_se	vos	gn	nom-acc	deranking	sent	vos	VS	VPA	100	100	1.0
4_2_anc_S_marker	21_4_2_anc_S_marker	fig:heatmap-21-anc-s-marker	4.2 ANC S marker	69_vos_gn_ac_d_pa	vos	gn	nom-acc	deranking	poss-acc	svo	SV	AVP	100	1	0.01
4_2_anc_S_marker	21_4_2_anc_S_marker	fig:heatmap-21-anc-s-marker	4.2 ANC S marker	70_vos_gn_ac_d_ep	vos	gn	nom-acc	deranking	erg-poss	sov	SV	PVA	100	1	0.01
4_2_anc_S_marker	21_4_2_anc_S_marker	fig:heatmap-21-anc-s-marker	4.2 ANC S marker	71_vos_gn_ac_d_no	vos	gn	nom-acc	deranking	nomn	svo	SV	AVP	100	1	0.01
4_2_anc_S_marker	21_4_2_anc_S_marker	fig:heatmap-21-anc-s-marker	4.2 ANC S marker	72_vos_gn_er_b_se	vos	gn	erg-abs	balancing	sent	vos	VS	VPA	100	100	1.0
4_2_anc_S_marker	21_4_2_anc_S_marker	fig:heatmap-21-anc-s-marker	4.2 ANC S marker	73_vos_gn_er_b_pa	vos	gn	erg-abs	balancing	poss-acc	svo	SV	AVP	100	1	0.01
4_2_anc_S_marker	21_4_2_anc_S_marker	fig:heatmap-21-anc-s-marker	4.2 ANC S marker	74_vos_gn_er_b_ep	vos	gn	erg-abs	balancing	erg-poss	sov	SV	PVA	100	1	0.01
4_2_anc_S_marker	21_4_2_anc_S_marker	fig:heatmap-21-anc-s-marker	4.2 ANC S marker	75_vos_gn_er_b_no	vos	gn	erg-abs	balancing	nomn	svo	SV	AVP	100	1	0.01
4_2_anc_S_marker	21_4_2_anc_S_marker	fig:heatmap-21-anc-s-marker	4.2 ANC S marker	76_vos_gn_er_d_se	vos	gn	erg-abs	deranking	sent	vos	VS	VPA	100	100	1.0
4_2_anc_S_marker	21_4_2_anc_S_marker	fig:heatmap-21-anc-s-marker	4.2 ANC S marker	77_vos_gn_er_d_pa	vos	gn	erg-abs	deranking	poss-acc	svo	SV	AVP	100	1	0.01
4_2_anc_S_marker	21_4_2_anc_S_marker	fig:heatmap-21-anc-s-marker	4.2 ANC S marker	78_vos_gn_er_d_ep	vos	gn	erg-abs	deranking	erg-poss	sov	SV	PVA	100	1	0.01
4_2_anc_S_marker	21_4_2_anc_S_marker	fig:heatmap-21-anc-s-marker	4.2 ANC S marker	79_vos_gn_er_d_no	vos	gn	erg-abs	deranking	nomn	svo	SV	AVP	100	1	0.01
4_2_anc_S_marker	21_4_2_anc_S_marker	fig:heatmap-21-anc-s-marker	4.2 ANC S marker	80_vos_ng_ac_b_se	vos	ng	nom-acc	balancing	sent	vos	VS	VPA	100	33	0.33
4_2_anc_S_marker	21_4_2_anc_S_marker	fig:heatmap-21-anc-s-marker	4.2 ANC S marker	81_vos_ng_ac_b_pa	vos	ng	nom-acc	balancing	poss-acc	vos	VS	VPA	100	1	0.01
4_2_anc_S_marker	21_4_2_anc_S_marker	fig:heatmap-21-anc-s-marker	4.2 ANC S marker	82_vos_ng_ac_b_ep	vos	ng	nom-acc	balancing	erg-poss	vos	VS	VPA	100	1	0.01
4_2_anc_S_marker	21_4_2_anc_S_marker	fig:heatmap-21-anc-s-marker	4.2 ANC S marker	83_vos_ng_ac_b_no	vos	ng	nom-acc	balancing	nomn	vos	VS	VPA	100	1	0.01
4_2_anc_S_marker	21_4_2_anc_S_marker	fig:heatmap-21-anc-s-marker	4.2 ANC S marker	84_vos_ng_ac_d_se	vos	ng	nom-acc	deranking	sent	vos	VS	VPA	100	33	0.33
4_2_anc_S_marker	21_4_2_anc_S_marker	fig:heatmap-21-anc-s-marker	4.2 ANC S marker	85_vos_ng_ac_d_pa	vos	ng	nom-acc	deranking	poss-acc	vos	VS	VPA	100	1	0.01
4_2_anc_S_marker	21_4_2_anc_S_marker	fig:heatmap-21-anc-s-marker	4.2 ANC S marker	86_vos_ng_ac_d_ep	vos	ng	nom-acc	deranking	erg-poss	vos	VS	VPA	100	1	0.01
4_2_anc_S_marker	21_4_2_anc_S_marker	fig:heatmap-21-anc-s-marker	4.2 ANC S marker	87_vos_ng_ac_d_no	vos	ng	nom-acc	deranking	nomn	vos	VS	VPA	100	1	0.01
4_2_anc_S_marker	21_4_2_anc_S_marker	fig:heatmap-21-anc-s-marker	4.2 ANC S marker	88_vos_ng_er_b_se	vos	ng	erg-abs	balancing	sent	vos	VS	VPA	100	33	0.33
4_2_anc_S_marker	21_4_2_anc_S_marker	fig:heatmap-21-anc-s-marker	4.2 ANC S marker	89_vos_ng_er_b_pa	vos	ng	erg-abs	balancing	poss-acc	vos	VS	VPA	100	92	0.92
4_2_anc_S_marker	21_4_2_anc_S_marker	fig:heatmap-21-anc-s-marker	4.2 ANC S marker	90_vos_ng_er_b_ep	vos	ng	erg-abs	balancing	erg-poss	vos	VS	VPA	100	1	0.01
4_2_anc_S_marker	21_4_2_anc_S_marker	fig:heatmap-21-anc-s-marker	4.2 ANC S marker	91_vos_ng_er_b_no	vos	ng	erg-abs	balancing	nomn	vos	VS	VPA	100	1	0.01
4_2_anc_S_marker	21_4_2_anc_S_marker	fig:heatmap-21-anc-s-marker	4.2 ANC S marker	92_vos_ng_er_d_se	vos	ng	erg-abs	deranking	sent	vos	VS	VPA	100	33	0.33
4_2_anc_S_marker	21_4_2_anc_S_marker	fig:heatmap-21-anc-s-marker	4.2 ANC S marker	93_vos_ng_er_d_pa	vos	ng	erg-abs	deranking	poss-acc	vos	VS	VPA	100	98	0.98
4_2_anc_S_marker	21_4_2_anc_S_marker	fig:heatmap-21-anc-s-marker	4.2 ANC S marker	94_vos_ng_er_d_ep	vos	ng	erg-abs	deranking	erg-poss	vos	VS	VPA	100	96	0.96
4_2_anc_S_marker	21_4_2_anc_S_marker	fig:heatmap-21-anc-s-marker	4.2 ANC S marker	95_vos_ng_er_d_no	vos	ng	erg-abs	deranking	nomn	vos	VS	VPA	100	93	0.93
4_3_anc_A_marker	22_4_3_anc_A_marker	fig:heatmap-22-anc-a-marker	4.3 ANC A marker	00_sov_gn_ac_b_se	sov	gn	nom-acc	balancing	sent	sov	SV	APV	100	100	1.0
4_3_anc_A_marker	22_4_3_anc_A_marker	fig:heatmap-22-anc-a-marker	4.3 ANC A marker	01_sov_gn_ac_b_pa	sov	gn	nom-acc	balancing	poss-acc	sov	SV	APV	100	3	0.03
4_3_anc_A_marker	22_4_3_anc_A_marker	fig:heatmap-22-anc-a-marker	4.3 ANC A marker	02_sov_gn_ac_b_ep	sov	gn	nom-acc	balancing	erg-poss	sov	SV	APV	100	3	0.03
4_3_anc_A_marker	22_4_3_anc_A_marker	fig:heatmap-22-anc-a-marker	4.3 ANC A marker	03_sov_gn_ac_b_no	sov	gn	nom-acc	balancing	nomn	sov	SV	APV	100	3	0.03
4_3_anc_A_marker	22_4_3_anc_A_marker	fig:heatmap-22-anc-a-marker	4.3 ANC A marker	04_sov_gn_ac_d_se	sov	gn	nom-acc	deranking	sent	sov	SV	APV	100	100	1.0
4_3_anc_A_marker	22_4_3_anc_A_marker	fig:heatmap-22-anc-a-marker	4.3 ANC A marker	05_sov_gn_ac_d_pa	sov	gn	nom-acc	deranking	poss-acc	sov	SV	APV	100	3	0.03
4_3_anc_A_marker	22_4_3_anc_A_marker	fig:heatmap-22-anc-a-marker	4.3 ANC A marker	06_sov_gn_ac_d_ep	sov	gn	nom-acc	deranking	erg-poss	sov	SV	APV	100	3	0.03
4_3_anc_A_marker	22_4_3_anc_A_marker	fig:heatmap-22-anc-a-marker	4.3 ANC A marker	07_sov_gn_ac_d_no	sov	gn	nom-acc	deranking	nomn	sov	SV	APV	100	3	0.03
4_3_anc_A_marker	22_4_3_anc_A_marker	fig:heatmap-22-anc-a-marker	4.3 ANC A marker	08_sov_gn_er_b_se	sov	gn	erg-abs	balancing	sent	sov	SV	APV	100	100	1.0
4_3_anc_A_marker	22_4_3_anc_A_marker	fig:heatmap-22-anc-a-marker	4.3 ANC A marker	09_sov_gn_er_b_pa	sov	gn	erg-abs	balancing	poss-acc	sov	SV	APV	100	0	0.0
4_3_anc_A_marker	22_4_3_anc_A_marker	fig:heatmap-22-anc-a-marker	4.3 ANC A marker	10_sov_gn_er_b_ep	sov	gn	erg-abs	balancing	erg-poss	sov	SV	APV	100	0	0.0
4_3_anc_A_marker	22_4_3_anc_A_marker	fig:heatmap-22-anc-a-marker	4.3 ANC A marker	11_sov_gn_er_b_no	sov	gn	erg-abs	balancing	nomn	sov	SV	APV	100	0	0.0
4_3_anc_A_marker	22_4_3_anc_A_marker	fig:heatmap-22-anc-a-marker	4.3 ANC A marker	12_sov_gn_er_d_se	sov	gn	erg-abs	deranking	sent	sov	SV	APV	100	100	1.0
4_3_anc_A_marker	22_4_3_anc_A_marker	fig:heatmap-22-anc-a-marker	4.3 ANC A marker	13_sov_gn_er_d_pa	sov	gn	erg-abs	deranking	poss-acc	sov	SV	APV	100	100	1.0
4_3_anc_A_marker	22_4_3_anc_A_marker	fig:heatmap-22-anc-a-marker	4.3 ANC A marker	14_sov_gn_er_d_ep	sov	gn	erg-abs	deranking	erg-poss	sov	SV	APV	100	0	0.0
4_3_anc_A_marker	22_4_3_anc_A_marker	fig:heatmap-22-anc-a-marker	4.3 ANC A marker	15_sov_gn_er_d_no	sov	gn	erg-abs	deranking	nomn	sov	SV	APV	100	0	0.0
4_3_anc_A_marker	22_4_3_anc_A_marker	fig:heatmap-22-anc-a-marker	4.3 ANC A marker	16_sov_ng_ac_b_se	sov	ng	nom-acc	balancing	sent	sov	SV	APV	100	100	1.0
4_3_anc_A_marker	22_4_3_anc_A_marker	fig:heatmap-22-anc-a-marker	4.3 ANC A marker	17_sov_ng_ac_b_pa	sov	ng	nom-acc	balancing	poss-acc	ovs	VS	PVA	100	2	0.02
4_3_anc_A_marker	22_4_3_anc_A_marker	fig:heatmap-22-anc-a-marker	4.3 ANC A marker	18_sov_ng_ac_b_ep	sov	ng	nom-acc	balancing	erg-poss	vos	VS	AVP	100	2	0.02
4_3_anc_A_marker	22_4_3_anc_A_marker	fig:heatmap-22-anc-a-marker	4.3 ANC A marker	19_sov_ng_ac_b_no	sov	ng	nom-acc	balancing	nomn	ovs	VS	PVA	100	2	0.02
4_3_anc_A_marker	22_4_3_anc_A_marker	fig:heatmap-22-anc-a-marker	4.3 ANC A marker	20_sov_ng_ac_d_se	sov	ng	nom-acc	deranking	sent	sov	SV	APV	100	100	1.0
4_3_anc_A_marker	22_4_3_anc_A_marker	fig:heatmap-22-anc-a-marker	4.3 ANC A marker	21_sov_ng_ac_d_pa	sov	ng	nom-acc	deranking	poss-acc	ovs	VS	PVA	100	2	0.02
4_3_anc_A_marker	22_4_3_anc_A_marker	fig:heatmap-22-anc-a-marker	4.3 ANC A marker	22_sov_ng_ac_d_ep	sov	ng	nom-acc	deranking	erg-poss	vos	VS	AVP	100	2	0.02
4_3_anc_A_marker	22_4_3_anc_A_marker	fig:heatmap-22-anc-a-marker	4.3 ANC A marker	23_sov_ng_ac_d_no	sov	ng	nom-acc	deranking	nomn	ovs	VS	PVA	100	2	0.02
4_3_anc_A_marker	22_4_3_anc_A_marker	fig:heatmap-22-anc-a-marker	4.3 ANC A marker	24_sov_ng_er_b_se	sov	ng	erg-abs	balancing	sent	sov	SV	APV	100	100	1.0
4_3_anc_A_marker	22_4_3_anc_A_marker	fig:heatmap-22-anc-a-marker	4.3 ANC A marker	25_sov_ng_er_b_pa	sov	ng	erg-abs	balancing	poss-acc	ovs	VS	PVA	100	0	0.0
4_3_anc_A_marker	22_4_3_anc_A_marker	fig:heatmap-22-anc-a-marker	4.3 ANC A marker	26_sov_ng_er_b_ep	sov	ng	erg-abs	balancing	erg-poss	vos	VS	AVP	100	0	0.0
4_3_anc_A_marker	22_4_3_anc_A_marker	fig:heatmap-22-anc-a-marker	4.3 ANC A marker	27_sov_ng_er_b_no	sov	ng	erg-abs	balancing	nomn	ovs	VS	PVA	100	0	0.0
4_3_anc_A_marker	22_4_3_anc_A_marker	fig:heatmap-22-anc-a-marker	4.3 ANC A marker	28_sov_ng_er_d_se	sov	ng	erg-abs	deranking	sent	sov	SV	APV	100	100	1.0
4_3_anc_A_marker	22_4_3_anc_A_marker	fig:heatmap-22-anc-a-marker	4.3 ANC A marker	29_sov_ng_er_d_pa	sov	ng	erg-abs	deranking	poss-acc	ovs	VS	PVA	100	0	0.0
4_3_anc_A_marker	22_4_3_anc_A_marker	fig:heatmap-22-anc-a-marker	4.3 ANC A marker	30_sov_ng_er_d_ep	sov	ng	erg-abs	deranking	erg-poss	vos	VS	AVP	100	0	0.0
4_3_anc_A_marker	22_4_3_anc_A_marker	fig:heatmap-22-anc-a-marker	4.3 ANC A marker	31_sov_ng_er_d_no	sov	ng	erg-abs	deranking	nomn	ovs	VS	PVA	100	0	0.0
4_3_anc_A_marker	22_4_3_anc_A_marker	fig:heatmap-22-anc-a-marker	4.3 ANC A marker	32_svo_gn_ac_b_se	svo	gn	nom-acc	balancing	sent	svo	SV	AVP	100	1	0.01
4_3_anc_A_marker	22_4_3_anc_A_marker	fig:heatmap-22-anc-a-marker	4.3 ANC A marker	33_svo_gn_ac_b_pa	svo	gn	nom-acc	balancing	poss-acc	svo	SV	AVP	100	2	0.02
4_3_anc_A_marker	22_4_3_anc_A_marker	fig:heatmap-22-anc-a-marker	4.3 ANC A marker	34_svo_gn_ac_b_ep	svo	gn	nom-acc	balancing	erg-poss	sov	SV	PVA	100	0	0.0
4_3_anc_A_marker	22_4_3_anc_A_marker	fig:heatmap-22-anc-a-marker	4.3 ANC A marker	35_svo_gn_ac_b_no	svo	gn	nom-acc	balancing	nomn	svo	SV	AVP	100	2	0.02
4_3_anc_A_marker	22_4_3_anc_A_marker	fig:heatmap-22-anc-a-marker	4.3 ANC A marker	36_svo_gn_ac_d_se	svo	gn	nom-acc	deranking	sent	svo	SV	AVP	100	1	0.01
4_3_anc_A_marker	22_4_3_anc_A_marker	fig:heatmap-22-anc-a-marker	4.3 ANC A marker	37_svo_gn_ac_d_pa	svo	gn	nom-acc	deranking	poss-acc	svo	SV	AVP	100	2	0.02
4_3_anc_A_marker	22_4_3_anc_A_marker	fig:heatmap-22-anc-a-marker	4.3 ANC A marker	38_svo_gn_ac_d_ep	svo	gn	nom-acc	deranking	erg-poss	sov	SV	PVA	100	0	0.0
4_3_anc_A_marker	22_4_3_anc_A_marker	fig:heatmap-22-anc-a-marker	4.3 ANC A marker	39_svo_gn_ac_d_no	svo	gn	nom-acc	deranking	nomn	svo	SV	AVP	100	2	0.02
4_3_anc_A_marker	22_4_3_anc_A_marker	fig:heatmap-22-anc-a-marker	4.3 ANC A marker	40_svo_gn_er_b_se	svo	gn	erg-abs	balancing	sent	svo	SV	AVP	100	0	0.0
4_3_anc_A_marker	22_4_3_anc_A_marker	fig:heatmap-22-anc-a-marker	4.3 ANC A marker	41_svo_gn_er_b_pa	svo	gn	erg-abs	balancing	poss-acc	svo	SV	AVP	100	0	0.0
4_3_anc_A_marker	22_4_3_anc_A_marker	fig:heatmap-22-anc-a-marker	4.3 ANC A marker	42_svo_gn_er_b_ep	svo	gn	erg-abs	balancing	erg-poss	sov	SV	PVA	100	0	0.0
4_3_anc_A_marker	22_4_3_anc_A_marker	fig:heatmap-22-anc-a-marker	4.3 ANC A marker	43_svo_gn_er_b_no	svo	gn	erg-abs	balancing	nomn	svo	SV	AVP	100	0	0.0
4_3_anc_A_marker	22_4_3_anc_A_marker	fig:heatmap-22-anc-a-marker	4.3 ANC A marker	44_svo_gn_er_d_se	svo	gn	erg-abs	deranking	sent	svo	SV	AVP	100	0	0.0
4_3_anc_A_marker	22_4_3_anc_A_marker	fig:heatmap-22-anc-a-marker	4.3 ANC A marker	45_svo_gn_er_d_pa	svo	gn	erg-abs	deranking	poss-acc	svo	SV	AVP	100	100	1.0
4_3_anc_A_marker	22_4_3_anc_A_marker	fig:heatmap-22-anc-a-marker	4.3 ANC A marker	46_svo_gn_er_d_ep	svo	gn	erg-abs	deranking	erg-poss	sov	SV	PVA	100	0	0.0
4_3_anc_A_marker	22_4_3_anc_A_marker	fig:heatmap-22-anc-a-marker	4.3 ANC A marker	47_svo_gn_er_d_no	svo	gn	erg-abs	deranking	nomn	svo	SV	AVP	100	0	0.0
4_3_anc_A_marker	22_4_3_anc_A_marker	fig:heatmap-22-anc-a-marker	4.3 ANC A marker	48_svo_ng_ac_b_se	svo	ng	nom-acc	balancing	sent	svo	SV	AVP	100	1	0.01
4_3_anc_A_marker	22_4_3_anc_A_marker	fig:heatmap-22-anc-a-marker	4.3 ANC A marker	49_svo_ng_ac_b_pa	svo	ng	nom-acc	balancing	poss-acc	vos	VS	VPA	100	2	0.02
4_3_anc_A_marker	22_4_3_anc_A_marker	fig:heatmap-22-anc-a-marker	4.3 ANC A marker	50_svo_ng_ac_b_ep	svo	ng	nom-acc	balancing	erg-poss	vos	VS	VPA	100	2	0.02
4_3_anc_A_marker	22_4_3_anc_A_marker	fig:heatmap-22-anc-a-marker	4.3 ANC A marker	51_svo_ng_ac_b_no	svo	ng	nom-acc	balancing	nomn	vos	VS	VPA	100	2	0.02
4_3_anc_A_marker	22_4_3_anc_A_marker	fig:heatmap-22-anc-a-marker	4.3 ANC A marker	52_svo_ng_ac_d_se	svo	ng	nom-acc	deranking	sent	svo	SV	AVP	100	1	0.01
4_3_anc_A_marker	22_4_3_anc_A_marker	fig:heatmap-22-anc-a-marker	4.3 ANC A marker	53_svo_ng_ac_d_pa	svo	ng	nom-acc	deranking	poss-acc	vos	VS	VPA	100	2	0.02
4_3_anc_A_marker	22_4_3_anc_A_marker	fig:heatmap-22-anc-a-marker	4.3 ANC A marker	54_svo_ng_ac_d_ep	svo	ng	nom-acc	deranking	erg-poss	vos	VS	VPA	100	2	0.02
4_3_anc_A_marker	22_4_3_anc_A_marker	fig:heatmap-22-anc-a-marker	4.3 ANC A marker	55_svo_ng_ac_d_no	svo	ng	nom-acc	deranking	nomn	vos	VS	VPA	100	2	0.02
4_3_anc_A_marker	22_4_3_anc_A_marker	fig:heatmap-22-anc-a-marker	4.3 ANC A marker	56_svo_ng_er_b_se	svo	ng	erg-abs	balancing	sent	svo	SV	AVP	100	0	0.0
4_3_anc_A_marker	22_4_3_anc_A_marker	fig:heatmap-22-anc-a-marker	4.3 ANC A marker	57_svo_ng_er_b_pa	svo	ng	erg-abs	balancing	poss-acc	vos	VS	VPA	100	0	0.0
4_3_anc_A_marker	22_4_3_anc_A_marker	fig:heatmap-22-anc-a-marker	4.3 ANC A marker	58_svo_ng_er_b_ep	svo	ng	erg-abs	balancing	erg-poss	vos	VS	VPA	100	0	0.0
4_3_anc_A_marker	22_4_3_anc_A_marker	fig:heatmap-22-anc-a-marker	4.3 ANC A marker	59_svo_ng_er_b_no	svo	ng	erg-abs	balancing	nomn	vos	VS	VPA	100	0	0.0
4_3_anc_A_marker	22_4_3_anc_A_marker	fig:heatmap-22-anc-a-marker	4.3 ANC A marker	60_svo_ng_er_d_se	svo	ng	erg-abs	deranking	sent	svo	SV	AVP	100	0	0.0
4_3_anc_A_marker	22_4_3_anc_A_marker	fig:heatmap-22-anc-a-marker	4.3 ANC A marker	61_svo_ng_er_d_pa	svo	ng	erg-abs	deranking	poss-acc	vos	VS	VPA	100	0	0.0
4_3_anc_A_marker	22_4_3_anc_A_marker	fig:heatmap-22-anc-a-marker	4.3 ANC A marker	62_svo_ng_er_d_ep	svo	ng	erg-abs	deranking	erg-poss	vos	VS	VPA	100	0	0.0
4_3_anc_A_marker	22_4_3_anc_A_marker	fig:heatmap-22-anc-a-marker	4.3 ANC A marker	63_svo_ng_er_d_no	svo	ng	erg-abs	deranking	nomn	vos	VS	VPA	100	0	0.0
4_3_anc_A_marker	22_4_3_anc_A_marker	fig:heatmap-22-anc-a-marker	4.3 ANC A marker	64_vos_gn_ac_b_se	vos	gn	nom-acc	balancing	sent	vos	VS	VPA	100	100	1.0
4_3_anc_A_marker	22_4_3_anc_A_marker	fig:heatmap-22-anc-a-marker	4.3 ANC A marker	65_vos_gn_ac_b_pa	vos	gn	nom-acc	balancing	poss-acc	svo	SV	AVP	100	2	0.02
4_3_anc_A_marker	22_4_3_anc_A_marker	fig:heatmap-22-anc-a-marker	4.3 ANC A marker	66_vos_gn_ac_b_ep	vos	gn	nom-acc	balancing	erg-poss	sov	SV	PVA	100	2	0.02
4_3_anc_A_marker	22_4_3_anc_A_marker	fig:heatmap-22-anc-a-marker	4.3 ANC A marker	67_vos_gn_ac_b_no	vos	gn	nom-acc	balancing	nomn	svo	SV	AVP	100	2	0.02
4_3_anc_A_marker	22_4_3_anc_A_marker	fig:heatmap-22-anc-a-marker	4.3 ANC A marker	68_vos_gn_ac_d_se	vos	gn	nom-acc	deranking	sent	vos	VS	VPA	100	100	1.0
4_3_anc_A_marker	22_4_3_anc_A_marker	fig:heatmap-22-anc-a-marker	4.3 ANC A marker	69_vos_gn_ac_d_pa	vos	gn	nom-acc	deranking	poss-acc	svo	SV	AVP	100	2	0.02
4_3_anc_A_marker	22_4_3_anc_A_marker	fig:heatmap-22-anc-a-marker	4.3 ANC A marker	70_vos_gn_ac_d_ep	vos	gn	nom-acc	deranking	erg-poss	sov	SV	PVA	100	2	0.02
4_3_anc_A_marker	22_4_3_anc_A_marker	fig:heatmap-22-anc-a-marker	4.3 ANC A marker	71_vos_gn_ac_d_no	vos	gn	nom-acc	deranking	nomn	svo	SV	AVP	100	2	0.02
4_3_anc_A_marker	22_4_3_anc_A_marker	fig:heatmap-22-anc-a-marker	4.3 ANC A marker	72_vos_gn_er_b_se	vos	gn	erg-abs	balancing	sent	vos	VS	VPA	100	100	1.0
4_3_anc_A_marker	22_4_3_anc_A_marker	fig:heatmap-22-anc-a-marker	4.3 ANC A marker	73_vos_gn_er_b_pa	vos	gn	erg-abs	balancing	poss-acc	svo	SV	AVP	100	0	0.0
4_3_anc_A_marker	22_4_3_anc_A_marker	fig:heatmap-22-anc-a-marker	4.3 ANC A marker	74_vos_gn_er_b_ep	vos	gn	erg-abs	balancing	erg-poss	sov	SV	PVA	100	0	0.0
4_3_anc_A_marker	22_4_3_anc_A_marker	fig:heatmap-22-anc-a-marker	4.3 ANC A marker	75_vos_gn_er_b_no	vos	gn	erg-abs	balancing	nomn	svo	SV	AVP	100	0	0.0
4_3_anc_A_marker	22_4_3_anc_A_marker	fig:heatmap-22-anc-a-marker	4.3 ANC A marker	76_vos_gn_er_d_se	vos	gn	erg-abs	deranking	sent	vos	VS	VPA	100	100	1.0
4_3_anc_A_marker	22_4_3_anc_A_marker	fig:heatmap-22-anc-a-marker	4.3 ANC A marker	77_vos_gn_er_d_pa	vos	gn	erg-abs	deranking	poss-acc	svo	SV	AVP	100	0	0.0
4_3_anc_A_marker	22_4_3_anc_A_marker	fig:heatmap-22-anc-a-marker	4.3 ANC A marker	78_vos_gn_er_d_ep	vos	gn	erg-abs	deranking	erg-poss	sov	SV	PVA	100	0	0.0
4_3_anc_A_marker	22_4_3_anc_A_marker	fig:heatmap-22-anc-a-marker	4.3 ANC A marker	79_vos_gn_er_d_no	vos	gn	erg-abs	deranking	nomn	svo	SV	AVP	100	0	0.0
4_3_anc_A_marker	22_4_3_anc_A_marker	fig:heatmap-22-anc-a-marker	4.3 ANC A marker	80_vos_ng_ac_b_se	vos	ng	nom-acc	balancing	sent	vos	VS	VPA	100	100	1.0
4_3_anc_A_marker	22_4_3_anc_A_marker	fig:heatmap-22-anc-a-marker	4.3 ANC A marker	81_vos_ng_ac_b_pa	vos	ng	nom-acc	balancing	poss-acc	vos	VS	VPA	100	3	0.03
4_3_anc_A_marker	22_4_3_anc_A_marker	fig:heatmap-22-anc-a-marker	4.3 ANC A marker	82_vos_ng_ac_b_ep	vos	ng	nom-acc	balancing	erg-poss	vos	VS	VPA	100	3	0.03
4_3_anc_A_marker	22_4_3_anc_A_marker	fig:heatmap-22-anc-a-marker	4.3 ANC A marker	83_vos_ng_ac_b_no	vos	ng	nom-acc	balancing	nomn	vos	VS	VPA	100	3	0.03
4_3_anc_A_marker	22_4_3_anc_A_marker	fig:heatmap-22-anc-a-marker	4.3 ANC A marker	84_vos_ng_ac_d_se	vos	ng	nom-acc	deranking	sent	vos	VS	VPA	100	100	1.0
4_3_anc_A_marker	22_4_3_anc_A_marker	fig:heatmap-22-anc-a-marker	4.3 ANC A marker	85_vos_ng_ac_d_pa	vos	ng	nom-acc	deranking	poss-acc	vos	VS	VPA	100	3	0.03
4_3_anc_A_marker	22_4_3_anc_A_marker	fig:heatmap-22-anc-a-marker	4.3 ANC A marker	86_vos_ng_ac_d_ep	vos	ng	nom-acc	deranking	erg-poss	vos	VS	VPA	100	3	0.03
4_3_anc_A_marker	22_4_3_anc_A_marker	fig:heatmap-22-anc-a-marker	4.3 ANC A marker	87_vos_ng_ac_d_no	vos	ng	nom-acc	deranking	nomn	vos	VS	VPA	100	3	0.03
4_3_anc_A_marker	22_4_3_anc_A_marker	fig:heatmap-22-anc-a-marker	4.3 ANC A marker	88_vos_ng_er_b_se	vos	ng	erg-abs	balancing	sent	vos	VS	VPA	100	100	1.0
4_3_anc_A_marker	22_4_3_anc_A_marker	fig:heatmap-22-anc-a-marker	4.3 ANC A marker	89_vos_ng_er_b_pa	vos	ng	erg-abs	balancing	poss-acc	vos	VS	VPA	100	0	0.0
4_3_anc_A_marker	22_4_3_anc_A_marker	fig:heatmap-22-anc-a-marker	4.3 ANC A marker	90_vos_ng_er_b_ep	vos	ng	erg-abs	balancing	erg-poss	vos	VS	VPA	100	0	0.0
4_3_anc_A_marker	22_4_3_anc_A_marker	fig:heatmap-22-anc-a-marker	4.3 ANC A marker	91_vos_ng_er_b_no	vos	ng	erg-abs	balancing	nomn	vos	VS	VPA	100	0	0.0
4_3_anc_A_marker	22_4_3_anc_A_marker	fig:heatmap-22-anc-a-marker	4.3 ANC A marker	92_vos_ng_er_d_se	vos	ng	erg-abs	deranking	sent	vos	VS	VPA	100	100	1.0
4_3_anc_A_marker	22_4_3_anc_A_marker	fig:heatmap-22-anc-a-marker	4.3 ANC A marker	93_vos_ng_er_d_pa	vos	ng	erg-abs	deranking	poss-acc	vos	VS	VPA	100	100	1.0
4_3_anc_A_marker	22_4_3_anc_A_marker	fig:heatmap-22-anc-a-marker	4.3 ANC A marker	94_vos_ng_er_d_ep	vos	ng	erg-abs	deranking	erg-poss	vos	VS	VPA	100	0	0.0
4_3_anc_A_marker	22_4_3_anc_A_marker	fig:heatmap-22-anc-a-marker	4.3 ANC A marker	95_vos_ng_er_d_no	vos	ng	erg-abs	deranking	nomn	vos	VS	VPA	100	0	0.0
4_4_anc_P_marker	23_4_4_anc_P_marker	fig:heatmap-23-anc-p-marker	4.4 ANC P marker	00_sov_gn_ac_b_se	sov	gn	nom-acc	balancing	sent	sov	SV	APV	100	0	0.0
4_4_anc_P_marker	23_4_4_anc_P_marker	fig:heatmap-23-anc-p-marker	4.4 ANC P marker	01_sov_gn_ac_b_pa	sov	gn	nom-acc	balancing	poss-acc	sov	SV	APV	100	100	1.0
4_4_anc_P_marker	23_4_4_anc_P_marker	fig:heatmap-23-anc-p-marker	4.4 ANC P marker	02_sov_gn_ac_b_ep	sov	gn	nom-acc	balancing	erg-poss	sov	SV	APV	100	0	0.0
4_4_anc_P_marker	23_4_4_anc_P_marker	fig:heatmap-23-anc-p-marker	4.4 ANC P marker	03_sov_gn_ac_b_no	sov	gn	nom-acc	balancing	nomn	sov	SV	APV	100	0	0.0
4_4_anc_P_marker	23_4_4_anc_P_marker	fig:heatmap-23-anc-p-marker	4.4 ANC P marker	04_sov_gn_ac_d_se	sov	gn	nom-acc	deranking	sent	sov	SV	APV	100	0	0.0
4_4_anc_P_marker	23_4_4_anc_P_marker	fig:heatmap-23-anc-p-marker	4.4 ANC P marker	05_sov_gn_ac_d_pa	sov	gn	nom-acc	deranking	poss-acc	sov	SV	APV	100	100	1.0
4_4_anc_P_marker	23_4_4_anc_P_marker	fig:heatmap-23-anc-p-marker	4.4 ANC P marker	06_sov_gn_ac_d_ep	sov	gn	nom-acc	deranking	erg-poss	sov	SV	APV	100	0	0.0
4_4_anc_P_marker	23_4_4_anc_P_marker	fig:heatmap-23-anc-p-marker	4.4 ANC P marker	07_sov_gn_ac_d_no	sov	gn	nom-acc	deranking	nomn	sov	SV	APV	100	0	0.0
4_4_anc_P_marker	23_4_4_anc_P_marker	fig:heatmap-23-anc-p-marker	4.4 ANC P marker	08_sov_gn_er_b_se	sov	gn	erg-abs	balancing	sent	sov	SV	APV	100	1	0.01
4_4_anc_P_marker	23_4_4_anc_P_marker	fig:heatmap-23-anc-p-marker	4.4 ANC P marker	09_sov_gn_er_b_pa	sov	gn	erg-abs	balancing	poss-acc	sov	SV	APV	100	100	1.0
4_4_anc_P_marker	23_4_4_anc_P_marker	fig:heatmap-23-anc-p-marker	4.4 ANC P marker	10_sov_gn_er_b_ep	sov	gn	erg-abs	balancing	erg-poss	sov	SV	APV	100	3	0.03
4_4_anc_P_marker	23_4_4_anc_P_marker	fig:heatmap-23-anc-p-marker	4.4 ANC P marker	11_sov_gn_er_b_no	sov	gn	erg-abs	balancing	nomn	sov	SV	APV	100	3	0.03
4_4_anc_P_marker	23_4_4_anc_P_marker	fig:heatmap-23-anc-p-marker	4.4 ANC P marker	12_sov_gn_er_d_se	sov	gn	erg-abs	deranking	sent	sov	SV	APV	100	1	0.01
4_4_anc_P_marker	23_4_4_anc_P_marker	fig:heatmap-23-anc-p-marker	4.4 ANC P marker	13_sov_gn_er_d_pa	sov	gn	erg-abs	deranking	poss-acc	sov	SV	APV	100	100	1.0
4_4_anc_P_marker	23_4_4_anc_P_marker	fig:heatmap-23-anc-p-marker	4.4 ANC P marker	14_sov_gn_er_d_ep	sov	gn	erg-abs	deranking	erg-poss	sov	SV	APV	100	3	0.03
4_4_anc_P_marker	23_4_4_anc_P_marker	fig:heatmap-23-anc-p-marker	4.4 ANC P marker	15_sov_gn_er_d_no	sov	gn	erg-abs	deranking	nomn	sov	SV	APV	100	92	0.92
4_4_anc_P_marker	23_4_4_anc_P_marker	fig:heatmap-23-anc-p-marker	4.4 ANC P marker	16_sov_ng_ac_b_se	sov	ng	nom-acc	balancing	sent	sov	SV	APV	100	100	1.0
4_4_anc_P_marker	23_4_4_anc_P_marker	fig:heatmap-23-anc-p-marker	4.4 ANC P marker	17_sov_ng_ac_b_pa	sov	ng	nom-acc	balancing	poss-acc	ovs	VS	PVA	100	100	1.0
4_4_anc_P_marker	23_4_4_anc_P_marker	fig:heatmap-23-anc-p-marker	4.4 ANC P marker	18_sov_ng_ac_b_ep	sov	ng	nom-acc	balancing	erg-poss	vos	VS	AVP	100	0	0.0
4_4_anc_P_marker	23_4_4_anc_P_marker	fig:heatmap-23-anc-p-marker	4.4 ANC P marker	19_sov_ng_ac_b_no	sov	ng	nom-acc	balancing	nomn	ovs	VS	PVA	100	0	0.0
4_4_anc_P_marker	23_4_4_anc_P_marker	fig:heatmap-23-anc-p-marker	4.4 ANC P marker	20_sov_ng_ac_d_se	sov	ng	nom-acc	deranking	sent	sov	SV	APV	100	100	1.0
4_4_anc_P_marker	23_4_4_anc_P_marker	fig:heatmap-23-anc-p-marker	4.4 ANC P marker	21_sov_ng_ac_d_pa	sov	ng	nom-acc	deranking	poss-acc	ovs	VS	PVA	100	100	1.0
4_4_anc_P_marker	23_4_4_anc_P_marker	fig:heatmap-23-anc-p-marker	4.4 ANC P marker	22_sov_ng_ac_d_ep	sov	ng	nom-acc	deranking	erg-poss	vos	VS	AVP	100	0	0.0
4_4_anc_P_marker	23_4_4_anc_P_marker	fig:heatmap-23-anc-p-marker	4.4 ANC P marker	23_sov_ng_ac_d_no	sov	ng	nom-acc	deranking	nomn	ovs	VS	PVA	100	0	0.0
4_4_anc_P_marker	23_4_4_anc_P_marker	fig:heatmap-23-anc-p-marker	4.4 ANC P marker	24_sov_ng_er_b_se	sov	ng	erg-abs	balancing	sent	sov	SV	APV	100	100	1.0
4_4_anc_P_marker	23_4_4_anc_P_marker	fig:heatmap-23-anc-p-marker	4.4 ANC P marker	25_sov_ng_er_b_pa	sov	ng	erg-abs	balancing	poss-acc	ovs	VS	PVA	100	100	1.0
4_4_anc_P_marker	23_4_4_anc_P_marker	fig:heatmap-23-anc-p-marker	4.4 ANC P marker	26_sov_ng_er_b_ep	sov	ng	erg-abs	balancing	erg-poss	vos	VS	AVP	100	3	0.03
4_4_anc_P_marker	23_4_4_anc_P_marker	fig:heatmap-23-anc-p-marker	4.4 ANC P marker	27_sov_ng_er_b_no	sov	ng	erg-abs	balancing	nomn	ovs	VS	PVA	100	3	0.03
4_4_anc_P_marker	23_4_4_anc_P_marker	fig:heatmap-23-anc-p-marker	4.4 ANC P marker	28_sov_ng_er_d_se	sov	ng	erg-abs	deranking	sent	sov	SV	APV	100	100	1.0
4_4_anc_P_marker	23_4_4_anc_P_marker	fig:heatmap-23-anc-p-marker	4.4 ANC P marker	29_sov_ng_er_d_pa	sov	ng	erg-abs	deranking	poss-acc	ovs	VS	PVA	100	100	1.0
4_4_anc_P_marker	23_4_4_anc_P_marker	fig:heatmap-23-anc-p-marker	4.4 ANC P marker	30_sov_ng_er_d_ep	sov	ng	erg-abs	deranking	erg-poss	vos	VS	AVP	100	3	0.03
4_4_anc_P_marker	23_4_4_anc_P_marker	fig:heatmap-23-anc-p-marker	4.4 ANC P marker	31_sov_ng_er_d_no	sov	ng	erg-abs	deranking	nomn	ovs	VS	PVA	100	3	0.03
4_4_anc_P_marker	23_4_4_anc_P_marker	fig:heatmap-23-anc-p-marker	4.4 ANC P marker	32_svo_gn_ac_b_se	svo	gn	nom-acc	balancing	sent	svo	SV	AVP	100	0	0.0
4_4_anc_P_marker	23_4_4_anc_P_marker	fig:heatmap-23-anc-p-marker	4.4 ANC P marker	33_svo_gn_ac_b_pa	svo	gn	nom-acc	balancing	poss-acc	svo	SV	AVP	100	0	0.0
4_4_anc_P_marker	23_4_4_anc_P_marker	fig:heatmap-23-anc-p-marker	4.4 ANC P marker	34_svo_gn_ac_b_ep	svo	gn	nom-acc	balancing	erg-poss	sov	SV	PVA	100	0	0.0
4_4_anc_P_marker	23_4_4_anc_P_marker	fig:heatmap-23-anc-p-marker	4.4 ANC P marker	35_svo_gn_ac_b_no	svo	gn	nom-acc	balancing	nomn	svo	SV	AVP	100	0	0.0
4_4_anc_P_marker	23_4_4_anc_P_marker	fig:heatmap-23-anc-p-marker	4.4 ANC P marker	36_svo_gn_ac_d_se	svo	gn	nom-acc	deranking	sent	svo	SV	AVP	100	0	0.0
4_4_anc_P_marker	23_4_4_anc_P_marker	fig:heatmap-23-anc-p-marker	4.4 ANC P marker	37_svo_gn_ac_d_pa	svo	gn	nom-acc	deranking	poss-acc	svo	SV	AVP	100	0	0.0
4_4_anc_P_marker	23_4_4_anc_P_marker	fig:heatmap-23-anc-p-marker	4.4 ANC P marker	38_svo_gn_ac_d_ep	svo	gn	nom-acc	deranking	erg-poss	sov	SV	PVA	100	0	0.0
4_4_anc_P_marker	23_4_4_anc_P_marker	fig:heatmap-23-anc-p-marker	4.4 ANC P marker	39_svo_gn_ac_d_no	svo	gn	nom-acc	deranking	nomn	svo	SV	AVP	100	0	0.0
4_4_anc_P_marker	23_4_4_anc_P_marker	fig:heatmap-23-anc-p-marker	4.4 ANC P marker	40_svo_gn_er_b_se	svo	gn	erg-abs	balancing	sent	svo	SV	AVP	100	1	0.01
4_4_anc_P_marker	23_4_4_anc_P_marker	fig:heatmap-23-anc-p-marker	4.4 ANC P marker	41_svo_gn_er_b_pa	svo	gn	erg-abs	balancing	poss-acc	svo	SV	AVP	100	1	0.01
4_4_anc_P_marker	23_4_4_anc_P_marker	fig:heatmap-23-anc-p-marker	4.4 ANC P marker	42_svo_gn_er_b_ep	svo	gn	erg-abs	balancing	erg-poss	sov	SV	PVA	100	3	0.03
4_4_anc_P_marker	23_4_4_anc_P_marker	fig:heatmap-23-anc-p-marker	4.4 ANC P marker	43_svo_gn_er_b_no	svo	gn	erg-abs	balancing	nomn	svo	SV	AVP	100	0	0.0
4_4_anc_P_marker	23_4_4_anc_P_marker	fig:heatmap-23-anc-p-marker	4.4 ANC P marker	44_svo_gn_er_d_se	svo	gn	erg-abs	deranking	sent	svo	SV	AVP	100	1	0.01
4_4_anc_P_marker	23_4_4_anc_P_marker	fig:heatmap-23-anc-p-marker	4.4 ANC P marker	45_svo_gn_er_d_pa	svo	gn	erg-abs	deranking	poss-acc	svo	SV	AVP	100	1	0.01
4_4_anc_P_marker	23_4_4_anc_P_marker	fig:heatmap-23-anc-p-marker	4.4 ANC P marker	46_svo_gn_er_d_ep	svo	gn	erg-abs	deranking	erg-poss	sov	SV	PVA	100	3	0.03
4_4_anc_P_marker	23_4_4_anc_P_marker	fig:heatmap-23-anc-p-marker	4.4 ANC P marker	47_svo_gn_er_d_no	svo	gn	erg-abs	deranking	nomn	svo	SV	AVP	100	0	0.0
4_4_anc_P_marker	23_4_4_anc_P_marker	fig:heatmap-23-anc-p-marker	4.4 ANC P marker	48_svo_ng_ac_b_se	svo	ng	nom-acc	balancing	sent	svo	SV	AVP	100	0	0.0
4_4_anc_P_marker	23_4_4_anc_P_marker	fig:heatmap-23-anc-p-marker	4.4 ANC P marker	49_svo_ng_ac_b_pa	svo	ng	nom-acc	balancing	poss-acc	vos	VS	VPA	100	100	1.0
4_4_anc_P_marker	23_4_4_anc_P_marker	fig:heatmap-23-anc-p-marker	4.4 ANC P marker	50_svo_ng_ac_b_ep	svo	ng	nom-acc	balancing	erg-poss	vos	VS	VPA	100	0	0.0
4_4_anc_P_marker	23_4_4_anc_P_marker	fig:heatmap-23-anc-p-marker	4.4 ANC P marker	51_svo_ng_ac_b_no	svo	ng	nom-acc	balancing	nomn	vos	VS	VPA	100	0	0.0
4_4_anc_P_marker	23_4_4_anc_P_marker	fig:heatmap-23-anc-p-marker	4.4 ANC P marker	52_svo_ng_ac_d_se	svo	ng	nom-acc	deranking	sent	svo	SV	AVP	100	0	0.0
4_4_anc_P_marker	23_4_4_anc_P_marker	fig:heatmap-23-anc-p-marker	4.4 ANC P marker	53_svo_ng_ac_d_pa	svo	ng	nom-acc	deranking	poss-acc	vos	VS	VPA	100	100	1.0
4_4_anc_P_marker	23_4_4_anc_P_marker	fig:heatmap-23-anc-p-marker	4.4 ANC P marker	54_svo_ng_ac_d_ep	svo	ng	nom-acc	deranking	erg-poss	vos	VS	VPA	100	0	0.0
4_4_anc_P_marker	23_4_4_anc_P_marker	fig:heatmap-23-anc-p-marker	4.4 ANC P marker	55_svo_ng_ac_d_no	svo	ng	nom-acc	deranking	nomn	vos	VS	VPA	100	0	0.0
4_4_anc_P_marker	23_4_4_anc_P_marker	fig:heatmap-23-anc-p-marker	4.4 ANC P marker	56_svo_ng_er_b_se	svo	ng	erg-abs	balancing	sent	svo	SV	AVP	100	1	0.01
4_4_anc_P_marker	23_4_4_anc_P_marker	fig:heatmap-23-anc-p-marker	4.4 ANC P marker	57_svo_ng_er_b_pa	svo	ng	erg-abs	balancing	poss-acc	vos	VS	VPA	100	100	1.0
4_4_anc_P_marker	23_4_4_anc_P_marker	fig:heatmap-23-anc-p-marker	4.4 ANC P marker	58_svo_ng_er_b_ep	svo	ng	erg-abs	balancing	erg-poss	vos	VS	VPA	100	3	0.03
4_4_anc_P_marker	23_4_4_anc_P_marker	fig:heatmap-23-anc-p-marker	4.4 ANC P marker	59_svo_ng_er_b_no	svo	ng	erg-abs	balancing	nomn	vos	VS	VPA	100	3	0.03
4_4_anc_P_marker	23_4_4_anc_P_marker	fig:heatmap-23-anc-p-marker	4.4 ANC P marker	60_svo_ng_er_d_se	svo	ng	erg-abs	deranking	sent	svo	SV	AVP	100	1	0.01
4_4_anc_P_marker	23_4_4_anc_P_marker	fig:heatmap-23-anc-p-marker	4.4 ANC P marker	61_svo_ng_er_d_pa	svo	ng	erg-abs	deranking	poss-acc	vos	VS	VPA	100	100	1.0
4_4_anc_P_marker	23_4_4_anc_P_marker	fig:heatmap-23-anc-p-marker	4.4 ANC P marker	62_svo_ng_er_d_ep	svo	ng	erg-abs	deranking	erg-poss	vos	VS	VPA	100	3	0.03
4_4_anc_P_marker	23_4_4_anc_P_marker	fig:heatmap-23-anc-p-marker	4.4 ANC P marker	63_svo_ng_er_d_no	svo	ng	erg-abs	deranking	nomn	vos	VS	VPA	100	3	0.03
4_4_anc_P_marker	23_4_4_anc_P_marker	fig:heatmap-23-anc-p-marker	4.4 ANC P marker	64_vos_gn_ac_b_se	vos	gn	nom-acc	balancing	sent	vos	VS	VPA	100	100	1.0
4_4_anc_P_marker	23_4_4_anc_P_marker	fig:heatmap-23-anc-p-marker	4.4 ANC P marker	65_vos_gn_ac_b_pa	vos	gn	nom-acc	balancing	poss-acc	svo	SV	AVP	100	100	1.0
4_4_anc_P_marker	23_4_4_anc_P_marker	fig:heatmap-23-anc-p-marker	4.4 ANC P marker	66_vos_gn_ac_b_ep	vos	gn	nom-acc	balancing	erg-poss	sov	SV	PVA	100	0	0.0
4_4_anc_P_marker	23_4_4_anc_P_marker	fig:heatmap-23-anc-p-marker	4.4 ANC P marker	67_vos_gn_ac_b_no	vos	gn	nom-acc	balancing	nomn	svo	SV	AVP	100	0	0.0
4_4_anc_P_marker	23_4_4_anc_P_marker	fig:heatmap-23-anc-p-marker	4.4 ANC P marker	68_vos_gn_ac_d_se	vos	gn	nom-acc	deranking	sent	vos	VS	VPA	100	100	1.0
4_4_anc_P_marker	23_4_4_anc_P_marker	fig:heatmap-23-anc-p-marker	4.4 ANC P marker	69_vos_gn_ac_d_pa	vos	gn	nom-acc	deranking	poss-acc	svo	SV	AVP	100	100	1.0
4_4_anc_P_marker	23_4_4_anc_P_marker	fig:heatmap-23-anc-p-marker	4.4 ANC P marker	70_vos_gn_ac_d_ep	vos	gn	nom-acc	deranking	erg-poss	sov	SV	PVA	100	0	0.0
4_4_anc_P_marker	23_4_4_anc_P_marker	fig:heatmap-23-anc-p-marker	4.4 ANC P marker	71_vos_gn_ac_d_no	vos	gn	nom-acc	deranking	nomn	svo	SV	AVP	100	0	0.0
4_4_anc_P_marker	23_4_4_anc_P_marker	fig:heatmap-23-anc-p-marker	4.4 ANC P marker	72_vos_gn_er_b_se	vos	gn	erg-abs	balancing	sent	vos	VS	VPA	100	100	1.0
4_4_anc_P_marker	23_4_4_anc_P_marker	fig:heatmap-23-anc-p-marker	4.4 ANC P marker	73_vos_gn_er_b_pa	vos	gn	erg-abs	balancing	poss-acc	svo	SV	AVP	100	100	1.0
4_4_anc_P_marker	23_4_4_anc_P_marker	fig:heatmap-23-anc-p-marker	4.4 ANC P marker	74_vos_gn_er_b_ep	vos	gn	erg-abs	balancing	erg-poss	sov	SV	PVA	100	3	0.03
4_4_anc_P_marker	23_4_4_anc_P_marker	fig:heatmap-23-anc-p-marker	4.4 ANC P marker	75_vos_gn_er_b_no	vos	gn	erg-abs	balancing	nomn	svo	SV	AVP	100	3	0.03
4_4_anc_P_marker	23_4_4_anc_P_marker	fig:heatmap-23-anc-p-marker	4.4 ANC P marker	76_vos_gn_er_d_se	vos	gn	erg-abs	deranking	sent	vos	VS	VPA	100	100	1.0
4_4_anc_P_marker	23_4_4_anc_P_marker	fig:heatmap-23-anc-p-marker	4.4 ANC P marker	77_vos_gn_er_d_pa	vos	gn	erg-abs	deranking	poss-acc	svo	SV	AVP	100	100	1.0
4_4_anc_P_marker	23_4_4_anc_P_marker	fig:heatmap-23-anc-p-marker	4.4 ANC P marker	78_vos_gn_er_d_ep	vos	gn	erg-abs	deranking	erg-poss	sov	SV	PVA	100	3	0.03
4_4_anc_P_marker	23_4_4_anc_P_marker	fig:heatmap-23-anc-p-marker	4.4 ANC P marker	79_vos_gn_er_d_no	vos	gn	erg-abs	deranking	nomn	svo	SV	AVP	100	3	0.03
4_4_anc_P_marker	23_4_4_anc_P_marker	fig:heatmap-23-anc-p-marker	4.4 ANC P marker	80_vos_ng_ac_b_se	vos	ng	nom-acc	balancing	sent	vos	VS	VPA	100	0	0.0
4_4_anc_P_marker	23_4_4_anc_P_marker	fig:heatmap-23-anc-p-marker	4.4 ANC P marker	81_vos_ng_ac_b_pa	vos	ng	nom-acc	balancing	poss-acc	vos	VS	VPA	100	100	1.0
4_4_anc_P_marker	23_4_4_anc_P_marker	fig:heatmap-23-anc-p-marker	4.4 ANC P marker	82_vos_ng_ac_b_ep	vos	ng	nom-acc	balancing	erg-poss	vos	VS	VPA	100	0	0.0
4_4_anc_P_marker	23_4_4_anc_P_marker	fig:heatmap-23-anc-p-marker	4.4 ANC P marker	83_vos_ng_ac_b_no	vos	ng	nom-acc	balancing	nomn	vos	VS	VPA	100	0	0.0
4_4_anc_P_marker	23_4_4_anc_P_marker	fig:heatmap-23-anc-p-marker	4.4 ANC P marker	84_vos_ng_ac_d_se	vos	ng	nom-acc	deranking	sent	vos	VS	VPA	100	0	0.0
4_4_anc_P_marker	23_4_4_anc_P_marker	fig:heatmap-23-anc-p-marker	4.4 ANC P marker	85_vos_ng_ac_d_pa	vos	ng	nom-acc	deranking	poss-acc	vos	VS	VPA	100	100	1.0
4_4_anc_P_marker	23_4_4_anc_P_marker	fig:heatmap-23-anc-p-marker	4.4 ANC P marker	86_vos_ng_ac_d_ep	vos	ng	nom-acc	deranking	erg-poss	vos	VS	VPA	100	0	0.0
4_4_anc_P_marker	23_4_4_anc_P_marker	fig:heatmap-23-anc-p-marker	4.4 ANC P marker	87_vos_ng_ac_d_no	vos	ng	nom-acc	deranking	nomn	vos	VS	VPA	100	0	0.0
4_4_anc_P_marker	23_4_4_anc_P_marker	fig:heatmap-23-anc-p-marker	4.4 ANC P marker	88_vos_ng_er_b_se	vos	ng	erg-abs	balancing	sent	vos	VS	VPA	100	1	0.01
4_4_anc_P_marker	23_4_4_anc_P_marker	fig:heatmap-23-anc-p-marker	4.4 ANC P marker	89_vos_ng_er_b_pa	vos	ng	erg-abs	balancing	poss-acc	vos	VS	VPA	100	100	1.0
4_4_anc_P_marker	23_4_4_anc_P_marker	fig:heatmap-23-anc-p-marker	4.4 ANC P marker	90_vos_ng_er_b_ep	vos	ng	erg-abs	balancing	erg-poss	vos	VS	VPA	100	3	0.03
4_4_anc_P_marker	23_4_4_anc_P_marker	fig:heatmap-23-anc-p-marker	4.4 ANC P marker	91_vos_ng_er_b_no	vos	ng	erg-abs	balancing	nomn	vos	VS	VPA	100	3	0.03
4_4_anc_P_marker	23_4_4_anc_P_marker	fig:heatmap-23-anc-p-marker	4.4 ANC P marker	92_vos_ng_er_d_se	vos	ng	erg-abs	deranking	sent	vos	VS	VPA	100	1	0.01
4_4_anc_P_marker	23_4_4_anc_P_marker	fig:heatmap-23-anc-p-marker	4.4 ANC P marker	93_vos_ng_er_d_pa	vos	ng	erg-abs	deranking	poss-acc	vos	VS	VPA	100	100	1.0
4_4_anc_P_marker	23_4_4_anc_P_marker	fig:heatmap-23-anc-p-marker	4.4 ANC P marker	94_vos_ng_er_d_ep	vos	ng	erg-abs	deranking	erg-poss	vos	VS	VPA	100	3	0.03
4_4_anc_P_marker	23_4_4_anc_P_marker	fig:heatmap-23-anc-p-marker	4.4 ANC P marker	95_vos_ng_er_d_no	vos	ng	erg-abs	deranking	nomn	vos	VS	VPA	100	92	0.92
4_5_anc_SV_order	24_4_5_anc_SV_order	fig:heatmap-24-anc-sv-order	4.5 ANC S--V order	00_sov_gn_ac_b_se	sov	gn	nom-acc	balancing	sent	sov	SV	APV	100	0	0.0
4_5_anc_SV_order	24_4_5_anc_SV_order	fig:heatmap-24-anc-sv-order	4.5 ANC S--V order	01_sov_gn_ac_b_pa	sov	gn	nom-acc	balancing	poss-acc	sov	SV	APV	100	0	0.0
4_5_anc_SV_order	24_4_5_anc_SV_order	fig:heatmap-24-anc-sv-order	4.5 ANC S--V order	02_sov_gn_ac_b_ep	sov	gn	nom-acc	balancing	erg-poss	sov	SV	APV	100	0	0.0
4_5_anc_SV_order	24_4_5_anc_SV_order	fig:heatmap-24-anc-sv-order	4.5 ANC S--V order	03_sov_gn_ac_b_no	sov	gn	nom-acc	balancing	nomn	sov	SV	APV	100	0	0.0
4_5_anc_SV_order	24_4_5_anc_SV_order	fig:heatmap-24-anc-sv-order	4.5 ANC S--V order	04_sov_gn_ac_d_se	sov	gn	nom-acc	deranking	sent	sov	SV	APV	100	0	0.0
4_5_anc_SV_order	24_4_5_anc_SV_order	fig:heatmap-24-anc-sv-order	4.5 ANC S--V order	05_sov_gn_ac_d_pa	sov	gn	nom-acc	deranking	poss-acc	sov	SV	APV	100	0	0.0
4_5_anc_SV_order	24_4_5_anc_SV_order	fig:heatmap-24-anc-sv-order	4.5 ANC S--V order	06_sov_gn_ac_d_ep	sov	gn	nom-acc	deranking	erg-poss	sov	SV	APV	100	0	0.0
4_5_anc_SV_order	24_4_5_anc_SV_order	fig:heatmap-24-anc-sv-order	4.5 ANC S--V order	07_sov_gn_ac_d_no	sov	gn	nom-acc	deranking	nomn	sov	SV	APV	100	0	0.0
4_5_anc_SV_order	24_4_5_anc_SV_order	fig:heatmap-24-anc-sv-order	4.5 ANC S--V order	08_sov_gn_er_b_se	sov	gn	erg-abs	balancing	sent	sov	SV	APV	100	0	0.0
4_5_anc_SV_order	24_4_5_anc_SV_order	fig:heatmap-24-anc-sv-order	4.5 ANC S--V order	09_sov_gn_er_b_pa	sov	gn	erg-abs	balancing	poss-acc	sov	SV	APV	100	0	0.0
4_5_anc_SV_order	24_4_5_anc_SV_order	fig:heatmap-24-anc-sv-order	4.5 ANC S--V order	10_sov_gn_er_b_ep	sov	gn	erg-abs	balancing	erg-poss	sov	SV	APV	100	0	0.0
4_5_anc_SV_order	24_4_5_anc_SV_order	fig:heatmap-24-anc-sv-order	4.5 ANC S--V order	11_sov_gn_er_b_no	sov	gn	erg-abs	balancing	nomn	sov	SV	APV	100	0	0.0
4_5_anc_SV_order	24_4_5_anc_SV_order	fig:heatmap-24-anc-sv-order	4.5 ANC S--V order	12_sov_gn_er_d_se	sov	gn	erg-abs	deranking	sent	sov	SV	APV	100	0	0.0
4_5_anc_SV_order	24_4_5_anc_SV_order	fig:heatmap-24-anc-sv-order	4.5 ANC S--V order	13_sov_gn_er_d_pa	sov	gn	erg-abs	deranking	poss-acc	sov	SV	APV	100	0	0.0
4_5_anc_SV_order	24_4_5_anc_SV_order	fig:heatmap-24-anc-sv-order	4.5 ANC S--V order	14_sov_gn_er_d_ep	sov	gn	erg-abs	deranking	erg-poss	sov	SV	APV	100	0	0.0
4_5_anc_SV_order	24_4_5_anc_SV_order	fig:heatmap-24-anc-sv-order	4.5 ANC S--V order	15_sov_gn_er_d_no	sov	gn	erg-abs	deranking	nomn	sov	SV	APV	100	0	0.0
4_5_anc_SV_order	24_4_5_anc_SV_order	fig:heatmap-24-anc-sv-order	4.5 ANC S--V order	16_sov_ng_ac_b_se	sov	ng	nom-acc	balancing	sent	sov	SV	APV	100	0	0.0
4_5_anc_SV_order	24_4_5_anc_SV_order	fig:heatmap-24-anc-sv-order	4.5 ANC S--V order	17_sov_ng_ac_b_pa	sov	ng	nom-acc	balancing	poss-acc	ovs	VS	PVA	100	100	1.0
4_5_anc_SV_order	24_4_5_anc_SV_order	fig:heatmap-24-anc-sv-order	4.5 ANC S--V order	18_sov_ng_ac_b_ep	sov	ng	nom-acc	balancing	erg-poss	vos	VS	AVP	100	100	1.0
4_5_anc_SV_order	24_4_5_anc_SV_order	fig:heatmap-24-anc-sv-order	4.5 ANC S--V order	19_sov_ng_ac_b_no	sov	ng	nom-acc	balancing	nomn	ovs	VS	PVA	100	100	1.0
4_5_anc_SV_order	24_4_5_anc_SV_order	fig:heatmap-24-anc-sv-order	4.5 ANC S--V order	20_sov_ng_ac_d_se	sov	ng	nom-acc	deranking	sent	sov	SV	APV	100	0	0.0
4_5_anc_SV_order	24_4_5_anc_SV_order	fig:heatmap-24-anc-sv-order	4.5 ANC S--V order	21_sov_ng_ac_d_pa	sov	ng	nom-acc	deranking	poss-acc	ovs	VS	PVA	100	100	1.0
4_5_anc_SV_order	24_4_5_anc_SV_order	fig:heatmap-24-anc-sv-order	4.5 ANC S--V order	22_sov_ng_ac_d_ep	sov	ng	nom-acc	deranking	erg-poss	vos	VS	AVP	100	100	1.0
4_5_anc_SV_order	24_4_5_anc_SV_order	fig:heatmap-24-anc-sv-order	4.5 ANC S--V order	23_sov_ng_ac_d_no	sov	ng	nom-acc	deranking	nomn	ovs	VS	PVA	100	100	1.0
4_5_anc_SV_order	24_4_5_anc_SV_order	fig:heatmap-24-anc-sv-order	4.5 ANC S--V order	24_sov_ng_er_b_se	sov	ng	erg-abs	balancing	sent	sov	SV	APV	100	0	0.0
4_5_anc_SV_order	24_4_5_anc_SV_order	fig:heatmap-24-anc-sv-order	4.5 ANC S--V order	25_sov_ng_er_b_pa	sov	ng	erg-abs	balancing	poss-acc	ovs	VS	PVA	100	100	1.0
4_5_anc_SV_order	24_4_5_anc_SV_order	fig:heatmap-24-anc-sv-order	4.5 ANC S--V order	26_sov_ng_er_b_ep	sov	ng	erg-abs	balancing	erg-poss	vos	VS	AVP	100	100	1.0
4_5_anc_SV_order	24_4_5_anc_SV_order	fig:heatmap-24-anc-sv-order	4.5 ANC S--V order	27_sov_ng_er_b_no	sov	ng	erg-abs	balancing	nomn	ovs	VS	PVA	100	100	1.0
4_5_anc_SV_order	24_4_5_anc_SV_order	fig:heatmap-24-anc-sv-order	4.5 ANC S--V order	28_sov_ng_er_d_se	sov	ng	erg-abs	deranking	sent	sov	SV	APV	100	0	0.0
4_5_anc_SV_order	24_4_5_anc_SV_order	fig:heatmap-24-anc-sv-order	4.5 ANC S--V order	29_sov_ng_er_d_pa	sov	ng	erg-abs	deranking	poss-acc	ovs	VS	PVA	100	100	1.0
4_5_anc_SV_order	24_4_5_anc_SV_order	fig:heatmap-24-anc-sv-order	4.5 ANC S--V order	30_sov_ng_er_d_ep	sov	ng	erg-abs	deranking	erg-poss	vos	VS	AVP	100	100	1.0
4_5_anc_SV_order	24_4_5_anc_SV_order	fig:heatmap-24-anc-sv-order	4.5 ANC S--V order	31_sov_ng_er_d_no	sov	ng	erg-abs	deranking	nomn	ovs	VS	PVA	100	100	1.0
4_5_anc_SV_order	24_4_5_anc_SV_order	fig:heatmap-24-anc-sv-order	4.5 ANC S--V order	32_svo_gn_ac_b_se	svo	gn	nom-acc	balancing	sent	svo	SV	AVP	100	0	0.0
4_5_anc_SV_order	24_4_5_anc_SV_order	fig:heatmap-24-anc-sv-order	4.5 ANC S--V order	33_svo_gn_ac_b_pa	svo	gn	nom-acc	balancing	poss-acc	svo	SV	AVP	100	0	0.0
4_5_anc_SV_order	24_4_5_anc_SV_order	fig:heatmap-24-anc-sv-order	4.5 ANC S--V order	34_svo_gn_ac_b_ep	svo	gn	nom-acc	balancing	erg-poss	sov	SV	PVA	100	0	0.0
4_5_anc_SV_order	24_4_5_anc_SV_order	fig:heatmap-24-anc-sv-order	4.5 ANC S--V order	35_svo_gn_ac_b_no	svo	gn	nom-acc	balancing	nomn	svo	SV	AVP	100	0	0.0
4_5_anc_SV_order	24_4_5_anc_SV_order	fig:heatmap-24-anc-sv-order	4.5 ANC S--V order	36_svo_gn_ac_d_se	svo	gn	nom-acc	deranking	sent	svo	SV	AVP	100	0	0.0
4_5_anc_SV_order	24_4_5_anc_SV_order	fig:heatmap-24-anc-sv-order	4.5 ANC S--V order	37_svo_gn_ac_d_pa	svo	gn	nom-acc	deranking	poss-acc	svo	SV	AVP	100	0	0.0
4_5_anc_SV_order	24_4_5_anc_SV_order	fig:heatmap-24-anc-sv-order	4.5 ANC S--V order	38_svo_gn_ac_d_ep	svo	gn	nom-acc	deranking	erg-poss	sov	SV	PVA	100	0	0.0
4_5_anc_SV_order	24_4_5_anc_SV_order	fig:heatmap-24-anc-sv-order	4.5 ANC S--V order	39_svo_gn_ac_d_no	svo	gn	nom-acc	deranking	nomn	svo	SV	AVP	100	0	0.0
4_5_anc_SV_order	24_4_5_anc_SV_order	fig:heatmap-24-anc-sv-order	4.5 ANC S--V order	40_svo_gn_er_b_se	svo	gn	erg-abs	balancing	sent	svo	SV	AVP	100	91	0.91
4_5_anc_SV_order	24_4_5_anc_SV_order	fig:heatmap-24-anc-sv-order	4.5 ANC S--V order	41_svo_gn_er_b_pa	svo	gn	erg-abs	balancing	poss-acc	svo	SV	AVP	100	2	0.02
4_5_anc_SV_order	24_4_5_anc_SV_order	fig:heatmap-24-anc-sv-order	4.5 ANC S--V order	42_svo_gn_er_b_ep	svo	gn	erg-abs	balancing	erg-poss	sov	SV	PVA	100	0	0.0
4_5_anc_SV_order	24_4_5_anc_SV_order	fig:heatmap-24-anc-sv-order	4.5 ANC S--V order	43_svo_gn_er_b_no	svo	gn	erg-abs	balancing	nomn	svo	SV	AVP	100	0	0.0
4_5_anc_SV_order	24_4_5_anc_SV_order	fig:heatmap-24-anc-sv-order	4.5 ANC S--V order	44_svo_gn_er_d_se	svo	gn	erg-abs	deranking	sent	svo	SV	AVP	100	91	0.91
4_5_anc_SV_order	24_4_5_anc_SV_order	fig:heatmap-24-anc-sv-order	4.5 ANC S--V order	45_svo_gn_er_d_pa	svo	gn	erg-abs	deranking	poss-acc	svo	SV	AVP	100	2	0.02
4_5_anc_SV_order	24_4_5_anc_SV_order	fig:heatmap-24-anc-sv-order	4.5 ANC S--V order	46_svo_gn_er_d_ep	svo	gn	erg-abs	deranking	erg-poss	sov	SV	PVA	100	0	0.0
4_5_anc_SV_order	24_4_5_anc_SV_order	fig:heatmap-24-anc-sv-order	4.5 ANC S--V order	47_svo_gn_er_d_no	svo	gn	erg-abs	deranking	nomn	svo	SV	AVP	100	0	0.0
4_5_anc_SV_order	24_4_5_anc_SV_order	fig:heatmap-24-anc-sv-order	4.5 ANC S--V order	48_svo_ng_ac_b_se	svo	ng	nom-acc	balancing	sent	svo	SV	AVP	100	0	0.0
4_5_anc_SV_order	24_4_5_anc_SV_order	fig:heatmap-24-anc-sv-order	4.5 ANC S--V order	49_svo_ng_ac_b_pa	svo	ng	nom-acc	balancing	poss-acc	vos	VS	VPA	100	0	0.0
4_5_anc_SV_order	24_4_5_anc_SV_order	fig:heatmap-24-anc-sv-order	4.5 ANC S--V order	50_svo_ng_ac_b_ep	svo	ng	nom-acc	balancing	erg-poss	vos	VS	VPA	100	0	0.0
4_5_anc_SV_order	24_4_5_anc_SV_order	fig:heatmap-24-anc-sv-order	4.5 ANC S--V order	51_svo_ng_ac_b_no	svo	ng	nom-acc	balancing	nomn	vos	VS	VPA	100	0	0.0
4_5_anc_SV_order	24_4_5_anc_SV_order	fig:heatmap-24-anc-sv-order	4.5 ANC S--V order	52_svo_ng_ac_d_se	svo	ng	nom-acc	deranking	sent	svo	SV	AVP	100	0	0.0
4_5_anc_SV_order	24_4_5_anc_SV_order	fig:heatmap-24-anc-sv-order	4.5 ANC S--V order	53_svo_ng_ac_d_pa	svo	ng	nom-acc	deranking	poss-acc	vos	VS	VPA	100	0	0.0
4_5_anc_SV_order	24_4_5_anc_SV_order	fig:heatmap-24-anc-sv-order	4.5 ANC S--V order	54_svo_ng_ac_d_ep	svo	ng	nom-acc	deranking	erg-poss	vos	VS	VPA	100	0	0.0
4_5_anc_SV_order	24_4_5_anc_SV_order	fig:heatmap-24-anc-sv-order	4.5 ANC S--V order	55_svo_ng_ac_d_no	svo	ng	nom-acc	deranking	nomn	vos	VS	VPA	100	0	0.0
4_5_anc_SV_order	24_4_5_anc_SV_order	fig:heatmap-24-anc-sv-order	4.5 ANC S--V order	56_svo_ng_er_b_se	svo	ng	erg-abs	balancing	sent	svo	SV	AVP	100	91	0.91
4_5_anc_SV_order	24_4_5_anc_SV_order	fig:heatmap-24-anc-sv-order	4.5 ANC S--V order	57_svo_ng_er_b_pa	svo	ng	erg-abs	balancing	poss-acc	vos	VS	VPA	100	0	0.0
4_5_anc_SV_order	24_4_5_anc_SV_order	fig:heatmap-24-anc-sv-order	4.5 ANC S--V order	58_svo_ng_er_b_ep	svo	ng	erg-abs	balancing	erg-poss	vos	VS	VPA	100	0	0.0
4_5_anc_SV_order	24_4_5_anc_SV_order	fig:heatmap-24-anc-sv-order	4.5 ANC S--V order	59_svo_ng_er_b_no	svo	ng	erg-abs	balancing	nomn	vos	VS	VPA	100	0	0.0
4_5_anc_SV_order	24_4_5_anc_SV_order	fig:heatmap-24-anc-sv-order	4.5 ANC S--V order	60_svo_ng_er_d_se	svo	ng	erg-abs	deranking	sent	svo	SV	AVP	100	91	0.91
4_5_anc_SV_order	24_4_5_anc_SV_order	fig:heatmap-24-anc-sv-order	4.5 ANC S--V order	61_svo_ng_er_d_pa	svo	ng	erg-abs	deranking	poss-acc	vos	VS	VPA	100	2	0.02
4_5_anc_SV_order	24_4_5_anc_SV_order	fig:heatmap-24-anc-sv-order	4.5 ANC S--V order	62_svo_ng_er_d_ep	svo	ng	erg-abs	deranking	erg-poss	vos	VS	VPA	100	2	0.02
4_5_anc_SV_order	24_4_5_anc_SV_order	fig:heatmap-24-anc-sv-order	4.5 ANC S--V order	63_svo_ng_er_d_no	svo	ng	erg-abs	deranking	nomn	vos	VS	VPA	100	2	0.02
4_5_anc_SV_order	24_4_5_anc_SV_order	fig:heatmap-24-anc-sv-order	4.5 ANC S--V order	64_vos_gn_ac_b_se	vos	gn	nom-acc	balancing	sent	vos	VS	VPA	100	0	0.0
4_5_anc_SV_order	24_4_5_anc_SV_order	fig:heatmap-24-anc-sv-order	4.5 ANC S--V order	65_vos_gn_ac_b_pa	vos	gn	nom-acc	balancing	poss-acc	svo	SV	AVP	100	100	1.0
4_5_anc_SV_order	24_4_5_anc_SV_order	fig:heatmap-24-anc-sv-order	4.5 ANC S--V order	66_vos_gn_ac_b_ep	vos	gn	nom-acc	balancing	erg-poss	sov	SV	PVA	100	100	1.0
4_5_anc_SV_order	24_4_5_anc_SV_order	fig:heatmap-24-anc-sv-order	4.5 ANC S--V order	67_vos_gn_ac_b_no	vos	gn	nom-acc	balancing	nomn	svo	SV	AVP	100	100	1.0
4_5_anc_SV_order	24_4_5_anc_SV_order	fig:heatmap-24-anc-sv-order	4.5 ANC S--V order	68_vos_gn_ac_d_se	vos	gn	nom-acc	deranking	sent	vos	VS	VPA	100	0	0.0
4_5_anc_SV_order	24_4_5_anc_SV_order	fig:heatmap-24-anc-sv-order	4.5 ANC S--V order	69_vos_gn_ac_d_pa	vos	gn	nom-acc	deranking	poss-acc	svo	SV	AVP	100	100	1.0
4_5_anc_SV_order	24_4_5_anc_SV_order	fig:heatmap-24-anc-sv-order	4.5 ANC S--V order	70_vos_gn_ac_d_ep	vos	gn	nom-acc	deranking	erg-poss	sov	SV	PVA	100	100	1.0
4_5_anc_SV_order	24_4_5_anc_SV_order	fig:heatmap-24-anc-sv-order	4.5 ANC S--V order	71_vos_gn_ac_d_no	vos	gn	nom-acc	deranking	nomn	svo	SV	AVP	100	100	1.0
4_5_anc_SV_order	24_4_5_anc_SV_order	fig:heatmap-24-anc-sv-order	4.5 ANC S--V order	72_vos_gn_er_b_se	vos	gn	erg-abs	balancing	sent	vos	VS	VPA	100	0	0.0
4_5_anc_SV_order	24_4_5_anc_SV_order	fig:heatmap-24-anc-sv-order	4.5 ANC S--V order	73_vos_gn_er_b_pa	vos	gn	erg-abs	balancing	poss-acc	svo	SV	AVP	100	100	1.0
4_5_anc_SV_order	24_4_5_anc_SV_order	fig:heatmap-24-anc-sv-order	4.5 ANC S--V order	74_vos_gn_er_b_ep	vos	gn	erg-abs	balancing	erg-poss	sov	SV	PVA	100	100	1.0
4_5_anc_SV_order	24_4_5_anc_SV_order	fig:heatmap-24-anc-sv-order	4.5 ANC S--V order	75_vos_gn_er_b_no	vos	gn	erg-abs	balancing	nomn	svo	SV	AVP	100	100	1.0
4_5_anc_SV_order	24_4_5_anc_SV_order	fig:heatmap-24-anc-sv-order	4.5 ANC S--V order	76_vos_gn_er_d_se	vos	gn	erg-abs	deranking	sent	vos	VS	VPA	100	0	0.0
4_5_anc_SV_order	24_4_5_anc_SV_order	fig:heatmap-24-anc-sv-order	4.5 ANC S--V order	77_vos_gn_er_d_pa	vos	gn	erg-abs	deranking	poss-acc	svo	SV	AVP	100	100	1.0
4_5_anc_SV_order	24_4_5_anc_SV_order	fig:heatmap-24-anc-sv-order	4.5 ANC S--V order	78_vos_gn_er_d_ep	vos	gn	erg-abs	deranking	erg-poss	sov	SV	PVA	100	100	1.0
4_5_anc_SV_order	24_4_5_anc_SV_order	fig:heatmap-24-anc-sv-order	4.5 ANC S--V order	79_vos_gn_er_d_no	vos	gn	erg-abs	deranking	nomn	svo	SV	AVP	100	100	1.0
4_5_anc_SV_order	24_4_5_anc_SV_order	fig:heatmap-24-anc-sv-order	4.5 ANC S--V order	80_vos_ng_ac_b_se	vos	ng	nom-acc	balancing	sent	vos	VS	VPA	100	0	0.0
4_5_anc_SV_order	24_4_5_anc_SV_order	fig:heatmap-24-anc-sv-order	4.5 ANC S--V order	81_vos_ng_ac_b_pa	vos	ng	nom-acc	balancing	poss-acc	vos	VS	VPA	100	0	0.0
4_5_anc_SV_order	24_4_5_anc_SV_order	fig:heatmap-24-anc-sv-order	4.5 ANC S--V order	82_vos_ng_ac_b_ep	vos	ng	nom-acc	balancing	erg-poss	vos	VS	VPA	100	0	0.0
4_5_anc_SV_order	24_4_5_anc_SV_order	fig:heatmap-24-anc-sv-order	4.5 ANC S--V order	83_vos_ng_ac_b_no	vos	ng	nom-acc	balancing	nomn	vos	VS	VPA	100	0	0.0
4_5_anc_SV_order	24_4_5_anc_SV_order	fig:heatmap-24-anc-sv-order	4.5 ANC S--V order	84_vos_ng_ac_d_se	vos	ng	nom-acc	deranking	sent	vos	VS	VPA	100	0	0.0
4_5_anc_SV_order	24_4_5_anc_SV_order	fig:heatmap-24-anc-sv-order	4.5 ANC S--V order	85_vos_ng_ac_d_pa	vos	ng	nom-acc	deranking	poss-acc	vos	VS	VPA	100	0	0.0
4_5_anc_SV_order	24_4_5_anc_SV_order	fig:heatmap-24-anc-sv-order	4.5 ANC S--V order	86_vos_ng_ac_d_ep	vos	ng	nom-acc	deranking	erg-poss	vos	VS	VPA	100	0	0.0
4_5_anc_SV_order	24_4_5_anc_SV_order	fig:heatmap-24-anc-sv-order	4.5 ANC S--V order	87_vos_ng_ac_d_no	vos	ng	nom-acc	deranking	nomn	vos	VS	VPA	100	0	0.0
4_5_anc_SV_order	24_4_5_anc_SV_order	fig:heatmap-24-anc-sv-order	4.5 ANC S--V order	88_vos_ng_er_b_se	vos	ng	erg-abs	balancing	sent	vos	VS	VPA	100	0	0.0
4_5_anc_SV_order	24_4_5_anc_SV_order	fig:heatmap-24-anc-sv-order	4.5 ANC S--V order	89_vos_ng_er_b_pa	vos	ng	erg-abs	balancing	poss-acc	vos	VS	VPA	100	0	0.0
4_5_anc_SV_order	24_4_5_anc_SV_order	fig:heatmap-24-anc-sv-order	4.5 ANC S--V order	90_vos_ng_er_b_ep	vos	ng	erg-abs	balancing	erg-poss	vos	VS	VPA	100	0	0.0
4_5_anc_SV_order	24_4_5_anc_SV_order	fig:heatmap-24-anc-sv-order	4.5 ANC S--V order	91_vos_ng_er_b_no	vos	ng	erg-abs	balancing	nomn	vos	VS	VPA	100	0	0.0
4_5_anc_SV_order	24_4_5_anc_SV_order	fig:heatmap-24-anc-sv-order	4.5 ANC S--V order	92_vos_ng_er_d_se	vos	ng	erg-abs	deranking	sent	vos	VS	VPA	100	0	0.0
4_5_anc_SV_order	24_4_5_anc_SV_order	fig:heatmap-24-anc-sv-order	4.5 ANC S--V order	93_vos_ng_er_d_pa	vos	ng	erg-abs	deranking	poss-acc	vos	VS	VPA	100	0	0.0
4_5_anc_SV_order	24_4_5_anc_SV_order	fig:heatmap-24-anc-sv-order	4.5 ANC S--V order	94_vos_ng_er_d_ep	vos	ng	erg-abs	deranking	erg-poss	vos	VS	VPA	100	0	0.0
4_5_anc_SV_order	24_4_5_anc_SV_order	fig:heatmap-24-anc-sv-order	4.5 ANC S--V order	95_vos_ng_er_d_no	vos	ng	erg-abs	deranking	nomn	vos	VS	VPA	100	0	0.0
4_6_anc_AV_order	25_4_6_anc_AV_order	fig:heatmap-25-anc-av-order	4.6 ANC A--V order	00_sov_gn_ac_b_se	sov	gn	nom-acc	balancing	sent	sov	SV	APV	100	0	0.0
4_6_anc_AV_order	25_4_6_anc_AV_order	fig:heatmap-25-anc-av-order	4.6 ANC A--V order	01_sov_gn_ac_b_pa	sov	gn	nom-acc	balancing	poss-acc	sov	SV	APV	100	0	0.0
4_6_anc_AV_order	25_4_6_anc_AV_order	fig:heatmap-25-anc-av-order	4.6 ANC A--V order	02_sov_gn_ac_b_ep	sov	gn	nom-acc	balancing	erg-poss	sov	SV	APV	100	0	0.0
4_6_anc_AV_order	25_4_6_anc_AV_order	fig:heatmap-25-anc-av-order	4.6 ANC A--V order	03_sov_gn_ac_b_no	sov	gn	nom-acc	balancing	nomn	sov	SV	APV	100	0	0.0
4_6_anc_AV_order	25_4_6_anc_AV_order	fig:heatmap-25-anc-av-order	4.6 ANC A--V order	04_sov_gn_ac_d_se	sov	gn	nom-acc	deranking	sent	sov	SV	APV	100	0	0.0
4_6_anc_AV_order	25_4_6_anc_AV_order	fig:heatmap-25-anc-av-order	4.6 ANC A--V order	05_sov_gn_ac_d_pa	sov	gn	nom-acc	deranking	poss-acc	sov	SV	APV	100	0	0.0
4_6_anc_AV_order	25_4_6_anc_AV_order	fig:heatmap-25-anc-av-order	4.6 ANC A--V order	06_sov_gn_ac_d_ep	sov	gn	nom-acc	deranking	erg-poss	sov	SV	APV	100	0	0.0
4_6_anc_AV_order	25_4_6_anc_AV_order	fig:heatmap-25-anc-av-order	4.6 ANC A--V order	07_sov_gn_ac_d_no	sov	gn	nom-acc	deranking	nomn	sov	SV	APV	100	0	0.0
4_6_anc_AV_order	25_4_6_anc_AV_order	fig:heatmap-25-anc-av-order	4.6 ANC A--V order	08_sov_gn_er_b_se	sov	gn	erg-abs	balancing	sent	sov	SV	APV	100	0	0.0
4_6_anc_AV_order	25_4_6_anc_AV_order	fig:heatmap-25-anc-av-order	4.6 ANC A--V order	09_sov_gn_er_b_pa	sov	gn	erg-abs	balancing	poss-acc	sov	SV	APV	100	0	0.0
4_6_anc_AV_order	25_4_6_anc_AV_order	fig:heatmap-25-anc-av-order	4.6 ANC A--V order	10_sov_gn_er_b_ep	sov	gn	erg-abs	balancing	erg-poss	sov	SV	APV	100	0	0.0
4_6_anc_AV_order	25_4_6_anc_AV_order	fig:heatmap-25-anc-av-order	4.6 ANC A--V order	11_sov_gn_er_b_no	sov	gn	erg-abs	balancing	nomn	sov	SV	APV	100	0	0.0
4_6_anc_AV_order	25_4_6_anc_AV_order	fig:heatmap-25-anc-av-order	4.6 ANC A--V order	12_sov_gn_er_d_se	sov	gn	erg-abs	deranking	sent	sov	SV	APV	100	0	0.0
4_6_anc_AV_order	25_4_6_anc_AV_order	fig:heatmap-25-anc-av-order	4.6 ANC A--V order	13_sov_gn_er_d_pa	sov	gn	erg-abs	deranking	poss-acc	sov	SV	APV	100	0	0.0
4_6_anc_AV_order	25_4_6_anc_AV_order	fig:heatmap-25-anc-av-order	4.6 ANC A--V order	14_sov_gn_er_d_ep	sov	gn	erg-abs	deranking	erg-poss	sov	SV	APV	100	0	0.0
4_6_anc_AV_order	25_4_6_anc_AV_order	fig:heatmap-25-anc-av-order	4.6 ANC A--V order	15_sov_gn_er_d_no	sov	gn	erg-abs	deranking	nomn	sov	SV	APV	100	0	0.0
4_6_anc_AV_order	25_4_6_anc_AV_order	fig:heatmap-25-anc-av-order	4.6 ANC A--V order	16_sov_ng_ac_b_se	sov	ng	nom-acc	balancing	sent	sov	SV	APV	100	0	0.0
4_6_anc_AV_order	25_4_6_anc_AV_order	fig:heatmap-25-anc-av-order	4.6 ANC A--V order	17_sov_ng_ac_b_pa	sov	ng	nom-acc	balancing	poss-acc	ovs	VS	PVA	100	100	1.0
4_6_anc_AV_order	25_4_6_anc_AV_order	fig:heatmap-25-anc-av-order	4.6 ANC A--V order	18_sov_ng_ac_b_ep	sov	ng	nom-acc	balancing	erg-poss	vos	VS	AVP	100	0	0.0
4_6_anc_AV_order	25_4_6_anc_AV_order	fig:heatmap-25-anc-av-order	4.6 ANC A--V order	19_sov_ng_ac_b_no	sov	ng	nom-acc	balancing	nomn	ovs	VS	PVA	100	100	1.0
4_6_anc_AV_order	25_4_6_anc_AV_order	fig:heatmap-25-anc-av-order	4.6 ANC A--V order	20_sov_ng_ac_d_se	sov	ng	nom-acc	deranking	sent	sov	SV	APV	100	0	0.0
4_6_anc_AV_order	25_4_6_anc_AV_order	fig:heatmap-25-anc-av-order	4.6 ANC A--V order	21_sov_ng_ac_d_pa	sov	ng	nom-acc	deranking	poss-acc	ovs	VS	PVA	100	100	1.0
4_6_anc_AV_order	25_4_6_anc_AV_order	fig:heatmap-25-anc-av-order	4.6 ANC A--V order	22_sov_ng_ac_d_ep	sov	ng	nom-acc	deranking	erg-poss	vos	VS	AVP	100	0	0.0
4_6_anc_AV_order	25_4_6_anc_AV_order	fig:heatmap-25-anc-av-order	4.6 ANC A--V order	23_sov_ng_ac_d_no	sov	ng	nom-acc	deranking	nomn	ovs	VS	PVA	100	100	1.0
4_6_anc_AV_order	25_4_6_anc_AV_order	fig:heatmap-25-anc-av-order	4.6 ANC A--V order	24_sov_ng_er_b_se	sov	ng	erg-abs	balancing	sent	sov	SV	APV	100	0	0.0
4_6_anc_AV_order	25_4_6_anc_AV_order	fig:heatmap-25-anc-av-order	4.6 ANC A--V order	25_sov_ng_er_b_pa	sov	ng	erg-abs	balancing	poss-acc	ovs	VS	PVA	100	100	1.0
4_6_anc_AV_order	25_4_6_anc_AV_order	fig:heatmap-25-anc-av-order	4.6 ANC A--V order	26_sov_ng_er_b_ep	sov	ng	erg-abs	balancing	erg-poss	vos	VS	AVP	100	0	0.0
4_6_anc_AV_order	25_4_6_anc_AV_order	fig:heatmap-25-anc-av-order	4.6 ANC A--V order	27_sov_ng_er_b_no	sov	ng	erg-abs	balancing	nomn	ovs	VS	PVA	100	100	1.0
4_6_anc_AV_order	25_4_6_anc_AV_order	fig:heatmap-25-anc-av-order	4.6 ANC A--V order	28_sov_ng_er_d_se	sov	ng	erg-abs	deranking	sent	sov	SV	APV	100	0	0.0
4_6_anc_AV_order	25_4_6_anc_AV_order	fig:heatmap-25-anc-av-order	4.6 ANC A--V order	29_sov_ng_er_d_pa	sov	ng	erg-abs	deranking	poss-acc	ovs	VS	PVA	100	100	1.0
4_6_anc_AV_order	25_4_6_anc_AV_order	fig:heatmap-25-anc-av-order	4.6 ANC A--V order	30_sov_ng_er_d_ep	sov	ng	erg-abs	deranking	erg-poss	vos	VS	AVP	100	0	0.0
4_6_anc_AV_order	25_4_6_anc_AV_order	fig:heatmap-25-anc-av-order	4.6 ANC A--V order	31_sov_ng_er_d_no	sov	ng	erg-abs	deranking	nomn	ovs	VS	PVA	100	100	1.0
4_6_anc_AV_order	25_4_6_anc_AV_order	fig:heatmap-25-anc-av-order	4.6 ANC A--V order	32_svo_gn_ac_b_se	svo	gn	nom-acc	balancing	sent	svo	SV	AVP	100	0	0.0
4_6_anc_AV_order	25_4_6_anc_AV_order	fig:heatmap-25-anc-av-order	4.6 ANC A--V order	33_svo_gn_ac_b_pa	svo	gn	nom-acc	balancing	poss-acc	svo	SV	AVP	100	0	0.0
4_6_anc_AV_order	25_4_6_anc_AV_order	fig:heatmap-25-anc-av-order	4.6 ANC A--V order	34_svo_gn_ac_b_ep	svo	gn	nom-acc	balancing	erg-poss	sov	SV	PVA	100	0	0.0
4_6_anc_AV_order	25_4_6_anc_AV_order	fig:heatmap-25-anc-av-order	4.6 ANC A--V order	35_svo_gn_ac_b_no	svo	gn	nom-acc	balancing	nomn	svo	SV	AVP	100	0	0.0
4_6_anc_AV_order	25_4_6_anc_AV_order	fig:heatmap-25-anc-av-order	4.6 ANC A--V order	36_svo_gn_ac_d_se	svo	gn	nom-acc	deranking	sent	svo	SV	AVP	100	0	0.0
4_6_anc_AV_order	25_4_6_anc_AV_order	fig:heatmap-25-anc-av-order	4.6 ANC A--V order	37_svo_gn_ac_d_pa	svo	gn	nom-acc	deranking	poss-acc	svo	SV	AVP	100	0	0.0
4_6_anc_AV_order	25_4_6_anc_AV_order	fig:heatmap-25-anc-av-order	4.6 ANC A--V order	38_svo_gn_ac_d_ep	svo	gn	nom-acc	deranking	erg-poss	sov	SV	PVA	100	0	0.0
4_6_anc_AV_order	25_4_6_anc_AV_order	fig:heatmap-25-anc-av-order	4.6 ANC A--V order	39_svo_gn_ac_d_no	svo	gn	nom-acc	deranking	nomn	svo	SV	AVP	100	0	0.0
4_6_anc_AV_order	25_4_6_anc_AV_order	fig:heatmap-25-anc-av-order	4.6 ANC A--V order	40_svo_gn_er_b_se	svo	gn	erg-abs	balancing	sent	svo	SV	AVP	100	0	0.0
4_6_anc_AV_order	25_4_6_anc_AV_order	fig:heatmap-25-anc-av-order	4.6 ANC A--V order	41_svo_gn_er_b_pa	svo	gn	erg-abs	balancing	poss-acc	svo	SV	AVP	100	0	0.0
4_6_anc_AV_order	25_4_6_anc_AV_order	fig:heatmap-25-anc-av-order	4.6 ANC A--V order	42_svo_gn_er_b_ep	svo	gn	erg-abs	balancing	erg-poss	sov	SV	PVA	100	0	0.0
4_6_anc_AV_order	25_4_6_anc_AV_order	fig:heatmap-25-anc-av-order	4.6 ANC A--V order	43_svo_gn_er_b_no	svo	gn	erg-abs	balancing	nomn	svo	SV	AVP	100	0	0.0
4_6_anc_AV_order	25_4_6_anc_AV_order	fig:heatmap-25-anc-av-order	4.6 ANC A--V order	44_svo_gn_er_d_se	svo	gn	erg-abs	deranking	sent	svo	SV	AVP	100	0	0.0
4_6_anc_AV_order	25_4_6_anc_AV_order	fig:heatmap-25-anc-av-order	4.6 ANC A--V order	45_svo_gn_er_d_pa	svo	gn	erg-abs	deranking	poss-acc	svo	SV	AVP	100	0	0.0
4_6_anc_AV_order	25_4_6_anc_AV_order	fig:heatmap-25-anc-av-order	4.6 ANC A--V order	46_svo_gn_er_d_ep	svo	gn	erg-abs	deranking	erg-poss	sov	SV	PVA	100	0	0.0
4_6_anc_AV_order	25_4_6_anc_AV_order	fig:heatmap-25-anc-av-order	4.6 ANC A--V order	47_svo_gn_er_d_no	svo	gn	erg-abs	deranking	nomn	svo	SV	AVP	100	0	0.0
4_6_anc_AV_order	25_4_6_anc_AV_order	fig:heatmap-25-anc-av-order	4.6 ANC A--V order	48_svo_ng_ac_b_se	svo	ng	nom-acc	balancing	sent	svo	SV	AVP	100	2	0.02
4_6_anc_AV_order	25_4_6_anc_AV_order	fig:heatmap-25-anc-av-order	4.6 ANC A--V order	49_svo_ng_ac_b_pa	svo	ng	nom-acc	balancing	poss-acc	vos	VS	VPA	100	0	0.0
4_6_anc_AV_order	25_4_6_anc_AV_order	fig:heatmap-25-anc-av-order	4.6 ANC A--V order	50_svo_ng_ac_b_ep	svo	ng	nom-acc	balancing	erg-poss	vos	VS	VPA	100	0	0.0
4_6_anc_AV_order	25_4_6_anc_AV_order	fig:heatmap-25-anc-av-order	4.6 ANC A--V order	51_svo_ng_ac_b_no	svo	ng	nom-acc	balancing	nomn	vos	VS	VPA	100	0	0.0
4_6_anc_AV_order	25_4_6_anc_AV_order	fig:heatmap-25-anc-av-order	4.6 ANC A--V order	52_svo_ng_ac_d_se	svo	ng	nom-acc	deranking	sent	svo	SV	AVP	100	2	0.02
4_6_anc_AV_order	25_4_6_anc_AV_order	fig:heatmap-25-anc-av-order	4.6 ANC A--V order	53_svo_ng_ac_d_pa	svo	ng	nom-acc	deranking	poss-acc	vos	VS	VPA	100	0	0.0
4_6_anc_AV_order	25_4_6_anc_AV_order	fig:heatmap-25-anc-av-order	4.6 ANC A--V order	54_svo_ng_ac_d_ep	svo	ng	nom-acc	deranking	erg-poss	vos	VS	VPA	100	0	0.0
4_6_anc_AV_order	25_4_6_anc_AV_order	fig:heatmap-25-anc-av-order	4.6 ANC A--V order	55_svo_ng_ac_d_no	svo	ng	nom-acc	deranking	nomn	vos	VS	VPA	100	0	0.0
4_6_anc_AV_order	25_4_6_anc_AV_order	fig:heatmap-25-anc-av-order	4.6 ANC A--V order	56_svo_ng_er_b_se	svo	ng	erg-abs	balancing	sent	svo	SV	AVP	100	0	0.0
4_6_anc_AV_order	25_4_6_anc_AV_order	fig:heatmap-25-anc-av-order	4.6 ANC A--V order	57_svo_ng_er_b_pa	svo	ng	erg-abs	balancing	poss-acc	vos	VS	VPA	100	0	0.0
4_6_anc_AV_order	25_4_6_anc_AV_order	fig:heatmap-25-anc-av-order	4.6 ANC A--V order	58_svo_ng_er_b_ep	svo	ng	erg-abs	balancing	erg-poss	vos	VS	VPA	100	0	0.0
4_6_anc_AV_order	25_4_6_anc_AV_order	fig:heatmap-25-anc-av-order	4.6 ANC A--V order	59_svo_ng_er_b_no	svo	ng	erg-abs	balancing	nomn	vos	VS	VPA	100	0	0.0
4_6_anc_AV_order	25_4_6_anc_AV_order	fig:heatmap-25-anc-av-order	4.6 ANC A--V order	60_svo_ng_er_d_se	svo	ng	erg-abs	deranking	sent	svo	SV	AVP	100	0	0.0
4_6_anc_AV_order	25_4_6_anc_AV_order	fig:heatmap-25-anc-av-order	4.6 ANC A--V order	61_svo_ng_er_d_pa	svo	ng	erg-abs	deranking	poss-acc	vos	VS	VPA	100	0	0.0
4_6_anc_AV_order	25_4_6_anc_AV_order	fig:heatmap-25-anc-av-order	4.6 ANC A--V order	62_svo_ng_er_d_ep	svo	ng	erg-abs	deranking	erg-poss	vos	VS	VPA	100	0	0.0
4_6_anc_AV_order	25_4_6_anc_AV_order	fig:heatmap-25-anc-av-order	4.6 ANC A--V order	63_svo_ng_er_d_no	svo	ng	erg-abs	deranking	nomn	vos	VS	VPA	100	0	0.0
4_6_anc_AV_order	25_4_6_anc_AV_order	fig:heatmap-25-anc-av-order	4.6 ANC A--V order	64_vos_gn_ac_b_se	vos	gn	nom-acc	balancing	sent	vos	VS	VPA	100	0	0.0
4_6_anc_AV_order	25_4_6_anc_AV_order	fig:heatmap-25-anc-av-order	4.6 ANC A--V order	65_vos_gn_ac_b_pa	vos	gn	nom-acc	balancing	poss-acc	svo	SV	AVP	100	100	1.0
4_6_anc_AV_order	25_4_6_anc_AV_order	fig:heatmap-25-anc-av-order	4.6 ANC A--V order	66_vos_gn_ac_b_ep	vos	gn	nom-acc	balancing	erg-poss	sov	SV	PVA	100	0	0.0
4_6_anc_AV_order	25_4_6_anc_AV_order	fig:heatmap-25-anc-av-order	4.6 ANC A--V order	67_vos_gn_ac_b_no	vos	gn	nom-acc	balancing	nomn	svo	SV	AVP	100	100	1.0
4_6_anc_AV_order	25_4_6_anc_AV_order	fig:heatmap-25-anc-av-order	4.6 ANC A--V order	68_vos_gn_ac_d_se	vos	gn	nom-acc	deranking	sent	vos	VS	VPA	100	0	0.0
4_6_anc_AV_order	25_4_6_anc_AV_order	fig:heatmap-25-anc-av-order	4.6 ANC A--V order	69_vos_gn_ac_d_pa	vos	gn	nom-acc	deranking	poss-acc	svo	SV	AVP	100	100	1.0
4_6_anc_AV_order	25_4_6_anc_AV_order	fig:heatmap-25-anc-av-order	4.6 ANC A--V order	70_vos_gn_ac_d_ep	vos	gn	nom-acc	deranking	erg-poss	sov	SV	PVA	100	0	0.0
4_6_anc_AV_order	25_4_6_anc_AV_order	fig:heatmap-25-anc-av-order	4.6 ANC A--V order	71_vos_gn_ac_d_no	vos	gn	nom-acc	deranking	nomn	svo	SV	AVP	100	100	1.0
4_6_anc_AV_order	25_4_6_anc_AV_order	fig:heatmap-25-anc-av-order	4.6 ANC A--V order	72_vos_gn_er_b_se	vos	gn	erg-abs	balancing	sent	vos	VS	VPA	100	0	0.0
4_6_anc_AV_order	25_4_6_anc_AV_order	fig:heatmap-25-anc-av-order	4.6 ANC A--V order	73_vos_gn_er_b_pa	vos	gn	erg-abs	balancing	poss-acc	svo	SV	AVP	100	100	1.0
4_6_anc_AV_order	25_4_6_anc_AV_order	fig:heatmap-25-anc-av-order	4.6 ANC A--V order	74_vos_gn_er_b_ep	vos	gn	erg-abs	balancing	erg-poss	sov	SV	PVA	100	0	0.0
4_6_anc_AV_order	25_4_6_anc_AV_order	fig:heatmap-25-anc-av-order	4.6 ANC A--V order	75_vos_gn_er_b_no	vos	gn	erg-abs	balancing	nomn	svo	SV	AVP	100	100	1.0
4_6_anc_AV_order	25_4_6_anc_AV_order	fig:heatmap-25-anc-av-order	4.6 ANC A--V order	76_vos_gn_er_d_se	vos	gn	erg-abs	deranking	sent	vos	VS	VPA	100	0	0.0
4_6_anc_AV_order	25_4_6_anc_AV_order	fig:heatmap-25-anc-av-order	4.6 ANC A--V order	77_vos_gn_er_d_pa	vos	gn	erg-abs	deranking	poss-acc	svo	SV	AVP	100	100	1.0
4_6_anc_AV_order	25_4_6_anc_AV_order	fig:heatmap-25-anc-av-order	4.6 ANC A--V order	78_vos_gn_er_d_ep	vos	gn	erg-abs	deranking	erg-poss	sov	SV	PVA	100	0	0.0
4_6_anc_AV_order	25_4_6_anc_AV_order	fig:heatmap-25-anc-av-order	4.6 ANC A--V order	79_vos_gn_er_d_no	vos	gn	erg-abs	deranking	nomn	svo	SV	AVP	100	100	1.0
4_6_anc_AV_order	25_4_6_anc_AV_order	fig:heatmap-25-anc-av-order	4.6 ANC A--V order	80_vos_ng_ac_b_se	vos	ng	nom-acc	balancing	sent	vos	VS	VPA	100	0	0.0
4_6_anc_AV_order	25_4_6_anc_AV_order	fig:heatmap-25-anc-av-order	4.6 ANC A--V order	81_vos_ng_ac_b_pa	vos	ng	nom-acc	balancing	poss-acc	vos	VS	VPA	100	0	0.0
4_6_anc_AV_order	25_4_6_anc_AV_order	fig:heatmap-25-anc-av-order	4.6 ANC A--V order	82_vos_ng_ac_b_ep	vos	ng	nom-acc	balancing	erg-poss	vos	VS	VPA	100	0	0.0
4_6_anc_AV_order	25_4_6_anc_AV_order	fig:heatmap-25-anc-av-order	4.6 ANC A--V order	83_vos_ng_ac_b_no	vos	ng	nom-acc	balancing	nomn	vos	VS	VPA	100	0	0.0
4_6_anc_AV_order	25_4_6_anc_AV_order	fig:heatmap-25-anc-av-order	4.6 ANC A--V order	84_vos_ng_ac_d_se	vos	ng	nom-acc	deranking	sent	vos	VS	VPA	100	0	0.0
4_6_anc_AV_order	25_4_6_anc_AV_order	fig:heatmap-25-anc-av-order	4.6 ANC A--V order	85_vos_ng_ac_d_pa	vos	ng	nom-acc	deranking	poss-acc	vos	VS	VPA	100	0	0.0
4_6_anc_AV_order	25_4_6_anc_AV_order	fig:heatmap-25-anc-av-order	4.6 ANC A--V order	86_vos_ng_ac_d_ep	vos	ng	nom-acc	deranking	erg-poss	vos	VS	VPA	100	0	0.0
4_6_anc_AV_order	25_4_6_anc_AV_order	fig:heatmap-25-anc-av-order	4.6 ANC A--V order	87_vos_ng_ac_d_no	vos	ng	nom-acc	deranking	nomn	vos	VS	VPA	100	0	0.0
4_6_anc_AV_order	25_4_6_anc_AV_order	fig:heatmap-25-anc-av-order	4.6 ANC A--V order	88_vos_ng_er_b_se	vos	ng	erg-abs	balancing	sent	vos	VS	VPA	100	0	0.0
4_6_anc_AV_order	25_4_6_anc_AV_order	fig:heatmap-25-anc-av-order	4.6 ANC A--V order	89_vos_ng_er_b_pa	vos	ng	erg-abs	balancing	poss-acc	vos	VS	VPA	100	0	0.0
4_6_anc_AV_order	25_4_6_anc_AV_order	fig:heatmap-25-anc-av-order	4.6 ANC A--V order	90_vos_ng_er_b_ep	vos	ng	erg-abs	balancing	erg-poss	vos	VS	VPA	100	0	0.0
4_6_anc_AV_order	25_4_6_anc_AV_order	fig:heatmap-25-anc-av-order	4.6 ANC A--V order	91_vos_ng_er_b_no	vos	ng	erg-abs	balancing	nomn	vos	VS	VPA	100	0	0.0
4_6_anc_AV_order	25_4_6_anc_AV_order	fig:heatmap-25-anc-av-order	4.6 ANC A--V order	92_vos_ng_er_d_se	vos	ng	erg-abs	deranking	sent	vos	VS	VPA	100	0	0.0
4_6_anc_AV_order	25_4_6_anc_AV_order	fig:heatmap-25-anc-av-order	4.6 ANC A--V order	93_vos_ng_er_d_pa	vos	ng	erg-abs	deranking	poss-acc	vos	VS	VPA	100	0	0.0
4_6_anc_AV_order	25_4_6_anc_AV_order	fig:heatmap-25-anc-av-order	4.6 ANC A--V order	94_vos_ng_er_d_ep	vos	ng	erg-abs	deranking	erg-poss	vos	VS	VPA	100	0	0.0
4_6_anc_AV_order	25_4_6_anc_AV_order	fig:heatmap-25-anc-av-order	4.6 ANC A--V order	95_vos_ng_er_d_no	vos	ng	erg-abs	deranking	nomn	vos	VS	VPA	100	0	0.0
4_7_anc_VP_order	26_4_7_anc_VP_order	fig:heatmap-26-anc-vp-order	4.7 ANC V--P order	00_sov_gn_ac_b_se	sov	gn	nom-acc	balancing	sent	sov	SV	APV	100	0	0.0
4_7_anc_VP_order	26_4_7_anc_VP_order	fig:heatmap-26-anc-vp-order	4.7 ANC V--P order	01_sov_gn_ac_b_pa	sov	gn	nom-acc	balancing	poss-acc	sov	SV	APV	100	0	0.0
4_7_anc_VP_order	26_4_7_anc_VP_order	fig:heatmap-26-anc-vp-order	4.7 ANC V--P order	02_sov_gn_ac_b_ep	sov	gn	nom-acc	balancing	erg-poss	sov	SV	APV	100	0	0.0
4_7_anc_VP_order	26_4_7_anc_VP_order	fig:heatmap-26-anc-vp-order	4.7 ANC V--P order	03_sov_gn_ac_b_no	sov	gn	nom-acc	balancing	nomn	sov	SV	APV	100	0	0.0
4_7_anc_VP_order	26_4_7_anc_VP_order	fig:heatmap-26-anc-vp-order	4.7 ANC V--P order	04_sov_gn_ac_d_se	sov	gn	nom-acc	deranking	sent	sov	SV	APV	100	0	0.0
4_7_anc_VP_order	26_4_7_anc_VP_order	fig:heatmap-26-anc-vp-order	4.7 ANC V--P order	05_sov_gn_ac_d_pa	sov	gn	nom-acc	deranking	poss-acc	sov	SV	APV	100	0	0.0
4_7_anc_VP_order	26_4_7_anc_VP_order	fig:heatmap-26-anc-vp-order	4.7 ANC V--P order	06_sov_gn_ac_d_ep	sov	gn	nom-acc	deranking	erg-poss	sov	SV	APV	100	0	0.0
4_7_anc_VP_order	26_4_7_anc_VP_order	fig:heatmap-26-anc-vp-order	4.7 ANC V--P order	07_sov_gn_ac_d_no	sov	gn	nom-acc	deranking	nomn	sov	SV	APV	100	0	0.0
4_7_anc_VP_order	26_4_7_anc_VP_order	fig:heatmap-26-anc-vp-order	4.7 ANC V--P order	08_sov_gn_er_b_se	sov	gn	erg-abs	balancing	sent	sov	SV	APV	100	0	0.0
4_7_anc_VP_order	26_4_7_anc_VP_order	fig:heatmap-26-anc-vp-order	4.7 ANC V--P order	09_sov_gn_er_b_pa	sov	gn	erg-abs	balancing	poss-acc	sov	SV	APV	100	0	0.0
4_7_anc_VP_order	26_4_7_anc_VP_order	fig:heatmap-26-anc-vp-order	4.7 ANC V--P order	10_sov_gn_er_b_ep	sov	gn	erg-abs	balancing	erg-poss	sov	SV	APV	100	0	0.0
4_7_anc_VP_order	26_4_7_anc_VP_order	fig:heatmap-26-anc-vp-order	4.7 ANC V--P order	11_sov_gn_er_b_no	sov	gn	erg-abs	balancing	nomn	sov	SV	APV	100	0	0.0
4_7_anc_VP_order	26_4_7_anc_VP_order	fig:heatmap-26-anc-vp-order	4.7 ANC V--P order	12_sov_gn_er_d_se	sov	gn	erg-abs	deranking	sent	sov	SV	APV	100	0	0.0
4_7_anc_VP_order	26_4_7_anc_VP_order	fig:heatmap-26-anc-vp-order	4.7 ANC V--P order	13_sov_gn_er_d_pa	sov	gn	erg-abs	deranking	poss-acc	sov	SV	APV	100	0	0.0
4_7_anc_VP_order	26_4_7_anc_VP_order	fig:heatmap-26-anc-vp-order	4.7 ANC V--P order	14_sov_gn_er_d_ep	sov	gn	erg-abs	deranking	erg-poss	sov	SV	APV	100	0	0.0
4_7_anc_VP_order	26_4_7_anc_VP_order	fig:heatmap-26-anc-vp-order	4.7 ANC V--P order	15_sov_gn_er_d_no	sov	gn	erg-abs	deranking	nomn	sov	SV	APV	100	0	0.0
4_7_anc_VP_order	26_4_7_anc_VP_order	fig:heatmap-26-anc-vp-order	4.7 ANC V--P order	16_sov_ng_ac_b_se	sov	ng	nom-acc	balancing	sent	sov	SV	APV	100	0	0.0
4_7_anc_VP_order	26_4_7_anc_VP_order	fig:heatmap-26-anc-vp-order	4.7 ANC V--P order	17_sov_ng_ac_b_pa	sov	ng	nom-acc	balancing	poss-acc	ovs	VS	PVA	100	0	0.0
4_7_anc_VP_order	26_4_7_anc_VP_order	fig:heatmap-26-anc-vp-order	4.7 ANC V--P order	18_sov_ng_ac_b_ep	sov	ng	nom-acc	balancing	erg-poss	vos	VS	AVP	100	100	1.0
4_7_anc_VP_order	26_4_7_anc_VP_order	fig:heatmap-26-anc-vp-order	4.7 ANC V--P order	19_sov_ng_ac_b_no	sov	ng	nom-acc	balancing	nomn	ovs	VS	PVA	100	0	0.0
4_7_anc_VP_order	26_4_7_anc_VP_order	fig:heatmap-26-anc-vp-order	4.7 ANC V--P order	20_sov_ng_ac_d_se	sov	ng	nom-acc	deranking	sent	sov	SV	APV	100	0	0.0
4_7_anc_VP_order	26_4_7_anc_VP_order	fig:heatmap-26-anc-vp-order	4.7 ANC V--P order	21_sov_ng_ac_d_pa	sov	ng	nom-acc	deranking	poss-acc	ovs	VS	PVA	100	0	0.0
4_7_anc_VP_order	26_4_7_anc_VP_order	fig:heatmap-26-anc-vp-order	4.7 ANC V--P order	22_sov_ng_ac_d_ep	sov	ng	nom-acc	deranking	erg-poss	vos	VS	AVP	100	100	1.0
4_7_anc_VP_order	26_4_7_anc_VP_order	fig:heatmap-26-anc-vp-order	4.7 ANC V--P order	23_sov_ng_ac_d_no	sov	ng	nom-acc	deranking	nomn	ovs	VS	PVA	100	0	0.0
4_7_anc_VP_order	26_4_7_anc_VP_order	fig:heatmap-26-anc-vp-order	4.7 ANC V--P order	24_sov_ng_er_b_se	sov	ng	erg-abs	balancing	sent	sov	SV	APV	100	0	0.0
4_7_anc_VP_order	26_4_7_anc_VP_order	fig:heatmap-26-anc-vp-order	4.7 ANC V--P order	25_sov_ng_er_b_pa	sov	ng	erg-abs	balancing	poss-acc	ovs	VS	PVA	100	5	0.05
4_7_anc_VP_order	26_4_7_anc_VP_order	fig:heatmap-26-anc-vp-order	4.7 ANC V--P order	26_sov_ng_er_b_ep	sov	ng	erg-abs	balancing	erg-poss	vos	VS	AVP	100	100	1.0
4_7_anc_VP_order	26_4_7_anc_VP_order	fig:heatmap-26-anc-vp-order	4.7 ANC V--P order	27_sov_ng_er_b_no	sov	ng	erg-abs	balancing	nomn	ovs	VS	PVA	100	0	0.0
4_7_anc_VP_order	26_4_7_anc_VP_order	fig:heatmap-26-anc-vp-order	4.7 ANC V--P order	28_sov_ng_er_d_se	sov	ng	erg-abs	deranking	sent	sov	SV	APV	100	0	0.0
4_7_anc_VP_order	26_4_7_anc_VP_order	fig:heatmap-26-anc-vp-order	4.7 ANC V--P order	29_sov_ng_er_d_pa	sov	ng	erg-abs	deranking	poss-acc	ovs	VS	PVA	100	5	0.05
4_7_anc_VP_order	26_4_7_anc_VP_order	fig:heatmap-26-anc-vp-order	4.7 ANC V--P order	30_sov_ng_er_d_ep	sov	ng	erg-abs	deranking	erg-poss	vos	VS	AVP	100	100	1.0
4_7_anc_VP_order	26_4_7_anc_VP_order	fig:heatmap-26-anc-vp-order	4.7 ANC V--P order	31_sov_ng_er_d_no	sov	ng	erg-abs	deranking	nomn	ovs	VS	PVA	100	0	0.0
4_7_anc_VP_order	26_4_7_anc_VP_order	fig:heatmap-26-anc-vp-order	4.7 ANC V--P order	32_svo_gn_ac_b_se	svo	gn	nom-acc	balancing	sent	svo	SV	AVP	100	0	0.0
4_7_anc_VP_order	26_4_7_anc_VP_order	fig:heatmap-26-anc-vp-order	4.7 ANC V--P order	33_svo_gn_ac_b_pa	svo	gn	nom-acc	balancing	poss-acc	svo	SV	AVP	100	0	0.0
4_7_anc_VP_order	26_4_7_anc_VP_order	fig:heatmap-26-anc-vp-order	4.7 ANC V--P order	34_svo_gn_ac_b_ep	svo	gn	nom-acc	balancing	erg-poss	sov	SV	PVA	100	100	1.0
4_7_anc_VP_order	26_4_7_anc_VP_order	fig:heatmap-26-anc-vp-order	4.7 ANC V--P order	35_svo_gn_ac_b_no	svo	gn	nom-acc	balancing	nomn	svo	SV	AVP	100	0	0.0
4_7_anc_VP_order	26_4_7_anc_VP_order	fig:heatmap-26-anc-vp-order	4.7 ANC V--P order	36_svo_gn_ac_d_se	svo	gn	nom-acc	deranking	sent	svo	SV	AVP	100	0	0.0
4_7_anc_VP_order	26_4_7_anc_VP_order	fig:heatmap-26-anc-vp-order	4.7 ANC V--P order	37_svo_gn_ac_d_pa	svo	gn	nom-acc	deranking	poss-acc	svo	SV	AVP	100	0	0.0
4_7_anc_VP_order	26_4_7_anc_VP_order	fig:heatmap-26-anc-vp-order	4.7 ANC V--P order	38_svo_gn_ac_d_ep	svo	gn	nom-acc	deranking	erg-poss	sov	SV	PVA	100	100	1.0
4_7_anc_VP_order	26_4_7_anc_VP_order	fig:heatmap-26-anc-vp-order	4.7 ANC V--P order	39_svo_gn_ac_d_no	svo	gn	nom-acc	deranking	nomn	svo	SV	AVP	100	0	0.0
4_7_anc_VP_order	26_4_7_anc_VP_order	fig:heatmap-26-anc-vp-order	4.7 ANC V--P order	40_svo_gn_er_b_se	svo	gn	erg-abs	balancing	sent	svo	SV	AVP	100	0	0.0
4_7_anc_VP_order	26_4_7_anc_VP_order	fig:heatmap-26-anc-vp-order	4.7 ANC V--P order	41_svo_gn_er_b_pa	svo	gn	erg-abs	balancing	poss-acc	svo	SV	AVP	100	5	0.05
4_7_anc_VP_order	26_4_7_anc_VP_order	fig:heatmap-26-anc-vp-order	4.7 ANC V--P order	42_svo_gn_er_b_ep	svo	gn	erg-abs	balancing	erg-poss	sov	SV	PVA	100	100	1.0
4_7_anc_VP_order	26_4_7_anc_VP_order	fig:heatmap-26-anc-vp-order	4.7 ANC V--P order	43_svo_gn_er_b_no	svo	gn	erg-abs	balancing	nomn	svo	SV	AVP	100	0	0.0
4_7_anc_VP_order	26_4_7_anc_VP_order	fig:heatmap-26-anc-vp-order	4.7 ANC V--P order	44_svo_gn_er_d_se	svo	gn	erg-abs	deranking	sent	svo	SV	AVP	100	0	0.0
4_7_anc_VP_order	26_4_7_anc_VP_order	fig:heatmap-26-anc-vp-order	4.7 ANC V--P order	45_svo_gn_er_d_pa	svo	gn	erg-abs	deranking	poss-acc	svo	SV	AVP	100	97	0.97
4_7_anc_VP_order	26_4_7_anc_VP_order	fig:heatmap-26-anc-vp-order	4.7 ANC V--P order	46_svo_gn_er_d_ep	svo	gn	erg-abs	deranking	erg-poss	sov	SV	PVA	100	100	1.0
4_7_anc_VP_order	26_4_7_anc_VP_order	fig:heatmap-26-anc-vp-order	4.7 ANC V--P order	47_svo_gn_er_d_no	svo	gn	erg-abs	deranking	nomn	svo	SV	AVP	100	0	0.0
4_7_anc_VP_order	26_4_7_anc_VP_order	fig:heatmap-26-anc-vp-order	4.7 ANC V--P order	48_svo_ng_ac_b_se	svo	ng	nom-acc	balancing	sent	svo	SV	AVP	100	0	0.0
4_7_anc_VP_order	26_4_7_anc_VP_order	fig:heatmap-26-anc-vp-order	4.7 ANC V--P order	49_svo_ng_ac_b_pa	svo	ng	nom-acc	balancing	poss-acc	vos	VS	VPA	100	0	0.0
4_7_anc_VP_order	26_4_7_anc_VP_order	fig:heatmap-26-anc-vp-order	4.7 ANC V--P order	50_svo_ng_ac_b_ep	svo	ng	nom-acc	balancing	erg-poss	vos	VS	VPA	100	0	0.0
4_7_anc_VP_order	26_4_7_anc_VP_order	fig:heatmap-26-anc-vp-order	4.7 ANC V--P order	51_svo_ng_ac_b_no	svo	ng	nom-acc	balancing	nomn	vos	VS	VPA	100	0	0.0
4_7_anc_VP_order	26_4_7_anc_VP_order	fig:heatmap-26-anc-vp-order	4.7 ANC V--P order	52_svo_ng_ac_d_se	svo	ng	nom-acc	deranking	sent	svo	SV	AVP	100	0	0.0
4_7_anc_VP_order	26_4_7_anc_VP_order	fig:heatmap-26-anc-vp-order	4.7 ANC V--P order	53_svo_ng_ac_d_pa	svo	ng	nom-acc	deranking	poss-acc	vos	VS	VPA	100	0	0.0
4_7_anc_VP_order	26_4_7_anc_VP_order	fig:heatmap-26-anc-vp-order	4.7 ANC V--P order	54_svo_ng_ac_d_ep	svo	ng	nom-acc	deranking	erg-poss	vos	VS	VPA	100	0	0.0
4_7_anc_VP_order	26_4_7_anc_VP_order	fig:heatmap-26-anc-vp-order	4.7 ANC V--P order	55_svo_ng_ac_d_no	svo	ng	nom-acc	deranking	nomn	vos	VS	VPA	100	0	0.0
4_7_anc_VP_order	26_4_7_anc_VP_order	fig:heatmap-26-anc-vp-order	4.7 ANC V--P order	56_svo_ng_er_b_se	svo	ng	erg-abs	balancing	sent	svo	SV	AVP	100	5	0.05
4_7_anc_VP_order	26_4_7_anc_VP_order	fig:heatmap-26-anc-vp-order	4.7 ANC V--P order	57_svo_ng_er_b_pa	svo	ng	erg-abs	balancing	poss-acc	vos	VS	VPA	100	0	0.0
4_7_anc_VP_order	26_4_7_anc_VP_order	fig:heatmap-26-anc-vp-order	4.7 ANC V--P order	58_svo_ng_er_b_ep	svo	ng	erg-abs	balancing	erg-poss	vos	VS	VPA	100	0	0.0
4_7_anc_VP_order	26_4_7_anc_VP_order	fig:heatmap-26-anc-vp-order	4.7 ANC V--P order	59_svo_ng_er_b_no	svo	ng	erg-abs	balancing	nomn	vos	VS	VPA	100	0	0.0
4_7_anc_VP_order	26_4_7_anc_VP_order	fig:heatmap-26-anc-vp-order	4.7 ANC V--P order	60_svo_ng_er_d_se	svo	ng	erg-abs	deranking	sent	svo	SV	AVP	100	5	0.05
4_7_anc_VP_order	26_4_7_anc_VP_order	fig:heatmap-26-anc-vp-order	4.7 ANC V--P order	61_svo_ng_er_d_pa	svo	ng	erg-abs	deranking	poss-acc	vos	VS	VPA	100	0	0.0
4_7_anc_VP_order	26_4_7_anc_VP_order	fig:heatmap-26-anc-vp-order	4.7 ANC V--P order	62_svo_ng_er_d_ep	svo	ng	erg-abs	deranking	erg-poss	vos	VS	VPA	100	0	0.0
4_7_anc_VP_order	26_4_7_anc_VP_order	fig:heatmap-26-anc-vp-order	4.7 ANC V--P order	63_svo_ng_er_d_no	svo	ng	erg-abs	deranking	nomn	vos	VS	VPA	100	0	0.0
4_7_anc_VP_order	26_4_7_anc_VP_order	fig:heatmap-26-anc-vp-order	4.7 ANC V--P order	64_vos_gn_ac_b_se	vos	gn	nom-acc	balancing	sent	vos	VS	VPA	100	0	0.0
4_7_anc_VP_order	26_4_7_anc_VP_order	fig:heatmap-26-anc-vp-order	4.7 ANC V--P order	65_vos_gn_ac_b_pa	vos	gn	nom-acc	balancing	poss-acc	svo	SV	AVP	100	0	0.0
4_7_anc_VP_order	26_4_7_anc_VP_order	fig:heatmap-26-anc-vp-order	4.7 ANC V--P order	66_vos_gn_ac_b_ep	vos	gn	nom-acc	balancing	erg-poss	sov	SV	PVA	100	100	1.0
4_7_anc_VP_order	26_4_7_anc_VP_order	fig:heatmap-26-anc-vp-order	4.7 ANC V--P order	67_vos_gn_ac_b_no	vos	gn	nom-acc	balancing	nomn	svo	SV	AVP	100	0	0.0
4_7_anc_VP_order	26_4_7_anc_VP_order	fig:heatmap-26-anc-vp-order	4.7 ANC V--P order	68_vos_gn_ac_d_se	vos	gn	nom-acc	deranking	sent	vos	VS	VPA	100	0	0.0
4_7_anc_VP_order	26_4_7_anc_VP_order	fig:heatmap-26-anc-vp-order	4.7 ANC V--P order	69_vos_gn_ac_d_pa	vos	gn	nom-acc	deranking	poss-acc	svo	SV	AVP	100	0	0.0
4_7_anc_VP_order	26_4_7_anc_VP_order	fig:heatmap-26-anc-vp-order	4.7 ANC V--P order	70_vos_gn_ac_d_ep	vos	gn	nom-acc	deranking	erg-poss	sov	SV	PVA	100	100	1.0
4_7_anc_VP_order	26_4_7_anc_VP_order	fig:heatmap-26-anc-vp-order	4.7 ANC V--P order	71_vos_gn_ac_d_no	vos	gn	nom-acc	deranking	nomn	svo	SV	AVP	100	0	0.0
4_7_anc_VP_order	26_4_7_anc_VP_order	fig:heatmap-26-anc-vp-order	4.7 ANC V--P order	72_vos_gn_er_b_se	vos	gn	erg-abs	balancing	sent	vos	VS	VPA	100	0	0.0
4_7_anc_VP_order	26_4_7_anc_VP_order	fig:heatmap-26-anc-vp-order	4.7 ANC V--P order	73_vos_gn_er_b_pa	vos	gn	erg-abs	balancing	poss-acc	svo	SV	AVP	100	5	0.05
4_7_anc_VP_order	26_4_7_anc_VP_order	fig:heatmap-26-anc-vp-order	4.7 ANC V--P order	74_vos_gn_er_b_ep	vos	gn	erg-abs	balancing	erg-poss	sov	SV	PVA	100	100	1.0
4_7_anc_VP_order	26_4_7_anc_VP_order	fig:heatmap-26-anc-vp-order	4.7 ANC V--P order	75_vos_gn_er_b_no	vos	gn	erg-abs	balancing	nomn	svo	SV	AVP	100	0	0.0
4_7_anc_VP_order	26_4_7_anc_VP_order	fig:heatmap-26-anc-vp-order	4.7 ANC V--P order	76_vos_gn_er_d_se	vos	gn	erg-abs	deranking	sent	vos	VS	VPA	100	0	0.0
4_7_anc_VP_order	26_4_7_anc_VP_order	fig:heatmap-26-anc-vp-order	4.7 ANC V--P order	77_vos_gn_er_d_pa	vos	gn	erg-abs	deranking	poss-acc	svo	SV	AVP	100	5	0.05
4_7_anc_VP_order	26_4_7_anc_VP_order	fig:heatmap-26-anc-vp-order	4.7 ANC V--P order	78_vos_gn_er_d_ep	vos	gn	erg-abs	deranking	erg-poss	sov	SV	PVA	100	100	1.0
4_7_anc_VP_order	26_4_7_anc_VP_order	fig:heatmap-26-anc-vp-order	4.7 ANC V--P order	79_vos_gn_er_d_no	vos	gn	erg-abs	deranking	nomn	svo	SV	AVP	100	0	0.0
4_7_anc_VP_order	26_4_7_anc_VP_order	fig:heatmap-26-anc-vp-order	4.7 ANC V--P order	80_vos_ng_ac_b_se	vos	ng	nom-acc	balancing	sent	vos	VS	VPA	100	0	0.0
4_7_anc_VP_order	26_4_7_anc_VP_order	fig:heatmap-26-anc-vp-order	4.7 ANC V--P order	81_vos_ng_ac_b_pa	vos	ng	nom-acc	balancing	poss-acc	vos	VS	VPA	100	0	0.0
4_7_anc_VP_order	26_4_7_anc_VP_order	fig:heatmap-26-anc-vp-order	4.7 ANC V--P order	82_vos_ng_ac_b_ep	vos	ng	nom-acc	balancing	erg-poss	vos	VS	VPA	100	0	0.0
4_7_anc_VP_order	26_4_7_anc_VP_order	fig:heatmap-26-anc-vp-order	4.7 ANC V--P order	83_vos_ng_ac_b_no	vos	ng	nom-acc	balancing	nomn	vos	VS	VPA	100	0	0.0
4_7_anc_VP_order	26_4_7_anc_VP_order	fig:heatmap-26-anc-vp-order	4.7 ANC V--P order	84_vos_ng_ac_d_se	vos	ng	nom-acc	deranking	sent	vos	VS	VPA	100	0	0.0
4_7_anc_VP_order	26_4_7_anc_VP_order	fig:heatmap-26-anc-vp-order	4.7 ANC V--P order	85_vos_ng_ac_d_pa	vos	ng	nom-acc	deranking	poss-acc	vos	VS	VPA	100	0	0.0
4_7_anc_VP_order	26_4_7_anc_VP_order	fig:heatmap-26-anc-vp-order	4.7 ANC V--P order	86_vos_ng_ac_d_ep	vos	ng	nom-acc	deranking	erg-poss	vos	VS	VPA	100	0	0.0
4_7_anc_VP_order	26_4_7_anc_VP_order	fig:heatmap-26-anc-vp-order	4.7 ANC V--P order	87_vos_ng_ac_d_no	vos	ng	nom-acc	deranking	nomn	vos	VS	VPA	100	0	0.0
4_7_anc_VP_order	26_4_7_anc_VP_order	fig:heatmap-26-anc-vp-order	4.7 ANC V--P order	88_vos_ng_er_b_se	vos	ng	erg-abs	balancing	sent	vos	VS	VPA	100	0	0.0
4_7_anc_VP_order	26_4_7_anc_VP_order	fig:heatmap-26-anc-vp-order	4.7 ANC V--P order	89_vos_ng_er_b_pa	vos	ng	erg-abs	balancing	poss-acc	vos	VS	VPA	100	0	0.0
4_7_anc_VP_order	26_4_7_anc_VP_order	fig:heatmap-26-anc-vp-order	4.7 ANC V--P order	90_vos_ng_er_b_ep	vos	ng	erg-abs	balancing	erg-poss	vos	VS	VPA	100	0	0.0
4_7_anc_VP_order	26_4_7_anc_VP_order	fig:heatmap-26-anc-vp-order	4.7 ANC V--P order	91_vos_ng_er_b_no	vos	ng	erg-abs	balancing	nomn	vos	VS	VPA	100	0	0.0
4_7_anc_VP_order	26_4_7_anc_VP_order	fig:heatmap-26-anc-vp-order	4.7 ANC V--P order	92_vos_ng_er_d_se	vos	ng	erg-abs	deranking	sent	vos	VS	VPA	100	0	0.0
4_7_anc_VP_order	26_4_7_anc_VP_order	fig:heatmap-26-anc-vp-order	4.7 ANC V--P order	93_vos_ng_er_d_pa	vos	ng	erg-abs	deranking	poss-acc	vos	VS	VPA	100	0	0.0
4_7_anc_VP_order	26_4_7_anc_VP_order	fig:heatmap-26-anc-vp-order	4.7 ANC V--P order	94_vos_ng_er_d_ep	vos	ng	erg-abs	deranking	erg-poss	vos	VS	VPA	100	0	0.0
4_7_anc_VP_order	26_4_7_anc_VP_order	fig:heatmap-26-anc-vp-order	4.7 ANC V--P order	95_vos_ng_er_d_no	vos	ng	erg-abs	deranking	nomn	vos	VS	VPA	100	0	0.0
5_1_anc_ext_S_marker	27_5_1_anc_ext_S_marker	fig:heatmap-27-anc-ext-s-marker	5.1 ANC external S marker	00_sov_gn_ac_b_se	sov	gn	nom-acc	balancing	sent	sov	SV	APV	100	29	0.29
5_1_anc_ext_S_marker	27_5_1_anc_ext_S_marker	fig:heatmap-27-anc-ext-s-marker	5.1 ANC external S marker	01_sov_gn_ac_b_pa	sov	gn	nom-acc	balancing	poss-acc	sov	SV	APV	100	0	0.0
5_1_anc_ext_S_marker	27_5_1_anc_ext_S_marker	fig:heatmap-27-anc-ext-s-marker	5.1 ANC external S marker	02_sov_gn_ac_b_ep	sov	gn	nom-acc	balancing	erg-poss	sov	SV	APV	100	0	0.0
5_1_anc_ext_S_marker	27_5_1_anc_ext_S_marker	fig:heatmap-27-anc-ext-s-marker	5.1 ANC external S marker	03_sov_gn_ac_b_no	sov	gn	nom-acc	balancing	nomn	sov	SV	APV	100	0	0.0
5_1_anc_ext_S_marker	27_5_1_anc_ext_S_marker	fig:heatmap-27-anc-ext-s-marker	5.1 ANC external S marker	04_sov_gn_ac_d_se	sov	gn	nom-acc	deranking	sent	sov	SV	APV	100	29	0.29
5_1_anc_ext_S_marker	27_5_1_anc_ext_S_marker	fig:heatmap-27-anc-ext-s-marker	5.1 ANC external S marker	05_sov_gn_ac_d_pa	sov	gn	nom-acc	deranking	poss-acc	sov	SV	APV	100	0	0.0
5_1_anc_ext_S_marker	27_5_1_anc_ext_S_marker	fig:heatmap-27-anc-ext-s-marker	5.1 ANC external S marker	06_sov_gn_ac_d_ep	sov	gn	nom-acc	deranking	erg-poss	sov	SV	APV	100	0	0.0
5_1_anc_ext_S_marker	27_5_1_anc_ext_S_marker	fig:heatmap-27-anc-ext-s-marker	5.1 ANC external S marker	07_sov_gn_ac_d_no	sov	gn	nom-acc	deranking	nomn	sov	SV	APV	100	0	0.0
5_1_anc_ext_S_marker	27_5_1_anc_ext_S_marker	fig:heatmap-27-anc-ext-s-marker	5.1 ANC external S marker	08_sov_gn_er_b_se	sov	gn	erg-abs	balancing	sent	sov	SV	APV	100	0	0.0
5_1_anc_ext_S_marker	27_5_1_anc_ext_S_marker	fig:heatmap-27-anc-ext-s-marker	5.1 ANC external S marker	09_sov_gn_er_b_pa	sov	gn	erg-abs	balancing	poss-acc	sov	SV	APV	100	0	0.0
5_1_anc_ext_S_marker	27_5_1_anc_ext_S_marker	fig:heatmap-27-anc-ext-s-marker	5.1 ANC external S marker	10_sov_gn_er_b_ep	sov	gn	erg-abs	balancing	erg-poss	sov	SV	APV	100	0	0.0
5_1_anc_ext_S_marker	27_5_1_anc_ext_S_marker	fig:heatmap-27-anc-ext-s-marker	5.1 ANC external S marker	11_sov_gn_er_b_no	sov	gn	erg-abs	balancing	nomn	sov	SV	APV	100	0	0.0
5_1_anc_ext_S_marker	27_5_1_anc_ext_S_marker	fig:heatmap-27-anc-ext-s-marker	5.1 ANC external S marker	12_sov_gn_er_d_se	sov	gn	erg-abs	deranking	sent	sov	SV	APV	100	0	0.0
5_1_anc_ext_S_marker	27_5_1_anc_ext_S_marker	fig:heatmap-27-anc-ext-s-marker	5.1 ANC external S marker	13_sov_gn_er_d_pa	sov	gn	erg-abs	deranking	poss-acc	sov	SV	APV	100	0	0.0
5_1_anc_ext_S_marker	27_5_1_anc_ext_S_marker	fig:heatmap-27-anc-ext-s-marker	5.1 ANC external S marker	14_sov_gn_er_d_ep	sov	gn	erg-abs	deranking	erg-poss	sov	SV	APV	100	0	0.0
5_1_anc_ext_S_marker	27_5_1_anc_ext_S_marker	fig:heatmap-27-anc-ext-s-marker	5.1 ANC external S marker	15_sov_gn_er_d_no	sov	gn	erg-abs	deranking	nomn	sov	SV	APV	100	0	0.0
5_1_anc_ext_S_marker	27_5_1_anc_ext_S_marker	fig:heatmap-27-anc-ext-s-marker	5.1 ANC external S marker	16_sov_ng_ac_b_se	sov	ng	nom-acc	balancing	sent	sov	SV	APV	100	55	0.55
5_1_anc_ext_S_marker	27_5_1_anc_ext_S_marker	fig:heatmap-27-anc-ext-s-marker	5.1 ANC external S marker	17_sov_ng_ac_b_pa	sov	ng	nom-acc	balancing	poss-acc	ovs	VS	PVA	100	0	0.0
5_1_anc_ext_S_marker	27_5_1_anc_ext_S_marker	fig:heatmap-27-anc-ext-s-marker	5.1 ANC external S marker	18_sov_ng_ac_b_ep	sov	ng	nom-acc	balancing	erg-poss	vos	VS	AVP	100	0	0.0
5_1_anc_ext_S_marker	27_5_1_anc_ext_S_marker	fig:heatmap-27-anc-ext-s-marker	5.1 ANC external S marker	19_sov_ng_ac_b_no	sov	ng	nom-acc	balancing	nomn	ovs	VS	PVA	100	0	0.0
5_1_anc_ext_S_marker	27_5_1_anc_ext_S_marker	fig:heatmap-27-anc-ext-s-marker	5.1 ANC external S marker	20_sov_ng_ac_d_se	sov	ng	nom-acc	deranking	sent	sov	SV	APV	100	55	0.55
5_1_anc_ext_S_marker	27_5_1_anc_ext_S_marker	fig:heatmap-27-anc-ext-s-marker	5.1 ANC external S marker	21_sov_ng_ac_d_pa	sov	ng	nom-acc	deranking	poss-acc	ovs	VS	PVA	100	0	0.0
5_1_anc_ext_S_marker	27_5_1_anc_ext_S_marker	fig:heatmap-27-anc-ext-s-marker	5.1 ANC external S marker	22_sov_ng_ac_d_ep	sov	ng	nom-acc	deranking	erg-poss	vos	VS	AVP	100	0	0.0
5_1_anc_ext_S_marker	27_5_1_anc_ext_S_marker	fig:heatmap-27-anc-ext-s-marker	5.1 ANC external S marker	23_sov_ng_ac_d_no	sov	ng	nom-acc	deranking	nomn	ovs	VS	PVA	100	0	0.0
5_1_anc_ext_S_marker	27_5_1_anc_ext_S_marker	fig:heatmap-27-anc-ext-s-marker	5.1 ANC external S marker	24_sov_ng_er_b_se	sov	ng	erg-abs	balancing	sent	sov	SV	APV	100	32	0.32
5_1_anc_ext_S_marker	27_5_1_anc_ext_S_marker	fig:heatmap-27-anc-ext-s-marker	5.1 ANC external S marker	25_sov_ng_er_b_pa	sov	ng	erg-abs	balancing	poss-acc	ovs	VS	PVA	100	17	0.17
5_1_anc_ext_S_marker	27_5_1_anc_ext_S_marker	fig:heatmap-27-anc-ext-s-marker	5.1 ANC external S marker	26_sov_ng_er_b_ep	sov	ng	erg-abs	balancing	erg-poss	vos	VS	AVP	100	0	0.0
5_1_anc_ext_S_marker	27_5_1_anc_ext_S_marker	fig:heatmap-27-anc-ext-s-marker	5.1 ANC external S marker	27_sov_ng_er_b_no	sov	ng	erg-abs	balancing	nomn	ovs	VS	PVA	100	0	0.0
5_1_anc_ext_S_marker	27_5_1_anc_ext_S_marker	fig:heatmap-27-anc-ext-s-marker	5.1 ANC external S marker	28_sov_ng_er_d_se	sov	ng	erg-abs	deranking	sent	sov	SV	APV	100	32	0.32
5_1_anc_ext_S_marker	27_5_1_anc_ext_S_marker	fig:heatmap-27-anc-ext-s-marker	5.1 ANC external S marker	29_sov_ng_er_d_pa	sov	ng	erg-abs	deranking	poss-acc	ovs	VS	PVA	100	17	0.17
5_1_anc_ext_S_marker	27_5_1_anc_ext_S_marker	fig:heatmap-27-anc-ext-s-marker	5.1 ANC external S marker	30_sov_ng_er_d_ep	sov	ng	erg-abs	deranking	erg-poss	vos	VS	AVP	100	0	0.0
5_1_anc_ext_S_marker	27_5_1_anc_ext_S_marker	fig:heatmap-27-anc-ext-s-marker	5.1 ANC external S marker	31_sov_ng_er_d_no	sov	ng	erg-abs	deranking	nomn	ovs	VS	PVA	100	0	0.0
5_1_anc_ext_S_marker	27_5_1_anc_ext_S_marker	fig:heatmap-27-anc-ext-s-marker	5.1 ANC external S marker	32_svo_gn_ac_b_se	svo	gn	nom-acc	balancing	sent	svo	SV	AVP	100	0	0.0
5_1_anc_ext_S_marker	27_5_1_anc_ext_S_marker	fig:heatmap-27-anc-ext-s-marker	5.1 ANC external S marker	33_svo_gn_ac_b_pa	svo	gn	nom-acc	balancing	poss-acc	svo	SV	AVP	100	0	0.0
5_1_anc_ext_S_marker	27_5_1_anc_ext_S_marker	fig:heatmap-27-anc-ext-s-marker	5.1 ANC external S marker	34_svo_gn_ac_b_ep	svo	gn	nom-acc	balancing	erg-poss	sov	SV	PVA	100	0	0.0
5_1_anc_ext_S_marker	27_5_1_anc_ext_S_marker	fig:heatmap-27-anc-ext-s-marker	5.1 ANC external S marker	35_svo_gn_ac_b_no	svo	gn	nom-acc	balancing	nomn	svo	SV	AVP	100	0	0.0
5_1_anc_ext_S_marker	27_5_1_anc_ext_S_marker	fig:heatmap-27-anc-ext-s-marker	5.1 ANC external S marker	36_svo_gn_ac_d_se	svo	gn	nom-acc	deranking	sent	svo	SV	AVP	100	0	0.0
5_1_anc_ext_S_marker	27_5_1_anc_ext_S_marker	fig:heatmap-27-anc-ext-s-marker	5.1 ANC external S marker	37_svo_gn_ac_d_pa	svo	gn	nom-acc	deranking	poss-acc	svo	SV	AVP	100	0	0.0
5_1_anc_ext_S_marker	27_5_1_anc_ext_S_marker	fig:heatmap-27-anc-ext-s-marker	5.1 ANC external S marker	38_svo_gn_ac_d_ep	svo	gn	nom-acc	deranking	erg-poss	sov	SV	PVA	100	0	0.0
5_1_anc_ext_S_marker	27_5_1_anc_ext_S_marker	fig:heatmap-27-anc-ext-s-marker	5.1 ANC external S marker	39_svo_gn_ac_d_no	svo	gn	nom-acc	deranking	nomn	svo	SV	AVP	100	0	0.0
5_1_anc_ext_S_marker	27_5_1_anc_ext_S_marker	fig:heatmap-27-anc-ext-s-marker	5.1 ANC external S marker	40_svo_gn_er_b_se	svo	gn	erg-abs	balancing	sent	svo	SV	AVP	100	17	0.17
5_1_anc_ext_S_marker	27_5_1_anc_ext_S_marker	fig:heatmap-27-anc-ext-s-marker	5.1 ANC external S marker	41_svo_gn_er_b_pa	svo	gn	erg-abs	balancing	poss-acc	svo	SV	AVP	100	17	0.17
5_1_anc_ext_S_marker	27_5_1_anc_ext_S_marker	fig:heatmap-27-anc-ext-s-marker	5.1 ANC external S marker	42_svo_gn_er_b_ep	svo	gn	erg-abs	balancing	erg-poss	sov	SV	PVA	100	0	0.0
5_1_anc_ext_S_marker	27_5_1_anc_ext_S_marker	fig:heatmap-27-anc-ext-s-marker	5.1 ANC external S marker	43_svo_gn_er_b_no	svo	gn	erg-abs	balancing	nomn	svo	SV	AVP	100	0	0.0
5_1_anc_ext_S_marker	27_5_1_anc_ext_S_marker	fig:heatmap-27-anc-ext-s-marker	5.1 ANC external S marker	44_svo_gn_er_d_se	svo	gn	erg-abs	deranking	sent	svo	SV	AVP	100	17	0.17
5_1_anc_ext_S_marker	27_5_1_anc_ext_S_marker	fig:heatmap-27-anc-ext-s-marker	5.1 ANC external S marker	45_svo_gn_er_d_pa	svo	gn	erg-abs	deranking	poss-acc	svo	SV	AVP	100	17	0.17
5_1_anc_ext_S_marker	27_5_1_anc_ext_S_marker	fig:heatmap-27-anc-ext-s-marker	5.1 ANC external S marker	46_svo_gn_er_d_ep	svo	gn	erg-abs	deranking	erg-poss	sov	SV	PVA	100	0	0.0
5_1_anc_ext_S_marker	27_5_1_anc_ext_S_marker	fig:heatmap-27-anc-ext-s-marker	5.1 ANC external S marker	47_svo_gn_er_d_no	svo	gn	erg-abs	deranking	nomn	svo	SV	AVP	100	0	0.0
5_1_anc_ext_S_marker	27_5_1_anc_ext_S_marker	fig:heatmap-27-anc-ext-s-marker	5.1 ANC external S marker	48_svo_ng_ac_b_se	svo	ng	nom-acc	balancing	sent	svo	SV	AVP	100	26	0.26
5_1_anc_ext_S_marker	27_5_1_anc_ext_S_marker	fig:heatmap-27-anc-ext-s-marker	5.1 ANC external S marker	49_svo_ng_ac_b_pa	svo	ng	nom-acc	balancing	poss-acc	vos	VS	VPA	100	0	0.0
5_1_anc_ext_S_marker	27_5_1_anc_ext_S_marker	fig:heatmap-27-anc-ext-s-marker	5.1 ANC external S marker	50_svo_ng_ac_b_ep	svo	ng	nom-acc	balancing	erg-poss	vos	VS	VPA	100	0	0.0
5_1_anc_ext_S_marker	27_5_1_anc_ext_S_marker	fig:heatmap-27-anc-ext-s-marker	5.1 ANC external S marker	51_svo_ng_ac_b_no	svo	ng	nom-acc	balancing	nomn	vos	VS	VPA	100	0	0.0
5_1_anc_ext_S_marker	27_5_1_anc_ext_S_marker	fig:heatmap-27-anc-ext-s-marker	5.1 ANC external S marker	52_svo_ng_ac_d_se	svo	ng	nom-acc	deranking	sent	svo	SV	AVP	100	26	0.26
5_1_anc_ext_S_marker	27_5_1_anc_ext_S_marker	fig:heatmap-27-anc-ext-s-marker	5.1 ANC external S marker	53_svo_ng_ac_d_pa	svo	ng	nom-acc	deranking	poss-acc	vos	VS	VPA	100	0	0.0
5_1_anc_ext_S_marker	27_5_1_anc_ext_S_marker	fig:heatmap-27-anc-ext-s-marker	5.1 ANC external S marker	54_svo_ng_ac_d_ep	svo	ng	nom-acc	deranking	erg-poss	vos	VS	VPA	100	0	0.0
5_1_anc_ext_S_marker	27_5_1_anc_ext_S_marker	fig:heatmap-27-anc-ext-s-marker	5.1 ANC external S marker	55_svo_ng_ac_d_no	svo	ng	nom-acc	deranking	nomn	vos	VS	VPA	100	0	0.0
5_1_anc_ext_S_marker	27_5_1_anc_ext_S_marker	fig:heatmap-27-anc-ext-s-marker	5.1 ANC external S marker	56_svo_ng_er_b_se	svo	ng	erg-abs	balancing	sent	svo	SV	AVP	100	15	0.15
5_1_anc_ext_S_marker	27_5_1_anc_ext_S_marker	fig:heatmap-27-anc-ext-s-marker	5.1 ANC external S marker	57_svo_ng_er_b_pa	svo	ng	erg-abs	balancing	poss-acc	vos	VS	VPA	100	0	0.0
5_1_anc_ext_S_marker	27_5_1_anc_ext_S_marker	fig:heatmap-27-anc-ext-s-marker	5.1 ANC external S marker	58_svo_ng_er_b_ep	svo	ng	erg-abs	balancing	erg-poss	vos	VS	VPA	100	0	0.0
5_1_anc_ext_S_marker	27_5_1_anc_ext_S_marker	fig:heatmap-27-anc-ext-s-marker	5.1 ANC external S marker	59_svo_ng_er_b_no	svo	ng	erg-abs	balancing	nomn	vos	VS	VPA	100	0	0.0
5_1_anc_ext_S_marker	27_5_1_anc_ext_S_marker	fig:heatmap-27-anc-ext-s-marker	5.1 ANC external S marker	60_svo_ng_er_d_se	svo	ng	erg-abs	deranking	sent	svo	SV	AVP	100	15	0.15
5_1_anc_ext_S_marker	27_5_1_anc_ext_S_marker	fig:heatmap-27-anc-ext-s-marker	5.1 ANC external S marker	61_svo_ng_er_d_pa	svo	ng	erg-abs	deranking	poss-acc	vos	VS	VPA	100	0	0.0
5_1_anc_ext_S_marker	27_5_1_anc_ext_S_marker	fig:heatmap-27-anc-ext-s-marker	5.1 ANC external S marker	62_svo_ng_er_d_ep	svo	ng	erg-abs	deranking	erg-poss	vos	VS	VPA	100	0	0.0
5_1_anc_ext_S_marker	27_5_1_anc_ext_S_marker	fig:heatmap-27-anc-ext-s-marker	5.1 ANC external S marker	63_svo_ng_er_d_no	svo	ng	erg-abs	deranking	nomn	vos	VS	VPA	100	0	0.0
5_1_anc_ext_S_marker	27_5_1_anc_ext_S_marker	fig:heatmap-27-anc-ext-s-marker	5.1 ANC external S marker	64_vos_gn_ac_b_se	vos	gn	nom-acc	balancing	sent	vos	VS	VPA	100	55	0.55
5_1_anc_ext_S_marker	27_5_1_anc_ext_S_marker	fig:heatmap-27-anc-ext-s-marker	5.1 ANC external S marker	65_vos_gn_ac_b_pa	vos	gn	nom-acc	balancing	poss-acc	svo	SV	AVP	100	0	0.0
5_1_anc_ext_S_marker	27_5_1_anc_ext_S_marker	fig:heatmap-27-anc-ext-s-marker	5.1 ANC external S marker	66_vos_gn_ac_b_ep	vos	gn	nom-acc	balancing	erg-poss	sov	SV	PVA	100	0	0.0
5_1_anc_ext_S_marker	27_5_1_anc_ext_S_marker	fig:heatmap-27-anc-ext-s-marker	5.1 ANC external S marker	67_vos_gn_ac_b_no	vos	gn	nom-acc	balancing	nomn	svo	SV	AVP	100	0	0.0
5_1_anc_ext_S_marker	27_5_1_anc_ext_S_marker	fig:heatmap-27-anc-ext-s-marker	5.1 ANC external S marker	68_vos_gn_ac_d_se	vos	gn	nom-acc	deranking	sent	vos	VS	VPA	100	55	0.55
5_1_anc_ext_S_marker	27_5_1_anc_ext_S_marker	fig:heatmap-27-anc-ext-s-marker	5.1 ANC external S marker	69_vos_gn_ac_d_pa	vos	gn	nom-acc	deranking	poss-acc	svo	SV	AVP	100	0	0.0
5_1_anc_ext_S_marker	27_5_1_anc_ext_S_marker	fig:heatmap-27-anc-ext-s-marker	5.1 ANC external S marker	70_vos_gn_ac_d_ep	vos	gn	nom-acc	deranking	erg-poss	sov	SV	PVA	100	0	0.0
5_1_anc_ext_S_marker	27_5_1_anc_ext_S_marker	fig:heatmap-27-anc-ext-s-marker	5.1 ANC external S marker	71_vos_gn_ac_d_no	vos	gn	nom-acc	deranking	nomn	svo	SV	AVP	100	0	0.0
5_1_anc_ext_S_marker	27_5_1_anc_ext_S_marker	fig:heatmap-27-anc-ext-s-marker	5.1 ANC external S marker	72_vos_gn_er_b_se	vos	gn	erg-abs	balancing	sent	vos	VS	VPA	100	32	0.32
5_1_anc_ext_S_marker	27_5_1_anc_ext_S_marker	fig:heatmap-27-anc-ext-s-marker	5.1 ANC external S marker	73_vos_gn_er_b_pa	vos	gn	erg-abs	balancing	poss-acc	svo	SV	AVP	100	17	0.17
5_1_anc_ext_S_marker	27_5_1_anc_ext_S_marker	fig:heatmap-27-anc-ext-s-marker	5.1 ANC external S marker	74_vos_gn_er_b_ep	vos	gn	erg-abs	balancing	erg-poss	sov	SV	PVA	100	0	0.0
5_1_anc_ext_S_marker	27_5_1_anc_ext_S_marker	fig:heatmap-27-anc-ext-s-marker	5.1 ANC external S marker	75_vos_gn_er_b_no	vos	gn	erg-abs	balancing	nomn	svo	SV	AVP	100	0	0.0
5_1_anc_ext_S_marker	27_5_1_anc_ext_S_marker	fig:heatmap-27-anc-ext-s-marker	5.1 ANC external S marker	76_vos_gn_er_d_se	vos	gn	erg-abs	deranking	sent	vos	VS	VPA	100	32	0.32
5_1_anc_ext_S_marker	27_5_1_anc_ext_S_marker	fig:heatmap-27-anc-ext-s-marker	5.1 ANC external S marker	77_vos_gn_er_d_pa	vos	gn	erg-abs	deranking	poss-acc	svo	SV	AVP	100	17	0.17
5_1_anc_ext_S_marker	27_5_1_anc_ext_S_marker	fig:heatmap-27-anc-ext-s-marker	5.1 ANC external S marker	78_vos_gn_er_d_ep	vos	gn	erg-abs	deranking	erg-poss	sov	SV	PVA	100	0	0.0
5_1_anc_ext_S_marker	27_5_1_anc_ext_S_marker	fig:heatmap-27-anc-ext-s-marker	5.1 ANC external S marker	79_vos_gn_er_d_no	vos	gn	erg-abs	deranking	nomn	svo	SV	AVP	100	0	0.0
5_1_anc_ext_S_marker	27_5_1_anc_ext_S_marker	fig:heatmap-27-anc-ext-s-marker	5.1 ANC external S marker	80_vos_ng_ac_b_se	vos	ng	nom-acc	balancing	sent	vos	VS	VPA	100	29	0.29
5_1_anc_ext_S_marker	27_5_1_anc_ext_S_marker	fig:heatmap-27-anc-ext-s-marker	5.1 ANC external S marker	81_vos_ng_ac_b_pa	vos	ng	nom-acc	balancing	poss-acc	vos	VS	VPA	100	0	0.0
5_1_anc_ext_S_marker	27_5_1_anc_ext_S_marker	fig:heatmap-27-anc-ext-s-marker	5.1 ANC external S marker	82_vos_ng_ac_b_ep	vos	ng	nom-acc	balancing	erg-poss	vos	VS	VPA	100	0	0.0
5_1_anc_ext_S_marker	27_5_1_anc_ext_S_marker	fig:heatmap-27-anc-ext-s-marker	5.1 ANC external S marker	83_vos_ng_ac_b_no	vos	ng	nom-acc	balancing	nomn	vos	VS	VPA	100	0	0.0
5_1_anc_ext_S_marker	27_5_1_anc_ext_S_marker	fig:heatmap-27-anc-ext-s-marker	5.1 ANC external S marker	84_vos_ng_ac_d_se	vos	ng	nom-acc	deranking	sent	vos	VS	VPA	100	29	0.29
5_1_anc_ext_S_marker	27_5_1_anc_ext_S_marker	fig:heatmap-27-anc-ext-s-marker	5.1 ANC external S marker	85_vos_ng_ac_d_pa	vos	ng	nom-acc	deranking	poss-acc	vos	VS	VPA	100	0	0.0
5_1_anc_ext_S_marker	27_5_1_anc_ext_S_marker	fig:heatmap-27-anc-ext-s-marker	5.1 ANC external S marker	86_vos_ng_ac_d_ep	vos	ng	nom-acc	deranking	erg-poss	vos	VS	VPA	100	0	0.0
5_1_anc_ext_S_marker	27_5_1_anc_ext_S_marker	fig:heatmap-27-anc-ext-s-marker	5.1 ANC external S marker	87_vos_ng_ac_d_no	vos	ng	nom-acc	deranking	nomn	vos	VS	VPA	100	0	0.0
5_1_anc_ext_S_marker	27_5_1_anc_ext_S_marker	fig:heatmap-27-anc-ext-s-marker	5.1 ANC external S marker	88_vos_ng_er_b_se	vos	ng	erg-abs	balancing	sent	vos	VS	VPA	100	0	0.0
5_1_anc_ext_S_marker	27_5_1_anc_ext_S_marker	fig:heatmap-27-anc-ext-s-marker	5.1 ANC external S marker	89_vos_ng_er_b_pa	vos	ng	erg-abs	balancing	poss-acc	vos	VS	VPA	100	0	0.0
5_1_anc_ext_S_marker	27_5_1_anc_ext_S_marker	fig:heatmap-27-anc-ext-s-marker	5.1 ANC external S marker	90_vos_ng_er_b_ep	vos	ng	erg-abs	balancing	erg-poss	vos	VS	VPA	100	0	0.0
5_1_anc_ext_S_marker	27_5_1_anc_ext_S_marker	fig:heatmap-27-anc-ext-s-marker	5.1 ANC external S marker	91_vos_ng_er_b_no	vos	ng	erg-abs	balancing	nomn	vos	VS	VPA	100	0	0.0
5_1_anc_ext_S_marker	27_5_1_anc_ext_S_marker	fig:heatmap-27-anc-ext-s-marker	5.1 ANC external S marker	92_vos_ng_er_d_se	vos	ng	erg-abs	deranking	sent	vos	VS	VPA	100	0	0.0
5_1_anc_ext_S_marker	27_5_1_anc_ext_S_marker	fig:heatmap-27-anc-ext-s-marker	5.1 ANC external S marker	93_vos_ng_er_d_pa	vos	ng	erg-abs	deranking	poss-acc	vos	VS	VPA	100	0	0.0
5_1_anc_ext_S_marker	27_5_1_anc_ext_S_marker	fig:heatmap-27-anc-ext-s-marker	5.1 ANC external S marker	94_vos_ng_er_d_ep	vos	ng	erg-abs	deranking	erg-poss	vos	VS	VPA	100	0	0.0
5_1_anc_ext_S_marker	27_5_1_anc_ext_S_marker	fig:heatmap-27-anc-ext-s-marker	5.1 ANC external S marker	95_vos_ng_er_d_no	vos	ng	erg-abs	deranking	nomn	vos	VS	VPA	100	0	0.0
5_2_anc_ext_A_marker	28_5_2_anc_ext_A_marker	fig:heatmap-28-anc-ext-a-marker	5.2 ANC external A marker	00_sov_gn_ac_b_se	sov	gn	nom-acc	balancing	sent	sov	SV	APV	100	24	0.24
5_2_anc_ext_A_marker	28_5_2_anc_ext_A_marker	fig:heatmap-28-anc-ext-a-marker	5.2 ANC external A marker	01_sov_gn_ac_b_pa	sov	gn	nom-acc	balancing	poss-acc	sov	SV	APV	100	0	0.0
5_2_anc_ext_A_marker	28_5_2_anc_ext_A_marker	fig:heatmap-28-anc-ext-a-marker	5.2 ANC external A marker	02_sov_gn_ac_b_ep	sov	gn	nom-acc	balancing	erg-poss	sov	SV	APV	100	0	0.0
5_2_anc_ext_A_marker	28_5_2_anc_ext_A_marker	fig:heatmap-28-anc-ext-a-marker	5.2 ANC external A marker	03_sov_gn_ac_b_no	sov	gn	nom-acc	balancing	nomn	sov	SV	APV	100	0	0.0
5_2_anc_ext_A_marker	28_5_2_anc_ext_A_marker	fig:heatmap-28-anc-ext-a-marker	5.2 ANC external A marker	04_sov_gn_ac_d_se	sov	gn	nom-acc	deranking	sent	sov	SV	APV	100	24	0.24
5_2_anc_ext_A_marker	28_5_2_anc_ext_A_marker	fig:heatmap-28-anc-ext-a-marker	5.2 ANC external A marker	05_sov_gn_ac_d_pa	sov	gn	nom-acc	deranking	poss-acc	sov	SV	APV	100	0	0.0
5_2_anc_ext_A_marker	28_5_2_anc_ext_A_marker	fig:heatmap-28-anc-ext-a-marker	5.2 ANC external A marker	06_sov_gn_ac_d_ep	sov	gn	nom-acc	deranking	erg-poss	sov	SV	APV	100	0	0.0
5_2_anc_ext_A_marker	28_5_2_anc_ext_A_marker	fig:heatmap-28-anc-ext-a-marker	5.2 ANC external A marker	07_sov_gn_ac_d_no	sov	gn	nom-acc	deranking	nomn	sov	SV	APV	100	0	0.0
5_2_anc_ext_A_marker	28_5_2_anc_ext_A_marker	fig:heatmap-28-anc-ext-a-marker	5.2 ANC external A marker	08_sov_gn_er_b_se	sov	gn	erg-abs	balancing	sent	sov	SV	APV	100	50	0.5
5_2_anc_ext_A_marker	28_5_2_anc_ext_A_marker	fig:heatmap-28-anc-ext-a-marker	5.2 ANC external A marker	09_sov_gn_er_b_pa	sov	gn	erg-abs	balancing	poss-acc	sov	SV	APV	100	50	0.5
5_2_anc_ext_A_marker	28_5_2_anc_ext_A_marker	fig:heatmap-28-anc-ext-a-marker	5.2 ANC external A marker	10_sov_gn_er_b_ep	sov	gn	erg-abs	balancing	erg-poss	sov	SV	APV	100	50	0.5
5_2_anc_ext_A_marker	28_5_2_anc_ext_A_marker	fig:heatmap-28-anc-ext-a-marker	5.2 ANC external A marker	11_sov_gn_er_b_no	sov	gn	erg-abs	balancing	nomn	sov	SV	APV	100	50	0.5
5_2_anc_ext_A_marker	28_5_2_anc_ext_A_marker	fig:heatmap-28-anc-ext-a-marker	5.2 ANC external A marker	12_sov_gn_er_d_se	sov	gn	erg-abs	deranking	sent	sov	SV	APV	100	50	0.5
5_2_anc_ext_A_marker	28_5_2_anc_ext_A_marker	fig:heatmap-28-anc-ext-a-marker	5.2 ANC external A marker	13_sov_gn_er_d_pa	sov	gn	erg-abs	deranking	poss-acc	sov	SV	APV	100	50	0.5
5_2_anc_ext_A_marker	28_5_2_anc_ext_A_marker	fig:heatmap-28-anc-ext-a-marker	5.2 ANC external A marker	14_sov_gn_er_d_ep	sov	gn	erg-abs	deranking	erg-poss	sov	SV	APV	100	50	0.5
5_2_anc_ext_A_marker	28_5_2_anc_ext_A_marker	fig:heatmap-28-anc-ext-a-marker	5.2 ANC external A marker	15_sov_gn_er_d_no	sov	gn	erg-abs	deranking	nomn	sov	SV	APV	100	50	0.5
5_2_anc_ext_A_marker	28_5_2_anc_ext_A_marker	fig:heatmap-28-anc-ext-a-marker	5.2 ANC external A marker	16_sov_ng_ac_b_se	sov	ng	nom-acc	balancing	sent	sov	SV	APV	100	24	0.24
5_2_anc_ext_A_marker	28_5_2_anc_ext_A_marker	fig:heatmap-28-anc-ext-a-marker	5.2 ANC external A marker	17_sov_ng_ac_b_pa	sov	ng	nom-acc	balancing	poss-acc	ovs	VS	PVA	100	0	0.0
5_2_anc_ext_A_marker	28_5_2_anc_ext_A_marker	fig:heatmap-28-anc-ext-a-marker	5.2 ANC external A marker	18_sov_ng_ac_b_ep	sov	ng	nom-acc	balancing	erg-poss	vos	VS	AVP	100	0	0.0
5_2_anc_ext_A_marker	28_5_2_anc_ext_A_marker	fig:heatmap-28-anc-ext-a-marker	5.2 ANC external A marker	19_sov_ng_ac_b_no	sov	ng	nom-acc	balancing	nomn	ovs	VS	PVA	100	0	0.0
5_2_anc_ext_A_marker	28_5_2_anc_ext_A_marker	fig:heatmap-28-anc-ext-a-marker	5.2 ANC external A marker	20_sov_ng_ac_d_se	sov	ng	nom-acc	deranking	sent	sov	SV	APV	100	24	0.24
5_2_anc_ext_A_marker	28_5_2_anc_ext_A_marker	fig:heatmap-28-anc-ext-a-marker	5.2 ANC external A marker	21_sov_ng_ac_d_pa	sov	ng	nom-acc	deranking	poss-acc	ovs	VS	PVA	100	0	0.0
5_2_anc_ext_A_marker	28_5_2_anc_ext_A_marker	fig:heatmap-28-anc-ext-a-marker	5.2 ANC external A marker	22_sov_ng_ac_d_ep	sov	ng	nom-acc	deranking	erg-poss	vos	VS	AVP	100	0	0.0
5_2_anc_ext_A_marker	28_5_2_anc_ext_A_marker	fig:heatmap-28-anc-ext-a-marker	5.2 ANC external A marker	23_sov_ng_ac_d_no	sov	ng	nom-acc	deranking	nomn	ovs	VS	PVA	100	0	0.0
5_2_anc_ext_A_marker	28_5_2_anc_ext_A_marker	fig:heatmap-28-anc-ext-a-marker	5.2 ANC external A marker	24_sov_ng_er_b_se	sov	ng	erg-abs	balancing	sent	sov	SV	APV	100	12	0.12
5_2_anc_ext_A_marker	28_5_2_anc_ext_A_marker	fig:heatmap-28-anc-ext-a-marker	5.2 ANC external A marker	25_sov_ng_er_b_pa	sov	ng	erg-abs	balancing	poss-acc	ovs	VS	PVA	100	0	0.0
5_2_anc_ext_A_marker	28_5_2_anc_ext_A_marker	fig:heatmap-28-anc-ext-a-marker	5.2 ANC external A marker	26_sov_ng_er_b_ep	sov	ng	erg-abs	balancing	erg-poss	vos	VS	AVP	100	0	0.0
5_2_anc_ext_A_marker	28_5_2_anc_ext_A_marker	fig:heatmap-28-anc-ext-a-marker	5.2 ANC external A marker	27_sov_ng_er_b_no	sov	ng	erg-abs	balancing	nomn	ovs	VS	PVA	100	0	0.0
5_2_anc_ext_A_marker	28_5_2_anc_ext_A_marker	fig:heatmap-28-anc-ext-a-marker	5.2 ANC external A marker	28_sov_ng_er_d_se	sov	ng	erg-abs	deranking	sent	sov	SV	APV	100	12	0.12
5_2_anc_ext_A_marker	28_5_2_anc_ext_A_marker	fig:heatmap-28-anc-ext-a-marker	5.2 ANC external A marker	29_sov_ng_er_d_pa	sov	ng	erg-abs	deranking	poss-acc	ovs	VS	PVA	100	0	0.0
5_2_anc_ext_A_marker	28_5_2_anc_ext_A_marker	fig:heatmap-28-anc-ext-a-marker	5.2 ANC external A marker	30_sov_ng_er_d_ep	sov	ng	erg-abs	deranking	erg-poss	vos	VS	AVP	100	0	0.0
5_2_anc_ext_A_marker	28_5_2_anc_ext_A_marker	fig:heatmap-28-anc-ext-a-marker	5.2 ANC external A marker	31_sov_ng_er_d_no	sov	ng	erg-abs	deranking	nomn	ovs	VS	PVA	100	0	0.0
5_2_anc_ext_A_marker	28_5_2_anc_ext_A_marker	fig:heatmap-28-anc-ext-a-marker	5.2 ANC external A marker	32_svo_gn_ac_b_se	svo	gn	nom-acc	balancing	sent	svo	SV	AVP	100	0	0.0
5_2_anc_ext_A_marker	28_5_2_anc_ext_A_marker	fig:heatmap-28-anc-ext-a-marker	5.2 ANC external A marker	33_svo_gn_ac_b_pa	svo	gn	nom-acc	balancing	poss-acc	svo	SV	AVP	100	0	0.0
5_2_anc_ext_A_marker	28_5_2_anc_ext_A_marker	fig:heatmap-28-anc-ext-a-marker	5.2 ANC external A marker	34_svo_gn_ac_b_ep	svo	gn	nom-acc	balancing	erg-poss	sov	SV	PVA	100	0	0.0
5_2_anc_ext_A_marker	28_5_2_anc_ext_A_marker	fig:heatmap-28-anc-ext-a-marker	5.2 ANC external A marker	35_svo_gn_ac_b_no	svo	gn	nom-acc	balancing	nomn	svo	SV	AVP	100	0	0.0
5_2_anc_ext_A_marker	28_5_2_anc_ext_A_marker	fig:heatmap-28-anc-ext-a-marker	5.2 ANC external A marker	36_svo_gn_ac_d_se	svo	gn	nom-acc	deranking	sent	svo	SV	AVP	100	0	0.0
5_2_anc_ext_A_marker	28_5_2_anc_ext_A_marker	fig:heatmap-28-anc-ext-a-marker	5.2 ANC external A marker	37_svo_gn_ac_d_pa	svo	gn	nom-acc	deranking	poss-acc	svo	SV	AVP	100	0	0.0
5_2_anc_ext_A_marker	28_5_2_anc_ext_A_marker	fig:heatmap-28-anc-ext-a-marker	5.2 ANC external A marker	38_svo_gn_ac_d_ep	svo	gn	nom-acc	deranking	erg-poss	sov	SV	PVA	100	0	0.0
5_2_anc_ext_A_marker	28_5_2_anc_ext_A_marker	fig:heatmap-28-anc-ext-a-marker	5.2 ANC external A marker	39_svo_gn_ac_d_no	svo	gn	nom-acc	deranking	nomn	svo	SV	AVP	100	0	0.0
5_2_anc_ext_A_marker	28_5_2_anc_ext_A_marker	fig:heatmap-28-anc-ext-a-marker	5.2 ANC external A marker	40_svo_gn_er_b_se	svo	gn	erg-abs	balancing	sent	svo	SV	AVP	100	0	0.0
5_2_anc_ext_A_marker	28_5_2_anc_ext_A_marker	fig:heatmap-28-anc-ext-a-marker	5.2 ANC external A marker	41_svo_gn_er_b_pa	svo	gn	erg-abs	balancing	poss-acc	svo	SV	AVP	100	0	0.0
5_2_anc_ext_A_marker	28_5_2_anc_ext_A_marker	fig:heatmap-28-anc-ext-a-marker	5.2 ANC external A marker	42_svo_gn_er_b_ep	svo	gn	erg-abs	balancing	erg-poss	sov	SV	PVA	100	0	0.0
5_2_anc_ext_A_marker	28_5_2_anc_ext_A_marker	fig:heatmap-28-anc-ext-a-marker	5.2 ANC external A marker	43_svo_gn_er_b_no	svo	gn	erg-abs	balancing	nomn	svo	SV	AVP	100	0	0.0
5_2_anc_ext_A_marker	28_5_2_anc_ext_A_marker	fig:heatmap-28-anc-ext-a-marker	5.2 ANC external A marker	44_svo_gn_er_d_se	svo	gn	erg-abs	deranking	sent	svo	SV	AVP	100	0	0.0
5_2_anc_ext_A_marker	28_5_2_anc_ext_A_marker	fig:heatmap-28-anc-ext-a-marker	5.2 ANC external A marker	45_svo_gn_er_d_pa	svo	gn	erg-abs	deranking	poss-acc	svo	SV	AVP	100	0	0.0
5_2_anc_ext_A_marker	28_5_2_anc_ext_A_marker	fig:heatmap-28-anc-ext-a-marker	5.2 ANC external A marker	46_svo_gn_er_d_ep	svo	gn	erg-abs	deranking	erg-poss	sov	SV	PVA	100	0	0.0
5_2_anc_ext_A_marker	28_5_2_anc_ext_A_marker	fig:heatmap-28-anc-ext-a-marker	5.2 ANC external A marker	47_svo_gn_er_d_no	svo	gn	erg-abs	deranking	nomn	svo	SV	AVP	100	0	0.0
5_2_anc_ext_A_marker	28_5_2_anc_ext_A_marker	fig:heatmap-28-anc-ext-a-marker	5.2 ANC external A marker	48_svo_ng_ac_b_se	svo	ng	nom-acc	balancing	sent	svo	SV	AVP	100	24	0.24
5_2_anc_ext_A_marker	28_5_2_anc_ext_A_marker	fig:heatmap-28-anc-ext-a-marker	5.2 ANC external A marker	49_svo_ng_ac_b_pa	svo	ng	nom-acc	balancing	poss-acc	vos	VS	VPA	100	0	0.0
5_2_anc_ext_A_marker	28_5_2_anc_ext_A_marker	fig:heatmap-28-anc-ext-a-marker	5.2 ANC external A marker	50_svo_ng_ac_b_ep	svo	ng	nom-acc	balancing	erg-poss	vos	VS	VPA	100	0	0.0
5_2_anc_ext_A_marker	28_5_2_anc_ext_A_marker	fig:heatmap-28-anc-ext-a-marker	5.2 ANC external A marker	51_svo_ng_ac_b_no	svo	ng	nom-acc	balancing	nomn	vos	VS	VPA	100	0	0.0
5_2_anc_ext_A_marker	28_5_2_anc_ext_A_marker	fig:heatmap-28-anc-ext-a-marker	5.2 ANC external A marker	52_svo_ng_ac_d_se	svo	ng	nom-acc	deranking	sent	svo	SV	AVP	100	24	0.24
5_2_anc_ext_A_marker	28_5_2_anc_ext_A_marker	fig:heatmap-28-anc-ext-a-marker	5.2 ANC external A marker	53_svo_ng_ac_d_pa	svo	ng	nom-acc	deranking	poss-acc	vos	VS	VPA	100	0	0.0
5_2_anc_ext_A_marker	28_5_2_anc_ext_A_marker	fig:heatmap-28-anc-ext-a-marker	5.2 ANC external A marker	54_svo_ng_ac_d_ep	svo	ng	nom-acc	deranking	erg-poss	vos	VS	VPA	100	0	0.0
5_2_anc_ext_A_marker	28_5_2_anc_ext_A_marker	fig:heatmap-28-anc-ext-a-marker	5.2 ANC external A marker	55_svo_ng_ac_d_no	svo	ng	nom-acc	deranking	nomn	vos	VS	VPA	100	0	0.0
5_2_anc_ext_A_marker	28_5_2_anc_ext_A_marker	fig:heatmap-28-anc-ext-a-marker	5.2 ANC external A marker	56_svo_ng_er_b_se	svo	ng	erg-abs	balancing	sent	svo	SV	AVP	100	12	0.12
5_2_anc_ext_A_marker	28_5_2_anc_ext_A_marker	fig:heatmap-28-anc-ext-a-marker	5.2 ANC external A marker	57_svo_ng_er_b_pa	svo	ng	erg-abs	balancing	poss-acc	vos	VS	VPA	100	0	0.0
5_2_anc_ext_A_marker	28_5_2_anc_ext_A_marker	fig:heatmap-28-anc-ext-a-marker	5.2 ANC external A marker	58_svo_ng_er_b_ep	svo	ng	erg-abs	balancing	erg-poss	vos	VS	VPA	100	0	0.0
5_2_anc_ext_A_marker	28_5_2_anc_ext_A_marker	fig:heatmap-28-anc-ext-a-marker	5.2 ANC external A marker	59_svo_ng_er_b_no	svo	ng	erg-abs	balancing	nomn	vos	VS	VPA	100	0	0.0
5_2_anc_ext_A_marker	28_5_2_anc_ext_A_marker	fig:heatmap-28-anc-ext-a-marker	5.2 ANC external A marker	60_svo_ng_er_d_se	svo	ng	erg-abs	deranking	sent	svo	SV	AVP	100	12	0.12
5_2_anc_ext_A_marker	28_5_2_anc_ext_A_marker	fig:heatmap-28-anc-ext-a-marker	5.2 ANC external A marker	61_svo_ng_er_d_pa	svo	ng	erg-abs	deranking	poss-acc	vos	VS	VPA	100	0	0.0
5_2_anc_ext_A_marker	28_5_2_anc_ext_A_marker	fig:heatmap-28-anc-ext-a-marker	5.2 ANC external A marker	62_svo_ng_er_d_ep	svo	ng	erg-abs	deranking	erg-poss	vos	VS	VPA	100	0	0.0
5_2_anc_ext_A_marker	28_5_2_anc_ext_A_marker	fig:heatmap-28-anc-ext-a-marker	5.2 ANC external A marker	63_svo_ng_er_d_no	svo	ng	erg-abs	deranking	nomn	vos	VS	VPA	100	0	0.0
5_2_anc_ext_A_marker	28_5_2_anc_ext_A_marker	fig:heatmap-28-anc-ext-a-marker	5.2 ANC external A marker	64_vos_gn_ac_b_se	vos	gn	nom-acc	balancing	sent	vos	VS	VPA	100	24	0.24
5_2_anc_ext_A_marker	28_5_2_anc_ext_A_marker	fig:heatmap-28-anc-ext-a-marker	5.2 ANC external A marker	65_vos_gn_ac_b_pa	vos	gn	nom-acc	balancing	poss-acc	svo	SV	AVP	100	0	0.0
5_2_anc_ext_A_marker	28_5_2_anc_ext_A_marker	fig:heatmap-28-anc-ext-a-marker	5.2 ANC external A marker	66_vos_gn_ac_b_ep	vos	gn	nom-acc	balancing	erg-poss	sov	SV	PVA	100	0	0.0
5_2_anc_ext_A_marker	28_5_2_anc_ext_A_marker	fig:heatmap-28-anc-ext-a-marker	5.2 ANC external A marker	67_vos_gn_ac_b_no	vos	gn	nom-acc	balancing	nomn	svo	SV	AVP	100	0	0.0
5_2_anc_ext_A_marker	28_5_2_anc_ext_A_marker	fig:heatmap-28-anc-ext-a-marker	5.2 ANC external A marker	68_vos_gn_ac_d_se	vos	gn	nom-acc	deranking	sent	vos	VS	VPA	100	24	0.24
5_2_anc_ext_A_marker	28_5_2_anc_ext_A_marker	fig:heatmap-28-anc-ext-a-marker	5.2 ANC external A marker	69_vos_gn_ac_d_pa	vos	gn	nom-acc	deranking	poss-acc	svo	SV	AVP	100	0	0.0
5_2_anc_ext_A_marker	28_5_2_anc_ext_A_marker	fig:heatmap-28-anc-ext-a-marker	5.2 ANC external A marker	70_vos_gn_ac_d_ep	vos	gn	nom-acc	deranking	erg-poss	sov	SV	PVA	100	0	0.0
5_2_anc_ext_A_marker	28_5_2_anc_ext_A_marker	fig:heatmap-28-anc-ext-a-marker	5.2 ANC external A marker	71_vos_gn_ac_d_no	vos	gn	nom-acc	deranking	nomn	svo	SV	AVP	100	0	0.0
5_2_anc_ext_A_marker	28_5_2_anc_ext_A_marker	fig:heatmap-28-anc-ext-a-marker	5.2 ANC external A marker	72_vos_gn_er_b_se	vos	gn	erg-abs	balancing	sent	vos	VS	VPA	100	12	0.12
5_2_anc_ext_A_marker	28_5_2_anc_ext_A_marker	fig:heatmap-28-anc-ext-a-marker	5.2 ANC external A marker	73_vos_gn_er_b_pa	vos	gn	erg-abs	balancing	poss-acc	svo	SV	AVP	100	0	0.0
5_2_anc_ext_A_marker	28_5_2_anc_ext_A_marker	fig:heatmap-28-anc-ext-a-marker	5.2 ANC external A marker	74_vos_gn_er_b_ep	vos	gn	erg-abs	balancing	erg-poss	sov	SV	PVA	100	0	0.0
5_2_anc_ext_A_marker	28_5_2_anc_ext_A_marker	fig:heatmap-28-anc-ext-a-marker	5.2 ANC external A marker	75_vos_gn_er_b_no	vos	gn	erg-abs	balancing	nomn	svo	SV	AVP	100	0	0.0
5_2_anc_ext_A_marker	28_5_2_anc_ext_A_marker	fig:heatmap-28-anc-ext-a-marker	5.2 ANC external A marker	76_vos_gn_er_d_se	vos	gn	erg-abs	deranking	sent	vos	VS	VPA	100	12	0.12
5_2_anc_ext_A_marker	28_5_2_anc_ext_A_marker	fig:heatmap-28-anc-ext-a-marker	5.2 ANC external A marker	77_vos_gn_er_d_pa	vos	gn	erg-abs	deranking	poss-acc	svo	SV	AVP	100	0	0.0
5_2_anc_ext_A_marker	28_5_2_anc_ext_A_marker	fig:heatmap-28-anc-ext-a-marker	5.2 ANC external A marker	78_vos_gn_er_d_ep	vos	gn	erg-abs	deranking	erg-poss	sov	SV	PVA	100	0	0.0
5_2_anc_ext_A_marker	28_5_2_anc_ext_A_marker	fig:heatmap-28-anc-ext-a-marker	5.2 ANC external A marker	79_vos_gn_er_d_no	vos	gn	erg-abs	deranking	nomn	svo	SV	AVP	100	0	0.0
5_2_anc_ext_A_marker	28_5_2_anc_ext_A_marker	fig:heatmap-28-anc-ext-a-marker	5.2 ANC external A marker	80_vos_ng_ac_b_se	vos	ng	nom-acc	balancing	sent	vos	VS	VPA	100	24	0.24
5_2_anc_ext_A_marker	28_5_2_anc_ext_A_marker	fig:heatmap-28-anc-ext-a-marker	5.2 ANC external A marker	81_vos_ng_ac_b_pa	vos	ng	nom-acc	balancing	poss-acc	vos	VS	VPA	100	0	0.0
5_2_anc_ext_A_marker	28_5_2_anc_ext_A_marker	fig:heatmap-28-anc-ext-a-marker	5.2 ANC external A marker	82_vos_ng_ac_b_ep	vos	ng	nom-acc	balancing	erg-poss	vos	VS	VPA	100	0	0.0
5_2_anc_ext_A_marker	28_5_2_anc_ext_A_marker	fig:heatmap-28-anc-ext-a-marker	5.2 ANC external A marker	83_vos_ng_ac_b_no	vos	ng	nom-acc	balancing	nomn	vos	VS	VPA	100	0	0.0
5_2_anc_ext_A_marker	28_5_2_anc_ext_A_marker	fig:heatmap-28-anc-ext-a-marker	5.2 ANC external A marker	84_vos_ng_ac_d_se	vos	ng	nom-acc	deranking	sent	vos	VS	VPA	100	24	0.24
5_2_anc_ext_A_marker	28_5_2_anc_ext_A_marker	fig:heatmap-28-anc-ext-a-marker	5.2 ANC external A marker	85_vos_ng_ac_d_pa	vos	ng	nom-acc	deranking	poss-acc	vos	VS	VPA	100	0	0.0
5_2_anc_ext_A_marker	28_5_2_anc_ext_A_marker	fig:heatmap-28-anc-ext-a-marker	5.2 ANC external A marker	86_vos_ng_ac_d_ep	vos	ng	nom-acc	deranking	erg-poss	vos	VS	VPA	100	0	0.0
5_2_anc_ext_A_marker	28_5_2_anc_ext_A_marker	fig:heatmap-28-anc-ext-a-marker	5.2 ANC external A marker	87_vos_ng_ac_d_no	vos	ng	nom-acc	deranking	nomn	vos	VS	VPA	100	0	0.0
5_2_anc_ext_A_marker	28_5_2_anc_ext_A_marker	fig:heatmap-28-anc-ext-a-marker	5.2 ANC external A marker	88_vos_ng_er_b_se	vos	ng	erg-abs	balancing	sent	vos	VS	VPA	100	50	0.5
5_2_anc_ext_A_marker	28_5_2_anc_ext_A_marker	fig:heatmap-28-anc-ext-a-marker	5.2 ANC external A marker	89_vos_ng_er_b_pa	vos	ng	erg-abs	balancing	poss-acc	vos	VS	VPA	100	50	0.5
5_2_anc_ext_A_marker	28_5_2_anc_ext_A_marker	fig:heatmap-28-anc-ext-a-marker	5.2 ANC external A marker	90_vos_ng_er_b_ep	vos	ng	erg-abs	balancing	erg-poss	vos	VS	VPA	100	50	0.5
5_2_anc_ext_A_marker	28_5_2_anc_ext_A_marker	fig:heatmap-28-anc-ext-a-marker	5.2 ANC external A marker	91_vos_ng_er_b_no	vos	ng	erg-abs	balancing	nomn	vos	VS	VPA	100	50	0.5
5_2_anc_ext_A_marker	28_5_2_anc_ext_A_marker	fig:heatmap-28-anc-ext-a-marker	5.2 ANC external A marker	92_vos_ng_er_d_se	vos	ng	erg-abs	deranking	sent	vos	VS	VPA	100	50	0.5
5_2_anc_ext_A_marker	28_5_2_anc_ext_A_marker	fig:heatmap-28-anc-ext-a-marker	5.2 ANC external A marker	93_vos_ng_er_d_pa	vos	ng	erg-abs	deranking	poss-acc	vos	VS	VPA	100	50	0.5
5_2_anc_ext_A_marker	28_5_2_anc_ext_A_marker	fig:heatmap-28-anc-ext-a-marker	5.2 ANC external A marker	94_vos_ng_er_d_ep	vos	ng	erg-abs	deranking	erg-poss	vos	VS	VPA	100	50	0.5
5_2_anc_ext_A_marker	28_5_2_anc_ext_A_marker	fig:heatmap-28-anc-ext-a-marker	5.2 ANC external A marker	95_vos_ng_er_d_no	vos	ng	erg-abs	deranking	nomn	vos	VS	VPA	100	50	0.5
5_3_anc_ext_P_marker	29_5_3_anc_ext_P_marker	fig:heatmap-29-anc-ext-p-marker	5.3 ANC external P marker	00_sov_gn_ac_b_se	sov	gn	nom-acc	balancing	sent	sov	SV	APV	100	25	0.25
5_3_anc_ext_P_marker	29_5_3_anc_ext_P_marker	fig:heatmap-29-anc-ext-p-marker	5.3 ANC external P marker	01_sov_gn_ac_b_pa	sov	gn	nom-acc	balancing	poss-acc	sov	SV	APV	100	1	0.01
5_3_anc_ext_P_marker	29_5_3_anc_ext_P_marker	fig:heatmap-29-anc-ext-p-marker	5.3 ANC external P marker	02_sov_gn_ac_b_ep	sov	gn	nom-acc	balancing	erg-poss	sov	SV	APV	100	1	0.01
5_3_anc_ext_P_marker	29_5_3_anc_ext_P_marker	fig:heatmap-29-anc-ext-p-marker	5.3 ANC external P marker	03_sov_gn_ac_b_no	sov	gn	nom-acc	balancing	nomn	sov	SV	APV	100	1	0.01
5_3_anc_ext_P_marker	29_5_3_anc_ext_P_marker	fig:heatmap-29-anc-ext-p-marker	5.3 ANC external P marker	04_sov_gn_ac_d_se	sov	gn	nom-acc	deranking	sent	sov	SV	APV	100	49	0.49
5_3_anc_ext_P_marker	29_5_3_anc_ext_P_marker	fig:heatmap-29-anc-ext-p-marker	5.3 ANC external P marker	05_sov_gn_ac_d_pa	sov	gn	nom-acc	deranking	poss-acc	sov	SV	APV	100	1	0.01
5_3_anc_ext_P_marker	29_5_3_anc_ext_P_marker	fig:heatmap-29-anc-ext-p-marker	5.3 ANC external P marker	06_sov_gn_ac_d_ep	sov	gn	nom-acc	deranking	erg-poss	sov	SV	APV	100	1	0.01
5_3_anc_ext_P_marker	29_5_3_anc_ext_P_marker	fig:heatmap-29-anc-ext-p-marker	5.3 ANC external P marker	07_sov_gn_ac_d_no	sov	gn	nom-acc	deranking	nomn	sov	SV	APV	100	1	0.01
5_3_anc_ext_P_marker	29_5_3_anc_ext_P_marker	fig:heatmap-29-anc-ext-p-marker	5.3 ANC external P marker	08_sov_gn_er_b_se	sov	gn	erg-abs	balancing	sent	sov	SV	APV	100	0	0.0
5_3_anc_ext_P_marker	29_5_3_anc_ext_P_marker	fig:heatmap-29-anc-ext-p-marker	5.3 ANC external P marker	09_sov_gn_er_b_pa	sov	gn	erg-abs	balancing	poss-acc	sov	SV	APV	100	0	0.0
5_3_anc_ext_P_marker	29_5_3_anc_ext_P_marker	fig:heatmap-29-anc-ext-p-marker	5.3 ANC external P marker	10_sov_gn_er_b_ep	sov	gn	erg-abs	balancing	erg-poss	sov	SV	APV	100	0	0.0
5_3_anc_ext_P_marker	29_5_3_anc_ext_P_marker	fig:heatmap-29-anc-ext-p-marker	5.3 ANC external P marker	11_sov_gn_er_b_no	sov	gn	erg-abs	balancing	nomn	sov	SV	APV	100	0	0.0
5_3_anc_ext_P_marker	29_5_3_anc_ext_P_marker	fig:heatmap-29-anc-ext-p-marker	5.3 ANC external P marker	12_sov_gn_er_d_se	sov	gn	erg-abs	deranking	sent	sov	SV	APV	100	0	0.0
5_3_anc_ext_P_marker	29_5_3_anc_ext_P_marker	fig:heatmap-29-anc-ext-p-marker	5.3 ANC external P marker	13_sov_gn_er_d_pa	sov	gn	erg-abs	deranking	poss-acc	sov	SV	APV	100	0	0.0
5_3_anc_ext_P_marker	29_5_3_anc_ext_P_marker	fig:heatmap-29-anc-ext-p-marker	5.3 ANC external P marker	14_sov_gn_er_d_ep	sov	gn	erg-abs	deranking	erg-poss	sov	SV	APV	100	0	0.0
5_3_anc_ext_P_marker	29_5_3_anc_ext_P_marker	fig:heatmap-29-anc-ext-p-marker	5.3 ANC external P marker	15_sov_gn_er_d_no	sov	gn	erg-abs	deranking	nomn	sov	SV	APV	100	0	0.0
5_3_anc_ext_P_marker	29_5_3_anc_ext_P_marker	fig:heatmap-29-anc-ext-p-marker	5.3 ANC external P marker	16_sov_ng_ac_b_se	sov	ng	nom-acc	balancing	sent	sov	SV	APV	100	74	0.74
5_3_anc_ext_P_marker	29_5_3_anc_ext_P_marker	fig:heatmap-29-anc-ext-p-marker	5.3 ANC external P marker	17_sov_ng_ac_b_pa	sov	ng	nom-acc	balancing	poss-acc	ovs	VS	PVA	100	50	0.5
5_3_anc_ext_P_marker	29_5_3_anc_ext_P_marker	fig:heatmap-29-anc-ext-p-marker	5.3 ANC external P marker	18_sov_ng_ac_b_ep	sov	ng	nom-acc	balancing	erg-poss	vos	VS	AVP	100	50	0.5
5_3_anc_ext_P_marker	29_5_3_anc_ext_P_marker	fig:heatmap-29-anc-ext-p-marker	5.3 ANC external P marker	19_sov_ng_ac_b_no	sov	ng	nom-acc	balancing	nomn	ovs	VS	PVA	100	50	0.5
5_3_anc_ext_P_marker	29_5_3_anc_ext_P_marker	fig:heatmap-29-anc-ext-p-marker	5.3 ANC external P marker	20_sov_ng_ac_d_se	sov	ng	nom-acc	deranking	sent	sov	SV	APV	100	99	0.99
5_3_anc_ext_P_marker	29_5_3_anc_ext_P_marker	fig:heatmap-29-anc-ext-p-marker	5.3 ANC external P marker	21_sov_ng_ac_d_pa	sov	ng	nom-acc	deranking	poss-acc	ovs	VS	PVA	100	50	0.5
5_3_anc_ext_P_marker	29_5_3_anc_ext_P_marker	fig:heatmap-29-anc-ext-p-marker	5.3 ANC external P marker	22_sov_ng_ac_d_ep	sov	ng	nom-acc	deranking	erg-poss	vos	VS	AVP	100	50	0.5
5_3_anc_ext_P_marker	29_5_3_anc_ext_P_marker	fig:heatmap-29-anc-ext-p-marker	5.3 ANC external P marker	23_sov_ng_ac_d_no	sov	ng	nom-acc	deranking	nomn	ovs	VS	PVA	100	50	0.5
5_3_anc_ext_P_marker	29_5_3_anc_ext_P_marker	fig:heatmap-29-anc-ext-p-marker	5.3 ANC external P marker	24_sov_ng_er_b_se	sov	ng	erg-abs	balancing	sent	sov	SV	APV	100	24	0.24
5_3_anc_ext_P_marker	29_5_3_anc_ext_P_marker	fig:heatmap-29-anc-ext-p-marker	5.3 ANC external P marker	25_sov_ng_er_b_pa	sov	ng	erg-abs	balancing	poss-acc	ovs	VS	PVA	100	20	0.2
5_3_anc_ext_P_marker	29_5_3_anc_ext_P_marker	fig:heatmap-29-anc-ext-p-marker	5.3 ANC external P marker	26_sov_ng_er_b_ep	sov	ng	erg-abs	balancing	erg-poss	vos	VS	AVP	100	1	0.01
5_3_anc_ext_P_marker	29_5_3_anc_ext_P_marker	fig:heatmap-29-anc-ext-p-marker	5.3 ANC external P marker	27_sov_ng_er_b_no	sov	ng	erg-abs	balancing	nomn	ovs	VS	PVA	100	1	0.01
5_3_anc_ext_P_marker	29_5_3_anc_ext_P_marker	fig:heatmap-29-anc-ext-p-marker	5.3 ANC external P marker	28_sov_ng_er_d_se	sov	ng	erg-abs	deranking	sent	sov	SV	APV	100	24	0.24
5_3_anc_ext_P_marker	29_5_3_anc_ext_P_marker	fig:heatmap-29-anc-ext-p-marker	5.3 ANC external P marker	29_sov_ng_er_d_pa	sov	ng	erg-abs	deranking	poss-acc	ovs	VS	PVA	100	20	0.2
5_3_anc_ext_P_marker	29_5_3_anc_ext_P_marker	fig:heatmap-29-anc-ext-p-marker	5.3 ANC external P marker	30_sov_ng_er_d_ep	sov	ng	erg-abs	deranking	erg-poss	vos	VS	AVP	100	1	0.01
5_3_anc_ext_P_marker	29_5_3_anc_ext_P_marker	fig:heatmap-29-anc-ext-p-marker	5.3 ANC external P marker	31_sov_ng_er_d_no	sov	ng	erg-abs	deranking	nomn	ovs	VS	PVA	100	1	0.01
5_3_anc_ext_P_marker	29_5_3_anc_ext_P_marker	fig:heatmap-29-anc-ext-p-marker	5.3 ANC external P marker	32_svo_gn_ac_b_se	svo	gn	nom-acc	balancing	sent	svo	SV	AVP	100	19	0.19
5_3_anc_ext_P_marker	29_5_3_anc_ext_P_marker	fig:heatmap-29-anc-ext-p-marker	5.3 ANC external P marker	33_svo_gn_ac_b_pa	svo	gn	nom-acc	balancing	poss-acc	svo	SV	AVP	100	19	0.19
5_3_anc_ext_P_marker	29_5_3_anc_ext_P_marker	fig:heatmap-29-anc-ext-p-marker	5.3 ANC external P marker	34_svo_gn_ac_b_ep	svo	gn	nom-acc	balancing	erg-poss	sov	SV	PVA	100	0	0.0
5_3_anc_ext_P_marker	29_5_3_anc_ext_P_marker	fig:heatmap-29-anc-ext-p-marker	5.3 ANC external P marker	35_svo_gn_ac_b_no	svo	gn	nom-acc	balancing	nomn	svo	SV	AVP	100	0	0.0
5_3_anc_ext_P_marker	29_5_3_anc_ext_P_marker	fig:heatmap-29-anc-ext-p-marker	5.3 ANC external P marker	36_svo_gn_ac_d_se	svo	gn	nom-acc	deranking	sent	svo	SV	AVP	100	44	0.44
5_3_anc_ext_P_marker	29_5_3_anc_ext_P_marker	fig:heatmap-29-anc-ext-p-marker	5.3 ANC external P marker	37_svo_gn_ac_d_pa	svo	gn	nom-acc	deranking	poss-acc	svo	SV	AVP	100	19	0.19
5_3_anc_ext_P_marker	29_5_3_anc_ext_P_marker	fig:heatmap-29-anc-ext-p-marker	5.3 ANC external P marker	38_svo_gn_ac_d_ep	svo	gn	nom-acc	deranking	erg-poss	sov	SV	PVA	100	0	0.0
5_3_anc_ext_P_marker	29_5_3_anc_ext_P_marker	fig:heatmap-29-anc-ext-p-marker	5.3 ANC external P marker	39_svo_gn_ac_d_no	svo	gn	nom-acc	deranking	nomn	svo	SV	AVP	100	0	0.0
5_3_anc_ext_P_marker	29_5_3_anc_ext_P_marker	fig:heatmap-29-anc-ext-p-marker	5.3 ANC external P marker	40_svo_gn_er_b_se	svo	gn	erg-abs	balancing	sent	svo	SV	AVP	100	19	0.19
5_3_anc_ext_P_marker	29_5_3_anc_ext_P_marker	fig:heatmap-29-anc-ext-p-marker	5.3 ANC external P marker	41_svo_gn_er_b_pa	svo	gn	erg-abs	balancing	poss-acc	svo	SV	AVP	100	19	0.19
5_3_anc_ext_P_marker	29_5_3_anc_ext_P_marker	fig:heatmap-29-anc-ext-p-marker	5.3 ANC external P marker	42_svo_gn_er_b_ep	svo	gn	erg-abs	balancing	erg-poss	sov	SV	PVA	100	0	0.0
5_3_anc_ext_P_marker	29_5_3_anc_ext_P_marker	fig:heatmap-29-anc-ext-p-marker	5.3 ANC external P marker	43_svo_gn_er_b_no	svo	gn	erg-abs	balancing	nomn	svo	SV	AVP	100	0	0.0
5_3_anc_ext_P_marker	29_5_3_anc_ext_P_marker	fig:heatmap-29-anc-ext-p-marker	5.3 ANC external P marker	44_svo_gn_er_d_se	svo	gn	erg-abs	deranking	sent	svo	SV	AVP	100	19	0.19
5_3_anc_ext_P_marker	29_5_3_anc_ext_P_marker	fig:heatmap-29-anc-ext-p-marker	5.3 ANC external P marker	45_svo_gn_er_d_pa	svo	gn	erg-abs	deranking	poss-acc	svo	SV	AVP	100	19	0.19
5_3_anc_ext_P_marker	29_5_3_anc_ext_P_marker	fig:heatmap-29-anc-ext-p-marker	5.3 ANC external P marker	46_svo_gn_er_d_ep	svo	gn	erg-abs	deranking	erg-poss	sov	SV	PVA	100	0	0.0
5_3_anc_ext_P_marker	29_5_3_anc_ext_P_marker	fig:heatmap-29-anc-ext-p-marker	5.3 ANC external P marker	47_svo_gn_er_d_no	svo	gn	erg-abs	deranking	nomn	svo	SV	AVP	100	0	0.0
5_3_anc_ext_P_marker	29_5_3_anc_ext_P_marker	fig:heatmap-29-anc-ext-p-marker	5.3 ANC external P marker	48_svo_ng_ac_b_se	svo	ng	nom-acc	balancing	sent	svo	SV	AVP	100	0	0.0
5_3_anc_ext_P_marker	29_5_3_anc_ext_P_marker	fig:heatmap-29-anc-ext-p-marker	5.3 ANC external P marker	49_svo_ng_ac_b_pa	svo	ng	nom-acc	balancing	poss-acc	vos	VS	VPA	100	0	0.0
5_3_anc_ext_P_marker	29_5_3_anc_ext_P_marker	fig:heatmap-29-anc-ext-p-marker	5.3 ANC external P marker	50_svo_ng_ac_b_ep	svo	ng	nom-acc	balancing	erg-poss	vos	VS	VPA	100	0	0.0
5_3_anc_ext_P_marker	29_5_3_anc_ext_P_marker	fig:heatmap-29-anc-ext-p-marker	5.3 ANC external P marker	51_svo_ng_ac_b_no	svo	ng	nom-acc	balancing	nomn	vos	VS	VPA	100	0	0.0
5_3_anc_ext_P_marker	29_5_3_anc_ext_P_marker	fig:heatmap-29-anc-ext-p-marker	5.3 ANC external P marker	52_svo_ng_ac_d_se	svo	ng	nom-acc	deranking	sent	svo	SV	AVP	100	25	0.25
5_3_anc_ext_P_marker	29_5_3_anc_ext_P_marker	fig:heatmap-29-anc-ext-p-marker	5.3 ANC external P marker	53_svo_ng_ac_d_pa	svo	ng	nom-acc	deranking	poss-acc	vos	VS	VPA	100	0	0.0
5_3_anc_ext_P_marker	29_5_3_anc_ext_P_marker	fig:heatmap-29-anc-ext-p-marker	5.3 ANC external P marker	54_svo_ng_ac_d_ep	svo	ng	nom-acc	deranking	erg-poss	vos	VS	VPA	100	0	0.0
5_3_anc_ext_P_marker	29_5_3_anc_ext_P_marker	fig:heatmap-29-anc-ext-p-marker	5.3 ANC external P marker	55_svo_ng_ac_d_no	svo	ng	nom-acc	deranking	nomn	vos	VS	VPA	100	0	0.0
5_3_anc_ext_P_marker	29_5_3_anc_ext_P_marker	fig:heatmap-29-anc-ext-p-marker	5.3 ANC external P marker	56_svo_ng_er_b_se	svo	ng	erg-abs	balancing	sent	svo	SV	AVP	100	14	0.14
5_3_anc_ext_P_marker	29_5_3_anc_ext_P_marker	fig:heatmap-29-anc-ext-p-marker	5.3 ANC external P marker	57_svo_ng_er_b_pa	svo	ng	erg-abs	balancing	poss-acc	vos	VS	VPA	100	0	0.0
5_3_anc_ext_P_marker	29_5_3_anc_ext_P_marker	fig:heatmap-29-anc-ext-p-marker	5.3 ANC external P marker	58_svo_ng_er_b_ep	svo	ng	erg-abs	balancing	erg-poss	vos	VS	VPA	100	0	0.0
5_3_anc_ext_P_marker	29_5_3_anc_ext_P_marker	fig:heatmap-29-anc-ext-p-marker	5.3 ANC external P marker	59_svo_ng_er_b_no	svo	ng	erg-abs	balancing	nomn	vos	VS	VPA	100	0	0.0
5_3_anc_ext_P_marker	29_5_3_anc_ext_P_marker	fig:heatmap-29-anc-ext-p-marker	5.3 ANC external P marker	60_svo_ng_er_d_se	svo	ng	erg-abs	deranking	sent	svo	SV	AVP	100	14	0.14
5_3_anc_ext_P_marker	29_5_3_anc_ext_P_marker	fig:heatmap-29-anc-ext-p-marker	5.3 ANC external P marker	61_svo_ng_er_d_pa	svo	ng	erg-abs	deranking	poss-acc	vos	VS	VPA	100	0	0.0
5_3_anc_ext_P_marker	29_5_3_anc_ext_P_marker	fig:heatmap-29-anc-ext-p-marker	5.3 ANC external P marker	62_svo_ng_er_d_ep	svo	ng	erg-abs	deranking	erg-poss	vos	VS	VPA	100	0	0.0
5_3_anc_ext_P_marker	29_5_3_anc_ext_P_marker	fig:heatmap-29-anc-ext-p-marker	5.3 ANC external P marker	63_svo_ng_er_d_no	svo	ng	erg-abs	deranking	nomn	vos	VS	VPA	100	0	0.0
5_3_anc_ext_P_marker	29_5_3_anc_ext_P_marker	fig:heatmap-29-anc-ext-p-marker	5.3 ANC external P marker	64_vos_gn_ac_b_se	vos	gn	nom-acc	balancing	sent	vos	VS	VPA	100	74	0.74
5_3_anc_ext_P_marker	29_5_3_anc_ext_P_marker	fig:heatmap-29-anc-ext-p-marker	5.3 ANC external P marker	65_vos_gn_ac_b_pa	vos	gn	nom-acc	balancing	poss-acc	svo	SV	AVP	100	50	0.5
5_3_anc_ext_P_marker	29_5_3_anc_ext_P_marker	fig:heatmap-29-anc-ext-p-marker	5.3 ANC external P marker	66_vos_gn_ac_b_ep	vos	gn	nom-acc	balancing	erg-poss	sov	SV	PVA	100	50	0.5
5_3_anc_ext_P_marker	29_5_3_anc_ext_P_marker	fig:heatmap-29-anc-ext-p-marker	5.3 ANC external P marker	67_vos_gn_ac_b_no	vos	gn	nom-acc	balancing	nomn	svo	SV	AVP	100	50	0.5
5_3_anc_ext_P_marker	29_5_3_anc_ext_P_marker	fig:heatmap-29-anc-ext-p-marker	5.3 ANC external P marker	68_vos_gn_ac_d_se	vos	gn	nom-acc	deranking	sent	vos	VS	VPA	100	99	0.99
5_3_anc_ext_P_marker	29_5_3_anc_ext_P_marker	fig:heatmap-29-anc-ext-p-marker	5.3 ANC external P marker	69_vos_gn_ac_d_pa	vos	gn	nom-acc	deranking	poss-acc	svo	SV	AVP	100	50	0.5
5_3_anc_ext_P_marker	29_5_3_anc_ext_P_marker	fig:heatmap-29-anc-ext-p-marker	5.3 ANC external P marker	70_vos_gn_ac_d_ep	vos	gn	nom-acc	deranking	erg-poss	sov	SV	PVA	100	50	0.5
5_3_anc_ext_P_marker	29_5_3_anc_ext_P_marker	fig:heatmap-29-anc-ext-p-marker	5.3 ANC external P marker	71_vos_gn_ac_d_no	vos	gn	nom-acc	deranking	nomn	svo	SV	AVP	100	50	0.5
5_3_anc_ext_P_marker	29_5_3_anc_ext_P_marker	fig:heatmap-29-anc-ext-p-marker	5.3 ANC external P marker	72_vos_gn_er_b_se	vos	gn	erg-abs	balancing	sent	vos	VS	VPA	100	24	0.24
5_3_anc_ext_P_marker	29_5_3_anc_ext_P_marker	fig:heatmap-29-anc-ext-p-marker	5.3 ANC external P marker	73_vos_gn_er_b_pa	vos	gn	erg-abs	balancing	poss-acc	svo	SV	AVP	100	20	0.2
5_3_anc_ext_P_marker	29_5_3_anc_ext_P_marker	fig:heatmap-29-anc-ext-p-marker	5.3 ANC external P marker	74_vos_gn_er_b_ep	vos	gn	erg-abs	balancing	erg-poss	sov	SV	PVA	100	1	0.01
5_3_anc_ext_P_marker	29_5_3_anc_ext_P_marker	fig:heatmap-29-anc-ext-p-marker	5.3 ANC external P marker	75_vos_gn_er_b_no	vos	gn	erg-abs	balancing	nomn	svo	SV	AVP	100	1	0.01
5_3_anc_ext_P_marker	29_5_3_anc_ext_P_marker	fig:heatmap-29-anc-ext-p-marker	5.3 ANC external P marker	76_vos_gn_er_d_se	vos	gn	erg-abs	deranking	sent	vos	VS	VPA	100	24	0.24
5_3_anc_ext_P_marker	29_5_3_anc_ext_P_marker	fig:heatmap-29-anc-ext-p-marker	5.3 ANC external P marker	77_vos_gn_er_d_pa	vos	gn	erg-abs	deranking	poss-acc	svo	SV	AVP	100	20	0.2
5_3_anc_ext_P_marker	29_5_3_anc_ext_P_marker	fig:heatmap-29-anc-ext-p-marker	5.3 ANC external P marker	78_vos_gn_er_d_ep	vos	gn	erg-abs	deranking	erg-poss	sov	SV	PVA	100	1	0.01
5_3_anc_ext_P_marker	29_5_3_anc_ext_P_marker	fig:heatmap-29-anc-ext-p-marker	5.3 ANC external P marker	79_vos_gn_er_d_no	vos	gn	erg-abs	deranking	nomn	svo	SV	AVP	100	1	0.01
5_3_anc_ext_P_marker	29_5_3_anc_ext_P_marker	fig:heatmap-29-anc-ext-p-marker	5.3 ANC external P marker	80_vos_ng_ac_b_se	vos	ng	nom-acc	balancing	sent	vos	VS	VPA	100	25	0.25
5_3_anc_ext_P_marker	29_5_3_anc_ext_P_marker	fig:heatmap-29-anc-ext-p-marker	5.3 ANC external P marker	81_vos_ng_ac_b_pa	vos	ng	nom-acc	balancing	poss-acc	vos	VS	VPA	100	1	0.01
5_3_anc_ext_P_marker	29_5_3_anc_ext_P_marker	fig:heatmap-29-anc-ext-p-marker	5.3 ANC external P marker	82_vos_ng_ac_b_ep	vos	ng	nom-acc	balancing	erg-poss	vos	VS	VPA	100	1	0.01
5_3_anc_ext_P_marker	29_5_3_anc_ext_P_marker	fig:heatmap-29-anc-ext-p-marker	5.3 ANC external P marker	83_vos_ng_ac_b_no	vos	ng	nom-acc	balancing	nomn	vos	VS	VPA	100	1	0.01
5_3_anc_ext_P_marker	29_5_3_anc_ext_P_marker	fig:heatmap-29-anc-ext-p-marker	5.3 ANC external P marker	84_vos_ng_ac_d_se	vos	ng	nom-acc	deranking	sent	vos	VS	VPA	100	49	0.49
5_3_anc_ext_P_marker	29_5_3_anc_ext_P_marker	fig:heatmap-29-anc-ext-p-marker	5.3 ANC external P marker	85_vos_ng_ac_d_pa	vos	ng	nom-acc	deranking	poss-acc	vos	VS	VPA	100	1	0.01
5_3_anc_ext_P_marker	29_5_3_anc_ext_P_marker	fig:heatmap-29-anc-ext-p-marker	5.3 ANC external P marker	86_vos_ng_ac_d_ep	vos	ng	nom-acc	deranking	erg-poss	vos	VS	VPA	100	1	0.01
5_3_anc_ext_P_marker	29_5_3_anc_ext_P_marker	fig:heatmap-29-anc-ext-p-marker	5.3 ANC external P marker	87_vos_ng_ac_d_no	vos	ng	nom-acc	deranking	nomn	vos	VS	VPA	100	1	0.01
5_3_anc_ext_P_marker	29_5_3_anc_ext_P_marker	fig:heatmap-29-anc-ext-p-marker	5.3 ANC external P marker	88_vos_ng_er_b_se	vos	ng	erg-abs	balancing	sent	vos	VS	VPA	100	0	0.0
5_3_anc_ext_P_marker	29_5_3_anc_ext_P_marker	fig:heatmap-29-anc-ext-p-marker	5.3 ANC external P marker	89_vos_ng_er_b_pa	vos	ng	erg-abs	balancing	poss-acc	vos	VS	VPA	100	0	0.0
5_3_anc_ext_P_marker	29_5_3_anc_ext_P_marker	fig:heatmap-29-anc-ext-p-marker	5.3 ANC external P marker	90_vos_ng_er_b_ep	vos	ng	erg-abs	balancing	erg-poss	vos	VS	VPA	100	0	0.0
5_3_anc_ext_P_marker	29_5_3_anc_ext_P_marker	fig:heatmap-29-anc-ext-p-marker	5.3 ANC external P marker	91_vos_ng_er_b_no	vos	ng	erg-abs	balancing	nomn	vos	VS	VPA	100	0	0.0
5_3_anc_ext_P_marker	29_5_3_anc_ext_P_marker	fig:heatmap-29-anc-ext-p-marker	5.3 ANC external P marker	92_vos_ng_er_d_se	vos	ng	erg-abs	deranking	sent	vos	VS	VPA	100	0	0.0
5_3_anc_ext_P_marker	29_5_3_anc_ext_P_marker	fig:heatmap-29-anc-ext-p-marker	5.3 ANC external P marker	93_vos_ng_er_d_pa	vos	ng	erg-abs	deranking	poss-acc	vos	VS	VPA	100	0	0.0
5_3_anc_ext_P_marker	29_5_3_anc_ext_P_marker	fig:heatmap-29-anc-ext-p-marker	5.3 ANC external P marker	94_vos_ng_er_d_ep	vos	ng	erg-abs	deranking	erg-poss	vos	VS	VPA	100	0	0.0
5_3_anc_ext_P_marker	29_5_3_anc_ext_P_marker	fig:heatmap-29-anc-ext-p-marker	5.3 ANC external P marker	95_vos_ng_er_d_no	vos	ng	erg-abs	deranking	nomn	vos	VS	VPA	100	0	0.0
5_4_anc_ext_gen_marker	30_5_4_anc_ext_gen_marker	fig:heatmap-30-anc-ext-gen-marker	5.4 ANC external genitive marker	00_sov_gn_ac_b_se	sov	gn	nom-acc	balancing	sent	sov	SV	APV	100	0	0.0
5_4_anc_ext_gen_marker	30_5_4_anc_ext_gen_marker	fig:heatmap-30-anc-ext-gen-marker	5.4 ANC external genitive marker	01_sov_gn_ac_b_pa	sov	gn	nom-acc	balancing	poss-acc	sov	SV	APV	100	0	0.0
5_4_anc_ext_gen_marker	30_5_4_anc_ext_gen_marker	fig:heatmap-30-anc-ext-gen-marker	5.4 ANC external genitive marker	02_sov_gn_ac_b_ep	sov	gn	nom-acc	balancing	erg-poss	sov	SV	APV	100	0	0.0
5_4_anc_ext_gen_marker	30_5_4_anc_ext_gen_marker	fig:heatmap-30-anc-ext-gen-marker	5.4 ANC external genitive marker	03_sov_gn_ac_b_no	sov	gn	nom-acc	balancing	nomn	sov	SV	APV	100	0	0.0
5_4_anc_ext_gen_marker	30_5_4_anc_ext_gen_marker	fig:heatmap-30-anc-ext-gen-marker	5.4 ANC external genitive marker	04_sov_gn_ac_d_se	sov	gn	nom-acc	deranking	sent	sov	SV	APV	100	0	0.0
5_4_anc_ext_gen_marker	30_5_4_anc_ext_gen_marker	fig:heatmap-30-anc-ext-gen-marker	5.4 ANC external genitive marker	05_sov_gn_ac_d_pa	sov	gn	nom-acc	deranking	poss-acc	sov	SV	APV	100	0	0.0
5_4_anc_ext_gen_marker	30_5_4_anc_ext_gen_marker	fig:heatmap-30-anc-ext-gen-marker	5.4 ANC external genitive marker	06_sov_gn_ac_d_ep	sov	gn	nom-acc	deranking	erg-poss	sov	SV	APV	100	0	0.0
5_4_anc_ext_gen_marker	30_5_4_anc_ext_gen_marker	fig:heatmap-30-anc-ext-gen-marker	5.4 ANC external genitive marker	07_sov_gn_ac_d_no	sov	gn	nom-acc	deranking	nomn	sov	SV	APV	100	0	0.0
5_4_anc_ext_gen_marker	30_5_4_anc_ext_gen_marker	fig:heatmap-30-anc-ext-gen-marker	5.4 ANC external genitive marker	08_sov_gn_er_b_se	sov	gn	erg-abs	balancing	sent	sov	SV	APV	100	0	0.0
5_4_anc_ext_gen_marker	30_5_4_anc_ext_gen_marker	fig:heatmap-30-anc-ext-gen-marker	5.4 ANC external genitive marker	09_sov_gn_er_b_pa	sov	gn	erg-abs	balancing	poss-acc	sov	SV	APV	100	0	0.0
5_4_anc_ext_gen_marker	30_5_4_anc_ext_gen_marker	fig:heatmap-30-anc-ext-gen-marker	5.4 ANC external genitive marker	10_sov_gn_er_b_ep	sov	gn	erg-abs	balancing	erg-poss	sov	SV	APV	100	0	0.0
5_4_anc_ext_gen_marker	30_5_4_anc_ext_gen_marker	fig:heatmap-30-anc-ext-gen-marker	5.4 ANC external genitive marker	11_sov_gn_er_b_no	sov	gn	erg-abs	balancing	nomn	sov	SV	APV	100	0	0.0
5_4_anc_ext_gen_marker	30_5_4_anc_ext_gen_marker	fig:heatmap-30-anc-ext-gen-marker	5.4 ANC external genitive marker	12_sov_gn_er_d_se	sov	gn	erg-abs	deranking	sent	sov	SV	APV	100	0	0.0
5_4_anc_ext_gen_marker	30_5_4_anc_ext_gen_marker	fig:heatmap-30-anc-ext-gen-marker	5.4 ANC external genitive marker	13_sov_gn_er_d_pa	sov	gn	erg-abs	deranking	poss-acc	sov	SV	APV	100	0	0.0
5_4_anc_ext_gen_marker	30_5_4_anc_ext_gen_marker	fig:heatmap-30-anc-ext-gen-marker	5.4 ANC external genitive marker	14_sov_gn_er_d_ep	sov	gn	erg-abs	deranking	erg-poss	sov	SV	APV	100	0	0.0
5_4_anc_ext_gen_marker	30_5_4_anc_ext_gen_marker	fig:heatmap-30-anc-ext-gen-marker	5.4 ANC external genitive marker	15_sov_gn_er_d_no	sov	gn	erg-abs	deranking	nomn	sov	SV	APV	100	0	0.0
5_4_anc_ext_gen_marker	30_5_4_anc_ext_gen_marker	fig:heatmap-30-anc-ext-gen-marker	5.4 ANC external genitive marker	16_sov_ng_ac_b_se	sov	ng	nom-acc	balancing	sent	sov	SV	APV	100	22	0.22
5_4_anc_ext_gen_marker	30_5_4_anc_ext_gen_marker	fig:heatmap-30-anc-ext-gen-marker	5.4 ANC external genitive marker	17_sov_ng_ac_b_pa	sov	ng	nom-acc	balancing	poss-acc	ovs	VS	PVA	100	0	0.0
5_4_anc_ext_gen_marker	30_5_4_anc_ext_gen_marker	fig:heatmap-30-anc-ext-gen-marker	5.4 ANC external genitive marker	18_sov_ng_ac_b_ep	sov	ng	nom-acc	balancing	erg-poss	vos	VS	AVP	100	0	0.0
5_4_anc_ext_gen_marker	30_5_4_anc_ext_gen_marker	fig:heatmap-30-anc-ext-gen-marker	5.4 ANC external genitive marker	19_sov_ng_ac_b_no	sov	ng	nom-acc	balancing	nomn	ovs	VS	PVA	100	0	0.0
5_4_anc_ext_gen_marker	30_5_4_anc_ext_gen_marker	fig:heatmap-30-anc-ext-gen-marker	5.4 ANC external genitive marker	20_sov_ng_ac_d_se	sov	ng	nom-acc	deranking	sent	sov	SV	APV	100	22	0.22
5_4_anc_ext_gen_marker	30_5_4_anc_ext_gen_marker	fig:heatmap-30-anc-ext-gen-marker	5.4 ANC external genitive marker	21_sov_ng_ac_d_pa	sov	ng	nom-acc	deranking	poss-acc	ovs	VS	PVA	100	0	0.0
5_4_anc_ext_gen_marker	30_5_4_anc_ext_gen_marker	fig:heatmap-30-anc-ext-gen-marker	5.4 ANC external genitive marker	22_sov_ng_ac_d_ep	sov	ng	nom-acc	deranking	erg-poss	vos	VS	AVP	100	0	0.0
5_4_anc_ext_gen_marker	30_5_4_anc_ext_gen_marker	fig:heatmap-30-anc-ext-gen-marker	5.4 ANC external genitive marker	23_sov_ng_ac_d_no	sov	ng	nom-acc	deranking	nomn	ovs	VS	PVA	100	0	0.0
5_4_anc_ext_gen_marker	30_5_4_anc_ext_gen_marker	fig:heatmap-30-anc-ext-gen-marker	5.4 ANC external genitive marker	24_sov_ng_er_b_se	sov	ng	erg-abs	balancing	sent	sov	SV	APV	100	51	0.51
5_4_anc_ext_gen_marker	30_5_4_anc_ext_gen_marker	fig:heatmap-30-anc-ext-gen-marker	5.4 ANC external genitive marker	25_sov_ng_er_b_pa	sov	ng	erg-abs	balancing	poss-acc	ovs	VS	PVA	100	1	0.01
5_4_anc_ext_gen_marker	30_5_4_anc_ext_gen_marker	fig:heatmap-30-anc-ext-gen-marker	5.4 ANC external genitive marker	26_sov_ng_er_b_ep	sov	ng	erg-abs	balancing	erg-poss	vos	VS	AVP	100	1	0.01
5_4_anc_ext_gen_marker	30_5_4_anc_ext_gen_marker	fig:heatmap-30-anc-ext-gen-marker	5.4 ANC external genitive marker	27_sov_ng_er_b_no	sov	ng	erg-abs	balancing	nomn	ovs	VS	PVA	100	1	0.01
5_4_anc_ext_gen_marker	30_5_4_anc_ext_gen_marker	fig:heatmap-30-anc-ext-gen-marker	5.4 ANC external genitive marker	28_sov_ng_er_d_se	sov	ng	erg-abs	deranking	sent	sov	SV	APV	100	51	0.51
5_4_anc_ext_gen_marker	30_5_4_anc_ext_gen_marker	fig:heatmap-30-anc-ext-gen-marker	5.4 ANC external genitive marker	29_sov_ng_er_d_pa	sov	ng	erg-abs	deranking	poss-acc	ovs	VS	PVA	100	1	0.01
5_4_anc_ext_gen_marker	30_5_4_anc_ext_gen_marker	fig:heatmap-30-anc-ext-gen-marker	5.4 ANC external genitive marker	30_sov_ng_er_d_ep	sov	ng	erg-abs	deranking	erg-poss	vos	VS	AVP	100	1	0.01
5_4_anc_ext_gen_marker	30_5_4_anc_ext_gen_marker	fig:heatmap-30-anc-ext-gen-marker	5.4 ANC external genitive marker	31_sov_ng_er_d_no	sov	ng	erg-abs	deranking	nomn	ovs	VS	PVA	100	1	0.01
5_4_anc_ext_gen_marker	30_5_4_anc_ext_gen_marker	fig:heatmap-30-anc-ext-gen-marker	5.4 ANC external genitive marker	32_svo_gn_ac_b_se	svo	gn	nom-acc	balancing	sent	svo	SV	AVP	100	0	0.0
5_4_anc_ext_gen_marker	30_5_4_anc_ext_gen_marker	fig:heatmap-30-anc-ext-gen-marker	5.4 ANC external genitive marker	33_svo_gn_ac_b_pa	svo	gn	nom-acc	balancing	poss-acc	svo	SV	AVP	100	0	0.0
5_4_anc_ext_gen_marker	30_5_4_anc_ext_gen_marker	fig:heatmap-30-anc-ext-gen-marker	5.4 ANC external genitive marker	34_svo_gn_ac_b_ep	svo	gn	nom-acc	balancing	erg-poss	sov	SV	PVA	100	0	0.0
5_4_anc_ext_gen_marker	30_5_4_anc_ext_gen_marker	fig:heatmap-30-anc-ext-gen-marker	5.4 ANC external genitive marker	35_svo_gn_ac_b_no	svo	gn	nom-acc	balancing	nomn	svo	SV	AVP	100	0	0.0
5_4_anc_ext_gen_marker	30_5_4_anc_ext_gen_marker	fig:heatmap-30-anc-ext-gen-marker	5.4 ANC external genitive marker	36_svo_gn_ac_d_se	svo	gn	nom-acc	deranking	sent	svo	SV	AVP	100	0	0.0
5_4_anc_ext_gen_marker	30_5_4_anc_ext_gen_marker	fig:heatmap-30-anc-ext-gen-marker	5.4 ANC external genitive marker	37_svo_gn_ac_d_pa	svo	gn	nom-acc	deranking	poss-acc	svo	SV	AVP	100	0	0.0
5_4_anc_ext_gen_marker	30_5_4_anc_ext_gen_marker	fig:heatmap-30-anc-ext-gen-marker	5.4 ANC external genitive marker	38_svo_gn_ac_d_ep	svo	gn	nom-acc	deranking	erg-poss	sov	SV	PVA	100	0	0.0
5_4_anc_ext_gen_marker	30_5_4_anc_ext_gen_marker	fig:heatmap-30-anc-ext-gen-marker	5.4 ANC external genitive marker	39_svo_gn_ac_d_no	svo	gn	nom-acc	deranking	nomn	svo	SV	AVP	100	0	0.0
5_4_anc_ext_gen_marker	30_5_4_anc_ext_gen_marker	fig:heatmap-30-anc-ext-gen-marker	5.4 ANC external genitive marker	40_svo_gn_er_b_se	svo	gn	erg-abs	balancing	sent	svo	SV	AVP	100	0	0.0
5_4_anc_ext_gen_marker	30_5_4_anc_ext_gen_marker	fig:heatmap-30-anc-ext-gen-marker	5.4 ANC external genitive marker	41_svo_gn_er_b_pa	svo	gn	erg-abs	balancing	poss-acc	svo	SV	AVP	100	0	0.0
5_4_anc_ext_gen_marker	30_5_4_anc_ext_gen_marker	fig:heatmap-30-anc-ext-gen-marker	5.4 ANC external genitive marker	42_svo_gn_er_b_ep	svo	gn	erg-abs	balancing	erg-poss	sov	SV	PVA	100	0	0.0
5_4_anc_ext_gen_marker	30_5_4_anc_ext_gen_marker	fig:heatmap-30-anc-ext-gen-marker	5.4 ANC external genitive marker	43_svo_gn_er_b_no	svo	gn	erg-abs	balancing	nomn	svo	SV	AVP	100	0	0.0
5_4_anc_ext_gen_marker	30_5_4_anc_ext_gen_marker	fig:heatmap-30-anc-ext-gen-marker	5.4 ANC external genitive marker	44_svo_gn_er_d_se	svo	gn	erg-abs	deranking	sent	svo	SV	AVP	100	0	0.0
5_4_anc_ext_gen_marker	30_5_4_anc_ext_gen_marker	fig:heatmap-30-anc-ext-gen-marker	5.4 ANC external genitive marker	45_svo_gn_er_d_pa	svo	gn	erg-abs	deranking	poss-acc	svo	SV	AVP	100	0	0.0
5_4_anc_ext_gen_marker	30_5_4_anc_ext_gen_marker	fig:heatmap-30-anc-ext-gen-marker	5.4 ANC external genitive marker	46_svo_gn_er_d_ep	svo	gn	erg-abs	deranking	erg-poss	sov	SV	PVA	100	0	0.0
5_4_anc_ext_gen_marker	30_5_4_anc_ext_gen_marker	fig:heatmap-30-anc-ext-gen-marker	5.4 ANC external genitive marker	47_svo_gn_er_d_no	svo	gn	erg-abs	deranking	nomn	svo	SV	AVP	100	0	0.0
5_4_anc_ext_gen_marker	30_5_4_anc_ext_gen_marker	fig:heatmap-30-anc-ext-gen-marker	5.4 ANC external genitive marker	48_svo_ng_ac_b_se	svo	ng	nom-acc	balancing	sent	svo	SV	AVP	100	22	0.22
5_4_anc_ext_gen_marker	30_5_4_anc_ext_gen_marker	fig:heatmap-30-anc-ext-gen-marker	5.4 ANC external genitive marker	49_svo_ng_ac_b_pa	svo	ng	nom-acc	balancing	poss-acc	vos	VS	VPA	100	0	0.0
5_4_anc_ext_gen_marker	30_5_4_anc_ext_gen_marker	fig:heatmap-30-anc-ext-gen-marker	5.4 ANC external genitive marker	50_svo_ng_ac_b_ep	svo	ng	nom-acc	balancing	erg-poss	vos	VS	VPA	100	0	0.0
5_4_anc_ext_gen_marker	30_5_4_anc_ext_gen_marker	fig:heatmap-30-anc-ext-gen-marker	5.4 ANC external genitive marker	51_svo_ng_ac_b_no	svo	ng	nom-acc	balancing	nomn	vos	VS	VPA	100	0	0.0
5_4_anc_ext_gen_marker	30_5_4_anc_ext_gen_marker	fig:heatmap-30-anc-ext-gen-marker	5.4 ANC external genitive marker	52_svo_ng_ac_d_se	svo	ng	nom-acc	deranking	sent	svo	SV	AVP	100	22	0.22
5_4_anc_ext_gen_marker	30_5_4_anc_ext_gen_marker	fig:heatmap-30-anc-ext-gen-marker	5.4 ANC external genitive marker	53_svo_ng_ac_d_pa	svo	ng	nom-acc	deranking	poss-acc	vos	VS	VPA	100	0	0.0
5_4_anc_ext_gen_marker	30_5_4_anc_ext_gen_marker	fig:heatmap-30-anc-ext-gen-marker	5.4 ANC external genitive marker	54_svo_ng_ac_d_ep	svo	ng	nom-acc	deranking	erg-poss	vos	VS	VPA	100	0	0.0
5_4_anc_ext_gen_marker	30_5_4_anc_ext_gen_marker	fig:heatmap-30-anc-ext-gen-marker	5.4 ANC external genitive marker	55_svo_ng_ac_d_no	svo	ng	nom-acc	deranking	nomn	vos	VS	VPA	100	0	0.0
5_4_anc_ext_gen_marker	30_5_4_anc_ext_gen_marker	fig:heatmap-30-anc-ext-gen-marker	5.4 ANC external genitive marker	56_svo_ng_er_b_se	svo	ng	erg-abs	balancing	sent	svo	SV	AVP	100	26	0.26
5_4_anc_ext_gen_marker	30_5_4_anc_ext_gen_marker	fig:heatmap-30-anc-ext-gen-marker	5.4 ANC external genitive marker	57_svo_ng_er_b_pa	svo	ng	erg-abs	balancing	poss-acc	vos	VS	VPA	100	0	0.0
5_4_anc_ext_gen_marker	30_5_4_anc_ext_gen_marker	fig:heatmap-30-anc-ext-gen-marker	5.4 ANC external genitive marker	58_svo_ng_er_b_ep	svo	ng	erg-abs	balancing	erg-poss	vos	VS	VPA	100	0	0.0
5_4_anc_ext_gen_marker	30_5_4_anc_ext_gen_marker	fig:heatmap-30-anc-ext-gen-marker	5.4 ANC external genitive marker	59_svo_ng_er_b_no	svo	ng	erg-abs	balancing	nomn	vos	VS	VPA	100	0	0.0
5_4_anc_ext_gen_marker	30_5_4_anc_ext_gen_marker	fig:heatmap-30-anc-ext-gen-marker	5.4 ANC external genitive marker	60_svo_ng_er_d_se	svo	ng	erg-abs	deranking	sent	svo	SV	AVP	100	26	0.26
5_4_anc_ext_gen_marker	30_5_4_anc_ext_gen_marker	fig:heatmap-30-anc-ext-gen-marker	5.4 ANC external genitive marker	61_svo_ng_er_d_pa	svo	ng	erg-abs	deranking	poss-acc	vos	VS	VPA	100	0	0.0
5_4_anc_ext_gen_marker	30_5_4_anc_ext_gen_marker	fig:heatmap-30-anc-ext-gen-marker	5.4 ANC external genitive marker	62_svo_ng_er_d_ep	svo	ng	erg-abs	deranking	erg-poss	vos	VS	VPA	100	0	0.0
5_4_anc_ext_gen_marker	30_5_4_anc_ext_gen_marker	fig:heatmap-30-anc-ext-gen-marker	5.4 ANC external genitive marker	63_svo_ng_er_d_no	svo	ng	erg-abs	deranking	nomn	vos	VS	VPA	100	0	0.0
5_4_anc_ext_gen_marker	30_5_4_anc_ext_gen_marker	fig:heatmap-30-anc-ext-gen-marker	5.4 ANC external genitive marker	64_vos_gn_ac_b_se	vos	gn	nom-acc	balancing	sent	vos	VS	VPA	100	22	0.22
5_4_anc_ext_gen_marker	30_5_4_anc_ext_gen_marker	fig:heatmap-30-anc-ext-gen-marker	5.4 ANC external genitive marker	65_vos_gn_ac_b_pa	vos	gn	nom-acc	balancing	poss-acc	svo	SV	AVP	100	0	0.0
5_4_anc_ext_gen_marker	30_5_4_anc_ext_gen_marker	fig:heatmap-30-anc-ext-gen-marker	5.4 ANC external genitive marker	66_vos_gn_ac_b_ep	vos	gn	nom-acc	balancing	erg-poss	sov	SV	PVA	100	0	0.0
5_4_anc_ext_gen_marker	30_5_4_anc_ext_gen_marker	fig:heatmap-30-anc-ext-gen-marker	5.4 ANC external genitive marker	67_vos_gn_ac_b_no	vos	gn	nom-acc	balancing	nomn	svo	SV	AVP	100	0	0.0
5_4_anc_ext_gen_marker	30_5_4_anc_ext_gen_marker	fig:heatmap-30-anc-ext-gen-marker	5.4 ANC external genitive marker	68_vos_gn_ac_d_se	vos	gn	nom-acc	deranking	sent	vos	VS	VPA	100	22	0.22
5_4_anc_ext_gen_marker	30_5_4_anc_ext_gen_marker	fig:heatmap-30-anc-ext-gen-marker	5.4 ANC external genitive marker	69_vos_gn_ac_d_pa	vos	gn	nom-acc	deranking	poss-acc	svo	SV	AVP	100	0	0.0
5_4_anc_ext_gen_marker	30_5_4_anc_ext_gen_marker	fig:heatmap-30-anc-ext-gen-marker	5.4 ANC external genitive marker	70_vos_gn_ac_d_ep	vos	gn	nom-acc	deranking	erg-poss	sov	SV	PVA	100	0	0.0
5_4_anc_ext_gen_marker	30_5_4_anc_ext_gen_marker	fig:heatmap-30-anc-ext-gen-marker	5.4 ANC external genitive marker	71_vos_gn_ac_d_no	vos	gn	nom-acc	deranking	nomn	svo	SV	AVP	100	0	0.0
5_4_anc_ext_gen_marker	30_5_4_anc_ext_gen_marker	fig:heatmap-30-anc-ext-gen-marker	5.4 ANC external genitive marker	72_vos_gn_er_b_se	vos	gn	erg-abs	balancing	sent	vos	VS	VPA	100	51	0.51
5_4_anc_ext_gen_marker	30_5_4_anc_ext_gen_marker	fig:heatmap-30-anc-ext-gen-marker	5.4 ANC external genitive marker	73_vos_gn_er_b_pa	vos	gn	erg-abs	balancing	poss-acc	svo	SV	AVP	100	1	0.01
5_4_anc_ext_gen_marker	30_5_4_anc_ext_gen_marker	fig:heatmap-30-anc-ext-gen-marker	5.4 ANC external genitive marker	74_vos_gn_er_b_ep	vos	gn	erg-abs	balancing	erg-poss	sov	SV	PVA	100	1	0.01
5_4_anc_ext_gen_marker	30_5_4_anc_ext_gen_marker	fig:heatmap-30-anc-ext-gen-marker	5.4 ANC external genitive marker	75_vos_gn_er_b_no	vos	gn	erg-abs	balancing	nomn	svo	SV	AVP	100	1	0.01
5_4_anc_ext_gen_marker	30_5_4_anc_ext_gen_marker	fig:heatmap-30-anc-ext-gen-marker	5.4 ANC external genitive marker	76_vos_gn_er_d_se	vos	gn	erg-abs	deranking	sent	vos	VS	VPA	100	51	0.51
5_4_anc_ext_gen_marker	30_5_4_anc_ext_gen_marker	fig:heatmap-30-anc-ext-gen-marker	5.4 ANC external genitive marker	77_vos_gn_er_d_pa	vos	gn	erg-abs	deranking	poss-acc	svo	SV	AVP	100	1	0.01
5_4_anc_ext_gen_marker	30_5_4_anc_ext_gen_marker	fig:heatmap-30-anc-ext-gen-marker	5.4 ANC external genitive marker	78_vos_gn_er_d_ep	vos	gn	erg-abs	deranking	erg-poss	sov	SV	PVA	100	1	0.01
5_4_anc_ext_gen_marker	30_5_4_anc_ext_gen_marker	fig:heatmap-30-anc-ext-gen-marker	5.4 ANC external genitive marker	79_vos_gn_er_d_no	vos	gn	erg-abs	deranking	nomn	svo	SV	AVP	100	1	0.01
5_4_anc_ext_gen_marker	30_5_4_anc_ext_gen_marker	fig:heatmap-30-anc-ext-gen-marker	5.4 ANC external genitive marker	80_vos_ng_ac_b_se	vos	ng	nom-acc	balancing	sent	vos	VS	VPA	100	0	0.0
5_4_anc_ext_gen_marker	30_5_4_anc_ext_gen_marker	fig:heatmap-30-anc-ext-gen-marker	5.4 ANC external genitive marker	81_vos_ng_ac_b_pa	vos	ng	nom-acc	balancing	poss-acc	vos	VS	VPA	100	0	0.0
5_4_anc_ext_gen_marker	30_5_4_anc_ext_gen_marker	fig:heatmap-30-anc-ext-gen-marker	5.4 ANC external genitive marker	82_vos_ng_ac_b_ep	vos	ng	nom-acc	balancing	erg-poss	vos	VS	VPA	100	0	0.0
5_4_anc_ext_gen_marker	30_5_4_anc_ext_gen_marker	fig:heatmap-30-anc-ext-gen-marker	5.4 ANC external genitive marker	83_vos_ng_ac_b_no	vos	ng	nom-acc	balancing	nomn	vos	VS	VPA	100	0	0.0
5_4_anc_ext_gen_marker	30_5_4_anc_ext_gen_marker	fig:heatmap-30-anc-ext-gen-marker	5.4 ANC external genitive marker	84_vos_ng_ac_d_se	vos	ng	nom-acc	deranking	sent	vos	VS	VPA	100	0	0.0
5_4_anc_ext_gen_marker	30_5_4_anc_ext_gen_marker	fig:heatmap-30-anc-ext-gen-marker	5.4 ANC external genitive marker	85_vos_ng_ac_d_pa	vos	ng	nom-acc	deranking	poss-acc	vos	VS	VPA	100	0	0.0
5_4_anc_ext_gen_marker	30_5_4_anc_ext_gen_marker	fig:heatmap-30-anc-ext-gen-marker	5.4 ANC external genitive marker	86_vos_ng_ac_d_ep	vos	ng	nom-acc	deranking	erg-poss	vos	VS	VPA	100	0	0.0
5_4_anc_ext_gen_marker	30_5_4_anc_ext_gen_marker	fig:heatmap-30-anc-ext-gen-marker	5.4 ANC external genitive marker	87_vos_ng_ac_d_no	vos	ng	nom-acc	deranking	nomn	vos	VS	VPA	100	0	0.0
5_4_anc_ext_gen_marker	30_5_4_anc_ext_gen_marker	fig:heatmap-30-anc-ext-gen-marker	5.4 ANC external genitive marker	88_vos_ng_er_b_se	vos	ng	erg-abs	balancing	sent	vos	VS	VPA	100	0	0.0
5_4_anc_ext_gen_marker	30_5_4_anc_ext_gen_marker	fig:heatmap-30-anc-ext-gen-marker	5.4 ANC external genitive marker	89_vos_ng_er_b_pa	vos	ng	erg-abs	balancing	poss-acc	vos	VS	VPA	100	0	0.0
5_4_anc_ext_gen_marker	30_5_4_anc_ext_gen_marker	fig:heatmap-30-anc-ext-gen-marker	5.4 ANC external genitive marker	90_vos_ng_er_b_ep	vos	ng	erg-abs	balancing	erg-poss	vos	VS	VPA	100	0	0.0
5_4_anc_ext_gen_marker	30_5_4_anc_ext_gen_marker	fig:heatmap-30-anc-ext-gen-marker	5.4 ANC external genitive marker	91_vos_ng_er_b_no	vos	ng	erg-abs	balancing	nomn	vos	VS	VPA	100	0	0.0
5_4_anc_ext_gen_marker	30_5_4_anc_ext_gen_marker	fig:heatmap-30-anc-ext-gen-marker	5.4 ANC external genitive marker	92_vos_ng_er_d_se	vos	ng	erg-abs	deranking	sent	vos	VS	VPA	100	0	0.0
5_4_anc_ext_gen_marker	30_5_4_anc_ext_gen_marker	fig:heatmap-30-anc-ext-gen-marker	5.4 ANC external genitive marker	93_vos_ng_er_d_pa	vos	ng	erg-abs	deranking	poss-acc	vos	VS	VPA	100	0	0.0
5_4_anc_ext_gen_marker	30_5_4_anc_ext_gen_marker	fig:heatmap-30-anc-ext-gen-marker	5.4 ANC external genitive marker	94_vos_ng_er_d_ep	vos	ng	erg-abs	deranking	erg-poss	vos	VS	VPA	100	0	0.0
5_4_anc_ext_gen_marker	30_5_4_anc_ext_gen_marker	fig:heatmap-30-anc-ext-gen-marker	5.4 ANC external genitive marker	95_vos_ng_er_d_no	vos	ng	erg-abs	deranking	nomn	vos	VS	VPA	100	0	0.0
6_1_anc_omit_S	31_6_1_anc_omit_S	fig:heatmap-31-anc-omit-s	6.1 ANC omitted S	00_sov_gn_ac_b_se	sov	gn	nom-acc	balancing	sent	sov	SV	APV	100	3	0.03
6_1_anc_omit_S	31_6_1_anc_omit_S	fig:heatmap-31-anc-omit-s	6.1 ANC omitted S	01_sov_gn_ac_b_pa	sov	gn	nom-acc	balancing	poss-acc	sov	SV	APV	100	3	0.03
6_1_anc_omit_S	31_6_1_anc_omit_S	fig:heatmap-31-anc-omit-s	6.1 ANC omitted S	02_sov_gn_ac_b_ep	sov	gn	nom-acc	balancing	erg-poss	sov	SV	APV	100	3	0.03
6_1_anc_omit_S	31_6_1_anc_omit_S	fig:heatmap-31-anc-omit-s	6.1 ANC omitted S	03_sov_gn_ac_b_no	sov	gn	nom-acc	balancing	nomn	sov	SV	APV	100	3	0.03
6_1_anc_omit_S	31_6_1_anc_omit_S	fig:heatmap-31-anc-omit-s	6.1 ANC omitted S	04_sov_gn_ac_d_se	sov	gn	nom-acc	deranking	sent	sov	SV	APV	100	1	0.01
6_1_anc_omit_S	31_6_1_anc_omit_S	fig:heatmap-31-anc-omit-s	6.1 ANC omitted S	05_sov_gn_ac_d_pa	sov	gn	nom-acc	deranking	poss-acc	sov	SV	APV	100	1	0.01
6_1_anc_omit_S	31_6_1_anc_omit_S	fig:heatmap-31-anc-omit-s	6.1 ANC omitted S	06_sov_gn_ac_d_ep	sov	gn	nom-acc	deranking	erg-poss	sov	SV	APV	100	1	0.01
6_1_anc_omit_S	31_6_1_anc_omit_S	fig:heatmap-31-anc-omit-s	6.1 ANC omitted S	07_sov_gn_ac_d_no	sov	gn	nom-acc	deranking	nomn	sov	SV	APV	100	1	0.01
6_1_anc_omit_S	31_6_1_anc_omit_S	fig:heatmap-31-anc-omit-s	6.1 ANC omitted S	08_sov_gn_er_b_se	sov	gn	erg-abs	balancing	sent	sov	SV	APV	100	20	0.2
6_1_anc_omit_S	31_6_1_anc_omit_S	fig:heatmap-31-anc-omit-s	6.1 ANC omitted S	09_sov_gn_er_b_pa	sov	gn	erg-abs	balancing	poss-acc	sov	SV	APV	100	20	0.2
6_1_anc_omit_S	31_6_1_anc_omit_S	fig:heatmap-31-anc-omit-s	6.1 ANC omitted S	10_sov_gn_er_b_ep	sov	gn	erg-abs	balancing	erg-poss	sov	SV	APV	100	20	0.2
6_1_anc_omit_S	31_6_1_anc_omit_S	fig:heatmap-31-anc-omit-s	6.1 ANC omitted S	11_sov_gn_er_b_no	sov	gn	erg-abs	balancing	nomn	sov	SV	APV	100	20	0.2
6_1_anc_omit_S	31_6_1_anc_omit_S	fig:heatmap-31-anc-omit-s	6.1 ANC omitted S	12_sov_gn_er_d_se	sov	gn	erg-abs	deranking	sent	sov	SV	APV	100	20	0.2
6_1_anc_omit_S	31_6_1_anc_omit_S	fig:heatmap-31-anc-omit-s	6.1 ANC omitted S	13_sov_gn_er_d_pa	sov	gn	erg-abs	deranking	poss-acc	sov	SV	APV	100	20	0.2
6_1_anc_omit_S	31_6_1_anc_omit_S	fig:heatmap-31-anc-omit-s	6.1 ANC omitted S	14_sov_gn_er_d_ep	sov	gn	erg-abs	deranking	erg-poss	sov	SV	APV	100	20	0.2
6_1_anc_omit_S	31_6_1_anc_omit_S	fig:heatmap-31-anc-omit-s	6.1 ANC omitted S	15_sov_gn_er_d_no	sov	gn	erg-abs	deranking	nomn	sov	SV	APV	100	20	0.2
6_1_anc_omit_S	31_6_1_anc_omit_S	fig:heatmap-31-anc-omit-s	6.1 ANC omitted S	16_sov_ng_ac_b_se	sov	ng	nom-acc	balancing	sent	sov	SV	APV	100	3	0.03
6_1_anc_omit_S	31_6_1_anc_omit_S	fig:heatmap-31-anc-omit-s	6.1 ANC omitted S	17_sov_ng_ac_b_pa	sov	ng	nom-acc	balancing	poss-acc	ovs	VS	PVA	100	3	0.03
6_1_anc_omit_S	31_6_1_anc_omit_S	fig:heatmap-31-anc-omit-s	6.1 ANC omitted S	18_sov_ng_ac_b_ep	sov	ng	nom-acc	balancing	erg-poss	vos	VS	AVP	100	3	0.03
6_1_anc_omit_S	31_6_1_anc_omit_S	fig:heatmap-31-anc-omit-s	6.1 ANC omitted S	19_sov_ng_ac_b_no	sov	ng	nom-acc	balancing	nomn	ovs	VS	PVA	100	3	0.03
6_1_anc_omit_S	31_6_1_anc_omit_S	fig:heatmap-31-anc-omit-s	6.1 ANC omitted S	20_sov_ng_ac_d_se	sov	ng	nom-acc	deranking	sent	sov	SV	APV	100	1	0.01
6_1_anc_omit_S	31_6_1_anc_omit_S	fig:heatmap-31-anc-omit-s	6.1 ANC omitted S	21_sov_ng_ac_d_pa	sov	ng	nom-acc	deranking	poss-acc	ovs	VS	PVA	100	1	0.01
6_1_anc_omit_S	31_6_1_anc_omit_S	fig:heatmap-31-anc-omit-s	6.1 ANC omitted S	22_sov_ng_ac_d_ep	sov	ng	nom-acc	deranking	erg-poss	vos	VS	AVP	100	1	0.01
6_1_anc_omit_S	31_6_1_anc_omit_S	fig:heatmap-31-anc-omit-s	6.1 ANC omitted S	23_sov_ng_ac_d_no	sov	ng	nom-acc	deranking	nomn	ovs	VS	PVA	100	1	0.01
6_1_anc_omit_S	31_6_1_anc_omit_S	fig:heatmap-31-anc-omit-s	6.1 ANC omitted S	24_sov_ng_er_b_se	sov	ng	erg-abs	balancing	sent	sov	SV	APV	100	22	0.22
6_1_anc_omit_S	31_6_1_anc_omit_S	fig:heatmap-31-anc-omit-s	6.1 ANC omitted S	25_sov_ng_er_b_pa	sov	ng	erg-abs	balancing	poss-acc	ovs	VS	PVA	100	22	0.22
6_1_anc_omit_S	31_6_1_anc_omit_S	fig:heatmap-31-anc-omit-s	6.1 ANC omitted S	26_sov_ng_er_b_ep	sov	ng	erg-abs	balancing	erg-poss	vos	VS	AVP	100	22	0.22
6_1_anc_omit_S	31_6_1_anc_omit_S	fig:heatmap-31-anc-omit-s	6.1 ANC omitted S	27_sov_ng_er_b_no	sov	ng	erg-abs	balancing	nomn	ovs	VS	PVA	100	22	0.22
6_1_anc_omit_S	31_6_1_anc_omit_S	fig:heatmap-31-anc-omit-s	6.1 ANC omitted S	28_sov_ng_er_d_se	sov	ng	erg-abs	deranking	sent	sov	SV	APV	100	20	0.2
6_1_anc_omit_S	31_6_1_anc_omit_S	fig:heatmap-31-anc-omit-s	6.1 ANC omitted S	29_sov_ng_er_d_pa	sov	ng	erg-abs	deranking	poss-acc	ovs	VS	PVA	100	20	0.2
6_1_anc_omit_S	31_6_1_anc_omit_S	fig:heatmap-31-anc-omit-s	6.1 ANC omitted S	30_sov_ng_er_d_ep	sov	ng	erg-abs	deranking	erg-poss	vos	VS	AVP	100	20	0.2
6_1_anc_omit_S	31_6_1_anc_omit_S	fig:heatmap-31-anc-omit-s	6.1 ANC omitted S	31_sov_ng_er_d_no	sov	ng	erg-abs	deranking	nomn	ovs	VS	PVA	100	20	0.2
6_1_anc_omit_S	31_6_1_anc_omit_S	fig:heatmap-31-anc-omit-s	6.1 ANC omitted S	32_svo_gn_ac_b_se	svo	gn	nom-acc	balancing	sent	svo	SV	AVP	100	1	0.01
6_1_anc_omit_S	31_6_1_anc_omit_S	fig:heatmap-31-anc-omit-s	6.1 ANC omitted S	33_svo_gn_ac_b_pa	svo	gn	nom-acc	balancing	poss-acc	svo	SV	AVP	100	1	0.01
6_1_anc_omit_S	31_6_1_anc_omit_S	fig:heatmap-31-anc-omit-s	6.1 ANC omitted S	34_svo_gn_ac_b_ep	svo	gn	nom-acc	balancing	erg-poss	sov	SV	PVA	100	1	0.01
6_1_anc_omit_S	31_6_1_anc_omit_S	fig:heatmap-31-anc-omit-s	6.1 ANC omitted S	35_svo_gn_ac_b_no	svo	gn	nom-acc	balancing	nomn	svo	SV	AVP	100	1	0.01
6_1_anc_omit_S	31_6_1_anc_omit_S	fig:heatmap-31-anc-omit-s	6.1 ANC omitted S	36_svo_gn_ac_d_se	svo	gn	nom-acc	deranking	sent	svo	SV	AVP	100	1	0.01
6_1_anc_omit_S	31_6_1_anc_omit_S	fig:heatmap-31-anc-omit-s	6.1 ANC omitted S	37_svo_gn_ac_d_pa	svo	gn	nom-acc	deranking	poss-acc	svo	SV	AVP	100	1	0.01
6_1_anc_omit_S	31_6_1_anc_omit_S	fig:heatmap-31-anc-omit-s	6.1 ANC omitted S	38_svo_gn_ac_d_ep	svo	gn	nom-acc	deranking	erg-poss	sov	SV	PVA	100	1	0.01
6_1_anc_omit_S	31_6_1_anc_omit_S	fig:heatmap-31-anc-omit-s	6.1 ANC omitted S	39_svo_gn_ac_d_no	svo	gn	nom-acc	deranking	nomn	svo	SV	AVP	100	1	0.01
6_1_anc_omit_S	31_6_1_anc_omit_S	fig:heatmap-31-anc-omit-s	6.1 ANC omitted S	40_svo_gn_er_b_se	svo	gn	erg-abs	balancing	sent	svo	SV	AVP	100	20	0.2
6_1_anc_omit_S	31_6_1_anc_omit_S	fig:heatmap-31-anc-omit-s	6.1 ANC omitted S	41_svo_gn_er_b_pa	svo	gn	erg-abs	balancing	poss-acc	svo	SV	AVP	100	20	0.2
6_1_anc_omit_S	31_6_1_anc_omit_S	fig:heatmap-31-anc-omit-s	6.1 ANC omitted S	42_svo_gn_er_b_ep	svo	gn	erg-abs	balancing	erg-poss	sov	SV	PVA	100	20	0.2
6_1_anc_omit_S	31_6_1_anc_omit_S	fig:heatmap-31-anc-omit-s	6.1 ANC omitted S	43_svo_gn_er_b_no	svo	gn	erg-abs	balancing	nomn	svo	SV	AVP	100	20	0.2
6_1_anc_omit_S	31_6_1_anc_omit_S	fig:heatmap-31-anc-omit-s	6.1 ANC omitted S	44_svo_gn_er_d_se	svo	gn	erg-abs	deranking	sent	svo	SV	AVP	100	20	0.2
6_1_anc_omit_S	31_6_1_anc_omit_S	fig:heatmap-31-anc-omit-s	6.1 ANC omitted S	45_svo_gn_er_d_pa	svo	gn	erg-abs	deranking	poss-acc	svo	SV	AVP	100	20	0.2
6_1_anc_omit_S	31_6_1_anc_omit_S	fig:heatmap-31-anc-omit-s	6.1 ANC omitted S	46_svo_gn_er_d_ep	svo	gn	erg-abs	deranking	erg-poss	sov	SV	PVA	100	20	0.2
6_1_anc_omit_S	31_6_1_anc_omit_S	fig:heatmap-31-anc-omit-s	6.1 ANC omitted S	47_svo_gn_er_d_no	svo	gn	erg-abs	deranking	nomn	svo	SV	AVP	100	20	0.2
6_1_anc_omit_S	31_6_1_anc_omit_S	fig:heatmap-31-anc-omit-s	6.1 ANC omitted S	48_svo_ng_ac_b_se	svo	ng	nom-acc	balancing	sent	svo	SV	AVP	100	1	0.01
6_1_anc_omit_S	31_6_1_anc_omit_S	fig:heatmap-31-anc-omit-s	6.1 ANC omitted S	49_svo_ng_ac_b_pa	svo	ng	nom-acc	balancing	poss-acc	vos	VS	VPA	100	1	0.01
6_1_anc_omit_S	31_6_1_anc_omit_S	fig:heatmap-31-anc-omit-s	6.1 ANC omitted S	50_svo_ng_ac_b_ep	svo	ng	nom-acc	balancing	erg-poss	vos	VS	VPA	100	1	0.01
6_1_anc_omit_S	31_6_1_anc_omit_S	fig:heatmap-31-anc-omit-s	6.1 ANC omitted S	51_svo_ng_ac_b_no	svo	ng	nom-acc	balancing	nomn	vos	VS	VPA	100	1	0.01
6_1_anc_omit_S	31_6_1_anc_omit_S	fig:heatmap-31-anc-omit-s	6.1 ANC omitted S	52_svo_ng_ac_d_se	svo	ng	nom-acc	deranking	sent	svo	SV	AVP	100	1	0.01
6_1_anc_omit_S	31_6_1_anc_omit_S	fig:heatmap-31-anc-omit-s	6.1 ANC omitted S	53_svo_ng_ac_d_pa	svo	ng	nom-acc	deranking	poss-acc	vos	VS	VPA	100	1	0.01
6_1_anc_omit_S	31_6_1_anc_omit_S	fig:heatmap-31-anc-omit-s	6.1 ANC omitted S	54_svo_ng_ac_d_ep	svo	ng	nom-acc	deranking	erg-poss	vos	VS	VPA	100	1	0.01
6_1_anc_omit_S	31_6_1_anc_omit_S	fig:heatmap-31-anc-omit-s	6.1 ANC omitted S	55_svo_ng_ac_d_no	svo	ng	nom-acc	deranking	nomn	vos	VS	VPA	100	1	0.01
6_1_anc_omit_S	31_6_1_anc_omit_S	fig:heatmap-31-anc-omit-s	6.1 ANC omitted S	56_svo_ng_er_b_se	svo	ng	erg-abs	balancing	sent	svo	SV	AVP	100	20	0.2
6_1_anc_omit_S	31_6_1_anc_omit_S	fig:heatmap-31-anc-omit-s	6.1 ANC omitted S	57_svo_ng_er_b_pa	svo	ng	erg-abs	balancing	poss-acc	vos	VS	VPA	100	20	0.2
6_1_anc_omit_S	31_6_1_anc_omit_S	fig:heatmap-31-anc-omit-s	6.1 ANC omitted S	58_svo_ng_er_b_ep	svo	ng	erg-abs	balancing	erg-poss	vos	VS	VPA	100	20	0.2
6_1_anc_omit_S	31_6_1_anc_omit_S	fig:heatmap-31-anc-omit-s	6.1 ANC omitted S	59_svo_ng_er_b_no	svo	ng	erg-abs	balancing	nomn	vos	VS	VPA	100	20	0.2
6_1_anc_omit_S	31_6_1_anc_omit_S	fig:heatmap-31-anc-omit-s	6.1 ANC omitted S	60_svo_ng_er_d_se	svo	ng	erg-abs	deranking	sent	svo	SV	AVP	100	20	0.2
6_1_anc_omit_S	31_6_1_anc_omit_S	fig:heatmap-31-anc-omit-s	6.1 ANC omitted S	61_svo_ng_er_d_pa	svo	ng	erg-abs	deranking	poss-acc	vos	VS	VPA	100	20	0.2
6_1_anc_omit_S	31_6_1_anc_omit_S	fig:heatmap-31-anc-omit-s	6.1 ANC omitted S	62_svo_ng_er_d_ep	svo	ng	erg-abs	deranking	erg-poss	vos	VS	VPA	100	20	0.2
6_1_anc_omit_S	31_6_1_anc_omit_S	fig:heatmap-31-anc-omit-s	6.1 ANC omitted S	63_svo_ng_er_d_no	svo	ng	erg-abs	deranking	nomn	vos	VS	VPA	100	20	0.2
6_1_anc_omit_S	31_6_1_anc_omit_S	fig:heatmap-31-anc-omit-s	6.1 ANC omitted S	64_vos_gn_ac_b_se	vos	gn	nom-acc	balancing	sent	vos	VS	VPA	100	3	0.03
6_1_anc_omit_S	31_6_1_anc_omit_S	fig:heatmap-31-anc-omit-s	6.1 ANC omitted S	65_vos_gn_ac_b_pa	vos	gn	nom-acc	balancing	poss-acc	svo	SV	AVP	100	3	0.03
6_1_anc_omit_S	31_6_1_anc_omit_S	fig:heatmap-31-anc-omit-s	6.1 ANC omitted S	66_vos_gn_ac_b_ep	vos	gn	nom-acc	balancing	erg-poss	sov	SV	PVA	100	3	0.03
6_1_anc_omit_S	31_6_1_anc_omit_S	fig:heatmap-31-anc-omit-s	6.1 ANC omitted S	67_vos_gn_ac_b_no	vos	gn	nom-acc	balancing	nomn	svo	SV	AVP	100	3	0.03
6_1_anc_omit_S	31_6_1_anc_omit_S	fig:heatmap-31-anc-omit-s	6.1 ANC omitted S	68_vos_gn_ac_d_se	vos	gn	nom-acc	deranking	sent	vos	VS	VPA	100	1	0.01
6_1_anc_omit_S	31_6_1_anc_omit_S	fig:heatmap-31-anc-omit-s	6.1 ANC omitted S	69_vos_gn_ac_d_pa	vos	gn	nom-acc	deranking	poss-acc	svo	SV	AVP	100	1	0.01
6_1_anc_omit_S	31_6_1_anc_omit_S	fig:heatmap-31-anc-omit-s	6.1 ANC omitted S	70_vos_gn_ac_d_ep	vos	gn	nom-acc	deranking	erg-poss	sov	SV	PVA	100	1	0.01
6_1_anc_omit_S	31_6_1_anc_omit_S	fig:heatmap-31-anc-omit-s	6.1 ANC omitted S	71_vos_gn_ac_d_no	vos	gn	nom-acc	deranking	nomn	svo	SV	AVP	100	1	0.01
6_1_anc_omit_S	31_6_1_anc_omit_S	fig:heatmap-31-anc-omit-s	6.1 ANC omitted S	72_vos_gn_er_b_se	vos	gn	erg-abs	balancing	sent	vos	VS	VPA	100	22	0.22
6_1_anc_omit_S	31_6_1_anc_omit_S	fig:heatmap-31-anc-omit-s	6.1 ANC omitted S	73_vos_gn_er_b_pa	vos	gn	erg-abs	balancing	poss-acc	svo	SV	AVP	100	22	0.22
6_1_anc_omit_S	31_6_1_anc_omit_S	fig:heatmap-31-anc-omit-s	6.1 ANC omitted S	74_vos_gn_er_b_ep	vos	gn	erg-abs	balancing	erg-poss	sov	SV	PVA	100	22	0.22
6_1_anc_omit_S	31_6_1_anc_omit_S	fig:heatmap-31-anc-omit-s	6.1 ANC omitted S	75_vos_gn_er_b_no	vos	gn	erg-abs	balancing	nomn	svo	SV	AVP	100	22	0.22
6_1_anc_omit_S	31_6_1_anc_omit_S	fig:heatmap-31-anc-omit-s	6.1 ANC omitted S	76_vos_gn_er_d_se	vos	gn	erg-abs	deranking	sent	vos	VS	VPA	100	20	0.2
6_1_anc_omit_S	31_6_1_anc_omit_S	fig:heatmap-31-anc-omit-s	6.1 ANC omitted S	77_vos_gn_er_d_pa	vos	gn	erg-abs	deranking	poss-acc	svo	SV	AVP	100	20	0.2
6_1_anc_omit_S	31_6_1_anc_omit_S	fig:heatmap-31-anc-omit-s	6.1 ANC omitted S	78_vos_gn_er_d_ep	vos	gn	erg-abs	deranking	erg-poss	sov	SV	PVA	100	20	0.2
6_1_anc_omit_S	31_6_1_anc_omit_S	fig:heatmap-31-anc-omit-s	6.1 ANC omitted S	79_vos_gn_er_d_no	vos	gn	erg-abs	deranking	nomn	svo	SV	AVP	100	20	0.2
6_1_anc_omit_S	31_6_1_anc_omit_S	fig:heatmap-31-anc-omit-s	6.1 ANC omitted S	80_vos_ng_ac_b_se	vos	ng	nom-acc	balancing	sent	vos	VS	VPA	100	3	0.03
6_1_anc_omit_S	31_6_1_anc_omit_S	fig:heatmap-31-anc-omit-s	6.1 ANC omitted S	81_vos_ng_ac_b_pa	vos	ng	nom-acc	balancing	poss-acc	vos	VS	VPA	100	3	0.03
6_1_anc_omit_S	31_6_1_anc_omit_S	fig:heatmap-31-anc-omit-s	6.1 ANC omitted S	82_vos_ng_ac_b_ep	vos	ng	nom-acc	balancing	erg-poss	vos	VS	VPA	100	3	0.03
6_1_anc_omit_S	31_6_1_anc_omit_S	fig:heatmap-31-anc-omit-s	6.1 ANC omitted S	83_vos_ng_ac_b_no	vos	ng	nom-acc	balancing	nomn	vos	VS	VPA	100	3	0.03
6_1_anc_omit_S	31_6_1_anc_omit_S	fig:heatmap-31-anc-omit-s	6.1 ANC omitted S	84_vos_ng_ac_d_se	vos	ng	nom-acc	deranking	sent	vos	VS	VPA	100	1	0.01
6_1_anc_omit_S	31_6_1_anc_omit_S	fig:heatmap-31-anc-omit-s	6.1 ANC omitted S	85_vos_ng_ac_d_pa	vos	ng	nom-acc	deranking	poss-acc	vos	VS	VPA	100	1	0.01
6_1_anc_omit_S	31_6_1_anc_omit_S	fig:heatmap-31-anc-omit-s	6.1 ANC omitted S	86_vos_ng_ac_d_ep	vos	ng	nom-acc	deranking	erg-poss	vos	VS	VPA	100	1	0.01
6_1_anc_omit_S	31_6_1_anc_omit_S	fig:heatmap-31-anc-omit-s	6.1 ANC omitted S	87_vos_ng_ac_d_no	vos	ng	nom-acc	deranking	nomn	vos	VS	VPA	100	1	0.01
6_1_anc_omit_S	31_6_1_anc_omit_S	fig:heatmap-31-anc-omit-s	6.1 ANC omitted S	88_vos_ng_er_b_se	vos	ng	erg-abs	balancing	sent	vos	VS	VPA	100	20	0.2
6_1_anc_omit_S	31_6_1_anc_omit_S	fig:heatmap-31-anc-omit-s	6.1 ANC omitted S	89_vos_ng_er_b_pa	vos	ng	erg-abs	balancing	poss-acc	vos	VS	VPA	100	20	0.2
6_1_anc_omit_S	31_6_1_anc_omit_S	fig:heatmap-31-anc-omit-s	6.1 ANC omitted S	90_vos_ng_er_b_ep	vos	ng	erg-abs	balancing	erg-poss	vos	VS	VPA	100	20	0.2
6_1_anc_omit_S	31_6_1_anc_omit_S	fig:heatmap-31-anc-omit-s	6.1 ANC omitted S	91_vos_ng_er_b_no	vos	ng	erg-abs	balancing	nomn	vos	VS	VPA	100	20	0.2
6_1_anc_omit_S	31_6_1_anc_omit_S	fig:heatmap-31-anc-omit-s	6.1 ANC omitted S	92_vos_ng_er_d_se	vos	ng	erg-abs	deranking	sent	vos	VS	VPA	100	20	0.2
6_1_anc_omit_S	31_6_1_anc_omit_S	fig:heatmap-31-anc-omit-s	6.1 ANC omitted S	93_vos_ng_er_d_pa	vos	ng	erg-abs	deranking	poss-acc	vos	VS	VPA	100	20	0.2
6_1_anc_omit_S	31_6_1_anc_omit_S	fig:heatmap-31-anc-omit-s	6.1 ANC omitted S	94_vos_ng_er_d_ep	vos	ng	erg-abs	deranking	erg-poss	vos	VS	VPA	100	20	0.2
6_1_anc_omit_S	31_6_1_anc_omit_S	fig:heatmap-31-anc-omit-s	6.1 ANC omitted S	95_vos_ng_er_d_no	vos	ng	erg-abs	deranking	nomn	vos	VS	VPA	100	20	0.2
6_2_anc_omit_A	32_6_2_anc_omit_A	fig:heatmap-32-anc-omit-a	6.2 ANC omitted A	00_sov_gn_ac_b_se	sov	gn	nom-acc	balancing	sent	sov	SV	APV	100	1	0.01
6_2_anc_omit_A	32_6_2_anc_omit_A	fig:heatmap-32-anc-omit-a	6.2 ANC omitted A	01_sov_gn_ac_b_pa	sov	gn	nom-acc	balancing	poss-acc	sov	SV	APV	100	1	0.01
6_2_anc_omit_A	32_6_2_anc_omit_A	fig:heatmap-32-anc-omit-a	6.2 ANC omitted A	02_sov_gn_ac_b_ep	sov	gn	nom-acc	balancing	erg-poss	sov	SV	APV	100	1	0.01
6_2_anc_omit_A	32_6_2_anc_omit_A	fig:heatmap-32-anc-omit-a	6.2 ANC omitted A	03_sov_gn_ac_b_no	sov	gn	nom-acc	balancing	nomn	sov	SV	APV	100	1	0.01
6_2_anc_omit_A	32_6_2_anc_omit_A	fig:heatmap-32-anc-omit-a	6.2 ANC omitted A	04_sov_gn_ac_d_se	sov	gn	nom-acc	deranking	sent	sov	SV	APV	100	0	0.0
6_2_anc_omit_A	32_6_2_anc_omit_A	fig:heatmap-32-anc-omit-a	6.2 ANC omitted A	05_sov_gn_ac_d_pa	sov	gn	nom-acc	deranking	poss-acc	sov	SV	APV	100	0	0.0
6_2_anc_omit_A	32_6_2_anc_omit_A	fig:heatmap-32-anc-omit-a	6.2 ANC omitted A	06_sov_gn_ac_d_ep	sov	gn	nom-acc	deranking	erg-poss	sov	SV	APV	100	0	0.0
6_2_anc_omit_A	32_6_2_anc_omit_A	fig:heatmap-32-anc-omit-a	6.2 ANC omitted A	07_sov_gn_ac_d_no	sov	gn	nom-acc	deranking	nomn	sov	SV	APV	100	0	0.0
6_2_anc_omit_A	32_6_2_anc_omit_A	fig:heatmap-32-anc-omit-a	6.2 ANC omitted A	08_sov_gn_er_b_se	sov	gn	erg-abs	balancing	sent	sov	SV	APV	100	100	1.0
6_2_anc_omit_A	32_6_2_anc_omit_A	fig:heatmap-32-anc-omit-a	6.2 ANC omitted A	09_sov_gn_er_b_pa	sov	gn	erg-abs	balancing	poss-acc	sov	SV	APV	100	100	1.0
6_2_anc_omit_A	32_6_2_anc_omit_A	fig:heatmap-32-anc-omit-a	6.2 ANC omitted A	10_sov_gn_er_b_ep	sov	gn	erg-abs	balancing	erg-poss	sov	SV	APV	100	100	1.0
6_2_anc_omit_A	32_6_2_anc_omit_A	fig:heatmap-32-anc-omit-a	6.2 ANC omitted A	11_sov_gn_er_b_no	sov	gn	erg-abs	balancing	nomn	sov	SV	APV	100	100	1.0
6_2_anc_omit_A	32_6_2_anc_omit_A	fig:heatmap-32-anc-omit-a	6.2 ANC omitted A	12_sov_gn_er_d_se	sov	gn	erg-abs	deranking	sent	sov	SV	APV	100	1	0.01
6_2_anc_omit_A	32_6_2_anc_omit_A	fig:heatmap-32-anc-omit-a	6.2 ANC omitted A	13_sov_gn_er_d_pa	sov	gn	erg-abs	deranking	poss-acc	sov	SV	APV	100	1	0.01
6_2_anc_omit_A	32_6_2_anc_omit_A	fig:heatmap-32-anc-omit-a	6.2 ANC omitted A	14_sov_gn_er_d_ep	sov	gn	erg-abs	deranking	erg-poss	sov	SV	APV	100	1	0.01
6_2_anc_omit_A	32_6_2_anc_omit_A	fig:heatmap-32-anc-omit-a	6.2 ANC omitted A	15_sov_gn_er_d_no	sov	gn	erg-abs	deranking	nomn	sov	SV	APV	100	1	0.01
6_2_anc_omit_A	32_6_2_anc_omit_A	fig:heatmap-32-anc-omit-a	6.2 ANC omitted A	16_sov_ng_ac_b_se	sov	ng	nom-acc	balancing	sent	sov	SV	APV	100	1	0.01
6_2_anc_omit_A	32_6_2_anc_omit_A	fig:heatmap-32-anc-omit-a	6.2 ANC omitted A	17_sov_ng_ac_b_pa	sov	ng	nom-acc	balancing	poss-acc	ovs	VS	PVA	100	1	0.01
6_2_anc_omit_A	32_6_2_anc_omit_A	fig:heatmap-32-anc-omit-a	6.2 ANC omitted A	18_sov_ng_ac_b_ep	sov	ng	nom-acc	balancing	erg-poss	vos	VS	AVP	100	0	0.0
6_2_anc_omit_A	32_6_2_anc_omit_A	fig:heatmap-32-anc-omit-a	6.2 ANC omitted A	19_sov_ng_ac_b_no	sov	ng	nom-acc	balancing	nomn	ovs	VS	PVA	100	1	0.01
6_2_anc_omit_A	32_6_2_anc_omit_A	fig:heatmap-32-anc-omit-a	6.2 ANC omitted A	20_sov_ng_ac_d_se	sov	ng	nom-acc	deranking	sent	sov	SV	APV	100	0	0.0
6_2_anc_omit_A	32_6_2_anc_omit_A	fig:heatmap-32-anc-omit-a	6.2 ANC omitted A	21_sov_ng_ac_d_pa	sov	ng	nom-acc	deranking	poss-acc	ovs	VS	PVA	100	0	0.0
6_2_anc_omit_A	32_6_2_anc_omit_A	fig:heatmap-32-anc-omit-a	6.2 ANC omitted A	22_sov_ng_ac_d_ep	sov	ng	nom-acc	deranking	erg-poss	vos	VS	AVP	100	0	0.0
6_2_anc_omit_A	32_6_2_anc_omit_A	fig:heatmap-32-anc-omit-a	6.2 ANC omitted A	23_sov_ng_ac_d_no	sov	ng	nom-acc	deranking	nomn	ovs	VS	PVA	100	0	0.0
6_2_anc_omit_A	32_6_2_anc_omit_A	fig:heatmap-32-anc-omit-a	6.2 ANC omitted A	24_sov_ng_er_b_se	sov	ng	erg-abs	balancing	sent	sov	SV	APV	100	100	1.0
6_2_anc_omit_A	32_6_2_anc_omit_A	fig:heatmap-32-anc-omit-a	6.2 ANC omitted A	25_sov_ng_er_b_pa	sov	ng	erg-abs	balancing	poss-acc	ovs	VS	PVA	100	100	1.0
6_2_anc_omit_A	32_6_2_anc_omit_A	fig:heatmap-32-anc-omit-a	6.2 ANC omitted A	26_sov_ng_er_b_ep	sov	ng	erg-abs	balancing	erg-poss	vos	VS	AVP	100	1	0.01
6_2_anc_omit_A	32_6_2_anc_omit_A	fig:heatmap-32-anc-omit-a	6.2 ANC omitted A	27_sov_ng_er_b_no	sov	ng	erg-abs	balancing	nomn	ovs	VS	PVA	100	100	1.0
6_2_anc_omit_A	32_6_2_anc_omit_A	fig:heatmap-32-anc-omit-a	6.2 ANC omitted A	28_sov_ng_er_d_se	sov	ng	erg-abs	deranking	sent	sov	SV	APV	100	1	0.01
6_2_anc_omit_A	32_6_2_anc_omit_A	fig:heatmap-32-anc-omit-a	6.2 ANC omitted A	29_sov_ng_er_d_pa	sov	ng	erg-abs	deranking	poss-acc	ovs	VS	PVA	100	1	0.01
6_2_anc_omit_A	32_6_2_anc_omit_A	fig:heatmap-32-anc-omit-a	6.2 ANC omitted A	30_sov_ng_er_d_ep	sov	ng	erg-abs	deranking	erg-poss	vos	VS	AVP	100	1	0.01
6_2_anc_omit_A	32_6_2_anc_omit_A	fig:heatmap-32-anc-omit-a	6.2 ANC omitted A	31_sov_ng_er_d_no	sov	ng	erg-abs	deranking	nomn	ovs	VS	PVA	100	1	0.01
6_2_anc_omit_A	32_6_2_anc_omit_A	fig:heatmap-32-anc-omit-a	6.2 ANC omitted A	32_svo_gn_ac_b_se	svo	gn	nom-acc	balancing	sent	svo	SV	AVP	100	1	0.01
6_2_anc_omit_A	32_6_2_anc_omit_A	fig:heatmap-32-anc-omit-a	6.2 ANC omitted A	33_svo_gn_ac_b_pa	svo	gn	nom-acc	balancing	poss-acc	svo	SV	AVP	100	1	0.01
6_2_anc_omit_A	32_6_2_anc_omit_A	fig:heatmap-32-anc-omit-a	6.2 ANC omitted A	34_svo_gn_ac_b_ep	svo	gn	nom-acc	balancing	erg-poss	sov	SV	PVA	100	0	0.0
6_2_anc_omit_A	32_6_2_anc_omit_A	fig:heatmap-32-anc-omit-a	6.2 ANC omitted A	35_svo_gn_ac_b_no	svo	gn	nom-acc	balancing	nomn	svo	SV	AVP	100	1	0.01
6_2_anc_omit_A	32_6_2_anc_omit_A	fig:heatmap-32-anc-omit-a	6.2 ANC omitted A	36_svo_gn_ac_d_se	svo	gn	nom-acc	deranking	sent	svo	SV	AVP	100	1	0.01
6_2_anc_omit_A	32_6_2_anc_omit_A	fig:heatmap-32-anc-omit-a	6.2 ANC omitted A	37_svo_gn_ac_d_pa	svo	gn	nom-acc	deranking	poss-acc	svo	SV	AVP	100	1	0.01
6_2_anc_omit_A	32_6_2_anc_omit_A	fig:heatmap-32-anc-omit-a	6.2 ANC omitted A	38_svo_gn_ac_d_ep	svo	gn	nom-acc	deranking	erg-poss	sov	SV	PVA	100	0	0.0
6_2_anc_omit_A	32_6_2_anc_omit_A	fig:heatmap-32-anc-omit-a	6.2 ANC omitted A	39_svo_gn_ac_d_no	svo	gn	nom-acc	deranking	nomn	svo	SV	AVP	100	1	0.01
6_2_anc_omit_A	32_6_2_anc_omit_A	fig:heatmap-32-anc-omit-a	6.2 ANC omitted A	40_svo_gn_er_b_se	svo	gn	erg-abs	balancing	sent	svo	SV	AVP	100	0	0.0
6_2_anc_omit_A	32_6_2_anc_omit_A	fig:heatmap-32-anc-omit-a	6.2 ANC omitted A	41_svo_gn_er_b_pa	svo	gn	erg-abs	balancing	poss-acc	svo	SV	AVP	100	0	0.0
6_2_anc_omit_A	32_6_2_anc_omit_A	fig:heatmap-32-anc-omit-a	6.2 ANC omitted A	42_svo_gn_er_b_ep	svo	gn	erg-abs	balancing	erg-poss	sov	SV	PVA	100	100	1.0
6_2_anc_omit_A	32_6_2_anc_omit_A	fig:heatmap-32-anc-omit-a	6.2 ANC omitted A	43_svo_gn_er_b_no	svo	gn	erg-abs	balancing	nomn	svo	SV	AVP	100	0	0.0
6_2_anc_omit_A	32_6_2_anc_omit_A	fig:heatmap-32-anc-omit-a	6.2 ANC omitted A	44_svo_gn_er_d_se	svo	gn	erg-abs	deranking	sent	svo	SV	AVP	100	0	0.0
6_2_anc_omit_A	32_6_2_anc_omit_A	fig:heatmap-32-anc-omit-a	6.2 ANC omitted A	45_svo_gn_er_d_pa	svo	gn	erg-abs	deranking	poss-acc	svo	SV	AVP	100	0	0.0
6_2_anc_omit_A	32_6_2_anc_omit_A	fig:heatmap-32-anc-omit-a	6.2 ANC omitted A	46_svo_gn_er_d_ep	svo	gn	erg-abs	deranking	erg-poss	sov	SV	PVA	100	1	0.01
6_2_anc_omit_A	32_6_2_anc_omit_A	fig:heatmap-32-anc-omit-a	6.2 ANC omitted A	47_svo_gn_er_d_no	svo	gn	erg-abs	deranking	nomn	svo	SV	AVP	100	0	0.0
6_2_anc_omit_A	32_6_2_anc_omit_A	fig:heatmap-32-anc-omit-a	6.2 ANC omitted A	48_svo_ng_ac_b_se	svo	ng	nom-acc	balancing	sent	svo	SV	AVP	100	0	0.0
6_2_anc_omit_A	32_6_2_anc_omit_A	fig:heatmap-32-anc-omit-a	6.2 ANC omitted A	49_svo_ng_ac_b_pa	svo	ng	nom-acc	balancing	poss-acc	vos	VS	VPA	100	0	0.0
6_2_anc_omit_A	32_6_2_anc_omit_A	fig:heatmap-32-anc-omit-a	6.2 ANC omitted A	50_svo_ng_ac_b_ep	svo	ng	nom-acc	balancing	erg-poss	vos	VS	VPA	100	0	0.0
6_2_anc_omit_A	32_6_2_anc_omit_A	fig:heatmap-32-anc-omit-a	6.2 ANC omitted A	51_svo_ng_ac_b_no	svo	ng	nom-acc	balancing	nomn	vos	VS	VPA	100	0	0.0
6_2_anc_omit_A	32_6_2_anc_omit_A	fig:heatmap-32-anc-omit-a	6.2 ANC omitted A	52_svo_ng_ac_d_se	svo	ng	nom-acc	deranking	sent	svo	SV	AVP	100	0	0.0
6_2_anc_omit_A	32_6_2_anc_omit_A	fig:heatmap-32-anc-omit-a	6.2 ANC omitted A	53_svo_ng_ac_d_pa	svo	ng	nom-acc	deranking	poss-acc	vos	VS	VPA	100	0	0.0
6_2_anc_omit_A	32_6_2_anc_omit_A	fig:heatmap-32-anc-omit-a	6.2 ANC omitted A	54_svo_ng_ac_d_ep	svo	ng	nom-acc	deranking	erg-poss	vos	VS	VPA	100	0	0.0
6_2_anc_omit_A	32_6_2_anc_omit_A	fig:heatmap-32-anc-omit-a	6.2 ANC omitted A	55_svo_ng_ac_d_no	svo	ng	nom-acc	deranking	nomn	vos	VS	VPA	100	0	0.0
6_2_anc_omit_A	32_6_2_anc_omit_A	fig:heatmap-32-anc-omit-a	6.2 ANC omitted A	56_svo_ng_er_b_se	svo	ng	erg-abs	balancing	sent	svo	SV	AVP	100	1	0.01
6_2_anc_omit_A	32_6_2_anc_omit_A	fig:heatmap-32-anc-omit-a	6.2 ANC omitted A	57_svo_ng_er_b_pa	svo	ng	erg-abs	balancing	poss-acc	vos	VS	VPA	100	1	0.01
6_2_anc_omit_A	32_6_2_anc_omit_A	fig:heatmap-32-anc-omit-a	6.2 ANC omitted A	58_svo_ng_er_b_ep	svo	ng	erg-abs	balancing	erg-poss	vos	VS	VPA	100	1	0.01
6_2_anc_omit_A	32_6_2_anc_omit_A	fig:heatmap-32-anc-omit-a	6.2 ANC omitted A	59_svo_ng_er_b_no	svo	ng	erg-abs	balancing	nomn	vos	VS	VPA	100	1	0.01
6_2_anc_omit_A	32_6_2_anc_omit_A	fig:heatmap-32-anc-omit-a	6.2 ANC omitted A	60_svo_ng_er_d_se	svo	ng	erg-abs	deranking	sent	svo	SV	AVP	100	1	0.01
6_2_anc_omit_A	32_6_2_anc_omit_A	fig:heatmap-32-anc-omit-a	6.2 ANC omitted A	61_svo_ng_er_d_pa	svo	ng	erg-abs	deranking	poss-acc	vos	VS	VPA	100	1	0.01
6_2_anc_omit_A	32_6_2_anc_omit_A	fig:heatmap-32-anc-omit-a	6.2 ANC omitted A	62_svo_ng_er_d_ep	svo	ng	erg-abs	deranking	erg-poss	vos	VS	VPA	100	1	0.01
6_2_anc_omit_A	32_6_2_anc_omit_A	fig:heatmap-32-anc-omit-a	6.2 ANC omitted A	63_svo_ng_er_d_no	svo	ng	erg-abs	deranking	nomn	vos	VS	VPA	100	1	0.01
6_2_anc_omit_A	32_6_2_anc_omit_A	fig:heatmap-32-anc-omit-a	6.2 ANC omitted A	64_vos_gn_ac_b_se	vos	gn	nom-acc	balancing	sent	vos	VS	VPA	100	1	0.01
6_2_anc_omit_A	32_6_2_anc_omit_A	fig:heatmap-32-anc-omit-a	6.2 ANC omitted A	65_vos_gn_ac_b_pa	vos	gn	nom-acc	balancing	poss-acc	svo	SV	AVP	100	1	0.01
6_2_anc_omit_A	32_6_2_anc_omit_A	fig:heatmap-32-anc-omit-a	6.2 ANC omitted A	66_vos_gn_ac_b_ep	vos	gn	nom-acc	balancing	erg-poss	sov	SV	PVA	100	0	0.0
6_2_anc_omit_A	32_6_2_anc_omit_A	fig:heatmap-32-anc-omit-a	6.2 ANC omitted A	67_vos_gn_ac_b_no	vos	gn	nom-acc	balancing	nomn	svo	SV	AVP	100	1	0.01
6_2_anc_omit_A	32_6_2_anc_omit_A	fig:heatmap-32-anc-omit-a	6.2 ANC omitted A	68_vos_gn_ac_d_se	vos	gn	nom-acc	deranking	sent	vos	VS	VPA	100	0	0.0
6_2_anc_omit_A	32_6_2_anc_omit_A	fig:heatmap-32-anc-omit-a	6.2 ANC omitted A	69_vos_gn_ac_d_pa	vos	gn	nom-acc	deranking	poss-acc	svo	SV	AVP	100	0	0.0
6_2_anc_omit_A	32_6_2_anc_omit_A	fig:heatmap-32-anc-omit-a	6.2 ANC omitted A	70_vos_gn_ac_d_ep	vos	gn	nom-acc	deranking	erg-poss	sov	SV	PVA	100	0	0.0
6_2_anc_omit_A	32_6_2_anc_omit_A	fig:heatmap-32-anc-omit-a	6.2 ANC omitted A	71_vos_gn_ac_d_no	vos	gn	nom-acc	deranking	nomn	svo	SV	AVP	100	0	0.0
6_2_anc_omit_A	32_6_2_anc_omit_A	fig:heatmap-32-anc-omit-a	6.2 ANC omitted A	72_vos_gn_er_b_se	vos	gn	erg-abs	balancing	sent	vos	VS	VPA	100	100	1.0
6_2_anc_omit_A	32_6_2_anc_omit_A	fig:heatmap-32-anc-omit-a	6.2 ANC omitted A	73_vos_gn_er_b_pa	vos	gn	erg-abs	balancing	poss-acc	svo	SV	AVP	100	100	1.0
6_2_anc_omit_A	32_6_2_anc_omit_A	fig:heatmap-32-anc-omit-a	6.2 ANC omitted A	74_vos_gn_er_b_ep	vos	gn	erg-abs	balancing	erg-poss	sov	SV	PVA	100	1	0.01
6_2_anc_omit_A	32_6_2_anc_omit_A	fig:heatmap-32-anc-omit-a	6.2 ANC omitted A	75_vos_gn_er_b_no	vos	gn	erg-abs	balancing	nomn	svo	SV	AVP	100	100	1.0
6_2_anc_omit_A	32_6_2_anc_omit_A	fig:heatmap-32-anc-omit-a	6.2 ANC omitted A	76_vos_gn_er_d_se	vos	gn	erg-abs	deranking	sent	vos	VS	VPA	100	1	0.01
6_2_anc_omit_A	32_6_2_anc_omit_A	fig:heatmap-32-anc-omit-a	6.2 ANC omitted A	77_vos_gn_er_d_pa	vos	gn	erg-abs	deranking	poss-acc	svo	SV	AVP	100	1	0.01
6_2_anc_omit_A	32_6_2_anc_omit_A	fig:heatmap-32-anc-omit-a	6.2 ANC omitted A	78_vos_gn_er_d_ep	vos	gn	erg-abs	deranking	erg-poss	sov	SV	PVA	100	1	0.01
6_2_anc_omit_A	32_6_2_anc_omit_A	fig:heatmap-32-anc-omit-a	6.2 ANC omitted A	79_vos_gn_er_d_no	vos	gn	erg-abs	deranking	nomn	svo	SV	AVP	100	1	0.01
6_2_anc_omit_A	32_6_2_anc_omit_A	fig:heatmap-32-anc-omit-a	6.2 ANC omitted A	80_vos_ng_ac_b_se	vos	ng	nom-acc	balancing	sent	vos	VS	VPA	100	1	0.01
6_2_anc_omit_A	32_6_2_anc_omit_A	fig:heatmap-32-anc-omit-a	6.2 ANC omitted A	81_vos_ng_ac_b_pa	vos	ng	nom-acc	balancing	poss-acc	vos	VS	VPA	100	1	0.01
6_2_anc_omit_A	32_6_2_anc_omit_A	fig:heatmap-32-anc-omit-a	6.2 ANC omitted A	82_vos_ng_ac_b_ep	vos	ng	nom-acc	balancing	erg-poss	vos	VS	VPA	100	1	0.01
6_2_anc_omit_A	32_6_2_anc_omit_A	fig:heatmap-32-anc-omit-a	6.2 ANC omitted A	83_vos_ng_ac_b_no	vos	ng	nom-acc	balancing	nomn	vos	VS	VPA	100	1	0.01
6_2_anc_omit_A	32_6_2_anc_omit_A	fig:heatmap-32-anc-omit-a	6.2 ANC omitted A	84_vos_ng_ac_d_se	vos	ng	nom-acc	deranking	sent	vos	VS	VPA	100	0	0.0
6_2_anc_omit_A	32_6_2_anc_omit_A	fig:heatmap-32-anc-omit-a	6.2 ANC omitted A	85_vos_ng_ac_d_pa	vos	ng	nom-acc	deranking	poss-acc	vos	VS	VPA	100	0	0.0
6_2_anc_omit_A	32_6_2_anc_omit_A	fig:heatmap-32-anc-omit-a	6.2 ANC omitted A	86_vos_ng_ac_d_ep	vos	ng	nom-acc	deranking	erg-poss	vos	VS	VPA	100	0	0.0
6_2_anc_omit_A	32_6_2_anc_omit_A	fig:heatmap-32-anc-omit-a	6.2 ANC omitted A	87_vos_ng_ac_d_no	vos	ng	nom-acc	deranking	nomn	vos	VS	VPA	100	0	0.0
6_2_anc_omit_A	32_6_2_anc_omit_A	fig:heatmap-32-anc-omit-a	6.2 ANC omitted A	88_vos_ng_er_b_se	vos	ng	erg-abs	balancing	sent	vos	VS	VPA	100	100	1.0
6_2_anc_omit_A	32_6_2_anc_omit_A	fig:heatmap-32-anc-omit-a	6.2 ANC omitted A	89_vos_ng_er_b_pa	vos	ng	erg-abs	balancing	poss-acc	vos	VS	VPA	100	100	1.0
6_2_anc_omit_A	32_6_2_anc_omit_A	fig:heatmap-32-anc-omit-a	6.2 ANC omitted A	90_vos_ng_er_b_ep	vos	ng	erg-abs	balancing	erg-poss	vos	VS	VPA	100	100	1.0
6_2_anc_omit_A	32_6_2_anc_omit_A	fig:heatmap-32-anc-omit-a	6.2 ANC omitted A	91_vos_ng_er_b_no	vos	ng	erg-abs	balancing	nomn	vos	VS	VPA	100	100	1.0
6_2_anc_omit_A	32_6_2_anc_omit_A	fig:heatmap-32-anc-omit-a	6.2 ANC omitted A	92_vos_ng_er_d_se	vos	ng	erg-abs	deranking	sent	vos	VS	VPA	100	1	0.01
6_2_anc_omit_A	32_6_2_anc_omit_A	fig:heatmap-32-anc-omit-a	6.2 ANC omitted A	93_vos_ng_er_d_pa	vos	ng	erg-abs	deranking	poss-acc	vos	VS	VPA	100	1	0.01
6_2_anc_omit_A	32_6_2_anc_omit_A	fig:heatmap-32-anc-omit-a	6.2 ANC omitted A	94_vos_ng_er_d_ep	vos	ng	erg-abs	deranking	erg-poss	vos	VS	VPA	100	1	0.01
6_2_anc_omit_A	32_6_2_anc_omit_A	fig:heatmap-32-anc-omit-a	6.2 ANC omitted A	95_vos_ng_er_d_no	vos	ng	erg-abs	deranking	nomn	vos	VS	VPA	100	1	0.01
6_3_anc_omit_P	33_6_3_anc_omit_P	fig:heatmap-33-anc-omit-p	6.3 ANC omitted P	00_sov_gn_ac_b_se	sov	gn	nom-acc	balancing	sent	sov	SV	APV	100	100	1.0
6_3_anc_omit_P	33_6_3_anc_omit_P	fig:heatmap-33-anc-omit-p	6.3 ANC omitted P	01_sov_gn_ac_b_pa	sov	gn	nom-acc	balancing	poss-acc	sov	SV	APV	100	100	1.0
6_3_anc_omit_P	33_6_3_anc_omit_P	fig:heatmap-33-anc-omit-p	6.3 ANC omitted P	02_sov_gn_ac_b_ep	sov	gn	nom-acc	balancing	erg-poss	sov	SV	APV	100	100	1.0
6_3_anc_omit_P	33_6_3_anc_omit_P	fig:heatmap-33-anc-omit-p	6.3 ANC omitted P	03_sov_gn_ac_b_no	sov	gn	nom-acc	balancing	nomn	sov	SV	APV	100	100	1.0
6_3_anc_omit_P	33_6_3_anc_omit_P	fig:heatmap-33-anc-omit-p	6.3 ANC omitted P	04_sov_gn_ac_d_se	sov	gn	nom-acc	deranking	sent	sov	SV	APV	100	0	0.0
6_3_anc_omit_P	33_6_3_anc_omit_P	fig:heatmap-33-anc-omit-p	6.3 ANC omitted P	05_sov_gn_ac_d_pa	sov	gn	nom-acc	deranking	poss-acc	sov	SV	APV	100	0	0.0
6_3_anc_omit_P	33_6_3_anc_omit_P	fig:heatmap-33-anc-omit-p	6.3 ANC omitted P	06_sov_gn_ac_d_ep	sov	gn	nom-acc	deranking	erg-poss	sov	SV	APV	100	0	0.0
6_3_anc_omit_P	33_6_3_anc_omit_P	fig:heatmap-33-anc-omit-p	6.3 ANC omitted P	07_sov_gn_ac_d_no	sov	gn	nom-acc	deranking	nomn	sov	SV	APV	100	0	0.0
6_3_anc_omit_P	33_6_3_anc_omit_P	fig:heatmap-33-anc-omit-p	6.3 ANC omitted P	08_sov_gn_er_b_se	sov	gn	erg-abs	balancing	sent	sov	SV	APV	100	0	0.0
6_3_anc_omit_P	33_6_3_anc_omit_P	fig:heatmap-33-anc-omit-p	6.3 ANC omitted P	09_sov_gn_er_b_pa	sov	gn	erg-abs	balancing	poss-acc	sov	SV	APV	100	0	0.0
6_3_anc_omit_P	33_6_3_anc_omit_P	fig:heatmap-33-anc-omit-p	6.3 ANC omitted P	10_sov_gn_er_b_ep	sov	gn	erg-abs	balancing	erg-poss	sov	SV	APV	100	0	0.0
6_3_anc_omit_P	33_6_3_anc_omit_P	fig:heatmap-33-anc-omit-p	6.3 ANC omitted P	11_sov_gn_er_b_no	sov	gn	erg-abs	balancing	nomn	sov	SV	APV	100	0	0.0
6_3_anc_omit_P	33_6_3_anc_omit_P	fig:heatmap-33-anc-omit-p	6.3 ANC omitted P	12_sov_gn_er_d_se	sov	gn	erg-abs	deranking	sent	sov	SV	APV	100	0	0.0
6_3_anc_omit_P	33_6_3_anc_omit_P	fig:heatmap-33-anc-omit-p	6.3 ANC omitted P	13_sov_gn_er_d_pa	sov	gn	erg-abs	deranking	poss-acc	sov	SV	APV	100	0	0.0
6_3_anc_omit_P	33_6_3_anc_omit_P	fig:heatmap-33-anc-omit-p	6.3 ANC omitted P	14_sov_gn_er_d_ep	sov	gn	erg-abs	deranking	erg-poss	sov	SV	APV	100	0	0.0
6_3_anc_omit_P	33_6_3_anc_omit_P	fig:heatmap-33-anc-omit-p	6.3 ANC omitted P	15_sov_gn_er_d_no	sov	gn	erg-abs	deranking	nomn	sov	SV	APV	100	0	0.0
6_3_anc_omit_P	33_6_3_anc_omit_P	fig:heatmap-33-anc-omit-p	6.3 ANC omitted P	16_sov_ng_ac_b_se	sov	ng	nom-acc	balancing	sent	sov	SV	APV	100	100	1.0
6_3_anc_omit_P	33_6_3_anc_omit_P	fig:heatmap-33-anc-omit-p	6.3 ANC omitted P	17_sov_ng_ac_b_pa	sov	ng	nom-acc	balancing	poss-acc	ovs	VS	PVA	100	0	0.0
6_3_anc_omit_P	33_6_3_anc_omit_P	fig:heatmap-33-anc-omit-p	6.3 ANC omitted P	18_sov_ng_ac_b_ep	sov	ng	nom-acc	balancing	erg-poss	vos	VS	AVP	100	100	1.0
6_3_anc_omit_P	33_6_3_anc_omit_P	fig:heatmap-33-anc-omit-p	6.3 ANC omitted P	19_sov_ng_ac_b_no	sov	ng	nom-acc	balancing	nomn	ovs	VS	PVA	100	0	0.0
6_3_anc_omit_P	33_6_3_anc_omit_P	fig:heatmap-33-anc-omit-p	6.3 ANC omitted P	20_sov_ng_ac_d_se	sov	ng	nom-acc	deranking	sent	sov	SV	APV	100	0	0.0
6_3_anc_omit_P	33_6_3_anc_omit_P	fig:heatmap-33-anc-omit-p	6.3 ANC omitted P	21_sov_ng_ac_d_pa	sov	ng	nom-acc	deranking	poss-acc	ovs	VS	PVA	100	0	0.0
6_3_anc_omit_P	33_6_3_anc_omit_P	fig:heatmap-33-anc-omit-p	6.3 ANC omitted P	22_sov_ng_ac_d_ep	sov	ng	nom-acc	deranking	erg-poss	vos	VS	AVP	100	0	0.0
6_3_anc_omit_P	33_6_3_anc_omit_P	fig:heatmap-33-anc-omit-p	6.3 ANC omitted P	23_sov_ng_ac_d_no	sov	ng	nom-acc	deranking	nomn	ovs	VS	PVA	100	0	0.0
6_3_anc_omit_P	33_6_3_anc_omit_P	fig:heatmap-33-anc-omit-p	6.3 ANC omitted P	24_sov_ng_er_b_se	sov	ng	erg-abs	balancing	sent	sov	SV	APV	100	0	0.0
6_3_anc_omit_P	33_6_3_anc_omit_P	fig:heatmap-33-anc-omit-p	6.3 ANC omitted P	25_sov_ng_er_b_pa	sov	ng	erg-abs	balancing	poss-acc	ovs	VS	PVA	100	0	0.0
6_3_anc_omit_P	33_6_3_anc_omit_P	fig:heatmap-33-anc-omit-p	6.3 ANC omitted P	26_sov_ng_er_b_ep	sov	ng	erg-abs	balancing	erg-poss	vos	VS	AVP	100	0	0.0
6_3_anc_omit_P	33_6_3_anc_omit_P	fig:heatmap-33-anc-omit-p	6.3 ANC omitted P	27_sov_ng_er_b_no	sov	ng	erg-abs	balancing	nomn	ovs	VS	PVA	100	0	0.0
6_3_anc_omit_P	33_6_3_anc_omit_P	fig:heatmap-33-anc-omit-p	6.3 ANC omitted P	28_sov_ng_er_d_se	sov	ng	erg-abs	deranking	sent	sov	SV	APV	100	0	0.0
6_3_anc_omit_P	33_6_3_anc_omit_P	fig:heatmap-33-anc-omit-p	6.3 ANC omitted P	29_sov_ng_er_d_pa	sov	ng	erg-abs	deranking	poss-acc	ovs	VS	PVA	100	0	0.0
6_3_anc_omit_P	33_6_3_anc_omit_P	fig:heatmap-33-anc-omit-p	6.3 ANC omitted P	30_sov_ng_er_d_ep	sov	ng	erg-abs	deranking	erg-poss	vos	VS	AVP	100	0	0.0
6_3_anc_omit_P	33_6_3_anc_omit_P	fig:heatmap-33-anc-omit-p	6.3 ANC omitted P	31_sov_ng_er_d_no	sov	ng	erg-abs	deranking	nomn	ovs	VS	PVA	100	0	0.0
6_3_anc_omit_P	33_6_3_anc_omit_P	fig:heatmap-33-anc-omit-p	6.3 ANC omitted P	32_svo_gn_ac_b_se	svo	gn	nom-acc	balancing	sent	svo	SV	AVP	100	100	1.0
6_3_anc_omit_P	33_6_3_anc_omit_P	fig:heatmap-33-anc-omit-p	6.3 ANC omitted P	33_svo_gn_ac_b_pa	svo	gn	nom-acc	balancing	poss-acc	svo	SV	AVP	100	100	1.0
6_3_anc_omit_P	33_6_3_anc_omit_P	fig:heatmap-33-anc-omit-p	6.3 ANC omitted P	34_svo_gn_ac_b_ep	svo	gn	nom-acc	balancing	erg-poss	sov	SV	PVA	100	0	0.0
6_3_anc_omit_P	33_6_3_anc_omit_P	fig:heatmap-33-anc-omit-p	6.3 ANC omitted P	35_svo_gn_ac_b_no	svo	gn	nom-acc	balancing	nomn	svo	SV	AVP	100	100	1.0
6_3_anc_omit_P	33_6_3_anc_omit_P	fig:heatmap-33-anc-omit-p	6.3 ANC omitted P	36_svo_gn_ac_d_se	svo	gn	nom-acc	deranking	sent	svo	SV	AVP	100	0	0.0
6_3_anc_omit_P	33_6_3_anc_omit_P	fig:heatmap-33-anc-omit-p	6.3 ANC omitted P	37_svo_gn_ac_d_pa	svo	gn	nom-acc	deranking	poss-acc	svo	SV	AVP	100	0	0.0
6_3_anc_omit_P	33_6_3_anc_omit_P	fig:heatmap-33-anc-omit-p	6.3 ANC omitted P	38_svo_gn_ac_d_ep	svo	gn	nom-acc	deranking	erg-poss	sov	SV	PVA	100	0	0.0
6_3_anc_omit_P	33_6_3_anc_omit_P	fig:heatmap-33-anc-omit-p	6.3 ANC omitted P	39_svo_gn_ac_d_no	svo	gn	nom-acc	deranking	nomn	svo	SV	AVP	100	0	0.0
6_3_anc_omit_P	33_6_3_anc_omit_P	fig:heatmap-33-anc-omit-p	6.3 ANC omitted P	40_svo_gn_er_b_se	svo	gn	erg-abs	balancing	sent	svo	SV	AVP	100	0	0.0
6_3_anc_omit_P	33_6_3_anc_omit_P	fig:heatmap-33-anc-omit-p	6.3 ANC omitted P	41_svo_gn_er_b_pa	svo	gn	erg-abs	balancing	poss-acc	svo	SV	AVP	100	0	0.0
6_3_anc_omit_P	33_6_3_anc_omit_P	fig:heatmap-33-anc-omit-p	6.3 ANC omitted P	42_svo_gn_er_b_ep	svo	gn	erg-abs	balancing	erg-poss	sov	SV	PVA	100	0	0.0
6_3_anc_omit_P	33_6_3_anc_omit_P	fig:heatmap-33-anc-omit-p	6.3 ANC omitted P	43_svo_gn_er_b_no	svo	gn	erg-abs	balancing	nomn	svo	SV	AVP	100	0	0.0
6_3_anc_omit_P	33_6_3_anc_omit_P	fig:heatmap-33-anc-omit-p	6.3 ANC omitted P	44_svo_gn_er_d_se	svo	gn	erg-abs	deranking	sent	svo	SV	AVP	100	0	0.0
6_3_anc_omit_P	33_6_3_anc_omit_P	fig:heatmap-33-anc-omit-p	6.3 ANC omitted P	45_svo_gn_er_d_pa	svo	gn	erg-abs	deranking	poss-acc	svo	SV	AVP	100	0	0.0
6_3_anc_omit_P	33_6_3_anc_omit_P	fig:heatmap-33-anc-omit-p	6.3 ANC omitted P	46_svo_gn_er_d_ep	svo	gn	erg-abs	deranking	erg-poss	sov	SV	PVA	100	0	0.0
6_3_anc_omit_P	33_6_3_anc_omit_P	fig:heatmap-33-anc-omit-p	6.3 ANC omitted P	47_svo_gn_er_d_no	svo	gn	erg-abs	deranking	nomn	svo	SV	AVP	100	0	0.0
6_3_anc_omit_P	33_6_3_anc_omit_P	fig:heatmap-33-anc-omit-p	6.3 ANC omitted P	48_svo_ng_ac_b_se	svo	ng	nom-acc	balancing	sent	svo	SV	AVP	100	100	1.0
6_3_anc_omit_P	33_6_3_anc_omit_P	fig:heatmap-33-anc-omit-p	6.3 ANC omitted P	49_svo_ng_ac_b_pa	svo	ng	nom-acc	balancing	poss-acc	vos	VS	VPA	100	0	0.0
6_3_anc_omit_P	33_6_3_anc_omit_P	fig:heatmap-33-anc-omit-p	6.3 ANC omitted P	50_svo_ng_ac_b_ep	svo	ng	nom-acc	balancing	erg-poss	vos	VS	VPA	100	0	0.0
6_3_anc_omit_P	33_6_3_anc_omit_P	fig:heatmap-33-anc-omit-p	6.3 ANC omitted P	51_svo_ng_ac_b_no	svo	ng	nom-acc	balancing	nomn	vos	VS	VPA	100	0	0.0
6_3_anc_omit_P	33_6_3_anc_omit_P	fig:heatmap-33-anc-omit-p	6.3 ANC omitted P	52_svo_ng_ac_d_se	svo	ng	nom-acc	deranking	sent	svo	SV	AVP	100	0	0.0
6_3_anc_omit_P	33_6_3_anc_omit_P	fig:heatmap-33-anc-omit-p	6.3 ANC omitted P	53_svo_ng_ac_d_pa	svo	ng	nom-acc	deranking	poss-acc	vos	VS	VPA	100	0	0.0
6_3_anc_omit_P	33_6_3_anc_omit_P	fig:heatmap-33-anc-omit-p	6.3 ANC omitted P	54_svo_ng_ac_d_ep	svo	ng	nom-acc	deranking	erg-poss	vos	VS	VPA	100	0	0.0
6_3_anc_omit_P	33_6_3_anc_omit_P	fig:heatmap-33-anc-omit-p	6.3 ANC omitted P	55_svo_ng_ac_d_no	svo	ng	nom-acc	deranking	nomn	vos	VS	VPA	100	0	0.0
6_3_anc_omit_P	33_6_3_anc_omit_P	fig:heatmap-33-anc-omit-p	6.3 ANC omitted P	56_svo_ng_er_b_se	svo	ng	erg-abs	balancing	sent	svo	SV	AVP	100	0	0.0
6_3_anc_omit_P	33_6_3_anc_omit_P	fig:heatmap-33-anc-omit-p	6.3 ANC omitted P	57_svo_ng_er_b_pa	svo	ng	erg-abs	balancing	poss-acc	vos	VS	VPA	100	0	0.0
6_3_anc_omit_P	33_6_3_anc_omit_P	fig:heatmap-33-anc-omit-p	6.3 ANC omitted P	58_svo_ng_er_b_ep	svo	ng	erg-abs	balancing	erg-poss	vos	VS	VPA	100	0	0.0
6_3_anc_omit_P	33_6_3_anc_omit_P	fig:heatmap-33-anc-omit-p	6.3 ANC omitted P	59_svo_ng_er_b_no	svo	ng	erg-abs	balancing	nomn	vos	VS	VPA	100	0	0.0
6_3_anc_omit_P	33_6_3_anc_omit_P	fig:heatmap-33-anc-omit-p	6.3 ANC omitted P	60_svo_ng_er_d_se	svo	ng	erg-abs	deranking	sent	svo	SV	AVP	100	0	0.0
6_3_anc_omit_P	33_6_3_anc_omit_P	fig:heatmap-33-anc-omit-p	6.3 ANC omitted P	61_svo_ng_er_d_pa	svo	ng	erg-abs	deranking	poss-acc	vos	VS	VPA	100	0	0.0
6_3_anc_omit_P	33_6_3_anc_omit_P	fig:heatmap-33-anc-omit-p	6.3 ANC omitted P	62_svo_ng_er_d_ep	svo	ng	erg-abs	deranking	erg-poss	vos	VS	VPA	100	0	0.0
6_3_anc_omit_P	33_6_3_anc_omit_P	fig:heatmap-33-anc-omit-p	6.3 ANC omitted P	63_svo_ng_er_d_no	svo	ng	erg-abs	deranking	nomn	vos	VS	VPA	100	0	0.0
6_3_anc_omit_P	33_6_3_anc_omit_P	fig:heatmap-33-anc-omit-p	6.3 ANC omitted P	64_vos_gn_ac_b_se	vos	gn	nom-acc	balancing	sent	vos	VS	VPA	100	100	1.0
6_3_anc_omit_P	33_6_3_anc_omit_P	fig:heatmap-33-anc-omit-p	6.3 ANC omitted P	65_vos_gn_ac_b_pa	vos	gn	nom-acc	balancing	poss-acc	svo	SV	AVP	100	0	0.0
6_3_anc_omit_P	33_6_3_anc_omit_P	fig:heatmap-33-anc-omit-p	6.3 ANC omitted P	66_vos_gn_ac_b_ep	vos	gn	nom-acc	balancing	erg-poss	sov	SV	PVA	100	100	1.0
6_3_anc_omit_P	33_6_3_anc_omit_P	fig:heatmap-33-anc-omit-p	6.3 ANC omitted P	67_vos_gn_ac_b_no	vos	gn	nom-acc	balancing	nomn	svo	SV	AVP	100	0	0.0
6_3_anc_omit_P	33_6_3_anc_omit_P	fig:heatmap-33-anc-omit-p	6.3 ANC omitted P	68_vos_gn_ac_d_se	vos	gn	nom-acc	deranking	sent	vos	VS	VPA	100	0	0.0
6_3_anc_omit_P	33_6_3_anc_omit_P	fig:heatmap-33-anc-omit-p	6.3 ANC omitted P	69_vos_gn_ac_d_pa	vos	gn	nom-acc	deranking	poss-acc	svo	SV	AVP	100	0	0.0
6_3_anc_omit_P	33_6_3_anc_omit_P	fig:heatmap-33-anc-omit-p	6.3 ANC omitted P	70_vos_gn_ac_d_ep	vos	gn	nom-acc	deranking	erg-poss	sov	SV	PVA	100	0	0.0
6_3_anc_omit_P	33_6_3_anc_omit_P	fig:heatmap-33-anc-omit-p	6.3 ANC omitted P	71_vos_gn_ac_d_no	vos	gn	nom-acc	deranking	nomn	svo	SV	AVP	100	0	0.0
6_3_anc_omit_P	33_6_3_anc_omit_P	fig:heatmap-33-anc-omit-p	6.3 ANC omitted P	72_vos_gn_er_b_se	vos	gn	erg-abs	balancing	sent	vos	VS	VPA	100	0	0.0
6_3_anc_omit_P	33_6_3_anc_omit_P	fig:heatmap-33-anc-omit-p	6.3 ANC omitted P	73_vos_gn_er_b_pa	vos	gn	erg-abs	balancing	poss-acc	svo	SV	AVP	100	0	0.0
6_3_anc_omit_P	33_6_3_anc_omit_P	fig:heatmap-33-anc-omit-p	6.3 ANC omitted P	74_vos_gn_er_b_ep	vos	gn	erg-abs	balancing	erg-poss	sov	SV	PVA	100	0	0.0
6_3_anc_omit_P	33_6_3_anc_omit_P	fig:heatmap-33-anc-omit-p	6.3 ANC omitted P	75_vos_gn_er_b_no	vos	gn	erg-abs	balancing	nomn	svo	SV	AVP	100	0	0.0
6_3_anc_omit_P	33_6_3_anc_omit_P	fig:heatmap-33-anc-omit-p	6.3 ANC omitted P	76_vos_gn_er_d_se	vos	gn	erg-abs	deranking	sent	vos	VS	VPA	100	0	0.0
6_3_anc_omit_P	33_6_3_anc_omit_P	fig:heatmap-33-anc-omit-p	6.3 ANC omitted P	77_vos_gn_er_d_pa	vos	gn	erg-abs	deranking	poss-acc	svo	SV	AVP	100	0	0.0
6_3_anc_omit_P	33_6_3_anc_omit_P	fig:heatmap-33-anc-omit-p	6.3 ANC omitted P	78_vos_gn_er_d_ep	vos	gn	erg-abs	deranking	erg-poss	sov	SV	PVA	100	0	0.0
6_3_anc_omit_P	33_6_3_anc_omit_P	fig:heatmap-33-anc-omit-p	6.3 ANC omitted P	79_vos_gn_er_d_no	vos	gn	erg-abs	deranking	nomn	svo	SV	AVP	100	0	0.0
6_3_anc_omit_P	33_6_3_anc_omit_P	fig:heatmap-33-anc-omit-p	6.3 ANC omitted P	80_vos_ng_ac_b_se	vos	ng	nom-acc	balancing	sent	vos	VS	VPA	100	100	1.0
6_3_anc_omit_P	33_6_3_anc_omit_P	fig:heatmap-33-anc-omit-p	6.3 ANC omitted P	81_vos_ng_ac_b_pa	vos	ng	nom-acc	balancing	poss-acc	vos	VS	VPA	100	100	1.0
6_3_anc_omit_P	33_6_3_anc_omit_P	fig:heatmap-33-anc-omit-p	6.3 ANC omitted P	82_vos_ng_ac_b_ep	vos	ng	nom-acc	balancing	erg-poss	vos	VS	VPA	100	100	1.0
6_3_anc_omit_P	33_6_3_anc_omit_P	fig:heatmap-33-anc-omit-p	6.3 ANC omitted P	83_vos_ng_ac_b_no	vos	ng	nom-acc	balancing	nomn	vos	VS	VPA	100	100	1.0
6_3_anc_omit_P	33_6_3_anc_omit_P	fig:heatmap-33-anc-omit-p	6.3 ANC omitted P	84_vos_ng_ac_d_se	vos	ng	nom-acc	deranking	sent	vos	VS	VPA	100	0	0.0
6_3_anc_omit_P	33_6_3_anc_omit_P	fig:heatmap-33-anc-omit-p	6.3 ANC omitted P	85_vos_ng_ac_d_pa	vos	ng	nom-acc	deranking	poss-acc	vos	VS	VPA	100	0	0.0
6_3_anc_omit_P	33_6_3_anc_omit_P	fig:heatmap-33-anc-omit-p	6.3 ANC omitted P	86_vos_ng_ac_d_ep	vos	ng	nom-acc	deranking	erg-poss	vos	VS	VPA	100	0	0.0
6_3_anc_omit_P	33_6_3_anc_omit_P	fig:heatmap-33-anc-omit-p	6.3 ANC omitted P	87_vos_ng_ac_d_no	vos	ng	nom-acc	deranking	nomn	vos	VS	VPA	100	0	0.0
6_3_anc_omit_P	33_6_3_anc_omit_P	fig:heatmap-33-anc-omit-p	6.3 ANC omitted P	88_vos_ng_er_b_se	vos	ng	erg-abs	balancing	sent	vos	VS	VPA	100	0	0.0
6_3_anc_omit_P	33_6_3_anc_omit_P	fig:heatmap-33-anc-omit-p	6.3 ANC omitted P	89_vos_ng_er_b_pa	vos	ng	erg-abs	balancing	poss-acc	vos	VS	VPA	100	0	0.0
6_3_anc_omit_P	33_6_3_anc_omit_P	fig:heatmap-33-anc-omit-p	6.3 ANC omitted P	90_vos_ng_er_b_ep	vos	ng	erg-abs	balancing	erg-poss	vos	VS	VPA	100	0	0.0
6_3_anc_omit_P	33_6_3_anc_omit_P	fig:heatmap-33-anc-omit-p	6.3 ANC omitted P	91_vos_ng_er_b_no	vos	ng	erg-abs	balancing	nomn	vos	VS	VPA	100	0	0.0
6_3_anc_omit_P	33_6_3_anc_omit_P	fig:heatmap-33-anc-omit-p	6.3 ANC omitted P	92_vos_ng_er_d_se	vos	ng	erg-abs	deranking	sent	vos	VS	VPA	100	0	0.0
6_3_anc_omit_P	33_6_3_anc_omit_P	fig:heatmap-33-anc-omit-p	6.3 ANC omitted P	93_vos_ng_er_d_pa	vos	ng	erg-abs	deranking	poss-acc	vos	VS	VPA	100	0	0.0
6_3_anc_omit_P	33_6_3_anc_omit_P	fig:heatmap-33-anc-omit-p	6.3 ANC omitted P	94_vos_ng_er_d_ep	vos	ng	erg-abs	deranking	erg-poss	vos	VS	VPA	100	0	0.0
6_3_anc_omit_P	33_6_3_anc_omit_P	fig:heatmap-33-anc-omit-p	6.3 ANC omitted P	95_vos_ng_er_d_no	vos	ng	erg-abs	deranking	nomn	vos	VS	VPA	100	0	0.0
6_4_anc_omit_A_P	34_6_4_anc_omit_A_P	fig:heatmap-34-anc-omit-a-p	6.4 ANC omitted A+P	00_sov_gn_ac_b_se	sov	gn	nom-acc	balancing	sent	sov	SV	APV	100	1	0.01
6_4_anc_omit_A_P	34_6_4_anc_omit_A_P	fig:heatmap-34-anc-omit-a-p	6.4 ANC omitted A+P	01_sov_gn_ac_b_pa	sov	gn	nom-acc	balancing	poss-acc	sov	SV	APV	100	1	0.01
6_4_anc_omit_A_P	34_6_4_anc_omit_A_P	fig:heatmap-34-anc-omit-a-p	6.4 ANC omitted A+P	02_sov_gn_ac_b_ep	sov	gn	nom-acc	balancing	erg-poss	sov	SV	APV	100	1	0.01
6_4_anc_omit_A_P	34_6_4_anc_omit_A_P	fig:heatmap-34-anc-omit-a-p	6.4 ANC omitted A+P	03_sov_gn_ac_b_no	sov	gn	nom-acc	balancing	nomn	sov	SV	APV	100	1	0.01
6_4_anc_omit_A_P	34_6_4_anc_omit_A_P	fig:heatmap-34-anc-omit-a-p	6.4 ANC omitted A+P	04_sov_gn_ac_d_se	sov	gn	nom-acc	deranking	sent	sov	SV	APV	100	0	0.0
6_4_anc_omit_A_P	34_6_4_anc_omit_A_P	fig:heatmap-34-anc-omit-a-p	6.4 ANC omitted A+P	05_sov_gn_ac_d_pa	sov	gn	nom-acc	deranking	poss-acc	sov	SV	APV	100	0	0.0
6_4_anc_omit_A_P	34_6_4_anc_omit_A_P	fig:heatmap-34-anc-omit-a-p	6.4 ANC omitted A+P	06_sov_gn_ac_d_ep	sov	gn	nom-acc	deranking	erg-poss	sov	SV	APV	100	0	0.0
6_4_anc_omit_A_P	34_6_4_anc_omit_A_P	fig:heatmap-34-anc-omit-a-p	6.4 ANC omitted A+P	07_sov_gn_ac_d_no	sov	gn	nom-acc	deranking	nomn	sov	SV	APV	100	0	0.0
6_4_anc_omit_A_P	34_6_4_anc_omit_A_P	fig:heatmap-34-anc-omit-a-p	6.4 ANC omitted A+P	08_sov_gn_er_b_se	sov	gn	erg-abs	balancing	sent	sov	SV	APV	100	51	0.51
6_4_anc_omit_A_P	34_6_4_anc_omit_A_P	fig:heatmap-34-anc-omit-a-p	6.4 ANC omitted A+P	09_sov_gn_er_b_pa	sov	gn	erg-abs	balancing	poss-acc	sov	SV	APV	100	51	0.51
6_4_anc_omit_A_P	34_6_4_anc_omit_A_P	fig:heatmap-34-anc-omit-a-p	6.4 ANC omitted A+P	10_sov_gn_er_b_ep	sov	gn	erg-abs	balancing	erg-poss	sov	SV	APV	100	51	0.51
6_4_anc_omit_A_P	34_6_4_anc_omit_A_P	fig:heatmap-34-anc-omit-a-p	6.4 ANC omitted A+P	11_sov_gn_er_b_no	sov	gn	erg-abs	balancing	nomn	sov	SV	APV	100	51	0.51
6_4_anc_omit_A_P	34_6_4_anc_omit_A_P	fig:heatmap-34-anc-omit-a-p	6.4 ANC omitted A+P	12_sov_gn_er_d_se	sov	gn	erg-abs	deranking	sent	sov	SV	APV	100	51	0.51
6_4_anc_omit_A_P	34_6_4_anc_omit_A_P	fig:heatmap-34-anc-omit-a-p	6.4 ANC omitted A+P	13_sov_gn_er_d_pa	sov	gn	erg-abs	deranking	poss-acc	sov	SV	APV	100	51	0.51
6_4_anc_omit_A_P	34_6_4_anc_omit_A_P	fig:heatmap-34-anc-omit-a-p	6.4 ANC omitted A+P	14_sov_gn_er_d_ep	sov	gn	erg-abs	deranking	erg-poss	sov	SV	APV	100	51	0.51
6_4_anc_omit_A_P	34_6_4_anc_omit_A_P	fig:heatmap-34-anc-omit-a-p	6.4 ANC omitted A+P	15_sov_gn_er_d_no	sov	gn	erg-abs	deranking	nomn	sov	SV	APV	100	51	0.51
6_4_anc_omit_A_P	34_6_4_anc_omit_A_P	fig:heatmap-34-anc-omit-a-p	6.4 ANC omitted A+P	16_sov_ng_ac_b_se	sov	ng	nom-acc	balancing	sent	sov	SV	APV	100	1	0.01
6_4_anc_omit_A_P	34_6_4_anc_omit_A_P	fig:heatmap-34-anc-omit-a-p	6.4 ANC omitted A+P	17_sov_ng_ac_b_pa	sov	ng	nom-acc	balancing	poss-acc	ovs	VS	PVA	100	1	0.01
6_4_anc_omit_A_P	34_6_4_anc_omit_A_P	fig:heatmap-34-anc-omit-a-p	6.4 ANC omitted A+P	18_sov_ng_ac_b_ep	sov	ng	nom-acc	balancing	erg-poss	vos	VS	AVP	100	1	0.01
6_4_anc_omit_A_P	34_6_4_anc_omit_A_P	fig:heatmap-34-anc-omit-a-p	6.4 ANC omitted A+P	19_sov_ng_ac_b_no	sov	ng	nom-acc	balancing	nomn	ovs	VS	PVA	100	1	0.01
6_4_anc_omit_A_P	34_6_4_anc_omit_A_P	fig:heatmap-34-anc-omit-a-p	6.4 ANC omitted A+P	20_sov_ng_ac_d_se	sov	ng	nom-acc	deranking	sent	sov	SV	APV	100	0	0.0
6_4_anc_omit_A_P	34_6_4_anc_omit_A_P	fig:heatmap-34-anc-omit-a-p	6.4 ANC omitted A+P	21_sov_ng_ac_d_pa	sov	ng	nom-acc	deranking	poss-acc	ovs	VS	PVA	100	0	0.0
6_4_anc_omit_A_P	34_6_4_anc_omit_A_P	fig:heatmap-34-anc-omit-a-p	6.4 ANC omitted A+P	22_sov_ng_ac_d_ep	sov	ng	nom-acc	deranking	erg-poss	vos	VS	AVP	100	0	0.0
6_4_anc_omit_A_P	34_6_4_anc_omit_A_P	fig:heatmap-34-anc-omit-a-p	6.4 ANC omitted A+P	23_sov_ng_ac_d_no	sov	ng	nom-acc	deranking	nomn	ovs	VS	PVA	100	0	0.0
6_4_anc_omit_A_P	34_6_4_anc_omit_A_P	fig:heatmap-34-anc-omit-a-p	6.4 ANC omitted A+P	24_sov_ng_er_b_se	sov	ng	erg-abs	balancing	sent	sov	SV	APV	100	52	0.52
6_4_anc_omit_A_P	34_6_4_anc_omit_A_P	fig:heatmap-34-anc-omit-a-p	6.4 ANC omitted A+P	25_sov_ng_er_b_pa	sov	ng	erg-abs	balancing	poss-acc	ovs	VS	PVA	100	52	0.52
6_4_anc_omit_A_P	34_6_4_anc_omit_A_P	fig:heatmap-34-anc-omit-a-p	6.4 ANC omitted A+P	26_sov_ng_er_b_ep	sov	ng	erg-abs	balancing	erg-poss	vos	VS	AVP	100	52	0.52
6_4_anc_omit_A_P	34_6_4_anc_omit_A_P	fig:heatmap-34-anc-omit-a-p	6.4 ANC omitted A+P	27_sov_ng_er_b_no	sov	ng	erg-abs	balancing	nomn	ovs	VS	PVA	100	52	0.52
6_4_anc_omit_A_P	34_6_4_anc_omit_A_P	fig:heatmap-34-anc-omit-a-p	6.4 ANC omitted A+P	28_sov_ng_er_d_se	sov	ng	erg-abs	deranking	sent	sov	SV	APV	100	51	0.51
6_4_anc_omit_A_P	34_6_4_anc_omit_A_P	fig:heatmap-34-anc-omit-a-p	6.4 ANC omitted A+P	29_sov_ng_er_d_pa	sov	ng	erg-abs	deranking	poss-acc	ovs	VS	PVA	100	51	0.51
6_4_anc_omit_A_P	34_6_4_anc_omit_A_P	fig:heatmap-34-anc-omit-a-p	6.4 ANC omitted A+P	30_sov_ng_er_d_ep	sov	ng	erg-abs	deranking	erg-poss	vos	VS	AVP	100	51	0.51
6_4_anc_omit_A_P	34_6_4_anc_omit_A_P	fig:heatmap-34-anc-omit-a-p	6.4 ANC omitted A+P	31_sov_ng_er_d_no	sov	ng	erg-abs	deranking	nomn	ovs	VS	PVA	100	51	0.51
6_4_anc_omit_A_P	34_6_4_anc_omit_A_P	fig:heatmap-34-anc-omit-a-p	6.4 ANC omitted A+P	32_svo_gn_ac_b_se	svo	gn	nom-acc	balancing	sent	svo	SV	AVP	100	0	0.0
6_4_anc_omit_A_P	34_6_4_anc_omit_A_P	fig:heatmap-34-anc-omit-a-p	6.4 ANC omitted A+P	33_svo_gn_ac_b_pa	svo	gn	nom-acc	balancing	poss-acc	svo	SV	AVP	100	0	0.0
6_4_anc_omit_A_P	34_6_4_anc_omit_A_P	fig:heatmap-34-anc-omit-a-p	6.4 ANC omitted A+P	34_svo_gn_ac_b_ep	svo	gn	nom-acc	balancing	erg-poss	sov	SV	PVA	100	0	0.0
6_4_anc_omit_A_P	34_6_4_anc_omit_A_P	fig:heatmap-34-anc-omit-a-p	6.4 ANC omitted A+P	35_svo_gn_ac_b_no	svo	gn	nom-acc	balancing	nomn	svo	SV	AVP	100	0	0.0
6_4_anc_omit_A_P	34_6_4_anc_omit_A_P	fig:heatmap-34-anc-omit-a-p	6.4 ANC omitted A+P	36_svo_gn_ac_d_se	svo	gn	nom-acc	deranking	sent	svo	SV	AVP	100	0	0.0
6_4_anc_omit_A_P	34_6_4_anc_omit_A_P	fig:heatmap-34-anc-omit-a-p	6.4 ANC omitted A+P	37_svo_gn_ac_d_pa	svo	gn	nom-acc	deranking	poss-acc	svo	SV	AVP	100	0	0.0
6_4_anc_omit_A_P	34_6_4_anc_omit_A_P	fig:heatmap-34-anc-omit-a-p	6.4 ANC omitted A+P	38_svo_gn_ac_d_ep	svo	gn	nom-acc	deranking	erg-poss	sov	SV	PVA	100	0	0.0
6_4_anc_omit_A_P	34_6_4_anc_omit_A_P	fig:heatmap-34-anc-omit-a-p	6.4 ANC omitted A+P	39_svo_gn_ac_d_no	svo	gn	nom-acc	deranking	nomn	svo	SV	AVP	100	0	0.0
6_4_anc_omit_A_P	34_6_4_anc_omit_A_P	fig:heatmap-34-anc-omit-a-p	6.4 ANC omitted A+P	40_svo_gn_er_b_se	svo	gn	erg-abs	balancing	sent	svo	SV	AVP	100	51	0.51
6_4_anc_omit_A_P	34_6_4_anc_omit_A_P	fig:heatmap-34-anc-omit-a-p	6.4 ANC omitted A+P	41_svo_gn_er_b_pa	svo	gn	erg-abs	balancing	poss-acc	svo	SV	AVP	100	51	0.51
6_4_anc_omit_A_P	34_6_4_anc_omit_A_P	fig:heatmap-34-anc-omit-a-p	6.4 ANC omitted A+P	42_svo_gn_er_b_ep	svo	gn	erg-abs	balancing	erg-poss	sov	SV	PVA	100	51	0.51
6_4_anc_omit_A_P	34_6_4_anc_omit_A_P	fig:heatmap-34-anc-omit-a-p	6.4 ANC omitted A+P	43_svo_gn_er_b_no	svo	gn	erg-abs	balancing	nomn	svo	SV	AVP	100	51	0.51
6_4_anc_omit_A_P	34_6_4_anc_omit_A_P	fig:heatmap-34-anc-omit-a-p	6.4 ANC omitted A+P	44_svo_gn_er_d_se	svo	gn	erg-abs	deranking	sent	svo	SV	AVP	100	51	0.51
6_4_anc_omit_A_P	34_6_4_anc_omit_A_P	fig:heatmap-34-anc-omit-a-p	6.4 ANC omitted A+P	45_svo_gn_er_d_pa	svo	gn	erg-abs	deranking	poss-acc	svo	SV	AVP	100	51	0.51
6_4_anc_omit_A_P	34_6_4_anc_omit_A_P	fig:heatmap-34-anc-omit-a-p	6.4 ANC omitted A+P	46_svo_gn_er_d_ep	svo	gn	erg-abs	deranking	erg-poss	sov	SV	PVA	100	51	0.51
6_4_anc_omit_A_P	34_6_4_anc_omit_A_P	fig:heatmap-34-anc-omit-a-p	6.4 ANC omitted A+P	47_svo_gn_er_d_no	svo	gn	erg-abs	deranking	nomn	svo	SV	AVP	100	51	0.51
6_4_anc_omit_A_P	34_6_4_anc_omit_A_P	fig:heatmap-34-anc-omit-a-p	6.4 ANC omitted A+P	48_svo_ng_ac_b_se	svo	ng	nom-acc	balancing	sent	svo	SV	AVP	100	0	0.0
6_4_anc_omit_A_P	34_6_4_anc_omit_A_P	fig:heatmap-34-anc-omit-a-p	6.4 ANC omitted A+P	49_svo_ng_ac_b_pa	svo	ng	nom-acc	balancing	poss-acc	vos	VS	VPA	100	0	0.0
6_4_anc_omit_A_P	34_6_4_anc_omit_A_P	fig:heatmap-34-anc-omit-a-p	6.4 ANC omitted A+P	50_svo_ng_ac_b_ep	svo	ng	nom-acc	balancing	erg-poss	vos	VS	VPA	100	0	0.0
6_4_anc_omit_A_P	34_6_4_anc_omit_A_P	fig:heatmap-34-anc-omit-a-p	6.4 ANC omitted A+P	51_svo_ng_ac_b_no	svo	ng	nom-acc	balancing	nomn	vos	VS	VPA	100	0	0.0
6_4_anc_omit_A_P	34_6_4_anc_omit_A_P	fig:heatmap-34-anc-omit-a-p	6.4 ANC omitted A+P	52_svo_ng_ac_d_se	svo	ng	nom-acc	deranking	sent	svo	SV	AVP	100	0	0.0
6_4_anc_omit_A_P	34_6_4_anc_omit_A_P	fig:heatmap-34-anc-omit-a-p	6.4 ANC omitted A+P	53_svo_ng_ac_d_pa	svo	ng	nom-acc	deranking	poss-acc	vos	VS	VPA	100	0	0.0
6_4_anc_omit_A_P	34_6_4_anc_omit_A_P	fig:heatmap-34-anc-omit-a-p	6.4 ANC omitted A+P	54_svo_ng_ac_d_ep	svo	ng	nom-acc	deranking	erg-poss	vos	VS	VPA	100	0	0.0
6_4_anc_omit_A_P	34_6_4_anc_omit_A_P	fig:heatmap-34-anc-omit-a-p	6.4 ANC omitted A+P	55_svo_ng_ac_d_no	svo	ng	nom-acc	deranking	nomn	vos	VS	VPA	100	0	0.0
6_4_anc_omit_A_P	34_6_4_anc_omit_A_P	fig:heatmap-34-anc-omit-a-p	6.4 ANC omitted A+P	56_svo_ng_er_b_se	svo	ng	erg-abs	balancing	sent	svo	SV	AVP	100	51	0.51
6_4_anc_omit_A_P	34_6_4_anc_omit_A_P	fig:heatmap-34-anc-omit-a-p	6.4 ANC omitted A+P	57_svo_ng_er_b_pa	svo	ng	erg-abs	balancing	poss-acc	vos	VS	VPA	100	51	0.51
6_4_anc_omit_A_P	34_6_4_anc_omit_A_P	fig:heatmap-34-anc-omit-a-p	6.4 ANC omitted A+P	58_svo_ng_er_b_ep	svo	ng	erg-abs	balancing	erg-poss	vos	VS	VPA	100	51	0.51
6_4_anc_omit_A_P	34_6_4_anc_omit_A_P	fig:heatmap-34-anc-omit-a-p	6.4 ANC omitted A+P	59_svo_ng_er_b_no	svo	ng	erg-abs	balancing	nomn	vos	VS	VPA	100	51	0.51
6_4_anc_omit_A_P	34_6_4_anc_omit_A_P	fig:heatmap-34-anc-omit-a-p	6.4 ANC omitted A+P	60_svo_ng_er_d_se	svo	ng	erg-abs	deranking	sent	svo	SV	AVP	100	51	0.51
6_4_anc_omit_A_P	34_6_4_anc_omit_A_P	fig:heatmap-34-anc-omit-a-p	6.4 ANC omitted A+P	61_svo_ng_er_d_pa	svo	ng	erg-abs	deranking	poss-acc	vos	VS	VPA	100	51	0.51
6_4_anc_omit_A_P	34_6_4_anc_omit_A_P	fig:heatmap-34-anc-omit-a-p	6.4 ANC omitted A+P	62_svo_ng_er_d_ep	svo	ng	erg-abs	deranking	erg-poss	vos	VS	VPA	100	51	0.51
6_4_anc_omit_A_P	34_6_4_anc_omit_A_P	fig:heatmap-34-anc-omit-a-p	6.4 ANC omitted A+P	63_svo_ng_er_d_no	svo	ng	erg-abs	deranking	nomn	vos	VS	VPA	100	51	0.51
6_4_anc_omit_A_P	34_6_4_anc_omit_A_P	fig:heatmap-34-anc-omit-a-p	6.4 ANC omitted A+P	64_vos_gn_ac_b_se	vos	gn	nom-acc	balancing	sent	vos	VS	VPA	100	1	0.01
6_4_anc_omit_A_P	34_6_4_anc_omit_A_P	fig:heatmap-34-anc-omit-a-p	6.4 ANC omitted A+P	65_vos_gn_ac_b_pa	vos	gn	nom-acc	balancing	poss-acc	svo	SV	AVP	100	1	0.01
6_4_anc_omit_A_P	34_6_4_anc_omit_A_P	fig:heatmap-34-anc-omit-a-p	6.4 ANC omitted A+P	66_vos_gn_ac_b_ep	vos	gn	nom-acc	balancing	erg-poss	sov	SV	PVA	100	1	0.01
6_4_anc_omit_A_P	34_6_4_anc_omit_A_P	fig:heatmap-34-anc-omit-a-p	6.4 ANC omitted A+P	67_vos_gn_ac_b_no	vos	gn	nom-acc	balancing	nomn	svo	SV	AVP	100	1	0.01
6_4_anc_omit_A_P	34_6_4_anc_omit_A_P	fig:heatmap-34-anc-omit-a-p	6.4 ANC omitted A+P	68_vos_gn_ac_d_se	vos	gn	nom-acc	deranking	sent	vos	VS	VPA	100	0	0.0
6_4_anc_omit_A_P	34_6_4_anc_omit_A_P	fig:heatmap-34-anc-omit-a-p	6.4 ANC omitted A+P	69_vos_gn_ac_d_pa	vos	gn	nom-acc	deranking	poss-acc	svo	SV	AVP	100	0	0.0
6_4_anc_omit_A_P	34_6_4_anc_omit_A_P	fig:heatmap-34-anc-omit-a-p	6.4 ANC omitted A+P	70_vos_gn_ac_d_ep	vos	gn	nom-acc	deranking	erg-poss	sov	SV	PVA	100	0	0.0
6_4_anc_omit_A_P	34_6_4_anc_omit_A_P	fig:heatmap-34-anc-omit-a-p	6.4 ANC omitted A+P	71_vos_gn_ac_d_no	vos	gn	nom-acc	deranking	nomn	svo	SV	AVP	100	0	0.0
6_4_anc_omit_A_P	34_6_4_anc_omit_A_P	fig:heatmap-34-anc-omit-a-p	6.4 ANC omitted A+P	72_vos_gn_er_b_se	vos	gn	erg-abs	balancing	sent	vos	VS	VPA	100	52	0.52
6_4_anc_omit_A_P	34_6_4_anc_omit_A_P	fig:heatmap-34-anc-omit-a-p	6.4 ANC omitted A+P	73_vos_gn_er_b_pa	vos	gn	erg-abs	balancing	poss-acc	svo	SV	AVP	100	52	0.52
6_4_anc_omit_A_P	34_6_4_anc_omit_A_P	fig:heatmap-34-anc-omit-a-p	6.4 ANC omitted A+P	74_vos_gn_er_b_ep	vos	gn	erg-abs	balancing	erg-poss	sov	SV	PVA	100	52	0.52
6_4_anc_omit_A_P	34_6_4_anc_omit_A_P	fig:heatmap-34-anc-omit-a-p	6.4 ANC omitted A+P	75_vos_gn_er_b_no	vos	gn	erg-abs	balancing	nomn	svo	SV	AVP	100	52	0.52
6_4_anc_omit_A_P	34_6_4_anc_omit_A_P	fig:heatmap-34-anc-omit-a-p	6.4 ANC omitted A+P	76_vos_gn_er_d_se	vos	gn	erg-abs	deranking	sent	vos	VS	VPA	100	51	0.51
6_4_anc_omit_A_P	34_6_4_anc_omit_A_P	fig:heatmap-34-anc-omit-a-p	6.4 ANC omitted A+P	77_vos_gn_er_d_pa	vos	gn	erg-abs	deranking	poss-acc	svo	SV	AVP	100	51	0.51
6_4_anc_omit_A_P	34_6_4_anc_omit_A_P	fig:heatmap-34-anc-omit-a-p	6.4 ANC omitted A+P	78_vos_gn_er_d_ep	vos	gn	erg-abs	deranking	erg-poss	sov	SV	PVA	100	51	0.51
6_4_anc_omit_A_P	34_6_4_anc_omit_A_P	fig:heatmap-34-anc-omit-a-p	6.4 ANC omitted A+P	79_vos_gn_er_d_no	vos	gn	erg-abs	deranking	nomn	svo	SV	AVP	100	51	0.51
6_4_anc_omit_A_P	34_6_4_anc_omit_A_P	fig:heatmap-34-anc-omit-a-p	6.4 ANC omitted A+P	80_vos_ng_ac_b_se	vos	ng	nom-acc	balancing	sent	vos	VS	VPA	100	1	0.01
6_4_anc_omit_A_P	34_6_4_anc_omit_A_P	fig:heatmap-34-anc-omit-a-p	6.4 ANC omitted A+P	81_vos_ng_ac_b_pa	vos	ng	nom-acc	balancing	poss-acc	vos	VS	VPA	100	1	0.01
6_4_anc_omit_A_P	34_6_4_anc_omit_A_P	fig:heatmap-34-anc-omit-a-p	6.4 ANC omitted A+P	82_vos_ng_ac_b_ep	vos	ng	nom-acc	balancing	erg-poss	vos	VS	VPA	100	1	0.01
6_4_anc_omit_A_P	34_6_4_anc_omit_A_P	fig:heatmap-34-anc-omit-a-p	6.4 ANC omitted A+P	83_vos_ng_ac_b_no	vos	ng	nom-acc	balancing	nomn	vos	VS	VPA	100	1	0.01
6_4_anc_omit_A_P	34_6_4_anc_omit_A_P	fig:heatmap-34-anc-omit-a-p	6.4 ANC omitted A+P	84_vos_ng_ac_d_se	vos	ng	nom-acc	deranking	sent	vos	VS	VPA	100	0	0.0
6_4_anc_omit_A_P	34_6_4_anc_omit_A_P	fig:heatmap-34-anc-omit-a-p	6.4 ANC omitted A+P	85_vos_ng_ac_d_pa	vos	ng	nom-acc	deranking	poss-acc	vos	VS	VPA	100	0	0.0
6_4_anc_omit_A_P	34_6_4_anc_omit_A_P	fig:heatmap-34-anc-omit-a-p	6.4 ANC omitted A+P	86_vos_ng_ac_d_ep	vos	ng	nom-acc	deranking	erg-poss	vos	VS	VPA	100	0	0.0
6_4_anc_omit_A_P	34_6_4_anc_omit_A_P	fig:heatmap-34-anc-omit-a-p	6.4 ANC omitted A+P	87_vos_ng_ac_d_no	vos	ng	nom-acc	deranking	nomn	vos	VS	VPA	100	0	0.0
6_4_anc_omit_A_P	34_6_4_anc_omit_A_P	fig:heatmap-34-anc-omit-a-p	6.4 ANC omitted A+P	88_vos_ng_er_b_se	vos	ng	erg-abs	balancing	sent	vos	VS	VPA	100	51	0.51
6_4_anc_omit_A_P	34_6_4_anc_omit_A_P	fig:heatmap-34-anc-omit-a-p	6.4 ANC omitted A+P	89_vos_ng_er_b_pa	vos	ng	erg-abs	balancing	poss-acc	vos	VS	VPA	100	51	0.51
6_4_anc_omit_A_P	34_6_4_anc_omit_A_P	fig:heatmap-34-anc-omit-a-p	6.4 ANC omitted A+P	90_vos_ng_er_b_ep	vos	ng	erg-abs	balancing	erg-poss	vos	VS	VPA	100	51	0.51
6_4_anc_omit_A_P	34_6_4_anc_omit_A_P	fig:heatmap-34-anc-omit-a-p	6.4 ANC omitted A+P	91_vos_ng_er_b_no	vos	ng	erg-abs	balancing	nomn	vos	VS	VPA	100	51	0.51
6_4_anc_omit_A_P	34_6_4_anc_omit_A_P	fig:heatmap-34-anc-omit-a-p	6.4 ANC omitted A+P	92_vos_ng_er_d_se	vos	ng	erg-abs	deranking	sent	vos	VS	VPA	100	51	0.51
6_4_anc_omit_A_P	34_6_4_anc_omit_A_P	fig:heatmap-34-anc-omit-a-p	6.4 ANC omitted A+P	93_vos_ng_er_d_pa	vos	ng	erg-abs	deranking	poss-acc	vos	VS	VPA	100	51	0.51
6_4_anc_omit_A_P	34_6_4_anc_omit_A_P	fig:heatmap-34-anc-omit-a-p	6.4 ANC omitted A+P	94_vos_ng_er_d_ep	vos	ng	erg-abs	deranking	erg-poss	vos	VS	VPA	100	51	0.51
6_4_anc_omit_A_P	34_6_4_anc_omit_A_P	fig:heatmap-34-anc-omit-a-p	6.4 ANC omitted A+P	95_vos_ng_er_d_no	vos	ng	erg-abs	deranking	nomn	vos	VS	VPA	100	51	0.51
