phenomenon	figure_stem	label	title	language	clause_wo	np_wo	alignment	comp_system	strategy	anc_choice_word_order	anc_iv_order	anc_tv_order	n_pairs	accuracy	accuracy_sd	accuracy_pct	accuracy_pct_sd	accuracy_min	accuracy_max	ties_mean	tie_rate	mean_delta_good_minus_bad	mean_delta_good_minus_bad_sd	score_mode	seeds
1_1_intran_V_form	01_1_1_intran_V_form	fig:heatmap-1-intran-v-form	1.1 Intransitive finite verb form	00_sov_gn_ac_b_se	sov	gn	nom-acc	balancing	sent	sov	SV	APV	100	1.0	0.0	100.0	0.0	1.0	1.0	0.0	0.0	3.1772215596834816	0.015759888376721834	bos_eos	seed_42,seed_43,seed_44
1_1_intran_V_form	01_1_1_intran_V_form	fig:heatmap-1-intran-v-form	1.1 Intransitive finite verb form	01_sov_gn_ac_b_pa	sov	gn	nom-acc	balancing	poss-acc	sov	SV	APV	100	1.0	0.0	100.0	0.0	1.0	1.0	0.0	0.0	3.245690273443858	0.1414701040448509	bos_eos	seed_42,seed_43,seed_44
1_1_intran_V_form	01_1_1_intran_V_form	fig:heatmap-1-intran-v-form	1.1 Intransitive finite verb form	02_sov_gn_ac_b_ep	sov	gn	nom-acc	balancing	erg-poss	sov	SV	APV	100	1.0	0.0	100.0	0.0	1.0	1.0	0.0	0.0	3.215975379149119	0.1796648501900364	bos_eos	seed_42,seed_43,seed_44
1_1_intran_V_form	01_1_1_intran_V_form	fig:heatmap-1-intran-v-form	1.1 Intransitive finite verb form	03_sov_gn_ac_b_no	sov	gn	nom-acc	balancing	nomn	sov	SV	APV	100	1.0	0.0	100.0	0.0	1.0	1.0	0.0	0.0	3.2650460974375406	0.05851848087473696	bos_eos	seed_42,seed_43,seed_44
1_1_intran_V_form	01_1_1_intran_V_form	fig:heatmap-1-intran-v-form	1.1 Intransitive finite verb form	04_sov_gn_ac_d_se	sov	gn	nom-acc	deranking	sent	sov	SV	APV	100	1.0	0.0	100.0	0.0	1.0	1.0	0.0	0.0	2.5238295491536458	0.23967667863716996	bos_eos	seed_42,seed_43,seed_44
1_1_intran_V_form	01_1_1_intran_V_form	fig:heatmap-1-intran-v-form	1.1 Intransitive finite verb form	05_sov_gn_ac_d_pa	sov	gn	nom-acc	deranking	poss-acc	sov	SV	APV	100	1.0	0.0	100.0	0.0	1.0	1.0	0.0	0.0	2.557722518444061	0.27692893347835074	bos_eos	seed_42,seed_43,seed_44
1_1_intran_V_form	01_1_1_intran_V_form	fig:heatmap-1-intran-v-form	1.1 Intransitive finite verb form	06_sov_gn_ac_d_ep	sov	gn	nom-acc	deranking	erg-poss	sov	SV	APV	100	1.0	0.0	100.0	0.0	1.0	1.0	0.0	0.0	2.5336676907539366	0.18014294247700044	bos_eos	seed_42,seed_43,seed_44
1_1_intran_V_form	01_1_1_intran_V_form	fig:heatmap-1-intran-v-form	1.1 Intransitive finite verb form	07_sov_gn_ac_d_no	sov	gn	nom-acc	deranking	nomn	sov	SV	APV	100	1.0	0.0	100.0	0.0	1.0	1.0	0.0	0.0	2.7093260224660236	0.2081028738950127	bos_eos	seed_42,seed_43,seed_44
1_1_intran_V_form	01_1_1_intran_V_form	fig:heatmap-1-intran-v-form	1.1 Intransitive finite verb form	08_sov_gn_er_b_se	sov	gn	erg-abs	balancing	sent	sov	SV	APV	100	1.0	0.0	100.0	0.0	1.0	1.0	0.0	0.0	3.2458985090255736	0.17397736420467155	bos_eos	seed_42,seed_43,seed_44
1_1_intran_V_form	01_1_1_intran_V_form	fig:heatmap-1-intran-v-form	1.1 Intransitive finite verb form	09_sov_gn_er_b_pa	sov	gn	erg-abs	balancing	poss-acc	sov	SV	APV	100	1.0	0.0	100.0	0.0	1.0	1.0	0.0	0.0	3.4537758445739746	0.01663073373467227	bos_eos	seed_42,seed_43,seed_44
1_1_intran_V_form	01_1_1_intran_V_form	fig:heatmap-1-intran-v-form	1.1 Intransitive finite verb form	10_sov_gn_er_b_ep	sov	gn	erg-abs	balancing	erg-poss	sov	SV	APV	100	1.0	0.0	100.0	0.0	1.0	1.0	0.0	0.0	3.4219439140955608	0.058977232856659276	bos_eos	seed_42,seed_43,seed_44
1_1_intran_V_form	01_1_1_intran_V_form	fig:heatmap-1-intran-v-form	1.1 Intransitive finite verb form	11_sov_gn_er_b_no	sov	gn	erg-abs	balancing	nomn	sov	SV	APV	100	1.0	0.0	100.0	0.0	1.0	1.0	0.0	0.0	3.461721217632294	0.03998053194413699	bos_eos	seed_42,seed_43,seed_44
1_1_intran_V_form	01_1_1_intran_V_form	fig:heatmap-1-intran-v-form	1.1 Intransitive finite verb form	12_sov_gn_er_d_se	sov	gn	erg-abs	deranking	sent	sov	SV	APV	100	0.9966666666666667	0.005773502691896263	99.66666666666667	0.5773502691896257	0.99	1.0	0.0	0.0	2.898116597334544	0.09738358335905481	bos_eos	seed_42,seed_43,seed_44
1_1_intran_V_form	01_1_1_intran_V_form	fig:heatmap-1-intran-v-form	1.1 Intransitive finite verb form	13_sov_gn_er_d_pa	sov	gn	erg-abs	deranking	poss-acc	sov	SV	APV	100	1.0	0.0	100.0	0.0	1.0	1.0	0.0	0.0	2.946130146185557	0.30199249015537794	bos_eos	seed_42,seed_43,seed_44
1_1_intran_V_form	01_1_1_intran_V_form	fig:heatmap-1-intran-v-form	1.1 Intransitive finite verb form	14_sov_gn_er_d_ep	sov	gn	erg-abs	deranking	erg-poss	sov	SV	APV	100	1.0	0.0	100.0	0.0	1.0	1.0	0.0	0.0	2.765957823594411	0.20433990874168573	bos_eos	seed_42,seed_43,seed_44
1_1_intran_V_form	01_1_1_intran_V_form	fig:heatmap-1-intran-v-form	1.1 Intransitive finite verb form	15_sov_gn_er_d_no	sov	gn	erg-abs	deranking	nomn	sov	SV	APV	100	1.0	0.0	100.0	0.0	1.0	1.0	0.0	0.0	2.769991275469462	0.11915321843467362	bos_eos	seed_42,seed_43,seed_44
1_1_intran_V_form	01_1_1_intran_V_form	fig:heatmap-1-intran-v-form	1.1 Intransitive finite verb form	16_sov_ng_ac_b_se	sov	ng	nom-acc	balancing	sent	sov	SV	APV	100	1.0	0.0	100.0	0.0	1.0	1.0	0.0	0.0	3.0865163159370423	0.028210979573087495	bos_eos	seed_42,seed_43,seed_44
1_1_intran_V_form	01_1_1_intran_V_form	fig:heatmap-1-intran-v-form	1.1 Intransitive finite verb form	17_sov_ng_ac_b_pa	sov	ng	nom-acc	balancing	poss-acc	ovs	VS	PVA	100	1.0	0.0	100.0	0.0	1.0	1.0	0.0	0.0	3.184524648189545	0.0727328962642894	bos_eos	seed_42,seed_43,seed_44
1_1_intran_V_form	01_1_1_intran_V_form	fig:heatmap-1-intran-v-form	1.1 Intransitive finite verb form	18_sov_ng_ac_b_ep	sov	ng	nom-acc	balancing	erg-poss	vos	VS	AVP	100	1.0	0.0	100.0	0.0	1.0	1.0	0.0	0.0	3.121257115205129	0.1932964610034993	bos_eos	seed_42,seed_43,seed_44
1_1_intran_V_form	01_1_1_intran_V_form	fig:heatmap-1-intran-v-form	1.1 Intransitive finite verb form	19_sov_ng_ac_b_no	sov	ng	nom-acc	balancing	nomn	ovs	VS	PVA	100	1.0	0.0	100.0	0.0	1.0	1.0	0.0	0.0	3.1473956227302553	0.13793947246839064	bos_eos	seed_42,seed_43,seed_44
1_1_intran_V_form	01_1_1_intran_V_form	fig:heatmap-1-intran-v-form	1.1 Intransitive finite verb form	20_sov_ng_ac_d_se	sov	ng	nom-acc	deranking	sent	sov	SV	APV	100	1.0	0.0	100.0	0.0	1.0	1.0	0.0	0.0	2.6788114460309345	0.06050843412807628	bos_eos	seed_42,seed_43,seed_44
1_1_intran_V_form	01_1_1_intran_V_form	fig:heatmap-1-intran-v-form	1.1 Intransitive finite verb form	21_sov_ng_ac_d_pa	sov	ng	nom-acc	deranking	poss-acc	ovs	VS	PVA	100	1.0	0.0	100.0	0.0	1.0	1.0	0.0	0.0	2.5409011085828146	0.023378208661816655	bos_eos	seed_42,seed_43,seed_44
1_1_intran_V_form	01_1_1_intran_V_form	fig:heatmap-1-intran-v-form	1.1 Intransitive finite verb form	22_sov_ng_ac_d_ep	sov	ng	nom-acc	deranking	erg-poss	vos	VS	AVP	100	1.0	0.0	100.0	0.0	1.0	1.0	0.0	0.0	2.778282896677653	0.21452416112630832	bos_eos	seed_42,seed_43,seed_44
1_1_intran_V_form	01_1_1_intran_V_form	fig:heatmap-1-intran-v-form	1.1 Intransitive finite verb form	23_sov_ng_ac_d_no	sov	ng	nom-acc	deranking	nomn	ovs	VS	PVA	100	1.0	0.0	100.0	0.0	1.0	1.0	0.0	0.0	2.655505344072978	0.11075355060685353	bos_eos	seed_42,seed_43,seed_44
1_1_intran_V_form	01_1_1_intran_V_form	fig:heatmap-1-intran-v-form	1.1 Intransitive finite verb form	24_sov_ng_er_b_se	sov	ng	erg-abs	balancing	sent	sov	SV	APV	100	0.9966666666666667	0.005773502691896263	99.66666666666667	0.5773502691896257	0.99	1.0	0.0	0.0	2.9953721237182616	0.2945433664513758	bos_eos	seed_42,seed_43,seed_44
1_1_intran_V_form	01_1_1_intran_V_form	fig:heatmap-1-intran-v-form	1.1 Intransitive finite verb form	25_sov_ng_er_b_pa	sov	ng	erg-abs	balancing	poss-acc	ovs	VS	PVA	100	1.0	0.0	100.0	0.0	1.0	1.0	0.0	0.0	3.0785191146532696	0.024855978121408717	bos_eos	seed_42,seed_43,seed_44
1_1_intran_V_form	01_1_1_intran_V_form	fig:heatmap-1-intran-v-form	1.1 Intransitive finite verb form	26_sov_ng_er_b_ep	sov	ng	erg-abs	balancing	erg-poss	vos	VS	AVP	100	1.0	0.0	100.0	0.0	1.0	1.0	0.0	0.0	3.440649542808533	0.26584346694839195	bos_eos	seed_42,seed_43,seed_44
1_1_intran_V_form	01_1_1_intran_V_form	fig:heatmap-1-intran-v-form	1.1 Intransitive finite verb form	27_sov_ng_er_b_no	sov	ng	erg-abs	balancing	nomn	ovs	VS	PVA	100	1.0	0.0	100.0	0.0	1.0	1.0	0.0	0.0	3.288043931325277	0.121598513819991	bos_eos	seed_42,seed_43,seed_44
1_1_intran_V_form	01_1_1_intran_V_form	fig:heatmap-1-intran-v-form	1.1 Intransitive finite verb form	28_sov_ng_er_d_se	sov	ng	erg-abs	deranking	sent	sov	SV	APV	100	1.0	0.0	100.0	0.0	1.0	1.0	0.0	0.0	3.134382758140564	0.08450079009116698	bos_eos	seed_42,seed_43,seed_44
1_1_intran_V_form	01_1_1_intran_V_form	fig:heatmap-1-intran-v-form	1.1 Intransitive finite verb form	29_sov_ng_er_d_pa	sov	ng	erg-abs	deranking	poss-acc	ovs	VS	PVA	100	1.0	0.0	100.0	0.0	1.0	1.0	0.0	0.0	2.8804623262087503	0.0571759033108412	bos_eos	seed_42,seed_43,seed_44
1_1_intran_V_form	01_1_1_intran_V_form	fig:heatmap-1-intran-v-form	1.1 Intransitive finite verb form	30_sov_ng_er_d_ep	sov	ng	erg-abs	deranking	erg-poss	vos	VS	AVP	100	1.0	0.0	100.0	0.0	1.0	1.0	0.0	0.0	3.022052771250407	0.3683714768227939	bos_eos	seed_42,seed_43,seed_44
1_1_intran_V_form	01_1_1_intran_V_form	fig:heatmap-1-intran-v-form	1.1 Intransitive finite verb form	31_sov_ng_er_d_no	sov	ng	erg-abs	deranking	nomn	ovs	VS	PVA	100	1.0	0.0	100.0	0.0	1.0	1.0	0.0	0.0	3.2287434697151185	0.198188854171599	bos_eos	seed_42,seed_43,seed_44
1_1_intran_V_form	01_1_1_intran_V_form	fig:heatmap-1-intran-v-form	1.1 Intransitive finite verb form	32_svo_gn_ac_b_se	svo	gn	nom-acc	balancing	sent	svo	SV	AVP	100	1.0	0.0	100.0	0.0	1.0	1.0	0.0	0.0	3.531007736523946	0.2588300561971719	bos_eos	seed_42,seed_43,seed_44
1_1_intran_V_form	01_1_1_intran_V_form	fig:heatmap-1-intran-v-form	1.1 Intransitive finite verb form	33_svo_gn_ac_b_pa	svo	gn	nom-acc	balancing	poss-acc	svo	SV	AVP	100	1.0	0.0	100.0	0.0	1.0	1.0	0.0	0.0	3.7250723091761273	0.18244439727011003	bos_eos	seed_42,seed_43,seed_44
1_1_intran_V_form	01_1_1_intran_V_form	fig:heatmap-1-intran-v-form	1.1 Intransitive finite verb form	34_svo_gn_ac_b_ep	svo	gn	nom-acc	balancing	erg-poss	sov	SV	PVA	100	1.0	0.0	100.0	0.0	1.0	1.0	0.0	0.0	3.741741136709849	0.11887428565044189	bos_eos	seed_42,seed_43,seed_44
1_1_intran_V_form	01_1_1_intran_V_form	fig:heatmap-1-intran-v-form	1.1 Intransitive finite verb form	35_svo_gn_ac_b_no	svo	gn	nom-acc	balancing	nomn	svo	SV	AVP	100	1.0	0.0	100.0	0.0	1.0	1.0	0.0	0.0	3.658593663374583	0.13681814954014082	bos_eos	seed_42,seed_43,seed_44
1_1_intran_V_form	01_1_1_intran_V_form	fig:heatmap-1-intran-v-form	1.1 Intransitive finite verb form	36_svo_gn_ac_d_se	svo	gn	nom-acc	deranking	sent	svo	SV	AVP	100	0.96	0.03605551275463988	96.0	3.605551275463989	0.93	1.0	0.0	0.0	1.174183639685313	0.014455497791955894	bos_eos	seed_42,seed_43,seed_44
1_1_intran_V_form	01_1_1_intran_V_form	fig:heatmap-1-intran-v-form	1.1 Intransitive finite verb form	37_svo_gn_ac_d_pa	svo	gn	nom-acc	deranking	poss-acc	svo	SV	AVP	100	0.9833333333333333	0.01527525231651948	98.33333333333333	1.5275252316519468	0.97	1.0	0.0	0.0	1.2599640417098998	0.04869867083296542	bos_eos	seed_42,seed_43,seed_44
1_1_intran_V_form	01_1_1_intran_V_form	fig:heatmap-1-intran-v-form	1.1 Intransitive finite verb form	38_svo_gn_ac_d_ep	svo	gn	nom-acc	deranking	erg-poss	sov	SV	PVA	100	0.9533333333333333	0.005773502691896263	95.33333333333333	0.5773502691896257	0.95	0.96	0.0	0.0	1.227141342163086	0.0633133842789242	bos_eos	seed_42,seed_43,seed_44
1_1_intran_V_form	01_1_1_intran_V_form	fig:heatmap-1-intran-v-form	1.1 Intransitive finite verb form	39_svo_gn_ac_d_no	svo	gn	nom-acc	deranking	nomn	svo	SV	AVP	100	0.9633333333333333	0.01527525231651948	96.33333333333333	1.5275252316519468	0.95	0.98	0.0	0.0	1.21944504737854	0.0882531738933107	bos_eos	seed_42,seed_43,seed_44
1_1_intran_V_form	01_1_1_intran_V_form	fig:heatmap-1-intran-v-form	1.1 Intransitive finite verb form	40_svo_gn_er_b_se	svo	gn	erg-abs	balancing	sent	svo	SV	AVP	100	1.0	0.0	100.0	0.0	1.0	1.0	0.0	0.0	3.1885260923703513	0.21989131107626486	bos_eos	seed_42,seed_43,seed_44
1_1_intran_V_form	01_1_1_intran_V_form	fig:heatmap-1-intran-v-form	1.1 Intransitive finite verb form	41_svo_gn_er_b_pa	svo	gn	erg-abs	balancing	poss-acc	svo	SV	AVP	100	1.0	0.0	100.0	0.0	1.0	1.0	0.0	0.0	3.3318286681175233	0.10363727995841497	bos_eos	seed_42,seed_43,seed_44
1_1_intran_V_form	01_1_1_intran_V_form	fig:heatmap-1-intran-v-form	1.1 Intransitive finite verb form	42_svo_gn_er_b_ep	svo	gn	erg-abs	balancing	erg-poss	sov	SV	PVA	100	1.0	0.0	100.0	0.0	1.0	1.0	0.0	0.0	3.4278403449058534	0.2678026976820825	bos_eos	seed_42,seed_43,seed_44
1_1_intran_V_form	01_1_1_intran_V_form	fig:heatmap-1-intran-v-form	1.1 Intransitive finite verb form	43_svo_gn_er_b_no	svo	gn	erg-abs	balancing	nomn	svo	SV	AVP	100	0.9966666666666667	0.005773502691896263	99.66666666666667	0.5773502691896257	0.99	1.0	0.0	0.0	3.380128936767578	0.03680055208650807	bos_eos	seed_42,seed_43,seed_44
1_1_intran_V_form	01_1_1_intran_V_form	fig:heatmap-1-intran-v-form	1.1 Intransitive finite verb form	44_svo_gn_er_d_se	svo	gn	erg-abs	deranking	sent	svo	SV	AVP	100	0.9733333333333333	0.020816659994661348	97.33333333333333	2.0816659994661326	0.95	0.99	0.0	0.0	1.4671320978800455	0.11968642571056064	bos_eos	seed_42,seed_43,seed_44
1_1_intran_V_form	01_1_1_intran_V_form	fig:heatmap-1-intran-v-form	1.1 Intransitive finite verb form	45_svo_gn_er_d_pa	svo	gn	erg-abs	deranking	poss-acc	svo	SV	AVP	100	0.9733333333333333	0.01527525231651948	97.33333333333333	1.5275252316519468	0.96	0.99	0.0	0.0	1.4183378267288207	0.028196798341903292	bos_eos	seed_42,seed_43,seed_44
1_1_intran_V_form	01_1_1_intran_V_form	fig:heatmap-1-intran-v-form	1.1 Intransitive finite verb form	46_svo_gn_er_d_ep	svo	gn	erg-abs	deranking	erg-poss	sov	SV	PVA	100	0.9633333333333333	0.005773502691896263	96.33333333333333	0.5773502691896257	0.96	0.97	0.0	0.0	1.4389299861590068	0.16275982299529337	bos_eos	seed_42,seed_43,seed_44
1_1_intran_V_form	01_1_1_intran_V_form	fig:heatmap-1-intran-v-form	1.1 Intransitive finite verb form	47_svo_gn_er_d_no	svo	gn	erg-abs	deranking	nomn	svo	SV	AVP	100	0.9633333333333333	0.011547005383792526	96.33333333333333	1.1547005383792515	0.95	0.97	0.0	0.0	1.424840973218282	0.11597950887971133	bos_eos	seed_42,seed_43,seed_44
1_1_intran_V_form	01_1_1_intran_V_form	fig:heatmap-1-intran-v-form	1.1 Intransitive finite verb form	48_svo_ng_ac_b_se	svo	ng	nom-acc	balancing	sent	svo	SV	AVP	100	1.0	0.0	100.0	0.0	1.0	1.0	0.0	0.0	3.316370697021484	0.12283828507552745	bos_eos	seed_42,seed_43,seed_44
1_1_intran_V_form	01_1_1_intran_V_form	fig:heatmap-1-intran-v-form	1.1 Intransitive finite verb form	49_svo_ng_ac_b_pa	svo	ng	nom-acc	balancing	poss-acc	vos	VS	VPA	100	1.0	0.0	100.0	0.0	1.0	1.0	0.0	0.0	3.4926282517115275	0.13070268079516545	bos_eos	seed_42,seed_43,seed_44
1_1_intran_V_form	01_1_1_intran_V_form	fig:heatmap-1-intran-v-form	1.1 Intransitive finite verb form	50_svo_ng_ac_b_ep	svo	ng	nom-acc	balancing	erg-poss	vos	VS	VPA	100	1.0	0.0	100.0	0.0	1.0	1.0	0.0	0.0	3.64065504471461	0.13903597383971095	bos_eos	seed_42,seed_43,seed_44
1_1_intran_V_form	01_1_1_intran_V_form	fig:heatmap-1-intran-v-form	1.1 Intransitive finite verb form	51_svo_ng_ac_b_no	svo	ng	nom-acc	balancing	nomn	vos	VS	VPA	100	1.0	0.0	100.0	0.0	1.0	1.0	0.0	0.0	3.622501440048218	0.14250739303306043	bos_eos	seed_42,seed_43,seed_44
1_1_intran_V_form	01_1_1_intran_V_form	fig:heatmap-1-intran-v-form	1.1 Intransitive finite verb form	52_svo_ng_ac_d_se	svo	ng	nom-acc	deranking	sent	svo	SV	AVP	100	0.9733333333333333	0.028867513459481315	97.33333333333333	2.886751345948129	0.94	0.99	0.0	0.0	1.3168278980255128	0.10616998680297733	bos_eos	seed_42,seed_43,seed_44
1_1_intran_V_form	01_1_1_intran_V_form	fig:heatmap-1-intran-v-form	1.1 Intransitive finite verb form	53_svo_ng_ac_d_pa	svo	ng	nom-acc	deranking	poss-acc	vos	VS	VPA	100	0.9666666666666667	0.023094010767585053	96.66666666666667	2.309401076758503	0.94	0.98	0.0	0.0	1.3213916476567586	0.08333139107814554	bos_eos	seed_42,seed_43,seed_44
1_1_intran_V_form	01_1_1_intran_V_form	fig:heatmap-1-intran-v-form	1.1 Intransitive finite verb form	54_svo_ng_ac_d_ep	svo	ng	nom-acc	deranking	erg-poss	vos	VS	VPA	100	0.9866666666666667	0.01527525231651948	98.66666666666667	1.5275252316519468	0.97	1.0	0.0	0.0	1.3125263102849325	0.055846224840035576	bos_eos	seed_42,seed_43,seed_44
1_1_intran_V_form	01_1_1_intran_V_form	fig:heatmap-1-intran-v-form	1.1 Intransitive finite verb form	55_svo_ng_ac_d_no	svo	ng	nom-acc	deranking	nomn	vos	VS	VPA	100	0.9766666666666667	0.005773502691896263	97.66666666666667	0.5773502691896257	0.97	0.98	0.0	0.0	1.2942604446411132	0.02890293466837275	bos_eos	seed_42,seed_43,seed_44
1_1_intran_V_form	01_1_1_intran_V_form	fig:heatmap-1-intran-v-form	1.1 Intransitive finite verb form	56_svo_ng_er_b_se	svo	ng	erg-abs	balancing	sent	svo	SV	AVP	100	1.0	0.0	100.0	0.0	1.0	1.0	0.0	0.0	3.0773439693450926	0.14800905489945354	bos_eos	seed_42,seed_43,seed_44
1_1_intran_V_form	01_1_1_intran_V_form	fig:heatmap-1-intran-v-form	1.1 Intransitive finite verb form	57_svo_ng_er_b_pa	svo	ng	erg-abs	balancing	poss-acc	vos	VS	VPA	100	1.0	0.0	100.0	0.0	1.0	1.0	0.0	0.0	3.255028234322866	0.15203818689124052	bos_eos	seed_42,seed_43,seed_44
1_1_intran_V_form	01_1_1_intran_V_form	fig:heatmap-1-intran-v-form	1.1 Intransitive finite verb form	58_svo_ng_er_b_ep	svo	ng	erg-abs	balancing	erg-poss	vos	VS	VPA	100	1.0	0.0	100.0	0.0	1.0	1.0	0.0	0.0	3.372149327596029	0.029987658286570067	bos_eos	seed_42,seed_43,seed_44
1_1_intran_V_form	01_1_1_intran_V_form	fig:heatmap-1-intran-v-form	1.1 Intransitive finite verb form	59_svo_ng_er_b_no	svo	ng	erg-abs	balancing	nomn	vos	VS	VPA	100	1.0	0.0	100.0	0.0	1.0	1.0	0.0	0.0	3.469682930310567	0.10647804484417948	bos_eos	seed_42,seed_43,seed_44
1_1_intran_V_form	01_1_1_intran_V_form	fig:heatmap-1-intran-v-form	1.1 Intransitive finite verb form	60_svo_ng_er_d_se	svo	ng	erg-abs	deranking	sent	svo	SV	AVP	100	0.99	0.010000000000000009	99.0	1.0	0.98	1.0	0.0	0.0	1.5832228716214498	0.064772733163981	bos_eos	seed_42,seed_43,seed_44
1_1_intran_V_form	01_1_1_intran_V_form	fig:heatmap-1-intran-v-form	1.1 Intransitive finite verb form	61_svo_ng_er_d_pa	svo	ng	erg-abs	deranking	poss-acc	vos	VS	VPA	100	0.9933333333333333	0.005773502691896263	99.33333333333333	0.5773502691896257	0.99	1.0	0.0	0.0	1.5986285519599914	0.10499585981101692	bos_eos	seed_42,seed_43,seed_44
1_1_intran_V_form	01_1_1_intran_V_form	fig:heatmap-1-intran-v-form	1.1 Intransitive finite verb form	62_svo_ng_er_d_ep	svo	ng	erg-abs	deranking	erg-poss	vos	VS	VPA	100	0.9866666666666667	0.005773502691896263	98.66666666666667	0.5773502691896257	0.98	0.99	0.0	0.0	1.461052119731903	0.07040793831922089	bos_eos	seed_42,seed_43,seed_44
1_1_intran_V_form	01_1_1_intran_V_form	fig:heatmap-1-intran-v-form	1.1 Intransitive finite verb form	63_svo_ng_er_d_no	svo	ng	erg-abs	deranking	nomn	vos	VS	VPA	100	0.97	0.017320508075688787	97.0	1.7320508075688772	0.95	0.98	0.0	0.0	1.5327037008603415	0.08866102497917164	bos_eos	seed_42,seed_43,seed_44
1_1_intran_V_form	01_1_1_intran_V_form	fig:heatmap-1-intran-v-form	1.1 Intransitive finite verb form	64_vos_gn_ac_b_se	vos	gn	nom-acc	balancing	sent	vos	VS	VPA	100	1.0	0.0	100.0	0.0	1.0	1.0	0.0	0.0	2.629078072706858	0.15414500577738732	bos_eos	seed_42,seed_43,seed_44
1_1_intran_V_form	01_1_1_intran_V_form	fig:heatmap-1-intran-v-form	1.1 Intransitive finite verb form	65_vos_gn_ac_b_pa	vos	gn	nom-acc	balancing	poss-acc	svo	SV	AVP	100	1.0	0.0	100.0	0.0	1.0	1.0	0.0	0.0	3.022273101011912	0.1167660485215644	bos_eos	seed_42,seed_43,seed_44
1_1_intran_V_form	01_1_1_intran_V_form	fig:heatmap-1-intran-v-form	1.1 Intransitive finite verb form	66_vos_gn_ac_b_ep	vos	gn	nom-acc	balancing	erg-poss	sov	SV	PVA	100	1.0	0.0	100.0	0.0	1.0	1.0	0.0	0.0	3.085624536673228	0.05981013089013784	bos_eos	seed_42,seed_43,seed_44
1_1_intran_V_form	01_1_1_intran_V_form	fig:heatmap-1-intran-v-form	1.1 Intransitive finite verb form	67_vos_gn_ac_b_no	vos	gn	nom-acc	balancing	nomn	svo	SV	AVP	100	1.0	0.0	100.0	0.0	1.0	1.0	0.0	0.0	2.9572956665356953	0.12349000059949583	bos_eos	seed_42,seed_43,seed_44
1_1_intran_V_form	01_1_1_intran_V_form	fig:heatmap-1-intran-v-form	1.1 Intransitive finite verb form	68_vos_gn_ac_d_se	vos	gn	nom-acc	deranking	sent	vos	VS	VPA	100	0.99	0.010000000000000009	99.0	1.0	0.98	1.0	0.0	0.0	2.41412295738856	0.057521039336563065	bos_eos	seed_42,seed_43,seed_44
1_1_intran_V_form	01_1_1_intran_V_form	fig:heatmap-1-intran-v-form	1.1 Intransitive finite verb form	69_vos_gn_ac_d_pa	vos	gn	nom-acc	deranking	poss-acc	svo	SV	AVP	100	0.99	0.010000000000000009	99.0	1.0	0.98	1.0	0.0	0.0	2.431428599357605	0.06682149903395843	bos_eos	seed_42,seed_43,seed_44
1_1_intran_V_form	01_1_1_intran_V_form	fig:heatmap-1-intran-v-form	1.1 Intransitive finite verb form	70_vos_gn_ac_d_ep	vos	gn	nom-acc	deranking	erg-poss	sov	SV	PVA	100	0.9966666666666667	0.005773502691896263	99.66666666666667	0.5773502691896257	0.99	1.0	0.0	0.0	2.527749019463857	0.13968866684440298	bos_eos	seed_42,seed_43,seed_44
1_1_intran_V_form	01_1_1_intran_V_form	fig:heatmap-1-intran-v-form	1.1 Intransitive finite verb form	71_vos_gn_ac_d_no	vos	gn	nom-acc	deranking	nomn	svo	SV	AVP	100	0.9866666666666667	0.005773502691896263	98.66666666666667	0.5773502691896257	0.98	0.99	0.0	0.0	2.421467820008596	0.10370613879430553	bos_eos	seed_42,seed_43,seed_44
1_1_intran_V_form	01_1_1_intran_V_form	fig:heatmap-1-intran-v-form	1.1 Intransitive finite verb form	72_vos_gn_er_b_se	vos	gn	erg-abs	balancing	sent	vos	VS	VPA	100	1.0	0.0	100.0	0.0	1.0	1.0	0.0	0.0	2.7160679801305134	0.07160363222986976	bos_eos	seed_42,seed_43,seed_44
1_1_intran_V_form	01_1_1_intran_V_form	fig:heatmap-1-intran-v-form	1.1 Intransitive finite verb form	73_vos_gn_er_b_pa	vos	gn	erg-abs	balancing	poss-acc	svo	SV	AVP	100	1.0	0.0	100.0	0.0	1.0	1.0	0.0	0.0	2.809142725467682	0.07273044539622596	bos_eos	seed_42,seed_43,seed_44
1_1_intran_V_form	01_1_1_intran_V_form	fig:heatmap-1-intran-v-form	1.1 Intransitive finite verb form	74_vos_gn_er_b_ep	vos	gn	erg-abs	balancing	erg-poss	sov	SV	PVA	100	1.0	0.0	100.0	0.0	1.0	1.0	0.0	0.0	3.4939642612139385	0.23004595515185225	bos_eos	seed_42,seed_43,seed_44
1_1_intran_V_form	01_1_1_intran_V_form	fig:heatmap-1-intran-v-form	1.1 Intransitive finite verb form	75_vos_gn_er_b_no	vos	gn	erg-abs	balancing	nomn	svo	SV	AVP	100	1.0	0.0	100.0	0.0	1.0	1.0	0.0	0.0	3.534627468585968	0.13049258056198695	bos_eos	seed_42,seed_43,seed_44
1_1_intran_V_form	01_1_1_intran_V_form	fig:heatmap-1-intran-v-form	1.1 Intransitive finite verb form	76_vos_gn_er_d_se	vos	gn	erg-abs	deranking	sent	vos	VS	VPA	100	1.0	0.0	100.0	0.0	1.0	1.0	0.0	0.0	2.6950013597806297	0.05970143525372503	bos_eos	seed_42,seed_43,seed_44
1_1_intran_V_form	01_1_1_intran_V_form	fig:heatmap-1-intran-v-form	1.1 Intransitive finite verb form	77_vos_gn_er_d_pa	vos	gn	erg-abs	deranking	poss-acc	svo	SV	AVP	100	1.0	0.0	100.0	0.0	1.0	1.0	0.0	0.0	2.8558748030662535	0.12242843846392555	bos_eos	seed_42,seed_43,seed_44
1_1_intran_V_form	01_1_1_intran_V_form	fig:heatmap-1-intran-v-form	1.1 Intransitive finite verb form	78_vos_gn_er_d_ep	vos	gn	erg-abs	deranking	erg-poss	sov	SV	PVA	100	1.0	0.0	100.0	0.0	1.0	1.0	0.0	0.0	2.6964112734794616	0.05840298743895202	bos_eos	seed_42,seed_43,seed_44
1_1_intran_V_form	01_1_1_intran_V_form	fig:heatmap-1-intran-v-form	1.1 Intransitive finite verb form	79_vos_gn_er_d_no	vos	gn	erg-abs	deranking	nomn	svo	SV	AVP	100	1.0	0.0	100.0	0.0	1.0	1.0	0.0	0.0	2.7790786608060203	0.0498892917087262	bos_eos	seed_42,seed_43,seed_44
1_1_intran_V_form	01_1_1_intran_V_form	fig:heatmap-1-intran-v-form	1.1 Intransitive finite verb form	80_vos_ng_ac_b_se	vos	ng	nom-acc	balancing	sent	vos	VS	VPA	100	0.9933333333333333	0.005773502691896263	99.33333333333333	0.5773502691896257	0.99	1.0	0.0	0.0	2.7983686208724974	0.09175768435149914	bos_eos	seed_42,seed_43,seed_44
1_1_intran_V_form	01_1_1_intran_V_form	fig:heatmap-1-intran-v-form	1.1 Intransitive finite verb form	81_vos_ng_ac_b_pa	vos	ng	nom-acc	balancing	poss-acc	vos	VS	VPA	100	1.0	0.0	100.0	0.0	1.0	1.0	0.0	0.0	2.8423085896174114	0.0799542761687404	bos_eos	seed_42,seed_43,seed_44
1_1_intran_V_form	01_1_1_intran_V_form	fig:heatmap-1-intran-v-form	1.1 Intransitive finite verb form	82_vos_ng_ac_b_ep	vos	ng	nom-acc	balancing	erg-poss	vos	VS	VPA	100	0.9966666666666667	0.005773502691896263	99.66666666666667	0.5773502691896257	0.99	1.0	0.0	0.0	2.7770534412066143	0.10398088388622626	bos_eos	seed_42,seed_43,seed_44
1_1_intran_V_form	01_1_1_intran_V_form	fig:heatmap-1-intran-v-form	1.1 Intransitive finite verb form	83_vos_ng_ac_b_no	vos	ng	nom-acc	balancing	nomn	vos	VS	VPA	100	0.9866666666666667	0.005773502691896263	98.66666666666667	0.5773502691896257	0.98	0.99	0.0	0.0	2.6974205152193704	0.12051660745664237	bos_eos	seed_42,seed_43,seed_44
1_1_intran_V_form	01_1_1_intran_V_form	fig:heatmap-1-intran-v-form	1.1 Intransitive finite verb form	84_vos_ng_ac_d_se	vos	ng	nom-acc	deranking	sent	vos	VS	VPA	100	0.9733333333333333	0.01527525231651948	97.33333333333333	1.5275252316519468	0.96	0.99	0.0	0.0	2.325428047180176	0.12423351446215719	bos_eos	seed_42,seed_43,seed_44
1_1_intran_V_form	01_1_1_intran_V_form	fig:heatmap-1-intran-v-form	1.1 Intransitive finite verb form	85_vos_ng_ac_d_pa	vos	ng	nom-acc	deranking	poss-acc	vos	VS	VPA	100	0.9766666666666667	0.011547005383792526	97.66666666666667	1.1547005383792515	0.97	0.99	0.0	0.0	2.527550457318624	0.050079884265864995	bos_eos	seed_42,seed_43,seed_44
1_1_intran_V_form	01_1_1_intran_V_form	fig:heatmap-1-intran-v-form	1.1 Intransitive finite verb form	86_vos_ng_ac_d_ep	vos	ng	nom-acc	deranking	erg-poss	vos	VS	VPA	100	0.9666666666666667	0.020816659994661348	96.66666666666667	2.0816659994661326	0.95	0.99	0.0	0.0	2.2869609006245932	0.263612546234514	bos_eos	seed_42,seed_43,seed_44
1_1_intran_V_form	01_1_1_intran_V_form	fig:heatmap-1-intran-v-form	1.1 Intransitive finite verb form	87_vos_ng_ac_d_no	vos	ng	nom-acc	deranking	nomn	vos	VS	VPA	100	0.97	0.0	97.0	0.0	0.97	0.97	0.0	0.0	2.3942427476247152	0.08234271396759435	bos_eos	seed_42,seed_43,seed_44
1_1_intran_V_form	01_1_1_intran_V_form	fig:heatmap-1-intran-v-form	1.1 Intransitive finite verb form	88_vos_ng_er_b_se	vos	ng	erg-abs	balancing	sent	vos	VS	VPA	100	1.0	0.0	100.0	0.0	1.0	1.0	0.0	0.0	2.933293228149414	0.16864721438455602	bos_eos	seed_42,seed_43,seed_44
1_1_intran_V_form	01_1_1_intran_V_form	fig:heatmap-1-intran-v-form	1.1 Intransitive finite verb form	89_vos_ng_er_b_pa	vos	ng	erg-abs	balancing	poss-acc	vos	VS	VPA	100	1.0	0.0	100.0	0.0	1.0	1.0	0.0	0.0	3.0496565087636314	0.08662330205964919	bos_eos	seed_42,seed_43,seed_44
1_1_intran_V_form	01_1_1_intran_V_form	fig:heatmap-1-intran-v-form	1.1 Intransitive finite verb form	90_vos_ng_er_b_ep	vos	ng	erg-abs	balancing	erg-poss	vos	VS	VPA	100	1.0	0.0	100.0	0.0	1.0	1.0	0.0	0.0	3.4961057464281717	0.15952979930151484	bos_eos	seed_42,seed_43,seed_44
1_1_intran_V_form	01_1_1_intran_V_form	fig:heatmap-1-intran-v-form	1.1 Intransitive finite verb form	91_vos_ng_er_b_no	vos	ng	erg-abs	balancing	nomn	vos	VS	VPA	100	1.0	0.0	100.0	0.0	1.0	1.0	0.0	0.0	3.560485824743907	0.1869805344670238	bos_eos	seed_42,seed_43,seed_44
1_1_intran_V_form	01_1_1_intran_V_form	fig:heatmap-1-intran-v-form	1.1 Intransitive finite verb form	92_vos_ng_er_d_se	vos	ng	erg-abs	deranking	sent	vos	VS	VPA	100	1.0	0.0	100.0	0.0	1.0	1.0	0.0	0.0	2.673446586926778	0.0902531243106283	bos_eos	seed_42,seed_43,seed_44
1_1_intran_V_form	01_1_1_intran_V_form	fig:heatmap-1-intran-v-form	1.1 Intransitive finite verb form	93_vos_ng_er_d_pa	vos	ng	erg-abs	deranking	poss-acc	vos	VS	VPA	100	1.0	0.0	100.0	0.0	1.0	1.0	0.0	0.0	2.6544094554583233	0.11471652159463518	bos_eos	seed_42,seed_43,seed_44
1_1_intran_V_form	01_1_1_intran_V_form	fig:heatmap-1-intran-v-form	1.1 Intransitive finite verb form	94_vos_ng_er_d_ep	vos	ng	erg-abs	deranking	erg-poss	vos	VS	VPA	100	0.9966666666666667	0.005773502691896263	99.66666666666667	0.5773502691896257	0.99	1.0	0.0	0.0	2.7417830952008564	0.04622550054530129	bos_eos	seed_42,seed_43,seed_44
1_1_intran_V_form	01_1_1_intran_V_form	fig:heatmap-1-intran-v-form	1.1 Intransitive finite verb form	95_vos_ng_er_d_no	vos	ng	erg-abs	deranking	nomn	vos	VS	VPA	100	1.0	0.0	100.0	0.0	1.0	1.0	0.0	0.0	2.789135290781657	0.08175989595440906	bos_eos	seed_42,seed_43,seed_44
1_2_intran_S_marker	02_1_2_intran_S_marker	fig:heatmap-2-intran-s-marker	1.2 Intransitive S marker	00_sov_gn_ac_b_se	sov	gn	nom-acc	balancing	sent	sov	SV	APV	100	0.78	0.06557438524302	78.0	6.557438524302	0.72	0.85	0.0	0.0	0.5627353906631469	0.11929956823575795	bos_eos	seed_42,seed_43,seed_44
1_2_intran_S_marker	02_1_2_intran_S_marker	fig:heatmap-2-intran-s-marker	1.2 Intransitive S marker	01_sov_gn_ac_b_pa	sov	gn	nom-acc	balancing	poss-acc	sov	SV	APV	100	0.8233333333333334	0.05033222956847165	82.33333333333334	5.033222956847166	0.77	0.87	0.0	0.0	0.5597749805450439	0.038709253308026985	bos_eos	seed_42,seed_43,seed_44
1_2_intran_S_marker	02_1_2_intran_S_marker	fig:heatmap-2-intran-s-marker	1.2 Intransitive S marker	02_sov_gn_ac_b_ep	sov	gn	nom-acc	balancing	erg-poss	sov	SV	APV	100	0.7733333333333333	0.07505553499465135	77.33333333333333	7.505553499465135	0.7	0.85	0.0	0.0	0.5860728923479716	0.0712071424914816	bos_eos	seed_42,seed_43,seed_44
1_2_intran_S_marker	02_1_2_intran_S_marker	fig:heatmap-2-intran-s-marker	1.2 Intransitive S marker	03_sov_gn_ac_b_no	sov	gn	nom-acc	balancing	nomn	sov	SV	APV	100	0.8233333333333334	0.040414518843273774	82.33333333333334	4.041451884327381	0.8	0.87	0.0	0.0	0.6105818676948548	0.02586894163144895	bos_eos	seed_42,seed_43,seed_44
1_2_intran_S_marker	02_1_2_intran_S_marker	fig:heatmap-2-intran-s-marker	1.2 Intransitive S marker	04_sov_gn_ac_d_se	sov	gn	nom-acc	deranking	sent	sov	SV	APV	100	0.79	0.03605551275463986	79.0	3.605551275463989	0.76	0.83	0.0	0.0	0.5561675222714741	0.07549172262649732	bos_eos	seed_42,seed_43,seed_44
1_2_intran_S_marker	02_1_2_intran_S_marker	fig:heatmap-2-intran-s-marker	1.2 Intransitive S marker	05_sov_gn_ac_d_pa	sov	gn	nom-acc	deranking	poss-acc	sov	SV	APV	100	0.81	0.07937253933193772	81.0	7.937253933193772	0.75	0.9	0.0	0.0	0.6290687990188599	0.1230525118037638	bos_eos	seed_42,seed_43,seed_44
1_2_intran_S_marker	02_1_2_intran_S_marker	fig:heatmap-2-intran-s-marker	1.2 Intransitive S marker	06_sov_gn_ac_d_ep	sov	gn	nom-acc	deranking	erg-poss	sov	SV	APV	100	0.7666666666666667	0.011547005383792526	76.66666666666667	1.1547005383792515	0.76	0.78	0.0	0.0	0.5786980175971985	0.06245263711577217	bos_eos	seed_42,seed_43,seed_44
1_2_intran_S_marker	02_1_2_intran_S_marker	fig:heatmap-2-intran-s-marker	1.2 Intransitive S marker	07_sov_gn_ac_d_no	sov	gn	nom-acc	deranking	nomn	sov	SV	APV	100	0.8633333333333334	0.06658328118479392	86.33333333333334	6.658328118479393	0.79	0.92	0.0	0.0	0.7420892024040222	0.05990374792696269	bos_eos	seed_42,seed_43,seed_44
1_2_intran_S_marker	02_1_2_intran_S_marker	fig:heatmap-2-intran-s-marker	1.2 Intransitive S marker	08_sov_gn_er_b_se	sov	gn	erg-abs	balancing	sent	sov	SV	APV	100	0.8	0.010000000000000009	80.0	1.0	0.79	0.81	0.0	0.0	0.4263271307945251	0.045487335986779426	bos_eos	seed_42,seed_43,seed_44
1_2_intran_S_marker	02_1_2_intran_S_marker	fig:heatmap-2-intran-s-marker	1.2 Intransitive S marker	09_sov_gn_er_b_pa	sov	gn	erg-abs	balancing	poss-acc	sov	SV	APV	100	0.7466666666666667	0.11150485789118487	74.66666666666667	11.150485789118488	0.62	0.83	0.0	0.0	0.4423455039660136	0.12594444020643208	bos_eos	seed_42,seed_43,seed_44
1_2_intran_S_marker	02_1_2_intran_S_marker	fig:heatmap-2-intran-s-marker	1.2 Intransitive S marker	10_sov_gn_er_b_ep	sov	gn	erg-abs	balancing	erg-poss	sov	SV	APV	100	0.7866666666666667	0.020816659994661348	78.66666666666667	2.0816659994661326	0.77	0.81	0.0	0.0	0.4432581567764282	0.021834822378868773	bos_eos	seed_42,seed_43,seed_44
1_2_intran_S_marker	02_1_2_intran_S_marker	fig:heatmap-2-intran-s-marker	1.2 Intransitive S marker	11_sov_gn_er_b_no	sov	gn	erg-abs	balancing	nomn	sov	SV	APV	100	0.79	0.06	79.0	6.0	0.73	0.85	0.0	0.0	0.4139458266894023	0.05798633946717622	bos_eos	seed_42,seed_43,seed_44
1_2_intran_S_marker	02_1_2_intran_S_marker	fig:heatmap-2-intran-s-marker	1.2 Intransitive S marker	12_sov_gn_er_d_se	sov	gn	erg-abs	deranking	sent	sov	SV	APV	100	0.7633333333333333	0.03511884584284249	76.33333333333333	3.5118845842842465	0.73	0.8	0.0	0.0	0.365033327738444	0.02037424134585297	bos_eos	seed_42,seed_43,seed_44
1_2_intran_S_marker	02_1_2_intran_S_marker	fig:heatmap-2-intran-s-marker	1.2 Intransitive S marker	13_sov_gn_er_d_pa	sov	gn	erg-abs	deranking	poss-acc	sov	SV	APV	100	0.72	0.07	72.0	7.0	0.65	0.79	0.0	0.0	0.3261072770754496	0.06288729261996093	bos_eos	seed_42,seed_43,seed_44
1_2_intran_S_marker	02_1_2_intran_S_marker	fig:heatmap-2-intran-s-marker	1.2 Intransitive S marker	14_sov_gn_er_d_ep	sov	gn	erg-abs	deranking	erg-poss	sov	SV	APV	100	0.7666666666666667	0.005773502691896263	76.66666666666667	0.5773502691896257	0.76	0.77	0.0	0.0	0.3907450787226359	0.037581957437952764	bos_eos	seed_42,seed_43,seed_44
1_2_intran_S_marker	02_1_2_intran_S_marker	fig:heatmap-2-intran-s-marker	1.2 Intransitive S marker	15_sov_gn_er_d_no	sov	gn	erg-abs	deranking	nomn	sov	SV	APV	100	0.7266666666666667	0.07094598884597587	72.66666666666667	7.094598884597588	0.65	0.79	0.0	0.0	0.35903246800104777	0.05593390362097528	bos_eos	seed_42,seed_43,seed_44
1_2_intran_S_marker	02_1_2_intran_S_marker	fig:heatmap-2-intran-s-marker	1.2 Intransitive S marker	16_sov_ng_ac_b_se	sov	ng	nom-acc	balancing	sent	sov	SV	APV	100	0.8966666666666667	0.005773502691896263	89.66666666666667	0.5773502691896257	0.89	0.9	0.0	0.0	0.6927182618776957	0.0573894164818852	bos_eos	seed_42,seed_43,seed_44
1_2_intran_S_marker	02_1_2_intran_S_marker	fig:heatmap-2-intran-s-marker	1.2 Intransitive S marker	17_sov_ng_ac_b_pa	sov	ng	nom-acc	balancing	poss-acc	ovs	VS	PVA	100	0.9066666666666667	0.023094010767585053	90.66666666666667	2.309401076758503	0.88	0.92	0.0	0.0	0.7947477308909098	0.061358969742611014	bos_eos	seed_42,seed_43,seed_44
1_2_intran_S_marker	02_1_2_intran_S_marker	fig:heatmap-2-intran-s-marker	1.2 Intransitive S marker	18_sov_ng_ac_b_ep	sov	ng	nom-acc	balancing	erg-poss	vos	VS	AVP	100	0.93	0.009999999999999953	93.0	1.0	0.92	0.94	0.0	0.0	0.8742469875017802	0.0843404656905012	bos_eos	seed_42,seed_43,seed_44
1_2_intran_S_marker	02_1_2_intran_S_marker	fig:heatmap-2-intran-s-marker	1.2 Intransitive S marker	19_sov_ng_ac_b_no	sov	ng	nom-acc	balancing	nomn	ovs	VS	PVA	100	0.9666666666666667	0.03511884584284244	96.66666666666667	3.5118845842842465	0.93	1.0	0.0	0.0	0.9369027217229207	0.07924026308722862	bos_eos	seed_42,seed_43,seed_44
1_2_intran_S_marker	02_1_2_intran_S_marker	fig:heatmap-2-intran-s-marker	1.2 Intransitive S marker	20_sov_ng_ac_d_se	sov	ng	nom-acc	deranking	sent	sov	SV	APV	100	0.95	0.010000000000000009	95.0	1.0	0.94	0.96	0.0	0.0	0.8913777581850687	0.08097925078393003	bos_eos	seed_42,seed_43,seed_44
1_2_intran_S_marker	02_1_2_intran_S_marker	fig:heatmap-2-intran-s-marker	1.2 Intransitive S marker	21_sov_ng_ac_d_pa	sov	ng	nom-acc	deranking	poss-acc	ovs	VS	PVA	100	0.8866666666666667	0.023094010767585053	88.66666666666667	2.309401076758503	0.86	0.9	0.0	0.0	0.7703361360232035	0.03492961943636787	bos_eos	seed_42,seed_43,seed_44
1_2_intran_S_marker	02_1_2_intran_S_marker	fig:heatmap-2-intran-s-marker	1.2 Intransitive S marker	22_sov_ng_ac_d_ep	sov	ng	nom-acc	deranking	erg-poss	vos	VS	AVP	100	0.95	0.02999999999999997	95.0	3.0	0.92	0.98	0.0	0.0	0.9501552526156107	0.1022375728901883	bos_eos	seed_42,seed_43,seed_44
1_2_intran_S_marker	02_1_2_intran_S_marker	fig:heatmap-2-intran-s-marker	1.2 Intransitive S marker	23_sov_ng_ac_d_no	sov	ng	nom-acc	deranking	nomn	ovs	VS	PVA	100	0.9433333333333334	0.03214550253664315	94.33333333333334	3.2145502536643185	0.92	0.98	0.0	0.0	0.9472066235542297	0.08370065486785742	bos_eos	seed_42,seed_43,seed_44
1_2_intran_S_marker	02_1_2_intran_S_marker	fig:heatmap-2-intran-s-marker	1.2 Intransitive S marker	24_sov_ng_er_b_se	sov	ng	erg-abs	balancing	sent	sov	SV	APV	100	0.6133333333333333	0.040414518843273836	61.33333333333333	4.041451884327384	0.57	0.65	0.0	0.0	0.21450568834940592	0.016290882739463393	bos_eos	seed_42,seed_43,seed_44
1_2_intran_S_marker	02_1_2_intran_S_marker	fig:heatmap-2-intran-s-marker	1.2 Intransitive S marker	25_sov_ng_er_b_pa	sov	ng	erg-abs	balancing	poss-acc	ovs	VS	PVA	100	0.61	0.06557438524302002	61.0	6.557438524301998	0.55	0.68	0.0	0.0	0.270693101088206	0.05035179707884627	bos_eos	seed_42,seed_43,seed_44
1_2_intran_S_marker	02_1_2_intran_S_marker	fig:heatmap-2-intran-s-marker	1.2 Intransitive S marker	26_sov_ng_er_b_ep	sov	ng	erg-abs	balancing	erg-poss	vos	VS	AVP	100	0.6566666666666667	0.005773502691896263	65.66666666666667	0.5773502691896257	0.65	0.66	0.0	0.0	0.1931306234995524	0.039221882277426616	bos_eos	seed_42,seed_43,seed_44
1_2_intran_S_marker	02_1_2_intran_S_marker	fig:heatmap-2-intran-s-marker	1.2 Intransitive S marker	27_sov_ng_er_b_no	sov	ng	erg-abs	balancing	nomn	ovs	VS	PVA	100	0.5933333333333334	0.07505553499465135	59.333333333333336	7.5055534994651305	0.55	0.68	0.0	0.0	0.2113982081413269	0.1396302822517829	bos_eos	seed_42,seed_43,seed_44
1_2_intran_S_marker	02_1_2_intran_S_marker	fig:heatmap-2-intran-s-marker	1.2 Intransitive S marker	28_sov_ng_er_d_se	sov	ng	erg-abs	deranking	sent	sov	SV	APV	100	0.58	0.060827625302982184	57.99999999999999	6.082762530298219	0.51	0.62	0.0	0.0	0.17016477743784586	0.10931333147515625	bos_eos	seed_42,seed_43,seed_44
1_2_intran_S_marker	02_1_2_intran_S_marker	fig:heatmap-2-intran-s-marker	1.2 Intransitive S marker	29_sov_ng_er_d_pa	sov	ng	erg-abs	deranking	poss-acc	ovs	VS	PVA	100	0.5166666666666667	0.03055050463303896	51.66666666666667	3.055050463303897	0.49	0.55	0.0	0.0	0.0951935362815857	0.10098519018830421	bos_eos	seed_42,seed_43,seed_44
1_2_intran_S_marker	02_1_2_intran_S_marker	fig:heatmap-2-intran-s-marker	1.2 Intransitive S marker	30_sov_ng_er_d_ep	sov	ng	erg-abs	deranking	erg-poss	vos	VS	AVP	100	0.61	0.036055512754639925	61.0	3.605551275463993	0.57	0.64	0.0	0.0	0.23169277350107828	0.04218353062741291	bos_eos	seed_42,seed_43,seed_44
1_2_intran_S_marker	02_1_2_intran_S_marker	fig:heatmap-2-intran-s-marker	1.2 Intransitive S marker	31_sov_ng_er_d_no	sov	ng	erg-abs	deranking	nomn	ovs	VS	PVA	100	0.5933333333333334	0.04041451884327378	59.333333333333336	4.041451884327377	0.55	0.63	0.0	0.0	0.18725922505060832	0.025140104954830343	bos_eos	seed_42,seed_43,seed_44
1_2_intran_S_marker	02_1_2_intran_S_marker	fig:heatmap-2-intran-s-marker	1.2 Intransitive S marker	32_svo_gn_ac_b_se	svo	gn	nom-acc	balancing	sent	svo	SV	AVP	100	0.9733333333333333	0.005773502691896263	97.33333333333333	0.5773502691896257	0.97	0.98	0.0	0.0	1.3102925078074137	0.05744588539132836	bos_eos	seed_42,seed_43,seed_44
1_2_intran_S_marker	02_1_2_intran_S_marker	fig:heatmap-2-intran-s-marker	1.2 Intransitive S marker	33_svo_gn_ac_b_pa	svo	gn	nom-acc	balancing	poss-acc	svo	SV	AVP	100	0.9766666666666667	0.005773502691896263	97.66666666666667	0.5773502691896257	0.97	0.98	0.0	0.0	1.3055157391230265	0.09628802479100218	bos_eos	seed_42,seed_43,seed_44
1_2_intran_S_marker	02_1_2_intran_S_marker	fig:heatmap-2-intran-s-marker	1.2 Intransitive S marker	34_svo_gn_ac_b_ep	svo	gn	nom-acc	balancing	erg-poss	sov	SV	PVA	100	0.9733333333333333	0.011547005383792526	97.33333333333333	1.1547005383792515	0.96	0.98	0.0	0.0	1.466284696261088	0.1008787372111216	bos_eos	seed_42,seed_43,seed_44
1_2_intran_S_marker	02_1_2_intran_S_marker	fig:heatmap-2-intran-s-marker	1.2 Intransitive S marker	35_svo_gn_ac_b_no	svo	gn	nom-acc	balancing	nomn	svo	SV	AVP	100	0.9666666666666667	0.005773502691896263	96.66666666666667	0.5773502691896257	0.96	0.97	0.0	0.0	1.5712023401260375	0.03890079388028525	bos_eos	seed_42,seed_43,seed_44
1_2_intran_S_marker	02_1_2_intran_S_marker	fig:heatmap-2-intran-s-marker	1.2 Intransitive S marker	36_svo_gn_ac_d_se	svo	gn	nom-acc	deranking	sent	svo	SV	AVP	100	0.9633333333333333	0.005773502691896263	96.33333333333333	0.5773502691896257	0.96	0.97	0.0	0.0	1.0738934214909872	0.1209949782266573	bos_eos	seed_42,seed_43,seed_44
1_2_intran_S_marker	02_1_2_intran_S_marker	fig:heatmap-2-intran-s-marker	1.2 Intransitive S marker	37_svo_gn_ac_d_pa	svo	gn	nom-acc	deranking	poss-acc	svo	SV	AVP	100	0.9633333333333333	0.01527525231651948	96.33333333333333	1.5275252316519468	0.95	0.98	0.0	0.0	1.0789637009302775	0.05302140048754481	bos_eos	seed_42,seed_43,seed_44
1_2_intran_S_marker	02_1_2_intran_S_marker	fig:heatmap-2-intran-s-marker	1.2 Intransitive S marker	38_svo_gn_ac_d_ep	svo	gn	nom-acc	deranking	erg-poss	sov	SV	PVA	100	0.9533333333333334	0.025166114784235805	95.33333333333334	2.516611478423583	0.93	0.98	0.0	0.0	1.2596896958351136	0.28864060096500305	bos_eos	seed_42,seed_43,seed_44
1_2_intran_S_marker	02_1_2_intran_S_marker	fig:heatmap-2-intran-s-marker	1.2 Intransitive S marker	39_svo_gn_ac_d_no	svo	gn	nom-acc	deranking	nomn	svo	SV	AVP	100	0.9566666666666667	0.005773502691896263	95.66666666666667	0.5773502691896257	0.95	0.96	0.0	0.0	1.3890523306528726	0.055195603577713845	bos_eos	seed_42,seed_43,seed_44
1_2_intran_S_marker	02_1_2_intran_S_marker	fig:heatmap-2-intran-s-marker	1.2 Intransitive S marker	40_svo_gn_er_b_se	svo	gn	erg-abs	balancing	sent	svo	SV	AVP	100	0.9633333333333333	0.005773502691896263	96.33333333333333	0.5773502691896257	0.96	0.97	0.0	0.0	1.0054983409245808	0.15777349994912995	bos_eos	seed_42,seed_43,seed_44
1_2_intran_S_marker	02_1_2_intran_S_marker	fig:heatmap-2-intran-s-marker	1.2 Intransitive S marker	41_svo_gn_er_b_pa	svo	gn	erg-abs	balancing	poss-acc	svo	SV	AVP	100	0.9566666666666667	0.01527525231651948	95.66666666666667	1.5275252316519468	0.94	0.97	0.0	0.0	0.9776703937848409	0.15191080697997272	bos_eos	seed_42,seed_43,seed_44
1_2_intran_S_marker	02_1_2_intran_S_marker	fig:heatmap-2-intran-s-marker	1.2 Intransitive S marker	42_svo_gn_er_b_ep	svo	gn	erg-abs	balancing	erg-poss	sov	SV	PVA	100	0.9366666666666666	0.03214550253664315	93.66666666666667	3.2145502536643185	0.9	0.96	0.0	0.0	0.8946605324745178	0.20539656045281077	bos_eos	seed_42,seed_43,seed_44
1_2_intran_S_marker	02_1_2_intran_S_marker	fig:heatmap-2-intran-s-marker	1.2 Intransitive S marker	43_svo_gn_er_b_no	svo	gn	erg-abs	balancing	nomn	svo	SV	AVP	100	0.9633333333333333	0.01527525231651948	96.33333333333333	1.5275252316519468	0.95	0.98	0.0	0.0	0.9464198994636536	0.16791942081432304	bos_eos	seed_42,seed_43,seed_44
1_2_intran_S_marker	02_1_2_intran_S_marker	fig:heatmap-2-intran-s-marker	1.2 Intransitive S marker	44_svo_gn_er_d_se	svo	gn	erg-abs	deranking	sent	svo	SV	AVP	100	0.8866666666666667	0.06658328118479392	88.66666666666667	6.658328118479393	0.81	0.93	0.0	0.0	0.6553062860171001	0.1425575620048022	bos_eos	seed_42,seed_43,seed_44
1_2_intran_S_marker	02_1_2_intran_S_marker	fig:heatmap-2-intran-s-marker	1.2 Intransitive S marker	45_svo_gn_er_d_pa	svo	gn	erg-abs	deranking	poss-acc	svo	SV	AVP	100	0.92	0.019999999999999962	92.0	2.0	0.9	0.94	0.0	0.0	0.6728824178377787	0.06026201865580653	bos_eos	seed_42,seed_43,seed_44
1_2_intran_S_marker	02_1_2_intran_S_marker	fig:heatmap-2-intran-s-marker	1.2 Intransitive S marker	46_svo_gn_er_d_ep	svo	gn	erg-abs	deranking	erg-poss	sov	SV	PVA	100	0.9433333333333334	0.020816659994661285	94.33333333333334	2.0816659994661326	0.92	0.96	0.0	0.0	0.7406544621785481	0.11527191374690451	bos_eos	seed_42,seed_43,seed_44
1_2_intran_S_marker	02_1_2_intran_S_marker	fig:heatmap-2-intran-s-marker	1.2 Intransitive S marker	47_svo_gn_er_d_no	svo	gn	erg-abs	deranking	nomn	svo	SV	AVP	100	0.9066666666666667	0.011547005383792526	90.66666666666667	1.1547005383792515	0.9	0.92	0.0	0.0	0.644486182530721	0.0453378925307221	bos_eos	seed_42,seed_43,seed_44
1_2_intran_S_marker	02_1_2_intran_S_marker	fig:heatmap-2-intran-s-marker	1.2 Intransitive S marker	48_svo_ng_ac_b_se	svo	ng	nom-acc	balancing	sent	svo	SV	AVP	100	0.9966666666666667	0.005773502691896263	99.66666666666667	0.5773502691896257	0.99	1.0	0.0	0.0	1.266782145500183	0.08677414775888223	bos_eos	seed_42,seed_43,seed_44
1_2_intran_S_marker	02_1_2_intran_S_marker	fig:heatmap-2-intran-s-marker	1.2 Intransitive S marker	49_svo_ng_ac_b_pa	svo	ng	nom-acc	balancing	poss-acc	vos	VS	VPA	100	0.9733333333333333	0.01527525231651948	97.33333333333333	1.5275252316519468	0.96	0.99	0.0	0.0	1.2004562902450562	0.13940470020994813	bos_eos	seed_42,seed_43,seed_44
1_2_intran_S_marker	02_1_2_intran_S_marker	fig:heatmap-2-intran-s-marker	1.2 Intransitive S marker	50_svo_ng_ac_b_ep	svo	ng	nom-acc	balancing	erg-poss	vos	VS	VPA	100	0.9933333333333333	0.011547005383792526	99.33333333333333	1.1547005383792515	0.98	1.0	0.0	0.0	1.4389666024843852	0.21960819961164246	bos_eos	seed_42,seed_43,seed_44
1_2_intran_S_marker	02_1_2_intran_S_marker	fig:heatmap-2-intran-s-marker	1.2 Intransitive S marker	51_svo_ng_ac_b_no	svo	ng	nom-acc	balancing	nomn	vos	VS	VPA	100	0.98	0.0	98.0	0.0	0.98	0.98	0.0	0.0	1.4413212196032206	0.12708694175615534	bos_eos	seed_42,seed_43,seed_44
1_2_intran_S_marker	02_1_2_intran_S_marker	fig:heatmap-2-intran-s-marker	1.2 Intransitive S marker	52_svo_ng_ac_d_se	svo	ng	nom-acc	deranking	sent	svo	SV	AVP	100	0.9766666666666667	0.005773502691896263	97.66666666666667	0.5773502691896257	0.97	0.98	0.0	0.0	1.1991206192970276	0.04060302312258231	bos_eos	seed_42,seed_43,seed_44
1_2_intran_S_marker	02_1_2_intran_S_marker	fig:heatmap-2-intran-s-marker	1.2 Intransitive S marker	53_svo_ng_ac_d_pa	svo	ng	nom-acc	deranking	poss-acc	vos	VS	VPA	100	0.9766666666666667	0.011547005383792526	97.66666666666667	1.1547005383792515	0.97	0.99	0.0	0.0	1.2255130267143248	0.0974209943728577	bos_eos	seed_42,seed_43,seed_44
1_2_intran_S_marker	02_1_2_intran_S_marker	fig:heatmap-2-intran-s-marker	1.2 Intransitive S marker	54_svo_ng_ac_d_ep	svo	ng	nom-acc	deranking	erg-poss	vos	VS	VPA	100	0.99	0.010000000000000009	99.0	1.0	0.98	1.0	0.0	0.0	1.2798325085639954	0.11373205022212443	bos_eos	seed_42,seed_43,seed_44
1_2_intran_S_marker	02_1_2_intran_S_marker	fig:heatmap-2-intran-s-marker	1.2 Intransitive S marker	55_svo_ng_ac_d_no	svo	ng	nom-acc	deranking	nomn	vos	VS	VPA	100	0.9866666666666667	0.005773502691896263	98.66666666666667	0.5773502691896257	0.98	0.99	0.0	0.0	1.2122704688707988	0.08420897098868262	bos_eos	seed_42,seed_43,seed_44
1_2_intran_S_marker	02_1_2_intran_S_marker	fig:heatmap-2-intran-s-marker	1.2 Intransitive S marker	56_svo_ng_er_b_se	svo	ng	erg-abs	balancing	sent	svo	SV	AVP	100	0.8966666666666666	0.11150485789118485	89.66666666666666	11.150485789118488	0.77	0.98	0.0	0.0	0.7466979964574179	0.24139932404846995	bos_eos	seed_42,seed_43,seed_44
1_2_intran_S_marker	02_1_2_intran_S_marker	fig:heatmap-2-intran-s-marker	1.2 Intransitive S marker	57_svo_ng_er_b_pa	svo	ng	erg-abs	balancing	poss-acc	vos	VS	VPA	100	0.9433333333333334	0.03214550253664315	94.33333333333334	3.2145502536643185	0.92	0.98	0.0	0.0	0.7461786580085754	0.08579934954029092	bos_eos	seed_42,seed_43,seed_44
1_2_intran_S_marker	02_1_2_intran_S_marker	fig:heatmap-2-intran-s-marker	1.2 Intransitive S marker	58_svo_ng_er_b_ep	svo	ng	erg-abs	balancing	erg-poss	vos	VS	VPA	100	0.8966666666666667	0.025166114784235857	89.66666666666667	2.516611478423583	0.87	0.92	0.0	0.0	0.6363156549135844	0.12242055928136321	bos_eos	seed_42,seed_43,seed_44
1_2_intran_S_marker	02_1_2_intran_S_marker	fig:heatmap-2-intran-s-marker	1.2 Intransitive S marker	59_svo_ng_er_b_no	svo	ng	erg-abs	balancing	nomn	vos	VS	VPA	100	0.9	0.010000000000000009	90.0	1.0	0.89	0.91	0.0	0.0	0.7059918578465779	0.0147169782034311	bos_eos	seed_42,seed_43,seed_44
1_2_intran_S_marker	02_1_2_intran_S_marker	fig:heatmap-2-intran-s-marker	1.2 Intransitive S marker	60_svo_ng_er_d_se	svo	ng	erg-abs	deranking	sent	svo	SV	AVP	100	0.8466666666666667	0.09018499505645786	84.66666666666667	9.018499505645789	0.76	0.94	0.0	0.0	0.6447628879547119	0.12936883149049805	bos_eos	seed_42,seed_43,seed_44
1_2_intran_S_marker	02_1_2_intran_S_marker	fig:heatmap-2-intran-s-marker	1.2 Intransitive S marker	61_svo_ng_er_d_pa	svo	ng	erg-abs	deranking	poss-acc	vos	VS	VPA	100	0.9066666666666666	0.07505553499465135	90.66666666666666	7.505553499465135	0.82	0.95	0.0	0.0	0.6966254234313964	0.13521589273454235	bos_eos	seed_42,seed_43,seed_44
1_2_intran_S_marker	02_1_2_intran_S_marker	fig:heatmap-2-intran-s-marker	1.2 Intransitive S marker	62_svo_ng_er_d_ep	svo	ng	erg-abs	deranking	erg-poss	vos	VS	VPA	100	0.8233333333333334	0.09609023536933052	82.33333333333334	9.60902353693305	0.72	0.91	0.0	0.0	0.44572805960973105	0.15462186935172614	bos_eos	seed_42,seed_43,seed_44
1_2_intran_S_marker	02_1_2_intran_S_marker	fig:heatmap-2-intran-s-marker	1.2 Intransitive S marker	63_svo_ng_er_d_no	svo	ng	erg-abs	deranking	nomn	vos	VS	VPA	100	0.8666666666666667	0.1365039681962885	86.66666666666667	13.650396819628847	0.71	0.96	0.0	0.0	0.6491397444407145	0.29533866591281965	bos_eos	seed_42,seed_43,seed_44
1_2_intran_S_marker	02_1_2_intran_S_marker	fig:heatmap-2-intran-s-marker	1.2 Intransitive S marker	64_vos_gn_ac_b_se	vos	gn	nom-acc	balancing	sent	vos	VS	VPA	100	0.9833333333333333	0.005773502691896263	98.33333333333333	0.5773502691896257	0.98	0.99	0.0	0.0	0.9531390047073364	0.04704175500836124	bos_eos	seed_42,seed_43,seed_44
1_2_intran_S_marker	02_1_2_intran_S_marker	fig:heatmap-2-intran-s-marker	1.2 Intransitive S marker	65_vos_gn_ac_b_pa	vos	gn	nom-acc	balancing	poss-acc	svo	SV	AVP	100	0.98	0.010000000000000009	98.0	1.0	0.97	0.99	0.0	0.0	0.9428859559694925	0.031228418715604746	bos_eos	seed_42,seed_43,seed_44
1_2_intran_S_marker	02_1_2_intran_S_marker	fig:heatmap-2-intran-s-marker	1.2 Intransitive S marker	66_vos_gn_ac_b_ep	vos	gn	nom-acc	balancing	erg-poss	sov	SV	PVA	100	0.99	0.0	99.0	0.0	0.99	0.99	0.0	0.0	1.0678814482688905	0.06868957584895431	bos_eos	seed_42,seed_43,seed_44
1_2_intran_S_marker	02_1_2_intran_S_marker	fig:heatmap-2-intran-s-marker	1.2 Intransitive S marker	67_vos_gn_ac_b_no	vos	gn	nom-acc	balancing	nomn	svo	SV	AVP	100	0.9866666666666667	0.005773502691896263	98.66666666666667	0.5773502691896257	0.98	0.99	0.0	0.0	1.0538538384437561	0.021448526608215175	bos_eos	seed_42,seed_43,seed_44
1_2_intran_S_marker	02_1_2_intran_S_marker	fig:heatmap-2-intran-s-marker	1.2 Intransitive S marker	68_vos_gn_ac_d_se	vos	gn	nom-acc	deranking	sent	vos	VS	VPA	100	0.9866666666666667	0.005773502691896263	98.66666666666667	0.5773502691896257	0.98	0.99	0.0	0.0	1.0480708527565001	0.03796073482857615	bos_eos	seed_42,seed_43,seed_44
1_2_intran_S_marker	02_1_2_intran_S_marker	fig:heatmap-2-intran-s-marker	1.2 Intransitive S marker	69_vos_gn_ac_d_pa	vos	gn	nom-acc	deranking	poss-acc	svo	SV	AVP	100	0.9866666666666667	0.005773502691896263	98.66666666666667	0.5773502691896257	0.98	0.99	0.0	0.0	1.008534361521403	0.06285460409138657	bos_eos	seed_42,seed_43,seed_44
1_2_intran_S_marker	02_1_2_intran_S_marker	fig:heatmap-2-intran-s-marker	1.2 Intransitive S marker	70_vos_gn_ac_d_ep	vos	gn	nom-acc	deranking	erg-poss	sov	SV	PVA	100	0.99	0.0	99.0	0.0	0.99	0.99	0.0	0.0	1.062554931640625	0.050272680397492185	bos_eos	seed_42,seed_43,seed_44
1_2_intran_S_marker	02_1_2_intran_S_marker	fig:heatmap-2-intran-s-marker	1.2 Intransitive S marker	71_vos_gn_ac_d_no	vos	gn	nom-acc	deranking	nomn	svo	SV	AVP	100	0.9833333333333333	0.005773502691896263	98.33333333333333	0.5773502691896257	0.98	0.99	0.0	0.0	1.0526283597946167	0.09589295269142659	bos_eos	seed_42,seed_43,seed_44
1_2_intran_S_marker	02_1_2_intran_S_marker	fig:heatmap-2-intran-s-marker	1.2 Intransitive S marker	72_vos_gn_er_b_se	vos	gn	erg-abs	balancing	sent	vos	VS	VPA	100	0.9466666666666667	0.03214550253664315	94.66666666666667	3.2145502536643185	0.91	0.97	0.0	0.0	0.810256183942159	0.09060467385667616	bos_eos	seed_42,seed_43,seed_44
1_2_intran_S_marker	02_1_2_intran_S_marker	fig:heatmap-2-intran-s-marker	1.2 Intransitive S marker	73_vos_gn_er_b_pa	vos	gn	erg-abs	balancing	poss-acc	svo	SV	AVP	100	0.94	0.017320508075688724	94.0	1.7320508075688772	0.92	0.95	0.0	0.0	0.8403000473976135	0.031046404229405432	bos_eos	seed_42,seed_43,seed_44
1_2_intran_S_marker	02_1_2_intran_S_marker	fig:heatmap-2-intran-s-marker	1.2 Intransitive S marker	74_vos_gn_er_b_ep	vos	gn	erg-abs	balancing	erg-poss	sov	SV	PVA	100	0.95	0.02999999999999997	95.0	3.0	0.92	0.98	0.0	0.0	0.8325347169240316	0.07649350981210808	bos_eos	seed_42,seed_43,seed_44
1_2_intran_S_marker	02_1_2_intran_S_marker	fig:heatmap-2-intran-s-marker	1.2 Intransitive S marker	75_vos_gn_er_b_no	vos	gn	erg-abs	balancing	nomn	svo	SV	AVP	100	0.96	0.026457513110645866	96.0	2.6457513110645907	0.93	0.98	0.0	0.0	0.8651633564631144	0.09866238624746551	bos_eos	seed_42,seed_43,seed_44
1_2_intran_S_marker	02_1_2_intran_S_marker	fig:heatmap-2-intran-s-marker	1.2 Intransitive S marker	76_vos_gn_er_d_se	vos	gn	erg-abs	deranking	sent	vos	VS	VPA	100	0.9433333333333334	0.025166114784235805	94.33333333333334	2.516611478423583	0.92	0.97	0.0	0.0	0.8738696718215943	0.0997473606864317	bos_eos	seed_42,seed_43,seed_44
1_2_intran_S_marker	02_1_2_intran_S_marker	fig:heatmap-2-intran-s-marker	1.2 Intransitive S marker	77_vos_gn_er_d_pa	vos	gn	erg-abs	deranking	poss-acc	svo	SV	AVP	100	0.9400000000000001	0.017320508075688724	94.0	1.7320508075688772	0.93	0.96	0.0	0.0	0.808587965965271	0.024716034974025806	bos_eos	seed_42,seed_43,seed_44
1_2_intran_S_marker	02_1_2_intran_S_marker	fig:heatmap-2-intran-s-marker	1.2 Intransitive S marker	78_vos_gn_er_d_ep	vos	gn	erg-abs	deranking	erg-poss	sov	SV	PVA	100	0.9633333333333333	0.01527525231651948	96.33333333333333	1.5275252316519468	0.95	0.98	0.0	0.0	0.8025859085718791	0.022946001848323135	bos_eos	seed_42,seed_43,seed_44
1_2_intran_S_marker	02_1_2_intran_S_marker	fig:heatmap-2-intran-s-marker	1.2 Intransitive S marker	79_vos_gn_er_d_no	vos	gn	erg-abs	deranking	nomn	svo	SV	AVP	100	0.9366666666666666	0.02886751345948125	93.66666666666667	2.886751345948129	0.92	0.97	0.0	0.0	0.747156674861908	0.05041494471727031	bos_eos	seed_42,seed_43,seed_44
1_2_intran_S_marker	02_1_2_intran_S_marker	fig:heatmap-2-intran-s-marker	1.2 Intransitive S marker	80_vos_ng_ac_b_se	vos	ng	nom-acc	balancing	sent	vos	VS	VPA	100	0.7166666666666667	0.04725815626252608	71.66666666666667	4.725815626252608	0.68	0.77	0.0	0.0	0.29366735061009724	0.048106687756801825	bos_eos	seed_42,seed_43,seed_44
1_2_intran_S_marker	02_1_2_intran_S_marker	fig:heatmap-2-intran-s-marker	1.2 Intransitive S marker	81_vos_ng_ac_b_pa	vos	ng	nom-acc	balancing	poss-acc	vos	VS	VPA	100	0.7	0.11532562594670795	70.0	11.532562594670797	0.59	0.82	0.0	0.0	0.2956040040651957	0.15681277953265638	bos_eos	seed_42,seed_43,seed_44
1_2_intran_S_marker	02_1_2_intran_S_marker	fig:heatmap-2-intran-s-marker	1.2 Intransitive S marker	82_vos_ng_ac_b_ep	vos	ng	nom-acc	balancing	erg-poss	vos	VS	VPA	100	0.7066666666666667	0.046188021535170036	70.66666666666667	4.618802153517006	0.68	0.76	0.0	0.0	0.29782923857371013	0.054882386581960915	bos_eos	seed_42,seed_43,seed_44
1_2_intran_S_marker	02_1_2_intran_S_marker	fig:heatmap-2-intran-s-marker	1.2 Intransitive S marker	83_vos_ng_ac_b_no	vos	ng	nom-acc	balancing	nomn	vos	VS	VPA	100	0.7233333333333334	0.06658328118479395	72.33333333333334	6.658328118479393	0.68	0.8	0.0	0.0	0.3307617139816284	0.10128384902189135	bos_eos	seed_42,seed_43,seed_44
1_2_intran_S_marker	02_1_2_intran_S_marker	fig:heatmap-2-intran-s-marker	1.2 Intransitive S marker	84_vos_ng_ac_d_se	vos	ng	nom-acc	deranking	sent	vos	VS	VPA	100	0.73	0.026457513110645932	73.0	2.6457513110645907	0.71	0.76	0.0	0.0	0.3648876579602559	0.08040442657804774	bos_eos	seed_42,seed_43,seed_44
1_2_intran_S_marker	02_1_2_intran_S_marker	fig:heatmap-2-intran-s-marker	1.2 Intransitive S marker	85_vos_ng_ac_d_pa	vos	ng	nom-acc	deranking	poss-acc	vos	VS	VPA	100	0.7833333333333333	0.09504384952922172	78.33333333333333	9.504384952922168	0.69	0.88	0.0	0.0	0.535949649810791	0.17601190688577353	bos_eos	seed_42,seed_43,seed_44
1_2_intran_S_marker	02_1_2_intran_S_marker	fig:heatmap-2-intran-s-marker	1.2 Intransitive S marker	86_vos_ng_ac_d_ep	vos	ng	nom-acc	deranking	erg-poss	vos	VS	VPA	100	0.79	0.052915026221291815	79.0	5.291502622129181	0.73	0.83	0.0	0.0	0.4391727956136068	0.1037245233035892	bos_eos	seed_42,seed_43,seed_44
1_2_intran_S_marker	02_1_2_intran_S_marker	fig:heatmap-2-intran-s-marker	1.2 Intransitive S marker	87_vos_ng_ac_d_no	vos	ng	nom-acc	deranking	nomn	vos	VS	VPA	100	0.8133333333333334	0.056862407030773256	81.33333333333333	5.686240703077327	0.75	0.86	0.0	0.0	0.5204743043581644	0.12538319283064392	bos_eos	seed_42,seed_43,seed_44
1_2_intran_S_marker	02_1_2_intran_S_marker	fig:heatmap-2-intran-s-marker	1.2 Intransitive S marker	88_vos_ng_er_b_se	vos	ng	erg-abs	balancing	sent	vos	VS	VPA	100	0.9833333333333333	0.005773502691896263	98.33333333333333	0.5773502691896257	0.98	0.99	0.0	0.0	0.8232810950279236	0.10221118271731565	bos_eos	seed_42,seed_43,seed_44
1_2_intran_S_marker	02_1_2_intran_S_marker	fig:heatmap-2-intran-s-marker	1.2 Intransitive S marker	89_vos_ng_er_b_pa	vos	ng	erg-abs	balancing	poss-acc	vos	VS	VPA	100	0.9733333333333333	0.028867513459481315	97.33333333333333	2.886751345948129	0.94	0.99	0.0	0.0	0.8355878877639771	0.1382606897978761	bos_eos	seed_42,seed_43,seed_44
1_2_intran_S_marker	02_1_2_intran_S_marker	fig:heatmap-2-intran-s-marker	1.2 Intransitive S marker	90_vos_ng_er_b_ep	vos	ng	erg-abs	balancing	erg-poss	vos	VS	VPA	100	0.9866666666666667	0.005773502691896263	98.66666666666667	0.5773502691896257	0.98	0.99	0.0	0.0	0.8225747521718343	0.055997882551954765	bos_eos	seed_42,seed_43,seed_44
1_2_intran_S_marker	02_1_2_intran_S_marker	fig:heatmap-2-intran-s-marker	1.2 Intransitive S marker	91_vos_ng_er_b_no	vos	ng	erg-abs	balancing	nomn	vos	VS	VPA	100	0.9833333333333333	0.005773502691896263	98.33333333333333	0.5773502691896257	0.98	0.99	0.0	0.0	0.8596081908543904	0.0388699524604626	bos_eos	seed_42,seed_43,seed_44
1_2_intran_S_marker	02_1_2_intran_S_marker	fig:heatmap-2-intran-s-marker	1.2 Intransitive S marker	92_vos_ng_er_d_se	vos	ng	erg-abs	deranking	sent	vos	VS	VPA	100	0.9833333333333333	0.011547005383792526	98.33333333333333	1.1547005383792515	0.97	0.99	0.0	0.0	0.8324941515922546	0.011064342245481622	bos_eos	seed_42,seed_43,seed_44
1_2_intran_S_marker	02_1_2_intran_S_marker	fig:heatmap-2-intran-s-marker	1.2 Intransitive S marker	93_vos_ng_er_d_pa	vos	ng	erg-abs	deranking	poss-acc	vos	VS	VPA	100	0.9866666666666667	0.005773502691896263	98.66666666666667	0.5773502691896257	0.98	0.99	0.0	0.0	0.8134908143679301	0.028409397190379868	bos_eos	seed_42,seed_43,seed_44
1_2_intran_S_marker	02_1_2_intran_S_marker	fig:heatmap-2-intran-s-marker	1.2 Intransitive S marker	94_vos_ng_er_d_ep	vos	ng	erg-abs	deranking	erg-poss	vos	VS	VPA	100	0.9833333333333333	0.011547005383792526	98.33333333333333	1.1547005383792515	0.97	0.99	0.0	0.0	0.8627460344632466	0.08378884105464449	bos_eos	seed_42,seed_43,seed_44
1_2_intran_S_marker	02_1_2_intran_S_marker	fig:heatmap-2-intran-s-marker	1.2 Intransitive S marker	95_vos_ng_er_d_no	vos	ng	erg-abs	deranking	nomn	vos	VS	VPA	100	0.99	0.0	99.0	0.0	0.99	0.99	0.0	0.0	0.8517268323898315	0.04277469033774495	bos_eos	seed_42,seed_43,seed_44
1_3_intran_SV_order	03_1_3_intran_SV_order	fig:heatmap-3-intran-sv-order	1.3 Intransitive S--V order	00_sov_gn_ac_b_se	sov	gn	nom-acc	balancing	sent	sov	SV	APV	100	1.0	0.0	100.0	0.0	1.0	1.0	0.0	0.0	3.7946009373664857	0.027191805463337503	bos_eos	seed_42,seed_43,seed_44
1_3_intran_SV_order	03_1_3_intran_SV_order	fig:heatmap-3-intran-sv-order	1.3 Intransitive S--V order	01_sov_gn_ac_b_pa	sov	gn	nom-acc	balancing	poss-acc	sov	SV	APV	100	1.0	0.0	100.0	0.0	1.0	1.0	0.0	0.0	3.740520317554474	0.14024530665242732	bos_eos	seed_42,seed_43,seed_44
1_3_intran_SV_order	03_1_3_intran_SV_order	fig:heatmap-3-intran-sv-order	1.3 Intransitive S--V order	02_sov_gn_ac_b_ep	sov	gn	nom-acc	balancing	erg-poss	sov	SV	APV	100	1.0	0.0	100.0	0.0	1.0	1.0	0.0	0.0	3.859041580359141	0.21093820319772313	bos_eos	seed_42,seed_43,seed_44
1_3_intran_SV_order	03_1_3_intran_SV_order	fig:heatmap-3-intran-sv-order	1.3 Intransitive S--V order	03_sov_gn_ac_b_no	sov	gn	nom-acc	balancing	nomn	sov	SV	APV	100	1.0	0.0	100.0	0.0	1.0	1.0	0.0	0.0	3.630769306818644	0.13937722310144002	bos_eos	seed_42,seed_43,seed_44
1_3_intran_SV_order	03_1_3_intran_SV_order	fig:heatmap-3-intran-sv-order	1.3 Intransitive S--V order	04_sov_gn_ac_d_se	sov	gn	nom-acc	deranking	sent	sov	SV	APV	100	1.0	0.0	100.0	0.0	1.0	1.0	0.0	0.0	3.7855909045537315	0.04793578167770619	bos_eos	seed_42,seed_43,seed_44
1_3_intran_SV_order	03_1_3_intran_SV_order	fig:heatmap-3-intran-sv-order	1.3 Intransitive S--V order	05_sov_gn_ac_d_pa	sov	gn	nom-acc	deranking	poss-acc	sov	SV	APV	100	1.0	0.0	100.0	0.0	1.0	1.0	0.0	0.0	3.7500604073206585	0.14455649554191188	bos_eos	seed_42,seed_43,seed_44
1_3_intran_SV_order	03_1_3_intran_SV_order	fig:heatmap-3-intran-sv-order	1.3 Intransitive S--V order	06_sov_gn_ac_d_ep	sov	gn	nom-acc	deranking	erg-poss	sov	SV	APV	100	1.0	0.0	100.0	0.0	1.0	1.0	0.0	0.0	3.7410624035199485	0.09347572596785723	bos_eos	seed_42,seed_43,seed_44
1_3_intran_SV_order	03_1_3_intran_SV_order	fig:heatmap-3-intran-sv-order	1.3 Intransitive S--V order	07_sov_gn_ac_d_no	sov	gn	nom-acc	deranking	nomn	sov	SV	APV	100	1.0	0.0	100.0	0.0	1.0	1.0	0.0	0.0	3.7553599913915	0.20345577317858887	bos_eos	seed_42,seed_43,seed_44
1_3_intran_SV_order	03_1_3_intran_SV_order	fig:heatmap-3-intran-sv-order	1.3 Intransitive S--V order	08_sov_gn_er_b_se	sov	gn	erg-abs	balancing	sent	sov	SV	APV	100	1.0	0.0	100.0	0.0	1.0	1.0	0.0	0.0	4.528162118593852	0.09588364534132497	bos_eos	seed_42,seed_43,seed_44
1_3_intran_SV_order	03_1_3_intran_SV_order	fig:heatmap-3-intran-sv-order	1.3 Intransitive S--V order	09_sov_gn_er_b_pa	sov	gn	erg-abs	balancing	poss-acc	sov	SV	APV	100	1.0	0.0	100.0	0.0	1.0	1.0	0.0	0.0	4.460496509075165	0.09246324096924444	bos_eos	seed_42,seed_43,seed_44
1_3_intran_SV_order	03_1_3_intran_SV_order	fig:heatmap-3-intran-sv-order	1.3 Intransitive S--V order	10_sov_gn_er_b_ep	sov	gn	erg-abs	balancing	erg-poss	sov	SV	APV	100	1.0	0.0	100.0	0.0	1.0	1.0	0.0	0.0	4.468999987443288	0.10323103202065535	bos_eos	seed_42,seed_43,seed_44
1_3_intran_SV_order	03_1_3_intran_SV_order	fig:heatmap-3-intran-sv-order	1.3 Intransitive S--V order	11_sov_gn_er_b_no	sov	gn	erg-abs	balancing	nomn	sov	SV	APV	100	1.0	0.0	100.0	0.0	1.0	1.0	0.0	0.0	4.403329528172811	0.12583723642772993	bos_eos	seed_42,seed_43,seed_44
1_3_intran_SV_order	03_1_3_intran_SV_order	fig:heatmap-3-intran-sv-order	1.3 Intransitive S--V order	12_sov_gn_er_d_se	sov	gn	erg-abs	deranking	sent	sov	SV	APV	100	1.0	0.0	100.0	0.0	1.0	1.0	0.0	0.0	4.396289659341177	0.09450987303928617	bos_eos	seed_42,seed_43,seed_44
1_3_intran_SV_order	03_1_3_intran_SV_order	fig:heatmap-3-intran-sv-order	1.3 Intransitive S--V order	13_sov_gn_er_d_pa	sov	gn	erg-abs	deranking	poss-acc	sov	SV	APV	100	1.0	0.0	100.0	0.0	1.0	1.0	0.0	0.0	4.50957623163859	0.16280060505277927	bos_eos	seed_42,seed_43,seed_44
1_3_intran_SV_order	03_1_3_intran_SV_order	fig:heatmap-3-intran-sv-order	1.3 Intransitive S--V order	14_sov_gn_er_d_ep	sov	gn	erg-abs	deranking	erg-poss	sov	SV	APV	100	1.0	0.0	100.0	0.0	1.0	1.0	0.0	0.0	4.456283263365427	0.06304401699531498	bos_eos	seed_42,seed_43,seed_44
1_3_intran_SV_order	03_1_3_intran_SV_order	fig:heatmap-3-intran-sv-order	1.3 Intransitive S--V order	15_sov_gn_er_d_no	sov	gn	erg-abs	deranking	nomn	sov	SV	APV	100	1.0	0.0	100.0	0.0	1.0	1.0	0.0	0.0	4.470504496097565	0.29156879299264277	bos_eos	seed_42,seed_43,seed_44
1_3_intran_SV_order	03_1_3_intran_SV_order	fig:heatmap-3-intran-sv-order	1.3 Intransitive S--V order	16_sov_ng_ac_b_se	sov	ng	nom-acc	balancing	sent	sov	SV	APV	100	1.0	0.0	100.0	0.0	1.0	1.0	0.0	0.0	3.9109443982442222	0.14454793764262766	bos_eos	seed_42,seed_43,seed_44
1_3_intran_SV_order	03_1_3_intran_SV_order	fig:heatmap-3-intran-sv-order	1.3 Intransitive S--V order	17_sov_ng_ac_b_pa	sov	ng	nom-acc	balancing	poss-acc	ovs	VS	PVA	100	1.0	0.0	100.0	0.0	1.0	1.0	0.0	0.0	3.9422158201535544	0.19813284980667223	bos_eos	seed_42,seed_43,seed_44
1_3_intran_SV_order	03_1_3_intran_SV_order	fig:heatmap-3-intran-sv-order	1.3 Intransitive S--V order	18_sov_ng_ac_b_ep	sov	ng	nom-acc	balancing	erg-poss	vos	VS	AVP	100	1.0	0.0	100.0	0.0	1.0	1.0	0.0	0.0	4.022784046332042	0.13096143900603852	bos_eos	seed_42,seed_43,seed_44
1_3_intran_SV_order	03_1_3_intran_SV_order	fig:heatmap-3-intran-sv-order	1.3 Intransitive S--V order	19_sov_ng_ac_b_no	sov	ng	nom-acc	balancing	nomn	ovs	VS	PVA	100	1.0	0.0	100.0	0.0	1.0	1.0	0.0	0.0	4.013414448897044	0.05256911423951115	bos_eos	seed_42,seed_43,seed_44
1_3_intran_SV_order	03_1_3_intran_SV_order	fig:heatmap-3-intran-sv-order	1.3 Intransitive S--V order	20_sov_ng_ac_d_se	sov	ng	nom-acc	deranking	sent	sov	SV	APV	100	0.9966666666666667	0.005773502691896263	99.66666666666667	0.5773502691896257	0.99	1.0	0.0	0.0	3.9924825922648113	0.19368082202022863	bos_eos	seed_42,seed_43,seed_44
1_3_intran_SV_order	03_1_3_intran_SV_order	fig:heatmap-3-intran-sv-order	1.3 Intransitive S--V order	21_sov_ng_ac_d_pa	sov	ng	nom-acc	deranking	poss-acc	ovs	VS	PVA	100	1.0	0.0	100.0	0.0	1.0	1.0	0.0	0.0	3.9529672479629516	0.1607379187355741	bos_eos	seed_42,seed_43,seed_44
1_3_intran_SV_order	03_1_3_intran_SV_order	fig:heatmap-3-intran-sv-order	1.3 Intransitive S--V order	22_sov_ng_ac_d_ep	sov	ng	nom-acc	deranking	erg-poss	vos	VS	AVP	100	1.0	0.0	100.0	0.0	1.0	1.0	0.0	0.0	4.132975149154664	0.20918092050456874	bos_eos	seed_42,seed_43,seed_44
1_3_intran_SV_order	03_1_3_intran_SV_order	fig:heatmap-3-intran-sv-order	1.3 Intransitive S--V order	23_sov_ng_ac_d_no	sov	ng	nom-acc	deranking	nomn	ovs	VS	PVA	100	1.0	0.0	100.0	0.0	1.0	1.0	0.0	0.0	4.028949509461721	0.062009099165055086	bos_eos	seed_42,seed_43,seed_44
1_3_intran_SV_order	03_1_3_intran_SV_order	fig:heatmap-3-intran-sv-order	1.3 Intransitive S--V order	24_sov_ng_er_b_se	sov	ng	erg-abs	balancing	sent	sov	SV	APV	100	1.0	0.0	100.0	0.0	1.0	1.0	0.0	0.0	4.338730885982513	0.06939105044580358	bos_eos	seed_42,seed_43,seed_44
1_3_intran_SV_order	03_1_3_intran_SV_order	fig:heatmap-3-intran-sv-order	1.3 Intransitive S--V order	25_sov_ng_er_b_pa	sov	ng	erg-abs	balancing	poss-acc	ovs	VS	PVA	100	1.0	0.0	100.0	0.0	1.0	1.0	0.0	0.0	4.323688921928405	0.03698505620494206	bos_eos	seed_42,seed_43,seed_44
1_3_intran_SV_order	03_1_3_intran_SV_order	fig:heatmap-3-intran-sv-order	1.3 Intransitive S--V order	26_sov_ng_er_b_ep	sov	ng	erg-abs	balancing	erg-poss	vos	VS	AVP	100	1.0	0.0	100.0	0.0	1.0	1.0	0.0	0.0	4.511320968468984	0.05513375225400192	bos_eos	seed_42,seed_43,seed_44
1_3_intran_SV_order	03_1_3_intran_SV_order	fig:heatmap-3-intran-sv-order	1.3 Intransitive S--V order	27_sov_ng_er_b_no	sov	ng	erg-abs	balancing	nomn	ovs	VS	PVA	100	1.0	0.0	100.0	0.0	1.0	1.0	0.0	0.0	4.371226584116617	0.15066981222354664	bos_eos	seed_42,seed_43,seed_44
1_3_intran_SV_order	03_1_3_intran_SV_order	fig:heatmap-3-intran-sv-order	1.3 Intransitive S--V order	28_sov_ng_er_d_se	sov	ng	erg-abs	deranking	sent	sov	SV	APV	100	1.0	0.0	100.0	0.0	1.0	1.0	0.0	0.0	4.476107762654623	0.054889012382988954	bos_eos	seed_42,seed_43,seed_44
1_3_intran_SV_order	03_1_3_intran_SV_order	fig:heatmap-3-intran-sv-order	1.3 Intransitive S--V order	29_sov_ng_er_d_pa	sov	ng	erg-abs	deranking	poss-acc	ovs	VS	PVA	100	1.0	0.0	100.0	0.0	1.0	1.0	0.0	0.0	4.273832000096639	0.018874751363295184	bos_eos	seed_42,seed_43,seed_44
1_3_intran_SV_order	03_1_3_intran_SV_order	fig:heatmap-3-intran-sv-order	1.3 Intransitive S--V order	30_sov_ng_er_d_ep	sov	ng	erg-abs	deranking	erg-poss	vos	VS	AVP	100	1.0	0.0	100.0	0.0	1.0	1.0	0.0	0.0	4.474387402534485	0.06982036972432075	bos_eos	seed_42,seed_43,seed_44
1_3_intran_SV_order	03_1_3_intran_SV_order	fig:heatmap-3-intran-sv-order	1.3 Intransitive S--V order	31_sov_ng_er_d_no	sov	ng	erg-abs	deranking	nomn	ovs	VS	PVA	100	1.0	0.0	100.0	0.0	1.0	1.0	0.0	0.0	4.438308473428091	0.19935864468486078	bos_eos	seed_42,seed_43,seed_44
1_3_intran_SV_order	03_1_3_intran_SV_order	fig:heatmap-3-intran-sv-order	1.3 Intransitive S--V order	32_svo_gn_ac_b_se	svo	gn	nom-acc	balancing	sent	svo	SV	AVP	100	1.0	0.0	100.0	0.0	1.0	1.0	0.0	0.0	4.41875330766042	0.10728548571666466	bos_eos	seed_42,seed_43,seed_44
1_3_intran_SV_order	03_1_3_intran_SV_order	fig:heatmap-3-intran-sv-order	1.3 Intransitive S--V order	33_svo_gn_ac_b_pa	svo	gn	nom-acc	balancing	poss-acc	svo	SV	AVP	100	1.0	0.0	100.0	0.0	1.0	1.0	0.0	0.0	4.5228013173739114	0.0852311493324488	bos_eos	seed_42,seed_43,seed_44
1_3_intran_SV_order	03_1_3_intran_SV_order	fig:heatmap-3-intran-sv-order	1.3 Intransitive S--V order	34_svo_gn_ac_b_ep	svo	gn	nom-acc	balancing	erg-poss	sov	SV	PVA	100	1.0	0.0	100.0	0.0	1.0	1.0	0.0	0.0	4.373776088555654	0.07345887921623862	bos_eos	seed_42,seed_43,seed_44
1_3_intran_SV_order	03_1_3_intran_SV_order	fig:heatmap-3-intran-sv-order	1.3 Intransitive S--V order	35_svo_gn_ac_b_no	svo	gn	nom-acc	balancing	nomn	svo	SV	AVP	100	1.0	0.0	100.0	0.0	1.0	1.0	0.0	0.0	4.324997287591298	0.07405101836683922	bos_eos	seed_42,seed_43,seed_44
1_3_intran_SV_order	03_1_3_intran_SV_order	fig:heatmap-3-intran-sv-order	1.3 Intransitive S--V order	36_svo_gn_ac_d_se	svo	gn	nom-acc	deranking	sent	svo	SV	AVP	100	1.0	0.0	100.0	0.0	1.0	1.0	0.0	0.0	4.078272197246552	0.25040980863420137	bos_eos	seed_42,seed_43,seed_44
1_3_intran_SV_order	03_1_3_intran_SV_order	fig:heatmap-3-intran-sv-order	1.3 Intransitive S--V order	37_svo_gn_ac_d_pa	svo	gn	nom-acc	deranking	poss-acc	svo	SV	AVP	100	1.0	0.0	100.0	0.0	1.0	1.0	0.0	0.0	4.085827220280965	0.16859498411257215	bos_eos	seed_42,seed_43,seed_44
1_3_intran_SV_order	03_1_3_intran_SV_order	fig:heatmap-3-intran-sv-order	1.3 Intransitive S--V order	38_svo_gn_ac_d_ep	svo	gn	nom-acc	deranking	erg-poss	sov	SV	PVA	100	1.0	0.0	100.0	0.0	1.0	1.0	0.0	0.0	4.1454456559817	0.4645704883373735	bos_eos	seed_42,seed_43,seed_44
1_3_intran_SV_order	03_1_3_intran_SV_order	fig:heatmap-3-intran-sv-order	1.3 Intransitive S--V order	39_svo_gn_ac_d_no	svo	gn	nom-acc	deranking	nomn	svo	SV	AVP	100	1.0	0.0	100.0	0.0	1.0	1.0	0.0	0.0	3.965136280854543	0.32766061265907986	bos_eos	seed_42,seed_43,seed_44
1_3_intran_SV_order	03_1_3_intran_SV_order	fig:heatmap-3-intran-sv-order	1.3 Intransitive S--V order	40_svo_gn_er_b_se	svo	gn	erg-abs	balancing	sent	svo	SV	AVP	100	1.0	0.0	100.0	0.0	1.0	1.0	0.0	0.0	3.3031480558713278	0.41260021912098954	bos_eos	seed_42,seed_43,seed_44
1_3_intran_SV_order	03_1_3_intran_SV_order	fig:heatmap-3-intran-sv-order	1.3 Intransitive S--V order	41_svo_gn_er_b_pa	svo	gn	erg-abs	balancing	poss-acc	svo	SV	AVP	100	1.0	0.0	100.0	0.0	1.0	1.0	0.0	0.0	3.326462812423706	0.21827113200342793	bos_eos	seed_42,seed_43,seed_44
1_3_intran_SV_order	03_1_3_intran_SV_order	fig:heatmap-3-intran-sv-order	1.3 Intransitive S--V order	42_svo_gn_er_b_ep	svo	gn	erg-abs	balancing	erg-poss	sov	SV	PVA	100	1.0	0.0	100.0	0.0	1.0	1.0	0.0	0.0	3.3772029733657836	0.30138917528476383	bos_eos	seed_42,seed_43,seed_44
1_3_intran_SV_order	03_1_3_intran_SV_order	fig:heatmap-3-intran-sv-order	1.3 Intransitive S--V order	43_svo_gn_er_b_no	svo	gn	erg-abs	balancing	nomn	svo	SV	AVP	100	1.0	0.0	100.0	0.0	1.0	1.0	0.0	0.0	3.0652266120910645	0.2649188030948204	bos_eos	seed_42,seed_43,seed_44
1_3_intran_SV_order	03_1_3_intran_SV_order	fig:heatmap-3-intran-sv-order	1.3 Intransitive S--V order	44_svo_gn_er_d_se	svo	gn	erg-abs	deranking	sent	svo	SV	AVP	100	1.0	0.0	100.0	0.0	1.0	1.0	0.0	0.0	3.181961832046509	0.25773805206655925	bos_eos	seed_42,seed_43,seed_44
1_3_intran_SV_order	03_1_3_intran_SV_order	fig:heatmap-3-intran-sv-order	1.3 Intransitive S--V order	45_svo_gn_er_d_pa	svo	gn	erg-abs	deranking	poss-acc	svo	SV	AVP	100	0.9933333333333333	0.005773502691896263	99.33333333333333	0.5773502691896257	0.99	1.0	0.0	0.0	3.068578282992045	0.08568349936590865	bos_eos	seed_42,seed_43,seed_44
1_3_intran_SV_order	03_1_3_intran_SV_order	fig:heatmap-3-intran-sv-order	1.3 Intransitive S--V order	46_svo_gn_er_d_ep	svo	gn	erg-abs	deranking	erg-poss	sov	SV	PVA	100	1.0	0.0	100.0	0.0	1.0	1.0	0.0	0.0	3.143231662114461	0.16573393091877528	bos_eos	seed_42,seed_43,seed_44
1_3_intran_SV_order	03_1_3_intran_SV_order	fig:heatmap-3-intran-sv-order	1.3 Intransitive S--V order	47_svo_gn_er_d_no	svo	gn	erg-abs	deranking	nomn	svo	SV	AVP	100	0.9966666666666667	0.005773502691896263	99.66666666666667	0.5773502691896257	0.99	1.0	0.0	0.0	2.969921902815501	0.21106478198000891	bos_eos	seed_42,seed_43,seed_44
1_3_intran_SV_order	03_1_3_intran_SV_order	fig:heatmap-3-intran-sv-order	1.3 Intransitive S--V order	48_svo_ng_ac_b_se	svo	ng	nom-acc	balancing	sent	svo	SV	AVP	100	1.0	0.0	100.0	0.0	1.0	1.0	0.0	0.0	4.409419523874918	0.1265956990456514	bos_eos	seed_42,seed_43,seed_44
1_3_intran_SV_order	03_1_3_intran_SV_order	fig:heatmap-3-intran-sv-order	1.3 Intransitive S--V order	49_svo_ng_ac_b_pa	svo	ng	nom-acc	balancing	poss-acc	vos	VS	VPA	100	1.0	0.0	100.0	0.0	1.0	1.0	0.0	0.0	4.342839006582896	0.09948530670923171	bos_eos	seed_42,seed_43,seed_44
1_3_intran_SV_order	03_1_3_intran_SV_order	fig:heatmap-3-intran-sv-order	1.3 Intransitive S--V order	50_svo_ng_ac_b_ep	svo	ng	nom-acc	balancing	erg-poss	vos	VS	VPA	100	1.0	0.0	100.0	0.0	1.0	1.0	0.0	0.0	4.434987487792968	0.03256240234536591	bos_eos	seed_42,seed_43,seed_44
1_3_intran_SV_order	03_1_3_intran_SV_order	fig:heatmap-3-intran-sv-order	1.3 Intransitive S--V order	51_svo_ng_ac_b_no	svo	ng	nom-acc	balancing	nomn	vos	VS	VPA	100	1.0	0.0	100.0	0.0	1.0	1.0	0.0	0.0	4.354035196304322	0.07806612249072231	bos_eos	seed_42,seed_43,seed_44
1_3_intran_SV_order	03_1_3_intran_SV_order	fig:heatmap-3-intran-sv-order	1.3 Intransitive S--V order	52_svo_ng_ac_d_se	svo	ng	nom-acc	deranking	sent	svo	SV	AVP	100	1.0	0.0	100.0	0.0	1.0	1.0	0.0	0.0	4.2411621197064715	0.09448676317471365	bos_eos	seed_42,seed_43,seed_44
1_3_intran_SV_order	03_1_3_intran_SV_order	fig:heatmap-3-intran-sv-order	1.3 Intransitive S--V order	53_svo_ng_ac_d_pa	svo	ng	nom-acc	deranking	poss-acc	vos	VS	VPA	100	1.0	0.0	100.0	0.0	1.0	1.0	0.0	0.0	4.1287824233373005	0.28912645534926895	bos_eos	seed_42,seed_43,seed_44
1_3_intran_SV_order	03_1_3_intran_SV_order	fig:heatmap-3-intran-sv-order	1.3 Intransitive S--V order	54_svo_ng_ac_d_ep	svo	ng	nom-acc	deranking	erg-poss	vos	VS	VPA	100	1.0	0.0	100.0	0.0	1.0	1.0	0.0	0.0	4.198001958529154	0.1531302918995981	bos_eos	seed_42,seed_43,seed_44
1_3_intran_SV_order	03_1_3_intran_SV_order	fig:heatmap-3-intran-sv-order	1.3 Intransitive S--V order	55_svo_ng_ac_d_no	svo	ng	nom-acc	deranking	nomn	vos	VS	VPA	100	1.0	0.0	100.0	0.0	1.0	1.0	0.0	0.0	4.164080666700999	0.10317536944131485	bos_eos	seed_42,seed_43,seed_44
1_3_intran_SV_order	03_1_3_intran_SV_order	fig:heatmap-3-intran-sv-order	1.3 Intransitive S--V order	56_svo_ng_er_b_se	svo	ng	erg-abs	balancing	sent	svo	SV	AVP	100	1.0	0.0	100.0	0.0	1.0	1.0	0.0	0.0	3.2595420900980634	0.09611614088994508	bos_eos	seed_42,seed_43,seed_44
1_3_intran_SV_order	03_1_3_intran_SV_order	fig:heatmap-3-intran-sv-order	1.3 Intransitive S--V order	57_svo_ng_er_b_pa	svo	ng	erg-abs	balancing	poss-acc	vos	VS	VPA	100	1.0	0.0	100.0	0.0	1.0	1.0	0.0	0.0	3.302588139375051	0.3789036284836711	bos_eos	seed_42,seed_43,seed_44
1_3_intran_SV_order	03_1_3_intran_SV_order	fig:heatmap-3-intran-sv-order	1.3 Intransitive S--V order	58_svo_ng_er_b_ep	svo	ng	erg-abs	balancing	erg-poss	vos	VS	VPA	100	1.0	0.0	100.0	0.0	1.0	1.0	0.0	0.0	3.314676771958669	0.27692332450742624	bos_eos	seed_42,seed_43,seed_44
1_3_intran_SV_order	03_1_3_intran_SV_order	fig:heatmap-3-intran-sv-order	1.3 Intransitive S--V order	59_svo_ng_er_b_no	svo	ng	erg-abs	balancing	nomn	vos	VS	VPA	100	1.0	0.0	100.0	0.0	1.0	1.0	0.0	0.0	3.4454298146565754	0.18976368847843342	bos_eos	seed_42,seed_43,seed_44
1_3_intran_SV_order	03_1_3_intran_SV_order	fig:heatmap-3-intran-sv-order	1.3 Intransitive S--V order	60_svo_ng_er_d_se	svo	ng	erg-abs	deranking	sent	svo	SV	AVP	100	1.0	0.0	100.0	0.0	1.0	1.0	0.0	0.0	3.2265318663915	0.3833336760225488	bos_eos	seed_42,seed_43,seed_44
1_3_intran_SV_order	03_1_3_intran_SV_order	fig:heatmap-3-intran-sv-order	1.3 Intransitive S--V order	61_svo_ng_er_d_pa	svo	ng	erg-abs	deranking	poss-acc	vos	VS	VPA	100	1.0	0.0	100.0	0.0	1.0	1.0	0.0	0.0	3.3029390446345013	0.3151649468344295	bos_eos	seed_42,seed_43,seed_44
1_3_intran_SV_order	03_1_3_intran_SV_order	fig:heatmap-3-intran-sv-order	1.3 Intransitive S--V order	62_svo_ng_er_d_ep	svo	ng	erg-abs	deranking	erg-poss	vos	VS	VPA	100	1.0	0.0	100.0	0.0	1.0	1.0	0.0	0.0	3.2478210123380027	0.1000214570076662	bos_eos	seed_42,seed_43,seed_44
1_3_intran_SV_order	03_1_3_intran_SV_order	fig:heatmap-3-intran-sv-order	1.3 Intransitive S--V order	63_svo_ng_er_d_no	svo	ng	erg-abs	deranking	nomn	vos	VS	VPA	100	1.0	0.0	100.0	0.0	1.0	1.0	0.0	0.0	3.216235426266988	0.17206528744344782	bos_eos	seed_42,seed_43,seed_44
1_3_intran_SV_order	03_1_3_intran_SV_order	fig:heatmap-3-intran-sv-order	1.3 Intransitive S--V order	64_vos_gn_ac_b_se	vos	gn	nom-acc	balancing	sent	vos	VS	VPA	100	1.0	0.0	100.0	0.0	1.0	1.0	0.0	0.0	5.174815890789032	0.16202226092454608	bos_eos	seed_42,seed_43,seed_44
1_3_intran_SV_order	03_1_3_intran_SV_order	fig:heatmap-3-intran-sv-order	1.3 Intransitive S--V order	65_vos_gn_ac_b_pa	vos	gn	nom-acc	balancing	poss-acc	svo	SV	AVP	100	1.0	0.0	100.0	0.0	1.0	1.0	0.0	0.0	5.222445286909739	0.06534352027916855	bos_eos	seed_42,seed_43,seed_44
1_3_intran_SV_order	03_1_3_intran_SV_order	fig:heatmap-3-intran-sv-order	1.3 Intransitive S--V order	66_vos_gn_ac_b_ep	vos	gn	nom-acc	balancing	erg-poss	sov	SV	PVA	100	1.0	0.0	100.0	0.0	1.0	1.0	0.0	0.0	5.300403963724772	0.07223769705498831	bos_eos	seed_42,seed_43,seed_44
1_3_intran_SV_order	03_1_3_intran_SV_order	fig:heatmap-3-intran-sv-order	1.3 Intransitive S--V order	67_vos_gn_ac_b_no	vos	gn	nom-acc	balancing	nomn	svo	SV	AVP	100	1.0	0.0	100.0	0.0	1.0	1.0	0.0	0.0	5.165142520268758	0.20490001444542305	bos_eos	seed_42,seed_43,seed_44
1_3_intran_SV_order	03_1_3_intran_SV_order	fig:heatmap-3-intran-sv-order	1.3 Intransitive S--V order	68_vos_gn_ac_d_se	vos	gn	nom-acc	deranking	sent	vos	VS	VPA	100	1.0	0.0	100.0	0.0	1.0	1.0	0.0	0.0	5.88969895362854	0.17131966361530537	bos_eos	seed_42,seed_43,seed_44
1_3_intran_SV_order	03_1_3_intran_SV_order	fig:heatmap-3-intran-sv-order	1.3 Intransitive S--V order	69_vos_gn_ac_d_pa	vos	gn	nom-acc	deranking	poss-acc	svo	SV	AVP	100	1.0	0.0	100.0	0.0	1.0	1.0	0.0	0.0	5.879445565541586	0.08629545404892111	bos_eos	seed_42,seed_43,seed_44
1_3_intran_SV_order	03_1_3_intran_SV_order	fig:heatmap-3-intran-sv-order	1.3 Intransitive S--V order	70_vos_gn_ac_d_ep	vos	gn	nom-acc	deranking	erg-poss	sov	SV	PVA	100	1.0	0.0	100.0	0.0	1.0	1.0	0.0	0.0	5.907495319843292	0.05959413079897042	bos_eos	seed_42,seed_43,seed_44
1_3_intran_SV_order	03_1_3_intran_SV_order	fig:heatmap-3-intran-sv-order	1.3 Intransitive S--V order	71_vos_gn_ac_d_no	vos	gn	nom-acc	deranking	nomn	svo	SV	AVP	100	1.0	0.0	100.0	0.0	1.0	1.0	0.0	0.0	5.917139093081157	0.15620157275053345	bos_eos	seed_42,seed_43,seed_44
1_3_intran_SV_order	03_1_3_intran_SV_order	fig:heatmap-3-intran-sv-order	1.3 Intransitive S--V order	72_vos_gn_er_b_se	vos	gn	erg-abs	balancing	sent	vos	VS	VPA	100	1.0	0.0	100.0	0.0	1.0	1.0	0.0	0.0	5.319733330408733	0.10446407652294264	bos_eos	seed_42,seed_43,seed_44
1_3_intran_SV_order	03_1_3_intran_SV_order	fig:heatmap-3-intran-sv-order	1.3 Intransitive S--V order	73_vos_gn_er_b_pa	vos	gn	erg-abs	balancing	poss-acc	svo	SV	AVP	100	1.0	0.0	100.0	0.0	1.0	1.0	0.0	0.0	5.37692310253779	0.21922597773782992	bos_eos	seed_42,seed_43,seed_44
1_3_intran_SV_order	03_1_3_intran_SV_order	fig:heatmap-3-intran-sv-order	1.3 Intransitive S--V order	74_vos_gn_er_b_ep	vos	gn	erg-abs	balancing	erg-poss	sov	SV	PVA	100	1.0	0.0	100.0	0.0	1.0	1.0	0.0	0.0	5.381318669319153	0.05899809397004926	bos_eos	seed_42,seed_43,seed_44
1_3_intran_SV_order	03_1_3_intran_SV_order	fig:heatmap-3-intran-sv-order	1.3 Intransitive S--V order	75_vos_gn_er_b_no	vos	gn	erg-abs	balancing	nomn	svo	SV	AVP	100	1.0	0.0	100.0	0.0	1.0	1.0	0.0	0.0	5.508708478609721	0.050381904238618734	bos_eos	seed_42,seed_43,seed_44
1_3_intran_SV_order	03_1_3_intran_SV_order	fig:heatmap-3-intran-sv-order	1.3 Intransitive S--V order	76_vos_gn_er_d_se	vos	gn	erg-abs	deranking	sent	vos	VS	VPA	100	1.0	0.0	100.0	0.0	1.0	1.0	0.0	0.0	6.028693410555522	0.25726775375099464	bos_eos	seed_42,seed_43,seed_44
1_3_intran_SV_order	03_1_3_intran_SV_order	fig:heatmap-3-intran-sv-order	1.3 Intransitive S--V order	77_vos_gn_er_d_pa	vos	gn	erg-abs	deranking	poss-acc	svo	SV	AVP	100	1.0	0.0	100.0	0.0	1.0	1.0	0.0	0.0	6.113356321652731	0.09645417442450688	bos_eos	seed_42,seed_43,seed_44
1_3_intran_SV_order	03_1_3_intran_SV_order	fig:heatmap-3-intran-sv-order	1.3 Intransitive S--V order	78_vos_gn_er_d_ep	vos	gn	erg-abs	deranking	erg-poss	sov	SV	PVA	100	1.0	0.0	100.0	0.0	1.0	1.0	0.0	0.0	6.126615189711253	0.18428709451443734	bos_eos	seed_42,seed_43,seed_44
1_3_intran_SV_order	03_1_3_intran_SV_order	fig:heatmap-3-intran-sv-order	1.3 Intransitive S--V order	79_vos_gn_er_d_no	vos	gn	erg-abs	deranking	nomn	svo	SV	AVP	100	1.0	0.0	100.0	0.0	1.0	1.0	0.0	0.0	6.096916848818461	0.1883847748979473	bos_eos	seed_42,seed_43,seed_44
1_3_intran_SV_order	03_1_3_intran_SV_order	fig:heatmap-3-intran-sv-order	1.3 Intransitive S--V order	80_vos_ng_ac_b_se	vos	ng	nom-acc	balancing	sent	vos	VS	VPA	100	1.0	0.0	100.0	0.0	1.0	1.0	0.0	0.0	4.551235234737397	0.048913784891249264	bos_eos	seed_42,seed_43,seed_44
1_3_intran_SV_order	03_1_3_intran_SV_order	fig:heatmap-3-intran-sv-order	1.3 Intransitive S--V order	81_vos_ng_ac_b_pa	vos	ng	nom-acc	balancing	poss-acc	vos	VS	VPA	100	1.0	0.0	100.0	0.0	1.0	1.0	0.0	0.0	4.4844558763504025	0.10365298393150164	bos_eos	seed_42,seed_43,seed_44
1_3_intran_SV_order	03_1_3_intran_SV_order	fig:heatmap-3-intran-sv-order	1.3 Intransitive S--V order	82_vos_ng_ac_b_ep	vos	ng	nom-acc	balancing	erg-poss	vos	VS	VPA	100	1.0	0.0	100.0	0.0	1.0	1.0	0.0	0.0	4.585013068517049	0.04777811563452419	bos_eos	seed_42,seed_43,seed_44
1_3_intran_SV_order	03_1_3_intran_SV_order	fig:heatmap-3-intran-sv-order	1.3 Intransitive S--V order	83_vos_ng_ac_b_no	vos	ng	nom-acc	balancing	nomn	vos	VS	VPA	100	1.0	0.0	100.0	0.0	1.0	1.0	0.0	0.0	4.507556014060975	0.17990884180308775	bos_eos	seed_42,seed_43,seed_44
1_3_intran_SV_order	03_1_3_intran_SV_order	fig:heatmap-3-intran-sv-order	1.3 Intransitive S--V order	84_vos_ng_ac_d_se	vos	ng	nom-acc	deranking	sent	vos	VS	VPA	100	1.0	0.0	100.0	0.0	1.0	1.0	0.0	0.0	5.221799449125926	0.15664929364921468	bos_eos	seed_42,seed_43,seed_44
1_3_intran_SV_order	03_1_3_intran_SV_order	fig:heatmap-3-intran-sv-order	1.3 Intransitive S--V order	85_vos_ng_ac_d_pa	vos	ng	nom-acc	deranking	poss-acc	vos	VS	VPA	100	1.0	0.0	100.0	0.0	1.0	1.0	0.0	0.0	5.416963034470876	0.013744151011005241	bos_eos	seed_42,seed_43,seed_44
1_3_intran_SV_order	03_1_3_intran_SV_order	fig:heatmap-3-intran-sv-order	1.3 Intransitive S--V order	86_vos_ng_ac_d_ep	vos	ng	nom-acc	deranking	erg-poss	vos	VS	VPA	100	1.0	0.0	100.0	0.0	1.0	1.0	0.0	0.0	5.087336218357086	0.09253729901429232	bos_eos	seed_42,seed_43,seed_44
1_3_intran_SV_order	03_1_3_intran_SV_order	fig:heatmap-3-intran-sv-order	1.3 Intransitive S--V order	87_vos_ng_ac_d_no	vos	ng	nom-acc	deranking	nomn	vos	VS	VPA	100	1.0	0.0	100.0	0.0	1.0	1.0	0.0	0.0	5.285111696720123	0.04448893098161566	bos_eos	seed_42,seed_43,seed_44
1_3_intran_SV_order	03_1_3_intran_SV_order	fig:heatmap-3-intran-sv-order	1.3 Intransitive S--V order	88_vos_ng_er_b_se	vos	ng	erg-abs	balancing	sent	vos	VS	VPA	100	1.0	0.0	100.0	0.0	1.0	1.0	0.0	0.0	4.968752574125926	0.11986700786676042	bos_eos	seed_42,seed_43,seed_44
1_3_intran_SV_order	03_1_3_intran_SV_order	fig:heatmap-3-intran-sv-order	1.3 Intransitive S--V order	89_vos_ng_er_b_pa	vos	ng	erg-abs	balancing	poss-acc	vos	VS	VPA	100	1.0	0.0	100.0	0.0	1.0	1.0	0.0	0.0	5.070147287845612	0.10465378627799943	bos_eos	seed_42,seed_43,seed_44
1_3_intran_SV_order	03_1_3_intran_SV_order	fig:heatmap-3-intran-sv-order	1.3 Intransitive S--V order	90_vos_ng_er_b_ep	vos	ng	erg-abs	balancing	erg-poss	vos	VS	VPA	100	1.0	0.0	100.0	0.0	1.0	1.0	0.0	0.0	4.955393248399099	0.07138893222161213	bos_eos	seed_42,seed_43,seed_44
1_3_intran_SV_order	03_1_3_intran_SV_order	fig:heatmap-3-intran-sv-order	1.3 Intransitive S--V order	91_vos_ng_er_b_no	vos	ng	erg-abs	balancing	nomn	vos	VS	VPA	100	1.0	0.0	100.0	0.0	1.0	1.0	0.0	0.0	5.083438305060069	0.04225450031800275	bos_eos	seed_42,seed_43,seed_44
1_3_intran_SV_order	03_1_3_intran_SV_order	fig:heatmap-3-intran-sv-order	1.3 Intransitive S--V order	92_vos_ng_er_d_se	vos	ng	erg-abs	deranking	sent	vos	VS	VPA	100	1.0	0.0	100.0	0.0	1.0	1.0	0.0	0.0	5.693243741989136	0.08403357249981427	bos_eos	seed_42,seed_43,seed_44
1_3_intran_SV_order	03_1_3_intran_SV_order	fig:heatmap-3-intran-sv-order	1.3 Intransitive S--V order	93_vos_ng_er_d_pa	vos	ng	erg-abs	deranking	poss-acc	vos	VS	VPA	100	1.0	0.0	100.0	0.0	1.0	1.0	0.0	0.0	5.723907148838043	0.19282074714253436	bos_eos	seed_42,seed_43,seed_44
1_3_intran_SV_order	03_1_3_intran_SV_order	fig:heatmap-3-intran-sv-order	1.3 Intransitive S--V order	94_vos_ng_er_d_ep	vos	ng	erg-abs	deranking	erg-poss	vos	VS	VPA	100	1.0	0.0	100.0	0.0	1.0	1.0	0.0	0.0	5.791545790831248	0.07153974751190195	bos_eos	seed_42,seed_43,seed_44
1_3_intran_SV_order	03_1_3_intran_SV_order	fig:heatmap-3-intran-sv-order	1.3 Intransitive S--V order	95_vos_ng_er_d_no	vos	ng	erg-abs	deranking	nomn	vos	VS	VPA	100	1.0	0.0	100.0	0.0	1.0	1.0	0.0	0.0	5.765431276162466	0.017848840564430684	bos_eos	seed_42,seed_43,seed_44
1_4_tran_V_form	04_1_4_tran_V_form	fig:heatmap-4-tran-v-form	1.4 Transitive finite verb form	00_sov_gn_ac_b_se	sov	gn	nom-acc	balancing	sent	sov	SV	APV	100	1.0	0.0	100.0	0.0	1.0	1.0	0.0	0.0	1.8550110626220704	0.016327695114536446	bos_eos	seed_42,seed_43,seed_44
1_4_tran_V_form	04_1_4_tran_V_form	fig:heatmap-4-tran-v-form	1.4 Transitive finite verb form	01_sov_gn_ac_b_pa	sov	gn	nom-acc	balancing	poss-acc	sov	SV	APV	100	1.0	0.0	100.0	0.0	1.0	1.0	0.0	0.0	1.918994402885437	0.15290380859542413	bos_eos	seed_42,seed_43,seed_44
1_4_tran_V_form	04_1_4_tran_V_form	fig:heatmap-4-tran-v-form	1.4 Transitive finite verb form	02_sov_gn_ac_b_ep	sov	gn	nom-acc	balancing	erg-poss	sov	SV	APV	100	1.0	0.0	100.0	0.0	1.0	1.0	0.0	0.0	2.083310623963674	0.1468912392952901	bos_eos	seed_42,seed_43,seed_44
1_4_tran_V_form	04_1_4_tran_V_form	fig:heatmap-4-tran-v-form	1.4 Transitive finite verb form	03_sov_gn_ac_b_no	sov	gn	nom-acc	balancing	nomn	sov	SV	APV	100	1.0	0.0	100.0	0.0	1.0	1.0	0.0	0.0	2.0540504678090414	0.041670964819936464	bos_eos	seed_42,seed_43,seed_44
1_4_tran_V_form	04_1_4_tran_V_form	fig:heatmap-4-tran-v-form	1.4 Transitive finite verb form	04_sov_gn_ac_d_se	sov	gn	nom-acc	deranking	sent	sov	SV	APV	100	1.0	0.0	100.0	0.0	1.0	1.0	0.0	0.0	1.658468774954478	0.1766417666593456	bos_eos	seed_42,seed_43,seed_44
1_4_tran_V_form	04_1_4_tran_V_form	fig:heatmap-4-tran-v-form	1.4 Transitive finite verb form	05_sov_gn_ac_d_pa	sov	gn	nom-acc	deranking	poss-acc	sov	SV	APV	100	1.0	0.0	100.0	0.0	1.0	1.0	0.0	0.0	1.6211904136339823	0.1486481426633849	bos_eos	seed_42,seed_43,seed_44
1_4_tran_V_form	04_1_4_tran_V_form	fig:heatmap-4-tran-v-form	1.4 Transitive finite verb form	06_sov_gn_ac_d_ep	sov	gn	nom-acc	deranking	erg-poss	sov	SV	APV	100	1.0	0.0	100.0	0.0	1.0	1.0	0.0	0.0	1.68713169892629	0.06000807531224737	bos_eos	seed_42,seed_43,seed_44
1_4_tran_V_form	04_1_4_tran_V_form	fig:heatmap-4-tran-v-form	1.4 Transitive finite verb form	07_sov_gn_ac_d_no	sov	gn	nom-acc	deranking	nomn	sov	SV	APV	100	1.0	0.0	100.0	0.0	1.0	1.0	0.0	0.0	1.8188181447982787	0.14805429769121933	bos_eos	seed_42,seed_43,seed_44
1_4_tran_V_form	04_1_4_tran_V_form	fig:heatmap-4-tran-v-form	1.4 Transitive finite verb form	08_sov_gn_er_b_se	sov	gn	erg-abs	balancing	sent	sov	SV	APV	100	1.0	0.0	100.0	0.0	1.0	1.0	0.0	0.0	1.914861667950948	0.04831174629014395	bos_eos	seed_42,seed_43,seed_44
1_4_tran_V_form	04_1_4_tran_V_form	fig:heatmap-4-tran-v-form	1.4 Transitive finite verb form	09_sov_gn_er_b_pa	sov	gn	erg-abs	balancing	poss-acc	sov	SV	APV	100	1.0	0.0	100.0	0.0	1.0	1.0	0.0	0.0	2.018459575970968	0.028089943701224734	bos_eos	seed_42,seed_43,seed_44
1_4_tran_V_form	04_1_4_tran_V_form	fig:heatmap-4-tran-v-form	1.4 Transitive finite verb form	10_sov_gn_er_b_ep	sov	gn	erg-abs	balancing	erg-poss	sov	SV	APV	100	1.0	0.0	100.0	0.0	1.0	1.0	0.0	0.0	2.1021860869725546	0.06641689899542218	bos_eos	seed_42,seed_43,seed_44
1_4_tran_V_form	04_1_4_tran_V_form	fig:heatmap-4-tran-v-form	1.4 Transitive finite verb form	11_sov_gn_er_b_no	sov	gn	erg-abs	balancing	nomn	sov	SV	APV	100	1.0	0.0	100.0	0.0	1.0	1.0	0.0	0.0	2.015913151105245	0.04969603615944488	bos_eos	seed_42,seed_43,seed_44
1_4_tran_V_form	04_1_4_tran_V_form	fig:heatmap-4-tran-v-form	1.4 Transitive finite verb form	12_sov_gn_er_d_se	sov	gn	erg-abs	deranking	sent	sov	SV	APV	100	1.0	0.0	100.0	0.0	1.0	1.0	0.0	0.0	1.6241030756632486	0.0612254308222793	bos_eos	seed_42,seed_43,seed_44
1_4_tran_V_form	04_1_4_tran_V_form	fig:heatmap-4-tran-v-form	1.4 Transitive finite verb form	13_sov_gn_er_d_pa	sov	gn	erg-abs	deranking	poss-acc	sov	SV	APV	100	1.0	0.0	100.0	0.0	1.0	1.0	0.0	0.0	1.5654700477917989	0.08077400977619038	bos_eos	seed_42,seed_43,seed_44
1_4_tran_V_form	04_1_4_tran_V_form	fig:heatmap-4-tran-v-form	1.4 Transitive finite verb form	14_sov_gn_er_d_ep	sov	gn	erg-abs	deranking	erg-poss	sov	SV	APV	100	1.0	0.0	100.0	0.0	1.0	1.0	0.0	0.0	1.5023710608482361	0.06917761637163213	bos_eos	seed_42,seed_43,seed_44
1_4_tran_V_form	04_1_4_tran_V_form	fig:heatmap-4-tran-v-form	1.4 Transitive finite verb form	15_sov_gn_er_d_no	sov	gn	erg-abs	deranking	nomn	sov	SV	APV	100	1.0	0.0	100.0	0.0	1.0	1.0	0.0	0.0	1.6037982161839803	0.07840431652813022	bos_eos	seed_42,seed_43,seed_44
1_4_tran_V_form	04_1_4_tran_V_form	fig:heatmap-4-tran-v-form	1.4 Transitive finite verb form	16_sov_ng_ac_b_se	sov	ng	nom-acc	balancing	sent	sov	SV	APV	100	1.0	0.0	100.0	0.0	1.0	1.0	0.0	0.0	1.8587004152933757	0.07757903264051139	bos_eos	seed_42,seed_43,seed_44
1_4_tran_V_form	04_1_4_tran_V_form	fig:heatmap-4-tran-v-form	1.4 Transitive finite verb form	17_sov_ng_ac_b_pa	sov	ng	nom-acc	balancing	poss-acc	ovs	VS	PVA	100	1.0	0.0	100.0	0.0	1.0	1.0	0.0	0.0	1.8446752587954203	0.12307370503038878	bos_eos	seed_42,seed_43,seed_44
1_4_tran_V_form	04_1_4_tran_V_form	fig:heatmap-4-tran-v-form	1.4 Transitive finite verb form	18_sov_ng_ac_b_ep	sov	ng	nom-acc	balancing	erg-poss	vos	VS	AVP	100	1.0	0.0	100.0	0.0	1.0	1.0	0.0	0.0	2.0267654983202616	0.0670515513323027	bos_eos	seed_42,seed_43,seed_44
1_4_tran_V_form	04_1_4_tran_V_form	fig:heatmap-4-tran-v-form	1.4 Transitive finite verb form	19_sov_ng_ac_b_no	sov	ng	nom-acc	balancing	nomn	ovs	VS	PVA	100	1.0	0.0	100.0	0.0	1.0	1.0	0.0	0.0	2.0036281164487204	0.21057251364397891	bos_eos	seed_42,seed_43,seed_44
1_4_tran_V_form	04_1_4_tran_V_form	fig:heatmap-4-tran-v-form	1.4 Transitive finite verb form	20_sov_ng_ac_d_se	sov	ng	nom-acc	deranking	sent	sov	SV	APV	100	1.0	0.0	100.0	0.0	1.0	1.0	0.0	0.0	1.6579272031784058	0.05641305433871618	bos_eos	seed_42,seed_43,seed_44
1_4_tran_V_form	04_1_4_tran_V_form	fig:heatmap-4-tran-v-form	1.4 Transitive finite verb form	21_sov_ng_ac_d_pa	sov	ng	nom-acc	deranking	poss-acc	ovs	VS	PVA	100	1.0	0.0	100.0	0.0	1.0	1.0	0.0	0.0	1.5724072416623434	0.08545515111680752	bos_eos	seed_42,seed_43,seed_44
1_4_tran_V_form	04_1_4_tran_V_form	fig:heatmap-4-tran-v-form	1.4 Transitive finite verb form	22_sov_ng_ac_d_ep	sov	ng	nom-acc	deranking	erg-poss	vos	VS	AVP	100	1.0	0.0	100.0	0.0	1.0	1.0	0.0	0.0	1.7291200876235961	0.0694712565474822	bos_eos	seed_42,seed_43,seed_44
1_4_tran_V_form	04_1_4_tran_V_form	fig:heatmap-4-tran-v-form	1.4 Transitive finite verb form	23_sov_ng_ac_d_no	sov	ng	nom-acc	deranking	nomn	ovs	VS	PVA	100	1.0	0.0	100.0	0.0	1.0	1.0	0.0	0.0	1.7389357312520346	0.11925529286467001	bos_eos	seed_42,seed_43,seed_44
1_4_tran_V_form	04_1_4_tran_V_form	fig:heatmap-4-tran-v-form	1.4 Transitive finite verb form	24_sov_ng_er_b_se	sov	ng	erg-abs	balancing	sent	sov	SV	APV	100	1.0	0.0	100.0	0.0	1.0	1.0	0.0	0.0	1.7656250413258872	0.007671090434278445	bos_eos	seed_42,seed_43,seed_44
1_4_tran_V_form	04_1_4_tran_V_form	fig:heatmap-4-tran-v-form	1.4 Transitive finite verb form	25_sov_ng_er_b_pa	sov	ng	erg-abs	balancing	poss-acc	ovs	VS	PVA	100	1.0	0.0	100.0	0.0	1.0	1.0	0.0	0.0	1.7558120107650756	0.08163139503674087	bos_eos	seed_42,seed_43,seed_44
1_4_tran_V_form	04_1_4_tran_V_form	fig:heatmap-4-tran-v-form	1.4 Transitive finite verb form	26_sov_ng_er_b_ep	sov	ng	erg-abs	balancing	erg-poss	vos	VS	AVP	100	1.0	0.0	100.0	0.0	1.0	1.0	0.0	0.0	1.8263589628537495	0.22369305468362538	bos_eos	seed_42,seed_43,seed_44
1_4_tran_V_form	04_1_4_tran_V_form	fig:heatmap-4-tran-v-form	1.4 Transitive finite verb form	27_sov_ng_er_b_no	sov	ng	erg-abs	balancing	nomn	ovs	VS	PVA	100	1.0	0.0	100.0	0.0	1.0	1.0	0.0	0.0	1.8630657863616944	0.06333335874696572	bos_eos	seed_42,seed_43,seed_44
1_4_tran_V_form	04_1_4_tran_V_form	fig:heatmap-4-tran-v-form	1.4 Transitive finite verb form	28_sov_ng_er_d_se	sov	ng	erg-abs	deranking	sent	sov	SV	APV	100	1.0	0.0	100.0	0.0	1.0	1.0	0.0	0.0	1.6447853112220765	0.07198764464082162	bos_eos	seed_42,seed_43,seed_44
1_4_tran_V_form	04_1_4_tran_V_form	fig:heatmap-4-tran-v-form	1.4 Transitive finite verb form	29_sov_ng_er_d_pa	sov	ng	erg-abs	deranking	poss-acc	ovs	VS	PVA	100	1.0	0.0	100.0	0.0	1.0	1.0	0.0	0.0	1.4798396015167237	0.053067727092884695	bos_eos	seed_42,seed_43,seed_44
1_4_tran_V_form	04_1_4_tran_V_form	fig:heatmap-4-tran-v-form	1.4 Transitive finite verb form	30_sov_ng_er_d_ep	sov	ng	erg-abs	deranking	erg-poss	vos	VS	AVP	100	1.0	0.0	100.0	0.0	1.0	1.0	0.0	0.0	1.551960895061493	0.21063820358369278	bos_eos	seed_42,seed_43,seed_44
1_4_tran_V_form	04_1_4_tran_V_form	fig:heatmap-4-tran-v-form	1.4 Transitive finite verb form	31_sov_ng_er_d_no	sov	ng	erg-abs	deranking	nomn	ovs	VS	PVA	100	1.0	0.0	100.0	0.0	1.0	1.0	0.0	0.0	1.6427844993273417	0.0769691242878733	bos_eos	seed_42,seed_43,seed_44
1_4_tran_V_form	04_1_4_tran_V_form	fig:heatmap-4-tran-v-form	1.4 Transitive finite verb form	32_svo_gn_ac_b_se	svo	gn	nom-acc	balancing	sent	svo	SV	AVP	100	1.0	0.0	100.0	0.0	1.0	1.0	0.0	0.0	2.2515372077624	0.08186364297977157	bos_eos	seed_42,seed_43,seed_44
1_4_tran_V_form	04_1_4_tran_V_form	fig:heatmap-4-tran-v-form	1.4 Transitive finite verb form	33_svo_gn_ac_b_pa	svo	gn	nom-acc	balancing	poss-acc	svo	SV	AVP	100	1.0	0.0	100.0	0.0	1.0	1.0	0.0	0.0	2.2918469746907553	0.12345431747828897	bos_eos	seed_42,seed_43,seed_44
1_4_tran_V_form	04_1_4_tran_V_form	fig:heatmap-4-tran-v-form	1.4 Transitive finite verb form	34_svo_gn_ac_b_ep	svo	gn	nom-acc	balancing	erg-poss	sov	SV	PVA	100	1.0	0.0	100.0	0.0	1.0	1.0	0.0	0.0	2.5388430166244507	0.15382987417578411	bos_eos	seed_42,seed_43,seed_44
1_4_tran_V_form	04_1_4_tran_V_form	fig:heatmap-4-tran-v-form	1.4 Transitive finite verb form	35_svo_gn_ac_b_no	svo	gn	nom-acc	balancing	nomn	svo	SV	AVP	100	1.0	0.0	100.0	0.0	1.0	1.0	0.0	0.0	2.3686555290222167	0.118002600959918	bos_eos	seed_42,seed_43,seed_44
1_4_tran_V_form	04_1_4_tran_V_form	fig:heatmap-4-tran-v-form	1.4 Transitive finite verb form	36_svo_gn_ac_d_se	svo	gn	nom-acc	deranking	sent	svo	SV	AVP	100	0.98	0.0	98.0	0.0	0.98	0.98	0.0	0.0	0.819057068824768	0.0607692212578142	bos_eos	seed_42,seed_43,seed_44
1_4_tran_V_form	04_1_4_tran_V_form	fig:heatmap-4-tran-v-form	1.4 Transitive finite verb form	37_svo_gn_ac_d_pa	svo	gn	nom-acc	deranking	poss-acc	svo	SV	AVP	100	0.9866666666666667	0.005773502691896263	98.66666666666667	0.5773502691896257	0.98	0.99	0.0	0.0	0.8494639539718628	0.019629861628253715	bos_eos	seed_42,seed_43,seed_44
1_4_tran_V_form	04_1_4_tran_V_form	fig:heatmap-4-tran-v-form	1.4 Transitive finite verb form	38_svo_gn_ac_d_ep	svo	gn	nom-acc	deranking	erg-poss	sov	SV	PVA	100	0.9833333333333333	0.020816659994661348	98.33333333333333	2.0816659994661326	0.96	1.0	0.0	0.0	0.8584282294909159	0.06239626244091017	bos_eos	seed_42,seed_43,seed_44
1_4_tran_V_form	04_1_4_tran_V_form	fig:heatmap-4-tran-v-form	1.4 Transitive finite verb form	39_svo_gn_ac_d_no	svo	gn	nom-acc	deranking	nomn	svo	SV	AVP	100	0.9933333333333333	0.005773502691896263	99.33333333333333	0.5773502691896257	0.99	1.0	0.0	0.0	0.8322617077827453	0.029086925313363578	bos_eos	seed_42,seed_43,seed_44
1_4_tran_V_form	04_1_4_tran_V_form	fig:heatmap-4-tran-v-form	1.4 Transitive finite verb form	40_svo_gn_er_b_se	svo	gn	erg-abs	balancing	sent	svo	SV	AVP	100	1.0	0.0	100.0	0.0	1.0	1.0	0.0	0.0	1.6291883675257366	0.1113975619802582	bos_eos	seed_42,seed_43,seed_44
1_4_tran_V_form	04_1_4_tran_V_form	fig:heatmap-4-tran-v-form	1.4 Transitive finite verb form	41_svo_gn_er_b_pa	svo	gn	erg-abs	balancing	poss-acc	svo	SV	AVP	100	1.0	0.0	100.0	0.0	1.0	1.0	0.0	0.0	1.7739776746431986	0.011234816264796835	bos_eos	seed_42,seed_43,seed_44
1_4_tran_V_form	04_1_4_tran_V_form	fig:heatmap-4-tran-v-form	1.4 Transitive finite verb form	42_svo_gn_er_b_ep	svo	gn	erg-abs	balancing	erg-poss	sov	SV	PVA	100	1.0	0.0	100.0	0.0	1.0	1.0	0.0	0.0	2.232190721035004	0.11733136560985753	bos_eos	seed_42,seed_43,seed_44
1_4_tran_V_form	04_1_4_tran_V_form	fig:heatmap-4-tran-v-form	1.4 Transitive finite verb form	43_svo_gn_er_b_no	svo	gn	erg-abs	balancing	nomn	svo	SV	AVP	100	1.0	0.0	100.0	0.0	1.0	1.0	0.0	0.0	2.0667814191182456	0.03645318981019409	bos_eos	seed_42,seed_43,seed_44
1_4_tran_V_form	04_1_4_tran_V_form	fig:heatmap-4-tran-v-form	1.4 Transitive finite verb form	44_svo_gn_er_d_se	svo	gn	erg-abs	deranking	sent	svo	SV	AVP	100	0.9766666666666667	0.01527525231651948	97.66666666666667	1.5275252316519468	0.96	0.99	0.0	0.0	0.7293329580624898	0.018529613257635053	bos_eos	seed_42,seed_43,seed_44
1_4_tran_V_form	04_1_4_tran_V_form	fig:heatmap-4-tran-v-form	1.4 Transitive finite verb form	45_svo_gn_er_d_pa	svo	gn	erg-abs	deranking	poss-acc	svo	SV	AVP	100	0.97	0.020000000000000018	97.0	2.0	0.95	0.99	0.0	0.0	0.7079645125071208	0.018225431134300127	bos_eos	seed_42,seed_43,seed_44
1_4_tran_V_form	04_1_4_tran_V_form	fig:heatmap-4-tran-v-form	1.4 Transitive finite verb form	46_svo_gn_er_d_ep	svo	gn	erg-abs	deranking	erg-poss	sov	SV	PVA	100	0.9833333333333333	0.01527525231651948	98.33333333333333	1.5275252316519468	0.97	1.0	0.0	0.0	0.7035124452908834	0.04559441884683843	bos_eos	seed_42,seed_43,seed_44
1_4_tran_V_form	04_1_4_tran_V_form	fig:heatmap-4-tran-v-form	1.4 Transitive finite verb form	47_svo_gn_er_d_no	svo	gn	erg-abs	deranking	nomn	svo	SV	AVP	100	0.9933333333333333	0.005773502691896263	99.33333333333333	0.5773502691896257	0.99	1.0	0.0	0.0	0.7178532608350118	0.02654948047931897	bos_eos	seed_42,seed_43,seed_44
1_4_tran_V_form	04_1_4_tran_V_form	fig:heatmap-4-tran-v-form	1.4 Transitive finite verb form	48_svo_ng_ac_b_se	svo	ng	nom-acc	balancing	sent	svo	SV	AVP	100	1.0	0.0	100.0	0.0	1.0	1.0	0.0	0.0	2.127560695807139	0.06695648816979184	bos_eos	seed_42,seed_43,seed_44
1_4_tran_V_form	04_1_4_tran_V_form	fig:heatmap-4-tran-v-form	1.4 Transitive finite verb form	49_svo_ng_ac_b_pa	svo	ng	nom-acc	balancing	poss-acc	vos	VS	VPA	100	1.0	0.0	100.0	0.0	1.0	1.0	0.0	0.0	2.389991768201192	0.08898016073101501	bos_eos	seed_42,seed_43,seed_44
1_4_tran_V_form	04_1_4_tran_V_form	fig:heatmap-4-tran-v-form	1.4 Transitive finite verb form	50_svo_ng_ac_b_ep	svo	ng	nom-acc	balancing	erg-poss	vos	VS	VPA	100	1.0	0.0	100.0	0.0	1.0	1.0	0.0	0.0	2.6211399761835734	0.05490248556828144	bos_eos	seed_42,seed_43,seed_44
1_4_tran_V_form	04_1_4_tran_V_form	fig:heatmap-4-tran-v-form	1.4 Transitive finite verb form	51_svo_ng_ac_b_no	svo	ng	nom-acc	balancing	nomn	vos	VS	VPA	100	1.0	0.0	100.0	0.0	1.0	1.0	0.0	0.0	2.5492858441670734	0.13586142855290093	bos_eos	seed_42,seed_43,seed_44
1_4_tran_V_form	04_1_4_tran_V_form	fig:heatmap-4-tran-v-form	1.4 Transitive finite verb form	52_svo_ng_ac_d_se	svo	ng	nom-acc	deranking	sent	svo	SV	AVP	100	0.9766666666666667	0.01527525231651948	97.66666666666667	1.5275252316519468	0.96	0.99	0.0	0.0	0.8333468039830526	0.04881166348188073	bos_eos	seed_42,seed_43,seed_44
1_4_tran_V_form	04_1_4_tran_V_form	fig:heatmap-4-tran-v-form	1.4 Transitive finite verb form	53_svo_ng_ac_d_pa	svo	ng	nom-acc	deranking	poss-acc	vos	VS	VPA	100	0.9966666666666667	0.005773502691896263	99.66666666666667	0.5773502691896257	0.99	1.0	0.0	0.0	0.848610029220581	0.03073653284082524	bos_eos	seed_42,seed_43,seed_44
1_4_tran_V_form	04_1_4_tran_V_form	fig:heatmap-4-tran-v-form	1.4 Transitive finite verb form	54_svo_ng_ac_d_ep	svo	ng	nom-acc	deranking	erg-poss	vos	VS	VPA	100	0.99	0.010000000000000009	99.0	1.0	0.98	1.0	0.0	0.0	0.8373706078529358	0.05157094247783985	bos_eos	seed_42,seed_43,seed_44
1_4_tran_V_form	04_1_4_tran_V_form	fig:heatmap-4-tran-v-form	1.4 Transitive finite verb form	55_svo_ng_ac_d_no	svo	ng	nom-acc	deranking	nomn	vos	VS	VPA	100	0.9933333333333333	0.011547005383792526	99.33333333333333	1.1547005383792515	0.98	1.0	0.0	0.0	0.8105258591969808	0.06532111991176918	bos_eos	seed_42,seed_43,seed_44
1_4_tran_V_form	04_1_4_tran_V_form	fig:heatmap-4-tran-v-form	1.4 Transitive finite verb form	56_svo_ng_er_b_se	svo	ng	erg-abs	balancing	sent	svo	SV	AVP	100	1.0	0.0	100.0	0.0	1.0	1.0	0.0	0.0	1.827984652519226	0.06124321091485437	bos_eos	seed_42,seed_43,seed_44
1_4_tran_V_form	04_1_4_tran_V_form	fig:heatmap-4-tran-v-form	1.4 Transitive finite verb form	57_svo_ng_er_b_pa	svo	ng	erg-abs	balancing	poss-acc	vos	VS	VPA	100	1.0	0.0	100.0	0.0	1.0	1.0	0.0	0.0	1.8996963477134705	0.19091900592785518	bos_eos	seed_42,seed_43,seed_44
1_4_tran_V_form	04_1_4_tran_V_form	fig:heatmap-4-tran-v-form	1.4 Transitive finite verb form	58_svo_ng_er_b_ep	svo	ng	erg-abs	balancing	erg-poss	vos	VS	VPA	100	1.0	0.0	100.0	0.0	1.0	1.0	0.0	0.0	2.1905160037676494	0.17896052266385185	bos_eos	seed_42,seed_43,seed_44
1_4_tran_V_form	04_1_4_tran_V_form	fig:heatmap-4-tran-v-form	1.4 Transitive finite verb form	59_svo_ng_er_b_no	svo	ng	erg-abs	balancing	nomn	vos	VS	VPA	100	1.0	0.0	100.0	0.0	1.0	1.0	0.0	0.0	2.168693693478902	0.013797078707601764	bos_eos	seed_42,seed_43,seed_44
1_4_tran_V_form	04_1_4_tran_V_form	fig:heatmap-4-tran-v-form	1.4 Transitive finite verb form	60_svo_ng_er_d_se	svo	ng	erg-abs	deranking	sent	svo	SV	AVP	100	0.9866666666666667	0.023094010767585053	98.66666666666667	2.309401076758503	0.96	1.0	0.0	0.0	0.7220940208435058	0.01843683112445778	bos_eos	seed_42,seed_43,seed_44
1_4_tran_V_form	04_1_4_tran_V_form	fig:heatmap-4-tran-v-form	1.4 Transitive finite verb form	61_svo_ng_er_d_pa	svo	ng	erg-abs	deranking	poss-acc	vos	VS	VPA	100	0.9833333333333333	0.005773502691896263	98.33333333333333	0.5773502691896257	0.98	0.99	0.0	0.0	0.7113152774175008	0.046618187130494725	bos_eos	seed_42,seed_43,seed_44
1_4_tran_V_form	04_1_4_tran_V_form	fig:heatmap-4-tran-v-form	1.4 Transitive finite verb form	62_svo_ng_er_d_ep	svo	ng	erg-abs	deranking	erg-poss	vos	VS	VPA	100	0.97	0.017320508075688787	97.0	1.7320508075688772	0.95	0.98	0.0	0.0	0.6789700603485107	0.03686111645274442	bos_eos	seed_42,seed_43,seed_44
1_4_tran_V_form	04_1_4_tran_V_form	fig:heatmap-4-tran-v-form	1.4 Transitive finite verb form	63_svo_ng_er_d_no	svo	ng	erg-abs	deranking	nomn	vos	VS	VPA	100	0.97	0.020000000000000018	97.0	2.0	0.95	0.99	0.0	0.0	0.6880542357762655	0.026863301758549063	bos_eos	seed_42,seed_43,seed_44
1_4_tran_V_form	04_1_4_tran_V_form	fig:heatmap-4-tran-v-form	1.4 Transitive finite verb form	64_vos_gn_ac_b_se	vos	gn	nom-acc	balancing	sent	vos	VS	VPA	100	1.0	0.0	100.0	0.0	1.0	1.0	0.0	0.0	2.196276926199595	0.1814639541059406	bos_eos	seed_42,seed_43,seed_44
1_4_tran_V_form	04_1_4_tran_V_form	fig:heatmap-4-tran-v-form	1.4 Transitive finite verb form	65_vos_gn_ac_b_pa	vos	gn	nom-acc	balancing	poss-acc	svo	SV	AVP	100	1.0	0.0	100.0	0.0	1.0	1.0	0.0	0.0	2.298018743991852	0.06495577561795236	bos_eos	seed_42,seed_43,seed_44
1_4_tran_V_form	04_1_4_tran_V_form	fig:heatmap-4-tran-v-form	1.4 Transitive finite verb form	66_vos_gn_ac_b_ep	vos	gn	nom-acc	balancing	erg-poss	sov	SV	PVA	100	1.0	0.0	100.0	0.0	1.0	1.0	0.0	0.0	2.4185420227050782	0.011809481295593569	bos_eos	seed_42,seed_43,seed_44
1_4_tran_V_form	04_1_4_tran_V_form	fig:heatmap-4-tran-v-form	1.4 Transitive finite verb form	67_vos_gn_ac_b_no	vos	gn	nom-acc	balancing	nomn	svo	SV	AVP	100	1.0	0.0	100.0	0.0	1.0	1.0	0.0	0.0	2.254999939600627	0.012693270801720077	bos_eos	seed_42,seed_43,seed_44
1_4_tran_V_form	04_1_4_tran_V_form	fig:heatmap-4-tran-v-form	1.4 Transitive finite verb form	68_vos_gn_ac_d_se	vos	gn	nom-acc	deranking	sent	vos	VS	VPA	100	1.0	0.0	100.0	0.0	1.0	1.0	0.0	0.0	1.9187408836682638	0.07753457685432404	bos_eos	seed_42,seed_43,seed_44
1_4_tran_V_form	04_1_4_tran_V_form	fig:heatmap-4-tran-v-form	1.4 Transitive finite verb form	69_vos_gn_ac_d_pa	vos	gn	nom-acc	deranking	poss-acc	svo	SV	AVP	100	1.0	0.0	100.0	0.0	1.0	1.0	0.0	0.0	2.0543706997235613	0.01911306868081257	bos_eos	seed_42,seed_43,seed_44
1_4_tran_V_form	04_1_4_tran_V_form	fig:heatmap-4-tran-v-form	1.4 Transitive finite verb form	70_vos_gn_ac_d_ep	vos	gn	nom-acc	deranking	erg-poss	sov	SV	PVA	100	1.0	0.0	100.0	0.0	1.0	1.0	0.0	0.0	2.042719632784525	0.09487928850039976	bos_eos	seed_42,seed_43,seed_44
1_4_tran_V_form	04_1_4_tran_V_form	fig:heatmap-4-tran-v-form	1.4 Transitive finite verb form	71_vos_gn_ac_d_no	vos	gn	nom-acc	deranking	nomn	svo	SV	AVP	100	1.0	0.0	100.0	0.0	1.0	1.0	0.0	0.0	1.9804067770640057	0.09273316813482387	bos_eos	seed_42,seed_43,seed_44
1_4_tran_V_form	04_1_4_tran_V_form	fig:heatmap-4-tran-v-form	1.4 Transitive finite verb form	72_vos_gn_er_b_se	vos	gn	erg-abs	balancing	sent	vos	VS	VPA	100	1.0	0.0	100.0	0.0	1.0	1.0	0.0	0.0	2.0537124268213907	0.053143300385000106	bos_eos	seed_42,seed_43,seed_44
1_4_tran_V_form	04_1_4_tran_V_form	fig:heatmap-4-tran-v-form	1.4 Transitive finite verb form	73_vos_gn_er_b_pa	vos	gn	erg-abs	balancing	poss-acc	svo	SV	AVP	100	1.0	0.0	100.0	0.0	1.0	1.0	0.0	0.0	2.060975991090139	0.013501024538621334	bos_eos	seed_42,seed_43,seed_44
1_4_tran_V_form	04_1_4_tran_V_form	fig:heatmap-4-tran-v-form	1.4 Transitive finite verb form	74_vos_gn_er_b_ep	vos	gn	erg-abs	balancing	erg-poss	sov	SV	PVA	100	1.0	0.0	100.0	0.0	1.0	1.0	0.0	0.0	2.4142182604471842	0.17902895705969957	bos_eos	seed_42,seed_43,seed_44
1_4_tran_V_form	04_1_4_tran_V_form	fig:heatmap-4-tran-v-form	1.4 Transitive finite verb form	75_vos_gn_er_b_no	vos	gn	erg-abs	balancing	nomn	svo	SV	AVP	100	1.0	0.0	100.0	0.0	1.0	1.0	0.0	0.0	2.4452956612904866	0.047313177513160415	bos_eos	seed_42,seed_43,seed_44
1_4_tran_V_form	04_1_4_tran_V_form	fig:heatmap-4-tran-v-form	1.4 Transitive finite verb form	76_vos_gn_er_d_se	vos	gn	erg-abs	deranking	sent	vos	VS	VPA	100	1.0	0.0	100.0	0.0	1.0	1.0	0.0	0.0	1.8904007331530253	0.0549662161198911	bos_eos	seed_42,seed_43,seed_44
1_4_tran_V_form	04_1_4_tran_V_form	fig:heatmap-4-tran-v-form	1.4 Transitive finite verb form	77_vos_gn_er_d_pa	vos	gn	erg-abs	deranking	poss-acc	svo	SV	AVP	100	1.0	0.0	100.0	0.0	1.0	1.0	0.0	0.0	1.9481853636105855	0.06301978059622308	bos_eos	seed_42,seed_43,seed_44
1_4_tran_V_form	04_1_4_tran_V_form	fig:heatmap-4-tran-v-form	1.4 Transitive finite verb form	78_vos_gn_er_d_ep	vos	gn	erg-abs	deranking	erg-poss	sov	SV	PVA	100	1.0	0.0	100.0	0.0	1.0	1.0	0.0	0.0	1.902070209980011	0.05902674862964209	bos_eos	seed_42,seed_43,seed_44
1_4_tran_V_form	04_1_4_tran_V_form	fig:heatmap-4-tran-v-form	1.4 Transitive finite verb form	79_vos_gn_er_d_no	vos	gn	erg-abs	deranking	nomn	svo	SV	AVP	100	1.0	0.0	100.0	0.0	1.0	1.0	0.0	0.0	1.9301182961463927	0.017868351896064488	bos_eos	seed_42,seed_43,seed_44
1_4_tran_V_form	04_1_4_tran_V_form	fig:heatmap-4-tran-v-form	1.4 Transitive finite verb form	80_vos_ng_ac_b_se	vos	ng	nom-acc	balancing	sent	vos	VS	VPA	100	1.0	0.0	100.0	0.0	1.0	1.0	0.0	0.0	2.2860302233695986	0.11584935112301542	bos_eos	seed_42,seed_43,seed_44
1_4_tran_V_form	04_1_4_tran_V_form	fig:heatmap-4-tran-v-form	1.4 Transitive finite verb form	81_vos_ng_ac_b_pa	vos	ng	nom-acc	balancing	poss-acc	vos	VS	VPA	100	1.0	0.0	100.0	0.0	1.0	1.0	0.0	0.0	2.3857578961054484	0.08305717783154841	bos_eos	seed_42,seed_43,seed_44
1_4_tran_V_form	04_1_4_tran_V_form	fig:heatmap-4-tran-v-form	1.4 Transitive finite verb form	82_vos_ng_ac_b_ep	vos	ng	nom-acc	balancing	erg-poss	vos	VS	VPA	100	1.0	0.0	100.0	0.0	1.0	1.0	0.0	0.0	2.2598076661427817	0.08103989279779811	bos_eos	seed_42,seed_43,seed_44
1_4_tran_V_form	04_1_4_tran_V_form	fig:heatmap-4-tran-v-form	1.4 Transitive finite verb form	83_vos_ng_ac_b_no	vos	ng	nom-acc	balancing	nomn	vos	VS	VPA	100	1.0	0.0	100.0	0.0	1.0	1.0	0.0	0.0	2.435978921254476	0.08529994645522804	bos_eos	seed_42,seed_43,seed_44
1_4_tran_V_form	04_1_4_tran_V_form	fig:heatmap-4-tran-v-form	1.4 Transitive finite verb form	84_vos_ng_ac_d_se	vos	ng	nom-acc	deranking	sent	vos	VS	VPA	100	0.9966666666666667	0.005773502691896263	99.66666666666667	0.5773502691896257	0.99	1.0	0.0	0.0	2.0103035577138266	0.0297442278869117	bos_eos	seed_42,seed_43,seed_44
1_4_tran_V_form	04_1_4_tran_V_form	fig:heatmap-4-tran-v-form	1.4 Transitive finite verb form	85_vos_ng_ac_d_pa	vos	ng	nom-acc	deranking	poss-acc	vos	VS	VPA	100	1.0	0.0	100.0	0.0	1.0	1.0	0.0	0.0	2.053969609737396	0.06895622857170448	bos_eos	seed_42,seed_43,seed_44
1_4_tran_V_form	04_1_4_tran_V_form	fig:heatmap-4-tran-v-form	1.4 Transitive finite verb form	86_vos_ng_ac_d_ep	vos	ng	nom-acc	deranking	erg-poss	vos	VS	VPA	100	0.9966666666666667	0.005773502691896263	99.66666666666667	0.5773502691896257	0.99	1.0	0.0	0.0	1.9009856796264648	0.08454732793829944	bos_eos	seed_42,seed_43,seed_44
1_4_tran_V_form	04_1_4_tran_V_form	fig:heatmap-4-tran-v-form	1.4 Transitive finite verb form	87_vos_ng_ac_d_no	vos	ng	nom-acc	deranking	nomn	vos	VS	VPA	100	0.9933333333333333	0.011547005383792526	99.33333333333333	1.1547005383792515	0.98	1.0	0.0	0.0	1.9394768047332764	0.016952047266778035	bos_eos	seed_42,seed_43,seed_44
1_4_tran_V_form	04_1_4_tran_V_form	fig:heatmap-4-tran-v-form	1.4 Transitive finite verb form	88_vos_ng_er_b_se	vos	ng	erg-abs	balancing	sent	vos	VS	VPA	100	1.0	0.0	100.0	0.0	1.0	1.0	0.0	0.0	2.202102468808492	0.04003496941541512	bos_eos	seed_42,seed_43,seed_44
1_4_tran_V_form	04_1_4_tran_V_form	fig:heatmap-4-tran-v-form	1.4 Transitive finite verb form	89_vos_ng_er_b_pa	vos	ng	erg-abs	balancing	poss-acc	vos	VS	VPA	100	1.0	0.0	100.0	0.0	1.0	1.0	0.0	0.0	2.2213331667582192	0.092907486253595	bos_eos	seed_42,seed_43,seed_44
1_4_tran_V_form	04_1_4_tran_V_form	fig:heatmap-4-tran-v-form	1.4 Transitive finite verb form	90_vos_ng_er_b_ep	vos	ng	erg-abs	balancing	erg-poss	vos	VS	VPA	100	1.0	0.0	100.0	0.0	1.0	1.0	0.0	0.0	2.4224421556790667	0.01987265085545706	bos_eos	seed_42,seed_43,seed_44
1_4_tran_V_form	04_1_4_tran_V_form	fig:heatmap-4-tran-v-form	1.4 Transitive finite verb form	91_vos_ng_er_b_no	vos	ng	erg-abs	balancing	nomn	vos	VS	VPA	100	1.0	0.0	100.0	0.0	1.0	1.0	0.0	0.0	2.4096733411153157	0.12031132506368308	bos_eos	seed_42,seed_43,seed_44
1_4_tran_V_form	04_1_4_tran_V_form	fig:heatmap-4-tran-v-form	1.4 Transitive finite verb form	92_vos_ng_er_d_se	vos	ng	erg-abs	deranking	sent	vos	VS	VPA	100	1.0	0.0	100.0	0.0	1.0	1.0	0.0	0.0	1.8377318040529886	0.02128585259295659	bos_eos	seed_42,seed_43,seed_44
1_4_tran_V_form	04_1_4_tran_V_form	fig:heatmap-4-tran-v-form	1.4 Transitive finite verb form	93_vos_ng_er_d_pa	vos	ng	erg-abs	deranking	poss-acc	vos	VS	VPA	100	1.0	0.0	100.0	0.0	1.0	1.0	0.0	0.0	1.8715481607119242	0.06660618402430789	bos_eos	seed_42,seed_43,seed_44
1_4_tran_V_form	04_1_4_tran_V_form	fig:heatmap-4-tran-v-form	1.4 Transitive finite verb form	94_vos_ng_er_d_ep	vos	ng	erg-abs	deranking	erg-poss	vos	VS	VPA	100	1.0	0.0	100.0	0.0	1.0	1.0	0.0	0.0	1.8873628815015158	0.007744456457517972	bos_eos	seed_42,seed_43,seed_44
1_4_tran_V_form	04_1_4_tran_V_form	fig:heatmap-4-tran-v-form	1.4 Transitive finite verb form	95_vos_ng_er_d_no	vos	ng	erg-abs	deranking	nomn	vos	VS	VPA	100	1.0	0.0	100.0	0.0	1.0	1.0	0.0	0.0	1.9424067934354146	0.03738395925041616	bos_eos	seed_42,seed_43,seed_44
1_5_tran_A_marker	05_1_5_tran_A_marker	fig:heatmap-5-tran-a-marker	1.5 Transitive A marker	00_sov_gn_ac_b_se	sov	gn	nom-acc	balancing	sent	sov	SV	APV	100	0.78	0.010000000000000009	78.0	1.0	0.77	0.79	0.0	0.0	0.44699431816736857	0.042064189269321615	bos_eos	seed_42,seed_43,seed_44
1_5_tran_A_marker	05_1_5_tran_A_marker	fig:heatmap-5-tran-a-marker	1.5 Transitive A marker	01_sov_gn_ac_b_pa	sov	gn	nom-acc	balancing	poss-acc	sov	SV	APV	100	0.81	0.019999999999999962	81.0	2.0	0.79	0.83	0.0	0.0	0.45647309462229413	0.010592914444383083	bos_eos	seed_42,seed_43,seed_44
1_5_tran_A_marker	05_1_5_tran_A_marker	fig:heatmap-5-tran-a-marker	1.5 Transitive A marker	02_sov_gn_ac_b_ep	sov	gn	nom-acc	balancing	erg-poss	sov	SV	APV	100	0.8433333333333333	0.025166114784235857	84.33333333333333	2.516611478423583	0.82	0.87	0.0	0.0	0.5371891403198242	0.059293085848971694	bos_eos	seed_42,seed_43,seed_44
1_5_tran_A_marker	05_1_5_tran_A_marker	fig:heatmap-5-tran-a-marker	1.5 Transitive A marker	03_sov_gn_ac_b_no	sov	gn	nom-acc	balancing	nomn	sov	SV	APV	100	0.8233333333333334	0.04163331998932263	82.33333333333334	4.163331998932265	0.79	0.87	0.0	0.0	0.5771257797876994	0.08376339545263607	bos_eos	seed_42,seed_43,seed_44
1_5_tran_A_marker	05_1_5_tran_A_marker	fig:heatmap-5-tran-a-marker	1.5 Transitive A marker	04_sov_gn_ac_d_se	sov	gn	nom-acc	deranking	sent	sov	SV	APV	100	0.7966666666666666	0.05033222956847165	79.66666666666666	5.033222956847166	0.75	0.85	0.0	0.0	0.42914156198501585	0.02327753345547811	bos_eos	seed_42,seed_43,seed_44
1_5_tran_A_marker	05_1_5_tran_A_marker	fig:heatmap-5-tran-a-marker	1.5 Transitive A marker	05_sov_gn_ac_d_pa	sov	gn	nom-acc	deranking	poss-acc	sov	SV	APV	100	0.84	0.017320508075688787	84.0	1.7320508075688772	0.83	0.86	0.0	0.0	0.515821266969045	0.03885105430088577	bos_eos	seed_42,seed_43,seed_44
1_5_tran_A_marker	05_1_5_tran_A_marker	fig:heatmap-5-tran-a-marker	1.5 Transitive A marker	06_sov_gn_ac_d_ep	sov	gn	nom-acc	deranking	erg-poss	sov	SV	APV	100	0.8066666666666666	0.015275252316519432	80.66666666666666	1.5275252316519468	0.79	0.82	0.0	0.0	0.5406633551915486	0.03127497116485211	bos_eos	seed_42,seed_43,seed_44
1_5_tran_A_marker	05_1_5_tran_A_marker	fig:heatmap-5-tran-a-marker	1.5 Transitive A marker	07_sov_gn_ac_d_no	sov	gn	nom-acc	deranking	nomn	sov	SV	APV	100	0.85	0.034641016151377574	85.0	3.4641016151377544	0.83	0.89	0.0	0.0	0.6374389870961508	0.044904028474864875	bos_eos	seed_42,seed_43,seed_44
1_5_tran_A_marker	05_1_5_tran_A_marker	fig:heatmap-5-tran-a-marker	1.5 Transitive A marker	08_sov_gn_er_b_se	sov	gn	erg-abs	balancing	sent	sov	SV	APV	100	1.0	0.0	100.0	0.0	1.0	1.0	0.0	0.0	1.4726637848218282	0.03516528439015469	bos_eos	seed_42,seed_43,seed_44
1_5_tran_A_marker	05_1_5_tran_A_marker	fig:heatmap-5-tran-a-marker	1.5 Transitive A marker	09_sov_gn_er_b_pa	sov	gn	erg-abs	balancing	poss-acc	sov	SV	APV	100	1.0	0.0	100.0	0.0	1.0	1.0	0.0	0.0	1.4902833310763042	0.010883623561734041	bos_eos	seed_42,seed_43,seed_44
1_5_tran_A_marker	05_1_5_tran_A_marker	fig:heatmap-5-tran-a-marker	1.5 Transitive A marker	10_sov_gn_er_b_ep	sov	gn	erg-abs	balancing	erg-poss	sov	SV	APV	100	1.0	0.0	100.0	0.0	1.0	1.0	0.0	0.0	1.4964751768112183	0.043805835654416765	bos_eos	seed_42,seed_43,seed_44
1_5_tran_A_marker	05_1_5_tran_A_marker	fig:heatmap-5-tran-a-marker	1.5 Transitive A marker	11_sov_gn_er_b_no	sov	gn	erg-abs	balancing	nomn	sov	SV	APV	100	1.0	0.0	100.0	0.0	1.0	1.0	0.0	0.0	1.4363103501001995	0.028368644265604266	bos_eos	seed_42,seed_43,seed_44
1_5_tran_A_marker	05_1_5_tran_A_marker	fig:heatmap-5-tran-a-marker	1.5 Transitive A marker	12_sov_gn_er_d_se	sov	gn	erg-abs	deranking	sent	sov	SV	APV	100	1.0	0.0	100.0	0.0	1.0	1.0	0.0	0.0	1.5216171574592592	0.04580510754531977	bos_eos	seed_42,seed_43,seed_44
1_5_tran_A_marker	05_1_5_tran_A_marker	fig:heatmap-5-tran-a-marker	1.5 Transitive A marker	13_sov_gn_er_d_pa	sov	gn	erg-abs	deranking	poss-acc	sov	SV	APV	100	1.0	0.0	100.0	0.0	1.0	1.0	0.0	0.0	1.440324853261312	0.08726333229940744	bos_eos	seed_42,seed_43,seed_44
1_5_tran_A_marker	05_1_5_tran_A_marker	fig:heatmap-5-tran-a-marker	1.5 Transitive A marker	14_sov_gn_er_d_ep	sov	gn	erg-abs	deranking	erg-poss	sov	SV	APV	100	1.0	0.0	100.0	0.0	1.0	1.0	0.0	0.0	1.5088387250900268	0.035922512871864286	bos_eos	seed_42,seed_43,seed_44
1_5_tran_A_marker	05_1_5_tran_A_marker	fig:heatmap-5-tran-a-marker	1.5 Transitive A marker	15_sov_gn_er_d_no	sov	gn	erg-abs	deranking	nomn	sov	SV	APV	100	1.0	0.0	100.0	0.0	1.0	1.0	0.0	0.0	1.448126277923584	0.02656447091786476	bos_eos	seed_42,seed_43,seed_44
1_5_tran_A_marker	05_1_5_tran_A_marker	fig:heatmap-5-tran-a-marker	1.5 Transitive A marker	16_sov_ng_ac_b_se	sov	ng	nom-acc	balancing	sent	sov	SV	APV	100	0.9866666666666667	0.011547005383792526	98.66666666666667	1.1547005383792515	0.98	1.0	0.0	0.0	0.6283917546272277	0.03949254305071774	bos_eos	seed_42,seed_43,seed_44
1_5_tran_A_marker	05_1_5_tran_A_marker	fig:heatmap-5-tran-a-marker	1.5 Transitive A marker	17_sov_ng_ac_b_pa	sov	ng	nom-acc	balancing	poss-acc	ovs	VS	PVA	100	0.9666666666666667	0.01527525231651948	96.66666666666667	1.5275252316519468	0.95	0.98	0.0	0.0	0.615166780948639	0.03021227003650062	bos_eos	seed_42,seed_43,seed_44
1_5_tran_A_marker	05_1_5_tran_A_marker	fig:heatmap-5-tran-a-marker	1.5 Transitive A marker	18_sov_ng_ac_b_ep	sov	ng	nom-acc	balancing	erg-poss	vos	VS	AVP	100	0.99	0.0	99.0	0.0	0.99	0.99	0.0	0.0	0.8041004633903504	0.0996145720267151	bos_eos	seed_42,seed_43,seed_44
1_5_tran_A_marker	05_1_5_tran_A_marker	fig:heatmap-5-tran-a-marker	1.5 Transitive A marker	19_sov_ng_ac_b_no	sov	ng	nom-acc	balancing	nomn	ovs	VS	PVA	100	0.99	0.0	99.0	0.0	0.99	0.99	0.0	0.0	0.8857885360717773	0.04019045191316064	bos_eos	seed_42,seed_43,seed_44
1_5_tran_A_marker	05_1_5_tran_A_marker	fig:heatmap-5-tran-a-marker	1.5 Transitive A marker	20_sov_ng_ac_d_se	sov	ng	nom-acc	deranking	sent	sov	SV	APV	100	0.9733333333333333	0.005773502691896263	97.33333333333333	0.5773502691896257	0.97	0.98	0.0	0.0	0.7090308173497518	0.05389697489862957	bos_eos	seed_42,seed_43,seed_44
1_5_tran_A_marker	05_1_5_tran_A_marker	fig:heatmap-5-tran-a-marker	1.5 Transitive A marker	21_sov_ng_ac_d_pa	sov	ng	nom-acc	deranking	poss-acc	ovs	VS	PVA	100	0.99	0.017320508075688787	99.0	1.7320508075688772	0.97	1.0	0.0	0.0	0.7102284224828084	0.08018581741349592	bos_eos	seed_42,seed_43,seed_44
1_5_tran_A_marker	05_1_5_tran_A_marker	fig:heatmap-5-tran-a-marker	1.5 Transitive A marker	22_sov_ng_ac_d_ep	sov	ng	nom-acc	deranking	erg-poss	vos	VS	AVP	100	0.99	0.010000000000000009	99.0	1.0	0.98	1.0	0.0	0.0	0.7872157335281372	0.06420123707222336	bos_eos	seed_42,seed_43,seed_44
1_5_tran_A_marker	05_1_5_tran_A_marker	fig:heatmap-5-tran-a-marker	1.5 Transitive A marker	23_sov_ng_ac_d_no	sov	ng	nom-acc	deranking	nomn	ovs	VS	PVA	100	0.9966666666666667	0.005773502691896263	99.66666666666667	0.5773502691896257	0.99	1.0	0.0	0.0	0.8420778576533	0.027172705801477574	bos_eos	seed_42,seed_43,seed_44
1_5_tran_A_marker	05_1_5_tran_A_marker	fig:heatmap-5-tran-a-marker	1.5 Transitive A marker	24_sov_ng_er_b_se	sov	ng	erg-abs	balancing	sent	sov	SV	APV	100	1.0	0.0	100.0	0.0	1.0	1.0	0.0	0.0	1.7724582537015279	0.06706793531113076	bos_eos	seed_42,seed_43,seed_44
1_5_tran_A_marker	05_1_5_tran_A_marker	fig:heatmap-5-tran-a-marker	1.5 Transitive A marker	25_sov_ng_er_b_pa	sov	ng	erg-abs	balancing	poss-acc	ovs	VS	PVA	100	1.0	0.0	100.0	0.0	1.0	1.0	0.0	0.0	1.6942210650444032	0.10977563129026843	bos_eos	seed_42,seed_43,seed_44
1_5_tran_A_marker	05_1_5_tran_A_marker	fig:heatmap-5-tran-a-marker	1.5 Transitive A marker	26_sov_ng_er_b_ep	sov	ng	erg-abs	balancing	erg-poss	vos	VS	AVP	100	1.0	0.0	100.0	0.0	1.0	1.0	0.0	0.0	1.7839025394121806	0.007558571032883158	bos_eos	seed_42,seed_43,seed_44
1_5_tran_A_marker	05_1_5_tran_A_marker	fig:heatmap-5-tran-a-marker	1.5 Transitive A marker	27_sov_ng_er_b_no	sov	ng	erg-abs	balancing	nomn	ovs	VS	PVA	100	1.0	0.0	100.0	0.0	1.0	1.0	0.0	0.0	1.7311658406257628	0.15304180857066457	bos_eos	seed_42,seed_43,seed_44
1_5_tran_A_marker	05_1_5_tran_A_marker	fig:heatmap-5-tran-a-marker	1.5 Transitive A marker	28_sov_ng_er_d_se	sov	ng	erg-abs	deranking	sent	sov	SV	APV	100	1.0	0.0	100.0	0.0	1.0	1.0	0.0	0.0	1.6876496251424153	0.12193339138539505	bos_eos	seed_42,seed_43,seed_44
1_5_tran_A_marker	05_1_5_tran_A_marker	fig:heatmap-5-tran-a-marker	1.5 Transitive A marker	29_sov_ng_er_d_pa	sov	ng	erg-abs	deranking	poss-acc	ovs	VS	PVA	100	1.0	0.0	100.0	0.0	1.0	1.0	0.0	0.0	1.722524455388387	0.06414946951875031	bos_eos	seed_42,seed_43,seed_44
1_5_tran_A_marker	05_1_5_tran_A_marker	fig:heatmap-5-tran-a-marker	1.5 Transitive A marker	30_sov_ng_er_d_ep	sov	ng	erg-abs	deranking	erg-poss	vos	VS	AVP	100	1.0	0.0	100.0	0.0	1.0	1.0	0.0	0.0	1.7356475146611532	0.110559184122719	bos_eos	seed_42,seed_43,seed_44
1_5_tran_A_marker	05_1_5_tran_A_marker	fig:heatmap-5-tran-a-marker	1.5 Transitive A marker	31_sov_ng_er_d_no	sov	ng	erg-abs	deranking	nomn	ovs	VS	PVA	100	1.0	0.0	100.0	0.0	1.0	1.0	0.0	0.0	1.6987866028149923	0.054748526110710925	bos_eos	seed_42,seed_43,seed_44
1_5_tran_A_marker	05_1_5_tran_A_marker	fig:heatmap-5-tran-a-marker	1.5 Transitive A marker	32_svo_gn_ac_b_se	svo	gn	nom-acc	balancing	sent	svo	SV	AVP	100	0.97	0.017320508075688787	97.0	1.7320508075688772	0.95	0.98	0.0	0.0	0.7251703604062398	0.008518950996749625	bos_eos	seed_42,seed_43,seed_44
1_5_tran_A_marker	05_1_5_tran_A_marker	fig:heatmap-5-tran-a-marker	1.5 Transitive A marker	33_svo_gn_ac_b_pa	svo	gn	nom-acc	balancing	poss-acc	svo	SV	AVP	100	0.9666666666666667	0.020816659994661348	96.66666666666667	2.0816659994661326	0.95	0.99	0.0	0.0	0.7319710938135783	0.04003626401981099	bos_eos	seed_42,seed_43,seed_44
1_5_tran_A_marker	05_1_5_tran_A_marker	fig:heatmap-5-tran-a-marker	1.5 Transitive A marker	34_svo_gn_ac_b_ep	svo	gn	nom-acc	balancing	erg-poss	sov	SV	PVA	100	0.9666666666666667	0.01527525231651948	96.66666666666667	1.5275252316519468	0.95	0.98	0.0	0.0	0.7894052624702453	0.05753583418941465	bos_eos	seed_42,seed_43,seed_44
1_5_tran_A_marker	05_1_5_tran_A_marker	fig:heatmap-5-tran-a-marker	1.5 Transitive A marker	35_svo_gn_ac_b_no	svo	gn	nom-acc	balancing	nomn	svo	SV	AVP	100	0.9933333333333333	0.005773502691896263	99.33333333333333	0.5773502691896257	0.99	1.0	0.0	0.0	0.8380605832735698	0.010251743478872892	bos_eos	seed_42,seed_43,seed_44
1_5_tran_A_marker	05_1_5_tran_A_marker	fig:heatmap-5-tran-a-marker	1.5 Transitive A marker	36_svo_gn_ac_d_se	svo	gn	nom-acc	deranking	sent	svo	SV	AVP	100	0.9633333333333333	0.005773502691896263	96.33333333333333	0.5773502691896257	0.96	0.97	0.0	0.0	0.6568735424677531	0.027512454055333056	bos_eos	seed_42,seed_43,seed_44
1_5_tran_A_marker	05_1_5_tran_A_marker	fig:heatmap-5-tran-a-marker	1.5 Transitive A marker	37_svo_gn_ac_d_pa	svo	gn	nom-acc	deranking	poss-acc	svo	SV	AVP	100	0.9566666666666667	0.020816659994661348	95.66666666666667	2.0816659994661326	0.94	0.98	0.0	0.0	0.6343457873662313	0.028736080042973688	bos_eos	seed_42,seed_43,seed_44
1_5_tran_A_marker	05_1_5_tran_A_marker	fig:heatmap-5-tran-a-marker	1.5 Transitive A marker	38_svo_gn_ac_d_ep	svo	gn	nom-acc	deranking	erg-poss	sov	SV	PVA	100	0.9666666666666667	0.011547005383792526	96.66666666666667	1.1547005383792515	0.96	0.98	0.0	0.0	0.7157222970326742	0.0652725040886529	bos_eos	seed_42,seed_43,seed_44
1_5_tran_A_marker	05_1_5_tran_A_marker	fig:heatmap-5-tran-a-marker	1.5 Transitive A marker	39_svo_gn_ac_d_no	svo	gn	nom-acc	deranking	nomn	svo	SV	AVP	100	0.97	0.0	97.0	0.0	0.97	0.97	0.0	0.0	0.8079520964622497	0.030335227287257793	bos_eos	seed_42,seed_43,seed_44
1_5_tran_A_marker	05_1_5_tran_A_marker	fig:heatmap-5-tran-a-marker	1.5 Transitive A marker	40_svo_gn_er_b_se	svo	gn	erg-abs	balancing	sent	svo	SV	AVP	100	1.0	0.0	100.0	0.0	1.0	1.0	0.0	0.0	2.5915159956614175	0.1060120981215086	bos_eos	seed_42,seed_43,seed_44
1_5_tran_A_marker	05_1_5_tran_A_marker	fig:heatmap-5-tran-a-marker	1.5 Transitive A marker	41_svo_gn_er_b_pa	svo	gn	erg-abs	balancing	poss-acc	svo	SV	AVP	100	1.0	0.0	100.0	0.0	1.0	1.0	0.0	0.0	2.652194175720215	0.02927098369244221	bos_eos	seed_42,seed_43,seed_44
1_5_tran_A_marker	05_1_5_tran_A_marker	fig:heatmap-5-tran-a-marker	1.5 Transitive A marker	42_svo_gn_er_b_ep	svo	gn	erg-abs	balancing	erg-poss	sov	SV	PVA	100	1.0	0.0	100.0	0.0	1.0	1.0	0.0	0.0	2.5992514220873515	0.044208176824959096	bos_eos	seed_42,seed_43,seed_44
1_5_tran_A_marker	05_1_5_tran_A_marker	fig:heatmap-5-tran-a-marker	1.5 Transitive A marker	43_svo_gn_er_b_no	svo	gn	erg-abs	balancing	nomn	svo	SV	AVP	100	1.0	0.0	100.0	0.0	1.0	1.0	0.0	0.0	2.5072925066947938	0.16997103717651013	bos_eos	seed_42,seed_43,seed_44
1_5_tran_A_marker	05_1_5_tran_A_marker	fig:heatmap-5-tran-a-marker	1.5 Transitive A marker	44_svo_gn_er_d_se	svo	gn	erg-abs	deranking	sent	svo	SV	AVP	100	1.0	0.0	100.0	0.0	1.0	1.0	0.0	0.0	2.35005978902181	0.033867862070725875	bos_eos	seed_42,seed_43,seed_44
1_5_tran_A_marker	05_1_5_tran_A_marker	fig:heatmap-5-tran-a-marker	1.5 Transitive A marker	45_svo_gn_er_d_pa	svo	gn	erg-abs	deranking	poss-acc	svo	SV	AVP	100	1.0	0.0	100.0	0.0	1.0	1.0	0.0	0.0	2.4496737837791445	0.11115835271917952	bos_eos	seed_42,seed_43,seed_44
1_5_tran_A_marker	05_1_5_tran_A_marker	fig:heatmap-5-tran-a-marker	1.5 Transitive A marker	46_svo_gn_er_d_ep	svo	gn	erg-abs	deranking	erg-poss	sov	SV	PVA	100	1.0	0.0	100.0	0.0	1.0	1.0	0.0	0.0	2.446624978383382	0.07969819092541117	bos_eos	seed_42,seed_43,seed_44
1_5_tran_A_marker	05_1_5_tran_A_marker	fig:heatmap-5-tran-a-marker	1.5 Transitive A marker	47_svo_gn_er_d_no	svo	gn	erg-abs	deranking	nomn	svo	SV	AVP	100	1.0	0.0	100.0	0.0	1.0	1.0	0.0	0.0	2.397967259089152	0.08992427027280502	bos_eos	seed_42,seed_43,seed_44
1_5_tran_A_marker	05_1_5_tran_A_marker	fig:heatmap-5-tran-a-marker	1.5 Transitive A marker	48_svo_ng_ac_b_se	svo	ng	nom-acc	balancing	sent	svo	SV	AVP	100	0.9866666666666667	0.01527525231651948	98.66666666666667	1.5275252316519468	0.97	1.0	0.0	0.0	0.8141604773203532	0.02402419732996607	bos_eos	seed_42,seed_43,seed_44
1_5_tran_A_marker	05_1_5_tran_A_marker	fig:heatmap-5-tran-a-marker	1.5 Transitive A marker	49_svo_ng_ac_b_pa	svo	ng	nom-acc	balancing	poss-acc	vos	VS	VPA	100	0.9866666666666667	0.005773502691896263	98.66666666666667	0.5773502691896257	0.98	0.99	0.0	0.0	0.8256859381993612	0.0462367950429448	bos_eos	seed_42,seed_43,seed_44
1_5_tran_A_marker	05_1_5_tran_A_marker	fig:heatmap-5-tran-a-marker	1.5 Transitive A marker	50_svo_ng_ac_b_ep	svo	ng	nom-acc	balancing	erg-poss	vos	VS	VPA	100	0.9966666666666667	0.005773502691896263	99.66666666666667	0.5773502691896257	0.99	1.0	0.0	0.0	0.9332659006118774	0.06689400728654947	bos_eos	seed_42,seed_43,seed_44
1_5_tran_A_marker	05_1_5_tran_A_marker	fig:heatmap-5-tran-a-marker	1.5 Transitive A marker	51_svo_ng_ac_b_no	svo	ng	nom-acc	balancing	nomn	vos	VS	VPA	100	1.0	0.0	100.0	0.0	1.0	1.0	0.0	0.0	0.9472343031565349	0.04529960905781706	bos_eos	seed_42,seed_43,seed_44
1_5_tran_A_marker	05_1_5_tran_A_marker	fig:heatmap-5-tran-a-marker	1.5 Transitive A marker	52_svo_ng_ac_d_se	svo	ng	nom-acc	deranking	sent	svo	SV	AVP	100	0.9866666666666667	0.005773502691896263	98.66666666666667	0.5773502691896257	0.98	0.99	0.0	0.0	0.8096328528722128	0.017201824720741336	bos_eos	seed_42,seed_43,seed_44
1_5_tran_A_marker	05_1_5_tran_A_marker	fig:heatmap-5-tran-a-marker	1.5 Transitive A marker	53_svo_ng_ac_d_pa	svo	ng	nom-acc	deranking	poss-acc	vos	VS	VPA	100	0.9933333333333333	0.011547005383792526	99.33333333333333	1.1547005383792515	0.98	1.0	0.0	0.0	0.8128200936317443	0.0835946257548923	bos_eos	seed_42,seed_43,seed_44
1_5_tran_A_marker	05_1_5_tran_A_marker	fig:heatmap-5-tran-a-marker	1.5 Transitive A marker	54_svo_ng_ac_d_ep	svo	ng	nom-acc	deranking	erg-poss	vos	VS	VPA	100	0.9966666666666667	0.005773502691896263	99.66666666666667	0.5773502691896257	0.99	1.0	0.0	0.0	0.8370510371526082	0.02716837938775929	bos_eos	seed_42,seed_43,seed_44
1_5_tran_A_marker	05_1_5_tran_A_marker	fig:heatmap-5-tran-a-marker	1.5 Transitive A marker	55_svo_ng_ac_d_no	svo	ng	nom-acc	deranking	nomn	vos	VS	VPA	100	0.9966666666666667	0.005773502691896263	99.66666666666667	0.5773502691896257	0.99	1.0	0.0	0.0	0.8235762619972229	0.06918061858571517	bos_eos	seed_42,seed_43,seed_44
1_5_tran_A_marker	05_1_5_tran_A_marker	fig:heatmap-5-tran-a-marker	1.5 Transitive A marker	56_svo_ng_er_b_se	svo	ng	erg-abs	balancing	sent	svo	SV	AVP	100	1.0	0.0	100.0	0.0	1.0	1.0	0.0	0.0	2.4301665886243184	0.09455994564478615	bos_eos	seed_42,seed_43,seed_44
1_5_tran_A_marker	05_1_5_tran_A_marker	fig:heatmap-5-tran-a-marker	1.5 Transitive A marker	57_svo_ng_er_b_pa	svo	ng	erg-abs	balancing	poss-acc	vos	VS	VPA	100	1.0	0.0	100.0	0.0	1.0	1.0	0.0	0.0	2.3553252069155373	0.13214179644650528	bos_eos	seed_42,seed_43,seed_44
1_5_tran_A_marker	05_1_5_tran_A_marker	fig:heatmap-5-tran-a-marker	1.5 Transitive A marker	58_svo_ng_er_b_ep	svo	ng	erg-abs	balancing	erg-poss	vos	VS	VPA	100	1.0	0.0	100.0	0.0	1.0	1.0	0.0	0.0	2.233938173453013	0.08281957515940243	bos_eos	seed_42,seed_43,seed_44
1_5_tran_A_marker	05_1_5_tran_A_marker	fig:heatmap-5-tran-a-marker	1.5 Transitive A marker	59_svo_ng_er_b_no	svo	ng	erg-abs	balancing	nomn	vos	VS	VPA	100	1.0	0.0	100.0	0.0	1.0	1.0	0.0	0.0	2.30857835928599	0.10609684120312236	bos_eos	seed_42,seed_43,seed_44
1_5_tran_A_marker	05_1_5_tran_A_marker	fig:heatmap-5-tran-a-marker	1.5 Transitive A marker	60_svo_ng_er_d_se	svo	ng	erg-abs	deranking	sent	svo	SV	AVP	100	1.0	0.0	100.0	0.0	1.0	1.0	0.0	0.0	2.149852482477824	0.08991190200472117	bos_eos	seed_42,seed_43,seed_44
1_5_tran_A_marker	05_1_5_tran_A_marker	fig:heatmap-5-tran-a-marker	1.5 Transitive A marker	61_svo_ng_er_d_pa	svo	ng	erg-abs	deranking	poss-acc	vos	VS	VPA	100	1.0	0.0	100.0	0.0	1.0	1.0	0.0	0.0	2.2767783466974896	0.16992046399162272	bos_eos	seed_42,seed_43,seed_44
1_5_tran_A_marker	05_1_5_tran_A_marker	fig:heatmap-5-tran-a-marker	1.5 Transitive A marker	62_svo_ng_er_d_ep	svo	ng	erg-abs	deranking	erg-poss	vos	VS	VPA	100	1.0	0.0	100.0	0.0	1.0	1.0	0.0	0.0	2.1129197978973386	0.20465930195343213	bos_eos	seed_42,seed_43,seed_44
1_5_tran_A_marker	05_1_5_tran_A_marker	fig:heatmap-5-tran-a-marker	1.5 Transitive A marker	63_svo_ng_er_d_no	svo	ng	erg-abs	deranking	nomn	vos	VS	VPA	100	1.0	0.0	100.0	0.0	1.0	1.0	0.0	0.0	2.2612548820177714	0.18268790921792175	bos_eos	seed_42,seed_43,seed_44
1_5_tran_A_marker	05_1_5_tran_A_marker	fig:heatmap-5-tran-a-marker	1.5 Transitive A marker	64_vos_gn_ac_b_se	vos	gn	nom-acc	balancing	sent	vos	VS	VPA	100	0.97	0.017320508075688787	97.0	1.7320508075688772	0.96	0.99	0.0	0.0	0.8728400222460428	0.034416676672018594	bos_eos	seed_42,seed_43,seed_44
1_5_tran_A_marker	05_1_5_tran_A_marker	fig:heatmap-5-tran-a-marker	1.5 Transitive A marker	65_vos_gn_ac_b_pa	vos	gn	nom-acc	balancing	poss-acc	svo	SV	AVP	100	0.97	0.020000000000000018	97.0	2.0	0.95	0.99	0.0	0.0	0.7958390466372172	0.03098654453579646	bos_eos	seed_42,seed_43,seed_44
1_5_tran_A_marker	05_1_5_tran_A_marker	fig:heatmap-5-tran-a-marker	1.5 Transitive A marker	66_vos_gn_ac_b_ep	vos	gn	nom-acc	balancing	erg-poss	sov	SV	PVA	100	0.9933333333333333	0.011547005383792526	99.33333333333333	1.1547005383792515	0.98	1.0	0.0	0.0	1.0975284171104431	0.1096353989928661	bos_eos	seed_42,seed_43,seed_44
1_5_tran_A_marker	05_1_5_tran_A_marker	fig:heatmap-5-tran-a-marker	1.5 Transitive A marker	67_vos_gn_ac_b_no	vos	gn	nom-acc	balancing	nomn	svo	SV	AVP	100	1.0	0.0	100.0	0.0	1.0	1.0	0.0	0.0	1.05022829135259	0.045985316293828724	bos_eos	seed_42,seed_43,seed_44
1_5_tran_A_marker	05_1_5_tran_A_marker	fig:heatmap-5-tran-a-marker	1.5 Transitive A marker	68_vos_gn_ac_d_se	vos	gn	nom-acc	deranking	sent	vos	VS	VPA	100	0.9866666666666667	0.005773502691896263	98.66666666666667	0.5773502691896257	0.98	0.99	0.0	0.0	0.9999323097864787	0.06984096279691587	bos_eos	seed_42,seed_43,seed_44
1_5_tran_A_marker	05_1_5_tran_A_marker	fig:heatmap-5-tran-a-marker	1.5 Transitive A marker	69_vos_gn_ac_d_pa	vos	gn	nom-acc	deranking	poss-acc	svo	SV	AVP	100	0.98	0.010000000000000009	98.0	1.0	0.97	0.99	0.0	0.0	0.9223585414886475	0.06589529241621828	bos_eos	seed_42,seed_43,seed_44
1_5_tran_A_marker	05_1_5_tran_A_marker	fig:heatmap-5-tran-a-marker	1.5 Transitive A marker	70_vos_gn_ac_d_ep	vos	gn	nom-acc	deranking	erg-poss	sov	SV	PVA	100	0.9866666666666667	0.01527525231651948	98.66666666666667	1.5275252316519468	0.97	1.0	0.0	0.0	1.1163253140449525	0.052439890126562354	bos_eos	seed_42,seed_43,seed_44
1_5_tran_A_marker	05_1_5_tran_A_marker	fig:heatmap-5-tran-a-marker	1.5 Transitive A marker	71_vos_gn_ac_d_no	vos	gn	nom-acc	deranking	nomn	svo	SV	AVP	100	0.9933333333333333	0.005773502691896263	99.33333333333333	0.5773502691896257	0.99	1.0	0.0	0.0	1.0617452994982401	0.012023456319678336	bos_eos	seed_42,seed_43,seed_44
1_5_tran_A_marker	05_1_5_tran_A_marker	fig:heatmap-5-tran-a-marker	1.5 Transitive A marker	72_vos_gn_er_b_se	vos	gn	erg-abs	balancing	sent	vos	VS	VPA	100	1.0	0.0	100.0	0.0	1.0	1.0	0.0	0.0	1.783061691125234	0.07915781754654663	bos_eos	seed_42,seed_43,seed_44
1_5_tran_A_marker	05_1_5_tran_A_marker	fig:heatmap-5-tran-a-marker	1.5 Transitive A marker	73_vos_gn_er_b_pa	vos	gn	erg-abs	balancing	poss-acc	svo	SV	AVP	100	1.0	0.0	100.0	0.0	1.0	1.0	0.0	0.0	1.7781620820363362	0.06728884718964073	bos_eos	seed_42,seed_43,seed_44
1_5_tran_A_marker	05_1_5_tran_A_marker	fig:heatmap-5-tran-a-marker	1.5 Transitive A marker	74_vos_gn_er_b_ep	vos	gn	erg-abs	balancing	erg-poss	sov	SV	PVA	100	1.0	0.0	100.0	0.0	1.0	1.0	0.0	0.0	1.8658867446581522	0.09987623626931455	bos_eos	seed_42,seed_43,seed_44
1_5_tran_A_marker	05_1_5_tran_A_marker	fig:heatmap-5-tran-a-marker	1.5 Transitive A marker	75_vos_gn_er_b_no	vos	gn	erg-abs	balancing	nomn	svo	SV	AVP	100	1.0	0.0	100.0	0.0	1.0	1.0	0.0	0.0	1.8601196241378783	0.03866179646775601	bos_eos	seed_42,seed_43,seed_44
1_5_tran_A_marker	05_1_5_tran_A_marker	fig:heatmap-5-tran-a-marker	1.5 Transitive A marker	76_vos_gn_er_d_se	vos	gn	erg-abs	deranking	sent	vos	VS	VPA	100	1.0	0.0	100.0	0.0	1.0	1.0	0.0	0.0	1.885374994277954	0.07737140186203328	bos_eos	seed_42,seed_43,seed_44
1_5_tran_A_marker	05_1_5_tran_A_marker	fig:heatmap-5-tran-a-marker	1.5 Transitive A marker	77_vos_gn_er_d_pa	vos	gn	erg-abs	deranking	poss-acc	svo	SV	AVP	100	1.0	0.0	100.0	0.0	1.0	1.0	0.0	0.0	1.8216159550348918	0.0545824052770943	bos_eos	seed_42,seed_43,seed_44
1_5_tran_A_marker	05_1_5_tran_A_marker	fig:heatmap-5-tran-a-marker	1.5 Transitive A marker	78_vos_gn_er_d_ep	vos	gn	erg-abs	deranking	erg-poss	sov	SV	PVA	100	1.0	0.0	100.0	0.0	1.0	1.0	0.0	0.0	1.909778372446696	0.04907815054595408	bos_eos	seed_42,seed_43,seed_44
1_5_tran_A_marker	05_1_5_tran_A_marker	fig:heatmap-5-tran-a-marker	1.5 Transitive A marker	79_vos_gn_er_d_no	vos	gn	erg-abs	deranking	nomn	svo	SV	AVP	100	1.0	0.0	100.0	0.0	1.0	1.0	0.0	0.0	1.839252827167511	0.0882017976437053	bos_eos	seed_42,seed_43,seed_44
1_5_tran_A_marker	05_1_5_tran_A_marker	fig:heatmap-5-tran-a-marker	1.5 Transitive A marker	80_vos_ng_ac_b_se	vos	ng	nom-acc	balancing	sent	vos	VS	VPA	100	0.75	0.040000000000000036	75.0	4.0	0.71	0.79	0.0	0.0	0.45721028884251913	0.06554875033154677	bos_eos	seed_42,seed_43,seed_44
1_5_tran_A_marker	05_1_5_tran_A_marker	fig:heatmap-5-tran-a-marker	1.5 Transitive A marker	81_vos_ng_ac_b_pa	vos	ng	nom-acc	balancing	poss-acc	vos	VS	VPA	100	0.8066666666666666	0.046188021535170036	80.66666666666666	4.618802153517006	0.78	0.86	0.0	0.0	0.4584343115488688	0.056377878621412914	bos_eos	seed_42,seed_43,seed_44
1_5_tran_A_marker	05_1_5_tran_A_marker	fig:heatmap-5-tran-a-marker	1.5 Transitive A marker	82_vos_ng_ac_b_ep	vos	ng	nom-acc	balancing	erg-poss	vos	VS	VPA	100	0.82	0.019999999999999962	82.0	2.0	0.8	0.84	0.0	0.0	0.5602837530771891	0.0424964300170488	bos_eos	seed_42,seed_43,seed_44
1_5_tran_A_marker	05_1_5_tran_A_marker	fig:heatmap-5-tran-a-marker	1.5 Transitive A marker	83_vos_ng_ac_b_no	vos	ng	nom-acc	balancing	nomn	vos	VS	VPA	100	0.82	0.026457513110645866	82.0	2.6457513110645907	0.79	0.84	0.0	0.0	0.6295394571622213	0.0688575221178966	bos_eos	seed_42,seed_43,seed_44
1_5_tran_A_marker	05_1_5_tran_A_marker	fig:heatmap-5-tran-a-marker	1.5 Transitive A marker	84_vos_ng_ac_d_se	vos	ng	nom-acc	deranking	sent	vos	VS	VPA	100	0.85	0.055677643628300216	85.0	5.5677643628300215	0.8	0.91	0.0	0.0	0.6210441986719767	0.08629100501403363	bos_eos	seed_42,seed_43,seed_44
1_5_tran_A_marker	05_1_5_tran_A_marker	fig:heatmap-5-tran-a-marker	1.5 Transitive A marker	85_vos_ng_ac_d_pa	vos	ng	nom-acc	deranking	poss-acc	vos	VS	VPA	100	0.88	0.06557438524302	88.0	6.557438524302	0.82	0.95	0.0	0.0	0.6554122686386108	0.13271880660393603	bos_eos	seed_42,seed_43,seed_44
1_5_tran_A_marker	05_1_5_tran_A_marker	fig:heatmap-5-tran-a-marker	1.5 Transitive A marker	86_vos_ng_ac_d_ep	vos	ng	nom-acc	deranking	erg-poss	vos	VS	VPA	100	0.87	0.07549834435270746	87.0	7.54983443527075	0.79	0.94	0.0	0.0	0.7018555879592896	0.11764203298623933	bos_eos	seed_42,seed_43,seed_44
1_5_tran_A_marker	05_1_5_tran_A_marker	fig:heatmap-5-tran-a-marker	1.5 Transitive A marker	87_vos_ng_ac_d_no	vos	ng	nom-acc	deranking	nomn	vos	VS	VPA	100	0.9066666666666666	0.030550504633038898	90.66666666666666	3.0550504633038935	0.88	0.94	0.0	0.0	0.7949013113975525	0.12391616716808776	bos_eos	seed_42,seed_43,seed_44
1_5_tran_A_marker	05_1_5_tran_A_marker	fig:heatmap-5-tran-a-marker	1.5 Transitive A marker	88_vos_ng_er_b_se	vos	ng	erg-abs	balancing	sent	vos	VS	VPA	100	1.0	0.0	100.0	0.0	1.0	1.0	0.0	0.0	1.4964208960533143	0.10727664759668457	bos_eos	seed_42,seed_43,seed_44
1_5_tran_A_marker	05_1_5_tran_A_marker	fig:heatmap-5-tran-a-marker	1.5 Transitive A marker	89_vos_ng_er_b_pa	vos	ng	erg-abs	balancing	poss-acc	vos	VS	VPA	100	1.0	0.0	100.0	0.0	1.0	1.0	0.0	0.0	1.5035511692365011	0.04579668971997093	bos_eos	seed_42,seed_43,seed_44
1_5_tran_A_marker	05_1_5_tran_A_marker	fig:heatmap-5-tran-a-marker	1.5 Transitive A marker	90_vos_ng_er_b_ep	vos	ng	erg-abs	balancing	erg-poss	vos	VS	VPA	100	1.0	0.0	100.0	0.0	1.0	1.0	0.0	0.0	1.5649261498451232	0.07235865642698275	bos_eos	seed_42,seed_43,seed_44
1_5_tran_A_marker	05_1_5_tran_A_marker	fig:heatmap-5-tran-a-marker	1.5 Transitive A marker	91_vos_ng_er_b_no	vos	ng	erg-abs	balancing	nomn	vos	VS	VPA	100	1.0	0.0	100.0	0.0	1.0	1.0	0.0	0.0	1.6317704836527507	0.06269777655844092	bos_eos	seed_42,seed_43,seed_44
1_5_tran_A_marker	05_1_5_tran_A_marker	fig:heatmap-5-tran-a-marker	1.5 Transitive A marker	92_vos_ng_er_d_se	vos	ng	erg-abs	deranking	sent	vos	VS	VPA	100	1.0	0.0	100.0	0.0	1.0	1.0	0.0	0.0	1.6063096952438354	0.0788425113145024	bos_eos	seed_42,seed_43,seed_44
1_5_tran_A_marker	05_1_5_tran_A_marker	fig:heatmap-5-tran-a-marker	1.5 Transitive A marker	93_vos_ng_er_d_pa	vos	ng	erg-abs	deranking	poss-acc	vos	VS	VPA	100	1.0	0.0	100.0	0.0	1.0	1.0	0.0	0.0	1.5195689368247987	0.08347288040196403	bos_eos	seed_42,seed_43,seed_44
1_5_tran_A_marker	05_1_5_tran_A_marker	fig:heatmap-5-tran-a-marker	1.5 Transitive A marker	94_vos_ng_er_d_ep	vos	ng	erg-abs	deranking	erg-poss	vos	VS	VPA	100	1.0	0.0	100.0	0.0	1.0	1.0	0.0	0.0	1.6252866252263387	0.018790672908570293	bos_eos	seed_42,seed_43,seed_44
1_5_tran_A_marker	05_1_5_tran_A_marker	fig:heatmap-5-tran-a-marker	1.5 Transitive A marker	95_vos_ng_er_d_no	vos	ng	erg-abs	deranking	nomn	vos	VS	VPA	100	1.0	0.0	100.0	0.0	1.0	1.0	0.0	0.0	1.6196385212739308	0.052744691784414065	bos_eos	seed_42,seed_43,seed_44
1_6_tran_P_marker	06_1_6_tran_P_marker	fig:heatmap-6-tran-p-marker	1.6 Transitive P marker	00_sov_gn_ac_b_se	sov	gn	nom-acc	balancing	sent	sov	SV	APV	100	1.0	0.0	100.0	0.0	1.0	1.0	0.0	0.0	1.7632584849993387	0.04931196676344476	bos_eos	seed_42,seed_43,seed_44
1_6_tran_P_marker	06_1_6_tran_P_marker	fig:heatmap-6-tran-p-marker	1.6 Transitive P marker	01_sov_gn_ac_b_pa	sov	gn	nom-acc	balancing	poss-acc	sov	SV	APV	100	1.0	0.0	100.0	0.0	1.0	1.0	0.0	0.0	1.7875709040959675	0.01703305080966193	bos_eos	seed_42,seed_43,seed_44
1_6_tran_P_marker	06_1_6_tran_P_marker	fig:heatmap-6-tran-p-marker	1.6 Transitive P marker	02_sov_gn_ac_b_ep	sov	gn	nom-acc	balancing	erg-poss	sov	SV	APV	100	1.0	0.0	100.0	0.0	1.0	1.0	0.0	0.0	1.6295400897661845	0.04700966873234165	bos_eos	seed_42,seed_43,seed_44
1_6_tran_P_marker	06_1_6_tran_P_marker	fig:heatmap-6-tran-p-marker	1.6 Transitive P marker	03_sov_gn_ac_b_no	sov	gn	nom-acc	balancing	nomn	sov	SV	APV	100	1.0	0.0	100.0	0.0	1.0	1.0	0.0	0.0	1.7497462312380472	0.06868225666926038	bos_eos	seed_42,seed_43,seed_44
1_6_tran_P_marker	06_1_6_tran_P_marker	fig:heatmap-6-tran-p-marker	1.6 Transitive P marker	04_sov_gn_ac_d_se	sov	gn	nom-acc	deranking	sent	sov	SV	APV	100	1.0	0.0	100.0	0.0	1.0	1.0	0.0	0.0	1.7532175612449645	0.05713376611153562	bos_eos	seed_42,seed_43,seed_44
1_6_tran_P_marker	06_1_6_tran_P_marker	fig:heatmap-6-tran-p-marker	1.6 Transitive P marker	05_sov_gn_ac_d_pa	sov	gn	nom-acc	deranking	poss-acc	sov	SV	APV	100	1.0	0.0	100.0	0.0	1.0	1.0	0.0	0.0	1.784761205514272	0.11385392269589067	bos_eos	seed_42,seed_43,seed_44
1_6_tran_P_marker	06_1_6_tran_P_marker	fig:heatmap-6-tran-p-marker	1.6 Transitive P marker	06_sov_gn_ac_d_ep	sov	gn	nom-acc	deranking	erg-poss	sov	SV	APV	100	1.0	0.0	100.0	0.0	1.0	1.0	0.0	0.0	1.6614626089731852	0.04084839205194662	bos_eos	seed_42,seed_43,seed_44
1_6_tran_P_marker	06_1_6_tran_P_marker	fig:heatmap-6-tran-p-marker	1.6 Transitive P marker	07_sov_gn_ac_d_no	sov	gn	nom-acc	deranking	nomn	sov	SV	APV	100	1.0	0.0	100.0	0.0	1.0	1.0	0.0	0.0	1.8215015546480815	0.05138912503115355	bos_eos	seed_42,seed_43,seed_44
1_6_tran_P_marker	06_1_6_tran_P_marker	fig:heatmap-6-tran-p-marker	1.6 Transitive P marker	08_sov_gn_er_b_se	sov	gn	erg-abs	balancing	sent	sov	SV	APV	100	0.9733333333333333	0.005773502691896263	97.33333333333333	0.5773502691896257	0.97	0.98	0.0	0.0	0.8938358441988628	0.012125201735268659	bos_eos	seed_42,seed_43,seed_44
1_6_tran_P_marker	06_1_6_tran_P_marker	fig:heatmap-6-tran-p-marker	1.6 Transitive P marker	09_sov_gn_er_b_pa	sov	gn	erg-abs	balancing	poss-acc	sov	SV	APV	100	0.9666666666666667	0.01527525231651948	96.66666666666667	1.5275252316519468	0.95	0.98	0.0	0.0	0.8564079054196676	0.05016510189737892	bos_eos	seed_42,seed_43,seed_44
1_6_tran_P_marker	06_1_6_tran_P_marker	fig:heatmap-6-tran-p-marker	1.6 Transitive P marker	10_sov_gn_er_b_ep	sov	gn	erg-abs	balancing	erg-poss	sov	SV	APV	100	0.9766666666666667	0.005773502691896263	97.66666666666667	0.5773502691896257	0.97	0.98	0.0	0.0	0.8407860620816549	0.02154595661619453	bos_eos	seed_42,seed_43,seed_44
1_6_tran_P_marker	06_1_6_tran_P_marker	fig:heatmap-6-tran-p-marker	1.6 Transitive P marker	11_sov_gn_er_b_no	sov	gn	erg-abs	balancing	nomn	sov	SV	APV	100	0.9766666666666667	0.005773502691896263	97.66666666666667	0.5773502691896257	0.97	0.98	0.0	0.0	0.8775507203737895	0.08498819212822005	bos_eos	seed_42,seed_43,seed_44
1_6_tran_P_marker	06_1_6_tran_P_marker	fig:heatmap-6-tran-p-marker	1.6 Transitive P marker	12_sov_gn_er_d_se	sov	gn	erg-abs	deranking	sent	sov	SV	APV	100	0.98	0.010000000000000009	98.0	1.0	0.97	0.99	0.0	0.0	0.8145380155245463	0.021988630636985976	bos_eos	seed_42,seed_43,seed_44
1_6_tran_P_marker	06_1_6_tran_P_marker	fig:heatmap-6-tran-p-marker	1.6 Transitive P marker	13_sov_gn_er_d_pa	sov	gn	erg-abs	deranking	poss-acc	sov	SV	APV	100	0.9633333333333333	0.01527525231651948	96.33333333333333	1.5275252316519468	0.95	0.98	0.0	0.0	0.7902547574043274	0.05759054250757756	bos_eos	seed_42,seed_43,seed_44
1_6_tran_P_marker	06_1_6_tran_P_marker	fig:heatmap-6-tran-p-marker	1.6 Transitive P marker	14_sov_gn_er_d_ep	sov	gn	erg-abs	deranking	erg-poss	sov	SV	APV	100	0.9733333333333333	0.01527525231651948	97.33333333333333	1.5275252316519468	0.96	0.99	0.0	0.0	0.7416656454404195	0.023426274178732293	bos_eos	seed_42,seed_43,seed_44
1_6_tran_P_marker	06_1_6_tran_P_marker	fig:heatmap-6-tran-p-marker	1.6 Transitive P marker	15_sov_gn_er_d_no	sov	gn	erg-abs	deranking	nomn	sov	SV	APV	100	0.9733333333333333	0.005773502691896263	97.33333333333333	0.5773502691896257	0.97	0.98	0.0	0.0	0.7949081579844157	0.03301285699226315	bos_eos	seed_42,seed_43,seed_44
1_6_tran_P_marker	06_1_6_tran_P_marker	fig:heatmap-6-tran-p-marker	1.6 Transitive P marker	16_sov_ng_ac_b_se	sov	ng	nom-acc	balancing	sent	sov	SV	APV	100	1.0	0.0	100.0	0.0	1.0	1.0	0.0	0.0	1.4694316164652506	0.05165360649788441	bos_eos	seed_42,seed_43,seed_44
1_6_tran_P_marker	06_1_6_tran_P_marker	fig:heatmap-6-tran-p-marker	1.6 Transitive P marker	17_sov_ng_ac_b_pa	sov	ng	nom-acc	balancing	poss-acc	ovs	VS	PVA	100	1.0	0.0	100.0	0.0	1.0	1.0	0.0	0.0	1.5204735787709553	0.02412861969840599	bos_eos	seed_42,seed_43,seed_44
1_6_tran_P_marker	06_1_6_tran_P_marker	fig:heatmap-6-tran-p-marker	1.6 Transitive P marker	18_sov_ng_ac_b_ep	sov	ng	nom-acc	balancing	erg-poss	vos	VS	AVP	100	1.0	0.0	100.0	0.0	1.0	1.0	0.0	0.0	1.4729453841845195	0.09775431962881011	bos_eos	seed_42,seed_43,seed_44
1_6_tran_P_marker	06_1_6_tran_P_marker	fig:heatmap-6-tran-p-marker	1.6 Transitive P marker	19_sov_ng_ac_b_no	sov	ng	nom-acc	balancing	nomn	ovs	VS	PVA	100	1.0	0.0	100.0	0.0	1.0	1.0	0.0	0.0	1.5462754734357198	0.01824980852795485	bos_eos	seed_42,seed_43,seed_44
1_6_tran_P_marker	06_1_6_tran_P_marker	fig:heatmap-6-tran-p-marker	1.6 Transitive P marker	20_sov_ng_ac_d_se	sov	ng	nom-acc	deranking	sent	sov	SV	APV	100	1.0	0.0	100.0	0.0	1.0	1.0	0.0	0.0	1.5803474839528402	0.009173004965400806	bos_eos	seed_42,seed_43,seed_44
1_6_tran_P_marker	06_1_6_tran_P_marker	fig:heatmap-6-tran-p-marker	1.6 Transitive P marker	21_sov_ng_ac_d_pa	sov	ng	nom-acc	deranking	poss-acc	ovs	VS	PVA	100	1.0	0.0	100.0	0.0	1.0	1.0	0.0	0.0	1.5036145575841269	0.07875789257776765	bos_eos	seed_42,seed_43,seed_44
1_6_tran_P_marker	06_1_6_tran_P_marker	fig:heatmap-6-tran-p-marker	1.6 Transitive P marker	22_sov_ng_ac_d_ep	sov	ng	nom-acc	deranking	erg-poss	vos	VS	AVP	100	1.0	0.0	100.0	0.0	1.0	1.0	0.0	0.0	1.4973352138201397	0.057249109203300716	bos_eos	seed_42,seed_43,seed_44
1_6_tran_P_marker	06_1_6_tran_P_marker	fig:heatmap-6-tran-p-marker	1.6 Transitive P marker	23_sov_ng_ac_d_no	sov	ng	nom-acc	deranking	nomn	ovs	VS	PVA	100	1.0	0.0	100.0	0.0	1.0	1.0	0.0	0.0	1.5887638854980468	0.08608549668622927	bos_eos	seed_42,seed_43,seed_44
1_6_tran_P_marker	06_1_6_tran_P_marker	fig:heatmap-6-tran-p-marker	1.6 Transitive P marker	24_sov_ng_er_b_se	sov	ng	erg-abs	balancing	sent	sov	SV	APV	100	0.83	0.04358898943540671	83.0	4.358898943540674	0.78	0.86	0.0	0.0	0.4370167318979899	0.08535367293278838	bos_eos	seed_42,seed_43,seed_44
1_6_tran_P_marker	06_1_6_tran_P_marker	fig:heatmap-6-tran-p-marker	1.6 Transitive P marker	25_sov_ng_er_b_pa	sov	ng	erg-abs	balancing	poss-acc	ovs	VS	PVA	100	0.8466666666666667	0.046188021535170105	84.66666666666667	4.618802153517006	0.82	0.9	0.0	0.0	0.4527915668487549	0.03889410564475862	bos_eos	seed_42,seed_43,seed_44
1_6_tran_P_marker	06_1_6_tran_P_marker	fig:heatmap-6-tran-p-marker	1.6 Transitive P marker	26_sov_ng_er_b_ep	sov	ng	erg-abs	balancing	erg-poss	vos	VS	AVP	100	0.8166666666666667	0.047258156262526066	81.66666666666667	4.725815626252608	0.78	0.87	0.0	0.0	0.4318473728497823	0.018530543532085622	bos_eos	seed_42,seed_43,seed_44
1_6_tran_P_marker	06_1_6_tran_P_marker	fig:heatmap-6-tran-p-marker	1.6 Transitive P marker	27_sov_ng_er_b_no	sov	ng	erg-abs	balancing	nomn	ovs	VS	PVA	100	0.8866666666666667	0.005773502691896263	88.66666666666667	0.5773502691896257	0.88	0.89	0.0	0.0	0.5067553067207337	0.03703304606148305	bos_eos	seed_42,seed_43,seed_44
1_6_tran_P_marker	06_1_6_tran_P_marker	fig:heatmap-6-tran-p-marker	1.6 Transitive P marker	28_sov_ng_er_d_se	sov	ng	erg-abs	deranking	sent	sov	SV	APV	100	0.8566666666666667	0.05859465277082314	85.66666666666667	5.8594652770823155	0.79	0.9	0.0	0.0	0.3922361866633097	0.06313563004842412	bos_eos	seed_42,seed_43,seed_44
1_6_tran_P_marker	06_1_6_tran_P_marker	fig:heatmap-6-tran-p-marker	1.6 Transitive P marker	29_sov_ng_er_d_pa	sov	ng	erg-abs	deranking	poss-acc	ovs	VS	PVA	100	0.8166666666666667	0.01527525231651942	81.66666666666667	1.5275252316519468	0.8	0.83	0.0	0.0	0.3982868814468384	0.028783351005593743	bos_eos	seed_42,seed_43,seed_44
1_6_tran_P_marker	06_1_6_tran_P_marker	fig:heatmap-6-tran-p-marker	1.6 Transitive P marker	30_sov_ng_er_d_ep	sov	ng	erg-abs	deranking	erg-poss	vos	VS	AVP	100	0.85	0.026457513110645932	85.0	2.6457513110645907	0.83	0.88	0.0	0.0	0.4123810696601868	0.031695547498126794	bos_eos	seed_42,seed_43,seed_44
1_6_tran_P_marker	06_1_6_tran_P_marker	fig:heatmap-6-tran-p-marker	1.6 Transitive P marker	31_sov_ng_er_d_no	sov	ng	erg-abs	deranking	nomn	ovs	VS	PVA	100	0.8666666666666667	0.03785938897200186	86.66666666666667	3.7859388972001824	0.84	0.91	0.0	0.0	0.43933234055836995	0.033785239303183494	bos_eos	seed_42,seed_43,seed_44
1_6_tran_P_marker	06_1_6_tran_P_marker	fig:heatmap-6-tran-p-marker	1.6 Transitive P marker	32_svo_gn_ac_b_se	svo	gn	nom-acc	balancing	sent	svo	SV	AVP	100	1.0	0.0	100.0	0.0	1.0	1.0	0.0	0.0	2.6132347826162974	0.0475904376466326	bos_eos	seed_42,seed_43,seed_44
1_6_tran_P_marker	06_1_6_tran_P_marker	fig:heatmap-6-tran-p-marker	1.6 Transitive P marker	33_svo_gn_ac_b_pa	svo	gn	nom-acc	balancing	poss-acc	svo	SV	AVP	100	1.0	0.0	100.0	0.0	1.0	1.0	0.0	0.0	2.6378504741191864	0.09606237956033166	bos_eos	seed_42,seed_43,seed_44
1_6_tran_P_marker	06_1_6_tran_P_marker	fig:heatmap-6-tran-p-marker	1.6 Transitive P marker	34_svo_gn_ac_b_ep	svo	gn	nom-acc	balancing	erg-poss	sov	SV	PVA	100	1.0	0.0	100.0	0.0	1.0	1.0	0.0	0.0	2.5489847560723624	0.03491705369609534	bos_eos	seed_42,seed_43,seed_44
1_6_tran_P_marker	06_1_6_tran_P_marker	fig:heatmap-6-tran-p-marker	1.6 Transitive P marker	35_svo_gn_ac_b_no	svo	gn	nom-acc	balancing	nomn	svo	SV	AVP	100	1.0	0.0	100.0	0.0	1.0	1.0	0.0	0.0	2.6116010010242463	0.024662730998829444	bos_eos	seed_42,seed_43,seed_44
1_6_tran_P_marker	06_1_6_tran_P_marker	fig:heatmap-6-tran-p-marker	1.6 Transitive P marker	36_svo_gn_ac_d_se	svo	gn	nom-acc	deranking	sent	svo	SV	AVP	100	1.0	0.0	100.0	0.0	1.0	1.0	0.0	0.0	2.4503709491093955	0.08461538641553407	bos_eos	seed_42,seed_43,seed_44
1_6_tran_P_marker	06_1_6_tran_P_marker	fig:heatmap-6-tran-p-marker	1.6 Transitive P marker	37_svo_gn_ac_d_pa	svo	gn	nom-acc	deranking	poss-acc	svo	SV	AVP	100	1.0	0.0	100.0	0.0	1.0	1.0	0.0	0.0	2.359336735407511	0.10481431629578619	bos_eos	seed_42,seed_43,seed_44
1_6_tran_P_marker	06_1_6_tran_P_marker	fig:heatmap-6-tran-p-marker	1.6 Transitive P marker	38_svo_gn_ac_d_ep	svo	gn	nom-acc	deranking	erg-poss	sov	SV	PVA	100	1.0	0.0	100.0	0.0	1.0	1.0	0.0	0.0	2.359728260835012	0.19772392447870396	bos_eos	seed_42,seed_43,seed_44
1_6_tran_P_marker	06_1_6_tran_P_marker	fig:heatmap-6-tran-p-marker	1.6 Transitive P marker	39_svo_gn_ac_d_no	svo	gn	nom-acc	deranking	nomn	svo	SV	AVP	100	1.0	0.0	100.0	0.0	1.0	1.0	0.0	0.0	2.4173187375068665	0.1654687386534228	bos_eos	seed_42,seed_43,seed_44
1_6_tran_P_marker	06_1_6_tran_P_marker	fig:heatmap-6-tran-p-marker	1.6 Transitive P marker	40_svo_gn_er_b_se	svo	gn	erg-abs	balancing	sent	svo	SV	AVP	100	1.0	0.0	100.0	0.0	1.0	1.0	0.0	0.0	1.132198350429535	0.047496508197245484	bos_eos	seed_42,seed_43,seed_44
1_6_tran_P_marker	06_1_6_tran_P_marker	fig:heatmap-6-tran-p-marker	1.6 Transitive P marker	41_svo_gn_er_b_pa	svo	gn	erg-abs	balancing	poss-acc	svo	SV	AVP	100	0.9966666666666667	0.005773502691896263	99.66666666666667	0.5773502691896257	0.99	1.0	0.0	0.0	1.0997162453333535	0.03652129213331254	bos_eos	seed_42,seed_43,seed_44
1_6_tran_P_marker	06_1_6_tran_P_marker	fig:heatmap-6-tran-p-marker	1.6 Transitive P marker	42_svo_gn_er_b_ep	svo	gn	erg-abs	balancing	erg-poss	sov	SV	PVA	100	0.9966666666666667	0.005773502691896263	99.66666666666667	0.5773502691896257	0.99	1.0	0.0	0.0	1.0285460138320923	0.11350464954284399	bos_eos	seed_42,seed_43,seed_44
1_6_tran_P_marker	06_1_6_tran_P_marker	fig:heatmap-6-tran-p-marker	1.6 Transitive P marker	43_svo_gn_er_b_no	svo	gn	erg-abs	balancing	nomn	svo	SV	AVP	100	1.0	0.0	100.0	0.0	1.0	1.0	0.0	0.0	1.1006204684575398	0.06757068971663212	bos_eos	seed_42,seed_43,seed_44
1_6_tran_P_marker	06_1_6_tran_P_marker	fig:heatmap-6-tran-p-marker	1.6 Transitive P marker	44_svo_gn_er_d_se	svo	gn	erg-abs	deranking	sent	svo	SV	AVP	100	0.9966666666666667	0.005773502691896263	99.66666666666667	0.5773502691896257	0.99	1.0	0.0	0.0	1.048889304002126	0.10337094726925547	bos_eos	seed_42,seed_43,seed_44
1_6_tran_P_marker	06_1_6_tran_P_marker	fig:heatmap-6-tran-p-marker	1.6 Transitive P marker	45_svo_gn_er_d_pa	svo	gn	erg-abs	deranking	poss-acc	svo	SV	AVP	100	0.9933333333333333	0.005773502691896263	99.33333333333333	0.5773502691896257	0.99	1.0	0.0	0.0	0.9793528978029887	0.08454677007261908	bos_eos	seed_42,seed_43,seed_44
1_6_tran_P_marker	06_1_6_tran_P_marker	fig:heatmap-6-tran-p-marker	1.6 Transitive P marker	46_svo_gn_er_d_ep	svo	gn	erg-abs	deranking	erg-poss	sov	SV	PVA	100	0.9933333333333333	0.005773502691896263	99.33333333333333	0.5773502691896257	0.99	1.0	0.0	0.0	0.9189098501205445	0.0737586771710165	bos_eos	seed_42,seed_43,seed_44
1_6_tran_P_marker	06_1_6_tran_P_marker	fig:heatmap-6-tran-p-marker	1.6 Transitive P marker	47_svo_gn_er_d_no	svo	gn	erg-abs	deranking	nomn	svo	SV	AVP	100	0.9933333333333333	0.005773502691896263	99.33333333333333	0.5773502691896257	0.99	1.0	0.0	0.0	0.9676184590657553	0.05065283254796667	bos_eos	seed_42,seed_43,seed_44
1_6_tran_P_marker	06_1_6_tran_P_marker	fig:heatmap-6-tran-p-marker	1.6 Transitive P marker	48_svo_ng_ac_b_se	svo	ng	nom-acc	balancing	sent	svo	SV	AVP	100	1.0	0.0	100.0	0.0	1.0	1.0	0.0	0.0	2.3651299130916597	0.08274258192218552	bos_eos	seed_42,seed_43,seed_44
1_6_tran_P_marker	06_1_6_tran_P_marker	fig:heatmap-6-tran-p-marker	1.6 Transitive P marker	49_svo_ng_ac_b_pa	svo	ng	nom-acc	balancing	poss-acc	vos	VS	VPA	100	1.0	0.0	100.0	0.0	1.0	1.0	0.0	0.0	2.4288448266188305	0.06779361637322077	bos_eos	seed_42,seed_43,seed_44
1_6_tran_P_marker	06_1_6_tran_P_marker	fig:heatmap-6-tran-p-marker	1.6 Transitive P marker	50_svo_ng_ac_b_ep	svo	ng	nom-acc	balancing	erg-poss	vos	VS	VPA	100	1.0	0.0	100.0	0.0	1.0	1.0	0.0	0.0	2.477714348634084	0.057152454932660614	bos_eos	seed_42,seed_43,seed_44
1_6_tran_P_marker	06_1_6_tran_P_marker	fig:heatmap-6-tran-p-marker	1.6 Transitive P marker	51_svo_ng_ac_b_no	svo	ng	nom-acc	balancing	nomn	vos	VS	VPA	100	1.0	0.0	100.0	0.0	1.0	1.0	0.0	0.0	2.5248311817646027	0.18194110400946056	bos_eos	seed_42,seed_43,seed_44
1_6_tran_P_marker	06_1_6_tran_P_marker	fig:heatmap-6-tran-p-marker	1.6 Transitive P marker	52_svo_ng_ac_d_se	svo	ng	nom-acc	deranking	sent	svo	SV	AVP	100	1.0	0.0	100.0	0.0	1.0	1.0	0.0	0.0	2.3215877548853556	0.03473577772031219	bos_eos	seed_42,seed_43,seed_44
1_6_tran_P_marker	06_1_6_tran_P_marker	fig:heatmap-6-tran-p-marker	1.6 Transitive P marker	53_svo_ng_ac_d_pa	svo	ng	nom-acc	deranking	poss-acc	vos	VS	VPA	100	1.0	0.0	100.0	0.0	1.0	1.0	0.0	0.0	2.2536899288495382	0.10528019555133253	bos_eos	seed_42,seed_43,seed_44
1_6_tran_P_marker	06_1_6_tran_P_marker	fig:heatmap-6-tran-p-marker	1.6 Transitive P marker	54_svo_ng_ac_d_ep	svo	ng	nom-acc	deranking	erg-poss	vos	VS	VPA	100	1.0	0.0	100.0	0.0	1.0	1.0	0.0	0.0	2.212821171283722	0.09759647952706092	bos_eos	seed_42,seed_43,seed_44
1_6_tran_P_marker	06_1_6_tran_P_marker	fig:heatmap-6-tran-p-marker	1.6 Transitive P marker	55_svo_ng_ac_d_no	svo	ng	nom-acc	deranking	nomn	vos	VS	VPA	100	1.0	0.0	100.0	0.0	1.0	1.0	0.0	0.0	2.3312881652514137	0.06020601282387038	bos_eos	seed_42,seed_43,seed_44
1_6_tran_P_marker	06_1_6_tran_P_marker	fig:heatmap-6-tran-p-marker	1.6 Transitive P marker	56_svo_ng_er_b_se	svo	ng	erg-abs	balancing	sent	svo	SV	AVP	100	0.9866666666666667	0.011547005383792526	98.66666666666667	1.1547005383792515	0.98	1.0	0.0	0.0	0.7369328514734904	0.04241809198324848	bos_eos	seed_42,seed_43,seed_44
1_6_tran_P_marker	06_1_6_tran_P_marker	fig:heatmap-6-tran-p-marker	1.6 Transitive P marker	57_svo_ng_er_b_pa	svo	ng	erg-abs	balancing	poss-acc	vos	VS	VPA	100	0.9733333333333333	0.01527525231651948	97.33333333333333	1.5275252316519468	0.96	0.99	0.0	0.0	0.6701009527842203	0.105760361205967	bos_eos	seed_42,seed_43,seed_44
1_6_tran_P_marker	06_1_6_tran_P_marker	fig:heatmap-6-tran-p-marker	1.6 Transitive P marker	58_svo_ng_er_b_ep	svo	ng	erg-abs	balancing	erg-poss	vos	VS	VPA	100	0.9866666666666667	0.01527525231651948	98.66666666666667	1.5275252316519468	0.97	1.0	0.0	0.0	0.7007733209927877	0.05944045949461796	bos_eos	seed_42,seed_43,seed_44
1_6_tran_P_marker	06_1_6_tran_P_marker	fig:heatmap-6-tran-p-marker	1.6 Transitive P marker	59_svo_ng_er_b_no	svo	ng	erg-abs	balancing	nomn	vos	VS	VPA	100	0.99	0.010000000000000009	99.0	1.0	0.98	1.0	0.0	0.0	0.762220242023468	0.0483154246114526	bos_eos	seed_42,seed_43,seed_44
1_6_tran_P_marker	06_1_6_tran_P_marker	fig:heatmap-6-tran-p-marker	1.6 Transitive P marker	60_svo_ng_er_d_se	svo	ng	erg-abs	deranking	sent	svo	SV	AVP	100	0.95	0.010000000000000009	95.0	1.0	0.94	0.96	0.0	0.0	0.5162609624862671	0.0739771478620502	bos_eos	seed_42,seed_43,seed_44
1_6_tran_P_marker	06_1_6_tran_P_marker	fig:heatmap-6-tran-p-marker	1.6 Transitive P marker	61_svo_ng_er_d_pa	svo	ng	erg-abs	deranking	poss-acc	vos	VS	VPA	100	0.9466666666666667	0.051316014394468826	94.66666666666667	5.131601439446884	0.89	0.99	0.0	0.0	0.5655621329943339	0.10444038737022261	bos_eos	seed_42,seed_43,seed_44
1_6_tran_P_marker	06_1_6_tran_P_marker	fig:heatmap-6-tran-p-marker	1.6 Transitive P marker	62_svo_ng_er_d_ep	svo	ng	erg-abs	deranking	erg-poss	vos	VS	VPA	100	0.8866666666666667	0.03055050463303896	88.66666666666667	3.0550504633038935	0.86	0.92	0.0	0.0	0.4418405810991923	0.032946688515177736	bos_eos	seed_42,seed_43,seed_44
1_6_tran_P_marker	06_1_6_tran_P_marker	fig:heatmap-6-tran-p-marker	1.6 Transitive P marker	63_svo_ng_er_d_no	svo	ng	erg-abs	deranking	nomn	vos	VS	VPA	100	0.9533333333333334	0.045092497528228935	95.33333333333334	4.509249752822894	0.91	1.0	0.0	0.0	0.6222495865821839	0.14215870504087172	bos_eos	seed_42,seed_43,seed_44
1_6_tran_P_marker	06_1_6_tran_P_marker	fig:heatmap-6-tran-p-marker	1.6 Transitive P marker	64_vos_gn_ac_b_se	vos	gn	nom-acc	balancing	sent	vos	VS	VPA	100	1.0	0.0	100.0	0.0	1.0	1.0	0.0	0.0	1.5271478494008381	0.0025008613587193494	bos_eos	seed_42,seed_43,seed_44
1_6_tran_P_marker	06_1_6_tran_P_marker	fig:heatmap-6-tran-p-marker	1.6 Transitive P marker	65_vos_gn_ac_b_pa	vos	gn	nom-acc	balancing	poss-acc	svo	SV	AVP	100	1.0	0.0	100.0	0.0	1.0	1.0	0.0	0.0	1.5615238761901855	0.048173470391491315	bos_eos	seed_42,seed_43,seed_44
1_6_tran_P_marker	06_1_6_tran_P_marker	fig:heatmap-6-tran-p-marker	1.6 Transitive P marker	66_vos_gn_ac_b_ep	vos	gn	nom-acc	balancing	erg-poss	sov	SV	PVA	100	1.0	0.0	100.0	0.0	1.0	1.0	0.0	0.0	1.5322427741686504	0.04364109939148797	bos_eos	seed_42,seed_43,seed_44
1_6_tran_P_marker	06_1_6_tran_P_marker	fig:heatmap-6-tran-p-marker	1.6 Transitive P marker	67_vos_gn_ac_b_no	vos	gn	nom-acc	balancing	nomn	svo	SV	AVP	100	1.0	0.0	100.0	0.0	1.0	1.0	0.0	0.0	1.5841660690307617	0.030575418188850897	bos_eos	seed_42,seed_43,seed_44
1_6_tran_P_marker	06_1_6_tran_P_marker	fig:heatmap-6-tran-p-marker	1.6 Transitive P marker	68_vos_gn_ac_d_se	vos	gn	nom-acc	deranking	sent	vos	VS	VPA	100	1.0	0.0	100.0	0.0	1.0	1.0	0.0	0.0	1.576448327700297	0.028967438093631753	bos_eos	seed_42,seed_43,seed_44
1_6_tran_P_marker	06_1_6_tran_P_marker	fig:heatmap-6-tran-p-marker	1.6 Transitive P marker	69_vos_gn_ac_d_pa	vos	gn	nom-acc	deranking	poss-acc	svo	SV	AVP	100	1.0	0.0	100.0	0.0	1.0	1.0	0.0	0.0	1.633644552230835	0.012691304587454611	bos_eos	seed_42,seed_43,seed_44
1_6_tran_P_marker	06_1_6_tran_P_marker	fig:heatmap-6-tran-p-marker	1.6 Transitive P marker	70_vos_gn_ac_d_ep	vos	gn	nom-acc	deranking	erg-poss	sov	SV	PVA	100	1.0	0.0	100.0	0.0	1.0	1.0	0.0	0.0	1.579225705464681	0.05855887412301497	bos_eos	seed_42,seed_43,seed_44
1_6_tran_P_marker	06_1_6_tran_P_marker	fig:heatmap-6-tran-p-marker	1.6 Transitive P marker	71_vos_gn_ac_d_no	vos	gn	nom-acc	deranking	nomn	svo	SV	AVP	100	1.0	0.0	100.0	0.0	1.0	1.0	0.0	0.0	1.6372540362675985	0.014478632420180817	bos_eos	seed_42,seed_43,seed_44
1_6_tran_P_marker	06_1_6_tran_P_marker	fig:heatmap-6-tran-p-marker	1.6 Transitive P marker	72_vos_gn_er_b_se	vos	gn	erg-abs	balancing	sent	vos	VS	VPA	100	0.9766666666666667	0.023094010767585053	97.66666666666667	2.309401076758503	0.95	0.99	0.0	0.0	0.9179398091634114	0.11865248529191637	bos_eos	seed_42,seed_43,seed_44
1_6_tran_P_marker	06_1_6_tran_P_marker	fig:heatmap-6-tran-p-marker	1.6 Transitive P marker	73_vos_gn_er_b_pa	vos	gn	erg-abs	balancing	poss-acc	svo	SV	AVP	100	0.9766666666666667	0.020816659994661348	97.66666666666667	2.0816659994661326	0.96	1.0	0.0	0.0	0.9595909603436789	0.07450845187986424	bos_eos	seed_42,seed_43,seed_44
1_6_tran_P_marker	06_1_6_tran_P_marker	fig:heatmap-6-tran-p-marker	1.6 Transitive P marker	74_vos_gn_er_b_ep	vos	gn	erg-abs	balancing	erg-poss	sov	SV	PVA	100	0.97	0.03605551275463986	97.0	3.605551275463989	0.93	1.0	0.0	0.0	0.9319954530398051	0.1193719143030207	bos_eos	seed_42,seed_43,seed_44
1_6_tran_P_marker	06_1_6_tran_P_marker	fig:heatmap-6-tran-p-marker	1.6 Transitive P marker	75_vos_gn_er_b_no	vos	gn	erg-abs	balancing	nomn	svo	SV	AVP	100	0.98	0.0	98.0	0.0	0.98	0.98	0.0	0.0	0.966874074935913	0.09462359427062135	bos_eos	seed_42,seed_43,seed_44
1_6_tran_P_marker	06_1_6_tran_P_marker	fig:heatmap-6-tran-p-marker	1.6 Transitive P marker	76_vos_gn_er_d_se	vos	gn	erg-abs	deranking	sent	vos	VS	VPA	100	0.9866666666666667	0.01527525231651948	98.66666666666667	1.5275252316519468	0.97	1.0	0.0	0.0	1.0020950921376546	0.08715186811061414	bos_eos	seed_42,seed_43,seed_44
1_6_tran_P_marker	06_1_6_tran_P_marker	fig:heatmap-6-tran-p-marker	1.6 Transitive P marker	77_vos_gn_er_d_pa	vos	gn	erg-abs	deranking	poss-acc	svo	SV	AVP	100	0.9833333333333333	0.011547005383792526	98.33333333333333	1.1547005383792515	0.97	0.99	0.0	0.0	1.0073648349444073	0.07076257739690947	bos_eos	seed_42,seed_43,seed_44
1_6_tran_P_marker	06_1_6_tran_P_marker	fig:heatmap-6-tran-p-marker	1.6 Transitive P marker	78_vos_gn_er_d_ep	vos	gn	erg-abs	deranking	erg-poss	sov	SV	PVA	100	0.9766666666666667	0.023094010767585053	97.66666666666667	2.309401076758503	0.95	0.99	0.0	0.0	1.0023635824521382	0.09673527163843505	bos_eos	seed_42,seed_43,seed_44
1_6_tran_P_marker	06_1_6_tran_P_marker	fig:heatmap-6-tran-p-marker	1.6 Transitive P marker	79_vos_gn_er_d_no	vos	gn	erg-abs	deranking	nomn	svo	SV	AVP	100	0.9633333333333333	0.011547005383792526	96.33333333333333	1.1547005383792515	0.95	0.97	0.0	0.0	0.9640624316533407	0.03712638556233347	bos_eos	seed_42,seed_43,seed_44
1_6_tran_P_marker	06_1_6_tran_P_marker	fig:heatmap-6-tran-p-marker	1.6 Transitive P marker	80_vos_ng_ac_b_se	vos	ng	nom-acc	balancing	sent	vos	VS	VPA	100	1.0	0.0	100.0	0.0	1.0	1.0	0.0	0.0	1.510337947209676	0.09743617799332811	bos_eos	seed_42,seed_43,seed_44
1_6_tran_P_marker	06_1_6_tran_P_marker	fig:heatmap-6-tran-p-marker	1.6 Transitive P marker	81_vos_ng_ac_b_pa	vos	ng	nom-acc	balancing	poss-acc	vos	VS	VPA	100	1.0	0.0	100.0	0.0	1.0	1.0	0.0	0.0	1.5193210935592651	0.028084798961105547	bos_eos	seed_42,seed_43,seed_44
1_6_tran_P_marker	06_1_6_tran_P_marker	fig:heatmap-6-tran-p-marker	1.6 Transitive P marker	82_vos_ng_ac_b_ep	vos	ng	nom-acc	balancing	erg-poss	vos	VS	VPA	100	1.0	0.0	100.0	0.0	1.0	1.0	0.0	0.0	1.528518184820811	0.02345489069739277	bos_eos	seed_42,seed_43,seed_44
1_6_tran_P_marker	06_1_6_tran_P_marker	fig:heatmap-6-tran-p-marker	1.6 Transitive P marker	83_vos_ng_ac_b_no	vos	ng	nom-acc	balancing	nomn	vos	VS	VPA	100	1.0	0.0	100.0	0.0	1.0	1.0	0.0	0.0	1.5883968861897786	0.011076603786938526	bos_eos	seed_42,seed_43,seed_44
1_6_tran_P_marker	06_1_6_tran_P_marker	fig:heatmap-6-tran-p-marker	1.6 Transitive P marker	84_vos_ng_ac_d_se	vos	ng	nom-acc	deranking	sent	vos	VS	VPA	100	1.0	0.0	100.0	0.0	1.0	1.0	0.0	0.0	1.5635178430875143	0.03745480801739389	bos_eos	seed_42,seed_43,seed_44
1_6_tran_P_marker	06_1_6_tran_P_marker	fig:heatmap-6-tran-p-marker	1.6 Transitive P marker	85_vos_ng_ac_d_pa	vos	ng	nom-acc	deranking	poss-acc	vos	VS	VPA	100	1.0	0.0	100.0	0.0	1.0	1.0	0.0	0.0	1.5721572693188985	0.05284089440977917	bos_eos	seed_42,seed_43,seed_44
1_6_tran_P_marker	06_1_6_tran_P_marker	fig:heatmap-6-tran-p-marker	1.6 Transitive P marker	86_vos_ng_ac_d_ep	vos	ng	nom-acc	deranking	erg-poss	vos	VS	VPA	100	1.0	0.0	100.0	0.0	1.0	1.0	0.0	0.0	1.5481209897994994	0.028147437469616822	bos_eos	seed_42,seed_43,seed_44
1_6_tran_P_marker	06_1_6_tran_P_marker	fig:heatmap-6-tran-p-marker	1.6 Transitive P marker	87_vos_ng_ac_d_no	vos	ng	nom-acc	deranking	nomn	vos	VS	VPA	100	1.0	0.0	100.0	0.0	1.0	1.0	0.0	0.0	1.5876577520370483	0.10056905764034485	bos_eos	seed_42,seed_43,seed_44
1_6_tran_P_marker	06_1_6_tran_P_marker	fig:heatmap-6-tran-p-marker	1.6 Transitive P marker	88_vos_ng_er_b_se	vos	ng	erg-abs	balancing	sent	vos	VS	VPA	100	0.9966666666666667	0.005773502691896263	99.66666666666667	0.5773502691896257	0.99	1.0	0.0	0.0	0.8601470748583476	0.009231451009243998	bos_eos	seed_42,seed_43,seed_44
1_6_tran_P_marker	06_1_6_tran_P_marker	fig:heatmap-6-tran-p-marker	1.6 Transitive P marker	89_vos_ng_er_b_pa	vos	ng	erg-abs	balancing	poss-acc	vos	VS	VPA	100	1.0	0.0	100.0	0.0	1.0	1.0	0.0	0.0	0.9006682825088501	0.09326423526311595	bos_eos	seed_42,seed_43,seed_44
1_6_tran_P_marker	06_1_6_tran_P_marker	fig:heatmap-6-tran-p-marker	1.6 Transitive P marker	90_vos_ng_er_b_ep	vos	ng	erg-abs	balancing	erg-poss	vos	VS	VPA	100	1.0	0.0	100.0	0.0	1.0	1.0	0.0	0.0	0.8725256888071696	0.06261845277153491	bos_eos	seed_42,seed_43,seed_44
1_6_tran_P_marker	06_1_6_tran_P_marker	fig:heatmap-6-tran-p-marker	1.6 Transitive P marker	91_vos_ng_er_b_no	vos	ng	erg-abs	balancing	nomn	vos	VS	VPA	100	1.0	0.0	100.0	0.0	1.0	1.0	0.0	0.0	0.9642356419563294	0.02848261245690653	bos_eos	seed_42,seed_43,seed_44
1_6_tran_P_marker	06_1_6_tran_P_marker	fig:heatmap-6-tran-p-marker	1.6 Transitive P marker	92_vos_ng_er_d_se	vos	ng	erg-abs	deranking	sent	vos	VS	VPA	100	1.0	0.0	100.0	0.0	1.0	1.0	0.0	0.0	0.9297201339403788	0.008702337064551438	bos_eos	seed_42,seed_43,seed_44
1_6_tran_P_marker	06_1_6_tran_P_marker	fig:heatmap-6-tran-p-marker	1.6 Transitive P marker	93_vos_ng_er_d_pa	vos	ng	erg-abs	deranking	poss-acc	vos	VS	VPA	100	1.0	0.0	100.0	0.0	1.0	1.0	0.0	0.0	0.9316585477193197	0.04470008184172831	bos_eos	seed_42,seed_43,seed_44
1_6_tran_P_marker	06_1_6_tran_P_marker	fig:heatmap-6-tran-p-marker	1.6 Transitive P marker	94_vos_ng_er_d_ep	vos	ng	erg-abs	deranking	erg-poss	vos	VS	VPA	100	1.0	0.0	100.0	0.0	1.0	1.0	0.0	0.0	0.9255059933662414	0.046575083707529656	bos_eos	seed_42,seed_43,seed_44
1_6_tran_P_marker	06_1_6_tran_P_marker	fig:heatmap-6-tran-p-marker	1.6 Transitive P marker	95_vos_ng_er_d_no	vos	ng	erg-abs	deranking	nomn	vos	VS	VPA	100	1.0	0.0	100.0	0.0	1.0	1.0	0.0	0.0	0.9549136757850647	0.059476408157514114	bos_eos	seed_42,seed_43,seed_44
1_7_tran_AV_order	07_1_7_tran_AV_order	fig:heatmap-7-tran-av-order	1.7 Transitive A--V order	00_sov_gn_ac_b_se	sov	gn	nom-acc	balancing	sent	sov	SV	APV	100	1.0	0.0	100.0	0.0	1.0	1.0	0.0	0.0	3.426287433306376	0.0894841462474862	bos_eos	seed_42,seed_43,seed_44
1_7_tran_AV_order	07_1_7_tran_AV_order	fig:heatmap-7-tran-av-order	1.7 Transitive A--V order	01_sov_gn_ac_b_pa	sov	gn	nom-acc	balancing	poss-acc	sov	SV	APV	100	1.0	0.0	100.0	0.0	1.0	1.0	0.0	0.0	3.5102649883429207	0.08465439498406173	bos_eos	seed_42,seed_43,seed_44
1_7_tran_AV_order	07_1_7_tran_AV_order	fig:heatmap-7-tran-av-order	1.7 Transitive A--V order	02_sov_gn_ac_b_ep	sov	gn	nom-acc	balancing	erg-poss	sov	SV	APV	100	1.0	0.0	100.0	0.0	1.0	1.0	0.0	0.0	3.4679487772782642	0.26874492613931544	bos_eos	seed_42,seed_43,seed_44
1_7_tran_AV_order	07_1_7_tran_AV_order	fig:heatmap-7-tran-av-order	1.7 Transitive A--V order	03_sov_gn_ac_b_no	sov	gn	nom-acc	balancing	nomn	sov	SV	APV	100	1.0	0.0	100.0	0.0	1.0	1.0	0.0	0.0	3.5332951386769613	0.08003295053544401	bos_eos	seed_42,seed_43,seed_44
1_7_tran_AV_order	07_1_7_tran_AV_order	fig:heatmap-7-tran-av-order	1.7 Transitive A--V order	04_sov_gn_ac_d_se	sov	gn	nom-acc	deranking	sent	sov	SV	APV	100	1.0	0.0	100.0	0.0	1.0	1.0	0.0	0.0	3.6607474609216055	0.02883298938206448	bos_eos	seed_42,seed_43,seed_44
1_7_tran_AV_order	07_1_7_tran_AV_order	fig:heatmap-7-tran-av-order	1.7 Transitive A--V order	05_sov_gn_ac_d_pa	sov	gn	nom-acc	deranking	poss-acc	sov	SV	APV	100	1.0	0.0	100.0	0.0	1.0	1.0	0.0	0.0	3.661818696260452	0.08276515744959004	bos_eos	seed_42,seed_43,seed_44
1_7_tran_AV_order	07_1_7_tran_AV_order	fig:heatmap-7-tran-av-order	1.7 Transitive A--V order	06_sov_gn_ac_d_ep	sov	gn	nom-acc	deranking	erg-poss	sov	SV	APV	100	1.0	0.0	100.0	0.0	1.0	1.0	0.0	0.0	3.8109689259529116	0.12128347847792116	bos_eos	seed_42,seed_43,seed_44
1_7_tran_AV_order	07_1_7_tran_AV_order	fig:heatmap-7-tran-av-order	1.7 Transitive A--V order	07_sov_gn_ac_d_no	sov	gn	nom-acc	deranking	nomn	sov	SV	APV	100	1.0	0.0	100.0	0.0	1.0	1.0	0.0	0.0	4.064594528675079	0.03216571982692573	bos_eos	seed_42,seed_43,seed_44
1_7_tran_AV_order	07_1_7_tran_AV_order	fig:heatmap-7-tran-av-order	1.7 Transitive A--V order	08_sov_gn_er_b_se	sov	gn	erg-abs	balancing	sent	sov	SV	APV	100	1.0	0.0	100.0	0.0	1.0	1.0	0.0	0.0	3.4153121908505755	0.09643390498502194	bos_eos	seed_42,seed_43,seed_44
1_7_tran_AV_order	07_1_7_tran_AV_order	fig:heatmap-7-tran-av-order	1.7 Transitive A--V order	09_sov_gn_er_b_pa	sov	gn	erg-abs	balancing	poss-acc	sov	SV	APV	100	1.0	0.0	100.0	0.0	1.0	1.0	0.0	0.0	3.6429879558086395	0.3786898385723071	bos_eos	seed_42,seed_43,seed_44
1_7_tran_AV_order	07_1_7_tran_AV_order	fig:heatmap-7-tran-av-order	1.7 Transitive A--V order	10_sov_gn_er_b_ep	sov	gn	erg-abs	balancing	erg-poss	sov	SV	APV	100	1.0	0.0	100.0	0.0	1.0	1.0	0.0	0.0	3.4900338641802473	0.1588812758071596	bos_eos	seed_42,seed_43,seed_44
1_7_tran_AV_order	07_1_7_tran_AV_order	fig:heatmap-7-tran-av-order	1.7 Transitive A--V order	11_sov_gn_er_b_no	sov	gn	erg-abs	balancing	nomn	sov	SV	APV	100	1.0	0.0	100.0	0.0	1.0	1.0	0.0	0.0	3.525104543765386	0.041331824868007544	bos_eos	seed_42,seed_43,seed_44
1_7_tran_AV_order	07_1_7_tran_AV_order	fig:heatmap-7-tran-av-order	1.7 Transitive A--V order	12_sov_gn_er_d_se	sov	gn	erg-abs	deranking	sent	sov	SV	APV	100	1.0	0.0	100.0	0.0	1.0	1.0	0.0	0.0	3.822375147342682	0.15140421078641272	bos_eos	seed_42,seed_43,seed_44
1_7_tran_AV_order	07_1_7_tran_AV_order	fig:heatmap-7-tran-av-order	1.7 Transitive A--V order	13_sov_gn_er_d_pa	sov	gn	erg-abs	deranking	poss-acc	sov	SV	APV	100	1.0	0.0	100.0	0.0	1.0	1.0	0.0	0.0	3.8994535434246065	0.09393919388805047	bos_eos	seed_42,seed_43,seed_44
1_7_tran_AV_order	07_1_7_tran_AV_order	fig:heatmap-7-tran-av-order	1.7 Transitive A--V order	14_sov_gn_er_d_ep	sov	gn	erg-abs	deranking	erg-poss	sov	SV	APV	100	1.0	0.0	100.0	0.0	1.0	1.0	0.0	0.0	3.977350155115128	0.2265132999203876	bos_eos	seed_42,seed_43,seed_44
1_7_tran_AV_order	07_1_7_tran_AV_order	fig:heatmap-7-tran-av-order	1.7 Transitive A--V order	15_sov_gn_er_d_no	sov	gn	erg-abs	deranking	nomn	sov	SV	APV	100	1.0	0.0	100.0	0.0	1.0	1.0	0.0	0.0	4.053874673843383	0.18314282965738007	bos_eos	seed_42,seed_43,seed_44
1_7_tran_AV_order	07_1_7_tran_AV_order	fig:heatmap-7-tran-av-order	1.7 Transitive A--V order	16_sov_ng_ac_b_se	sov	ng	nom-acc	balancing	sent	sov	SV	APV	100	1.0	0.0	100.0	0.0	1.0	1.0	0.0	0.0	3.7359251244862874	0.14317352617475929	bos_eos	seed_42,seed_43,seed_44
1_7_tran_AV_order	07_1_7_tran_AV_order	fig:heatmap-7-tran-av-order	1.7 Transitive A--V order	17_sov_ng_ac_b_pa	sov	ng	nom-acc	balancing	poss-acc	ovs	VS	PVA	100	1.0	0.0	100.0	0.0	1.0	1.0	0.0	0.0	3.725480358997981	0.10880234676065377	bos_eos	seed_42,seed_43,seed_44
1_7_tran_AV_order	07_1_7_tran_AV_order	fig:heatmap-7-tran-av-order	1.7 Transitive A--V order	18_sov_ng_ac_b_ep	sov	ng	nom-acc	balancing	erg-poss	vos	VS	AVP	100	1.0	0.0	100.0	0.0	1.0	1.0	0.0	0.0	4.021300191084544	0.11216541430694627	bos_eos	seed_42,seed_43,seed_44
1_7_tran_AV_order	07_1_7_tran_AV_order	fig:heatmap-7-tran-av-order	1.7 Transitive A--V order	19_sov_ng_ac_b_no	sov	ng	nom-acc	balancing	nomn	ovs	VS	PVA	100	1.0	0.0	100.0	0.0	1.0	1.0	0.0	0.0	4.143527203003566	0.0673976327112911	bos_eos	seed_42,seed_43,seed_44
1_7_tran_AV_order	07_1_7_tran_AV_order	fig:heatmap-7-tran-av-order	1.7 Transitive A--V order	20_sov_ng_ac_d_se	sov	ng	nom-acc	deranking	sent	sov	SV	APV	100	1.0	0.0	100.0	0.0	1.0	1.0	0.0	0.0	4.261504960457484	0.030155909128406287	bos_eos	seed_42,seed_43,seed_44
1_7_tran_AV_order	07_1_7_tran_AV_order	fig:heatmap-7-tran-av-order	1.7 Transitive A--V order	21_sov_ng_ac_d_pa	sov	ng	nom-acc	deranking	poss-acc	ovs	VS	PVA	100	1.0	0.0	100.0	0.0	1.0	1.0	0.0	0.0	4.116781922976176	0.12245496306477566	bos_eos	seed_42,seed_43,seed_44
1_7_tran_AV_order	07_1_7_tran_AV_order	fig:heatmap-7-tran-av-order	1.7 Transitive A--V order	22_sov_ng_ac_d_ep	sov	ng	nom-acc	deranking	erg-poss	vos	VS	AVP	100	1.0	0.0	100.0	0.0	1.0	1.0	0.0	0.0	4.402924808263779	0.14838359266491583	bos_eos	seed_42,seed_43,seed_44
1_7_tran_AV_order	07_1_7_tran_AV_order	fig:heatmap-7-tran-av-order	1.7 Transitive A--V order	23_sov_ng_ac_d_no	sov	ng	nom-acc	deranking	nomn	ovs	VS	PVA	100	1.0	0.0	100.0	0.0	1.0	1.0	0.0	0.0	4.639973431428274	0.06398580906136932	bos_eos	seed_42,seed_43,seed_44
1_7_tran_AV_order	07_1_7_tran_AV_order	fig:heatmap-7-tran-av-order	1.7 Transitive A--V order	24_sov_ng_er_b_se	sov	ng	erg-abs	balancing	sent	sov	SV	APV	100	1.0	0.0	100.0	0.0	1.0	1.0	0.0	0.0	3.6746406348546348	0.08127022433588324	bos_eos	seed_42,seed_43,seed_44
1_7_tran_AV_order	07_1_7_tran_AV_order	fig:heatmap-7-tran-av-order	1.7 Transitive A--V order	25_sov_ng_er_b_pa	sov	ng	erg-abs	balancing	poss-acc	ovs	VS	PVA	100	1.0	0.0	100.0	0.0	1.0	1.0	0.0	0.0	3.680166067679723	0.21688228187546382	bos_eos	seed_42,seed_43,seed_44
1_7_tran_AV_order	07_1_7_tran_AV_order	fig:heatmap-7-tran-av-order	1.7 Transitive A--V order	26_sov_ng_er_b_ep	sov	ng	erg-abs	balancing	erg-poss	vos	VS	AVP	100	1.0	0.0	100.0	0.0	1.0	1.0	0.0	0.0	3.6893197520573935	0.053860277504890086	bos_eos	seed_42,seed_43,seed_44
1_7_tran_AV_order	07_1_7_tran_AV_order	fig:heatmap-7-tran-av-order	1.7 Transitive A--V order	27_sov_ng_er_b_no	sov	ng	erg-abs	balancing	nomn	ovs	VS	PVA	100	1.0	0.0	100.0	0.0	1.0	1.0	0.0	0.0	3.787758521238963	0.2550133256221879	bos_eos	seed_42,seed_43,seed_44
1_7_tran_AV_order	07_1_7_tran_AV_order	fig:heatmap-7-tran-av-order	1.7 Transitive A--V order	28_sov_ng_er_d_se	sov	ng	erg-abs	deranking	sent	sov	SV	APV	100	1.0	0.0	100.0	0.0	1.0	1.0	0.0	0.0	3.862891482114792	0.11298779067241069	bos_eos	seed_42,seed_43,seed_44
1_7_tran_AV_order	07_1_7_tran_AV_order	fig:heatmap-7-tran-av-order	1.7 Transitive A--V order	29_sov_ng_er_d_pa	sov	ng	erg-abs	deranking	poss-acc	ovs	VS	PVA	100	1.0	0.0	100.0	0.0	1.0	1.0	0.0	0.0	3.7425135759512584	0.2173539486768091	bos_eos	seed_42,seed_43,seed_44
1_7_tran_AV_order	07_1_7_tran_AV_order	fig:heatmap-7-tran-av-order	1.7 Transitive A--V order	30_sov_ng_er_d_ep	sov	ng	erg-abs	deranking	erg-poss	vos	VS	AVP	100	1.0	0.0	100.0	0.0	1.0	1.0	0.0	0.0	3.9397800286610924	0.12795796477266885	bos_eos	seed_42,seed_43,seed_44
1_7_tran_AV_order	07_1_7_tran_AV_order	fig:heatmap-7-tran-av-order	1.7 Transitive A--V order	31_sov_ng_er_d_no	sov	ng	erg-abs	deranking	nomn	ovs	VS	PVA	100	1.0	0.0	100.0	0.0	1.0	1.0	0.0	0.0	3.9414270969231926	0.23202299373774837	bos_eos	seed_42,seed_43,seed_44
1_7_tran_AV_order	07_1_7_tran_AV_order	fig:heatmap-7-tran-av-order	1.7 Transitive A--V order	32_svo_gn_ac_b_se	svo	gn	nom-acc	balancing	sent	svo	SV	AVP	100	1.0	0.0	100.0	0.0	1.0	1.0	0.0	0.0	4.037991749048233	0.12965956792310182	bos_eos	seed_42,seed_43,seed_44
1_7_tran_AV_order	07_1_7_tran_AV_order	fig:heatmap-7-tran-av-order	1.7 Transitive A--V order	33_svo_gn_ac_b_pa	svo	gn	nom-acc	balancing	poss-acc	svo	SV	AVP	100	1.0	0.0	100.0	0.0	1.0	1.0	0.0	0.0	4.07980183005333	0.07009291655798236	bos_eos	seed_42,seed_43,seed_44
1_7_tran_AV_order	07_1_7_tran_AV_order	fig:heatmap-7-tran-av-order	1.7 Transitive A--V order	34_svo_gn_ac_b_ep	svo	gn	nom-acc	balancing	erg-poss	sov	SV	PVA	100	1.0	0.0	100.0	0.0	1.0	1.0	0.0	0.0	4.2798798139890035	0.1443109140869437	bos_eos	seed_42,seed_43,seed_44
1_7_tran_AV_order	07_1_7_tran_AV_order	fig:heatmap-7-tran-av-order	1.7 Transitive A--V order	35_svo_gn_ac_b_no	svo	gn	nom-acc	balancing	nomn	svo	SV	AVP	100	1.0	0.0	100.0	0.0	1.0	1.0	0.0	0.0	4.31721358537674	0.08435819007630471	bos_eos	seed_42,seed_43,seed_44
1_7_tran_AV_order	07_1_7_tran_AV_order	fig:heatmap-7-tran-av-order	1.7 Transitive A--V order	36_svo_gn_ac_d_se	svo	gn	nom-acc	deranking	sent	svo	SV	AVP	100	1.0	0.0	100.0	0.0	1.0	1.0	0.0	0.0	3.6346699738502504	0.1684739418512061	bos_eos	seed_42,seed_43,seed_44
1_7_tran_AV_order	07_1_7_tran_AV_order	fig:heatmap-7-tran-av-order	1.7 Transitive A--V order	37_svo_gn_ac_d_pa	svo	gn	nom-acc	deranking	poss-acc	svo	SV	AVP	100	1.0	0.0	100.0	0.0	1.0	1.0	0.0	0.0	3.6409752508004507	0.048602305162938154	bos_eos	seed_42,seed_43,seed_44
1_7_tran_AV_order	07_1_7_tran_AV_order	fig:heatmap-7-tran-av-order	1.7 Transitive A--V order	38_svo_gn_ac_d_ep	svo	gn	nom-acc	deranking	erg-poss	sov	SV	PVA	100	1.0	0.0	100.0	0.0	1.0	1.0	0.0	0.0	4.143814433415731	0.48061252901601537	bos_eos	seed_42,seed_43,seed_44
1_7_tran_AV_order	07_1_7_tran_AV_order	fig:heatmap-7-tran-av-order	1.7 Transitive A--V order	39_svo_gn_ac_d_no	svo	gn	nom-acc	deranking	nomn	svo	SV	AVP	100	1.0	0.0	100.0	0.0	1.0	1.0	0.0	0.0	3.978033856153488	0.42368270647769257	bos_eos	seed_42,seed_43,seed_44
1_7_tran_AV_order	07_1_7_tran_AV_order	fig:heatmap-7-tran-av-order	1.7 Transitive A--V order	40_svo_gn_er_b_se	svo	gn	erg-abs	balancing	sent	svo	SV	AVP	100	1.0	0.0	100.0	0.0	1.0	1.0	0.0	0.0	3.891978060801824	0.13058487379016367	bos_eos	seed_42,seed_43,seed_44
1_7_tran_AV_order	07_1_7_tran_AV_order	fig:heatmap-7-tran-av-order	1.7 Transitive A--V order	41_svo_gn_er_b_pa	svo	gn	erg-abs	balancing	poss-acc	svo	SV	AVP	100	1.0	0.0	100.0	0.0	1.0	1.0	0.0	0.0	3.916554434299469	0.09649295899866585	bos_eos	seed_42,seed_43,seed_44
1_7_tran_AV_order	07_1_7_tran_AV_order	fig:heatmap-7-tran-av-order	1.7 Transitive A--V order	42_svo_gn_er_b_ep	svo	gn	erg-abs	balancing	erg-poss	sov	SV	PVA	100	1.0	0.0	100.0	0.0	1.0	1.0	0.0	0.0	4.024183094104131	0.2472873936001151	bos_eos	seed_42,seed_43,seed_44
1_7_tran_AV_order	07_1_7_tran_AV_order	fig:heatmap-7-tran-av-order	1.7 Transitive A--V order	43_svo_gn_er_b_no	svo	gn	erg-abs	balancing	nomn	svo	SV	AVP	100	1.0	0.0	100.0	0.0	1.0	1.0	0.0	0.0	3.833484066724777	0.30135579862168155	bos_eos	seed_42,seed_43,seed_44
1_7_tran_AV_order	07_1_7_tran_AV_order	fig:heatmap-7-tran-av-order	1.7 Transitive A--V order	44_svo_gn_er_d_se	svo	gn	erg-abs	deranking	sent	svo	SV	AVP	100	1.0	0.0	100.0	0.0	1.0	1.0	0.0	0.0	3.799376571973165	0.11955316164040908	bos_eos	seed_42,seed_43,seed_44
1_7_tran_AV_order	07_1_7_tran_AV_order	fig:heatmap-7-tran-av-order	1.7 Transitive A--V order	45_svo_gn_er_d_pa	svo	gn	erg-abs	deranking	poss-acc	svo	SV	AVP	100	1.0	0.0	100.0	0.0	1.0	1.0	0.0	0.0	3.766808337767919	0.09435079870193817	bos_eos	seed_42,seed_43,seed_44
1_7_tran_AV_order	07_1_7_tran_AV_order	fig:heatmap-7-tran-av-order	1.7 Transitive A--V order	46_svo_gn_er_d_ep	svo	gn	erg-abs	deranking	erg-poss	sov	SV	PVA	100	1.0	0.0	100.0	0.0	1.0	1.0	0.0	0.0	3.737607483069102	0.1651543580875793	bos_eos	seed_42,seed_43,seed_44
1_7_tran_AV_order	07_1_7_tran_AV_order	fig:heatmap-7-tran-av-order	1.7 Transitive A--V order	47_svo_gn_er_d_no	svo	gn	erg-abs	deranking	nomn	svo	SV	AVP	100	1.0	0.0	100.0	0.0	1.0	1.0	0.0	0.0	3.6658957489331563	0.2204299373098862	bos_eos	seed_42,seed_43,seed_44
1_7_tran_AV_order	07_1_7_tran_AV_order	fig:heatmap-7-tran-av-order	1.7 Transitive A--V order	48_svo_ng_ac_b_se	svo	ng	nom-acc	balancing	sent	svo	SV	AVP	100	1.0	0.0	100.0	0.0	1.0	1.0	0.0	0.0	3.7177157708009085	0.030999172478271525	bos_eos	seed_42,seed_43,seed_44
1_7_tran_AV_order	07_1_7_tran_AV_order	fig:heatmap-7-tran-av-order	1.7 Transitive A--V order	49_svo_ng_ac_b_pa	svo	ng	nom-acc	balancing	poss-acc	vos	VS	VPA	100	1.0	0.0	100.0	0.0	1.0	1.0	0.0	0.0	3.8179702576001486	0.026809241120416046	bos_eos	seed_42,seed_43,seed_44
1_7_tran_AV_order	07_1_7_tran_AV_order	fig:heatmap-7-tran-av-order	1.7 Transitive A--V order	50_svo_ng_ac_b_ep	svo	ng	nom-acc	balancing	erg-poss	vos	VS	VPA	100	1.0	0.0	100.0	0.0	1.0	1.0	0.0	0.0	4.002424043416977	0.07496067645703632	bos_eos	seed_42,seed_43,seed_44
1_7_tran_AV_order	07_1_7_tran_AV_order	fig:heatmap-7-tran-av-order	1.7 Transitive A--V order	51_svo_ng_ac_b_no	svo	ng	nom-acc	balancing	nomn	vos	VS	VPA	100	1.0	0.0	100.0	0.0	1.0	1.0	0.0	0.0	3.9060640088717142	0.06161881634505146	bos_eos	seed_42,seed_43,seed_44
1_7_tran_AV_order	07_1_7_tran_AV_order	fig:heatmap-7-tran-av-order	1.7 Transitive A--V order	52_svo_ng_ac_d_se	svo	ng	nom-acc	deranking	sent	svo	SV	AVP	100	1.0	0.0	100.0	0.0	1.0	1.0	0.0	0.0	3.3563227927684784	0.08141322573209771	bos_eos	seed_42,seed_43,seed_44
1_7_tran_AV_order	07_1_7_tran_AV_order	fig:heatmap-7-tran-av-order	1.7 Transitive A--V order	53_svo_ng_ac_d_pa	svo	ng	nom-acc	deranking	poss-acc	vos	VS	VPA	100	1.0	0.0	100.0	0.0	1.0	1.0	0.0	0.0	3.328574744462967	0.20417952352180194	bos_eos	seed_42,seed_43,seed_44
1_7_tran_AV_order	07_1_7_tran_AV_order	fig:heatmap-7-tran-av-order	1.7 Transitive A--V order	54_svo_ng_ac_d_ep	svo	ng	nom-acc	deranking	erg-poss	vos	VS	VPA	100	1.0	0.0	100.0	0.0	1.0	1.0	0.0	0.0	3.704148016770681	0.06444824246155154	bos_eos	seed_42,seed_43,seed_44
1_7_tran_AV_order	07_1_7_tran_AV_order	fig:heatmap-7-tran-av-order	1.7 Transitive A--V order	55_svo_ng_ac_d_no	svo	ng	nom-acc	deranking	nomn	vos	VS	VPA	100	1.0	0.0	100.0	0.0	1.0	1.0	0.0	0.0	3.7541757345199582	0.11658628595622418	bos_eos	seed_42,seed_43,seed_44
1_7_tran_AV_order	07_1_7_tran_AV_order	fig:heatmap-7-tran-av-order	1.7 Transitive A--V order	56_svo_ng_er_b_se	svo	ng	erg-abs	balancing	sent	svo	SV	AVP	100	1.0	0.0	100.0	0.0	1.0	1.0	0.0	0.0	3.9782238002618153	0.14689638995694565	bos_eos	seed_42,seed_43,seed_44
1_7_tran_AV_order	07_1_7_tran_AV_order	fig:heatmap-7-tran-av-order	1.7 Transitive A--V order	57_svo_ng_er_b_pa	svo	ng	erg-abs	balancing	poss-acc	vos	VS	VPA	100	1.0	0.0	100.0	0.0	1.0	1.0	0.0	0.0	3.8851075108846027	0.3038296565591766	bos_eos	seed_42,seed_43,seed_44
1_7_tran_AV_order	07_1_7_tran_AV_order	fig:heatmap-7-tran-av-order	1.7 Transitive A--V order	58_svo_ng_er_b_ep	svo	ng	erg-abs	balancing	erg-poss	vos	VS	VPA	100	1.0	0.0	100.0	0.0	1.0	1.0	0.0	0.0	4.001977069775263	0.33105155410409254	bos_eos	seed_42,seed_43,seed_44
1_7_tran_AV_order	07_1_7_tran_AV_order	fig:heatmap-7-tran-av-order	1.7 Transitive A--V order	59_svo_ng_er_b_no	svo	ng	erg-abs	balancing	nomn	vos	VS	VPA	100	1.0	0.0	100.0	0.0	1.0	1.0	0.0	0.0	4.1272233323256176	0.10466155066113116	bos_eos	seed_42,seed_43,seed_44
1_7_tran_AV_order	07_1_7_tran_AV_order	fig:heatmap-7-tran-av-order	1.7 Transitive A--V order	60_svo_ng_er_d_se	svo	ng	erg-abs	deranking	sent	svo	SV	AVP	100	1.0	0.0	100.0	0.0	1.0	1.0	0.0	0.0	3.576332654953003	0.22588104402256381	bos_eos	seed_42,seed_43,seed_44
1_7_tran_AV_order	07_1_7_tran_AV_order	fig:heatmap-7-tran-av-order	1.7 Transitive A--V order	61_svo_ng_er_d_pa	svo	ng	erg-abs	deranking	poss-acc	vos	VS	VPA	100	1.0	0.0	100.0	0.0	1.0	1.0	0.0	0.0	3.796126453081767	0.39320724892627706	bos_eos	seed_42,seed_43,seed_44
1_7_tran_AV_order	07_1_7_tran_AV_order	fig:heatmap-7-tran-av-order	1.7 Transitive A--V order	62_svo_ng_er_d_ep	svo	ng	erg-abs	deranking	erg-poss	vos	VS	VPA	100	1.0	0.0	100.0	0.0	1.0	1.0	0.0	0.0	3.5776803370316825	0.14879001310743314	bos_eos	seed_42,seed_43,seed_44
1_7_tran_AV_order	07_1_7_tran_AV_order	fig:heatmap-7-tran-av-order	1.7 Transitive A--V order	63_svo_ng_er_d_no	svo	ng	erg-abs	deranking	nomn	vos	VS	VPA	100	1.0	0.0	100.0	0.0	1.0	1.0	0.0	0.0	3.8180220739046735	0.4545869064831202	bos_eos	seed_42,seed_43,seed_44
1_7_tran_AV_order	07_1_7_tran_AV_order	fig:heatmap-7-tran-av-order	1.7 Transitive A--V order	64_vos_gn_ac_b_se	vos	gn	nom-acc	balancing	sent	vos	VS	VPA	100	1.0	0.0	100.0	0.0	1.0	1.0	0.0	0.0	3.959957376718521	0.18140170570316244	bos_eos	seed_42,seed_43,seed_44
1_7_tran_AV_order	07_1_7_tran_AV_order	fig:heatmap-7-tran-av-order	1.7 Transitive A--V order	65_vos_gn_ac_b_pa	vos	gn	nom-acc	balancing	poss-acc	svo	SV	AVP	100	1.0	0.0	100.0	0.0	1.0	1.0	0.0	0.0	3.927733063697815	0.032692413574743104	bos_eos	seed_42,seed_43,seed_44
1_7_tran_AV_order	07_1_7_tran_AV_order	fig:heatmap-7-tran-av-order	1.7 Transitive A--V order	66_vos_gn_ac_b_ep	vos	gn	nom-acc	balancing	erg-poss	sov	SV	PVA	100	1.0	0.0	100.0	0.0	1.0	1.0	0.0	0.0	4.121865648825963	0.09792374835418716	bos_eos	seed_42,seed_43,seed_44
1_7_tran_AV_order	07_1_7_tran_AV_order	fig:heatmap-7-tran-av-order	1.7 Transitive A--V order	67_vos_gn_ac_b_no	vos	gn	nom-acc	balancing	nomn	svo	SV	AVP	100	1.0	0.0	100.0	0.0	1.0	1.0	0.0	0.0	4.097442670265833	0.08955681668956289	bos_eos	seed_42,seed_43,seed_44
1_7_tran_AV_order	07_1_7_tran_AV_order	fig:heatmap-7-tran-av-order	1.7 Transitive A--V order	68_vos_gn_ac_d_se	vos	gn	nom-acc	deranking	sent	vos	VS	VPA	100	1.0	0.0	100.0	0.0	1.0	1.0	0.0	0.0	5.082626583576202	0.16845501828234766	bos_eos	seed_42,seed_43,seed_44
1_7_tran_AV_order	07_1_7_tran_AV_order	fig:heatmap-7-tran-av-order	1.7 Transitive A--V order	69_vos_gn_ac_d_pa	vos	gn	nom-acc	deranking	poss-acc	svo	SV	AVP	100	1.0	0.0	100.0	0.0	1.0	1.0	0.0	0.0	5.160868896245956	0.08514596542904009	bos_eos	seed_42,seed_43,seed_44
1_7_tran_AV_order	07_1_7_tran_AV_order	fig:heatmap-7-tran-av-order	1.7 Transitive A--V order	70_vos_gn_ac_d_ep	vos	gn	nom-acc	deranking	erg-poss	sov	SV	PVA	100	1.0	0.0	100.0	0.0	1.0	1.0	0.0	0.0	5.475380515654882	0.08251827214612363	bos_eos	seed_42,seed_43,seed_44
1_7_tran_AV_order	07_1_7_tran_AV_order	fig:heatmap-7-tran-av-order	1.7 Transitive A--V order	71_vos_gn_ac_d_no	vos	gn	nom-acc	deranking	nomn	svo	SV	AVP	100	1.0	0.0	100.0	0.0	1.0	1.0	0.0	0.0	5.318634542624156	0.03582772457257038	bos_eos	seed_42,seed_43,seed_44
1_7_tran_AV_order	07_1_7_tran_AV_order	fig:heatmap-7-tran-av-order	1.7 Transitive A--V order	72_vos_gn_er_b_se	vos	gn	erg-abs	balancing	sent	vos	VS	VPA	100	1.0	0.0	100.0	0.0	1.0	1.0	0.0	0.0	4.579166553020477	0.07475158435191523	bos_eos	seed_42,seed_43,seed_44
1_7_tran_AV_order	07_1_7_tran_AV_order	fig:heatmap-7-tran-av-order	1.7 Transitive A--V order	73_vos_gn_er_b_pa	vos	gn	erg-abs	balancing	poss-acc	svo	SV	AVP	100	1.0	0.0	100.0	0.0	1.0	1.0	0.0	0.0	4.5817825531959535	0.14934813088772378	bos_eos	seed_42,seed_43,seed_44
1_7_tran_AV_order	07_1_7_tran_AV_order	fig:heatmap-7-tran-av-order	1.7 Transitive A--V order	74_vos_gn_er_b_ep	vos	gn	erg-abs	balancing	erg-poss	sov	SV	PVA	100	1.0	0.0	100.0	0.0	1.0	1.0	0.0	0.0	4.622810111045838	0.11807473454170131	bos_eos	seed_42,seed_43,seed_44
1_7_tran_AV_order	07_1_7_tran_AV_order	fig:heatmap-7-tran-av-order	1.7 Transitive A--V order	75_vos_gn_er_b_no	vos	gn	erg-abs	balancing	nomn	svo	SV	AVP	100	1.0	0.0	100.0	0.0	1.0	1.0	0.0	0.0	4.541594846645991	0.11446206192041528	bos_eos	seed_42,seed_43,seed_44
1_7_tran_AV_order	07_1_7_tran_AV_order	fig:heatmap-7-tran-av-order	1.7 Transitive A--V order	76_vos_gn_er_d_se	vos	gn	erg-abs	deranking	sent	vos	VS	VPA	100	1.0	0.0	100.0	0.0	1.0	1.0	0.0	0.0	5.772518249352773	0.1818011419985016	bos_eos	seed_42,seed_43,seed_44
1_7_tran_AV_order	07_1_7_tran_AV_order	fig:heatmap-7-tran-av-order	1.7 Transitive A--V order	77_vos_gn_er_d_pa	vos	gn	erg-abs	deranking	poss-acc	svo	SV	AVP	100	1.0	0.0	100.0	0.0	1.0	1.0	0.0	0.0	5.695590913693111	0.15211667021731207	bos_eos	seed_42,seed_43,seed_44
1_7_tran_AV_order	07_1_7_tran_AV_order	fig:heatmap-7-tran-av-order	1.7 Transitive A--V order	78_vos_gn_er_d_ep	vos	gn	erg-abs	deranking	erg-poss	sov	SV	PVA	100	1.0	0.0	100.0	0.0	1.0	1.0	0.0	0.0	5.942979250351589	0.1610691438511245	bos_eos	seed_42,seed_43,seed_44
1_7_tran_AV_order	07_1_7_tran_AV_order	fig:heatmap-7-tran-av-order	1.7 Transitive A--V order	79_vos_gn_er_d_no	vos	gn	erg-abs	deranking	nomn	svo	SV	AVP	100	1.0	0.0	100.0	0.0	1.0	1.0	0.0	0.0	5.940230153799058	0.057240818514372474	bos_eos	seed_42,seed_43,seed_44
1_7_tran_AV_order	07_1_7_tran_AV_order	fig:heatmap-7-tran-av-order	1.7 Transitive A--V order	80_vos_ng_ac_b_se	vos	ng	nom-acc	balancing	sent	vos	VS	VPA	100	1.0	0.0	100.0	0.0	1.0	1.0	0.0	0.0	3.6496782819430034	0.09274378742554515	bos_eos	seed_42,seed_43,seed_44
1_7_tran_AV_order	07_1_7_tran_AV_order	fig:heatmap-7-tran-av-order	1.7 Transitive A--V order	81_vos_ng_ac_b_pa	vos	ng	nom-acc	balancing	poss-acc	vos	VS	VPA	100	1.0	0.0	100.0	0.0	1.0	1.0	0.0	0.0	3.5901832290490465	0.13336546861032952	bos_eos	seed_42,seed_43,seed_44
1_7_tran_AV_order	07_1_7_tran_AV_order	fig:heatmap-7-tran-av-order	1.7 Transitive A--V order	82_vos_ng_ac_b_ep	vos	ng	nom-acc	balancing	erg-poss	vos	VS	VPA	100	1.0	0.0	100.0	0.0	1.0	1.0	0.0	0.0	3.650059847831726	0.06879599121957579	bos_eos	seed_42,seed_43,seed_44
1_7_tran_AV_order	07_1_7_tran_AV_order	fig:heatmap-7-tran-av-order	1.7 Transitive A--V order	83_vos_ng_ac_b_no	vos	ng	nom-acc	balancing	nomn	vos	VS	VPA	100	1.0	0.0	100.0	0.0	1.0	1.0	0.0	0.0	3.7778259285291034	0.023114157222842577	bos_eos	seed_42,seed_43,seed_44
1_7_tran_AV_order	07_1_7_tran_AV_order	fig:heatmap-7-tran-av-order	1.7 Transitive A--V order	84_vos_ng_ac_d_se	vos	ng	nom-acc	deranking	sent	vos	VS	VPA	100	1.0	0.0	100.0	0.0	1.0	1.0	0.0	0.0	4.796043973763784	0.17312673709350604	bos_eos	seed_42,seed_43,seed_44
1_7_tran_AV_order	07_1_7_tran_AV_order	fig:heatmap-7-tran-av-order	1.7 Transitive A--V order	85_vos_ng_ac_d_pa	vos	ng	nom-acc	deranking	poss-acc	vos	VS	VPA	100	1.0	0.0	100.0	0.0	1.0	1.0	0.0	0.0	4.881238548358282	0.06420472427334778	bos_eos	seed_42,seed_43,seed_44
1_7_tran_AV_order	07_1_7_tran_AV_order	fig:heatmap-7-tran-av-order	1.7 Transitive A--V order	86_vos_ng_ac_d_ep	vos	ng	nom-acc	deranking	erg-poss	vos	VS	VPA	100	1.0	0.0	100.0	0.0	1.0	1.0	0.0	0.0	4.967493720054627	0.09778606383438493	bos_eos	seed_42,seed_43,seed_44
1_7_tran_AV_order	07_1_7_tran_AV_order	fig:heatmap-7-tran-av-order	1.7 Transitive A--V order	87_vos_ng_ac_d_no	vos	ng	nom-acc	deranking	nomn	vos	VS	VPA	100	1.0	0.0	100.0	0.0	1.0	1.0	0.0	0.0	5.032064465681712	0.08563250047889338	bos_eos	seed_42,seed_43,seed_44
1_7_tran_AV_order	07_1_7_tran_AV_order	fig:heatmap-7-tran-av-order	1.7 Transitive A--V order	88_vos_ng_er_b_se	vos	ng	erg-abs	balancing	sent	vos	VS	VPA	100	1.0	0.0	100.0	0.0	1.0	1.0	0.0	0.0	4.261644697189331	0.07385672493149104	bos_eos	seed_42,seed_43,seed_44
1_7_tran_AV_order	07_1_7_tran_AV_order	fig:heatmap-7-tran-av-order	1.7 Transitive A--V order	89_vos_ng_er_b_pa	vos	ng	erg-abs	balancing	poss-acc	vos	VS	VPA	100	1.0	0.0	100.0	0.0	1.0	1.0	0.0	0.0	4.409696529308955	0.13263169904650338	bos_eos	seed_42,seed_43,seed_44
1_7_tran_AV_order	07_1_7_tran_AV_order	fig:heatmap-7-tran-av-order	1.7 Transitive A--V order	90_vos_ng_er_b_ep	vos	ng	erg-abs	balancing	erg-poss	vos	VS	VPA	100	1.0	0.0	100.0	0.0	1.0	1.0	0.0	0.0	4.276173372666041	0.07764988859798219	bos_eos	seed_42,seed_43,seed_44
1_7_tran_AV_order	07_1_7_tran_AV_order	fig:heatmap-7-tran-av-order	1.7 Transitive A--V order	91_vos_ng_er_b_no	vos	ng	erg-abs	balancing	nomn	vos	VS	VPA	100	1.0	0.0	100.0	0.0	1.0	1.0	0.0	0.0	4.3809213387966155	0.12842998381481038	bos_eos	seed_42,seed_43,seed_44
1_7_tran_AV_order	07_1_7_tran_AV_order	fig:heatmap-7-tran-av-order	1.7 Transitive A--V order	92_vos_ng_er_d_se	vos	ng	erg-abs	deranking	sent	vos	VS	VPA	100	1.0	0.0	100.0	0.0	1.0	1.0	0.0	0.0	5.408582143783569	0.21242429748408823	bos_eos	seed_42,seed_43,seed_44
1_7_tran_AV_order	07_1_7_tran_AV_order	fig:heatmap-7-tran-av-order	1.7 Transitive A--V order	93_vos_ng_er_d_pa	vos	ng	erg-abs	deranking	poss-acc	vos	VS	VPA	100	1.0	0.0	100.0	0.0	1.0	1.0	0.0	0.0	5.515212416251501	0.15764676123825125	bos_eos	seed_42,seed_43,seed_44
1_7_tran_AV_order	07_1_7_tran_AV_order	fig:heatmap-7-tran-av-order	1.7 Transitive A--V order	94_vos_ng_er_d_ep	vos	ng	erg-abs	deranking	erg-poss	vos	VS	VPA	100	1.0	0.0	100.0	0.0	1.0	1.0	0.0	0.0	5.627161036729812	0.18619061698457387	bos_eos	seed_42,seed_43,seed_44
1_7_tran_AV_order	07_1_7_tran_AV_order	fig:heatmap-7-tran-av-order	1.7 Transitive A--V order	95_vos_ng_er_d_no	vos	ng	erg-abs	deranking	nomn	vos	VS	VPA	100	1.0	0.0	100.0	0.0	1.0	1.0	0.0	0.0	5.51345619281133	0.11538373274530013	bos_eos	seed_42,seed_43,seed_44
1_8_tran_VP_order	08_1_8_tran_VP_order	fig:heatmap-8-tran-vp-order	1.8 Transitive V--P order	00_sov_gn_ac_b_se	sov	gn	nom-acc	balancing	sent	sov	SV	APV	100	1.0	0.0	100.0	0.0	1.0	1.0	0.0	0.0	2.8397744313875832	0.17685189898954776	bos_eos	seed_42,seed_43,seed_44
1_8_tran_VP_order	08_1_8_tran_VP_order	fig:heatmap-8-tran-vp-order	1.8 Transitive V--P order	01_sov_gn_ac_b_pa	sov	gn	nom-acc	balancing	poss-acc	sov	SV	APV	100	1.0	0.0	100.0	0.0	1.0	1.0	0.0	0.0	2.821484080950419	0.148534133436605	bos_eos	seed_42,seed_43,seed_44
1_8_tran_VP_order	08_1_8_tran_VP_order	fig:heatmap-8-tran-vp-order	1.8 Transitive V--P order	02_sov_gn_ac_b_ep	sov	gn	nom-acc	balancing	erg-poss	sov	SV	APV	100	1.0	0.0	100.0	0.0	1.0	1.0	0.0	0.0	2.7095024061203	0.2550415088371098	bos_eos	seed_42,seed_43,seed_44
1_8_tran_VP_order	08_1_8_tran_VP_order	fig:heatmap-8-tran-vp-order	1.8 Transitive V--P order	03_sov_gn_ac_b_no	sov	gn	nom-acc	balancing	nomn	sov	SV	APV	100	1.0	0.0	100.0	0.0	1.0	1.0	0.0	0.0	2.776135815779368	0.14962148853297952	bos_eos	seed_42,seed_43,seed_44
1_8_tran_VP_order	08_1_8_tran_VP_order	fig:heatmap-8-tran-vp-order	1.8 Transitive V--P order	04_sov_gn_ac_d_se	sov	gn	nom-acc	deranking	sent	sov	SV	APV	100	1.0	0.0	100.0	0.0	1.0	1.0	0.0	0.0	2.9463275400797526	0.1374923498318434	bos_eos	seed_42,seed_43,seed_44
1_8_tran_VP_order	08_1_8_tran_VP_order	fig:heatmap-8-tran-vp-order	1.8 Transitive V--P order	05_sov_gn_ac_d_pa	sov	gn	nom-acc	deranking	poss-acc	sov	SV	APV	100	1.0	0.0	100.0	0.0	1.0	1.0	0.0	0.0	2.9840955662727358	0.0923217378107236	bos_eos	seed_42,seed_43,seed_44
1_8_tran_VP_order	08_1_8_tran_VP_order	fig:heatmap-8-tran-vp-order	1.8 Transitive V--P order	06_sov_gn_ac_d_ep	sov	gn	nom-acc	deranking	erg-poss	sov	SV	APV	100	1.0	0.0	100.0	0.0	1.0	1.0	0.0	0.0	2.9080725288391114	0.09186197771728116	bos_eos	seed_42,seed_43,seed_44
1_8_tran_VP_order	08_1_8_tran_VP_order	fig:heatmap-8-tran-vp-order	1.8 Transitive V--P order	07_sov_gn_ac_d_no	sov	gn	nom-acc	deranking	nomn	sov	SV	APV	100	1.0	0.0	100.0	0.0	1.0	1.0	0.0	0.0	3.1861641645431518	0.08615908009427903	bos_eos	seed_42,seed_43,seed_44
1_8_tran_VP_order	08_1_8_tran_VP_order	fig:heatmap-8-tran-vp-order	1.8 Transitive V--P order	08_sov_gn_er_b_se	sov	gn	erg-abs	balancing	sent	sov	SV	APV	100	1.0	0.0	100.0	0.0	1.0	1.0	0.0	0.0	2.9945083491007485	0.08568433421850134	bos_eos	seed_42,seed_43,seed_44
1_8_tran_VP_order	08_1_8_tran_VP_order	fig:heatmap-8-tran-vp-order	1.8 Transitive V--P order	09_sov_gn_er_b_pa	sov	gn	erg-abs	balancing	poss-acc	sov	SV	APV	100	1.0	0.0	100.0	0.0	1.0	1.0	0.0	0.0	3.0455149817466736	0.028140037548800963	bos_eos	seed_42,seed_43,seed_44
1_8_tran_VP_order	08_1_8_tran_VP_order	fig:heatmap-8-tran-vp-order	1.8 Transitive V--P order	10_sov_gn_er_b_ep	sov	gn	erg-abs	balancing	erg-poss	sov	SV	APV	100	1.0	0.0	100.0	0.0	1.0	1.0	0.0	0.0	3.0565219855308534	0.06472571719248423	bos_eos	seed_42,seed_43,seed_44
1_8_tran_VP_order	08_1_8_tran_VP_order	fig:heatmap-8-tran-vp-order	1.8 Transitive V--P order	11_sov_gn_er_b_no	sov	gn	erg-abs	balancing	nomn	sov	SV	APV	100	1.0	0.0	100.0	0.0	1.0	1.0	0.0	0.0	2.9337812066078186	0.05627256416827541	bos_eos	seed_42,seed_43,seed_44
1_8_tran_VP_order	08_1_8_tran_VP_order	fig:heatmap-8-tran-vp-order	1.8 Transitive V--P order	12_sov_gn_er_d_se	sov	gn	erg-abs	deranking	sent	sov	SV	APV	100	1.0	0.0	100.0	0.0	1.0	1.0	0.0	0.0	2.9751016330718993	0.13146665986594813	bos_eos	seed_42,seed_43,seed_44
1_8_tran_VP_order	08_1_8_tran_VP_order	fig:heatmap-8-tran-vp-order	1.8 Transitive V--P order	13_sov_gn_er_d_pa	sov	gn	erg-abs	deranking	poss-acc	sov	SV	APV	100	1.0	0.0	100.0	0.0	1.0	1.0	0.0	0.0	3.058439893722534	0.09725825041647948	bos_eos	seed_42,seed_43,seed_44
1_8_tran_VP_order	08_1_8_tran_VP_order	fig:heatmap-8-tran-vp-order	1.8 Transitive V--P order	14_sov_gn_er_d_ep	sov	gn	erg-abs	deranking	erg-poss	sov	SV	APV	100	1.0	0.0	100.0	0.0	1.0	1.0	0.0	0.0	3.097291212876638	0.07356293922311469	bos_eos	seed_42,seed_43,seed_44
1_8_tran_VP_order	08_1_8_tran_VP_order	fig:heatmap-8-tran-vp-order	1.8 Transitive V--P order	15_sov_gn_er_d_no	sov	gn	erg-abs	deranking	nomn	sov	SV	APV	100	1.0	0.0	100.0	0.0	1.0	1.0	0.0	0.0	3.180983407497406	0.16126552134598277	bos_eos	seed_42,seed_43,seed_44
1_8_tran_VP_order	08_1_8_tran_VP_order	fig:heatmap-8-tran-vp-order	1.8 Transitive V--P order	16_sov_ng_ac_b_se	sov	ng	nom-acc	balancing	sent	sov	SV	APV	100	1.0	0.0	100.0	0.0	1.0	1.0	0.0	0.0	2.579727169672648	0.18082477874999436	bos_eos	seed_42,seed_43,seed_44
1_8_tran_VP_order	08_1_8_tran_VP_order	fig:heatmap-8-tran-vp-order	1.8 Transitive V--P order	17_sov_ng_ac_b_pa	sov	ng	nom-acc	balancing	poss-acc	ovs	VS	PVA	100	1.0	0.0	100.0	0.0	1.0	1.0	0.0	0.0	2.5699984081586202	0.12963851782951982	bos_eos	seed_42,seed_43,seed_44
1_8_tran_VP_order	08_1_8_tran_VP_order	fig:heatmap-8-tran-vp-order	1.8 Transitive V--P order	18_sov_ng_ac_b_ep	sov	ng	nom-acc	balancing	erg-poss	vos	VS	AVP	100	1.0	0.0	100.0	0.0	1.0	1.0	0.0	0.0	2.5870486545562743	0.026293610084597154	bos_eos	seed_42,seed_43,seed_44
1_8_tran_VP_order	08_1_8_tran_VP_order	fig:heatmap-8-tran-vp-order	1.8 Transitive V--P order	19_sov_ng_ac_b_no	sov	ng	nom-acc	balancing	nomn	ovs	VS	PVA	100	1.0	0.0	100.0	0.0	1.0	1.0	0.0	0.0	2.7318090470631917	0.09269872102802228	bos_eos	seed_42,seed_43,seed_44
1_8_tran_VP_order	08_1_8_tran_VP_order	fig:heatmap-8-tran-vp-order	1.8 Transitive V--P order	20_sov_ng_ac_d_se	sov	ng	nom-acc	deranking	sent	sov	SV	APV	100	1.0	0.0	100.0	0.0	1.0	1.0	0.0	0.0	2.9107879328727724	0.055729036159969214	bos_eos	seed_42,seed_43,seed_44
1_8_tran_VP_order	08_1_8_tran_VP_order	fig:heatmap-8-tran-vp-order	1.8 Transitive V--P order	21_sov_ng_ac_d_pa	sov	ng	nom-acc	deranking	poss-acc	ovs	VS	PVA	100	1.0	0.0	100.0	0.0	1.0	1.0	0.0	0.0	2.894278028806051	0.12010884544140457	bos_eos	seed_42,seed_43,seed_44
1_8_tran_VP_order	08_1_8_tran_VP_order	fig:heatmap-8-tran-vp-order	1.8 Transitive V--P order	22_sov_ng_ac_d_ep	sov	ng	nom-acc	deranking	erg-poss	vos	VS	AVP	100	1.0	0.0	100.0	0.0	1.0	1.0	0.0	0.0	2.869398729801178	0.03482638209945961	bos_eos	seed_42,seed_43,seed_44
1_8_tran_VP_order	08_1_8_tran_VP_order	fig:heatmap-8-tran-vp-order	1.8 Transitive V--P order	23_sov_ng_ac_d_no	sov	ng	nom-acc	deranking	nomn	ovs	VS	PVA	100	1.0	0.0	100.0	0.0	1.0	1.0	0.0	0.0	3.1755831042925515	0.11501103521917196	bos_eos	seed_42,seed_43,seed_44
1_8_tran_VP_order	08_1_8_tran_VP_order	fig:heatmap-8-tran-vp-order	1.8 Transitive V--P order	24_sov_ng_er_b_se	sov	ng	erg-abs	balancing	sent	sov	SV	APV	100	1.0	0.0	100.0	0.0	1.0	1.0	0.0	0.0	2.564166937669118	0.09858284433130084	bos_eos	seed_42,seed_43,seed_44
1_8_tran_VP_order	08_1_8_tran_VP_order	fig:heatmap-8-tran-vp-order	1.8 Transitive V--P order	25_sov_ng_er_b_pa	sov	ng	erg-abs	balancing	poss-acc	ovs	VS	PVA	100	1.0	0.0	100.0	0.0	1.0	1.0	0.0	0.0	2.585962886015574	0.06031350999515597	bos_eos	seed_42,seed_43,seed_44
1_8_tran_VP_order	08_1_8_tran_VP_order	fig:heatmap-8-tran-vp-order	1.8 Transitive V--P order	26_sov_ng_er_b_ep	sov	ng	erg-abs	balancing	erg-poss	vos	VS	AVP	100	1.0	0.0	100.0	0.0	1.0	1.0	0.0	0.0	2.57023504336675	0.07290640835211415	bos_eos	seed_42,seed_43,seed_44
1_8_tran_VP_order	08_1_8_tran_VP_order	fig:heatmap-8-tran-vp-order	1.8 Transitive V--P order	27_sov_ng_er_b_no	sov	ng	erg-abs	balancing	nomn	ovs	VS	PVA	100	1.0	0.0	100.0	0.0	1.0	1.0	0.0	0.0	2.6525311716397604	0.06402353770595909	bos_eos	seed_42,seed_43,seed_44
1_8_tran_VP_order	08_1_8_tran_VP_order	fig:heatmap-8-tran-vp-order	1.8 Transitive V--P order	28_sov_ng_er_d_se	sov	ng	erg-abs	deranking	sent	sov	SV	APV	100	1.0	0.0	100.0	0.0	1.0	1.0	0.0	0.0	2.822977401415507	0.03148126775767882	bos_eos	seed_42,seed_43,seed_44
1_8_tran_VP_order	08_1_8_tran_VP_order	fig:heatmap-8-tran-vp-order	1.8 Transitive V--P order	29_sov_ng_er_d_pa	sov	ng	erg-abs	deranking	poss-acc	ovs	VS	PVA	100	1.0	0.0	100.0	0.0	1.0	1.0	0.0	0.0	2.7616509517033894	0.06914963027675418	bos_eos	seed_42,seed_43,seed_44
1_8_tran_VP_order	08_1_8_tran_VP_order	fig:heatmap-8-tran-vp-order	1.8 Transitive V--P order	30_sov_ng_er_d_ep	sov	ng	erg-abs	deranking	erg-poss	vos	VS	AVP	100	1.0	0.0	100.0	0.0	1.0	1.0	0.0	0.0	2.7834573928515116	0.04868645947404	bos_eos	seed_42,seed_43,seed_44
1_8_tran_VP_order	08_1_8_tran_VP_order	fig:heatmap-8-tran-vp-order	1.8 Transitive V--P order	31_sov_ng_er_d_no	sov	ng	erg-abs	deranking	nomn	ovs	VS	PVA	100	1.0	0.0	100.0	0.0	1.0	1.0	0.0	0.0	2.8260167050361633	0.07128449395544567	bos_eos	seed_42,seed_43,seed_44
1_8_tran_VP_order	08_1_8_tran_VP_order	fig:heatmap-8-tran-vp-order	1.8 Transitive V--P order	32_svo_gn_ac_b_se	svo	gn	nom-acc	balancing	sent	svo	SV	AVP	100	1.0	0.0	100.0	0.0	1.0	1.0	0.0	0.0	2.2797312498092652	0.032021814147800774	bos_eos	seed_42,seed_43,seed_44
1_8_tran_VP_order	08_1_8_tran_VP_order	fig:heatmap-8-tran-vp-order	1.8 Transitive V--P order	33_svo_gn_ac_b_pa	svo	gn	nom-acc	balancing	poss-acc	svo	SV	AVP	100	1.0	0.0	100.0	0.0	1.0	1.0	0.0	0.0	2.3612116980552673	0.1826661912113933	bos_eos	seed_42,seed_43,seed_44
1_8_tran_VP_order	08_1_8_tran_VP_order	fig:heatmap-8-tran-vp-order	1.8 Transitive V--P order	34_svo_gn_ac_b_ep	svo	gn	nom-acc	balancing	erg-poss	sov	SV	PVA	100	1.0	0.0	100.0	0.0	1.0	1.0	0.0	0.0	3.2346304949124653	0.20152596003223577	bos_eos	seed_42,seed_43,seed_44
1_8_tran_VP_order	08_1_8_tran_VP_order	fig:heatmap-8-tran-vp-order	1.8 Transitive V--P order	35_svo_gn_ac_b_no	svo	gn	nom-acc	balancing	nomn	svo	SV	AVP	100	1.0	0.0	100.0	0.0	1.0	1.0	0.0	0.0	3.2613224013646445	0.04441788336254146	bos_eos	seed_42,seed_43,seed_44
1_8_tran_VP_order	08_1_8_tran_VP_order	fig:heatmap-8-tran-vp-order	1.8 Transitive V--P order	36_svo_gn_ac_d_se	svo	gn	nom-acc	deranking	sent	svo	SV	AVP	100	1.0	0.0	100.0	0.0	1.0	1.0	0.0	0.0	2.274205440680186	0.01037341738568344	bos_eos	seed_42,seed_43,seed_44
1_8_tran_VP_order	08_1_8_tran_VP_order	fig:heatmap-8-tran-vp-order	1.8 Transitive V--P order	37_svo_gn_ac_d_pa	svo	gn	nom-acc	deranking	poss-acc	svo	SV	AVP	100	1.0	0.0	100.0	0.0	1.0	1.0	0.0	0.0	2.1788687340418496	0.15286039846052635	bos_eos	seed_42,seed_43,seed_44
1_8_tran_VP_order	08_1_8_tran_VP_order	fig:heatmap-8-tran-vp-order	1.8 Transitive V--P order	38_svo_gn_ac_d_ep	svo	gn	nom-acc	deranking	erg-poss	sov	SV	PVA	100	1.0	0.0	100.0	0.0	1.0	1.0	0.0	0.0	2.948878690401713	0.3400630787523953	bos_eos	seed_42,seed_43,seed_44
1_8_tran_VP_order	08_1_8_tran_VP_order	fig:heatmap-8-tran-vp-order	1.8 Transitive V--P order	39_svo_gn_ac_d_no	svo	gn	nom-acc	deranking	nomn	svo	SV	AVP	100	1.0	0.0	100.0	0.0	1.0	1.0	0.0	0.0	3.0211853480339053	0.2789232027050251	bos_eos	seed_42,seed_43,seed_44
1_8_tran_VP_order	08_1_8_tran_VP_order	fig:heatmap-8-tran-vp-order	1.8 Transitive V--P order	40_svo_gn_er_b_se	svo	gn	erg-abs	balancing	sent	svo	SV	AVP	100	1.0	0.0	100.0	0.0	1.0	1.0	0.0	0.0	1.8487008062998453	0.05190720565861562	bos_eos	seed_42,seed_43,seed_44
1_8_tran_VP_order	08_1_8_tran_VP_order	fig:heatmap-8-tran-vp-order	1.8 Transitive V--P order	41_svo_gn_er_b_pa	svo	gn	erg-abs	balancing	poss-acc	svo	SV	AVP	100	1.0	0.0	100.0	0.0	1.0	1.0	0.0	0.0	1.9928895489374796	0.019298503823453727	bos_eos	seed_42,seed_43,seed_44
1_8_tran_VP_order	08_1_8_tran_VP_order	fig:heatmap-8-tran-vp-order	1.8 Transitive V--P order	42_svo_gn_er_b_ep	svo	gn	erg-abs	balancing	erg-poss	sov	SV	PVA	100	1.0	0.0	100.0	0.0	1.0	1.0	0.0	0.0	2.043715818723043	0.10349662139004358	bos_eos	seed_42,seed_43,seed_44
1_8_tran_VP_order	08_1_8_tran_VP_order	fig:heatmap-8-tran-vp-order	1.8 Transitive V--P order	43_svo_gn_er_b_no	svo	gn	erg-abs	balancing	nomn	svo	SV	AVP	100	1.0	0.0	100.0	0.0	1.0	1.0	0.0	0.0	2.0514094988505045	0.06023723455734608	bos_eos	seed_42,seed_43,seed_44
1_8_tran_VP_order	08_1_8_tran_VP_order	fig:heatmap-8-tran-vp-order	1.8 Transitive V--P order	44_svo_gn_er_d_se	svo	gn	erg-abs	deranking	sent	svo	SV	AVP	100	1.0	0.0	100.0	0.0	1.0	1.0	0.0	0.0	2.0639643677075705	0.10785826209898979	bos_eos	seed_42,seed_43,seed_44
1_8_tran_VP_order	08_1_8_tran_VP_order	fig:heatmap-8-tran-vp-order	1.8 Transitive V--P order	45_svo_gn_er_d_pa	svo	gn	erg-abs	deranking	poss-acc	svo	SV	AVP	100	1.0	0.0	100.0	0.0	1.0	1.0	0.0	0.0	2.2385797460873924	0.08258974017490074	bos_eos	seed_42,seed_43,seed_44
1_8_tran_VP_order	08_1_8_tran_VP_order	fig:heatmap-8-tran-vp-order	1.8 Transitive V--P order	46_svo_gn_er_d_ep	svo	gn	erg-abs	deranking	erg-poss	sov	SV	PVA	100	1.0	0.0	100.0	0.0	1.0	1.0	0.0	0.0	2.2456954169273375	0.15143340946416906	bos_eos	seed_42,seed_43,seed_44
1_8_tran_VP_order	08_1_8_tran_VP_order	fig:heatmap-8-tran-vp-order	1.8 Transitive V--P order	47_svo_gn_er_d_no	svo	gn	erg-abs	deranking	nomn	svo	SV	AVP	100	1.0	0.0	100.0	0.0	1.0	1.0	0.0	0.0	2.192491238117218	0.08445706854135794	bos_eos	seed_42,seed_43,seed_44
1_8_tran_VP_order	08_1_8_tran_VP_order	fig:heatmap-8-tran-vp-order	1.8 Transitive V--P order	48_svo_ng_ac_b_se	svo	ng	nom-acc	balancing	sent	svo	SV	AVP	100	1.0	0.0	100.0	0.0	1.0	1.0	0.0	0.0	2.222364001274109	0.06900917793930159	bos_eos	seed_42,seed_43,seed_44
1_8_tran_VP_order	08_1_8_tran_VP_order	fig:heatmap-8-tran-vp-order	1.8 Transitive V--P order	49_svo_ng_ac_b_pa	svo	ng	nom-acc	balancing	poss-acc	vos	VS	VPA	100	1.0	0.0	100.0	0.0	1.0	1.0	0.0	0.0	2.2022629976272583	0.045325854372841	bos_eos	seed_42,seed_43,seed_44
1_8_tran_VP_order	08_1_8_tran_VP_order	fig:heatmap-8-tran-vp-order	1.8 Transitive V--P order	50_svo_ng_ac_b_ep	svo	ng	nom-acc	balancing	erg-poss	vos	VS	VPA	100	1.0	0.0	100.0	0.0	1.0	1.0	0.0	0.0	2.900197418530782	0.12151290342563831	bos_eos	seed_42,seed_43,seed_44
1_8_tran_VP_order	08_1_8_tran_VP_order	fig:heatmap-8-tran-vp-order	1.8 Transitive V--P order	51_svo_ng_ac_b_no	svo	ng	nom-acc	balancing	nomn	vos	VS	VPA	100	1.0	0.0	100.0	0.0	1.0	1.0	0.0	0.0	2.8972599069277445	0.05248312695344809	bos_eos	seed_42,seed_43,seed_44
1_8_tran_VP_order	08_1_8_tran_VP_order	fig:heatmap-8-tran-vp-order	1.8 Transitive V--P order	52_svo_ng_ac_d_se	svo	ng	nom-acc	deranking	sent	svo	SV	AVP	100	1.0	0.0	100.0	0.0	1.0	1.0	0.0	0.0	2.286550652980804	0.03088199525421884	bos_eos	seed_42,seed_43,seed_44
1_8_tran_VP_order	08_1_8_tran_VP_order	fig:heatmap-8-tran-vp-order	1.8 Transitive V--P order	53_svo_ng_ac_d_pa	svo	ng	nom-acc	deranking	poss-acc	vos	VS	VPA	100	1.0	0.0	100.0	0.0	1.0	1.0	0.0	0.0	2.103350497086843	0.22225222848591747	bos_eos	seed_42,seed_43,seed_44
1_8_tran_VP_order	08_1_8_tran_VP_order	fig:heatmap-8-tran-vp-order	1.8 Transitive V--P order	54_svo_ng_ac_d_ep	svo	ng	nom-acc	deranking	erg-poss	vos	VS	VPA	100	1.0	0.0	100.0	0.0	1.0	1.0	0.0	0.0	2.6704084316889443	0.17572384771088476	bos_eos	seed_42,seed_43,seed_44
1_8_tran_VP_order	08_1_8_tran_VP_order	fig:heatmap-8-tran-vp-order	1.8 Transitive V--P order	55_svo_ng_ac_d_no	svo	ng	nom-acc	deranking	nomn	vos	VS	VPA	100	1.0	0.0	100.0	0.0	1.0	1.0	0.0	0.0	2.7147600611050926	0.1625702729360356	bos_eos	seed_42,seed_43,seed_44
1_8_tran_VP_order	08_1_8_tran_VP_order	fig:heatmap-8-tran-vp-order	1.8 Transitive V--P order	56_svo_ng_er_b_se	svo	ng	erg-abs	balancing	sent	svo	SV	AVP	100	1.0	0.0	100.0	0.0	1.0	1.0	0.0	0.0	1.9344210934638977	0.0669605047545153	bos_eos	seed_42,seed_43,seed_44
1_8_tran_VP_order	08_1_8_tran_VP_order	fig:heatmap-8-tran-vp-order	1.8 Transitive V--P order	57_svo_ng_er_b_pa	svo	ng	erg-abs	balancing	poss-acc	vos	VS	VPA	100	1.0	0.0	100.0	0.0	1.0	1.0	0.0	0.0	1.9811959711710612	0.1443616558008018	bos_eos	seed_42,seed_43,seed_44
1_8_tran_VP_order	08_1_8_tran_VP_order	fig:heatmap-8-tran-vp-order	1.8 Transitive V--P order	58_svo_ng_er_b_ep	svo	ng	erg-abs	balancing	erg-poss	vos	VS	VPA	100	1.0	0.0	100.0	0.0	1.0	1.0	0.0	0.0	2.0738146988550823	0.14099610646990077	bos_eos	seed_42,seed_43,seed_44
1_8_tran_VP_order	08_1_8_tran_VP_order	fig:heatmap-8-tran-vp-order	1.8 Transitive V--P order	59_svo_ng_er_b_no	svo	ng	erg-abs	balancing	nomn	vos	VS	VPA	100	1.0	0.0	100.0	0.0	1.0	1.0	0.0	0.0	2.1356055331230164	0.06556924808610509	bos_eos	seed_42,seed_43,seed_44
1_8_tran_VP_order	08_1_8_tran_VP_order	fig:heatmap-8-tran-vp-order	1.8 Transitive V--P order	60_svo_ng_er_d_se	svo	ng	erg-abs	deranking	sent	svo	SV	AVP	100	1.0	0.0	100.0	0.0	1.0	1.0	0.0	0.0	1.8549377942085266	0.11653315414131019	bos_eos	seed_42,seed_43,seed_44
1_8_tran_VP_order	08_1_8_tran_VP_order	fig:heatmap-8-tran-vp-order	1.8 Transitive V--P order	61_svo_ng_er_d_pa	svo	ng	erg-abs	deranking	poss-acc	vos	VS	VPA	100	1.0	0.0	100.0	0.0	1.0	1.0	0.0	0.0	1.9432318909962973	0.16245625598813807	bos_eos	seed_42,seed_43,seed_44
1_8_tran_VP_order	08_1_8_tran_VP_order	fig:heatmap-8-tran-vp-order	1.8 Transitive V--P order	62_svo_ng_er_d_ep	svo	ng	erg-abs	deranking	erg-poss	vos	VS	VPA	100	1.0	0.0	100.0	0.0	1.0	1.0	0.0	0.0	1.891353600025177	0.2237709297154394	bos_eos	seed_42,seed_43,seed_44
1_8_tran_VP_order	08_1_8_tran_VP_order	fig:heatmap-8-tran-vp-order	1.8 Transitive V--P order	63_svo_ng_er_d_no	svo	ng	erg-abs	deranking	nomn	vos	VS	VPA	100	1.0	0.0	100.0	0.0	1.0	1.0	0.0	0.0	2.065538821220398	0.26614666196757236	bos_eos	seed_42,seed_43,seed_44
1_8_tran_VP_order	08_1_8_tran_VP_order	fig:heatmap-8-tran-vp-order	1.8 Transitive V--P order	64_vos_gn_ac_b_se	vos	gn	nom-acc	balancing	sent	vos	VS	VPA	100	1.0	0.0	100.0	0.0	1.0	1.0	0.0	0.0	3.3717931866645814	0.17844221628032797	bos_eos	seed_42,seed_43,seed_44
1_8_tran_VP_order	08_1_8_tran_VP_order	fig:heatmap-8-tran-vp-order	1.8 Transitive V--P order	65_vos_gn_ac_b_pa	vos	gn	nom-acc	balancing	poss-acc	svo	SV	AVP	100	1.0	0.0	100.0	0.0	1.0	1.0	0.0	0.0	3.363194666703542	0.14992843194636643	bos_eos	seed_42,seed_43,seed_44
1_8_tran_VP_order	08_1_8_tran_VP_order	fig:heatmap-8-tran-vp-order	1.8 Transitive V--P order	66_vos_gn_ac_b_ep	vos	gn	nom-acc	balancing	erg-poss	sov	SV	PVA	100	1.0	0.0	100.0	0.0	1.0	1.0	0.0	0.0	3.2607361455758412	0.10844785501335988	bos_eos	seed_42,seed_43,seed_44
1_8_tran_VP_order	08_1_8_tran_VP_order	fig:heatmap-8-tran-vp-order	1.8 Transitive V--P order	67_vos_gn_ac_b_no	vos	gn	nom-acc	balancing	nomn	svo	SV	AVP	100	1.0	0.0	100.0	0.0	1.0	1.0	0.0	0.0	3.3191087508201598	0.06627724266014984	bos_eos	seed_42,seed_43,seed_44
1_8_tran_VP_order	08_1_8_tran_VP_order	fig:heatmap-8-tran-vp-order	1.8 Transitive V--P order	68_vos_gn_ac_d_se	vos	gn	nom-acc	deranking	sent	vos	VS	VPA	100	1.0	0.0	100.0	0.0	1.0	1.0	0.0	0.0	4.527409395774206	0.03397854045572411	bos_eos	seed_42,seed_43,seed_44
1_8_tran_VP_order	08_1_8_tran_VP_order	fig:heatmap-8-tran-vp-order	1.8 Transitive V--P order	69_vos_gn_ac_d_pa	vos	gn	nom-acc	deranking	poss-acc	svo	SV	AVP	100	1.0	0.0	100.0	0.0	1.0	1.0	0.0	0.0	4.476354799667994	0.06166808369829042	bos_eos	seed_42,seed_43,seed_44
1_8_tran_VP_order	08_1_8_tran_VP_order	fig:heatmap-8-tran-vp-order	1.8 Transitive V--P order	70_vos_gn_ac_d_ep	vos	gn	nom-acc	deranking	erg-poss	sov	SV	PVA	100	1.0	0.0	100.0	0.0	1.0	1.0	0.0	0.0	4.565173205931981	0.15191749887998138	bos_eos	seed_42,seed_43,seed_44
1_8_tran_VP_order	08_1_8_tran_VP_order	fig:heatmap-8-tran-vp-order	1.8 Transitive V--P order	71_vos_gn_ac_d_no	vos	gn	nom-acc	deranking	nomn	svo	SV	AVP	100	1.0	0.0	100.0	0.0	1.0	1.0	0.0	0.0	4.449964074691136	0.0947226225839446	bos_eos	seed_42,seed_43,seed_44
1_8_tran_VP_order	08_1_8_tran_VP_order	fig:heatmap-8-tran-vp-order	1.8 Transitive V--P order	72_vos_gn_er_b_se	vos	gn	erg-abs	balancing	sent	vos	VS	VPA	100	1.0	0.0	100.0	0.0	1.0	1.0	0.0	0.0	3.5077901442845665	0.17339896695733936	bos_eos	seed_42,seed_43,seed_44
1_8_tran_VP_order	08_1_8_tran_VP_order	fig:heatmap-8-tran-vp-order	1.8 Transitive V--P order	73_vos_gn_er_b_pa	vos	gn	erg-abs	balancing	poss-acc	svo	SV	AVP	100	1.0	0.0	100.0	0.0	1.0	1.0	0.0	0.0	3.4349881728490193	0.15371393776417475	bos_eos	seed_42,seed_43,seed_44
1_8_tran_VP_order	08_1_8_tran_VP_order	fig:heatmap-8-tran-vp-order	1.8 Transitive V--P order	74_vos_gn_er_b_ep	vos	gn	erg-abs	balancing	erg-poss	sov	SV	PVA	100	1.0	0.0	100.0	0.0	1.0	1.0	0.0	0.0	3.4209901869297026	0.17146341231233636	bos_eos	seed_42,seed_43,seed_44
1_8_tran_VP_order	08_1_8_tran_VP_order	fig:heatmap-8-tran-vp-order	1.8 Transitive V--P order	75_vos_gn_er_b_no	vos	gn	erg-abs	balancing	nomn	svo	SV	AVP	100	1.0	0.0	100.0	0.0	1.0	1.0	0.0	0.0	3.4794370023409527	0.10245440762523388	bos_eos	seed_42,seed_43,seed_44
1_8_tran_VP_order	08_1_8_tran_VP_order	fig:heatmap-8-tran-vp-order	1.8 Transitive V--P order	76_vos_gn_er_d_se	vos	gn	erg-abs	deranking	sent	vos	VS	VPA	100	1.0	0.0	100.0	0.0	1.0	1.0	0.0	0.0	3.982856285572052	0.17510979527902334	bos_eos	seed_42,seed_43,seed_44
1_8_tran_VP_order	08_1_8_tran_VP_order	fig:heatmap-8-tran-vp-order	1.8 Transitive V--P order	77_vos_gn_er_d_pa	vos	gn	erg-abs	deranking	poss-acc	svo	SV	AVP	100	1.0	0.0	100.0	0.0	1.0	1.0	0.0	0.0	3.9661540611584982	0.05783942610350132	bos_eos	seed_42,seed_43,seed_44
1_8_tran_VP_order	08_1_8_tran_VP_order	fig:heatmap-8-tran-vp-order	1.8 Transitive V--P order	78_vos_gn_er_d_ep	vos	gn	erg-abs	deranking	erg-poss	sov	SV	PVA	100	1.0	0.0	100.0	0.0	1.0	1.0	0.0	0.0	3.9765900444984434	0.04727533217287467	bos_eos	seed_42,seed_43,seed_44
1_8_tran_VP_order	08_1_8_tran_VP_order	fig:heatmap-8-tran-vp-order	1.8 Transitive V--P order	79_vos_gn_er_d_no	vos	gn	erg-abs	deranking	nomn	svo	SV	AVP	100	1.0	0.0	100.0	0.0	1.0	1.0	0.0	0.0	3.9452419698238375	0.14519910245058268	bos_eos	seed_42,seed_43,seed_44
1_8_tran_VP_order	08_1_8_tran_VP_order	fig:heatmap-8-tran-vp-order	1.8 Transitive V--P order	80_vos_ng_ac_b_se	vos	ng	nom-acc	balancing	sent	vos	VS	VPA	100	1.0	0.0	100.0	0.0	1.0	1.0	0.0	0.0	3.160477774143219	0.06149258617104429	bos_eos	seed_42,seed_43,seed_44
1_8_tran_VP_order	08_1_8_tran_VP_order	fig:heatmap-8-tran-vp-order	1.8 Transitive V--P order	81_vos_ng_ac_b_pa	vos	ng	nom-acc	balancing	poss-acc	vos	VS	VPA	100	1.0	0.0	100.0	0.0	1.0	1.0	0.0	0.0	3.1516785744825997	0.10057629002455518	bos_eos	seed_42,seed_43,seed_44
1_8_tran_VP_order	08_1_8_tran_VP_order	fig:heatmap-8-tran-vp-order	1.8 Transitive V--P order	82_vos_ng_ac_b_ep	vos	ng	nom-acc	balancing	erg-poss	vos	VS	VPA	100	1.0	0.0	100.0	0.0	1.0	1.0	0.0	0.0	3.0557213552792866	0.1979235125963372	bos_eos	seed_42,seed_43,seed_44
1_8_tran_VP_order	08_1_8_tran_VP_order	fig:heatmap-8-tran-vp-order	1.8 Transitive V--P order	83_vos_ng_ac_b_no	vos	ng	nom-acc	balancing	nomn	vos	VS	VPA	100	1.0	0.0	100.0	0.0	1.0	1.0	0.0	0.0	3.201359150807063	0.08287859863643919	bos_eos	seed_42,seed_43,seed_44
1_8_tran_VP_order	08_1_8_tran_VP_order	fig:heatmap-8-tran-vp-order	1.8 Transitive V--P order	84_vos_ng_ac_d_se	vos	ng	nom-acc	deranking	sent	vos	VS	VPA	100	1.0	0.0	100.0	0.0	1.0	1.0	0.0	0.0	4.29406057635943	0.13848865233069368	bos_eos	seed_42,seed_43,seed_44
1_8_tran_VP_order	08_1_8_tran_VP_order	fig:heatmap-8-tran-vp-order	1.8 Transitive V--P order	85_vos_ng_ac_d_pa	vos	ng	nom-acc	deranking	poss-acc	vos	VS	VPA	100	1.0	0.0	100.0	0.0	1.0	1.0	0.0	0.0	4.3148086102803545	0.044748297004821254	bos_eos	seed_42,seed_43,seed_44
1_8_tran_VP_order	08_1_8_tran_VP_order	fig:heatmap-8-tran-vp-order	1.8 Transitive V--P order	86_vos_ng_ac_d_ep	vos	ng	nom-acc	deranking	erg-poss	vos	VS	VPA	100	1.0	0.0	100.0	0.0	1.0	1.0	0.0	0.0	4.203283559083938	0.13521725800133796	bos_eos	seed_42,seed_43,seed_44
1_8_tran_VP_order	08_1_8_tran_VP_order	fig:heatmap-8-tran-vp-order	1.8 Transitive V--P order	87_vos_ng_ac_d_no	vos	ng	nom-acc	deranking	nomn	vos	VS	VPA	100	1.0	0.0	100.0	0.0	1.0	1.0	0.0	0.0	4.277708845535914	0.06346094119445495	bos_eos	seed_42,seed_43,seed_44
1_8_tran_VP_order	08_1_8_tran_VP_order	fig:heatmap-8-tran-vp-order	1.8 Transitive V--P order	88_vos_ng_er_b_se	vos	ng	erg-abs	balancing	sent	vos	VS	VPA	100	1.0	0.0	100.0	0.0	1.0	1.0	0.0	0.0	3.3906696752707166	0.2356241417418956	bos_eos	seed_42,seed_43,seed_44
1_8_tran_VP_order	08_1_8_tran_VP_order	fig:heatmap-8-tran-vp-order	1.8 Transitive V--P order	89_vos_ng_er_b_pa	vos	ng	erg-abs	balancing	poss-acc	vos	VS	VPA	100	1.0	0.0	100.0	0.0	1.0	1.0	0.0	0.0	3.4093025863170623	0.12976777679647533	bos_eos	seed_42,seed_43,seed_44
1_8_tran_VP_order	08_1_8_tran_VP_order	fig:heatmap-8-tran-vp-order	1.8 Transitive V--P order	90_vos_ng_er_b_ep	vos	ng	erg-abs	balancing	erg-poss	vos	VS	VPA	100	1.0	0.0	100.0	0.0	1.0	1.0	0.0	0.0	3.4358723600705465	0.05436920077821506	bos_eos	seed_42,seed_43,seed_44
1_8_tran_VP_order	08_1_8_tran_VP_order	fig:heatmap-8-tran-vp-order	1.8 Transitive V--P order	91_vos_ng_er_b_no	vos	ng	erg-abs	balancing	nomn	vos	VS	VPA	100	1.0	0.0	100.0	0.0	1.0	1.0	0.0	0.0	3.4760391799608867	0.092042670552087	bos_eos	seed_42,seed_43,seed_44
1_8_tran_VP_order	08_1_8_tran_VP_order	fig:heatmap-8-tran-vp-order	1.8 Transitive V--P order	92_vos_ng_er_d_se	vos	ng	erg-abs	deranking	sent	vos	VS	VPA	100	1.0	0.0	100.0	0.0	1.0	1.0	0.0	0.0	3.7405753405888875	0.09428640885015152	bos_eos	seed_42,seed_43,seed_44
1_8_tran_VP_order	08_1_8_tran_VP_order	fig:heatmap-8-tran-vp-order	1.8 Transitive V--P order	93_vos_ng_er_d_pa	vos	ng	erg-abs	deranking	poss-acc	vos	VS	VPA	100	1.0	0.0	100.0	0.0	1.0	1.0	0.0	0.0	3.785880755186081	0.08264514875936702	bos_eos	seed_42,seed_43,seed_44
1_8_tran_VP_order	08_1_8_tran_VP_order	fig:heatmap-8-tran-vp-order	1.8 Transitive V--P order	94_vos_ng_er_d_ep	vos	ng	erg-abs	deranking	erg-poss	vos	VS	VPA	100	1.0	0.0	100.0	0.0	1.0	1.0	0.0	0.0	3.9251399580637614	0.045851453675432474	bos_eos	seed_42,seed_43,seed_44
1_8_tran_VP_order	08_1_8_tran_VP_order	fig:heatmap-8-tran-vp-order	1.8 Transitive V--P order	95_vos_ng_er_d_no	vos	ng	erg-abs	deranking	nomn	vos	VS	VPA	100	1.0	0.0	100.0	0.0	1.0	1.0	0.0	0.0	3.8378399606545766	0.04719826086882703	bos_eos	seed_42,seed_43,seed_44
1_9_intran_V_valency	09_1_9_intran_V_valency	fig:heatmap-9-intran-v-valency	1.9 Intransitive V valency	00_sov_gn_ac_b_se	sov	gn	nom-acc	balancing	sent	sov	SV	APV	100	0.74	0.010000000000000009	74.0	1.0	0.73	0.75	0.0	0.0	0.5550081372261048	0.04210041988709675	bos_eos	seed_42,seed_43,seed_44
1_9_intran_V_valency	09_1_9_intran_V_valency	fig:heatmap-9-intran-v-valency	1.9 Intransitive V valency	01_sov_gn_ac_b_pa	sov	gn	nom-acc	balancing	poss-acc	sov	SV	APV	100	0.7233333333333333	0.005773502691896263	72.33333333333333	0.5773502691896257	0.72	0.73	0.0	0.0	0.5665145556131999	0.033542768768413674	bos_eos	seed_42,seed_43,seed_44
1_9_intran_V_valency	09_1_9_intran_V_valency	fig:heatmap-9-intran-v-valency	1.9 Intransitive V valency	02_sov_gn_ac_b_ep	sov	gn	nom-acc	balancing	erg-poss	sov	SV	APV	100	0.73	0.017320508075688787	73.0	1.7320508075688772	0.71	0.74	0.0	0.0	0.4908711687723796	0.056034961152066194	bos_eos	seed_42,seed_43,seed_44
1_9_intran_V_valency	09_1_9_intran_V_valency	fig:heatmap-9-intran-v-valency	1.9 Intransitive V valency	03_sov_gn_ac_b_no	sov	gn	nom-acc	balancing	nomn	sov	SV	APV	100	0.7333333333333333	0.01527525231651948	73.33333333333333	1.5275252316519468	0.72	0.75	0.0	0.0	0.5599741999308268	0.025266158204226268	bos_eos	seed_42,seed_43,seed_44
1_9_intran_V_valency	09_1_9_intran_V_valency	fig:heatmap-9-intran-v-valency	1.9 Intransitive V valency	04_sov_gn_ac_d_se	sov	gn	nom-acc	deranking	sent	sov	SV	APV	100	0.72	0.0	72.0	0.0	0.72	0.72	0.0	0.0	0.5120517381032308	0.06284723176441914	bos_eos	seed_42,seed_43,seed_44
1_9_intran_V_valency	09_1_9_intran_V_valency	fig:heatmap-9-intran-v-valency	1.9 Intransitive V valency	05_sov_gn_ac_d_pa	sov	gn	nom-acc	deranking	poss-acc	sov	SV	APV	100	0.7266666666666667	0.011547005383792526	72.66666666666667	1.1547005383792515	0.72	0.74	0.0	0.0	0.504900115331014	0.04199910846196655	bos_eos	seed_42,seed_43,seed_44
1_9_intran_V_valency	09_1_9_intran_V_valency	fig:heatmap-9-intran-v-valency	1.9 Intransitive V valency	06_sov_gn_ac_d_ep	sov	gn	nom-acc	deranking	erg-poss	sov	SV	APV	100	0.74	0.017320508075688787	74.0	1.7320508075688772	0.73	0.76	0.0	0.0	0.5334984119733175	0.03663850651937692	bos_eos	seed_42,seed_43,seed_44
1_9_intran_V_valency	09_1_9_intran_V_valency	fig:heatmap-9-intran-v-valency	1.9 Intransitive V valency	07_sov_gn_ac_d_no	sov	gn	nom-acc	deranking	nomn	sov	SV	APV	100	0.75	0.017320508075688787	75.0	1.7320508075688772	0.74	0.77	0.0	0.0	0.5310721445083618	0.02485078957381952	bos_eos	seed_42,seed_43,seed_44
1_9_intran_V_valency	09_1_9_intran_V_valency	fig:heatmap-9-intran-v-valency	1.9 Intransitive V valency	08_sov_gn_er_b_se	sov	gn	erg-abs	balancing	sent	sov	SV	APV	100	0.65	0.010000000000000009	65.0	1.0	0.64	0.66	0.0	0.0	0.2761905837059021	0.030931603829418106	bos_eos	seed_42,seed_43,seed_44
1_9_intran_V_valency	09_1_9_intran_V_valency	fig:heatmap-9-intran-v-valency	1.9 Intransitive V valency	09_sov_gn_er_b_pa	sov	gn	erg-abs	balancing	poss-acc	sov	SV	APV	100	0.67	0.02999999999999997	67.0	3.0	0.64	0.7	0.0	0.0	0.27716969887415566	0.052271004197340376	bos_eos	seed_42,seed_43,seed_44
1_9_intran_V_valency	09_1_9_intran_V_valency	fig:heatmap-9-intran-v-valency	1.9 Intransitive V valency	10_sov_gn_er_b_ep	sov	gn	erg-abs	balancing	erg-poss	sov	SV	APV	100	0.6466666666666667	0.01527525231651948	64.66666666666667	1.5275252316519468	0.63	0.66	0.0	0.0	0.2817637507120768	0.02059466253405378	bos_eos	seed_42,seed_43,seed_44
1_9_intran_V_valency	09_1_9_intran_V_valency	fig:heatmap-9-intran-v-valency	1.9 Intransitive V valency	11_sov_gn_er_b_no	sov	gn	erg-abs	balancing	nomn	sov	SV	APV	100	0.6533333333333333	0.005773502691896263	65.33333333333333	0.5773502691896257	0.65	0.66	0.0	0.0	0.24990913788477578	0.04606237117742073	bos_eos	seed_42,seed_43,seed_44
1_9_intran_V_valency	09_1_9_intran_V_valency	fig:heatmap-9-intran-v-valency	1.9 Intransitive V valency	12_sov_gn_er_d_se	sov	gn	erg-abs	deranking	sent	sov	SV	APV	100	0.66	0.0	66.0	0.0	0.66	0.66	0.0	0.0	0.2621334075927734	0.10081563431250296	bos_eos	seed_42,seed_43,seed_44
1_9_intran_V_valency	09_1_9_intran_V_valency	fig:heatmap-9-intran-v-valency	1.9 Intransitive V valency	13_sov_gn_er_d_pa	sov	gn	erg-abs	deranking	poss-acc	sov	SV	APV	100	0.6466666666666667	0.03511884584284249	64.66666666666667	3.5118845842842465	0.61	0.68	0.0	0.0	0.23067813714345295	0.060546235672128586	bos_eos	seed_42,seed_43,seed_44
1_9_intran_V_valency	09_1_9_intran_V_valency	fig:heatmap-9-intran-v-valency	1.9 Intransitive V valency	14_sov_gn_er_d_ep	sov	gn	erg-abs	deranking	erg-poss	sov	SV	APV	100	0.6366666666666667	0.020816659994661348	63.66666666666667	2.0816659994661326	0.62	0.66	0.0	0.0	0.264238399664561	0.02695764830060379	bos_eos	seed_42,seed_43,seed_44
1_9_intran_V_valency	09_1_9_intran_V_valency	fig:heatmap-9-intran-v-valency	1.9 Intransitive V valency	15_sov_gn_er_d_no	sov	gn	erg-abs	deranking	nomn	sov	SV	APV	100	0.6566666666666667	0.011547005383792526	65.66666666666667	1.1547005383792515	0.65	0.67	0.0	0.0	0.2859056448936462	0.03715319197546484	bos_eos	seed_42,seed_43,seed_44
1_9_intran_V_valency	09_1_9_intran_V_valency	fig:heatmap-9-intran-v-valency	1.9 Intransitive V valency	16_sov_ng_ac_b_se	sov	ng	nom-acc	balancing	sent	sov	SV	APV	100	0.68	0.026457513110645866	68.0	2.6457513110645907	0.66	0.71	0.0	0.0	0.40843231678009034	0.08936191696327532	bos_eos	seed_42,seed_43,seed_44
1_9_intran_V_valency	09_1_9_intran_V_valency	fig:heatmap-9-intran-v-valency	1.9 Intransitive V valency	17_sov_ng_ac_b_pa	sov	ng	nom-acc	balancing	poss-acc	ovs	VS	PVA	100	0.6900000000000001	0.04582575694955838	69.0	4.58257569495584	0.65	0.74	0.0	0.0	0.39791102091471353	0.07247188553575076	bos_eos	seed_42,seed_43,seed_44
1_9_intran_V_valency	09_1_9_intran_V_valency	fig:heatmap-9-intran-v-valency	1.9 Intransitive V valency	18_sov_ng_ac_b_ep	sov	ng	nom-acc	balancing	erg-poss	vos	VS	AVP	100	0.6766666666666666	0.015275252316519432	67.66666666666666	1.5275252316519468	0.66	0.69	0.0	0.0	0.380927742322286	0.01383971899700268	bos_eos	seed_42,seed_43,seed_44
1_9_intran_V_valency	09_1_9_intran_V_valency	fig:heatmap-9-intran-v-valency	1.9 Intransitive V valency	19_sov_ng_ac_b_no	sov	ng	nom-acc	balancing	nomn	ovs	VS	PVA	100	0.6833333333333333	0.030550504633038898	68.33333333333333	3.0550504633038935	0.65	0.71	0.0	0.0	0.43220950206120806	0.09234578370915983	bos_eos	seed_42,seed_43,seed_44
1_9_intran_V_valency	09_1_9_intran_V_valency	fig:heatmap-9-intran-v-valency	1.9 Intransitive V valency	20_sov_ng_ac_d_se	sov	ng	nom-acc	deranking	sent	sov	SV	APV	100	0.7133333333333333	0.005773502691896263	71.33333333333333	0.5773502691896257	0.71	0.72	0.0	0.0	0.4227011299133301	0.017184007900671226	bos_eos	seed_42,seed_43,seed_44
1_9_intran_V_valency	09_1_9_intran_V_valency	fig:heatmap-9-intran-v-valency	1.9 Intransitive V valency	21_sov_ng_ac_d_pa	sov	ng	nom-acc	deranking	poss-acc	ovs	VS	PVA	100	0.67	0.010000000000000009	67.0	1.0	0.66	0.68	0.0	0.0	0.33661561250686645	0.042409819183551196	bos_eos	seed_42,seed_43,seed_44
1_9_intran_V_valency	09_1_9_intran_V_valency	fig:heatmap-9-intran-v-valency	1.9 Intransitive V valency	22_sov_ng_ac_d_ep	sov	ng	nom-acc	deranking	erg-poss	vos	VS	AVP	100	0.7	0.017320508075688724	70.0	1.7320508075688772	0.68	0.71	0.0	0.0	0.37726198355356855	0.022879115397954387	bos_eos	seed_42,seed_43,seed_44
1_9_intran_V_valency	09_1_9_intran_V_valency	fig:heatmap-9-intran-v-valency	1.9 Intransitive V valency	23_sov_ng_ac_d_no	sov	ng	nom-acc	deranking	nomn	ovs	VS	PVA	100	0.6966666666666667	0.03214550253664315	69.66666666666667	3.2145502536643185	0.66	0.72	0.0	0.0	0.4270129601160685	0.0851818278249745	bos_eos	seed_42,seed_43,seed_44
1_9_intran_V_valency	09_1_9_intran_V_valency	fig:heatmap-9-intran-v-valency	1.9 Intransitive V valency	24_sov_ng_er_b_se	sov	ng	erg-abs	balancing	sent	sov	SV	APV	100	0.66	0.02999999999999997	66.0	3.0	0.63	0.69	0.0	0.0	0.29040496349334716	0.03698996670726842	bos_eos	seed_42,seed_43,seed_44
1_9_intran_V_valency	09_1_9_intran_V_valency	fig:heatmap-9-intran-v-valency	1.9 Intransitive V valency	25_sov_ng_er_b_pa	sov	ng	erg-abs	balancing	poss-acc	ovs	VS	PVA	100	0.6566666666666667	0.025166114784235857	65.66666666666667	2.516611478423583	0.63	0.68	0.0	0.0	0.25617982308069864	0.07003889096678577	bos_eos	seed_42,seed_43,seed_44
1_9_intran_V_valency	09_1_9_intran_V_valency	fig:heatmap-9-intran-v-valency	1.9 Intransitive V valency	26_sov_ng_er_b_ep	sov	ng	erg-abs	balancing	erg-poss	vos	VS	AVP	100	0.65	0.017320508075688787	65.0	1.7320508075688772	0.64	0.67	0.0	0.0	0.3252832468350728	0.010499176871343196	bos_eos	seed_42,seed_43,seed_44
1_9_intran_V_valency	09_1_9_intran_V_valency	fig:heatmap-9-intran-v-valency	1.9 Intransitive V valency	27_sov_ng_er_b_no	sov	ng	erg-abs	balancing	nomn	ovs	VS	PVA	100	0.6333333333333333	0.01527525231651948	63.33333333333333	1.5275252316519468	0.62	0.65	0.0	0.0	0.26906949758529664	0.05076714437523882	bos_eos	seed_42,seed_43,seed_44
1_9_intran_V_valency	09_1_9_intran_V_valency	fig:heatmap-9-intran-v-valency	1.9 Intransitive V valency	28_sov_ng_er_d_se	sov	ng	erg-abs	deranking	sent	sov	SV	APV	100	0.65	0.020000000000000018	65.0	2.0	0.63	0.67	0.0	0.0	0.23860903104146322	0.01760427612722598	bos_eos	seed_42,seed_43,seed_44
1_9_intran_V_valency	09_1_9_intran_V_valency	fig:heatmap-9-intran-v-valency	1.9 Intransitive V valency	29_sov_ng_er_d_pa	sov	ng	erg-abs	deranking	poss-acc	ovs	VS	PVA	100	0.65	0.03605551275463986	65.0	3.605551275463989	0.62	0.69	0.0	0.0	0.24567750374476116	0.04408786105507311	bos_eos	seed_42,seed_43,seed_44
1_9_intran_V_valency	09_1_9_intran_V_valency	fig:heatmap-9-intran-v-valency	1.9 Intransitive V valency	30_sov_ng_er_d_ep	sov	ng	erg-abs	deranking	erg-poss	vos	VS	AVP	100	0.6666666666666666	0.02886751345948125	66.66666666666666	2.886751345948129	0.65	0.7	0.0	0.0	0.27462236722310385	0.04184988365617178	bos_eos	seed_42,seed_43,seed_44
1_9_intran_V_valency	09_1_9_intran_V_valency	fig:heatmap-9-intran-v-valency	1.9 Intransitive V valency	31_sov_ng_er_d_no	sov	ng	erg-abs	deranking	nomn	ovs	VS	PVA	100	0.6466666666666667	0.020816659994661348	64.66666666666667	2.0816659994661326	0.63	0.67	0.0	0.0	0.29066911856333416	0.026589515964704682	bos_eos	seed_42,seed_43,seed_44
1_9_intran_V_valency	09_1_9_intran_V_valency	fig:heatmap-9-intran-v-valency	1.9 Intransitive V valency	32_svo_gn_ac_b_se	svo	gn	nom-acc	balancing	sent	svo	SV	AVP	100	0.7633333333333333	0.01527525231651948	76.33333333333333	1.5275252316519468	0.75	0.78	0.0	0.0	0.6979831838607788	0.03755802813218177	bos_eos	seed_42,seed_43,seed_44
1_9_intran_V_valency	09_1_9_intran_V_valency	fig:heatmap-9-intran-v-valency	1.9 Intransitive V valency	33_svo_gn_ac_b_pa	svo	gn	nom-acc	balancing	poss-acc	svo	SV	AVP	100	0.76	0.010000000000000009	76.0	1.0	0.75	0.77	0.0	0.0	0.6979000560442606	0.03482080775210825	bos_eos	seed_42,seed_43,seed_44
1_9_intran_V_valency	09_1_9_intran_V_valency	fig:heatmap-9-intran-v-valency	1.9 Intransitive V valency	34_svo_gn_ac_b_ep	svo	gn	nom-acc	balancing	erg-poss	sov	SV	PVA	100	0.7733333333333333	0.01527525231651948	77.33333333333333	1.5275252316519468	0.76	0.79	0.0	0.0	0.6965383887290955	0.09023149049879108	bos_eos	seed_42,seed_43,seed_44
1_9_intran_V_valency	09_1_9_intran_V_valency	fig:heatmap-9-intran-v-valency	1.9 Intransitive V valency	35_svo_gn_ac_b_no	svo	gn	nom-acc	balancing	nomn	svo	SV	AVP	100	0.7766666666666667	0.01527525231651948	77.66666666666667	1.5275252316519468	0.76	0.79	0.0	0.0	0.6740047351519267	0.007857183365826135	bos_eos	seed_42,seed_43,seed_44
1_9_intran_V_valency	09_1_9_intran_V_valency	fig:heatmap-9-intran-v-valency	1.9 Intransitive V valency	36_svo_gn_ac_d_se	svo	gn	nom-acc	deranking	sent	svo	SV	AVP	100	0.7233333333333333	0.020816659994661348	72.33333333333333	2.0816659994661326	0.7	0.74	0.0	0.0	0.5244542670249939	0.0599865495927958	bos_eos	seed_42,seed_43,seed_44
1_9_intran_V_valency	09_1_9_intran_V_valency	fig:heatmap-9-intran-v-valency	1.9 Intransitive V valency	37_svo_gn_ac_d_pa	svo	gn	nom-acc	deranking	poss-acc	svo	SV	AVP	100	0.7366666666666667	0.011547005383792526	73.66666666666667	1.1547005383792515	0.73	0.75	0.0	0.0	0.5390361420313518	0.07203063693730341	bos_eos	seed_42,seed_43,seed_44
1_9_intran_V_valency	09_1_9_intran_V_valency	fig:heatmap-9-intran-v-valency	1.9 Intransitive V valency	38_svo_gn_ac_d_ep	svo	gn	nom-acc	deranking	erg-poss	sov	SV	PVA	100	0.74	0.06244997998398397	74.0	6.244997998398398	0.67	0.79	0.0	0.0	0.5258250149091085	0.14361590690492862	bos_eos	seed_42,seed_43,seed_44
1_9_intran_V_valency	09_1_9_intran_V_valency	fig:heatmap-9-intran-v-valency	1.9 Intransitive V valency	39_svo_gn_ac_d_no	svo	gn	nom-acc	deranking	nomn	svo	SV	AVP	100	0.74	0.026457513110645932	74.0	2.6457513110645907	0.71	0.76	0.0	0.0	0.4735497744878133	0.14074434281966014	bos_eos	seed_42,seed_43,seed_44
1_9_intran_V_valency	09_1_9_intran_V_valency	fig:heatmap-9-intran-v-valency	1.9 Intransitive V valency	40_svo_gn_er_b_se	svo	gn	erg-abs	balancing	sent	svo	SV	AVP	100	0.8066666666666666	0.03214550253664315	80.66666666666666	3.2145502536643185	0.77	0.83	0.0	0.0	0.7938285136222839	0.10918441052870324	bos_eos	seed_42,seed_43,seed_44
1_9_intran_V_valency	09_1_9_intran_V_valency	fig:heatmap-9-intran-v-valency	1.9 Intransitive V valency	41_svo_gn_er_b_pa	svo	gn	erg-abs	balancing	poss-acc	svo	SV	AVP	100	0.8133333333333334	0.011547005383792462	81.33333333333333	1.1547005383792515	0.8	0.82	0.0	0.0	0.7998849725723266	0.031248960954783318	bos_eos	seed_42,seed_43,seed_44
1_9_intran_V_valency	09_1_9_intran_V_valency	fig:heatmap-9-intran-v-valency	1.9 Intransitive V valency	42_svo_gn_er_b_ep	svo	gn	erg-abs	balancing	erg-poss	sov	SV	PVA	100	0.8066666666666666	0.08082903768654762	80.66666666666666	8.082903768654761	0.72	0.88	0.0	0.0	0.7789371609687805	0.13218546431002998	bos_eos	seed_42,seed_43,seed_44
1_9_intran_V_valency	09_1_9_intran_V_valency	fig:heatmap-9-intran-v-valency	1.9 Intransitive V valency	43_svo_gn_er_b_no	svo	gn	erg-abs	balancing	nomn	svo	SV	AVP	100	0.7866666666666667	0.03214550253664321	78.66666666666667	3.2145502536643185	0.75	0.81	0.0	0.0	0.7358453170458475	0.06706691823503234	bos_eos	seed_42,seed_43,seed_44
1_9_intran_V_valency	09_1_9_intran_V_valency	fig:heatmap-9-intran-v-valency	1.9 Intransitive V valency	44_svo_gn_er_d_se	svo	gn	erg-abs	deranking	sent	svo	SV	AVP	100	0.7666666666666667	0.040414518843273836	76.66666666666667	4.041451884327381	0.73	0.81	0.0	0.0	0.5697625946998597	0.053375215737893014	bos_eos	seed_42,seed_43,seed_44
1_9_intran_V_valency	09_1_9_intran_V_valency	fig:heatmap-9-intran-v-valency	1.9 Intransitive V valency	45_svo_gn_er_d_pa	svo	gn	erg-abs	deranking	poss-acc	svo	SV	AVP	100	0.75	0.026457513110645932	75.0	2.6457513110645907	0.72	0.77	0.0	0.0	0.5801609079043071	0.12225814067645135	bos_eos	seed_42,seed_43,seed_44
1_9_intran_V_valency	09_1_9_intran_V_valency	fig:heatmap-9-intran-v-valency	1.9 Intransitive V valency	46_svo_gn_er_d_ep	svo	gn	erg-abs	deranking	erg-poss	sov	SV	PVA	100	0.7766666666666667	0.01527525231651948	77.66666666666667	1.5275252316519468	0.76	0.79	0.0	0.0	0.6495298012097677	0.08377118801455206	bos_eos	seed_42,seed_43,seed_44
1_9_intran_V_valency	09_1_9_intran_V_valency	fig:heatmap-9-intran-v-valency	1.9 Intransitive V valency	47_svo_gn_er_d_no	svo	gn	erg-abs	deranking	nomn	svo	SV	AVP	100	0.7866666666666667	0.023094010767585053	78.66666666666667	2.309401076758503	0.76	0.8	0.0	0.0	0.633419307867686	0.17256227602033952	bos_eos	seed_42,seed_43,seed_44
1_9_intran_V_valency	09_1_9_intran_V_valency	fig:heatmap-9-intran-v-valency	1.9 Intransitive V valency	48_svo_ng_ac_b_se	svo	ng	nom-acc	balancing	sent	svo	SV	AVP	100	0.7766666666666667	0.01527525231651948	77.66666666666667	1.5275252316519468	0.76	0.79	0.0	0.0	0.6960780064264933	0.022927476539450948	bos_eos	seed_42,seed_43,seed_44
1_9_intran_V_valency	09_1_9_intran_V_valency	fig:heatmap-9-intran-v-valency	1.9 Intransitive V valency	49_svo_ng_ac_b_pa	svo	ng	nom-acc	balancing	poss-acc	vos	VS	VPA	100	0.79	0.0	79.0	0.0	0.79	0.79	0.0	0.0	0.6949825215339661	0.01804954917973501	bos_eos	seed_42,seed_43,seed_44
1_9_intran_V_valency	09_1_9_intran_V_valency	fig:heatmap-9-intran-v-valency	1.9 Intransitive V valency	50_svo_ng_ac_b_ep	svo	ng	nom-acc	balancing	erg-poss	vos	VS	VPA	100	0.8033333333333333	0.01527525231651942	80.33333333333333	1.5275252316519468	0.79	0.82	0.0	0.0	0.7387950936953227	0.031594194277275174	bos_eos	seed_42,seed_43,seed_44
1_9_intran_V_valency	09_1_9_intran_V_valency	fig:heatmap-9-intran-v-valency	1.9 Intransitive V valency	51_svo_ng_ac_b_no	svo	ng	nom-acc	balancing	nomn	vos	VS	VPA	100	0.78	0.010000000000000009	78.0	1.0	0.77	0.79	0.0	0.0	0.6853898986180623	0.005748080750885103	bos_eos	seed_42,seed_43,seed_44
1_9_intran_V_valency	09_1_9_intran_V_valency	fig:heatmap-9-intran-v-valency	1.9 Intransitive V valency	52_svo_ng_ac_d_se	svo	ng	nom-acc	deranking	sent	svo	SV	AVP	100	0.7566666666666667	0.005773502691896263	75.66666666666667	0.5773502691896257	0.75	0.76	0.0	0.0	0.5781354975700378	0.002605509656779575	bos_eos	seed_42,seed_43,seed_44
1_9_intran_V_valency	09_1_9_intran_V_valency	fig:heatmap-9-intran-v-valency	1.9 Intransitive V valency	53_svo_ng_ac_d_pa	svo	ng	nom-acc	deranking	poss-acc	vos	VS	VPA	100	0.7533333333333333	0.03055050463303896	75.33333333333333	3.0550504633038935	0.72	0.78	0.0	0.0	0.5705000686645507	0.033779603298478456	bos_eos	seed_42,seed_43,seed_44
1_9_intran_V_valency	09_1_9_intran_V_valency	fig:heatmap-9-intran-v-valency	1.9 Intransitive V valency	54_svo_ng_ac_d_ep	svo	ng	nom-acc	deranking	erg-poss	vos	VS	VPA	100	0.75	0.026457513110645932	75.0	2.6457513110645907	0.72	0.77	0.0	0.0	0.5614782738685608	0.028996376247201357	bos_eos	seed_42,seed_43,seed_44
1_9_intran_V_valency	09_1_9_intran_V_valency	fig:heatmap-9-intran-v-valency	1.9 Intransitive V valency	55_svo_ng_ac_d_no	svo	ng	nom-acc	deranking	nomn	vos	VS	VPA	100	0.7466666666666667	0.005773502691896263	74.66666666666667	0.5773502691896257	0.74	0.75	0.0	0.0	0.530626384417216	0.012680329476410335	bos_eos	seed_42,seed_43,seed_44
1_9_intran_V_valency	09_1_9_intran_V_valency	fig:heatmap-9-intran-v-valency	1.9 Intransitive V valency	56_svo_ng_er_b_se	svo	ng	erg-abs	balancing	sent	svo	SV	AVP	100	0.7733333333333333	0.011547005383792526	77.33333333333333	1.1547005383792515	0.76	0.78	0.0	0.0	0.6261143962542216	0.05982509427025504	bos_eos	seed_42,seed_43,seed_44
1_9_intran_V_valency	09_1_9_intran_V_valency	fig:heatmap-9-intran-v-valency	1.9 Intransitive V valency	57_svo_ng_er_b_pa	svo	ng	erg-abs	balancing	poss-acc	vos	VS	VPA	100	0.7766666666666666	0.06027713773341708	77.66666666666666	6.027713773341708	0.72	0.84	0.0	0.0	0.6418046855926514	0.12660657765970104	bos_eos	seed_42,seed_43,seed_44
1_9_intran_V_valency	09_1_9_intran_V_valency	fig:heatmap-9-intran-v-valency	1.9 Intransitive V valency	58_svo_ng_er_b_ep	svo	ng	erg-abs	balancing	erg-poss	vos	VS	VPA	100	0.8033333333333333	0.023094010767584987	80.33333333333333	2.309401076758503	0.79	0.83	0.0	0.0	0.6392354369163513	0.126122194309869	bos_eos	seed_42,seed_43,seed_44
1_9_intran_V_valency	09_1_9_intran_V_valency	fig:heatmap-9-intran-v-valency	1.9 Intransitive V valency	59_svo_ng_er_b_no	svo	ng	erg-abs	balancing	nomn	vos	VS	VPA	100	0.75	0.026457513110645932	75.0	2.6457513110645907	0.73	0.78	0.0	0.0	0.6228246903419494	0.10097878608964628	bos_eos	seed_42,seed_43,seed_44
1_9_intran_V_valency	09_1_9_intran_V_valency	fig:heatmap-9-intran-v-valency	1.9 Intransitive V valency	60_svo_ng_er_d_se	svo	ng	erg-abs	deranking	sent	svo	SV	AVP	100	0.7366666666666667	0.011547005383792526	73.66666666666667	1.1547005383792515	0.73	0.75	0.0	0.0	0.47782009840011597	0.062492979543204506	bos_eos	seed_42,seed_43,seed_44
1_9_intran_V_valency	09_1_9_intran_V_valency	fig:heatmap-9-intran-v-valency	1.9 Intransitive V valency	61_svo_ng_er_d_pa	svo	ng	erg-abs	deranking	poss-acc	vos	VS	VPA	100	0.7533333333333333	0.05507570547286107	75.33333333333333	5.507570547286102	0.69	0.79	0.0	0.0	0.523423257668813	0.10384864205298161	bos_eos	seed_42,seed_43,seed_44
1_9_intran_V_valency	09_1_9_intran_V_valency	fig:heatmap-9-intran-v-valency	1.9 Intransitive V valency	62_svo_ng_er_d_ep	svo	ng	erg-abs	deranking	erg-poss	vos	VS	VPA	100	0.73	0.036055512754639925	73.0	3.605551275463989	0.69	0.76	0.0	0.0	0.4273360284169515	0.0713224817658899	bos_eos	seed_42,seed_43,seed_44
1_9_intran_V_valency	09_1_9_intran_V_valency	fig:heatmap-9-intran-v-valency	1.9 Intransitive V valency	63_svo_ng_er_d_no	svo	ng	erg-abs	deranking	nomn	vos	VS	VPA	100	0.71	0.026457513110645932	71.0	2.6457513110645907	0.69	0.74	0.0	0.0	0.433069277604421	0.054682648013928935	bos_eos	seed_42,seed_43,seed_44
1_9_intran_V_valency	09_1_9_intran_V_valency	fig:heatmap-9-intran-v-valency	1.9 Intransitive V valency	64_vos_gn_ac_b_se	vos	gn	nom-acc	balancing	sent	vos	VS	VPA	100	0.6266666666666667	0.020816659994661348	62.66666666666667	2.0816659994661326	0.61	0.65	0.0	0.0	0.3186691077550252	0.04854745220510518	bos_eos	seed_42,seed_43,seed_44
1_9_intran_V_valency	09_1_9_intran_V_valency	fig:heatmap-9-intran-v-valency	1.9 Intransitive V valency	65_vos_gn_ac_b_pa	vos	gn	nom-acc	balancing	poss-acc	svo	SV	AVP	100	0.62	0.040000000000000036	62.0	4.0000000000000036	0.58	0.66	0.0	0.0	0.3050821574529012	0.06445938677523633	bos_eos	seed_42,seed_43,seed_44
1_9_intran_V_valency	09_1_9_intran_V_valency	fig:heatmap-9-intran-v-valency	1.9 Intransitive V valency	66_vos_gn_ac_b_ep	vos	gn	nom-acc	balancing	erg-poss	sov	SV	PVA	100	0.5966666666666667	0.05859465277082314	59.66666666666667	5.8594652770823155	0.53	0.64	0.0	0.0	0.3209151570002238	0.09297405850911955	bos_eos	seed_42,seed_43,seed_44
1_9_intran_V_valency	09_1_9_intran_V_valency	fig:heatmap-9-intran-v-valency	1.9 Intransitive V valency	67_vos_gn_ac_b_no	vos	gn	nom-acc	balancing	nomn	svo	SV	AVP	100	0.6466666666666666	0.04041451884327378	64.66666666666666	4.041451884327381	0.61	0.69	0.0	0.0	0.3615007432301839	0.04440095557697215	bos_eos	seed_42,seed_43,seed_44
1_9_intran_V_valency	09_1_9_intran_V_valency	fig:heatmap-9-intran-v-valency	1.9 Intransitive V valency	68_vos_gn_ac_d_se	vos	gn	nom-acc	deranking	sent	vos	VS	VPA	100	0.6466666666666667	0.040414518843273836	64.66666666666667	4.041451884327381	0.6	0.67	0.0	0.0	0.34687966346740723	0.03452275572054407	bos_eos	seed_42,seed_43,seed_44
1_9_intran_V_valency	09_1_9_intran_V_valency	fig:heatmap-9-intran-v-valency	1.9 Intransitive V valency	69_vos_gn_ac_d_pa	vos	gn	nom-acc	deranking	poss-acc	svo	SV	AVP	100	0.6466666666666667	0.03511884584284249	64.66666666666667	3.5118845842842465	0.61	0.68	0.0	0.0	0.35534378290176394	0.05380470694408819	bos_eos	seed_42,seed_43,seed_44
1_9_intran_V_valency	09_1_9_intran_V_valency	fig:heatmap-9-intran-v-valency	1.9 Intransitive V valency	70_vos_gn_ac_d_ep	vos	gn	nom-acc	deranking	erg-poss	sov	SV	PVA	100	0.6566666666666666	0.05507570547286102	65.66666666666666	5.507570547286102	0.6	0.71	0.0	0.0	0.35510390440622963	0.08164213290963543	bos_eos	seed_42,seed_43,seed_44
1_9_intran_V_valency	09_1_9_intran_V_valency	fig:heatmap-9-intran-v-valency	1.9 Intransitive V valency	71_vos_gn_ac_d_no	vos	gn	nom-acc	deranking	nomn	svo	SV	AVP	100	0.6633333333333333	0.005773502691896263	66.33333333333333	0.5773502691896257	0.66	0.67	0.0	0.0	0.4083965182304382	0.012763067975751448	bos_eos	seed_42,seed_43,seed_44
1_9_intran_V_valency	09_1_9_intran_V_valency	fig:heatmap-9-intran-v-valency	1.9 Intransitive V valency	72_vos_gn_er_b_se	vos	gn	erg-abs	balancing	sent	vos	VS	VPA	100	0.6933333333333334	0.015275252316519432	69.33333333333334	1.5275252316519468	0.68	0.71	0.0	0.0	0.4034329342842102	0.02738784684326277	bos_eos	seed_42,seed_43,seed_44
1_9_intran_V_valency	09_1_9_intran_V_valency	fig:heatmap-9-intran-v-valency	1.9 Intransitive V valency	73_vos_gn_er_b_pa	vos	gn	erg-abs	balancing	poss-acc	svo	SV	AVP	100	0.6766666666666666	0.03511884584284244	67.66666666666666	3.5118845842842465	0.64	0.71	0.0	0.0	0.37700428962707516	0.06930450778409163	bos_eos	seed_42,seed_43,seed_44
1_9_intran_V_valency	09_1_9_intran_V_valency	fig:heatmap-9-intran-v-valency	1.9 Intransitive V valency	74_vos_gn_er_b_ep	vos	gn	erg-abs	balancing	erg-poss	sov	SV	PVA	100	0.6833333333333333	0.025166114784235794	68.33333333333333	2.516611478423583	0.66	0.71	0.0	0.0	0.3888625637690226	0.10667289394993854	bos_eos	seed_42,seed_43,seed_44
1_9_intran_V_valency	09_1_9_intran_V_valency	fig:heatmap-9-intran-v-valency	1.9 Intransitive V valency	75_vos_gn_er_b_no	vos	gn	erg-abs	balancing	nomn	svo	SV	AVP	100	0.66	0.026457513110645866	66.0	2.6457513110645907	0.64	0.69	0.0	0.0	0.38082499742507936	0.03676767456640185	bos_eos	seed_42,seed_43,seed_44
1_9_intran_V_valency	09_1_9_intran_V_valency	fig:heatmap-9-intran-v-valency	1.9 Intransitive V valency	76_vos_gn_er_d_se	vos	gn	erg-abs	deranking	sent	vos	VS	VPA	100	0.6366666666666667	0.023094010767585053	63.66666666666667	2.309401076758503	0.61	0.65	0.0	0.0	0.3485307280222575	0.06040100081001075	bos_eos	seed_42,seed_43,seed_44
1_9_intran_V_valency	09_1_9_intran_V_valency	fig:heatmap-9-intran-v-valency	1.9 Intransitive V valency	77_vos_gn_er_d_pa	vos	gn	erg-abs	deranking	poss-acc	svo	SV	AVP	100	0.6666666666666666	0.03511884584284244	66.66666666666666	3.5118845842842465	0.63	0.7	0.0	0.0	0.39857129971186317	0.06526015870638698	bos_eos	seed_42,seed_43,seed_44
1_9_intran_V_valency	09_1_9_intran_V_valency	fig:heatmap-9-intran-v-valency	1.9 Intransitive V valency	78_vos_gn_er_d_ep	vos	gn	erg-abs	deranking	erg-poss	sov	SV	PVA	100	0.6699999999999999	0.04358898943540671	67.0	4.358898943540674	0.62	0.7	0.0	0.0	0.3632002305984497	0.09526154255698133	bos_eos	seed_42,seed_43,seed_44
1_9_intran_V_valency	09_1_9_intran_V_valency	fig:heatmap-9-intran-v-valency	1.9 Intransitive V valency	79_vos_gn_er_d_no	vos	gn	erg-abs	deranking	nomn	svo	SV	AVP	100	0.6633333333333333	0.005773502691896263	66.33333333333333	0.5773502691896257	0.66	0.67	0.0	0.0	0.3590165328979492	0.038414070703057406	bos_eos	seed_42,seed_43,seed_44
1_9_intran_V_valency	09_1_9_intran_V_valency	fig:heatmap-9-intran-v-valency	1.9 Intransitive V valency	80_vos_ng_ac_b_se	vos	ng	nom-acc	balancing	sent	vos	VS	VPA	100	0.6966666666666667	0.011547005383792526	69.66666666666667	1.1547005383792515	0.69	0.71	0.0	0.0	0.4974781568845113	0.05212331641415098	bos_eos	seed_42,seed_43,seed_44
1_9_intran_V_valency	09_1_9_intran_V_valency	fig:heatmap-9-intran-v-valency	1.9 Intransitive V valency	81_vos_ng_ac_b_pa	vos	ng	nom-acc	balancing	poss-acc	vos	VS	VPA	100	0.6366666666666667	0.040414518843273836	63.66666666666667	4.041451884327381	0.6	0.68	0.0	0.0	0.3914953907330831	0.13495029295040864	bos_eos	seed_42,seed_43,seed_44
1_9_intran_V_valency	09_1_9_intran_V_valency	fig:heatmap-9-intran-v-valency	1.9 Intransitive V valency	82_vos_ng_ac_b_ep	vos	ng	nom-acc	balancing	erg-poss	vos	VS	VPA	100	0.6566666666666667	0.011547005383792526	65.66666666666667	1.1547005383792515	0.65	0.67	0.0	0.0	0.378852752049764	0.03178559379636456	bos_eos	seed_42,seed_43,seed_44
1_9_intran_V_valency	09_1_9_intran_V_valency	fig:heatmap-9-intran-v-valency	1.9 Intransitive V valency	83_vos_ng_ac_b_no	vos	ng	nom-acc	balancing	nomn	vos	VS	VPA	100	0.7033333333333334	0.04932882862316245	70.33333333333334	4.932882862316247	0.67	0.76	0.0	0.0	0.4454147426287333	0.06413330847562289	bos_eos	seed_42,seed_43,seed_44
1_9_intran_V_valency	09_1_9_intran_V_valency	fig:heatmap-9-intran-v-valency	1.9 Intransitive V valency	84_vos_ng_ac_d_se	vos	ng	nom-acc	deranking	sent	vos	VS	VPA	100	0.67	0.026457513110645887	67.0	2.6457513110645907	0.64	0.69	0.0	0.0	0.43760210275650024	0.02443123415752115	bos_eos	seed_42,seed_43,seed_44
1_9_intran_V_valency	09_1_9_intran_V_valency	fig:heatmap-9-intran-v-valency	1.9 Intransitive V valency	85_vos_ng_ac_d_pa	vos	ng	nom-acc	deranking	poss-acc	vos	VS	VPA	100	0.6766666666666666	0.03511884584284244	67.66666666666666	3.5118845842842465	0.64	0.71	0.0	0.0	0.4431981595357259	0.07381916897372404	bos_eos	seed_42,seed_43,seed_44
1_9_intran_V_valency	09_1_9_intran_V_valency	fig:heatmap-9-intran-v-valency	1.9 Intransitive V valency	86_vos_ng_ac_d_ep	vos	ng	nom-acc	deranking	erg-poss	vos	VS	VPA	100	0.7	0.0	70.0	0.0	0.7	0.7	0.0	0.0	0.4673357701301575	0.037993938569719186	bos_eos	seed_42,seed_43,seed_44
1_9_intran_V_valency	09_1_9_intran_V_valency	fig:heatmap-9-intran-v-valency	1.9 Intransitive V valency	87_vos_ng_ac_d_no	vos	ng	nom-acc	deranking	nomn	vos	VS	VPA	100	0.6799999999999999	0.04582575694955838	68.0	4.58257569495584	0.63	0.72	0.0	0.0	0.44552947044372554	0.061773639714702254	bos_eos	seed_42,seed_43,seed_44
1_9_intran_V_valency	09_1_9_intran_V_valency	fig:heatmap-9-intran-v-valency	1.9 Intransitive V valency	88_vos_ng_er_b_se	vos	ng	erg-abs	balancing	sent	vos	VS	VPA	100	0.6466666666666667	0.005773502691896263	64.66666666666667	0.5773502691896257	0.64	0.65	0.0	0.0	0.402192489306132	0.049492388272539004	bos_eos	seed_42,seed_43,seed_44
1_9_intran_V_valency	09_1_9_intran_V_valency	fig:heatmap-9-intran-v-valency	1.9 Intransitive V valency	89_vos_ng_er_b_pa	vos	ng	erg-abs	balancing	poss-acc	vos	VS	VPA	100	0.6866666666666666	0.030550504633038898	68.66666666666667	3.0550504633038935	0.66	0.72	0.0	0.0	0.4184452549616496	0.026600598012572543	bos_eos	seed_42,seed_43,seed_44
1_9_intran_V_valency	09_1_9_intran_V_valency	fig:heatmap-9-intran-v-valency	1.9 Intransitive V valency	90_vos_ng_er_b_ep	vos	ng	erg-abs	balancing	erg-poss	vos	VS	VPA	100	0.6466666666666667	0.03055050463303896	64.66666666666667	3.0550504633038935	0.62	0.68	0.0	0.0	0.4342589362462362	0.0200639564810842	bos_eos	seed_42,seed_43,seed_44
1_9_intran_V_valency	09_1_9_intran_V_valency	fig:heatmap-9-intran-v-valency	1.9 Intransitive V valency	91_vos_ng_er_b_no	vos	ng	erg-abs	balancing	nomn	vos	VS	VPA	100	0.6666666666666666	0.025166114784235805	66.66666666666666	2.516611478423583	0.64	0.69	0.0	0.0	0.452520436445872	0.08147503846266972	bos_eos	seed_42,seed_43,seed_44
1_9_intran_V_valency	09_1_9_intran_V_valency	fig:heatmap-9-intran-v-valency	1.9 Intransitive V valency	92_vos_ng_er_d_se	vos	ng	erg-abs	deranking	sent	vos	VS	VPA	100	0.65	0.026457513110645932	65.0	2.6457513110645907	0.62	0.67	0.0	0.0	0.4441750129063924	0.054663953659382515	bos_eos	seed_42,seed_43,seed_44
1_9_intran_V_valency	09_1_9_intran_V_valency	fig:heatmap-9-intran-v-valency	1.9 Intransitive V valency	93_vos_ng_er_d_pa	vos	ng	erg-abs	deranking	poss-acc	vos	VS	VPA	100	0.6833333333333333	0.01527525231651942	68.33333333333333	1.5275252316519468	0.67	0.7	0.0	0.0	0.4563097985585531	0.013398724765086913	bos_eos	seed_42,seed_43,seed_44
1_9_intran_V_valency	09_1_9_intran_V_valency	fig:heatmap-9-intran-v-valency	1.9 Intransitive V valency	94_vos_ng_er_d_ep	vos	ng	erg-abs	deranking	erg-poss	vos	VS	VPA	100	0.6866666666666666	0.02886751345948125	68.66666666666667	2.886751345948129	0.67	0.72	0.0	0.0	0.4659623710314433	0.0272666073551474	bos_eos	seed_42,seed_43,seed_44
1_9_intran_V_valency	09_1_9_intran_V_valency	fig:heatmap-9-intran-v-valency	1.9 Intransitive V valency	95_vos_ng_er_d_no	vos	ng	erg-abs	deranking	nomn	vos	VS	VPA	100	0.7033333333333334	0.030550504633038898	70.33333333333334	3.0550504633038935	0.67	0.73	0.0	0.0	0.46284361759821574	0.05639303737754108	bos_eos	seed_42,seed_43,seed_44
1_10_tran_V_valency	10_1_10_tran_V_valency	fig:heatmap-10-tran-v-valency	1.10 Transitive V valency	00_sov_gn_ac_b_se	sov	gn	nom-acc	balancing	sent	sov	SV	APV	100	0.7633333333333333	0.01527525231651948	76.33333333333333	1.5275252316519468	0.75	0.78	0.0	0.0	0.48623732407887776	0.010053765649020998	bos_eos	seed_42,seed_43,seed_44
1_10_tran_V_valency	10_1_10_tran_V_valency	fig:heatmap-10-tran-v-valency	1.10 Transitive V valency	01_sov_gn_ac_b_pa	sov	gn	nom-acc	balancing	poss-acc	sov	SV	APV	100	0.76	0.0	76.0	0.0	0.76	0.76	0.0	0.0	0.48440203428268436	0.004695846018576852	bos_eos	seed_42,seed_43,seed_44
1_10_tran_V_valency	10_1_10_tran_V_valency	fig:heatmap-10-tran-v-valency	1.10 Transitive V valency	02_sov_gn_ac_b_ep	sov	gn	nom-acc	balancing	erg-poss	sov	SV	APV	100	0.78	0.026457513110645932	78.0	2.6457513110645907	0.75	0.8	0.0	0.0	0.4982390507062276	0.004954171265609967	bos_eos	seed_42,seed_43,seed_44
1_10_tran_V_valency	10_1_10_tran_V_valency	fig:heatmap-10-tran-v-valency	1.10 Transitive V valency	03_sov_gn_ac_b_no	sov	gn	nom-acc	balancing	nomn	sov	SV	APV	100	0.7733333333333333	0.005773502691896263	77.33333333333333	0.5773502691896257	0.77	0.78	0.0	0.0	0.4656990194320679	0.014570806553576385	bos_eos	seed_42,seed_43,seed_44
1_10_tran_V_valency	10_1_10_tran_V_valency	fig:heatmap-10-tran-v-valency	1.10 Transitive V valency	04_sov_gn_ac_d_se	sov	gn	nom-acc	deranking	sent	sov	SV	APV	100	0.76	0.010000000000000009	76.0	1.0	0.75	0.77	0.0	0.0	0.47352088848749796	0.0031716058722917146	bos_eos	seed_42,seed_43,seed_44
1_10_tran_V_valency	10_1_10_tran_V_valency	fig:heatmap-10-tran-v-valency	1.10 Transitive V valency	05_sov_gn_ac_d_pa	sov	gn	nom-acc	deranking	poss-acc	sov	SV	APV	100	0.77	0.017320508075688787	77.0	1.7320508075688772	0.76	0.79	0.0	0.0	0.5025958720842998	0.012621619210045858	bos_eos	seed_42,seed_43,seed_44
1_10_tran_V_valency	10_1_10_tran_V_valency	fig:heatmap-10-tran-v-valency	1.10 Transitive V valency	06_sov_gn_ac_d_ep	sov	gn	nom-acc	deranking	erg-poss	sov	SV	APV	100	0.7533333333333333	0.020816659994661348	75.33333333333333	2.0816659994661326	0.73	0.77	0.0	0.0	0.4716279697418213	0.016873203605204678	bos_eos	seed_42,seed_43,seed_44
1_10_tran_V_valency	10_1_10_tran_V_valency	fig:heatmap-10-tran-v-valency	1.10 Transitive V valency	07_sov_gn_ac_d_no	sov	gn	nom-acc	deranking	nomn	sov	SV	APV	100	0.79	0.03605551275463988	79.0	3.605551275463989	0.75	0.82	0.0	0.0	0.5217767453193665	0.04032065907732333	bos_eos	seed_42,seed_43,seed_44
1_10_tran_V_valency	10_1_10_tran_V_valency	fig:heatmap-10-tran-v-valency	1.10 Transitive V valency	08_sov_gn_er_b_se	sov	gn	erg-abs	balancing	sent	sov	SV	APV	100	0.7433333333333333	0.01527525231651948	74.33333333333333	1.5275252316519468	0.73	0.76	0.0	0.0	0.4441080546379089	0.02924500125657672	bos_eos	seed_42,seed_43,seed_44
1_10_tran_V_valency	10_1_10_tran_V_valency	fig:heatmap-10-tran-v-valency	1.10 Transitive V valency	09_sov_gn_er_b_pa	sov	gn	erg-abs	balancing	poss-acc	sov	SV	APV	100	0.77	0.0	77.0	0.0	0.77	0.77	0.0	0.0	0.46285521825154624	0.004383406479733376	bos_eos	seed_42,seed_43,seed_44
1_10_tran_V_valency	10_1_10_tran_V_valency	fig:heatmap-10-tran-v-valency	1.10 Transitive V valency	10_sov_gn_er_b_ep	sov	gn	erg-abs	balancing	erg-poss	sov	SV	APV	100	0.78	0.010000000000000009	78.0	1.0	0.77	0.79	0.0	0.0	0.472723290125529	0.013067523386383886	bos_eos	seed_42,seed_43,seed_44
1_10_tran_V_valency	10_1_10_tran_V_valency	fig:heatmap-10-tran-v-valency	1.10 Transitive V valency	11_sov_gn_er_b_no	sov	gn	erg-abs	balancing	nomn	sov	SV	APV	100	0.7733333333333333	0.03055050463303896	77.33333333333333	3.0550504633038935	0.74	0.8	0.0	0.0	0.45812226613362633	0.019115136919232383	bos_eos	seed_42,seed_43,seed_44
1_10_tran_V_valency	10_1_10_tran_V_valency	fig:heatmap-10-tran-v-valency	1.10 Transitive V valency	12_sov_gn_er_d_se	sov	gn	erg-abs	deranking	sent	sov	SV	APV	100	0.79	0.0	79.0	0.0	0.79	0.79	0.0	0.0	0.4506900405883789	0.017145477983766613	bos_eos	seed_42,seed_43,seed_44
1_10_tran_V_valency	10_1_10_tran_V_valency	fig:heatmap-10-tran-v-valency	1.10 Transitive V valency	13_sov_gn_er_d_pa	sov	gn	erg-abs	deranking	poss-acc	sov	SV	APV	100	0.7833333333333333	0.028867513459481315	78.33333333333333	2.886751345948129	0.75	0.8	0.0	0.0	0.4480129559834798	0.021316268907789485	bos_eos	seed_42,seed_43,seed_44
1_10_tran_V_valency	10_1_10_tran_V_valency	fig:heatmap-10-tran-v-valency	1.10 Transitive V valency	14_sov_gn_er_d_ep	sov	gn	erg-abs	deranking	erg-poss	sov	SV	APV	100	0.7733333333333333	0.01527525231651948	77.33333333333333	1.5275252316519468	0.76	0.79	0.0	0.0	0.4793719228108724	0.0018962380604569307	bos_eos	seed_42,seed_43,seed_44
1_10_tran_V_valency	10_1_10_tran_V_valency	fig:heatmap-10-tran-v-valency	1.10 Transitive V valency	15_sov_gn_er_d_no	sov	gn	erg-abs	deranking	nomn	sov	SV	APV	100	0.8066666666666666	0.015275252316519432	80.66666666666666	1.5275252316519468	0.79	0.82	0.0	0.0	0.4752651786804199	0.02798469001029247	bos_eos	seed_42,seed_43,seed_44
1_10_tran_V_valency	10_1_10_tran_V_valency	fig:heatmap-10-tran-v-valency	1.10 Transitive V valency	16_sov_ng_ac_b_se	sov	ng	nom-acc	balancing	sent	sov	SV	APV	100	0.7266666666666667	0.03511884584284249	72.66666666666667	3.5118845842842465	0.69	0.76	0.0	0.0	0.4447574027379354	0.012183886982092213	bos_eos	seed_42,seed_43,seed_44
1_10_tran_V_valency	10_1_10_tran_V_valency	fig:heatmap-10-tran-v-valency	1.10 Transitive V valency	17_sov_ng_ac_b_pa	sov	ng	nom-acc	balancing	poss-acc	ovs	VS	PVA	100	0.7333333333333333	0.01527525231651948	73.33333333333333	1.5275252316519468	0.72	0.75	0.0	0.0	0.47186792373657227	0.016144760033906393	bos_eos	seed_42,seed_43,seed_44
1_10_tran_V_valency	10_1_10_tran_V_valency	fig:heatmap-10-tran-v-valency	1.10 Transitive V valency	18_sov_ng_ac_b_ep	sov	ng	nom-acc	balancing	erg-poss	vos	VS	AVP	100	0.7433333333333333	0.011547005383792526	74.33333333333333	1.1547005383792515	0.73	0.75	0.0	0.0	0.45415134986241656	0.028725019730066085	bos_eos	seed_42,seed_43,seed_44
1_10_tran_V_valency	10_1_10_tran_V_valency	fig:heatmap-10-tran-v-valency	1.10 Transitive V valency	19_sov_ng_ac_b_no	sov	ng	nom-acc	balancing	nomn	ovs	VS	PVA	100	0.75	0.017320508075688787	75.0	1.7320508075688772	0.74	0.77	0.0	0.0	0.4777853202819824	0.008482201593003648	bos_eos	seed_42,seed_43,seed_44
1_10_tran_V_valency	10_1_10_tran_V_valency	fig:heatmap-10-tran-v-valency	1.10 Transitive V valency	20_sov_ng_ac_d_se	sov	ng	nom-acc	deranking	sent	sov	SV	APV	100	0.7233333333333333	0.03055050463303896	72.33333333333333	3.0550504633038935	0.69	0.75	0.0	0.0	0.4813368447621663	0.028331354964819453	bos_eos	seed_42,seed_43,seed_44
1_10_tran_V_valency	10_1_10_tran_V_valency	fig:heatmap-10-tran-v-valency	1.10 Transitive V valency	21_sov_ng_ac_d_pa	sov	ng	nom-acc	deranking	poss-acc	ovs	VS	PVA	100	0.7266666666666667	0.040414518843273836	72.66666666666667	4.041451884327381	0.69	0.77	0.0	0.0	0.45000802437464393	0.0033225101057014015	bos_eos	seed_42,seed_43,seed_44
1_10_tran_V_valency	10_1_10_tran_V_valency	fig:heatmap-10-tran-v-valency	1.10 Transitive V valency	22_sov_ng_ac_d_ep	sov	ng	nom-acc	deranking	erg-poss	vos	VS	AVP	100	0.7333333333333333	0.01527525231651948	73.33333333333333	1.5275252316519468	0.72	0.75	0.0	0.0	0.43856525103251137	0.02831324504864156	bos_eos	seed_42,seed_43,seed_44
1_10_tran_V_valency	10_1_10_tran_V_valency	fig:heatmap-10-tran-v-valency	1.10 Transitive V valency	23_sov_ng_ac_d_no	sov	ng	nom-acc	deranking	nomn	ovs	VS	PVA	100	0.74	0.026457513110645932	74.0	2.6457513110645907	0.71	0.76	0.0	0.0	0.4636224087079366	0.028793172908258335	bos_eos	seed_42,seed_43,seed_44
1_10_tran_V_valency	10_1_10_tran_V_valency	fig:heatmap-10-tran-v-valency	1.10 Transitive V valency	24_sov_ng_er_b_se	sov	ng	erg-abs	balancing	sent	sov	SV	APV	100	0.6766666666666666	0.02886751345948125	67.66666666666666	2.886751345948129	0.66	0.71	0.0	0.0	0.4049692249298096	0.011533231651769216	bos_eos	seed_42,seed_43,seed_44
1_10_tran_V_valency	10_1_10_tran_V_valency	fig:heatmap-10-tran-v-valency	1.10 Transitive V valency	25_sov_ng_er_b_pa	sov	ng	erg-abs	balancing	poss-acc	ovs	VS	PVA	100	0.6933333333333334	0.020816659994661285	69.33333333333334	2.0816659994661326	0.67	0.71	0.0	0.0	0.41148033539454143	0.03988594649831171	bos_eos	seed_42,seed_43,seed_44
1_10_tran_V_valency	10_1_10_tran_V_valency	fig:heatmap-10-tran-v-valency	1.10 Transitive V valency	26_sov_ng_er_b_ep	sov	ng	erg-abs	balancing	erg-poss	vos	VS	AVP	100	0.7	0.019999999999999962	70.0	2.0	0.68	0.72	0.0	0.0	0.41280713240305583	0.014355904192636966	bos_eos	seed_42,seed_43,seed_44
1_10_tran_V_valency	10_1_10_tran_V_valency	fig:heatmap-10-tran-v-valency	1.10 Transitive V valency	27_sov_ng_er_b_no	sov	ng	erg-abs	balancing	nomn	ovs	VS	PVA	100	0.7133333333333333	0.005773502691896263	71.33333333333333	0.5773502691896257	0.71	0.72	0.0	0.0	0.40903762181599934	0.020146582831437294	bos_eos	seed_42,seed_43,seed_44
1_10_tran_V_valency	10_1_10_tran_V_valency	fig:heatmap-10-tran-v-valency	1.10 Transitive V valency	28_sov_ng_er_d_se	sov	ng	erg-abs	deranking	sent	sov	SV	APV	100	0.6866666666666666	0.03785938897200179	68.66666666666667	3.7859388972001824	0.66	0.73	0.0	0.0	0.4022543549537659	0.017195594017131326	bos_eos	seed_42,seed_43,seed_44
1_10_tran_V_valency	10_1_10_tran_V_valency	fig:heatmap-10-tran-v-valency	1.10 Transitive V valency	29_sov_ng_er_d_pa	sov	ng	erg-abs	deranking	poss-acc	ovs	VS	PVA	100	0.6966666666666667	0.01527525231651942	69.66666666666667	1.5275252316519468	0.68	0.71	0.0	0.0	0.41503245194753013	0.020369048672429235	bos_eos	seed_42,seed_43,seed_44
1_10_tran_V_valency	10_1_10_tran_V_valency	fig:heatmap-10-tran-v-valency	1.10 Transitive V valency	30_sov_ng_er_d_ep	sov	ng	erg-abs	deranking	erg-poss	vos	VS	AVP	100	0.71	0.02999999999999997	71.0	3.0	0.68	0.74	0.0	0.0	0.4133827344576518	0.018294865952623487	bos_eos	seed_42,seed_43,seed_44
1_10_tran_V_valency	10_1_10_tran_V_valency	fig:heatmap-10-tran-v-valency	1.10 Transitive V valency	31_sov_ng_er_d_no	sov	ng	erg-abs	deranking	nomn	ovs	VS	PVA	100	0.69	0.009999999999999953	69.0	1.0	0.68	0.7	0.0	0.0	0.4283685819307963	0.01830348224579025	bos_eos	seed_42,seed_43,seed_44
1_10_tran_V_valency	10_1_10_tran_V_valency	fig:heatmap-10-tran-v-valency	1.10 Transitive V valency	32_svo_gn_ac_b_se	svo	gn	nom-acc	balancing	sent	svo	SV	AVP	100	0.8466666666666667	0.01527525231651948	84.66666666666667	1.5275252316519468	0.83	0.86	0.0	0.0	0.6528248365720113	0.011212946758718286	bos_eos	seed_42,seed_43,seed_44
1_10_tran_V_valency	10_1_10_tran_V_valency	fig:heatmap-10-tran-v-valency	1.10 Transitive V valency	33_svo_gn_ac_b_pa	svo	gn	nom-acc	balancing	poss-acc	svo	SV	AVP	100	0.81	0.009999999999999953	81.0	1.0	0.8	0.82	0.0	0.0	0.636195624669393	0.03354001200563437	bos_eos	seed_42,seed_43,seed_44
1_10_tran_V_valency	10_1_10_tran_V_valency	fig:heatmap-10-tran-v-valency	1.10 Transitive V valency	34_svo_gn_ac_b_ep	svo	gn	nom-acc	balancing	erg-poss	sov	SV	PVA	100	0.8200000000000001	0.017320508075688724	82.0	1.7320508075688772	0.81	0.84	0.0	0.0	0.6441010808944703	0.020420252203135928	bos_eos	seed_42,seed_43,seed_44
1_10_tran_V_valency	10_1_10_tran_V_valency	fig:heatmap-10-tran-v-valency	1.10 Transitive V valency	35_svo_gn_ac_b_no	svo	gn	nom-acc	balancing	nomn	svo	SV	AVP	100	0.8266666666666667	0.011547005383792526	82.66666666666667	1.1547005383792515	0.82	0.84	0.0	0.0	0.627641429901123	0.039302858836347224	bos_eos	seed_42,seed_43,seed_44
1_10_tran_V_valency	10_1_10_tran_V_valency	fig:heatmap-10-tran-v-valency	1.10 Transitive V valency	36_svo_gn_ac_d_se	svo	gn	nom-acc	deranking	sent	svo	SV	AVP	100	0.8	0.010000000000000009	80.0	1.0	0.79	0.81	0.0	0.0	0.547248558998108	0.050811892163161856	bos_eos	seed_42,seed_43,seed_44
1_10_tran_V_valency	10_1_10_tran_V_valency	fig:heatmap-10-tran-v-valency	1.10 Transitive V valency	37_svo_gn_ac_d_pa	svo	gn	nom-acc	deranking	poss-acc	svo	SV	AVP	100	0.8033333333333333	0.025166114784235794	80.33333333333333	2.516611478423583	0.78	0.83	0.0	0.0	0.586977887948354	0.009691057287419248	bos_eos	seed_42,seed_43,seed_44
1_10_tran_V_valency	10_1_10_tran_V_valency	fig:heatmap-10-tran-v-valency	1.10 Transitive V valency	38_svo_gn_ac_d_ep	svo	gn	nom-acc	deranking	erg-poss	sov	SV	PVA	100	0.8033333333333333	0.05507570547286101	80.33333333333333	5.507570547286102	0.74	0.84	0.0	0.0	0.5490962417920431	0.05654686310807609	bos_eos	seed_42,seed_43,seed_44
1_10_tran_V_valency	10_1_10_tran_V_valency	fig:heatmap-10-tran-v-valency	1.10 Transitive V valency	39_svo_gn_ac_d_no	svo	gn	nom-acc	deranking	nomn	svo	SV	AVP	100	0.78	0.04582575694955839	78.0	4.58257569495584	0.73	0.82	0.0	0.0	0.516144126256307	0.10024599128840081	bos_eos	seed_42,seed_43,seed_44
1_10_tran_V_valency	10_1_10_tran_V_valency	fig:heatmap-10-tran-v-valency	1.10 Transitive V valency	40_svo_gn_er_b_se	svo	gn	erg-abs	balancing	sent	svo	SV	AVP	100	0.8	0.026457513110645887	80.0	2.6457513110645907	0.77	0.82	0.0	0.0	0.5339862036705018	0.08269532452280956	bos_eos	seed_42,seed_43,seed_44
1_10_tran_V_valency	10_1_10_tran_V_valency	fig:heatmap-10-tran-v-valency	1.10 Transitive V valency	41_svo_gn_er_b_pa	svo	gn	erg-abs	balancing	poss-acc	svo	SV	AVP	100	0.8466666666666667	0.03214550253664315	84.66666666666667	3.2145502536643185	0.81	0.87	0.0	0.0	0.5693552605311076	0.05437249914865186	bos_eos	seed_42,seed_43,seed_44
1_10_tran_V_valency	10_1_10_tran_V_valency	fig:heatmap-10-tran-v-valency	1.10 Transitive V valency	42_svo_gn_er_b_ep	svo	gn	erg-abs	balancing	erg-poss	sov	SV	PVA	100	0.7833333333333333	0.03785938897200186	78.33333333333333	3.7859388972001824	0.74	0.81	0.0	0.0	0.5584700067838033	0.07381474092162633	bos_eos	seed_42,seed_43,seed_44
1_10_tran_V_valency	10_1_10_tran_V_valency	fig:heatmap-10-tran-v-valency	1.10 Transitive V valency	43_svo_gn_er_b_no	svo	gn	erg-abs	balancing	nomn	svo	SV	AVP	100	0.8200000000000001	0.03605551275463986	82.0	3.605551275463989	0.79	0.86	0.0	0.0	0.5326380284627279	0.05758613561776136	bos_eos	seed_42,seed_43,seed_44
1_10_tran_V_valency	10_1_10_tran_V_valency	fig:heatmap-10-tran-v-valency	1.10 Transitive V valency	44_svo_gn_er_d_se	svo	gn	erg-abs	deranking	sent	svo	SV	AVP	100	0.7333333333333333	0.03055050463303896	73.33333333333333	3.0550504633038935	0.7	0.76	0.0	0.0	0.4581660437583923	0.032699262655276104	bos_eos	seed_42,seed_43,seed_44
1_10_tran_V_valency	10_1_10_tran_V_valency	fig:heatmap-10-tran-v-valency	1.10 Transitive V valency	45_svo_gn_er_d_pa	svo	gn	erg-abs	deranking	poss-acc	svo	SV	AVP	100	0.7566666666666667	0.03214550253664321	75.66666666666667	3.2145502536643185	0.72	0.78	0.0	0.0	0.4312917693456014	0.05223037157844039	bos_eos	seed_42,seed_43,seed_44
1_10_tran_V_valency	10_1_10_tran_V_valency	fig:heatmap-10-tran-v-valency	1.10 Transitive V valency	46_svo_gn_er_d_ep	svo	gn	erg-abs	deranking	erg-poss	sov	SV	PVA	100	0.77	0.055677643628300216	77.0	5.5677643628300215	0.71	0.82	0.0	0.0	0.47876747051874796	0.07025721861744798	bos_eos	seed_42,seed_43,seed_44
1_10_tran_V_valency	10_1_10_tran_V_valency	fig:heatmap-10-tran-v-valency	1.10 Transitive V valency	47_svo_gn_er_d_no	svo	gn	erg-abs	deranking	nomn	svo	SV	AVP	100	0.7266666666666667	0.03511884584284249	72.66666666666667	3.5118845842842465	0.69	0.76	0.0	0.0	0.42224745273590086	0.04042656393048392	bos_eos	seed_42,seed_43,seed_44
1_10_tran_V_valency	10_1_10_tran_V_valency	fig:heatmap-10-tran-v-valency	1.10 Transitive V valency	48_svo_ng_ac_b_se	svo	ng	nom-acc	balancing	sent	svo	SV	AVP	100	0.8433333333333333	0.023094010767585053	84.33333333333333	2.309401076758503	0.83	0.87	0.0	0.0	0.6897089576721191	0.02942343548600436	bos_eos	seed_42,seed_43,seed_44
1_10_tran_V_valency	10_1_10_tran_V_valency	fig:heatmap-10-tran-v-valency	1.10 Transitive V valency	49_svo_ng_ac_b_pa	svo	ng	nom-acc	balancing	poss-acc	vos	VS	VPA	100	0.8433333333333333	0.023094010767585053	84.33333333333333	2.309401076758503	0.83	0.87	0.0	0.0	0.7184282128016154	0.018591629061110934	bos_eos	seed_42,seed_43,seed_44
1_10_tran_V_valency	10_1_10_tran_V_valency	fig:heatmap-10-tran-v-valency	1.10 Transitive V valency	50_svo_ng_ac_b_ep	svo	ng	nom-acc	balancing	erg-poss	vos	VS	VPA	100	0.86	0.017320508075688787	86.0	1.7320508075688772	0.85	0.88	0.0	0.0	0.7201011419296265	0.0030049742829197043	bos_eos	seed_42,seed_43,seed_44
1_10_tran_V_valency	10_1_10_tran_V_valency	fig:heatmap-10-tran-v-valency	1.10 Transitive V valency	51_svo_ng_ac_b_no	svo	ng	nom-acc	balancing	nomn	vos	VS	VPA	100	0.8666666666666667	0.020816659994661348	86.66666666666667	2.0816659994661326	0.85	0.89	0.0	0.0	0.7044101071357727	0.009416329613516374	bos_eos	seed_42,seed_43,seed_44
1_10_tran_V_valency	10_1_10_tran_V_valency	fig:heatmap-10-tran-v-valency	1.10 Transitive V valency	52_svo_ng_ac_d_se	svo	ng	nom-acc	deranking	sent	svo	SV	AVP	100	0.8366666666666667	0.020816659994661348	83.66666666666667	2.0816659994661326	0.82	0.86	0.0	0.0	0.6186968318621318	0.01701521843032469	bos_eos	seed_42,seed_43,seed_44
1_10_tran_V_valency	10_1_10_tran_V_valency	fig:heatmap-10-tran-v-valency	1.10 Transitive V valency	53_svo_ng_ac_d_pa	svo	ng	nom-acc	deranking	poss-acc	vos	VS	VPA	100	0.8133333333333334	0.025166114784235794	81.33333333333333	2.516611478423583	0.79	0.84	0.0	0.0	0.601266249815623	0.05486568077763984	bos_eos	seed_42,seed_43,seed_44
1_10_tran_V_valency	10_1_10_tran_V_valency	fig:heatmap-10-tran-v-valency	1.10 Transitive V valency	54_svo_ng_ac_d_ep	svo	ng	nom-acc	deranking	erg-poss	vos	VS	VPA	100	0.8333333333333333	0.023094010767585053	83.33333333333333	2.309401076758503	0.82	0.86	0.0	0.0	0.5842167727152506	0.03907172335799123	bos_eos	seed_42,seed_43,seed_44
1_10_tran_V_valency	10_1_10_tran_V_valency	fig:heatmap-10-tran-v-valency	1.10 Transitive V valency	55_svo_ng_ac_d_no	svo	ng	nom-acc	deranking	nomn	vos	VS	VPA	100	0.8233333333333334	0.020816659994661285	82.33333333333334	2.0816659994661326	0.8	0.84	0.0	0.0	0.6038317577044169	0.0383108098381852	bos_eos	seed_42,seed_43,seed_44
1_10_tran_V_valency	10_1_10_tran_V_valency	fig:heatmap-10-tran-v-valency	1.10 Transitive V valency	56_svo_ng_er_b_se	svo	ng	erg-abs	balancing	sent	svo	SV	AVP	100	0.7666666666666667	0.005773502691896263	76.66666666666667	0.5773502691896257	0.76	0.77	0.0	0.0	0.5351257848739623	0.03294175762270048	bos_eos	seed_42,seed_43,seed_44
1_10_tran_V_valency	10_1_10_tran_V_valency	fig:heatmap-10-tran-v-valency	1.10 Transitive V valency	57_svo_ng_er_b_pa	svo	ng	erg-abs	balancing	poss-acc	vos	VS	VPA	100	0.7633333333333333	0.03055050463303896	76.33333333333333	3.0550504633038935	0.73	0.79	0.0	0.0	0.5151392682393392	0.06466784239881261	bos_eos	seed_42,seed_43,seed_44
1_10_tran_V_valency	10_1_10_tran_V_valency	fig:heatmap-10-tran-v-valency	1.10 Transitive V valency	58_svo_ng_er_b_ep	svo	ng	erg-abs	balancing	erg-poss	vos	VS	VPA	100	0.7733333333333333	0.05686240703077327	77.33333333333333	5.686240703077327	0.71	0.82	0.0	0.0	0.5469702331225077	0.03197650358181394	bos_eos	seed_42,seed_43,seed_44
1_10_tran_V_valency	10_1_10_tran_V_valency	fig:heatmap-10-tran-v-valency	1.10 Transitive V valency	59_svo_ng_er_b_no	svo	ng	erg-abs	balancing	nomn	vos	VS	VPA	100	0.7833333333333333	0.025166114784235857	78.33333333333333	2.516611478423583	0.76	0.81	0.0	0.0	0.5364117360115052	0.03760310621059242	bos_eos	seed_42,seed_43,seed_44
1_10_tran_V_valency	10_1_10_tran_V_valency	fig:heatmap-10-tran-v-valency	1.10 Transitive V valency	60_svo_ng_er_d_se	svo	ng	erg-abs	deranking	sent	svo	SV	AVP	100	0.7066666666666667	0.01527525231651948	70.66666666666667	1.5275252316519468	0.69	0.72	0.0	0.0	0.4340139174461365	0.032020205329139656	bos_eos	seed_42,seed_43,seed_44
1_10_tran_V_valency	10_1_10_tran_V_valency	fig:heatmap-10-tran-v-valency	1.10 Transitive V valency	61_svo_ng_er_d_pa	svo	ng	erg-abs	deranking	poss-acc	vos	VS	VPA	100	0.7266666666666667	0.03785938897200186	72.66666666666667	3.7859388972001824	0.7	0.77	0.0	0.0	0.4358552281061808	0.07554017441104753	bos_eos	seed_42,seed_43,seed_44
1_10_tran_V_valency	10_1_10_tran_V_valency	fig:heatmap-10-tran-v-valency	1.10 Transitive V valency	62_svo_ng_er_d_ep	svo	ng	erg-abs	deranking	erg-poss	vos	VS	VPA	100	0.7166666666666667	0.03511884584284244	71.66666666666667	3.5118845842842465	0.68	0.75	0.0	0.0	0.39588719765345254	0.016708373650827564	bos_eos	seed_42,seed_43,seed_44
1_10_tran_V_valency	10_1_10_tran_V_valency	fig:heatmap-10-tran-v-valency	1.10 Transitive V valency	63_svo_ng_er_d_no	svo	ng	erg-abs	deranking	nomn	vos	VS	VPA	100	0.7266666666666667	0.06110100926607786	72.66666666666667	6.110100926607787	0.66	0.78	0.0	0.0	0.4452986566225688	0.07392516021491025	bos_eos	seed_42,seed_43,seed_44
1_10_tran_V_valency	10_1_10_tran_V_valency	fig:heatmap-10-tran-v-valency	1.10 Transitive V valency	64_vos_gn_ac_b_se	vos	gn	nom-acc	balancing	sent	vos	VS	VPA	100	0.7233333333333333	0.020816659994661348	72.33333333333333	2.0816659994661326	0.7	0.74	0.0	0.0	0.37392369349797566	0.05172931394940001	bos_eos	seed_42,seed_43,seed_44
1_10_tran_V_valency	10_1_10_tran_V_valency	fig:heatmap-10-tran-v-valency	1.10 Transitive V valency	65_vos_gn_ac_b_pa	vos	gn	nom-acc	balancing	poss-acc	svo	SV	AVP	100	0.71	0.010000000000000009	71.0	1.0	0.7	0.72	0.0	0.0	0.36642181158065795	0.004325240812319494	bos_eos	seed_42,seed_43,seed_44
1_10_tran_V_valency	10_1_10_tran_V_valency	fig:heatmap-10-tran-v-valency	1.10 Transitive V valency	66_vos_gn_ac_b_ep	vos	gn	nom-acc	balancing	erg-poss	sov	SV	PVA	100	0.72	0.010000000000000009	72.0	1.0	0.71	0.73	0.0	0.0	0.37945096015930174	0.021595063332690585	bos_eos	seed_42,seed_43,seed_44
1_10_tran_V_valency	10_1_10_tran_V_valency	fig:heatmap-10-tran-v-valency	1.10 Transitive V valency	67_vos_gn_ac_b_no	vos	gn	nom-acc	balancing	nomn	svo	SV	AVP	100	0.7266666666666667	0.03055050463303896	72.66666666666667	3.0550504633038935	0.7	0.76	0.0	0.0	0.385527241230011	0.017582328402656527	bos_eos	seed_42,seed_43,seed_44
1_10_tran_V_valency	10_1_10_tran_V_valency	fig:heatmap-10-tran-v-valency	1.10 Transitive V valency	68_vos_gn_ac_d_se	vos	gn	nom-acc	deranking	sent	vos	VS	VPA	100	0.71	0.034641016151377574	71.0	3.4641016151377544	0.69	0.75	0.0	0.0	0.40272204399108885	0.02574365124042105	bos_eos	seed_42,seed_43,seed_44
1_10_tran_V_valency	10_1_10_tran_V_valency	fig:heatmap-10-tran-v-valency	1.10 Transitive V valency	69_vos_gn_ac_d_pa	vos	gn	nom-acc	deranking	poss-acc	svo	SV	AVP	100	0.73	0.010000000000000009	73.0	1.0	0.72	0.74	0.0	0.0	0.40727617661158244	0.003756977128246124	bos_eos	seed_42,seed_43,seed_44
1_10_tran_V_valency	10_1_10_tran_V_valency	fig:heatmap-10-tran-v-valency	1.10 Transitive V valency	70_vos_gn_ac_d_ep	vos	gn	nom-acc	deranking	erg-poss	sov	SV	PVA	100	0.74	0.026457513110645932	74.0	2.6457513110645907	0.71	0.76	0.0	0.0	0.38014655113220214	0.02089114797094707	bos_eos	seed_42,seed_43,seed_44
1_10_tran_V_valency	10_1_10_tran_V_valency	fig:heatmap-10-tran-v-valency	1.10 Transitive V valency	71_vos_gn_ac_d_no	vos	gn	nom-acc	deranking	nomn	svo	SV	AVP	100	0.7333333333333333	0.01527525231651948	73.33333333333333	1.5275252316519468	0.72	0.75	0.0	0.0	0.40031754175821943	0.018136534690104147	bos_eos	seed_42,seed_43,seed_44
1_10_tran_V_valency	10_1_10_tran_V_valency	fig:heatmap-10-tran-v-valency	1.10 Transitive V valency	72_vos_gn_er_b_se	vos	gn	erg-abs	balancing	sent	vos	VS	VPA	100	0.75	0.034641016151377574	75.0	3.4641016151377544	0.73	0.79	0.0	0.0	0.41781928300857546	0.018934939290415044	bos_eos	seed_42,seed_43,seed_44
1_10_tran_V_valency	10_1_10_tran_V_valency	fig:heatmap-10-tran-v-valency	1.10 Transitive V valency	73_vos_gn_er_b_pa	vos	gn	erg-abs	balancing	poss-acc	svo	SV	AVP	100	0.7433333333333333	0.01527525231651948	74.33333333333333	1.5275252316519468	0.73	0.76	0.0	0.0	0.4070078698794047	0.0038820728967671895	bos_eos	seed_42,seed_43,seed_44
1_10_tran_V_valency	10_1_10_tran_V_valency	fig:heatmap-10-tran-v-valency	1.10 Transitive V valency	74_vos_gn_er_b_ep	vos	gn	erg-abs	balancing	erg-poss	sov	SV	PVA	100	0.7333333333333333	0.01527525231651948	73.33333333333333	1.5275252316519468	0.72	0.75	0.0	0.0	0.4138235457738241	0.016985694176150475	bos_eos	seed_42,seed_43,seed_44
1_10_tran_V_valency	10_1_10_tran_V_valency	fig:heatmap-10-tran-v-valency	1.10 Transitive V valency	75_vos_gn_er_b_no	vos	gn	erg-abs	balancing	nomn	svo	SV	AVP	100	0.7533333333333333	0.023094010767585053	75.33333333333333	2.309401076758503	0.74	0.78	0.0	0.0	0.40847470124562585	0.016022889665029683	bos_eos	seed_42,seed_43,seed_44
1_10_tran_V_valency	10_1_10_tran_V_valency	fig:heatmap-10-tran-v-valency	1.10 Transitive V valency	76_vos_gn_er_d_se	vos	gn	erg-abs	deranking	sent	vos	VS	VPA	100	0.76	0.017320508075688787	76.0	1.7320508075688772	0.74	0.77	0.0	0.0	0.4323697551091512	0.026713567715371273	bos_eos	seed_42,seed_43,seed_44
1_10_tran_V_valency	10_1_10_tran_V_valency	fig:heatmap-10-tran-v-valency	1.10 Transitive V valency	77_vos_gn_er_d_pa	vos	gn	erg-abs	deranking	poss-acc	svo	SV	AVP	100	0.76	0.026457513110645932	76.0	2.6457513110645907	0.74	0.79	0.0	0.0	0.4341135223706563	0.020377942291115544	bos_eos	seed_42,seed_43,seed_44
1_10_tran_V_valency	10_1_10_tran_V_valency	fig:heatmap-10-tran-v-valency	1.10 Transitive V valency	78_vos_gn_er_d_ep	vos	gn	erg-abs	deranking	erg-poss	sov	SV	PVA	100	0.7366666666666667	0.03785938897200186	73.66666666666667	3.7859388972001824	0.71	0.78	0.0	0.0	0.3891643214225769	0.03891942864229527	bos_eos	seed_42,seed_43,seed_44
1_10_tran_V_valency	10_1_10_tran_V_valency	fig:heatmap-10-tran-v-valency	1.10 Transitive V valency	79_vos_gn_er_d_no	vos	gn	erg-abs	deranking	nomn	svo	SV	AVP	100	0.75	0.020000000000000018	75.0	2.0	0.73	0.77	0.0	0.0	0.4108062148094177	0.035731992567659174	bos_eos	seed_42,seed_43,seed_44
1_10_tran_V_valency	10_1_10_tran_V_valency	fig:heatmap-10-tran-v-valency	1.10 Transitive V valency	80_vos_ng_ac_b_se	vos	ng	nom-acc	balancing	sent	vos	VS	VPA	100	0.7433333333333333	0.01527525231651948	74.33333333333333	1.5275252316519468	0.73	0.76	0.0	0.0	0.4191859277089437	0.01119129353719623	bos_eos	seed_42,seed_43,seed_44
1_10_tran_V_valency	10_1_10_tran_V_valency	fig:heatmap-10-tran-v-valency	1.10 Transitive V valency	81_vos_ng_ac_b_pa	vos	ng	nom-acc	balancing	poss-acc	vos	VS	VPA	100	0.7233333333333333	0.025166114784235857	72.33333333333333	2.516611478423583	0.7	0.75	0.0	0.0	0.3662764771779378	0.0031537568252628075	bos_eos	seed_42,seed_43,seed_44
1_10_tran_V_valency	10_1_10_tran_V_valency	fig:heatmap-10-tran-v-valency	1.10 Transitive V valency	82_vos_ng_ac_b_ep	vos	ng	nom-acc	balancing	erg-poss	vos	VS	VPA	100	0.7333333333333333	0.020816659994661348	73.33333333333333	2.0816659994661326	0.71	0.75	0.0	0.0	0.39777430534362795	0.009234873173075838	bos_eos	seed_42,seed_43,seed_44
1_10_tran_V_valency	10_1_10_tran_V_valency	fig:heatmap-10-tran-v-valency	1.10 Transitive V valency	83_vos_ng_ac_b_no	vos	ng	nom-acc	balancing	nomn	vos	VS	VPA	100	0.7333333333333333	0.005773502691896263	73.33333333333333	0.5773502691896257	0.73	0.74	0.0	0.0	0.3863040502866109	0.018545963491904977	bos_eos	seed_42,seed_43,seed_44
1_10_tran_V_valency	10_1_10_tran_V_valency	fig:heatmap-10-tran-v-valency	1.10 Transitive V valency	84_vos_ng_ac_d_se	vos	ng	nom-acc	deranking	sent	vos	VS	VPA	100	0.75	0.026457513110645932	75.0	2.6457513110645907	0.73	0.78	0.0	0.0	0.4313827339808146	0.03553349050499532	bos_eos	seed_42,seed_43,seed_44
1_10_tran_V_valency	10_1_10_tran_V_valency	fig:heatmap-10-tran-v-valency	1.10 Transitive V valency	85_vos_ng_ac_d_pa	vos	ng	nom-acc	deranking	poss-acc	vos	VS	VPA	100	0.77	0.04582575694955838	77.0	4.58257569495584	0.73	0.82	0.0	0.0	0.45079013029734294	0.03460330585942426	bos_eos	seed_42,seed_43,seed_44
1_10_tran_V_valency	10_1_10_tran_V_valency	fig:heatmap-10-tran-v-valency	1.10 Transitive V valency	86_vos_ng_ac_d_ep	vos	ng	nom-acc	deranking	erg-poss	vos	VS	VPA	100	0.7333333333333333	0.03214550253664321	73.33333333333333	3.2145502536643185	0.71	0.77	0.0	0.0	0.4300429081916809	0.04109144077692376	bos_eos	seed_42,seed_43,seed_44
1_10_tran_V_valency	10_1_10_tran_V_valency	fig:heatmap-10-tran-v-valency	1.10 Transitive V valency	87_vos_ng_ac_d_no	vos	ng	nom-acc	deranking	nomn	vos	VS	VPA	100	0.7466666666666667	0.005773502691896263	74.66666666666667	0.5773502691896257	0.74	0.75	0.0	0.0	0.3877654806772868	0.008841261262638261	bos_eos	seed_42,seed_43,seed_44
1_10_tran_V_valency	10_1_10_tran_V_valency	fig:heatmap-10-tran-v-valency	1.10 Transitive V valency	88_vos_ng_er_b_se	vos	ng	erg-abs	balancing	sent	vos	VS	VPA	100	0.7533333333333333	0.01527525231651948	75.33333333333333	1.5275252316519468	0.74	0.77	0.0	0.0	0.4432061751683553	0.01086638370132966	bos_eos	seed_42,seed_43,seed_44
1_10_tran_V_valency	10_1_10_tran_V_valency	fig:heatmap-10-tran-v-valency	1.10 Transitive V valency	89_vos_ng_er_b_pa	vos	ng	erg-abs	balancing	poss-acc	vos	VS	VPA	100	0.7766666666666667	0.025166114784235857	77.66666666666667	2.516611478423583	0.75	0.8	0.0	0.0	0.43926048835118614	0.04193009359331212	bos_eos	seed_42,seed_43,seed_44
1_10_tran_V_valency	10_1_10_tran_V_valency	fig:heatmap-10-tran-v-valency	1.10 Transitive V valency	90_vos_ng_er_b_ep	vos	ng	erg-abs	balancing	erg-poss	vos	VS	VPA	100	0.78	0.020000000000000018	78.0	2.0	0.76	0.8	0.0	0.0	0.44220598459243776	0.008959698105272229	bos_eos	seed_42,seed_43,seed_44
1_10_tran_V_valency	10_1_10_tran_V_valency	fig:heatmap-10-tran-v-valency	1.10 Transitive V valency	91_vos_ng_er_b_no	vos	ng	erg-abs	balancing	nomn	vos	VS	VPA	100	0.77	0.036055512754639925	77.0	3.605551275463989	0.74	0.81	0.0	0.0	0.45258026758829756	0.011596242561750932	bos_eos	seed_42,seed_43,seed_44
1_10_tran_V_valency	10_1_10_tran_V_valency	fig:heatmap-10-tran-v-valency	1.10 Transitive V valency	92_vos_ng_er_d_se	vos	ng	erg-abs	deranking	sent	vos	VS	VPA	100	0.7833333333333333	0.01527525231651948	78.33333333333333	1.5275252316519468	0.77	0.8	0.0	0.0	0.4702506629625956	0.010074144300409994	bos_eos	seed_42,seed_43,seed_44
1_10_tran_V_valency	10_1_10_tran_V_valency	fig:heatmap-10-tran-v-valency	1.10 Transitive V valency	93_vos_ng_er_d_pa	vos	ng	erg-abs	deranking	poss-acc	vos	VS	VPA	100	0.7866666666666667	0.01527525231651948	78.66666666666667	1.5275252316519468	0.77	0.8	0.0	0.0	0.42148393948872886	0.012392374989044799	bos_eos	seed_42,seed_43,seed_44
1_10_tran_V_valency	10_1_10_tran_V_valency	fig:heatmap-10-tran-v-valency	1.10 Transitive V valency	94_vos_ng_er_d_ep	vos	ng	erg-abs	deranking	erg-poss	vos	VS	VPA	100	0.79	0.017320508075688787	79.0	1.7320508075688772	0.77	0.8	0.0	0.0	0.461238055229187	0.020305920701164843	bos_eos	seed_42,seed_43,seed_44
1_10_tran_V_valency	10_1_10_tran_V_valency	fig:heatmap-10-tran-v-valency	1.10 Transitive V valency	95_vos_ng_er_d_no	vos	ng	erg-abs	deranking	nomn	vos	VS	VPA	100	0.77	0.0	77.0	0.0	0.77	0.77	0.0	0.0	0.4276696109771729	0.02284376960411403	bos_eos	seed_42,seed_43,seed_44
2_1_intran_gen_marker	11_2_1_intran_gen_marker	fig:heatmap-11-intran-gen-marker	2.1 Intransitive genitive marker	00_sov_gn_ac_b_se	sov	gn	nom-acc	balancing	sent	sov	SV	APV	100	0.9766666666666667	0.005773502691896263	97.66666666666667	0.5773502691896257	0.97	0.98	0.0	0.0	1.6053333870569866	0.09302896117619044	bos_eos	seed_42,seed_43,seed_44
2_1_intran_gen_marker	11_2_1_intran_gen_marker	fig:heatmap-11-intran-gen-marker	2.1 Intransitive genitive marker	01_sov_gn_ac_b_pa	sov	gn	nom-acc	balancing	poss-acc	sov	SV	APV	100	0.9733333333333333	0.01527525231651948	97.33333333333333	1.5275252316519468	0.96	0.99	0.0	0.0	1.6759545954068502	0.1102001514462458	bos_eos	seed_42,seed_43,seed_44
2_1_intran_gen_marker	11_2_1_intran_gen_marker	fig:heatmap-11-intran-gen-marker	2.1 Intransitive genitive marker	02_sov_gn_ac_b_ep	sov	gn	nom-acc	balancing	erg-poss	sov	SV	APV	100	0.97	0.017320508075688787	97.0	1.7320508075688772	0.95	0.98	0.0	0.0	1.6956720105806986	0.12160938995299213	bos_eos	seed_42,seed_43,seed_44
2_1_intran_gen_marker	11_2_1_intran_gen_marker	fig:heatmap-11-intran-gen-marker	2.1 Intransitive genitive marker	03_sov_gn_ac_b_no	sov	gn	nom-acc	balancing	nomn	sov	SV	APV	100	0.9733333333333333	0.005773502691896263	97.33333333333333	0.5773502691896257	0.97	0.98	0.0	0.0	1.750504554907481	0.09297438378288718	bos_eos	seed_42,seed_43,seed_44
2_1_intran_gen_marker	11_2_1_intran_gen_marker	fig:heatmap-11-intran-gen-marker	2.1 Intransitive genitive marker	04_sov_gn_ac_d_se	sov	gn	nom-acc	deranking	sent	sov	SV	APV	100	0.9766666666666667	0.011547005383792526	97.66666666666667	1.1547005383792515	0.97	0.99	0.0	0.0	1.6695226613680523	0.019512034317114773	bos_eos	seed_42,seed_43,seed_44
2_1_intran_gen_marker	11_2_1_intran_gen_marker	fig:heatmap-11-intran-gen-marker	2.1 Intransitive genitive marker	05_sov_gn_ac_d_pa	sov	gn	nom-acc	deranking	poss-acc	sov	SV	APV	100	0.98	0.020000000000000018	98.0	2.0	0.96	1.0	0.0	0.0	1.727318166891734	0.047687959980546216	bos_eos	seed_42,seed_43,seed_44
2_1_intran_gen_marker	11_2_1_intran_gen_marker	fig:heatmap-11-intran-gen-marker	2.1 Intransitive genitive marker	06_sov_gn_ac_d_ep	sov	gn	nom-acc	deranking	erg-poss	sov	SV	APV	100	0.9733333333333333	0.01527525231651948	97.33333333333333	1.5275252316519468	0.96	0.99	0.0	0.0	1.8838733530044556	0.056958657222126965	bos_eos	seed_42,seed_43,seed_44
2_1_intran_gen_marker	11_2_1_intran_gen_marker	fig:heatmap-11-intran-gen-marker	2.1 Intransitive genitive marker	07_sov_gn_ac_d_no	sov	gn	nom-acc	deranking	nomn	sov	SV	APV	100	0.9766666666666667	0.005773502691896263	97.66666666666667	0.5773502691896257	0.97	0.98	0.0	0.0	1.9965797829627991	0.07934566532891488	bos_eos	seed_42,seed_43,seed_44
2_1_intran_gen_marker	11_2_1_intran_gen_marker	fig:heatmap-11-intran-gen-marker	2.1 Intransitive genitive marker	08_sov_gn_er_b_se	sov	gn	erg-abs	balancing	sent	sov	SV	APV	100	0.75	0.010000000000000009	75.0	1.0	0.74	0.76	0.0	0.0	1.0674498136838277	0.02731972538561198	bos_eos	seed_42,seed_43,seed_44
2_1_intran_gen_marker	11_2_1_intran_gen_marker	fig:heatmap-11-intran-gen-marker	2.1 Intransitive genitive marker	09_sov_gn_er_b_pa	sov	gn	erg-abs	balancing	poss-acc	sov	SV	APV	100	0.7533333333333333	0.011547005383792526	75.33333333333333	1.1547005383792515	0.74	0.76	0.0	0.0	1.1714241417249043	0.04740528316792982	bos_eos	seed_42,seed_43,seed_44
2_1_intran_gen_marker	11_2_1_intran_gen_marker	fig:heatmap-11-intran-gen-marker	2.1 Intransitive genitive marker	10_sov_gn_er_b_ep	sov	gn	erg-abs	balancing	erg-poss	sov	SV	APV	100	0.7533333333333333	0.011547005383792526	75.33333333333333	1.1547005383792515	0.74	0.76	0.0	0.0	1.2108647664388021	0.008853476098248285	bos_eos	seed_42,seed_43,seed_44
2_1_intran_gen_marker	11_2_1_intran_gen_marker	fig:heatmap-11-intran-gen-marker	2.1 Intransitive genitive marker	11_sov_gn_er_b_no	sov	gn	erg-abs	balancing	nomn	sov	SV	APV	100	0.7533333333333333	0.011547005383792526	75.33333333333333	1.1547005383792515	0.74	0.76	0.0	0.0	1.216364523569743	0.007680558134264158	bos_eos	seed_42,seed_43,seed_44
2_1_intran_gen_marker	11_2_1_intran_gen_marker	fig:heatmap-11-intran-gen-marker	2.1 Intransitive genitive marker	12_sov_gn_er_d_se	sov	gn	erg-abs	deranking	sent	sov	SV	APV	100	0.7566666666666667	0.020816659994661348	75.66666666666667	2.0816659994661326	0.74	0.78	0.0	0.0	1.13738489707311	0.017577890952237465	bos_eos	seed_42,seed_43,seed_44
2_1_intran_gen_marker	11_2_1_intran_gen_marker	fig:heatmap-11-intran-gen-marker	2.1 Intransitive genitive marker	13_sov_gn_er_d_pa	sov	gn	erg-abs	deranking	poss-acc	sov	SV	APV	100	0.7666666666666667	0.01527525231651948	76.66666666666667	1.5275252316519468	0.75	0.78	0.0	0.0	1.2234403292338054	0.08046174330644042	bos_eos	seed_42,seed_43,seed_44
2_1_intran_gen_marker	11_2_1_intran_gen_marker	fig:heatmap-11-intran-gen-marker	2.1 Intransitive genitive marker	14_sov_gn_er_d_ep	sov	gn	erg-abs	deranking	erg-poss	sov	SV	APV	100	0.77	0.017320508075688787	77.0	1.7320508075688772	0.75	0.78	0.0	0.0	1.2865192890167236	0.06490722215738562	bos_eos	seed_42,seed_43,seed_44
2_1_intran_gen_marker	11_2_1_intran_gen_marker	fig:heatmap-11-intran-gen-marker	2.1 Intransitive genitive marker	15_sov_gn_er_d_no	sov	gn	erg-abs	deranking	nomn	sov	SV	APV	100	0.7666666666666667	0.005773502691896263	76.66666666666667	0.5773502691896257	0.76	0.77	0.0	0.0	1.2787107237180073	0.07018051597665229	bos_eos	seed_42,seed_43,seed_44
2_1_intran_gen_marker	11_2_1_intran_gen_marker	fig:heatmap-11-intran-gen-marker	2.1 Intransitive genitive marker	16_sov_ng_ac_b_se	sov	ng	nom-acc	balancing	sent	sov	SV	APV	100	0.7333333333333333	0.011547005383792526	73.33333333333333	1.1547005383792515	0.72	0.74	0.0	0.0	0.7708727812767029	0.020213174536016117	bos_eos	seed_42,seed_43,seed_44
2_1_intran_gen_marker	11_2_1_intran_gen_marker	fig:heatmap-11-intran-gen-marker	2.1 Intransitive genitive marker	17_sov_ng_ac_b_pa	sov	ng	nom-acc	balancing	poss-acc	ovs	VS	PVA	100	0.74	0.010000000000000009	74.0	1.0	0.73	0.75	0.0	0.0	0.8948579621315003	0.029711478555846885	bos_eos	seed_42,seed_43,seed_44
2_1_intran_gen_marker	11_2_1_intran_gen_marker	fig:heatmap-11-intran-gen-marker	2.1 Intransitive genitive marker	18_sov_ng_ac_b_ep	sov	ng	nom-acc	balancing	erg-poss	vos	VS	AVP	100	0.76	0.017320508075688787	76.0	1.7320508075688772	0.74	0.77	0.0	0.0	0.8565310907363891	0.04384526039109091	bos_eos	seed_42,seed_43,seed_44
2_1_intran_gen_marker	11_2_1_intran_gen_marker	fig:heatmap-11-intran-gen-marker	2.1 Intransitive genitive marker	19_sov_ng_ac_b_no	sov	ng	nom-acc	balancing	nomn	ovs	VS	PVA	100	0.7466666666666667	0.028867513459481315	74.66666666666667	2.886751345948129	0.73	0.78	0.0	0.0	0.8627663707733154	0.09990595251875288	bos_eos	seed_42,seed_43,seed_44
2_1_intran_gen_marker	11_2_1_intran_gen_marker	fig:heatmap-11-intran-gen-marker	2.1 Intransitive genitive marker	20_sov_ng_ac_d_se	sov	ng	nom-acc	deranking	sent	sov	SV	APV	100	0.74	0.026457513110645932	74.0	2.6457513110645907	0.72	0.77	0.0	0.0	0.9297753500938416	0.05876254440293341	bos_eos	seed_42,seed_43,seed_44
2_1_intran_gen_marker	11_2_1_intran_gen_marker	fig:heatmap-11-intran-gen-marker	2.1 Intransitive genitive marker	21_sov_ng_ac_d_pa	sov	ng	nom-acc	deranking	poss-acc	ovs	VS	PVA	100	0.7566666666666667	0.041633319989322695	75.66666666666667	4.163331998932265	0.71	0.79	0.0	0.0	0.9548820694287617	0.03189030570723997	bos_eos	seed_42,seed_43,seed_44
2_1_intran_gen_marker	11_2_1_intran_gen_marker	fig:heatmap-11-intran-gen-marker	2.1 Intransitive genitive marker	22_sov_ng_ac_d_ep	sov	ng	nom-acc	deranking	erg-poss	vos	VS	AVP	100	0.7666666666666667	0.020816659994661348	76.66666666666667	2.0816659994661326	0.75	0.79	0.0	0.0	1.0100785088539124	0.10740872067633461	bos_eos	seed_42,seed_43,seed_44
2_1_intran_gen_marker	11_2_1_intran_gen_marker	fig:heatmap-11-intran-gen-marker	2.1 Intransitive genitive marker	23_sov_ng_ac_d_no	sov	ng	nom-acc	deranking	nomn	ovs	VS	PVA	100	0.7633333333333333	0.011547005383792526	76.33333333333333	1.1547005383792515	0.75	0.77	0.0	0.0	0.9787238470713298	0.05087536256636099	bos_eos	seed_42,seed_43,seed_44
2_1_intran_gen_marker	11_2_1_intran_gen_marker	fig:heatmap-11-intran-gen-marker	2.1 Intransitive genitive marker	24_sov_ng_er_b_se	sov	ng	erg-abs	balancing	sent	sov	SV	APV	100	0.8833333333333333	0.03785938897200186	88.33333333333333	3.7859388972001824	0.84	0.91	0.0	0.0	1.5340574423472086	0.1563643474465509	bos_eos	seed_42,seed_43,seed_44
2_1_intran_gen_marker	11_2_1_intran_gen_marker	fig:heatmap-11-intran-gen-marker	2.1 Intransitive genitive marker	25_sov_ng_er_b_pa	sov	ng	erg-abs	balancing	poss-acc	ovs	VS	PVA	100	0.9233333333333333	0.025166114784235794	92.33333333333333	2.516611478423583	0.9	0.95	0.0	0.0	1.7643865871429443	0.23288655057314916	bos_eos	seed_42,seed_43,seed_44
2_1_intran_gen_marker	11_2_1_intran_gen_marker	fig:heatmap-11-intran-gen-marker	2.1 Intransitive genitive marker	26_sov_ng_er_b_ep	sov	ng	erg-abs	balancing	erg-poss	vos	VS	AVP	100	0.9233333333333333	0.01527525231651942	92.33333333333333	1.5275252316519468	0.91	0.94	0.0	0.0	1.6663918423652648	0.10500401786620382	bos_eos	seed_42,seed_43,seed_44
2_1_intran_gen_marker	11_2_1_intran_gen_marker	fig:heatmap-11-intran-gen-marker	2.1 Intransitive genitive marker	27_sov_ng_er_b_no	sov	ng	erg-abs	balancing	nomn	ovs	VS	PVA	100	0.91	0.020000000000000018	91.0	2.0	0.89	0.93	0.0	0.0	1.699742865562439	0.21107169109786672	bos_eos	seed_42,seed_43,seed_44
2_1_intran_gen_marker	11_2_1_intran_gen_marker	fig:heatmap-11-intran-gen-marker	2.1 Intransitive genitive marker	28_sov_ng_er_d_se	sov	ng	erg-abs	deranking	sent	sov	SV	APV	100	0.8966666666666667	0.03055050463303896	89.66666666666667	3.0550504633038935	0.87	0.93	0.0	0.0	1.5135905289649962	0.0733140927610497	bos_eos	seed_42,seed_43,seed_44
2_1_intran_gen_marker	11_2_1_intran_gen_marker	fig:heatmap-11-intran-gen-marker	2.1 Intransitive genitive marker	29_sov_ng_er_d_pa	sov	ng	erg-abs	deranking	poss-acc	ovs	VS	PVA	100	0.91	0.010000000000000009	91.0	1.0	0.9	0.92	0.0	0.0	1.504338714281718	0.13926919385986858	bos_eos	seed_42,seed_43,seed_44
2_1_intran_gen_marker	11_2_1_intran_gen_marker	fig:heatmap-11-intran-gen-marker	2.1 Intransitive genitive marker	30_sov_ng_er_d_ep	sov	ng	erg-abs	deranking	erg-poss	vos	VS	AVP	100	0.9333333333333333	0.020816659994661285	93.33333333333333	2.0816659994661326	0.91	0.95	0.0	0.0	1.7030547467867534	0.06461048908757444	bos_eos	seed_42,seed_43,seed_44
2_1_intran_gen_marker	11_2_1_intran_gen_marker	fig:heatmap-11-intran-gen-marker	2.1 Intransitive genitive marker	31_sov_ng_er_d_no	sov	ng	erg-abs	deranking	nomn	ovs	VS	PVA	100	0.9266666666666667	0.005773502691896263	92.66666666666667	0.5773502691896257	0.92	0.93	0.0	0.0	1.7286599206924438	0.020991258751202536	bos_eos	seed_42,seed_43,seed_44
2_1_intran_gen_marker	11_2_1_intran_gen_marker	fig:heatmap-11-intran-gen-marker	2.1 Intransitive genitive marker	32_svo_gn_ac_b_se	svo	gn	nom-acc	balancing	sent	svo	SV	AVP	100	0.9966666666666667	0.005773502691896263	99.66666666666667	0.5773502691896257	0.99	1.0	0.0	0.0	2.2038758317629497	0.04250012415745538	bos_eos	seed_42,seed_43,seed_44
2_1_intran_gen_marker	11_2_1_intran_gen_marker	fig:heatmap-11-intran-gen-marker	2.1 Intransitive genitive marker	33_svo_gn_ac_b_pa	svo	gn	nom-acc	balancing	poss-acc	svo	SV	AVP	100	0.9933333333333333	0.005773502691896263	99.33333333333333	0.5773502691896257	0.99	1.0	0.0	0.0	2.3009499645233156	0.07374905356877683	bos_eos	seed_42,seed_43,seed_44
2_1_intran_gen_marker	11_2_1_intran_gen_marker	fig:heatmap-11-intran-gen-marker	2.1 Intransitive genitive marker	34_svo_gn_ac_b_ep	svo	gn	nom-acc	balancing	erg-poss	sov	SV	PVA	100	1.0	0.0	100.0	0.0	1.0	1.0	0.0	0.0	2.321542801062266	0.1436814404621504	bos_eos	seed_42,seed_43,seed_44
2_1_intran_gen_marker	11_2_1_intran_gen_marker	fig:heatmap-11-intran-gen-marker	2.1 Intransitive genitive marker	35_svo_gn_ac_b_no	svo	gn	nom-acc	balancing	nomn	svo	SV	AVP	100	0.9933333333333333	0.005773502691896263	99.33333333333333	0.5773502691896257	0.99	1.0	0.0	0.0	2.239384888013204	0.05132782295996433	bos_eos	seed_42,seed_43,seed_44
2_1_intran_gen_marker	11_2_1_intran_gen_marker	fig:heatmap-11-intran-gen-marker	2.1 Intransitive genitive marker	36_svo_gn_ac_d_se	svo	gn	nom-acc	deranking	sent	svo	SV	AVP	100	0.99	0.010000000000000009	99.0	1.0	0.98	1.0	0.0	0.0	2.07825936237971	0.1294070121899475	bos_eos	seed_42,seed_43,seed_44
2_1_intran_gen_marker	11_2_1_intran_gen_marker	fig:heatmap-11-intran-gen-marker	2.1 Intransitive genitive marker	37_svo_gn_ac_d_pa	svo	gn	nom-acc	deranking	poss-acc	svo	SV	AVP	100	0.9966666666666667	0.005773502691896263	99.66666666666667	0.5773502691896257	0.99	1.0	0.0	0.0	2.172737429936727	0.028086378464331475	bos_eos	seed_42,seed_43,seed_44
2_1_intran_gen_marker	11_2_1_intran_gen_marker	fig:heatmap-11-intran-gen-marker	2.1 Intransitive genitive marker	38_svo_gn_ac_d_ep	svo	gn	nom-acc	deranking	erg-poss	sov	SV	PVA	100	0.9966666666666667	0.005773502691896263	99.66666666666667	0.5773502691896257	0.99	1.0	0.0	0.0	2.1917382081349692	0.20958805126901653	bos_eos	seed_42,seed_43,seed_44
2_1_intran_gen_marker	11_2_1_intran_gen_marker	fig:heatmap-11-intran-gen-marker	2.1 Intransitive genitive marker	39_svo_gn_ac_d_no	svo	gn	nom-acc	deranking	nomn	svo	SV	AVP	100	0.9933333333333333	0.005773502691896263	99.33333333333333	0.5773502691896257	0.99	1.0	0.0	0.0	2.117316969235738	0.2257221239703453	bos_eos	seed_42,seed_43,seed_44
2_1_intran_gen_marker	11_2_1_intran_gen_marker	fig:heatmap-11-intran-gen-marker	2.1 Intransitive genitive marker	40_svo_gn_er_b_se	svo	gn	erg-abs	balancing	sent	svo	SV	AVP	100	0.9733333333333333	0.028867513459481315	97.33333333333333	2.886751345948129	0.94	0.99	0.0	0.0	1.6930867584546407	0.024568110292082355	bos_eos	seed_42,seed_43,seed_44
2_1_intran_gen_marker	11_2_1_intran_gen_marker	fig:heatmap-11-intran-gen-marker	2.1 Intransitive genitive marker	41_svo_gn_er_b_pa	svo	gn	erg-abs	balancing	poss-acc	svo	SV	AVP	100	0.9933333333333333	0.005773502691896263	99.33333333333333	0.5773502691896257	0.99	1.0	0.0	0.0	2.0279759891827904	0.0611768992598107	bos_eos	seed_42,seed_43,seed_44
2_1_intran_gen_marker	11_2_1_intran_gen_marker	fig:heatmap-11-intran-gen-marker	2.1 Intransitive genitive marker	42_svo_gn_er_b_ep	svo	gn	erg-abs	balancing	erg-poss	sov	SV	PVA	100	0.99	0.010000000000000009	99.0	1.0	0.98	1.0	0.0	0.0	2.042741854985555	0.09524135183204496	bos_eos	seed_42,seed_43,seed_44
2_1_intran_gen_marker	11_2_1_intran_gen_marker	fig:heatmap-11-intran-gen-marker	2.1 Intransitive genitive marker	43_svo_gn_er_b_no	svo	gn	erg-abs	balancing	nomn	svo	SV	AVP	100	0.9933333333333333	0.011547005383792526	99.33333333333333	1.1547005383792515	0.98	1.0	0.0	0.0	2.0096970486640933	0.09365178402896662	bos_eos	seed_42,seed_43,seed_44
2_1_intran_gen_marker	11_2_1_intran_gen_marker	fig:heatmap-11-intran-gen-marker	2.1 Intransitive genitive marker	44_svo_gn_er_d_se	svo	gn	erg-abs	deranking	sent	svo	SV	AVP	100	0.9966666666666667	0.005773502691896263	99.66666666666667	0.5773502691896257	0.99	1.0	0.0	0.0	1.8267392031351726	0.07541340767438076	bos_eos	seed_42,seed_43,seed_44
2_1_intran_gen_marker	11_2_1_intran_gen_marker	fig:heatmap-11-intran-gen-marker	2.1 Intransitive genitive marker	45_svo_gn_er_d_pa	svo	gn	erg-abs	deranking	poss-acc	svo	SV	AVP	100	0.9933333333333333	0.005773502691896263	99.33333333333333	0.5773502691896257	0.99	1.0	0.0	0.0	2.0656304581960043	0.10002832201371337	bos_eos	seed_42,seed_43,seed_44
2_1_intran_gen_marker	11_2_1_intran_gen_marker	fig:heatmap-11-intran-gen-marker	2.1 Intransitive genitive marker	46_svo_gn_er_d_ep	svo	gn	erg-abs	deranking	erg-poss	sov	SV	PVA	100	0.9933333333333333	0.005773502691896263	99.33333333333333	0.5773502691896257	0.99	1.0	0.0	0.0	2.2383610375722247	0.13149072318499377	bos_eos	seed_42,seed_43,seed_44
2_1_intran_gen_marker	11_2_1_intran_gen_marker	fig:heatmap-11-intran-gen-marker	2.1 Intransitive genitive marker	47_svo_gn_er_d_no	svo	gn	erg-abs	deranking	nomn	svo	SV	AVP	100	0.9933333333333333	0.005773502691896263	99.33333333333333	0.5773502691896257	0.99	1.0	0.0	0.0	2.1077825252215066	0.05172042654422075	bos_eos	seed_42,seed_43,seed_44
2_1_intran_gen_marker	11_2_1_intran_gen_marker	fig:heatmap-11-intran-gen-marker	2.1 Intransitive genitive marker	48_svo_ng_ac_b_se	svo	ng	nom-acc	balancing	sent	svo	SV	AVP	100	0.95	0.0	95.0	0.0	0.95	0.95	0.0	0.0	2.018107496102651	0.06260703799770742	bos_eos	seed_42,seed_43,seed_44
2_1_intran_gen_marker	11_2_1_intran_gen_marker	fig:heatmap-11-intran-gen-marker	2.1 Intransitive genitive marker	49_svo_ng_ac_b_pa	svo	ng	nom-acc	balancing	poss-acc	vos	VS	VPA	100	0.93	0.019999999999999962	93.0	2.0	0.91	0.95	0.0	0.0	1.9237841852506001	0.09854627495712875	bos_eos	seed_42,seed_43,seed_44
2_1_intran_gen_marker	11_2_1_intran_gen_marker	fig:heatmap-11-intran-gen-marker	2.1 Intransitive genitive marker	50_svo_ng_ac_b_ep	svo	ng	nom-acc	balancing	erg-poss	vos	VS	VPA	100	0.97	0.010000000000000009	97.0	1.0	0.96	0.98	0.0	0.0	2.398370690345764	0.13809288608234635	bos_eos	seed_42,seed_43,seed_44
2_1_intran_gen_marker	11_2_1_intran_gen_marker	fig:heatmap-11-intran-gen-marker	2.1 Intransitive genitive marker	51_svo_ng_ac_b_no	svo	ng	nom-acc	balancing	nomn	vos	VS	VPA	100	0.9666666666666667	0.03055050463303896	96.66666666666667	3.0550504633038935	0.94	1.0	0.0	0.0	2.283778553009033	0.04472448519821535	bos_eos	seed_42,seed_43,seed_44
2_1_intran_gen_marker	11_2_1_intran_gen_marker	fig:heatmap-11-intran-gen-marker	2.1 Intransitive genitive marker	52_svo_ng_ac_d_se	svo	ng	nom-acc	deranking	sent	svo	SV	AVP	100	0.9433333333333334	0.011547005383792462	94.33333333333334	1.1547005383792515	0.93	0.95	0.0	0.0	1.91471923828125	0.10954392026337396	bos_eos	seed_42,seed_43,seed_44
2_1_intran_gen_marker	11_2_1_intran_gen_marker	fig:heatmap-11-intran-gen-marker	2.1 Intransitive genitive marker	53_svo_ng_ac_d_pa	svo	ng	nom-acc	deranking	poss-acc	vos	VS	VPA	100	0.9433333333333332	0.005773502691896263	94.33333333333333	0.5773502691896257	0.94	0.95	0.0	0.0	1.8610025286674499	0.18197014429299804	bos_eos	seed_42,seed_43,seed_44
2_1_intran_gen_marker	11_2_1_intran_gen_marker	fig:heatmap-11-intran-gen-marker	2.1 Intransitive genitive marker	54_svo_ng_ac_d_ep	svo	ng	nom-acc	deranking	erg-poss	vos	VS	VPA	100	0.95	0.010000000000000009	95.0	1.0	0.94	0.96	0.0	0.0	2.208906830151876	0.1585915481273733	bos_eos	seed_42,seed_43,seed_44
2_1_intran_gen_marker	11_2_1_intran_gen_marker	fig:heatmap-11-intran-gen-marker	2.1 Intransitive genitive marker	55_svo_ng_ac_d_no	svo	ng	nom-acc	deranking	nomn	vos	VS	VPA	100	0.9566666666666667	0.011547005383792526	95.66666666666667	1.1547005383792515	0.95	0.97	0.0	0.0	2.247249120871226	0.031676253596431905	bos_eos	seed_42,seed_43,seed_44
2_1_intran_gen_marker	11_2_1_intran_gen_marker	fig:heatmap-11-intran-gen-marker	2.1 Intransitive genitive marker	56_svo_ng_er_b_se	svo	ng	erg-abs	balancing	sent	svo	SV	AVP	100	0.97	0.026457513110645932	97.0	2.6457513110645907	0.94	0.99	0.0	0.0	2.0662727959950766	0.2536220629351921	bos_eos	seed_42,seed_43,seed_44
2_1_intran_gen_marker	11_2_1_intran_gen_marker	fig:heatmap-11-intran-gen-marker	2.1 Intransitive genitive marker	57_svo_ng_er_b_pa	svo	ng	erg-abs	balancing	poss-acc	vos	VS	VPA	100	0.97	0.0	97.0	0.0	0.97	0.97	0.0	0.0	2.0580871534347533	0.25271197340167045	bos_eos	seed_42,seed_43,seed_44
2_1_intran_gen_marker	11_2_1_intran_gen_marker	fig:heatmap-11-intran-gen-marker	2.1 Intransitive genitive marker	58_svo_ng_er_b_ep	svo	ng	erg-abs	balancing	erg-poss	vos	VS	VPA	100	0.98	0.020000000000000018	98.0	2.0	0.96	1.0	0.0	0.0	2.3092040419578552	0.16367585467576995	bos_eos	seed_42,seed_43,seed_44
2_1_intran_gen_marker	11_2_1_intran_gen_marker	fig:heatmap-11-intran-gen-marker	2.1 Intransitive genitive marker	59_svo_ng_er_b_no	svo	ng	erg-abs	balancing	nomn	vos	VS	VPA	100	0.9633333333333334	0.03785938897200179	96.33333333333334	3.7859388972001824	0.92	0.99	0.0	0.0	2.2302164753278095	0.12871318576141785	bos_eos	seed_42,seed_43,seed_44
2_1_intran_gen_marker	11_2_1_intran_gen_marker	fig:heatmap-11-intran-gen-marker	2.1 Intransitive genitive marker	60_svo_ng_er_d_se	svo	ng	erg-abs	deranking	sent	svo	SV	AVP	100	0.9566666666666667	0.023094010767584987	95.66666666666667	2.309401076758503	0.93	0.97	0.0	0.0	1.8534871792793275	0.20506253083294224	bos_eos	seed_42,seed_43,seed_44
2_1_intran_gen_marker	11_2_1_intran_gen_marker	fig:heatmap-11-intran-gen-marker	2.1 Intransitive genitive marker	61_svo_ng_er_d_pa	svo	ng	erg-abs	deranking	poss-acc	vos	VS	VPA	100	0.9766666666666667	0.01527525231651948	97.66666666666667	1.5275252316519468	0.96	0.99	0.0	0.0	2.0547724167505903	0.24545352331167047	bos_eos	seed_42,seed_43,seed_44
2_1_intran_gen_marker	11_2_1_intran_gen_marker	fig:heatmap-11-intran-gen-marker	2.1 Intransitive genitive marker	62_svo_ng_er_d_ep	svo	ng	erg-abs	deranking	erg-poss	vos	VS	VPA	100	0.95	0.03605551275463986	95.0	3.605551275463989	0.91	0.98	0.0	0.0	1.860529015858968	0.22836893570179242	bos_eos	seed_42,seed_43,seed_44
2_1_intran_gen_marker	11_2_1_intran_gen_marker	fig:heatmap-11-intran-gen-marker	2.1 Intransitive genitive marker	63_svo_ng_er_d_no	svo	ng	erg-abs	deranking	nomn	vos	VS	VPA	100	0.9533333333333334	0.04041451884327378	95.33333333333334	4.041451884327381	0.91	0.99	0.0	0.0	1.9191981307665507	0.5924812841872588	bos_eos	seed_42,seed_43,seed_44
2_1_intran_gen_marker	11_2_1_intran_gen_marker	fig:heatmap-11-intran-gen-marker	2.1 Intransitive genitive marker	64_vos_gn_ac_b_se	vos	gn	nom-acc	balancing	sent	vos	VS	VPA	100	0.7666666666666667	0.025166114784235857	76.66666666666667	2.516611478423583	0.74	0.79	0.0	0.0	1.0273231371243794	0.047071424672146894	bos_eos	seed_42,seed_43,seed_44
2_1_intran_gen_marker	11_2_1_intran_gen_marker	fig:heatmap-11-intran-gen-marker	2.1 Intransitive genitive marker	65_vos_gn_ac_b_pa	vos	gn	nom-acc	balancing	poss-acc	svo	SV	AVP	100	0.7833333333333333	0.01527525231651948	78.33333333333333	1.5275252316519468	0.77	0.8	0.0	0.0	1.0807015323638915	0.015314677351003647	bos_eos	seed_42,seed_43,seed_44
2_1_intran_gen_marker	11_2_1_intran_gen_marker	fig:heatmap-11-intran-gen-marker	2.1 Intransitive genitive marker	66_vos_gn_ac_b_ep	vos	gn	nom-acc	balancing	erg-poss	sov	SV	PVA	100	0.7633333333333333	0.005773502691896263	76.33333333333333	0.5773502691896257	0.76	0.77	0.0	0.0	1.063018027941386	0.048782005988683354	bos_eos	seed_42,seed_43,seed_44
2_1_intran_gen_marker	11_2_1_intran_gen_marker	fig:heatmap-11-intran-gen-marker	2.1 Intransitive genitive marker	67_vos_gn_ac_b_no	vos	gn	nom-acc	balancing	nomn	svo	SV	AVP	100	0.7866666666666667	0.005773502691896263	78.66666666666667	0.5773502691896257	0.78	0.79	0.0	0.0	1.1051650667190551	0.030084729306875918	bos_eos	seed_42,seed_43,seed_44
2_1_intran_gen_marker	11_2_1_intran_gen_marker	fig:heatmap-11-intran-gen-marker	2.1 Intransitive genitive marker	68_vos_gn_ac_d_se	vos	gn	nom-acc	deranking	sent	vos	VS	VPA	100	0.7833333333333333	0.025166114784235857	78.33333333333333	2.516611478423583	0.76	0.81	0.0	0.0	1.0921868848800658	0.06883025034566607	bos_eos	seed_42,seed_43,seed_44
2_1_intran_gen_marker	11_2_1_intran_gen_marker	fig:heatmap-11-intran-gen-marker	2.1 Intransitive genitive marker	69_vos_gn_ac_d_pa	vos	gn	nom-acc	deranking	poss-acc	svo	SV	AVP	100	0.7866666666666667	0.005773502691896263	78.66666666666667	0.5773502691896257	0.78	0.79	0.0	0.0	1.1276586707433065	0.02090717347763656	bos_eos	seed_42,seed_43,seed_44
2_1_intran_gen_marker	11_2_1_intran_gen_marker	fig:heatmap-11-intran-gen-marker	2.1 Intransitive genitive marker	70_vos_gn_ac_d_ep	vos	gn	nom-acc	deranking	erg-poss	sov	SV	PVA	100	0.78	0.0	78.0	0.0	0.78	0.78	0.0	0.0	1.1341336178779602	0.038740906846493395	bos_eos	seed_42,seed_43,seed_44
2_1_intran_gen_marker	11_2_1_intran_gen_marker	fig:heatmap-11-intran-gen-marker	2.1 Intransitive genitive marker	71_vos_gn_ac_d_no	vos	gn	nom-acc	deranking	nomn	svo	SV	AVP	100	0.78	0.010000000000000009	78.0	1.0	0.77	0.79	0.0	0.0	1.1591237060228983	0.05540363407648448	bos_eos	seed_42,seed_43,seed_44
2_1_intran_gen_marker	11_2_1_intran_gen_marker	fig:heatmap-11-intran-gen-marker	2.1 Intransitive genitive marker	72_vos_gn_er_b_se	vos	gn	erg-abs	balancing	sent	vos	VS	VPA	100	0.9733333333333333	0.005773502691896263	97.33333333333333	0.5773502691896257	0.97	0.98	0.0	0.0	2.015401737689972	0.18419730667340423	bos_eos	seed_42,seed_43,seed_44
2_1_intran_gen_marker	11_2_1_intran_gen_marker	fig:heatmap-11-intran-gen-marker	2.1 Intransitive genitive marker	73_vos_gn_er_b_pa	vos	gn	erg-abs	balancing	poss-acc	svo	SV	AVP	100	0.9766666666666667	0.011547005383792526	97.66666666666667	1.1547005383792515	0.97	0.99	0.0	0.0	1.914012943903605	0.01922185107232282	bos_eos	seed_42,seed_43,seed_44
2_1_intran_gen_marker	11_2_1_intran_gen_marker	fig:heatmap-11-intran-gen-marker	2.1 Intransitive genitive marker	74_vos_gn_er_b_ep	vos	gn	erg-abs	balancing	erg-poss	sov	SV	PVA	100	0.9966666666666667	0.005773502691896263	99.66666666666667	0.5773502691896257	0.99	1.0	0.0	0.0	2.211424118677775	0.23386603100209358	bos_eos	seed_42,seed_43,seed_44
2_1_intran_gen_marker	11_2_1_intran_gen_marker	fig:heatmap-11-intran-gen-marker	2.1 Intransitive genitive marker	75_vos_gn_er_b_no	vos	gn	erg-abs	balancing	nomn	svo	SV	AVP	100	0.9933333333333333	0.011547005383792526	99.33333333333333	1.1547005383792515	0.98	1.0	0.0	0.0	2.2704556330045063	0.2711817448815572	bos_eos	seed_42,seed_43,seed_44
2_1_intran_gen_marker	11_2_1_intran_gen_marker	fig:heatmap-11-intran-gen-marker	2.1 Intransitive genitive marker	76_vos_gn_er_d_se	vos	gn	erg-abs	deranking	sent	vos	VS	VPA	100	0.98	0.010000000000000009	98.0	1.0	0.97	0.99	0.0	0.0	2.0526997232437134	0.13207217398275428	bos_eos	seed_42,seed_43,seed_44
2_1_intran_gen_marker	11_2_1_intran_gen_marker	fig:heatmap-11-intran-gen-marker	2.1 Intransitive genitive marker	77_vos_gn_er_d_pa	vos	gn	erg-abs	deranking	poss-acc	svo	SV	AVP	100	0.99	0.0	99.0	0.0	0.99	0.99	0.0	0.0	2.125752931435903	0.10295601020693064	bos_eos	seed_42,seed_43,seed_44
2_1_intran_gen_marker	11_2_1_intran_gen_marker	fig:heatmap-11-intran-gen-marker	2.1 Intransitive genitive marker	78_vos_gn_er_d_ep	vos	gn	erg-abs	deranking	erg-poss	sov	SV	PVA	100	0.98	0.010000000000000009	98.0	1.0	0.97	0.99	0.0	0.0	2.1649190187454224	0.12008196854650355	bos_eos	seed_42,seed_43,seed_44
2_1_intran_gen_marker	11_2_1_intran_gen_marker	fig:heatmap-11-intran-gen-marker	2.1 Intransitive genitive marker	79_vos_gn_er_d_no	vos	gn	erg-abs	deranking	nomn	svo	SV	AVP	100	0.99	0.017320508075688787	99.0	1.7320508075688772	0.97	1.0	0.0	0.0	2.145663870970408	0.11741484971339139	bos_eos	seed_42,seed_43,seed_44
2_1_intran_gen_marker	11_2_1_intran_gen_marker	fig:heatmap-11-intran-gen-marker	2.1 Intransitive genitive marker	80_vos_ng_ac_b_se	vos	ng	nom-acc	balancing	sent	vos	VS	VPA	100	0.86	0.020000000000000018	86.0	2.0	0.84	0.88	0.0	0.0	1.0935711336135865	0.12102333033886481	bos_eos	seed_42,seed_43,seed_44
2_1_intran_gen_marker	11_2_1_intran_gen_marker	fig:heatmap-11-intran-gen-marker	2.1 Intransitive genitive marker	81_vos_ng_ac_b_pa	vos	ng	nom-acc	balancing	poss-acc	vos	VS	VPA	100	0.8766666666666667	0.01527525231651948	87.66666666666667	1.5275252316519468	0.86	0.89	0.0	0.0	1.1103652763366698	0.08641162840710895	bos_eos	seed_42,seed_43,seed_44
2_1_intran_gen_marker	11_2_1_intran_gen_marker	fig:heatmap-11-intran-gen-marker	2.1 Intransitive genitive marker	82_vos_ng_ac_b_ep	vos	ng	nom-acc	balancing	erg-poss	vos	VS	VPA	100	0.8633333333333333	0.011547005383792526	86.33333333333333	1.1547005383792515	0.85	0.87	0.0	0.0	1.2027919300397236	0.031176833361191206	bos_eos	seed_42,seed_43,seed_44
2_1_intran_gen_marker	11_2_1_intran_gen_marker	fig:heatmap-11-intran-gen-marker	2.1 Intransitive genitive marker	83_vos_ng_ac_b_no	vos	ng	nom-acc	balancing	nomn	vos	VS	VPA	100	0.87	0.010000000000000009	87.0	1.0	0.86	0.88	0.0	0.0	1.202630798816681	0.09350198300283412	bos_eos	seed_42,seed_43,seed_44
2_1_intran_gen_marker	11_2_1_intran_gen_marker	fig:heatmap-11-intran-gen-marker	2.1 Intransitive genitive marker	84_vos_ng_ac_d_se	vos	ng	nom-acc	deranking	sent	vos	VS	VPA	100	0.8766666666666667	0.01527525231651948	87.66666666666667	1.5275252316519468	0.86	0.89	0.0	0.0	1.2788854098320006	0.0555817649209244	bos_eos	seed_42,seed_43,seed_44
2_1_intran_gen_marker	11_2_1_intran_gen_marker	fig:heatmap-11-intran-gen-marker	2.1 Intransitive genitive marker	85_vos_ng_ac_d_pa	vos	ng	nom-acc	deranking	poss-acc	vos	VS	VPA	100	0.88	0.034641016151377574	88.0	3.4641016151377544	0.86	0.92	0.0	0.0	1.282163105805715	0.11021813403289067	bos_eos	seed_42,seed_43,seed_44
2_1_intran_gen_marker	11_2_1_intran_gen_marker	fig:heatmap-11-intran-gen-marker	2.1 Intransitive genitive marker	86_vos_ng_ac_d_ep	vos	ng	nom-acc	deranking	erg-poss	vos	VS	VPA	100	0.9	0.010000000000000009	90.0	1.0	0.89	0.91	0.0	0.0	1.3826896953582763	0.11738091560032682	bos_eos	seed_42,seed_43,seed_44
2_1_intran_gen_marker	11_2_1_intran_gen_marker	fig:heatmap-11-intran-gen-marker	2.1 Intransitive genitive marker	87_vos_ng_ac_d_no	vos	ng	nom-acc	deranking	nomn	vos	VS	VPA	100	0.8833333333333333	0.005773502691896263	88.33333333333333	0.5773502691896257	0.88	0.89	0.0	0.0	1.3533437832196553	0.04937450022553279	bos_eos	seed_42,seed_43,seed_44
2_1_intran_gen_marker	11_2_1_intran_gen_marker	fig:heatmap-11-intran-gen-marker	2.1 Intransitive genitive marker	88_vos_ng_er_b_se	vos	ng	erg-abs	balancing	sent	vos	VS	VPA	100	0.77	0.020000000000000018	77.0	2.0	0.75	0.79	0.0	0.0	1.2057604781786602	0.15524801862112278	bos_eos	seed_42,seed_43,seed_44
2_1_intran_gen_marker	11_2_1_intran_gen_marker	fig:heatmap-11-intran-gen-marker	2.1 Intransitive genitive marker	89_vos_ng_er_b_pa	vos	ng	erg-abs	balancing	poss-acc	vos	VS	VPA	100	0.8033333333333333	0.005773502691896263	80.33333333333333	0.5773502691896257	0.8	0.81	0.0	0.0	1.2002272653579713	0.08087898751575084	bos_eos	seed_42,seed_43,seed_44
2_1_intran_gen_marker	11_2_1_intran_gen_marker	fig:heatmap-11-intran-gen-marker	2.1 Intransitive genitive marker	90_vos_ng_er_b_ep	vos	ng	erg-abs	balancing	erg-poss	vos	VS	VPA	100	0.7533333333333333	0.01527525231651948	75.33333333333333	1.5275252316519468	0.74	0.77	0.0	0.0	1.3148862663904826	0.07292300920246023	bos_eos	seed_42,seed_43,seed_44
2_1_intran_gen_marker	11_2_1_intran_gen_marker	fig:heatmap-11-intran-gen-marker	2.1 Intransitive genitive marker	91_vos_ng_er_b_no	vos	ng	erg-abs	balancing	nomn	vos	VS	VPA	100	0.7866666666666667	0.005773502691896263	78.66666666666667	0.5773502691896257	0.78	0.79	0.0	0.0	1.2897526415189107	0.07526422003357056	bos_eos	seed_42,seed_43,seed_44
2_1_intran_gen_marker	11_2_1_intran_gen_marker	fig:heatmap-11-intran-gen-marker	2.1 Intransitive genitive marker	92_vos_ng_er_d_se	vos	ng	erg-abs	deranking	sent	vos	VS	VPA	100	0.7633333333333333	0.005773502691896263	76.33333333333333	0.5773502691896257	0.76	0.77	0.0	0.0	1.2458573500315349	0.15665696409960927	bos_eos	seed_42,seed_43,seed_44
2_1_intran_gen_marker	11_2_1_intran_gen_marker	fig:heatmap-11-intran-gen-marker	2.1 Intransitive genitive marker	93_vos_ng_er_d_pa	vos	ng	erg-abs	deranking	poss-acc	vos	VS	VPA	100	0.78	0.010000000000000009	78.0	1.0	0.77	0.79	0.0	0.0	1.2980479701360066	0.0684678252127889	bos_eos	seed_42,seed_43,seed_44
2_1_intran_gen_marker	11_2_1_intran_gen_marker	fig:heatmap-11-intran-gen-marker	2.1 Intransitive genitive marker	94_vos_ng_er_d_ep	vos	ng	erg-abs	deranking	erg-poss	vos	VS	VPA	100	0.7833333333333333	0.01527525231651948	78.33333333333333	1.5275252316519468	0.77	0.8	0.0	0.0	1.3949890478452047	0.01385104237133901	bos_eos	seed_42,seed_43,seed_44
2_1_intran_gen_marker	11_2_1_intran_gen_marker	fig:heatmap-11-intran-gen-marker	2.1 Intransitive genitive marker	95_vos_ng_er_d_no	vos	ng	erg-abs	deranking	nomn	vos	VS	VPA	100	0.7833333333333333	0.03055050463303896	78.33333333333333	3.0550504633038935	0.75	0.81	0.0	0.0	1.3193027273813882	0.11338790935272157	bos_eos	seed_42,seed_43,seed_44
2_2_tran_gen_marker	12_2_2_tran_gen_marker	fig:heatmap-12-tran-gen-marker	2.2 Transitive genitive marker	00_sov_gn_ac_b_se	sov	gn	nom-acc	balancing	sent	sov	SV	APV	100	0.9533333333333333	0.01527525231651948	95.33333333333333	1.5275252316519468	0.94	0.97	0.0	0.0	0.952782355149587	0.030899602412474872	bos_eos	seed_42,seed_43,seed_44
2_2_tran_gen_marker	12_2_2_tran_gen_marker	fig:heatmap-12-tran-gen-marker	2.2 Transitive genitive marker	01_sov_gn_ac_b_pa	sov	gn	nom-acc	balancing	poss-acc	sov	SV	APV	100	0.93	0.009999999999999953	93.0	1.0	0.92	0.94	0.0	0.0	1.0172399584452312	0.047463927349699744	bos_eos	seed_42,seed_43,seed_44
2_2_tran_gen_marker	12_2_2_tran_gen_marker	fig:heatmap-12-tran-gen-marker	2.2 Transitive genitive marker	02_sov_gn_ac_b_ep	sov	gn	nom-acc	balancing	erg-poss	sov	SV	APV	100	0.9733333333333333	0.011547005383792526	97.33333333333333	1.1547005383792515	0.96	0.98	0.0	0.0	1.104559509754181	0.05350049085617593	bos_eos	seed_42,seed_43,seed_44
2_2_tran_gen_marker	12_2_2_tran_gen_marker	fig:heatmap-12-tran-gen-marker	2.2 Transitive genitive marker	03_sov_gn_ac_b_no	sov	gn	nom-acc	balancing	nomn	sov	SV	APV	100	0.9633333333333333	0.03214550253664321	96.33333333333333	3.2145502536643185	0.94	1.0	0.0	0.0	1.1479657157262166	0.047664845715122396	bos_eos	seed_42,seed_43,seed_44
2_2_tran_gen_marker	12_2_2_tran_gen_marker	fig:heatmap-12-tran-gen-marker	2.2 Transitive genitive marker	04_sov_gn_ac_d_se	sov	gn	nom-acc	deranking	sent	sov	SV	APV	100	0.94	0.0	94.0	0.0	0.94	0.94	0.0	0.0	0.9796136005719502	0.005290160285952394	bos_eos	seed_42,seed_43,seed_44
2_2_tran_gen_marker	12_2_2_tran_gen_marker	fig:heatmap-12-tran-gen-marker	2.2 Transitive genitive marker	05_sov_gn_ac_d_pa	sov	gn	nom-acc	deranking	poss-acc	sov	SV	APV	100	0.9433333333333334	0.023094010767584987	94.33333333333334	2.309401076758503	0.93	0.97	0.0	0.0	1.0614229702949525	0.021367889252685963	bos_eos	seed_42,seed_43,seed_44
2_2_tran_gen_marker	12_2_2_tran_gen_marker	fig:heatmap-12-tran-gen-marker	2.2 Transitive genitive marker	06_sov_gn_ac_d_ep	sov	gn	nom-acc	deranking	erg-poss	sov	SV	APV	100	0.9633333333333333	0.020816659994661348	96.33333333333333	2.0816659994661326	0.94	0.98	0.0	0.0	1.1443690729141236	0.006950966734251747	bos_eos	seed_42,seed_43,seed_44
2_2_tran_gen_marker	12_2_2_tran_gen_marker	fig:heatmap-12-tran-gen-marker	2.2 Transitive genitive marker	07_sov_gn_ac_d_no	sov	gn	nom-acc	deranking	nomn	sov	SV	APV	100	0.9866666666666667	0.005773502691896263	98.66666666666667	0.5773502691896257	0.98	0.99	0.0	0.0	1.216789706548055	0.039592738038074386	bos_eos	seed_42,seed_43,seed_44
2_2_tran_gen_marker	12_2_2_tran_gen_marker	fig:heatmap-12-tran-gen-marker	2.2 Transitive genitive marker	08_sov_gn_er_b_se	sov	gn	erg-abs	balancing	sent	sov	SV	APV	100	0.8366666666666667	0.01527525231651948	83.66666666666667	1.5275252316519468	0.82	0.85	0.0	0.0	0.7378984427452088	0.03358956067578483	bos_eos	seed_42,seed_43,seed_44
2_2_tran_gen_marker	12_2_2_tran_gen_marker	fig:heatmap-12-tran-gen-marker	2.2 Transitive genitive marker	09_sov_gn_er_b_pa	sov	gn	erg-abs	balancing	poss-acc	sov	SV	APV	100	0.8266666666666667	0.020816659994661302	82.66666666666667	2.0816659994661326	0.81	0.85	0.0	0.0	0.8767980170249939	0.013068656237020722	bos_eos	seed_42,seed_43,seed_44
2_2_tran_gen_marker	12_2_2_tran_gen_marker	fig:heatmap-12-tran-gen-marker	2.2 Transitive genitive marker	10_sov_gn_er_b_ep	sov	gn	erg-abs	balancing	erg-poss	sov	SV	APV	100	0.8433333333333333	0.025166114784235857	84.33333333333333	2.516611478423583	0.82	0.87	0.0	0.0	0.910846606095632	0.04749412039272881	bos_eos	seed_42,seed_43,seed_44
2_2_tran_gen_marker	12_2_2_tran_gen_marker	fig:heatmap-12-tran-gen-marker	2.2 Transitive genitive marker	11_sov_gn_er_b_no	sov	gn	erg-abs	balancing	nomn	sov	SV	APV	100	0.8233333333333334	0.023094010767584987	82.33333333333334	2.309401076758503	0.81	0.85	0.0	0.0	0.887900881767273	0.00604446636275657	bos_eos	seed_42,seed_43,seed_44
2_2_tran_gen_marker	12_2_2_tran_gen_marker	fig:heatmap-12-tran-gen-marker	2.2 Transitive genitive marker	12_sov_gn_er_d_se	sov	gn	erg-abs	deranking	sent	sov	SV	APV	100	0.8433333333333333	0.025166114784235857	84.33333333333333	2.516611478423583	0.82	0.87	0.0	0.0	0.7765531659126282	0.03506701838658495	bos_eos	seed_42,seed_43,seed_44
2_2_tran_gen_marker	12_2_2_tran_gen_marker	fig:heatmap-12-tran-gen-marker	2.2 Transitive genitive marker	13_sov_gn_er_d_pa	sov	gn	erg-abs	deranking	poss-acc	sov	SV	APV	100	0.8333333333333334	0.047258156262526066	83.33333333333334	4.725815626252608	0.78	0.87	0.0	0.0	0.8965904474258423	0.07851133688357038	bos_eos	seed_42,seed_43,seed_44
2_2_tran_gen_marker	12_2_2_tran_gen_marker	fig:heatmap-12-tran-gen-marker	2.2 Transitive genitive marker	14_sov_gn_er_d_ep	sov	gn	erg-abs	deranking	erg-poss	sov	SV	APV	100	0.8833333333333333	0.01527525231651948	88.33333333333333	1.5275252316519468	0.87	0.9	0.0	0.0	0.9494899272918701	0.030355589104970288	bos_eos	seed_42,seed_43,seed_44
2_2_tran_gen_marker	12_2_2_tran_gen_marker	fig:heatmap-12-tran-gen-marker	2.2 Transitive genitive marker	15_sov_gn_er_d_no	sov	gn	erg-abs	deranking	nomn	sov	SV	APV	100	0.8533333333333334	0.04041451884327378	85.33333333333334	4.041451884327381	0.81	0.89	0.0	0.0	0.9351279083887736	0.03443051727165502	bos_eos	seed_42,seed_43,seed_44
2_2_tran_gen_marker	12_2_2_tran_gen_marker	fig:heatmap-12-tran-gen-marker	2.2 Transitive genitive marker	16_sov_ng_ac_b_se	sov	ng	nom-acc	balancing	sent	sov	SV	APV	100	0.8766666666666667	0.01527525231651948	87.66666666666667	1.5275252316519468	0.86	0.89	0.0	0.0	0.9748250325520833	0.03190405772866301	bos_eos	seed_42,seed_43,seed_44
2_2_tran_gen_marker	12_2_2_tran_gen_marker	fig:heatmap-12-tran-gen-marker	2.2 Transitive genitive marker	17_sov_ng_ac_b_pa	sov	ng	nom-acc	balancing	poss-acc	ovs	VS	PVA	100	0.88	0.010000000000000009	88.0	1.0	0.87	0.89	0.0	0.0	1.0205051040649415	0.05539489063393068	bos_eos	seed_42,seed_43,seed_44
2_2_tran_gen_marker	12_2_2_tran_gen_marker	fig:heatmap-12-tran-gen-marker	2.2 Transitive genitive marker	18_sov_ng_ac_b_ep	sov	ng	nom-acc	balancing	erg-poss	vos	VS	AVP	100	0.9033333333333333	0.005773502691896263	90.33333333333333	0.5773502691896257	0.9	0.91	0.0	0.0	1.1221866369247437	0.050370707854945844	bos_eos	seed_42,seed_43,seed_44
2_2_tran_gen_marker	12_2_2_tran_gen_marker	fig:heatmap-12-tran-gen-marker	2.2 Transitive genitive marker	19_sov_ng_ac_b_no	sov	ng	nom-acc	balancing	nomn	ovs	VS	PVA	100	0.9166666666666667	0.01527525231651948	91.66666666666667	1.5275252316519468	0.9	0.93	0.0	0.0	1.2004420193036398	0.07482329085863014	bos_eos	seed_42,seed_43,seed_44
2_2_tran_gen_marker	12_2_2_tran_gen_marker	fig:heatmap-12-tran-gen-marker	2.2 Transitive genitive marker	20_sov_ng_ac_d_se	sov	ng	nom-acc	deranking	sent	sov	SV	APV	100	0.8966666666666667	0.011547005383792526	89.66666666666667	1.1547005383792515	0.89	0.91	0.0	0.0	1.0913590041796366	0.0191876315810997	bos_eos	seed_42,seed_43,seed_44
2_2_tran_gen_marker	12_2_2_tran_gen_marker	fig:heatmap-12-tran-gen-marker	2.2 Transitive genitive marker	21_sov_ng_ac_d_pa	sov	ng	nom-acc	deranking	poss-acc	ovs	VS	PVA	100	0.9066666666666667	0.025166114784235857	90.66666666666667	2.516611478423583	0.88	0.93	0.0	0.0	1.0757832423845928	0.029866164799170047	bos_eos	seed_42,seed_43,seed_44
2_2_tran_gen_marker	12_2_2_tran_gen_marker	fig:heatmap-12-tran-gen-marker	2.2 Transitive genitive marker	22_sov_ng_ac_d_ep	sov	ng	nom-acc	deranking	erg-poss	vos	VS	AVP	100	0.91	0.010000000000000009	91.0	1.0	0.9	0.92	0.0	0.0	1.1593184049924214	0.013582179581398682	bos_eos	seed_42,seed_43,seed_44
2_2_tran_gen_marker	12_2_2_tran_gen_marker	fig:heatmap-12-tran-gen-marker	2.2 Transitive genitive marker	23_sov_ng_ac_d_no	sov	ng	nom-acc	deranking	nomn	ovs	VS	PVA	100	0.9266666666666666	0.020816659994661285	92.66666666666666	2.0816659994661326	0.91	0.95	0.0	0.0	1.1770118967692058	0.05751253181845772	bos_eos	seed_42,seed_43,seed_44
2_2_tran_gen_marker	12_2_2_tran_gen_marker	fig:heatmap-12-tran-gen-marker	2.2 Transitive genitive marker	24_sov_ng_er_b_se	sov	ng	erg-abs	balancing	sent	sov	SV	APV	100	0.7933333333333333	0.03214550253664315	79.33333333333333	3.2145502536643185	0.77	0.83	0.0	0.0	0.8831781689325968	0.03559978511313979	bos_eos	seed_42,seed_43,seed_44
2_2_tran_gen_marker	12_2_2_tran_gen_marker	fig:heatmap-12-tran-gen-marker	2.2 Transitive genitive marker	25_sov_ng_er_b_pa	sov	ng	erg-abs	balancing	poss-acc	ovs	VS	PVA	100	0.7966666666666667	0.005773502691896263	79.66666666666667	0.5773502691896257	0.79	0.8	0.0	0.0	1.0280655908584595	0.08463361322869135	bos_eos	seed_42,seed_43,seed_44
2_2_tran_gen_marker	12_2_2_tran_gen_marker	fig:heatmap-12-tran-gen-marker	2.2 Transitive genitive marker	26_sov_ng_er_b_ep	sov	ng	erg-abs	balancing	erg-poss	vos	VS	AVP	100	0.8233333333333334	0.015275252316519432	82.33333333333334	1.5275252316519468	0.81	0.84	0.0	0.0	1.009848104317983	0.03462628502535819	bos_eos	seed_42,seed_43,seed_44
2_2_tran_gen_marker	12_2_2_tran_gen_marker	fig:heatmap-12-tran-gen-marker	2.2 Transitive genitive marker	27_sov_ng_er_b_no	sov	ng	erg-abs	balancing	nomn	ovs	VS	PVA	100	0.8133333333333334	0.025166114784235794	81.33333333333333	2.516611478423583	0.79	0.84	0.0	0.0	1.0992182771364847	0.060367639542626	bos_eos	seed_42,seed_43,seed_44
2_2_tran_gen_marker	12_2_2_tran_gen_marker	fig:heatmap-12-tran-gen-marker	2.2 Transitive genitive marker	28_sov_ng_er_d_se	sov	ng	erg-abs	deranking	sent	sov	SV	APV	100	0.82	0.026457513110645866	82.0	2.6457513110645907	0.79	0.84	0.0	0.0	0.8484032559394836	0.035488376572302145	bos_eos	seed_42,seed_43,seed_44
2_2_tran_gen_marker	12_2_2_tran_gen_marker	fig:heatmap-12-tran-gen-marker	2.2 Transitive genitive marker	29_sov_ng_er_d_pa	sov	ng	erg-abs	deranking	poss-acc	ovs	VS	PVA	100	0.8099999999999999	0.03605551275463986	81.0	3.605551275463989	0.77	0.84	0.0	0.0	0.9349241201082865	0.07560801962096182	bos_eos	seed_42,seed_43,seed_44
2_2_tran_gen_marker	12_2_2_tran_gen_marker	fig:heatmap-12-tran-gen-marker	2.2 Transitive genitive marker	30_sov_ng_er_d_ep	sov	ng	erg-abs	deranking	erg-poss	vos	VS	AVP	100	0.82	0.04999999999999999	82.0	5.0	0.77	0.87	0.0	0.0	0.9606129082043966	0.03351693747931859	bos_eos	seed_42,seed_43,seed_44
2_2_tran_gen_marker	12_2_2_tran_gen_marker	fig:heatmap-12-tran-gen-marker	2.2 Transitive genitive marker	31_sov_ng_er_d_no	sov	ng	erg-abs	deranking	nomn	ovs	VS	PVA	100	0.8466666666666667	0.020816659994661348	84.66666666666667	2.0816659994661326	0.83	0.87	0.0	0.0	1.033222729365031	0.02715272991210903	bos_eos	seed_42,seed_43,seed_44
2_2_tran_gen_marker	12_2_2_tran_gen_marker	fig:heatmap-12-tran-gen-marker	2.2 Transitive genitive marker	32_svo_gn_ac_b_se	svo	gn	nom-acc	balancing	sent	svo	SV	AVP	100	1.0	0.0	100.0	0.0	1.0	1.0	0.0	0.0	1.4242654617627462	0.018654592635215978	bos_eos	seed_42,seed_43,seed_44
2_2_tran_gen_marker	12_2_2_tran_gen_marker	fig:heatmap-12-tran-gen-marker	2.2 Transitive genitive marker	33_svo_gn_ac_b_pa	svo	gn	nom-acc	balancing	poss-acc	svo	SV	AVP	100	1.0	0.0	100.0	0.0	1.0	1.0	0.0	0.0	1.5499821885426839	0.05974817875683187	bos_eos	seed_42,seed_43,seed_44
2_2_tran_gen_marker	12_2_2_tran_gen_marker	fig:heatmap-12-tran-gen-marker	2.2 Transitive genitive marker	34_svo_gn_ac_b_ep	svo	gn	nom-acc	balancing	erg-poss	sov	SV	PVA	100	1.0	0.0	100.0	0.0	1.0	1.0	0.0	0.0	1.5744134918848673	0.06820361371185701	bos_eos	seed_42,seed_43,seed_44
2_2_tran_gen_marker	12_2_2_tran_gen_marker	fig:heatmap-12-tran-gen-marker	2.2 Transitive genitive marker	35_svo_gn_ac_b_no	svo	gn	nom-acc	balancing	nomn	svo	SV	AVP	100	1.0	0.0	100.0	0.0	1.0	1.0	0.0	0.0	1.5753268774350484	0.0756079472299662	bos_eos	seed_42,seed_43,seed_44
2_2_tran_gen_marker	12_2_2_tran_gen_marker	fig:heatmap-12-tran-gen-marker	2.2 Transitive genitive marker	36_svo_gn_ac_d_se	svo	gn	nom-acc	deranking	sent	svo	SV	AVP	100	1.0	0.0	100.0	0.0	1.0	1.0	0.0	0.0	1.2876197473208109	0.08760083304043728	bos_eos	seed_42,seed_43,seed_44
2_2_tran_gen_marker	12_2_2_tran_gen_marker	fig:heatmap-12-tran-gen-marker	2.2 Transitive genitive marker	37_svo_gn_ac_d_pa	svo	gn	nom-acc	deranking	poss-acc	svo	SV	AVP	100	1.0	0.0	100.0	0.0	1.0	1.0	0.0	0.0	1.3824584650993348	0.020788056077525714	bos_eos	seed_42,seed_43,seed_44
2_2_tran_gen_marker	12_2_2_tran_gen_marker	fig:heatmap-12-tran-gen-marker	2.2 Transitive genitive marker	38_svo_gn_ac_d_ep	svo	gn	nom-acc	deranking	erg-poss	sov	SV	PVA	100	1.0	0.0	100.0	0.0	1.0	1.0	0.0	0.0	1.4843988768259684	0.12010138956746712	bos_eos	seed_42,seed_43,seed_44
2_2_tran_gen_marker	12_2_2_tran_gen_marker	fig:heatmap-12-tran-gen-marker	2.2 Transitive genitive marker	39_svo_gn_ac_d_no	svo	gn	nom-acc	deranking	nomn	svo	SV	AVP	100	0.9866666666666667	0.023094010767585053	98.66666666666667	2.309401076758503	0.96	1.0	0.0	0.0	1.4356902678807577	0.1880179656128459	bos_eos	seed_42,seed_43,seed_44
2_2_tran_gen_marker	12_2_2_tran_gen_marker	fig:heatmap-12-tran-gen-marker	2.2 Transitive genitive marker	40_svo_gn_er_b_se	svo	gn	erg-abs	balancing	sent	svo	SV	AVP	100	0.9766666666666667	0.005773502691896263	97.66666666666667	0.5773502691896257	0.97	0.98	0.0	0.0	1.1043743332227072	0.018822984073493688	bos_eos	seed_42,seed_43,seed_44
2_2_tran_gen_marker	12_2_2_tran_gen_marker	fig:heatmap-12-tran-gen-marker	2.2 Transitive genitive marker	41_svo_gn_er_b_pa	svo	gn	erg-abs	balancing	poss-acc	svo	SV	AVP	100	0.98	0.010000000000000009	98.0	1.0	0.97	0.99	0.0	0.0	1.3628614377975463	0.05139171793408897	bos_eos	seed_42,seed_43,seed_44
2_2_tran_gen_marker	12_2_2_tran_gen_marker	fig:heatmap-12-tran-gen-marker	2.2 Transitive genitive marker	42_svo_gn_er_b_ep	svo	gn	erg-abs	balancing	erg-poss	sov	SV	PVA	100	0.9666666666666667	0.01527525231651948	96.66666666666667	1.5275252316519468	0.95	0.98	0.0	0.0	1.33446280002594	0.07011505161663592	bos_eos	seed_42,seed_43,seed_44
2_2_tran_gen_marker	12_2_2_tran_gen_marker	fig:heatmap-12-tran-gen-marker	2.2 Transitive genitive marker	43_svo_gn_er_b_no	svo	gn	erg-abs	balancing	nomn	svo	SV	AVP	100	0.9733333333333333	0.023094010767585053	97.33333333333333	2.309401076758503	0.96	1.0	0.0	0.0	1.3484273306528727	0.06731752653239365	bos_eos	seed_42,seed_43,seed_44
2_2_tran_gen_marker	12_2_2_tran_gen_marker	fig:heatmap-12-tran-gen-marker	2.2 Transitive genitive marker	44_svo_gn_er_d_se	svo	gn	erg-abs	deranking	sent	svo	SV	AVP	100	0.9633333333333334	0.02886751345948125	96.33333333333334	2.886751345948129	0.93	0.98	0.0	0.0	1.0536585879325866	0.06606497260100548	bos_eos	seed_42,seed_43,seed_44
2_2_tran_gen_marker	12_2_2_tran_gen_marker	fig:heatmap-12-tran-gen-marker	2.2 Transitive genitive marker	45_svo_gn_er_d_pa	svo	gn	erg-abs	deranking	poss-acc	svo	SV	AVP	100	0.9566666666666667	0.028867513459481315	95.66666666666667	2.886751345948129	0.94	0.99	0.0	0.0	1.2205306379000347	0.06937935722949427	bos_eos	seed_42,seed_43,seed_44
2_2_tran_gen_marker	12_2_2_tran_gen_marker	fig:heatmap-12-tran-gen-marker	2.2 Transitive genitive marker	46_svo_gn_er_d_ep	svo	gn	erg-abs	deranking	erg-poss	sov	SV	PVA	100	0.95	0.017320508075688724	95.0	1.7320508075688772	0.93	0.96	0.0	0.0	1.2491486740112305	0.10986882341221053	bos_eos	seed_42,seed_43,seed_44
2_2_tran_gen_marker	12_2_2_tran_gen_marker	fig:heatmap-12-tran-gen-marker	2.2 Transitive genitive marker	47_svo_gn_er_d_no	svo	gn	erg-abs	deranking	nomn	svo	SV	AVP	100	0.9566666666666667	0.020816659994661348	95.66666666666667	2.0816659994661326	0.94	0.98	0.0	0.0	1.2729023480415345	0.05456633859418156	bos_eos	seed_42,seed_43,seed_44
2_2_tran_gen_marker	12_2_2_tran_gen_marker	fig:heatmap-12-tran-gen-marker	2.2 Transitive genitive marker	48_svo_ng_ac_b_se	svo	ng	nom-acc	balancing	sent	svo	SV	AVP	100	0.9266666666666667	0.005773502691896263	92.66666666666667	0.5773502691896257	0.92	0.93	0.0	0.0	1.455604656537374	0.03701763119074976	bos_eos	seed_42,seed_43,seed_44
2_2_tran_gen_marker	12_2_2_tran_gen_marker	fig:heatmap-12-tran-gen-marker	2.2 Transitive genitive marker	49_svo_ng_ac_b_pa	svo	ng	nom-acc	balancing	poss-acc	vos	VS	VPA	100	0.9033333333333333	0.005773502691896263	90.33333333333333	0.5773502691896257	0.9	0.91	0.0	0.0	1.4395136650403342	0.028449718410444944	bos_eos	seed_42,seed_43,seed_44
2_2_tran_gen_marker	12_2_2_tran_gen_marker	fig:heatmap-12-tran-gen-marker	2.2 Transitive genitive marker	50_svo_ng_ac_b_ep	svo	ng	nom-acc	balancing	erg-poss	vos	VS	VPA	100	0.94	0.009999999999999953	94.0	1.0	0.93	0.95	0.0	0.0	1.739813662370046	0.10970708366076687	bos_eos	seed_42,seed_43,seed_44
2_2_tran_gen_marker	12_2_2_tran_gen_marker	fig:heatmap-12-tran-gen-marker	2.2 Transitive genitive marker	51_svo_ng_ac_b_no	svo	ng	nom-acc	balancing	nomn	vos	VS	VPA	100	0.95	0.010000000000000009	95.0	1.0	0.94	0.96	0.0	0.0	1.619591879049937	0.016998808637958	bos_eos	seed_42,seed_43,seed_44
2_2_tran_gen_marker	12_2_2_tran_gen_marker	fig:heatmap-12-tran-gen-marker	2.2 Transitive genitive marker	52_svo_ng_ac_d_se	svo	ng	nom-acc	deranking	sent	svo	SV	AVP	100	0.9333333333333333	0.011547005383792462	93.33333333333333	1.1547005383792515	0.92	0.94	0.0	0.0	1.4050510954856872	0.044339726881161765	bos_eos	seed_42,seed_43,seed_44
2_2_tran_gen_marker	12_2_2_tran_gen_marker	fig:heatmap-12-tran-gen-marker	2.2 Transitive genitive marker	53_svo_ng_ac_d_pa	svo	ng	nom-acc	deranking	poss-acc	vos	VS	VPA	100	0.9066666666666667	0.005773502691896263	90.66666666666667	0.5773502691896257	0.9	0.91	0.0	0.0	1.3691304453214008	0.1241448637776508	bos_eos	seed_42,seed_43,seed_44
2_2_tran_gen_marker	12_2_2_tran_gen_marker	fig:heatmap-12-tran-gen-marker	2.2 Transitive genitive marker	54_svo_ng_ac_d_ep	svo	ng	nom-acc	deranking	erg-poss	vos	VS	VPA	100	0.9333333333333333	0.011547005383792462	93.33333333333333	1.1547005383792515	0.92	0.94	0.0	0.0	1.5996542342503866	0.05166088059144069	bos_eos	seed_42,seed_43,seed_44
2_2_tran_gen_marker	12_2_2_tran_gen_marker	fig:heatmap-12-tran-gen-marker	2.2 Transitive genitive marker	55_svo_ng_ac_d_no	svo	ng	nom-acc	deranking	nomn	vos	VS	VPA	100	0.9566666666666667	0.005773502691896263	95.66666666666667	0.5773502691896257	0.95	0.96	0.0	0.0	1.584879416624705	0.08507981043496993	bos_eos	seed_42,seed_43,seed_44
2_2_tran_gen_marker	12_2_2_tran_gen_marker	fig:heatmap-12-tran-gen-marker	2.2 Transitive genitive marker	56_svo_ng_er_b_se	svo	ng	erg-abs	balancing	sent	svo	SV	AVP	100	0.9233333333333333	0.023094010767584987	92.33333333333333	2.309401076758503	0.91	0.95	0.0	0.0	1.3145386799176535	0.04286462400009984	bos_eos	seed_42,seed_43,seed_44
2_2_tran_gen_marker	12_2_2_tran_gen_marker	fig:heatmap-12-tran-gen-marker	2.2 Transitive genitive marker	57_svo_ng_er_b_pa	svo	ng	erg-abs	balancing	poss-acc	vos	VS	VPA	100	0.9133333333333333	0.01527525231651948	91.33333333333333	1.5275252316519468	0.9	0.93	0.0	0.0	1.2200695967674255	0.05730004567181584	bos_eos	seed_42,seed_43,seed_44
2_2_tran_gen_marker	12_2_2_tran_gen_marker	fig:heatmap-12-tran-gen-marker	2.2 Transitive genitive marker	58_svo_ng_er_b_ep	svo	ng	erg-abs	balancing	erg-poss	vos	VS	VPA	100	0.93	0.009999999999999953	93.0	1.0	0.92	0.94	0.0	0.0	1.44662833293279	0.02513660897302764	bos_eos	seed_42,seed_43,seed_44
2_2_tran_gen_marker	12_2_2_tran_gen_marker	fig:heatmap-12-tran-gen-marker	2.2 Transitive genitive marker	59_svo_ng_er_b_no	svo	ng	erg-abs	balancing	nomn	vos	VS	VPA	100	0.9433333333333334	0.015275252316519432	94.33333333333334	1.5275252316519468	0.93	0.96	0.0	0.0	1.408562280337016	0.07296777482576765	bos_eos	seed_42,seed_43,seed_44
2_2_tran_gen_marker	12_2_2_tran_gen_marker	fig:heatmap-12-tran-gen-marker	2.2 Transitive genitive marker	60_svo_ng_er_d_se	svo	ng	erg-abs	deranking	sent	svo	SV	AVP	100	0.93	0.03605551275463986	93.0	3.605551275463989	0.9	0.97	0.0	0.0	1.1965221548080445	0.08323574379919665	bos_eos	seed_42,seed_43,seed_44
2_2_tran_gen_marker	12_2_2_tran_gen_marker	fig:heatmap-12-tran-gen-marker	2.2 Transitive genitive marker	61_svo_ng_er_d_pa	svo	ng	erg-abs	deranking	poss-acc	vos	VS	VPA	100	0.9133333333333333	0.011547005383792526	91.33333333333333	1.1547005383792515	0.9	0.92	0.0	0.0	1.2440218885739645	0.11740502198482942	bos_eos	seed_42,seed_43,seed_44
2_2_tran_gen_marker	12_2_2_tran_gen_marker	fig:heatmap-12-tran-gen-marker	2.2 Transitive genitive marker	62_svo_ng_er_d_ep	svo	ng	erg-abs	deranking	erg-poss	vos	VS	VPA	100	0.8833333333333333	0.01527525231651948	88.33333333333333	1.5275252316519468	0.87	0.9	0.0	0.0	1.1777838333447774	0.033934982927002456	bos_eos	seed_42,seed_43,seed_44
2_2_tran_gen_marker	12_2_2_tran_gen_marker	fig:heatmap-12-tran-gen-marker	2.2 Transitive genitive marker	63_svo_ng_er_d_no	svo	ng	erg-abs	deranking	nomn	vos	VS	VPA	100	0.91	0.02999999999999997	91.0	3.0	0.88	0.94	0.0	0.0	1.3140159034729004	0.18595171681941225	bos_eos	seed_42,seed_43,seed_44
2_2_tran_gen_marker	12_2_2_tran_gen_marker	fig:heatmap-12-tran-gen-marker	2.2 Transitive genitive marker	64_vos_gn_ac_b_se	vos	gn	nom-acc	balancing	sent	vos	VS	VPA	100	0.9366666666666666	0.011547005383792462	93.66666666666667	1.1547005383792515	0.93	0.95	0.0	0.0	1.0201505414644878	0.036209741474094524	bos_eos	seed_42,seed_43,seed_44
2_2_tran_gen_marker	12_2_2_tran_gen_marker	fig:heatmap-12-tran-gen-marker	2.2 Transitive genitive marker	65_vos_gn_ac_b_pa	vos	gn	nom-acc	balancing	poss-acc	svo	SV	AVP	100	0.9266666666666666	0.015275252316519432	92.66666666666666	1.5275252316519468	0.91	0.94	0.0	0.0	1.0583851035435994	0.019998485674569712	bos_eos	seed_42,seed_43,seed_44
2_2_tran_gen_marker	12_2_2_tran_gen_marker	fig:heatmap-12-tran-gen-marker	2.2 Transitive genitive marker	66_vos_gn_ac_b_ep	vos	gn	nom-acc	balancing	erg-poss	sov	SV	PVA	100	0.9666666666666667	0.01527525231651948	96.66666666666667	1.5275252316519468	0.95	0.98	0.0	0.0	1.1751725061734517	0.05542072165303415	bos_eos	seed_42,seed_43,seed_44
2_2_tran_gen_marker	12_2_2_tran_gen_marker	fig:heatmap-12-tran-gen-marker	2.2 Transitive genitive marker	67_vos_gn_ac_b_no	vos	gn	nom-acc	balancing	nomn	svo	SV	AVP	100	0.9433333333333334	0.020816659994661285	94.33333333333334	2.0816659994661326	0.92	0.96	0.0	0.0	1.163875590165456	0.01827457506067643	bos_eos	seed_42,seed_43,seed_44
2_2_tran_gen_marker	12_2_2_tran_gen_marker	fig:heatmap-12-tran-gen-marker	2.2 Transitive genitive marker	68_vos_gn_ac_d_se	vos	gn	nom-acc	deranking	sent	vos	VS	VPA	100	0.95	0.010000000000000009	95.0	1.0	0.94	0.96	0.0	0.0	1.1110457809766134	0.047355461996929776	bos_eos	seed_42,seed_43,seed_44
2_2_tran_gen_marker	12_2_2_tran_gen_marker	fig:heatmap-12-tran-gen-marker	2.2 Transitive genitive marker	69_vos_gn_ac_d_pa	vos	gn	nom-acc	deranking	poss-acc	svo	SV	AVP	100	0.9566666666666667	0.011547005383792526	95.66666666666667	1.1547005383792515	0.95	0.97	0.0	0.0	1.1539989892641704	0.036826826347622174	bos_eos	seed_42,seed_43,seed_44
2_2_tran_gen_marker	12_2_2_tran_gen_marker	fig:heatmap-12-tran-gen-marker	2.2 Transitive genitive marker	70_vos_gn_ac_d_ep	vos	gn	nom-acc	deranking	erg-poss	sov	SV	PVA	100	0.95	0.019999999999999962	95.0	2.0	0.93	0.97	0.0	0.0	1.2274590802192689	0.04204954796717917	bos_eos	seed_42,seed_43,seed_44
2_2_tran_gen_marker	12_2_2_tran_gen_marker	fig:heatmap-12-tran-gen-marker	2.2 Transitive genitive marker	71_vos_gn_ac_d_no	vos	gn	nom-acc	deranking	nomn	svo	SV	AVP	100	0.95	0.019999999999999962	95.0	2.0	0.93	0.97	0.0	0.0	1.20604372660319	0.06912212035046102	bos_eos	seed_42,seed_43,seed_44
2_2_tran_gen_marker	12_2_2_tran_gen_marker	fig:heatmap-12-tran-gen-marker	2.2 Transitive genitive marker	72_vos_gn_er_b_se	vos	gn	erg-abs	balancing	sent	vos	VS	VPA	100	0.98	0.0	98.0	0.0	0.98	0.98	0.0	0.0	1.1945025404294332	0.067493408772908	bos_eos	seed_42,seed_43,seed_44
2_2_tran_gen_marker	12_2_2_tran_gen_marker	fig:heatmap-12-tran-gen-marker	2.2 Transitive genitive marker	73_vos_gn_er_b_pa	vos	gn	erg-abs	balancing	poss-acc	svo	SV	AVP	100	0.97	0.0	97.0	0.0	0.97	0.97	0.0	0.0	1.2543713140487671	0.014072465708364682	bos_eos	seed_42,seed_43,seed_44
2_2_tran_gen_marker	12_2_2_tran_gen_marker	fig:heatmap-12-tran-gen-marker	2.2 Transitive genitive marker	74_vos_gn_er_b_ep	vos	gn	erg-abs	balancing	erg-poss	sov	SV	PVA	100	0.9766666666666667	0.005773502691896263	97.66666666666667	0.5773502691896257	0.97	0.98	0.0	0.0	1.2994340968132019	0.045951299275343936	bos_eos	seed_42,seed_43,seed_44
2_2_tran_gen_marker	12_2_2_tran_gen_marker	fig:heatmap-12-tran-gen-marker	2.2 Transitive genitive marker	75_vos_gn_er_b_no	vos	gn	erg-abs	balancing	nomn	svo	SV	AVP	100	0.97	0.017320508075688787	97.0	1.7320508075688772	0.95	0.98	0.0	0.0	1.3325042088826498	0.08583587177049447	bos_eos	seed_42,seed_43,seed_44
2_2_tran_gen_marker	12_2_2_tran_gen_marker	fig:heatmap-12-tran-gen-marker	2.2 Transitive genitive marker	76_vos_gn_er_d_se	vos	gn	erg-abs	deranking	sent	vos	VS	VPA	100	0.98	0.0	98.0	0.0	0.98	0.98	0.0	0.0	1.3006342156728108	0.03989880343831219	bos_eos	seed_42,seed_43,seed_44
2_2_tran_gen_marker	12_2_2_tran_gen_marker	fig:heatmap-12-tran-gen-marker	2.2 Transitive genitive marker	77_vos_gn_er_d_pa	vos	gn	erg-abs	deranking	poss-acc	svo	SV	AVP	100	0.9766666666666667	0.005773502691896263	97.66666666666667	0.5773502691896257	0.97	0.98	0.0	0.0	1.333509645462036	0.0272364317689319	bos_eos	seed_42,seed_43,seed_44
2_2_tran_gen_marker	12_2_2_tran_gen_marker	fig:heatmap-12-tran-gen-marker	2.2 Transitive genitive marker	78_vos_gn_er_d_ep	vos	gn	erg-abs	deranking	erg-poss	sov	SV	PVA	100	0.98	0.0	98.0	0.0	0.98	0.98	0.0	0.0	1.345299174785614	0.013311474279737232	bos_eos	seed_42,seed_43,seed_44
2_2_tran_gen_marker	12_2_2_tran_gen_marker	fig:heatmap-12-tran-gen-marker	2.2 Transitive genitive marker	79_vos_gn_er_d_no	vos	gn	erg-abs	deranking	nomn	svo	SV	AVP	100	0.9833333333333333	0.01527525231651948	98.33333333333333	1.5275252316519468	0.97	1.0	0.0	0.0	1.3172397549947104	0.027695070285169012	bos_eos	seed_42,seed_43,seed_44
2_2_tran_gen_marker	12_2_2_tran_gen_marker	fig:heatmap-12-tran-gen-marker	2.2 Transitive genitive marker	80_vos_ng_ac_b_se	vos	ng	nom-acc	balancing	sent	vos	VS	VPA	100	0.8466666666666667	0.01527525231651948	84.66666666666667	1.5275252316519468	0.83	0.86	0.0	0.0	0.814745454788208	0.03194313620022813	bos_eos	seed_42,seed_43,seed_44
2_2_tran_gen_marker	12_2_2_tran_gen_marker	fig:heatmap-12-tran-gen-marker	2.2 Transitive genitive marker	81_vos_ng_ac_b_pa	vos	ng	nom-acc	balancing	poss-acc	vos	VS	VPA	100	0.8733333333333333	0.005773502691896263	87.33333333333333	0.5773502691896257	0.87	0.88	0.0	0.0	0.8753297042846679	0.005830419387424556	bos_eos	seed_42,seed_43,seed_44
2_2_tran_gen_marker	12_2_2_tran_gen_marker	fig:heatmap-12-tran-gen-marker	2.2 Transitive genitive marker	82_vos_ng_ac_b_ep	vos	ng	nom-acc	balancing	erg-poss	vos	VS	VPA	100	0.8833333333333333	0.020816659994661348	88.33333333333333	2.0816659994661326	0.86	0.9	0.0	0.0	0.9723961917559305	0.02716855195912007	bos_eos	seed_42,seed_43,seed_44
2_2_tran_gen_marker	12_2_2_tran_gen_marker	fig:heatmap-12-tran-gen-marker	2.2 Transitive genitive marker	83_vos_ng_ac_b_no	vos	ng	nom-acc	balancing	nomn	vos	VS	VPA	100	0.8933333333333333	0.005773502691896263	89.33333333333333	0.5773502691896257	0.89	0.9	0.0	0.0	1.003298712571462	0.031015432893961137	bos_eos	seed_42,seed_43,seed_44
2_2_tran_gen_marker	12_2_2_tran_gen_marker	fig:heatmap-12-tran-gen-marker	2.2 Transitive genitive marker	84_vos_ng_ac_d_se	vos	ng	nom-acc	deranking	sent	vos	VS	VPA	100	0.87	0.017320508075688787	87.0	1.7320508075688772	0.86	0.89	0.0	0.0	0.9435339419047037	0.043222631678459925	bos_eos	seed_42,seed_43,seed_44
2_2_tran_gen_marker	12_2_2_tran_gen_marker	fig:heatmap-12-tran-gen-marker	2.2 Transitive genitive marker	85_vos_ng_ac_d_pa	vos	ng	nom-acc	deranking	poss-acc	vos	VS	VPA	100	0.8533333333333333	0.011547005383792526	85.33333333333333	1.1547005383792515	0.84	0.86	0.0	0.0	0.963988303343455	0.014915173199972261	bos_eos	seed_42,seed_43,seed_44
2_2_tran_gen_marker	12_2_2_tran_gen_marker	fig:heatmap-12-tran-gen-marker	2.2 Transitive genitive marker	86_vos_ng_ac_d_ep	vos	ng	nom-acc	deranking	erg-poss	vos	VS	VPA	100	0.8733333333333333	0.03055050463303896	87.33333333333333	3.0550504633038935	0.84	0.9	0.0	0.0	1.0459646383921306	0.08845438781929718	bos_eos	seed_42,seed_43,seed_44
2_2_tran_gen_marker	12_2_2_tran_gen_marker	fig:heatmap-12-tran-gen-marker	2.2 Transitive genitive marker	87_vos_ng_ac_d_no	vos	ng	nom-acc	deranking	nomn	vos	VS	VPA	100	0.91	0.02999999999999997	91.0	3.0	0.88	0.94	0.0	0.0	1.0661062439282736	0.04685938795325275	bos_eos	seed_42,seed_43,seed_44
2_2_tran_gen_marker	12_2_2_tran_gen_marker	fig:heatmap-12-tran-gen-marker	2.2 Transitive genitive marker	88_vos_ng_er_b_se	vos	ng	erg-abs	balancing	sent	vos	VS	VPA	100	0.8666666666666667	0.011547005383792526	86.66666666666667	1.1547005383792515	0.86	0.88	0.0	0.0	0.8943162775039672	0.05354055577621021	bos_eos	seed_42,seed_43,seed_44
2_2_tran_gen_marker	12_2_2_tran_gen_marker	fig:heatmap-12-tran-gen-marker	2.2 Transitive genitive marker	89_vos_ng_er_b_pa	vos	ng	erg-abs	balancing	poss-acc	vos	VS	VPA	100	0.8433333333333333	0.005773502691896263	84.33333333333333	0.5773502691896257	0.84	0.85	0.0	0.0	0.9901459757486979	0.04105993455316264	bos_eos	seed_42,seed_43,seed_44
2_2_tran_gen_marker	12_2_2_tran_gen_marker	fig:heatmap-12-tran-gen-marker	2.2 Transitive genitive marker	90_vos_ng_er_b_ep	vos	ng	erg-abs	balancing	erg-poss	vos	VS	VPA	100	0.8433333333333334	0.02886751345948125	84.33333333333334	2.886751345948129	0.81	0.86	0.0	0.0	1.1542730434735615	0.027400981200304403	bos_eos	seed_42,seed_43,seed_44
2_2_tran_gen_marker	12_2_2_tran_gen_marker	fig:heatmap-12-tran-gen-marker	2.2 Transitive genitive marker	91_vos_ng_er_b_no	vos	ng	erg-abs	balancing	nomn	vos	VS	VPA	100	0.86	0.017320508075688787	86.0	1.7320508075688772	0.84	0.87	0.0	0.0	1.1479200005531311	0.031045076149888204	bos_eos	seed_42,seed_43,seed_44
2_2_tran_gen_marker	12_2_2_tran_gen_marker	fig:heatmap-12-tran-gen-marker	2.2 Transitive genitive marker	92_vos_ng_er_d_se	vos	ng	erg-abs	deranking	sent	vos	VS	VPA	100	0.8766666666666667	0.005773502691896263	87.66666666666667	0.5773502691896257	0.87	0.88	0.0	0.0	1.0281700738271078	0.03460881573485114	bos_eos	seed_42,seed_43,seed_44
2_2_tran_gen_marker	12_2_2_tran_gen_marker	fig:heatmap-12-tran-gen-marker	2.2 Transitive genitive marker	93_vos_ng_er_d_pa	vos	ng	erg-abs	deranking	poss-acc	vos	VS	VPA	100	0.8666666666666667	0.005773502691896263	86.66666666666667	0.5773502691896257	0.86	0.87	0.0	0.0	1.0696017742156982	0.029388741524317096	bos_eos	seed_42,seed_43,seed_44
2_2_tran_gen_marker	12_2_2_tran_gen_marker	fig:heatmap-12-tran-gen-marker	2.2 Transitive genitive marker	94_vos_ng_er_d_ep	vos	ng	erg-abs	deranking	erg-poss	vos	VS	VPA	100	0.86	0.010000000000000009	86.0	1.0	0.85	0.87	0.0	0.0	1.2091512592633564	0.03528019278500638	bos_eos	seed_42,seed_43,seed_44
2_2_tran_gen_marker	12_2_2_tran_gen_marker	fig:heatmap-12-tran-gen-marker	2.2 Transitive genitive marker	95_vos_ng_er_d_no	vos	ng	erg-abs	deranking	nomn	vos	VS	VPA	100	0.8533333333333333	0.011547005383792526	85.33333333333333	1.1547005383792515	0.84	0.86	0.0	0.0	1.1806237339973449	0.046872421685050215	bos_eos	seed_42,seed_43,seed_44
2_3_gen_order	13_2_3_gen_order	fig:heatmap-13-gen-order	2.3 Genitive possessor--head order	00_sov_gn_ac_b_se	sov	gn	nom-acc	balancing	sent	sov	SV	APV	100	1.0	0.0	100.0	0.0	1.0	1.0	0.0	0.0	3.0423807565371197	0.05117922081547912	bos_eos	seed_42,seed_43,seed_44
2_3_gen_order	13_2_3_gen_order	fig:heatmap-13-gen-order	2.3 Genitive possessor--head order	01_sov_gn_ac_b_pa	sov	gn	nom-acc	balancing	poss-acc	sov	SV	APV	100	1.0	0.0	100.0	0.0	1.0	1.0	0.0	0.0	3.0672258098920184	0.14144044976578912	bos_eos	seed_42,seed_43,seed_44
2_3_gen_order	13_2_3_gen_order	fig:heatmap-13-gen-order	2.3 Genitive possessor--head order	02_sov_gn_ac_b_ep	sov	gn	nom-acc	balancing	erg-poss	sov	SV	APV	100	1.0	0.0	100.0	0.0	1.0	1.0	0.0	0.0	3.0079541420936584	0.02237202202790869	bos_eos	seed_42,seed_43,seed_44
2_3_gen_order	13_2_3_gen_order	fig:heatmap-13-gen-order	2.3 Genitive possessor--head order	03_sov_gn_ac_b_no	sov	gn	nom-acc	balancing	nomn	sov	SV	APV	100	1.0	0.0	100.0	0.0	1.0	1.0	0.0	0.0	3.197609807650248	0.11303619253682978	bos_eos	seed_42,seed_43,seed_44
2_3_gen_order	13_2_3_gen_order	fig:heatmap-13-gen-order	2.3 Genitive possessor--head order	04_sov_gn_ac_d_se	sov	gn	nom-acc	deranking	sent	sov	SV	APV	100	1.0	0.0	100.0	0.0	1.0	1.0	0.0	0.0	3.105851274331411	0.09254863440980488	bos_eos	seed_42,seed_43,seed_44
2_3_gen_order	13_2_3_gen_order	fig:heatmap-13-gen-order	2.3 Genitive possessor--head order	05_sov_gn_ac_d_pa	sov	gn	nom-acc	deranking	poss-acc	sov	SV	APV	100	0.9966666666666667	0.005773502691896263	99.66666666666667	0.5773502691896257	0.99	1.0	0.0	0.0	3.0616138180096946	0.06201884033294029	bos_eos	seed_42,seed_43,seed_44
2_3_gen_order	13_2_3_gen_order	fig:heatmap-13-gen-order	2.3 Genitive possessor--head order	06_sov_gn_ac_d_ep	sov	gn	nom-acc	deranking	erg-poss	sov	SV	APV	100	1.0	0.0	100.0	0.0	1.0	1.0	0.0	0.0	3.0199737016359967	0.03559835972984678	bos_eos	seed_42,seed_43,seed_44
2_3_gen_order	13_2_3_gen_order	fig:heatmap-13-gen-order	2.3 Genitive possessor--head order	07_sov_gn_ac_d_no	sov	gn	nom-acc	deranking	nomn	sov	SV	APV	100	1.0	0.0	100.0	0.0	1.0	1.0	0.0	0.0	3.0876033409436543	0.0853151350235589	bos_eos	seed_42,seed_43,seed_44
2_3_gen_order	13_2_3_gen_order	fig:heatmap-13-gen-order	2.3 Genitive possessor--head order	08_sov_gn_er_b_se	sov	gn	erg-abs	balancing	sent	sov	SV	APV	100	1.0	0.0	100.0	0.0	1.0	1.0	0.0	0.0	3.1121809736887616	0.003622753986710938	bos_eos	seed_42,seed_43,seed_44
2_3_gen_order	13_2_3_gen_order	fig:heatmap-13-gen-order	2.3 Genitive possessor--head order	09_sov_gn_er_b_pa	sov	gn	erg-abs	balancing	poss-acc	sov	SV	APV	100	1.0	0.0	100.0	0.0	1.0	1.0	0.0	0.0	3.1335949683189392	0.08324708156774606	bos_eos	seed_42,seed_43,seed_44
2_3_gen_order	13_2_3_gen_order	fig:heatmap-13-gen-order	2.3 Genitive possessor--head order	10_sov_gn_er_b_ep	sov	gn	erg-abs	balancing	erg-poss	sov	SV	APV	100	1.0	0.0	100.0	0.0	1.0	1.0	0.0	0.0	3.12993488629659	0.006701484580706683	bos_eos	seed_42,seed_43,seed_44
2_3_gen_order	13_2_3_gen_order	fig:heatmap-13-gen-order	2.3 Genitive possessor--head order	11_sov_gn_er_b_no	sov	gn	erg-abs	balancing	nomn	sov	SV	APV	100	1.0	0.0	100.0	0.0	1.0	1.0	0.0	0.0	3.1658566482861836	0.066350419156452	bos_eos	seed_42,seed_43,seed_44
2_3_gen_order	13_2_3_gen_order	fig:heatmap-13-gen-order	2.3 Genitive possessor--head order	12_sov_gn_er_d_se	sov	gn	erg-abs	deranking	sent	sov	SV	APV	100	1.0	0.0	100.0	0.0	1.0	1.0	0.0	0.0	3.0750692868232727	0.0805663407384329	bos_eos	seed_42,seed_43,seed_44
2_3_gen_order	13_2_3_gen_order	fig:heatmap-13-gen-order	2.3 Genitive possessor--head order	13_sov_gn_er_d_pa	sov	gn	erg-abs	deranking	poss-acc	sov	SV	APV	100	1.0	0.0	100.0	0.0	1.0	1.0	0.0	0.0	3.0973412458101905	0.0582471886287083	bos_eos	seed_42,seed_43,seed_44
2_3_gen_order	13_2_3_gen_order	fig:heatmap-13-gen-order	2.3 Genitive possessor--head order	14_sov_gn_er_d_ep	sov	gn	erg-abs	deranking	erg-poss	sov	SV	APV	100	1.0	0.0	100.0	0.0	1.0	1.0	0.0	0.0	3.096734620730082	0.09347022005677592	bos_eos	seed_42,seed_43,seed_44
2_3_gen_order	13_2_3_gen_order	fig:heatmap-13-gen-order	2.3 Genitive possessor--head order	15_sov_gn_er_d_no	sov	gn	erg-abs	deranking	nomn	sov	SV	APV	100	1.0	0.0	100.0	0.0	1.0	1.0	0.0	0.0	3.2047155547142028	0.0377109231920215	bos_eos	seed_42,seed_43,seed_44
2_3_gen_order	13_2_3_gen_order	fig:heatmap-13-gen-order	2.3 Genitive possessor--head order	16_sov_ng_ac_b_se	sov	ng	nom-acc	balancing	sent	sov	SV	APV	100	0.9533333333333333	0.01527525231651948	95.33333333333333	1.5275252316519468	0.94	0.97	0.0	0.0	2.8113258790969846	0.036058919284328576	bos_eos	seed_42,seed_43,seed_44
2_3_gen_order	13_2_3_gen_order	fig:heatmap-13-gen-order	2.3 Genitive possessor--head order	17_sov_ng_ac_b_pa	sov	ng	nom-acc	balancing	poss-acc	ovs	VS	PVA	100	0.9433333333333334	0.011547005383792462	94.33333333333334	1.1547005383792515	0.93	0.95	0.0	0.0	2.8995089356104535	0.03541694350995697	bos_eos	seed_42,seed_43,seed_44
2_3_gen_order	13_2_3_gen_order	fig:heatmap-13-gen-order	2.3 Genitive possessor--head order	18_sov_ng_ac_b_ep	sov	ng	nom-acc	balancing	erg-poss	vos	VS	AVP	100	0.9566666666666667	0.023094010767584987	95.66666666666667	2.309401076758503	0.93	0.97	0.0	0.0	2.905421967506409	0.1624055728987694	bos_eos	seed_42,seed_43,seed_44
2_3_gen_order	13_2_3_gen_order	fig:heatmap-13-gen-order	2.3 Genitive possessor--head order	19_sov_ng_ac_b_no	sov	ng	nom-acc	balancing	nomn	ovs	VS	PVA	100	0.9466666666666667	0.01527525231651942	94.66666666666667	1.5275252316519468	0.93	0.96	0.0	0.0	2.891879458427429	0.04469711164038499	bos_eos	seed_42,seed_43,seed_44
2_3_gen_order	13_2_3_gen_order	fig:heatmap-13-gen-order	2.3 Genitive possessor--head order	20_sov_ng_ac_d_se	sov	ng	nom-acc	deranking	sent	sov	SV	APV	100	0.96	0.010000000000000009	96.0	1.0	0.95	0.97	0.0	0.0	2.9766449610392254	0.10649009779058691	bos_eos	seed_42,seed_43,seed_44
2_3_gen_order	13_2_3_gen_order	fig:heatmap-13-gen-order	2.3 Genitive possessor--head order	21_sov_ng_ac_d_pa	sov	ng	nom-acc	deranking	poss-acc	ovs	VS	PVA	100	0.96	0.026457513110645866	96.0	2.6457513110645907	0.93	0.98	0.0	0.0	2.872798466682434	0.14644638606547108	bos_eos	seed_42,seed_43,seed_44
2_3_gen_order	13_2_3_gen_order	fig:heatmap-13-gen-order	2.3 Genitive possessor--head order	22_sov_ng_ac_d_ep	sov	ng	nom-acc	deranking	erg-poss	vos	VS	AVP	100	0.9533333333333334	0.025166114784235805	95.33333333333334	2.516611478423583	0.93	0.98	0.0	0.0	2.9870482063293458	0.06247488345767822	bos_eos	seed_42,seed_43,seed_44
2_3_gen_order	13_2_3_gen_order	fig:heatmap-13-gen-order	2.3 Genitive possessor--head order	23_sov_ng_ac_d_no	sov	ng	nom-acc	deranking	nomn	ovs	VS	PVA	100	0.9466666666666667	0.023094010767584987	94.66666666666667	2.309401076758503	0.92	0.96	0.0	0.0	2.9537872290611267	0.033510048147109214	bos_eos	seed_42,seed_43,seed_44
2_3_gen_order	13_2_3_gen_order	fig:heatmap-13-gen-order	2.3 Genitive possessor--head order	24_sov_ng_er_b_se	sov	ng	erg-abs	balancing	sent	sov	SV	APV	100	0.9	0.017320508075688787	90.0	1.7320508075688772	0.89	0.92	0.0	0.0	2.77504656791687	0.08972479560866257	bos_eos	seed_42,seed_43,seed_44
2_3_gen_order	13_2_3_gen_order	fig:heatmap-13-gen-order	2.3 Genitive possessor--head order	25_sov_ng_er_b_pa	sov	ng	erg-abs	balancing	poss-acc	ovs	VS	PVA	100	0.9133333333333333	0.011547005383792526	91.33333333333333	1.1547005383792515	0.9	0.92	0.0	0.0	2.828880330721537	0.102162016959434	bos_eos	seed_42,seed_43,seed_44
2_3_gen_order	13_2_3_gen_order	fig:heatmap-13-gen-order	2.3 Genitive possessor--head order	26_sov_ng_er_b_ep	sov	ng	erg-abs	balancing	erg-poss	vos	VS	AVP	100	0.8866666666666667	0.020816659994661348	88.66666666666667	2.0816659994661326	0.87	0.91	0.0	0.0	2.7823914591471355	0.06844775227219366	bos_eos	seed_42,seed_43,seed_44
2_3_gen_order	13_2_3_gen_order	fig:heatmap-13-gen-order	2.3 Genitive possessor--head order	27_sov_ng_er_b_no	sov	ng	erg-abs	balancing	nomn	ovs	VS	PVA	100	0.8766666666666667	0.020816659994661348	87.66666666666667	2.0816659994661326	0.86	0.9	0.0	0.0	2.838031132221222	0.08585818403896679	bos_eos	seed_42,seed_43,seed_44
2_3_gen_order	13_2_3_gen_order	fig:heatmap-13-gen-order	2.3 Genitive possessor--head order	28_sov_ng_er_d_se	sov	ng	erg-abs	deranking	sent	sov	SV	APV	100	0.9066666666666667	0.020816659994661348	90.66666666666667	2.0816659994661326	0.89	0.93	0.0	0.0	2.8286023767789206	0.08587039468857513	bos_eos	seed_42,seed_43,seed_44
2_3_gen_order	13_2_3_gen_order	fig:heatmap-13-gen-order	2.3 Genitive possessor--head order	29_sov_ng_er_d_pa	sov	ng	erg-abs	deranking	poss-acc	ovs	VS	PVA	100	0.9	0.0	90.0	0.0	0.9	0.9	0.0	0.0	2.635768552621206	0.0460731154586178	bos_eos	seed_42,seed_43,seed_44
2_3_gen_order	13_2_3_gen_order	fig:heatmap-13-gen-order	2.3 Genitive possessor--head order	30_sov_ng_er_d_ep	sov	ng	erg-abs	deranking	erg-poss	vos	VS	AVP	100	0.8966666666666666	0.03785938897200179	89.66666666666666	3.7859388972001824	0.87	0.94	0.0	0.0	2.751505635579427	0.07287895610790797	bos_eos	seed_42,seed_43,seed_44
2_3_gen_order	13_2_3_gen_order	fig:heatmap-13-gen-order	2.3 Genitive possessor--head order	31_sov_ng_er_d_no	sov	ng	erg-abs	deranking	nomn	ovs	VS	PVA	100	0.8866666666666667	0.005773502691896263	88.66666666666667	0.5773502691896257	0.88	0.89	0.0	0.0	2.8591764688491823	0.0021210937613620703	bos_eos	seed_42,seed_43,seed_44
2_3_gen_order	13_2_3_gen_order	fig:heatmap-13-gen-order	2.3 Genitive possessor--head order	32_svo_gn_ac_b_se	svo	gn	nom-acc	balancing	sent	svo	SV	AVP	100	1.0	0.0	100.0	0.0	1.0	1.0	0.0	0.0	4.123013219038645	0.030856882653979848	bos_eos	seed_42,seed_43,seed_44
2_3_gen_order	13_2_3_gen_order	fig:heatmap-13-gen-order	2.3 Genitive possessor--head order	33_svo_gn_ac_b_pa	svo	gn	nom-acc	balancing	poss-acc	svo	SV	AVP	100	1.0	0.0	100.0	0.0	1.0	1.0	0.0	0.0	4.063508093357086	0.04550773149264051	bos_eos	seed_42,seed_43,seed_44
2_3_gen_order	13_2_3_gen_order	fig:heatmap-13-gen-order	2.3 Genitive possessor--head order	34_svo_gn_ac_b_ep	svo	gn	nom-acc	balancing	erg-poss	sov	SV	PVA	100	1.0	0.0	100.0	0.0	1.0	1.0	0.0	0.0	4.008537902037303	0.03351571999328441	bos_eos	seed_42,seed_43,seed_44
2_3_gen_order	13_2_3_gen_order	fig:heatmap-13-gen-order	2.3 Genitive possessor--head order	35_svo_gn_ac_b_no	svo	gn	nom-acc	balancing	nomn	svo	SV	AVP	100	1.0	0.0	100.0	0.0	1.0	1.0	0.0	0.0	4.053608442942301	0.033693909713832806	bos_eos	seed_42,seed_43,seed_44
2_3_gen_order	13_2_3_gen_order	fig:heatmap-13-gen-order	2.3 Genitive possessor--head order	36_svo_gn_ac_d_se	svo	gn	nom-acc	deranking	sent	svo	SV	AVP	100	1.0	0.0	100.0	0.0	1.0	1.0	0.0	0.0	3.8550991153717042	0.08731990413689684	bos_eos	seed_42,seed_43,seed_44
2_3_gen_order	13_2_3_gen_order	fig:heatmap-13-gen-order	2.3 Genitive possessor--head order	37_svo_gn_ac_d_pa	svo	gn	nom-acc	deranking	poss-acc	svo	SV	AVP	100	1.0	0.0	100.0	0.0	1.0	1.0	0.0	0.0	3.8648133373260496	0.12188254906784089	bos_eos	seed_42,seed_43,seed_44
2_3_gen_order	13_2_3_gen_order	fig:heatmap-13-gen-order	2.3 Genitive possessor--head order	38_svo_gn_ac_d_ep	svo	gn	nom-acc	deranking	erg-poss	sov	SV	PVA	100	1.0	0.0	100.0	0.0	1.0	1.0	0.0	0.0	3.901221359570821	0.22524902790291046	bos_eos	seed_42,seed_43,seed_44
2_3_gen_order	13_2_3_gen_order	fig:heatmap-13-gen-order	2.3 Genitive possessor--head order	39_svo_gn_ac_d_no	svo	gn	nom-acc	deranking	nomn	svo	SV	AVP	100	1.0	0.0	100.0	0.0	1.0	1.0	0.0	0.0	3.9230552633603413	0.2384676783343303	bos_eos	seed_42,seed_43,seed_44
2_3_gen_order	13_2_3_gen_order	fig:heatmap-13-gen-order	2.3 Genitive possessor--head order	40_svo_gn_er_b_se	svo	gn	erg-abs	balancing	sent	svo	SV	AVP	100	1.0	0.0	100.0	0.0	1.0	1.0	0.0	0.0	3.8797634108861287	0.10168641138017048	bos_eos	seed_42,seed_43,seed_44
2_3_gen_order	13_2_3_gen_order	fig:heatmap-13-gen-order	2.3 Genitive possessor--head order	41_svo_gn_er_b_pa	svo	gn	erg-abs	balancing	poss-acc	svo	SV	AVP	100	1.0	0.0	100.0	0.0	1.0	1.0	0.0	0.0	3.8496863436698914	0.11594677802729174	bos_eos	seed_42,seed_43,seed_44
2_3_gen_order	13_2_3_gen_order	fig:heatmap-13-gen-order	2.3 Genitive possessor--head order	42_svo_gn_er_b_ep	svo	gn	erg-abs	balancing	erg-poss	sov	SV	PVA	100	1.0	0.0	100.0	0.0	1.0	1.0	0.0	0.0	3.8520483946800232	0.2870356350337761	bos_eos	seed_42,seed_43,seed_44
2_3_gen_order	13_2_3_gen_order	fig:heatmap-13-gen-order	2.3 Genitive possessor--head order	43_svo_gn_er_b_no	svo	gn	erg-abs	balancing	nomn	svo	SV	AVP	100	1.0	0.0	100.0	0.0	1.0	1.0	0.0	0.0	3.759098653793335	0.16967785888279885	bos_eos	seed_42,seed_43,seed_44
2_3_gen_order	13_2_3_gen_order	fig:heatmap-13-gen-order	2.3 Genitive possessor--head order	44_svo_gn_er_d_se	svo	gn	erg-abs	deranking	sent	svo	SV	AVP	100	1.0	0.0	100.0	0.0	1.0	1.0	0.0	0.0	3.641771849791209	0.045587075109248386	bos_eos	seed_42,seed_43,seed_44
2_3_gen_order	13_2_3_gen_order	fig:heatmap-13-gen-order	2.3 Genitive possessor--head order	45_svo_gn_er_d_pa	svo	gn	erg-abs	deranking	poss-acc	svo	SV	AVP	100	0.9966666666666667	0.005773502691896263	99.66666666666667	0.5773502691896257	0.99	1.0	0.0	0.0	3.6255050460497538	0.12384477530071043	bos_eos	seed_42,seed_43,seed_44
2_3_gen_order	13_2_3_gen_order	fig:heatmap-13-gen-order	2.3 Genitive possessor--head order	46_svo_gn_er_d_ep	svo	gn	erg-abs	deranking	erg-poss	sov	SV	PVA	100	1.0	0.0	100.0	0.0	1.0	1.0	0.0	0.0	3.6299576433499654	0.16333361654422066	bos_eos	seed_42,seed_43,seed_44
2_3_gen_order	13_2_3_gen_order	fig:heatmap-13-gen-order	2.3 Genitive possessor--head order	47_svo_gn_er_d_no	svo	gn	erg-abs	deranking	nomn	svo	SV	AVP	100	1.0	0.0	100.0	0.0	1.0	1.0	0.0	0.0	3.6642336010932923	0.07722717611104003	bos_eos	seed_42,seed_43,seed_44
2_3_gen_order	13_2_3_gen_order	fig:heatmap-13-gen-order	2.3 Genitive possessor--head order	48_svo_ng_ac_b_se	svo	ng	nom-acc	balancing	sent	svo	SV	AVP	100	1.0	0.0	100.0	0.0	1.0	1.0	0.0	0.0	3.834725139935811	0.050645948726944626	bos_eos	seed_42,seed_43,seed_44
2_3_gen_order	13_2_3_gen_order	fig:heatmap-13-gen-order	2.3 Genitive possessor--head order	49_svo_ng_ac_b_pa	svo	ng	nom-acc	balancing	poss-acc	vos	VS	VPA	100	1.0	0.0	100.0	0.0	1.0	1.0	0.0	0.0	3.937297813892364	0.023697241558791497	bos_eos	seed_42,seed_43,seed_44
2_3_gen_order	13_2_3_gen_order	fig:heatmap-13-gen-order	2.3 Genitive possessor--head order	50_svo_ng_ac_b_ep	svo	ng	nom-acc	balancing	erg-poss	vos	VS	VPA	100	1.0	0.0	100.0	0.0	1.0	1.0	0.0	0.0	3.966574079990387	0.033642210266101764	bos_eos	seed_42,seed_43,seed_44
2_3_gen_order	13_2_3_gen_order	fig:heatmap-13-gen-order	2.3 Genitive possessor--head order	51_svo_ng_ac_b_no	svo	ng	nom-acc	balancing	nomn	vos	VS	VPA	100	1.0	0.0	100.0	0.0	1.0	1.0	0.0	0.0	3.9352080432573953	0.06973399517967738	bos_eos	seed_42,seed_43,seed_44
2_3_gen_order	13_2_3_gen_order	fig:heatmap-13-gen-order	2.3 Genitive possessor--head order	52_svo_ng_ac_d_se	svo	ng	nom-acc	deranking	sent	svo	SV	AVP	100	1.0	0.0	100.0	0.0	1.0	1.0	0.0	0.0	3.708063625494639	0.10132022945769383	bos_eos	seed_42,seed_43,seed_44
2_3_gen_order	13_2_3_gen_order	fig:heatmap-13-gen-order	2.3 Genitive possessor--head order	53_svo_ng_ac_d_pa	svo	ng	nom-acc	deranking	poss-acc	vos	VS	VPA	100	1.0	0.0	100.0	0.0	1.0	1.0	0.0	0.0	3.6629010327657063	0.26553789245330345	bos_eos	seed_42,seed_43,seed_44
2_3_gen_order	13_2_3_gen_order	fig:heatmap-13-gen-order	2.3 Genitive possessor--head order	54_svo_ng_ac_d_ep	svo	ng	nom-acc	deranking	erg-poss	vos	VS	VPA	100	1.0	0.0	100.0	0.0	1.0	1.0	0.0	0.0	3.6718088459968565	0.10687878268889099	bos_eos	seed_42,seed_43,seed_44
2_3_gen_order	13_2_3_gen_order	fig:heatmap-13-gen-order	2.3 Genitive possessor--head order	55_svo_ng_ac_d_no	svo	ng	nom-acc	deranking	nomn	vos	VS	VPA	100	1.0	0.0	100.0	0.0	1.0	1.0	0.0	0.0	3.6329537987709046	0.21717336751737773	bos_eos	seed_42,seed_43,seed_44
2_3_gen_order	13_2_3_gen_order	fig:heatmap-13-gen-order	2.3 Genitive possessor--head order	56_svo_ng_er_b_se	svo	ng	erg-abs	balancing	sent	svo	SV	AVP	100	0.9966666666666667	0.005773502691896263	99.66666666666667	0.5773502691896257	0.99	1.0	0.0	0.0	3.377295956611633	0.1775365833876309	bos_eos	seed_42,seed_43,seed_44
2_3_gen_order	13_2_3_gen_order	fig:heatmap-13-gen-order	2.3 Genitive possessor--head order	57_svo_ng_er_b_pa	svo	ng	erg-abs	balancing	poss-acc	vos	VS	VPA	100	1.0	0.0	100.0	0.0	1.0	1.0	0.0	0.0	3.417260251045227	0.07124649565691163	bos_eos	seed_42,seed_43,seed_44
2_3_gen_order	13_2_3_gen_order	fig:heatmap-13-gen-order	2.3 Genitive possessor--head order	58_svo_ng_er_b_ep	svo	ng	erg-abs	balancing	erg-poss	vos	VS	VPA	100	0.9966666666666667	0.005773502691896263	99.66666666666667	0.5773502691896257	0.99	1.0	0.0	0.0	3.414701050122579	0.09883135414905979	bos_eos	seed_42,seed_43,seed_44
2_3_gen_order	13_2_3_gen_order	fig:heatmap-13-gen-order	2.3 Genitive possessor--head order	59_svo_ng_er_b_no	svo	ng	erg-abs	balancing	nomn	vos	VS	VPA	100	1.0	0.0	100.0	0.0	1.0	1.0	0.0	0.0	3.3937590885162354	0.07505812283100771	bos_eos	seed_42,seed_43,seed_44
2_3_gen_order	13_2_3_gen_order	fig:heatmap-13-gen-order	2.3 Genitive possessor--head order	60_svo_ng_er_d_se	svo	ng	erg-abs	deranking	sent	svo	SV	AVP	100	1.0	0.0	100.0	0.0	1.0	1.0	0.0	0.0	3.2038086613019305	0.13966180260535035	bos_eos	seed_42,seed_43,seed_44
2_3_gen_order	13_2_3_gen_order	fig:heatmap-13-gen-order	2.3 Genitive possessor--head order	61_svo_ng_er_d_pa	svo	ng	erg-abs	deranking	poss-acc	vos	VS	VPA	100	1.0	0.0	100.0	0.0	1.0	1.0	0.0	0.0	3.311655604839325	0.24967173928084552	bos_eos	seed_42,seed_43,seed_44
2_3_gen_order	13_2_3_gen_order	fig:heatmap-13-gen-order	2.3 Genitive possessor--head order	62_svo_ng_er_d_ep	svo	ng	erg-abs	deranking	erg-poss	vos	VS	VPA	100	1.0	0.0	100.0	0.0	1.0	1.0	0.0	0.0	3.0671865518887835	0.07599552946949928	bos_eos	seed_42,seed_43,seed_44
2_3_gen_order	13_2_3_gen_order	fig:heatmap-13-gen-order	2.3 Genitive possessor--head order	63_svo_ng_er_d_no	svo	ng	erg-abs	deranking	nomn	vos	VS	VPA	100	1.0	0.0	100.0	0.0	1.0	1.0	0.0	0.0	3.406567540963491	0.41582081546283595	bos_eos	seed_42,seed_43,seed_44
2_3_gen_order	13_2_3_gen_order	fig:heatmap-13-gen-order	2.3 Genitive possessor--head order	64_vos_gn_ac_b_se	vos	gn	nom-acc	balancing	sent	vos	VS	VPA	100	0.9266666666666667	0.005773502691896263	92.66666666666667	0.5773502691896257	0.92	0.93	0.0	0.0	1.2541484077771505	0.016508131454512437	bos_eos	seed_42,seed_43,seed_44
2_3_gen_order	13_2_3_gen_order	fig:heatmap-13-gen-order	2.3 Genitive possessor--head order	65_vos_gn_ac_b_pa	vos	gn	nom-acc	balancing	poss-acc	svo	SV	AVP	100	0.9333333333333333	0.01527525231651942	93.33333333333333	1.5275252316519468	0.92	0.95	0.0	0.0	1.2868800767262776	0.06004471621123251	bos_eos	seed_42,seed_43,seed_44
2_3_gen_order	13_2_3_gen_order	fig:heatmap-13-gen-order	2.3 Genitive possessor--head order	66_vos_gn_ac_b_ep	vos	gn	nom-acc	balancing	erg-poss	sov	SV	PVA	100	0.95	0.017320508075688724	95.0	1.7320508075688772	0.93	0.96	0.0	0.0	1.3209953983624776	0.01266488142135414	bos_eos	seed_42,seed_43,seed_44
2_3_gen_order	13_2_3_gen_order	fig:heatmap-13-gen-order	2.3 Genitive possessor--head order	67_vos_gn_ac_b_no	vos	gn	nom-acc	balancing	nomn	svo	SV	AVP	100	0.9400000000000001	0.026457513110645866	94.0	2.6457513110645907	0.92	0.97	0.0	0.0	1.3557861137390137	0.010900320979111547	bos_eos	seed_42,seed_43,seed_44
2_3_gen_order	13_2_3_gen_order	fig:heatmap-13-gen-order	2.3 Genitive possessor--head order	68_vos_gn_ac_d_se	vos	gn	nom-acc	deranking	sent	vos	VS	VPA	100	0.9366666666666666	0.01527525231651942	93.66666666666667	1.5275252316519468	0.92	0.95	0.0	0.0	1.40444433927536	0.009297309691486013	bos_eos	seed_42,seed_43,seed_44
2_3_gen_order	13_2_3_gen_order	fig:heatmap-13-gen-order	2.3 Genitive possessor--head order	69_vos_gn_ac_d_pa	vos	gn	nom-acc	deranking	poss-acc	svo	SV	AVP	100	0.9466666666666667	0.011547005383792526	94.66666666666667	1.1547005383792515	0.94	0.96	0.0	0.0	1.3711805629730225	0.058642191341331154	bos_eos	seed_42,seed_43,seed_44
2_3_gen_order	13_2_3_gen_order	fig:heatmap-13-gen-order	2.3 Genitive possessor--head order	70_vos_gn_ac_d_ep	vos	gn	nom-acc	deranking	erg-poss	sov	SV	PVA	100	0.9366666666666666	0.020816659994661285	93.66666666666667	2.0816659994661326	0.92	0.96	0.0	0.0	1.417953277428945	0.053627672629592005	bos_eos	seed_42,seed_43,seed_44
2_3_gen_order	13_2_3_gen_order	fig:heatmap-13-gen-order	2.3 Genitive possessor--head order	71_vos_gn_ac_d_no	vos	gn	nom-acc	deranking	nomn	svo	SV	AVP	100	0.9466666666666667	0.005773502691896263	94.66666666666667	0.5773502691896257	0.94	0.95	0.0	0.0	1.3841169420878092	0.06091489053058696	bos_eos	seed_42,seed_43,seed_44
2_3_gen_order	13_2_3_gen_order	fig:heatmap-13-gen-order	2.3 Genitive possessor--head order	72_vos_gn_er_b_se	vos	gn	erg-abs	balancing	sent	vos	VS	VPA	100	0.9466666666666667	0.005773502691896263	94.66666666666667	0.5773502691896257	0.94	0.95	0.0	0.0	1.2675080021222431	0.025996183374482278	bos_eos	seed_42,seed_43,seed_44
2_3_gen_order	13_2_3_gen_order	fig:heatmap-13-gen-order	2.3 Genitive possessor--head order	73_vos_gn_er_b_pa	vos	gn	erg-abs	balancing	poss-acc	svo	SV	AVP	100	0.9666666666666667	0.01527525231651948	96.66666666666667	1.5275252316519468	0.95	0.98	0.0	0.0	1.2994101063410441	0.025839604527581758	bos_eos	seed_42,seed_43,seed_44
2_3_gen_order	13_2_3_gen_order	fig:heatmap-13-gen-order	2.3 Genitive possessor--head order	74_vos_gn_er_b_ep	vos	gn	erg-abs	balancing	erg-poss	sov	SV	PVA	100	0.9533333333333333	0.023094010767585053	95.33333333333333	2.309401076758503	0.94	0.98	0.0	0.0	1.3210937841733297	0.06499858619718199	bos_eos	seed_42,seed_43,seed_44
2_3_gen_order	13_2_3_gen_order	fig:heatmap-13-gen-order	2.3 Genitive possessor--head order	75_vos_gn_er_b_no	vos	gn	erg-abs	balancing	nomn	svo	SV	AVP	100	0.9733333333333333	0.011547005383792526	97.33333333333333	1.1547005383792515	0.96	0.98	0.0	0.0	1.3312297677993774	0.09647771375150298	bos_eos	seed_42,seed_43,seed_44
2_3_gen_order	13_2_3_gen_order	fig:heatmap-13-gen-order	2.3 Genitive possessor--head order	76_vos_gn_er_d_se	vos	gn	erg-abs	deranking	sent	vos	VS	VPA	100	0.95	0.0	95.0	0.0	0.95	0.95	0.0	0.0	1.4179368766148885	0.02932954359300131	bos_eos	seed_42,seed_43,seed_44
2_3_gen_order	13_2_3_gen_order	fig:heatmap-13-gen-order	2.3 Genitive possessor--head order	77_vos_gn_er_d_pa	vos	gn	erg-abs	deranking	poss-acc	svo	SV	AVP	100	0.9566666666666667	0.01527525231651948	95.66666666666667	1.5275252316519468	0.94	0.97	0.0	0.0	1.414423143863678	0.049576172187546556	bos_eos	seed_42,seed_43,seed_44
2_3_gen_order	13_2_3_gen_order	fig:heatmap-13-gen-order	2.3 Genitive possessor--head order	78_vos_gn_er_d_ep	vos	gn	erg-abs	deranking	erg-poss	sov	SV	PVA	100	0.9733333333333333	0.023094010767585053	97.33333333333333	2.309401076758503	0.96	1.0	0.0	0.0	1.4695149993896486	0.02502908249387728	bos_eos	seed_42,seed_43,seed_44
2_3_gen_order	13_2_3_gen_order	fig:heatmap-13-gen-order	2.3 Genitive possessor--head order	79_vos_gn_er_d_no	vos	gn	erg-abs	deranking	nomn	svo	SV	AVP	100	0.9533333333333333	0.023094010767585053	95.33333333333333	2.309401076758503	0.94	0.98	0.0	0.0	1.3405839888254802	0.03832033009497692	bos_eos	seed_42,seed_43,seed_44
2_3_gen_order	13_2_3_gen_order	fig:heatmap-13-gen-order	2.3 Genitive possessor--head order	80_vos_ng_ac_b_se	vos	ng	nom-acc	balancing	sent	vos	VS	VPA	100	0.7166666666666667	0.03214550253664315	71.66666666666667	3.2145502536643185	0.68	0.74	0.0	0.0	0.5320948982238769	0.03651414579300829	bos_eos	seed_42,seed_43,seed_44
2_3_gen_order	13_2_3_gen_order	fig:heatmap-13-gen-order	2.3 Genitive possessor--head order	81_vos_ng_ac_b_pa	vos	ng	nom-acc	balancing	poss-acc	vos	VS	VPA	100	0.7466666666666667	0.03214550253664321	74.66666666666667	3.2145502536643185	0.71	0.77	0.0	0.0	0.6059946926434835	0.04365329284186966	bos_eos	seed_42,seed_43,seed_44
2_3_gen_order	13_2_3_gen_order	fig:heatmap-13-gen-order	2.3 Genitive possessor--head order	82_vos_ng_ac_b_ep	vos	ng	nom-acc	balancing	erg-poss	vos	VS	VPA	100	0.7366666666666667	0.028867513459481315	73.66666666666667	2.886751345948129	0.72	0.77	0.0	0.0	0.6315337840716044	0.07947197303181575	bos_eos	seed_42,seed_43,seed_44
2_3_gen_order	13_2_3_gen_order	fig:heatmap-13-gen-order	2.3 Genitive possessor--head order	83_vos_ng_ac_b_no	vos	ng	nom-acc	balancing	nomn	vos	VS	VPA	100	0.7633333333333333	0.011547005383792526	76.33333333333333	1.1547005383792515	0.75	0.77	0.0	0.0	0.6037260540326437	0.046407465901545354	bos_eos	seed_42,seed_43,seed_44
2_3_gen_order	13_2_3_gen_order	fig:heatmap-13-gen-order	2.3 Genitive possessor--head order	84_vos_ng_ac_d_se	vos	ng	nom-acc	deranking	sent	vos	VS	VPA	100	0.76	0.052915026221291864	76.0	5.291502622129181	0.7	0.8	0.0	0.0	0.623724710146586	0.11203812221153098	bos_eos	seed_42,seed_43,seed_44
2_3_gen_order	13_2_3_gen_order	fig:heatmap-13-gen-order	2.3 Genitive possessor--head order	85_vos_ng_ac_d_pa	vos	ng	nom-acc	deranking	poss-acc	vos	VS	VPA	100	0.7566666666666667	0.020816659994661348	75.66666666666667	2.0816659994661326	0.74	0.78	0.0	0.0	0.6661626203854879	0.12300684737269126	bos_eos	seed_42,seed_43,seed_44
2_3_gen_order	13_2_3_gen_order	fig:heatmap-13-gen-order	2.3 Genitive possessor--head order	86_vos_ng_ac_d_ep	vos	ng	nom-acc	deranking	erg-poss	vos	VS	VPA	100	0.8133333333333334	0.040414518843273774	81.33333333333333	4.041451884327381	0.79	0.86	0.0	0.0	0.6732455229759217	0.0277419559948365	bos_eos	seed_42,seed_43,seed_44
2_3_gen_order	13_2_3_gen_order	fig:heatmap-13-gen-order	2.3 Genitive possessor--head order	87_vos_ng_ac_d_no	vos	ng	nom-acc	deranking	nomn	vos	VS	VPA	100	0.79	0.052915026221291815	79.0	5.291502622129181	0.73	0.83	0.0	0.0	0.7141400965054829	0.06113082793267383	bos_eos	seed_42,seed_43,seed_44
2_3_gen_order	13_2_3_gen_order	fig:heatmap-13-gen-order	2.3 Genitive possessor--head order	88_vos_ng_er_b_se	vos	ng	erg-abs	balancing	sent	vos	VS	VPA	100	0.8666666666666667	0.020816659994661348	86.66666666666667	2.0816659994661326	0.85	0.89	0.0	0.0	1.395728055636088	0.15053383124956277	bos_eos	seed_42,seed_43,seed_44
2_3_gen_order	13_2_3_gen_order	fig:heatmap-13-gen-order	2.3 Genitive possessor--head order	89_vos_ng_er_b_pa	vos	ng	erg-abs	balancing	poss-acc	vos	VS	VPA	100	0.8866666666666667	0.011547005383792526	88.66666666666667	1.1547005383792515	0.88	0.9	0.0	0.0	1.466180682182312	0.16759162097012908	bos_eos	seed_42,seed_43,seed_44
2_3_gen_order	13_2_3_gen_order	fig:heatmap-13-gen-order	2.3 Genitive possessor--head order	90_vos_ng_er_b_ep	vos	ng	erg-abs	balancing	erg-poss	vos	VS	VPA	100	0.88	0.040000000000000036	88.0	4.0	0.84	0.92	0.0	0.0	1.4590166862805685	0.10946878415625565	bos_eos	seed_42,seed_43,seed_44
2_3_gen_order	13_2_3_gen_order	fig:heatmap-13-gen-order	2.3 Genitive possessor--head order	91_vos_ng_er_b_no	vos	ng	erg-abs	balancing	nomn	vos	VS	VPA	100	0.8833333333333333	0.011547005383792526	88.33333333333333	1.1547005383792515	0.87	0.89	0.0	0.0	1.5519483232498168	0.07265167543053663	bos_eos	seed_42,seed_43,seed_44
2_3_gen_order	13_2_3_gen_order	fig:heatmap-13-gen-order	2.3 Genitive possessor--head order	92_vos_ng_er_d_se	vos	ng	erg-abs	deranking	sent	vos	VS	VPA	100	0.9	0.036055512754639925	90.0	3.605551275463989	0.86	0.93	0.0	0.0	1.5270919187863667	0.11401838965469123	bos_eos	seed_42,seed_43,seed_44
2_3_gen_order	13_2_3_gen_order	fig:heatmap-13-gen-order	2.3 Genitive possessor--head order	93_vos_ng_er_d_pa	vos	ng	erg-abs	deranking	poss-acc	vos	VS	VPA	100	0.89	0.010000000000000009	89.0	1.0	0.88	0.9	0.0	0.0	1.4295415949821473	0.08514198207809419	bos_eos	seed_42,seed_43,seed_44
2_3_gen_order	13_2_3_gen_order	fig:heatmap-13-gen-order	2.3 Genitive possessor--head order	94_vos_ng_er_d_ep	vos	ng	erg-abs	deranking	erg-poss	vos	VS	VPA	100	0.89	0.020000000000000018	89.0	2.0	0.87	0.91	0.0	0.0	1.610882223447164	0.02601195516400638	bos_eos	seed_42,seed_43,seed_44
2_3_gen_order	13_2_3_gen_order	fig:heatmap-13-gen-order	2.3 Genitive possessor--head order	95_vos_ng_er_d_no	vos	ng	erg-abs	deranking	nomn	vos	VS	VPA	100	0.89	0.017320508075688787	89.0	1.7320508075688772	0.88	0.91	0.0	0.0	1.5245281807581583	0.10747066865853183	bos_eos	seed_42,seed_43,seed_44
3_1_clausal_V_form	14_3_1_clausal_V_form	fig:heatmap-14-clausal-v-form	3.1 Clausal complement verb form	00_sov_gn_ac_b_se	sov	gn	nom-acc	balancing	sent	sov	SV	APV	100	0.99	0.0	99.0	0.0	0.99	0.99	0.0	0.0	1.7718273830413818	0.052741946769877694	bos_eos	seed_42,seed_43,seed_44
3_1_clausal_V_form	14_3_1_clausal_V_form	fig:heatmap-14-clausal-v-form	3.1 Clausal complement verb form	01_sov_gn_ac_b_pa	sov	gn	nom-acc	balancing	poss-acc	sov	SV	APV	100	0.9966666666666667	0.005773502691896263	99.66666666666667	0.5773502691896257	0.99	1.0	0.0	0.0	1.8241300161679586	0.05149848120924621	bos_eos	seed_42,seed_43,seed_44
3_1_clausal_V_form	14_3_1_clausal_V_form	fig:heatmap-14-clausal-v-form	3.1 Clausal complement verb form	02_sov_gn_ac_b_ep	sov	gn	nom-acc	balancing	erg-poss	sov	SV	APV	100	0.99	0.0	99.0	0.0	0.99	0.99	0.0	0.0	1.9924884486198424	0.06991423357953801	bos_eos	seed_42,seed_43,seed_44
3_1_clausal_V_form	14_3_1_clausal_V_form	fig:heatmap-14-clausal-v-form	3.1 Clausal complement verb form	03_sov_gn_ac_b_no	sov	gn	nom-acc	balancing	nomn	sov	SV	APV	100	0.9933333333333333	0.005773502691896263	99.33333333333333	0.5773502691896257	0.99	1.0	0.0	0.0	2.0168384591738384	0.09490353797963262	bos_eos	seed_42,seed_43,seed_44
3_1_clausal_V_form	14_3_1_clausal_V_form	fig:heatmap-14-clausal-v-form	3.1 Clausal complement verb form	04_sov_gn_ac_d_se	sov	gn	nom-acc	deranking	sent	sov	SV	APV	100	0.9966666666666667	0.005773502691896263	99.66666666666667	0.5773502691896257	0.99	1.0	0.0	0.0	2.1848428177833554	0.10449437682009285	bos_eos	seed_42,seed_43,seed_44
3_1_clausal_V_form	14_3_1_clausal_V_form	fig:heatmap-14-clausal-v-form	3.1 Clausal complement verb form	05_sov_gn_ac_d_pa	sov	gn	nom-acc	deranking	poss-acc	sov	SV	APV	100	0.9933333333333333	0.005773502691896263	99.33333333333333	0.5773502691896257	0.99	1.0	0.0	0.0	2.111445384025574	0.024307898659700254	bos_eos	seed_42,seed_43,seed_44
3_1_clausal_V_form	14_3_1_clausal_V_form	fig:heatmap-14-clausal-v-form	3.1 Clausal complement verb form	06_sov_gn_ac_d_ep	sov	gn	nom-acc	deranking	erg-poss	sov	SV	APV	100	0.9966666666666667	0.005773502691896263	99.66666666666667	0.5773502691896257	0.99	1.0	0.0	0.0	2.1309366122881572	0.12935110250805998	bos_eos	seed_42,seed_43,seed_44
3_1_clausal_V_form	14_3_1_clausal_V_form	fig:heatmap-14-clausal-v-form	3.1 Clausal complement verb form	07_sov_gn_ac_d_no	sov	gn	nom-acc	deranking	nomn	sov	SV	APV	100	0.9966666666666667	0.005773502691896263	99.66666666666667	0.5773502691896257	0.99	1.0	0.0	0.0	2.2543534636497498	0.23192109111997442	bos_eos	seed_42,seed_43,seed_44
3_1_clausal_V_form	14_3_1_clausal_V_form	fig:heatmap-14-clausal-v-form	3.1 Clausal complement verb form	08_sov_gn_er_b_se	sov	gn	erg-abs	balancing	sent	sov	SV	APV	100	0.94	0.0	94.0	0.0	0.94	0.94	0.0	0.0	0.9459121338526408	0.04016233508291096	bos_eos	seed_42,seed_43,seed_44
3_1_clausal_V_form	14_3_1_clausal_V_form	fig:heatmap-14-clausal-v-form	3.1 Clausal complement verb form	09_sov_gn_er_b_pa	sov	gn	erg-abs	balancing	poss-acc	sov	SV	APV	100	0.9466666666666667	0.025166114784235794	94.66666666666667	2.516611478423583	0.92	0.97	0.0	0.0	1.0261162996292115	0.019836391875575458	bos_eos	seed_42,seed_43,seed_44
3_1_clausal_V_form	14_3_1_clausal_V_form	fig:heatmap-14-clausal-v-form	3.1 Clausal complement verb form	10_sov_gn_er_b_ep	sov	gn	erg-abs	balancing	erg-poss	sov	SV	APV	100	0.9833333333333333	0.005773502691896263	98.33333333333333	0.5773502691896257	0.98	0.99	0.0	0.0	1.2425740631421407	0.023015742173881356	bos_eos	seed_42,seed_43,seed_44
3_1_clausal_V_form	14_3_1_clausal_V_form	fig:heatmap-14-clausal-v-form	3.1 Clausal complement verb form	11_sov_gn_er_b_no	sov	gn	erg-abs	balancing	nomn	sov	SV	APV	100	0.9833333333333333	0.011547005383792526	98.33333333333333	1.1547005383792515	0.97	0.99	0.0	0.0	1.238475363254547	0.0025481162254402607	bos_eos	seed_42,seed_43,seed_44
3_1_clausal_V_form	14_3_1_clausal_V_form	fig:heatmap-14-clausal-v-form	3.1 Clausal complement verb form	12_sov_gn_er_d_se	sov	gn	erg-abs	deranking	sent	sov	SV	APV	100	1.0	0.0	100.0	0.0	1.0	1.0	0.0	0.0	1.557258560260137	0.07695802202078281	bos_eos	seed_42,seed_43,seed_44
3_1_clausal_V_form	14_3_1_clausal_V_form	fig:heatmap-14-clausal-v-form	3.1 Clausal complement verb form	13_sov_gn_er_d_pa	sov	gn	erg-abs	deranking	poss-acc	sov	SV	APV	100	1.0	0.0	100.0	0.0	1.0	1.0	0.0	0.0	1.6406181351343792	0.056227814855953996	bos_eos	seed_42,seed_43,seed_44
3_1_clausal_V_form	14_3_1_clausal_V_form	fig:heatmap-14-clausal-v-form	3.1 Clausal complement verb form	14_sov_gn_er_d_ep	sov	gn	erg-abs	deranking	erg-poss	sov	SV	APV	100	1.0	0.0	100.0	0.0	1.0	1.0	0.0	0.0	1.608635926246643	0.030958581129368962	bos_eos	seed_42,seed_43,seed_44
3_1_clausal_V_form	14_3_1_clausal_V_form	fig:heatmap-14-clausal-v-form	3.1 Clausal complement verb form	15_sov_gn_er_d_no	sov	gn	erg-abs	deranking	nomn	sov	SV	APV	100	1.0	0.0	100.0	0.0	1.0	1.0	0.0	0.0	1.596967158317566	0.09508673989781968	bos_eos	seed_42,seed_43,seed_44
3_1_clausal_V_form	14_3_1_clausal_V_form	fig:heatmap-14-clausal-v-form	3.1 Clausal complement verb form	16_sov_ng_ac_b_se	sov	ng	nom-acc	balancing	sent	sov	SV	APV	100	0.9966666666666667	0.005773502691896263	99.66666666666667	0.5773502691896257	0.99	1.0	0.0	0.0	1.757880028883616	0.04917270134986027	bos_eos	seed_42,seed_43,seed_44
3_1_clausal_V_form	14_3_1_clausal_V_form	fig:heatmap-14-clausal-v-form	3.1 Clausal complement verb form	17_sov_ng_ac_b_pa	sov	ng	nom-acc	balancing	poss-acc	ovs	VS	PVA	100	0.99	0.0	99.0	0.0	0.99	0.99	0.0	0.0	1.8247749988238018	0.07921197684827526	bos_eos	seed_42,seed_43,seed_44
3_1_clausal_V_form	14_3_1_clausal_V_form	fig:heatmap-14-clausal-v-form	3.1 Clausal complement verb form	18_sov_ng_ac_b_ep	sov	ng	nom-acc	balancing	erg-poss	vos	VS	AVP	100	0.99	0.0	99.0	0.0	0.99	0.99	0.0	0.0	1.959537674585978	0.12905932227664985	bos_eos	seed_42,seed_43,seed_44
3_1_clausal_V_form	14_3_1_clausal_V_form	fig:heatmap-14-clausal-v-form	3.1 Clausal complement verb form	19_sov_ng_ac_b_no	sov	ng	nom-acc	balancing	nomn	ovs	VS	PVA	100	0.9933333333333333	0.005773502691896263	99.33333333333333	0.5773502691896257	0.99	1.0	0.0	0.0	2.0550574413935343	0.1793743484564302	bos_eos	seed_42,seed_43,seed_44
3_1_clausal_V_form	14_3_1_clausal_V_form	fig:heatmap-14-clausal-v-form	3.1 Clausal complement verb form	20_sov_ng_ac_d_se	sov	ng	nom-acc	deranking	sent	sov	SV	APV	100	0.9933333333333333	0.005773502691896263	99.33333333333333	0.5773502691896257	0.99	1.0	0.0	0.0	2.2174406623840333	0.09253730863767833	bos_eos	seed_42,seed_43,seed_44
3_1_clausal_V_form	14_3_1_clausal_V_form	fig:heatmap-14-clausal-v-form	3.1 Clausal complement verb form	21_sov_ng_ac_d_pa	sov	ng	nom-acc	deranking	poss-acc	ovs	VS	PVA	100	0.9966666666666667	0.005773502691896263	99.66666666666667	0.5773502691896257	0.99	1.0	0.0	0.0	2.1271892937024433	0.08252208504738878	bos_eos	seed_42,seed_43,seed_44
3_1_clausal_V_form	14_3_1_clausal_V_form	fig:heatmap-14-clausal-v-form	3.1 Clausal complement verb form	22_sov_ng_ac_d_ep	sov	ng	nom-acc	deranking	erg-poss	vos	VS	AVP	100	0.9966666666666667	0.005773502691896263	99.66666666666667	0.5773502691896257	0.99	1.0	0.0	0.0	2.085582350095113	0.1057358407017463	bos_eos	seed_42,seed_43,seed_44
3_1_clausal_V_form	14_3_1_clausal_V_form	fig:heatmap-14-clausal-v-form	3.1 Clausal complement verb form	23_sov_ng_ac_d_no	sov	ng	nom-acc	deranking	nomn	ovs	VS	PVA	100	0.9966666666666667	0.005773502691896263	99.66666666666667	0.5773502691896257	0.99	1.0	0.0	0.0	2.331492079893748	0.11693680872510895	bos_eos	seed_42,seed_43,seed_44
3_1_clausal_V_form	14_3_1_clausal_V_form	fig:heatmap-14-clausal-v-form	3.1 Clausal complement verb form	24_sov_ng_er_b_se	sov	ng	erg-abs	balancing	sent	sov	SV	APV	100	0.95	0.017320508075688724	95.0	1.7320508075688772	0.93	0.96	0.0	0.0	0.9580388657251994	0.050085797912570146	bos_eos	seed_42,seed_43,seed_44
3_1_clausal_V_form	14_3_1_clausal_V_form	fig:heatmap-14-clausal-v-form	3.1 Clausal complement verb form	25_sov_ng_er_b_pa	sov	ng	erg-abs	balancing	poss-acc	ovs	VS	PVA	100	0.96	0.010000000000000009	96.0	1.0	0.95	0.97	0.0	0.0	1.075879341761271	0.029630710444532117	bos_eos	seed_42,seed_43,seed_44
3_1_clausal_V_form	14_3_1_clausal_V_form	fig:heatmap-14-clausal-v-form	3.1 Clausal complement verb form	26_sov_ng_er_b_ep	sov	ng	erg-abs	balancing	erg-poss	vos	VS	AVP	100	0.9833333333333333	0.005773502691896263	98.33333333333333	0.5773502691896257	0.98	0.99	0.0	0.0	1.1896067913373312	0.03354859029123952	bos_eos	seed_42,seed_43,seed_44
3_1_clausal_V_form	14_3_1_clausal_V_form	fig:heatmap-14-clausal-v-form	3.1 Clausal complement verb form	27_sov_ng_er_b_no	sov	ng	erg-abs	balancing	nomn	ovs	VS	PVA	100	0.9733333333333333	0.005773502691896263	97.33333333333333	0.5773502691896257	0.97	0.98	0.0	0.0	1.206129801273346	0.011285774903285816	bos_eos	seed_42,seed_43,seed_44
3_1_clausal_V_form	14_3_1_clausal_V_form	fig:heatmap-14-clausal-v-form	3.1 Clausal complement verb form	28_sov_ng_er_d_se	sov	ng	erg-abs	deranking	sent	sov	SV	APV	100	1.0	0.0	100.0	0.0	1.0	1.0	0.0	0.0	1.6926515511671703	0.06999134187471383	bos_eos	seed_42,seed_43,seed_44
3_1_clausal_V_form	14_3_1_clausal_V_form	fig:heatmap-14-clausal-v-form	3.1 Clausal complement verb form	29_sov_ng_er_d_pa	sov	ng	erg-abs	deranking	poss-acc	ovs	VS	PVA	100	1.0	0.0	100.0	0.0	1.0	1.0	0.0	0.0	1.5273585426807403	0.06078071583401924	bos_eos	seed_42,seed_43,seed_44
3_1_clausal_V_form	14_3_1_clausal_V_form	fig:heatmap-14-clausal-v-form	3.1 Clausal complement verb form	30_sov_ng_er_d_ep	sov	ng	erg-abs	deranking	erg-poss	vos	VS	AVP	100	1.0	0.0	100.0	0.0	1.0	1.0	0.0	0.0	1.593328946828842	0.02891164168113215	bos_eos	seed_42,seed_43,seed_44
3_1_clausal_V_form	14_3_1_clausal_V_form	fig:heatmap-14-clausal-v-form	3.1 Clausal complement verb form	31_sov_ng_er_d_no	sov	ng	erg-abs	deranking	nomn	ovs	VS	PVA	100	1.0	0.0	100.0	0.0	1.0	1.0	0.0	0.0	1.6167845698197683	0.08872655654967966	bos_eos	seed_42,seed_43,seed_44
3_1_clausal_V_form	14_3_1_clausal_V_form	fig:heatmap-14-clausal-v-form	3.1 Clausal complement verb form	32_svo_gn_ac_b_se	svo	gn	nom-acc	balancing	sent	svo	SV	AVP	100	1.0	0.0	100.0	0.0	1.0	1.0	0.0	0.0	2.1465848660469056	0.08346999844315399	bos_eos	seed_42,seed_43,seed_44
3_1_clausal_V_form	14_3_1_clausal_V_form	fig:heatmap-14-clausal-v-form	3.1 Clausal complement verb form	33_svo_gn_ac_b_pa	svo	gn	nom-acc	balancing	poss-acc	svo	SV	AVP	100	1.0	0.0	100.0	0.0	1.0	1.0	0.0	0.0	2.3676395718256633	0.020316435796295215	bos_eos	seed_42,seed_43,seed_44
3_1_clausal_V_form	14_3_1_clausal_V_form	fig:heatmap-14-clausal-v-form	3.1 Clausal complement verb form	34_svo_gn_ac_b_ep	svo	gn	nom-acc	balancing	erg-poss	sov	SV	PVA	100	1.0	0.0	100.0	0.0	1.0	1.0	0.0	0.0	2.5240295362472533	0.11232506653943193	bos_eos	seed_42,seed_43,seed_44
3_1_clausal_V_form	14_3_1_clausal_V_form	fig:heatmap-14-clausal-v-form	3.1 Clausal complement verb form	35_svo_gn_ac_b_no	svo	gn	nom-acc	balancing	nomn	svo	SV	AVP	100	0.9966666666666667	0.005773502691896263	99.66666666666667	0.5773502691896257	0.99	1.0	0.0	0.0	2.3896188163757324	0.11025173234187771	bos_eos	seed_42,seed_43,seed_44
3_1_clausal_V_form	14_3_1_clausal_V_form	fig:heatmap-14-clausal-v-form	3.1 Clausal complement verb form	36_svo_gn_ac_d_se	svo	gn	nom-acc	deranking	sent	svo	SV	AVP	100	0.9566666666666667	0.01527525231651948	95.66666666666667	1.5275252316519468	0.94	0.97	0.0	0.0	0.744746310710907	0.04791890580865769	bos_eos	seed_42,seed_43,seed_44
3_1_clausal_V_form	14_3_1_clausal_V_form	fig:heatmap-14-clausal-v-form	3.1 Clausal complement verb form	37_svo_gn_ac_d_pa	svo	gn	nom-acc	deranking	poss-acc	svo	SV	AVP	100	0.9533333333333333	0.01527525231651948	95.33333333333333	1.5275252316519468	0.94	0.97	0.0	0.0	0.7566529059410095	0.013547505207433221	bos_eos	seed_42,seed_43,seed_44
3_1_clausal_V_form	14_3_1_clausal_V_form	fig:heatmap-14-clausal-v-form	3.1 Clausal complement verb form	38_svo_gn_ac_d_ep	svo	gn	nom-acc	deranking	erg-poss	sov	SV	PVA	100	0.9633333333333333	0.011547005383792526	96.33333333333333	1.1547005383792515	0.95	0.97	0.0	0.0	0.7444300603866577	0.03443395409203818	bos_eos	seed_42,seed_43,seed_44
3_1_clausal_V_form	14_3_1_clausal_V_form	fig:heatmap-14-clausal-v-form	3.1 Clausal complement verb form	39_svo_gn_ac_d_no	svo	gn	nom-acc	deranking	nomn	svo	SV	AVP	100	0.9566666666666667	0.03214550253664315	95.66666666666667	3.2145502536643185	0.92	0.98	0.0	0.0	0.7716284195582072	0.07331944550886495	bos_eos	seed_42,seed_43,seed_44
3_1_clausal_V_form	14_3_1_clausal_V_form	fig:heatmap-14-clausal-v-form	3.1 Clausal complement verb form	40_svo_gn_er_b_se	svo	gn	erg-abs	balancing	sent	svo	SV	AVP	100	0.9833333333333333	0.005773502691896263	98.33333333333333	0.5773502691896257	0.98	0.99	0.0	0.0	1.2888382577896118	0.056751133516098985	bos_eos	seed_42,seed_43,seed_44
3_1_clausal_V_form	14_3_1_clausal_V_form	fig:heatmap-14-clausal-v-form	3.1 Clausal complement verb form	41_svo_gn_er_b_pa	svo	gn	erg-abs	balancing	poss-acc	svo	SV	AVP	100	0.99	0.0	99.0	0.0	0.99	0.99	0.0	0.0	1.4280983352661132	0.019773468171835167	bos_eos	seed_42,seed_43,seed_44
3_1_clausal_V_form	14_3_1_clausal_V_form	fig:heatmap-14-clausal-v-form	3.1 Clausal complement verb form	42_svo_gn_er_b_ep	svo	gn	erg-abs	balancing	erg-poss	sov	SV	PVA	100	0.99	0.010000000000000009	99.0	1.0	0.98	1.0	0.0	0.0	1.7530972035725911	0.08497207829904173	bos_eos	seed_42,seed_43,seed_44
3_1_clausal_V_form	14_3_1_clausal_V_form	fig:heatmap-14-clausal-v-form	3.1 Clausal complement verb form	43_svo_gn_er_b_no	svo	gn	erg-abs	balancing	nomn	svo	SV	AVP	100	0.9933333333333333	0.005773502691896263	99.33333333333333	0.5773502691896257	0.99	1.0	0.0	0.0	1.6020685108502706	0.0673794855290423	bos_eos	seed_42,seed_43,seed_44
3_1_clausal_V_form	14_3_1_clausal_V_form	fig:heatmap-14-clausal-v-form	3.1 Clausal complement verb form	44_svo_gn_er_d_se	svo	gn	erg-abs	deranking	sent	svo	SV	AVP	100	0.93	0.009999999999999953	93.0	1.0	0.92	0.94	0.0	0.0	0.6149563336372376	0.028843671957605576	bos_eos	seed_42,seed_43,seed_44
3_1_clausal_V_form	14_3_1_clausal_V_form	fig:heatmap-14-clausal-v-form	3.1 Clausal complement verb form	45_svo_gn_er_d_pa	svo	gn	erg-abs	deranking	poss-acc	svo	SV	AVP	100	0.95	0.0	95.0	0.0	0.95	0.95	0.0	0.0	0.6104171872138977	0.02626711270739059	bos_eos	seed_42,seed_43,seed_44
3_1_clausal_V_form	14_3_1_clausal_V_form	fig:heatmap-14-clausal-v-form	3.1 Clausal complement verb form	46_svo_gn_er_d_ep	svo	gn	erg-abs	deranking	erg-poss	sov	SV	PVA	100	0.96	0.017320508075688787	96.0	1.7320508075688772	0.94	0.97	0.0	0.0	0.639787247578303	0.03622288452550922	bos_eos	seed_42,seed_43,seed_44
3_1_clausal_V_form	14_3_1_clausal_V_form	fig:heatmap-14-clausal-v-form	3.1 Clausal complement verb form	47_svo_gn_er_d_no	svo	gn	erg-abs	deranking	nomn	svo	SV	AVP	100	0.9566666666666667	0.01527525231651948	95.66666666666667	1.5275252316519468	0.94	0.97	0.0	0.0	0.6285992674032848	0.0293813626004716	bos_eos	seed_42,seed_43,seed_44
3_1_clausal_V_form	14_3_1_clausal_V_form	fig:heatmap-14-clausal-v-form	3.1 Clausal complement verb form	48_svo_ng_ac_b_se	svo	ng	nom-acc	balancing	sent	svo	SV	AVP	100	1.0	0.0	100.0	0.0	1.0	1.0	0.0	0.0	2.0275614007314045	0.03582011517422043	bos_eos	seed_42,seed_43,seed_44
3_1_clausal_V_form	14_3_1_clausal_V_form	fig:heatmap-14-clausal-v-form	3.1 Clausal complement verb form	49_svo_ng_ac_b_pa	svo	ng	nom-acc	balancing	poss-acc	vos	VS	VPA	100	1.0	0.0	100.0	0.0	1.0	1.0	0.0	0.0	2.28948544104894	0.02426086341473861	bos_eos	seed_42,seed_43,seed_44
3_1_clausal_V_form	14_3_1_clausal_V_form	fig:heatmap-14-clausal-v-form	3.1 Clausal complement verb form	50_svo_ng_ac_b_ep	svo	ng	nom-acc	balancing	erg-poss	vos	VS	VPA	100	1.0	0.0	100.0	0.0	1.0	1.0	0.0	0.0	2.479583479563395	0.02285044588582501	bos_eos	seed_42,seed_43,seed_44
3_1_clausal_V_form	14_3_1_clausal_V_form	fig:heatmap-14-clausal-v-form	3.1 Clausal complement verb form	51_svo_ng_ac_b_no	svo	ng	nom-acc	balancing	nomn	vos	VS	VPA	100	1.0	0.0	100.0	0.0	1.0	1.0	0.0	0.0	2.4652480427424113	0.0650321436881782	bos_eos	seed_42,seed_43,seed_44
3_1_clausal_V_form	14_3_1_clausal_V_form	fig:heatmap-14-clausal-v-form	3.1 Clausal complement verb form	52_svo_ng_ac_d_se	svo	ng	nom-acc	deranking	sent	svo	SV	AVP	100	0.97	0.010000000000000009	97.0	1.0	0.96	0.98	0.0	0.0	0.7846128018697103	0.016910225437218148	bos_eos	seed_42,seed_43,seed_44
3_1_clausal_V_form	14_3_1_clausal_V_form	fig:heatmap-14-clausal-v-form	3.1 Clausal complement verb form	53_svo_ng_ac_d_pa	svo	ng	nom-acc	deranking	poss-acc	vos	VS	VPA	100	0.96	0.010000000000000009	96.0	1.0	0.95	0.97	0.0	0.0	0.767646754582723	0.04962600384099945	bos_eos	seed_42,seed_43,seed_44
3_1_clausal_V_form	14_3_1_clausal_V_form	fig:heatmap-14-clausal-v-form	3.1 Clausal complement verb form	54_svo_ng_ac_d_ep	svo	ng	nom-acc	deranking	erg-poss	vos	VS	VPA	100	0.96	0.010000000000000009	96.0	1.0	0.95	0.97	0.0	0.0	0.757941460609436	0.05534287593321848	bos_eos	seed_42,seed_43,seed_44
3_1_clausal_V_form	14_3_1_clausal_V_form	fig:heatmap-14-clausal-v-form	3.1 Clausal complement verb form	55_svo_ng_ac_d_no	svo	ng	nom-acc	deranking	nomn	vos	VS	VPA	100	0.9766666666666667	0.005773502691896263	97.66666666666667	0.5773502691896257	0.97	0.98	0.0	0.0	0.7993083794911703	0.020055019030800893	bos_eos	seed_42,seed_43,seed_44
3_1_clausal_V_form	14_3_1_clausal_V_form	fig:heatmap-14-clausal-v-form	3.1 Clausal complement verb form	56_svo_ng_er_b_se	svo	ng	erg-abs	balancing	sent	svo	SV	AVP	100	0.9766666666666667	0.005773502691896263	97.66666666666667	0.5773502691896257	0.97	0.98	0.0	0.0	1.2394456760088604	0.01549654758697836	bos_eos	seed_42,seed_43,seed_44
3_1_clausal_V_form	14_3_1_clausal_V_form	fig:heatmap-14-clausal-v-form	3.1 Clausal complement verb form	57_svo_ng_er_b_pa	svo	ng	erg-abs	balancing	poss-acc	vos	VS	VPA	100	0.9933333333333333	0.005773502691896263	99.33333333333333	0.5773502691896257	0.99	1.0	0.0	0.0	1.4293995992342632	0.05623936718801282	bos_eos	seed_42,seed_43,seed_44
3_1_clausal_V_form	14_3_1_clausal_V_form	fig:heatmap-14-clausal-v-form	3.1 Clausal complement verb form	58_svo_ng_er_b_ep	svo	ng	erg-abs	balancing	erg-poss	vos	VS	VPA	100	0.9933333333333333	0.005773502691896263	99.33333333333333	0.5773502691896257	0.99	1.0	0.0	0.0	1.61098021030426	0.030195365753744693	bos_eos	seed_42,seed_43,seed_44
3_1_clausal_V_form	14_3_1_clausal_V_form	fig:heatmap-14-clausal-v-form	3.1 Clausal complement verb form	59_svo_ng_er_b_no	svo	ng	erg-abs	balancing	nomn	vos	VS	VPA	100	0.99	0.010000000000000009	99.0	1.0	0.98	1.0	0.0	0.0	1.6246547818183898	0.015658403165009598	bos_eos	seed_42,seed_43,seed_44
3_1_clausal_V_form	14_3_1_clausal_V_form	fig:heatmap-14-clausal-v-form	3.1 Clausal complement verb form	60_svo_ng_er_d_se	svo	ng	erg-abs	deranking	sent	svo	SV	AVP	100	0.9566666666666667	0.025166114784235794	95.66666666666667	2.516611478423583	0.93	0.98	0.0	0.0	0.5974810373783112	0.05828465760891376	bos_eos	seed_42,seed_43,seed_44
3_1_clausal_V_form	14_3_1_clausal_V_form	fig:heatmap-14-clausal-v-form	3.1 Clausal complement verb form	61_svo_ng_er_d_pa	svo	ng	erg-abs	deranking	poss-acc	vos	VS	VPA	100	0.9666666666666667	0.01527525231651948	96.66666666666667	1.5275252316519468	0.95	0.98	0.0	0.0	0.6249117136001587	0.03868033268134721	bos_eos	seed_42,seed_43,seed_44
3_1_clausal_V_form	14_3_1_clausal_V_form	fig:heatmap-14-clausal-v-form	3.1 Clausal complement verb form	62_svo_ng_er_d_ep	svo	ng	erg-abs	deranking	erg-poss	vos	VS	VPA	100	0.9266666666666666	0.015275252316519432	92.66666666666666	1.5275252316519468	0.91	0.94	0.0	0.0	0.5544776018460592	0.026559165526006834	bos_eos	seed_42,seed_43,seed_44
3_1_clausal_V_form	14_3_1_clausal_V_form	fig:heatmap-14-clausal-v-form	3.1 Clausal complement verb form	63_svo_ng_er_d_no	svo	ng	erg-abs	deranking	nomn	vos	VS	VPA	100	0.95	0.03464101615137751	95.0	3.4641016151377544	0.91	0.97	0.0	0.0	0.6021682182947795	0.06101002211668916	bos_eos	seed_42,seed_43,seed_44
3_1_clausal_V_form	14_3_1_clausal_V_form	fig:heatmap-14-clausal-v-form	3.1 Clausal complement verb form	64_vos_gn_ac_b_se	vos	gn	nom-acc	balancing	sent	vos	VS	VPA	100	0.99	0.0	99.0	0.0	0.99	0.99	0.0	0.0	1.8229323101043702	0.07504141276616438	bos_eos	seed_42,seed_43,seed_44
3_1_clausal_V_form	14_3_1_clausal_V_form	fig:heatmap-14-clausal-v-form	3.1 Clausal complement verb form	65_vos_gn_ac_b_pa	vos	gn	nom-acc	balancing	poss-acc	svo	SV	AVP	100	0.9933333333333333	0.005773502691896263	99.33333333333333	0.5773502691896257	0.99	1.0	0.0	0.0	1.9969045027097065	0.16702294598170653	bos_eos	seed_42,seed_43,seed_44
3_1_clausal_V_form	14_3_1_clausal_V_form	fig:heatmap-14-clausal-v-form	3.1 Clausal complement verb form	66_vos_gn_ac_b_ep	vos	gn	nom-acc	balancing	erg-poss	sov	SV	PVA	100	0.99	0.0	99.0	0.0	0.99	0.99	0.0	0.0	2.1333820589383445	0.1648293646222527	bos_eos	seed_42,seed_43,seed_44
3_1_clausal_V_form	14_3_1_clausal_V_form	fig:heatmap-14-clausal-v-form	3.1 Clausal complement verb form	67_vos_gn_ac_b_no	vos	gn	nom-acc	balancing	nomn	svo	SV	AVP	100	0.99	0.0	99.0	0.0	0.99	0.99	0.0	0.0	2.0481825764973958	0.08191881196264814	bos_eos	seed_42,seed_43,seed_44
3_1_clausal_V_form	14_3_1_clausal_V_form	fig:heatmap-14-clausal-v-form	3.1 Clausal complement verb form	68_vos_gn_ac_d_se	vos	gn	nom-acc	deranking	sent	vos	VS	VPA	100	1.0	0.0	100.0	0.0	1.0	1.0	0.0	0.0	2.5053375971317293	0.15222000832255728	bos_eos	seed_42,seed_43,seed_44
3_1_clausal_V_form	14_3_1_clausal_V_form	fig:heatmap-14-clausal-v-form	3.1 Clausal complement verb form	69_vos_gn_ac_d_pa	vos	gn	nom-acc	deranking	poss-acc	svo	SV	AVP	100	1.0	0.0	100.0	0.0	1.0	1.0	0.0	0.0	2.418751337925593	0.24088831902109623	bos_eos	seed_42,seed_43,seed_44
3_1_clausal_V_form	14_3_1_clausal_V_form	fig:heatmap-14-clausal-v-form	3.1 Clausal complement verb form	70_vos_gn_ac_d_ep	vos	gn	nom-acc	deranking	erg-poss	sov	SV	PVA	100	0.9966666666666667	0.005773502691896263	99.66666666666667	0.5773502691896257	0.99	1.0	0.0	0.0	2.477999005317688	0.16247753445143726	bos_eos	seed_42,seed_43,seed_44
3_1_clausal_V_form	14_3_1_clausal_V_form	fig:heatmap-14-clausal-v-form	3.1 Clausal complement verb form	71_vos_gn_ac_d_no	vos	gn	nom-acc	deranking	nomn	svo	SV	AVP	100	1.0	0.0	100.0	0.0	1.0	1.0	0.0	0.0	2.5954382729530336	0.1459207856598217	bos_eos	seed_42,seed_43,seed_44
3_1_clausal_V_form	14_3_1_clausal_V_form	fig:heatmap-14-clausal-v-form	3.1 Clausal complement verb form	72_vos_gn_er_b_se	vos	gn	erg-abs	balancing	sent	vos	VS	VPA	100	0.97	0.010000000000000009	97.0	1.0	0.96	0.98	0.0	0.0	1.1516573349634807	0.046030469769469035	bos_eos	seed_42,seed_43,seed_44
3_1_clausal_V_form	14_3_1_clausal_V_form	fig:heatmap-14-clausal-v-form	3.1 Clausal complement verb form	73_vos_gn_er_b_pa	vos	gn	erg-abs	balancing	poss-acc	svo	SV	AVP	100	0.98	0.010000000000000009	98.0	1.0	0.97	0.99	0.0	0.0	1.334953488111496	0.06330304528845324	bos_eos	seed_42,seed_43,seed_44
3_1_clausal_V_form	14_3_1_clausal_V_form	fig:heatmap-14-clausal-v-form	3.1 Clausal complement verb form	74_vos_gn_er_b_ep	vos	gn	erg-abs	balancing	erg-poss	sov	SV	PVA	100	0.99	0.0	99.0	0.0	0.99	0.99	0.0	0.0	1.7523271755377452	0.12948250280759982	bos_eos	seed_42,seed_43,seed_44
3_1_clausal_V_form	14_3_1_clausal_V_form	fig:heatmap-14-clausal-v-form	3.1 Clausal complement verb form	75_vos_gn_er_b_no	vos	gn	erg-abs	balancing	nomn	svo	SV	AVP	100	0.9933333333333333	0.005773502691896263	99.33333333333333	0.5773502691896257	0.99	1.0	0.0	0.0	1.7799437228838602	0.03800072103287005	bos_eos	seed_42,seed_43,seed_44
3_1_clausal_V_form	14_3_1_clausal_V_form	fig:heatmap-14-clausal-v-form	3.1 Clausal complement verb form	76_vos_gn_er_d_se	vos	gn	erg-abs	deranking	sent	vos	VS	VPA	100	1.0	0.0	100.0	0.0	1.0	1.0	0.0	0.0	2.0710136584440866	0.1372009093390201	bos_eos	seed_42,seed_43,seed_44
3_1_clausal_V_form	14_3_1_clausal_V_form	fig:heatmap-14-clausal-v-form	3.1 Clausal complement verb form	77_vos_gn_er_d_pa	vos	gn	erg-abs	deranking	poss-acc	svo	SV	AVP	100	0.9966666666666667	0.005773502691896263	99.66666666666667	0.5773502691896257	0.99	1.0	0.0	0.0	1.900859824816386	0.05863115073562778	bos_eos	seed_42,seed_43,seed_44
3_1_clausal_V_form	14_3_1_clausal_V_form	fig:heatmap-14-clausal-v-form	3.1 Clausal complement verb form	78_vos_gn_er_d_ep	vos	gn	erg-abs	deranking	erg-poss	sov	SV	PVA	100	0.9966666666666667	0.005773502691896263	99.66666666666667	0.5773502691896257	0.99	1.0	0.0	0.0	1.9661845139662424	0.03937714643833036	bos_eos	seed_42,seed_43,seed_44
3_1_clausal_V_form	14_3_1_clausal_V_form	fig:heatmap-14-clausal-v-form	3.1 Clausal complement verb form	79_vos_gn_er_d_no	vos	gn	erg-abs	deranking	nomn	svo	SV	AVP	100	1.0	0.0	100.0	0.0	1.0	1.0	0.0	0.0	1.960666834115982	0.0662129519137594	bos_eos	seed_42,seed_43,seed_44
3_1_clausal_V_form	14_3_1_clausal_V_form	fig:heatmap-14-clausal-v-form	3.1 Clausal complement verb form	80_vos_ng_ac_b_se	vos	ng	nom-acc	balancing	sent	vos	VS	VPA	100	0.99	0.0	99.0	0.0	0.99	0.99	0.0	0.0	1.9362913942337037	0.07270646843162719	bos_eos	seed_42,seed_43,seed_44
3_1_clausal_V_form	14_3_1_clausal_V_form	fig:heatmap-14-clausal-v-form	3.1 Clausal complement verb form	81_vos_ng_ac_b_pa	vos	ng	nom-acc	balancing	poss-acc	vos	VS	VPA	100	0.99	0.0	99.0	0.0	0.99	0.99	0.0	0.0	1.936663232644399	0.12087133282318066	bos_eos	seed_42,seed_43,seed_44
3_1_clausal_V_form	14_3_1_clausal_V_form	fig:heatmap-14-clausal-v-form	3.1 Clausal complement verb form	82_vos_ng_ac_b_ep	vos	ng	nom-acc	balancing	erg-poss	vos	VS	VPA	100	0.99	0.0	99.0	0.0	0.99	0.99	0.0	0.0	1.9473788944880168	0.10297460865828247	bos_eos	seed_42,seed_43,seed_44
3_1_clausal_V_form	14_3_1_clausal_V_form	fig:heatmap-14-clausal-v-form	3.1 Clausal complement verb form	83_vos_ng_ac_b_no	vos	ng	nom-acc	balancing	nomn	vos	VS	VPA	100	0.99	0.0	99.0	0.0	0.99	0.99	0.0	0.0	1.9835199729601543	0.13122833417133628	bos_eos	seed_42,seed_43,seed_44
3_1_clausal_V_form	14_3_1_clausal_V_form	fig:heatmap-14-clausal-v-form	3.1 Clausal complement verb form	84_vos_ng_ac_d_se	vos	ng	nom-acc	deranking	sent	vos	VS	VPA	100	1.0	0.0	100.0	0.0	1.0	1.0	0.0	0.0	2.43912100315094	0.039885621266004666	bos_eos	seed_42,seed_43,seed_44
3_1_clausal_V_form	14_3_1_clausal_V_form	fig:heatmap-14-clausal-v-form	3.1 Clausal complement verb form	85_vos_ng_ac_d_pa	vos	ng	nom-acc	deranking	poss-acc	vos	VS	VPA	100	1.0	0.0	100.0	0.0	1.0	1.0	0.0	0.0	2.515746914545695	0.1834805505539986	bos_eos	seed_42,seed_43,seed_44
3_1_clausal_V_form	14_3_1_clausal_V_form	fig:heatmap-14-clausal-v-form	3.1 Clausal complement verb form	86_vos_ng_ac_d_ep	vos	ng	nom-acc	deranking	erg-poss	vos	VS	VPA	100	1.0	0.0	100.0	0.0	1.0	1.0	0.0	0.0	2.3259544626871747	0.11486751094686447	bos_eos	seed_42,seed_43,seed_44
3_1_clausal_V_form	14_3_1_clausal_V_form	fig:heatmap-14-clausal-v-form	3.1 Clausal complement verb form	87_vos_ng_ac_d_no	vos	ng	nom-acc	deranking	nomn	vos	VS	VPA	100	1.0	0.0	100.0	0.0	1.0	1.0	0.0	0.0	2.510668338139852	0.11517241285180621	bos_eos	seed_42,seed_43,seed_44
3_1_clausal_V_form	14_3_1_clausal_V_form	fig:heatmap-14-clausal-v-form	3.1 Clausal complement verb form	88_vos_ng_er_b_se	vos	ng	erg-abs	balancing	sent	vos	VS	VPA	100	0.98	0.0	98.0	0.0	0.98	0.98	0.0	0.0	1.1509497042497	0.031240953540594384	bos_eos	seed_42,seed_43,seed_44
3_1_clausal_V_form	14_3_1_clausal_V_form	fig:heatmap-14-clausal-v-form	3.1 Clausal complement verb form	89_vos_ng_er_b_pa	vos	ng	erg-abs	balancing	poss-acc	vos	VS	VPA	100	0.9766666666666667	0.011547005383792526	97.66666666666667	1.1547005383792515	0.97	0.99	0.0	0.0	1.2235885433355966	0.04173201546106256	bos_eos	seed_42,seed_43,seed_44
3_1_clausal_V_form	14_3_1_clausal_V_form	fig:heatmap-14-clausal-v-form	3.1 Clausal complement verb form	90_vos_ng_er_b_ep	vos	ng	erg-abs	balancing	erg-poss	vos	VS	VPA	100	0.99	0.0	99.0	0.0	0.99	0.99	0.0	0.0	1.6920981248219809	0.07007804851102832	bos_eos	seed_42,seed_43,seed_44
3_1_clausal_V_form	14_3_1_clausal_V_form	fig:heatmap-14-clausal-v-form	3.1 Clausal complement verb form	91_vos_ng_er_b_no	vos	ng	erg-abs	balancing	nomn	vos	VS	VPA	100	0.9933333333333333	0.005773502691896263	99.33333333333333	0.5773502691896257	0.99	1.0	0.0	0.0	1.7781814030806224	0.05574908918790954	bos_eos	seed_42,seed_43,seed_44
3_1_clausal_V_form	14_3_1_clausal_V_form	fig:heatmap-14-clausal-v-form	3.1 Clausal complement verb form	92_vos_ng_er_d_se	vos	ng	erg-abs	deranking	sent	vos	VS	VPA	100	1.0	0.0	100.0	0.0	1.0	1.0	0.0	0.0	1.9671827832857767	0.09605169527704302	bos_eos	seed_42,seed_43,seed_44
3_1_clausal_V_form	14_3_1_clausal_V_form	fig:heatmap-14-clausal-v-form	3.1 Clausal complement verb form	93_vos_ng_er_d_pa	vos	ng	erg-abs	deranking	poss-acc	vos	VS	VPA	100	1.0	0.0	100.0	0.0	1.0	1.0	0.0	0.0	1.902656669219335	0.07764221935754792	bos_eos	seed_42,seed_43,seed_44
3_1_clausal_V_form	14_3_1_clausal_V_form	fig:heatmap-14-clausal-v-form	3.1 Clausal complement verb form	94_vos_ng_er_d_ep	vos	ng	erg-abs	deranking	erg-poss	vos	VS	VPA	100	1.0	0.0	100.0	0.0	1.0	1.0	0.0	0.0	1.9911273602644601	0.04354555423689083	bos_eos	seed_42,seed_43,seed_44
3_1_clausal_V_form	14_3_1_clausal_V_form	fig:heatmap-14-clausal-v-form	3.1 Clausal complement verb form	95_vos_ng_er_d_no	vos	ng	erg-abs	deranking	nomn	vos	VS	VPA	100	1.0	0.0	100.0	0.0	1.0	1.0	0.0	0.0	2.0342859796682995	0.08683883587273483	bos_eos	seed_42,seed_43,seed_44
3_2_clausal_S_marker	15_3_2_clausal_S_marker	fig:heatmap-15-clausal-s-marker	3.2 Clausal complement S marker	00_sov_gn_ac_b_se	sov	gn	nom-acc	balancing	sent	sov	SV	APV	100	0.8233333333333334	0.03214550253664315	82.33333333333334	3.2145502536643185	0.8	0.86	0.0	0.0	0.38607582489649456	0.04559980599174515	bos_eos	seed_42,seed_43,seed_44
3_2_clausal_S_marker	15_3_2_clausal_S_marker	fig:heatmap-15-clausal-s-marker	3.2 Clausal complement S marker	01_sov_gn_ac_b_pa	sov	gn	nom-acc	balancing	poss-acc	sov	SV	APV	100	0.6833333333333333	0.0776745346515403	68.33333333333333	7.767453465154029	0.62	0.77	0.0	0.0	0.15553998549779255	0.0711879848914956	bos_eos	seed_42,seed_43,seed_44
3_2_clausal_S_marker	15_3_2_clausal_S_marker	fig:heatmap-15-clausal-s-marker	3.2 Clausal complement S marker	02_sov_gn_ac_b_ep	sov	gn	nom-acc	balancing	erg-poss	sov	SV	APV	100	0.6433333333333333	0.05507570547286107	64.33333333333333	5.5075705472861065	0.58	0.68	0.0	0.0	0.12614242076873777	0.08019747811140793	bos_eos	seed_42,seed_43,seed_44
3_2_clausal_S_marker	15_3_2_clausal_S_marker	fig:heatmap-15-clausal-s-marker	3.2 Clausal complement S marker	03_sov_gn_ac_b_no	sov	gn	nom-acc	balancing	nomn	sov	SV	APV	100	0.77	0.010000000000000009	77.0	1.0	0.76	0.78	0.0	0.0	0.2710494836171468	0.04311600030471897	bos_eos	seed_42,seed_43,seed_44
3_2_clausal_S_marker	15_3_2_clausal_S_marker	fig:heatmap-15-clausal-s-marker	3.2 Clausal complement S marker	04_sov_gn_ac_d_se	sov	gn	nom-acc	deranking	sent	sov	SV	APV	100	0.73	0.11789826122551596	73.0	11.789826122551595	0.63	0.86	0.0	0.0	0.2634874471028646	0.13462469993455153	bos_eos	seed_42,seed_43,seed_44
3_2_clausal_S_marker	15_3_2_clausal_S_marker	fig:heatmap-15-clausal-s-marker	3.2 Clausal complement S marker	05_sov_gn_ac_d_pa	sov	gn	nom-acc	deranking	poss-acc	sov	SV	APV	100	0.7833333333333333	0.06110100926607786	78.33333333333333	6.110100926607787	0.73	0.85	0.0	0.0	0.24477558294932047	0.05740499927001003	bos_eos	seed_42,seed_43,seed_44
3_2_clausal_S_marker	15_3_2_clausal_S_marker	fig:heatmap-15-clausal-s-marker	3.2 Clausal complement S marker	06_sov_gn_ac_d_ep	sov	gn	nom-acc	deranking	erg-poss	sov	SV	APV	100	0.48	0.01999999999999999	48.0	2.0	0.46	0.5	0.0	0.0	-0.010902827580769858	0.05294494268227354	bos_eos	seed_42,seed_43,seed_44
3_2_clausal_S_marker	15_3_2_clausal_S_marker	fig:heatmap-15-clausal-s-marker	3.2 Clausal complement S marker	07_sov_gn_ac_d_no	sov	gn	nom-acc	deranking	nomn	sov	SV	APV	100	0.78	0.115325625946708	78.0	11.532562594670797	0.69	0.91	0.0	0.0	0.2617160526911418	0.1381163756222848	bos_eos	seed_42,seed_43,seed_44
3_2_clausal_S_marker	15_3_2_clausal_S_marker	fig:heatmap-15-clausal-s-marker	3.2 Clausal complement S marker	08_sov_gn_er_b_se	sov	gn	erg-abs	balancing	sent	sov	SV	APV	100	0.9266666666666666	0.015275252316519432	92.66666666666666	1.5275252316519468	0.91	0.94	0.0	0.0	0.49222712755203246	0.05799757938315693	bos_eos	seed_42,seed_43,seed_44
3_2_clausal_S_marker	15_3_2_clausal_S_marker	fig:heatmap-15-clausal-s-marker	3.2 Clausal complement S marker	09_sov_gn_er_b_pa	sov	gn	erg-abs	balancing	poss-acc	sov	SV	APV	100	0.9266666666666666	0.015275252316519432	92.66666666666666	1.5275252316519468	0.91	0.94	0.0	0.0	0.5416528781255087	0.032588727709968325	bos_eos	seed_42,seed_43,seed_44
3_2_clausal_S_marker	15_3_2_clausal_S_marker	fig:heatmap-15-clausal-s-marker	3.2 Clausal complement S marker	10_sov_gn_er_b_ep	sov	gn	erg-abs	balancing	erg-poss	sov	SV	APV	100	0.86	0.017320508075688787	86.0	1.7320508075688772	0.85	0.88	0.0	0.0	0.37369858503341674	0.006001508845261846	bos_eos	seed_42,seed_43,seed_44
3_2_clausal_S_marker	15_3_2_clausal_S_marker	fig:heatmap-15-clausal-s-marker	3.2 Clausal complement S marker	11_sov_gn_er_b_no	sov	gn	erg-abs	balancing	nomn	sov	SV	APV	100	0.9133333333333333	0.01527525231651948	91.33333333333333	1.5275252316519468	0.9	0.93	0.0	0.0	0.5477868628501892	0.03267693514958356	bos_eos	seed_42,seed_43,seed_44
3_2_clausal_S_marker	15_3_2_clausal_S_marker	fig:heatmap-15-clausal-s-marker	3.2 Clausal complement S marker	12_sov_gn_er_d_se	sov	gn	erg-abs	deranking	sent	sov	SV	APV	100	0.91	0.02999999999999997	91.0	3.0	0.88	0.94	0.0	0.0	0.4030306875705719	0.03461619125215185	bos_eos	seed_42,seed_43,seed_44
3_2_clausal_S_marker	15_3_2_clausal_S_marker	fig:heatmap-15-clausal-s-marker	3.2 Clausal complement S marker	13_sov_gn_er_d_pa	sov	gn	erg-abs	deranking	poss-acc	sov	SV	APV	100	0.8233333333333334	0.04041451884327378	82.33333333333334	4.041451884327381	0.78	0.86	0.0	0.0	0.26451095700263977	0.04499326478106746	bos_eos	seed_42,seed_43,seed_44
3_2_clausal_S_marker	15_3_2_clausal_S_marker	fig:heatmap-15-clausal-s-marker	3.2 Clausal complement S marker	14_sov_gn_er_d_ep	sov	gn	erg-abs	deranking	erg-poss	sov	SV	APV	100	0.6	0.03605551275463986	60.0	3.6055512754639856	0.56	0.63	0.0	0.0	0.06744957248369852	0.00493392633248888	bos_eos	seed_42,seed_43,seed_44
3_2_clausal_S_marker	15_3_2_clausal_S_marker	fig:heatmap-15-clausal-s-marker	3.2 Clausal complement S marker	15_sov_gn_er_d_no	sov	gn	erg-abs	deranking	nomn	sov	SV	APV	100	0.8366666666666667	0.04163331998932263	83.66666666666667	4.163331998932265	0.79	0.87	0.0	0.0	0.2709312689304352	0.03887149533373736	bos_eos	seed_42,seed_43,seed_44
3_2_clausal_S_marker	15_3_2_clausal_S_marker	fig:heatmap-15-clausal-s-marker	3.2 Clausal complement S marker	16_sov_ng_ac_b_se	sov	ng	nom-acc	balancing	sent	sov	SV	APV	100	0.30666666666666664	0.005773502691896263	30.666666666666664	0.5773502691896257	0.3	0.31	0.0	0.0	-0.23959418058395388	0.057415429470565375	bos_eos	seed_42,seed_43,seed_44
3_2_clausal_S_marker	15_3_2_clausal_S_marker	fig:heatmap-15-clausal-s-marker	3.2 Clausal complement S marker	17_sov_ng_ac_b_pa	sov	ng	nom-acc	balancing	poss-acc	ovs	VS	PVA	100	0.30666666666666664	0.05131601439446883	30.666666666666664	5.131601439446884	0.25	0.35	0.0	0.0	-0.23909502188364665	0.04004477878636637	bos_eos	seed_42,seed_43,seed_44
3_2_clausal_S_marker	15_3_2_clausal_S_marker	fig:heatmap-15-clausal-s-marker	3.2 Clausal complement S marker	18_sov_ng_ac_b_ep	sov	ng	nom-acc	balancing	erg-poss	vos	VS	AVP	100	0.29	0.026457513110645897	28.999999999999996	2.6457513110645907	0.26	0.31	0.0	0.0	-0.2799303412437439	0.08708671117742484	bos_eos	seed_42,seed_43,seed_44
3_2_clausal_S_marker	15_3_2_clausal_S_marker	fig:heatmap-15-clausal-s-marker	3.2 Clausal complement S marker	19_sov_ng_ac_b_no	sov	ng	nom-acc	balancing	nomn	ovs	VS	PVA	100	0.4966666666666667	0.06506407098647715	49.66666666666667	6.506407098647715	0.43	0.56	0.0	0.0	0.00443135817845663	0.11515079951631016	bos_eos	seed_42,seed_43,seed_44
3_2_clausal_S_marker	15_3_2_clausal_S_marker	fig:heatmap-15-clausal-s-marker	3.2 Clausal complement S marker	20_sov_ng_ac_d_se	sov	ng	nom-acc	deranking	sent	sov	SV	APV	100	0.38	0.060827625302982205	38.0	6.082762530298219	0.34	0.45	0.0	0.0	-0.09349918921788533	0.07062306345454487	bos_eos	seed_42,seed_43,seed_44
3_2_clausal_S_marker	15_3_2_clausal_S_marker	fig:heatmap-15-clausal-s-marker	3.2 Clausal complement S marker	21_sov_ng_ac_d_pa	sov	ng	nom-acc	deranking	poss-acc	ovs	VS	PVA	100	0.32666666666666666	0.02516611478423583	32.666666666666664	2.516611478423583	0.3	0.35	0.0	0.0	-0.17094313621520996	0.018200374554453804	bos_eos	seed_42,seed_43,seed_44
3_2_clausal_S_marker	15_3_2_clausal_S_marker	fig:heatmap-15-clausal-s-marker	3.2 Clausal complement S marker	22_sov_ng_ac_d_ep	sov	ng	nom-acc	deranking	erg-poss	vos	VS	AVP	100	0.3233333333333333	0.030550504633038936	32.33333333333333	3.0550504633038953	0.29	0.35	0.0	0.0	-0.18522275686264036	0.033031995557151805	bos_eos	seed_42,seed_43,seed_44
3_2_clausal_S_marker	15_3_2_clausal_S_marker	fig:heatmap-15-clausal-s-marker	3.2 Clausal complement S marker	23_sov_ng_ac_d_no	sov	ng	nom-acc	deranking	nomn	ovs	VS	PVA	100	0.37666666666666665	0.061101009266077866	37.666666666666664	6.110100926607787	0.31	0.43	0.0	0.0	-0.0892612361907959	0.032206237064283355	bos_eos	seed_42,seed_43,seed_44
3_2_clausal_S_marker	15_3_2_clausal_S_marker	fig:heatmap-15-clausal-s-marker	3.2 Clausal complement S marker	24_sov_ng_er_b_se	sov	ng	erg-abs	balancing	sent	sov	SV	APV	100	0.6066666666666667	0.09712534856222307	60.66666666666667	9.71253485622231	0.5	0.69	0.0	0.0	0.08519664446512859	0.030645646528412018	bos_eos	seed_42,seed_43,seed_44
3_2_clausal_S_marker	15_3_2_clausal_S_marker	fig:heatmap-15-clausal-s-marker	3.2 Clausal complement S marker	25_sov_ng_er_b_pa	sov	ng	erg-abs	balancing	poss-acc	ovs	VS	PVA	100	0.6466666666666667	0.0850490054811538	64.66666666666667	8.504900548115378	0.55	0.71	0.0	0.0	0.10787569204966227	0.06547480903193768	bos_eos	seed_42,seed_43,seed_44
3_2_clausal_S_marker	15_3_2_clausal_S_marker	fig:heatmap-15-clausal-s-marker	3.2 Clausal complement S marker	26_sov_ng_er_b_ep	sov	ng	erg-abs	balancing	erg-poss	vos	VS	AVP	100	0.55	0.055677643628300216	55.00000000000001	5.567764362830022	0.49	0.6	0.0	0.0	0.0399526317914327	0.026823190299610413	bos_eos	seed_42,seed_43,seed_44
3_2_clausal_S_marker	15_3_2_clausal_S_marker	fig:heatmap-15-clausal-s-marker	3.2 Clausal complement S marker	27_sov_ng_er_b_no	sov	ng	erg-abs	balancing	nomn	ovs	VS	PVA	100	0.68	0.04358898943540671	68.0	4.358898943540674	0.65	0.73	0.0	0.0	0.13640552282333374	0.025992482489533418	bos_eos	seed_42,seed_43,seed_44
3_2_clausal_S_marker	15_3_2_clausal_S_marker	fig:heatmap-15-clausal-s-marker	3.2 Clausal complement S marker	28_sov_ng_er_d_se	sov	ng	erg-abs	deranking	sent	sov	SV	APV	100	0.6866666666666666	0.07505553499465135	68.66666666666667	7.505553499465135	0.6	0.73	0.0	0.0	0.15290170907974243	0.056027307464380546	bos_eos	seed_42,seed_43,seed_44
3_2_clausal_S_marker	15_3_2_clausal_S_marker	fig:heatmap-15-clausal-s-marker	3.2 Clausal complement S marker	29_sov_ng_er_d_pa	sov	ng	erg-abs	deranking	poss-acc	ovs	VS	PVA	100	0.6666666666666666	0.020816659994661285	66.66666666666666	2.0816659994661326	0.65	0.69	0.0	0.0	0.11714605331420898	0.013880539816568137	bos_eos	seed_42,seed_43,seed_44
3_2_clausal_S_marker	15_3_2_clausal_S_marker	fig:heatmap-15-clausal-s-marker	3.2 Clausal complement S marker	30_sov_ng_er_d_ep	sov	ng	erg-abs	deranking	erg-poss	vos	VS	AVP	100	0.6366666666666667	0.13316656236958788	63.66666666666667	13.316656236958785	0.55	0.79	0.0	0.0	0.09210562904675801	0.07235466206186057	bos_eos	seed_42,seed_43,seed_44
3_2_clausal_S_marker	15_3_2_clausal_S_marker	fig:heatmap-15-clausal-s-marker	3.2 Clausal complement S marker	31_sov_ng_er_d_no	sov	ng	erg-abs	deranking	nomn	ovs	VS	PVA	100	0.6566666666666667	0.011547005383792526	65.66666666666667	1.1547005383792515	0.65	0.67	0.0	0.0	0.10969535708427429	0.0066573477643473026	bos_eos	seed_42,seed_43,seed_44
3_2_clausal_S_marker	15_3_2_clausal_S_marker	fig:heatmap-15-clausal-s-marker	3.2 Clausal complement S marker	32_svo_gn_ac_b_se	svo	gn	nom-acc	balancing	sent	svo	SV	AVP	100	0.9866666666666667	0.005773502691896263	98.66666666666667	0.5773502691896257	0.98	0.99	0.0	0.0	0.7771697862943013	0.007551484205271882	bos_eos	seed_42,seed_43,seed_44
3_2_clausal_S_marker	15_3_2_clausal_S_marker	fig:heatmap-15-clausal-s-marker	3.2 Clausal complement S marker	33_svo_gn_ac_b_pa	svo	gn	nom-acc	balancing	poss-acc	svo	SV	AVP	100	0.98	0.020000000000000018	98.0	2.0	0.96	1.0	0.0	0.0	0.6758156410853068	0.05397886128496073	bos_eos	seed_42,seed_43,seed_44
3_2_clausal_S_marker	15_3_2_clausal_S_marker	fig:heatmap-15-clausal-s-marker	3.2 Clausal complement S marker	34_svo_gn_ac_b_ep	svo	gn	nom-acc	balancing	erg-poss	sov	SV	PVA	100	0.9033333333333333	0.04509249752822893	90.33333333333333	4.509249752822894	0.86	0.95	0.0	0.0	0.5147834817568462	0.11169161122086979	bos_eos	seed_42,seed_43,seed_44
3_2_clausal_S_marker	15_3_2_clausal_S_marker	fig:heatmap-15-clausal-s-marker	3.2 Clausal complement S marker	35_svo_gn_ac_b_no	svo	gn	nom-acc	balancing	nomn	svo	SV	AVP	100	0.96	0.010000000000000009	96.0	1.0	0.95	0.97	0.0	0.0	0.642474071184794	0.04747697212809013	bos_eos	seed_42,seed_43,seed_44
3_2_clausal_S_marker	15_3_2_clausal_S_marker	fig:heatmap-15-clausal-s-marker	3.2 Clausal complement S marker	36_svo_gn_ac_d_se	svo	gn	nom-acc	deranking	sent	svo	SV	AVP	100	0.9766666666666667	0.03214550253664321	97.66666666666667	3.2145502536643185	0.94	1.0	0.0	0.0	0.6192575947443644	0.0881938483344363	bos_eos	seed_42,seed_43,seed_44
3_2_clausal_S_marker	15_3_2_clausal_S_marker	fig:heatmap-15-clausal-s-marker	3.2 Clausal complement S marker	37_svo_gn_ac_d_pa	svo	gn	nom-acc	deranking	poss-acc	svo	SV	AVP	100	0.9466666666666667	0.05859465277082314	94.66666666666667	5.8594652770823155	0.88	0.99	0.0	0.0	0.5618879405657451	0.15561788695454384	bos_eos	seed_42,seed_43,seed_44
3_2_clausal_S_marker	15_3_2_clausal_S_marker	fig:heatmap-15-clausal-s-marker	3.2 Clausal complement S marker	38_svo_gn_ac_d_ep	svo	gn	nom-acc	deranking	erg-poss	sov	SV	PVA	100	0.8433333333333333	0.13012814197295425	84.33333333333333	13.012814197295423	0.71	0.97	0.0	0.0	0.37045066197713217	0.26228765551152583	bos_eos	seed_42,seed_43,seed_44
3_2_clausal_S_marker	15_3_2_clausal_S_marker	fig:heatmap-15-clausal-s-marker	3.2 Clausal complement S marker	39_svo_gn_ac_d_no	svo	gn	nom-acc	deranking	nomn	svo	SV	AVP	100	0.9333333333333333	0.08326663997864532	93.33333333333333	8.32666399786453	0.84	1.0	0.0	0.0	0.5310014653205871	0.17961255722741565	bos_eos	seed_42,seed_43,seed_44
3_2_clausal_S_marker	15_3_2_clausal_S_marker	fig:heatmap-15-clausal-s-marker	3.2 Clausal complement S marker	40_svo_gn_er_b_se	svo	gn	erg-abs	balancing	sent	svo	SV	AVP	100	0.9633333333333333	0.025166114784235857	96.33333333333333	2.516611478423583	0.94	0.99	0.0	0.0	0.6193224692344665	0.07398784635033413	bos_eos	seed_42,seed_43,seed_44
3_2_clausal_S_marker	15_3_2_clausal_S_marker	fig:heatmap-15-clausal-s-marker	3.2 Clausal complement S marker	41_svo_gn_er_b_pa	svo	gn	erg-abs	balancing	poss-acc	svo	SV	AVP	100	0.9233333333333333	0.03785938897200179	92.33333333333333	3.7859388972001824	0.88	0.95	0.0	0.0	0.511587024529775	0.0713756465417121	bos_eos	seed_42,seed_43,seed_44
3_2_clausal_S_marker	15_3_2_clausal_S_marker	fig:heatmap-15-clausal-s-marker	3.2 Clausal complement S marker	42_svo_gn_er_b_ep	svo	gn	erg-abs	balancing	erg-poss	sov	SV	PVA	100	0.8933333333333333	0.046188021535170105	89.33333333333333	4.618802153517006	0.84	0.92	0.0	0.0	0.44862114111582435	0.093849535321285	bos_eos	seed_42,seed_43,seed_44
3_2_clausal_S_marker	15_3_2_clausal_S_marker	fig:heatmap-15-clausal-s-marker	3.2 Clausal complement S marker	43_svo_gn_er_b_no	svo	gn	erg-abs	balancing	nomn	svo	SV	AVP	100	0.9566666666666667	0.025166114784235794	95.66666666666667	2.516611478423583	0.93	0.98	0.0	0.0	0.508273781935374	0.09550309155989545	bos_eos	seed_42,seed_43,seed_44
3_2_clausal_S_marker	15_3_2_clausal_S_marker	fig:heatmap-15-clausal-s-marker	3.2 Clausal complement S marker	44_svo_gn_er_d_se	svo	gn	erg-abs	deranking	sent	svo	SV	AVP	100	0.9066666666666666	0.05773502691896256	90.66666666666666	5.773502691896258	0.84	0.94	0.0	0.0	0.3995757412910461	0.08457208900328127	bos_eos	seed_42,seed_43,seed_44
3_2_clausal_S_marker	15_3_2_clausal_S_marker	fig:heatmap-15-clausal-s-marker	3.2 Clausal complement S marker	45_svo_gn_er_d_pa	svo	gn	erg-abs	deranking	poss-acc	svo	SV	AVP	100	0.7766666666666667	0.041633319989322695	77.66666666666667	4.163331998932265	0.73	0.81	0.0	0.0	0.22008294939994813	0.05935087398453272	bos_eos	seed_42,seed_43,seed_44
3_2_clausal_S_marker	15_3_2_clausal_S_marker	fig:heatmap-15-clausal-s-marker	3.2 Clausal complement S marker	46_svo_gn_er_d_ep	svo	gn	erg-abs	deranking	erg-poss	sov	SV	PVA	100	0.56	0.06999999999999999	56.00000000000001	7.0	0.51	0.64	0.0	0.0	0.05197895208994547	0.06391802787587808	bos_eos	seed_42,seed_43,seed_44
3_2_clausal_S_marker	15_3_2_clausal_S_marker	fig:heatmap-15-clausal-s-marker	3.2 Clausal complement S marker	47_svo_gn_er_d_no	svo	gn	erg-abs	deranking	nomn	svo	SV	AVP	100	0.79	0.020000000000000018	79.0	2.0	0.77	0.81	0.0	0.0	0.24297281702359516	0.008181889941841583	bos_eos	seed_42,seed_43,seed_44
3_2_clausal_S_marker	15_3_2_clausal_S_marker	fig:heatmap-15-clausal-s-marker	3.2 Clausal complement S marker	48_svo_ng_ac_b_se	svo	ng	nom-acc	balancing	sent	svo	SV	AVP	100	0.9533333333333334	0.032145502536643174	95.33333333333334	3.2145502536643185	0.93	0.99	0.0	0.0	0.45927218198776243	0.10516425004274348	bos_eos	seed_42,seed_43,seed_44
3_2_clausal_S_marker	15_3_2_clausal_S_marker	fig:heatmap-15-clausal-s-marker	3.2 Clausal complement S marker	49_svo_ng_ac_b_pa	svo	ng	nom-acc	balancing	poss-acc	vos	VS	VPA	100	0.9633333333333333	0.020816659994661348	96.33333333333333	2.0816659994661326	0.94	0.98	0.0	0.0	0.4603471867243449	0.04888079693765959	bos_eos	seed_42,seed_43,seed_44
3_2_clausal_S_marker	15_3_2_clausal_S_marker	fig:heatmap-15-clausal-s-marker	3.2 Clausal complement S marker	50_svo_ng_ac_b_ep	svo	ng	nom-acc	balancing	erg-poss	vos	VS	VPA	100	0.9299999999999999	0.026457513110645866	93.0	2.6457513110645907	0.9	0.95	0.0	0.0	0.4313421312967936	0.046187111903533196	bos_eos	seed_42,seed_43,seed_44
3_2_clausal_S_marker	15_3_2_clausal_S_marker	fig:heatmap-15-clausal-s-marker	3.2 Clausal complement S marker	51_svo_ng_ac_b_no	svo	ng	nom-acc	balancing	nomn	vos	VS	VPA	100	0.98	0.010000000000000009	98.0	1.0	0.97	0.99	0.0	0.0	0.5405979998906454	0.03878176230480369	bos_eos	seed_42,seed_43,seed_44
3_2_clausal_S_marker	15_3_2_clausal_S_marker	fig:heatmap-15-clausal-s-marker	3.2 Clausal complement S marker	52_svo_ng_ac_d_se	svo	ng	nom-acc	deranking	sent	svo	SV	AVP	100	0.87	0.08544003745317527	87.0	8.54400374531753	0.78	0.95	0.0	0.0	0.29578134616216023	0.1303840612934702	bos_eos	seed_42,seed_43,seed_44
3_2_clausal_S_marker	15_3_2_clausal_S_marker	fig:heatmap-15-clausal-s-marker	3.2 Clausal complement S marker	53_svo_ng_ac_d_pa	svo	ng	nom-acc	deranking	poss-acc	vos	VS	VPA	100	0.7133333333333334	0.18717193521821943	71.33333333333334	18.717193521821944	0.5	0.85	0.0	0.0	0.16572720607121788	0.17565427921841864	bos_eos	seed_42,seed_43,seed_44
3_2_clausal_S_marker	15_3_2_clausal_S_marker	fig:heatmap-15-clausal-s-marker	3.2 Clausal complement S marker	54_svo_ng_ac_d_ep	svo	ng	nom-acc	deranking	erg-poss	vos	VS	VPA	100	0.6433333333333333	0.08504900548115384	64.33333333333333	8.504900548115385	0.58	0.74	0.0	0.0	0.10839166005452475	0.08727558271592367	bos_eos	seed_42,seed_43,seed_44
3_2_clausal_S_marker	15_3_2_clausal_S_marker	fig:heatmap-15-clausal-s-marker	3.2 Clausal complement S marker	55_svo_ng_ac_d_no	svo	ng	nom-acc	deranking	nomn	vos	VS	VPA	100	0.86	0.030000000000000027	86.0	3.0	0.83	0.89	0.0	0.0	0.2615316081047058	0.04672146387573969	bos_eos	seed_42,seed_43,seed_44
3_2_clausal_S_marker	15_3_2_clausal_S_marker	fig:heatmap-15-clausal-s-marker	3.2 Clausal complement S marker	56_svo_ng_er_b_se	svo	ng	erg-abs	balancing	sent	svo	SV	AVP	100	0.91	0.08544003745317534	91.0	8.54400374531753	0.82	0.99	0.0	0.0	0.350211550394694	0.10324495727670886	bos_eos	seed_42,seed_43,seed_44
3_2_clausal_S_marker	15_3_2_clausal_S_marker	fig:heatmap-15-clausal-s-marker	3.2 Clausal complement S marker	57_svo_ng_er_b_pa	svo	ng	erg-abs	balancing	poss-acc	vos	VS	VPA	100	0.8833333333333333	0.05686240703077332	88.33333333333333	5.686240703077327	0.82	0.93	0.0	0.0	0.3040428018569946	0.08083682540677645	bos_eos	seed_42,seed_43,seed_44
3_2_clausal_S_marker	15_3_2_clausal_S_marker	fig:heatmap-15-clausal-s-marker	3.2 Clausal complement S marker	58_svo_ng_er_b_ep	svo	ng	erg-abs	balancing	erg-poss	vos	VS	VPA	100	0.9266666666666666	0.015275252316519432	92.66666666666666	1.5275252316519468	0.91	0.94	0.0	0.0	0.324532577196757	0.07842363285493867	bos_eos	seed_42,seed_43,seed_44
3_2_clausal_S_marker	15_3_2_clausal_S_marker	fig:heatmap-15-clausal-s-marker	3.2 Clausal complement S marker	59_svo_ng_er_b_no	svo	ng	erg-abs	balancing	nomn	vos	VS	VPA	100	0.9366666666666666	0.030550504633038898	93.66666666666667	3.0550504633038935	0.91	0.97	0.0	0.0	0.3867650540669759	0.024446736042681064	bos_eos	seed_42,seed_43,seed_44
3_2_clausal_S_marker	15_3_2_clausal_S_marker	fig:heatmap-15-clausal-s-marker	3.2 Clausal complement S marker	60_svo_ng_er_d_se	svo	ng	erg-abs	deranking	sent	svo	SV	AVP	100	0.8166666666666667	0.13650396819628846	81.66666666666667	13.650396819628847	0.66	0.91	0.0	0.0	0.2230568261941274	0.09854616674690617	bos_eos	seed_42,seed_43,seed_44
3_2_clausal_S_marker	15_3_2_clausal_S_marker	fig:heatmap-15-clausal-s-marker	3.2 Clausal complement S marker	61_svo_ng_er_d_pa	svo	ng	erg-abs	deranking	poss-acc	vos	VS	VPA	100	0.8633333333333333	0.011547005383792526	86.33333333333333	1.1547005383792515	0.85	0.87	0.0	0.0	0.27447816173235573	0.021470277029059574	bos_eos	seed_42,seed_43,seed_44
3_2_clausal_S_marker	15_3_2_clausal_S_marker	fig:heatmap-15-clausal-s-marker	3.2 Clausal complement S marker	62_svo_ng_er_d_ep	svo	ng	erg-abs	deranking	erg-poss	vos	VS	VPA	100	0.61	0.09848857801796103	61.0	9.848857801796106	0.53	0.72	0.0	0.0	0.08428287744522095	0.038598837471261103	bos_eos	seed_42,seed_43,seed_44
3_2_clausal_S_marker	15_3_2_clausal_S_marker	fig:heatmap-15-clausal-s-marker	3.2 Clausal complement S marker	63_svo_ng_er_d_no	svo	ng	erg-abs	deranking	nomn	vos	VS	VPA	100	0.86	0.11532562594670795	86.0	11.532562594670797	0.73	0.95	0.0	0.0	0.2676177231470744	0.08444483303964062	bos_eos	seed_42,seed_43,seed_44
3_2_clausal_S_marker	15_3_2_clausal_S_marker	fig:heatmap-15-clausal-s-marker	3.2 Clausal complement S marker	64_vos_gn_ac_b_se	vos	gn	nom-acc	balancing	sent	vos	VS	VPA	100	0.45	0.045825756949558386	45.0	4.58257569495584	0.4	0.49	0.0	0.0	0.01047231912612915	0.059017155137749126	bos_eos	seed_42,seed_43,seed_44
3_2_clausal_S_marker	15_3_2_clausal_S_marker	fig:heatmap-15-clausal-s-marker	3.2 Clausal complement S marker	65_vos_gn_ac_b_pa	vos	gn	nom-acc	balancing	poss-acc	svo	SV	AVP	100	0.43333333333333335	0.04163331998932264	43.333333333333336	4.163331998932265	0.4	0.48	0.0	0.0	0.00029903809229532677	0.10149956326975751	bos_eos	seed_42,seed_43,seed_44
3_2_clausal_S_marker	15_3_2_clausal_S_marker	fig:heatmap-15-clausal-s-marker	3.2 Clausal complement S marker	66_vos_gn_ac_b_ep	vos	gn	nom-acc	balancing	erg-poss	sov	SV	PVA	100	0.45	0.07	45.0	7.0	0.4	0.53	0.0	0.0	-0.012638395627339679	0.07622357755247061	bos_eos	seed_42,seed_43,seed_44
3_2_clausal_S_marker	15_3_2_clausal_S_marker	fig:heatmap-15-clausal-s-marker	3.2 Clausal complement S marker	67_vos_gn_ac_b_no	vos	gn	nom-acc	balancing	nomn	svo	SV	AVP	100	0.48333333333333334	0.08962886439832503	48.333333333333336	8.962886439832502	0.38	0.54	0.0	0.0	0.0036169775327046724	0.08301524159281463	bos_eos	seed_42,seed_43,seed_44
3_2_clausal_S_marker	15_3_2_clausal_S_marker	fig:heatmap-15-clausal-s-marker	3.2 Clausal complement S marker	68_vos_gn_ac_d_se	vos	gn	nom-acc	deranking	sent	vos	VS	VPA	100	0.5466666666666667	0.01527525231651948	54.66666666666667	1.5275252316519505	0.53	0.56	0.0	0.0	0.08974804162979126	0.03007710213416355	bos_eos	seed_42,seed_43,seed_44
3_2_clausal_S_marker	15_3_2_clausal_S_marker	fig:heatmap-15-clausal-s-marker	3.2 Clausal complement S marker	69_vos_gn_ac_d_pa	vos	gn	nom-acc	deranking	poss-acc	svo	SV	AVP	100	0.5466666666666666	0.040414518843273774	54.666666666666664	4.041451884327376	0.5	0.57	0.0	0.0	0.12992101987202964	0.017920526202291277	bos_eos	seed_42,seed_43,seed_44
3_2_clausal_S_marker	15_3_2_clausal_S_marker	fig:heatmap-15-clausal-s-marker	3.2 Clausal complement S marker	70_vos_gn_ac_d_ep	vos	gn	nom-acc	deranking	erg-poss	sov	SV	PVA	100	0.57	0.06	56.99999999999999	6.0	0.51	0.63	0.0	0.0	0.11813686847686768	0.025884328503865992	bos_eos	seed_42,seed_43,seed_44
3_2_clausal_S_marker	15_3_2_clausal_S_marker	fig:heatmap-15-clausal-s-marker	3.2 Clausal complement S marker	71_vos_gn_ac_d_no	vos	gn	nom-acc	deranking	nomn	svo	SV	AVP	100	0.5066666666666667	0.04163331998932266	50.66666666666667	4.163331998932265	0.46	0.54	0.0	0.0	0.11733319679896037	0.04018444461186241	bos_eos	seed_42,seed_43,seed_44
3_2_clausal_S_marker	15_3_2_clausal_S_marker	fig:heatmap-15-clausal-s-marker	3.2 Clausal complement S marker	72_vos_gn_er_b_se	vos	gn	erg-abs	balancing	sent	vos	VS	VPA	100	0.9166666666666666	0.05859465277082314	91.66666666666666	5.8594652770823155	0.85	0.96	0.0	0.0	0.5617415610949199	0.05800628657023662	bos_eos	seed_42,seed_43,seed_44
3_2_clausal_S_marker	15_3_2_clausal_S_marker	fig:heatmap-15-clausal-s-marker	3.2 Clausal complement S marker	73_vos_gn_er_b_pa	vos	gn	erg-abs	balancing	poss-acc	svo	SV	AVP	100	0.9233333333333333	0.06429100507328636	92.33333333333333	6.429100507328637	0.85	0.97	0.0	0.0	0.5582122298081715	0.10476363097063889	bos_eos	seed_42,seed_43,seed_44
3_2_clausal_S_marker	15_3_2_clausal_S_marker	fig:heatmap-15-clausal-s-marker	3.2 Clausal complement S marker	74_vos_gn_er_b_ep	vos	gn	erg-abs	balancing	erg-poss	sov	SV	PVA	100	0.9400000000000001	0.04582575694955838	94.0	4.58257569495584	0.9	0.99	0.0	0.0	0.62513734181722	0.17681468703057046	bos_eos	seed_42,seed_43,seed_44
3_2_clausal_S_marker	15_3_2_clausal_S_marker	fig:heatmap-15-clausal-s-marker	3.2 Clausal complement S marker	75_vos_gn_er_b_no	vos	gn	erg-abs	balancing	nomn	svo	SV	AVP	100	0.95	0.017320508075688724	95.0	1.7320508075688772	0.93	0.96	0.0	0.0	0.6245524660746257	0.05997449443738098	bos_eos	seed_42,seed_43,seed_44
3_2_clausal_S_marker	15_3_2_clausal_S_marker	fig:heatmap-15-clausal-s-marker	3.2 Clausal complement S marker	76_vos_gn_er_d_se	vos	gn	erg-abs	deranking	sent	vos	VS	VPA	100	0.9400000000000001	0.026457513110645866	94.0	2.6457513110645907	0.92	0.97	0.0	0.0	0.5726756636301676	0.05595705389693648	bos_eos	seed_42,seed_43,seed_44
3_2_clausal_S_marker	15_3_2_clausal_S_marker	fig:heatmap-15-clausal-s-marker	3.2 Clausal complement S marker	77_vos_gn_er_d_pa	vos	gn	erg-abs	deranking	poss-acc	svo	SV	AVP	100	0.8966666666666667	0.040414518843273836	89.66666666666667	4.041451884327381	0.85	0.92	0.0	0.0	0.46217719197273255	0.03615774797382021	bos_eos	seed_42,seed_43,seed_44
3_2_clausal_S_marker	15_3_2_clausal_S_marker	fig:heatmap-15-clausal-s-marker	3.2 Clausal complement S marker	78_vos_gn_er_d_ep	vos	gn	erg-abs	deranking	erg-poss	sov	SV	PVA	100	0.84	0.06	84.0	6.0	0.78	0.9	0.0	0.0	0.42962839523951213	0.09126932093482486	bos_eos	seed_42,seed_43,seed_44
3_2_clausal_S_marker	15_3_2_clausal_S_marker	fig:heatmap-15-clausal-s-marker	3.2 Clausal complement S marker	79_vos_gn_er_d_no	vos	gn	erg-abs	deranking	nomn	svo	SV	AVP	100	0.8633333333333333	0.03511884584284249	86.33333333333333	3.5118845842842465	0.83	0.9	0.0	0.0	0.4318000880877177	0.040752133500057824	bos_eos	seed_42,seed_43,seed_44
3_2_clausal_S_marker	15_3_2_clausal_S_marker	fig:heatmap-15-clausal-s-marker	3.2 Clausal complement S marker	80_vos_ng_ac_b_se	vos	ng	nom-acc	balancing	sent	vos	VS	VPA	100	0.57	0.1539480431834065	56.99999999999999	15.394804318340652	0.4	0.7	0.0	0.0	0.061173693339029944	0.08971391066478097	bos_eos	seed_42,seed_43,seed_44
3_2_clausal_S_marker	15_3_2_clausal_S_marker	fig:heatmap-15-clausal-s-marker	3.2 Clausal complement S marker	81_vos_ng_ac_b_pa	vos	ng	nom-acc	balancing	poss-acc	vos	VS	VPA	100	0.5333333333333333	0.1767295485574875	53.333333333333336	17.67295485574875	0.33	0.65	0.0	0.0	0.01847663243611654	0.10606518779598904	bos_eos	seed_42,seed_43,seed_44
3_2_clausal_S_marker	15_3_2_clausal_S_marker	fig:heatmap-15-clausal-s-marker	3.2 Clausal complement S marker	82_vos_ng_ac_b_ep	vos	ng	nom-acc	balancing	erg-poss	vos	VS	VPA	100	0.5700000000000001	0.15716233645501712	57.00000000000001	15.716233645501712	0.43	0.74	0.0	0.0	0.04835972309112549	0.10170503130394179	bos_eos	seed_42,seed_43,seed_44
3_2_clausal_S_marker	15_3_2_clausal_S_marker	fig:heatmap-15-clausal-s-marker	3.2 Clausal complement S marker	83_vos_ng_ac_b_no	vos	ng	nom-acc	balancing	nomn	vos	VS	VPA	100	0.5366666666666666	0.25324559884296777	53.666666666666664	25.32455988429677	0.31	0.81	0.0	0.0	0.06983778635660808	0.2032944021260007	bos_eos	seed_42,seed_43,seed_44
3_2_clausal_S_marker	15_3_2_clausal_S_marker	fig:heatmap-15-clausal-s-marker	3.2 Clausal complement S marker	84_vos_ng_ac_d_se	vos	ng	nom-acc	deranking	sent	vos	VS	VPA	100	0.84	0.06	84.0	6.0	0.78	0.9	0.0	0.0	0.3142792797088623	0.09336063676866646	bos_eos	seed_42,seed_43,seed_44
3_2_clausal_S_marker	15_3_2_clausal_S_marker	fig:heatmap-15-clausal-s-marker	3.2 Clausal complement S marker	85_vos_ng_ac_d_pa	vos	ng	nom-acc	deranking	poss-acc	vos	VS	VPA	100	0.76	0.19924858845171273	76.0	19.924858845171276	0.53	0.88	0.0	0.0	0.233896248737971	0.17075027522846012	bos_eos	seed_42,seed_43,seed_44
3_2_clausal_S_marker	15_3_2_clausal_S_marker	fig:heatmap-15-clausal-s-marker	3.2 Clausal complement S marker	86_vos_ng_ac_d_ep	vos	ng	nom-acc	deranking	erg-poss	vos	VS	VPA	100	0.53	0.19672315572906	53.0	19.672315572906	0.32	0.71	0.0	0.0	0.027423905134201048	0.1465644220804878	bos_eos	seed_42,seed_43,seed_44
3_2_clausal_S_marker	15_3_2_clausal_S_marker	fig:heatmap-15-clausal-s-marker	3.2 Clausal complement S marker	87_vos_ng_ac_d_no	vos	ng	nom-acc	deranking	nomn	vos	VS	VPA	100	0.7433333333333333	0.09291573243177566	74.33333333333333	9.291573243177568	0.64	0.82	0.0	0.0	0.19214320341746013	0.07084360201856674	bos_eos	seed_42,seed_43,seed_44
3_2_clausal_S_marker	15_3_2_clausal_S_marker	fig:heatmap-15-clausal-s-marker	3.2 Clausal complement S marker	88_vos_ng_er_b_se	vos	ng	erg-abs	balancing	sent	vos	VS	VPA	100	0.9733333333333333	0.028867513459481315	97.33333333333333	2.886751345948129	0.94	0.99	0.0	0.0	0.5627753671010335	0.07842690051078065	bos_eos	seed_42,seed_43,seed_44
3_2_clausal_S_marker	15_3_2_clausal_S_marker	fig:heatmap-15-clausal-s-marker	3.2 Clausal complement S marker	89_vos_ng_er_b_pa	vos	ng	erg-abs	balancing	poss-acc	vos	VS	VPA	100	0.99	0.010000000000000009	99.0	1.0	0.98	1.0	0.0	0.0	0.5625611698627472	0.04058001529121659	bos_eos	seed_42,seed_43,seed_44
3_2_clausal_S_marker	15_3_2_clausal_S_marker	fig:heatmap-15-clausal-s-marker	3.2 Clausal complement S marker	90_vos_ng_er_b_ep	vos	ng	erg-abs	balancing	erg-poss	vos	VS	VPA	100	0.9866666666666667	0.005773502691896263	98.66666666666667	0.5773502691896257	0.98	0.99	0.0	0.0	0.5115018939971924	0.022173346171371025	bos_eos	seed_42,seed_43,seed_44
3_2_clausal_S_marker	15_3_2_clausal_S_marker	fig:heatmap-15-clausal-s-marker	3.2 Clausal complement S marker	91_vos_ng_er_b_no	vos	ng	erg-abs	balancing	nomn	vos	VS	VPA	100	0.9866666666666667	0.011547005383792526	98.66666666666667	1.1547005383792515	0.98	1.0	0.0	0.0	0.6112298810482025	0.0592010160088369	bos_eos	seed_42,seed_43,seed_44
3_2_clausal_S_marker	15_3_2_clausal_S_marker	fig:heatmap-15-clausal-s-marker	3.2 Clausal complement S marker	92_vos_ng_er_d_se	vos	ng	erg-abs	deranking	sent	vos	VS	VPA	100	0.9833333333333333	0.011547005383792526	98.33333333333333	1.1547005383792515	0.97	0.99	0.0	0.0	0.5754769086837769	0.0301001453186726	bos_eos	seed_42,seed_43,seed_44
3_2_clausal_S_marker	15_3_2_clausal_S_marker	fig:heatmap-15-clausal-s-marker	3.2 Clausal complement S marker	93_vos_ng_er_d_pa	vos	ng	erg-abs	deranking	poss-acc	vos	VS	VPA	100	0.9133333333333333	0.04041451884327379	91.33333333333333	4.041451884327381	0.87	0.95	0.0	0.0	0.31602001190185547	0.014237024792199154	bos_eos	seed_42,seed_43,seed_44
3_2_clausal_S_marker	15_3_2_clausal_S_marker	fig:heatmap-15-clausal-s-marker	3.2 Clausal complement S marker	94_vos_ng_er_d_ep	vos	ng	erg-abs	deranking	erg-poss	vos	VS	VPA	100	0.6533333333333333	0.023094010767585053	65.33333333333333	2.309401076758503	0.64	0.68	0.0	0.0	0.10445978045463562	0.021981987438043065	bos_eos	seed_42,seed_43,seed_44
3_2_clausal_S_marker	15_3_2_clausal_S_marker	fig:heatmap-15-clausal-s-marker	3.2 Clausal complement S marker	95_vos_ng_er_d_no	vos	ng	erg-abs	deranking	nomn	vos	VS	VPA	100	0.8866666666666667	0.025166114784235857	88.66666666666667	2.516611478423583	0.86	0.91	0.0	0.0	0.32344096501668296	0.05062114684278406	bos_eos	seed_42,seed_43,seed_44
3_3_clausal_A_marker	16_3_3_clausal_A_marker	fig:heatmap-16-clausal-a-marker	3.3 Clausal complement A marker	00_sov_gn_ac_b_se	sov	gn	nom-acc	balancing	sent	sov	SV	APV	100	0.2533333333333333	0.11930353445448852	25.33333333333333	11.930353445448853	0.12	0.35	0.0	0.0	-0.18746436834335328	0.12568223888002172	bos_eos	seed_42,seed_43,seed_44
3_3_clausal_A_marker	16_3_3_clausal_A_marker	fig:heatmap-16-clausal-a-marker	3.3 Clausal complement A marker	01_sov_gn_ac_b_pa	sov	gn	nom-acc	balancing	poss-acc	sov	SV	APV	100	0.13333333333333333	0.0404145188432738	13.333333333333334	4.041451884327381	0.11	0.18	0.0	0.0	-0.26357898314793904	0.054249824383218674	bos_eos	seed_42,seed_43,seed_44
3_3_clausal_A_marker	16_3_3_clausal_A_marker	fig:heatmap-16-clausal-a-marker	3.3 Clausal complement A marker	02_sov_gn_ac_b_ep	sov	gn	nom-acc	balancing	erg-poss	sov	SV	APV	100	0.93	0.017320508075688724	93.0	1.7320508075688772	0.92	0.95	0.0	0.0	0.4128985102971395	0.08577289318397409	bos_eos	seed_42,seed_43,seed_44
3_3_clausal_A_marker	16_3_3_clausal_A_marker	fig:heatmap-16-clausal-a-marker	3.3 Clausal complement A marker	03_sov_gn_ac_b_no	sov	gn	nom-acc	balancing	nomn	sov	SV	APV	100	0.22666666666666668	0.1457166199626293	22.666666666666668	14.571661996262929	0.11	0.39	0.0	0.0	-0.21011429150899252	0.09712029122168385	bos_eos	seed_42,seed_43,seed_44
3_3_clausal_A_marker	16_3_3_clausal_A_marker	fig:heatmap-16-clausal-a-marker	3.3 Clausal complement A marker	04_sov_gn_ac_d_se	sov	gn	nom-acc	deranking	sent	sov	SV	APV	100	0.23	0.0916515138991168	23.0	9.16515138991168	0.13	0.31	0.0	0.0	-0.17430458307266236	0.0787811481022976	bos_eos	seed_42,seed_43,seed_44
3_3_clausal_A_marker	16_3_3_clausal_A_marker	fig:heatmap-16-clausal-a-marker	3.3 Clausal complement A marker	05_sov_gn_ac_d_pa	sov	gn	nom-acc	deranking	poss-acc	sov	SV	APV	100	0.19333333333333333	0.040414518843273815	19.333333333333332	4.041451884327381	0.15	0.23	0.0	0.0	-0.20128991842269897	0.04969558534598476	bos_eos	seed_42,seed_43,seed_44
3_3_clausal_A_marker	16_3_3_clausal_A_marker	fig:heatmap-16-clausal-a-marker	3.3 Clausal complement A marker	06_sov_gn_ac_d_ep	sov	gn	nom-acc	deranking	erg-poss	sov	SV	APV	100	0.9566666666666667	0.01527525231651948	95.66666666666667	1.5275252316519468	0.94	0.97	0.0	0.0	0.45522423505783083	0.028711596453207627	bos_eos	seed_42,seed_43,seed_44
3_3_clausal_A_marker	16_3_3_clausal_A_marker	fig:heatmap-16-clausal-a-marker	3.3 Clausal complement A marker	07_sov_gn_ac_d_no	sov	gn	nom-acc	deranking	nomn	sov	SV	APV	100	0.25	0.16822603841260722	25.0	16.822603841260722	0.12	0.44	0.0	0.0	-0.16184266964594524	0.11141145998099615	bos_eos	seed_42,seed_43,seed_44
3_3_clausal_A_marker	16_3_3_clausal_A_marker	fig:heatmap-16-clausal-a-marker	3.3 Clausal complement A marker	08_sov_gn_er_b_se	sov	gn	erg-abs	balancing	sent	sov	SV	APV	100	0.9933333333333333	0.011547005383792526	99.33333333333333	1.1547005383792515	0.98	1.0	0.0	0.0	0.5910623661677042	0.07190109778942425	bos_eos	seed_42,seed_43,seed_44
3_3_clausal_A_marker	16_3_3_clausal_A_marker	fig:heatmap-16-clausal-a-marker	3.3 Clausal complement A marker	09_sov_gn_er_b_pa	sov	gn	erg-abs	balancing	poss-acc	sov	SV	APV	100	0.9933333333333333	0.005773502691896263	99.33333333333333	0.5773502691896257	0.99	1.0	0.0	0.0	0.5545536486307779	0.079594182058993	bos_eos	seed_42,seed_43,seed_44
3_3_clausal_A_marker	16_3_3_clausal_A_marker	fig:heatmap-16-clausal-a-marker	3.3 Clausal complement A marker	10_sov_gn_er_b_ep	sov	gn	erg-abs	balancing	erg-poss	sov	SV	APV	100	1.0	0.0	100.0	0.0	1.0	1.0	0.0	0.0	1.3397521122296652	0.10652213654851148	bos_eos	seed_42,seed_43,seed_44
3_3_clausal_A_marker	16_3_3_clausal_A_marker	fig:heatmap-16-clausal-a-marker	3.3 Clausal complement A marker	11_sov_gn_er_b_no	sov	gn	erg-abs	balancing	nomn	sov	SV	APV	100	0.99	0.010000000000000009	99.0	1.0	0.98	1.0	0.0	0.0	0.5240812023480733	0.016374358856629065	bos_eos	seed_42,seed_43,seed_44
3_3_clausal_A_marker	16_3_3_clausal_A_marker	fig:heatmap-16-clausal-a-marker	3.3 Clausal complement A marker	12_sov_gn_er_d_se	sov	gn	erg-abs	deranking	sent	sov	SV	APV	100	0.9933333333333333	0.005773502691896263	99.33333333333333	0.5773502691896257	0.99	1.0	0.0	0.0	0.5138236912091573	0.06790499881568417	bos_eos	seed_42,seed_43,seed_44
3_3_clausal_A_marker	16_3_3_clausal_A_marker	fig:heatmap-16-clausal-a-marker	3.3 Clausal complement A marker	13_sov_gn_er_d_pa	sov	gn	erg-abs	deranking	poss-acc	sov	SV	APV	100	0.9833333333333333	0.020816659994661348	98.33333333333333	2.0816659994661326	0.96	1.0	0.0	0.0	0.4686026096343994	0.0476770360674963	bos_eos	seed_42,seed_43,seed_44
3_3_clausal_A_marker	16_3_3_clausal_A_marker	fig:heatmap-16-clausal-a-marker	3.3 Clausal complement A marker	14_sov_gn_er_d_ep	sov	gn	erg-abs	deranking	erg-poss	sov	SV	APV	100	1.0	0.0	100.0	0.0	1.0	1.0	0.0	0.0	1.2521645816167195	0.011196572483136037	bos_eos	seed_42,seed_43,seed_44
3_3_clausal_A_marker	16_3_3_clausal_A_marker	fig:heatmap-16-clausal-a-marker	3.3 Clausal complement A marker	15_sov_gn_er_d_no	sov	gn	erg-abs	deranking	nomn	sov	SV	APV	100	0.9833333333333333	0.011547005383792526	98.33333333333333	1.1547005383792515	0.97	0.99	0.0	0.0	0.4653325605392456	0.06622796869178495	bos_eos	seed_42,seed_43,seed_44
3_3_clausal_A_marker	16_3_3_clausal_A_marker	fig:heatmap-16-clausal-a-marker	3.3 Clausal complement A marker	16_sov_ng_ac_b_se	sov	ng	nom-acc	balancing	sent	sov	SV	APV	100	0.3233333333333333	0.0971253485622231	32.33333333333333	9.71253485622231	0.24	0.43	0.0	0.0	-0.1367589028676351	0.037716619297862075	bos_eos	seed_42,seed_43,seed_44
3_3_clausal_A_marker	16_3_3_clausal_A_marker	fig:heatmap-16-clausal-a-marker	3.3 Clausal complement A marker	17_sov_ng_ac_b_pa	sov	ng	nom-acc	balancing	poss-acc	ovs	VS	PVA	100	0.27666666666666667	0.035118845842842465	27.666666666666668	3.5118845842842465	0.24	0.31	0.0	0.0	-0.14671477397282917	0.07897281186586037	bos_eos	seed_42,seed_43,seed_44
3_3_clausal_A_marker	16_3_3_clausal_A_marker	fig:heatmap-16-clausal-a-marker	3.3 Clausal complement A marker	18_sov_ng_ac_b_ep	sov	ng	nom-acc	balancing	erg-poss	vos	VS	AVP	100	0.87	0.030000000000000027	87.0	3.0	0.84	0.9	0.0	0.0	0.3266636339823405	0.07126176822856052	bos_eos	seed_42,seed_43,seed_44
3_3_clausal_A_marker	16_3_3_clausal_A_marker	fig:heatmap-16-clausal-a-marker	3.3 Clausal complement A marker	19_sov_ng_ac_b_no	sov	ng	nom-acc	balancing	nomn	ovs	VS	PVA	100	0.5466666666666666	0.1250333288900737	54.666666666666664	12.503332889007368	0.42	0.67	0.0	0.0	0.039961686134338384	0.10312733707469562	bos_eos	seed_42,seed_43,seed_44
3_3_clausal_A_marker	16_3_3_clausal_A_marker	fig:heatmap-16-clausal-a-marker	3.3 Clausal complement A marker	20_sov_ng_ac_d_se	sov	ng	nom-acc	deranking	sent	sov	SV	APV	100	0.35	0.21656407827707713	35.0	21.65640782770771	0.15	0.58	0.0	0.0	-0.12166504621505737	0.1510089463880208	bos_eos	seed_42,seed_43,seed_44
3_3_clausal_A_marker	16_3_3_clausal_A_marker	fig:heatmap-16-clausal-a-marker	3.3 Clausal complement A marker	21_sov_ng_ac_d_pa	sov	ng	nom-acc	deranking	poss-acc	ovs	VS	PVA	100	0.24333333333333335	0.05131601439446883	24.333333333333336	5.131601439446884	0.2	0.3	0.0	0.0	-0.1395999336242676	0.04755720041816004	bos_eos	seed_42,seed_43,seed_44
3_3_clausal_A_marker	16_3_3_clausal_A_marker	fig:heatmap-16-clausal-a-marker	3.3 Clausal complement A marker	22_sov_ng_ac_d_ep	sov	ng	nom-acc	deranking	erg-poss	vos	VS	AVP	100	0.8833333333333333	0.01527525231651948	88.33333333333333	1.5275252316519468	0.87	0.9	0.0	0.0	0.3203042817115784	0.04166335222909718	bos_eos	seed_42,seed_43,seed_44
3_3_clausal_A_marker	16_3_3_clausal_A_marker	fig:heatmap-16-clausal-a-marker	3.3 Clausal complement A marker	23_sov_ng_ac_d_no	sov	ng	nom-acc	deranking	nomn	ovs	VS	PVA	100	0.4033333333333333	0.2502665245959462	40.33333333333333	25.02665245959462	0.16	0.66	0.0	0.0	-0.08163359006245931	0.1582194094342198	bos_eos	seed_42,seed_43,seed_44
3_3_clausal_A_marker	16_3_3_clausal_A_marker	fig:heatmap-16-clausal-a-marker	3.3 Clausal complement A marker	24_sov_ng_er_b_se	sov	ng	erg-abs	balancing	sent	sov	SV	APV	100	1.0	0.0	100.0	0.0	1.0	1.0	0.0	0.0	0.9810398348172507	0.028061779465460644	bos_eos	seed_42,seed_43,seed_44
3_3_clausal_A_marker	16_3_3_clausal_A_marker	fig:heatmap-16-clausal-a-marker	3.3 Clausal complement A marker	25_sov_ng_er_b_pa	sov	ng	erg-abs	balancing	poss-acc	ovs	VS	PVA	100	1.0	0.0	100.0	0.0	1.0	1.0	0.0	0.0	1.0737733896573385	0.0709945314050256	bos_eos	seed_42,seed_43,seed_44
3_3_clausal_A_marker	16_3_3_clausal_A_marker	fig:heatmap-16-clausal-a-marker	3.3 Clausal complement A marker	26_sov_ng_er_b_ep	sov	ng	erg-abs	balancing	erg-poss	vos	VS	AVP	100	1.0	0.0	100.0	0.0	1.0	1.0	0.0	0.0	1.51675772746404	0.06037808096474618	bos_eos	seed_42,seed_43,seed_44
3_3_clausal_A_marker	16_3_3_clausal_A_marker	fig:heatmap-16-clausal-a-marker	3.3 Clausal complement A marker	27_sov_ng_er_b_no	sov	ng	erg-abs	balancing	nomn	ovs	VS	PVA	100	1.0	0.0	100.0	0.0	1.0	1.0	0.0	0.0	1.0432821130752563	0.06469947734360479	bos_eos	seed_42,seed_43,seed_44
3_3_clausal_A_marker	16_3_3_clausal_A_marker	fig:heatmap-16-clausal-a-marker	3.3 Clausal complement A marker	28_sov_ng_er_d_se	sov	ng	erg-abs	deranking	sent	sov	SV	APV	100	1.0	0.0	100.0	0.0	1.0	1.0	0.0	0.0	0.9283227801322937	0.08685077822280857	bos_eos	seed_42,seed_43,seed_44
3_3_clausal_A_marker	16_3_3_clausal_A_marker	fig:heatmap-16-clausal-a-marker	3.3 Clausal complement A marker	29_sov_ng_er_d_pa	sov	ng	erg-abs	deranking	poss-acc	ovs	VS	PVA	100	0.9966666666666667	0.005773502691896263	99.66666666666667	0.5773502691896257	0.99	1.0	0.0	0.0	0.9190790979067485	0.09110168264356414	bos_eos	seed_42,seed_43,seed_44
3_3_clausal_A_marker	16_3_3_clausal_A_marker	fig:heatmap-16-clausal-a-marker	3.3 Clausal complement A marker	30_sov_ng_er_d_ep	sov	ng	erg-abs	deranking	erg-poss	vos	VS	AVP	100	1.0	0.0	100.0	0.0	1.0	1.0	0.0	0.0	1.4421965662638347	0.07688472222558507	bos_eos	seed_42,seed_43,seed_44
3_3_clausal_A_marker	16_3_3_clausal_A_marker	fig:heatmap-16-clausal-a-marker	3.3 Clausal complement A marker	31_sov_ng_er_d_no	sov	ng	erg-abs	deranking	nomn	ovs	VS	PVA	100	0.9933333333333333	0.005773502691896263	99.33333333333333	0.5773502691896257	0.99	1.0	0.0	0.0	0.9498925312360128	0.04092145936616803	bos_eos	seed_42,seed_43,seed_44
3_3_clausal_A_marker	16_3_3_clausal_A_marker	fig:heatmap-16-clausal-a-marker	3.3 Clausal complement A marker	32_svo_gn_ac_b_se	svo	gn	nom-acc	balancing	sent	svo	SV	AVP	100	0.9733333333333333	0.005773502691896263	97.33333333333333	0.5773502691896257	0.97	0.98	0.0	0.0	0.5527917504310608	0.02619390219380353	bos_eos	seed_42,seed_43,seed_44
3_3_clausal_A_marker	16_3_3_clausal_A_marker	fig:heatmap-16-clausal-a-marker	3.3 Clausal complement A marker	33_svo_gn_ac_b_pa	svo	gn	nom-acc	balancing	poss-acc	svo	SV	AVP	100	0.9733333333333333	0.005773502691896263	97.33333333333333	0.5773502691896257	0.97	0.98	0.0	0.0	0.4754532702763875	0.03526833553269921	bos_eos	seed_42,seed_43,seed_44
3_3_clausal_A_marker	16_3_3_clausal_A_marker	fig:heatmap-16-clausal-a-marker	3.3 Clausal complement A marker	34_svo_gn_ac_b_ep	svo	gn	nom-acc	balancing	erg-poss	sov	SV	PVA	100	1.0	0.0	100.0	0.0	1.0	1.0	0.0	0.0	0.807892849445343	0.11589341032966831	bos_eos	seed_42,seed_43,seed_44
3_3_clausal_A_marker	16_3_3_clausal_A_marker	fig:heatmap-16-clausal-a-marker	3.3 Clausal complement A marker	35_svo_gn_ac_b_no	svo	gn	nom-acc	balancing	nomn	svo	SV	AVP	100	0.9566666666666667	0.025166114784235794	95.66666666666667	2.516611478423583	0.93	0.98	0.0	0.0	0.4974480684598287	0.01456646277639752	bos_eos	seed_42,seed_43,seed_44
3_3_clausal_A_marker	16_3_3_clausal_A_marker	fig:heatmap-16-clausal-a-marker	3.3 Clausal complement A marker	36_svo_gn_ac_d_se	svo	gn	nom-acc	deranking	sent	svo	SV	AVP	100	0.9333333333333333	0.040414518843273774	93.33333333333333	4.041451884327381	0.91	0.98	0.0	0.0	0.4527628366152445	0.07160552831742518	bos_eos	seed_42,seed_43,seed_44
3_3_clausal_A_marker	16_3_3_clausal_A_marker	fig:heatmap-16-clausal-a-marker	3.3 Clausal complement A marker	37_svo_gn_ac_d_pa	svo	gn	nom-acc	deranking	poss-acc	svo	SV	AVP	100	0.9033333333333333	0.028867513459481315	90.33333333333333	2.886751345948129	0.87	0.92	0.0	0.0	0.3411777178446452	0.040051271820848486	bos_eos	seed_42,seed_43,seed_44
3_3_clausal_A_marker	16_3_3_clausal_A_marker	fig:heatmap-16-clausal-a-marker	3.3 Clausal complement A marker	38_svo_gn_ac_d_ep	svo	gn	nom-acc	deranking	erg-poss	sov	SV	PVA	100	0.9966666666666667	0.005773502691896263	99.66666666666667	0.5773502691896257	0.99	1.0	0.0	0.0	0.6991570488611857	0.08742717181874943	bos_eos	seed_42,seed_43,seed_44
3_3_clausal_A_marker	16_3_3_clausal_A_marker	fig:heatmap-16-clausal-a-marker	3.3 Clausal complement A marker	39_svo_gn_ac_d_no	svo	gn	nom-acc	deranking	nomn	svo	SV	AVP	100	0.8666666666666667	0.03214550253664321	86.66666666666667	3.2145502536643185	0.83	0.89	0.0	0.0	0.29526476542154945	0.05853344538038073	bos_eos	seed_42,seed_43,seed_44
3_3_clausal_A_marker	16_3_3_clausal_A_marker	fig:heatmap-16-clausal-a-marker	3.3 Clausal complement A marker	40_svo_gn_er_b_se	svo	gn	erg-abs	balancing	sent	svo	SV	AVP	100	1.0	0.0	100.0	0.0	1.0	1.0	0.0	0.0	1.7459588289260866	0.14263567832777657	bos_eos	seed_42,seed_43,seed_44
3_3_clausal_A_marker	16_3_3_clausal_A_marker	fig:heatmap-16-clausal-a-marker	3.3 Clausal complement A marker	41_svo_gn_er_b_pa	svo	gn	erg-abs	balancing	poss-acc	svo	SV	AVP	100	1.0	0.0	100.0	0.0	1.0	1.0	0.0	0.0	1.724773588180542	0.08789614166727987	bos_eos	seed_42,seed_43,seed_44
3_3_clausal_A_marker	16_3_3_clausal_A_marker	fig:heatmap-16-clausal-a-marker	3.3 Clausal complement A marker	42_svo_gn_er_b_ep	svo	gn	erg-abs	balancing	erg-poss	sov	SV	PVA	100	1.0	0.0	100.0	0.0	1.0	1.0	0.0	0.0	2.2935940432548523	0.10264876525701058	bos_eos	seed_42,seed_43,seed_44
3_3_clausal_A_marker	16_3_3_clausal_A_marker	fig:heatmap-16-clausal-a-marker	3.3 Clausal complement A marker	43_svo_gn_er_b_no	svo	gn	erg-abs	balancing	nomn	svo	SV	AVP	100	1.0	0.0	100.0	0.0	1.0	1.0	0.0	0.0	1.6661513034502664	0.13800213839736647	bos_eos	seed_42,seed_43,seed_44
3_3_clausal_A_marker	16_3_3_clausal_A_marker	fig:heatmap-16-clausal-a-marker	3.3 Clausal complement A marker	44_svo_gn_er_d_se	svo	gn	erg-abs	deranking	sent	svo	SV	AVP	100	1.0	0.0	100.0	0.0	1.0	1.0	0.0	0.0	1.5003215114275614	0.07773001742644418	bos_eos	seed_42,seed_43,seed_44
3_3_clausal_A_marker	16_3_3_clausal_A_marker	fig:heatmap-16-clausal-a-marker	3.3 Clausal complement A marker	45_svo_gn_er_d_pa	svo	gn	erg-abs	deranking	poss-acc	svo	SV	AVP	100	0.9966666666666667	0.005773502691896263	99.66666666666667	0.5773502691896257	0.99	1.0	0.0	0.0	1.2727001746495565	0.09780481807307245	bos_eos	seed_42,seed_43,seed_44
3_3_clausal_A_marker	16_3_3_clausal_A_marker	fig:heatmap-16-clausal-a-marker	3.3 Clausal complement A marker	46_svo_gn_er_d_ep	svo	gn	erg-abs	deranking	erg-poss	sov	SV	PVA	100	1.0	0.0	100.0	0.0	1.0	1.0	0.0	0.0	2.056059741973877	0.05416060933241095	bos_eos	seed_42,seed_43,seed_44
3_3_clausal_A_marker	16_3_3_clausal_A_marker	fig:heatmap-16-clausal-a-marker	3.3 Clausal complement A marker	47_svo_gn_er_d_no	svo	gn	erg-abs	deranking	nomn	svo	SV	AVP	100	0.9966666666666667	0.005773502691896263	99.66666666666667	0.5773502691896257	0.99	1.0	0.0	0.0	1.3970155175526937	0.07918870037668764	bos_eos	seed_42,seed_43,seed_44
3_3_clausal_A_marker	16_3_3_clausal_A_marker	fig:heatmap-16-clausal-a-marker	3.3 Clausal complement A marker	48_svo_ng_ac_b_se	svo	ng	nom-acc	balancing	sent	svo	SV	AVP	100	0.97	0.017320508075688787	97.0	1.7320508075688772	0.95	0.98	0.0	0.0	0.3687428903579712	0.10896963019529984	bos_eos	seed_42,seed_43,seed_44
3_3_clausal_A_marker	16_3_3_clausal_A_marker	fig:heatmap-16-clausal-a-marker	3.3 Clausal complement A marker	49_svo_ng_ac_b_pa	svo	ng	nom-acc	balancing	poss-acc	vos	VS	VPA	100	0.9566666666666667	0.011547005383792526	95.66666666666667	1.1547005383792515	0.95	0.97	0.0	0.0	0.37721156517664595	0.047705503947574314	bos_eos	seed_42,seed_43,seed_44
3_3_clausal_A_marker	16_3_3_clausal_A_marker	fig:heatmap-16-clausal-a-marker	3.3 Clausal complement A marker	50_svo_ng_ac_b_ep	svo	ng	nom-acc	balancing	erg-poss	vos	VS	VPA	100	1.0	0.0	100.0	0.0	1.0	1.0	0.0	0.0	0.8560293666521709	0.045932564233417406	bos_eos	seed_42,seed_43,seed_44
3_3_clausal_A_marker	16_3_3_clausal_A_marker	fig:heatmap-16-clausal-a-marker	3.3 Clausal complement A marker	51_svo_ng_ac_b_no	svo	ng	nom-acc	balancing	nomn	vos	VS	VPA	100	0.96	0.010000000000000009	96.0	1.0	0.95	0.97	0.0	0.0	0.39726091782251993	0.03936369772501361	bos_eos	seed_42,seed_43,seed_44
3_3_clausal_A_marker	16_3_3_clausal_A_marker	fig:heatmap-16-clausal-a-marker	3.3 Clausal complement A marker	52_svo_ng_ac_d_se	svo	ng	nom-acc	deranking	sent	svo	SV	AVP	100	0.8533333333333333	0.14364307617610164	85.33333333333333	14.364307617610162	0.69	0.96	0.0	0.0	0.2167630704243978	0.09146736549530365	bos_eos	seed_42,seed_43,seed_44
3_3_clausal_A_marker	16_3_3_clausal_A_marker	fig:heatmap-16-clausal-a-marker	3.3 Clausal complement A marker	53_svo_ng_ac_d_pa	svo	ng	nom-acc	deranking	poss-acc	vos	VS	VPA	100	0.76	0.18248287590894657	76.0	18.248287590894655	0.55	0.88	0.0	0.0	0.1403427815437317	0.10169996851774053	bos_eos	seed_42,seed_43,seed_44
3_3_clausal_A_marker	16_3_3_clausal_A_marker	fig:heatmap-16-clausal-a-marker	3.3 Clausal complement A marker	54_svo_ng_ac_d_ep	svo	ng	nom-acc	deranking	erg-poss	vos	VS	VPA	100	0.9933333333333333	0.011547005383792526	99.33333333333333	1.1547005383792515	0.98	1.0	0.0	0.0	0.585149195988973	0.06842462628102533	bos_eos	seed_42,seed_43,seed_44
3_3_clausal_A_marker	16_3_3_clausal_A_marker	fig:heatmap-16-clausal-a-marker	3.3 Clausal complement A marker	55_svo_ng_ac_d_no	svo	ng	nom-acc	deranking	nomn	vos	VS	VPA	100	0.87	0.05567764362830021	87.0	5.5677643628300215	0.81	0.92	0.0	0.0	0.1999186635017395	0.03440470324525228	bos_eos	seed_42,seed_43,seed_44
3_3_clausal_A_marker	16_3_3_clausal_A_marker	fig:heatmap-16-clausal-a-marker	3.3 Clausal complement A marker	56_svo_ng_er_b_se	svo	ng	erg-abs	balancing	sent	svo	SV	AVP	100	1.0	0.0	100.0	0.0	1.0	1.0	0.0	0.0	1.571513305505117	0.07388338630052839	bos_eos	seed_42,seed_43,seed_44
3_3_clausal_A_marker	16_3_3_clausal_A_marker	fig:heatmap-16-clausal-a-marker	3.3 Clausal complement A marker	57_svo_ng_er_b_pa	svo	ng	erg-abs	balancing	poss-acc	vos	VS	VPA	100	1.0	0.0	100.0	0.0	1.0	1.0	0.0	0.0	1.6811998478571575	0.0910194052300098	bos_eos	seed_42,seed_43,seed_44
3_3_clausal_A_marker	16_3_3_clausal_A_marker	fig:heatmap-16-clausal-a-marker	3.3 Clausal complement A marker	58_svo_ng_er_b_ep	svo	ng	erg-abs	balancing	erg-poss	vos	VS	VPA	100	1.0	0.0	100.0	0.0	1.0	1.0	0.0	0.0	2.129971139431	0.07540790246845816	bos_eos	seed_42,seed_43,seed_44
3_3_clausal_A_marker	16_3_3_clausal_A_marker	fig:heatmap-16-clausal-a-marker	3.3 Clausal complement A marker	59_svo_ng_er_b_no	svo	ng	erg-abs	balancing	nomn	vos	VS	VPA	100	1.0	0.0	100.0	0.0	1.0	1.0	0.0	0.0	1.691741600036621	0.019743609609023733	bos_eos	seed_42,seed_43,seed_44
3_3_clausal_A_marker	16_3_3_clausal_A_marker	fig:heatmap-16-clausal-a-marker	3.3 Clausal complement A marker	60_svo_ng_er_d_se	svo	ng	erg-abs	deranking	sent	svo	SV	AVP	100	1.0	0.0	100.0	0.0	1.0	1.0	0.0	0.0	1.478036750157674	0.22886489204991764	bos_eos	seed_42,seed_43,seed_44
3_3_clausal_A_marker	16_3_3_clausal_A_marker	fig:heatmap-16-clausal-a-marker	3.3 Clausal complement A marker	61_svo_ng_er_d_pa	svo	ng	erg-abs	deranking	poss-acc	vos	VS	VPA	100	1.0	0.0	100.0	0.0	1.0	1.0	0.0	0.0	1.4429365762074788	0.06152107635422684	bos_eos	seed_42,seed_43,seed_44
3_3_clausal_A_marker	16_3_3_clausal_A_marker	fig:heatmap-16-clausal-a-marker	3.3 Clausal complement A marker	62_svo_ng_er_d_ep	svo	ng	erg-abs	deranking	erg-poss	vos	VS	VPA	100	1.0	0.0	100.0	0.0	1.0	1.0	0.0	0.0	1.8270772131284079	0.12733500086727143	bos_eos	seed_42,seed_43,seed_44
3_3_clausal_A_marker	16_3_3_clausal_A_marker	fig:heatmap-16-clausal-a-marker	3.3 Clausal complement A marker	63_svo_ng_er_d_no	svo	ng	erg-abs	deranking	nomn	vos	VS	VPA	100	1.0	0.0	100.0	0.0	1.0	1.0	0.0	0.0	1.5496321201324463	0.25196530355996194	bos_eos	seed_42,seed_43,seed_44
3_3_clausal_A_marker	16_3_3_clausal_A_marker	fig:heatmap-16-clausal-a-marker	3.3 Clausal complement A marker	64_vos_gn_ac_b_se	vos	gn	nom-acc	balancing	sent	vos	VS	VPA	100	0.6900000000000001	0.017320508075688724	69.0	1.7320508075688772	0.68	0.71	0.0	0.0	0.229573974609375	0.05880293419552502	bos_eos	seed_42,seed_43,seed_44
3_3_clausal_A_marker	16_3_3_clausal_A_marker	fig:heatmap-16-clausal-a-marker	3.3 Clausal complement A marker	65_vos_gn_ac_b_pa	vos	gn	nom-acc	balancing	poss-acc	svo	SV	AVP	100	0.68	0.0818535277187245	68.0	8.18535277187245	0.61	0.77	0.0	0.0	0.2209308409690857	0.07537074059273609	bos_eos	seed_42,seed_43,seed_44
3_3_clausal_A_marker	16_3_3_clausal_A_marker	fig:heatmap-16-clausal-a-marker	3.3 Clausal complement A marker	66_vos_gn_ac_b_ep	vos	gn	nom-acc	balancing	erg-poss	sov	SV	PVA	100	0.9566666666666667	0.025166114784235794	95.66666666666667	2.516611478423583	0.93	0.98	0.0	0.0	0.4448430562019348	0.055347704203921974	bos_eos	seed_42,seed_43,seed_44
3_3_clausal_A_marker	16_3_3_clausal_A_marker	fig:heatmap-16-clausal-a-marker	3.3 Clausal complement A marker	67_vos_gn_ac_b_no	vos	gn	nom-acc	balancing	nomn	svo	SV	AVP	100	0.6966666666666667	0.030550504633038912	69.66666666666667	3.0550504633038935	0.67	0.73	0.0	0.0	0.2307003633181254	0.03680419748715104	bos_eos	seed_42,seed_43,seed_44
3_3_clausal_A_marker	16_3_3_clausal_A_marker	fig:heatmap-16-clausal-a-marker	3.3 Clausal complement A marker	68_vos_gn_ac_d_se	vos	gn	nom-acc	deranking	sent	vos	VS	VPA	100	0.7133333333333333	0.025166114784235857	71.33333333333333	2.516611478423583	0.69	0.74	0.0	0.0	0.2314922046661377	0.056245094177480054	bos_eos	seed_42,seed_43,seed_44
3_3_clausal_A_marker	16_3_3_clausal_A_marker	fig:heatmap-16-clausal-a-marker	3.3 Clausal complement A marker	69_vos_gn_ac_d_pa	vos	gn	nom-acc	deranking	poss-acc	svo	SV	AVP	100	0.7166666666666667	0.01527525231651948	71.66666666666667	1.5275252316519468	0.7	0.73	0.0	0.0	0.24683772484461466	0.017444309082747723	bos_eos	seed_42,seed_43,seed_44
3_3_clausal_A_marker	16_3_3_clausal_A_marker	fig:heatmap-16-clausal-a-marker	3.3 Clausal complement A marker	70_vos_gn_ac_d_ep	vos	gn	nom-acc	deranking	erg-poss	sov	SV	PVA	100	0.9133333333333333	0.04725815626252608	91.33333333333333	4.725815626252608	0.86	0.95	0.0	0.0	0.3988204177220662	0.0390132396184409	bos_eos	seed_42,seed_43,seed_44
3_3_clausal_A_marker	16_3_3_clausal_A_marker	fig:heatmap-16-clausal-a-marker	3.3 Clausal complement A marker	71_vos_gn_ac_d_no	vos	gn	nom-acc	deranking	nomn	svo	SV	AVP	100	0.7	0.04999999999999999	70.0	5.0	0.65	0.75	0.0	0.0	0.22648473978042605	0.04955002206673478	bos_eos	seed_42,seed_43,seed_44
3_3_clausal_A_marker	16_3_3_clausal_A_marker	fig:heatmap-16-clausal-a-marker	3.3 Clausal complement A marker	72_vos_gn_er_b_se	vos	gn	erg-abs	balancing	sent	vos	VS	VPA	100	1.0	0.0	100.0	0.0	1.0	1.0	0.0	0.0	1.1026181213061015	0.05227050227944844	bos_eos	seed_42,seed_43,seed_44
3_3_clausal_A_marker	16_3_3_clausal_A_marker	fig:heatmap-16-clausal-a-marker	3.3 Clausal complement A marker	73_vos_gn_er_b_pa	vos	gn	erg-abs	balancing	poss-acc	svo	SV	AVP	100	1.0	0.0	100.0	0.0	1.0	1.0	0.0	0.0	1.0988738624254863	0.06376123674765208	bos_eos	seed_42,seed_43,seed_44
3_3_clausal_A_marker	16_3_3_clausal_A_marker	fig:heatmap-16-clausal-a-marker	3.3 Clausal complement A marker	74_vos_gn_er_b_ep	vos	gn	erg-abs	balancing	erg-poss	sov	SV	PVA	100	1.0	0.0	100.0	0.0	1.0	1.0	0.0	0.0	1.327908833026886	0.09805178601279405	bos_eos	seed_42,seed_43,seed_44
3_3_clausal_A_marker	16_3_3_clausal_A_marker	fig:heatmap-16-clausal-a-marker	3.3 Clausal complement A marker	75_vos_gn_er_b_no	vos	gn	erg-abs	balancing	nomn	svo	SV	AVP	100	1.0	0.0	100.0	0.0	1.0	1.0	0.0	0.0	1.081831135749817	0.03833751959460249	bos_eos	seed_42,seed_43,seed_44
3_3_clausal_A_marker	16_3_3_clausal_A_marker	fig:heatmap-16-clausal-a-marker	3.3 Clausal complement A marker	76_vos_gn_er_d_se	vos	gn	erg-abs	deranking	sent	vos	VS	VPA	100	1.0	0.0	100.0	0.0	1.0	1.0	0.0	0.0	1.0861539324124654	0.00815516573165761	bos_eos	seed_42,seed_43,seed_44
3_3_clausal_A_marker	16_3_3_clausal_A_marker	fig:heatmap-16-clausal-a-marker	3.3 Clausal complement A marker	77_vos_gn_er_d_pa	vos	gn	erg-abs	deranking	poss-acc	svo	SV	AVP	100	0.99	0.0	99.0	0.0	0.99	0.99	0.0	0.0	1.0462082839012146	0.044875102318243355	bos_eos	seed_42,seed_43,seed_44
3_3_clausal_A_marker	16_3_3_clausal_A_marker	fig:heatmap-16-clausal-a-marker	3.3 Clausal complement A marker	78_vos_gn_er_d_ep	vos	gn	erg-abs	deranking	erg-poss	sov	SV	PVA	100	1.0	0.0	100.0	0.0	1.0	1.0	0.0	0.0	1.2791392103830974	0.09207886413097241	bos_eos	seed_42,seed_43,seed_44
3_3_clausal_A_marker	16_3_3_clausal_A_marker	fig:heatmap-16-clausal-a-marker	3.3 Clausal complement A marker	79_vos_gn_er_d_no	vos	gn	erg-abs	deranking	nomn	svo	SV	AVP	100	0.9966666666666667	0.005773502691896263	99.66666666666667	0.5773502691896257	0.99	1.0	0.0	0.0	1.0691311502456666	0.07567260074672646	bos_eos	seed_42,seed_43,seed_44
3_3_clausal_A_marker	16_3_3_clausal_A_marker	fig:heatmap-16-clausal-a-marker	3.3 Clausal complement A marker	80_vos_ng_ac_b_se	vos	ng	nom-acc	balancing	sent	vos	VS	VPA	100	0.31	0.19078784028338916	31.0	19.078784028338912	0.19	0.53	0.0	0.0	-0.11529862006505331	0.11196963216882623	bos_eos	seed_42,seed_43,seed_44
3_3_clausal_A_marker	16_3_3_clausal_A_marker	fig:heatmap-16-clausal-a-marker	3.3 Clausal complement A marker	81_vos_ng_ac_b_pa	vos	ng	nom-acc	balancing	poss-acc	vos	VS	VPA	100	0.27	0.06999999999999999	27.0	7.0	0.19	0.32	0.0	0.0	-0.12085204601287841	0.04700288728596686	bos_eos	seed_42,seed_43,seed_44
3_3_clausal_A_marker	16_3_3_clausal_A_marker	fig:heatmap-16-clausal-a-marker	3.3 Clausal complement A marker	82_vos_ng_ac_b_ep	vos	ng	nom-acc	balancing	erg-poss	vos	VS	VPA	100	0.96	0.010000000000000009	96.0	1.0	0.95	0.97	0.0	0.0	0.44028442780176796	0.059062423114125406	bos_eos	seed_42,seed_43,seed_44
3_3_clausal_A_marker	16_3_3_clausal_A_marker	fig:heatmap-16-clausal-a-marker	3.3 Clausal complement A marker	83_vos_ng_ac_b_no	vos	ng	nom-acc	balancing	nomn	vos	VS	VPA	100	0.3433333333333333	0.24027761721253466	34.333333333333336	24.027761721253466	0.11	0.59	0.0	0.0	-0.10344613393147786	0.170043841093418	bos_eos	seed_42,seed_43,seed_44
3_3_clausal_A_marker	16_3_3_clausal_A_marker	fig:heatmap-16-clausal-a-marker	3.3 Clausal complement A marker	84_vos_ng_ac_d_se	vos	ng	nom-acc	deranking	sent	vos	VS	VPA	100	0.5533333333333333	0.051316014394468826	55.333333333333336	5.131601439446884	0.51	0.61	0.0	0.0	0.025332268873850504	0.032963223342245475	bos_eos	seed_42,seed_43,seed_44
3_3_clausal_A_marker	16_3_3_clausal_A_marker	fig:heatmap-16-clausal-a-marker	3.3 Clausal complement A marker	85_vos_ng_ac_d_pa	vos	ng	nom-acc	deranking	poss-acc	vos	VS	VPA	100	0.6	0.19697715603592209	60.0	19.697715603592208	0.38	0.76	0.0	0.0	0.0856753691037496	0.1590530842752037	bos_eos	seed_42,seed_43,seed_44
3_3_clausal_A_marker	16_3_3_clausal_A_marker	fig:heatmap-16-clausal-a-marker	3.3 Clausal complement A marker	86_vos_ng_ac_d_ep	vos	ng	nom-acc	deranking	erg-poss	vos	VS	VPA	100	0.9466666666666667	0.020816659994661302	94.66666666666667	2.0816659994661326	0.93	0.97	0.0	0.0	0.42608779191970825	0.06142193474214422	bos_eos	seed_42,seed_43,seed_44
3_3_clausal_A_marker	16_3_3_clausal_A_marker	fig:heatmap-16-clausal-a-marker	3.3 Clausal complement A marker	87_vos_ng_ac_d_no	vos	ng	nom-acc	deranking	nomn	vos	VS	VPA	100	0.5766666666666667	0.05507570547286101	57.666666666666664	5.5075705472861	0.54	0.64	0.0	0.0	0.04791527032852173	0.03692180662088629	bos_eos	seed_42,seed_43,seed_44
3_3_clausal_A_marker	16_3_3_clausal_A_marker	fig:heatmap-16-clausal-a-marker	3.3 Clausal complement A marker	88_vos_ng_er_b_se	vos	ng	erg-abs	balancing	sent	vos	VS	VPA	100	0.9966666666666667	0.005773502691896263	99.66666666666667	0.5773502691896257	0.99	1.0	0.0	0.0	0.6888885490099589	0.021511868186584997	bos_eos	seed_42,seed_43,seed_44
3_3_clausal_A_marker	16_3_3_clausal_A_marker	fig:heatmap-16-clausal-a-marker	3.3 Clausal complement A marker	89_vos_ng_er_b_pa	vos	ng	erg-abs	balancing	poss-acc	vos	VS	VPA	100	1.0	0.0	100.0	0.0	1.0	1.0	0.0	0.0	0.6627604150772095	0.050094749276368304	bos_eos	seed_42,seed_43,seed_44
3_3_clausal_A_marker	16_3_3_clausal_A_marker	fig:heatmap-16-clausal-a-marker	3.3 Clausal complement A marker	90_vos_ng_er_b_ep	vos	ng	erg-abs	balancing	erg-poss	vos	VS	VPA	100	1.0	0.0	100.0	0.0	1.0	1.0	0.0	0.0	1.284337992668152	0.057676976406909636	bos_eos	seed_42,seed_43,seed_44
3_3_clausal_A_marker	16_3_3_clausal_A_marker	fig:heatmap-16-clausal-a-marker	3.3 Clausal complement A marker	91_vos_ng_er_b_no	vos	ng	erg-abs	balancing	nomn	vos	VS	VPA	100	0.9966666666666667	0.005773502691896263	99.66666666666667	0.5773502691896257	0.99	1.0	0.0	0.0	0.685528146425883	0.005648545325212542	bos_eos	seed_42,seed_43,seed_44
3_3_clausal_A_marker	16_3_3_clausal_A_marker	fig:heatmap-16-clausal-a-marker	3.3 Clausal complement A marker	92_vos_ng_er_d_se	vos	ng	erg-abs	deranking	sent	vos	VS	VPA	100	0.9933333333333333	0.011547005383792526	99.33333333333333	1.1547005383792515	0.98	1.0	0.0	0.0	0.6908718514442445	0.031062175497813073	bos_eos	seed_42,seed_43,seed_44
3_3_clausal_A_marker	16_3_3_clausal_A_marker	fig:heatmap-16-clausal-a-marker	3.3 Clausal complement A marker	93_vos_ng_er_d_pa	vos	ng	erg-abs	deranking	poss-acc	vos	VS	VPA	100	0.98	0.017320508075688787	98.0	1.7320508075688772	0.96	0.99	0.0	0.0	0.5917396847407023	0.004243594088209624	bos_eos	seed_42,seed_43,seed_44
3_3_clausal_A_marker	16_3_3_clausal_A_marker	fig:heatmap-16-clausal-a-marker	3.3 Clausal complement A marker	94_vos_ng_er_d_ep	vos	ng	erg-abs	deranking	erg-poss	vos	VS	VPA	100	1.0	0.0	100.0	0.0	1.0	1.0	0.0	0.0	1.2609305628140768	0.030553333064343297	bos_eos	seed_42,seed_43,seed_44
3_3_clausal_A_marker	16_3_3_clausal_A_marker	fig:heatmap-16-clausal-a-marker	3.3 Clausal complement A marker	95_vos_ng_er_d_no	vos	ng	erg-abs	deranking	nomn	vos	VS	VPA	100	0.9866666666666667	0.005773502691896263	98.66666666666667	0.5773502691896257	0.98	0.99	0.0	0.0	0.6245969812075297	0.03199201124626463	bos_eos	seed_42,seed_43,seed_44
3_4_clausal_P_marker	17_3_4_clausal_P_marker	fig:heatmap-17-clausal-p-marker	3.4 Clausal complement P marker	00_sov_gn_ac_b_se	sov	gn	nom-acc	balancing	sent	sov	SV	APV	100	1.0	0.0	100.0	0.0	1.0	1.0	0.0	0.0	1.5501540120442707	0.08104925015116558	bos_eos	seed_42,seed_43,seed_44
3_4_clausal_P_marker	17_3_4_clausal_P_marker	fig:heatmap-17-clausal-p-marker	3.4 Clausal complement P marker	01_sov_gn_ac_b_pa	sov	gn	nom-acc	balancing	poss-acc	sov	SV	APV	100	1.0	0.0	100.0	0.0	1.0	1.0	0.0	0.0	1.4576021107037862	0.03649867769085098	bos_eos	seed_42,seed_43,seed_44
3_4_clausal_P_marker	17_3_4_clausal_P_marker	fig:heatmap-17-clausal-p-marker	3.4 Clausal complement P marker	02_sov_gn_ac_b_ep	sov	gn	nom-acc	balancing	erg-poss	sov	SV	APV	100	1.0	0.0	100.0	0.0	1.0	1.0	0.0	0.0	1.3366502197583516	0.0814202395267476	bos_eos	seed_42,seed_43,seed_44
3_4_clausal_P_marker	17_3_4_clausal_P_marker	fig:heatmap-17-clausal-p-marker	3.4 Clausal complement P marker	03_sov_gn_ac_b_no	sov	gn	nom-acc	balancing	nomn	sov	SV	APV	100	1.0	0.0	100.0	0.0	1.0	1.0	0.0	0.0	1.4917473816871643	0.07288235675674404	bos_eos	seed_42,seed_43,seed_44
3_4_clausal_P_marker	17_3_4_clausal_P_marker	fig:heatmap-17-clausal-p-marker	3.4 Clausal complement P marker	04_sov_gn_ac_d_se	sov	gn	nom-acc	deranking	sent	sov	SV	APV	100	1.0	0.0	100.0	0.0	1.0	1.0	0.0	0.0	1.5700409054756164	0.016473694437638846	bos_eos	seed_42,seed_43,seed_44
3_4_clausal_P_marker	17_3_4_clausal_P_marker	fig:heatmap-17-clausal-p-marker	3.4 Clausal complement P marker	05_sov_gn_ac_d_pa	sov	gn	nom-acc	deranking	poss-acc	sov	SV	APV	100	1.0	0.0	100.0	0.0	1.0	1.0	0.0	0.0	1.4722357527414958	0.10096236160665685	bos_eos	seed_42,seed_43,seed_44
3_4_clausal_P_marker	17_3_4_clausal_P_marker	fig:heatmap-17-clausal-p-marker	3.4 Clausal complement P marker	06_sov_gn_ac_d_ep	sov	gn	nom-acc	deranking	erg-poss	sov	SV	APV	100	1.0	0.0	100.0	0.0	1.0	1.0	0.0	0.0	1.2565561803181966	0.11413068589617271	bos_eos	seed_42,seed_43,seed_44
3_4_clausal_P_marker	17_3_4_clausal_P_marker	fig:heatmap-17-clausal-p-marker	3.4 Clausal complement P marker	07_sov_gn_ac_d_no	sov	gn	nom-acc	deranking	nomn	sov	SV	APV	100	1.0	0.0	100.0	0.0	1.0	1.0	0.0	0.0	1.5330650424957275	0.152274916955025	bos_eos	seed_42,seed_43,seed_44
3_4_clausal_P_marker	17_3_4_clausal_P_marker	fig:heatmap-17-clausal-p-marker	3.4 Clausal complement P marker	08_sov_gn_er_b_se	sov	gn	erg-abs	balancing	sent	sov	SV	APV	100	0.9966666666666667	0.005773502691896263	99.66666666666667	0.5773502691896257	0.99	1.0	0.0	0.0	0.7585846098264059	0.003294242143776114	bos_eos	seed_42,seed_43,seed_44
3_4_clausal_P_marker	17_3_4_clausal_P_marker	fig:heatmap-17-clausal-p-marker	3.4 Clausal complement P marker	09_sov_gn_er_b_pa	sov	gn	erg-abs	balancing	poss-acc	sov	SV	APV	100	0.9866666666666667	0.011547005383792526	98.66666666666667	1.1547005383792515	0.98	1.0	0.0	0.0	0.7197448301315308	0.022904324516100177	bos_eos	seed_42,seed_43,seed_44
3_4_clausal_P_marker	17_3_4_clausal_P_marker	fig:heatmap-17-clausal-p-marker	3.4 Clausal complement P marker	10_sov_gn_er_b_ep	sov	gn	erg-abs	balancing	erg-poss	sov	SV	APV	100	0.9833333333333333	0.01527525231651948	98.33333333333333	1.5275252316519468	0.97	1.0	0.0	0.0	0.5851155718167623	0.010673529084762712	bos_eos	seed_42,seed_43,seed_44
3_4_clausal_P_marker	17_3_4_clausal_P_marker	fig:heatmap-17-clausal-p-marker	3.4 Clausal complement P marker	11_sov_gn_er_b_no	sov	gn	erg-abs	balancing	nomn	sov	SV	APV	100	1.0	0.0	100.0	0.0	1.0	1.0	0.0	0.0	0.6531861559549967	0.027629242416699527	bos_eos	seed_42,seed_43,seed_44
3_4_clausal_P_marker	17_3_4_clausal_P_marker	fig:heatmap-17-clausal-p-marker	3.4 Clausal complement P marker	12_sov_gn_er_d_se	sov	gn	erg-abs	deranking	sent	sov	SV	APV	100	1.0	0.0	100.0	0.0	1.0	1.0	0.0	0.0	0.75133766969045	0.0330980033636695	bos_eos	seed_42,seed_43,seed_44
3_4_clausal_P_marker	17_3_4_clausal_P_marker	fig:heatmap-17-clausal-p-marker	3.4 Clausal complement P marker	13_sov_gn_er_d_pa	sov	gn	erg-abs	deranking	poss-acc	sov	SV	APV	100	0.9733333333333333	0.020816659994661348	97.33333333333333	2.0816659994661326	0.95	0.99	0.0	0.0	0.568323651154836	0.04656731744209479	bos_eos	seed_42,seed_43,seed_44
3_4_clausal_P_marker	17_3_4_clausal_P_marker	fig:heatmap-17-clausal-p-marker	3.4 Clausal complement P marker	14_sov_gn_er_d_ep	sov	gn	erg-abs	deranking	erg-poss	sov	SV	APV	100	0.9366666666666666	0.01527525231651942	93.66666666666667	1.5275252316519468	0.92	0.95	0.0	0.0	0.40912458499272664	0.03229377065846598	bos_eos	seed_42,seed_43,seed_44
3_4_clausal_P_marker	17_3_4_clausal_P_marker	fig:heatmap-17-clausal-p-marker	3.4 Clausal complement P marker	15_sov_gn_er_d_no	sov	gn	erg-abs	deranking	nomn	sov	SV	APV	100	0.92	0.017320508075688787	92.0	1.7320508075688772	0.9	0.93	0.0	0.0	0.3955300744374593	0.04692432240308844	bos_eos	seed_42,seed_43,seed_44
3_4_clausal_P_marker	17_3_4_clausal_P_marker	fig:heatmap-17-clausal-p-marker	3.4 Clausal complement P marker	16_sov_ng_ac_b_se	sov	ng	nom-acc	balancing	sent	sov	SV	APV	100	1.0	0.0	100.0	0.0	1.0	1.0	0.0	0.0	1.0586522730191548	0.02337489893031435	bos_eos	seed_42,seed_43,seed_44
3_4_clausal_P_marker	17_3_4_clausal_P_marker	fig:heatmap-17-clausal-p-marker	3.4 Clausal complement P marker	17_sov_ng_ac_b_pa	sov	ng	nom-acc	balancing	poss-acc	ovs	VS	PVA	100	0.9966666666666667	0.005773502691896263	99.66666666666667	0.5773502691896257	0.99	1.0	0.0	0.0	1.0878960291544597	0.09143726198471408	bos_eos	seed_42,seed_43,seed_44
3_4_clausal_P_marker	17_3_4_clausal_P_marker	fig:heatmap-17-clausal-p-marker	3.4 Clausal complement P marker	18_sov_ng_ac_b_ep	sov	ng	nom-acc	balancing	erg-poss	vos	VS	AVP	100	1.0	0.0	100.0	0.0	1.0	1.0	0.0	0.0	0.9995011607805888	0.05852127973550508	bos_eos	seed_42,seed_43,seed_44
3_4_clausal_P_marker	17_3_4_clausal_P_marker	fig:heatmap-17-clausal-p-marker	3.4 Clausal complement P marker	19_sov_ng_ac_b_no	sov	ng	nom-acc	balancing	nomn	ovs	VS	PVA	100	1.0	0.0	100.0	0.0	1.0	1.0	0.0	0.0	1.4447647269566852	0.07602537880898783	bos_eos	seed_42,seed_43,seed_44
3_4_clausal_P_marker	17_3_4_clausal_P_marker	fig:heatmap-17-clausal-p-marker	3.4 Clausal complement P marker	20_sov_ng_ac_d_se	sov	ng	nom-acc	deranking	sent	sov	SV	APV	100	1.0	0.0	100.0	0.0	1.0	1.0	0.0	0.0	1.0425802977879841	0.03714428758459786	bos_eos	seed_42,seed_43,seed_44
3_4_clausal_P_marker	17_3_4_clausal_P_marker	fig:heatmap-17-clausal-p-marker	3.4 Clausal complement P marker	21_sov_ng_ac_d_pa	sov	ng	nom-acc	deranking	poss-acc	ovs	VS	PVA	100	1.0	0.0	100.0	0.0	1.0	1.0	0.0	0.0	1.112902769247691	0.030662753719114196	bos_eos	seed_42,seed_43,seed_44
3_4_clausal_P_marker	17_3_4_clausal_P_marker	fig:heatmap-17-clausal-p-marker	3.4 Clausal complement P marker	22_sov_ng_ac_d_ep	sov	ng	nom-acc	deranking	erg-poss	vos	VS	AVP	100	1.0	0.0	100.0	0.0	1.0	1.0	0.0	0.0	1.0713999915122985	0.06029177022882844	bos_eos	seed_42,seed_43,seed_44
3_4_clausal_P_marker	17_3_4_clausal_P_marker	fig:heatmap-17-clausal-p-marker	3.4 Clausal complement P marker	23_sov_ng_ac_d_no	sov	ng	nom-acc	deranking	nomn	ovs	VS	PVA	100	1.0	0.0	100.0	0.0	1.0	1.0	0.0	0.0	1.4490739885965982	0.17637654193117566	bos_eos	seed_42,seed_43,seed_44
3_4_clausal_P_marker	17_3_4_clausal_P_marker	fig:heatmap-17-clausal-p-marker	3.4 Clausal complement P marker	24_sov_ng_er_b_se	sov	ng	erg-abs	balancing	sent	sov	SV	APV	100	0.8200000000000001	0.08717797887081348	82.0	8.717797887081348	0.76	0.92	0.0	0.0	0.22266302426656087	0.0733856033008106	bos_eos	seed_42,seed_43,seed_44
3_4_clausal_P_marker	17_3_4_clausal_P_marker	fig:heatmap-17-clausal-p-marker	3.4 Clausal complement P marker	25_sov_ng_er_b_pa	sov	ng	erg-abs	balancing	poss-acc	ovs	VS	PVA	100	0.8733333333333333	0.03511884584284249	87.33333333333333	3.5118845842842465	0.84	0.91	0.0	0.0	0.2487766679128011	0.03521207368264049	bos_eos	seed_42,seed_43,seed_44
3_4_clausal_P_marker	17_3_4_clausal_P_marker	fig:heatmap-17-clausal-p-marker	3.4 Clausal complement P marker	26_sov_ng_er_b_ep	sov	ng	erg-abs	balancing	erg-poss	vos	VS	AVP	100	0.8133333333333334	0.04509249752822893	81.33333333333333	4.509249752822894	0.77	0.86	0.0	0.0	0.19215158939361573	0.031109765558607495	bos_eos	seed_42,seed_43,seed_44
3_4_clausal_P_marker	17_3_4_clausal_P_marker	fig:heatmap-17-clausal-p-marker	3.4 Clausal complement P marker	27_sov_ng_er_b_no	sov	ng	erg-abs	balancing	nomn	ovs	VS	PVA	100	1.0	0.0	100.0	0.0	1.0	1.0	0.0	0.0	0.5970187695821126	0.016815722313175078	bos_eos	seed_42,seed_43,seed_44
3_4_clausal_P_marker	17_3_4_clausal_P_marker	fig:heatmap-17-clausal-p-marker	3.4 Clausal complement P marker	28_sov_ng_er_d_se	sov	ng	erg-abs	deranking	sent	sov	SV	APV	100	0.86	0.04582575694955838	86.0	4.58257569495584	0.81	0.9	0.0	0.0	0.23831445535024007	0.060346582801119465	bos_eos	seed_42,seed_43,seed_44
3_4_clausal_P_marker	17_3_4_clausal_P_marker	fig:heatmap-17-clausal-p-marker	3.4 Clausal complement P marker	29_sov_ng_er_d_pa	sov	ng	erg-abs	deranking	poss-acc	ovs	VS	PVA	100	0.84	0.020000000000000018	84.0	2.0	0.82	0.86	0.0	0.0	0.20323634147644043	0.02084866547414839	bos_eos	seed_42,seed_43,seed_44
3_4_clausal_P_marker	17_3_4_clausal_P_marker	fig:heatmap-17-clausal-p-marker	3.4 Clausal complement P marker	30_sov_ng_er_d_ep	sov	ng	erg-abs	deranking	erg-poss	vos	VS	AVP	100	0.7966666666666666	0.046188021535170036	79.66666666666666	4.618802153517006	0.77	0.85	0.0	0.0	0.17202207644780476	0.017883384383630144	bos_eos	seed_42,seed_43,seed_44
3_4_clausal_P_marker	17_3_4_clausal_P_marker	fig:heatmap-17-clausal-p-marker	3.4 Clausal complement P marker	31_sov_ng_er_d_no	sov	ng	erg-abs	deranking	nomn	ovs	VS	PVA	100	0.9466666666666667	0.023094010767584987	94.66666666666667	2.309401076758503	0.92	0.96	0.0	0.0	0.374436305363973	0.027595624983857734	bos_eos	seed_42,seed_43,seed_44
3_4_clausal_P_marker	17_3_4_clausal_P_marker	fig:heatmap-17-clausal-p-marker	3.4 Clausal complement P marker	32_svo_gn_ac_b_se	svo	gn	nom-acc	balancing	sent	svo	SV	AVP	100	1.0	0.0	100.0	0.0	1.0	1.0	0.0	0.0	2.0565121809641522	0.06321578093636585	bos_eos	seed_42,seed_43,seed_44
3_4_clausal_P_marker	17_3_4_clausal_P_marker	fig:heatmap-17-clausal-p-marker	3.4 Clausal complement P marker	33_svo_gn_ac_b_pa	svo	gn	nom-acc	balancing	poss-acc	svo	SV	AVP	100	1.0	0.0	100.0	0.0	1.0	1.0	0.0	0.0	1.9729404012362164	0.07853137848538917	bos_eos	seed_42,seed_43,seed_44
3_4_clausal_P_marker	17_3_4_clausal_P_marker	fig:heatmap-17-clausal-p-marker	3.4 Clausal complement P marker	34_svo_gn_ac_b_ep	svo	gn	nom-acc	balancing	erg-poss	sov	SV	PVA	100	1.0	0.0	100.0	0.0	1.0	1.0	0.0	0.0	1.8916576019922893	0.039918271778041685	bos_eos	seed_42,seed_43,seed_44
3_4_clausal_P_marker	17_3_4_clausal_P_marker	fig:heatmap-17-clausal-p-marker	3.4 Clausal complement P marker	35_svo_gn_ac_b_no	svo	gn	nom-acc	balancing	nomn	svo	SV	AVP	100	1.0	0.0	100.0	0.0	1.0	1.0	0.0	0.0	1.7654195356369018	0.09776997871436283	bos_eos	seed_42,seed_43,seed_44
3_4_clausal_P_marker	17_3_4_clausal_P_marker	fig:heatmap-17-clausal-p-marker	3.4 Clausal complement P marker	36_svo_gn_ac_d_se	svo	gn	nom-acc	deranking	sent	svo	SV	AVP	100	1.0	0.0	100.0	0.0	1.0	1.0	0.0	0.0	2.01222428560257	0.07991499112335416	bos_eos	seed_42,seed_43,seed_44
3_4_clausal_P_marker	17_3_4_clausal_P_marker	fig:heatmap-17-clausal-p-marker	3.4 Clausal complement P marker	37_svo_gn_ac_d_pa	svo	gn	nom-acc	deranking	poss-acc	svo	SV	AVP	100	1.0	0.0	100.0	0.0	1.0	1.0	0.0	0.0	1.8204926864306132	0.0516305443862231	bos_eos	seed_42,seed_43,seed_44
3_4_clausal_P_marker	17_3_4_clausal_P_marker	fig:heatmap-17-clausal-p-marker	3.4 Clausal complement P marker	38_svo_gn_ac_d_ep	svo	gn	nom-acc	deranking	erg-poss	sov	SV	PVA	100	1.0	0.0	100.0	0.0	1.0	1.0	0.0	0.0	1.8551962423324586	0.10366424404286131	bos_eos	seed_42,seed_43,seed_44
3_4_clausal_P_marker	17_3_4_clausal_P_marker	fig:heatmap-17-clausal-p-marker	3.4 Clausal complement P marker	39_svo_gn_ac_d_no	svo	gn	nom-acc	deranking	nomn	svo	SV	AVP	100	1.0	0.0	100.0	0.0	1.0	1.0	0.0	0.0	1.559201851685842	0.21809102295073077	bos_eos	seed_42,seed_43,seed_44
3_4_clausal_P_marker	17_3_4_clausal_P_marker	fig:heatmap-17-clausal-p-marker	3.4 Clausal complement P marker	40_svo_gn_er_b_se	svo	gn	erg-abs	balancing	sent	svo	SV	AVP	100	0.9966666666666667	0.005773502691896263	99.66666666666667	0.5773502691896257	0.99	1.0	0.0	0.0	0.9779504720369975	0.04510144926808241	bos_eos	seed_42,seed_43,seed_44
3_4_clausal_P_marker	17_3_4_clausal_P_marker	fig:heatmap-17-clausal-p-marker	3.4 Clausal complement P marker	41_svo_gn_er_b_pa	svo	gn	erg-abs	balancing	poss-acc	svo	SV	AVP	100	1.0	0.0	100.0	0.0	1.0	1.0	0.0	0.0	0.9607753229141235	0.018023293929123357	bos_eos	seed_42,seed_43,seed_44
3_4_clausal_P_marker	17_3_4_clausal_P_marker	fig:heatmap-17-clausal-p-marker	3.4 Clausal complement P marker	42_svo_gn_er_b_ep	svo	gn	erg-abs	balancing	erg-poss	sov	SV	PVA	100	0.9966666666666667	0.005773502691896263	99.66666666666667	0.5773502691896257	0.99	1.0	0.0	0.0	0.8668509125709534	0.06872715018460862	bos_eos	seed_42,seed_43,seed_44
3_4_clausal_P_marker	17_3_4_clausal_P_marker	fig:heatmap-17-clausal-p-marker	3.4 Clausal complement P marker	43_svo_gn_er_b_no	svo	gn	erg-abs	balancing	nomn	svo	SV	AVP	100	0.9933333333333333	0.011547005383792526	99.33333333333333	1.1547005383792515	0.98	1.0	0.0	0.0	0.6540098031361898	0.15242840823459983	bos_eos	seed_42,seed_43,seed_44
3_4_clausal_P_marker	17_3_4_clausal_P_marker	fig:heatmap-17-clausal-p-marker	3.4 Clausal complement P marker	44_svo_gn_er_d_se	svo	gn	erg-abs	deranking	sent	svo	SV	AVP	100	1.0	0.0	100.0	0.0	1.0	1.0	0.0	0.0	1.0098946110407512	0.052632945020014595	bos_eos	seed_42,seed_43,seed_44
3_4_clausal_P_marker	17_3_4_clausal_P_marker	fig:heatmap-17-clausal-p-marker	3.4 Clausal complement P marker	45_svo_gn_er_d_pa	svo	gn	erg-abs	deranking	poss-acc	svo	SV	AVP	100	1.0	0.0	100.0	0.0	1.0	1.0	0.0	0.0	0.9354523038864136	0.06953493335942487	bos_eos	seed_42,seed_43,seed_44
3_4_clausal_P_marker	17_3_4_clausal_P_marker	fig:heatmap-17-clausal-p-marker	3.4 Clausal complement P marker	46_svo_gn_er_d_ep	svo	gn	erg-abs	deranking	erg-poss	sov	SV	PVA	100	1.0	0.0	100.0	0.0	1.0	1.0	0.0	0.0	0.7813833212852478	0.07374807255962657	bos_eos	seed_42,seed_43,seed_44
3_4_clausal_P_marker	17_3_4_clausal_P_marker	fig:heatmap-17-clausal-p-marker	3.4 Clausal complement P marker	47_svo_gn_er_d_no	svo	gn	erg-abs	deranking	nomn	svo	SV	AVP	100	0.95	0.017320508075688787	95.0	1.7320508075688772	0.94	0.97	0.0	0.0	0.3230037379264832	0.08699278365300464	bos_eos	seed_42,seed_43,seed_44
3_4_clausal_P_marker	17_3_4_clausal_P_marker	fig:heatmap-17-clausal-p-marker	3.4 Clausal complement P marker	48_svo_ng_ac_b_se	svo	ng	nom-acc	balancing	sent	svo	SV	AVP	100	1.0	0.0	100.0	0.0	1.0	1.0	0.0	0.0	1.943167819182078	0.09559628783768079	bos_eos	seed_42,seed_43,seed_44
3_4_clausal_P_marker	17_3_4_clausal_P_marker	fig:heatmap-17-clausal-p-marker	3.4 Clausal complement P marker	49_svo_ng_ac_b_pa	svo	ng	nom-acc	balancing	poss-acc	vos	VS	VPA	100	1.0	0.0	100.0	0.0	1.0	1.0	0.0	0.0	1.9257922347386678	0.07907998627168203	bos_eos	seed_42,seed_43,seed_44
3_4_clausal_P_marker	17_3_4_clausal_P_marker	fig:heatmap-17-clausal-p-marker	3.4 Clausal complement P marker	50_svo_ng_ac_b_ep	svo	ng	nom-acc	balancing	erg-poss	vos	VS	VPA	100	1.0	0.0	100.0	0.0	1.0	1.0	0.0	0.0	2.150654295285543	0.06603254154544573	bos_eos	seed_42,seed_43,seed_44
3_4_clausal_P_marker	17_3_4_clausal_P_marker	fig:heatmap-17-clausal-p-marker	3.4 Clausal complement P marker	51_svo_ng_ac_b_no	svo	ng	nom-acc	balancing	nomn	vos	VS	VPA	100	1.0	0.0	100.0	0.0	1.0	1.0	0.0	0.0	2.1289107410113015	0.05369636366666976	bos_eos	seed_42,seed_43,seed_44
3_4_clausal_P_marker	17_3_4_clausal_P_marker	fig:heatmap-17-clausal-p-marker	3.4 Clausal complement P marker	52_svo_ng_ac_d_se	svo	ng	nom-acc	deranking	sent	svo	SV	AVP	100	1.0	0.0	100.0	0.0	1.0	1.0	0.0	0.0	2.0044663604100545	0.031222319389848707	bos_eos	seed_42,seed_43,seed_44
3_4_clausal_P_marker	17_3_4_clausal_P_marker	fig:heatmap-17-clausal-p-marker	3.4 Clausal complement P marker	53_svo_ng_ac_d_pa	svo	ng	nom-acc	deranking	poss-acc	vos	VS	VPA	100	1.0	0.0	100.0	0.0	1.0	1.0	0.0	0.0	1.8437124864260357	0.11791492010471671	bos_eos	seed_42,seed_43,seed_44
3_4_clausal_P_marker	17_3_4_clausal_P_marker	fig:heatmap-17-clausal-p-marker	3.4 Clausal complement P marker	54_svo_ng_ac_d_ep	svo	ng	nom-acc	deranking	erg-poss	vos	VS	VPA	100	1.0	0.0	100.0	0.0	1.0	1.0	0.0	0.0	1.730359477996826	0.13051002009058038	bos_eos	seed_42,seed_43,seed_44
3_4_clausal_P_marker	17_3_4_clausal_P_marker	fig:heatmap-17-clausal-p-marker	3.4 Clausal complement P marker	55_svo_ng_ac_d_no	svo	ng	nom-acc	deranking	nomn	vos	VS	VPA	100	1.0	0.0	100.0	0.0	1.0	1.0	0.0	0.0	1.8449673350652058	0.10918505294142147	bos_eos	seed_42,seed_43,seed_44
3_4_clausal_P_marker	17_3_4_clausal_P_marker	fig:heatmap-17-clausal-p-marker	3.4 Clausal complement P marker	56_svo_ng_er_b_se	svo	ng	erg-abs	balancing	sent	svo	SV	AVP	100	0.9833333333333333	0.005773502691896263	98.33333333333333	0.5773502691896257	0.98	0.99	0.0	0.0	0.5469642964998881	0.038141588199207814	bos_eos	seed_42,seed_43,seed_44
3_4_clausal_P_marker	17_3_4_clausal_P_marker	fig:heatmap-17-clausal-p-marker	3.4 Clausal complement P marker	57_svo_ng_er_b_pa	svo	ng	erg-abs	balancing	poss-acc	vos	VS	VPA	100	0.96	0.060827625302982184	96.0	6.082762530298219	0.89	1.0	0.0	0.0	0.37063873449961343	0.11572375567681267	bos_eos	seed_42,seed_43,seed_44
3_4_clausal_P_marker	17_3_4_clausal_P_marker	fig:heatmap-17-clausal-p-marker	3.4 Clausal complement P marker	58_svo_ng_er_b_ep	svo	ng	erg-abs	balancing	erg-poss	vos	VS	VPA	100	0.98	0.0	98.0	0.0	0.98	0.98	0.0	0.0	0.4311252864201864	0.07861506569413088	bos_eos	seed_42,seed_43,seed_44
3_4_clausal_P_marker	17_3_4_clausal_P_marker	fig:heatmap-17-clausal-p-marker	3.4 Clausal complement P marker	59_svo_ng_er_b_no	svo	ng	erg-abs	balancing	nomn	vos	VS	VPA	100	0.9966666666666667	0.005773502691896263	99.66666666666667	0.5773502691896257	0.99	1.0	0.0	0.0	0.6426389598846436	0.03622854989181621	bos_eos	seed_42,seed_43,seed_44
3_4_clausal_P_marker	17_3_4_clausal_P_marker	fig:heatmap-17-clausal-p-marker	3.4 Clausal complement P marker	60_svo_ng_er_d_se	svo	ng	erg-abs	deranking	sent	svo	SV	AVP	100	0.96	0.02999999999999997	96.0	3.0	0.93	0.99	0.0	0.0	0.3718416738510132	0.10947153841299855	bos_eos	seed_42,seed_43,seed_44
3_4_clausal_P_marker	17_3_4_clausal_P_marker	fig:heatmap-17-clausal-p-marker	3.4 Clausal complement P marker	61_svo_ng_er_d_pa	svo	ng	erg-abs	deranking	poss-acc	vos	VS	VPA	100	0.9533333333333334	0.020816659994661285	95.33333333333334	2.0816659994661326	0.93	0.97	0.0	0.0	0.33548856576283775	0.09421805799803523	bos_eos	seed_42,seed_43,seed_44
3_4_clausal_P_marker	17_3_4_clausal_P_marker	fig:heatmap-17-clausal-p-marker	3.4 Clausal complement P marker	62_svo_ng_er_d_ep	svo	ng	erg-abs	deranking	erg-poss	vos	VS	VPA	100	0.84	0.07810249675906655	84.0	7.810249675906654	0.75	0.89	0.0	0.0	0.17847330490748087	0.03881390329915484	bos_eos	seed_42,seed_43,seed_44
3_4_clausal_P_marker	17_3_4_clausal_P_marker	fig:heatmap-17-clausal-p-marker	3.4 Clausal complement P marker	63_svo_ng_er_d_no	svo	ng	erg-abs	deranking	nomn	vos	VS	VPA	100	0.9633333333333334	0.03511884584284244	96.33333333333334	3.5118845842842465	0.93	1.0	0.0	0.0	0.36380470911661783	0.12081794583393257	bos_eos	seed_42,seed_43,seed_44
3_4_clausal_P_marker	17_3_4_clausal_P_marker	fig:heatmap-17-clausal-p-marker	3.4 Clausal complement P marker	64_vos_gn_ac_b_se	vos	gn	nom-acc	balancing	sent	vos	VS	VPA	100	1.0	0.0	100.0	0.0	1.0	1.0	0.0	0.0	0.9923874274889628	0.054210395816728825	bos_eos	seed_42,seed_43,seed_44
3_4_clausal_P_marker	17_3_4_clausal_P_marker	fig:heatmap-17-clausal-p-marker	3.4 Clausal complement P marker	65_vos_gn_ac_b_pa	vos	gn	nom-acc	balancing	poss-acc	svo	SV	AVP	100	1.0	0.0	100.0	0.0	1.0	1.0	0.0	0.0	1.005222136179606	0.008874485162856138	bos_eos	seed_42,seed_43,seed_44
3_4_clausal_P_marker	17_3_4_clausal_P_marker	fig:heatmap-17-clausal-p-marker	3.4 Clausal complement P marker	66_vos_gn_ac_b_ep	vos	gn	nom-acc	balancing	erg-poss	sov	SV	PVA	100	1.0	0.0	100.0	0.0	1.0	1.0	0.0	0.0	0.9291087953249614	0.03652057903092513	bos_eos	seed_42,seed_43,seed_44
3_4_clausal_P_marker	17_3_4_clausal_P_marker	fig:heatmap-17-clausal-p-marker	3.4 Clausal complement P marker	67_vos_gn_ac_b_no	vos	gn	nom-acc	balancing	nomn	svo	SV	AVP	100	1.0	0.0	100.0	0.0	1.0	1.0	0.0	0.0	1.306495276292165	0.08092285585266856	bos_eos	seed_42,seed_43,seed_44
3_4_clausal_P_marker	17_3_4_clausal_P_marker	fig:heatmap-17-clausal-p-marker	3.4 Clausal complement P marker	68_vos_gn_ac_d_se	vos	gn	nom-acc	deranking	sent	vos	VS	VPA	100	1.0	0.0	100.0	0.0	1.0	1.0	0.0	0.0	1.015050195058187	0.06689144320725536	bos_eos	seed_42,seed_43,seed_44
3_4_clausal_P_marker	17_3_4_clausal_P_marker	fig:heatmap-17-clausal-p-marker	3.4 Clausal complement P marker	69_vos_gn_ac_d_pa	vos	gn	nom-acc	deranking	poss-acc	svo	SV	AVP	100	1.0	0.0	100.0	0.0	1.0	1.0	0.0	0.0	1.0000814549128214	0.060676125705566214	bos_eos	seed_42,seed_43,seed_44
3_4_clausal_P_marker	17_3_4_clausal_P_marker	fig:heatmap-17-clausal-p-marker	3.4 Clausal complement P marker	70_vos_gn_ac_d_ep	vos	gn	nom-acc	deranking	erg-poss	sov	SV	PVA	100	1.0	0.0	100.0	0.0	1.0	1.0	0.0	0.0	0.9789386757214864	0.04041502769505776	bos_eos	seed_42,seed_43,seed_44
3_4_clausal_P_marker	17_3_4_clausal_P_marker	fig:heatmap-17-clausal-p-marker	3.4 Clausal complement P marker	71_vos_gn_ac_d_no	vos	gn	nom-acc	deranking	nomn	svo	SV	AVP	100	1.0	0.0	100.0	0.0	1.0	1.0	0.0	0.0	1.1157137282689413	0.06090243614902518	bos_eos	seed_42,seed_43,seed_44
3_4_clausal_P_marker	17_3_4_clausal_P_marker	fig:heatmap-17-clausal-p-marker	3.4 Clausal complement P marker	72_vos_gn_er_b_se	vos	gn	erg-abs	balancing	sent	vos	VS	VPA	100	0.98	0.020000000000000018	98.0	2.0	0.96	1.0	0.0	0.0	0.5004191795984904	0.08171499085806314	bos_eos	seed_42,seed_43,seed_44
3_4_clausal_P_marker	17_3_4_clausal_P_marker	fig:heatmap-17-clausal-p-marker	3.4 Clausal complement P marker	73_vos_gn_er_b_pa	vos	gn	erg-abs	balancing	poss-acc	svo	SV	AVP	100	0.9833333333333333	0.01527525231651948	98.33333333333333	1.5275252316519468	0.97	1.0	0.0	0.0	0.5104470562934875	0.08070662945292378	bos_eos	seed_42,seed_43,seed_44
3_4_clausal_P_marker	17_3_4_clausal_P_marker	fig:heatmap-17-clausal-p-marker	3.4 Clausal complement P marker	74_vos_gn_er_b_ep	vos	gn	erg-abs	balancing	erg-poss	sov	SV	PVA	100	0.9733333333333333	0.03055050463303896	97.33333333333333	3.0550504633038935	0.94	1.0	0.0	0.0	0.5362039454778036	0.17956529020828135	bos_eos	seed_42,seed_43,seed_44
3_4_clausal_P_marker	17_3_4_clausal_P_marker	fig:heatmap-17-clausal-p-marker	3.4 Clausal complement P marker	75_vos_gn_er_b_no	vos	gn	erg-abs	balancing	nomn	svo	SV	AVP	100	1.0	0.0	100.0	0.0	1.0	1.0	0.0	0.0	0.5346166078249613	0.05424333629805925	bos_eos	seed_42,seed_43,seed_44
3_4_clausal_P_marker	17_3_4_clausal_P_marker	fig:heatmap-17-clausal-p-marker	3.4 Clausal complement P marker	76_vos_gn_er_d_se	vos	gn	erg-abs	deranking	sent	vos	VS	VPA	100	1.0	0.0	100.0	0.0	1.0	1.0	0.0	0.0	0.5478852637608846	0.08390885289481809	bos_eos	seed_42,seed_43,seed_44
3_4_clausal_P_marker	17_3_4_clausal_P_marker	fig:heatmap-17-clausal-p-marker	3.4 Clausal complement P marker	77_vos_gn_er_d_pa	vos	gn	erg-abs	deranking	poss-acc	svo	SV	AVP	100	0.9733333333333334	0.03785938897200179	97.33333333333334	3.7859388972001824	0.93	1.0	0.0	0.0	0.44387249867121376	0.08064162325696746	bos_eos	seed_42,seed_43,seed_44
3_4_clausal_P_marker	17_3_4_clausal_P_marker	fig:heatmap-17-clausal-p-marker	3.4 Clausal complement P marker	78_vos_gn_er_d_ep	vos	gn	erg-abs	deranking	erg-poss	sov	SV	PVA	100	0.9766666666666667	0.01527525231651948	97.66666666666667	1.5275252316519468	0.96	0.99	0.0	0.0	0.46438336451848344	0.09210248116278921	bos_eos	seed_42,seed_43,seed_44
3_4_clausal_P_marker	17_3_4_clausal_P_marker	fig:heatmap-17-clausal-p-marker	3.4 Clausal complement P marker	79_vos_gn_er_d_no	vos	gn	erg-abs	deranking	nomn	svo	SV	AVP	100	0.9433333333333334	0.015275252316519432	94.33333333333334	1.5275252316519468	0.93	0.96	0.0	0.0	0.3451377002398173	0.04851846545070254	bos_eos	seed_42,seed_43,seed_44
3_4_clausal_P_marker	17_3_4_clausal_P_marker	fig:heatmap-17-clausal-p-marker	3.4 Clausal complement P marker	80_vos_ng_ac_b_se	vos	ng	nom-acc	balancing	sent	vos	VS	VPA	100	1.0	0.0	100.0	0.0	1.0	1.0	0.0	0.0	1.2215055203437806	0.09528996388592022	bos_eos	seed_42,seed_43,seed_44
3_4_clausal_P_marker	17_3_4_clausal_P_marker	fig:heatmap-17-clausal-p-marker	3.4 Clausal complement P marker	81_vos_ng_ac_b_pa	vos	ng	nom-acc	balancing	poss-acc	vos	VS	VPA	100	0.9966666666666667	0.005773502691896263	99.66666666666667	0.5773502691896257	0.99	1.0	0.0	0.0	1.1226316261291505	0.05832641727822891	bos_eos	seed_42,seed_43,seed_44
3_4_clausal_P_marker	17_3_4_clausal_P_marker	fig:heatmap-17-clausal-p-marker	3.4 Clausal complement P marker	82_vos_ng_ac_b_ep	vos	ng	nom-acc	balancing	erg-poss	vos	VS	VPA	100	1.0	0.0	100.0	0.0	1.0	1.0	0.0	0.0	1.0710875312487285	0.059744347822790936	bos_eos	seed_42,seed_43,seed_44
3_4_clausal_P_marker	17_3_4_clausal_P_marker	fig:heatmap-17-clausal-p-marker	3.4 Clausal complement P marker	83_vos_ng_ac_b_no	vos	ng	nom-acc	balancing	nomn	vos	VS	VPA	100	1.0	0.0	100.0	0.0	1.0	1.0	0.0	0.0	1.317387591203054	0.04862258137590232	bos_eos	seed_42,seed_43,seed_44
3_4_clausal_P_marker	17_3_4_clausal_P_marker	fig:heatmap-17-clausal-p-marker	3.4 Clausal complement P marker	84_vos_ng_ac_d_se	vos	ng	nom-acc	deranking	sent	vos	VS	VPA	100	1.0	0.0	100.0	0.0	1.0	1.0	0.0	0.0	1.189472758769989	0.015641194640156602	bos_eos	seed_42,seed_43,seed_44
3_4_clausal_P_marker	17_3_4_clausal_P_marker	fig:heatmap-17-clausal-p-marker	3.4 Clausal complement P marker	85_vos_ng_ac_d_pa	vos	ng	nom-acc	deranking	poss-acc	vos	VS	VPA	100	1.0	0.0	100.0	0.0	1.0	1.0	0.0	0.0	1.1443817750612895	0.02877179201542923	bos_eos	seed_42,seed_43,seed_44
3_4_clausal_P_marker	17_3_4_clausal_P_marker	fig:heatmap-17-clausal-p-marker	3.4 Clausal complement P marker	86_vos_ng_ac_d_ep	vos	ng	nom-acc	deranking	erg-poss	vos	VS	VPA	100	1.0	0.0	100.0	0.0	1.0	1.0	0.0	0.0	1.03226047595342	0.009116858797873986	bos_eos	seed_42,seed_43,seed_44
3_4_clausal_P_marker	17_3_4_clausal_P_marker	fig:heatmap-17-clausal-p-marker	3.4 Clausal complement P marker	87_vos_ng_ac_d_no	vos	ng	nom-acc	deranking	nomn	vos	VS	VPA	100	1.0	0.0	100.0	0.0	1.0	1.0	0.0	0.0	1.0820900654792784	0.11881223399262231	bos_eos	seed_42,seed_43,seed_44
3_4_clausal_P_marker	17_3_4_clausal_P_marker	fig:heatmap-17-clausal-p-marker	3.4 Clausal complement P marker	88_vos_ng_er_b_se	vos	ng	erg-abs	balancing	sent	vos	VS	VPA	100	1.0	0.0	100.0	0.0	1.0	1.0	0.0	0.0	0.5491493010520935	0.014264288455971693	bos_eos	seed_42,seed_43,seed_44
3_4_clausal_P_marker	17_3_4_clausal_P_marker	fig:heatmap-17-clausal-p-marker	3.4 Clausal complement P marker	89_vos_ng_er_b_pa	vos	ng	erg-abs	balancing	poss-acc	vos	VS	VPA	100	0.9933333333333333	0.011547005383792526	99.33333333333333	1.1547005383792515	0.98	1.0	0.0	0.0	0.5591335431734721	0.04382279976391384	bos_eos	seed_42,seed_43,seed_44
3_4_clausal_P_marker	17_3_4_clausal_P_marker	fig:heatmap-17-clausal-p-marker	3.4 Clausal complement P marker	90_vos_ng_er_b_ep	vos	ng	erg-abs	balancing	erg-poss	vos	VS	VPA	100	0.9933333333333333	0.005773502691896263	99.33333333333333	0.5773502691896257	0.99	1.0	0.0	0.0	0.4939779798189799	0.026330287833212198	bos_eos	seed_42,seed_43,seed_44
3_4_clausal_P_marker	17_3_4_clausal_P_marker	fig:heatmap-17-clausal-p-marker	3.4 Clausal complement P marker	91_vos_ng_er_b_no	vos	ng	erg-abs	balancing	nomn	vos	VS	VPA	100	1.0	0.0	100.0	0.0	1.0	1.0	0.0	0.0	0.5284817743301391	0.03233912899931673	bos_eos	seed_42,seed_43,seed_44
3_4_clausal_P_marker	17_3_4_clausal_P_marker	fig:heatmap-17-clausal-p-marker	3.4 Clausal complement P marker	92_vos_ng_er_d_se	vos	ng	erg-abs	deranking	sent	vos	VS	VPA	100	0.99	0.010000000000000009	99.0	1.0	0.98	1.0	0.0	0.0	0.5318626880645752	0.037807712054317474	bos_eos	seed_42,seed_43,seed_44
3_4_clausal_P_marker	17_3_4_clausal_P_marker	fig:heatmap-17-clausal-p-marker	3.4 Clausal complement P marker	93_vos_ng_er_d_pa	vos	ng	erg-abs	deranking	poss-acc	vos	VS	VPA	100	0.96	0.020000000000000018	96.0	2.0	0.94	0.98	0.0	0.0	0.36570461829503376	0.012662310551925156	bos_eos	seed_42,seed_43,seed_44
3_4_clausal_P_marker	17_3_4_clausal_P_marker	fig:heatmap-17-clausal-p-marker	3.4 Clausal complement P marker	94_vos_ng_er_d_ep	vos	ng	erg-abs	deranking	erg-poss	vos	VS	VPA	100	0.8066666666666666	0.07571877794400365	80.66666666666666	7.571877794400365	0.72	0.86	0.0	0.0	0.18809464772542317	0.040016495693681875	bos_eos	seed_42,seed_43,seed_44
3_4_clausal_P_marker	17_3_4_clausal_P_marker	fig:heatmap-17-clausal-p-marker	3.4 Clausal complement P marker	95_vos_ng_er_d_no	vos	ng	erg-abs	deranking	nomn	vos	VS	VPA	100	0.9133333333333333	0.01527525231651948	91.33333333333333	1.5275252316519468	0.9	0.93	0.0	0.0	0.31584043423334757	0.04228600696792761	bos_eos	seed_42,seed_43,seed_44
3_5_clausal_comp_V_order	18_3_5_clausal_comp_V_order	fig:heatmap-18-clausal-comp-v-order	3.5 Clausal complement--V order	00_sov_gn_ac_b_se	sov	gn	nom-acc	balancing	sent	sov	SV	APV	100	1.0	0.0	100.0	0.0	1.0	1.0	0.0	0.0	2.174454154173533	0.08252189470451103	bos_eos	seed_42,seed_43,seed_44
3_5_clausal_comp_V_order	18_3_5_clausal_comp_V_order	fig:heatmap-18-clausal-comp-v-order	3.5 Clausal complement--V order	01_sov_gn_ac_b_pa	sov	gn	nom-acc	balancing	poss-acc	sov	SV	APV	100	1.0	0.0	100.0	0.0	1.0	1.0	0.0	0.0	2.0956133325894672	0.05904668789026228	bos_eos	seed_42,seed_43,seed_44
3_5_clausal_comp_V_order	18_3_5_clausal_comp_V_order	fig:heatmap-18-clausal-comp-v-order	3.5 Clausal complement--V order	02_sov_gn_ac_b_ep	sov	gn	nom-acc	balancing	erg-poss	sov	SV	APV	100	1.0	0.0	100.0	0.0	1.0	1.0	0.0	0.0	2.0208126362164816	0.3046779162232421	bos_eos	seed_42,seed_43,seed_44
3_5_clausal_comp_V_order	18_3_5_clausal_comp_V_order	fig:heatmap-18-clausal-comp-v-order	3.5 Clausal complement--V order	03_sov_gn_ac_b_no	sov	gn	nom-acc	balancing	nomn	sov	SV	APV	100	1.0	0.0	100.0	0.0	1.0	1.0	0.0	0.0	2.2794386029243467	0.15827509381066462	bos_eos	seed_42,seed_43,seed_44
3_5_clausal_comp_V_order	18_3_5_clausal_comp_V_order	fig:heatmap-18-clausal-comp-v-order	3.5 Clausal complement--V order	04_sov_gn_ac_d_se	sov	gn	nom-acc	deranking	sent	sov	SV	APV	100	1.0	0.0	100.0	0.0	1.0	1.0	0.0	0.0	3.402290196418762	0.21457409614419173	bos_eos	seed_42,seed_43,seed_44
3_5_clausal_comp_V_order	18_3_5_clausal_comp_V_order	fig:heatmap-18-clausal-comp-v-order	3.5 Clausal complement--V order	05_sov_gn_ac_d_pa	sov	gn	nom-acc	deranking	poss-acc	sov	SV	APV	100	1.0	0.0	100.0	0.0	1.0	1.0	0.0	0.0	3.479715995788574	0.23202337447916574	bos_eos	seed_42,seed_43,seed_44
3_5_clausal_comp_V_order	18_3_5_clausal_comp_V_order	fig:heatmap-18-clausal-comp-v-order	3.5 Clausal complement--V order	06_sov_gn_ac_d_ep	sov	gn	nom-acc	deranking	erg-poss	sov	SV	APV	100	1.0	0.0	100.0	0.0	1.0	1.0	0.0	0.0	3.3365287113189694	0.21122007278991006	bos_eos	seed_42,seed_43,seed_44
3_5_clausal_comp_V_order	18_3_5_clausal_comp_V_order	fig:heatmap-18-clausal-comp-v-order	3.5 Clausal complement--V order	07_sov_gn_ac_d_no	sov	gn	nom-acc	deranking	nomn	sov	SV	APV	100	1.0	0.0	100.0	0.0	1.0	1.0	0.0	0.0	3.5921236379941304	0.07072028661688949	bos_eos	seed_42,seed_43,seed_44
3_5_clausal_comp_V_order	18_3_5_clausal_comp_V_order	fig:heatmap-18-clausal-comp-v-order	3.5 Clausal complement--V order	08_sov_gn_er_b_se	sov	gn	erg-abs	balancing	sent	sov	SV	APV	100	1.0	0.0	100.0	0.0	1.0	1.0	0.0	0.0	1.751718233426412	0.07957233777251121	bos_eos	seed_42,seed_43,seed_44
3_5_clausal_comp_V_order	18_3_5_clausal_comp_V_order	fig:heatmap-18-clausal-comp-v-order	3.5 Clausal complement--V order	09_sov_gn_er_b_pa	sov	gn	erg-abs	balancing	poss-acc	sov	SV	APV	100	1.0	0.0	100.0	0.0	1.0	1.0	0.0	0.0	1.7631897298494974	0.06725693429227401	bos_eos	seed_42,seed_43,seed_44
3_5_clausal_comp_V_order	18_3_5_clausal_comp_V_order	fig:heatmap-18-clausal-comp-v-order	3.5 Clausal complement--V order	10_sov_gn_er_b_ep	sov	gn	erg-abs	balancing	erg-poss	sov	SV	APV	100	1.0	0.0	100.0	0.0	1.0	1.0	0.0	0.0	1.7674978351593018	0.21377195095088058	bos_eos	seed_42,seed_43,seed_44
3_5_clausal_comp_V_order	18_3_5_clausal_comp_V_order	fig:heatmap-18-clausal-comp-v-order	3.5 Clausal complement--V order	11_sov_gn_er_b_no	sov	gn	erg-abs	balancing	nomn	sov	SV	APV	100	1.0	0.0	100.0	0.0	1.0	1.0	0.0	0.0	1.8028715475400288	0.06442373019379662	bos_eos	seed_42,seed_43,seed_44
3_5_clausal_comp_V_order	18_3_5_clausal_comp_V_order	fig:heatmap-18-clausal-comp-v-order	3.5 Clausal complement--V order	12_sov_gn_er_d_se	sov	gn	erg-abs	deranking	sent	sov	SV	APV	100	1.0	0.0	100.0	0.0	1.0	1.0	0.0	0.0	3.0780126452445984	0.17840265661006174	bos_eos	seed_42,seed_43,seed_44
3_5_clausal_comp_V_order	18_3_5_clausal_comp_V_order	fig:heatmap-18-clausal-comp-v-order	3.5 Clausal complement--V order	13_sov_gn_er_d_pa	sov	gn	erg-abs	deranking	poss-acc	sov	SV	APV	100	1.0	0.0	100.0	0.0	1.0	1.0	0.0	0.0	3.0845732124646505	0.11458921248030209	bos_eos	seed_42,seed_43,seed_44
3_5_clausal_comp_V_order	18_3_5_clausal_comp_V_order	fig:heatmap-18-clausal-comp-v-order	3.5 Clausal complement--V order	14_sov_gn_er_d_ep	sov	gn	erg-abs	deranking	erg-poss	sov	SV	APV	100	1.0	0.0	100.0	0.0	1.0	1.0	0.0	0.0	2.978490303357442	0.1911928830261615	bos_eos	seed_42,seed_43,seed_44
3_5_clausal_comp_V_order	18_3_5_clausal_comp_V_order	fig:heatmap-18-clausal-comp-v-order	3.5 Clausal complement--V order	15_sov_gn_er_d_no	sov	gn	erg-abs	deranking	nomn	sov	SV	APV	100	1.0	0.0	100.0	0.0	1.0	1.0	0.0	0.0	3.057495937347412	0.06540909333975804	bos_eos	seed_42,seed_43,seed_44
3_5_clausal_comp_V_order	18_3_5_clausal_comp_V_order	fig:heatmap-18-clausal-comp-v-order	3.5 Clausal complement--V order	16_sov_ng_ac_b_se	sov	ng	nom-acc	balancing	sent	sov	SV	APV	100	1.0	0.0	100.0	0.0	1.0	1.0	0.0	0.0	2.0250773485501607	0.27792087287957934	bos_eos	seed_42,seed_43,seed_44
3_5_clausal_comp_V_order	18_3_5_clausal_comp_V_order	fig:heatmap-18-clausal-comp-v-order	3.5 Clausal complement--V order	17_sov_ng_ac_b_pa	sov	ng	nom-acc	balancing	poss-acc	ovs	VS	PVA	100	1.0	0.0	100.0	0.0	1.0	1.0	0.0	0.0	2.1607965803146363	0.14922020527494503	bos_eos	seed_42,seed_43,seed_44
3_5_clausal_comp_V_order	18_3_5_clausal_comp_V_order	fig:heatmap-18-clausal-comp-v-order	3.5 Clausal complement--V order	18_sov_ng_ac_b_ep	sov	ng	nom-acc	balancing	erg-poss	vos	VS	AVP	100	1.0	0.0	100.0	0.0	1.0	1.0	0.0	0.0	2.1154866417249045	0.19237156517122306	bos_eos	seed_42,seed_43,seed_44
3_5_clausal_comp_V_order	18_3_5_clausal_comp_V_order	fig:heatmap-18-clausal-comp-v-order	3.5 Clausal complement--V order	19_sov_ng_ac_b_no	sov	ng	nom-acc	balancing	nomn	ovs	VS	PVA	100	1.0	0.0	100.0	0.0	1.0	1.0	0.0	0.0	2.240629770755768	0.08122371653181759	bos_eos	seed_42,seed_43,seed_44
3_5_clausal_comp_V_order	18_3_5_clausal_comp_V_order	fig:heatmap-18-clausal-comp-v-order	3.5 Clausal complement--V order	20_sov_ng_ac_d_se	sov	ng	nom-acc	deranking	sent	sov	SV	APV	100	1.0	0.0	100.0	0.0	1.0	1.0	0.0	0.0	3.3367567165692646	0.015845965104901428	bos_eos	seed_42,seed_43,seed_44
3_5_clausal_comp_V_order	18_3_5_clausal_comp_V_order	fig:heatmap-18-clausal-comp-v-order	3.5 Clausal complement--V order	21_sov_ng_ac_d_pa	sov	ng	nom-acc	deranking	poss-acc	ovs	VS	PVA	100	1.0	0.0	100.0	0.0	1.0	1.0	0.0	0.0	3.4226885628700257	0.28910758922692836	bos_eos	seed_42,seed_43,seed_44
3_5_clausal_comp_V_order	18_3_5_clausal_comp_V_order	fig:heatmap-18-clausal-comp-v-order	3.5 Clausal complement--V order	22_sov_ng_ac_d_ep	sov	ng	nom-acc	deranking	erg-poss	vos	VS	AVP	100	1.0	0.0	100.0	0.0	1.0	1.0	0.0	0.0	3.4154544083277383	0.2555242764857972	bos_eos	seed_42,seed_43,seed_44
3_5_clausal_comp_V_order	18_3_5_clausal_comp_V_order	fig:heatmap-18-clausal-comp-v-order	3.5 Clausal complement--V order	23_sov_ng_ac_d_no	sov	ng	nom-acc	deranking	nomn	ovs	VS	PVA	100	1.0	0.0	100.0	0.0	1.0	1.0	0.0	0.0	3.626502601305644	0.08116002266187433	bos_eos	seed_42,seed_43,seed_44
3_5_clausal_comp_V_order	18_3_5_clausal_comp_V_order	fig:heatmap-18-clausal-comp-v-order	3.5 Clausal complement--V order	24_sov_ng_er_b_se	sov	ng	erg-abs	balancing	sent	sov	SV	APV	100	1.0	0.0	100.0	0.0	1.0	1.0	0.0	0.0	1.6840074507395426	0.20987531479539054	bos_eos	seed_42,seed_43,seed_44
3_5_clausal_comp_V_order	18_3_5_clausal_comp_V_order	fig:heatmap-18-clausal-comp-v-order	3.5 Clausal complement--V order	25_sov_ng_er_b_pa	sov	ng	erg-abs	balancing	poss-acc	ovs	VS	PVA	100	1.0	0.0	100.0	0.0	1.0	1.0	0.0	0.0	1.8039498647054035	0.06044046032830027	bos_eos	seed_42,seed_43,seed_44
3_5_clausal_comp_V_order	18_3_5_clausal_comp_V_order	fig:heatmap-18-clausal-comp-v-order	3.5 Clausal complement--V order	26_sov_ng_er_b_ep	sov	ng	erg-abs	balancing	erg-poss	vos	VS	AVP	100	1.0	0.0	100.0	0.0	1.0	1.0	0.0	0.0	1.734953072865804	0.1189525765292806	bos_eos	seed_42,seed_43,seed_44
3_5_clausal_comp_V_order	18_3_5_clausal_comp_V_order	fig:heatmap-18-clausal-comp-v-order	3.5 Clausal complement--V order	27_sov_ng_er_b_no	sov	ng	erg-abs	balancing	nomn	ovs	VS	PVA	100	1.0	0.0	100.0	0.0	1.0	1.0	0.0	0.0	1.7646363186836242	0.025681921806992514	bos_eos	seed_42,seed_43,seed_44
3_5_clausal_comp_V_order	18_3_5_clausal_comp_V_order	fig:heatmap-18-clausal-comp-v-order	3.5 Clausal complement--V order	28_sov_ng_er_d_se	sov	ng	erg-abs	deranking	sent	sov	SV	APV	100	1.0	0.0	100.0	0.0	1.0	1.0	0.0	0.0	3.097624558607737	0.0558087183937662	bos_eos	seed_42,seed_43,seed_44
3_5_clausal_comp_V_order	18_3_5_clausal_comp_V_order	fig:heatmap-18-clausal-comp-v-order	3.5 Clausal complement--V order	29_sov_ng_er_d_pa	sov	ng	erg-abs	deranking	poss-acc	ovs	VS	PVA	100	1.0	0.0	100.0	0.0	1.0	1.0	0.0	0.0	2.9085236231486005	0.09289050042871981	bos_eos	seed_42,seed_43,seed_44
3_5_clausal_comp_V_order	18_3_5_clausal_comp_V_order	fig:heatmap-18-clausal-comp-v-order	3.5 Clausal complement--V order	30_sov_ng_er_d_ep	sov	ng	erg-abs	deranking	erg-poss	vos	VS	AVP	100	1.0	0.0	100.0	0.0	1.0	1.0	0.0	0.0	2.896736401716868	0.15769558791455257	bos_eos	seed_42,seed_43,seed_44
3_5_clausal_comp_V_order	18_3_5_clausal_comp_V_order	fig:heatmap-18-clausal-comp-v-order	3.5 Clausal complement--V order	31_sov_ng_er_d_no	sov	ng	erg-abs	deranking	nomn	ovs	VS	PVA	100	1.0	0.0	100.0	0.0	1.0	1.0	0.0	0.0	3.028885056972504	0.04200900162307498	bos_eos	seed_42,seed_43,seed_44
3_5_clausal_comp_V_order	18_3_5_clausal_comp_V_order	fig:heatmap-18-clausal-comp-v-order	3.5 Clausal complement--V order	32_svo_gn_ac_b_se	svo	gn	nom-acc	balancing	sent	svo	SV	AVP	100	1.0	0.0	100.0	0.0	1.0	1.0	0.0	0.0	2.9914541014035545	0.0919483110057079	bos_eos	seed_42,seed_43,seed_44
3_5_clausal_comp_V_order	18_3_5_clausal_comp_V_order	fig:heatmap-18-clausal-comp-v-order	3.5 Clausal complement--V order	33_svo_gn_ac_b_pa	svo	gn	nom-acc	balancing	poss-acc	svo	SV	AVP	100	1.0	0.0	100.0	0.0	1.0	1.0	0.0	0.0	2.939223179022471	0.0563932814568955	bos_eos	seed_42,seed_43,seed_44
3_5_clausal_comp_V_order	18_3_5_clausal_comp_V_order	fig:heatmap-18-clausal-comp-v-order	3.5 Clausal complement--V order	34_svo_gn_ac_b_ep	svo	gn	nom-acc	balancing	erg-poss	sov	SV	PVA	100	1.0	0.0	100.0	0.0	1.0	1.0	0.0	0.0	3.116259876092275	0.2140240896611058	bos_eos	seed_42,seed_43,seed_44
3_5_clausal_comp_V_order	18_3_5_clausal_comp_V_order	fig:heatmap-18-clausal-comp-v-order	3.5 Clausal complement--V order	35_svo_gn_ac_b_no	svo	gn	nom-acc	balancing	nomn	svo	SV	AVP	100	1.0	0.0	100.0	0.0	1.0	1.0	0.0	0.0	3.1015763195355732	0.02735578457348586	bos_eos	seed_42,seed_43,seed_44
3_5_clausal_comp_V_order	18_3_5_clausal_comp_V_order	fig:heatmap-18-clausal-comp-v-order	3.5 Clausal complement--V order	36_svo_gn_ac_d_se	svo	gn	nom-acc	deranking	sent	svo	SV	AVP	100	1.0	0.0	100.0	0.0	1.0	1.0	0.0	0.0	2.958905974229177	0.07534247557615936	bos_eos	seed_42,seed_43,seed_44
3_5_clausal_comp_V_order	18_3_5_clausal_comp_V_order	fig:heatmap-18-clausal-comp-v-order	3.5 Clausal complement--V order	37_svo_gn_ac_d_pa	svo	gn	nom-acc	deranking	poss-acc	svo	SV	AVP	100	1.0	0.0	100.0	0.0	1.0	1.0	0.0	0.0	3.1273561048507688	0.037305275190773514	bos_eos	seed_42,seed_43,seed_44
3_5_clausal_comp_V_order	18_3_5_clausal_comp_V_order	fig:heatmap-18-clausal-comp-v-order	3.5 Clausal complement--V order	38_svo_gn_ac_d_ep	svo	gn	nom-acc	deranking	erg-poss	sov	SV	PVA	100	1.0	0.0	100.0	0.0	1.0	1.0	0.0	0.0	3.3541615215937295	0.2887025445064206	bos_eos	seed_42,seed_43,seed_44
3_5_clausal_comp_V_order	18_3_5_clausal_comp_V_order	fig:heatmap-18-clausal-comp-v-order	3.5 Clausal complement--V order	39_svo_gn_ac_d_no	svo	gn	nom-acc	deranking	nomn	svo	SV	AVP	100	1.0	0.0	100.0	0.0	1.0	1.0	0.0	0.0	3.283842727343241	0.2196022656880766	bos_eos	seed_42,seed_43,seed_44
3_5_clausal_comp_V_order	18_3_5_clausal_comp_V_order	fig:heatmap-18-clausal-comp-v-order	3.5 Clausal complement--V order	40_svo_gn_er_b_se	svo	gn	erg-abs	balancing	sent	svo	SV	AVP	100	1.0	0.0	100.0	0.0	1.0	1.0	0.0	0.0	2.1990400751431785	0.16996024422746772	bos_eos	seed_42,seed_43,seed_44
3_5_clausal_comp_V_order	18_3_5_clausal_comp_V_order	fig:heatmap-18-clausal-comp-v-order	3.5 Clausal complement--V order	41_svo_gn_er_b_pa	svo	gn	erg-abs	balancing	poss-acc	svo	SV	AVP	100	1.0	0.0	100.0	0.0	1.0	1.0	0.0	0.0	2.4529472835858663	0.044971654934040865	bos_eos	seed_42,seed_43,seed_44
3_5_clausal_comp_V_order	18_3_5_clausal_comp_V_order	fig:heatmap-18-clausal-comp-v-order	3.5 Clausal complement--V order	42_svo_gn_er_b_ep	svo	gn	erg-abs	balancing	erg-poss	sov	SV	PVA	100	1.0	0.0	100.0	0.0	1.0	1.0	0.0	0.0	2.4069668102264403	0.2368001840505472	bos_eos	seed_42,seed_43,seed_44
3_5_clausal_comp_V_order	18_3_5_clausal_comp_V_order	fig:heatmap-18-clausal-comp-v-order	3.5 Clausal complement--V order	43_svo_gn_er_b_no	svo	gn	erg-abs	balancing	nomn	svo	SV	AVP	100	1.0	0.0	100.0	0.0	1.0	1.0	0.0	0.0	2.4618621961275737	0.10274947587032739	bos_eos	seed_42,seed_43,seed_44
3_5_clausal_comp_V_order	18_3_5_clausal_comp_V_order	fig:heatmap-18-clausal-comp-v-order	3.5 Clausal complement--V order	44_svo_gn_er_d_se	svo	gn	erg-abs	deranking	sent	svo	SV	AVP	100	1.0	0.0	100.0	0.0	1.0	1.0	0.0	0.0	2.821508412361145	0.2517351080907509	bos_eos	seed_42,seed_43,seed_44
3_5_clausal_comp_V_order	18_3_5_clausal_comp_V_order	fig:heatmap-18-clausal-comp-v-order	3.5 Clausal complement--V order	45_svo_gn_er_d_pa	svo	gn	erg-abs	deranking	poss-acc	svo	SV	AVP	100	1.0	0.0	100.0	0.0	1.0	1.0	0.0	0.0	2.894387164115906	0.09273302711357737	bos_eos	seed_42,seed_43,seed_44
3_5_clausal_comp_V_order	18_3_5_clausal_comp_V_order	fig:heatmap-18-clausal-comp-v-order	3.5 Clausal complement--V order	46_svo_gn_er_d_ep	svo	gn	erg-abs	deranking	erg-poss	sov	SV	PVA	100	1.0	0.0	100.0	0.0	1.0	1.0	0.0	0.0	3.0151201486587524	0.1839136533770781	bos_eos	seed_42,seed_43,seed_44
3_5_clausal_comp_V_order	18_3_5_clausal_comp_V_order	fig:heatmap-18-clausal-comp-v-order	3.5 Clausal complement--V order	47_svo_gn_er_d_no	svo	gn	erg-abs	deranking	nomn	svo	SV	AVP	100	1.0	0.0	100.0	0.0	1.0	1.0	0.0	0.0	2.841062183380127	0.05309823595200806	bos_eos	seed_42,seed_43,seed_44
3_5_clausal_comp_V_order	18_3_5_clausal_comp_V_order	fig:heatmap-18-clausal-comp-v-order	3.5 Clausal complement--V order	48_svo_ng_ac_b_se	svo	ng	nom-acc	balancing	sent	svo	SV	AVP	100	1.0	0.0	100.0	0.0	1.0	1.0	0.0	0.0	2.873469944794973	0.06662872785055747	bos_eos	seed_42,seed_43,seed_44
3_5_clausal_comp_V_order	18_3_5_clausal_comp_V_order	fig:heatmap-18-clausal-comp-v-order	3.5 Clausal complement--V order	49_svo_ng_ac_b_pa	svo	ng	nom-acc	balancing	poss-acc	vos	VS	VPA	100	1.0	0.0	100.0	0.0	1.0	1.0	0.0	0.0	2.9045106291770937	0.06042327982472284	bos_eos	seed_42,seed_43,seed_44
3_5_clausal_comp_V_order	18_3_5_clausal_comp_V_order	fig:heatmap-18-clausal-comp-v-order	3.5 Clausal complement--V order	50_svo_ng_ac_b_ep	svo	ng	nom-acc	balancing	erg-poss	vos	VS	VPA	100	1.0	0.0	100.0	0.0	1.0	1.0	0.0	0.0	3.017463213602702	0.057608011105783966	bos_eos	seed_42,seed_43,seed_44
3_5_clausal_comp_V_order	18_3_5_clausal_comp_V_order	fig:heatmap-18-clausal-comp-v-order	3.5 Clausal complement--V order	51_svo_ng_ac_b_no	svo	ng	nom-acc	balancing	nomn	vos	VS	VPA	100	1.0	0.0	100.0	0.0	1.0	1.0	0.0	0.0	3.006628938515981	0.069954847753461	bos_eos	seed_42,seed_43,seed_44
3_5_clausal_comp_V_order	18_3_5_clausal_comp_V_order	fig:heatmap-18-clausal-comp-v-order	3.5 Clausal complement--V order	52_svo_ng_ac_d_se	svo	ng	nom-acc	deranking	sent	svo	SV	AVP	100	1.0	0.0	100.0	0.0	1.0	1.0	0.0	0.0	2.9824612760543823	0.036595581791964774	bos_eos	seed_42,seed_43,seed_44
3_5_clausal_comp_V_order	18_3_5_clausal_comp_V_order	fig:heatmap-18-clausal-comp-v-order	3.5 Clausal complement--V order	53_svo_ng_ac_d_pa	svo	ng	nom-acc	deranking	poss-acc	vos	VS	VPA	100	1.0	0.0	100.0	0.0	1.0	1.0	0.0	0.0	3.0050642410914103	0.137307312449472	bos_eos	seed_42,seed_43,seed_44
3_5_clausal_comp_V_order	18_3_5_clausal_comp_V_order	fig:heatmap-18-clausal-comp-v-order	3.5 Clausal complement--V order	54_svo_ng_ac_d_ep	svo	ng	nom-acc	deranking	erg-poss	vos	VS	VPA	100	1.0	0.0	100.0	0.0	1.0	1.0	0.0	0.0	3.1327247683207196	0.07540049993867223	bos_eos	seed_42,seed_43,seed_44
3_5_clausal_comp_V_order	18_3_5_clausal_comp_V_order	fig:heatmap-18-clausal-comp-v-order	3.5 Clausal complement--V order	55_svo_ng_ac_d_no	svo	ng	nom-acc	deranking	nomn	vos	VS	VPA	100	1.0	0.0	100.0	0.0	1.0	1.0	0.0	0.0	3.1090598559379576	0.07862449806655339	bos_eos	seed_42,seed_43,seed_44
3_5_clausal_comp_V_order	18_3_5_clausal_comp_V_order	fig:heatmap-18-clausal-comp-v-order	3.5 Clausal complement--V order	56_svo_ng_er_b_se	svo	ng	erg-abs	balancing	sent	svo	SV	AVP	100	1.0	0.0	100.0	0.0	1.0	1.0	0.0	0.0	2.4008836197853087	0.07662811584384459	bos_eos	seed_42,seed_43,seed_44
3_5_clausal_comp_V_order	18_3_5_clausal_comp_V_order	fig:heatmap-18-clausal-comp-v-order	3.5 Clausal complement--V order	57_svo_ng_er_b_pa	svo	ng	erg-abs	balancing	poss-acc	vos	VS	VPA	100	1.0	0.0	100.0	0.0	1.0	1.0	0.0	0.0	2.2994907100995383	0.1823920769983828	bos_eos	seed_42,seed_43,seed_44
3_5_clausal_comp_V_order	18_3_5_clausal_comp_V_order	fig:heatmap-18-clausal-comp-v-order	3.5 Clausal complement--V order	58_svo_ng_er_b_ep	svo	ng	erg-abs	balancing	erg-poss	vos	VS	VPA	100	1.0	0.0	100.0	0.0	1.0	1.0	0.0	0.0	2.329769260883331	0.1555312373190139	bos_eos	seed_42,seed_43,seed_44
3_5_clausal_comp_V_order	18_3_5_clausal_comp_V_order	fig:heatmap-18-clausal-comp-v-order	3.5 Clausal complement--V order	59_svo_ng_er_b_no	svo	ng	erg-abs	balancing	nomn	vos	VS	VPA	100	1.0	0.0	100.0	0.0	1.0	1.0	0.0	0.0	2.445378502209981	0.032435231245453756	bos_eos	seed_42,seed_43,seed_44
3_5_clausal_comp_V_order	18_3_5_clausal_comp_V_order	fig:heatmap-18-clausal-comp-v-order	3.5 Clausal complement--V order	60_svo_ng_er_d_se	svo	ng	erg-abs	deranking	sent	svo	SV	AVP	100	1.0	0.0	100.0	0.0	1.0	1.0	0.0	0.0	2.6757309834162393	0.10006123846147083	bos_eos	seed_42,seed_43,seed_44
3_5_clausal_comp_V_order	18_3_5_clausal_comp_V_order	fig:heatmap-18-clausal-comp-v-order	3.5 Clausal complement--V order	61_svo_ng_er_d_pa	svo	ng	erg-abs	deranking	poss-acc	vos	VS	VPA	100	1.0	0.0	100.0	0.0	1.0	1.0	0.0	0.0	2.7366166472435	0.12333329632121406	bos_eos	seed_42,seed_43,seed_44
3_5_clausal_comp_V_order	18_3_5_clausal_comp_V_order	fig:heatmap-18-clausal-comp-v-order	3.5 Clausal complement--V order	62_svo_ng_er_d_ep	svo	ng	erg-abs	deranking	erg-poss	vos	VS	VPA	100	1.0	0.0	100.0	0.0	1.0	1.0	0.0	0.0	2.7252203408877054	0.15837992964155226	bos_eos	seed_42,seed_43,seed_44
3_5_clausal_comp_V_order	18_3_5_clausal_comp_V_order	fig:heatmap-18-clausal-comp-v-order	3.5 Clausal complement--V order	63_svo_ng_er_d_no	svo	ng	erg-abs	deranking	nomn	vos	VS	VPA	100	1.0	0.0	100.0	0.0	1.0	1.0	0.0	0.0	2.8285016059875487	0.185362730812183	bos_eos	seed_42,seed_43,seed_44
3_5_clausal_comp_V_order	18_3_5_clausal_comp_V_order	fig:heatmap-18-clausal-comp-v-order	3.5 Clausal complement--V order	64_vos_gn_ac_b_se	vos	gn	nom-acc	balancing	sent	vos	VS	VPA	100	1.0	0.0	100.0	0.0	1.0	1.0	0.0	0.0	4.739902997811635	0.12309198299079631	bos_eos	seed_42,seed_43,seed_44
3_5_clausal_comp_V_order	18_3_5_clausal_comp_V_order	fig:heatmap-18-clausal-comp-v-order	3.5 Clausal complement--V order	65_vos_gn_ac_b_pa	vos	gn	nom-acc	balancing	poss-acc	svo	SV	AVP	100	1.0	0.0	100.0	0.0	1.0	1.0	0.0	0.0	4.759700242678324	0.07605564232704583	bos_eos	seed_42,seed_43,seed_44
3_5_clausal_comp_V_order	18_3_5_clausal_comp_V_order	fig:heatmap-18-clausal-comp-v-order	3.5 Clausal complement--V order	66_vos_gn_ac_b_ep	vos	gn	nom-acc	balancing	erg-poss	sov	SV	PVA	100	1.0	0.0	100.0	0.0	1.0	1.0	0.0	0.0	4.858972685337067	0.0827132478881516	bos_eos	seed_42,seed_43,seed_44
3_5_clausal_comp_V_order	18_3_5_clausal_comp_V_order	fig:heatmap-18-clausal-comp-v-order	3.5 Clausal complement--V order	67_vos_gn_ac_b_no	vos	gn	nom-acc	balancing	nomn	svo	SV	AVP	100	1.0	0.0	100.0	0.0	1.0	1.0	0.0	0.0	4.754744548002879	0.07862371898670392	bos_eos	seed_42,seed_43,seed_44
3_5_clausal_comp_V_order	18_3_5_clausal_comp_V_order	fig:heatmap-18-clausal-comp-v-order	3.5 Clausal complement--V order	68_vos_gn_ac_d_se	vos	gn	nom-acc	deranking	sent	vos	VS	VPA	100	1.0	0.0	100.0	0.0	1.0	1.0	0.0	0.0	5.229986724853516	0.08537092507184633	bos_eos	seed_42,seed_43,seed_44
3_5_clausal_comp_V_order	18_3_5_clausal_comp_V_order	fig:heatmap-18-clausal-comp-v-order	3.5 Clausal complement--V order	69_vos_gn_ac_d_pa	vos	gn	nom-acc	deranking	poss-acc	svo	SV	AVP	100	1.0	0.0	100.0	0.0	1.0	1.0	0.0	0.0	5.184938178062439	0.12052296499919621	bos_eos	seed_42,seed_43,seed_44
3_5_clausal_comp_V_order	18_3_5_clausal_comp_V_order	fig:heatmap-18-clausal-comp-v-order	3.5 Clausal complement--V order	70_vos_gn_ac_d_ep	vos	gn	nom-acc	deranking	erg-poss	sov	SV	PVA	100	1.0	0.0	100.0	0.0	1.0	1.0	0.0	0.0	5.392715833981832	0.04006048737395902	bos_eos	seed_42,seed_43,seed_44
3_5_clausal_comp_V_order	18_3_5_clausal_comp_V_order	fig:heatmap-18-clausal-comp-v-order	3.5 Clausal complement--V order	71_vos_gn_ac_d_no	vos	gn	nom-acc	deranking	nomn	svo	SV	AVP	100	1.0	0.0	100.0	0.0	1.0	1.0	0.0	0.0	5.2262137150764465	0.14671543188792202	bos_eos	seed_42,seed_43,seed_44
3_5_clausal_comp_V_order	18_3_5_clausal_comp_V_order	fig:heatmap-18-clausal-comp-v-order	3.5 Clausal complement--V order	72_vos_gn_er_b_se	vos	gn	erg-abs	balancing	sent	vos	VS	VPA	100	1.0	0.0	100.0	0.0	1.0	1.0	0.0	0.0	4.567482730547587	0.2143974095268865	bos_eos	seed_42,seed_43,seed_44
3_5_clausal_comp_V_order	18_3_5_clausal_comp_V_order	fig:heatmap-18-clausal-comp-v-order	3.5 Clausal complement--V order	73_vos_gn_er_b_pa	vos	gn	erg-abs	balancing	poss-acc	svo	SV	AVP	100	1.0	0.0	100.0	0.0	1.0	1.0	0.0	0.0	4.528647259871165	0.10806984386080899	bos_eos	seed_42,seed_43,seed_44
3_5_clausal_comp_V_order	18_3_5_clausal_comp_V_order	fig:heatmap-18-clausal-comp-v-order	3.5 Clausal complement--V order	74_vos_gn_er_b_ep	vos	gn	erg-abs	balancing	erg-poss	sov	SV	PVA	100	1.0	0.0	100.0	0.0	1.0	1.0	0.0	0.0	4.600912934144338	0.20808399604040614	bos_eos	seed_42,seed_43,seed_44
3_5_clausal_comp_V_order	18_3_5_clausal_comp_V_order	fig:heatmap-18-clausal-comp-v-order	3.5 Clausal complement--V order	75_vos_gn_er_b_no	vos	gn	erg-abs	balancing	nomn	svo	SV	AVP	100	1.0	0.0	100.0	0.0	1.0	1.0	0.0	0.0	4.483330443700154	0.11580912505732709	bos_eos	seed_42,seed_43,seed_44
3_5_clausal_comp_V_order	18_3_5_clausal_comp_V_order	fig:heatmap-18-clausal-comp-v-order	3.5 Clausal complement--V order	76_vos_gn_er_d_se	vos	gn	erg-abs	deranking	sent	vos	VS	VPA	100	1.0	0.0	100.0	0.0	1.0	1.0	0.0	0.0	5.025450679461161	0.21153122953010384	bos_eos	seed_42,seed_43,seed_44
3_5_clausal_comp_V_order	18_3_5_clausal_comp_V_order	fig:heatmap-18-clausal-comp-v-order	3.5 Clausal complement--V order	77_vos_gn_er_d_pa	vos	gn	erg-abs	deranking	poss-acc	svo	SV	AVP	100	1.0	0.0	100.0	0.0	1.0	1.0	0.0	0.0	4.904995786348978	0.1422232136679706	bos_eos	seed_42,seed_43,seed_44
3_5_clausal_comp_V_order	18_3_5_clausal_comp_V_order	fig:heatmap-18-clausal-comp-v-order	3.5 Clausal complement--V order	78_vos_gn_er_d_ep	vos	gn	erg-abs	deranking	erg-poss	sov	SV	PVA	100	1.0	0.0	100.0	0.0	1.0	1.0	0.0	0.0	4.947093371550242	0.17605563314425823	bos_eos	seed_42,seed_43,seed_44
3_5_clausal_comp_V_order	18_3_5_clausal_comp_V_order	fig:heatmap-18-clausal-comp-v-order	3.5 Clausal complement--V order	79_vos_gn_er_d_no	vos	gn	erg-abs	deranking	nomn	svo	SV	AVP	100	1.0	0.0	100.0	0.0	1.0	1.0	0.0	0.0	4.862632517814636	0.1446784366846077	bos_eos	seed_42,seed_43,seed_44
3_5_clausal_comp_V_order	18_3_5_clausal_comp_V_order	fig:heatmap-18-clausal-comp-v-order	3.5 Clausal complement--V order	80_vos_ng_ac_b_se	vos	ng	nom-acc	balancing	sent	vos	VS	VPA	100	1.0	0.0	100.0	0.0	1.0	1.0	0.0	0.0	4.751854863961538	0.018920871140164525	bos_eos	seed_42,seed_43,seed_44
3_5_clausal_comp_V_order	18_3_5_clausal_comp_V_order	fig:heatmap-18-clausal-comp-v-order	3.5 Clausal complement--V order	81_vos_ng_ac_b_pa	vos	ng	nom-acc	balancing	poss-acc	vos	VS	VPA	100	1.0	0.0	100.0	0.0	1.0	1.0	0.0	0.0	4.749781024456024	0.08250412210504508	bos_eos	seed_42,seed_43,seed_44
3_5_clausal_comp_V_order	18_3_5_clausal_comp_V_order	fig:heatmap-18-clausal-comp-v-order	3.5 Clausal complement--V order	82_vos_ng_ac_b_ep	vos	ng	nom-acc	balancing	erg-poss	vos	VS	VPA	100	1.0	0.0	100.0	0.0	1.0	1.0	0.0	0.0	4.819090540409088	0.15085543398075907	bos_eos	seed_42,seed_43,seed_44
3_5_clausal_comp_V_order	18_3_5_clausal_comp_V_order	fig:heatmap-18-clausal-comp-v-order	3.5 Clausal complement--V order	83_vos_ng_ac_b_no	vos	ng	nom-acc	balancing	nomn	vos	VS	VPA	100	1.0	0.0	100.0	0.0	1.0	1.0	0.0	0.0	4.845454120635986	0.11798795869857624	bos_eos	seed_42,seed_43,seed_44
3_5_clausal_comp_V_order	18_3_5_clausal_comp_V_order	fig:heatmap-18-clausal-comp-v-order	3.5 Clausal complement--V order	84_vos_ng_ac_d_se	vos	ng	nom-acc	deranking	sent	vos	VS	VPA	100	1.0	0.0	100.0	0.0	1.0	1.0	0.0	0.0	5.311956587632498	0.133956894440744	bos_eos	seed_42,seed_43,seed_44
3_5_clausal_comp_V_order	18_3_5_clausal_comp_V_order	fig:heatmap-18-clausal-comp-v-order	3.5 Clausal complement--V order	85_vos_ng_ac_d_pa	vos	ng	nom-acc	deranking	poss-acc	vos	VS	VPA	100	1.0	0.0	100.0	0.0	1.0	1.0	0.0	0.0	5.433263189792633	0.07225530324992424	bos_eos	seed_42,seed_43,seed_44
3_5_clausal_comp_V_order	18_3_5_clausal_comp_V_order	fig:heatmap-18-clausal-comp-v-order	3.5 Clausal complement--V order	86_vos_ng_ac_d_ep	vos	ng	nom-acc	deranking	erg-poss	vos	VS	VPA	100	1.0	0.0	100.0	0.0	1.0	1.0	0.0	0.0	5.227126648426056	0.18885090615694983	bos_eos	seed_42,seed_43,seed_44
3_5_clausal_comp_V_order	18_3_5_clausal_comp_V_order	fig:heatmap-18-clausal-comp-v-order	3.5 Clausal complement--V order	87_vos_ng_ac_d_no	vos	ng	nom-acc	deranking	nomn	vos	VS	VPA	100	1.0	0.0	100.0	0.0	1.0	1.0	0.0	0.0	5.393550273577373	0.0858506175454694	bos_eos	seed_42,seed_43,seed_44
3_5_clausal_comp_V_order	18_3_5_clausal_comp_V_order	fig:heatmap-18-clausal-comp-v-order	3.5 Clausal complement--V order	88_vos_ng_er_b_se	vos	ng	erg-abs	balancing	sent	vos	VS	VPA	100	1.0	0.0	100.0	0.0	1.0	1.0	0.0	0.0	4.3998994867006935	0.17313224831128235	bos_eos	seed_42,seed_43,seed_44
3_5_clausal_comp_V_order	18_3_5_clausal_comp_V_order	fig:heatmap-18-clausal-comp-v-order	3.5 Clausal complement--V order	89_vos_ng_er_b_pa	vos	ng	erg-abs	balancing	poss-acc	vos	VS	VPA	100	1.0	0.0	100.0	0.0	1.0	1.0	0.0	0.0	4.377163548469543	0.081539052108445	bos_eos	seed_42,seed_43,seed_44
3_5_clausal_comp_V_order	18_3_5_clausal_comp_V_order	fig:heatmap-18-clausal-comp-v-order	3.5 Clausal complement--V order	90_vos_ng_er_b_ep	vos	ng	erg-abs	balancing	erg-poss	vos	VS	VPA	100	1.0	0.0	100.0	0.0	1.0	1.0	0.0	0.0	4.360090564886729	0.09804598780268699	bos_eos	seed_42,seed_43,seed_44
3_5_clausal_comp_V_order	18_3_5_clausal_comp_V_order	fig:heatmap-18-clausal-comp-v-order	3.5 Clausal complement--V order	91_vos_ng_er_b_no	vos	ng	erg-abs	balancing	nomn	vos	VS	VPA	100	1.0	0.0	100.0	0.0	1.0	1.0	0.0	0.0	4.432379091580709	0.11910743739003012	bos_eos	seed_42,seed_43,seed_44
3_5_clausal_comp_V_order	18_3_5_clausal_comp_V_order	fig:heatmap-18-clausal-comp-v-order	3.5 Clausal complement--V order	92_vos_ng_er_d_se	vos	ng	erg-abs	deranking	sent	vos	VS	VPA	100	1.0	0.0	100.0	0.0	1.0	1.0	0.0	0.0	4.971126459439596	0.04462695052706401	bos_eos	seed_42,seed_43,seed_44
3_5_clausal_comp_V_order	18_3_5_clausal_comp_V_order	fig:heatmap-18-clausal-comp-v-order	3.5 Clausal complement--V order	93_vos_ng_er_d_pa	vos	ng	erg-abs	deranking	poss-acc	vos	VS	VPA	100	1.0	0.0	100.0	0.0	1.0	1.0	0.0	0.0	4.96286567846934	0.19580847042397617	bos_eos	seed_42,seed_43,seed_44
3_5_clausal_comp_V_order	18_3_5_clausal_comp_V_order	fig:heatmap-18-clausal-comp-v-order	3.5 Clausal complement--V order	94_vos_ng_er_d_ep	vos	ng	erg-abs	deranking	erg-poss	vos	VS	VPA	100	1.0	0.0	100.0	0.0	1.0	1.0	0.0	0.0	5.206166282494863	0.20358955194217757	bos_eos	seed_42,seed_43,seed_44
3_5_clausal_comp_V_order	18_3_5_clausal_comp_V_order	fig:heatmap-18-clausal-comp-v-order	3.5 Clausal complement--V order	95_vos_ng_er_d_no	vos	ng	erg-abs	deranking	nomn	vos	VS	VPA	100	1.0	0.0	100.0	0.0	1.0	1.0	0.0	0.0	5.025397481123607	0.0629963033206756	bos_eos	seed_42,seed_43,seed_44
3_6_clausal_CV_valency	19_3_6_clausal_CV_valency	fig:heatmap-19-clausal-cv-valency	3.6 Clausal complement CV valency	00_sov_gn_ac_b_se	sov	gn	nom-acc	balancing	sent	sov	SV	APV	100	0.7666666666666667	0.023094010767585053	76.66666666666667	2.309401076758503	0.74	0.78	0.0	0.0	0.5470806447664897	0.010443678898161812	bos_eos	seed_42,seed_43,seed_44
3_6_clausal_CV_valency	19_3_6_clausal_CV_valency	fig:heatmap-19-clausal-cv-valency	3.6 Clausal complement CV valency	01_sov_gn_ac_b_pa	sov	gn	nom-acc	balancing	poss-acc	sov	SV	APV	100	0.75	0.030000000000000027	75.0	3.0	0.72	0.78	0.0	0.0	0.5524402936299642	0.014108740716667569	bos_eos	seed_42,seed_43,seed_44
3_6_clausal_CV_valency	19_3_6_clausal_CV_valency	fig:heatmap-19-clausal-cv-valency	3.6 Clausal complement CV valency	02_sov_gn_ac_b_ep	sov	gn	nom-acc	balancing	erg-poss	sov	SV	APV	100	0.75	0.020000000000000018	75.0	2.0	0.73	0.77	0.0	0.0	0.5558483529090882	0.012895306940011215	bos_eos	seed_42,seed_43,seed_44
3_6_clausal_CV_valency	19_3_6_clausal_CV_valency	fig:heatmap-19-clausal-cv-valency	3.6 Clausal complement CV valency	03_sov_gn_ac_b_no	sov	gn	nom-acc	balancing	nomn	sov	SV	APV	100	0.7633333333333333	0.03214550253664321	76.33333333333333	3.2145502536643185	0.74	0.8	0.0	0.0	0.5838706978162129	0.01040373798921458	bos_eos	seed_42,seed_43,seed_44
3_6_clausal_CV_valency	19_3_6_clausal_CV_valency	fig:heatmap-19-clausal-cv-valency	3.6 Clausal complement CV valency	04_sov_gn_ac_d_se	sov	gn	nom-acc	deranking	sent	sov	SV	APV	100	0.7533333333333333	0.011547005383792526	75.33333333333333	1.1547005383792515	0.74	0.76	0.0	0.0	0.5293399302164713	0.027930280304591448	bos_eos	seed_42,seed_43,seed_44
3_6_clausal_CV_valency	19_3_6_clausal_CV_valency	fig:heatmap-19-clausal-cv-valency	3.6 Clausal complement CV valency	05_sov_gn_ac_d_pa	sov	gn	nom-acc	deranking	poss-acc	sov	SV	APV	100	0.76	0.026457513110645932	76.0	2.6457513110645907	0.74	0.79	0.0	0.0	0.533181856473287	0.011681969327967353	bos_eos	seed_42,seed_43,seed_44
3_6_clausal_CV_valency	19_3_6_clausal_CV_valency	fig:heatmap-19-clausal-cv-valency	3.6 Clausal complement CV valency	06_sov_gn_ac_d_ep	sov	gn	nom-acc	deranking	erg-poss	sov	SV	APV	100	0.7533333333333333	0.01527525231651948	75.33333333333333	1.5275252316519468	0.74	0.77	0.0	0.0	0.5328657023111979	0.025532079244957234	bos_eos	seed_42,seed_43,seed_44
3_6_clausal_CV_valency	19_3_6_clausal_CV_valency	fig:heatmap-19-clausal-cv-valency	3.6 Clausal complement CV valency	07_sov_gn_ac_d_no	sov	gn	nom-acc	deranking	nomn	sov	SV	APV	100	0.7366666666666667	0.03785938897200186	73.66666666666667	3.7859388972001824	0.71	0.78	0.0	0.0	0.5269013277689616	0.013279489109629271	bos_eos	seed_42,seed_43,seed_44
3_6_clausal_CV_valency	19_3_6_clausal_CV_valency	fig:heatmap-19-clausal-cv-valency	3.6 Clausal complement CV valency	08_sov_gn_er_b_se	sov	gn	erg-abs	balancing	sent	sov	SV	APV	100	0.7666666666666667	0.020816659994661348	76.66666666666667	2.0816659994661326	0.75	0.79	0.0	0.0	0.45812988917032876	0.012071316706128227	bos_eos	seed_42,seed_43,seed_44
3_6_clausal_CV_valency	19_3_6_clausal_CV_valency	fig:heatmap-19-clausal-cv-valency	3.6 Clausal complement CV valency	09_sov_gn_er_b_pa	sov	gn	erg-abs	balancing	poss-acc	sov	SV	APV	100	0.77	0.020000000000000018	77.0	2.0	0.75	0.79	0.0	0.0	0.4511743315060933	0.0066374378045645594	bos_eos	seed_42,seed_43,seed_44
3_6_clausal_CV_valency	19_3_6_clausal_CV_valency	fig:heatmap-19-clausal-cv-valency	3.6 Clausal complement CV valency	10_sov_gn_er_b_ep	sov	gn	erg-abs	balancing	erg-poss	sov	SV	APV	100	0.7866666666666667	0.011547005383792526	78.66666666666667	1.1547005383792515	0.78	0.8	0.0	0.0	0.4808775822321574	0.026326296939759925	bos_eos	seed_42,seed_43,seed_44
3_6_clausal_CV_valency	19_3_6_clausal_CV_valency	fig:heatmap-19-clausal-cv-valency	3.6 Clausal complement CV valency	11_sov_gn_er_b_no	sov	gn	erg-abs	balancing	nomn	sov	SV	APV	100	0.7766666666666667	0.01527525231651948	77.66666666666667	1.5275252316519468	0.76	0.79	0.0	0.0	0.46795580943425497	0.014844079591626787	bos_eos	seed_42,seed_43,seed_44
3_6_clausal_CV_valency	19_3_6_clausal_CV_valency	fig:heatmap-19-clausal-cv-valency	3.6 Clausal complement CV valency	12_sov_gn_er_d_se	sov	gn	erg-abs	deranking	sent	sov	SV	APV	100	0.75	0.020000000000000018	75.0	2.0	0.73	0.77	0.0	0.0	0.41631038904190065	0.011509365041999283	bos_eos	seed_42,seed_43,seed_44
3_6_clausal_CV_valency	19_3_6_clausal_CV_valency	fig:heatmap-19-clausal-cv-valency	3.6 Clausal complement CV valency	13_sov_gn_er_d_pa	sov	gn	erg-abs	deranking	poss-acc	sov	SV	APV	100	0.7533333333333333	0.025166114784235857	75.33333333333333	2.516611478423583	0.73	0.78	0.0	0.0	0.4075198451677958	0.008307450807679811	bos_eos	seed_42,seed_43,seed_44
3_6_clausal_CV_valency	19_3_6_clausal_CV_valency	fig:heatmap-19-clausal-cv-valency	3.6 Clausal complement CV valency	14_sov_gn_er_d_ep	sov	gn	erg-abs	deranking	erg-poss	sov	SV	APV	100	0.7833333333333333	0.01527525231651948	78.33333333333333	1.5275252316519468	0.77	0.8	0.0	0.0	0.417002538839976	0.01306218209505175	bos_eos	seed_42,seed_43,seed_44
3_6_clausal_CV_valency	19_3_6_clausal_CV_valency	fig:heatmap-19-clausal-cv-valency	3.6 Clausal complement CV valency	15_sov_gn_er_d_no	sov	gn	erg-abs	deranking	nomn	sov	SV	APV	100	0.78	0.026457513110645932	78.0	2.6457513110645907	0.76	0.81	0.0	0.0	0.4344785793622335	0.009894737786600789	bos_eos	seed_42,seed_43,seed_44
3_6_clausal_CV_valency	19_3_6_clausal_CV_valency	fig:heatmap-19-clausal-cv-valency	3.6 Clausal complement CV valency	16_sov_ng_ac_b_se	sov	ng	nom-acc	balancing	sent	sov	SV	APV	100	0.7466666666666667	0.011547005383792526	74.66666666666667	1.1547005383792515	0.74	0.76	0.0	0.0	0.5551484807332356	0.00719762553036217	bos_eos	seed_42,seed_43,seed_44
3_6_clausal_CV_valency	19_3_6_clausal_CV_valency	fig:heatmap-19-clausal-cv-valency	3.6 Clausal complement CV valency	17_sov_ng_ac_b_pa	sov	ng	nom-acc	balancing	poss-acc	ovs	VS	PVA	100	0.7633333333333333	0.03511884584284249	76.33333333333333	3.5118845842842465	0.73	0.8	0.0	0.0	0.5657064747810364	0.020685396198041776	bos_eos	seed_42,seed_43,seed_44
3_6_clausal_CV_valency	19_3_6_clausal_CV_valency	fig:heatmap-19-clausal-cv-valency	3.6 Clausal complement CV valency	18_sov_ng_ac_b_ep	sov	ng	nom-acc	balancing	erg-poss	vos	VS	AVP	100	0.7633333333333333	0.01527525231651948	76.33333333333333	1.5275252316519468	0.75	0.78	0.0	0.0	0.548702339331309	0.010160129110760967	bos_eos	seed_42,seed_43,seed_44
3_6_clausal_CV_valency	19_3_6_clausal_CV_valency	fig:heatmap-19-clausal-cv-valency	3.6 Clausal complement CV valency	19_sov_ng_ac_b_no	sov	ng	nom-acc	balancing	nomn	ovs	VS	PVA	100	0.7566666666666667	0.01527525231651948	75.66666666666667	1.5275252316519468	0.74	0.77	0.0	0.0	0.5578406159083048	0.02003361686727097	bos_eos	seed_42,seed_43,seed_44
3_6_clausal_CV_valency	19_3_6_clausal_CV_valency	fig:heatmap-19-clausal-cv-valency	3.6 Clausal complement CV valency	20_sov_ng_ac_d_se	sov	ng	nom-acc	deranking	sent	sov	SV	APV	100	0.7666666666666667	0.005773502691896263	76.66666666666667	0.5773502691896257	0.76	0.77	0.0	0.0	0.5144060945510864	0.005411354356274026	bos_eos	seed_42,seed_43,seed_44
3_6_clausal_CV_valency	19_3_6_clausal_CV_valency	fig:heatmap-19-clausal-cv-valency	3.6 Clausal complement CV valency	21_sov_ng_ac_d_pa	sov	ng	nom-acc	deranking	poss-acc	ovs	VS	PVA	100	0.78	0.010000000000000009	78.0	1.0	0.77	0.79	0.0	0.0	0.5354047520955404	0.020415009591009385	bos_eos	seed_42,seed_43,seed_44
3_6_clausal_CV_valency	19_3_6_clausal_CV_valency	fig:heatmap-19-clausal-cv-valency	3.6 Clausal complement CV valency	22_sov_ng_ac_d_ep	sov	ng	nom-acc	deranking	erg-poss	vos	VS	AVP	100	0.7533333333333333	0.005773502691896263	75.33333333333333	0.5773502691896257	0.75	0.76	0.0	0.0	0.5196985650062561	0.02361170992228507	bos_eos	seed_42,seed_43,seed_44
3_6_clausal_CV_valency	19_3_6_clausal_CV_valency	fig:heatmap-19-clausal-cv-valency	3.6 Clausal complement CV valency	23_sov_ng_ac_d_no	sov	ng	nom-acc	deranking	nomn	ovs	VS	PVA	100	0.7766666666666667	0.011547005383792526	77.66666666666667	1.1547005383792515	0.77	0.79	0.0	0.0	0.5144124666849772	0.008658239470558387	bos_eos	seed_42,seed_43,seed_44
3_6_clausal_CV_valency	19_3_6_clausal_CV_valency	fig:heatmap-19-clausal-cv-valency	3.6 Clausal complement CV valency	24_sov_ng_er_b_se	sov	ng	erg-abs	balancing	sent	sov	SV	APV	100	0.7766666666666667	0.03055050463303896	77.66666666666667	3.0550504633038935	0.75	0.81	0.0	0.0	0.47401314973831177	0.0106068894635877	bos_eos	seed_42,seed_43,seed_44
3_6_clausal_CV_valency	19_3_6_clausal_CV_valency	fig:heatmap-19-clausal-cv-valency	3.6 Clausal complement CV valency	25_sov_ng_er_b_pa	sov	ng	erg-abs	balancing	poss-acc	ovs	VS	PVA	100	0.7666666666666667	0.03055050463303896	76.66666666666667	3.0550504633038935	0.74	0.8	0.0	0.0	0.45472567001978553	0.028850524350557707	bos_eos	seed_42,seed_43,seed_44
3_6_clausal_CV_valency	19_3_6_clausal_CV_valency	fig:heatmap-19-clausal-cv-valency	3.6 Clausal complement CV valency	26_sov_ng_er_b_ep	sov	ng	erg-abs	balancing	erg-poss	vos	VS	AVP	100	0.7833333333333333	0.011547005383792526	78.33333333333333	1.1547005383792515	0.77	0.79	0.0	0.0	0.4702577225367228	0.023020035560289493	bos_eos	seed_42,seed_43,seed_44
3_6_clausal_CV_valency	19_3_6_clausal_CV_valency	fig:heatmap-19-clausal-cv-valency	3.6 Clausal complement CV valency	27_sov_ng_er_b_no	sov	ng	erg-abs	balancing	nomn	ovs	VS	PVA	100	0.7633333333333333	0.011547005383792526	76.33333333333333	1.1547005383792515	0.75	0.77	0.0	0.0	0.45694051106770833	0.014676826250470202	bos_eos	seed_42,seed_43,seed_44
3_6_clausal_CV_valency	19_3_6_clausal_CV_valency	fig:heatmap-19-clausal-cv-valency	3.6 Clausal complement CV valency	28_sov_ng_er_d_se	sov	ng	erg-abs	deranking	sent	sov	SV	APV	100	0.7633333333333333	0.020816659994661348	76.33333333333333	2.0816659994661326	0.74	0.78	0.0	0.0	0.4225713006655375	0.017359617778688025	bos_eos	seed_42,seed_43,seed_44
3_6_clausal_CV_valency	19_3_6_clausal_CV_valency	fig:heatmap-19-clausal-cv-valency	3.6 Clausal complement CV valency	29_sov_ng_er_d_pa	sov	ng	erg-abs	deranking	poss-acc	ovs	VS	PVA	100	0.7666666666666667	0.020816659994661348	76.66666666666667	2.0816659994661326	0.75	0.79	0.0	0.0	0.432113208770752	0.012366222746805986	bos_eos	seed_42,seed_43,seed_44
3_6_clausal_CV_valency	19_3_6_clausal_CV_valency	fig:heatmap-19-clausal-cv-valency	3.6 Clausal complement CV valency	30_sov_ng_er_d_ep	sov	ng	erg-abs	deranking	erg-poss	vos	VS	AVP	100	0.7566666666666667	0.03511884584284249	75.66666666666667	3.5118845842842465	0.72	0.79	0.0	0.0	0.43612272024154664	0.019590665694728653	bos_eos	seed_42,seed_43,seed_44
3_6_clausal_CV_valency	19_3_6_clausal_CV_valency	fig:heatmap-19-clausal-cv-valency	3.6 Clausal complement CV valency	31_sov_ng_er_d_no	sov	ng	erg-abs	deranking	nomn	ovs	VS	PVA	100	0.7666666666666667	0.011547005383792526	76.66666666666667	1.1547005383792515	0.76	0.78	0.0	0.0	0.4196546363830566	0.01419749353566413	bos_eos	seed_42,seed_43,seed_44
3_6_clausal_CV_valency	19_3_6_clausal_CV_valency	fig:heatmap-19-clausal-cv-valency	3.6 Clausal complement CV valency	32_svo_gn_ac_b_se	svo	gn	nom-acc	balancing	sent	svo	SV	AVP	100	0.7466666666666667	0.03785938897200186	74.66666666666667	3.7859388972001824	0.72	0.79	0.0	0.0	0.515189376672109	0.020268487777112792	bos_eos	seed_42,seed_43,seed_44
3_6_clausal_CV_valency	19_3_6_clausal_CV_valency	fig:heatmap-19-clausal-cv-valency	3.6 Clausal complement CV valency	33_svo_gn_ac_b_pa	svo	gn	nom-acc	balancing	poss-acc	svo	SV	AVP	100	0.7733333333333333	0.020816659994661348	77.33333333333333	2.0816659994661326	0.75	0.79	0.0	0.0	0.5356992006301879	0.033580600978919795	bos_eos	seed_42,seed_43,seed_44
3_6_clausal_CV_valency	19_3_6_clausal_CV_valency	fig:heatmap-19-clausal-cv-valency	3.6 Clausal complement CV valency	34_svo_gn_ac_b_ep	svo	gn	nom-acc	balancing	erg-poss	sov	SV	PVA	100	0.7733333333333333	0.04163331998932263	77.33333333333333	4.163331998932265	0.74	0.82	0.0	0.0	0.5374334303538004	0.029530066998051205	bos_eos	seed_42,seed_43,seed_44
3_6_clausal_CV_valency	19_3_6_clausal_CV_valency	fig:heatmap-19-clausal-cv-valency	3.6 Clausal complement CV valency	35_svo_gn_ac_b_no	svo	gn	nom-acc	balancing	nomn	svo	SV	AVP	100	0.7566666666666667	0.028867513459481315	75.66666666666667	2.886751345948129	0.74	0.79	0.0	0.0	0.5102014923095703	0.02162188044548086	bos_eos	seed_42,seed_43,seed_44
3_6_clausal_CV_valency	19_3_6_clausal_CV_valency	fig:heatmap-19-clausal-cv-valency	3.6 Clausal complement CV valency	36_svo_gn_ac_d_se	svo	gn	nom-acc	deranking	sent	svo	SV	AVP	100	0.7766666666666667	0.03055050463303896	77.66666666666667	3.0550504633038935	0.75	0.81	0.0	0.0	0.5346980357170105	0.007861405616678432	bos_eos	seed_42,seed_43,seed_44
3_6_clausal_CV_valency	19_3_6_clausal_CV_valency	fig:heatmap-19-clausal-cv-valency	3.6 Clausal complement CV valency	37_svo_gn_ac_d_pa	svo	gn	nom-acc	deranking	poss-acc	svo	SV	AVP	100	0.7766666666666667	0.01527525231651948	77.66666666666667	1.5275252316519468	0.76	0.79	0.0	0.0	0.5173062245051067	0.015882700414562228	bos_eos	seed_42,seed_43,seed_44
3_6_clausal_CV_valency	19_3_6_clausal_CV_valency	fig:heatmap-19-clausal-cv-valency	3.6 Clausal complement CV valency	38_svo_gn_ac_d_ep	svo	gn	nom-acc	deranking	erg-poss	sov	SV	PVA	100	0.7533333333333333	0.025166114784235857	75.33333333333333	2.516611478423583	0.73	0.78	0.0	0.0	0.5254410441716512	0.028201910255723765	bos_eos	seed_42,seed_43,seed_44
3_6_clausal_CV_valency	19_3_6_clausal_CV_valency	fig:heatmap-19-clausal-cv-valency	3.6 Clausal complement CV valency	39_svo_gn_ac_d_no	svo	gn	nom-acc	deranking	nomn	svo	SV	AVP	100	0.7966666666666667	0.023094010767585053	79.66666666666667	2.309401076758503	0.77	0.81	0.0	0.0	0.5337377365430196	0.032921435415616235	bos_eos	seed_42,seed_43,seed_44
3_6_clausal_CV_valency	19_3_6_clausal_CV_valency	fig:heatmap-19-clausal-cv-valency	3.6 Clausal complement CV valency	40_svo_gn_er_b_se	svo	gn	erg-abs	balancing	sent	svo	SV	AVP	100	0.78	0.0	78.0	0.0	0.78	0.78	0.0	0.0	0.4455494586626689	0.008745214721291377	bos_eos	seed_42,seed_43,seed_44
3_6_clausal_CV_valency	19_3_6_clausal_CV_valency	fig:heatmap-19-clausal-cv-valency	3.6 Clausal complement CV valency	41_svo_gn_er_b_pa	svo	gn	erg-abs	balancing	poss-acc	svo	SV	AVP	100	0.77	0.020000000000000018	77.0	2.0	0.75	0.79	0.0	0.0	0.42926117420196536	0.005086696581316692	bos_eos	seed_42,seed_43,seed_44
3_6_clausal_CV_valency	19_3_6_clausal_CV_valency	fig:heatmap-19-clausal-cv-valency	3.6 Clausal complement CV valency	42_svo_gn_er_b_ep	svo	gn	erg-abs	balancing	erg-poss	sov	SV	PVA	100	0.7533333333333333	0.020816659994661348	75.33333333333333	2.0816659994661326	0.73	0.77	0.0	0.0	0.4353807298342387	0.013043560218822024	bos_eos	seed_42,seed_43,seed_44
3_6_clausal_CV_valency	19_3_6_clausal_CV_valency	fig:heatmap-19-clausal-cv-valency	3.6 Clausal complement CV valency	43_svo_gn_er_b_no	svo	gn	erg-abs	balancing	nomn	svo	SV	AVP	100	0.7666666666666667	0.01527525231651948	76.66666666666667	1.5275252316519468	0.75	0.78	0.0	0.0	0.43364829301834107	0.009659973143265813	bos_eos	seed_42,seed_43,seed_44
3_6_clausal_CV_valency	19_3_6_clausal_CV_valency	fig:heatmap-19-clausal-cv-valency	3.6 Clausal complement CV valency	44_svo_gn_er_d_se	svo	gn	erg-abs	deranking	sent	svo	SV	AVP	100	0.78	0.026457513110645932	78.0	2.6457513110645907	0.76	0.81	0.0	0.0	0.4440637429555257	0.008376621309648245	bos_eos	seed_42,seed_43,seed_44
3_6_clausal_CV_valency	19_3_6_clausal_CV_valency	fig:heatmap-19-clausal-cv-valency	3.6 Clausal complement CV valency	45_svo_gn_er_d_pa	svo	gn	erg-abs	deranking	poss-acc	svo	SV	AVP	100	0.7466666666666667	0.005773502691896263	74.66666666666667	0.5773502691896257	0.74	0.75	0.0	0.0	0.4445207341512044	0.037044080782285944	bos_eos	seed_42,seed_43,seed_44
3_6_clausal_CV_valency	19_3_6_clausal_CV_valency	fig:heatmap-19-clausal-cv-valency	3.6 Clausal complement CV valency	46_svo_gn_er_d_ep	svo	gn	erg-abs	deranking	erg-poss	sov	SV	PVA	100	0.7366666666666667	0.011547005383792526	73.66666666666667	1.1547005383792515	0.73	0.75	0.0	0.0	0.4401481890678406	0.036425269416440476	bos_eos	seed_42,seed_43,seed_44
3_6_clausal_CV_valency	19_3_6_clausal_CV_valency	fig:heatmap-19-clausal-cv-valency	3.6 Clausal complement CV valency	47_svo_gn_er_d_no	svo	gn	erg-abs	deranking	nomn	svo	SV	AVP	100	0.74	0.010000000000000009	74.0	1.0	0.73	0.75	0.0	0.0	0.45218142827351887	0.023700644580930755	bos_eos	seed_42,seed_43,seed_44
3_6_clausal_CV_valency	19_3_6_clausal_CV_valency	fig:heatmap-19-clausal-cv-valency	3.6 Clausal complement CV valency	48_svo_ng_ac_b_se	svo	ng	nom-acc	balancing	sent	svo	SV	AVP	100	0.7533333333333333	0.005773502691896263	75.33333333333333	0.5773502691896257	0.75	0.76	0.0	0.0	0.5214100376764933	0.03041676112153669	bos_eos	seed_42,seed_43,seed_44
3_6_clausal_CV_valency	19_3_6_clausal_CV_valency	fig:heatmap-19-clausal-cv-valency	3.6 Clausal complement CV valency	49_svo_ng_ac_b_pa	svo	ng	nom-acc	balancing	poss-acc	vos	VS	VPA	100	0.7566666666666667	0.01527525231651948	75.66666666666667	1.5275252316519468	0.74	0.77	0.0	0.0	0.5432071415583293	0.02636832124754063	bos_eos	seed_42,seed_43,seed_44
3_6_clausal_CV_valency	19_3_6_clausal_CV_valency	fig:heatmap-19-clausal-cv-valency	3.6 Clausal complement CV valency	50_svo_ng_ac_b_ep	svo	ng	nom-acc	balancing	erg-poss	vos	VS	VPA	100	0.78	0.034641016151377574	78.0	3.4641016151377544	0.74	0.8	0.0	0.0	0.5318644730250041	0.029314091230681443	bos_eos	seed_42,seed_43,seed_44
3_6_clausal_CV_valency	19_3_6_clausal_CV_valency	fig:heatmap-19-clausal-cv-valency	3.6 Clausal complement CV valency	51_svo_ng_ac_b_no	svo	ng	nom-acc	balancing	nomn	vos	VS	VPA	100	0.7733333333333333	0.005773502691896263	77.33333333333333	0.5773502691896257	0.77	0.78	0.0	0.0	0.5340406576792399	0.03043070042251458	bos_eos	seed_42,seed_43,seed_44
3_6_clausal_CV_valency	19_3_6_clausal_CV_valency	fig:heatmap-19-clausal-cv-valency	3.6 Clausal complement CV valency	52_svo_ng_ac_d_se	svo	ng	nom-acc	deranking	sent	svo	SV	AVP	100	0.7566666666666667	0.03511884584284249	75.66666666666667	3.5118845842842465	0.72	0.79	0.0	0.0	0.5126045433680216	0.029934640801464345	bos_eos	seed_42,seed_43,seed_44
3_6_clausal_CV_valency	19_3_6_clausal_CV_valency	fig:heatmap-19-clausal-cv-valency	3.6 Clausal complement CV valency	53_svo_ng_ac_d_pa	svo	ng	nom-acc	deranking	poss-acc	vos	VS	VPA	100	0.7433333333333333	0.005773502691896263	74.33333333333333	0.5773502691896257	0.74	0.75	0.0	0.0	0.49951204379399616	0.009897657818673666	bos_eos	seed_42,seed_43,seed_44
3_6_clausal_CV_valency	19_3_6_clausal_CV_valency	fig:heatmap-19-clausal-cv-valency	3.6 Clausal complement CV valency	54_svo_ng_ac_d_ep	svo	ng	nom-acc	deranking	erg-poss	vos	VS	VPA	100	0.75	0.020000000000000018	75.0	2.0	0.73	0.77	0.0	0.0	0.5007458957036336	0.017041985316963024	bos_eos	seed_42,seed_43,seed_44
3_6_clausal_CV_valency	19_3_6_clausal_CV_valency	fig:heatmap-19-clausal-cv-valency	3.6 Clausal complement CV valency	55_svo_ng_ac_d_no	svo	ng	nom-acc	deranking	nomn	vos	VS	VPA	100	0.75	0.010000000000000009	75.0	1.0	0.74	0.76	0.0	0.0	0.5240226984024048	0.030928495383806428	bos_eos	seed_42,seed_43,seed_44
3_6_clausal_CV_valency	19_3_6_clausal_CV_valency	fig:heatmap-19-clausal-cv-valency	3.6 Clausal complement CV valency	56_svo_ng_er_b_se	svo	ng	erg-abs	balancing	sent	svo	SV	AVP	100	0.76	0.026457513110645932	76.0	2.6457513110645907	0.73	0.78	0.0	0.0	0.4169483788808187	0.010833787813881867	bos_eos	seed_42,seed_43,seed_44
3_6_clausal_CV_valency	19_3_6_clausal_CV_valency	fig:heatmap-19-clausal-cv-valency	3.6 Clausal complement CV valency	57_svo_ng_er_b_pa	svo	ng	erg-abs	balancing	poss-acc	vos	VS	VPA	100	0.7466666666666667	0.03785938897200186	74.66666666666667	3.7859388972001824	0.72	0.79	0.0	0.0	0.43756008942921953	0.024786927788302143	bos_eos	seed_42,seed_43,seed_44
3_6_clausal_CV_valency	19_3_6_clausal_CV_valency	fig:heatmap-19-clausal-cv-valency	3.6 Clausal complement CV valency	58_svo_ng_er_b_ep	svo	ng	erg-abs	balancing	erg-poss	vos	VS	VPA	100	0.7466666666666667	0.005773502691896263	74.66666666666667	0.5773502691896257	0.74	0.75	0.0	0.0	0.42165135939915976	0.02524547923276943	bos_eos	seed_42,seed_43,seed_44
3_6_clausal_CV_valency	19_3_6_clausal_CV_valency	fig:heatmap-19-clausal-cv-valency	3.6 Clausal complement CV valency	59_svo_ng_er_b_no	svo	ng	erg-abs	balancing	nomn	vos	VS	VPA	100	0.7766666666666666	0.04041451884327378	77.66666666666666	4.041451884327381	0.74	0.82	0.0	0.0	0.42146137317021687	0.027173328305692544	bos_eos	seed_42,seed_43,seed_44
3_6_clausal_CV_valency	19_3_6_clausal_CV_valency	fig:heatmap-19-clausal-cv-valency	3.6 Clausal complement CV valency	60_svo_ng_er_d_se	svo	ng	erg-abs	deranking	sent	svo	SV	AVP	100	0.73	0.017320508075688787	73.0	1.7320508075688772	0.72	0.75	0.0	0.0	0.4102218993504842	0.02897366916124953	bos_eos	seed_42,seed_43,seed_44
3_6_clausal_CV_valency	19_3_6_clausal_CV_valency	fig:heatmap-19-clausal-cv-valency	3.6 Clausal complement CV valency	61_svo_ng_er_d_pa	svo	ng	erg-abs	deranking	poss-acc	vos	VS	VPA	100	0.74	0.05567764362830021	74.0	5.5677643628300215	0.68	0.79	0.0	0.0	0.4125863345464071	0.01387555336371674	bos_eos	seed_42,seed_43,seed_44
3_6_clausal_CV_valency	19_3_6_clausal_CV_valency	fig:heatmap-19-clausal-cv-valency	3.6 Clausal complement CV valency	62_svo_ng_er_d_ep	svo	ng	erg-abs	deranking	erg-poss	vos	VS	VPA	100	0.7366666666666667	0.03055050463303896	73.66666666666667	3.0550504633038935	0.71	0.77	0.0	0.0	0.4272802376747131	0.006170558932205594	bos_eos	seed_42,seed_43,seed_44
3_6_clausal_CV_valency	19_3_6_clausal_CV_valency	fig:heatmap-19-clausal-cv-valency	3.6 Clausal complement CV valency	63_svo_ng_er_d_no	svo	ng	erg-abs	deranking	nomn	vos	VS	VPA	100	0.73	0.010000000000000009	73.0	1.0	0.72	0.74	0.0	0.0	0.4504582850138346	0.038767706662233406	bos_eos	seed_42,seed_43,seed_44
3_6_clausal_CV_valency	19_3_6_clausal_CV_valency	fig:heatmap-19-clausal-cv-valency	3.6 Clausal complement CV valency	64_vos_gn_ac_b_se	vos	gn	nom-acc	balancing	sent	vos	VS	VPA	100	0.73	0.020000000000000018	73.0	2.0	0.71	0.75	0.0	0.0	0.5105602510770162	0.017631695897653288	bos_eos	seed_42,seed_43,seed_44
3_6_clausal_CV_valency	19_3_6_clausal_CV_valency	fig:heatmap-19-clausal-cv-valency	3.6 Clausal complement CV valency	65_vos_gn_ac_b_pa	vos	gn	nom-acc	balancing	poss-acc	svo	SV	AVP	100	0.7333333333333333	0.020816659994661348	73.33333333333333	2.0816659994661326	0.71	0.75	0.0	0.0	0.4947068985303243	0.02072231735710882	bos_eos	seed_42,seed_43,seed_44
3_6_clausal_CV_valency	19_3_6_clausal_CV_valency	fig:heatmap-19-clausal-cv-valency	3.6 Clausal complement CV valency	66_vos_gn_ac_b_ep	vos	gn	nom-acc	balancing	erg-poss	sov	SV	PVA	100	0.7133333333333333	0.020816659994661348	71.33333333333333	2.0816659994661326	0.69	0.73	0.0	0.0	0.46853977521260576	0.03184991560724249	bos_eos	seed_42,seed_43,seed_44
3_6_clausal_CV_valency	19_3_6_clausal_CV_valency	fig:heatmap-19-clausal-cv-valency	3.6 Clausal complement CV valency	67_vos_gn_ac_b_no	vos	gn	nom-acc	balancing	nomn	svo	SV	AVP	100	0.7233333333333333	0.01527525231651948	72.33333333333333	1.5275252316519468	0.71	0.74	0.0	0.0	0.4778533315658569	0.02179641234205944	bos_eos	seed_42,seed_43,seed_44
3_6_clausal_CV_valency	19_3_6_clausal_CV_valency	fig:heatmap-19-clausal-cv-valency	3.6 Clausal complement CV valency	68_vos_gn_ac_d_se	vos	gn	nom-acc	deranking	sent	vos	VS	VPA	100	0.7066666666666667	0.005773502691896263	70.66666666666667	0.5773502691896257	0.7	0.71	0.0	0.0	0.44658581097920735	0.007771017618007028	bos_eos	seed_42,seed_43,seed_44
3_6_clausal_CV_valency	19_3_6_clausal_CV_valency	fig:heatmap-19-clausal-cv-valency	3.6 Clausal complement CV valency	69_vos_gn_ac_d_pa	vos	gn	nom-acc	deranking	poss-acc	svo	SV	AVP	100	0.7133333333333333	0.025166114784235857	71.33333333333333	2.516611478423583	0.69	0.74	0.0	0.0	0.47317591826121014	0.015606949274760034	bos_eos	seed_42,seed_43,seed_44
3_6_clausal_CV_valency	19_3_6_clausal_CV_valency	fig:heatmap-19-clausal-cv-valency	3.6 Clausal complement CV valency	70_vos_gn_ac_d_ep	vos	gn	nom-acc	deranking	erg-poss	sov	SV	PVA	100	0.73	0.026457513110645932	73.0	2.6457513110645907	0.71	0.76	0.0	0.0	0.45573251167933143	0.02116891663036681	bos_eos	seed_42,seed_43,seed_44
3_6_clausal_CV_valency	19_3_6_clausal_CV_valency	fig:heatmap-19-clausal-cv-valency	3.6 Clausal complement CV valency	71_vos_gn_ac_d_no	vos	gn	nom-acc	deranking	nomn	svo	SV	AVP	100	0.7166666666666667	0.011547005383792526	71.66666666666667	1.1547005383792515	0.71	0.73	0.0	0.0	0.48038668553034464	0.015576900569473095	bos_eos	seed_42,seed_43,seed_44
3_6_clausal_CV_valency	19_3_6_clausal_CV_valency	fig:heatmap-19-clausal-cv-valency	3.6 Clausal complement CV valency	72_vos_gn_er_b_se	vos	gn	erg-abs	balancing	sent	vos	VS	VPA	100	0.7233333333333334	0.03785938897200179	72.33333333333334	3.7859388972001824	0.68	0.75	0.0	0.0	0.39525871992111206	0.01300768506163647	bos_eos	seed_42,seed_43,seed_44
3_6_clausal_CV_valency	19_3_6_clausal_CV_valency	fig:heatmap-19-clausal-cv-valency	3.6 Clausal complement CV valency	73_vos_gn_er_b_pa	vos	gn	erg-abs	balancing	poss-acc	svo	SV	AVP	100	0.7166666666666667	0.01527525231651948	71.66666666666667	1.5275252316519468	0.7	0.73	0.0	0.0	0.3920702870686849	0.015863147620914706	bos_eos	seed_42,seed_43,seed_44
3_6_clausal_CV_valency	19_3_6_clausal_CV_valency	fig:heatmap-19-clausal-cv-valency	3.6 Clausal complement CV valency	74_vos_gn_er_b_ep	vos	gn	erg-abs	balancing	erg-poss	sov	SV	PVA	100	0.73	0.010000000000000009	73.0	1.0	0.72	0.74	0.0	0.0	0.4056820257504781	0.01969977695239198	bos_eos	seed_42,seed_43,seed_44
3_6_clausal_CV_valency	19_3_6_clausal_CV_valency	fig:heatmap-19-clausal-cv-valency	3.6 Clausal complement CV valency	75_vos_gn_er_b_no	vos	gn	erg-abs	balancing	nomn	svo	SV	AVP	100	0.7033333333333334	0.030550504633038898	70.33333333333334	3.0550504633038935	0.67	0.73	0.0	0.0	0.3884285012880961	0.0185534927799212	bos_eos	seed_42,seed_43,seed_44
3_6_clausal_CV_valency	19_3_6_clausal_CV_valency	fig:heatmap-19-clausal-cv-valency	3.6 Clausal complement CV valency	76_vos_gn_er_d_se	vos	gn	erg-abs	deranking	sent	vos	VS	VPA	100	0.7333333333333333	0.005773502691896263	73.33333333333333	0.5773502691896257	0.73	0.74	0.0	0.0	0.4033952482541402	0.017078300684782173	bos_eos	seed_42,seed_43,seed_44
3_6_clausal_CV_valency	19_3_6_clausal_CV_valency	fig:heatmap-19-clausal-cv-valency	3.6 Clausal complement CV valency	77_vos_gn_er_d_pa	vos	gn	erg-abs	deranking	poss-acc	svo	SV	AVP	100	0.7266666666666667	0.005773502691896263	72.66666666666667	0.5773502691896257	0.72	0.73	0.0	0.0	0.394851283232371	0.013128497118244709	bos_eos	seed_42,seed_43,seed_44
3_6_clausal_CV_valency	19_3_6_clausal_CV_valency	fig:heatmap-19-clausal-cv-valency	3.6 Clausal complement CV valency	78_vos_gn_er_d_ep	vos	gn	erg-abs	deranking	erg-poss	sov	SV	PVA	100	0.7133333333333333	0.005773502691896263	71.33333333333333	0.5773502691896257	0.71	0.72	0.0	0.0	0.39361545006434123	0.027236268482400305	bos_eos	seed_42,seed_43,seed_44
3_6_clausal_CV_valency	19_3_6_clausal_CV_valency	fig:heatmap-19-clausal-cv-valency	3.6 Clausal complement CV valency	79_vos_gn_er_d_no	vos	gn	erg-abs	deranking	nomn	svo	SV	AVP	100	0.7333333333333333	0.020816659994661348	73.33333333333333	2.0816659994661326	0.71	0.75	0.0	0.0	0.41069030443827315	0.027490266202049116	bos_eos	seed_42,seed_43,seed_44
3_6_clausal_CV_valency	19_3_6_clausal_CV_valency	fig:heatmap-19-clausal-cv-valency	3.6 Clausal complement CV valency	80_vos_ng_ac_b_se	vos	ng	nom-acc	balancing	sent	vos	VS	VPA	100	0.7133333333333333	0.011547005383792526	71.33333333333333	1.1547005383792515	0.7	0.72	0.0	0.0	0.472673819065094	0.026028560116674666	bos_eos	seed_42,seed_43,seed_44
3_6_clausal_CV_valency	19_3_6_clausal_CV_valency	fig:heatmap-19-clausal-cv-valency	3.6 Clausal complement CV valency	81_vos_ng_ac_b_pa	vos	ng	nom-acc	balancing	poss-acc	vos	VS	VPA	100	0.72	0.010000000000000009	72.0	1.0	0.71	0.73	0.0	0.0	0.48487972577412924	0.018788731039176176	bos_eos	seed_42,seed_43,seed_44
3_6_clausal_CV_valency	19_3_6_clausal_CV_valency	fig:heatmap-19-clausal-cv-valency	3.6 Clausal complement CV valency	82_vos_ng_ac_b_ep	vos	ng	nom-acc	balancing	erg-poss	vos	VS	VPA	100	0.73	0.010000000000000009	73.0	1.0	0.72	0.74	0.0	0.0	0.46725146373112997	0.03362631073247615	bos_eos	seed_42,seed_43,seed_44
3_6_clausal_CV_valency	19_3_6_clausal_CV_valency	fig:heatmap-19-clausal-cv-valency	3.6 Clausal complement CV valency	83_vos_ng_ac_b_no	vos	ng	nom-acc	balancing	nomn	vos	VS	VPA	100	0.73	0.026457513110645932	73.0	2.6457513110645907	0.71	0.76	0.0	0.0	0.49880900859832766	0.05655136889079214	bos_eos	seed_42,seed_43,seed_44
3_6_clausal_CV_valency	19_3_6_clausal_CV_valency	fig:heatmap-19-clausal-cv-valency	3.6 Clausal complement CV valency	84_vos_ng_ac_d_se	vos	ng	nom-acc	deranking	sent	vos	VS	VPA	100	0.7333333333333333	0.020816659994661348	73.33333333333333	2.0816659994661326	0.71	0.75	0.0	0.0	0.4757549405097961	0.014309125407397302	bos_eos	seed_42,seed_43,seed_44
3_6_clausal_CV_valency	19_3_6_clausal_CV_valency	fig:heatmap-19-clausal-cv-valency	3.6 Clausal complement CV valency	85_vos_ng_ac_d_pa	vos	ng	nom-acc	deranking	poss-acc	vos	VS	VPA	100	0.73	0.017320508075688787	73.0	1.7320508075688772	0.72	0.75	0.0	0.0	0.4730619764328003	0.02645097735668016	bos_eos	seed_42,seed_43,seed_44
3_6_clausal_CV_valency	19_3_6_clausal_CV_valency	fig:heatmap-19-clausal-cv-valency	3.6 Clausal complement CV valency	86_vos_ng_ac_d_ep	vos	ng	nom-acc	deranking	erg-poss	vos	VS	VPA	100	0.7233333333333333	0.01527525231651948	72.33333333333333	1.5275252316519468	0.71	0.74	0.0	0.0	0.4713042855262756	0.034936524307509126	bos_eos	seed_42,seed_43,seed_44
3_6_clausal_CV_valency	19_3_6_clausal_CV_valency	fig:heatmap-19-clausal-cv-valency	3.6 Clausal complement CV valency	87_vos_ng_ac_d_no	vos	ng	nom-acc	deranking	nomn	vos	VS	VPA	100	0.7133333333333334	0.02886751345948125	71.33333333333334	2.886751345948129	0.68	0.73	0.0	0.0	0.4741282423337301	0.025503667257788954	bos_eos	seed_42,seed_43,seed_44
3_6_clausal_CV_valency	19_3_6_clausal_CV_valency	fig:heatmap-19-clausal-cv-valency	3.6 Clausal complement CV valency	88_vos_ng_er_b_se	vos	ng	erg-abs	balancing	sent	vos	VS	VPA	100	0.72	0.017320508075688787	72.0	1.7320508075688772	0.7	0.73	0.0	0.0	0.3767984382311503	0.021515225383925255	bos_eos	seed_42,seed_43,seed_44
3_6_clausal_CV_valency	19_3_6_clausal_CV_valency	fig:heatmap-19-clausal-cv-valency	3.6 Clausal complement CV valency	89_vos_ng_er_b_pa	vos	ng	erg-abs	balancing	poss-acc	vos	VS	VPA	100	0.72	0.017320508075688787	72.0	1.7320508075688772	0.71	0.74	0.0	0.0	0.3827312477429708	0.012131597941663966	bos_eos	seed_42,seed_43,seed_44
3_6_clausal_CV_valency	19_3_6_clausal_CV_valency	fig:heatmap-19-clausal-cv-valency	3.6 Clausal complement CV valency	90_vos_ng_er_b_ep	vos	ng	erg-abs	balancing	erg-poss	vos	VS	VPA	100	0.73	0.010000000000000009	73.0	1.0	0.72	0.74	0.0	0.0	0.37890647729237875	0.0201930933152106	bos_eos	seed_42,seed_43,seed_44
3_6_clausal_CV_valency	19_3_6_clausal_CV_valency	fig:heatmap-19-clausal-cv-valency	3.6 Clausal complement CV valency	91_vos_ng_er_b_no	vos	ng	erg-abs	balancing	nomn	vos	VS	VPA	100	0.71	0.03464101615137751	71.0	3.4641016151377544	0.67	0.73	0.0	0.0	0.4166060749689738	0.018276194454474672	bos_eos	seed_42,seed_43,seed_44
3_6_clausal_CV_valency	19_3_6_clausal_CV_valency	fig:heatmap-19-clausal-cv-valency	3.6 Clausal complement CV valency	92_vos_ng_er_d_se	vos	ng	erg-abs	deranking	sent	vos	VS	VPA	100	0.7266666666666667	0.020816659994661348	72.66666666666667	2.0816659994661326	0.71	0.75	0.0	0.0	0.3720608878135681	0.02294370495321639	bos_eos	seed_42,seed_43,seed_44
3_6_clausal_CV_valency	19_3_6_clausal_CV_valency	fig:heatmap-19-clausal-cv-valency	3.6 Clausal complement CV valency	93_vos_ng_er_d_pa	vos	ng	erg-abs	deranking	poss-acc	vos	VS	VPA	100	0.74	0.026457513110645932	74.0	2.6457513110645907	0.71	0.76	0.0	0.0	0.3944230580329895	0.019718106886649454	bos_eos	seed_42,seed_43,seed_44
3_6_clausal_CV_valency	19_3_6_clausal_CV_valency	fig:heatmap-19-clausal-cv-valency	3.6 Clausal complement CV valency	94_vos_ng_er_d_ep	vos	ng	erg-abs	deranking	erg-poss	vos	VS	VPA	100	0.7433333333333333	0.011547005383792526	74.33333333333333	1.1547005383792515	0.73	0.75	0.0	0.0	0.403618905544281	0.01641159971861828	bos_eos	seed_42,seed_43,seed_44
3_6_clausal_CV_valency	19_3_6_clausal_CV_valency	fig:heatmap-19-clausal-cv-valency	3.6 Clausal complement CV valency	95_vos_ng_er_d_no	vos	ng	erg-abs	deranking	nomn	vos	VS	VPA	100	0.7366666666666667	0.01527525231651948	73.66666666666667	1.5275252316519468	0.72	0.75	0.0	0.0	0.4233054645856221	0.02378928871330811	bos_eos	seed_42,seed_43,seed_44
4_1_anc_V_form	20_4_1_anc_V_form	fig:heatmap-20-anc-v-form	4.1 ANC verb form	00_sov_gn_ac_b_se	sov	gn	nom-acc	balancing	sent	sov	SV	APV	100	0.85	0.010000000000000009	85.0	1.0	0.84	0.86	0.0	0.0	0.9622881706555685	0.028694203653882915	bos_eos	seed_42,seed_43,seed_44
4_1_anc_V_form	20_4_1_anc_V_form	fig:heatmap-20-anc-v-form	4.1 ANC verb form	01_sov_gn_ac_b_pa	sov	gn	nom-acc	balancing	poss-acc	sov	SV	APV	100	0.8833333333333333	0.01527525231651948	88.33333333333333	1.5275252316519468	0.87	0.9	0.0	0.0	1.014870982170105	0.05096016209102485	bos_eos	seed_42,seed_43,seed_44
4_1_anc_V_form	20_4_1_anc_V_form	fig:heatmap-20-anc-v-form	4.1 ANC verb form	02_sov_gn_ac_b_ep	sov	gn	nom-acc	balancing	erg-poss	sov	SV	APV	100	0.9233333333333333	0.011547005383792526	92.33333333333333	1.1547005383792515	0.91	0.93	0.0	0.0	1.1186515291531882	0.06047044495493728	bos_eos	seed_42,seed_43,seed_44
4_1_anc_V_form	20_4_1_anc_V_form	fig:heatmap-20-anc-v-form	4.1 ANC verb form	03_sov_gn_ac_b_no	sov	gn	nom-acc	balancing	nomn	sov	SV	APV	100	0.9266666666666666	0.023094010767584987	92.66666666666666	2.309401076758503	0.9	0.94	0.0	0.0	1.1910735098520915	0.004323474328849855	bos_eos	seed_42,seed_43,seed_44
4_1_anc_V_form	20_4_1_anc_V_form	fig:heatmap-20-anc-v-form	4.1 ANC verb form	04_sov_gn_ac_d_se	sov	gn	nom-acc	deranking	sent	sov	SV	APV	100	0.8766666666666667	0.005773502691896263	87.66666666666667	0.5773502691896257	0.87	0.88	0.0	0.0	1.1052539372444152	0.08283109896887271	bos_eos	seed_42,seed_43,seed_44
4_1_anc_V_form	20_4_1_anc_V_form	fig:heatmap-20-anc-v-form	4.1 ANC verb form	05_sov_gn_ac_d_pa	sov	gn	nom-acc	deranking	poss-acc	sov	SV	APV	100	0.8966666666666667	0.005773502691896263	89.66666666666667	0.5773502691896257	0.89	0.9	0.0	0.0	1.1238719709714253	0.012192032627280873	bos_eos	seed_42,seed_43,seed_44
4_1_anc_V_form	20_4_1_anc_V_form	fig:heatmap-20-anc-v-form	4.1 ANC verb form	06_sov_gn_ac_d_ep	sov	gn	nom-acc	deranking	erg-poss	sov	SV	APV	100	0.9333333333333333	0.011547005383792462	93.33333333333333	1.1547005383792515	0.92	0.94	0.0	0.0	1.1461774619420368	0.11578863444234805	bos_eos	seed_42,seed_43,seed_44
4_1_anc_V_form	20_4_1_anc_V_form	fig:heatmap-20-anc-v-form	4.1 ANC verb form	07_sov_gn_ac_d_no	sov	gn	nom-acc	deranking	nomn	sov	SV	APV	100	0.9433333333333334	0.03214550253664315	94.33333333333334	3.2145502536643185	0.92	0.98	0.0	0.0	1.1838487164179483	0.05456362563041012	bos_eos	seed_42,seed_43,seed_44
4_1_anc_V_form	20_4_1_anc_V_form	fig:heatmap-20-anc-v-form	4.1 ANC verb form	08_sov_gn_er_b_se	sov	gn	erg-abs	balancing	sent	sov	SV	APV	100	0.8099999999999999	0.017320508075688724	81.0	1.7320508075688772	0.79	0.82	0.0	0.0	0.6821631256739298	0.009439183055539209	bos_eos	seed_42,seed_43,seed_44
4_1_anc_V_form	20_4_1_anc_V_form	fig:heatmap-20-anc-v-form	4.1 ANC verb form	09_sov_gn_er_b_pa	sov	gn	erg-abs	balancing	poss-acc	sov	SV	APV	100	0.85	0.010000000000000009	85.0	1.0	0.84	0.86	0.0	0.0	0.8288831106821696	0.042928810951357116	bos_eos	seed_42,seed_43,seed_44
4_1_anc_V_form	20_4_1_anc_V_form	fig:heatmap-20-anc-v-form	4.1 ANC verb form	10_sov_gn_er_b_ep	sov	gn	erg-abs	balancing	erg-poss	sov	SV	APV	100	0.9033333333333333	0.020816659994661348	90.33333333333333	2.0816659994661326	0.88	0.92	0.0	0.0	1.0459524512290954	0.061696642354262345	bos_eos	seed_42,seed_43,seed_44
4_1_anc_V_form	20_4_1_anc_V_form	fig:heatmap-20-anc-v-form	4.1 ANC verb form	11_sov_gn_er_b_no	sov	gn	erg-abs	balancing	nomn	sov	SV	APV	100	0.8933333333333333	0.03785938897200186	89.33333333333333	3.7859388972001824	0.85	0.92	0.0	0.0	1.0984090463320415	0.03476536561138247	bos_eos	seed_42,seed_43,seed_44
4_1_anc_V_form	20_4_1_anc_V_form	fig:heatmap-20-anc-v-form	4.1 ANC verb form	12_sov_gn_er_d_se	sov	gn	erg-abs	deranking	sent	sov	SV	APV	100	0.9033333333333333	0.011547005383792526	90.33333333333333	1.1547005383792515	0.89	0.91	0.0	0.0	1.164932332833608	0.03333581225854206	bos_eos	seed_42,seed_43,seed_44
4_1_anc_V_form	20_4_1_anc_V_form	fig:heatmap-20-anc-v-form	4.1 ANC verb form	13_sov_gn_er_d_pa	sov	gn	erg-abs	deranking	poss-acc	sov	SV	APV	100	0.9133333333333333	0.020816659994661348	91.33333333333333	2.0816659994661326	0.89	0.93	0.0	0.0	1.16032288312912	0.09228106379577547	bos_eos	seed_42,seed_43,seed_44
4_1_anc_V_form	20_4_1_anc_V_form	fig:heatmap-20-anc-v-form	4.1 ANC verb form	14_sov_gn_er_d_ep	sov	gn	erg-abs	deranking	erg-poss	sov	SV	APV	100	0.9233333333333333	0.005773502691896263	92.33333333333333	0.5773502691896257	0.92	0.93	0.0	0.0	1.2567137201627094	0.01882267308112905	bos_eos	seed_42,seed_43,seed_44
4_1_anc_V_form	20_4_1_anc_V_form	fig:heatmap-20-anc-v-form	4.1 ANC verb form	15_sov_gn_er_d_no	sov	gn	erg-abs	deranking	nomn	sov	SV	APV	100	0.9466666666666667	0.011547005383792526	94.66666666666667	1.1547005383792515	0.94	0.96	0.0	0.0	1.338745588461558	0.05905906709516353	bos_eos	seed_42,seed_43,seed_44
4_1_anc_V_form	20_4_1_anc_V_form	fig:heatmap-20-anc-v-form	4.1 ANC verb form	16_sov_ng_ac_b_se	sov	ng	nom-acc	balancing	sent	sov	SV	APV	100	0.84	0.020000000000000018	84.0	2.0	0.82	0.86	0.0	0.0	0.8756221469243367	0.06066809573702315	bos_eos	seed_42,seed_43,seed_44
4_1_anc_V_form	20_4_1_anc_V_form	fig:heatmap-20-anc-v-form	4.1 ANC verb form	17_sov_ng_ac_b_pa	sov	ng	nom-acc	balancing	poss-acc	ovs	VS	PVA	100	0.9	0.010000000000000009	90.0	1.0	0.89	0.91	0.0	0.0	1.0454778250058492	0.03604522423791896	bos_eos	seed_42,seed_43,seed_44
4_1_anc_V_form	20_4_1_anc_V_form	fig:heatmap-20-anc-v-form	4.1 ANC verb form	18_sov_ng_ac_b_ep	sov	ng	nom-acc	balancing	erg-poss	vos	VS	AVP	100	0.9333333333333333	0.005773502691896198	93.33333333333333	0.5773502691896257	0.93	0.94	0.0	0.0	1.232907519340515	0.09964495842261835	bos_eos	seed_42,seed_43,seed_44
4_1_anc_V_form	20_4_1_anc_V_form	fig:heatmap-20-anc-v-form	4.1 ANC verb form	19_sov_ng_ac_b_no	sov	ng	nom-acc	balancing	nomn	ovs	VS	PVA	100	0.9266666666666667	0.005773502691896263	92.66666666666667	0.5773502691896257	0.92	0.93	0.0	0.0	1.1876965316136678	0.017453754592155712	bos_eos	seed_42,seed_43,seed_44
4_1_anc_V_form	20_4_1_anc_V_form	fig:heatmap-20-anc-v-form	4.1 ANC verb form	20_sov_ng_ac_d_se	sov	ng	nom-acc	deranking	sent	sov	SV	APV	100	0.88	0.010000000000000009	88.0	1.0	0.87	0.89	0.0	0.0	1.0794381030400595	0.04033813758887861	bos_eos	seed_42,seed_43,seed_44
4_1_anc_V_form	20_4_1_anc_V_form	fig:heatmap-20-anc-v-form	4.1 ANC verb form	21_sov_ng_ac_d_pa	sov	ng	nom-acc	deranking	poss-acc	ovs	VS	PVA	100	0.9033333333333333	0.005773502691896263	90.33333333333333	0.5773502691896257	0.9	0.91	0.0	0.0	1.0580222153663636	0.05418561928253821	bos_eos	seed_42,seed_43,seed_44
4_1_anc_V_form	20_4_1_anc_V_form	fig:heatmap-20-anc-v-form	4.1 ANC verb form	22_sov_ng_ac_d_ep	sov	ng	nom-acc	deranking	erg-poss	vos	VS	AVP	100	0.9366666666666666	0.005773502691896198	93.66666666666667	0.5773502691896257	0.93	0.94	0.0	0.0	1.2390895732243856	0.02007646541685696	bos_eos	seed_42,seed_43,seed_44
4_1_anc_V_form	20_4_1_anc_V_form	fig:heatmap-20-anc-v-form	4.1 ANC verb form	23_sov_ng_ac_d_no	sov	ng	nom-acc	deranking	nomn	ovs	VS	PVA	100	0.9299999999999999	0.017320508075688724	93.0	1.7320508075688772	0.91	0.94	0.0	0.0	1.2211575984954834	0.021679797776643323	bos_eos	seed_42,seed_43,seed_44
4_1_anc_V_form	20_4_1_anc_V_form	fig:heatmap-20-anc-v-form	4.1 ANC verb form	24_sov_ng_er_b_se	sov	ng	erg-abs	balancing	sent	sov	SV	APV	100	0.7666666666666667	0.03214550253664321	76.66666666666667	3.2145502536643185	0.73	0.79	0.0	0.0	0.6519653169314067	0.03857028529222027	bos_eos	seed_42,seed_43,seed_44
4_1_anc_V_form	20_4_1_anc_V_form	fig:heatmap-20-anc-v-form	4.1 ANC verb form	25_sov_ng_er_b_pa	sov	ng	erg-abs	balancing	poss-acc	ovs	VS	PVA	100	0.8533333333333333	0.005773502691896263	85.33333333333333	0.5773502691896257	0.85	0.86	0.0	0.0	0.9354680705070496	0.019343654697024783	bos_eos	seed_42,seed_43,seed_44
4_1_anc_V_form	20_4_1_anc_V_form	fig:heatmap-20-anc-v-form	4.1 ANC verb form	26_sov_ng_er_b_ep	sov	ng	erg-abs	balancing	erg-poss	vos	VS	AVP	100	0.9233333333333333	0.005773502691896263	92.33333333333333	0.5773502691896257	0.92	0.93	0.0	0.0	1.186021695137024	0.05484809609136106	bos_eos	seed_42,seed_43,seed_44
4_1_anc_V_form	20_4_1_anc_V_form	fig:heatmap-20-anc-v-form	4.1 ANC verb form	27_sov_ng_er_b_no	sov	ng	erg-abs	balancing	nomn	ovs	VS	PVA	100	0.8966666666666667	0.020816659994661348	89.66666666666667	2.0816659994661326	0.88	0.92	0.0	0.0	1.1391291840871176	0.014494491336606595	bos_eos	seed_42,seed_43,seed_44
4_1_anc_V_form	20_4_1_anc_V_form	fig:heatmap-20-anc-v-form	4.1 ANC verb form	28_sov_ng_er_d_se	sov	ng	erg-abs	deranking	sent	sov	SV	APV	100	0.8866666666666667	0.011547005383792526	88.66666666666667	1.1547005383792515	0.88	0.9	0.0	0.0	1.144911003112793	0.016739515361695843	bos_eos	seed_42,seed_43,seed_44
4_1_anc_V_form	20_4_1_anc_V_form	fig:heatmap-20-anc-v-form	4.1 ANC verb form	29_sov_ng_er_d_pa	sov	ng	erg-abs	deranking	poss-acc	ovs	VS	PVA	100	0.9	0.010000000000000009	90.0	1.0	0.89	0.91	0.0	0.0	1.089203160603841	0.04499302352499183	bos_eos	seed_42,seed_43,seed_44
4_1_anc_V_form	20_4_1_anc_V_form	fig:heatmap-20-anc-v-form	4.1 ANC verb form	30_sov_ng_er_d_ep	sov	ng	erg-abs	deranking	erg-poss	vos	VS	AVP	100	0.9266666666666666	0.025166114784235805	92.66666666666666	2.516611478423583	0.9	0.95	0.0	0.0	1.2767594456672668	0.057768339345382225	bos_eos	seed_42,seed_43,seed_44
4_1_anc_V_form	20_4_1_anc_V_form	fig:heatmap-20-anc-v-form	4.1 ANC verb form	31_sov_ng_er_d_no	sov	ng	erg-abs	deranking	nomn	ovs	VS	PVA	100	0.9533333333333333	0.011547005383792526	95.33333333333333	1.1547005383792515	0.94	0.96	0.0	0.0	1.3538249286015829	0.09728526520770595	bos_eos	seed_42,seed_43,seed_44
4_1_anc_V_form	20_4_1_anc_V_form	fig:heatmap-20-anc-v-form	4.1 ANC verb form	32_svo_gn_ac_b_se	svo	gn	nom-acc	balancing	sent	svo	SV	AVP	100	0.89	0.010000000000000009	89.0	1.0	0.88	0.9	0.0	0.0	1.226089452902476	0.0550052464211091	bos_eos	seed_42,seed_43,seed_44
4_1_anc_V_form	20_4_1_anc_V_form	fig:heatmap-20-anc-v-form	4.1 ANC verb form	33_svo_gn_ac_b_pa	svo	gn	nom-acc	balancing	poss-acc	svo	SV	AVP	100	0.9566666666666667	0.005773502691896263	95.66666666666667	0.5773502691896257	0.95	0.96	0.0	0.0	1.3650036017100016	0.027206041117515862	bos_eos	seed_42,seed_43,seed_44
4_1_anc_V_form	20_4_1_anc_V_form	fig:heatmap-20-anc-v-form	4.1 ANC verb form	34_svo_gn_ac_b_ep	svo	gn	nom-acc	balancing	erg-poss	sov	SV	PVA	100	0.9633333333333333	0.011547005383792526	96.33333333333333	1.1547005383792515	0.95	0.97	0.0	0.0	1.3797905111312867	0.07221951786859626	bos_eos	seed_42,seed_43,seed_44
4_1_anc_V_form	20_4_1_anc_V_form	fig:heatmap-20-anc-v-form	4.1 ANC verb form	35_svo_gn_ac_b_no	svo	gn	nom-acc	balancing	nomn	svo	SV	AVP	100	0.9666666666666667	0.005773502691896263	96.66666666666667	0.5773502691896257	0.96	0.97	0.0	0.0	1.458279802799225	0.0667373752211469	bos_eos	seed_42,seed_43,seed_44
4_1_anc_V_form	20_4_1_anc_V_form	fig:heatmap-20-anc-v-form	4.1 ANC verb form	36_svo_gn_ac_d_se	svo	gn	nom-acc	deranking	sent	svo	SV	AVP	100	0.88	0.017320508075688787	88.0	1.7320508075688772	0.86	0.89	0.0	0.0	1.0687071084976196	0.10245795636409649	bos_eos	seed_42,seed_43,seed_44
4_1_anc_V_form	20_4_1_anc_V_form	fig:heatmap-20-anc-v-form	4.1 ANC verb form	37_svo_gn_ac_d_pa	svo	gn	nom-acc	deranking	poss-acc	svo	SV	AVP	100	0.9433333333333334	0.030550504633038898	94.33333333333334	3.0550504633038935	0.91	0.97	0.0	0.0	1.2460377025604248	0.0561479249008897	bos_eos	seed_42,seed_43,seed_44
4_1_anc_V_form	20_4_1_anc_V_form	fig:heatmap-20-anc-v-form	4.1 ANC verb form	38_svo_gn_ac_d_ep	svo	gn	nom-acc	deranking	erg-poss	sov	SV	PVA	100	0.94	0.026457513110645866	94.0	2.6457513110645907	0.91	0.96	0.0	0.0	1.121545504728953	0.08907194395187765	bos_eos	seed_42,seed_43,seed_44
4_1_anc_V_form	20_4_1_anc_V_form	fig:heatmap-20-anc-v-form	4.1 ANC verb form	39_svo_gn_ac_d_no	svo	gn	nom-acc	deranking	nomn	svo	SV	AVP	100	0.9466666666666667	0.03214550253664315	94.66666666666667	3.2145502536643185	0.91	0.97	0.0	0.0	1.2403851215044657	0.09978234711641425	bos_eos	seed_42,seed_43,seed_44
4_1_anc_V_form	20_4_1_anc_V_form	fig:heatmap-20-anc-v-form	4.1 ANC verb form	40_svo_gn_er_b_se	svo	gn	erg-abs	balancing	sent	svo	SV	AVP	100	0.7633333333333333	0.028867513459481315	76.33333333333333	2.886751345948129	0.73	0.78	0.0	0.0	0.7490035247802734	0.027461241261009954	bos_eos	seed_42,seed_43,seed_44
4_1_anc_V_form	20_4_1_anc_V_form	fig:heatmap-20-anc-v-form	4.1 ANC verb form	41_svo_gn_er_b_pa	svo	gn	erg-abs	balancing	poss-acc	svo	SV	AVP	100	0.8933333333333333	0.011547005383792526	89.33333333333333	1.1547005383792515	0.88	0.9	0.0	0.0	0.9821562266349793	0.012182269608279868	bos_eos	seed_42,seed_43,seed_44
4_1_anc_V_form	20_4_1_anc_V_form	fig:heatmap-20-anc-v-form	4.1 ANC verb form	42_svo_gn_er_b_ep	svo	gn	erg-abs	balancing	erg-poss	sov	SV	PVA	100	0.89	0.010000000000000009	89.0	1.0	0.88	0.9	0.0	0.0	1.031134808063507	0.011915523616349535	bos_eos	seed_42,seed_43,seed_44
4_1_anc_V_form	20_4_1_anc_V_form	fig:heatmap-20-anc-v-form	4.1 ANC verb form	43_svo_gn_er_b_no	svo	gn	erg-abs	balancing	nomn	svo	SV	AVP	100	0.9233333333333333	0.020816659994661302	92.33333333333333	2.0816659994661326	0.9	0.94	0.0	0.0	1.1816796676317851	0.08227187130496748	bos_eos	seed_42,seed_43,seed_44
4_1_anc_V_form	20_4_1_anc_V_form	fig:heatmap-20-anc-v-form	4.1 ANC verb form	44_svo_gn_er_d_se	svo	gn	erg-abs	deranking	sent	svo	SV	AVP	100	0.84	0.026457513110645932	84.0	2.6457513110645907	0.82	0.87	0.0	0.0	0.820016614596049	0.09406627232749652	bos_eos	seed_42,seed_43,seed_44
4_1_anc_V_form	20_4_1_anc_V_form	fig:heatmap-20-anc-v-form	4.1 ANC verb form	45_svo_gn_er_d_pa	svo	gn	erg-abs	deranking	poss-acc	svo	SV	AVP	100	0.8933333333333333	0.01527525231651948	89.33333333333333	1.5275252316519468	0.88	0.91	0.0	0.0	0.9660850461324056	0.018697447632595714	bos_eos	seed_42,seed_43,seed_44
4_1_anc_V_form	20_4_1_anc_V_form	fig:heatmap-20-anc-v-form	4.1 ANC verb form	46_svo_gn_er_d_ep	svo	gn	erg-abs	deranking	erg-poss	sov	SV	PVA	100	0.92	0.0	92.0	0.0	0.92	0.92	0.0	0.0	0.9736441938082377	0.05115132733336872	bos_eos	seed_42,seed_43,seed_44
4_1_anc_V_form	20_4_1_anc_V_form	fig:heatmap-20-anc-v-form	4.1 ANC verb form	47_svo_gn_er_d_no	svo	gn	erg-abs	deranking	nomn	svo	SV	AVP	100	0.9299999999999999	0.026457513110645866	93.0	2.6457513110645907	0.9	0.95	0.0	0.0	1.0301330478986104	0.02122467955568416	bos_eos	seed_42,seed_43,seed_44
4_1_anc_V_form	20_4_1_anc_V_form	fig:heatmap-20-anc-v-form	4.1 ANC verb form	48_svo_ng_ac_b_se	svo	ng	nom-acc	balancing	sent	svo	SV	AVP	100	0.8666666666666667	0.005773502691896263	86.66666666666667	0.5773502691896257	0.86	0.87	0.0	0.0	1.1320447611808777	0.04885384228196268	bos_eos	seed_42,seed_43,seed_44
4_1_anc_V_form	20_4_1_anc_V_form	fig:heatmap-20-anc-v-form	4.1 ANC verb form	49_svo_ng_ac_b_pa	svo	ng	nom-acc	balancing	poss-acc	vos	VS	VPA	100	0.9966666666666667	0.005773502691896263	99.66666666666667	0.5773502691896257	0.99	1.0	0.0	0.0	1.4816499622662862	0.07435522557486816	bos_eos	seed_42,seed_43,seed_44
4_1_anc_V_form	20_4_1_anc_V_form	fig:heatmap-20-anc-v-form	4.1 ANC verb form	50_svo_ng_ac_b_ep	svo	ng	nom-acc	balancing	erg-poss	vos	VS	VPA	100	1.0	0.0	100.0	0.0	1.0	1.0	0.0	0.0	1.5343172820409139	0.0516002333129926	bos_eos	seed_42,seed_43,seed_44
4_1_anc_V_form	20_4_1_anc_V_form	fig:heatmap-20-anc-v-form	4.1 ANC verb form	51_svo_ng_ac_b_no	svo	ng	nom-acc	balancing	nomn	vos	VS	VPA	100	1.0	0.0	100.0	0.0	1.0	1.0	0.0	0.0	1.5720774992307027	0.04085943887506169	bos_eos	seed_42,seed_43,seed_44
4_1_anc_V_form	20_4_1_anc_V_form	fig:heatmap-20-anc-v-form	4.1 ANC verb form	52_svo_ng_ac_d_se	svo	ng	nom-acc	deranking	sent	svo	SV	AVP	100	0.8533333333333333	0.01527525231651948	85.33333333333333	1.5275252316519468	0.84	0.87	0.0	0.0	1.030740024248759	0.03959437760413022	bos_eos	seed_42,seed_43,seed_44
4_1_anc_V_form	20_4_1_anc_V_form	fig:heatmap-20-anc-v-form	4.1 ANC verb form	53_svo_ng_ac_d_pa	svo	ng	nom-acc	deranking	poss-acc	vos	VS	VPA	100	0.99	0.010000000000000009	99.0	1.0	0.98	1.0	0.0	0.0	1.3072676761945088	0.017164011061273833	bos_eos	seed_42,seed_43,seed_44
4_1_anc_V_form	20_4_1_anc_V_form	fig:heatmap-20-anc-v-form	4.1 ANC verb form	54_svo_ng_ac_d_ep	svo	ng	nom-acc	deranking	erg-poss	vos	VS	VPA	100	0.99	0.0	99.0	0.0	0.99	0.99	0.0	0.0	1.3284693161646526	0.02622322621854128	bos_eos	seed_42,seed_43,seed_44
4_1_anc_V_form	20_4_1_anc_V_form	fig:heatmap-20-anc-v-form	4.1 ANC verb form	55_svo_ng_ac_d_no	svo	ng	nom-acc	deranking	nomn	vos	VS	VPA	100	0.9933333333333333	0.005773502691896263	99.33333333333333	0.5773502691896257	0.99	1.0	0.0	0.0	1.288437054157257	0.036507787213569995	bos_eos	seed_42,seed_43,seed_44
4_1_anc_V_form	20_4_1_anc_V_form	fig:heatmap-20-anc-v-form	4.1 ANC verb form	56_svo_ng_er_b_se	svo	ng	erg-abs	balancing	sent	svo	SV	AVP	100	0.7266666666666667	0.023094010767585053	72.66666666666667	2.309401076758503	0.7	0.74	0.0	0.0	0.7019447072347005	0.01882308656599277	bos_eos	seed_42,seed_43,seed_44
4_1_anc_V_form	20_4_1_anc_V_form	fig:heatmap-20-anc-v-form	4.1 ANC verb form	57_svo_ng_er_b_pa	svo	ng	erg-abs	balancing	poss-acc	vos	VS	VPA	100	0.9	0.017320508075688787	90.0	1.7320508075688772	0.89	0.92	0.0	0.0	1.0927632308006288	0.06608435280048269	bos_eos	seed_42,seed_43,seed_44
4_1_anc_V_form	20_4_1_anc_V_form	fig:heatmap-20-anc-v-form	4.1 ANC verb form	58_svo_ng_er_b_ep	svo	ng	erg-abs	balancing	erg-poss	vos	VS	VPA	100	0.96	0.017320508075688787	96.0	1.7320508075688772	0.94	0.97	0.0	0.0	1.2804716324806213	0.035544986673762304	bos_eos	seed_42,seed_43,seed_44
4_1_anc_V_form	20_4_1_anc_V_form	fig:heatmap-20-anc-v-form	4.1 ANC verb form	59_svo_ng_er_b_no	svo	ng	erg-abs	balancing	nomn	vos	VS	VPA	100	0.9466666666666667	0.01527525231651942	94.66666666666667	1.5275252316519468	0.93	0.96	0.0	0.0	1.2957729013760884	0.01696988894527848	bos_eos	seed_42,seed_43,seed_44
4_1_anc_V_form	20_4_1_anc_V_form	fig:heatmap-20-anc-v-form	4.1 ANC verb form	60_svo_ng_er_d_se	svo	ng	erg-abs	deranking	sent	svo	SV	AVP	100	0.8433333333333333	0.005773502691896263	84.33333333333333	0.5773502691896257	0.84	0.85	0.0	0.0	0.851392719745636	0.0227761340257865	bos_eos	seed_42,seed_43,seed_44
4_1_anc_V_form	20_4_1_anc_V_form	fig:heatmap-20-anc-v-form	4.1 ANC verb form	61_svo_ng_er_d_pa	svo	ng	erg-abs	deranking	poss-acc	vos	VS	VPA	100	0.9266666666666666	0.015275252316519432	92.66666666666666	1.5275252316519468	0.91	0.94	0.0	0.0	1.0523499631881714	0.09365937800764038	bos_eos	seed_42,seed_43,seed_44
4_1_anc_V_form	20_4_1_anc_V_form	fig:heatmap-20-anc-v-form	4.1 ANC verb form	62_svo_ng_er_d_ep	svo	ng	erg-abs	deranking	erg-poss	vos	VS	VPA	100	0.9433333333333332	0.005773502691896263	94.33333333333333	0.5773502691896257	0.94	0.95	0.0	0.0	1.1627165039380392	0.01386158994731119	bos_eos	seed_42,seed_43,seed_44
4_1_anc_V_form	20_4_1_anc_V_form	fig:heatmap-20-anc-v-form	4.1 ANC verb form	63_svo_ng_er_d_no	svo	ng	erg-abs	deranking	nomn	vos	VS	VPA	100	0.9400000000000001	0.03605551275463986	94.0	3.605551275463989	0.91	0.98	0.0	0.0	1.1603413399060567	0.13839122163326542	bos_eos	seed_42,seed_43,seed_44
4_1_anc_V_form	20_4_1_anc_V_form	fig:heatmap-20-anc-v-form	4.1 ANC verb form	64_vos_gn_ac_b_se	vos	gn	nom-acc	balancing	sent	vos	VS	VPA	100	0.8166666666666667	0.005773502691896198	81.66666666666667	0.5773502691896257	0.81	0.82	0.0	0.0	0.755137771765391	0.06983344083331859	bos_eos	seed_42,seed_43,seed_44
4_1_anc_V_form	20_4_1_anc_V_form	fig:heatmap-20-anc-v-form	4.1 ANC verb form	65_vos_gn_ac_b_pa	vos	gn	nom-acc	balancing	poss-acc	svo	SV	AVP	100	0.8533333333333333	0.03055050463303896	85.33333333333333	3.0550504633038935	0.82	0.88	0.0	0.0	0.8552289295196533	0.049851665399402834	bos_eos	seed_42,seed_43,seed_44
4_1_anc_V_form	20_4_1_anc_V_form	fig:heatmap-20-anc-v-form	4.1 ANC verb form	66_vos_gn_ac_b_ep	vos	gn	nom-acc	balancing	erg-poss	sov	SV	PVA	100	0.91	0.010000000000000009	91.0	1.0	0.9	0.92	0.0	0.0	0.999839046796163	0.03938838738084376	bos_eos	seed_42,seed_43,seed_44
4_1_anc_V_form	20_4_1_anc_V_form	fig:heatmap-20-anc-v-form	4.1 ANC verb form	67_vos_gn_ac_b_no	vos	gn	nom-acc	balancing	nomn	svo	SV	AVP	100	0.9066666666666667	0.011547005383792526	90.66666666666667	1.1547005383792515	0.9	0.92	0.0	0.0	0.9637914578119914	0.0320818550794422	bos_eos	seed_42,seed_43,seed_44
4_1_anc_V_form	20_4_1_anc_V_form	fig:heatmap-20-anc-v-form	4.1 ANC verb form	68_vos_gn_ac_d_se	vos	gn	nom-acc	deranking	sent	vos	VS	VPA	100	1.0	0.0	100.0	0.0	1.0	1.0	0.0	0.0	1.6271894979476929	0.0399208448610946	bos_eos	seed_42,seed_43,seed_44
4_1_anc_V_form	20_4_1_anc_V_form	fig:heatmap-20-anc-v-form	4.1 ANC verb form	69_vos_gn_ac_d_pa	vos	gn	nom-acc	deranking	poss-acc	svo	SV	AVP	100	0.9966666666666667	0.005773502691896263	99.66666666666667	0.5773502691896257	0.99	1.0	0.0	0.0	1.5267832318941752	0.08567318338137976	bos_eos	seed_42,seed_43,seed_44
4_1_anc_V_form	20_4_1_anc_V_form	fig:heatmap-20-anc-v-form	4.1 ANC verb form	70_vos_gn_ac_d_ep	vos	gn	nom-acc	deranking	erg-poss	sov	SV	PVA	100	1.0	0.0	100.0	0.0	1.0	1.0	0.0	0.0	1.4570784489313762	0.033174413568042724	bos_eos	seed_42,seed_43,seed_44
4_1_anc_V_form	20_4_1_anc_V_form	fig:heatmap-20-anc-v-form	4.1 ANC verb form	71_vos_gn_ac_d_no	vos	gn	nom-acc	deranking	nomn	svo	SV	AVP	100	1.0	0.0	100.0	0.0	1.0	1.0	0.0	0.0	1.5017674342791238	0.0602954644025043	bos_eos	seed_42,seed_43,seed_44
4_1_anc_V_form	20_4_1_anc_V_form	fig:heatmap-20-anc-v-form	4.1 ANC verb form	72_vos_gn_er_b_se	vos	gn	erg-abs	balancing	sent	vos	VS	VPA	100	0.7966666666666667	0.011547005383792526	79.66666666666667	1.1547005383792515	0.79	0.81	0.0	0.0	0.8154661909739177	0.08702659162473789	bos_eos	seed_42,seed_43,seed_44
4_1_anc_V_form	20_4_1_anc_V_form	fig:heatmap-20-anc-v-form	4.1 ANC verb form	73_vos_gn_er_b_pa	vos	gn	erg-abs	balancing	poss-acc	svo	SV	AVP	100	0.8766666666666667	0.005773502691896263	87.66666666666667	0.5773502691896257	0.87	0.88	0.0	0.0	0.875858240922292	0.030784395110581682	bos_eos	seed_42,seed_43,seed_44
4_1_anc_V_form	20_4_1_anc_V_form	fig:heatmap-20-anc-v-form	4.1 ANC verb form	74_vos_gn_er_b_ep	vos	gn	erg-abs	balancing	erg-poss	sov	SV	PVA	100	0.9266666666666667	0.005773502691896263	92.66666666666667	0.5773502691896257	0.92	0.93	0.0	0.0	1.0134401472409567	0.043991653514998307	bos_eos	seed_42,seed_43,seed_44
4_1_anc_V_form	20_4_1_anc_V_form	fig:heatmap-20-anc-v-form	4.1 ANC verb form	75_vos_gn_er_b_no	vos	gn	erg-abs	balancing	nomn	svo	SV	AVP	100	0.93	0.0	93.0	0.0	0.93	0.93	0.0	0.0	0.9812165967623393	0.037172669827239206	bos_eos	seed_42,seed_43,seed_44
4_1_anc_V_form	20_4_1_anc_V_form	fig:heatmap-20-anc-v-form	4.1 ANC verb form	76_vos_gn_er_d_se	vos	gn	erg-abs	deranking	sent	vos	VS	VPA	100	1.0	0.0	100.0	0.0	1.0	1.0	0.0	0.0	1.9091371766726175	0.039933228750773264	bos_eos	seed_42,seed_43,seed_44
4_1_anc_V_form	20_4_1_anc_V_form	fig:heatmap-20-anc-v-form	4.1 ANC verb form	77_vos_gn_er_d_pa	vos	gn	erg-abs	deranking	poss-acc	svo	SV	AVP	100	0.9966666666666667	0.005773502691896263	99.66666666666667	0.5773502691896257	0.99	1.0	0.0	0.0	1.571006920337677	0.048010878700641475	bos_eos	seed_42,seed_43,seed_44
4_1_anc_V_form	20_4_1_anc_V_form	fig:heatmap-20-anc-v-form	4.1 ANC verb form	78_vos_gn_er_d_ep	vos	gn	erg-abs	deranking	erg-poss	sov	SV	PVA	100	1.0	0.0	100.0	0.0	1.0	1.0	0.0	0.0	1.4825860786437988	0.040308287232237776	bos_eos	seed_42,seed_43,seed_44
4_1_anc_V_form	20_4_1_anc_V_form	fig:heatmap-20-anc-v-form	4.1 ANC verb form	79_vos_gn_er_d_no	vos	gn	erg-abs	deranking	nomn	svo	SV	AVP	100	1.0	0.0	100.0	0.0	1.0	1.0	0.0	0.0	1.570739243030548	0.067199568478974	bos_eos	seed_42,seed_43,seed_44
4_1_anc_V_form	20_4_1_anc_V_form	fig:heatmap-20-anc-v-form	4.1 ANC verb form	80_vos_ng_ac_b_se	vos	ng	nom-acc	balancing	sent	vos	VS	VPA	100	0.8533333333333334	0.03785938897200179	85.33333333333334	3.7859388972001824	0.81	0.88	0.0	0.0	0.7874736253420511	0.0522348403246332	bos_eos	seed_42,seed_43,seed_44
4_1_anc_V_form	20_4_1_anc_V_form	fig:heatmap-20-anc-v-form	4.1 ANC verb form	81_vos_ng_ac_b_pa	vos	ng	nom-acc	balancing	poss-acc	vos	VS	VPA	100	0.8833333333333333	0.03785938897200186	88.33333333333333	3.7859388972001824	0.84	0.91	0.0	0.0	0.8673726542790731	0.07737466296174593	bos_eos	seed_42,seed_43,seed_44
4_1_anc_V_form	20_4_1_anc_V_form	fig:heatmap-20-anc-v-form	4.1 ANC verb form	82_vos_ng_ac_b_ep	vos	ng	nom-acc	balancing	erg-poss	vos	VS	VPA	100	0.8966666666666667	0.005773502691896263	89.66666666666667	0.5773502691896257	0.89	0.9	0.0	0.0	0.9683623949686686	0.037896533391642125	bos_eos	seed_42,seed_43,seed_44
4_1_anc_V_form	20_4_1_anc_V_form	fig:heatmap-20-anc-v-form	4.1 ANC verb form	83_vos_ng_ac_b_no	vos	ng	nom-acc	balancing	nomn	vos	VS	VPA	100	0.92	0.010000000000000009	92.0	1.0	0.91	0.93	0.0	0.0	1.0203466407457988	0.04936034672673041	bos_eos	seed_42,seed_43,seed_44
4_1_anc_V_form	20_4_1_anc_V_form	fig:heatmap-20-anc-v-form	4.1 ANC verb form	84_vos_ng_ac_d_se	vos	ng	nom-acc	deranking	sent	vos	VS	VPA	100	0.9933333333333333	0.005773502691896263	99.33333333333333	0.5773502691896257	0.99	1.0	0.0	0.0	1.5818477543195089	0.047495802162632404	bos_eos	seed_42,seed_43,seed_44
4_1_anc_V_form	20_4_1_anc_V_form	fig:heatmap-20-anc-v-form	4.1 ANC verb form	85_vos_ng_ac_d_pa	vos	ng	nom-acc	deranking	poss-acc	vos	VS	VPA	100	1.0	0.0	100.0	0.0	1.0	1.0	0.0	0.0	1.5050582528114318	0.02126733183153931	bos_eos	seed_42,seed_43,seed_44
4_1_anc_V_form	20_4_1_anc_V_form	fig:heatmap-20-anc-v-form	4.1 ANC verb form	86_vos_ng_ac_d_ep	vos	ng	nom-acc	deranking	erg-poss	vos	VS	VPA	100	1.0	0.0	100.0	0.0	1.0	1.0	0.0	0.0	1.5065077129999795	0.03326150548697215	bos_eos	seed_42,seed_43,seed_44
4_1_anc_V_form	20_4_1_anc_V_form	fig:heatmap-20-anc-v-form	4.1 ANC verb form	87_vos_ng_ac_d_no	vos	ng	nom-acc	deranking	nomn	vos	VS	VPA	100	1.0	0.0	100.0	0.0	1.0	1.0	0.0	0.0	1.5329110066095988	0.023705003511523617	bos_eos	seed_42,seed_43,seed_44
4_1_anc_V_form	20_4_1_anc_V_form	fig:heatmap-20-anc-v-form	4.1 ANC verb form	88_vos_ng_er_b_se	vos	ng	erg-abs	balancing	sent	vos	VS	VPA	100	0.8066666666666666	0.02886751345948125	80.66666666666666	2.886751345948129	0.79	0.84	0.0	0.0	0.8037345798810324	0.0768947492395616	bos_eos	seed_42,seed_43,seed_44
4_1_anc_V_form	20_4_1_anc_V_form	fig:heatmap-20-anc-v-form	4.1 ANC verb form	89_vos_ng_er_b_pa	vos	ng	erg-abs	balancing	poss-acc	vos	VS	VPA	100	0.8766666666666667	0.005773502691896263	87.66666666666667	0.5773502691896257	0.87	0.88	0.0	0.0	0.8970927508672079	0.004820550778711289	bos_eos	seed_42,seed_43,seed_44
4_1_anc_V_form	20_4_1_anc_V_form	fig:heatmap-20-anc-v-form	4.1 ANC verb form	90_vos_ng_er_b_ep	vos	ng	erg-abs	balancing	erg-poss	vos	VS	VPA	100	0.9233333333333333	0.020816659994661302	92.33333333333333	2.0816659994661326	0.9	0.94	0.0	0.0	1.078098606268565	0.08296606015354668	bos_eos	seed_42,seed_43,seed_44
4_1_anc_V_form	20_4_1_anc_V_form	fig:heatmap-20-anc-v-form	4.1 ANC verb form	91_vos_ng_er_b_no	vos	ng	erg-abs	balancing	nomn	vos	VS	VPA	100	0.9466666666666667	0.01527525231651942	94.66666666666667	1.5275252316519468	0.93	0.96	0.0	0.0	1.1108994682629902	0.06630561321528833	bos_eos	seed_42,seed_43,seed_44
4_1_anc_V_form	20_4_1_anc_V_form	fig:heatmap-20-anc-v-form	4.1 ANC verb form	92_vos_ng_er_d_se	vos	ng	erg-abs	deranking	sent	vos	VS	VPA	100	0.99	0.010000000000000009	99.0	1.0	0.98	1.0	0.0	0.0	1.8179116519292196	0.07636245809580779	bos_eos	seed_42,seed_43,seed_44
4_1_anc_V_form	20_4_1_anc_V_form	fig:heatmap-20-anc-v-form	4.1 ANC verb form	93_vos_ng_er_d_pa	vos	ng	erg-abs	deranking	poss-acc	vos	VS	VPA	100	0.9966666666666667	0.005773502691896263	99.66666666666667	0.5773502691896257	0.99	1.0	0.0	0.0	1.5270146059989929	0.03275085660852694	bos_eos	seed_42,seed_43,seed_44
4_1_anc_V_form	20_4_1_anc_V_form	fig:heatmap-20-anc-v-form	4.1 ANC verb form	94_vos_ng_er_d_ep	vos	ng	erg-abs	deranking	erg-poss	vos	VS	VPA	100	0.9966666666666667	0.005773502691896263	99.66666666666667	0.5773502691896257	0.99	1.0	0.0	0.0	1.6072023685773213	0.022230677306717603	bos_eos	seed_42,seed_43,seed_44
4_1_anc_V_form	20_4_1_anc_V_form	fig:heatmap-20-anc-v-form	4.1 ANC verb form	95_vos_ng_er_d_no	vos	ng	erg-abs	deranking	nomn	vos	VS	VPA	100	0.9966666666666667	0.005773502691896263	99.66666666666667	0.5773502691896257	0.99	1.0	0.0	0.0	1.6037525924046834	0.03002769490534353	bos_eos	seed_42,seed_43,seed_44
4_2_anc_S_marker	21_4_2_anc_S_marker	fig:heatmap-21-anc-s-marker	4.2 ANC S marker	00_sov_gn_ac_b_se	sov	gn	nom-acc	balancing	sent	sov	SV	APV	100	0.2966666666666667	0.03214550253664318	29.666666666666668	3.2145502536643185	0.26	0.32	0.0	0.0	-0.14856927394866945	0.02349449355046855	bos_eos	seed_42,seed_43,seed_44
4_2_anc_S_marker	21_4_2_anc_S_marker	fig:heatmap-21-anc-s-marker	4.2 ANC S marker	01_sov_gn_ac_b_pa	sov	gn	nom-acc	balancing	poss-acc	sov	SV	APV	100	0.9566666666666667	0.005773502691896263	95.66666666666667	0.5773502691896257	0.95	0.96	0.0	0.0	0.6615151182810465	0.050311586157969754	bos_eos	seed_42,seed_43,seed_44
4_2_anc_S_marker	21_4_2_anc_S_marker	fig:heatmap-21-anc-s-marker	4.2 ANC S marker	02_sov_gn_ac_b_ep	sov	gn	nom-acc	balancing	erg-poss	sov	SV	APV	100	0.9766666666666667	0.011547005383792526	97.66666666666667	1.1547005383792515	0.97	0.99	0.0	0.0	0.8470187767346701	0.044474004662249884	bos_eos	seed_42,seed_43,seed_44
4_2_anc_S_marker	21_4_2_anc_S_marker	fig:heatmap-21-anc-s-marker	4.2 ANC S marker	03_sov_gn_ac_b_no	sov	gn	nom-acc	balancing	nomn	sov	SV	APV	100	0.9666666666666667	0.005773502691896263	96.66666666666667	0.5773502691896257	0.96	0.97	0.0	0.0	0.6625128436088562	0.07553424419154271	bos_eos	seed_42,seed_43,seed_44
4_2_anc_S_marker	21_4_2_anc_S_marker	fig:heatmap-21-anc-s-marker	4.2 ANC S marker	04_sov_gn_ac_d_se	sov	gn	nom-acc	deranking	sent	sov	SV	APV	100	0.30666666666666664	0.07023769168568493	30.666666666666664	7.023769168568493	0.24	0.38	0.0	0.0	-0.11041462898254395	0.023073966963552753	bos_eos	seed_42,seed_43,seed_44
4_2_anc_S_marker	21_4_2_anc_S_marker	fig:heatmap-21-anc-s-marker	4.2 ANC S marker	05_sov_gn_ac_d_pa	sov	gn	nom-acc	deranking	poss-acc	sov	SV	APV	100	0.9366666666666666	0.011547005383792462	93.66666666666667	1.1547005383792515	0.93	0.95	0.0	0.0	0.5768592302004496	0.035214974012417403	bos_eos	seed_42,seed_43,seed_44
4_2_anc_S_marker	21_4_2_anc_S_marker	fig:heatmap-21-anc-s-marker	4.2 ANC S marker	06_sov_gn_ac_d_ep	sov	gn	nom-acc	deranking	erg-poss	sov	SV	APV	100	0.9733333333333333	0.01527525231651948	97.33333333333333	1.5275252316519468	0.96	0.99	0.0	0.0	0.7941678698857625	0.039126549402298504	bos_eos	seed_42,seed_43,seed_44
4_2_anc_S_marker	21_4_2_anc_S_marker	fig:heatmap-21-anc-s-marker	4.2 ANC S marker	07_sov_gn_ac_d_no	sov	gn	nom-acc	deranking	nomn	sov	SV	APV	100	0.9466666666666667	0.020816659994661302	94.66666666666667	2.0816659994661326	0.93	0.97	0.0	0.0	0.6687687651316325	0.0966330186499923	bos_eos	seed_42,seed_43,seed_44
4_2_anc_S_marker	21_4_2_anc_S_marker	fig:heatmap-21-anc-s-marker	4.2 ANC S marker	08_sov_gn_er_b_se	sov	gn	erg-abs	balancing	sent	sov	SV	APV	100	0.43666666666666665	0.08020806277010645	43.666666666666664	8.020806277010642	0.36	0.52	0.0	0.0	-0.0205983567237854	0.05359246342676634	bos_eos	seed_42,seed_43,seed_44
4_2_anc_S_marker	21_4_2_anc_S_marker	fig:heatmap-21-anc-s-marker	4.2 ANC S marker	09_sov_gn_er_b_pa	sov	gn	erg-abs	balancing	poss-acc	sov	SV	APV	100	0.9233333333333333	0.04041451884327379	92.33333333333333	4.041451884327381	0.88	0.96	0.0	0.0	0.4342922067642212	0.05861098971811802	bos_eos	seed_42,seed_43,seed_44
4_2_anc_S_marker	21_4_2_anc_S_marker	fig:heatmap-21-anc-s-marker	4.2 ANC S marker	10_sov_gn_er_b_ep	sov	gn	erg-abs	balancing	erg-poss	sov	SV	APV	100	0.98	0.010000000000000009	98.0	1.0	0.97	0.99	0.0	0.0	1.0205460000038147	0.0461071850081941	bos_eos	seed_42,seed_43,seed_44
4_2_anc_S_marker	21_4_2_anc_S_marker	fig:heatmap-21-anc-s-marker	4.2 ANC S marker	11_sov_gn_er_b_no	sov	gn	erg-abs	balancing	nomn	sov	SV	APV	100	0.9533333333333334	0.020816659994661285	95.33333333333334	2.0816659994661326	0.93	0.97	0.0	0.0	0.8718742712338765	0.053484809384406556	bos_eos	seed_42,seed_43,seed_44
4_2_anc_S_marker	21_4_2_anc_S_marker	fig:heatmap-21-anc-s-marker	4.2 ANC S marker	12_sov_gn_er_d_se	sov	gn	erg-abs	deranking	sent	sov	SV	APV	100	0.6	0.062449979983983994	60.0	6.2449979983983965	0.55	0.67	0.0	0.0	0.08199032386144002	0.005953570972689412	bos_eos	seed_42,seed_43,seed_44
4_2_anc_S_marker	21_4_2_anc_S_marker	fig:heatmap-21-anc-s-marker	4.2 ANC S marker	13_sov_gn_er_d_pa	sov	gn	erg-abs	deranking	poss-acc	sov	SV	APV	100	0.7566666666666667	0.005773502691896263	75.66666666666667	0.5773502691896257	0.75	0.76	0.0	0.0	0.3017269889513652	0.03245860340071416	bos_eos	seed_42,seed_43,seed_44
4_2_anc_S_marker	21_4_2_anc_S_marker	fig:heatmap-21-anc-s-marker	4.2 ANC S marker	14_sov_gn_er_d_ep	sov	gn	erg-abs	deranking	erg-poss	sov	SV	APV	100	0.94	0.009999999999999953	94.0	1.0	0.93	0.95	0.0	0.0	0.6066515342394511	0.014748157082287659	bos_eos	seed_42,seed_43,seed_44
4_2_anc_S_marker	21_4_2_anc_S_marker	fig:heatmap-21-anc-s-marker	4.2 ANC S marker	15_sov_gn_er_d_no	sov	gn	erg-abs	deranking	nomn	sov	SV	APV	100	0.7866666666666667	0.023094010767585053	78.66666666666667	2.309401076758503	0.76	0.8	0.0	0.0	0.3498868107795715	0.05674757040659539	bos_eos	seed_42,seed_43,seed_44
4_2_anc_S_marker	21_4_2_anc_S_marker	fig:heatmap-21-anc-s-marker	4.2 ANC S marker	16_sov_ng_ac_b_se	sov	ng	nom-acc	balancing	sent	sov	SV	APV	100	0.14666666666666667	0.03511884584284246	14.666666666666666	3.5118845842842465	0.11	0.18	0.0	0.0	-0.3440066194534302	0.05005660849688575	bos_eos	seed_42,seed_43,seed_44
4_2_anc_S_marker	21_4_2_anc_S_marker	fig:heatmap-21-anc-s-marker	4.2 ANC S marker	17_sov_ng_ac_b_pa	sov	ng	nom-acc	balancing	poss-acc	ovs	VS	PVA	100	0.9933333333333333	0.005773502691896263	99.33333333333333	0.5773502691896257	0.99	1.0	0.0	0.0	1.2444006260236105	0.067864607506701	bos_eos	seed_42,seed_43,seed_44
4_2_anc_S_marker	21_4_2_anc_S_marker	fig:heatmap-21-anc-s-marker	4.2 ANC S marker	18_sov_ng_ac_b_ep	sov	ng	nom-acc	balancing	erg-poss	vos	VS	AVP	100	1.0	0.0	100.0	0.0	1.0	1.0	0.0	0.0	1.488169736067454	0.059027135492832214	bos_eos	seed_42,seed_43,seed_44
4_2_anc_S_marker	21_4_2_anc_S_marker	fig:heatmap-21-anc-s-marker	4.2 ANC S marker	19_sov_ng_ac_b_no	sov	ng	nom-acc	balancing	nomn	ovs	VS	PVA	100	0.9933333333333333	0.011547005383792526	99.33333333333333	1.1547005383792515	0.98	1.0	0.0	0.0	1.4135232869784038	0.04565565539048099	bos_eos	seed_42,seed_43,seed_44
4_2_anc_S_marker	21_4_2_anc_S_marker	fig:heatmap-21-anc-s-marker	4.2 ANC S marker	20_sov_ng_ac_d_se	sov	ng	nom-acc	deranking	sent	sov	SV	APV	100	0.18	0.052915026221291815	18.0	5.291502622129181	0.12	0.22	0.0	0.0	-0.24050846497217815	0.06262144302191028	bos_eos	seed_42,seed_43,seed_44
4_2_anc_S_marker	21_4_2_anc_S_marker	fig:heatmap-21-anc-s-marker	4.2 ANC S marker	21_sov_ng_ac_d_pa	sov	ng	nom-acc	deranking	poss-acc	ovs	VS	PVA	100	0.9966666666666667	0.005773502691896263	99.66666666666667	0.5773502691896257	0.99	1.0	0.0	0.0	1.3887342762947081	0.10455938944826022	bos_eos	seed_42,seed_43,seed_44
4_2_anc_S_marker	21_4_2_anc_S_marker	fig:heatmap-21-anc-s-marker	4.2 ANC S marker	22_sov_ng_ac_d_ep	sov	ng	nom-acc	deranking	erg-poss	vos	VS	AVP	100	1.0	0.0	100.0	0.0	1.0	1.0	0.0	0.0	1.6084708054860433	0.06744787784501277	bos_eos	seed_42,seed_43,seed_44
4_2_anc_S_marker	21_4_2_anc_S_marker	fig:heatmap-21-anc-s-marker	4.2 ANC S marker	23_sov_ng_ac_d_no	sov	ng	nom-acc	deranking	nomn	ovs	VS	PVA	100	1.0	0.0	100.0	0.0	1.0	1.0	0.0	0.0	1.4596915578842162	0.05554236065019673	bos_eos	seed_42,seed_43,seed_44
4_2_anc_S_marker	21_4_2_anc_S_marker	fig:heatmap-21-anc-s-marker	4.2 ANC S marker	24_sov_ng_er_b_se	sov	ng	erg-abs	balancing	sent	sov	SV	APV	100	0.31333333333333335	0.04163331998932264	31.333333333333336	4.163331998932264	0.28	0.36	0.0	0.0	-0.11690839052200318	0.02754762179601578	bos_eos	seed_42,seed_43,seed_44
4_2_anc_S_marker	21_4_2_anc_S_marker	fig:heatmap-21-anc-s-marker	4.2 ANC S marker	25_sov_ng_er_b_pa	sov	ng	erg-abs	balancing	poss-acc	ovs	VS	PVA	100	0.9766666666666667	0.01527525231651948	97.66666666666667	1.5275252316519468	0.96	0.99	0.0	0.0	0.8149500815073649	0.11880730753827438	bos_eos	seed_42,seed_43,seed_44
4_2_anc_S_marker	21_4_2_anc_S_marker	fig:heatmap-21-anc-s-marker	4.2 ANC S marker	26_sov_ng_er_b_ep	sov	ng	erg-abs	balancing	erg-poss	vos	VS	AVP	100	0.9933333333333333	0.005773502691896263	99.33333333333333	0.5773502691896257	0.99	1.0	0.0	0.0	1.1058120648066203	0.0626476998751397	bos_eos	seed_42,seed_43,seed_44
4_2_anc_S_marker	21_4_2_anc_S_marker	fig:heatmap-21-anc-s-marker	4.2 ANC S marker	27_sov_ng_er_b_no	sov	ng	erg-abs	balancing	nomn	ovs	VS	PVA	100	0.9766666666666667	0.005773502691896263	97.66666666666667	0.5773502691896257	0.97	0.98	0.0	0.0	0.8664128573735554	0.07573709589583152	bos_eos	seed_42,seed_43,seed_44
4_2_anc_S_marker	21_4_2_anc_S_marker	fig:heatmap-21-anc-s-marker	4.2 ANC S marker	28_sov_ng_er_d_se	sov	ng	erg-abs	deranking	sent	sov	SV	APV	100	0.36	0.0888819441731559	36.0	8.88819441731559	0.29	0.46	0.0	0.0	-0.04532517910003662	0.04781837055120285	bos_eos	seed_42,seed_43,seed_44
4_2_anc_S_marker	21_4_2_anc_S_marker	fig:heatmap-21-anc-s-marker	4.2 ANC S marker	29_sov_ng_er_d_pa	sov	ng	erg-abs	deranking	poss-acc	ovs	VS	PVA	100	0.9433333333333334	0.015275252316519432	94.33333333333334	1.5275252316519468	0.93	0.96	0.0	0.0	0.7202554535865784	0.008408368042956664	bos_eos	seed_42,seed_43,seed_44
4_2_anc_S_marker	21_4_2_anc_S_marker	fig:heatmap-21-anc-s-marker	4.2 ANC S marker	30_sov_ng_er_d_ep	sov	ng	erg-abs	deranking	erg-poss	vos	VS	AVP	100	0.9933333333333333	0.005773502691896263	99.33333333333333	0.5773502691896257	0.99	1.0	0.0	0.0	1.066041366259257	0.07646605985552002	bos_eos	seed_42,seed_43,seed_44
4_2_anc_S_marker	21_4_2_anc_S_marker	fig:heatmap-21-anc-s-marker	4.2 ANC S marker	31_sov_ng_er_d_no	sov	ng	erg-abs	deranking	nomn	ovs	VS	PVA	100	0.98	0.010000000000000009	98.0	1.0	0.97	0.99	0.0	0.0	0.8989089624087016	0.022045580137758487	bos_eos	seed_42,seed_43,seed_44
4_2_anc_S_marker	21_4_2_anc_S_marker	fig:heatmap-21-anc-s-marker	4.2 ANC S marker	32_svo_gn_ac_b_se	svo	gn	nom-acc	balancing	sent	svo	SV	AVP	100	0.19333333333333333	0.005773502691896263	19.333333333333332	0.5773502691896257	0.19	0.2	0.0	0.0	-0.2748687227567037	0.021773022448726507	bos_eos	seed_42,seed_43,seed_44
4_2_anc_S_marker	21_4_2_anc_S_marker	fig:heatmap-21-anc-s-marker	4.2 ANC S marker	33_svo_gn_ac_b_pa	svo	gn	nom-acc	balancing	poss-acc	svo	SV	AVP	100	0.98	0.0	98.0	0.0	0.98	0.98	0.0	0.0	1.0765277457237243	0.05540852553728051	bos_eos	seed_42,seed_43,seed_44
4_2_anc_S_marker	21_4_2_anc_S_marker	fig:heatmap-21-anc-s-marker	4.2 ANC S marker	34_svo_gn_ac_b_ep	svo	gn	nom-acc	balancing	erg-poss	sov	SV	PVA	100	0.99	0.010000000000000009	99.0	1.0	0.98	1.0	0.0	0.0	1.2755673241615295	0.08524382874696919	bos_eos	seed_42,seed_43,seed_44
4_2_anc_S_marker	21_4_2_anc_S_marker	fig:heatmap-21-anc-s-marker	4.2 ANC S marker	35_svo_gn_ac_b_no	svo	gn	nom-acc	balancing	nomn	svo	SV	AVP	100	0.9833333333333333	0.005773502691896263	98.33333333333333	0.5773502691896257	0.98	0.99	0.0	0.0	1.0695215606689452	0.01437820896690886	bos_eos	seed_42,seed_43,seed_44
4_2_anc_S_marker	21_4_2_anc_S_marker	fig:heatmap-21-anc-s-marker	4.2 ANC S marker	36_svo_gn_ac_d_se	svo	gn	nom-acc	deranking	sent	svo	SV	AVP	100	0.33666666666666667	0.08386497083606084	33.666666666666664	8.386497083606082	0.24	0.39	0.0	0.0	-0.12248135566711425	0.07993243451989818	bos_eos	seed_42,seed_43,seed_44
4_2_anc_S_marker	21_4_2_anc_S_marker	fig:heatmap-21-anc-s-marker	4.2 ANC S marker	37_svo_gn_ac_d_pa	svo	gn	nom-acc	deranking	poss-acc	svo	SV	AVP	100	0.9566666666666667	0.03214550253664315	95.66666666666667	3.2145502536643185	0.92	0.98	0.0	0.0	0.8742172773679098	0.18609742173227384	bos_eos	seed_42,seed_43,seed_44
4_2_anc_S_marker	21_4_2_anc_S_marker	fig:heatmap-21-anc-s-marker	4.2 ANC S marker	38_svo_gn_ac_d_ep	svo	gn	nom-acc	deranking	erg-poss	sov	SV	PVA	100	0.9966666666666667	0.005773502691896263	99.66666666666667	0.5773502691896257	0.99	1.0	0.0	0.0	1.0822195537885029	0.2826116054450406	bos_eos	seed_42,seed_43,seed_44
4_2_anc_S_marker	21_4_2_anc_S_marker	fig:heatmap-21-anc-s-marker	4.2 ANC S marker	39_svo_gn_ac_d_no	svo	gn	nom-acc	deranking	nomn	svo	SV	AVP	100	0.95	0.03605551275463986	95.0	3.605551275463989	0.91	0.98	0.0	0.0	0.7724995565414429	0.17737794096026424	bos_eos	seed_42,seed_43,seed_44
4_2_anc_S_marker	21_4_2_anc_S_marker	fig:heatmap-21-anc-s-marker	4.2 ANC S marker	40_svo_gn_er_b_se	svo	gn	erg-abs	balancing	sent	svo	SV	AVP	100	0.19	0.017320508075688773	19.0	1.7320508075688772	0.18	0.21	0.0	0.0	-0.3009030628204346	0.02153552147045498	bos_eos	seed_42,seed_43,seed_44
4_2_anc_S_marker	21_4_2_anc_S_marker	fig:heatmap-21-anc-s-marker	4.2 ANC S marker	41_svo_gn_er_b_pa	svo	gn	erg-abs	balancing	poss-acc	svo	SV	AVP	100	0.98	0.010000000000000009	98.0	1.0	0.97	0.99	0.0	0.0	0.9982514953613282	0.05091590924830858	bos_eos	seed_42,seed_43,seed_44
4_2_anc_S_marker	21_4_2_anc_S_marker	fig:heatmap-21-anc-s-marker	4.2 ANC S marker	42_svo_gn_er_b_ep	svo	gn	erg-abs	balancing	erg-poss	sov	SV	PVA	100	0.9933333333333333	0.005773502691896263	99.33333333333333	0.5773502691896257	0.99	1.0	0.0	0.0	1.2480657148361207	0.10665393207934654	bos_eos	seed_42,seed_43,seed_44
4_2_anc_S_marker	21_4_2_anc_S_marker	fig:heatmap-21-anc-s-marker	4.2 ANC S marker	43_svo_gn_er_b_no	svo	gn	erg-abs	balancing	nomn	svo	SV	AVP	100	0.98	0.0	98.0	0.0	0.98	0.98	0.0	0.0	0.9948924851417541	0.09247761171988626	bos_eos	seed_42,seed_43,seed_44
4_2_anc_S_marker	21_4_2_anc_S_marker	fig:heatmap-21-anc-s-marker	4.2 ANC S marker	44_svo_gn_er_d_se	svo	gn	erg-abs	deranking	sent	svo	SV	AVP	100	0.43333333333333335	0.07023769168568493	43.333333333333336	7.023769168568493	0.36	0.5	0.0	0.0	-0.06977118094762166	0.03825333265760562	bos_eos	seed_42,seed_43,seed_44
4_2_anc_S_marker	21_4_2_anc_S_marker	fig:heatmap-21-anc-s-marker	4.2 ANC S marker	45_svo_gn_er_d_pa	svo	gn	erg-abs	deranking	poss-acc	svo	SV	AVP	100	0.8966666666666667	0.005773502691896263	89.66666666666667	0.5773502691896257	0.89	0.9	0.0	0.0	0.4814244182904561	0.012899433845709575	bos_eos	seed_42,seed_43,seed_44
4_2_anc_S_marker	21_4_2_anc_S_marker	fig:heatmap-21-anc-s-marker	4.2 ANC S marker	46_svo_gn_er_d_ep	svo	gn	erg-abs	deranking	erg-poss	sov	SV	PVA	100	0.9466666666666667	0.020816659994661302	94.66666666666667	2.0816659994661326	0.93	0.97	0.0	0.0	0.6588015047709147	0.0451852269739565	bos_eos	seed_42,seed_43,seed_44
4_2_anc_S_marker	21_4_2_anc_S_marker	fig:heatmap-21-anc-s-marker	4.2 ANC S marker	47_svo_gn_er_d_no	svo	gn	erg-abs	deranking	nomn	svo	SV	AVP	100	0.9	0.04582575694955839	90.0	4.58257569495584	0.85	0.94	0.0	0.0	0.48166250149408973	0.06803831228812122	bos_eos	seed_42,seed_43,seed_44
4_2_anc_S_marker	21_4_2_anc_S_marker	fig:heatmap-21-anc-s-marker	4.2 ANC S marker	48_svo_ng_ac_b_se	svo	ng	nom-acc	balancing	sent	svo	SV	AVP	100	0.8433333333333334	0.08082903768654762	84.33333333333334	8.082903768654761	0.75	0.89	0.0	0.0	0.30739847421646116	0.07907056849410053	bos_eos	seed_42,seed_43,seed_44
4_2_anc_S_marker	21_4_2_anc_S_marker	fig:heatmap-21-anc-s-marker	4.2 ANC S marker	49_svo_ng_ac_b_pa	svo	ng	nom-acc	balancing	poss-acc	vos	VS	VPA	100	1.0	0.0	100.0	0.0	1.0	1.0	0.0	0.0	2.0573069286346435	0.07048364229166276	bos_eos	seed_42,seed_43,seed_44
4_2_anc_S_marker	21_4_2_anc_S_marker	fig:heatmap-21-anc-s-marker	4.2 ANC S marker	50_svo_ng_ac_b_ep	svo	ng	nom-acc	balancing	erg-poss	vos	VS	VPA	100	1.0	0.0	100.0	0.0	1.0	1.0	0.0	0.0	2.4031279277801514	0.05714310499460968	bos_eos	seed_42,seed_43,seed_44
4_2_anc_S_marker	21_4_2_anc_S_marker	fig:heatmap-21-anc-s-marker	4.2 ANC S marker	51_svo_ng_ac_b_no	svo	ng	nom-acc	balancing	nomn	vos	VS	VPA	100	1.0	0.0	100.0	0.0	1.0	1.0	0.0	0.0	2.054010561307271	0.037305978184117856	bos_eos	seed_42,seed_43,seed_44
4_2_anc_S_marker	21_4_2_anc_S_marker	fig:heatmap-21-anc-s-marker	4.2 ANC S marker	52_svo_ng_ac_d_se	svo	ng	nom-acc	deranking	sent	svo	SV	AVP	100	0.7633333333333333	0.005773502691896263	76.33333333333333	0.5773502691896257	0.76	0.77	0.0	0.0	0.21623363335927326	0.01604828175797473	bos_eos	seed_42,seed_43,seed_44
4_2_anc_S_marker	21_4_2_anc_S_marker	fig:heatmap-21-anc-s-marker	4.2 ANC S marker	53_svo_ng_ac_d_pa	svo	ng	nom-acc	deranking	poss-acc	vos	VS	VPA	100	1.0	0.0	100.0	0.0	1.0	1.0	0.0	0.0	1.8212274209658306	0.1747124132292875	bos_eos	seed_42,seed_43,seed_44
4_2_anc_S_marker	21_4_2_anc_S_marker	fig:heatmap-21-anc-s-marker	4.2 ANC S marker	54_svo_ng_ac_d_ep	svo	ng	nom-acc	deranking	erg-poss	vos	VS	VPA	100	1.0	0.0	100.0	0.0	1.0	1.0	0.0	0.0	2.1456638042132057	0.10662226866950893	bos_eos	seed_42,seed_43,seed_44
4_2_anc_S_marker	21_4_2_anc_S_marker	fig:heatmap-21-anc-s-marker	4.2 ANC S marker	55_svo_ng_ac_d_no	svo	ng	nom-acc	deranking	nomn	vos	VS	VPA	100	1.0	0.0	100.0	0.0	1.0	1.0	0.0	0.0	2.023157416184743	0.061549501287990326	bos_eos	seed_42,seed_43,seed_44
4_2_anc_S_marker	21_4_2_anc_S_marker	fig:heatmap-21-anc-s-marker	4.2 ANC S marker	56_svo_ng_er_b_se	svo	ng	erg-abs	balancing	sent	svo	SV	AVP	100	0.7166666666666667	0.03214550253664315	71.66666666666667	3.2145502536643185	0.68	0.74	0.0	0.0	0.19743112007776895	0.027098140691460663	bos_eos	seed_42,seed_43,seed_44
4_2_anc_S_marker	21_4_2_anc_S_marker	fig:heatmap-21-anc-s-marker	4.2 ANC S marker	57_svo_ng_er_b_pa	svo	ng	erg-abs	balancing	poss-acc	vos	VS	VPA	100	0.9066666666666667	0.023094010767585053	90.66666666666667	2.309401076758503	0.88	0.92	0.0	0.0	0.47229614814122517	0.06419472778586166	bos_eos	seed_42,seed_43,seed_44
4_2_anc_S_marker	21_4_2_anc_S_marker	fig:heatmap-21-anc-s-marker	4.2 ANC S marker	58_svo_ng_er_b_ep	svo	ng	erg-abs	balancing	erg-poss	vos	VS	VPA	100	0.9933333333333333	0.011547005383792526	99.33333333333333	1.1547005383792515	0.98	1.0	0.0	0.0	1.4574814176559447	0.2602456476046838	bos_eos	seed_42,seed_43,seed_44
4_2_anc_S_marker	21_4_2_anc_S_marker	fig:heatmap-21-anc-s-marker	4.2 ANC S marker	59_svo_ng_er_b_no	svo	ng	erg-abs	balancing	nomn	vos	VS	VPA	100	0.98	0.010000000000000009	98.0	1.0	0.97	0.99	0.0	0.0	1.3310361226399738	0.09627626031344373	bos_eos	seed_42,seed_43,seed_44
4_2_anc_S_marker	21_4_2_anc_S_marker	fig:heatmap-21-anc-s-marker	4.2 ANC S marker	60_svo_ng_er_d_se	svo	ng	erg-abs	deranking	sent	svo	SV	AVP	100	0.6766666666666666	0.06806859285554046	67.66666666666666	6.8068592855540455	0.6	0.73	0.0	0.0	0.14714630047480265	0.03259344351227374	bos_eos	seed_42,seed_43,seed_44
4_2_anc_S_marker	21_4_2_anc_S_marker	fig:heatmap-21-anc-s-marker	4.2 ANC S marker	61_svo_ng_er_d_pa	svo	ng	erg-abs	deranking	poss-acc	vos	VS	VPA	100	0.8333333333333334	0.04163331998932265	83.33333333333334	4.163331998932265	0.8	0.88	0.0	0.0	0.34498694658279416	0.10716245861019456	bos_eos	seed_42,seed_43,seed_44
4_2_anc_S_marker	21_4_2_anc_S_marker	fig:heatmap-21-anc-s-marker	4.2 ANC S marker	62_svo_ng_er_d_ep	svo	ng	erg-abs	deranking	erg-poss	vos	VS	VPA	100	0.9666666666666667	0.011547005383792526	96.66666666666667	1.1547005383792515	0.96	0.98	0.0	0.0	0.6344305229187012	0.02388101297981882	bos_eos	seed_42,seed_43,seed_44
4_2_anc_S_marker	21_4_2_anc_S_marker	fig:heatmap-21-anc-s-marker	4.2 ANC S marker	63_svo_ng_er_d_no	svo	ng	erg-abs	deranking	nomn	vos	VS	VPA	100	0.9333333333333333	0.04509249752822893	93.33333333333333	4.509249752822894	0.89	0.98	0.0	0.0	0.7764553252855937	0.3396680497521477	bos_eos	seed_42,seed_43,seed_44
4_2_anc_S_marker	21_4_2_anc_S_marker	fig:heatmap-21-anc-s-marker	4.2 ANC S marker	64_vos_gn_ac_b_se	vos	gn	nom-acc	balancing	sent	vos	VS	VPA	100	0.17333333333333334	0.015275252316519465	17.333333333333336	1.5275252316519468	0.16	0.19	0.0	0.0	-0.3280308651924133	0.03099831283157006	bos_eos	seed_42,seed_43,seed_44
4_2_anc_S_marker	21_4_2_anc_S_marker	fig:heatmap-21-anc-s-marker	4.2 ANC S marker	65_vos_gn_ac_b_pa	vos	gn	nom-acc	balancing	poss-acc	svo	SV	AVP	100	0.98	0.0	98.0	0.0	0.98	0.98	0.0	0.0	0.9787188490231832	0.05486254254492588	bos_eos	seed_42,seed_43,seed_44
4_2_anc_S_marker	21_4_2_anc_S_marker	fig:heatmap-21-anc-s-marker	4.2 ANC S marker	66_vos_gn_ac_b_ep	vos	gn	nom-acc	balancing	erg-poss	sov	SV	PVA	100	0.9866666666666667	0.005773502691896263	98.66666666666667	0.5773502691896257	0.98	0.99	0.0	0.0	1.1540830429395041	0.03482712178190701	bos_eos	seed_42,seed_43,seed_44
4_2_anc_S_marker	21_4_2_anc_S_marker	fig:heatmap-21-anc-s-marker	4.2 ANC S marker	67_vos_gn_ac_b_no	vos	gn	nom-acc	balancing	nomn	svo	SV	AVP	100	0.9733333333333333	0.011547005383792526	97.33333333333333	1.1547005383792515	0.96	0.98	0.0	0.0	0.9752704826990763	0.0337598519928561	bos_eos	seed_42,seed_43,seed_44
4_2_anc_S_marker	21_4_2_anc_S_marker	fig:heatmap-21-anc-s-marker	4.2 ANC S marker	68_vos_gn_ac_d_se	vos	gn	nom-acc	deranking	sent	vos	VS	VPA	100	0.23	0.020000000000000004	23.0	2.0	0.21	0.25	0.0	0.0	-0.23213409423828127	0.020376378292304948	bos_eos	seed_42,seed_43,seed_44
4_2_anc_S_marker	21_4_2_anc_S_marker	fig:heatmap-21-anc-s-marker	4.2 ANC S marker	69_vos_gn_ac_d_pa	vos	gn	nom-acc	deranking	poss-acc	svo	SV	AVP	100	0.98	0.0	98.0	0.0	0.98	0.98	0.0	0.0	1.019725251197815	0.0903574412716682	bos_eos	seed_42,seed_43,seed_44
4_2_anc_S_marker	21_4_2_anc_S_marker	fig:heatmap-21-anc-s-marker	4.2 ANC S marker	70_vos_gn_ac_d_ep	vos	gn	nom-acc	deranking	erg-poss	sov	SV	PVA	100	0.99	0.0	99.0	0.0	0.99	0.99	0.0	0.0	1.2543572918574015	0.04140370827756538	bos_eos	seed_42,seed_43,seed_44
4_2_anc_S_marker	21_4_2_anc_S_marker	fig:heatmap-21-anc-s-marker	4.2 ANC S marker	71_vos_gn_ac_d_no	vos	gn	nom-acc	deranking	nomn	svo	SV	AVP	100	0.98	0.0	98.0	0.0	0.98	0.98	0.0	0.0	1.0610781065622965	0.05097746767641821	bos_eos	seed_42,seed_43,seed_44
4_2_anc_S_marker	21_4_2_anc_S_marker	fig:heatmap-21-anc-s-marker	4.2 ANC S marker	72_vos_gn_er_b_se	vos	gn	erg-abs	balancing	sent	vos	VS	VPA	100	0.38666666666666666	0.005773502691896263	38.666666666666664	0.5773502691896257	0.38	0.39	0.0	0.0	-0.04351189136505127	0.03800200884782034	bos_eos	seed_42,seed_43,seed_44
4_2_anc_S_marker	21_4_2_anc_S_marker	fig:heatmap-21-anc-s-marker	4.2 ANC S marker	73_vos_gn_er_b_pa	vos	gn	erg-abs	balancing	poss-acc	svo	SV	AVP	100	0.9633333333333333	0.005773502691896263	96.33333333333333	0.5773502691896257	0.96	0.97	0.0	0.0	0.8070098360379537	0.03620219444344258	bos_eos	seed_42,seed_43,seed_44
4_2_anc_S_marker	21_4_2_anc_S_marker	fig:heatmap-21-anc-s-marker	4.2 ANC S marker	74_vos_gn_er_b_ep	vos	gn	erg-abs	balancing	erg-poss	sov	SV	PVA	100	0.9833333333333333	0.005773502691896263	98.33333333333333	0.5773502691896257	0.98	0.99	0.0	0.0	1.0929698252677917	0.05711803893115993	bos_eos	seed_42,seed_43,seed_44
4_2_anc_S_marker	21_4_2_anc_S_marker	fig:heatmap-21-anc-s-marker	4.2 ANC S marker	75_vos_gn_er_b_no	vos	gn	erg-abs	balancing	nomn	svo	SV	AVP	100	0.98	0.0	98.0	0.0	0.98	0.98	0.0	0.0	1.0122466397285461	0.0483665235333981	bos_eos	seed_42,seed_43,seed_44
4_2_anc_S_marker	21_4_2_anc_S_marker	fig:heatmap-21-anc-s-marker	4.2 ANC S marker	76_vos_gn_er_d_se	vos	gn	erg-abs	deranking	sent	vos	VS	VPA	100	0.6066666666666667	0.025166114784235857	60.66666666666667	2.516611478423587	0.58	0.63	0.0	0.0	0.13209575653076172	0.009304892363394537	bos_eos	seed_42,seed_43,seed_44
4_2_anc_S_marker	21_4_2_anc_S_marker	fig:heatmap-21-anc-s-marker	4.2 ANC S marker	77_vos_gn_er_d_pa	vos	gn	erg-abs	deranking	poss-acc	svo	SV	AVP	100	0.98	0.010000000000000009	98.0	1.0	0.97	0.99	0.0	0.0	0.9569362155596415	0.051869265649231715	bos_eos	seed_42,seed_43,seed_44
4_2_anc_S_marker	21_4_2_anc_S_marker	fig:heatmap-21-anc-s-marker	4.2 ANC S marker	78_vos_gn_er_d_ep	vos	gn	erg-abs	deranking	erg-poss	sov	SV	PVA	100	0.9933333333333333	0.005773502691896263	99.33333333333333	0.5773502691896257	0.99	1.0	0.0	0.0	1.1961698563893637	0.07402995123189908	bos_eos	seed_42,seed_43,seed_44
4_2_anc_S_marker	21_4_2_anc_S_marker	fig:heatmap-21-anc-s-marker	4.2 ANC S marker	79_vos_gn_er_d_no	vos	gn	erg-abs	deranking	nomn	svo	SV	AVP	100	0.97	0.010000000000000009	97.0	1.0	0.96	0.98	0.0	0.0	0.8886918497085571	0.05429501169072985	bos_eos	seed_42,seed_43,seed_44
4_2_anc_S_marker	21_4_2_anc_S_marker	fig:heatmap-21-anc-s-marker	4.2 ANC S marker	80_vos_ng_ac_b_se	vos	ng	nom-acc	balancing	sent	vos	VS	VPA	100	0.09666666666666666	0.005773502691896263	9.666666666666666	0.5773502691896257	0.09	0.1	0.0	0.0	-0.3216535250345866	0.0200608274885204	bos_eos	seed_42,seed_43,seed_44
4_2_anc_S_marker	21_4_2_anc_S_marker	fig:heatmap-21-anc-s-marker	4.2 ANC S marker	81_vos_ng_ac_b_pa	vos	ng	nom-acc	balancing	poss-acc	vos	VS	VPA	100	0.95	0.0	95.0	0.0	0.95	0.95	0.0	0.0	0.6054033772150675	0.05364724060295516	bos_eos	seed_42,seed_43,seed_44
4_2_anc_S_marker	21_4_2_anc_S_marker	fig:heatmap-21-anc-s-marker	4.2 ANC S marker	82_vos_ng_ac_b_ep	vos	ng	nom-acc	balancing	erg-poss	vos	VS	VPA	100	0.9866666666666667	0.005773502691896263	98.66666666666667	0.5773502691896257	0.98	0.99	0.0	0.0	0.7950683712959289	0.04866885728044451	bos_eos	seed_42,seed_43,seed_44
4_2_anc_S_marker	21_4_2_anc_S_marker	fig:heatmap-21-anc-s-marker	4.2 ANC S marker	83_vos_ng_ac_b_no	vos	ng	nom-acc	balancing	nomn	vos	VS	VPA	100	0.9566666666666667	0.005773502691896263	95.66666666666667	0.5773502691896257	0.95	0.96	0.0	0.0	0.6566327714920044	0.07829349680762415	bos_eos	seed_42,seed_43,seed_44
4_2_anc_S_marker	21_4_2_anc_S_marker	fig:heatmap-21-anc-s-marker	4.2 ANC S marker	84_vos_ng_ac_d_se	vos	ng	nom-acc	deranking	sent	vos	VS	VPA	100	0.22	0.0458257569495584	22.0	4.58257569495584	0.17	0.26	0.0	0.0	-0.17062488079071045	0.050812905708387035	bos_eos	seed_42,seed_43,seed_44
4_2_anc_S_marker	21_4_2_anc_S_marker	fig:heatmap-21-anc-s-marker	4.2 ANC S marker	85_vos_ng_ac_d_pa	vos	ng	nom-acc	deranking	poss-acc	vos	VS	VPA	100	0.9466666666666667	0.03214550253664315	94.66666666666667	3.2145502536643185	0.91	0.97	0.0	0.0	0.5761575484275818	0.04306977143293712	bos_eos	seed_42,seed_43,seed_44
4_2_anc_S_marker	21_4_2_anc_S_marker	fig:heatmap-21-anc-s-marker	4.2 ANC S marker	86_vos_ng_ac_d_ep	vos	ng	nom-acc	deranking	erg-poss	vos	VS	VPA	100	0.9833333333333333	0.005773502691896263	98.33333333333333	0.5773502691896257	0.98	0.99	0.0	0.0	0.712161500453949	0.07906929327335183	bos_eos	seed_42,seed_43,seed_44
4_2_anc_S_marker	21_4_2_anc_S_marker	fig:heatmap-21-anc-s-marker	4.2 ANC S marker	87_vos_ng_ac_d_no	vos	ng	nom-acc	deranking	nomn	vos	VS	VPA	100	0.95	0.010000000000000009	95.0	1.0	0.94	0.96	0.0	0.0	0.5792236932118734	0.09294837202096508	bos_eos	seed_42,seed_43,seed_44
4_2_anc_S_marker	21_4_2_anc_S_marker	fig:heatmap-21-anc-s-marker	4.2 ANC S marker	88_vos_ng_er_b_se	vos	ng	erg-abs	balancing	sent	vos	VS	VPA	100	0.41333333333333333	0.05507570547286102	41.333333333333336	5.507570547286102	0.36	0.47	0.0	0.0	-0.052671046257019044	0.02385452847179669	bos_eos	seed_42,seed_43,seed_44
4_2_anc_S_marker	21_4_2_anc_S_marker	fig:heatmap-21-anc-s-marker	4.2 ANC S marker	89_vos_ng_er_b_pa	vos	ng	erg-abs	balancing	poss-acc	vos	VS	VPA	100	0.93	0.009999999999999953	93.0	1.0	0.92	0.94	0.0	0.0	0.493009684085846	0.03236881316597206	bos_eos	seed_42,seed_43,seed_44
4_2_anc_S_marker	21_4_2_anc_S_marker	fig:heatmap-21-anc-s-marker	4.2 ANC S marker	90_vos_ng_er_b_ep	vos	ng	erg-abs	balancing	erg-poss	vos	VS	VPA	100	0.9933333333333333	0.005773502691896263	99.33333333333333	0.5773502691896257	0.99	1.0	0.0	0.0	1.277758502960205	0.05004729107998892	bos_eos	seed_42,seed_43,seed_44
4_2_anc_S_marker	21_4_2_anc_S_marker	fig:heatmap-21-anc-s-marker	4.2 ANC S marker	91_vos_ng_er_b_no	vos	ng	erg-abs	balancing	nomn	vos	VS	VPA	100	0.9833333333333333	0.005773502691896263	98.33333333333333	0.5773502691896257	0.98	0.99	0.0	0.0	1.132542736530304	0.04065355647823477	bos_eos	seed_42,seed_43,seed_44
4_2_anc_S_marker	21_4_2_anc_S_marker	fig:heatmap-21-anc-s-marker	4.2 ANC S marker	92_vos_ng_er_d_se	vos	ng	erg-abs	deranking	sent	vos	VS	VPA	100	0.8566666666666667	0.011547005383792526	85.66666666666667	1.1547005383792515	0.85	0.87	0.0	0.0	0.24425684611002604	0.024141083943713892	bos_eos	seed_42,seed_43,seed_44
4_2_anc_S_marker	21_4_2_anc_S_marker	fig:heatmap-21-anc-s-marker	4.2 ANC S marker	93_vos_ng_er_d_pa	vos	ng	erg-abs	deranking	poss-acc	vos	VS	VPA	100	0.76	0.010000000000000009	76.0	1.0	0.75	0.77	0.0	0.0	0.1908870458602905	0.009231322280533822	bos_eos	seed_42,seed_43,seed_44
4_2_anc_S_marker	21_4_2_anc_S_marker	fig:heatmap-21-anc-s-marker	4.2 ANC S marker	94_vos_ng_er_d_ep	vos	ng	erg-abs	deranking	erg-poss	vos	VS	VPA	100	0.9133333333333333	0.020816659994661348	91.33333333333333	2.0816659994661326	0.89	0.93	0.0	0.0	0.4820557673772176	0.04305901655615955	bos_eos	seed_42,seed_43,seed_44
4_2_anc_S_marker	21_4_2_anc_S_marker	fig:heatmap-21-anc-s-marker	4.2 ANC S marker	95_vos_ng_er_d_no	vos	ng	erg-abs	deranking	nomn	vos	VS	VPA	100	0.7933333333333333	0.023094010767584987	79.33333333333333	2.309401076758503	0.78	0.82	0.0	0.0	0.2524056466420492	0.006482960215691228	bos_eos	seed_42,seed_43,seed_44
4_3_anc_A_marker	22_4_3_anc_A_marker	fig:heatmap-22-anc-a-marker	4.3 ANC A marker	00_sov_gn_ac_b_se	sov	gn	nom-acc	balancing	sent	sov	SV	APV	100	0.03666666666666667	0.030550504633038936	3.6666666666666665	3.0550504633038935	0.01	0.07	0.0	0.0	-0.4880186645189921	0.06658422568264986	bos_eos	seed_42,seed_43,seed_44
4_3_anc_A_marker	22_4_3_anc_A_marker	fig:heatmap-22-anc-a-marker	4.3 ANC A marker	01_sov_gn_ac_b_pa	sov	gn	nom-acc	balancing	poss-acc	sov	SV	APV	100	0.9633333333333333	0.023094010767585053	96.33333333333333	2.309401076758503	0.95	0.99	0.0	0.0	0.5431508072217306	0.04784170407616845	bos_eos	seed_42,seed_43,seed_44
4_3_anc_A_marker	22_4_3_anc_A_marker	fig:heatmap-22-anc-a-marker	4.3 ANC A marker	02_sov_gn_ac_b_ep	sov	gn	nom-acc	balancing	erg-poss	sov	SV	APV	100	0.3433333333333333	0.1096965511460289	34.333333333333336	10.969655114602888	0.22	0.43	0.0	0.0	-0.10290165344874064	0.04168654068639002	bos_eos	seed_42,seed_43,seed_44
4_3_anc_A_marker	22_4_3_anc_A_marker	fig:heatmap-22-anc-a-marker	4.3 ANC A marker	03_sov_gn_ac_b_no	sov	gn	nom-acc	balancing	nomn	sov	SV	APV	100	0.97	0.017320508075688787	97.0	1.7320508075688772	0.95	0.98	0.0	0.0	0.47820693333943687	0.0062117806827440445	bos_eos	seed_42,seed_43,seed_44
4_3_anc_A_marker	22_4_3_anc_A_marker	fig:heatmap-22-anc-a-marker	4.3 ANC A marker	04_sov_gn_ac_d_se	sov	gn	nom-acc	deranking	sent	sov	SV	APV	100	0.06333333333333334	0.015275252316519466	6.333333333333334	1.5275252316519468	0.05	0.08	0.0	0.0	-0.3493713649113973	0.014869715985523311	bos_eos	seed_42,seed_43,seed_44
4_3_anc_A_marker	22_4_3_anc_A_marker	fig:heatmap-22-anc-a-marker	4.3 ANC A marker	05_sov_gn_ac_d_pa	sov	gn	nom-acc	deranking	poss-acc	sov	SV	APV	100	0.9566666666666667	0.01527525231651948	95.66666666666667	1.5275252316519468	0.94	0.97	0.0	0.0	0.49029252608617147	0.042039724913999196	bos_eos	seed_42,seed_43,seed_44
4_3_anc_A_marker	22_4_3_anc_A_marker	fig:heatmap-22-anc-a-marker	4.3 ANC A marker	06_sov_gn_ac_d_ep	sov	gn	nom-acc	deranking	erg-poss	sov	SV	APV	100	0.25333333333333335	0.15176736583776282	25.333333333333336	15.17673658377628	0.09	0.39	0.0	0.0	-0.13681852420171103	0.08265731140511705	bos_eos	seed_42,seed_43,seed_44
4_3_anc_A_marker	22_4_3_anc_A_marker	fig:heatmap-22-anc-a-marker	4.3 ANC A marker	07_sov_gn_ac_d_no	sov	gn	nom-acc	deranking	nomn	sov	SV	APV	100	0.9566666666666667	0.020816659994661348	95.66666666666667	2.0816659994661326	0.94	0.98	0.0	0.0	0.5300378553072612	0.03072655394414949	bos_eos	seed_42,seed_43,seed_44
4_3_anc_A_marker	22_4_3_anc_A_marker	fig:heatmap-22-anc-a-marker	4.3 ANC A marker	08_sov_gn_er_b_se	sov	gn	erg-abs	balancing	sent	sov	SV	APV	100	0.6533333333333333	0.03511884584284244	65.33333333333333	3.5118845842842465	0.62	0.69	0.0	0.0	0.161154994169871	0.019362778564097266	bos_eos	seed_42,seed_43,seed_44
4_3_anc_A_marker	22_4_3_anc_A_marker	fig:heatmap-22-anc-a-marker	4.3 ANC A marker	09_sov_gn_er_b_pa	sov	gn	erg-abs	balancing	poss-acc	sov	SV	APV	100	0.45666666666666667	0.06658328118479392	45.666666666666664	6.658328118479393	0.38	0.5	0.0	0.0	-0.10410082499186198	0.03254480958842892	bos_eos	seed_42,seed_43,seed_44
4_3_anc_A_marker	22_4_3_anc_A_marker	fig:heatmap-22-anc-a-marker	4.3 ANC A marker	10_sov_gn_er_b_ep	sov	gn	erg-abs	balancing	erg-poss	sov	SV	APV	100	0.0	0.0	0.0	0.0	0.0	0.0	0.0	0.0	-0.6491780757904052	0.024795855371967965	bos_eos	seed_42,seed_43,seed_44
4_3_anc_A_marker	22_4_3_anc_A_marker	fig:heatmap-22-anc-a-marker	4.3 ANC A marker	11_sov_gn_er_b_no	sov	gn	erg-abs	balancing	nomn	sov	SV	APV	100	0.47333333333333333	0.02516611478423583	47.333333333333336	2.516611478423583	0.45	0.5	0.0	0.0	-0.07456698973973593	0.0145386216073674	bos_eos	seed_42,seed_43,seed_44
4_3_anc_A_marker	22_4_3_anc_A_marker	fig:heatmap-22-anc-a-marker	4.3 ANC A marker	12_sov_gn_er_d_se	sov	gn	erg-abs	deranking	sent	sov	SV	APV	100	0.9533333333333334	0.020816659994661285	95.33333333333334	2.0816659994661326	0.93	0.97	0.0	0.0	0.40853487650553383	0.015595517588848161	bos_eos	seed_42,seed_43,seed_44
4_3_anc_A_marker	22_4_3_anc_A_marker	fig:heatmap-22-anc-a-marker	4.3 ANC A marker	13_sov_gn_er_d_pa	sov	gn	erg-abs	deranking	poss-acc	sov	SV	APV	100	0.06666666666666667	0.005773502691896263	6.666666666666667	0.5773502691896263	0.06	0.07	0.0	0.0	-0.35852047443389895	0.01826007615778162	bos_eos	seed_42,seed_43,seed_44
4_3_anc_A_marker	22_4_3_anc_A_marker	fig:heatmap-22-anc-a-marker	4.3 ANC A marker	14_sov_gn_er_d_ep	sov	gn	erg-abs	deranking	erg-poss	sov	SV	APV	100	0.0	0.0	0.0	0.0	0.0	0.0	0.0	0.0	-0.7221948297818501	0.027786514446478918	bos_eos	seed_42,seed_43,seed_44
4_3_anc_A_marker	22_4_3_anc_A_marker	fig:heatmap-22-anc-a-marker	4.3 ANC A marker	15_sov_gn_er_d_no	sov	gn	erg-abs	deranking	nomn	sov	SV	APV	100	0.35	0.05567764362830021	35.0	5.5677643628300215	0.3	0.41	0.0	0.0	-0.13096940596898396	0.024696512796581863	bos_eos	seed_42,seed_43,seed_44
4_3_anc_A_marker	22_4_3_anc_A_marker	fig:heatmap-22-anc-a-marker	4.3 ANC A marker	16_sov_ng_ac_b_se	sov	ng	nom-acc	balancing	sent	sov	SV	APV	100	0.13	0.0360555127546399	13.0	3.605551275463989	0.1	0.17	0.0	0.0	-0.2898496357599894	0.055240661980996995	bos_eos	seed_42,seed_43,seed_44
4_3_anc_A_marker	22_4_3_anc_A_marker	fig:heatmap-22-anc-a-marker	4.3 ANC A marker	17_sov_ng_ac_b_pa	sov	ng	nom-acc	balancing	poss-acc	ovs	VS	PVA	100	0.9966666666666667	0.005773502691896263	99.66666666666667	0.5773502691896257	0.99	1.0	0.0	0.0	1.1640740712483724	0.05300402562530193	bos_eos	seed_42,seed_43,seed_44
4_3_anc_A_marker	22_4_3_anc_A_marker	fig:heatmap-22-anc-a-marker	4.3 ANC A marker	18_sov_ng_ac_b_ep	sov	ng	nom-acc	balancing	erg-poss	vos	VS	AVP	100	0.6133333333333333	0.07571877794400361	61.33333333333333	7.571877794400364	0.56	0.7	0.0	0.0	0.06649901390075683	0.05897095539094442	bos_eos	seed_42,seed_43,seed_44
4_3_anc_A_marker	22_4_3_anc_A_marker	fig:heatmap-22-anc-a-marker	4.3 ANC A marker	19_sov_ng_ac_b_no	sov	ng	nom-acc	balancing	nomn	ovs	VS	PVA	100	1.0	0.0	100.0	0.0	1.0	1.0	0.0	0.0	1.2251303402582805	0.01103024214585973	bos_eos	seed_42,seed_43,seed_44
4_3_anc_A_marker	22_4_3_anc_A_marker	fig:heatmap-22-anc-a-marker	4.3 ANC A marker	20_sov_ng_ac_d_se	sov	ng	nom-acc	deranking	sent	sov	SV	APV	100	0.19666666666666666	0.050332229568471665	19.666666666666664	5.033222956847166	0.15	0.25	0.0	0.0	-0.21985381682713828	0.0419831066444992	bos_eos	seed_42,seed_43,seed_44
4_3_anc_A_marker	22_4_3_anc_A_marker	fig:heatmap-22-anc-a-marker	4.3 ANC A marker	21_sov_ng_ac_d_pa	sov	ng	nom-acc	deranking	poss-acc	ovs	VS	PVA	100	0.9966666666666667	0.005773502691896263	99.66666666666667	0.5773502691896257	0.99	1.0	0.0	0.0	1.1286540675163268	0.041879391725034784	bos_eos	seed_42,seed_43,seed_44
4_3_anc_A_marker	22_4_3_anc_A_marker	fig:heatmap-22-anc-a-marker	4.3 ANC A marker	22_sov_ng_ac_d_ep	sov	ng	nom-acc	deranking	erg-poss	vos	VS	AVP	100	0.6033333333333333	0.03214550253664321	60.33333333333333	3.214550253664321	0.58	0.64	0.0	0.0	0.05990628083546956	0.028436933676534142	bos_eos	seed_42,seed_43,seed_44
4_3_anc_A_marker	22_4_3_anc_A_marker	fig:heatmap-22-anc-a-marker	4.3 ANC A marker	23_sov_ng_ac_d_no	sov	ng	nom-acc	deranking	nomn	ovs	VS	PVA	100	1.0	0.0	100.0	0.0	1.0	1.0	0.0	0.0	1.2023155911763508	0.040284993624174065	bos_eos	seed_42,seed_43,seed_44
4_3_anc_A_marker	22_4_3_anc_A_marker	fig:heatmap-22-anc-a-marker	4.3 ANC A marker	24_sov_ng_er_b_se	sov	ng	erg-abs	balancing	sent	sov	SV	APV	100	0.9166666666666666	0.06658328118479392	91.66666666666666	6.658328118479393	0.86	0.99	0.0	0.0	0.40987315972646077	0.06616536891644124	bos_eos	seed_42,seed_43,seed_44
4_3_anc_A_marker	22_4_3_anc_A_marker	fig:heatmap-22-anc-a-marker	4.3 ANC A marker	25_sov_ng_er_b_pa	sov	ng	erg-abs	balancing	poss-acc	ovs	VS	PVA	100	0.9566666666666667	0.005773502691896263	95.66666666666667	0.5773502691896257	0.95	0.96	0.0	0.0	0.9650209442774454	0.040382815548536906	bos_eos	seed_42,seed_43,seed_44
4_3_anc_A_marker	22_4_3_anc_A_marker	fig:heatmap-22-anc-a-marker	4.3 ANC A marker	26_sov_ng_er_b_ep	sov	ng	erg-abs	balancing	erg-poss	vos	VS	AVP	100	0.04666666666666666	0.03785938897200182	4.666666666666666	3.7859388972001824	0.02	0.09	0.0	0.0	-0.539516654809316	0.07848742524267317	bos_eos	seed_42,seed_43,seed_44
4_3_anc_A_marker	22_4_3_anc_A_marker	fig:heatmap-22-anc-a-marker	4.3 ANC A marker	27_sov_ng_er_b_no	sov	ng	erg-abs	balancing	nomn	ovs	VS	PVA	100	0.9133333333333333	0.01527525231651948	91.33333333333333	1.5275252316519468	0.9	0.93	0.0	0.0	0.6686366764704387	0.12682234647785443	bos_eos	seed_42,seed_43,seed_44
4_3_anc_A_marker	22_4_3_anc_A_marker	fig:heatmap-22-anc-a-marker	4.3 ANC A marker	28_sov_ng_er_d_se	sov	ng	erg-abs	deranking	sent	sov	SV	APV	100	0.9933333333333333	0.005773502691896263	99.33333333333333	0.5773502691896257	0.99	1.0	0.0	0.0	0.7419606486956278	0.0387779415066148	bos_eos	seed_42,seed_43,seed_44
4_3_anc_A_marker	22_4_3_anc_A_marker	fig:heatmap-22-anc-a-marker	4.3 ANC A marker	29_sov_ng_er_d_pa	sov	ng	erg-abs	deranking	poss-acc	ovs	VS	PVA	100	0.9166666666666667	0.01527525231651948	91.66666666666667	1.5275252316519468	0.9	0.93	0.0	0.0	0.7023576243718465	0.0581232467382005	bos_eos	seed_42,seed_43,seed_44
4_3_anc_A_marker	22_4_3_anc_A_marker	fig:heatmap-22-anc-a-marker	4.3 ANC A marker	30_sov_ng_er_d_ep	sov	ng	erg-abs	deranking	erg-poss	vos	VS	AVP	100	0.04	0.010000000000000002	4.0	1.0	0.03	0.05	0.0	0.0	-0.5440536777178446	0.04451511222264461	bos_eos	seed_42,seed_43,seed_44
4_3_anc_A_marker	22_4_3_anc_A_marker	fig:heatmap-22-anc-a-marker	4.3 ANC A marker	31_sov_ng_er_d_no	sov	ng	erg-abs	deranking	nomn	ovs	VS	PVA	100	0.9133333333333333	0.04163331998932263	91.33333333333333	4.163331998932265	0.88	0.96	0.0	0.0	0.5797754804293315	0.01704715767157286	bos_eos	seed_42,seed_43,seed_44
4_3_anc_A_marker	22_4_3_anc_A_marker	fig:heatmap-22-anc-a-marker	4.3 ANC A marker	32_svo_gn_ac_b_se	svo	gn	nom-acc	balancing	sent	svo	SV	AVP	100	0.06333333333333334	0.015275252316519466	6.333333333333334	1.5275252316519468	0.05	0.08	0.0	0.0	-0.41148820956548054	0.03202152947081233	bos_eos	seed_42,seed_43,seed_44
4_3_anc_A_marker	22_4_3_anc_A_marker	fig:heatmap-22-anc-a-marker	4.3 ANC A marker	33_svo_gn_ac_b_pa	svo	gn	nom-acc	balancing	poss-acc	svo	SV	AVP	100	1.0	0.0	100.0	0.0	1.0	1.0	0.0	0.0	0.8983583958943685	0.053226668037421994	bos_eos	seed_42,seed_43,seed_44
4_3_anc_A_marker	22_4_3_anc_A_marker	fig:heatmap-22-anc-a-marker	4.3 ANC A marker	34_svo_gn_ac_b_ep	svo	gn	nom-acc	balancing	erg-poss	sov	SV	PVA	100	1.0	0.0	100.0	0.0	1.0	1.0	0.0	0.0	1.575911025206248	0.24266131307359678	bos_eos	seed_42,seed_43,seed_44
4_3_anc_A_marker	22_4_3_anc_A_marker	fig:heatmap-22-anc-a-marker	4.3 ANC A marker	35_svo_gn_ac_b_no	svo	gn	nom-acc	balancing	nomn	svo	SV	AVP	100	0.9966666666666667	0.005773502691896263	99.66666666666667	0.5773502691896257	0.99	1.0	0.0	0.0	0.8948508453369141	0.0040635593709617114	bos_eos	seed_42,seed_43,seed_44
4_3_anc_A_marker	22_4_3_anc_A_marker	fig:heatmap-22-anc-a-marker	4.3 ANC A marker	36_svo_gn_ac_d_se	svo	gn	nom-acc	deranking	sent	svo	SV	AVP	100	0.19333333333333336	0.08504900548115384	19.333333333333336	8.504900548115385	0.11	0.28	0.0	0.0	-0.23349482377370198	0.10283112228895505	bos_eos	seed_42,seed_43,seed_44
4_3_anc_A_marker	22_4_3_anc_A_marker	fig:heatmap-22-anc-a-marker	4.3 ANC A marker	37_svo_gn_ac_d_pa	svo	gn	nom-acc	deranking	poss-acc	svo	SV	AVP	100	0.9766666666666667	0.01527525231651948	97.66666666666667	1.5275252316519468	0.96	0.99	0.0	0.0	0.6890416089693705	0.14829871391815863	bos_eos	seed_42,seed_43,seed_44
4_3_anc_A_marker	22_4_3_anc_A_marker	fig:heatmap-22-anc-a-marker	4.3 ANC A marker	38_svo_gn_ac_d_ep	svo	gn	nom-acc	deranking	erg-poss	sov	SV	PVA	100	1.0	0.0	100.0	0.0	1.0	1.0	0.0	0.0	1.383063902060191	0.34259373029102785	bos_eos	seed_42,seed_43,seed_44
4_3_anc_A_marker	22_4_3_anc_A_marker	fig:heatmap-22-anc-a-marker	4.3 ANC A marker	39_svo_gn_ac_d_no	svo	gn	nom-acc	deranking	nomn	svo	SV	AVP	100	0.9733333333333334	0.03785938897200179	97.33333333333334	3.7859388972001824	0.93	1.0	0.0	0.0	0.740710551738739	0.23028446733012783	bos_eos	seed_42,seed_43,seed_44
4_3_anc_A_marker	22_4_3_anc_A_marker	fig:heatmap-22-anc-a-marker	4.3 ANC A marker	40_svo_gn_er_b_se	svo	gn	erg-abs	balancing	sent	svo	SV	AVP	100	0.8133333333333334	0.08621678104251711	81.33333333333333	8.621678104251709	0.72	0.89	0.0	0.0	0.31007956902186073	0.07421149566992125	bos_eos	seed_42,seed_43,seed_44
4_3_anc_A_marker	22_4_3_anc_A_marker	fig:heatmap-22-anc-a-marker	4.3 ANC A marker	41_svo_gn_er_b_pa	svo	gn	erg-abs	balancing	poss-acc	svo	SV	AVP	100	0.6	0.020000000000000018	60.0	2.0000000000000036	0.58	0.62	0.0	0.0	0.09304854949315389	0.06475896271750677	bos_eos	seed_42,seed_43,seed_44
4_3_anc_A_marker	22_4_3_anc_A_marker	fig:heatmap-22-anc-a-marker	4.3 ANC A marker	42_svo_gn_er_b_ep	svo	gn	erg-abs	balancing	erg-poss	sov	SV	PVA	100	0.88	0.06244997998398397	88.0	6.244997998398398	0.81	0.93	0.0	0.0	0.432700244585673	0.21838996034029537	bos_eos	seed_42,seed_43,seed_44
4_3_anc_A_marker	22_4_3_anc_A_marker	fig:heatmap-22-anc-a-marker	4.3 ANC A marker	43_svo_gn_er_b_no	svo	gn	erg-abs	balancing	nomn	svo	SV	AVP	100	0.7366666666666667	0.09712534856222307	73.66666666666667	9.71253485622231	0.63	0.82	0.0	0.0	0.2148334821065267	0.08952944037855444	bos_eos	seed_42,seed_43,seed_44
4_3_anc_A_marker	22_4_3_anc_A_marker	fig:heatmap-22-anc-a-marker	4.3 ANC A marker	44_svo_gn_er_d_se	svo	gn	erg-abs	deranking	sent	svo	SV	AVP	100	1.0	0.0	100.0	0.0	1.0	1.0	0.0	0.0	1.023012366294861	0.026450051963041538	bos_eos	seed_42,seed_43,seed_44
4_3_anc_A_marker	22_4_3_anc_A_marker	fig:heatmap-22-anc-a-marker	4.3 ANC A marker	45_svo_gn_er_d_pa	svo	gn	erg-abs	deranking	poss-acc	svo	SV	AVP	100	0.0033333333333333335	0.005773502691896258	0.33333333333333337	0.5773502691896257	0.0	0.01	0.0	0.0	-0.7881309787432352	0.06154076791137847	bos_eos	seed_42,seed_43,seed_44
4_3_anc_A_marker	22_4_3_anc_A_marker	fig:heatmap-22-anc-a-marker	4.3 ANC A marker	46_svo_gn_er_d_ep	svo	gn	erg-abs	deranking	erg-poss	sov	SV	PVA	100	0.7466666666666667	0.10408329997330662	74.66666666666667	10.408329997330663	0.63	0.83	0.0	0.0	0.13803829352060953	0.1933276413022499	bos_eos	seed_42,seed_43,seed_44
4_3_anc_A_marker	22_4_3_anc_A_marker	fig:heatmap-22-anc-a-marker	4.3 ANC A marker	47_svo_gn_er_d_no	svo	gn	erg-abs	deranking	nomn	svo	SV	AVP	100	0.25	0.19078784028338913	25.0	19.078784028338912	0.05	0.43	0.0	0.0	-0.30140246709187823	0.20139789333025998	bos_eos	seed_42,seed_43,seed_44
4_3_anc_A_marker	22_4_3_anc_A_marker	fig:heatmap-22-anc-a-marker	4.3 ANC A marker	48_svo_ng_ac_b_se	svo	ng	nom-acc	balancing	sent	svo	SV	AVP	100	0.7966666666666667	0.12055427546683416	79.66666666666667	12.055427546683417	0.67	0.91	0.0	0.0	0.15224748690923057	0.07629099024124225	bos_eos	seed_42,seed_43,seed_44
4_3_anc_A_marker	22_4_3_anc_A_marker	fig:heatmap-22-anc-a-marker	4.3 ANC A marker	49_svo_ng_ac_b_pa	svo	ng	nom-acc	balancing	poss-acc	vos	VS	VPA	100	1.0	0.0	100.0	0.0	1.0	1.0	0.0	0.0	1.8371857754389445	0.03184260948349374	bos_eos	seed_42,seed_43,seed_44
4_3_anc_A_marker	22_4_3_anc_A_marker	fig:heatmap-22-anc-a-marker	4.3 ANC A marker	50_svo_ng_ac_b_ep	svo	ng	nom-acc	balancing	erg-poss	vos	VS	VPA	100	1.0	0.0	100.0	0.0	1.0	1.0	0.0	0.0	1.5061642893155416	0.04844981877350971	bos_eos	seed_42,seed_43,seed_44
4_3_anc_A_marker	22_4_3_anc_A_marker	fig:heatmap-22-anc-a-marker	4.3 ANC A marker	51_svo_ng_ac_b_no	svo	ng	nom-acc	balancing	nomn	vos	VS	VPA	100	1.0	0.0	100.0	0.0	1.0	1.0	0.0	0.0	1.6907089424133301	0.06876185022522156	bos_eos	seed_42,seed_43,seed_44
4_3_anc_A_marker	22_4_3_anc_A_marker	fig:heatmap-22-anc-a-marker	4.3 ANC A marker	52_svo_ng_ac_d_se	svo	ng	nom-acc	deranking	sent	svo	SV	AVP	100	0.6766666666666666	0.03511884584284244	67.66666666666666	3.5118845842842465	0.64	0.71	0.0	0.0	0.09211257934570313	0.0061705371497707195	bos_eos	seed_42,seed_43,seed_44
4_3_anc_A_marker	22_4_3_anc_A_marker	fig:heatmap-22-anc-a-marker	4.3 ANC A marker	53_svo_ng_ac_d_pa	svo	ng	nom-acc	deranking	poss-acc	vos	VS	VPA	100	1.0	0.0	100.0	0.0	1.0	1.0	0.0	0.0	1.5794897389411926	0.1833235330355938	bos_eos	seed_42,seed_43,seed_44
4_3_anc_A_marker	22_4_3_anc_A_marker	fig:heatmap-22-anc-a-marker	4.3 ANC A marker	54_svo_ng_ac_d_ep	svo	ng	nom-acc	deranking	erg-poss	vos	VS	VPA	100	0.9966666666666667	0.005773502691896263	99.66666666666667	0.5773502691896257	0.99	1.0	0.0	0.0	1.2105126976966858	0.058004481925639305	bos_eos	seed_42,seed_43,seed_44
4_3_anc_A_marker	22_4_3_anc_A_marker	fig:heatmap-22-anc-a-marker	4.3 ANC A marker	55_svo_ng_ac_d_no	svo	ng	nom-acc	deranking	nomn	vos	VS	VPA	100	0.9966666666666667	0.005773502691896263	99.66666666666667	0.5773502691896257	0.99	1.0	0.0	0.0	1.6056568678220113	0.0843050821080662	bos_eos	seed_42,seed_43,seed_44
4_3_anc_A_marker	22_4_3_anc_A_marker	fig:heatmap-22-anc-a-marker	4.3 ANC A marker	56_svo_ng_er_b_se	svo	ng	erg-abs	balancing	sent	svo	SV	AVP	100	0.99	0.010000000000000009	99.0	1.0	0.98	1.0	0.0	0.0	0.8033379975954691	0.039070533455349936	bos_eos	seed_42,seed_43,seed_44
4_3_anc_A_marker	22_4_3_anc_A_marker	fig:heatmap-22-anc-a-marker	4.3 ANC A marker	57_svo_ng_er_b_pa	svo	ng	erg-abs	balancing	poss-acc	vos	VS	VPA	100	0.94	0.009999999999999953	94.0	1.0	0.93	0.95	0.0	0.0	0.9728037071228027	0.09962398597727404	bos_eos	seed_42,seed_43,seed_44
4_3_anc_A_marker	22_4_3_anc_A_marker	fig:heatmap-22-anc-a-marker	4.3 ANC A marker	58_svo_ng_er_b_ep	svo	ng	erg-abs	balancing	erg-poss	vos	VS	VPA	100	0.8966666666666666	0.05131601439446884	89.66666666666666	5.131601439446884	0.84	0.94	0.0	0.0	0.6349550334612528	0.10769387038910376	bos_eos	seed_42,seed_43,seed_44
4_3_anc_A_marker	22_4_3_anc_A_marker	fig:heatmap-22-anc-a-marker	4.3 ANC A marker	59_svo_ng_er_b_no	svo	ng	erg-abs	balancing	nomn	vos	VS	VPA	100	0.9733333333333333	0.011547005383792526	97.33333333333333	1.1547005383792515	0.96	0.98	0.0	0.0	1.1198637080192566	0.04929074695114831	bos_eos	seed_42,seed_43,seed_44
4_3_anc_A_marker	22_4_3_anc_A_marker	fig:heatmap-22-anc-a-marker	4.3 ANC A marker	60_svo_ng_er_d_se	svo	ng	erg-abs	deranking	sent	svo	SV	AVP	100	1.0	0.0	100.0	0.0	1.0	1.0	0.0	0.0	1.190147929986318	0.13715165929526094	bos_eos	seed_42,seed_43,seed_44
4_3_anc_A_marker	22_4_3_anc_A_marker	fig:heatmap-22-anc-a-marker	4.3 ANC A marker	61_svo_ng_er_d_pa	svo	ng	erg-abs	deranking	poss-acc	vos	VS	VPA	100	0.9199999999999999	0.08660254037844388	92.0	8.660254037844387	0.82	0.97	0.0	0.0	0.808398569424947	0.3061871195348476	bos_eos	seed_42,seed_43,seed_44
4_3_anc_A_marker	22_4_3_anc_A_marker	fig:heatmap-22-anc-a-marker	4.3 ANC A marker	62_svo_ng_er_d_ep	svo	ng	erg-abs	deranking	erg-poss	vos	VS	VPA	100	0.75	0.020000000000000018	75.0	2.0	0.73	0.77	0.0	0.0	0.21143746693929036	0.03709948525855453	bos_eos	seed_42,seed_43,seed_44
4_3_anc_A_marker	22_4_3_anc_A_marker	fig:heatmap-22-anc-a-marker	4.3 ANC A marker	63_svo_ng_er_d_no	svo	ng	erg-abs	deranking	nomn	vos	VS	VPA	100	0.92	0.055677643628300216	92.0	5.5677643628300215	0.86	0.97	0.0	0.0	0.8804342484474181	0.26482759560674096	bos_eos	seed_42,seed_43,seed_44
4_3_anc_A_marker	22_4_3_anc_A_marker	fig:heatmap-22-anc-a-marker	4.3 ANC A marker	64_vos_gn_ac_b_se	vos	gn	nom-acc	balancing	sent	vos	VS	VPA	100	0.19666666666666666	0.011547005383792509	19.666666666666664	1.1547005383792515	0.19	0.21	0.0	0.0	-0.3118523732821147	0.01798283100490996	bos_eos	seed_42,seed_43,seed_44
4_3_anc_A_marker	22_4_3_anc_A_marker	fig:heatmap-22-anc-a-marker	4.3 ANC A marker	65_vos_gn_ac_b_pa	vos	gn	nom-acc	balancing	poss-acc	svo	SV	AVP	100	0.9833333333333333	0.005773502691896263	98.33333333333333	0.5773502691896257	0.98	0.99	0.0	0.0	0.8867946370442709	0.016127196540321992	bos_eos	seed_42,seed_43,seed_44
4_3_anc_A_marker	22_4_3_anc_A_marker	fig:heatmap-22-anc-a-marker	4.3 ANC A marker	66_vos_gn_ac_b_ep	vos	gn	nom-acc	balancing	erg-poss	sov	SV	PVA	100	0.9	0.06	90.0	6.0	0.84	0.96	0.0	0.0	0.24508055925369263	0.0873249114045062	bos_eos	seed_42,seed_43,seed_44
4_3_anc_A_marker	22_4_3_anc_A_marker	fig:heatmap-22-anc-a-marker	4.3 ANC A marker	67_vos_gn_ac_b_no	vos	gn	nom-acc	balancing	nomn	svo	SV	AVP	100	0.99	0.0	99.0	0.0	0.99	0.99	0.0	0.0	0.8977652970949809	0.04507537157210487	bos_eos	seed_42,seed_43,seed_44
4_3_anc_A_marker	22_4_3_anc_A_marker	fig:heatmap-22-anc-a-marker	4.3 ANC A marker	68_vos_gn_ac_d_se	vos	gn	nom-acc	deranking	sent	vos	VS	VPA	100	0.35333333333333333	0.04163331998932266	35.333333333333336	4.163331998932265	0.32	0.4	0.0	0.0	-0.11877273718516031	0.026347660443839016	bos_eos	seed_42,seed_43,seed_44
4_3_anc_A_marker	22_4_3_anc_A_marker	fig:heatmap-22-anc-a-marker	4.3 ANC A marker	69_vos_gn_ac_d_pa	vos	gn	nom-acc	deranking	poss-acc	svo	SV	AVP	100	0.9933333333333333	0.005773502691896263	99.33333333333333	0.5773502691896257	0.99	1.0	0.0	0.0	0.9456400688489278	0.08045995352606682	bos_eos	seed_42,seed_43,seed_44
4_3_anc_A_marker	22_4_3_anc_A_marker	fig:heatmap-22-anc-a-marker	4.3 ANC A marker	70_vos_gn_ac_d_ep	vos	gn	nom-acc	deranking	erg-poss	sov	SV	PVA	100	0.7899999999999999	0.08717797887081348	78.99999999999999	8.717797887081348	0.69	0.85	0.0	0.0	0.2090588108698527	0.09914599251169944	bos_eos	seed_42,seed_43,seed_44
4_3_anc_A_marker	22_4_3_anc_A_marker	fig:heatmap-22-anc-a-marker	4.3 ANC A marker	71_vos_gn_ac_d_no	vos	gn	nom-acc	deranking	nomn	svo	SV	AVP	100	0.99	0.010000000000000009	99.0	1.0	0.98	1.0	0.0	0.0	0.9302138376235962	0.06334060972546561	bos_eos	seed_42,seed_43,seed_44
4_3_anc_A_marker	22_4_3_anc_A_marker	fig:heatmap-22-anc-a-marker	4.3 ANC A marker	72_vos_gn_er_b_se	vos	gn	erg-abs	balancing	sent	vos	VS	VPA	100	0.5366666666666666	0.09018499505645788	53.666666666666664	9.018499505645789	0.45	0.63	0.0	0.0	0.06766335646311442	0.0808223327418567	bos_eos	seed_42,seed_43,seed_44
4_3_anc_A_marker	22_4_3_anc_A_marker	fig:heatmap-22-anc-a-marker	4.3 ANC A marker	73_vos_gn_er_b_pa	vos	gn	erg-abs	balancing	poss-acc	svo	SV	AVP	100	0.9633333333333333	0.005773502691896263	96.33333333333333	0.5773502691896257	0.96	0.97	0.0	0.0	1.0622342459360758	0.10917271479859157	bos_eos	seed_42,seed_43,seed_44
4_3_anc_A_marker	22_4_3_anc_A_marker	fig:heatmap-22-anc-a-marker	4.3 ANC A marker	74_vos_gn_er_b_ep	vos	gn	erg-abs	balancing	erg-poss	sov	SV	PVA	100	0.44666666666666666	0.02886751345948128	44.666666666666664	2.886751345948129	0.43	0.48	0.0	0.0	-0.11930911302566528	0.02069441952926182	bos_eos	seed_42,seed_43,seed_44
4_3_anc_A_marker	22_4_3_anc_A_marker	fig:heatmap-22-anc-a-marker	4.3 ANC A marker	75_vos_gn_er_b_no	vos	gn	erg-abs	balancing	nomn	svo	SV	AVP	100	0.9766666666666667	0.005773502691896263	97.66666666666667	0.5773502691896257	0.97	0.98	0.0	0.0	1.1985692834854127	0.03865259196711586	bos_eos	seed_42,seed_43,seed_44
4_3_anc_A_marker	22_4_3_anc_A_marker	fig:heatmap-22-anc-a-marker	4.3 ANC A marker	76_vos_gn_er_d_se	vos	gn	erg-abs	deranking	sent	vos	VS	VPA	100	0.9833333333333333	0.01527525231651948	98.33333333333333	1.5275252316519468	0.97	1.0	0.0	0.0	0.7335747241973877	0.010611724848078331	bos_eos	seed_42,seed_43,seed_44
4_3_anc_A_marker	22_4_3_anc_A_marker	fig:heatmap-22-anc-a-marker	4.3 ANC A marker	77_vos_gn_er_d_pa	vos	gn	erg-abs	deranking	poss-acc	svo	SV	AVP	100	0.9566666666666667	0.020816659994661348	95.66666666666667	2.0816659994661326	0.94	0.98	0.0	0.0	1.0284353788693745	0.05067763436033887	bos_eos	seed_42,seed_43,seed_44
4_3_anc_A_marker	22_4_3_anc_A_marker	fig:heatmap-22-anc-a-marker	4.3 ANC A marker	78_vos_gn_er_d_ep	vos	gn	erg-abs	deranking	erg-poss	sov	SV	PVA	100	0.27666666666666667	0.13428824718989124	27.666666666666668	13.428824718989125	0.18	0.43	0.0	0.0	-0.22948868115743	0.1053687741409598	bos_eos	seed_42,seed_43,seed_44
4_3_anc_A_marker	22_4_3_anc_A_marker	fig:heatmap-22-anc-a-marker	4.3 ANC A marker	79_vos_gn_er_d_no	vos	gn	erg-abs	deranking	nomn	svo	SV	AVP	100	0.97	0.010000000000000009	97.0	1.0	0.96	0.98	0.0	0.0	1.0416491850217184	0.06991935897939695	bos_eos	seed_42,seed_43,seed_44
4_3_anc_A_marker	22_4_3_anc_A_marker	fig:heatmap-22-anc-a-marker	4.3 ANC A marker	80_vos_ng_ac_b_se	vos	ng	nom-acc	balancing	sent	vos	VS	VPA	100	0.03333333333333333	0.015275252316519468	3.3333333333333335	1.5275252316519468	0.02	0.05	0.0	0.0	-0.4756035017967224	0.04043010561718945	bos_eos	seed_42,seed_43,seed_44
4_3_anc_A_marker	22_4_3_anc_A_marker	fig:heatmap-22-anc-a-marker	4.3 ANC A marker	81_vos_ng_ac_b_pa	vos	ng	nom-acc	balancing	poss-acc	vos	VS	VPA	100	0.99	0.0	99.0	0.0	0.99	0.99	0.0	0.0	0.5923888023694356	0.03446396995791336	bos_eos	seed_42,seed_43,seed_44
4_3_anc_A_marker	22_4_3_anc_A_marker	fig:heatmap-22-anc-a-marker	4.3 ANC A marker	82_vos_ng_ac_b_ep	vos	ng	nom-acc	balancing	erg-poss	vos	VS	VPA	100	0.8033333333333333	0.04509249752822893	80.33333333333333	4.509249752822894	0.76	0.85	0.0	0.0	0.1480277983347575	0.04446317489366419	bos_eos	seed_42,seed_43,seed_44
4_3_anc_A_marker	22_4_3_anc_A_marker	fig:heatmap-22-anc-a-marker	4.3 ANC A marker	83_vos_ng_ac_b_no	vos	ng	nom-acc	balancing	nomn	vos	VS	VPA	100	0.9866666666666667	0.005773502691896263	98.66666666666667	0.5773502691896257	0.98	0.99	0.0	0.0	0.5748507316907246	0.05133882389206612	bos_eos	seed_42,seed_43,seed_44
4_3_anc_A_marker	22_4_3_anc_A_marker	fig:heatmap-22-anc-a-marker	4.3 ANC A marker	84_vos_ng_ac_d_se	vos	ng	nom-acc	deranking	sent	vos	VS	VPA	100	0.08	0.017320508075688773	8.0	1.7320508075688767	0.07	0.1	0.0	0.0	-0.2747587211926778	0.017051173320374875	bos_eos	seed_42,seed_43,seed_44
4_3_anc_A_marker	22_4_3_anc_A_marker	fig:heatmap-22-anc-a-marker	4.3 ANC A marker	85_vos_ng_ac_d_pa	vos	ng	nom-acc	deranking	poss-acc	vos	VS	VPA	100	0.9566666666666667	0.005773502691896263	95.66666666666667	0.5773502691896257	0.95	0.96	0.0	0.0	0.4753765749931335	0.07262680436039454	bos_eos	seed_42,seed_43,seed_44
4_3_anc_A_marker	22_4_3_anc_A_marker	fig:heatmap-22-anc-a-marker	4.3 ANC A marker	86_vos_ng_ac_d_ep	vos	ng	nom-acc	deranking	erg-poss	vos	VS	VPA	100	0.67	0.052915026221291794	67.0	5.291502622129181	0.63	0.73	0.0	0.0	0.09388661940892537	0.02671615854197374	bos_eos	seed_42,seed_43,seed_44
4_3_anc_A_marker	22_4_3_anc_A_marker	fig:heatmap-22-anc-a-marker	4.3 ANC A marker	87_vos_ng_ac_d_no	vos	ng	nom-acc	deranking	nomn	vos	VS	VPA	100	0.97	0.0	97.0	0.0	0.97	0.97	0.0	0.0	0.46897966782251993	0.08782346898393388	bos_eos	seed_42,seed_43,seed_44
4_3_anc_A_marker	22_4_3_anc_A_marker	fig:heatmap-22-anc-a-marker	4.3 ANC A marker	88_vos_ng_er_b_se	vos	ng	erg-abs	balancing	sent	vos	VS	VPA	100	0.39	0.11269427669584646	39.0	11.269427669584644	0.32	0.52	0.0	0.0	-0.011693407694498698	0.06692497939869217	bos_eos	seed_42,seed_43,seed_44
4_3_anc_A_marker	22_4_3_anc_A_marker	fig:heatmap-22-anc-a-marker	4.3 ANC A marker	89_vos_ng_er_b_pa	vos	ng	erg-abs	balancing	poss-acc	vos	VS	VPA	100	0.7233333333333333	0.041633319989322695	72.33333333333333	4.163331998932265	0.69	0.77	0.0	0.0	0.12713254769643148	0.054317043445585744	bos_eos	seed_42,seed_43,seed_44
4_3_anc_A_marker	22_4_3_anc_A_marker	fig:heatmap-22-anc-a-marker	4.3 ANC A marker	90_vos_ng_er_b_ep	vos	ng	erg-abs	balancing	erg-poss	vos	VS	VPA	100	0.09666666666666666	0.015275252316519466	9.666666666666666	1.5275252316519468	0.08	0.11	0.0	0.0	-0.3345253928502401	0.03515163966886001	bos_eos	seed_42,seed_43,seed_44
4_3_anc_A_marker	22_4_3_anc_A_marker	fig:heatmap-22-anc-a-marker	4.3 ANC A marker	91_vos_ng_er_b_no	vos	ng	erg-abs	balancing	nomn	vos	VS	VPA	100	0.7466666666666667	0.025166114784235857	74.66666666666667	2.516611478423583	0.72	0.77	0.0	0.0	0.1440340820948283	0.028598817501578278	bos_eos	seed_42,seed_43,seed_44
4_3_anc_A_marker	22_4_3_anc_A_marker	fig:heatmap-22-anc-a-marker	4.3 ANC A marker	92_vos_ng_er_d_se	vos	ng	erg-abs	deranking	sent	vos	VS	VPA	100	0.9266666666666666	0.020816659994661285	92.66666666666666	2.0816659994661326	0.91	0.95	0.0	0.0	0.4590467802683512	0.021324919786179508	bos_eos	seed_42,seed_43,seed_44
4_3_anc_A_marker	22_4_3_anc_A_marker	fig:heatmap-22-anc-a-marker	4.3 ANC A marker	93_vos_ng_er_d_pa	vos	ng	erg-abs	deranking	poss-acc	vos	VS	VPA	100	0.08333333333333333	0.025166114784235832	8.333333333333332	2.516611478423583	0.06	0.11	0.0	0.0	-0.3906170582771301	0.024638642030602932	bos_eos	seed_42,seed_43,seed_44
4_3_anc_A_marker	22_4_3_anc_A_marker	fig:heatmap-22-anc-a-marker	4.3 ANC A marker	94_vos_ng_er_d_ep	vos	ng	erg-abs	deranking	erg-poss	vos	VS	VPA	100	0.01	0.01	1.0	1.0	0.0	0.02	0.0	0.0	-0.6867354973157247	0.07071180786481407	bos_eos	seed_42,seed_43,seed_44
4_3_anc_A_marker	22_4_3_anc_A_marker	fig:heatmap-22-anc-a-marker	4.3 ANC A marker	95_vos_ng_er_d_no	vos	ng	erg-abs	deranking	nomn	vos	VS	VPA	100	0.3566666666666667	0.11239810200058242	35.66666666666667	11.239810200058244	0.26	0.48	0.0	0.0	-0.14007656097412108	0.07111618795477413	bos_eos	seed_42,seed_43,seed_44
4_4_anc_P_marker	23_4_4_anc_P_marker	fig:heatmap-23-anc-p-marker	4.4 ANC P marker	00_sov_gn_ac_b_se	sov	gn	nom-acc	balancing	sent	sov	SV	APV	100	0.9566666666666667	0.03214550253664315	95.66666666666667	3.2145502536643185	0.92	0.98	0.0	0.0	0.5792485006650289	0.03401676628076719	bos_eos	seed_42,seed_43,seed_44
4_4_anc_P_marker	23_4_4_anc_P_marker	fig:heatmap-23-anc-p-marker	4.4 ANC P marker	01_sov_gn_ac_b_pa	sov	gn	nom-acc	balancing	poss-acc	sov	SV	APV	100	0.9433333333333334	0.015275252316519432	94.33333333333334	1.5275252316519468	0.93	0.96	0.0	0.0	0.3613444598515828	0.007525860116123864	bos_eos	seed_42,seed_43,seed_44
4_4_anc_P_marker	23_4_4_anc_P_marker	fig:heatmap-23-anc-p-marker	4.4 ANC P marker	02_sov_gn_ac_b_ep	sov	gn	nom-acc	balancing	erg-poss	sov	SV	APV	100	0.97	0.0	97.0	0.0	0.97	0.97	0.0	0.0	0.7364289156595866	0.11716213890005406	bos_eos	seed_42,seed_43,seed_44
4_4_anc_P_marker	23_4_4_anc_P_marker	fig:heatmap-23-anc-p-marker	4.4 ANC P marker	03_sov_gn_ac_b_no	sov	gn	nom-acc	balancing	nomn	sov	SV	APV	100	0.9833333333333333	0.01527525231651948	98.33333333333333	1.5275252316519468	0.97	1.0	0.0	0.0	0.7587497528394064	0.0948156430614132	bos_eos	seed_42,seed_43,seed_44
4_4_anc_P_marker	23_4_4_anc_P_marker	fig:heatmap-23-anc-p-marker	4.4 ANC P marker	04_sov_gn_ac_d_se	sov	gn	nom-acc	deranking	sent	sov	SV	APV	100	0.9966666666666667	0.005773502691896263	99.66666666666667	0.5773502691896257	0.99	1.0	0.0	0.0	0.7858448513348898	0.03475078892664853	bos_eos	seed_42,seed_43,seed_44
4_4_anc_P_marker	23_4_4_anc_P_marker	fig:heatmap-23-anc-p-marker	4.4 ANC P marker	05_sov_gn_ac_d_pa	sov	gn	nom-acc	deranking	poss-acc	sov	SV	APV	100	0.9666666666666667	0.01527525231651948	96.66666666666667	1.5275252316519468	0.95	0.98	0.0	0.0	0.44291669845581055	0.04172354557958114	bos_eos	seed_42,seed_43,seed_44
4_4_anc_P_marker	23_4_4_anc_P_marker	fig:heatmap-23-anc-p-marker	4.4 ANC P marker	06_sov_gn_ac_d_ep	sov	gn	nom-acc	deranking	erg-poss	sov	SV	APV	100	0.9	0.0519615242270663	90.0	5.196152422706632	0.87	0.96	0.0	0.0	0.3896014372507731	0.14829959939887413	bos_eos	seed_42,seed_43,seed_44
4_4_anc_P_marker	23_4_4_anc_P_marker	fig:heatmap-23-anc-p-marker	4.4 ANC P marker	07_sov_gn_ac_d_no	sov	gn	nom-acc	deranking	nomn	sov	SV	APV	100	0.95	0.010000000000000009	95.0	1.0	0.94	0.96	0.0	0.0	0.46219008763631186	0.010897804084112854	bos_eos	seed_42,seed_43,seed_44
4_4_anc_P_marker	23_4_4_anc_P_marker	fig:heatmap-23-anc-p-marker	4.4 ANC P marker	08_sov_gn_er_b_se	sov	gn	erg-abs	balancing	sent	sov	SV	APV	100	0.65	0.06082762530298222	65.0	6.082762530298224	0.58	0.69	0.0	0.0	0.10875966548919677	0.03111436645196153	bos_eos	seed_42,seed_43,seed_44
4_4_anc_P_marker	23_4_4_anc_P_marker	fig:heatmap-23-anc-p-marker	4.4 ANC P marker	09_sov_gn_er_b_pa	sov	gn	erg-abs	balancing	poss-acc	sov	SV	APV	100	0.28	0.0721110255092798	28.000000000000004	7.211102550927978	0.2	0.34	0.0	0.0	-0.15453460375467937	0.04420991387264004	bos_eos	seed_42,seed_43,seed_44
4_4_anc_P_marker	23_4_4_anc_P_marker	fig:heatmap-23-anc-p-marker	4.4 ANC P marker	10_sov_gn_er_b_ep	sov	gn	erg-abs	balancing	erg-poss	sov	SV	APV	100	0.9966666666666667	0.005773502691896263	99.66666666666667	0.5773502691896257	0.99	1.0	0.0	0.0	0.7595046552022298	0.055821164089582515	bos_eos	seed_42,seed_43,seed_44
4_4_anc_P_marker	23_4_4_anc_P_marker	fig:heatmap-23-anc-p-marker	4.4 ANC P marker	11_sov_gn_er_b_no	sov	gn	erg-abs	balancing	nomn	sov	SV	APV	100	0.99	0.010000000000000009	99.0	1.0	0.98	1.0	0.0	0.0	0.6976800791422526	0.06860361547656701	bos_eos	seed_42,seed_43,seed_44
4_4_anc_P_marker	23_4_4_anc_P_marker	fig:heatmap-23-anc-p-marker	4.4 ANC P marker	12_sov_gn_er_d_se	sov	gn	erg-abs	deranking	sent	sov	SV	APV	100	0.9266666666666666	0.025166114784235805	92.66666666666666	2.516611478423583	0.9	0.95	0.0	0.0	0.3957742635409037	0.0388786871247364	bos_eos	seed_42,seed_43,seed_44
4_4_anc_P_marker	23_4_4_anc_P_marker	fig:heatmap-23-anc-p-marker	4.4 ANC P marker	13_sov_gn_er_d_pa	sov	gn	erg-abs	deranking	poss-acc	sov	SV	APV	100	0.5766666666666667	0.01527525231651942	57.666666666666664	1.527525231651942	0.56	0.59	0.0	0.0	0.029448947111765544	0.007214285968562781	bos_eos	seed_42,seed_43,seed_44
4_4_anc_P_marker	23_4_4_anc_P_marker	fig:heatmap-23-anc-p-marker	4.4 ANC P marker	14_sov_gn_er_d_ep	sov	gn	erg-abs	deranking	erg-poss	sov	SV	APV	100	0.96	0.017320508075688787	96.0	1.7320508075688772	0.95	0.98	0.0	0.0	0.48744406223297115	0.023169408867505775	bos_eos	seed_42,seed_43,seed_44
4_4_anc_P_marker	23_4_4_anc_P_marker	fig:heatmap-23-anc-p-marker	4.4 ANC P marker	15_sov_gn_er_d_no	sov	gn	erg-abs	deranking	nomn	sov	SV	APV	100	0.9266666666666666	0.025166114784235805	92.66666666666666	2.516611478423583	0.9	0.95	0.0	0.0	0.42819864908854166	0.03019854887063903	bos_eos	seed_42,seed_43,seed_44
4_4_anc_P_marker	23_4_4_anc_P_marker	fig:heatmap-23-anc-p-marker	4.4 ANC P marker	16_sov_ng_ac_b_se	sov	ng	nom-acc	balancing	sent	sov	SV	APV	100	0.97	0.020000000000000018	97.0	2.0	0.95	0.99	0.0	0.0	0.6230036695798238	0.05080492395074098	bos_eos	seed_42,seed_43,seed_44
4_4_anc_P_marker	23_4_4_anc_P_marker	fig:heatmap-23-anc-p-marker	4.4 ANC P marker	17_sov_ng_ac_b_pa	sov	ng	nom-acc	balancing	poss-acc	ovs	VS	PVA	100	0.9733333333333333	0.005773502691896263	97.33333333333333	0.5773502691896257	0.97	0.98	0.0	0.0	0.5485759909947714	0.003253751434832721	bos_eos	seed_42,seed_43,seed_44
4_4_anc_P_marker	23_4_4_anc_P_marker	fig:heatmap-23-anc-p-marker	4.4 ANC P marker	18_sov_ng_ac_b_ep	sov	ng	nom-acc	balancing	erg-poss	vos	VS	AVP	100	0.9633333333333333	0.005773502691896263	96.33333333333333	0.5773502691896257	0.96	0.97	0.0	0.0	0.6289127484957378	0.022145271281076732	bos_eos	seed_42,seed_43,seed_44
4_4_anc_P_marker	23_4_4_anc_P_marker	fig:heatmap-23-anc-p-marker	4.4 ANC P marker	19_sov_ng_ac_b_no	sov	ng	nom-acc	balancing	nomn	ovs	VS	PVA	100	0.9766666666666667	0.023094010767585053	97.66666666666667	2.309401076758503	0.95	0.99	0.0	0.0	0.8128232677777608	0.05620920227252527	bos_eos	seed_42,seed_43,seed_44
4_4_anc_P_marker	23_4_4_anc_P_marker	fig:heatmap-23-anc-p-marker	4.4 ANC P marker	20_sov_ng_ac_d_se	sov	ng	nom-acc	deranking	sent	sov	SV	APV	100	1.0	0.0	100.0	0.0	1.0	1.0	0.0	0.0	0.6988051692644754	0.007585331308979007	bos_eos	seed_42,seed_43,seed_44
4_4_anc_P_marker	23_4_4_anc_P_marker	fig:heatmap-23-anc-p-marker	4.4 ANC P marker	21_sov_ng_ac_d_pa	sov	ng	nom-acc	deranking	poss-acc	ovs	VS	PVA	100	0.9933333333333333	0.005773502691896263	99.33333333333333	0.5773502691896257	0.99	1.0	0.0	0.0	0.5616998823483785	0.027722094794761398	bos_eos	seed_42,seed_43,seed_44
4_4_anc_P_marker	23_4_4_anc_P_marker	fig:heatmap-23-anc-p-marker	4.4 ANC P marker	22_sov_ng_ac_d_ep	sov	ng	nom-acc	deranking	erg-poss	vos	VS	AVP	100	0.96	0.0	96.0	0.0	0.96	0.96	0.0	0.0	0.7381434432665507	0.036449739916132075	bos_eos	seed_42,seed_43,seed_44
4_4_anc_P_marker	23_4_4_anc_P_marker	fig:heatmap-23-anc-p-marker	4.4 ANC P marker	23_sov_ng_ac_d_no	sov	ng	nom-acc	deranking	nomn	ovs	VS	PVA	100	0.9433333333333334	0.020816659994661285	94.33333333333334	2.0816659994661326	0.92	0.96	0.0	0.0	0.5168687868118287	0.06686731172327141	bos_eos	seed_42,seed_43,seed_44
4_4_anc_P_marker	23_4_4_anc_P_marker	fig:heatmap-23-anc-p-marker	4.4 ANC P marker	24_sov_ng_er_b_se	sov	ng	erg-abs	balancing	sent	sov	SV	APV	100	0.41333333333333333	0.10214368964029709	41.333333333333336	10.214368964029708	0.34	0.53	0.0	0.0	-0.05385551929473877	0.05679143985535793	bos_eos	seed_42,seed_43,seed_44
4_4_anc_P_marker	23_4_4_anc_P_marker	fig:heatmap-23-anc-p-marker	4.4 ANC P marker	25_sov_ng_er_b_pa	sov	ng	erg-abs	balancing	poss-acc	ovs	VS	PVA	100	0.67	0.07	67.0	7.0	0.6	0.74	0.0	0.0	0.10217656294504801	0.05072583494367591	bos_eos	seed_42,seed_43,seed_44
4_4_anc_P_marker	23_4_4_anc_P_marker	fig:heatmap-23-anc-p-marker	4.4 ANC P marker	26_sov_ng_er_b_ep	sov	ng	erg-abs	balancing	erg-poss	vos	VS	AVP	100	1.0	0.0	100.0	0.0	1.0	1.0	0.0	0.0	0.7466206216812133	0.050359980478706774	bos_eos	seed_42,seed_43,seed_44
4_4_anc_P_marker	23_4_4_anc_P_marker	fig:heatmap-23-anc-p-marker	4.4 ANC P marker	27_sov_ng_er_b_no	sov	ng	erg-abs	balancing	nomn	ovs	VS	PVA	100	0.9833333333333333	0.011547005383792526	98.33333333333333	1.1547005383792515	0.97	0.99	0.0	0.0	0.6479207587242126	0.021078490077401254	bos_eos	seed_42,seed_43,seed_44
4_4_anc_P_marker	23_4_4_anc_P_marker	fig:heatmap-23-anc-p-marker	4.4 ANC P marker	28_sov_ng_er_d_se	sov	ng	erg-abs	deranking	sent	sov	SV	APV	100	0.74	0.11357816691600547	74.0	11.357816691600547	0.61	0.82	0.0	0.0	0.109993683497111	0.06196670462354069	bos_eos	seed_42,seed_43,seed_44
4_4_anc_P_marker	23_4_4_anc_P_marker	fig:heatmap-23-anc-p-marker	4.4 ANC P marker	29_sov_ng_er_d_pa	sov	ng	erg-abs	deranking	poss-acc	ovs	VS	PVA	100	0.7266666666666667	0.01527525231651948	72.66666666666667	1.5275252316519468	0.71	0.74	0.0	0.0	0.1403188467025757	0.007629410164123777	bos_eos	seed_42,seed_43,seed_44
4_4_anc_P_marker	23_4_4_anc_P_marker	fig:heatmap-23-anc-p-marker	4.4 ANC P marker	30_sov_ng_er_d_ep	sov	ng	erg-abs	deranking	erg-poss	vos	VS	AVP	100	1.0	0.0	100.0	0.0	1.0	1.0	0.0	0.0	0.8671448659896851	0.019735909751840423	bos_eos	seed_42,seed_43,seed_44
4_4_anc_P_marker	23_4_4_anc_P_marker	fig:heatmap-23-anc-p-marker	4.4 ANC P marker	31_sov_ng_er_d_no	sov	ng	erg-abs	deranking	nomn	ovs	VS	PVA	100	0.9333333333333333	0.005773502691896198	93.33333333333333	0.5773502691896257	0.93	0.94	0.0	0.0	0.4790704162915548	0.05046606594024219	bos_eos	seed_42,seed_43,seed_44
4_4_anc_P_marker	23_4_4_anc_P_marker	fig:heatmap-23-anc-p-marker	4.4 ANC P marker	32_svo_gn_ac_b_se	svo	gn	nom-acc	balancing	sent	svo	SV	AVP	100	1.0	0.0	100.0	0.0	1.0	1.0	0.0	0.0	1.6286415672302246	0.033224766980183125	bos_eos	seed_42,seed_43,seed_44
4_4_anc_P_marker	23_4_4_anc_P_marker	fig:heatmap-23-anc-p-marker	4.4 ANC P marker	33_svo_gn_ac_b_pa	svo	gn	nom-acc	balancing	poss-acc	svo	SV	AVP	100	1.0	0.0	100.0	0.0	1.0	1.0	0.0	0.0	1.4278924139340718	0.06200095923573778	bos_eos	seed_42,seed_43,seed_44
4_4_anc_P_marker	23_4_4_anc_P_marker	fig:heatmap-23-anc-p-marker	4.4 ANC P marker	34_svo_gn_ac_b_ep	svo	gn	nom-acc	balancing	erg-poss	sov	SV	PVA	100	1.0	0.0	100.0	0.0	1.0	1.0	0.0	0.0	1.240768277645111	0.09828646340287837	bos_eos	seed_42,seed_43,seed_44
4_4_anc_P_marker	23_4_4_anc_P_marker	fig:heatmap-23-anc-p-marker	4.4 ANC P marker	35_svo_gn_ac_b_no	svo	gn	nom-acc	balancing	nomn	svo	SV	AVP	100	0.9633333333333333	0.01527525231651948	96.33333333333333	1.5275252316519468	0.95	0.98	0.0	0.0	0.9430683143933614	0.09290291568791431	bos_eos	seed_42,seed_43,seed_44
4_4_anc_P_marker	23_4_4_anc_P_marker	fig:heatmap-23-anc-p-marker	4.4 ANC P marker	36_svo_gn_ac_d_se	svo	gn	nom-acc	deranking	sent	svo	SV	AVP	100	1.0	0.0	100.0	0.0	1.0	1.0	0.0	0.0	1.622825493812561	0.07640502085332104	bos_eos	seed_42,seed_43,seed_44
4_4_anc_P_marker	23_4_4_anc_P_marker	fig:heatmap-23-anc-p-marker	4.4 ANC P marker	37_svo_gn_ac_d_pa	svo	gn	nom-acc	deranking	poss-acc	svo	SV	AVP	100	1.0	0.0	100.0	0.0	1.0	1.0	0.0	0.0	1.282346887588501	0.06362683775335536	bos_eos	seed_42,seed_43,seed_44
4_4_anc_P_marker	23_4_4_anc_P_marker	fig:heatmap-23-anc-p-marker	4.4 ANC P marker	38_svo_gn_ac_d_ep	svo	gn	nom-acc	deranking	erg-poss	sov	SV	PVA	100	0.9966666666666667	0.005773502691896263	99.66666666666667	0.5773502691896257	0.99	1.0	0.0	0.0	1.2733457446098329	0.1464043971096819	bos_eos	seed_42,seed_43,seed_44
4_4_anc_P_marker	23_4_4_anc_P_marker	fig:heatmap-23-anc-p-marker	4.4 ANC P marker	39_svo_gn_ac_d_no	svo	gn	nom-acc	deranking	nomn	svo	SV	AVP	100	0.96	0.020000000000000018	96.0	2.0	0.94	0.98	0.0	0.0	0.6885592214266459	0.14556356566367828	bos_eos	seed_42,seed_43,seed_44
4_4_anc_P_marker	23_4_4_anc_P_marker	fig:heatmap-23-anc-p-marker	4.4 ANC P marker	40_svo_gn_er_b_se	svo	gn	erg-abs	balancing	sent	svo	SV	AVP	100	1.0	0.0	100.0	0.0	1.0	1.0	0.0	0.0	0.7172392988204956	0.04614865852400128	bos_eos	seed_42,seed_43,seed_44
4_4_anc_P_marker	23_4_4_anc_P_marker	fig:heatmap-23-anc-p-marker	4.4 ANC P marker	41_svo_gn_er_b_pa	svo	gn	erg-abs	balancing	poss-acc	svo	SV	AVP	100	1.0	0.0	100.0	0.0	1.0	1.0	0.0	0.0	0.6196270434061687	0.046604138044741235	bos_eos	seed_42,seed_43,seed_44
4_4_anc_P_marker	23_4_4_anc_P_marker	fig:heatmap-23-anc-p-marker	4.4 ANC P marker	42_svo_gn_er_b_ep	svo	gn	erg-abs	balancing	erg-poss	sov	SV	PVA	100	0.9966666666666667	0.005773502691896263	99.66666666666667	0.5773502691896257	0.99	1.0	0.0	0.0	1.1693966619173686	0.11660572710706414	bos_eos	seed_42,seed_43,seed_44
4_4_anc_P_marker	23_4_4_anc_P_marker	fig:heatmap-23-anc-p-marker	4.4 ANC P marker	43_svo_gn_er_b_no	svo	gn	erg-abs	balancing	nomn	svo	SV	AVP	100	0.9766666666666667	0.023094010767585053	97.66666666666667	2.309401076758503	0.95	0.99	0.0	0.0	0.9090440487861634	0.24001529451091022	bos_eos	seed_42,seed_43,seed_44
4_4_anc_P_marker	23_4_4_anc_P_marker	fig:heatmap-23-anc-p-marker	4.4 ANC P marker	44_svo_gn_er_d_se	svo	gn	erg-abs	deranking	sent	svo	SV	AVP	100	1.0	0.0	100.0	0.0	1.0	1.0	0.0	0.0	0.838440146446228	0.06472803266209284	bos_eos	seed_42,seed_43,seed_44
4_4_anc_P_marker	23_4_4_anc_P_marker	fig:heatmap-23-anc-p-marker	4.4 ANC P marker	45_svo_gn_er_d_pa	svo	gn	erg-abs	deranking	poss-acc	svo	SV	AVP	100	1.0	0.0	100.0	0.0	1.0	1.0	0.0	0.0	0.6522869427998861	0.081854329719963	bos_eos	seed_42,seed_43,seed_44
4_4_anc_P_marker	23_4_4_anc_P_marker	fig:heatmap-23-anc-p-marker	4.4 ANC P marker	46_svo_gn_er_d_ep	svo	gn	erg-abs	deranking	erg-poss	sov	SV	PVA	100	1.0	0.0	100.0	0.0	1.0	1.0	0.0	0.0	0.8406832488377889	0.1682787936935192	bos_eos	seed_42,seed_43,seed_44
4_4_anc_P_marker	23_4_4_anc_P_marker	fig:heatmap-23-anc-p-marker	4.4 ANC P marker	47_svo_gn_er_d_no	svo	gn	erg-abs	deranking	nomn	svo	SV	AVP	100	0.98	0.010000000000000009	98.0	1.0	0.97	0.99	0.0	0.0	0.5581006876627604	0.14055102075746984	bos_eos	seed_42,seed_43,seed_44
4_4_anc_P_marker	23_4_4_anc_P_marker	fig:heatmap-23-anc-p-marker	4.4 ANC P marker	48_svo_ng_ac_b_se	svo	ng	nom-acc	balancing	sent	svo	SV	AVP	100	0.91	0.010000000000000009	91.0	1.0	0.9	0.92	0.0	0.0	0.7039160013198853	0.04530805925371944	bos_eos	seed_42,seed_43,seed_44
4_4_anc_P_marker	23_4_4_anc_P_marker	fig:heatmap-23-anc-p-marker	4.4 ANC P marker	49_svo_ng_ac_b_pa	svo	ng	nom-acc	balancing	poss-acc	vos	VS	VPA	100	0.96	0.0	96.0	0.0	0.96	0.96	0.0	0.0	0.4981227397918701	0.03471928519899079	bos_eos	seed_42,seed_43,seed_44
4_4_anc_P_marker	23_4_4_anc_P_marker	fig:heatmap-23-anc-p-marker	4.4 ANC P marker	50_svo_ng_ac_b_ep	svo	ng	nom-acc	balancing	erg-poss	vos	VS	VPA	100	0.9833333333333333	0.005773502691896263	98.33333333333333	0.5773502691896257	0.98	0.99	0.0	0.0	1.1869388834635417	0.07076213190710029	bos_eos	seed_42,seed_43,seed_44
4_4_anc_P_marker	23_4_4_anc_P_marker	fig:heatmap-23-anc-p-marker	4.4 ANC P marker	51_svo_ng_ac_b_no	svo	ng	nom-acc	balancing	nomn	vos	VS	VPA	100	0.96	0.0	96.0	0.0	0.96	0.96	0.0	0.0	0.9645881795883179	0.0665062989737789	bos_eos	seed_42,seed_43,seed_44
4_4_anc_P_marker	23_4_4_anc_P_marker	fig:heatmap-23-anc-p-marker	4.4 ANC P marker	52_svo_ng_ac_d_se	svo	ng	nom-acc	deranking	sent	svo	SV	AVP	100	0.9299999999999999	0.04582575694955838	93.0	4.58257569495584	0.88	0.97	0.0	0.0	0.7825414045651754	0.16004819077442672	bos_eos	seed_42,seed_43,seed_44
4_4_anc_P_marker	23_4_4_anc_P_marker	fig:heatmap-23-anc-p-marker	4.4 ANC P marker	53_svo_ng_ac_d_pa	svo	ng	nom-acc	deranking	poss-acc	vos	VS	VPA	100	0.9833333333333333	0.011547005383792526	98.33333333333333	1.1547005383792515	0.97	0.99	0.0	0.0	0.5341571521759033	0.03726403218125017	bos_eos	seed_42,seed_43,seed_44
4_4_anc_P_marker	23_4_4_anc_P_marker	fig:heatmap-23-anc-p-marker	4.4 ANC P marker	54_svo_ng_ac_d_ep	svo	ng	nom-acc	deranking	erg-poss	vos	VS	VPA	100	0.9666666666666667	0.005773502691896263	96.66666666666667	0.5773502691896257	0.96	0.97	0.0	0.0	0.869933590888977	0.09061737550850002	bos_eos	seed_42,seed_43,seed_44
4_4_anc_P_marker	23_4_4_anc_P_marker	fig:heatmap-23-anc-p-marker	4.4 ANC P marker	55_svo_ng_ac_d_no	svo	ng	nom-acc	deranking	nomn	vos	VS	VPA	100	0.9533333333333333	0.005773502691896263	95.33333333333333	0.5773502691896257	0.95	0.96	0.0	0.0	0.7727102891604106	0.1549035591342439	bos_eos	seed_42,seed_43,seed_44
4_4_anc_P_marker	23_4_4_anc_P_marker	fig:heatmap-23-anc-p-marker	4.4 ANC P marker	56_svo_ng_er_b_se	svo	ng	erg-abs	balancing	sent	svo	SV	AVP	100	0.6933333333333334	0.1327905619136139	69.33333333333334	13.279056191361393	0.54	0.77	0.0	0.0	0.10549623012542725	0.06335110836792596	bos_eos	seed_42,seed_43,seed_44
4_4_anc_P_marker	23_4_4_anc_P_marker	fig:heatmap-23-anc-p-marker	4.4 ANC P marker	57_svo_ng_er_b_pa	svo	ng	erg-abs	balancing	poss-acc	vos	VS	VPA	100	0.47	0.04000000000000001	47.0	4.0	0.43	0.51	0.0	0.0	-0.04214001973470052	0.009948424394824042	bos_eos	seed_42,seed_43,seed_44
4_4_anc_P_marker	23_4_4_anc_P_marker	fig:heatmap-23-anc-p-marker	4.4 ANC P marker	58_svo_ng_er_b_ep	svo	ng	erg-abs	balancing	erg-poss	vos	VS	VPA	100	0.9766666666666667	0.023094010767585053	97.66666666666667	2.309401076758503	0.95	0.99	0.0	0.0	0.7470060404141744	0.12773535803466662	bos_eos	seed_42,seed_43,seed_44
4_4_anc_P_marker	23_4_4_anc_P_marker	fig:heatmap-23-anc-p-marker	4.4 ANC P marker	59_svo_ng_er_b_no	svo	ng	erg-abs	balancing	nomn	vos	VS	VPA	100	0.9733333333333333	0.020816659994661348	97.33333333333333	2.0816659994661326	0.95	0.99	0.0	0.0	0.7190978089968364	0.109043242077747	bos_eos	seed_42,seed_43,seed_44
4_4_anc_P_marker	23_4_4_anc_P_marker	fig:heatmap-23-anc-p-marker	4.4 ANC P marker	60_svo_ng_er_d_se	svo	ng	erg-abs	deranking	sent	svo	SV	AVP	100	0.8866666666666667	0.11150485789118487	88.66666666666667	11.150485789118488	0.76	0.97	0.0	0.0	0.25192322810490925	0.09449813886019155	bos_eos	seed_42,seed_43,seed_44
4_4_anc_P_marker	23_4_4_anc_P_marker	fig:heatmap-23-anc-p-marker	4.4 ANC P marker	61_svo_ng_er_d_pa	svo	ng	erg-abs	deranking	poss-acc	vos	VS	VPA	100	0.5466666666666666	0.13796134724383252	54.666666666666664	13.796134724383252	0.39	0.65	0.0	0.0	0.024436236222585044	0.0814428560652152	bos_eos	seed_42,seed_43,seed_44
4_4_anc_P_marker	23_4_4_anc_P_marker	fig:heatmap-23-anc-p-marker	4.4 ANC P marker	62_svo_ng_er_d_ep	svo	ng	erg-abs	deranking	erg-poss	vos	VS	VPA	100	0.89	0.010000000000000009	89.0	1.0	0.88	0.9	0.0	0.0	0.33595980962117516	0.04821304690556864	bos_eos	seed_42,seed_43,seed_44
4_4_anc_P_marker	23_4_4_anc_P_marker	fig:heatmap-23-anc-p-marker	4.4 ANC P marker	63_svo_ng_er_d_no	svo	ng	erg-abs	deranking	nomn	vos	VS	VPA	100	0.8833333333333333	0.12220201853215573	88.33333333333333	12.220201853215574	0.75	0.99	0.0	0.0	0.4376223635673523	0.21835413348061788	bos_eos	seed_42,seed_43,seed_44
4_4_anc_P_marker	23_4_4_anc_P_marker	fig:heatmap-23-anc-p-marker	4.4 ANC P marker	64_vos_gn_ac_b_se	vos	gn	nom-acc	balancing	sent	vos	VS	VPA	100	0.83	0.026457513110645866	83.0	2.6457513110645907	0.8	0.85	0.0	0.0	0.2683526070912679	0.04792024117516107	bos_eos	seed_42,seed_43,seed_44
4_4_anc_P_marker	23_4_4_anc_P_marker	fig:heatmap-23-anc-p-marker	4.4 ANC P marker	65_vos_gn_ac_b_pa	vos	gn	nom-acc	balancing	poss-acc	svo	SV	AVP	100	0.95	0.010000000000000009	95.0	1.0	0.94	0.96	0.0	0.0	0.5894154612223307	0.018026707034856232	bos_eos	seed_42,seed_43,seed_44
4_4_anc_P_marker	23_4_4_anc_P_marker	fig:heatmap-23-anc-p-marker	4.4 ANC P marker	66_vos_gn_ac_b_ep	vos	gn	nom-acc	balancing	erg-poss	sov	SV	PVA	100	0.9866666666666667	0.005773502691896263	98.66666666666667	0.5773502691896257	0.98	0.99	0.0	0.0	0.6354927515983582	0.11391547799337522	bos_eos	seed_42,seed_43,seed_44
4_4_anc_P_marker	23_4_4_anc_P_marker	fig:heatmap-23-anc-p-marker	4.4 ANC P marker	67_vos_gn_ac_b_no	vos	gn	nom-acc	balancing	nomn	svo	SV	AVP	100	0.94	0.009999999999999953	94.0	1.0	0.93	0.95	0.0	0.0	0.5014505116144816	0.027183524332736075	bos_eos	seed_42,seed_43,seed_44
4_4_anc_P_marker	23_4_4_anc_P_marker	fig:heatmap-23-anc-p-marker	4.4 ANC P marker	68_vos_gn_ac_d_se	vos	gn	nom-acc	deranking	sent	vos	VS	VPA	100	0.9866666666666667	0.005773502691896263	98.66666666666667	0.5773502691896257	0.98	0.99	0.0	0.0	0.44975808143615725	0.02916360776758297	bos_eos	seed_42,seed_43,seed_44
4_4_anc_P_marker	23_4_4_anc_P_marker	fig:heatmap-23-anc-p-marker	4.4 ANC P marker	69_vos_gn_ac_d_pa	vos	gn	nom-acc	deranking	poss-acc	svo	SV	AVP	100	0.9566666666666667	0.020816659994661348	95.66666666666667	2.0816659994661326	0.94	0.98	0.0	0.0	0.6641911975542705	0.03396334641495359	bos_eos	seed_42,seed_43,seed_44
4_4_anc_P_marker	23_4_4_anc_P_marker	fig:heatmap-23-anc-p-marker	4.4 ANC P marker	70_vos_gn_ac_d_ep	vos	gn	nom-acc	deranking	erg-poss	sov	SV	PVA	100	0.9833333333333333	0.011547005383792526	98.33333333333333	1.1547005383792515	0.97	0.99	0.0	0.0	0.611119810740153	0.040178541273946766	bos_eos	seed_42,seed_43,seed_44
4_4_anc_P_marker	23_4_4_anc_P_marker	fig:heatmap-23-anc-p-marker	4.4 ANC P marker	71_vos_gn_ac_d_no	vos	gn	nom-acc	deranking	nomn	svo	SV	AVP	100	0.9833333333333333	0.011547005383792526	98.33333333333333	1.1547005383792515	0.97	0.99	0.0	0.0	0.581445582707723	0.057132224286516195	bos_eos	seed_42,seed_43,seed_44
4_4_anc_P_marker	23_4_4_anc_P_marker	fig:heatmap-23-anc-p-marker	4.4 ANC P marker	72_vos_gn_er_b_se	vos	gn	erg-abs	balancing	sent	vos	VS	VPA	100	0.43	0.026457513110645932	43.0	2.6457513110645907	0.41	0.46	0.0	0.0	-0.05085538148880005	0.013077477346425679	bos_eos	seed_42,seed_43,seed_44
4_4_anc_P_marker	23_4_4_anc_P_marker	fig:heatmap-23-anc-p-marker	4.4 ANC P marker	73_vos_gn_er_b_pa	vos	gn	erg-abs	balancing	poss-acc	svo	SV	AVP	100	0.6766666666666666	0.011547005383792462	67.66666666666666	1.1547005383792515	0.67	0.69	0.0	0.0	0.11811815659205119	0.02571232270477837	bos_eos	seed_42,seed_43,seed_44
4_4_anc_P_marker	23_4_4_anc_P_marker	fig:heatmap-23-anc-p-marker	4.4 ANC P marker	74_vos_gn_er_b_ep	vos	gn	erg-abs	balancing	erg-poss	sov	SV	PVA	100	1.0	0.0	100.0	0.0	1.0	1.0	0.0	0.0	1.0275871578852336	0.1003070958325396	bos_eos	seed_42,seed_43,seed_44
4_4_anc_P_marker	23_4_4_anc_P_marker	fig:heatmap-23-anc-p-marker	4.4 ANC P marker	75_vos_gn_er_b_no	vos	gn	erg-abs	balancing	nomn	svo	SV	AVP	100	0.9966666666666667	0.005773502691896263	99.66666666666667	0.5773502691896257	0.99	1.0	0.0	0.0	0.8612136975924174	0.11173097678902172	bos_eos	seed_42,seed_43,seed_44
4_4_anc_P_marker	23_4_4_anc_P_marker	fig:heatmap-23-anc-p-marker	4.4 ANC P marker	76_vos_gn_er_d_se	vos	gn	erg-abs	deranking	sent	vos	VS	VPA	100	0.92	0.026457513110645866	92.0	2.6457513110645907	0.9	0.95	0.0	0.0	0.3326943286259969	0.07212516464932554	bos_eos	seed_42,seed_43,seed_44
4_4_anc_P_marker	23_4_4_anc_P_marker	fig:heatmap-23-anc-p-marker	4.4 ANC P marker	77_vos_gn_er_d_pa	vos	gn	erg-abs	deranking	poss-acc	svo	SV	AVP	100	0.7966666666666666	0.07023769168568493	79.66666666666666	7.023769168568493	0.73	0.87	0.0	0.0	0.26841257969538374	0.0325469640690463	bos_eos	seed_42,seed_43,seed_44
4_4_anc_P_marker	23_4_4_anc_P_marker	fig:heatmap-23-anc-p-marker	4.4 ANC P marker	78_vos_gn_er_d_ep	vos	gn	erg-abs	deranking	erg-poss	sov	SV	PVA	100	1.0	0.0	100.0	0.0	1.0	1.0	0.0	0.0	0.9430504536628723	0.013455768633825752	bos_eos	seed_42,seed_43,seed_44
4_4_anc_P_marker	23_4_4_anc_P_marker	fig:heatmap-23-anc-p-marker	4.4 ANC P marker	79_vos_gn_er_d_no	vos	gn	erg-abs	deranking	nomn	svo	SV	AVP	100	0.9966666666666667	0.005773502691896263	99.66666666666667	0.5773502691896257	0.99	1.0	0.0	0.0	0.517198182741801	0.03935294508511799	bos_eos	seed_42,seed_43,seed_44
4_4_anc_P_marker	23_4_4_anc_P_marker	fig:heatmap-23-anc-p-marker	4.4 ANC P marker	80_vos_ng_ac_b_se	vos	ng	nom-acc	balancing	sent	vos	VS	VPA	100	0.93	0.026457513110645866	93.0	2.6457513110645907	0.91	0.96	0.0	0.0	0.3231093533833822	0.01655797025952454	bos_eos	seed_42,seed_43,seed_44
4_4_anc_P_marker	23_4_4_anc_P_marker	fig:heatmap-23-anc-p-marker	4.4 ANC P marker	81_vos_ng_ac_b_pa	vos	ng	nom-acc	balancing	poss-acc	vos	VS	VPA	100	0.9	0.030000000000000027	90.0	3.0	0.87	0.93	0.0	0.0	0.20759745121002196	0.049053694423772755	bos_eos	seed_42,seed_43,seed_44
4_4_anc_P_marker	23_4_4_anc_P_marker	fig:heatmap-23-anc-p-marker	4.4 ANC P marker	82_vos_ng_ac_b_ep	vos	ng	nom-acc	balancing	erg-poss	vos	VS	VPA	100	0.96	0.017320508075688787	96.0	1.7320508075688772	0.94	0.97	0.0	0.0	0.5096557140350342	0.07784083539679088	bos_eos	seed_42,seed_43,seed_44
4_4_anc_P_marker	23_4_4_anc_P_marker	fig:heatmap-23-anc-p-marker	4.4 ANC P marker	83_vos_ng_ac_b_no	vos	ng	nom-acc	balancing	nomn	vos	VS	VPA	100	0.9333333333333333	0.005773502691896198	93.33333333333333	0.5773502691896257	0.93	0.94	0.0	0.0	0.48330277125040694	0.020453322246431132	bos_eos	seed_42,seed_43,seed_44
4_4_anc_P_marker	23_4_4_anc_P_marker	fig:heatmap-23-anc-p-marker	4.4 ANC P marker	84_vos_ng_ac_d_se	vos	ng	nom-acc	deranking	sent	vos	VS	VPA	100	0.9933333333333333	0.005773502691896263	99.33333333333333	0.5773502691896257	0.99	1.0	0.0	0.0	0.5188034081459045	0.0473012398670979	bos_eos	seed_42,seed_43,seed_44
4_4_anc_P_marker	23_4_4_anc_P_marker	fig:heatmap-23-anc-p-marker	4.4 ANC P marker	85_vos_ng_ac_d_pa	vos	ng	nom-acc	deranking	poss-acc	vos	VS	VPA	100	0.9733333333333333	0.01527525231651948	97.33333333333333	1.5275252316519468	0.96	0.99	0.0	0.0	0.33156741539637247	0.02101636024879753	bos_eos	seed_42,seed_43,seed_44
4_4_anc_P_marker	23_4_4_anc_P_marker	fig:heatmap-23-anc-p-marker	4.4 ANC P marker	86_vos_ng_ac_d_ep	vos	ng	nom-acc	deranking	erg-poss	vos	VS	VPA	100	0.9766666666666667	0.005773502691896263	97.66666666666667	0.5773502691896257	0.97	0.98	0.0	0.0	0.6223487297693888	0.06722159056050471	bos_eos	seed_42,seed_43,seed_44
4_4_anc_P_marker	23_4_4_anc_P_marker	fig:heatmap-23-anc-p-marker	4.4 ANC P marker	87_vos_ng_ac_d_no	vos	ng	nom-acc	deranking	nomn	vos	VS	VPA	100	0.9666666666666667	0.011547005383792526	96.66666666666667	1.1547005383792515	0.96	0.98	0.0	0.0	0.614813711643219	0.06448276482454379	bos_eos	seed_42,seed_43,seed_44
4_4_anc_P_marker	23_4_4_anc_P_marker	fig:heatmap-23-anc-p-marker	4.4 ANC P marker	88_vos_ng_er_b_se	vos	ng	erg-abs	balancing	sent	vos	VS	VPA	100	0.5433333333333333	0.09237604307034014	54.333333333333336	9.237604307034012	0.49	0.65	0.0	0.0	-0.021190196673075357	0.040810961081594786	bos_eos	seed_42,seed_43,seed_44
4_4_anc_P_marker	23_4_4_anc_P_marker	fig:heatmap-23-anc-p-marker	4.4 ANC P marker	89_vos_ng_er_b_pa	vos	ng	erg-abs	balancing	poss-acc	vos	VS	VPA	100	0.2733333333333333	0.15821925715074422	27.333333333333332	15.821925715074425	0.1	0.41	0.0	0.0	-0.1458136471112569	0.04880836197407414	bos_eos	seed_42,seed_43,seed_44
4_4_anc_P_marker	23_4_4_anc_P_marker	fig:heatmap-23-anc-p-marker	4.4 ANC P marker	90_vos_ng_er_b_ep	vos	ng	erg-abs	balancing	erg-poss	vos	VS	VPA	100	1.0	0.0	100.0	0.0	1.0	1.0	0.0	0.0	0.8433319703737895	0.044217040276253686	bos_eos	seed_42,seed_43,seed_44
4_4_anc_P_marker	23_4_4_anc_P_marker	fig:heatmap-23-anc-p-marker	4.4 ANC P marker	91_vos_ng_er_b_no	vos	ng	erg-abs	balancing	nomn	vos	VS	VPA	100	0.9933333333333333	0.005773502691896263	99.33333333333333	0.5773502691896257	0.99	1.0	0.0	0.0	0.7874126036961873	0.048591578205004635	bos_eos	seed_42,seed_43,seed_44
4_4_anc_P_marker	23_4_4_anc_P_marker	fig:heatmap-23-anc-p-marker	4.4 ANC P marker	92_vos_ng_er_d_se	vos	ng	erg-abs	deranking	sent	vos	VS	VPA	100	0.9400000000000001	0.026457513110645866	94.0	2.6457513110645907	0.92	0.97	0.0	0.0	0.31289009253184	0.049524130928306334	bos_eos	seed_42,seed_43,seed_44
4_4_anc_P_marker	23_4_4_anc_P_marker	fig:heatmap-23-anc-p-marker	4.4 ANC P marker	93_vos_ng_er_d_pa	vos	ng	erg-abs	deranking	poss-acc	vos	VS	VPA	100	0.7	0.03464101615137751	70.0	3.4641016151377544	0.66	0.72	0.0	0.0	0.110533500512441	0.025367391016714223	bos_eos	seed_42,seed_43,seed_44
4_4_anc_P_marker	23_4_4_anc_P_marker	fig:heatmap-23-anc-p-marker	4.4 ANC P marker	94_vos_ng_er_d_ep	vos	ng	erg-abs	deranking	erg-poss	vos	VS	VPA	100	0.9666666666666667	0.011547005383792526	96.66666666666667	1.1547005383792515	0.96	0.98	0.0	0.0	0.44219362099965415	0.041583553561407194	bos_eos	seed_42,seed_43,seed_44
4_4_anc_P_marker	23_4_4_anc_P_marker	fig:heatmap-23-anc-p-marker	4.4 ANC P marker	95_vos_ng_er_d_no	vos	ng	erg-abs	deranking	nomn	vos	VS	VPA	100	0.9366666666666666	0.05773502691896256	93.66666666666667	5.773502691896258	0.87	0.97	0.0	0.0	0.35206466595331826	0.07172670921266887	bos_eos	seed_42,seed_43,seed_44
4_5_anc_SV_order	24_4_5_anc_SV_order	fig:heatmap-24-anc-sv-order	4.5 ANC S--V order	00_sov_gn_ac_b_se	sov	gn	nom-acc	balancing	sent	sov	SV	APV	100	1.0	0.0	100.0	0.0	1.0	1.0	0.0	0.0	0.8943087490399678	0.07013035366548365	bos_eos	seed_42,seed_43,seed_44
4_5_anc_SV_order	24_4_5_anc_SV_order	fig:heatmap-24-anc-sv-order	4.5 ANC S--V order	01_sov_gn_ac_b_pa	sov	gn	nom-acc	balancing	poss-acc	sov	SV	APV	100	1.0	0.0	100.0	0.0	1.0	1.0	0.0	0.0	1.2652613671620687	0.050533110660240146	bos_eos	seed_42,seed_43,seed_44
4_5_anc_SV_order	24_4_5_anc_SV_order	fig:heatmap-24-anc-sv-order	4.5 ANC S--V order	02_sov_gn_ac_b_ep	sov	gn	nom-acc	balancing	erg-poss	sov	SV	APV	100	1.0	0.0	100.0	0.0	1.0	1.0	0.0	0.0	1.5355281488100687	0.061297548882369185	bos_eos	seed_42,seed_43,seed_44
4_5_anc_SV_order	24_4_5_anc_SV_order	fig:heatmap-24-anc-sv-order	4.5 ANC S--V order	03_sov_gn_ac_b_no	sov	gn	nom-acc	balancing	nomn	sov	SV	APV	100	1.0	0.0	100.0	0.0	1.0	1.0	0.0	0.0	1.5502741154034931	0.1691959193353332	bos_eos	seed_42,seed_43,seed_44
4_5_anc_SV_order	24_4_5_anc_SV_order	fig:heatmap-24-anc-sv-order	4.5 ANC S--V order	04_sov_gn_ac_d_se	sov	gn	nom-acc	deranking	sent	sov	SV	APV	100	1.0	0.0	100.0	0.0	1.0	1.0	0.0	0.0	1.0485002700487773	0.0525929923626365	bos_eos	seed_42,seed_43,seed_44
4_5_anc_SV_order	24_4_5_anc_SV_order	fig:heatmap-24-anc-sv-order	4.5 ANC S--V order	05_sov_gn_ac_d_pa	sov	gn	nom-acc	deranking	poss-acc	sov	SV	APV	100	1.0	0.0	100.0	0.0	1.0	1.0	0.0	0.0	1.2603062605857849	0.052429067105918006	bos_eos	seed_42,seed_43,seed_44
4_5_anc_SV_order	24_4_5_anc_SV_order	fig:heatmap-24-anc-sv-order	4.5 ANC S--V order	06_sov_gn_ac_d_ep	sov	gn	nom-acc	deranking	erg-poss	sov	SV	APV	100	1.0	0.0	100.0	0.0	1.0	1.0	0.0	0.0	1.4117776902516683	0.03902827617847981	bos_eos	seed_42,seed_43,seed_44
4_5_anc_SV_order	24_4_5_anc_SV_order	fig:heatmap-24-anc-sv-order	4.5 ANC S--V order	07_sov_gn_ac_d_no	sov	gn	nom-acc	deranking	nomn	sov	SV	APV	100	1.0	0.0	100.0	0.0	1.0	1.0	0.0	0.0	1.3854028391838074	0.04690604854763844	bos_eos	seed_42,seed_43,seed_44
4_5_anc_SV_order	24_4_5_anc_SV_order	fig:heatmap-24-anc-sv-order	4.5 ANC S--V order	08_sov_gn_er_b_se	sov	gn	erg-abs	balancing	sent	sov	SV	APV	100	0.9866666666666667	0.005773502691896263	98.66666666666667	0.5773502691896257	0.98	0.99	0.0	0.0	0.7762728301684062	0.016036437148129898	bos_eos	seed_42,seed_43,seed_44
4_5_anc_SV_order	24_4_5_anc_SV_order	fig:heatmap-24-anc-sv-order	4.5 ANC S--V order	09_sov_gn_er_b_pa	sov	gn	erg-abs	balancing	poss-acc	sov	SV	APV	100	1.0	0.0	100.0	0.0	1.0	1.0	0.0	0.0	1.16277827501297	0.06585787792997712	bos_eos	seed_42,seed_43,seed_44
4_5_anc_SV_order	24_4_5_anc_SV_order	fig:heatmap-24-anc-sv-order	4.5 ANC S--V order	10_sov_gn_er_b_ep	sov	gn	erg-abs	balancing	erg-poss	sov	SV	APV	100	1.0	0.0	100.0	0.0	1.0	1.0	0.0	0.0	1.3605491852760314	0.017087981803928787	bos_eos	seed_42,seed_43,seed_44
4_5_anc_SV_order	24_4_5_anc_SV_order	fig:heatmap-24-anc-sv-order	4.5 ANC S--V order	11_sov_gn_er_b_no	sov	gn	erg-abs	balancing	nomn	sov	SV	APV	100	1.0	0.0	100.0	0.0	1.0	1.0	0.0	0.0	1.2775943493843078	0.04993524972444327	bos_eos	seed_42,seed_43,seed_44
4_5_anc_SV_order	24_4_5_anc_SV_order	fig:heatmap-24-anc-sv-order	4.5 ANC S--V order	12_sov_gn_er_d_se	sov	gn	erg-abs	deranking	sent	sov	SV	APV	100	0.9933333333333333	0.005773502691896263	99.33333333333333	0.5773502691896257	0.99	1.0	0.0	0.0	0.9305490652720133	0.057942846793686116	bos_eos	seed_42,seed_43,seed_44
4_5_anc_SV_order	24_4_5_anc_SV_order	fig:heatmap-24-anc-sv-order	4.5 ANC S--V order	13_sov_gn_er_d_pa	sov	gn	erg-abs	deranking	poss-acc	sov	SV	APV	100	1.0	0.0	100.0	0.0	1.0	1.0	0.0	0.0	1.277105852762858	0.03538098682807241	bos_eos	seed_42,seed_43,seed_44
4_5_anc_SV_order	24_4_5_anc_SV_order	fig:heatmap-24-anc-sv-order	4.5 ANC S--V order	14_sov_gn_er_d_ep	sov	gn	erg-abs	deranking	erg-poss	sov	SV	APV	100	1.0	0.0	100.0	0.0	1.0	1.0	0.0	0.0	1.3812569745381673	0.01760675768126071	bos_eos	seed_42,seed_43,seed_44
4_5_anc_SV_order	24_4_5_anc_SV_order	fig:heatmap-24-anc-sv-order	4.5 ANC S--V order	15_sov_gn_er_d_no	sov	gn	erg-abs	deranking	nomn	sov	SV	APV	100	1.0	0.0	100.0	0.0	1.0	1.0	0.0	0.0	1.2466721351941428	0.08881195121110995	bos_eos	seed_42,seed_43,seed_44
4_5_anc_SV_order	24_4_5_anc_SV_order	fig:heatmap-24-anc-sv-order	4.5 ANC S--V order	16_sov_ng_ac_b_se	sov	ng	nom-acc	balancing	sent	sov	SV	APV	100	0.9866666666666667	0.01527525231651948	98.66666666666667	1.5275252316519468	0.97	1.0	0.0	0.0	0.8003254850705465	0.11169333404088691	bos_eos	seed_42,seed_43,seed_44
4_5_anc_SV_order	24_4_5_anc_SV_order	fig:heatmap-24-anc-sv-order	4.5 ANC S--V order	17_sov_ng_ac_b_pa	sov	ng	nom-acc	balancing	poss-acc	ovs	VS	PVA	100	0.7233333333333334	0.06506407098647712	72.33333333333334	6.506407098647712	0.66	0.79	0.0	0.0	0.15586937665939332	0.04836865598227818	bos_eos	seed_42,seed_43,seed_44
4_5_anc_SV_order	24_4_5_anc_SV_order	fig:heatmap-24-anc-sv-order	4.5 ANC S--V order	18_sov_ng_ac_b_ep	sov	ng	nom-acc	balancing	erg-poss	vos	VS	AVP	100	0.8966666666666666	0.03785938897200179	89.66666666666666	3.7859388972001824	0.87	0.94	0.0	0.0	0.36013612429300945	0.05887399373689306	bos_eos	seed_42,seed_43,seed_44
4_5_anc_SV_order	24_4_5_anc_SV_order	fig:heatmap-24-anc-sv-order	4.5 ANC S--V order	19_sov_ng_ac_b_no	sov	ng	nom-acc	balancing	nomn	ovs	VS	PVA	100	0.66	0.052915026221291794	66.0	5.291502622129181	0.62	0.72	0.0	0.0	0.1579024656613668	0.044799854859759444	bos_eos	seed_42,seed_43,seed_44
4_5_anc_SV_order	24_4_5_anc_SV_order	fig:heatmap-24-anc-sv-order	4.5 ANC S--V order	20_sov_ng_ac_d_se	sov	ng	nom-acc	deranking	sent	sov	SV	APV	100	0.9966666666666667	0.005773502691896263	99.66666666666667	0.5773502691896257	0.99	1.0	0.0	0.0	0.9922133644421895	0.01084866209309815	bos_eos	seed_42,seed_43,seed_44
4_5_anc_SV_order	24_4_5_anc_SV_order	fig:heatmap-24-anc-sv-order	4.5 ANC S--V order	21_sov_ng_ac_d_pa	sov	ng	nom-acc	deranking	poss-acc	ovs	VS	PVA	100	0.7133333333333333	0.01527525231651948	71.33333333333333	1.5275252316519468	0.7	0.73	0.0	0.0	0.17718165238698322	0.005324589750753402	bos_eos	seed_42,seed_43,seed_44
4_5_anc_SV_order	24_4_5_anc_SV_order	fig:heatmap-24-anc-sv-order	4.5 ANC S--V order	22_sov_ng_ac_d_ep	sov	ng	nom-acc	deranking	erg-poss	vos	VS	AVP	100	0.9	0.010000000000000009	90.0	1.0	0.89	0.91	0.0	0.0	0.3438782858848572	0.010820652245925415	bos_eos	seed_42,seed_43,seed_44
4_5_anc_SV_order	24_4_5_anc_SV_order	fig:heatmap-24-anc-sv-order	4.5 ANC S--V order	23_sov_ng_ac_d_no	sov	ng	nom-acc	deranking	nomn	ovs	VS	PVA	100	0.75	0.010000000000000009	75.0	1.0	0.74	0.76	0.0	0.0	0.21886194467544556	0.013721364417429884	bos_eos	seed_42,seed_43,seed_44
4_5_anc_SV_order	24_4_5_anc_SV_order	fig:heatmap-24-anc-sv-order	4.5 ANC S--V order	24_sov_ng_er_b_se	sov	ng	erg-abs	balancing	sent	sov	SV	APV	100	0.9833333333333333	0.01527525231651948	98.33333333333333	1.5275252316519468	0.97	1.0	0.0	0.0	0.6813257233301798	0.04127616574960624	bos_eos	seed_42,seed_43,seed_44
4_5_anc_SV_order	24_4_5_anc_SV_order	fig:heatmap-24-anc-sv-order	4.5 ANC S--V order	25_sov_ng_er_b_pa	sov	ng	erg-abs	balancing	poss-acc	ovs	VS	PVA	100	0.6633333333333333	0.03511884584284244	66.33333333333333	3.5118845842842465	0.63	0.7	0.0	0.0	0.14271058320999147	0.011048521396545828	bos_eos	seed_42,seed_43,seed_44
4_5_anc_SV_order	24_4_5_anc_SV_order	fig:heatmap-24-anc-sv-order	4.5 ANC S--V order	26_sov_ng_er_b_ep	sov	ng	erg-abs	balancing	erg-poss	vos	VS	AVP	100	0.9733333333333334	0.03785938897200179	97.33333333333334	3.7859388972001824	0.93	1.0	0.0	0.0	0.4943725577990214	0.07382859623219153	bos_eos	seed_42,seed_43,seed_44
4_5_anc_SV_order	24_4_5_anc_SV_order	fig:heatmap-24-anc-sv-order	4.5 ANC S--V order	27_sov_ng_er_b_no	sov	ng	erg-abs	balancing	nomn	ovs	VS	PVA	100	0.7133333333333334	0.03785938897200179	71.33333333333334	3.7859388972001824	0.67	0.74	0.0	0.0	0.212579607963562	0.031743476016711195	bos_eos	seed_42,seed_43,seed_44
4_5_anc_SV_order	24_4_5_anc_SV_order	fig:heatmap-24-anc-sv-order	4.5 ANC S--V order	28_sov_ng_er_d_se	sov	ng	erg-abs	deranking	sent	sov	SV	APV	100	0.98	0.020000000000000018	98.0	2.0	0.96	1.0	0.0	0.0	0.8335358317693075	0.0683484398916998	bos_eos	seed_42,seed_43,seed_44
4_5_anc_SV_order	24_4_5_anc_SV_order	fig:heatmap-24-anc-sv-order	4.5 ANC S--V order	29_sov_ng_er_d_pa	sov	ng	erg-abs	deranking	poss-acc	ovs	VS	PVA	100	0.33666666666666667	0.035118845842842465	33.666666666666664	3.5118845842842465	0.3	0.37	0.0	0.0	-0.11131587902704874	0.017466561868424414	bos_eos	seed_42,seed_43,seed_44
4_5_anc_SV_order	24_4_5_anc_SV_order	fig:heatmap-24-anc-sv-order	4.5 ANC S--V order	30_sov_ng_er_d_ep	sov	ng	erg-abs	deranking	erg-poss	vos	VS	AVP	100	0.7866666666666666	0.04041451884327378	78.66666666666666	4.041451884327381	0.75	0.83	0.0	0.0	0.2651625339190165	0.060409343858211194	bos_eos	seed_42,seed_43,seed_44
4_5_anc_SV_order	24_4_5_anc_SV_order	fig:heatmap-24-anc-sv-order	4.5 ANC S--V order	31_sov_ng_er_d_no	sov	ng	erg-abs	deranking	nomn	ovs	VS	PVA	100	0.5	0.05196152422706637	50.0	5.196152422706636	0.47	0.56	0.0	0.0	0.015710636774698892	0.04033028011567211	bos_eos	seed_42,seed_43,seed_44
4_5_anc_SV_order	24_4_5_anc_SV_order	fig:heatmap-24-anc-sv-order	4.5 ANC S--V order	32_svo_gn_ac_b_se	svo	gn	nom-acc	balancing	sent	svo	SV	AVP	100	1.0	0.0	100.0	0.0	1.0	1.0	0.0	0.0	1.541767144203186	0.11027849108594538	bos_eos	seed_42,seed_43,seed_44
4_5_anc_SV_order	24_4_5_anc_SV_order	fig:heatmap-24-anc-sv-order	4.5 ANC S--V order	33_svo_gn_ac_b_pa	svo	gn	nom-acc	balancing	poss-acc	svo	SV	AVP	100	1.0	0.0	100.0	0.0	1.0	1.0	0.0	0.0	1.3868595910072326	0.09783154250649362	bos_eos	seed_42,seed_43,seed_44
4_5_anc_SV_order	24_4_5_anc_SV_order	fig:heatmap-24-anc-sv-order	4.5 ANC S--V order	34_svo_gn_ac_b_ep	svo	gn	nom-acc	balancing	erg-poss	sov	SV	PVA	100	1.0	0.0	100.0	0.0	1.0	1.0	0.0	0.0	2.4508734432856243	0.03994493201403613	bos_eos	seed_42,seed_43,seed_44
4_5_anc_SV_order	24_4_5_anc_SV_order	fig:heatmap-24-anc-sv-order	4.5 ANC S--V order	35_svo_gn_ac_b_no	svo	gn	nom-acc	balancing	nomn	svo	SV	AVP	100	1.0	0.0	100.0	0.0	1.0	1.0	0.0	0.0	1.2804972155888876	0.0760519628211552	bos_eos	seed_42,seed_43,seed_44
4_5_anc_SV_order	24_4_5_anc_SV_order	fig:heatmap-24-anc-sv-order	4.5 ANC S--V order	36_svo_gn_ac_d_se	svo	gn	nom-acc	deranking	sent	svo	SV	AVP	100	1.0	0.0	100.0	0.0	1.0	1.0	0.0	0.0	1.5401205539703369	0.08441614259635347	bos_eos	seed_42,seed_43,seed_44
4_5_anc_SV_order	24_4_5_anc_SV_order	fig:heatmap-24-anc-sv-order	4.5 ANC S--V order	37_svo_gn_ac_d_pa	svo	gn	nom-acc	deranking	poss-acc	svo	SV	AVP	100	1.0	0.0	100.0	0.0	1.0	1.0	0.0	0.0	1.2493350744247436	0.12182497968398918	bos_eos	seed_42,seed_43,seed_44
4_5_anc_SV_order	24_4_5_anc_SV_order	fig:heatmap-24-anc-sv-order	4.5 ANC S--V order	38_svo_gn_ac_d_ep	svo	gn	nom-acc	deranking	erg-poss	sov	SV	PVA	100	1.0	0.0	100.0	0.0	1.0	1.0	0.0	0.0	2.3839406895637514	0.04534100957391215	bos_eos	seed_42,seed_43,seed_44
4_5_anc_SV_order	24_4_5_anc_SV_order	fig:heatmap-24-anc-sv-order	4.5 ANC S--V order	39_svo_gn_ac_d_no	svo	gn	nom-acc	deranking	nomn	svo	SV	AVP	100	1.0	0.0	100.0	0.0	1.0	1.0	0.0	0.0	1.3993105347951253	0.11816457779155931	bos_eos	seed_42,seed_43,seed_44
4_5_anc_SV_order	24_4_5_anc_SV_order	fig:heatmap-24-anc-sv-order	4.5 ANC S--V order	40_svo_gn_er_b_se	svo	gn	erg-abs	balancing	sent	svo	SV	AVP	100	0.28	0.034641016151377546	28.000000000000004	3.4641016151377544	0.26	0.32	0.0	0.0	-0.16181205590566	0.035806583405085066	bos_eos	seed_42,seed_43,seed_44
4_5_anc_SV_order	24_4_5_anc_SV_order	fig:heatmap-24-anc-sv-order	4.5 ANC S--V order	41_svo_gn_er_b_pa	svo	gn	erg-abs	balancing	poss-acc	svo	SV	AVP	100	0.9966666666666667	0.005773502691896263	99.66666666666667	0.5773502691896257	0.99	1.0	0.0	0.0	1.0111743625005087	0.09012838426647826	bos_eos	seed_42,seed_43,seed_44
4_5_anc_SV_order	24_4_5_anc_SV_order	fig:heatmap-24-anc-sv-order	4.5 ANC S--V order	42_svo_gn_er_b_ep	svo	gn	erg-abs	balancing	erg-poss	sov	SV	PVA	100	1.0	0.0	100.0	0.0	1.0	1.0	0.0	0.0	1.9623917436599732	0.17535196922435456	bos_eos	seed_42,seed_43,seed_44
4_5_anc_SV_order	24_4_5_anc_SV_order	fig:heatmap-24-anc-sv-order	4.5 ANC S--V order	43_svo_gn_er_b_no	svo	gn	erg-abs	balancing	nomn	svo	SV	AVP	100	0.9966666666666667	0.005773502691896263	99.66666666666667	0.5773502691896257	0.99	1.0	0.0	0.0	1.2139184792836508	0.08033810987825644	bos_eos	seed_42,seed_43,seed_44
4_5_anc_SV_order	24_4_5_anc_SV_order	fig:heatmap-24-anc-sv-order	4.5 ANC S--V order	44_svo_gn_er_d_se	svo	gn	erg-abs	deranking	sent	svo	SV	AVP	100	0.6900000000000001	0.03605551275463986	69.0	3.605551275463989	0.66	0.73	0.0	0.0	0.22165594657262166	0.02669659234629206	bos_eos	seed_42,seed_43,seed_44
4_5_anc_SV_order	24_4_5_anc_SV_order	fig:heatmap-24-anc-sv-order	4.5 ANC S--V order	45_svo_gn_er_d_pa	svo	gn	erg-abs	deranking	poss-acc	svo	SV	AVP	100	0.9966666666666667	0.005773502691896263	99.66666666666667	0.5773502691896257	0.99	1.0	0.0	0.0	1.1459803827603658	0.04579111354393089	bos_eos	seed_42,seed_43,seed_44
4_5_anc_SV_order	24_4_5_anc_SV_order	fig:heatmap-24-anc-sv-order	4.5 ANC S--V order	46_svo_gn_er_d_ep	svo	gn	erg-abs	deranking	erg-poss	sov	SV	PVA	100	1.0	0.0	100.0	0.0	1.0	1.0	0.0	0.0	1.6803809754053751	0.10614362963320897	bos_eos	seed_42,seed_43,seed_44
4_5_anc_SV_order	24_4_5_anc_SV_order	fig:heatmap-24-anc-sv-order	4.5 ANC S--V order	47_svo_gn_er_d_no	svo	gn	erg-abs	deranking	nomn	svo	SV	AVP	100	0.9966666666666667	0.005773502691896263	99.66666666666667	0.5773502691896257	0.99	1.0	0.0	0.0	1.2407803742090862	0.04006283145367895	bos_eos	seed_42,seed_43,seed_44
4_5_anc_SV_order	24_4_5_anc_SV_order	fig:heatmap-24-anc-sv-order	4.5 ANC S--V order	48_svo_ng_ac_b_se	svo	ng	nom-acc	balancing	sent	svo	SV	AVP	100	1.0	0.0	100.0	0.0	1.0	1.0	0.0	0.0	1.5127157354354859	0.04762561310394469	bos_eos	seed_42,seed_43,seed_44
4_5_anc_SV_order	24_4_5_anc_SV_order	fig:heatmap-24-anc-sv-order	4.5 ANC S--V order	49_svo_ng_ac_b_pa	svo	ng	nom-acc	balancing	poss-acc	vos	VS	VPA	100	1.0	0.0	100.0	0.0	1.0	1.0	0.0	0.0	1.3696718041102092	0.08554158607416942	bos_eos	seed_42,seed_43,seed_44
4_5_anc_SV_order	24_4_5_anc_SV_order	fig:heatmap-24-anc-sv-order	4.5 ANC S--V order	50_svo_ng_ac_b_ep	svo	ng	nom-acc	balancing	erg-poss	vos	VS	VPA	100	1.0	0.0	100.0	0.0	1.0	1.0	0.0	0.0	1.6097805484135945	0.02128900635575125	bos_eos	seed_42,seed_43,seed_44
4_5_anc_SV_order	24_4_5_anc_SV_order	fig:heatmap-24-anc-sv-order	4.5 ANC S--V order	51_svo_ng_ac_b_no	svo	ng	nom-acc	balancing	nomn	vos	VS	VPA	100	1.0	0.0	100.0	0.0	1.0	1.0	0.0	0.0	1.5294911511739095	0.05577658611190671	bos_eos	seed_42,seed_43,seed_44
4_5_anc_SV_order	24_4_5_anc_SV_order	fig:heatmap-24-anc-sv-order	4.5 ANC S--V order	52_svo_ng_ac_d_se	svo	ng	nom-acc	deranking	sent	svo	SV	AVP	100	1.0	0.0	100.0	0.0	1.0	1.0	0.0	0.0	1.3985559018452962	0.10942302585294657	bos_eos	seed_42,seed_43,seed_44
4_5_anc_SV_order	24_4_5_anc_SV_order	fig:heatmap-24-anc-sv-order	4.5 ANC S--V order	53_svo_ng_ac_d_pa	svo	ng	nom-acc	deranking	poss-acc	vos	VS	VPA	100	1.0	0.0	100.0	0.0	1.0	1.0	0.0	0.0	1.1261339640617372	0.30289388990574456	bos_eos	seed_42,seed_43,seed_44
4_5_anc_SV_order	24_4_5_anc_SV_order	fig:heatmap-24-anc-sv-order	4.5 ANC S--V order	54_svo_ng_ac_d_ep	svo	ng	nom-acc	deranking	erg-poss	vos	VS	VPA	100	1.0	0.0	100.0	0.0	1.0	1.0	0.0	0.0	1.1439913217226665	0.07074600154418424	bos_eos	seed_42,seed_43,seed_44
4_5_anc_SV_order	24_4_5_anc_SV_order	fig:heatmap-24-anc-sv-order	4.5 ANC S--V order	55_svo_ng_ac_d_no	svo	ng	nom-acc	deranking	nomn	vos	VS	VPA	100	1.0	0.0	100.0	0.0	1.0	1.0	0.0	0.0	1.161164227326711	0.1569146423821444	bos_eos	seed_42,seed_43,seed_44
4_5_anc_SV_order	24_4_5_anc_SV_order	fig:heatmap-24-anc-sv-order	4.5 ANC S--V order	56_svo_ng_er_b_se	svo	ng	erg-abs	balancing	sent	svo	SV	AVP	100	0.3233333333333333	0.025166114784235825	32.33333333333333	2.516611478423583	0.3	0.35	0.0	0.0	-0.11913906892140706	0.04539958993884643	bos_eos	seed_42,seed_43,seed_44
4_5_anc_SV_order	24_4_5_anc_SV_order	fig:heatmap-24-anc-sv-order	4.5 ANC S--V order	57_svo_ng_er_b_pa	svo	ng	erg-abs	balancing	poss-acc	vos	VS	VPA	100	0.9966666666666667	0.005773502691896263	99.66666666666667	0.5773502691896257	0.99	1.0	0.0	0.0	0.9693006896972656	0.05969039245448644	bos_eos	seed_42,seed_43,seed_44
4_5_anc_SV_order	24_4_5_anc_SV_order	fig:heatmap-24-anc-sv-order	4.5 ANC S--V order	58_svo_ng_er_b_ep	svo	ng	erg-abs	balancing	erg-poss	vos	VS	VPA	100	1.0	0.0	100.0	0.0	1.0	1.0	0.0	0.0	1.2249717585245767	0.13648400496239532	bos_eos	seed_42,seed_43,seed_44
4_5_anc_SV_order	24_4_5_anc_SV_order	fig:heatmap-24-anc-sv-order	4.5 ANC S--V order	59_svo_ng_er_b_no	svo	ng	erg-abs	balancing	nomn	vos	VS	VPA	100	1.0	0.0	100.0	0.0	1.0	1.0	0.0	0.0	1.1777502655982972	0.041743937785406686	bos_eos	seed_42,seed_43,seed_44
4_5_anc_SV_order	24_4_5_anc_SV_order	fig:heatmap-24-anc-sv-order	4.5 ANC S--V order	60_svo_ng_er_d_se	svo	ng	erg-abs	deranking	sent	svo	SV	AVP	100	0.6933333333333334	0.07637626158259735	69.33333333333334	7.637626158259733	0.61	0.76	0.0	0.0	0.20010567982991537	0.08677860297723868	bos_eos	seed_42,seed_43,seed_44
4_5_anc_SV_order	24_4_5_anc_SV_order	fig:heatmap-24-anc-sv-order	4.5 ANC S--V order	61_svo_ng_er_d_pa	svo	ng	erg-abs	deranking	poss-acc	vos	VS	VPA	100	0.7666666666666667	0.12096831541082703	76.66666666666667	12.096831541082704	0.63	0.86	0.0	0.0	0.3083380516370138	0.12958902176043682	bos_eos	seed_42,seed_43,seed_44
4_5_anc_SV_order	24_4_5_anc_SV_order	fig:heatmap-24-anc-sv-order	4.5 ANC S--V order	62_svo_ng_er_d_ep	svo	ng	erg-abs	deranking	erg-poss	vos	VS	VPA	100	0.8366666666666667	0.03785938897200182	83.66666666666667	3.7859388972001824	0.81	0.88	0.0	0.0	0.38778369665145873	0.03265715713637048	bos_eos	seed_42,seed_43,seed_44
4_5_anc_SV_order	24_4_5_anc_SV_order	fig:heatmap-24-anc-sv-order	4.5 ANC S--V order	63_svo_ng_er_d_no	svo	ng	erg-abs	deranking	nomn	vos	VS	VPA	100	0.8533333333333333	0.10598742063723095	85.33333333333333	10.598742063723098	0.74	0.95	0.0	0.0	0.44318770090738935	0.20243616681641005	bos_eos	seed_42,seed_43,seed_44
4_5_anc_SV_order	24_4_5_anc_SV_order	fig:heatmap-24-anc-sv-order	4.5 ANC S--V order	64_vos_gn_ac_b_se	vos	gn	nom-acc	balancing	sent	vos	VS	VPA	100	0.9033333333333333	0.020816659994661348	90.33333333333333	2.0816659994661326	0.88	0.92	0.0	0.0	0.4977191313107808	0.04779786560695714	bos_eos	seed_42,seed_43,seed_44
4_5_anc_SV_order	24_4_5_anc_SV_order	fig:heatmap-24-anc-sv-order	4.5 ANC S--V order	65_vos_gn_ac_b_pa	vos	gn	nom-acc	balancing	poss-acc	svo	SV	AVP	100	0.7233333333333334	0.05033222956847165	72.33333333333334	5.033222956847166	0.67	0.77	0.0	0.0	0.1900438944498698	0.025726218257493515	bos_eos	seed_42,seed_43,seed_44
4_5_anc_SV_order	24_4_5_anc_SV_order	fig:heatmap-24-anc-sv-order	4.5 ANC S--V order	66_vos_gn_ac_b_ep	vos	gn	nom-acc	balancing	erg-poss	sov	SV	PVA	100	0.9066666666666667	0.01527525231651948	90.66666666666667	1.5275252316519468	0.89	0.92	0.0	0.0	0.378850154876709	0.009670924621445072	bos_eos	seed_42,seed_43,seed_44
4_5_anc_SV_order	24_4_5_anc_SV_order	fig:heatmap-24-anc-sv-order	4.5 ANC S--V order	67_vos_gn_ac_b_no	vos	gn	nom-acc	balancing	nomn	svo	SV	AVP	100	0.7133333333333334	0.03785938897200179	71.33333333333334	3.7859388972001824	0.67	0.74	0.0	0.0	0.18341090520222983	0.018810096315716087	bos_eos	seed_42,seed_43,seed_44
4_5_anc_SV_order	24_4_5_anc_SV_order	fig:heatmap-24-anc-sv-order	4.5 ANC S--V order	68_vos_gn_ac_d_se	vos	gn	nom-acc	deranking	sent	vos	VS	VPA	100	0.96	0.020000000000000018	96.0	2.0	0.94	0.98	0.0	0.0	0.7068153738975526	0.037214276352398094	bos_eos	seed_42,seed_43,seed_44
4_5_anc_SV_order	24_4_5_anc_SV_order	fig:heatmap-24-anc-sv-order	4.5 ANC S--V order	69_vos_gn_ac_d_pa	vos	gn	nom-acc	deranking	poss-acc	svo	SV	AVP	100	0.67	0.04582575694955839	67.0	4.58257569495584	0.62	0.71	0.0	0.0	0.1716739535331726	0.019582543929627466	bos_eos	seed_42,seed_43,seed_44
4_5_anc_SV_order	24_4_5_anc_SV_order	fig:heatmap-24-anc-sv-order	4.5 ANC S--V order	70_vos_gn_ac_d_ep	vos	gn	nom-acc	deranking	erg-poss	sov	SV	PVA	100	0.93	0.04582575694955838	93.0	4.58257569495584	0.89	0.98	0.0	0.0	0.40521748940149943	0.0467872761359469	bos_eos	seed_42,seed_43,seed_44
4_5_anc_SV_order	24_4_5_anc_SV_order	fig:heatmap-24-anc-sv-order	4.5 ANC S--V order	71_vos_gn_ac_d_no	vos	gn	nom-acc	deranking	nomn	svo	SV	AVP	100	0.5666666666666667	0.11015141094572205	56.666666666666664	11.015141094572204	0.44	0.64	0.0	0.0	0.12204247156778972	0.05544529412352039	bos_eos	seed_42,seed_43,seed_44
4_5_anc_SV_order	24_4_5_anc_SV_order	fig:heatmap-24-anc-sv-order	4.5 ANC S--V order	72_vos_gn_er_b_se	vos	gn	erg-abs	balancing	sent	vos	VS	VPA	100	0.9466666666666667	0.03214550253664315	94.66666666666667	3.2145502536643185	0.91	0.97	0.0	0.0	0.5678720529874166	0.09613514705879116	bos_eos	seed_42,seed_43,seed_44
4_5_anc_SV_order	24_4_5_anc_SV_order	fig:heatmap-24-anc-sv-order	4.5 ANC S--V order	73_vos_gn_er_b_pa	vos	gn	erg-abs	balancing	poss-acc	svo	SV	AVP	100	0.7533333333333333	0.025166114784235857	75.33333333333333	2.516611478423583	0.73	0.78	0.0	0.0	0.2193273933728536	0.013718976692225486	bos_eos	seed_42,seed_43,seed_44
4_5_anc_SV_order	24_4_5_anc_SV_order	fig:heatmap-24-anc-sv-order	4.5 ANC S--V order	74_vos_gn_er_b_ep	vos	gn	erg-abs	balancing	erg-poss	sov	SV	PVA	100	0.9233333333333333	0.020816659994661302	92.33333333333333	2.0816659994661326	0.9	0.94	0.0	0.0	0.44803615808486935	0.01686318523578938	bos_eos	seed_42,seed_43,seed_44
4_5_anc_SV_order	24_4_5_anc_SV_order	fig:heatmap-24-anc-sv-order	4.5 ANC S--V order	75_vos_gn_er_b_no	vos	gn	erg-abs	balancing	nomn	svo	SV	AVP	100	0.7733333333333333	0.028867513459481315	77.33333333333333	2.886751345948129	0.74	0.79	0.0	0.0	0.21419835646947225	0.04194384989873917	bos_eos	seed_42,seed_43,seed_44
4_5_anc_SV_order	24_4_5_anc_SV_order	fig:heatmap-24-anc-sv-order	4.5 ANC S--V order	76_vos_gn_er_d_se	vos	gn	erg-abs	deranking	sent	vos	VS	VPA	100	1.0	0.0	100.0	0.0	1.0	1.0	0.0	0.0	0.9379793119430542	0.06039269623625797	bos_eos	seed_42,seed_43,seed_44
4_5_anc_SV_order	24_4_5_anc_SV_order	fig:heatmap-24-anc-sv-order	4.5 ANC S--V order	77_vos_gn_er_d_pa	vos	gn	erg-abs	deranking	poss-acc	svo	SV	AVP	100	0.6033333333333334	0.05033222956847165	60.333333333333336	5.033222956847163	0.55	0.65	0.0	0.0	0.12505747079849244	0.02560779718907031	bos_eos	seed_42,seed_43,seed_44
4_5_anc_SV_order	24_4_5_anc_SV_order	fig:heatmap-24-anc-sv-order	4.5 ANC S--V order	78_vos_gn_er_d_ep	vos	gn	erg-abs	deranking	erg-poss	sov	SV	PVA	100	0.89	0.017320508075688787	89.0	1.7320508075688772	0.88	0.91	0.0	0.0	0.36280019680658976	0.0035724620307071558	bos_eos	seed_42,seed_43,seed_44
4_5_anc_SV_order	24_4_5_anc_SV_order	fig:heatmap-24-anc-sv-order	4.5 ANC S--V order	79_vos_gn_er_d_no	vos	gn	erg-abs	deranking	nomn	svo	SV	AVP	100	0.5766666666666667	0.10016652800877816	57.666666666666664	10.016652800877813	0.48	0.68	0.0	0.0	0.11681814432144165	0.05505300453378144	bos_eos	seed_42,seed_43,seed_44
4_5_anc_SV_order	24_4_5_anc_SV_order	fig:heatmap-24-anc-sv-order	4.5 ANC S--V order	80_vos_ng_ac_b_se	vos	ng	nom-acc	balancing	sent	vos	VS	VPA	100	0.9266666666666666	0.025166114784235805	92.66666666666666	2.516611478423583	0.9	0.95	0.0	0.0	0.4966801087061564	0.043927671857992956	bos_eos	seed_42,seed_43,seed_44
4_5_anc_SV_order	24_4_5_anc_SV_order	fig:heatmap-24-anc-sv-order	4.5 ANC S--V order	81_vos_ng_ac_b_pa	vos	ng	nom-acc	balancing	poss-acc	vos	VS	VPA	100	0.9966666666666667	0.005773502691896263	99.66666666666667	0.5773502691896257	0.99	1.0	0.0	0.0	0.913737653096517	0.06288815076357898	bos_eos	seed_42,seed_43,seed_44
4_5_anc_SV_order	24_4_5_anc_SV_order	fig:heatmap-24-anc-sv-order	4.5 ANC S--V order	82_vos_ng_ac_b_ep	vos	ng	nom-acc	balancing	erg-poss	vos	VS	VPA	100	1.0	0.0	100.0	0.0	1.0	1.0	0.0	0.0	1.1637732330958048	0.13366714197056032	bos_eos	seed_42,seed_43,seed_44
4_5_anc_SV_order	24_4_5_anc_SV_order	fig:heatmap-24-anc-sv-order	4.5 ANC S--V order	83_vos_ng_ac_b_no	vos	ng	nom-acc	balancing	nomn	vos	VS	VPA	100	1.0	0.0	100.0	0.0	1.0	1.0	0.0	0.0	1.057463128566742	0.056633069537354516	bos_eos	seed_42,seed_43,seed_44
4_5_anc_SV_order	24_4_5_anc_SV_order	fig:heatmap-24-anc-sv-order	4.5 ANC S--V order	84_vos_ng_ac_d_se	vos	ng	nom-acc	deranking	sent	vos	VS	VPA	100	0.9633333333333333	0.005773502691896263	96.33333333333333	0.5773502691896257	0.96	0.97	0.0	0.0	0.6743375182151794	0.03895747996040159	bos_eos	seed_42,seed_43,seed_44
4_5_anc_SV_order	24_4_5_anc_SV_order	fig:heatmap-24-anc-sv-order	4.5 ANC S--V order	85_vos_ng_ac_d_pa	vos	ng	nom-acc	deranking	poss-acc	vos	VS	VPA	100	0.9966666666666667	0.005773502691896263	99.66666666666667	0.5773502691896257	0.99	1.0	0.0	0.0	0.9804655035336812	0.09766979270894424	bos_eos	seed_42,seed_43,seed_44
4_5_anc_SV_order	24_4_5_anc_SV_order	fig:heatmap-24-anc-sv-order	4.5 ANC S--V order	86_vos_ng_ac_d_ep	vos	ng	nom-acc	deranking	erg-poss	vos	VS	VPA	100	1.0	0.0	100.0	0.0	1.0	1.0	0.0	0.0	1.1169947576522827	0.046596170865951775	bos_eos	seed_42,seed_43,seed_44
4_5_anc_SV_order	24_4_5_anc_SV_order	fig:heatmap-24-anc-sv-order	4.5 ANC S--V order	87_vos_ng_ac_d_no	vos	ng	nom-acc	deranking	nomn	vos	VS	VPA	100	1.0	0.0	100.0	0.0	1.0	1.0	0.0	0.0	1.081071631113688	0.1272174463952674	bos_eos	seed_42,seed_43,seed_44
4_5_anc_SV_order	24_4_5_anc_SV_order	fig:heatmap-24-anc-sv-order	4.5 ANC S--V order	88_vos_ng_er_b_se	vos	ng	erg-abs	balancing	sent	vos	VS	VPA	100	0.98	0.020000000000000018	98.0	2.0	0.96	1.0	0.0	0.0	0.6365200964609782	0.07294515914988699	bos_eos	seed_42,seed_43,seed_44
4_5_anc_SV_order	24_4_5_anc_SV_order	fig:heatmap-24-anc-sv-order	4.5 ANC S--V order	89_vos_ng_er_b_pa	vos	ng	erg-abs	balancing	poss-acc	vos	VS	VPA	100	1.0	0.0	100.0	0.0	1.0	1.0	0.0	0.0	1.4390051142374674	0.16270807233441092	bos_eos	seed_42,seed_43,seed_44
4_5_anc_SV_order	24_4_5_anc_SV_order	fig:heatmap-24-anc-sv-order	4.5 ANC S--V order	90_vos_ng_er_b_ep	vos	ng	erg-abs	balancing	erg-poss	vos	VS	VPA	100	1.0	0.0	100.0	0.0	1.0	1.0	0.0	0.0	1.6308671450614929	0.1023268406389492	bos_eos	seed_42,seed_43,seed_44
4_5_anc_SV_order	24_4_5_anc_SV_order	fig:heatmap-24-anc-sv-order	4.5 ANC S--V order	91_vos_ng_er_b_no	vos	ng	erg-abs	balancing	nomn	vos	VS	VPA	100	1.0	0.0	100.0	0.0	1.0	1.0	0.0	0.0	1.6708572880427044	0.06885282882988372	bos_eos	seed_42,seed_43,seed_44
4_5_anc_SV_order	24_4_5_anc_SV_order	fig:heatmap-24-anc-sv-order	4.5 ANC S--V order	92_vos_ng_er_d_se	vos	ng	erg-abs	deranking	sent	vos	VS	VPA	100	0.9933333333333333	0.011547005383792526	99.33333333333333	1.1547005383792515	0.98	1.0	0.0	0.0	1.0407446678479513	0.10759551828590823	bos_eos	seed_42,seed_43,seed_44
4_5_anc_SV_order	24_4_5_anc_SV_order	fig:heatmap-24-anc-sv-order	4.5 ANC S--V order	93_vos_ng_er_d_pa	vos	ng	erg-abs	deranking	poss-acc	vos	VS	VPA	100	1.0	0.0	100.0	0.0	1.0	1.0	0.0	0.0	1.4769422189394634	0.12695720140348155	bos_eos	seed_42,seed_43,seed_44
4_5_anc_SV_order	24_4_5_anc_SV_order	fig:heatmap-24-anc-sv-order	4.5 ANC S--V order	94_vos_ng_er_d_ep	vos	ng	erg-abs	deranking	erg-poss	vos	VS	VPA	100	1.0	0.0	100.0	0.0	1.0	1.0	0.0	0.0	1.7859031311670939	0.027055635819847323	bos_eos	seed_42,seed_43,seed_44
4_5_anc_SV_order	24_4_5_anc_SV_order	fig:heatmap-24-anc-sv-order	4.5 ANC S--V order	95_vos_ng_er_d_no	vos	ng	erg-abs	deranking	nomn	vos	VS	VPA	100	1.0	0.0	100.0	0.0	1.0	1.0	0.0	0.0	1.6853880325953166	0.1031970597275294	bos_eos	seed_42,seed_43,seed_44
4_6_anc_AV_order	25_4_6_anc_AV_order	fig:heatmap-25-anc-av-order	4.6 ANC A--V order	00_sov_gn_ac_b_se	sov	gn	nom-acc	balancing	sent	sov	SV	APV	100	0.9866666666666667	0.005773502691896263	98.66666666666667	0.5773502691896257	0.98	0.99	0.0	0.0	0.6615041009585063	0.03471413820082301	bos_eos	seed_42,seed_43,seed_44
4_6_anc_AV_order	25_4_6_anc_AV_order	fig:heatmap-25-anc-av-order	4.6 ANC A--V order	01_sov_gn_ac_b_pa	sov	gn	nom-acc	balancing	poss-acc	sov	SV	APV	100	1.0	0.0	100.0	0.0	1.0	1.0	0.0	0.0	1.0566807683308919	0.051588481938075276	bos_eos	seed_42,seed_43,seed_44
4_6_anc_AV_order	25_4_6_anc_AV_order	fig:heatmap-25-anc-av-order	4.6 ANC A--V order	02_sov_gn_ac_b_ep	sov	gn	nom-acc	balancing	erg-poss	sov	SV	APV	100	0.98	0.020000000000000018	98.0	2.0	0.96	1.0	0.0	0.0	0.6850118724505107	0.02055459805626286	bos_eos	seed_42,seed_43,seed_44
4_6_anc_AV_order	25_4_6_anc_AV_order	fig:heatmap-25-anc-av-order	4.6 ANC A--V order	03_sov_gn_ac_b_no	sov	gn	nom-acc	balancing	nomn	sov	SV	APV	100	1.0	0.0	100.0	0.0	1.0	1.0	0.0	0.0	1.1262889353434244	0.14133475519729588	bos_eos	seed_42,seed_43,seed_44
4_6_anc_AV_order	25_4_6_anc_AV_order	fig:heatmap-25-anc-av-order	4.6 ANC A--V order	04_sov_gn_ac_d_se	sov	gn	nom-acc	deranking	sent	sov	SV	APV	100	0.9933333333333333	0.005773502691896263	99.33333333333333	0.5773502691896257	0.99	1.0	0.0	0.0	0.797034162680308	0.0743807577691582	bos_eos	seed_42,seed_43,seed_44
4_6_anc_AV_order	25_4_6_anc_AV_order	fig:heatmap-25-anc-av-order	4.6 ANC A--V order	05_sov_gn_ac_d_pa	sov	gn	nom-acc	deranking	poss-acc	sov	SV	APV	100	1.0	0.0	100.0	0.0	1.0	1.0	0.0	0.0	1.0282381002108256	0.024189300725001958	bos_eos	seed_42,seed_43,seed_44
4_6_anc_AV_order	25_4_6_anc_AV_order	fig:heatmap-25-anc-av-order	4.6 ANC A--V order	06_sov_gn_ac_d_ep	sov	gn	nom-acc	deranking	erg-poss	sov	SV	APV	100	0.9966666666666667	0.005773502691896263	99.66666666666667	0.5773502691896257	0.99	1.0	0.0	0.0	0.8620405944188436	0.09500529320402873	bos_eos	seed_42,seed_43,seed_44
4_6_anc_AV_order	25_4_6_anc_AV_order	fig:heatmap-25-anc-av-order	4.6 ANC A--V order	07_sov_gn_ac_d_no	sov	gn	nom-acc	deranking	nomn	sov	SV	APV	100	1.0	0.0	100.0	0.0	1.0	1.0	0.0	0.0	1.0604810937245688	0.033114644927797705	bos_eos	seed_42,seed_43,seed_44
4_6_anc_AV_order	25_4_6_anc_AV_order	fig:heatmap-25-anc-av-order	4.6 ANC A--V order	08_sov_gn_er_b_se	sov	gn	erg-abs	balancing	sent	sov	SV	APV	100	1.0	0.0	100.0	0.0	1.0	1.0	0.0	0.0	1.090002618630727	0.06413846702936739	bos_eos	seed_42,seed_43,seed_44
4_6_anc_AV_order	25_4_6_anc_AV_order	fig:heatmap-25-anc-av-order	4.6 ANC A--V order	09_sov_gn_er_b_pa	sov	gn	erg-abs	balancing	poss-acc	sov	SV	APV	100	0.9966666666666667	0.005773502691896263	99.66666666666667	0.5773502691896257	0.99	1.0	0.0	0.0	0.9781938823064168	0.08290623855154686	bos_eos	seed_42,seed_43,seed_44
4_6_anc_AV_order	25_4_6_anc_AV_order	fig:heatmap-25-anc-av-order	4.6 ANC A--V order	10_sov_gn_er_b_ep	sov	gn	erg-abs	balancing	erg-poss	sov	SV	APV	100	1.0	0.0	100.0	0.0	1.0	1.0	0.0	0.0	0.6716493145624797	0.05676463930664162	bos_eos	seed_42,seed_43,seed_44
4_6_anc_AV_order	25_4_6_anc_AV_order	fig:heatmap-25-anc-av-order	4.6 ANC A--V order	11_sov_gn_er_b_no	sov	gn	erg-abs	balancing	nomn	sov	SV	APV	100	0.9966666666666667	0.005773502691896263	99.66666666666667	0.5773502691896257	0.99	1.0	0.0	0.0	0.9605338978767395	0.021687013070577344	bos_eos	seed_42,seed_43,seed_44
4_6_anc_AV_order	25_4_6_anc_AV_order	fig:heatmap-25-anc-av-order	4.6 ANC A--V order	12_sov_gn_er_d_se	sov	gn	erg-abs	deranking	sent	sov	SV	APV	100	1.0	0.0	100.0	0.0	1.0	1.0	0.0	0.0	1.3017169666290282	0.03746890184509254	bos_eos	seed_42,seed_43,seed_44
4_6_anc_AV_order	25_4_6_anc_AV_order	fig:heatmap-25-anc-av-order	4.6 ANC A--V order	13_sov_gn_er_d_pa	sov	gn	erg-abs	deranking	poss-acc	sov	SV	APV	100	1.0	0.0	100.0	0.0	1.0	1.0	0.0	0.0	1.2266617290178936	0.11504361357455681	bos_eos	seed_42,seed_43,seed_44
4_6_anc_AV_order	25_4_6_anc_AV_order	fig:heatmap-25-anc-av-order	4.6 ANC A--V order	14_sov_gn_er_d_ep	sov	gn	erg-abs	deranking	erg-poss	sov	SV	APV	100	0.9866666666666667	0.01527525231651948	98.66666666666667	1.5275252316519468	0.97	1.0	0.0	0.0	0.6355301356315614	0.0342250998953446	bos_eos	seed_42,seed_43,seed_44
4_6_anc_AV_order	25_4_6_anc_AV_order	fig:heatmap-25-anc-av-order	4.6 ANC A--V order	15_sov_gn_er_d_no	sov	gn	erg-abs	deranking	nomn	sov	SV	APV	100	1.0	0.0	100.0	0.0	1.0	1.0	0.0	0.0	0.94688871383667	0.04457107719861455	bos_eos	seed_42,seed_43,seed_44
4_6_anc_AV_order	25_4_6_anc_AV_order	fig:heatmap-25-anc-av-order	4.6 ANC A--V order	16_sov_ng_ac_b_se	sov	ng	nom-acc	balancing	sent	sov	SV	APV	100	0.9833333333333333	0.005773502691896263	98.33333333333333	0.5773502691896257	0.98	0.99	0.0	0.0	0.5803077753384908	0.03513167693996434	bos_eos	seed_42,seed_43,seed_44
4_6_anc_AV_order	25_4_6_anc_AV_order	fig:heatmap-25-anc-av-order	4.6 ANC A--V order	17_sov_ng_ac_b_pa	sov	ng	nom-acc	balancing	poss-acc	ovs	VS	PVA	100	0.8733333333333333	0.045092497528228984	87.33333333333333	4.509249752822894	0.83	0.92	0.0	0.0	0.2820503568649292	0.04295622297272099	bos_eos	seed_42,seed_43,seed_44
4_6_anc_AV_order	25_4_6_anc_AV_order	fig:heatmap-25-anc-av-order	4.6 ANC A--V order	18_sov_ng_ac_b_ep	sov	ng	nom-acc	balancing	erg-poss	vos	VS	AVP	100	0.9833333333333333	0.011547005383792526	98.33333333333333	1.1547005383792515	0.97	0.99	0.0	0.0	0.6760635209083558	0.09009448232849636	bos_eos	seed_42,seed_43,seed_44
4_6_anc_AV_order	25_4_6_anc_AV_order	fig:heatmap-25-anc-av-order	4.6 ANC A--V order	19_sov_ng_ac_b_no	sov	ng	nom-acc	balancing	nomn	ovs	VS	PVA	100	0.83	0.010000000000000009	83.0	1.0	0.82	0.84	0.0	0.0	0.24620500326156616	0.01960226334647728	bos_eos	seed_42,seed_43,seed_44
4_6_anc_AV_order	25_4_6_anc_AV_order	fig:heatmap-25-anc-av-order	4.6 ANC A--V order	20_sov_ng_ac_d_se	sov	ng	nom-acc	deranking	sent	sov	SV	APV	100	0.9933333333333333	0.005773502691896263	99.33333333333333	0.5773502691896257	0.99	1.0	0.0	0.0	0.7002793987592062	0.04406847193816077	bos_eos	seed_42,seed_43,seed_44
4_6_anc_AV_order	25_4_6_anc_AV_order	fig:heatmap-25-anc-av-order	4.6 ANC A--V order	21_sov_ng_ac_d_pa	sov	ng	nom-acc	deranking	poss-acc	ovs	VS	PVA	100	0.8066666666666666	0.04163331998932263	80.66666666666666	4.163331998932265	0.76	0.84	0.0	0.0	0.23643296400705974	0.028307121896684894	bos_eos	seed_42,seed_43,seed_44
4_6_anc_AV_order	25_4_6_anc_AV_order	fig:heatmap-25-anc-av-order	4.6 ANC A--V order	22_sov_ng_ac_d_ep	sov	ng	nom-acc	deranking	erg-poss	vos	VS	AVP	100	0.99	0.010000000000000009	99.0	1.0	0.98	1.0	0.0	0.0	0.7214774258931478	0.16754306880895867	bos_eos	seed_42,seed_43,seed_44
4_6_anc_AV_order	25_4_6_anc_AV_order	fig:heatmap-25-anc-av-order	4.6 ANC A--V order	23_sov_ng_ac_d_no	sov	ng	nom-acc	deranking	nomn	ovs	VS	PVA	100	0.8333333333333334	0.03785938897200179	83.33333333333334	3.7859388972001824	0.79	0.86	0.0	0.0	0.236787265141805	0.009459126601506787	bos_eos	seed_42,seed_43,seed_44
4_6_anc_AV_order	25_4_6_anc_AV_order	fig:heatmap-25-anc-av-order	4.6 ANC A--V order	24_sov_ng_er_b_se	sov	ng	erg-abs	balancing	sent	sov	SV	APV	100	1.0	0.0	100.0	0.0	1.0	1.0	0.0	0.0	1.0698184013366698	0.05276243353601267	bos_eos	seed_42,seed_43,seed_44
4_6_anc_AV_order	25_4_6_anc_AV_order	fig:heatmap-25-anc-av-order	4.6 ANC A--V order	25_sov_ng_er_b_pa	sov	ng	erg-abs	balancing	poss-acc	ovs	VS	PVA	100	0.8266666666666667	0.09018499505645791	82.66666666666667	9.018499505645789	0.74	0.92	0.0	0.0	0.29482453028361005	0.059018490813933046	bos_eos	seed_42,seed_43,seed_44
4_6_anc_AV_order	25_4_6_anc_AV_order	fig:heatmap-25-anc-av-order	4.6 ANC A--V order	26_sov_ng_er_b_ep	sov	ng	erg-abs	balancing	erg-poss	vos	VS	AVP	100	0.9666666666666667	0.025166114784235857	96.66666666666667	2.516611478423583	0.94	0.99	0.0	0.0	0.5740552647908529	0.06705713958408391	bos_eos	seed_42,seed_43,seed_44
4_6_anc_AV_order	25_4_6_anc_AV_order	fig:heatmap-25-anc-av-order	4.6 ANC A--V order	27_sov_ng_er_b_no	sov	ng	erg-abs	balancing	nomn	ovs	VS	PVA	100	0.6866666666666666	0.040414518843273774	68.66666666666667	4.041451884327381	0.64	0.71	0.0	0.0	0.177058474222819	0.0522386523121069	bos_eos	seed_42,seed_43,seed_44
4_6_anc_AV_order	25_4_6_anc_AV_order	fig:heatmap-25-anc-av-order	4.6 ANC A--V order	28_sov_ng_er_d_se	sov	ng	erg-abs	deranking	sent	sov	SV	APV	100	0.9966666666666667	0.005773502691896263	99.66666666666667	0.5773502691896257	0.99	1.0	0.0	0.0	1.2957831358909608	0.11625779885398484	bos_eos	seed_42,seed_43,seed_44
4_6_anc_AV_order	25_4_6_anc_AV_order	fig:heatmap-25-anc-av-order	4.6 ANC A--V order	29_sov_ng_er_d_pa	sov	ng	erg-abs	deranking	poss-acc	ovs	VS	PVA	100	0.72	0.026457513110645932	72.0	2.6457513110645907	0.7	0.75	0.0	0.0	0.20297338485717772	0.03969843210524315	bos_eos	seed_42,seed_43,seed_44
4_6_anc_AV_order	25_4_6_anc_AV_order	fig:heatmap-25-anc-av-order	4.6 ANC A--V order	30_sov_ng_er_d_ep	sov	ng	erg-abs	deranking	erg-poss	vos	VS	AVP	100	0.9733333333333333	0.020816659994661348	97.33333333333333	2.0816659994661326	0.95	0.99	0.0	0.0	0.6211556990941366	0.03688453566028295	bos_eos	seed_42,seed_43,seed_44
4_6_anc_AV_order	25_4_6_anc_AV_order	fig:heatmap-25-anc-av-order	4.6 ANC A--V order	31_sov_ng_er_d_no	sov	ng	erg-abs	deranking	nomn	ovs	VS	PVA	100	0.7633333333333333	0.06806859285554046	76.33333333333333	6.8068592855540455	0.71	0.84	0.0	0.0	0.20936265071233112	0.032280666925300405	bos_eos	seed_42,seed_43,seed_44
4_6_anc_AV_order	25_4_6_anc_AV_order	fig:heatmap-25-anc-av-order	4.6 ANC A--V order	32_svo_gn_ac_b_se	svo	gn	nom-acc	balancing	sent	svo	SV	AVP	100	1.0	0.0	100.0	0.0	1.0	1.0	0.0	0.0	1.801658371289571	0.09401445784486175	bos_eos	seed_42,seed_43,seed_44
4_6_anc_AV_order	25_4_6_anc_AV_order	fig:heatmap-25-anc-av-order	4.6 ANC A--V order	33_svo_gn_ac_b_pa	svo	gn	nom-acc	balancing	poss-acc	svo	SV	AVP	100	1.0	0.0	100.0	0.0	1.0	1.0	0.0	0.0	1.7542619037628173	0.08403461109223946	bos_eos	seed_42,seed_43,seed_44
4_6_anc_AV_order	25_4_6_anc_AV_order	fig:heatmap-25-anc-av-order	4.6 ANC A--V order	34_svo_gn_ac_b_ep	svo	gn	nom-acc	balancing	erg-poss	sov	SV	PVA	100	0.8933333333333333	0.12662279942148386	89.33333333333333	12.662279942148386	0.75	0.99	0.0	0.0	0.5684710653622945	0.2633807991583541	bos_eos	seed_42,seed_43,seed_44
4_6_anc_AV_order	25_4_6_anc_AV_order	fig:heatmap-25-anc-av-order	4.6 ANC A--V order	35_svo_gn_ac_b_no	svo	gn	nom-acc	balancing	nomn	svo	SV	AVP	100	1.0	0.0	100.0	0.0	1.0	1.0	0.0	0.0	1.6894403839111327	0.04495348081533386	bos_eos	seed_42,seed_43,seed_44
4_6_anc_AV_order	25_4_6_anc_AV_order	fig:heatmap-25-anc-av-order	4.6 ANC A--V order	36_svo_gn_ac_d_se	svo	gn	nom-acc	deranking	sent	svo	SV	AVP	100	1.0	0.0	100.0	0.0	1.0	1.0	0.0	0.0	1.479589684009552	0.2416924478126597	bos_eos	seed_42,seed_43,seed_44
4_6_anc_AV_order	25_4_6_anc_AV_order	fig:heatmap-25-anc-av-order	4.6 ANC A--V order	37_svo_gn_ac_d_pa	svo	gn	nom-acc	deranking	poss-acc	svo	SV	AVP	100	1.0	0.0	100.0	0.0	1.0	1.0	0.0	0.0	1.3859965856870016	0.19303030054244863	bos_eos	seed_42,seed_43,seed_44
4_6_anc_AV_order	25_4_6_anc_AV_order	fig:heatmap-25-anc-av-order	4.6 ANC A--V order	38_svo_gn_ac_d_ep	svo	gn	nom-acc	deranking	erg-poss	sov	SV	PVA	100	0.7666666666666667	0.25696951829610715	76.66666666666667	25.696951829610715	0.47	0.92	0.0	0.0	0.3379453317324321	0.2881486667471025	bos_eos	seed_42,seed_43,seed_44
4_6_anc_AV_order	25_4_6_anc_AV_order	fig:heatmap-25-anc-av-order	4.6 ANC A--V order	39_svo_gn_ac_d_no	svo	gn	nom-acc	deranking	nomn	svo	SV	AVP	100	1.0	0.0	100.0	0.0	1.0	1.0	0.0	0.0	1.5726646526654562	0.24611733245063247	bos_eos	seed_42,seed_43,seed_44
4_6_anc_AV_order	25_4_6_anc_AV_order	fig:heatmap-25-anc-av-order	4.6 ANC A--V order	40_svo_gn_er_b_se	svo	gn	erg-abs	balancing	sent	svo	SV	AVP	100	1.0	0.0	100.0	0.0	1.0	1.0	0.0	0.0	1.2917401472727459	0.04128049952082513	bos_eos	seed_42,seed_43,seed_44
4_6_anc_AV_order	25_4_6_anc_AV_order	fig:heatmap-25-anc-av-order	4.6 ANC A--V order	41_svo_gn_er_b_pa	svo	gn	erg-abs	balancing	poss-acc	svo	SV	AVP	100	1.0	0.0	100.0	0.0	1.0	1.0	0.0	0.0	1.3952856079737346	0.014132099041967052	bos_eos	seed_42,seed_43,seed_44
4_6_anc_AV_order	25_4_6_anc_AV_order	fig:heatmap-25-anc-av-order	4.6 ANC A--V order	42_svo_gn_er_b_ep	svo	gn	erg-abs	balancing	erg-poss	sov	SV	PVA	100	0.8466666666666667	0.16196707484341788	84.66666666666667	16.19670748434179	0.66	0.95	0.0	0.0	0.37425141493479414	0.23711541751537246	bos_eos	seed_42,seed_43,seed_44
4_6_anc_AV_order	25_4_6_anc_AV_order	fig:heatmap-25-anc-av-order	4.6 ANC A--V order	43_svo_gn_er_b_no	svo	gn	erg-abs	balancing	nomn	svo	SV	AVP	100	1.0	0.0	100.0	0.0	1.0	1.0	0.0	0.0	1.4225372807184855	0.1637136259060295	bos_eos	seed_42,seed_43,seed_44
4_6_anc_AV_order	25_4_6_anc_AV_order	fig:heatmap-25-anc-av-order	4.6 ANC A--V order	44_svo_gn_er_d_se	svo	gn	erg-abs	deranking	sent	svo	SV	AVP	100	1.0	0.0	100.0	0.0	1.0	1.0	0.0	0.0	1.8696504958470663	0.056624835332902176	bos_eos	seed_42,seed_43,seed_44
4_6_anc_AV_order	25_4_6_anc_AV_order	fig:heatmap-25-anc-av-order	4.6 ANC A--V order	45_svo_gn_er_d_pa	svo	gn	erg-abs	deranking	poss-acc	svo	SV	AVP	100	1.0	0.0	100.0	0.0	1.0	1.0	0.0	0.0	1.2685065746307373	0.09239498938693305	bos_eos	seed_42,seed_43,seed_44
4_6_anc_AV_order	25_4_6_anc_AV_order	fig:heatmap-25-anc-av-order	4.6 ANC A--V order	46_svo_gn_er_d_ep	svo	gn	erg-abs	deranking	erg-poss	sov	SV	PVA	100	0.6066666666666667	0.2797022226106423	60.66666666666667	27.97022226106424	0.29	0.82	0.0	0.0	0.10853844483693441	0.20911464976560712	bos_eos	seed_42,seed_43,seed_44
4_6_anc_AV_order	25_4_6_anc_AV_order	fig:heatmap-25-anc-av-order	4.6 ANC A--V order	47_svo_gn_er_d_no	svo	gn	erg-abs	deranking	nomn	svo	SV	AVP	100	1.0	0.0	100.0	0.0	1.0	1.0	0.0	0.0	1.260629239877065	0.028532946327010224	bos_eos	seed_42,seed_43,seed_44
4_6_anc_AV_order	25_4_6_anc_AV_order	fig:heatmap-25-anc-av-order	4.6 ANC A--V order	48_svo_ng_ac_b_se	svo	ng	nom-acc	balancing	sent	svo	SV	AVP	100	1.0	0.0	100.0	0.0	1.0	1.0	0.0	0.0	1.1032381653785706	0.09138018432608216	bos_eos	seed_42,seed_43,seed_44
4_6_anc_AV_order	25_4_6_anc_AV_order	fig:heatmap-25-anc-av-order	4.6 ANC A--V order	49_svo_ng_ac_b_pa	svo	ng	nom-acc	balancing	poss-acc	vos	VS	VPA	100	1.0	0.0	100.0	0.0	1.0	1.0	0.0	0.0	0.9813635873794555	0.023382779963089427	bos_eos	seed_42,seed_43,seed_44
4_6_anc_AV_order	25_4_6_anc_AV_order	fig:heatmap-25-anc-av-order	4.6 ANC A--V order	50_svo_ng_ac_b_ep	svo	ng	nom-acc	balancing	erg-poss	vos	VS	VPA	100	0.99	0.017320508075688787	99.0	1.7320508075688772	0.97	1.0	0.0	0.0	0.8325103640556335	0.02751851235830479	bos_eos	seed_42,seed_43,seed_44
4_6_anc_AV_order	25_4_6_anc_AV_order	fig:heatmap-25-anc-av-order	4.6 ANC A--V order	51_svo_ng_ac_b_no	svo	ng	nom-acc	balancing	nomn	vos	VS	VPA	100	1.0	0.0	100.0	0.0	1.0	1.0	0.0	0.0	1.0347287344932556	0.048330372134564745	bos_eos	seed_42,seed_43,seed_44
4_6_anc_AV_order	25_4_6_anc_AV_order	fig:heatmap-25-anc-av-order	4.6 ANC A--V order	52_svo_ng_ac_d_se	svo	ng	nom-acc	deranking	sent	svo	SV	AVP	100	0.9966666666666667	0.005773502691896263	99.66666666666667	0.5773502691896257	0.99	1.0	0.0	0.0	1.054905035495758	0.061777339762240854	bos_eos	seed_42,seed_43,seed_44
4_6_anc_AV_order	25_4_6_anc_AV_order	fig:heatmap-25-anc-av-order	4.6 ANC A--V order	53_svo_ng_ac_d_pa	svo	ng	nom-acc	deranking	poss-acc	vos	VS	VPA	100	0.9866666666666667	0.023094010767585053	98.66666666666667	2.309401076758503	0.96	1.0	0.0	0.0	0.8323509438832601	0.21516164739772095	bos_eos	seed_42,seed_43,seed_44
4_6_anc_AV_order	25_4_6_anc_AV_order	fig:heatmap-25-anc-av-order	4.6 ANC A--V order	54_svo_ng_ac_d_ep	svo	ng	nom-acc	deranking	erg-poss	vos	VS	VPA	100	0.9666666666666667	0.01527525231651948	96.66666666666667	1.5275252316519468	0.95	0.98	0.0	0.0	0.5916306853294373	0.049118052541190955	bos_eos	seed_42,seed_43,seed_44
4_6_anc_AV_order	25_4_6_anc_AV_order	fig:heatmap-25-anc-av-order	4.6 ANC A--V order	55_svo_ng_ac_d_no	svo	ng	nom-acc	deranking	nomn	vos	VS	VPA	100	0.9966666666666667	0.005773502691896263	99.66666666666667	0.5773502691896257	0.99	1.0	0.0	0.0	0.8641691597302754	0.09257469277005706	bos_eos	seed_42,seed_43,seed_44
4_6_anc_AV_order	25_4_6_anc_AV_order	fig:heatmap-25-anc-av-order	4.6 ANC A--V order	56_svo_ng_er_b_se	svo	ng	erg-abs	balancing	sent	svo	SV	AVP	100	1.0	0.0	100.0	0.0	1.0	1.0	0.0	0.0	1.0876706846555075	0.01484743497091285	bos_eos	seed_42,seed_43,seed_44
4_6_anc_AV_order	25_4_6_anc_AV_order	fig:heatmap-25-anc-av-order	4.6 ANC A--V order	57_svo_ng_er_b_pa	svo	ng	erg-abs	balancing	poss-acc	vos	VS	VPA	100	0.9833333333333333	0.005773502691896263	98.33333333333333	0.5773502691896257	0.98	0.99	0.0	0.0	0.8642182636260987	0.008690030636544476	bos_eos	seed_42,seed_43,seed_44
4_6_anc_AV_order	25_4_6_anc_AV_order	fig:heatmap-25-anc-av-order	4.6 ANC A--V order	58_svo_ng_er_b_ep	svo	ng	erg-abs	balancing	erg-poss	vos	VS	VPA	100	0.9466666666666667	0.023094010767584987	94.66666666666667	2.309401076758503	0.92	0.96	0.0	0.0	0.5336479210853576	0.09583568829060143	bos_eos	seed_42,seed_43,seed_44
4_6_anc_AV_order	25_4_6_anc_AV_order	fig:heatmap-25-anc-av-order	4.6 ANC A--V order	59_svo_ng_er_b_no	svo	ng	erg-abs	balancing	nomn	vos	VS	VPA	100	0.9866666666666667	0.005773502691896263	98.66666666666667	0.5773502691896257	0.98	0.99	0.0	0.0	0.8279646722475688	0.045080857461912684	bos_eos	seed_42,seed_43,seed_44
4_6_anc_AV_order	25_4_6_anc_AV_order	fig:heatmap-25-anc-av-order	4.6 ANC A--V order	60_svo_ng_er_d_se	svo	ng	erg-abs	deranking	sent	svo	SV	AVP	100	1.0	0.0	100.0	0.0	1.0	1.0	0.0	0.0	1.588634642759959	0.14583478305586337	bos_eos	seed_42,seed_43,seed_44
4_6_anc_AV_order	25_4_6_anc_AV_order	fig:heatmap-25-anc-av-order	4.6 ANC A--V order	61_svo_ng_er_d_pa	svo	ng	erg-abs	deranking	poss-acc	vos	VS	VPA	100	0.8333333333333334	0.11718930554164635	83.33333333333334	11.718930554164631	0.7	0.92	0.0	0.0	0.34884468237559	0.1686173526361241	bos_eos	seed_42,seed_43,seed_44
4_6_anc_AV_order	25_4_6_anc_AV_order	fig:heatmap-25-anc-av-order	4.6 ANC A--V order	62_svo_ng_er_d_ep	svo	ng	erg-abs	deranking	erg-poss	vos	VS	VPA	100	0.5766666666666667	0.051316014394468826	57.666666666666664	5.131601439446884	0.52	0.62	0.0	0.0	0.06742399136225383	0.05062434810008323	bos_eos	seed_42,seed_43,seed_44
4_6_anc_AV_order	25_4_6_anc_AV_order	fig:heatmap-25-anc-av-order	4.6 ANC A--V order	63_svo_ng_er_d_no	svo	ng	erg-abs	deranking	nomn	vos	VS	VPA	100	0.79	0.23259406699226012	79.0	23.259406699226016	0.54	1.0	0.0	0.0	0.3982577649752299	0.3808885273585299	bos_eos	seed_42,seed_43,seed_44
4_6_anc_AV_order	25_4_6_anc_AV_order	fig:heatmap-25-anc-av-order	4.6 ANC A--V order	64_vos_gn_ac_b_se	vos	gn	nom-acc	balancing	sent	vos	VS	VPA	100	0.88	0.017320508075688787	88.0	1.7320508075688772	0.87	0.9	0.0	0.0	0.37605389674504597	0.023258188960553254	bos_eos	seed_42,seed_43,seed_44
4_6_anc_AV_order	25_4_6_anc_AV_order	fig:heatmap-25-anc-av-order	4.6 ANC A--V order	65_vos_gn_ac_b_pa	vos	gn	nom-acc	balancing	poss-acc	svo	SV	AVP	100	0.6766666666666666	0.05033222956847165	67.66666666666666	5.033222956847166	0.63	0.73	0.0	0.0	0.19279159784317018	0.030569740482744606	bos_eos	seed_42,seed_43,seed_44
4_6_anc_AV_order	25_4_6_anc_AV_order	fig:heatmap-25-anc-av-order	4.6 ANC A--V order	66_vos_gn_ac_b_ep	vos	gn	nom-acc	balancing	erg-poss	sov	SV	PVA	100	0.9666666666666667	0.01527525231651948	96.66666666666667	1.5275252316519468	0.95	0.98	0.0	0.0	0.44137023051579793	0.037377434637255076	bos_eos	seed_42,seed_43,seed_44
4_6_anc_AV_order	25_4_6_anc_AV_order	fig:heatmap-25-anc-av-order	4.6 ANC A--V order	67_vos_gn_ac_b_no	vos	gn	nom-acc	balancing	nomn	svo	SV	AVP	100	0.7266666666666667	0.028867513459481315	72.66666666666667	2.886751345948129	0.71	0.76	0.0	0.0	0.1845027256011963	0.02379274919898119	bos_eos	seed_42,seed_43,seed_44
4_6_anc_AV_order	25_4_6_anc_AV_order	fig:heatmap-25-anc-av-order	4.6 ANC A--V order	68_vos_gn_ac_d_se	vos	gn	nom-acc	deranking	sent	vos	VS	VPA	100	0.9833333333333333	0.011547005383792526	98.33333333333333	1.1547005383792515	0.97	0.99	0.0	0.0	0.6907531221707662	0.011296044734711312	bos_eos	seed_42,seed_43,seed_44
4_6_anc_AV_order	25_4_6_anc_AV_order	fig:heatmap-25-anc-av-order	4.6 ANC A--V order	69_vos_gn_ac_d_pa	vos	gn	nom-acc	deranking	poss-acc	svo	SV	AVP	100	0.6133333333333333	0.10969655114602889	61.33333333333333	10.969655114602888	0.49	0.7	0.0	0.0	0.10336576302846273	0.09361618453731987	bos_eos	seed_42,seed_43,seed_44
4_6_anc_AV_order	25_4_6_anc_AV_order	fig:heatmap-25-anc-av-order	4.6 ANC A--V order	70_vos_gn_ac_d_ep	vos	gn	nom-acc	deranking	erg-poss	sov	SV	PVA	100	1.0	0.0	100.0	0.0	1.0	1.0	0.0	0.0	0.7602479672431945	0.0765886621213937	bos_eos	seed_42,seed_43,seed_44
4_6_anc_AV_order	25_4_6_anc_AV_order	fig:heatmap-25-anc-av-order	4.6 ANC A--V order	71_vos_gn_ac_d_no	vos	gn	nom-acc	deranking	nomn	svo	SV	AVP	100	0.6766666666666666	0.05033222956847165	67.66666666666666	5.033222956847166	0.63	0.73	0.0	0.0	0.15455686489741008	0.02639124463283134	bos_eos	seed_42,seed_43,seed_44
4_6_anc_AV_order	25_4_6_anc_AV_order	fig:heatmap-25-anc-av-order	4.6 ANC A--V order	72_vos_gn_er_b_se	vos	gn	erg-abs	balancing	sent	vos	VS	VPA	100	0.9966666666666667	0.005773502691896263	99.66666666666667	0.5773502691896257	0.99	1.0	0.0	0.0	1.0305819042523703	0.1465434561850725	bos_eos	seed_42,seed_43,seed_44
4_6_anc_AV_order	25_4_6_anc_AV_order	fig:heatmap-25-anc-av-order	4.6 ANC A--V order	73_vos_gn_er_b_pa	vos	gn	erg-abs	balancing	poss-acc	svo	SV	AVP	100	0.6866666666666666	0.03214550253664315	68.66666666666667	3.2145502536643185	0.65	0.71	0.0	0.0	0.18945059855779012	0.043881199239922765	bos_eos	seed_42,seed_43,seed_44
4_6_anc_AV_order	25_4_6_anc_AV_order	fig:heatmap-25-anc-av-order	4.6 ANC A--V order	74_vos_gn_er_b_ep	vos	gn	erg-abs	balancing	erg-poss	sov	SV	PVA	100	0.9866666666666667	0.005773502691896263	98.66666666666667	0.5773502691896257	0.98	0.99	0.0	0.0	0.7152611660957336	0.12086980436236212	bos_eos	seed_42,seed_43,seed_44
4_6_anc_AV_order	25_4_6_anc_AV_order	fig:heatmap-25-anc-av-order	4.6 ANC A--V order	75_vos_gn_er_b_no	vos	gn	erg-abs	balancing	nomn	svo	SV	AVP	100	0.64	0.05196152422706637	64.0	5.196152422706636	0.58	0.67	0.0	0.0	0.154170929590861	0.03025198386578766	bos_eos	seed_42,seed_43,seed_44
4_6_anc_AV_order	25_4_6_anc_AV_order	fig:heatmap-25-anc-av-order	4.6 ANC A--V order	76_vos_gn_er_d_se	vos	gn	erg-abs	deranking	sent	vos	VS	VPA	100	1.0	0.0	100.0	0.0	1.0	1.0	0.0	0.0	1.76264923175176	0.05288530066167796	bos_eos	seed_42,seed_43,seed_44
4_6_anc_AV_order	25_4_6_anc_AV_order	fig:heatmap-25-anc-av-order	4.6 ANC A--V order	77_vos_gn_er_d_pa	vos	gn	erg-abs	deranking	poss-acc	svo	SV	AVP	100	0.5933333333333334	0.06350852961085883	59.333333333333336	6.3508529610858835	0.52	0.63	0.0	0.0	0.09487729072570801	0.04265928821397196	bos_eos	seed_42,seed_43,seed_44
4_6_anc_AV_order	25_4_6_anc_AV_order	fig:heatmap-25-anc-av-order	4.6 ANC A--V order	78_vos_gn_er_d_ep	vos	gn	erg-abs	deranking	erg-poss	sov	SV	PVA	100	0.9966666666666667	0.005773502691896263	99.66666666666667	0.5773502691896257	0.99	1.0	0.0	0.0	0.8040771993001302	0.030873400375531514	bos_eos	seed_42,seed_43,seed_44
4_6_anc_AV_order	25_4_6_anc_AV_order	fig:heatmap-25-anc-av-order	4.6 ANC A--V order	79_vos_gn_er_d_no	vos	gn	erg-abs	deranking	nomn	svo	SV	AVP	100	0.7133333333333334	0.04041451884327378	71.33333333333334	4.041451884327381	0.67	0.75	0.0	0.0	0.1805005677541097	0.043395937900528044	bos_eos	seed_42,seed_43,seed_44
4_6_anc_AV_order	25_4_6_anc_AV_order	fig:heatmap-25-anc-av-order	4.6 ANC A--V order	80_vos_ng_ac_b_se	vos	ng	nom-acc	balancing	sent	vos	VS	VPA	100	0.9266666666666666	0.06027713773341708	92.66666666666666	6.027713773341708	0.87	0.99	0.0	0.0	0.37720776796340943	0.08427315939999026	bos_eos	seed_42,seed_43,seed_44
4_6_anc_AV_order	25_4_6_anc_AV_order	fig:heatmap-25-anc-av-order	4.6 ANC A--V order	81_vos_ng_ac_b_pa	vos	ng	nom-acc	balancing	poss-acc	vos	VS	VPA	100	1.0	0.0	100.0	0.0	1.0	1.0	0.0	0.0	0.8559423184394837	0.1077740952305407	bos_eos	seed_42,seed_43,seed_44
4_6_anc_AV_order	25_4_6_anc_AV_order	fig:heatmap-25-anc-av-order	4.6 ANC A--V order	82_vos_ng_ac_b_ep	vos	ng	nom-acc	balancing	erg-poss	vos	VS	VPA	100	0.9966666666666667	0.005773502691896263	99.66666666666667	0.5773502691896257	0.99	1.0	0.0	0.0	0.687921941280365	0.08968627822900051	bos_eos	seed_42,seed_43,seed_44
4_6_anc_AV_order	25_4_6_anc_AV_order	fig:heatmap-25-anc-av-order	4.6 ANC A--V order	83_vos_ng_ac_b_no	vos	ng	nom-acc	balancing	nomn	vos	VS	VPA	100	0.9966666666666667	0.005773502691896263	99.66666666666667	0.5773502691896257	0.99	1.0	0.0	0.0	0.9018626888593038	0.0504468368795514	bos_eos	seed_42,seed_43,seed_44
4_6_anc_AV_order	25_4_6_anc_AV_order	fig:heatmap-25-anc-av-order	4.6 ANC A--V order	84_vos_ng_ac_d_se	vos	ng	nom-acc	deranking	sent	vos	VS	VPA	100	0.99	0.0	99.0	0.0	0.99	0.99	0.0	0.0	0.7275052666664124	0.02228876616524199	bos_eos	seed_42,seed_43,seed_44
4_6_anc_AV_order	25_4_6_anc_AV_order	fig:heatmap-25-anc-av-order	4.6 ANC A--V order	85_vos_ng_ac_d_pa	vos	ng	nom-acc	deranking	poss-acc	vos	VS	VPA	100	1.0	0.0	100.0	0.0	1.0	1.0	0.0	0.0	0.9582489538192749	0.12098448256158256	bos_eos	seed_42,seed_43,seed_44
4_6_anc_AV_order	25_4_6_anc_AV_order	fig:heatmap-25-anc-av-order	4.6 ANC A--V order	86_vos_ng_ac_d_ep	vos	ng	nom-acc	deranking	erg-poss	vos	VS	VPA	100	0.9966666666666667	0.005773502691896263	99.66666666666667	0.5773502691896257	0.99	1.0	0.0	0.0	0.7601534263292948	0.026024401596226533	bos_eos	seed_42,seed_43,seed_44
4_6_anc_AV_order	25_4_6_anc_AV_order	fig:heatmap-25-anc-av-order	4.6 ANC A--V order	87_vos_ng_ac_d_no	vos	ng	nom-acc	deranking	nomn	vos	VS	VPA	100	1.0	0.0	100.0	0.0	1.0	1.0	0.0	0.0	0.8891617170969646	0.0875059974424927	bos_eos	seed_42,seed_43,seed_44
4_6_anc_AV_order	25_4_6_anc_AV_order	fig:heatmap-25-anc-av-order	4.6 ANC A--V order	88_vos_ng_er_b_se	vos	ng	erg-abs	balancing	sent	vos	VS	VPA	100	0.9966666666666667	0.005773502691896263	99.66666666666667	0.5773502691896257	0.99	1.0	0.0	0.0	1.05181050380071	0.11824082810856487	bos_eos	seed_42,seed_43,seed_44
4_6_anc_AV_order	25_4_6_anc_AV_order	fig:heatmap-25-anc-av-order	4.6 ANC A--V order	89_vos_ng_er_b_pa	vos	ng	erg-abs	balancing	poss-acc	vos	VS	VPA	100	1.0	0.0	100.0	0.0	1.0	1.0	0.0	0.0	1.3981113878885905	0.1159308810359496	bos_eos	seed_42,seed_43,seed_44
4_6_anc_AV_order	25_4_6_anc_AV_order	fig:heatmap-25-anc-av-order	4.6 ANC A--V order	90_vos_ng_er_b_ep	vos	ng	erg-abs	balancing	erg-poss	vos	VS	VPA	100	1.0	0.0	100.0	0.0	1.0	1.0	0.0	0.0	0.9571288267771403	0.042992517091546986	bos_eos	seed_42,seed_43,seed_44
4_6_anc_AV_order	25_4_6_anc_AV_order	fig:heatmap-25-anc-av-order	4.6 ANC A--V order	91_vos_ng_er_b_no	vos	ng	erg-abs	balancing	nomn	vos	VS	VPA	100	1.0	0.0	100.0	0.0	1.0	1.0	0.0	0.0	1.368323659102122	0.07333851929087465	bos_eos	seed_42,seed_43,seed_44
4_6_anc_AV_order	25_4_6_anc_AV_order	fig:heatmap-25-anc-av-order	4.6 ANC A--V order	92_vos_ng_er_d_se	vos	ng	erg-abs	deranking	sent	vos	VS	VPA	100	1.0	0.0	100.0	0.0	1.0	1.0	0.0	0.0	1.5824100367228189	0.1400546808117434	bos_eos	seed_42,seed_43,seed_44
4_6_anc_AV_order	25_4_6_anc_AV_order	fig:heatmap-25-anc-av-order	4.6 ANC A--V order	93_vos_ng_er_d_pa	vos	ng	erg-abs	deranking	poss-acc	vos	VS	VPA	100	1.0	0.0	100.0	0.0	1.0	1.0	0.0	0.0	1.3115848954518636	0.025394615302033016	bos_eos	seed_42,seed_43,seed_44
4_6_anc_AV_order	25_4_6_anc_AV_order	fig:heatmap-25-anc-av-order	4.6 ANC A--V order	94_vos_ng_er_d_ep	vos	ng	erg-abs	deranking	erg-poss	vos	VS	VPA	100	0.9966666666666667	0.005773502691896263	99.66666666666667	0.5773502691896257	0.99	1.0	0.0	0.0	0.9134778849283854	0.04672078397698918	bos_eos	seed_42,seed_43,seed_44
4_6_anc_AV_order	25_4_6_anc_AV_order	fig:heatmap-25-anc-av-order	4.6 ANC A--V order	95_vos_ng_er_d_no	vos	ng	erg-abs	deranking	nomn	vos	VS	VPA	100	1.0	0.0	100.0	0.0	1.0	1.0	0.0	0.0	1.2153419137001038	0.18509849890444433	bos_eos	seed_42,seed_43,seed_44
4_7_anc_VP_order	26_4_7_anc_VP_order	fig:heatmap-26-anc-vp-order	4.7 ANC V--P order	00_sov_gn_ac_b_se	sov	gn	nom-acc	balancing	sent	sov	SV	APV	100	0.94	0.017320508075688724	94.0	1.7320508075688772	0.92	0.95	0.0	0.0	0.5299907867113749	0.022062576208241615	bos_eos	seed_42,seed_43,seed_44
4_7_anc_VP_order	26_4_7_anc_VP_order	fig:heatmap-26-anc-vp-order	4.7 ANC V--P order	01_sov_gn_ac_b_pa	sov	gn	nom-acc	balancing	poss-acc	sov	SV	APV	100	0.9733333333333333	0.01527525231651948	97.33333333333333	1.5275252316519468	0.96	0.99	0.0	0.0	0.5089497741063436	0.02681911162768201	bos_eos	seed_42,seed_43,seed_44
4_7_anc_VP_order	26_4_7_anc_VP_order	fig:heatmap-26-anc-vp-order	4.7 ANC V--P order	02_sov_gn_ac_b_ep	sov	gn	nom-acc	balancing	erg-poss	sov	SV	APV	100	1.0	0.0	100.0	0.0	1.0	1.0	0.0	0.0	0.9952108057339987	0.046496672200956685	bos_eos	seed_42,seed_43,seed_44
4_7_anc_VP_order	26_4_7_anc_VP_order	fig:heatmap-26-anc-vp-order	4.7 ANC V--P order	03_sov_gn_ac_b_no	sov	gn	nom-acc	balancing	nomn	sov	SV	APV	100	1.0	0.0	100.0	0.0	1.0	1.0	0.0	0.0	1.3552107254664103	0.15779847008960157	bos_eos	seed_42,seed_43,seed_44
4_7_anc_VP_order	26_4_7_anc_VP_order	fig:heatmap-26-anc-vp-order	4.7 ANC V--P order	04_sov_gn_ac_d_se	sov	gn	nom-acc	deranking	sent	sov	SV	APV	100	1.0	0.0	100.0	0.0	1.0	1.0	0.0	0.0	0.8703107221921285	0.056617543147679625	bos_eos	seed_42,seed_43,seed_44
4_7_anc_VP_order	26_4_7_anc_VP_order	fig:heatmap-26-anc-vp-order	4.7 ANC V--P order	05_sov_gn_ac_d_pa	sov	gn	nom-acc	deranking	poss-acc	sov	SV	APV	100	0.9966666666666667	0.005773502691896263	99.66666666666667	0.5773502691896257	0.99	1.0	0.0	0.0	0.7060776122411092	0.0630729763749271	bos_eos	seed_42,seed_43,seed_44
4_7_anc_VP_order	26_4_7_anc_VP_order	fig:heatmap-26-anc-vp-order	4.7 ANC V--P order	06_sov_gn_ac_d_ep	sov	gn	nom-acc	deranking	erg-poss	sov	SV	APV	100	0.9966666666666667	0.005773502691896263	99.66666666666667	0.5773502691896257	0.99	1.0	0.0	0.0	0.9263363075256348	0.06276786448280902	bos_eos	seed_42,seed_43,seed_44
4_7_anc_VP_order	26_4_7_anc_VP_order	fig:heatmap-26-anc-vp-order	4.7 ANC V--P order	07_sov_gn_ac_d_no	sov	gn	nom-acc	deranking	nomn	sov	SV	APV	100	1.0	0.0	100.0	0.0	1.0	1.0	0.0	0.0	1.3533564519882202	0.07884087293761427	bos_eos	seed_42,seed_43,seed_44
4_7_anc_VP_order	26_4_7_anc_VP_order	fig:heatmap-26-anc-vp-order	4.7 ANC V--P order	08_sov_gn_er_b_se	sov	gn	erg-abs	balancing	sent	sov	SV	APV	100	0.9366666666666666	0.03511884584284244	93.66666666666667	3.5118845842842465	0.9	0.97	0.0	0.0	0.40857924779256183	0.040956216137802724	bos_eos	seed_42,seed_43,seed_44
4_7_anc_VP_order	26_4_7_anc_VP_order	fig:heatmap-26-anc-vp-order	4.7 ANC V--P order	09_sov_gn_er_b_pa	sov	gn	erg-abs	balancing	poss-acc	sov	SV	APV	100	0.9066666666666667	0.01527525231651948	90.66666666666667	1.5275252316519468	0.89	0.92	0.0	0.0	0.37069262822469073	0.03410259171419136	bos_eos	seed_42,seed_43,seed_44
4_7_anc_VP_order	26_4_7_anc_VP_order	fig:heatmap-26-anc-vp-order	4.7 ANC V--P order	10_sov_gn_er_b_ep	sov	gn	erg-abs	balancing	erg-poss	sov	SV	APV	100	0.9966666666666667	0.005773502691896263	99.66666666666667	0.5773502691896257	0.99	1.0	0.0	0.0	0.7697911151250203	0.01838015972745457	bos_eos	seed_42,seed_43,seed_44
4_7_anc_VP_order	26_4_7_anc_VP_order	fig:heatmap-26-anc-vp-order	4.7 ANC V--P order	11_sov_gn_er_b_no	sov	gn	erg-abs	balancing	nomn	sov	SV	APV	100	1.0	0.0	100.0	0.0	1.0	1.0	0.0	0.0	1.0064007671674093	0.028345980388299503	bos_eos	seed_42,seed_43,seed_44
4_7_anc_VP_order	26_4_7_anc_VP_order	fig:heatmap-26-anc-vp-order	4.7 ANC V--P order	12_sov_gn_er_d_se	sov	gn	erg-abs	deranking	sent	sov	SV	APV	100	0.9966666666666667	0.005773502691896263	99.66666666666667	0.5773502691896257	0.99	1.0	0.0	0.0	0.9071353491147359	0.07470848779983344	bos_eos	seed_42,seed_43,seed_44
4_7_anc_VP_order	26_4_7_anc_VP_order	fig:heatmap-26-anc-vp-order	4.7 ANC V--P order	13_sov_gn_er_d_pa	sov	gn	erg-abs	deranking	poss-acc	sov	SV	APV	100	0.9766666666666667	0.020816659994661348	97.66666666666667	2.0816659994661326	0.96	1.0	0.0	0.0	0.668555318514506	0.03460611051388882	bos_eos	seed_42,seed_43,seed_44
4_7_anc_VP_order	26_4_7_anc_VP_order	fig:heatmap-26-anc-vp-order	4.7 ANC V--P order	14_sov_gn_er_d_ep	sov	gn	erg-abs	deranking	erg-poss	sov	SV	APV	100	0.9966666666666667	0.005773502691896263	99.66666666666667	0.5773502691896257	0.99	1.0	0.0	0.0	0.7867757137616476	0.05505709413609699	bos_eos	seed_42,seed_43,seed_44
4_7_anc_VP_order	26_4_7_anc_VP_order	fig:heatmap-26-anc-vp-order	4.7 ANC V--P order	15_sov_gn_er_d_no	sov	gn	erg-abs	deranking	nomn	sov	SV	APV	100	1.0	0.0	100.0	0.0	1.0	1.0	0.0	0.0	1.0935595417022705	0.04001564100334048	bos_eos	seed_42,seed_43,seed_44
4_7_anc_VP_order	26_4_7_anc_VP_order	fig:heatmap-26-anc-vp-order	4.7 ANC V--P order	16_sov_ng_ac_b_se	sov	ng	nom-acc	balancing	sent	sov	SV	APV	100	0.9566666666666667	0.01527525231651948	95.66666666666667	1.5275252316519468	0.94	0.97	0.0	0.0	0.5277674047152201	0.05686145995180386	bos_eos	seed_42,seed_43,seed_44
4_7_anc_VP_order	26_4_7_anc_VP_order	fig:heatmap-26-anc-vp-order	4.7 ANC V--P order	17_sov_ng_ac_b_pa	sov	ng	nom-acc	balancing	poss-acc	ovs	VS	PVA	100	0.9400000000000001	0.017320508075688724	94.0	1.7320508075688772	0.93	0.96	0.0	0.0	0.4203718646367391	0.05804103175885925	bos_eos	seed_42,seed_43,seed_44
4_7_anc_VP_order	26_4_7_anc_VP_order	fig:heatmap-26-anc-vp-order	4.7 ANC V--P order	18_sov_ng_ac_b_ep	sov	ng	nom-acc	balancing	erg-poss	vos	VS	AVP	100	0.93	0.02999999999999997	93.0	3.0	0.9	0.96	0.0	0.0	0.46366454203923546	0.07580057484303078	bos_eos	seed_42,seed_43,seed_44
4_7_anc_VP_order	26_4_7_anc_VP_order	fig:heatmap-26-anc-vp-order	4.7 ANC V--P order	19_sov_ng_ac_b_no	sov	ng	nom-acc	balancing	nomn	ovs	VS	PVA	100	1.0	0.0	100.0	0.0	1.0	1.0	0.0	0.0	0.9186157194773357	0.061675447527988765	bos_eos	seed_42,seed_43,seed_44
4_7_anc_VP_order	26_4_7_anc_VP_order	fig:heatmap-26-anc-vp-order	4.7 ANC V--P order	20_sov_ng_ac_d_se	sov	ng	nom-acc	deranking	sent	sov	SV	APV	100	0.9933333333333333	0.005773502691896263	99.33333333333333	0.5773502691896257	0.99	1.0	0.0	0.0	0.7922540307044983	0.05304186731166923	bos_eos	seed_42,seed_43,seed_44
4_7_anc_VP_order	26_4_7_anc_VP_order	fig:heatmap-26-anc-vp-order	4.7 ANC V--P order	21_sov_ng_ac_d_pa	sov	ng	nom-acc	deranking	poss-acc	ovs	VS	PVA	100	0.9966666666666667	0.005773502691896263	99.66666666666667	0.5773502691896257	0.99	1.0	0.0	0.0	0.6011556951204936	0.06328612592467543	bos_eos	seed_42,seed_43,seed_44
4_7_anc_VP_order	26_4_7_anc_VP_order	fig:heatmap-26-anc-vp-order	4.7 ANC V--P order	22_sov_ng_ac_d_ep	sov	ng	nom-acc	deranking	erg-poss	vos	VS	AVP	100	0.98	0.026457513110645932	98.0	2.6457513110645907	0.95	1.0	0.0	0.0	0.5264521169662475	0.03665140627942872	bos_eos	seed_42,seed_43,seed_44
4_7_anc_VP_order	26_4_7_anc_VP_order	fig:heatmap-26-anc-vp-order	4.7 ANC V--P order	23_sov_ng_ac_d_no	sov	ng	nom-acc	deranking	nomn	ovs	VS	PVA	100	1.0	0.0	100.0	0.0	1.0	1.0	0.0	0.0	0.9769841607411702	0.039674405175739724	bos_eos	seed_42,seed_43,seed_44
4_7_anc_VP_order	26_4_7_anc_VP_order	fig:heatmap-26-anc-vp-order	4.7 ANC V--P order	24_sov_ng_er_b_se	sov	ng	erg-abs	balancing	sent	sov	SV	APV	100	0.9333333333333333	0.01527525231651942	93.33333333333333	1.5275252316519468	0.92	0.95	0.0	0.0	0.3722338183720907	0.03324795378921519	bos_eos	seed_42,seed_43,seed_44
4_7_anc_VP_order	26_4_7_anc_VP_order	fig:heatmap-26-anc-vp-order	4.7 ANC V--P order	25_sov_ng_er_b_pa	sov	ng	erg-abs	balancing	poss-acc	ovs	VS	PVA	100	0.8133333333333334	0.047258156262526066	81.33333333333333	4.725815626252608	0.76	0.85	0.0	0.0	0.22020915826161702	0.0036879094167874982	bos_eos	seed_42,seed_43,seed_44
4_7_anc_VP_order	26_4_7_anc_VP_order	fig:heatmap-26-anc-vp-order	4.7 ANC V--P order	26_sov_ng_er_b_ep	sov	ng	erg-abs	balancing	erg-poss	vos	VS	AVP	100	0.88	0.026457513110645932	88.0	2.6457513110645907	0.86	0.91	0.0	0.0	0.3705755933125814	0.006548589623289482	bos_eos	seed_42,seed_43,seed_44
4_7_anc_VP_order	26_4_7_anc_VP_order	fig:heatmap-26-anc-vp-order	4.7 ANC V--P order	27_sov_ng_er_b_no	sov	ng	erg-abs	balancing	nomn	ovs	VS	PVA	100	0.96	0.026457513110645866	96.0	2.6457513110645907	0.93	0.98	0.0	0.0	0.6341290720303854	0.026451565713045615	bos_eos	seed_42,seed_43,seed_44
4_7_anc_VP_order	26_4_7_anc_VP_order	fig:heatmap-26-anc-vp-order	4.7 ANC V--P order	28_sov_ng_er_d_se	sov	ng	erg-abs	deranking	sent	sov	SV	APV	100	0.9966666666666667	0.005773502691896263	99.66666666666667	0.5773502691896257	0.99	1.0	0.0	0.0	0.9152980621655782	0.043568399709328146	bos_eos	seed_42,seed_43,seed_44
4_7_anc_VP_order	26_4_7_anc_VP_order	fig:heatmap-26-anc-vp-order	4.7 ANC V--P order	29_sov_ng_er_d_pa	sov	ng	erg-abs	deranking	poss-acc	ovs	VS	PVA	100	0.9166666666666667	0.011547005383792526	91.66666666666667	1.1547005383792515	0.91	0.93	0.0	0.0	0.39128174781799313	0.04120266038242844	bos_eos	seed_42,seed_43,seed_44
4_7_anc_VP_order	26_4_7_anc_VP_order	fig:heatmap-26-anc-vp-order	4.7 ANC V--P order	30_sov_ng_er_d_ep	sov	ng	erg-abs	deranking	erg-poss	vos	VS	AVP	100	0.7633333333333333	0.12096831541082703	76.33333333333333	12.096831541082704	0.67	0.9	0.0	0.0	0.23813554604848225	0.1311990085355488	bos_eos	seed_42,seed_43,seed_44
4_7_anc_VP_order	26_4_7_anc_VP_order	fig:heatmap-26-anc-vp-order	4.7 ANC V--P order	31_sov_ng_er_d_no	sov	ng	erg-abs	deranking	nomn	ovs	VS	PVA	100	0.9866666666666667	0.011547005383792526	98.66666666666667	1.1547005383792515	0.98	1.0	0.0	0.0	0.703207859992981	0.05708646459647344	bos_eos	seed_42,seed_43,seed_44
4_7_anc_VP_order	26_4_7_anc_VP_order	fig:heatmap-26-anc-vp-order	4.7 ANC V--P order	32_svo_gn_ac_b_se	svo	gn	nom-acc	balancing	sent	svo	SV	AVP	100	0.9866666666666667	0.005773502691896263	98.66666666666667	0.5773502691896257	0.98	0.99	0.0	0.0	0.9968323898315429	0.02902531599697239	bos_eos	seed_42,seed_43,seed_44
4_7_anc_VP_order	26_4_7_anc_VP_order	fig:heatmap-26-anc-vp-order	4.7 ANC V--P order	33_svo_gn_ac_b_pa	svo	gn	nom-acc	balancing	poss-acc	svo	SV	AVP	100	0.9766666666666667	0.01527525231651948	97.66666666666667	1.5275252316519468	0.96	0.99	0.0	0.0	0.7606127564112345	0.04425059393202683	bos_eos	seed_42,seed_43,seed_44
4_7_anc_VP_order	26_4_7_anc_VP_order	fig:heatmap-26-anc-vp-order	4.7 ANC V--P order	34_svo_gn_ac_b_ep	svo	gn	nom-acc	balancing	erg-poss	sov	SV	PVA	100	0.98	0.017320508075688787	98.0	1.7320508075688772	0.96	0.99	0.0	0.0	0.8664517251650492	0.13019391889849263	bos_eos	seed_42,seed_43,seed_44
4_7_anc_VP_order	26_4_7_anc_VP_order	fig:heatmap-26-anc-vp-order	4.7 ANC V--P order	35_svo_gn_ac_b_no	svo	gn	nom-acc	balancing	nomn	svo	SV	AVP	100	0.99	0.010000000000000009	99.0	1.0	0.98	1.0	0.0	0.0	1.0276686843236287	0.03159104328771751	bos_eos	seed_42,seed_43,seed_44
4_7_anc_VP_order	26_4_7_anc_VP_order	fig:heatmap-26-anc-vp-order	4.7 ANC V--P order	36_svo_gn_ac_d_se	svo	gn	nom-acc	deranking	sent	svo	SV	AVP	100	0.9966666666666667	0.005773502691896263	99.66666666666667	0.5773502691896257	0.99	1.0	0.0	0.0	1.0710001190503438	0.09117553534811884	bos_eos	seed_42,seed_43,seed_44
4_7_anc_VP_order	26_4_7_anc_VP_order	fig:heatmap-26-anc-vp-order	4.7 ANC V--P order	37_svo_gn_ac_d_pa	svo	gn	nom-acc	deranking	poss-acc	svo	SV	AVP	100	0.9933333333333333	0.011547005383792526	99.33333333333333	1.1547005383792515	0.98	1.0	0.0	0.0	0.6459763375918071	0.0043679065301966144	bos_eos	seed_42,seed_43,seed_44
4_7_anc_VP_order	26_4_7_anc_VP_order	fig:heatmap-26-anc-vp-order	4.7 ANC V--P order	38_svo_gn_ac_d_ep	svo	gn	nom-acc	deranking	erg-poss	sov	SV	PVA	100	0.97	0.03464101615137751	97.0	3.4641016151377544	0.93	0.99	0.0	0.0	0.6253242500623066	0.1595154220455341	bos_eos	seed_42,seed_43,seed_44
4_7_anc_VP_order	26_4_7_anc_VP_order	fig:heatmap-26-anc-vp-order	4.7 ANC V--P order	39_svo_gn_ac_d_no	svo	gn	nom-acc	deranking	nomn	svo	SV	AVP	100	0.97	0.04358898943540671	97.0	4.358898943540674	0.92	1.0	0.0	0.0	0.8040889573097229	0.2945317716249213	bos_eos	seed_42,seed_43,seed_44
4_7_anc_VP_order	26_4_7_anc_VP_order	fig:heatmap-26-anc-vp-order	4.7 ANC V--P order	40_svo_gn_er_b_se	svo	gn	erg-abs	balancing	sent	svo	SV	AVP	100	0.9166666666666666	0.020816659994661285	91.66666666666666	2.0816659994661326	0.9	0.94	0.0	0.0	0.4433265201250712	0.022798597974473228	bos_eos	seed_42,seed_43,seed_44
4_7_anc_VP_order	26_4_7_anc_VP_order	fig:heatmap-26-anc-vp-order	4.7 ANC V--P order	41_svo_gn_er_b_pa	svo	gn	erg-abs	balancing	poss-acc	svo	SV	AVP	100	0.89	0.020000000000000018	89.0	2.0	0.87	0.91	0.0	0.0	0.41022869110107424	0.07052291129884394	bos_eos	seed_42,seed_43,seed_44
4_7_anc_VP_order	26_4_7_anc_VP_order	fig:heatmap-26-anc-vp-order	4.7 ANC V--P order	42_svo_gn_er_b_ep	svo	gn	erg-abs	balancing	erg-poss	sov	SV	PVA	100	0.9066666666666666	0.09237604307034007	90.66666666666666	9.237604307034012	0.8	0.96	0.0	0.0	0.50924764474233	0.21360308221271956	bos_eos	seed_42,seed_43,seed_44
4_7_anc_VP_order	26_4_7_anc_VP_order	fig:heatmap-26-anc-vp-order	4.7 ANC V--P order	43_svo_gn_er_b_no	svo	gn	erg-abs	balancing	nomn	svo	SV	AVP	100	0.9633333333333334	0.046188021535170036	96.33333333333334	4.618802153517006	0.91	0.99	0.0	0.0	0.8478901354471842	0.198519948891115	bos_eos	seed_42,seed_43,seed_44
4_7_anc_VP_order	26_4_7_anc_VP_order	fig:heatmap-26-anc-vp-order	4.7 ANC V--P order	44_svo_gn_er_d_se	svo	gn	erg-abs	deranking	sent	svo	SV	AVP	100	1.0	0.0	100.0	0.0	1.0	1.0	0.0	0.0	1.1980525692303976	0.09525418749674515	bos_eos	seed_42,seed_43,seed_44
4_7_anc_VP_order	26_4_7_anc_VP_order	fig:heatmap-26-anc-vp-order	4.7 ANC V--P order	45_svo_gn_er_d_pa	svo	gn	erg-abs	deranking	poss-acc	svo	SV	AVP	100	0.5133333333333333	0.03214550253664321	51.33333333333333	3.2145502536643225	0.49	0.55	0.0	0.0	-0.002286725044250489	0.024144071645048382	bos_eos	seed_42,seed_43,seed_44
4_7_anc_VP_order	26_4_7_anc_VP_order	fig:heatmap-26-anc-vp-order	4.7 ANC V--P order	46_svo_gn_er_d_ep	svo	gn	erg-abs	deranking	erg-poss	sov	SV	PVA	100	0.7033333333333334	0.15011106998930265	70.33333333333334	15.011106998930266	0.55	0.85	0.0	0.0	0.15828660488128662	0.15325201834389968	bos_eos	seed_42,seed_43,seed_44
4_7_anc_VP_order	26_4_7_anc_VP_order	fig:heatmap-26-anc-vp-order	4.7 ANC V--P order	47_svo_gn_er_d_no	svo	gn	erg-abs	deranking	nomn	svo	SV	AVP	100	0.8533333333333334	0.132790561913614	85.33333333333334	13.279056191361393	0.7	0.93	0.0	0.0	0.446948877175649	0.1944743477968538	bos_eos	seed_42,seed_43,seed_44
4_7_anc_VP_order	26_4_7_anc_VP_order	fig:heatmap-26-anc-vp-order	4.7 ANC V--P order	48_svo_ng_ac_b_se	svo	ng	nom-acc	balancing	sent	svo	SV	AVP	100	0.97	0.017320508075688787	97.0	1.7320508075688772	0.96	0.99	0.0	0.0	0.8028327997525533	0.0740249336898462	bos_eos	seed_42,seed_43,seed_44
4_7_anc_VP_order	26_4_7_anc_VP_order	fig:heatmap-26-anc-vp-order	4.7 ANC V--P order	49_svo_ng_ac_b_pa	svo	ng	nom-acc	balancing	poss-acc	vos	VS	VPA	100	0.8933333333333333	0.025166114784235857	89.33333333333333	2.516611478423583	0.87	0.92	0.0	0.0	0.31027376890182495	0.014871326567512696	bos_eos	seed_42,seed_43,seed_44
4_7_anc_VP_order	26_4_7_anc_VP_order	fig:heatmap-26-anc-vp-order	4.7 ANC V--P order	50_svo_ng_ac_b_ep	svo	ng	nom-acc	balancing	erg-poss	vos	VS	VPA	100	0.9966666666666667	0.005773502691896263	99.66666666666667	0.5773502691896257	0.99	1.0	0.0	0.0	1.1818438458442688	0.01428711238374865	bos_eos	seed_42,seed_43,seed_44
4_7_anc_VP_order	26_4_7_anc_VP_order	fig:heatmap-26-anc-vp-order	4.7 ANC V--P order	51_svo_ng_ac_b_no	svo	ng	nom-acc	balancing	nomn	vos	VS	VPA	100	1.0	0.0	100.0	0.0	1.0	1.0	0.0	0.0	1.1582641108830771	0.11245629376694459	bos_eos	seed_42,seed_43,seed_44
4_7_anc_VP_order	26_4_7_anc_VP_order	fig:heatmap-26-anc-vp-order	4.7 ANC V--P order	52_svo_ng_ac_d_se	svo	ng	nom-acc	deranking	sent	svo	SV	AVP	100	1.0	0.0	100.0	0.0	1.0	1.0	0.0	0.0	1.021553132534027	0.14016177120569243	bos_eos	seed_42,seed_43,seed_44
4_7_anc_VP_order	26_4_7_anc_VP_order	fig:heatmap-26-anc-vp-order	4.7 ANC V--P order	53_svo_ng_ac_d_pa	svo	ng	nom-acc	deranking	poss-acc	vos	VS	VPA	100	0.9366666666666666	0.06110100926607786	93.66666666666667	6.110100926607787	0.87	0.99	0.0	0.0	0.3964885997772217	0.12556640454673498	bos_eos	seed_42,seed_43,seed_44
4_7_anc_VP_order	26_4_7_anc_VP_order	fig:heatmap-26-anc-vp-order	4.7 ANC V--P order	54_svo_ng_ac_d_ep	svo	ng	nom-acc	deranking	erg-poss	vos	VS	VPA	100	0.99	0.010000000000000009	99.0	1.0	0.98	1.0	0.0	0.0	0.8250364216168722	0.0741177439605032	bos_eos	seed_42,seed_43,seed_44
4_7_anc_VP_order	26_4_7_anc_VP_order	fig:heatmap-26-anc-vp-order	4.7 ANC V--P order	55_svo_ng_ac_d_no	svo	ng	nom-acc	deranking	nomn	vos	VS	VPA	100	0.9933333333333333	0.005773502691896263	99.33333333333333	0.5773502691896257	0.99	1.0	0.0	0.0	0.7907090799013774	0.1644823599711752	bos_eos	seed_42,seed_43,seed_44
4_7_anc_VP_order	26_4_7_anc_VP_order	fig:heatmap-26-anc-vp-order	4.7 ANC V--P order	56_svo_ng_er_b_se	svo	ng	erg-abs	balancing	sent	svo	SV	AVP	100	0.8766666666666667	0.025166114784235857	87.66666666666667	2.516611478423583	0.85	0.9	0.0	0.0	0.36426127115885415	0.020970035078757374	bos_eos	seed_42,seed_43,seed_44
4_7_anc_VP_order	26_4_7_anc_VP_order	fig:heatmap-26-anc-vp-order	4.7 ANC V--P order	57_svo_ng_er_b_pa	svo	ng	erg-abs	balancing	poss-acc	vos	VS	VPA	100	0.69	0.052915026221291794	69.0	5.291502622129181	0.63	0.73	0.0	0.0	0.12904198010762533	0.03198413192165016	bos_eos	seed_42,seed_43,seed_44
4_7_anc_VP_order	26_4_7_anc_VP_order	fig:heatmap-26-anc-vp-order	4.7 ANC V--P order	58_svo_ng_er_b_ep	svo	ng	erg-abs	balancing	erg-poss	vos	VS	VPA	100	0.9633333333333334	0.04041451884327378	96.33333333333334	4.041451884327381	0.92	1.0	0.0	0.0	0.719637545744578	0.1437247163739366	bos_eos	seed_42,seed_43,seed_44
4_7_anc_VP_order	26_4_7_anc_VP_order	fig:heatmap-26-anc-vp-order	4.7 ANC V--P order	59_svo_ng_er_b_no	svo	ng	erg-abs	balancing	nomn	vos	VS	VPA	100	0.9733333333333333	0.011547005383792526	97.33333333333333	1.1547005383792515	0.96	0.98	0.0	0.0	0.8038464045524597	0.032909229537662406	bos_eos	seed_42,seed_43,seed_44
4_7_anc_VP_order	26_4_7_anc_VP_order	fig:heatmap-26-anc-vp-order	4.7 ANC V--P order	60_svo_ng_er_d_se	svo	ng	erg-abs	deranking	sent	svo	SV	AVP	100	1.0	0.0	100.0	0.0	1.0	1.0	0.0	0.0	1.1341071383158368	0.15985733342821534	bos_eos	seed_42,seed_43,seed_44
4_7_anc_VP_order	26_4_7_anc_VP_order	fig:heatmap-26-anc-vp-order	4.7 ANC V--P order	61_svo_ng_er_d_pa	svo	ng	erg-abs	deranking	poss-acc	vos	VS	VPA	100	0.5933333333333333	0.16802777548171413	59.33333333333333	16.802777548171413	0.41	0.74	0.0	0.0	0.09565614938735961	0.13425563855992206	bos_eos	seed_42,seed_43,seed_44
4_7_anc_VP_order	26_4_7_anc_VP_order	fig:heatmap-26-anc-vp-order	4.7 ANC V--P order	62_svo_ng_er_d_ep	svo	ng	erg-abs	deranking	erg-poss	vos	VS	VPA	100	0.6766666666666666	0.03785938897200179	67.66666666666666	3.7859388972001824	0.65	0.72	0.0	0.0	0.13995813926060996	0.017333696610200254	bos_eos	seed_42,seed_43,seed_44
4_7_anc_VP_order	26_4_7_anc_VP_order	fig:heatmap-26-anc-vp-order	4.7 ANC V--P order	63_svo_ng_er_d_no	svo	ng	erg-abs	deranking	nomn	vos	VS	VPA	100	0.83	0.19467922333931786	83.0	19.467922333931785	0.61	0.98	0.0	0.0	0.4346354079246521	0.31849432205885003	bos_eos	seed_42,seed_43,seed_44
4_7_anc_VP_order	26_4_7_anc_VP_order	fig:heatmap-26-anc-vp-order	4.7 ANC V--P order	64_vos_gn_ac_b_se	vos	gn	nom-acc	balancing	sent	vos	VS	VPA	100	0.7333333333333334	0.05507570547286102	73.33333333333334	5.507570547286102	0.68	0.79	0.0	0.0	0.1407771873474121	0.018996142925219055	bos_eos	seed_42,seed_43,seed_44
4_7_anc_VP_order	26_4_7_anc_VP_order	fig:heatmap-26-anc-vp-order	4.7 ANC V--P order	65_vos_gn_ac_b_pa	vos	gn	nom-acc	balancing	poss-acc	svo	SV	AVP	100	0.6633333333333333	0.04725815626252608	66.33333333333333	4.725815626252608	0.61	0.7	0.0	0.0	0.06810137748718262	0.02560473928343017	bos_eos	seed_42,seed_43,seed_44
4_7_anc_VP_order	26_4_7_anc_VP_order	fig:heatmap-26-anc-vp-order	4.7 ANC V--P order	66_vos_gn_ac_b_ep	vos	gn	nom-acc	balancing	erg-poss	sov	SV	PVA	100	0.8866666666666667	0.01527525231651948	88.66666666666667	1.5275252316519468	0.87	0.9	0.0	0.0	0.280791228612264	0.02007964215362774	bos_eos	seed_42,seed_43,seed_44
4_7_anc_VP_order	26_4_7_anc_VP_order	fig:heatmap-26-anc-vp-order	4.7 ANC V--P order	67_vos_gn_ac_b_no	vos	gn	nom-acc	balancing	nomn	svo	SV	AVP	100	0.99	0.017320508075688787	99.0	1.7320508075688772	0.97	1.0	0.0	0.0	0.7440892823537191	0.14256525980473037	bos_eos	seed_42,seed_43,seed_44
4_7_anc_VP_order	26_4_7_anc_VP_order	fig:heatmap-26-anc-vp-order	4.7 ANC V--P order	68_vos_gn_ac_d_se	vos	gn	nom-acc	deranking	sent	vos	VS	VPA	100	0.93	0.05567764362830021	93.0	5.5677643628300215	0.88	0.99	0.0	0.0	0.36461331288019816	0.15614411840005352	bos_eos	seed_42,seed_43,seed_44
4_7_anc_VP_order	26_4_7_anc_VP_order	fig:heatmap-26-anc-vp-order	4.7 ANC V--P order	69_vos_gn_ac_d_pa	vos	gn	nom-acc	deranking	poss-acc	svo	SV	AVP	100	0.9233333333333333	0.03511884584284244	92.33333333333333	3.5118845842842465	0.89	0.96	0.0	0.0	0.2869611891110738	0.0329800002668484	bos_eos	seed_42,seed_43,seed_44
4_7_anc_VP_order	26_4_7_anc_VP_order	fig:heatmap-26-anc-vp-order	4.7 ANC V--P order	70_vos_gn_ac_d_ep	vos	gn	nom-acc	deranking	erg-poss	sov	SV	PVA	100	0.9533333333333333	0.011547005383792526	95.33333333333333	1.1547005383792515	0.94	0.96	0.0	0.0	0.3589340806007385	0.03825487520672103	bos_eos	seed_42,seed_43,seed_44
4_7_anc_VP_order	26_4_7_anc_VP_order	fig:heatmap-26-anc-vp-order	4.7 ANC V--P order	71_vos_gn_ac_d_no	vos	gn	nom-acc	deranking	nomn	svo	SV	AVP	100	0.9966666666666667	0.005773502691896263	99.66666666666667	0.5773502691896257	0.99	1.0	0.0	0.0	0.887503244082133	0.09786260729748004	bos_eos	seed_42,seed_43,seed_44
4_7_anc_VP_order	26_4_7_anc_VP_order	fig:heatmap-26-anc-vp-order	4.7 ANC V--P order	72_vos_gn_er_b_se	vos	gn	erg-abs	balancing	sent	vos	VS	VPA	100	0.8733333333333334	0.06350852961085883	87.33333333333334	6.3508529610858835	0.8	0.91	0.0	0.0	0.35103563308715824	0.10107624830178498	bos_eos	seed_42,seed_43,seed_44
4_7_anc_VP_order	26_4_7_anc_VP_order	fig:heatmap-26-anc-vp-order	4.7 ANC V--P order	73_vos_gn_er_b_pa	vos	gn	erg-abs	balancing	poss-acc	svo	SV	AVP	100	0.7233333333333333	0.020816659994661348	72.33333333333333	2.0816659994661326	0.7	0.74	0.0	0.0	0.1708589180310567	0.05117547964263083	bos_eos	seed_42,seed_43,seed_44
4_7_anc_VP_order	26_4_7_anc_VP_order	fig:heatmap-26-anc-vp-order	4.7 ANC V--P order	74_vos_gn_er_b_ep	vos	gn	erg-abs	balancing	erg-poss	sov	SV	PVA	100	0.93	0.02999999999999997	93.0	3.0	0.9	0.96	0.0	0.0	0.4154703609148661	0.04762003101832035	bos_eos	seed_42,seed_43,seed_44
4_7_anc_VP_order	26_4_7_anc_VP_order	fig:heatmap-26-anc-vp-order	4.7 ANC V--P order	75_vos_gn_er_b_no	vos	gn	erg-abs	balancing	nomn	svo	SV	AVP	100	0.9933333333333333	0.011547005383792526	99.33333333333333	1.1547005383792515	0.98	1.0	0.0	0.0	0.8695186726252238	0.1434363633122688	bos_eos	seed_42,seed_43,seed_44
4_7_anc_VP_order	26_4_7_anc_VP_order	fig:heatmap-26-anc-vp-order	4.7 ANC V--P order	76_vos_gn_er_d_se	vos	gn	erg-abs	deranking	sent	vos	VS	VPA	100	0.9966666666666667	0.005773502691896263	99.66666666666667	0.5773502691896257	0.99	1.0	0.0	0.0	0.9808068895339966	0.10291506224955778	bos_eos	seed_42,seed_43,seed_44
4_7_anc_VP_order	26_4_7_anc_VP_order	fig:heatmap-26-anc-vp-order	4.7 ANC V--P order	77_vos_gn_er_d_pa	vos	gn	erg-abs	deranking	poss-acc	svo	SV	AVP	100	0.9733333333333333	0.020816659994661348	97.33333333333333	2.0816659994661326	0.95	0.99	0.0	0.0	0.5322118441263834	0.042475148371260034	bos_eos	seed_42,seed_43,seed_44
4_7_anc_VP_order	26_4_7_anc_VP_order	fig:heatmap-26-anc-vp-order	4.7 ANC V--P order	78_vos_gn_er_d_ep	vos	gn	erg-abs	deranking	erg-poss	sov	SV	PVA	100	0.7933333333333333	0.05859465277082314	79.33333333333333	5.8594652770823155	0.75	0.86	0.0	0.0	0.21650338888168336	0.043225935677956365	bos_eos	seed_42,seed_43,seed_44
4_7_anc_VP_order	26_4_7_anc_VP_order	fig:heatmap-26-anc-vp-order	4.7 ANC V--P order	79_vos_gn_er_d_no	vos	gn	erg-abs	deranking	nomn	svo	SV	AVP	100	1.0	0.0	100.0	0.0	1.0	1.0	0.0	0.0	1.0210142819086712	0.13508908543023596	bos_eos	seed_42,seed_43,seed_44
4_7_anc_VP_order	26_4_7_anc_VP_order	fig:heatmap-26-anc-vp-order	4.7 ANC V--P order	80_vos_ng_ac_b_se	vos	ng	nom-acc	balancing	sent	vos	VS	VPA	100	0.7433333333333333	0.09609023536933048	74.33333333333333	9.60902353693305	0.64	0.83	0.0	0.0	0.1509081729253133	0.051953226293147255	bos_eos	seed_42,seed_43,seed_44
4_7_anc_VP_order	26_4_7_anc_VP_order	fig:heatmap-26-anc-vp-order	4.7 ANC V--P order	81_vos_ng_ac_b_pa	vos	ng	nom-acc	balancing	poss-acc	vos	VS	VPA	100	0.73	0.0519615242270663	73.0	5.196152422706632	0.67	0.76	0.0	0.0	0.11462884426116943	0.018170027245120336	bos_eos	seed_42,seed_43,seed_44
4_7_anc_VP_order	26_4_7_anc_VP_order	fig:heatmap-26-anc-vp-order	4.7 ANC V--P order	82_vos_ng_ac_b_ep	vos	ng	nom-acc	balancing	erg-poss	vos	VS	VPA	100	0.9966666666666667	0.005773502691896263	99.66666666666667	0.5773502691896257	0.99	1.0	0.0	0.0	0.9268801299730937	0.06246524300950795	bos_eos	seed_42,seed_43,seed_44
4_7_anc_VP_order	26_4_7_anc_VP_order	fig:heatmap-26-anc-vp-order	4.7 ANC V--P order	83_vos_ng_ac_b_no	vos	ng	nom-acc	balancing	nomn	vos	VS	VPA	100	1.0	0.0	100.0	0.0	1.0	1.0	0.0	0.0	0.7938974833488465	0.11250218232850716	bos_eos	seed_42,seed_43,seed_44
4_7_anc_VP_order	26_4_7_anc_VP_order	fig:heatmap-26-anc-vp-order	4.7 ANC V--P order	84_vos_ng_ac_d_se	vos	ng	nom-acc	deranking	sent	vos	VS	VPA	100	0.9299999999999999	0.06244997998398397	93.0	6.244997998398398	0.86	0.98	0.0	0.0	0.41588818470637	0.051130822604643016	bos_eos	seed_42,seed_43,seed_44
4_7_anc_VP_order	26_4_7_anc_VP_order	fig:heatmap-26-anc-vp-order	4.7 ANC V--P order	85_vos_ng_ac_d_pa	vos	ng	nom-acc	deranking	poss-acc	vos	VS	VPA	100	0.9733333333333334	0.03785938897200179	97.33333333333334	3.7859388972001824	0.93	1.0	0.0	0.0	0.35514986832936607	0.08865939072150979	bos_eos	seed_42,seed_43,seed_44
4_7_anc_VP_order	26_4_7_anc_VP_order	fig:heatmap-26-anc-vp-order	4.7 ANC V--P order	86_vos_ng_ac_d_ep	vos	ng	nom-acc	deranking	erg-poss	vos	VS	VPA	100	1.0	0.0	100.0	0.0	1.0	1.0	0.0	0.0	0.9192792439460754	0.07430008841708559	bos_eos	seed_42,seed_43,seed_44
4_7_anc_VP_order	26_4_7_anc_VP_order	fig:heatmap-26-anc-vp-order	4.7 ANC V--P order	87_vos_ng_ac_d_no	vos	ng	nom-acc	deranking	nomn	vos	VS	VPA	100	1.0	0.0	100.0	0.0	1.0	1.0	0.0	0.0	1.0691261370976766	0.10766171315120707	bos_eos	seed_42,seed_43,seed_44
4_7_anc_VP_order	26_4_7_anc_VP_order	fig:heatmap-26-anc-vp-order	4.7 ANC V--P order	88_vos_ng_er_b_se	vos	ng	erg-abs	balancing	sent	vos	VS	VPA	100	0.8833333333333333	0.09291573243177566	88.33333333333333	9.291573243177568	0.78	0.96	0.0	0.0	0.3562625042597453	0.08453779296173292	bos_eos	seed_42,seed_43,seed_44
4_7_anc_VP_order	26_4_7_anc_VP_order	fig:heatmap-26-anc-vp-order	4.7 ANC V--P order	89_vos_ng_er_b_pa	vos	ng	erg-abs	balancing	poss-acc	vos	VS	VPA	100	0.7833333333333333	0.06506407098647712	78.33333333333333	6.506407098647712	0.72	0.85	0.0	0.0	0.22358044624328613	0.041576615757936676	bos_eos	seed_42,seed_43,seed_44
4_7_anc_VP_order	26_4_7_anc_VP_order	fig:heatmap-26-anc-vp-order	4.7 ANC V--P order	90_vos_ng_er_b_ep	vos	ng	erg-abs	balancing	erg-poss	vos	VS	VPA	100	1.0	0.0	100.0	0.0	1.0	1.0	0.0	0.0	1.147839700380961	0.10434684183381261	bos_eos	seed_42,seed_43,seed_44
4_7_anc_VP_order	26_4_7_anc_VP_order	fig:heatmap-26-anc-vp-order	4.7 ANC V--P order	91_vos_ng_er_b_no	vos	ng	erg-abs	balancing	nomn	vos	VS	VPA	100	1.0	0.0	100.0	0.0	1.0	1.0	0.0	0.0	1.151297599474589	0.08611383503351605	bos_eos	seed_42,seed_43,seed_44
4_7_anc_VP_order	26_4_7_anc_VP_order	fig:heatmap-26-anc-vp-order	4.7 ANC V--P order	92_vos_ng_er_d_se	vos	ng	erg-abs	deranking	sent	vos	VS	VPA	100	1.0	0.0	100.0	0.0	1.0	1.0	0.0	0.0	1.0452645134925842	0.09203694805236842	bos_eos	seed_42,seed_43,seed_44
4_7_anc_VP_order	26_4_7_anc_VP_order	fig:heatmap-26-anc-vp-order	4.7 ANC V--P order	93_vos_ng_er_d_pa	vos	ng	erg-abs	deranking	poss-acc	vos	VS	VPA	100	1.0	0.0	100.0	0.0	1.0	1.0	0.0	0.0	0.6152382675806681	0.036632710102303664	bos_eos	seed_42,seed_43,seed_44
4_7_anc_VP_order	26_4_7_anc_VP_order	fig:heatmap-26-anc-vp-order	4.7 ANC V--P order	94_vos_ng_er_d_ep	vos	ng	erg-abs	deranking	erg-poss	vos	VS	VPA	100	1.0	0.0	100.0	0.0	1.0	1.0	0.0	0.0	1.2033686526616414	0.07963997644667348	bos_eos	seed_42,seed_43,seed_44
4_7_anc_VP_order	26_4_7_anc_VP_order	fig:heatmap-26-anc-vp-order	4.7 ANC V--P order	95_vos_ng_er_d_no	vos	ng	erg-abs	deranking	nomn	vos	VS	VPA	100	1.0	0.0	100.0	0.0	1.0	1.0	0.0	0.0	1.2192994332313538	0.09537370582624295	bos_eos	seed_42,seed_43,seed_44
5_1_anc_ext_S_marker	27_5_1_anc_ext_S_marker	fig:heatmap-27-anc-ext-s-marker	5.1 ANC external S marker	00_sov_gn_ac_b_se	sov	gn	nom-acc	balancing	sent	sov	SV	APV	100	0.5033333333333333	0.005773502691896263	50.33333333333333	0.5773502691896257	0.5	0.51	0.0	0.0	-0.2029555376370748	0.058149532897056225	bos_eos	seed_42,seed_43,seed_44
5_1_anc_ext_S_marker	27_5_1_anc_ext_S_marker	fig:heatmap-27-anc-ext-s-marker	5.1 ANC external S marker	01_sov_gn_ac_b_pa	sov	gn	nom-acc	balancing	poss-acc	sov	SV	APV	100	0.56	0.009999999999999953	56.00000000000001	0.9999999999999929	0.55	0.57	0.0	0.0	-0.012845939795176188	0.033889942249297075	bos_eos	seed_42,seed_43,seed_44
5_1_anc_ext_S_marker	27_5_1_anc_ext_S_marker	fig:heatmap-27-anc-ext-s-marker	5.1 ANC external S marker	02_sov_gn_ac_b_ep	sov	gn	nom-acc	balancing	erg-poss	sov	SV	APV	100	0.43333333333333335	0.10066445913694333	43.333333333333336	10.066445913694333	0.34	0.54	0.0	0.0	-0.18845674594243367	0.12902840725809497	bos_eos	seed_42,seed_43,seed_44
5_1_anc_ext_S_marker	27_5_1_anc_ext_S_marker	fig:heatmap-27-anc-ext-s-marker	5.1 ANC external S marker	03_sov_gn_ac_b_no	sov	gn	nom-acc	balancing	nomn	sov	SV	APV	100	0.5933333333333333	0.01527525231651948	59.33333333333333	1.5275252316519499	0.58	0.61	0.0	0.0	0.030799571673075357	0.048605465339661355	bos_eos	seed_42,seed_43,seed_44
5_1_anc_ext_S_marker	27_5_1_anc_ext_S_marker	fig:heatmap-27-anc-ext-s-marker	5.1 ANC external S marker	04_sov_gn_ac_d_se	sov	gn	nom-acc	deranking	sent	sov	SV	APV	100	0.5366666666666666	0.04041451884327378	53.666666666666664	4.041451884327377	0.5	0.58	0.0	0.0	-0.05014705101648967	0.05000192778813125	bos_eos	seed_42,seed_43,seed_44
5_1_anc_ext_S_marker	27_5_1_anc_ext_S_marker	fig:heatmap-27-anc-ext-s-marker	5.1 ANC external S marker	05_sov_gn_ac_d_pa	sov	gn	nom-acc	deranking	poss-acc	sov	SV	APV	100	0.5533333333333333	0.025166114784235794	55.333333333333336	2.516611478423579	0.53	0.58	0.0	0.0	0.03829996347427368	0.07068866806077333	bos_eos	seed_42,seed_43,seed_44
5_1_anc_ext_S_marker	27_5_1_anc_ext_S_marker	fig:heatmap-27-anc-ext-s-marker	5.1 ANC external S marker	06_sov_gn_ac_d_ep	sov	gn	nom-acc	deranking	erg-poss	sov	SV	APV	100	0.5133333333333333	0.05507570547286098	51.33333333333333	5.5075705472860985	0.46	0.57	0.0	0.0	-0.04377641439437866	0.062433718272839465	bos_eos	seed_42,seed_43,seed_44
5_1_anc_ext_S_marker	27_5_1_anc_ext_S_marker	fig:heatmap-27-anc-ext-s-marker	5.1 ANC external S marker	07_sov_gn_ac_d_no	sov	gn	nom-acc	deranking	nomn	sov	SV	APV	100	0.6	0.010000000000000009	60.0	1.0	0.59	0.61	0.0	0.0	0.13192766507466636	0.034228306100362614	bos_eos	seed_42,seed_43,seed_44
5_1_anc_ext_S_marker	27_5_1_anc_ext_S_marker	fig:heatmap-27-anc-ext-s-marker	5.1 ANC external S marker	08_sov_gn_er_b_se	sov	gn	erg-abs	balancing	sent	sov	SV	APV	100	0.6733333333333333	0.060277137733417085	67.33333333333333	6.027713773341708	0.61	0.73	0.0	0.0	0.1812978704770406	0.0691194012557529	bos_eos	seed_42,seed_43,seed_44
5_1_anc_ext_S_marker	27_5_1_anc_ext_S_marker	fig:heatmap-27-anc-ext-s-marker	5.1 ANC external S marker	09_sov_gn_er_b_pa	sov	gn	erg-abs	balancing	poss-acc	sov	SV	APV	100	0.6466666666666666	0.06806859285554047	64.66666666666666	6.80685928555405	0.57	0.7	0.0	0.0	0.2459158976872762	0.02940032521140793	bos_eos	seed_42,seed_43,seed_44
5_1_anc_ext_S_marker	27_5_1_anc_ext_S_marker	fig:heatmap-27-anc-ext-s-marker	5.1 ANC external S marker	10_sov_gn_er_b_ep	sov	gn	erg-abs	balancing	erg-poss	sov	SV	APV	100	0.69	0.026457513110645866	69.0	2.6457513110645907	0.66	0.71	0.0	0.0	0.1763531470298767	0.018224815277388555	bos_eos	seed_42,seed_43,seed_44
5_1_anc_ext_S_marker	27_5_1_anc_ext_S_marker	fig:heatmap-27-anc-ext-s-marker	5.1 ANC external S marker	11_sov_gn_er_b_no	sov	gn	erg-abs	balancing	nomn	sov	SV	APV	100	0.6966666666666667	0.01527525231651942	69.66666666666667	1.5275252316519468	0.68	0.71	0.0	0.0	0.27140724738438926	0.0354632290875535	bos_eos	seed_42,seed_43,seed_44
5_1_anc_ext_S_marker	27_5_1_anc_ext_S_marker	fig:heatmap-27-anc-ext-s-marker	5.1 ANC external S marker	12_sov_gn_er_d_se	sov	gn	erg-abs	deranking	sent	sov	SV	APV	100	0.7266666666666667	0.04725815626252612	72.66666666666667	4.725815626252608	0.69	0.78	0.0	0.0	0.3189933482805888	0.054361248531238755	bos_eos	seed_42,seed_43,seed_44
5_1_anc_ext_S_marker	27_5_1_anc_ext_S_marker	fig:heatmap-27-anc-ext-s-marker	5.1 ANC external S marker	13_sov_gn_er_d_pa	sov	gn	erg-abs	deranking	poss-acc	sov	SV	APV	100	0.6666666666666666	0.030550504633038898	66.66666666666666	3.0550504633038935	0.64	0.7	0.0	0.0	0.2404072880744934	0.016423821009891197	bos_eos	seed_42,seed_43,seed_44
5_1_anc_ext_S_marker	27_5_1_anc_ext_S_marker	fig:heatmap-27-anc-ext-s-marker	5.1 ANC external S marker	14_sov_gn_er_d_ep	sov	gn	erg-abs	deranking	erg-poss	sov	SV	APV	100	0.6966666666666667	0.051316014394468826	69.66666666666667	5.131601439446884	0.64	0.74	0.0	0.0	0.1968648878733317	0.03333762539557753	bos_eos	seed_42,seed_43,seed_44
5_1_anc_ext_S_marker	27_5_1_anc_ext_S_marker	fig:heatmap-27-anc-ext-s-marker	5.1 ANC external S marker	15_sov_gn_er_d_no	sov	gn	erg-abs	deranking	nomn	sov	SV	APV	100	0.6966666666666667	0.06806859285554046	69.66666666666667	6.8068592855540455	0.62	0.75	0.0	0.0	0.34748681863149006	0.05360067492057778	bos_eos	seed_42,seed_43,seed_44
5_1_anc_ext_S_marker	27_5_1_anc_ext_S_marker	fig:heatmap-27-anc-ext-s-marker	5.1 ANC external S marker	16_sov_ng_ac_b_se	sov	ng	nom-acc	balancing	sent	sov	SV	APV	100	0.26	0.017320508075688787	26.0	1.7320508075688794	0.25	0.28	0.0	0.0	-0.43963515758514404	0.013330965676588627	bos_eos	seed_42,seed_43,seed_44
5_1_anc_ext_S_marker	27_5_1_anc_ext_S_marker	fig:heatmap-27-anc-ext-s-marker	5.1 ANC external S marker	17_sov_ng_ac_b_pa	sov	ng	nom-acc	balancing	poss-acc	ovs	VS	PVA	100	0.48	0.01999999999999999	48.0	2.0	0.46	0.5	0.0	0.0	-0.04743119637171428	0.05683249508263216	bos_eos	seed_42,seed_43,seed_44
5_1_anc_ext_S_marker	27_5_1_anc_ext_S_marker	fig:heatmap-27-anc-ext-s-marker	5.1 ANC external S marker	18_sov_ng_ac_b_ep	sov	ng	nom-acc	balancing	erg-poss	vos	VS	AVP	100	0.48333333333333334	0.060277137733417106	48.333333333333336	6.027713773341708	0.42	0.54	0.0	0.0	-0.04827855984369914	0.1051732338173876	bos_eos	seed_42,seed_43,seed_44
5_1_anc_ext_S_marker	27_5_1_anc_ext_S_marker	fig:heatmap-27-anc-ext-s-marker	5.1 ANC external S marker	19_sov_ng_ac_b_no	sov	ng	nom-acc	balancing	nomn	ovs	VS	PVA	100	0.5	0.07549834435270748	50.0	7.549834435270746	0.42	0.57	0.0	0.0	-0.005549283027648927	0.11500979428165031	bos_eos	seed_42,seed_43,seed_44
5_1_anc_ext_S_marker	27_5_1_anc_ext_S_marker	fig:heatmap-27-anc-ext-s-marker	5.1 ANC external S marker	20_sov_ng_ac_d_se	sov	ng	nom-acc	deranking	sent	sov	SV	APV	100	0.31333333333333335	0.020816659994661348	31.333333333333336	2.081665999466135	0.29	0.33	0.0	0.0	-0.2916375867525737	0.012296066765589041	bos_eos	seed_42,seed_43,seed_44
5_1_anc_ext_S_marker	27_5_1_anc_ext_S_marker	fig:heatmap-27-anc-ext-s-marker	5.1 ANC external S marker	21_sov_ng_ac_d_pa	sov	ng	nom-acc	deranking	poss-acc	ovs	VS	PVA	100	0.43666666666666665	0.01527525231651948	43.666666666666664	1.5275252316519468	0.42	0.45	0.0	0.0	-0.09452860911687215	0.049115911955330084	bos_eos	seed_42,seed_43,seed_44
5_1_anc_ext_S_marker	27_5_1_anc_ext_S_marker	fig:heatmap-27-anc-ext-s-marker	5.1 ANC external S marker	22_sov_ng_ac_d_ep	sov	ng	nom-acc	deranking	erg-poss	vos	VS	AVP	100	0.6	0.07000000000000002	60.0	6.999999999999999	0.55	0.68	0.0	0.0	0.07756057977676392	0.12522236103445022	bos_eos	seed_42,seed_43,seed_44
5_1_anc_ext_S_marker	27_5_1_anc_ext_S_marker	fig:heatmap-27-anc-ext-s-marker	5.1 ANC external S marker	23_sov_ng_ac_d_no	sov	ng	nom-acc	deranking	nomn	ovs	VS	PVA	100	0.53	0.052915026221291794	53.0	5.291502622129181	0.49	0.59	0.0	0.0	0.06677805185317993	0.069947600211469	bos_eos	seed_42,seed_43,seed_44
5_1_anc_ext_S_marker	27_5_1_anc_ext_S_marker	fig:heatmap-27-anc-ext-s-marker	5.1 ANC external S marker	24_sov_ng_er_b_se	sov	ng	erg-abs	balancing	sent	sov	SV	APV	100	0.42	0.034641016151377546	42.0	3.4641016151377544	0.38	0.44	0.0	0.0	-0.08365222851435344	0.07166920538414813	bos_eos	seed_42,seed_43,seed_44
5_1_anc_ext_S_marker	27_5_1_anc_ext_S_marker	fig:heatmap-27-anc-ext-s-marker	5.1 ANC external S marker	25_sov_ng_er_b_pa	sov	ng	erg-abs	balancing	poss-acc	ovs	VS	PVA	100	0.38	0.0916515138991168	38.0	9.165151389911678	0.28	0.46	0.0	0.0	-0.23461393117904664	0.09718262017912119	bos_eos	seed_42,seed_43,seed_44
5_1_anc_ext_S_marker	27_5_1_anc_ext_S_marker	fig:heatmap-27-anc-ext-s-marker	5.1 ANC external S marker	26_sov_ng_er_b_ep	sov	ng	erg-abs	balancing	erg-poss	vos	VS	AVP	100	0.4	0.05291502622129183	40.0	5.291502622129181	0.36	0.46	0.0	0.0	-0.19371108770370482	0.0588029695753259	bos_eos	seed_42,seed_43,seed_44
5_1_anc_ext_S_marker	27_5_1_anc_ext_S_marker	fig:heatmap-27-anc-ext-s-marker	5.1 ANC external S marker	27_sov_ng_er_b_no	sov	ng	erg-abs	balancing	nomn	ovs	VS	PVA	100	0.37666666666666665	0.09291573243177569	37.666666666666664	9.291573243177568	0.3	0.48	0.0	0.0	-0.2241589879989624	0.09978316073400534	bos_eos	seed_42,seed_43,seed_44
5_1_anc_ext_S_marker	27_5_1_anc_ext_S_marker	fig:heatmap-27-anc-ext-s-marker	5.1 ANC external S marker	28_sov_ng_er_d_se	sov	ng	erg-abs	deranking	sent	sov	SV	APV	100	0.48	0.05196152422706633	48.0	5.196152422706632	0.42	0.51	0.0	0.0	-0.023359979788462323	0.048391135739163586	bos_eos	seed_42,seed_43,seed_44
5_1_anc_ext_S_marker	27_5_1_anc_ext_S_marker	fig:heatmap-27-anc-ext-s-marker	5.1 ANC external S marker	29_sov_ng_er_d_pa	sov	ng	erg-abs	deranking	poss-acc	ovs	VS	PVA	100	0.29333333333333333	0.023094010767585018	29.333333333333332	2.309401076758501	0.28	0.32	0.0	0.0	-0.3401226727167765	0.0491231450224538	bos_eos	seed_42,seed_43,seed_44
5_1_anc_ext_S_marker	27_5_1_anc_ext_S_marker	fig:heatmap-27-anc-ext-s-marker	5.1 ANC external S marker	30_sov_ng_er_d_ep	sov	ng	erg-abs	deranking	erg-poss	vos	VS	AVP	100	0.32	0.03605551275463987	32.0	3.6055512754639873	0.28	0.35	0.0	0.0	-0.25616932948430376	0.0327706758876807	bos_eos	seed_42,seed_43,seed_44
5_1_anc_ext_S_marker	27_5_1_anc_ext_S_marker	fig:heatmap-27-anc-ext-s-marker	5.1 ANC external S marker	31_sov_ng_er_d_no	sov	ng	erg-abs	deranking	nomn	ovs	VS	PVA	100	0.44999999999999996	0.034641016151377546	44.99999999999999	3.4641016151377544	0.41	0.47	0.0	0.0	-0.14569008906682332	0.017086806004579153	bos_eos	seed_42,seed_43,seed_44
5_1_anc_ext_S_marker	27_5_1_anc_ext_S_marker	fig:heatmap-27-anc-ext-s-marker	5.1 ANC external S marker	32_svo_gn_ac_b_se	svo	gn	nom-acc	balancing	sent	svo	SV	AVP	100	0.6900000000000001	0.03605551275463986	69.0	3.605551275463989	0.66	0.73	0.0	0.0	0.31983832756678265	0.03811946937090249	bos_eos	seed_42,seed_43,seed_44
5_1_anc_ext_S_marker	27_5_1_anc_ext_S_marker	fig:heatmap-27-anc-ext-s-marker	5.1 ANC external S marker	33_svo_gn_ac_b_pa	svo	gn	nom-acc	balancing	poss-acc	svo	SV	AVP	100	0.7733333333333333	0.09609023536933048	77.33333333333333	9.60902353693305	0.67	0.86	0.0	0.0	0.4117112183570862	0.061171264666171364	bos_eos	seed_42,seed_43,seed_44
5_1_anc_ext_S_marker	27_5_1_anc_ext_S_marker	fig:heatmap-27-anc-ext-s-marker	5.1 ANC external S marker	34_svo_gn_ac_b_ep	svo	gn	nom-acc	balancing	erg-poss	sov	SV	PVA	100	0.8566666666666667	0.020816659994661348	85.66666666666667	2.0816659994661326	0.84	0.88	0.0	0.0	0.6513030552864074	0.16158648874059242	bos_eos	seed_42,seed_43,seed_44
5_1_anc_ext_S_marker	27_5_1_anc_ext_S_marker	fig:heatmap-27-anc-ext-s-marker	5.1 ANC external S marker	35_svo_gn_ac_b_no	svo	gn	nom-acc	balancing	nomn	svo	SV	AVP	100	0.89	0.030000000000000027	89.0	3.0	0.86	0.92	0.0	0.0	0.7669639420509338	0.05607360035864937	bos_eos	seed_42,seed_43,seed_44
5_1_anc_ext_S_marker	27_5_1_anc_ext_S_marker	fig:heatmap-27-anc-ext-s-marker	5.1 ANC external S marker	36_svo_gn_ac_d_se	svo	gn	nom-acc	deranking	sent	svo	SV	AVP	100	0.6733333333333333	0.07234178138070235	67.33333333333333	7.234178138070235	0.59	0.72	0.0	0.0	0.24064637184143065	0.14007722239281695	bos_eos	seed_42,seed_43,seed_44
5_1_anc_ext_S_marker	27_5_1_anc_ext_S_marker	fig:heatmap-27-anc-ext-s-marker	5.1 ANC external S marker	37_svo_gn_ac_d_pa	svo	gn	nom-acc	deranking	poss-acc	svo	SV	AVP	100	0.71	0.055677643628300216	71.0	5.5677643628300215	0.66	0.77	0.0	0.0	0.3402062877019246	0.07185561422407329	bos_eos	seed_42,seed_43,seed_44
5_1_anc_ext_S_marker	27_5_1_anc_ext_S_marker	fig:heatmap-27-anc-ext-s-marker	5.1 ANC external S marker	38_svo_gn_ac_d_ep	svo	gn	nom-acc	deranking	erg-poss	sov	SV	PVA	100	0.8433333333333333	0.020816659994661348	84.33333333333333	2.0816659994661326	0.82	0.86	0.0	0.0	0.5751084955533345	0.06102396811389106	bos_eos	seed_42,seed_43,seed_44
5_1_anc_ext_S_marker	27_5_1_anc_ext_S_marker	fig:heatmap-27-anc-ext-s-marker	5.1 ANC external S marker	39_svo_gn_ac_d_no	svo	gn	nom-acc	deranking	nomn	svo	SV	AVP	100	0.8166666666666667	0.12741009902410927	81.66666666666667	12.741009902410928	0.67	0.9	0.0	0.0	0.575242261091868	0.21300439885828318	bos_eos	seed_42,seed_43,seed_44
5_1_anc_ext_S_marker	27_5_1_anc_ext_S_marker	fig:heatmap-27-anc-ext-s-marker	5.1 ANC external S marker	40_svo_gn_er_b_se	svo	gn	erg-abs	balancing	sent	svo	SV	AVP	100	0.7066666666666667	0.04041451884327379	70.66666666666667	4.041451884327381	0.67	0.75	0.0	0.0	0.3003042078018189	0.05386607220357799	bos_eos	seed_42,seed_43,seed_44
5_1_anc_ext_S_marker	27_5_1_anc_ext_S_marker	fig:heatmap-27-anc-ext-s-marker	5.1 ANC external S marker	41_svo_gn_er_b_pa	svo	gn	erg-abs	balancing	poss-acc	svo	SV	AVP	100	0.7366666666666667	0.01527525231651948	73.66666666666667	1.5275252316519468	0.72	0.75	0.0	0.0	0.2968571400642395	0.08614550595827852	bos_eos	seed_42,seed_43,seed_44
5_1_anc_ext_S_marker	27_5_1_anc_ext_S_marker	fig:heatmap-27-anc-ext-s-marker	5.1 ANC external S marker	42_svo_gn_er_b_ep	svo	gn	erg-abs	balancing	erg-poss	sov	SV	PVA	100	0.7666666666666666	0.06806859285554047	76.66666666666666	6.8068592855540455	0.69	0.82	0.0	0.0	0.2980401484171549	0.19098595499020518	bos_eos	seed_42,seed_43,seed_44
5_1_anc_ext_S_marker	27_5_1_anc_ext_S_marker	fig:heatmap-27-anc-ext-s-marker	5.1 ANC external S marker	43_svo_gn_er_b_no	svo	gn	erg-abs	balancing	nomn	svo	SV	AVP	100	0.7466666666666667	0.08386497083606084	74.66666666666667	8.386497083606082	0.65	0.8	0.0	0.0	0.3288732028007507	0.1044154133756053	bos_eos	seed_42,seed_43,seed_44
5_1_anc_ext_S_marker	27_5_1_anc_ext_S_marker	fig:heatmap-27-anc-ext-s-marker	5.1 ANC external S marker	44_svo_gn_er_d_se	svo	gn	erg-abs	deranking	sent	svo	SV	AVP	100	0.6333333333333333	0.09073771725877464	63.33333333333333	9.073771725877465	0.53	0.7	0.0	0.0	0.2308847467104594	0.11289961510256101	bos_eos	seed_42,seed_43,seed_44
5_1_anc_ext_S_marker	27_5_1_anc_ext_S_marker	fig:heatmap-27-anc-ext-s-marker	5.1 ANC external S marker	45_svo_gn_er_d_pa	svo	gn	erg-abs	deranking	poss-acc	svo	SV	AVP	100	0.6766666666666666	0.015275252316519432	67.66666666666666	1.5275252316519468	0.66	0.69	0.0	0.0	0.1669753567377726	0.04804433948403155	bos_eos	seed_42,seed_43,seed_44
5_1_anc_ext_S_marker	27_5_1_anc_ext_S_marker	fig:heatmap-27-anc-ext-s-marker	5.1 ANC external S marker	46_svo_gn_er_d_ep	svo	gn	erg-abs	deranking	erg-poss	sov	SV	PVA	100	0.7366666666666667	0.05686240703077332	73.66666666666667	5.686240703077327	0.69	0.8	0.0	0.0	0.20778987010320027	0.06093920270441481	bos_eos	seed_42,seed_43,seed_44
5_1_anc_ext_S_marker	27_5_1_anc_ext_S_marker	fig:heatmap-27-anc-ext-s-marker	5.1 ANC external S marker	47_svo_gn_er_d_no	svo	gn	erg-abs	deranking	nomn	svo	SV	AVP	100	0.6133333333333333	0.10408329997330662	61.33333333333333	10.408329997330664	0.53	0.73	0.0	0.0	0.16623436053593954	0.06502943318086207	bos_eos	seed_42,seed_43,seed_44
5_1_anc_ext_S_marker	27_5_1_anc_ext_S_marker	fig:heatmap-27-anc-ext-s-marker	5.1 ANC external S marker	48_svo_ng_ac_b_se	svo	ng	nom-acc	balancing	sent	svo	SV	AVP	100	0.6666666666666666	0.032145502536643174	66.66666666666666	3.2145502536643185	0.63	0.69	0.0	0.0	0.261111524105072	0.03000933598862213	bos_eos	seed_42,seed_43,seed_44
5_1_anc_ext_S_marker	27_5_1_anc_ext_S_marker	fig:heatmap-27-anc-ext-s-marker	5.1 ANC external S marker	49_svo_ng_ac_b_pa	svo	ng	nom-acc	balancing	poss-acc	vos	VS	VPA	100	0.91	0.017320508075688787	91.0	1.7320508075688772	0.89	0.92	0.0	0.0	0.5429811231295267	0.07206697809272035	bos_eos	seed_42,seed_43,seed_44
5_1_anc_ext_S_marker	27_5_1_anc_ext_S_marker	fig:heatmap-27-anc-ext-s-marker	5.1 ANC external S marker	50_svo_ng_ac_b_ep	svo	ng	nom-acc	balancing	erg-poss	vos	VS	VPA	100	0.99	0.010000000000000009	99.0	1.0	0.98	1.0	0.0	0.0	0.7706480971972147	0.039742641915220554	bos_eos	seed_42,seed_43,seed_44
5_1_anc_ext_S_marker	27_5_1_anc_ext_S_marker	fig:heatmap-27-anc-ext-s-marker	5.1 ANC external S marker	51_svo_ng_ac_b_no	svo	ng	nom-acc	balancing	nomn	vos	VS	VPA	100	0.9833333333333333	0.01527525231651948	98.33333333333333	1.5275252316519468	0.97	1.0	0.0	0.0	0.9154343287150065	0.03989990788582972	bos_eos	seed_42,seed_43,seed_44
5_1_anc_ext_S_marker	27_5_1_anc_ext_S_marker	fig:heatmap-27-anc-ext-s-marker	5.1 ANC external S marker	52_svo_ng_ac_d_se	svo	ng	nom-acc	deranking	sent	svo	SV	AVP	100	0.64	0.052915026221291864	64.0	5.291502622129185	0.58	0.68	0.0	0.0	0.19901520093282063	0.02333707995866188	bos_eos	seed_42,seed_43,seed_44
5_1_anc_ext_S_marker	27_5_1_anc_ext_S_marker	fig:heatmap-27-anc-ext-s-marker	5.1 ANC external S marker	53_svo_ng_ac_d_pa	svo	ng	nom-acc	deranking	poss-acc	vos	VS	VPA	100	0.9433333333333334	0.023094010767584987	94.33333333333334	2.309401076758503	0.93	0.97	0.0	0.0	0.5891490546862284	0.09351963343313482	bos_eos	seed_42,seed_43,seed_44
5_1_anc_ext_S_marker	27_5_1_anc_ext_S_marker	fig:heatmap-27-anc-ext-s-marker	5.1 ANC external S marker	54_svo_ng_ac_d_ep	svo	ng	nom-acc	deranking	erg-poss	vos	VS	VPA	100	0.9866666666666667	0.01527525231651948	98.66666666666667	1.5275252316519468	0.97	1.0	0.0	0.0	0.7377646199862162	0.0902314145044737	bos_eos	seed_42,seed_43,seed_44
5_1_anc_ext_S_marker	27_5_1_anc_ext_S_marker	fig:heatmap-27-anc-ext-s-marker	5.1 ANC external S marker	55_svo_ng_ac_d_no	svo	ng	nom-acc	deranking	nomn	vos	VS	VPA	100	0.98	0.017320508075688787	98.0	1.7320508075688772	0.97	1.0	0.0	0.0	0.6892099777857462	0.2213522930084588	bos_eos	seed_42,seed_43,seed_44
5_1_anc_ext_S_marker	27_5_1_anc_ext_S_marker	fig:heatmap-27-anc-ext-s-marker	5.1 ANC external S marker	56_svo_ng_er_b_se	svo	ng	erg-abs	balancing	sent	svo	SV	AVP	100	0.6466666666666667	0.01527525231651948	64.66666666666667	1.5275252316519468	0.63	0.66	0.0	0.0	0.21425352970759073	0.042500111679597045	bos_eos	seed_42,seed_43,seed_44
5_1_anc_ext_S_marker	27_5_1_anc_ext_S_marker	fig:heatmap-27-anc-ext-s-marker	5.1 ANC external S marker	57_svo_ng_er_b_pa	svo	ng	erg-abs	balancing	poss-acc	vos	VS	VPA	100	0.6900000000000001	0.04358898943540671	69.0	4.358898943540674	0.66	0.74	0.0	0.0	0.23722353140513103	0.1033648265944598	bos_eos	seed_42,seed_43,seed_44
5_1_anc_ext_S_marker	27_5_1_anc_ext_S_marker	fig:heatmap-27-anc-ext-s-marker	5.1 ANC external S marker	58_svo_ng_er_b_ep	svo	ng	erg-abs	balancing	erg-poss	vos	VS	VPA	100	0.7066666666666667	0.011547005383792526	70.66666666666667	1.1547005383792515	0.7	0.72	0.0	0.0	0.1793683203061422	0.07874981708263029	bos_eos	seed_42,seed_43,seed_44
5_1_anc_ext_S_marker	27_5_1_anc_ext_S_marker	fig:heatmap-27-anc-ext-s-marker	5.1 ANC external S marker	59_svo_ng_er_b_no	svo	ng	erg-abs	balancing	nomn	vos	VS	VPA	100	0.8166666666666667	0.07094598884597587	81.66666666666667	7.094598884597588	0.74	0.88	0.0	0.0	0.3657233770688375	0.10658468917896172	bos_eos	seed_42,seed_43,seed_44
5_1_anc_ext_S_marker	27_5_1_anc_ext_S_marker	fig:heatmap-27-anc-ext-s-marker	5.1 ANC external S marker	60_svo_ng_er_d_se	svo	ng	erg-abs	deranking	sent	svo	SV	AVP	100	0.6433333333333333	0.03214550253664321	64.33333333333333	3.2145502536643185	0.62	0.68	0.0	0.0	0.17936312675476074	0.05284626935793366	bos_eos	seed_42,seed_43,seed_44
5_1_anc_ext_S_marker	27_5_1_anc_ext_S_marker	fig:heatmap-27-anc-ext-s-marker	5.1 ANC external S marker	61_svo_ng_er_d_pa	svo	ng	erg-abs	deranking	poss-acc	vos	VS	VPA	100	0.7266666666666667	0.10214368964029712	72.66666666666667	10.214368964029708	0.61	0.8	0.0	0.0	0.24381319761276243	0.16101307993189767	bos_eos	seed_42,seed_43,seed_44
5_1_anc_ext_S_marker	27_5_1_anc_ext_S_marker	fig:heatmap-27-anc-ext-s-marker	5.1 ANC external S marker	62_svo_ng_er_d_ep	svo	ng	erg-abs	deranking	erg-poss	vos	VS	VPA	100	0.6133333333333333	0.08736894948054101	61.33333333333333	8.736894948054104	0.54	0.71	0.0	0.0	0.06280876795450846	0.08298732112870595	bos_eos	seed_42,seed_43,seed_44
5_1_anc_ext_S_marker	27_5_1_anc_ext_S_marker	fig:heatmap-27-anc-ext-s-marker	5.1 ANC external S marker	63_svo_ng_er_d_no	svo	ng	erg-abs	deranking	nomn	vos	VS	VPA	100	0.73	0.21	73.0	21.000000000000004	0.58	0.97	0.0	0.0	0.29554863373438517	0.2926244882136418	bos_eos	seed_42,seed_43,seed_44
5_1_anc_ext_S_marker	27_5_1_anc_ext_S_marker	fig:heatmap-27-anc-ext-s-marker	5.1 ANC external S marker	64_vos_gn_ac_b_se	vos	gn	nom-acc	balancing	sent	vos	VS	VPA	100	0.26666666666666666	0.020816659994661316	26.666666666666668	2.081665999466131	0.25	0.29	0.0	0.0	-0.44374422868092855	0.01865389418681694	bos_eos	seed_42,seed_43,seed_44
5_1_anc_ext_S_marker	27_5_1_anc_ext_S_marker	fig:heatmap-27-anc-ext-s-marker	5.1 ANC external S marker	65_vos_gn_ac_b_pa	vos	gn	nom-acc	balancing	poss-acc	svo	SV	AVP	100	0.5166666666666667	0.023094010767585053	51.66666666666667	2.309401076758503	0.49	0.53	0.0	0.0	0.0561094609896342	0.03817443642754448	bos_eos	seed_42,seed_43,seed_44
5_1_anc_ext_S_marker	27_5_1_anc_ext_S_marker	fig:heatmap-27-anc-ext-s-marker	5.1 ANC external S marker	66_vos_gn_ac_b_ep	vos	gn	nom-acc	balancing	erg-poss	sov	SV	PVA	100	0.78	0.017320508075688787	78.0	1.7320508075688772	0.76	0.79	0.0	0.0	0.3520149517059326	0.035321526521485964	bos_eos	seed_42,seed_43,seed_44
5_1_anc_ext_S_marker	27_5_1_anc_ext_S_marker	fig:heatmap-27-anc-ext-s-marker	5.1 ANC external S marker	67_vos_gn_ac_b_no	vos	gn	nom-acc	balancing	nomn	svo	SV	AVP	100	0.66	0.02999999999999997	66.0	3.0	0.63	0.69	0.0	0.0	0.1836988615989685	0.05652086770227237	bos_eos	seed_42,seed_43,seed_44
5_1_anc_ext_S_marker	27_5_1_anc_ext_S_marker	fig:heatmap-27-anc-ext-s-marker	5.1 ANC external S marker	68_vos_gn_ac_d_se	vos	gn	nom-acc	deranking	sent	vos	VS	VPA	100	0.44666666666666666	0.035118845842842465	44.666666666666664	3.5118845842842465	0.41	0.48	0.0	0.0	-0.043945849736531574	0.038527517198641205	bos_eos	seed_42,seed_43,seed_44
5_1_anc_ext_S_marker	27_5_1_anc_ext_S_marker	fig:heatmap-27-anc-ext-s-marker	5.1 ANC external S marker	69_vos_gn_ac_d_pa	vos	gn	nom-acc	deranking	poss-acc	svo	SV	AVP	100	0.6933333333333334	0.011547005383792462	69.33333333333334	1.1547005383792515	0.68	0.7	0.0	0.0	0.37406622727711997	0.04861515812422903	bos_eos	seed_42,seed_43,seed_44
5_1_anc_ext_S_marker	27_5_1_anc_ext_S_marker	fig:heatmap-27-anc-ext-s-marker	5.1 ANC external S marker	70_vos_gn_ac_d_ep	vos	gn	nom-acc	deranking	erg-poss	sov	SV	PVA	100	0.7966666666666667	0.005773502691896263	79.66666666666667	0.5773502691896257	0.79	0.8	0.0	0.0	0.5348642039299012	0.08514032313712042	bos_eos	seed_42,seed_43,seed_44
5_1_anc_ext_S_marker	27_5_1_anc_ext_S_marker	fig:heatmap-27-anc-ext-s-marker	5.1 ANC external S marker	71_vos_gn_ac_d_no	vos	gn	nom-acc	deranking	nomn	svo	SV	AVP	100	0.7466666666666667	0.01527525231651948	74.66666666666667	1.5275252316519468	0.73	0.76	0.0	0.0	0.4729370554288228	0.01615826036660465	bos_eos	seed_42,seed_43,seed_44
5_1_anc_ext_S_marker	27_5_1_anc_ext_S_marker	fig:heatmap-27-anc-ext-s-marker	5.1 ANC external S marker	72_vos_gn_er_b_se	vos	gn	erg-abs	balancing	sent	vos	VS	VPA	100	0.54	0.06928203230275509	54.0	6.928203230275509	0.5	0.62	0.0	0.0	0.15149826924006143	0.07170800371179094	bos_eos	seed_42,seed_43,seed_44
5_1_anc_ext_S_marker	27_5_1_anc_ext_S_marker	fig:heatmap-27-anc-ext-s-marker	5.1 ANC external S marker	73_vos_gn_er_b_pa	vos	gn	erg-abs	balancing	poss-acc	svo	SV	AVP	100	0.5	0.043588989435406775	50.0	4.3588989435406775	0.47	0.55	0.0	0.0	0.20012003898620606	0.0493361321942385	bos_eos	seed_42,seed_43,seed_44
5_1_anc_ext_S_marker	27_5_1_anc_ext_S_marker	fig:heatmap-27-anc-ext-s-marker	5.1 ANC external S marker	74_vos_gn_er_b_ep	vos	gn	erg-abs	balancing	erg-poss	sov	SV	PVA	100	0.7233333333333334	0.10115993936995675	72.33333333333334	10.115993936995679	0.66	0.84	0.0	0.0	0.3777335484822591	0.06420032771973572	bos_eos	seed_42,seed_43,seed_44
5_1_anc_ext_S_marker	27_5_1_anc_ext_S_marker	fig:heatmap-27-anc-ext-s-marker	5.1 ANC external S marker	75_vos_gn_er_b_no	vos	gn	erg-abs	balancing	nomn	svo	SV	AVP	100	0.7033333333333334	0.07637626158259735	70.33333333333334	7.637626158259733	0.62	0.77	0.0	0.0	0.3813040812810262	0.0818949021466208	bos_eos	seed_42,seed_43,seed_44
5_1_anc_ext_S_marker	27_5_1_anc_ext_S_marker	fig:heatmap-27-anc-ext-s-marker	5.1 ANC external S marker	76_vos_gn_er_d_se	vos	gn	erg-abs	deranking	sent	vos	VS	VPA	100	0.53	0.026457513110645932	53.0	2.6457513110645934	0.5	0.55	0.0	0.0	0.17360294024149578	0.07914354009754347	bos_eos	seed_42,seed_43,seed_44
5_1_anc_ext_S_marker	27_5_1_anc_ext_S_marker	fig:heatmap-27-anc-ext-s-marker	5.1 ANC external S marker	77_vos_gn_er_d_pa	vos	gn	erg-abs	deranking	poss-acc	svo	SV	AVP	100	0.44	0.017320508075688787	44.0	1.7320508075688772	0.43	0.46	0.0	0.0	0.16787877241770427	0.0176700991783854	bos_eos	seed_42,seed_43,seed_44
5_1_anc_ext_S_marker	27_5_1_anc_ext_S_marker	fig:heatmap-27-anc-ext-s-marker	5.1 ANC external S marker	78_vos_gn_er_d_ep	vos	gn	erg-abs	deranking	erg-poss	sov	SV	PVA	100	0.6266666666666667	0.03214550253664321	62.66666666666667	3.2145502536643185	0.59	0.65	0.0	0.0	0.3158033561706543	0.05740770995471635	bos_eos	seed_42,seed_43,seed_44
5_1_anc_ext_S_marker	27_5_1_anc_ext_S_marker	fig:heatmap-27-anc-ext-s-marker	5.1 ANC external S marker	79_vos_gn_er_d_no	vos	gn	erg-abs	deranking	nomn	svo	SV	AVP	100	0.5966666666666667	0.0776745346515403	59.66666666666667	7.767453465154029	0.51	0.66	0.0	0.0	0.2719414941469828	0.0982311106216873	bos_eos	seed_42,seed_43,seed_44
5_1_anc_ext_S_marker	27_5_1_anc_ext_S_marker	fig:heatmap-27-anc-ext-s-marker	5.1 ANC external S marker	80_vos_ng_ac_b_se	vos	ng	nom-acc	balancing	sent	vos	VS	VPA	100	0.39	0.04000000000000001	39.0	4.0	0.35	0.43	0.0	0.0	-0.40966598908106483	0.014954318635394499	bos_eos	seed_42,seed_43,seed_44
5_1_anc_ext_S_marker	27_5_1_anc_ext_S_marker	fig:heatmap-27-anc-ext-s-marker	5.1 ANC external S marker	81_vos_ng_ac_b_pa	vos	ng	nom-acc	balancing	poss-acc	vos	VS	VPA	100	0.37	0.05291502622129181	37.0	5.291502622129181	0.33	0.43	0.0	0.0	-0.3161746915181478	0.08595774974381962	bos_eos	seed_42,seed_43,seed_44
5_1_anc_ext_S_marker	27_5_1_anc_ext_S_marker	fig:heatmap-27-anc-ext-s-marker	5.1 ANC external S marker	82_vos_ng_ac_b_ep	vos	ng	nom-acc	balancing	erg-poss	vos	VS	VPA	100	0.35333333333333333	0.02886751345948128	35.333333333333336	2.886751345948129	0.32	0.37	0.0	0.0	-0.35329605897267663	0.03649429448577844	bos_eos	seed_42,seed_43,seed_44
5_1_anc_ext_S_marker	27_5_1_anc_ext_S_marker	fig:heatmap-27-anc-ext-s-marker	5.1 ANC external S marker	83_vos_ng_ac_b_no	vos	ng	nom-acc	balancing	nomn	vos	VS	VPA	100	0.46	0.07549834435270751	46.0	7.54983443527075	0.38	0.53	0.0	0.0	-0.24497256914774576	0.15824237784989087	bos_eos	seed_42,seed_43,seed_44
5_1_anc_ext_S_marker	27_5_1_anc_ext_S_marker	fig:heatmap-27-anc-ext-s-marker	5.1 ANC external S marker	84_vos_ng_ac_d_se	vos	ng	nom-acc	deranking	sent	vos	VS	VPA	100	0.5233333333333333	0.011547005383792526	52.33333333333333	1.1547005383792515	0.51	0.53	0.0	0.0	-0.07753923892974854	0.003545431487903624	bos_eos	seed_42,seed_43,seed_44
5_1_anc_ext_S_marker	27_5_1_anc_ext_S_marker	fig:heatmap-27-anc-ext-s-marker	5.1 ANC external S marker	85_vos_ng_ac_d_pa	vos	ng	nom-acc	deranking	poss-acc	vos	VS	VPA	100	0.59	0.10148891565092222	59.0	10.14889156509222	0.48	0.68	0.0	0.0	0.10878319819768269	0.17160963438913537	bos_eos	seed_42,seed_43,seed_44
5_1_anc_ext_S_marker	27_5_1_anc_ext_S_marker	fig:heatmap-27-anc-ext-s-marker	5.1 ANC external S marker	86_vos_ng_ac_d_ep	vos	ng	nom-acc	deranking	erg-poss	vos	VS	VPA	100	0.43	0.010000000000000009	43.0	1.0	0.42	0.44	0.0	0.0	-0.06877677202224732	0.04891976992198837	bos_eos	seed_42,seed_43,seed_44
5_1_anc_ext_S_marker	27_5_1_anc_ext_S_marker	fig:heatmap-27-anc-ext-s-marker	5.1 ANC external S marker	87_vos_ng_ac_d_no	vos	ng	nom-acc	deranking	nomn	vos	VS	VPA	100	0.5733333333333334	0.08020806277010645	57.333333333333336	8.020806277010642	0.49	0.65	0.0	0.0	0.08856834093729656	0.15142681105373273	bos_eos	seed_42,seed_43,seed_44
5_1_anc_ext_S_marker	27_5_1_anc_ext_S_marker	fig:heatmap-27-anc-ext-s-marker	5.1 ANC external S marker	88_vos_ng_er_b_se	vos	ng	erg-abs	balancing	sent	vos	VS	VPA	100	0.75	0.020000000000000018	75.0	2.0	0.73	0.77	0.0	0.0	0.4830371395746867	0.12425657368493023	bos_eos	seed_42,seed_43,seed_44
5_1_anc_ext_S_marker	27_5_1_anc_ext_S_marker	fig:heatmap-27-anc-ext-s-marker	5.1 ANC external S marker	89_vos_ng_er_b_pa	vos	ng	erg-abs	balancing	poss-acc	vos	VS	VPA	100	0.7966666666666666	0.07371114795831994	79.66666666666666	7.371114795831994	0.74	0.88	0.0	0.0	0.40335200309753416	0.08750145074468728	bos_eos	seed_42,seed_43,seed_44
5_1_anc_ext_S_marker	27_5_1_anc_ext_S_marker	fig:heatmap-27-anc-ext-s-marker	5.1 ANC external S marker	90_vos_ng_er_b_ep	vos	ng	erg-abs	balancing	erg-poss	vos	VS	VPA	100	0.8266666666666667	0.020816659994661302	82.66666666666667	2.0816659994661326	0.81	0.85	0.0	0.0	0.3320177475611369	0.04931697421139643	bos_eos	seed_42,seed_43,seed_44
5_1_anc_ext_S_marker	27_5_1_anc_ext_S_marker	fig:heatmap-27-anc-ext-s-marker	5.1 ANC external S marker	91_vos_ng_er_b_no	vos	ng	erg-abs	balancing	nomn	vos	VS	VPA	100	0.8533333333333334	0.07023769168568493	85.33333333333334	7.023769168568493	0.78	0.92	0.0	0.0	0.44966195424397787	0.07754769083355097	bos_eos	seed_42,seed_43,seed_44
5_1_anc_ext_S_marker	27_5_1_anc_ext_S_marker	fig:heatmap-27-anc-ext-s-marker	5.1 ANC external S marker	92_vos_ng_er_d_se	vos	ng	erg-abs	deranking	sent	vos	VS	VPA	100	0.7000000000000001	0.06999999999999999	70.0	7.0	0.65	0.78	0.0	0.0	0.5051716248194377	0.08085871145042002	bos_eos	seed_42,seed_43,seed_44
5_1_anc_ext_S_marker	27_5_1_anc_ext_S_marker	fig:heatmap-27-anc-ext-s-marker	5.1 ANC external S marker	93_vos_ng_er_d_pa	vos	ng	erg-abs	deranking	poss-acc	vos	VS	VPA	100	0.6633333333333333	0.040414518843273774	66.33333333333333	4.041451884327381	0.64	0.71	0.0	0.0	0.3499624180793762	0.08841857551857572	bos_eos	seed_42,seed_43,seed_44
5_1_anc_ext_S_marker	27_5_1_anc_ext_S_marker	fig:heatmap-27-anc-ext-s-marker	5.1 ANC external S marker	94_vos_ng_er_d_ep	vos	ng	erg-abs	deranking	erg-poss	vos	VS	VPA	100	0.6833333333333333	0.05033222956847165	68.33333333333333	5.033222956847166	0.63	0.73	0.0	0.0	0.2678648575146993	0.06347515753026896	bos_eos	seed_42,seed_43,seed_44
5_1_anc_ext_S_marker	27_5_1_anc_ext_S_marker	fig:heatmap-27-anc-ext-s-marker	5.1 ANC external S marker	95_vos_ng_er_d_no	vos	ng	erg-abs	deranking	nomn	vos	VS	VPA	100	0.7766666666666667	0.025166114784235857	77.66666666666667	2.516611478423583	0.75	0.8	0.0	0.0	0.45585501035054526	0.06700674948433469	bos_eos	seed_42,seed_43,seed_44
5_2_anc_ext_A_marker	28_5_2_anc_ext_A_marker	fig:heatmap-28-anc-ext-a-marker	5.2 ANC external A marker	00_sov_gn_ac_b_se	sov	gn	nom-acc	balancing	sent	sov	SV	APV	100	0.31333333333333335	0.03511884584284244	31.333333333333336	3.5118845842842448	0.28	0.35	0.0	0.0	-0.14711644252141318	0.0720024568291968	bos_eos	seed_42,seed_43,seed_44
5_2_anc_ext_A_marker	28_5_2_anc_ext_A_marker	fig:heatmap-28-anc-ext-a-marker	5.2 ANC external A marker	01_sov_gn_ac_b_pa	sov	gn	nom-acc	balancing	poss-acc	sov	SV	APV	100	0.5166666666666666	0.07505553499465134	51.66666666666666	7.505553499465135	0.44	0.59	0.0	0.0	0.01844584067662557	0.07049865881523143	bos_eos	seed_42,seed_43,seed_44
5_2_anc_ext_A_marker	28_5_2_anc_ext_A_marker	fig:heatmap-28-anc-ext-a-marker	5.2 ANC external A marker	02_sov_gn_ac_b_ep	sov	gn	nom-acc	balancing	erg-poss	sov	SV	APV	100	0.5233333333333333	0.04163331998932263	52.33333333333333	4.163331998932262	0.49	0.57	0.0	0.0	0.1161583383878072	0.04475322949408757	bos_eos	seed_42,seed_43,seed_44
5_2_anc_ext_A_marker	28_5_2_anc_ext_A_marker	fig:heatmap-28-anc-ext-a-marker	5.2 ANC external A marker	03_sov_gn_ac_b_no	sov	gn	nom-acc	balancing	nomn	sov	SV	APV	100	0.5933333333333334	0.13650396819628846	59.333333333333336	13.650396819628847	0.5	0.75	0.0	0.0	0.17612177054087322	0.13076536800321747	bos_eos	seed_42,seed_43,seed_44
5_2_anc_ext_A_marker	28_5_2_anc_ext_A_marker	fig:heatmap-28-anc-ext-a-marker	5.2 ANC external A marker	04_sov_gn_ac_d_se	sov	gn	nom-acc	deranking	sent	sov	SV	APV	100	0.39	0.01999999999999999	39.0	2.0	0.37	0.41	0.0	0.0	-0.04351702054341634	0.003940548749976045	bos_eos	seed_42,seed_43,seed_44
5_2_anc_ext_A_marker	28_5_2_anc_ext_A_marker	fig:heatmap-28-anc-ext-a-marker	5.2 ANC external A marker	05_sov_gn_ac_d_pa	sov	gn	nom-acc	deranking	poss-acc	sov	SV	APV	100	0.43666666666666665	0.12503332889007365	43.666666666666664	12.503332889007364	0.35	0.58	0.0	0.0	0.007421836853027347	0.09614035610878888	bos_eos	seed_42,seed_43,seed_44
5_2_anc_ext_A_marker	28_5_2_anc_ext_A_marker	fig:heatmap-28-anc-ext-a-marker	5.2 ANC external A marker	06_sov_gn_ac_d_ep	sov	gn	nom-acc	deranking	erg-poss	sov	SV	APV	100	0.5866666666666667	0.10408329997330666	58.666666666666664	10.408329997330663	0.47	0.67	0.0	0.0	0.15375880161921185	0.10232253349129142	bos_eos	seed_42,seed_43,seed_44
5_2_anc_ext_A_marker	28_5_2_anc_ext_A_marker	fig:heatmap-28-anc-ext-a-marker	5.2 ANC external A marker	07_sov_gn_ac_d_no	sov	gn	nom-acc	deranking	nomn	sov	SV	APV	100	0.7166666666666667	0.10692676621563624	71.66666666666667	10.692676621563626	0.65	0.84	0.0	0.0	0.2829308009147644	0.0725109901292026	bos_eos	seed_42,seed_43,seed_44
5_2_anc_ext_A_marker	28_5_2_anc_ext_A_marker	fig:heatmap-28-anc-ext-a-marker	5.2 ANC external A marker	08_sov_gn_er_b_se	sov	gn	erg-abs	balancing	sent	sov	SV	APV	100	0.9866666666666667	0.005773502691896263	98.66666666666667	0.5773502691896257	0.98	0.99	0.0	0.0	1.2600053723653157	0.02071665186498805	bos_eos	seed_42,seed_43,seed_44
5_2_anc_ext_A_marker	28_5_2_anc_ext_A_marker	fig:heatmap-28-anc-ext-a-marker	5.2 ANC external A marker	09_sov_gn_er_b_pa	sov	gn	erg-abs	balancing	poss-acc	sov	SV	APV	100	1.0	0.0	100.0	0.0	1.0	1.0	0.0	0.0	1.2896891268094381	0.026950927942271472	bos_eos	seed_42,seed_43,seed_44
5_2_anc_ext_A_marker	28_5_2_anc_ext_A_marker	fig:heatmap-28-anc-ext-a-marker	5.2 ANC external A marker	10_sov_gn_er_b_ep	sov	gn	erg-abs	balancing	erg-poss	sov	SV	APV	100	1.0	0.0	100.0	0.0	1.0	1.0	0.0	0.0	1.1987865908940634	0.05287596054324366	bos_eos	seed_42,seed_43,seed_44
5_2_anc_ext_A_marker	28_5_2_anc_ext_A_marker	fig:heatmap-28-anc-ext-a-marker	5.2 ANC external A marker	11_sov_gn_er_b_no	sov	gn	erg-abs	balancing	nomn	sov	SV	APV	100	0.9966666666666667	0.005773502691896263	99.66666666666667	0.5773502691896257	0.99	1.0	0.0	0.0	1.1667364231745403	0.048356687151155285	bos_eos	seed_42,seed_43,seed_44
5_2_anc_ext_A_marker	28_5_2_anc_ext_A_marker	fig:heatmap-28-anc-ext-a-marker	5.2 ANC external A marker	12_sov_gn_er_d_se	sov	gn	erg-abs	deranking	sent	sov	SV	APV	100	0.9866666666666667	0.01527525231651948	98.66666666666667	1.5275252316519468	0.97	1.0	0.0	0.0	1.2620236007372538	0.014938896447174057	bos_eos	seed_42,seed_43,seed_44
5_2_anc_ext_A_marker	28_5_2_anc_ext_A_marker	fig:heatmap-28-anc-ext-a-marker	5.2 ANC external A marker	13_sov_gn_er_d_pa	sov	gn	erg-abs	deranking	poss-acc	sov	SV	APV	100	1.0	0.0	100.0	0.0	1.0	1.0	0.0	0.0	1.3297459959983826	0.09364478852783688	bos_eos	seed_42,seed_43,seed_44
5_2_anc_ext_A_marker	28_5_2_anc_ext_A_marker	fig:heatmap-28-anc-ext-a-marker	5.2 ANC external A marker	14_sov_gn_er_d_ep	sov	gn	erg-abs	deranking	erg-poss	sov	SV	APV	100	0.9966666666666667	0.005773502691896263	99.66666666666667	0.5773502691896257	0.99	1.0	0.0	0.0	1.2186772720019023	0.0357934415782746	bos_eos	seed_42,seed_43,seed_44
5_2_anc_ext_A_marker	28_5_2_anc_ext_A_marker	fig:heatmap-28-anc-ext-a-marker	5.2 ANC external A marker	15_sov_gn_er_d_no	sov	gn	erg-abs	deranking	nomn	sov	SV	APV	100	1.0	0.0	100.0	0.0	1.0	1.0	0.0	0.0	1.1954368845621746	0.005703572003176978	bos_eos	seed_42,seed_43,seed_44
5_2_anc_ext_A_marker	28_5_2_anc_ext_A_marker	fig:heatmap-28-anc-ext-a-marker	5.2 ANC external A marker	16_sov_ng_ac_b_se	sov	ng	nom-acc	balancing	sent	sov	SV	APV	100	0.43666666666666665	0.023094010767585053	43.666666666666664	2.309401076758503	0.41	0.45	0.0	0.0	-0.043876692454020184	0.017241867255451442	bos_eos	seed_42,seed_43,seed_44
5_2_anc_ext_A_marker	28_5_2_anc_ext_A_marker	fig:heatmap-28-anc-ext-a-marker	5.2 ANC external A marker	17_sov_ng_ac_b_pa	sov	ng	nom-acc	balancing	poss-acc	ovs	VS	PVA	100	0.5566666666666668	0.005773502691896263	55.66666666666668	0.5773502691896257	0.55	0.56	0.0	0.0	0.05352588017781576	0.022049630846171113	bos_eos	seed_42,seed_43,seed_44
5_2_anc_ext_A_marker	28_5_2_anc_ext_A_marker	fig:heatmap-28-anc-ext-a-marker	5.2 ANC external A marker	18_sov_ng_ac_b_ep	sov	ng	nom-acc	balancing	erg-poss	vos	VS	AVP	100	0.7433333333333333	0.05131601439446889	74.33333333333333	5.131601439446884	0.7	0.8	0.0	0.0	0.30880189418792725	0.08508624299329835	bos_eos	seed_42,seed_43,seed_44
5_2_anc_ext_A_marker	28_5_2_anc_ext_A_marker	fig:heatmap-28-anc-ext-a-marker	5.2 ANC external A marker	19_sov_ng_ac_b_no	sov	ng	nom-acc	balancing	nomn	ovs	VS	PVA	100	0.7066666666666667	0.04509249752822893	70.66666666666667	4.509249752822894	0.66	0.75	0.0	0.0	0.30457862774531047	0.10762211404364352	bos_eos	seed_42,seed_43,seed_44
5_2_anc_ext_A_marker	28_5_2_anc_ext_A_marker	fig:heatmap-28-anc-ext-a-marker	5.2 ANC external A marker	20_sov_ng_ac_d_se	sov	ng	nom-acc	deranking	sent	sov	SV	APV	100	0.52	0.026457513110645932	52.0	2.6457513110645947	0.5	0.55	0.0	0.0	0.05623543580373128	0.039582185958507515	bos_eos	seed_42,seed_43,seed_44
5_2_anc_ext_A_marker	28_5_2_anc_ext_A_marker	fig:heatmap-28-anc-ext-a-marker	5.2 ANC external A marker	21_sov_ng_ac_d_pa	sov	ng	nom-acc	deranking	poss-acc	ovs	VS	PVA	100	0.5466666666666666	0.05033222956847165	54.666666666666664	5.033222956847166	0.5	0.6	0.0	0.0	0.07168686707814535	0.06714162978017539	bos_eos	seed_42,seed_43,seed_44
5_2_anc_ext_A_marker	28_5_2_anc_ext_A_marker	fig:heatmap-28-anc-ext-a-marker	5.2 ANC external A marker	22_sov_ng_ac_d_ep	sov	ng	nom-acc	deranking	erg-poss	vos	VS	AVP	100	0.7633333333333333	0.03785938897200186	76.33333333333333	3.7859388972001824	0.72	0.79	0.0	0.0	0.2683971603711446	0.056552400088531	bos_eos	seed_42,seed_43,seed_44
5_2_anc_ext_A_marker	28_5_2_anc_ext_A_marker	fig:heatmap-28-anc-ext-a-marker	5.2 ANC external A marker	23_sov_ng_ac_d_no	sov	ng	nom-acc	deranking	nomn	ovs	VS	PVA	100	0.78	0.010000000000000009	78.0	1.0	0.77	0.79	0.0	0.0	0.32307776927948	0.02949107167030306	bos_eos	seed_42,seed_43,seed_44
5_2_anc_ext_A_marker	28_5_2_anc_ext_A_marker	fig:heatmap-28-anc-ext-a-marker	5.2 ANC external A marker	24_sov_ng_er_b_se	sov	ng	erg-abs	balancing	sent	sov	SV	APV	100	0.9933333333333333	0.005773502691896263	99.33333333333333	0.5773502691896257	0.99	1.0	0.0	0.0	1.6142728225390115	0.03930190245499756	bos_eos	seed_42,seed_43,seed_44
5_2_anc_ext_A_marker	28_5_2_anc_ext_A_marker	fig:heatmap-28-anc-ext-a-marker	5.2 ANC external A marker	25_sov_ng_er_b_pa	sov	ng	erg-abs	balancing	poss-acc	ovs	VS	PVA	100	1.0	0.0	100.0	0.0	1.0	1.0	0.0	0.0	1.611553146839142	0.08700816342092392	bos_eos	seed_42,seed_43,seed_44
5_2_anc_ext_A_marker	28_5_2_anc_ext_A_marker	fig:heatmap-28-anc-ext-a-marker	5.2 ANC external A marker	26_sov_ng_er_b_ep	sov	ng	erg-abs	balancing	erg-poss	vos	VS	AVP	100	1.0	0.0	100.0	0.0	1.0	1.0	0.0	0.0	1.5654345591862997	0.02226530781279828	bos_eos	seed_42,seed_43,seed_44
5_2_anc_ext_A_marker	28_5_2_anc_ext_A_marker	fig:heatmap-28-anc-ext-a-marker	5.2 ANC external A marker	27_sov_ng_er_b_no	sov	ng	erg-abs	balancing	nomn	ovs	VS	PVA	100	1.0	0.0	100.0	0.0	1.0	1.0	0.0	0.0	1.5266949478785197	0.16304647336317107	bos_eos	seed_42,seed_43,seed_44
5_2_anc_ext_A_marker	28_5_2_anc_ext_A_marker	fig:heatmap-28-anc-ext-a-marker	5.2 ANC external A marker	28_sov_ng_er_d_se	sov	ng	erg-abs	deranking	sent	sov	SV	APV	100	1.0	0.0	100.0	0.0	1.0	1.0	0.0	0.0	1.5349036423365274	0.03435597529511979	bos_eos	seed_42,seed_43,seed_44
5_2_anc_ext_A_marker	28_5_2_anc_ext_A_marker	fig:heatmap-28-anc-ext-a-marker	5.2 ANC external A marker	29_sov_ng_er_d_pa	sov	ng	erg-abs	deranking	poss-acc	ovs	VS	PVA	100	1.0	0.0	100.0	0.0	1.0	1.0	0.0	0.0	1.6896828667322794	0.07568919141686885	bos_eos	seed_42,seed_43,seed_44
5_2_anc_ext_A_marker	28_5_2_anc_ext_A_marker	fig:heatmap-28-anc-ext-a-marker	5.2 ANC external A marker	30_sov_ng_er_d_ep	sov	ng	erg-abs	deranking	erg-poss	vos	VS	AVP	100	1.0	0.0	100.0	0.0	1.0	1.0	0.0	0.0	1.4443186767896017	0.03495587985613013	bos_eos	seed_42,seed_43,seed_44
5_2_anc_ext_A_marker	28_5_2_anc_ext_A_marker	fig:heatmap-28-anc-ext-a-marker	5.2 ANC external A marker	31_sov_ng_er_d_no	sov	ng	erg-abs	deranking	nomn	ovs	VS	PVA	100	1.0	0.0	100.0	0.0	1.0	1.0	0.0	0.0	1.4475137567520142	0.03207251792792138	bos_eos	seed_42,seed_43,seed_44
5_2_anc_ext_A_marker	28_5_2_anc_ext_A_marker	fig:heatmap-28-anc-ext-a-marker	5.2 ANC external A marker	32_svo_gn_ac_b_se	svo	gn	nom-acc	balancing	sent	svo	SV	AVP	100	0.7566666666666667	0.025166114784235857	75.66666666666667	2.516611478423583	0.73	0.78	0.0	0.0	0.28553760290145874	0.045656588868118415	bos_eos	seed_42,seed_43,seed_44
5_2_anc_ext_A_marker	28_5_2_anc_ext_A_marker	fig:heatmap-28-anc-ext-a-marker	5.2 ANC external A marker	33_svo_gn_ac_b_pa	svo	gn	nom-acc	balancing	poss-acc	svo	SV	AVP	100	0.8433333333333334	0.04932882862316248	84.33333333333334	4.932882862316247	0.81	0.9	0.0	0.0	0.32537925481796265	0.0464426482723752	bos_eos	seed_42,seed_43,seed_44
5_2_anc_ext_A_marker	28_5_2_anc_ext_A_marker	fig:heatmap-28-anc-ext-a-marker	5.2 ANC external A marker	34_svo_gn_ac_b_ep	svo	gn	nom-acc	balancing	erg-poss	sov	SV	PVA	100	0.8366666666666667	0.011547005383792526	83.66666666666667	1.1547005383792515	0.83	0.85	0.0	0.0	0.47414299488067624	0.09596373544212558	bos_eos	seed_42,seed_43,seed_44
5_2_anc_ext_A_marker	28_5_2_anc_ext_A_marker	fig:heatmap-28-anc-ext-a-marker	5.2 ANC external A marker	35_svo_gn_ac_b_no	svo	gn	nom-acc	balancing	nomn	svo	SV	AVP	100	0.92	0.04358898943540671	92.0	4.358898943540674	0.89	0.97	0.0	0.0	0.554398779074351	0.0332345064277475	bos_eos	seed_42,seed_43,seed_44
5_2_anc_ext_A_marker	28_5_2_anc_ext_A_marker	fig:heatmap-28-anc-ext-a-marker	5.2 ANC external A marker	36_svo_gn_ac_d_se	svo	gn	nom-acc	deranking	sent	svo	SV	AVP	100	0.7233333333333334	0.07637626158259735	72.33333333333334	7.637626158259733	0.64	0.79	0.0	0.0	0.19501736799875896	0.0440695823871887	bos_eos	seed_42,seed_43,seed_44
5_2_anc_ext_A_marker	28_5_2_anc_ext_A_marker	fig:heatmap-28-anc-ext-a-marker	5.2 ANC external A marker	37_svo_gn_ac_d_pa	svo	gn	nom-acc	deranking	poss-acc	svo	SV	AVP	100	0.7866666666666666	0.04041451884327378	78.66666666666666	4.041451884327381	0.75	0.83	0.0	0.0	0.2511999241511027	0.036495270329838035	bos_eos	seed_42,seed_43,seed_44
5_2_anc_ext_A_marker	28_5_2_anc_ext_A_marker	fig:heatmap-28-anc-ext-a-marker	5.2 ANC external A marker	38_svo_gn_ac_d_ep	svo	gn	nom-acc	deranking	erg-poss	sov	SV	PVA	100	0.82	0.060827625302982184	82.0	6.082762530298219	0.75	0.86	0.0	0.0	0.3531497478485107	0.09405411509758799	bos_eos	seed_42,seed_43,seed_44
5_2_anc_ext_A_marker	28_5_2_anc_ext_A_marker	fig:heatmap-28-anc-ext-a-marker	5.2 ANC external A marker	39_svo_gn_ac_d_no	svo	gn	nom-acc	deranking	nomn	svo	SV	AVP	100	0.81	0.12288205727444505	81.0	12.288205727444508	0.67	0.9	0.0	0.0	0.3819369419415792	0.143549149544538	bos_eos	seed_42,seed_43,seed_44
5_2_anc_ext_A_marker	28_5_2_anc_ext_A_marker	fig:heatmap-28-anc-ext-a-marker	5.2 ANC external A marker	40_svo_gn_er_b_se	svo	gn	erg-abs	balancing	sent	svo	SV	AVP	100	0.9933333333333333	0.011547005383792526	99.33333333333333	1.1547005383792515	0.98	1.0	0.0	0.0	1.916604025363922	0.15670167659450462	bos_eos	seed_42,seed_43,seed_44
5_2_anc_ext_A_marker	28_5_2_anc_ext_A_marker	fig:heatmap-28-anc-ext-a-marker	5.2 ANC external A marker	41_svo_gn_er_b_pa	svo	gn	erg-abs	balancing	poss-acc	svo	SV	AVP	100	1.0	0.0	100.0	0.0	1.0	1.0	0.0	0.0	2.076895391146342	0.07110119916066607	bos_eos	seed_42,seed_43,seed_44
5_2_anc_ext_A_marker	28_5_2_anc_ext_A_marker	fig:heatmap-28-anc-ext-a-marker	5.2 ANC external A marker	42_svo_gn_er_b_ep	svo	gn	erg-abs	balancing	erg-poss	sov	SV	PVA	100	1.0	0.0	100.0	0.0	1.0	1.0	0.0	0.0	2.1202823909123736	0.10582984116572114	bos_eos	seed_42,seed_43,seed_44
5_2_anc_ext_A_marker	28_5_2_anc_ext_A_marker	fig:heatmap-28-anc-ext-a-marker	5.2 ANC external A marker	43_svo_gn_er_b_no	svo	gn	erg-abs	balancing	nomn	svo	SV	AVP	100	1.0	0.0	100.0	0.0	1.0	1.0	0.0	0.0	1.9073187152544657	0.09185887830628842	bos_eos	seed_42,seed_43,seed_44
5_2_anc_ext_A_marker	28_5_2_anc_ext_A_marker	fig:heatmap-28-anc-ext-a-marker	5.2 ANC external A marker	44_svo_gn_er_d_se	svo	gn	erg-abs	deranking	sent	svo	SV	AVP	100	0.9566666666666667	0.01527525231651948	95.66666666666667	1.5275252316519468	0.94	0.97	0.0	0.0	1.7443412176767985	0.09931664185433996	bos_eos	seed_42,seed_43,seed_44
5_2_anc_ext_A_marker	28_5_2_anc_ext_A_marker	fig:heatmap-28-anc-ext-a-marker	5.2 ANC external A marker	45_svo_gn_er_d_pa	svo	gn	erg-abs	deranking	poss-acc	svo	SV	AVP	100	1.0	0.0	100.0	0.0	1.0	1.0	0.0	0.0	1.8694328769048054	0.0766580312632624	bos_eos	seed_42,seed_43,seed_44
5_2_anc_ext_A_marker	28_5_2_anc_ext_A_marker	fig:heatmap-28-anc-ext-a-marker	5.2 ANC external A marker	46_svo_gn_er_d_ep	svo	gn	erg-abs	deranking	erg-poss	sov	SV	PVA	100	0.9933333333333333	0.011547005383792526	99.33333333333333	1.1547005383792515	0.98	1.0	0.0	0.0	2.0035556387901305	0.14550913224743967	bos_eos	seed_42,seed_43,seed_44
5_2_anc_ext_A_marker	28_5_2_anc_ext_A_marker	fig:heatmap-28-anc-ext-a-marker	5.2 ANC external A marker	47_svo_gn_er_d_no	svo	gn	erg-abs	deranking	nomn	svo	SV	AVP	100	1.0	0.0	100.0	0.0	1.0	1.0	0.0	0.0	1.796569585800171	0.13513238500272193	bos_eos	seed_42,seed_43,seed_44
5_2_anc_ext_A_marker	28_5_2_anc_ext_A_marker	fig:heatmap-28-anc-ext-a-marker	5.2 ANC external A marker	48_svo_ng_ac_b_se	svo	ng	nom-acc	balancing	sent	svo	SV	AVP	100	0.7566666666666667	0.05131601439446889	75.66666666666667	5.131601439446884	0.7	0.8	0.0	0.0	0.23912590821584065	0.025078326188369804	bos_eos	seed_42,seed_43,seed_44
5_2_anc_ext_A_marker	28_5_2_anc_ext_A_marker	fig:heatmap-28-anc-ext-a-marker	5.2 ANC external A marker	49_svo_ng_ac_b_pa	svo	ng	nom-acc	balancing	poss-acc	vos	VS	VPA	100	0.9333333333333333	0.03785938897200179	93.33333333333333	3.7859388972001824	0.89	0.96	0.0	0.0	0.43309121926625566	0.037106679917254796	bos_eos	seed_42,seed_43,seed_44
5_2_anc_ext_A_marker	28_5_2_anc_ext_A_marker	fig:heatmap-28-anc-ext-a-marker	5.2 ANC external A marker	50_svo_ng_ac_b_ep	svo	ng	nom-acc	balancing	erg-poss	vos	VS	VPA	100	0.98	0.026457513110645932	98.0	2.6457513110645907	0.95	1.0	0.0	0.0	0.5474043782552084	0.050993603085493285	bos_eos	seed_42,seed_43,seed_44
5_2_anc_ext_A_marker	28_5_2_anc_ext_A_marker	fig:heatmap-28-anc-ext-a-marker	5.2 ANC external A marker	51_svo_ng_ac_b_no	svo	ng	nom-acc	balancing	nomn	vos	VS	VPA	100	0.9966666666666667	0.005773502691896263	99.66666666666667	0.5773502691896257	0.99	1.0	0.0	0.0	0.6427845772107442	0.023340167409238582	bos_eos	seed_42,seed_43,seed_44
5_2_anc_ext_A_marker	28_5_2_anc_ext_A_marker	fig:heatmap-28-anc-ext-a-marker	5.2 ANC external A marker	52_svo_ng_ac_d_se	svo	ng	nom-acc	deranking	sent	svo	SV	AVP	100	0.7066666666666667	0.06806859285554046	70.66666666666667	6.8068592855540455	0.63	0.76	0.0	0.0	0.20828964710235595	0.041150671231659046	bos_eos	seed_42,seed_43,seed_44
5_2_anc_ext_A_marker	28_5_2_anc_ext_A_marker	fig:heatmap-28-anc-ext-a-marker	5.2 ANC external A marker	53_svo_ng_ac_d_pa	svo	ng	nom-acc	deranking	poss-acc	vos	VS	VPA	100	0.9433333333333334	0.030550504633038898	94.33333333333334	3.0550504633038935	0.91	0.97	0.0	0.0	0.4221128511428833	0.10020356008610816	bos_eos	seed_42,seed_43,seed_44
5_2_anc_ext_A_marker	28_5_2_anc_ext_A_marker	fig:heatmap-28-anc-ext-a-marker	5.2 ANC external A marker	54_svo_ng_ac_d_ep	svo	ng	nom-acc	deranking	erg-poss	vos	VS	VPA	100	0.9866666666666667	0.01527525231651948	98.66666666666667	1.5275252316519468	0.97	1.0	0.0	0.0	0.5257683372497559	0.06651168335255081	bos_eos	seed_42,seed_43,seed_44
5_2_anc_ext_A_marker	28_5_2_anc_ext_A_marker	fig:heatmap-28-anc-ext-a-marker	5.2 ANC external A marker	55_svo_ng_ac_d_no	svo	ng	nom-acc	deranking	nomn	vos	VS	VPA	100	0.98	0.026457513110645932	98.0	2.6457513110645907	0.95	1.0	0.0	0.0	0.5375939663251241	0.1425488166595315	bos_eos	seed_42,seed_43,seed_44
5_2_anc_ext_A_marker	28_5_2_anc_ext_A_marker	fig:heatmap-28-anc-ext-a-marker	5.2 ANC external A marker	56_svo_ng_er_b_se	svo	ng	erg-abs	balancing	sent	svo	SV	AVP	100	0.9733333333333333	0.020816659994661348	97.33333333333333	2.0816659994661326	0.95	0.99	0.0	0.0	2.0129072785377504	0.22859747655866594	bos_eos	seed_42,seed_43,seed_44
5_2_anc_ext_A_marker	28_5_2_anc_ext_A_marker	fig:heatmap-28-anc-ext-a-marker	5.2 ANC external A marker	57_svo_ng_er_b_pa	svo	ng	erg-abs	balancing	poss-acc	vos	VS	VPA	100	1.0	0.0	100.0	0.0	1.0	1.0	0.0	0.0	2.1442424790064494	0.11492860902179512	bos_eos	seed_42,seed_43,seed_44
5_2_anc_ext_A_marker	28_5_2_anc_ext_A_marker	fig:heatmap-28-anc-ext-a-marker	5.2 ANC external A marker	58_svo_ng_er_b_ep	svo	ng	erg-abs	balancing	erg-poss	vos	VS	VPA	100	1.0	0.0	100.0	0.0	1.0	1.0	0.0	0.0	1.9980891021092733	0.0792258141908173	bos_eos	seed_42,seed_43,seed_44
5_2_anc_ext_A_marker	28_5_2_anc_ext_A_marker	fig:heatmap-28-anc-ext-a-marker	5.2 ANC external A marker	59_svo_ng_er_b_no	svo	ng	erg-abs	balancing	nomn	vos	VS	VPA	100	1.0	0.0	100.0	0.0	1.0	1.0	0.0	0.0	2.0307260656356814	0.15830850365077012	bos_eos	seed_42,seed_43,seed_44
5_2_anc_ext_A_marker	28_5_2_anc_ext_A_marker	fig:heatmap-28-anc-ext-a-marker	5.2 ANC external A marker	60_svo_ng_er_d_se	svo	ng	erg-abs	deranking	sent	svo	SV	AVP	100	0.94	0.04358898943540671	94.0	4.358898943540674	0.89	0.97	0.0	0.0	1.7624280667304992	0.10615467434765863	bos_eos	seed_42,seed_43,seed_44
5_2_anc_ext_A_marker	28_5_2_anc_ext_A_marker	fig:heatmap-28-anc-ext-a-marker	5.2 ANC external A marker	61_svo_ng_er_d_pa	svo	ng	erg-abs	deranking	poss-acc	vos	VS	VPA	100	1.0	0.0	100.0	0.0	1.0	1.0	0.0	0.0	2.0129663411776226	0.17059749085594228	bos_eos	seed_42,seed_43,seed_44
5_2_anc_ext_A_marker	28_5_2_anc_ext_A_marker	fig:heatmap-28-anc-ext-a-marker	5.2 ANC external A marker	62_svo_ng_er_d_ep	svo	ng	erg-abs	deranking	erg-poss	vos	VS	VPA	100	1.0	0.0	100.0	0.0	1.0	1.0	0.0	0.0	1.6149792647361756	0.1294891720320125	bos_eos	seed_42,seed_43,seed_44
5_2_anc_ext_A_marker	28_5_2_anc_ext_A_marker	fig:heatmap-28-anc-ext-a-marker	5.2 ANC external A marker	63_svo_ng_er_d_no	svo	ng	erg-abs	deranking	nomn	vos	VS	VPA	100	1.0	0.0	100.0	0.0	1.0	1.0	0.0	0.0	1.8770040853818257	0.1339149339405078	bos_eos	seed_42,seed_43,seed_44
5_2_anc_ext_A_marker	28_5_2_anc_ext_A_marker	fig:heatmap-28-anc-ext-a-marker	5.2 ANC external A marker	64_vos_gn_ac_b_se	vos	gn	nom-acc	balancing	sent	vos	VS	VPA	100	0.29	0.026457513110645897	28.999999999999996	2.6457513110645907	0.26	0.31	0.0	0.0	-0.15191616455713908	0.021518126243384783	bos_eos	seed_42,seed_43,seed_44
5_2_anc_ext_A_marker	28_5_2_anc_ext_A_marker	fig:heatmap-28-anc-ext-a-marker	5.2 ANC external A marker	65_vos_gn_ac_b_pa	vos	gn	nom-acc	balancing	poss-acc	svo	SV	AVP	100	0.54	0.010000000000000009	54.0	1.0000000000000036	0.53	0.55	0.0	0.0	0.030636096795399984	0.0334609772756013	bos_eos	seed_42,seed_43,seed_44
5_2_anc_ext_A_marker	28_5_2_anc_ext_A_marker	fig:heatmap-28-anc-ext-a-marker	5.2 ANC external A marker	66_vos_gn_ac_b_ep	vos	gn	nom-acc	balancing	erg-poss	sov	SV	PVA	100	0.7833333333333333	0.005773502691896263	78.33333333333333	0.5773502691896257	0.78	0.79	0.0	0.0	0.6627666608492533	0.06205167438618847	bos_eos	seed_42,seed_43,seed_44
5_2_anc_ext_A_marker	28_5_2_anc_ext_A_marker	fig:heatmap-28-anc-ext-a-marker	5.2 ANC external A marker	67_vos_gn_ac_b_no	vos	gn	nom-acc	balancing	nomn	svo	SV	AVP	100	0.6166666666666667	0.005773502691896263	61.66666666666667	0.5773502691896257	0.61	0.62	0.0	0.0	0.42670050938924153	0.03881002208188307	bos_eos	seed_42,seed_43,seed_44
5_2_anc_ext_A_marker	28_5_2_anc_ext_A_marker	fig:heatmap-28-anc-ext-a-marker	5.2 ANC external A marker	68_vos_gn_ac_d_se	vos	gn	nom-acc	deranking	sent	vos	VS	VPA	100	0.4166666666666667	0.03785938897200183	41.66666666666667	3.7859388972001824	0.39	0.46	0.0	0.0	0.04654207785924276	0.02732724867344143	bos_eos	seed_42,seed_43,seed_44
5_2_anc_ext_A_marker	28_5_2_anc_ext_A_marker	fig:heatmap-28-anc-ext-a-marker	5.2 ANC external A marker	69_vos_gn_ac_d_pa	vos	gn	nom-acc	deranking	poss-acc	svo	SV	AVP	100	0.6433333333333333	0.03214550253664321	64.33333333333333	3.2145502536643185	0.62	0.68	0.0	0.0	0.3087249366442362	0.05862615403400649	bos_eos	seed_42,seed_43,seed_44
5_2_anc_ext_A_marker	28_5_2_anc_ext_A_marker	fig:heatmap-28-anc-ext-a-marker	5.2 ANC external A marker	70_vos_gn_ac_d_ep	vos	gn	nom-acc	deranking	erg-poss	sov	SV	PVA	100	0.7866666666666667	0.005773502691896263	78.66666666666667	0.5773502691896257	0.78	0.79	0.0	0.0	0.6948358575503032	0.06427547551676735	bos_eos	seed_42,seed_43,seed_44
5_2_anc_ext_A_marker	28_5_2_anc_ext_A_marker	fig:heatmap-28-anc-ext-a-marker	5.2 ANC external A marker	71_vos_gn_ac_d_no	vos	gn	nom-acc	deranking	nomn	svo	SV	AVP	100	0.75	0.026457513110645932	75.0	2.6457513110645907	0.73	0.78	0.0	0.0	0.5437165649731954	0.049291514777744495	bos_eos	seed_42,seed_43,seed_44
5_2_anc_ext_A_marker	28_5_2_anc_ext_A_marker	fig:heatmap-28-anc-ext-a-marker	5.2 ANC external A marker	72_vos_gn_er_b_se	vos	gn	erg-abs	balancing	sent	vos	VS	VPA	100	0.9466666666666667	0.01527525231651942	94.66666666666667	1.5275252316519468	0.93	0.96	0.0	0.0	1.3186063186327617	0.12084512271136393	bos_eos	seed_42,seed_43,seed_44
5_2_anc_ext_A_marker	28_5_2_anc_ext_A_marker	fig:heatmap-28-anc-ext-a-marker	5.2 ANC external A marker	73_vos_gn_er_b_pa	vos	gn	erg-abs	balancing	poss-acc	svo	SV	AVP	100	0.95	0.026457513110645866	95.0	2.6457513110645907	0.92	0.97	0.0	0.0	1.2230810777346293	0.07551238750574664	bos_eos	seed_42,seed_43,seed_44
5_2_anc_ext_A_marker	28_5_2_anc_ext_A_marker	fig:heatmap-28-anc-ext-a-marker	5.2 ANC external A marker	74_vos_gn_er_b_ep	vos	gn	erg-abs	balancing	erg-poss	sov	SV	PVA	100	0.9666666666666667	0.025166114784235857	96.66666666666667	2.516611478423583	0.94	0.99	0.0	0.0	1.3311211109161376	0.11094164420090775	bos_eos	seed_42,seed_43,seed_44
5_2_anc_ext_A_marker	28_5_2_anc_ext_A_marker	fig:heatmap-28-anc-ext-a-marker	5.2 ANC external A marker	75_vos_gn_er_b_no	vos	gn	erg-abs	balancing	nomn	svo	SV	AVP	100	0.9733333333333333	0.020816659994661348	97.33333333333333	2.0816659994661326	0.95	0.99	0.0	0.0	1.330746029218038	0.0896291624237965	bos_eos	seed_42,seed_43,seed_44
5_2_anc_ext_A_marker	28_5_2_anc_ext_A_marker	fig:heatmap-28-anc-ext-a-marker	5.2 ANC external A marker	76_vos_gn_er_d_se	vos	gn	erg-abs	deranking	sent	vos	VS	VPA	100	0.9833333333333333	0.011547005383792526	98.33333333333333	1.1547005383792515	0.97	0.99	0.0	0.0	1.3432246923446656	0.1082029883087069	bos_eos	seed_42,seed_43,seed_44
5_2_anc_ext_A_marker	28_5_2_anc_ext_A_marker	fig:heatmap-28-anc-ext-a-marker	5.2 ANC external A marker	77_vos_gn_er_d_pa	vos	gn	erg-abs	deranking	poss-acc	svo	SV	AVP	100	0.9966666666666667	0.005773502691896263	99.66666666666667	0.5773502691896257	0.99	1.0	0.0	0.0	1.3985655903816223	0.07987239513365836	bos_eos	seed_42,seed_43,seed_44
5_2_anc_ext_A_marker	28_5_2_anc_ext_A_marker	fig:heatmap-28-anc-ext-a-marker	5.2 ANC external A marker	78_vos_gn_er_d_ep	vos	gn	erg-abs	deranking	erg-poss	sov	SV	PVA	100	0.9333333333333333	0.030550504633038898	93.33333333333333	3.0550504633038935	0.9	0.96	0.0	0.0	1.4144649402300518	0.01672382320457151	bos_eos	seed_42,seed_43,seed_44
5_2_anc_ext_A_marker	28_5_2_anc_ext_A_marker	fig:heatmap-28-anc-ext-a-marker	5.2 ANC external A marker	79_vos_gn_er_d_no	vos	gn	erg-abs	deranking	nomn	svo	SV	AVP	100	0.99	0.017320508075688787	99.0	1.7320508075688772	0.97	1.0	0.0	0.0	1.3267065342267355	0.11151148624313151	bos_eos	seed_42,seed_43,seed_44
5_2_anc_ext_A_marker	28_5_2_anc_ext_A_marker	fig:heatmap-28-anc-ext-a-marker	5.2 ANC external A marker	80_vos_ng_ac_b_se	vos	ng	nom-acc	balancing	sent	vos	VS	VPA	100	0.29333333333333333	0.03214550253664318	29.333333333333332	3.2145502536643176	0.27	0.33	0.0	0.0	-0.21467892249425252	0.03661091456353653	bos_eos	seed_42,seed_43,seed_44
5_2_anc_ext_A_marker	28_5_2_anc_ext_A_marker	fig:heatmap-28-anc-ext-a-marker	5.2 ANC external A marker	81_vos_ng_ac_b_pa	vos	ng	nom-acc	balancing	poss-acc	vos	VS	VPA	100	0.32666666666666666	0.10785793124908957	32.666666666666664	10.785793124908956	0.25	0.45	0.0	0.0	-0.13754183212916057	0.04138049441511394	bos_eos	seed_42,seed_43,seed_44
5_2_anc_ext_A_marker	28_5_2_anc_ext_A_marker	fig:heatmap-28-anc-ext-a-marker	5.2 ANC external A marker	82_vos_ng_ac_b_ep	vos	ng	nom-acc	balancing	erg-poss	vos	VS	VPA	100	0.45666666666666667	0.06027713773341708	45.666666666666664	6.027713773341708	0.4	0.52	0.0	0.0	0.09941564400990803	0.034720443044350915	bos_eos	seed_42,seed_43,seed_44
5_2_anc_ext_A_marker	28_5_2_anc_ext_A_marker	fig:heatmap-28-anc-ext-a-marker	5.2 ANC external A marker	83_vos_ng_ac_b_no	vos	ng	nom-acc	balancing	nomn	vos	VS	VPA	100	0.5633333333333334	0.08386497083606084	56.333333333333336	8.386497083606082	0.51	0.66	0.0	0.0	0.1764326055844625	0.04661240622213964	bos_eos	seed_42,seed_43,seed_44
5_2_anc_ext_A_marker	28_5_2_anc_ext_A_marker	fig:heatmap-28-anc-ext-a-marker	5.2 ANC external A marker	84_vos_ng_ac_d_se	vos	ng	nom-acc	deranking	sent	vos	VS	VPA	100	0.49333333333333335	0.020816659994661348	49.333333333333336	2.0816659994661326	0.47	0.51	0.0	0.0	0.02518224239349365	0.03403049042843903	bos_eos	seed_42,seed_43,seed_44
5_2_anc_ext_A_marker	28_5_2_anc_ext_A_marker	fig:heatmap-28-anc-ext-a-marker	5.2 ANC external A marker	85_vos_ng_ac_d_pa	vos	ng	nom-acc	deranking	poss-acc	vos	VS	VPA	100	0.6666666666666666	0.16623276853055574	66.66666666666666	16.623276853055575	0.49	0.82	0.0	0.0	0.16503782828648886	0.122175898075688	bos_eos	seed_42,seed_43,seed_44
5_2_anc_ext_A_marker	28_5_2_anc_ext_A_marker	fig:heatmap-28-anc-ext-a-marker	5.2 ANC external A marker	86_vos_ng_ac_d_ep	vos	ng	nom-acc	deranking	erg-poss	vos	VS	VPA	100	0.6	0.07	60.0	7.0	0.53	0.67	0.0	0.0	0.2692932995160421	0.0760041923656594	bos_eos	seed_42,seed_43,seed_44
5_2_anc_ext_A_marker	28_5_2_anc_ext_A_marker	fig:heatmap-28-anc-ext-a-marker	5.2 ANC external A marker	87_vos_ng_ac_d_no	vos	ng	nom-acc	deranking	nomn	vos	VS	VPA	100	0.74	0.11789826122551596	74.0	11.789826122551595	0.61	0.84	0.0	0.0	0.3556324911117554	0.09548000159253671	bos_eos	seed_42,seed_43,seed_44
5_2_anc_ext_A_marker	28_5_2_anc_ext_A_marker	fig:heatmap-28-anc-ext-a-marker	5.2 ANC external A marker	88_vos_ng_er_b_se	vos	ng	erg-abs	balancing	sent	vos	VS	VPA	100	0.9933333333333333	0.005773502691896263	99.33333333333333	0.5773502691896257	0.99	1.0	0.0	0.0	1.2945131468772888	0.08919468091001562	bos_eos	seed_42,seed_43,seed_44
5_2_anc_ext_A_marker	28_5_2_anc_ext_A_marker	fig:heatmap-28-anc-ext-a-marker	5.2 ANC external A marker	89_vos_ng_er_b_pa	vos	ng	erg-abs	balancing	poss-acc	vos	VS	VPA	100	1.0	0.0	100.0	0.0	1.0	1.0	0.0	0.0	1.266587815284729	0.045669214248224205	bos_eos	seed_42,seed_43,seed_44
5_2_anc_ext_A_marker	28_5_2_anc_ext_A_marker	fig:heatmap-28-anc-ext-a-marker	5.2 ANC external A marker	90_vos_ng_er_b_ep	vos	ng	erg-abs	balancing	erg-poss	vos	VS	VPA	100	1.0	0.0	100.0	0.0	1.0	1.0	0.0	0.0	1.2080174279212952	0.09865765601784568	bos_eos	seed_42,seed_43,seed_44
5_2_anc_ext_A_marker	28_5_2_anc_ext_A_marker	fig:heatmap-28-anc-ext-a-marker	5.2 ANC external A marker	91_vos_ng_er_b_no	vos	ng	erg-abs	balancing	nomn	vos	VS	VPA	100	1.0	0.0	100.0	0.0	1.0	1.0	0.0	0.0	1.3831922952334086	0.024821268649705044	bos_eos	seed_42,seed_43,seed_44
5_2_anc_ext_A_marker	28_5_2_anc_ext_A_marker	fig:heatmap-28-anc-ext-a-marker	5.2 ANC external A marker	92_vos_ng_er_d_se	vos	ng	erg-abs	deranking	sent	vos	VS	VPA	100	0.99	0.010000000000000009	99.0	1.0	0.98	1.0	0.0	0.0	1.3685139616330464	0.154058878424128	bos_eos	seed_42,seed_43,seed_44
5_2_anc_ext_A_marker	28_5_2_anc_ext_A_marker	fig:heatmap-28-anc-ext-a-marker	5.2 ANC external A marker	93_vos_ng_er_d_pa	vos	ng	erg-abs	deranking	poss-acc	vos	VS	VPA	100	1.0	0.0	100.0	0.0	1.0	1.0	0.0	0.0	1.3555728554725648	0.13591006207982362	bos_eos	seed_42,seed_43,seed_44
5_2_anc_ext_A_marker	28_5_2_anc_ext_A_marker	fig:heatmap-28-anc-ext-a-marker	5.2 ANC external A marker	94_vos_ng_er_d_ep	vos	ng	erg-abs	deranking	erg-poss	vos	VS	VPA	100	1.0	0.0	100.0	0.0	1.0	1.0	0.0	0.0	1.3067115577061972	0.08109311230178429	bos_eos	seed_42,seed_43,seed_44
5_2_anc_ext_A_marker	28_5_2_anc_ext_A_marker	fig:heatmap-28-anc-ext-a-marker	5.2 ANC external A marker	95_vos_ng_er_d_no	vos	ng	erg-abs	deranking	nomn	vos	VS	VPA	100	1.0	0.0	100.0	0.0	1.0	1.0	0.0	0.0	1.418230595588684	0.09349048849588851	bos_eos	seed_42,seed_43,seed_44
5_3_anc_ext_P_marker	29_5_3_anc_ext_P_marker	fig:heatmap-29-anc-ext-p-marker	5.3 ANC external P marker	00_sov_gn_ac_b_se	sov	gn	nom-acc	balancing	sent	sov	SV	APV	100	1.0	0.0	100.0	0.0	1.0	1.0	0.0	0.0	1.6714500164985657	0.040494986290816215	bos_eos	seed_42,seed_43,seed_44
5_3_anc_ext_P_marker	29_5_3_anc_ext_P_marker	fig:heatmap-29-anc-ext-p-marker	5.3 ANC external P marker	01_sov_gn_ac_b_pa	sov	gn	nom-acc	balancing	poss-acc	sov	SV	APV	100	1.0	0.0	100.0	0.0	1.0	1.0	0.0	0.0	1.4280796496073405	0.03089035458389952	bos_eos	seed_42,seed_43,seed_44
5_3_anc_ext_P_marker	29_5_3_anc_ext_P_marker	fig:heatmap-29-anc-ext-p-marker	5.3 ANC external P marker	02_sov_gn_ac_b_ep	sov	gn	nom-acc	balancing	erg-poss	sov	SV	APV	100	1.0	0.0	100.0	0.0	1.0	1.0	0.0	0.0	1.4307540162404377	0.02016912780121705	bos_eos	seed_42,seed_43,seed_44
5_3_anc_ext_P_marker	29_5_3_anc_ext_P_marker	fig:heatmap-29-anc-ext-p-marker	5.3 ANC external P marker	03_sov_gn_ac_b_no	sov	gn	nom-acc	balancing	nomn	sov	SV	APV	100	1.0	0.0	100.0	0.0	1.0	1.0	0.0	0.0	1.5158604550361634	0.0807820752247818	bos_eos	seed_42,seed_43,seed_44
5_3_anc_ext_P_marker	29_5_3_anc_ext_P_marker	fig:heatmap-29-anc-ext-p-marker	5.3 ANC external P marker	04_sov_gn_ac_d_se	sov	gn	nom-acc	deranking	sent	sov	SV	APV	100	0.98	0.010000000000000009	98.0	1.0	0.97	0.99	0.0	0.0	1.1914645409584046	0.03301520971822104	bos_eos	seed_42,seed_43,seed_44
5_3_anc_ext_P_marker	29_5_3_anc_ext_P_marker	fig:heatmap-29-anc-ext-p-marker	5.3 ANC external P marker	05_sov_gn_ac_d_pa	sov	gn	nom-acc	deranking	poss-acc	sov	SV	APV	100	0.9966666666666667	0.005773502691896263	99.66666666666667	0.5773502691896257	0.99	1.0	0.0	0.0	1.2268582892417907	0.06276826774153238	bos_eos	seed_42,seed_43,seed_44
5_3_anc_ext_P_marker	29_5_3_anc_ext_P_marker	fig:heatmap-29-anc-ext-p-marker	5.3 ANC external P marker	06_sov_gn_ac_d_ep	sov	gn	nom-acc	deranking	erg-poss	sov	SV	APV	100	1.0	0.0	100.0	0.0	1.0	1.0	0.0	0.0	1.1902103797594705	0.025210151845665635	bos_eos	seed_42,seed_43,seed_44
5_3_anc_ext_P_marker	29_5_3_anc_ext_P_marker	fig:heatmap-29-anc-ext-p-marker	5.3 ANC external P marker	07_sov_gn_ac_d_no	sov	gn	nom-acc	deranking	nomn	sov	SV	APV	100	1.0	0.0	100.0	0.0	1.0	1.0	0.0	0.0	1.3899351676305136	0.08919930834767366	bos_eos	seed_42,seed_43,seed_44
5_3_anc_ext_P_marker	29_5_3_anc_ext_P_marker	fig:heatmap-29-anc-ext-p-marker	5.3 ANC external P marker	08_sov_gn_er_b_se	sov	gn	erg-abs	balancing	sent	sov	SV	APV	100	0.9566666666666667	0.005773502691896263	95.66666666666667	0.5773502691896257	0.95	0.96	0.0	0.0	0.43432671705881754	0.03695103074953386	bos_eos	seed_42,seed_43,seed_44
5_3_anc_ext_P_marker	29_5_3_anc_ext_P_marker	fig:heatmap-29-anc-ext-p-marker	5.3 ANC external P marker	09_sov_gn_er_b_pa	sov	gn	erg-abs	balancing	poss-acc	sov	SV	APV	100	0.9266666666666666	0.015275252316519432	92.66666666666666	1.5275252316519468	0.91	0.94	0.0	0.0	0.3609660569826762	0.04157320335794498	bos_eos	seed_42,seed_43,seed_44
5_3_anc_ext_P_marker	29_5_3_anc_ext_P_marker	fig:heatmap-29-anc-ext-p-marker	5.3 ANC external P marker	10_sov_gn_er_b_ep	sov	gn	erg-abs	balancing	erg-poss	sov	SV	APV	100	0.93	0.03464101615137751	93.0	3.4641016151377544	0.91	0.97	0.0	0.0	0.34490097999572755	0.026214792640442373	bos_eos	seed_42,seed_43,seed_44
5_3_anc_ext_P_marker	29_5_3_anc_ext_P_marker	fig:heatmap-29-anc-ext-p-marker	5.3 ANC external P marker	11_sov_gn_er_b_no	sov	gn	erg-abs	balancing	nomn	sov	SV	APV	100	0.9566666666666667	0.023094010767584987	95.66666666666667	2.309401076758503	0.93	0.97	0.0	0.0	0.4472130990028381	0.04427475066367474	bos_eos	seed_42,seed_43,seed_44
5_3_anc_ext_P_marker	29_5_3_anc_ext_P_marker	fig:heatmap-29-anc-ext-p-marker	5.3 ANC external P marker	12_sov_gn_er_d_se	sov	gn	erg-abs	deranking	sent	sov	SV	APV	100	0.9766666666666667	0.01527525231651948	97.66666666666667	1.5275252316519468	0.96	0.99	0.0	0.0	0.5834401988983154	0.035046115523341824	bos_eos	seed_42,seed_43,seed_44
5_3_anc_ext_P_marker	29_5_3_anc_ext_P_marker	fig:heatmap-29-anc-ext-p-marker	5.3 ANC external P marker	13_sov_gn_er_d_pa	sov	gn	erg-abs	deranking	poss-acc	sov	SV	APV	100	0.99	0.010000000000000009	99.0	1.0	0.98	1.0	0.0	0.0	0.4920092399915059	0.04258252159407854	bos_eos	seed_42,seed_43,seed_44
5_3_anc_ext_P_marker	29_5_3_anc_ext_P_marker	fig:heatmap-29-anc-ext-p-marker	5.3 ANC external P marker	14_sov_gn_er_d_ep	sov	gn	erg-abs	deranking	erg-poss	sov	SV	APV	100	0.9733333333333333	0.005773502691896263	97.33333333333333	0.5773502691896257	0.97	0.98	0.0	0.0	0.3476084852218628	0.03115005597176741	bos_eos	seed_42,seed_43,seed_44
5_3_anc_ext_P_marker	29_5_3_anc_ext_P_marker	fig:heatmap-29-anc-ext-p-marker	5.3 ANC external P marker	15_sov_gn_er_d_no	sov	gn	erg-abs	deranking	nomn	sov	SV	APV	100	0.97	0.010000000000000009	97.0	1.0	0.96	0.98	0.0	0.0	0.4653248325983683	0.005607700409049521	bos_eos	seed_42,seed_43,seed_44
5_3_anc_ext_P_marker	29_5_3_anc_ext_P_marker	fig:heatmap-29-anc-ext-p-marker	5.3 ANC external P marker	16_sov_ng_ac_b_se	sov	ng	nom-acc	balancing	sent	sov	SV	APV	100	0.9366666666666666	0.005773502691896198	93.66666666666667	0.5773502691896257	0.93	0.94	0.0	0.0	1.3119508759180705	0.060338056864337214	bos_eos	seed_42,seed_43,seed_44
5_3_anc_ext_P_marker	29_5_3_anc_ext_P_marker	fig:heatmap-29-anc-ext-p-marker	5.3 ANC external P marker	17_sov_ng_ac_b_pa	sov	ng	nom-acc	balancing	poss-acc	ovs	VS	PVA	100	0.9366666666666666	0.01527525231651942	93.66666666666667	1.5275252316519468	0.92	0.95	0.0	0.0	1.1977991112073263	0.006451019892948318	bos_eos	seed_42,seed_43,seed_44
5_3_anc_ext_P_marker	29_5_3_anc_ext_P_marker	fig:heatmap-29-anc-ext-p-marker	5.3 ANC external P marker	18_sov_ng_ac_b_ep	sov	ng	nom-acc	balancing	erg-poss	vos	VS	AVP	100	1.0	0.0	100.0	0.0	1.0	1.0	0.0	0.0	1.3658285530408223	0.06975428031124967	bos_eos	seed_42,seed_43,seed_44
5_3_anc_ext_P_marker	29_5_3_anc_ext_P_marker	fig:heatmap-29-anc-ext-p-marker	5.3 ANC external P marker	19_sov_ng_ac_b_no	sov	ng	nom-acc	balancing	nomn	ovs	VS	PVA	100	1.0	0.0	100.0	0.0	1.0	1.0	0.0	0.0	1.3209609246253966	0.057339637893976426	bos_eos	seed_42,seed_43,seed_44
5_3_anc_ext_P_marker	29_5_3_anc_ext_P_marker	fig:heatmap-29-anc-ext-p-marker	5.3 ANC external P marker	20_sov_ng_ac_d_se	sov	ng	nom-acc	deranking	sent	sov	SV	APV	100	0.97	0.0	97.0	0.0	0.97	0.97	0.0	0.0	0.8632564798990885	0.025614950713011415	bos_eos	seed_42,seed_43,seed_44
5_3_anc_ext_P_marker	29_5_3_anc_ext_P_marker	fig:heatmap-29-anc-ext-p-marker	5.3 ANC external P marker	21_sov_ng_ac_d_pa	sov	ng	nom-acc	deranking	poss-acc	ovs	VS	PVA	100	0.99	0.010000000000000009	99.0	1.0	0.98	1.0	0.0	0.0	1.003822175661723	0.0683901685701924	bos_eos	seed_42,seed_43,seed_44
5_3_anc_ext_P_marker	29_5_3_anc_ext_P_marker	fig:heatmap-29-anc-ext-p-marker	5.3 ANC external P marker	22_sov_ng_ac_d_ep	sov	ng	nom-acc	deranking	erg-poss	vos	VS	AVP	100	1.0	0.0	100.0	0.0	1.0	1.0	0.0	0.0	1.1846812454859414	0.0445978076091688	bos_eos	seed_42,seed_43,seed_44
5_3_anc_ext_P_marker	29_5_3_anc_ext_P_marker	fig:heatmap-29-anc-ext-p-marker	5.3 ANC external P marker	23_sov_ng_ac_d_no	sov	ng	nom-acc	deranking	nomn	ovs	VS	PVA	100	1.0	0.0	100.0	0.0	1.0	1.0	0.0	0.0	1.236850130558014	0.04678319331253494	bos_eos	seed_42,seed_43,seed_44
5_3_anc_ext_P_marker	29_5_3_anc_ext_P_marker	fig:heatmap-29-anc-ext-p-marker	5.3 ANC external P marker	24_sov_ng_er_b_se	sov	ng	erg-abs	balancing	sent	sov	SV	APV	100	0.7266666666666667	0.020816659994661348	72.66666666666667	2.0816659994661326	0.71	0.75	0.0	0.0	0.14280075311660767	0.04835586813315721	bos_eos	seed_42,seed_43,seed_44
5_3_anc_ext_P_marker	29_5_3_anc_ext_P_marker	fig:heatmap-29-anc-ext-p-marker	5.3 ANC external P marker	25_sov_ng_er_b_pa	sov	ng	erg-abs	balancing	poss-acc	ovs	VS	PVA	100	0.5033333333333334	0.060277137733417106	50.33333333333334	6.027713773341711	0.44	0.56	0.0	0.0	0.0026671330134073906	0.055638275249385666	bos_eos	seed_42,seed_43,seed_44
5_3_anc_ext_P_marker	29_5_3_anc_ext_P_marker	fig:heatmap-29-anc-ext-p-marker	5.3 ANC external P marker	26_sov_ng_er_b_ep	sov	ng	erg-abs	balancing	erg-poss	vos	VS	AVP	100	0.4	0.05567764362830024	40.0	5.5677643628300215	0.35	0.46	0.0	0.0	-0.04756056229273478	0.015318131527609916	bos_eos	seed_42,seed_43,seed_44
5_3_anc_ext_P_marker	29_5_3_anc_ext_P_marker	fig:heatmap-29-anc-ext-p-marker	5.3 ANC external P marker	27_sov_ng_er_b_no	sov	ng	erg-abs	balancing	nomn	ovs	VS	PVA	100	0.56	0.09848857801796104	56.00000000000001	9.848857801796104	0.45	0.64	0.0	0.0	0.05426395336786906	0.06953646690569928	bos_eos	seed_42,seed_43,seed_44
5_3_anc_ext_P_marker	29_5_3_anc_ext_P_marker	fig:heatmap-29-anc-ext-p-marker	5.3 ANC external P marker	28_sov_ng_er_d_se	sov	ng	erg-abs	deranking	sent	sov	SV	APV	100	0.89	0.040000000000000036	89.0	4.0	0.85	0.93	0.0	0.0	0.28422585407892864	0.029137946175949177	bos_eos	seed_42,seed_43,seed_44
5_3_anc_ext_P_marker	29_5_3_anc_ext_P_marker	fig:heatmap-29-anc-ext-p-marker	5.3 ANC external P marker	29_sov_ng_er_d_pa	sov	ng	erg-abs	deranking	poss-acc	ovs	VS	PVA	100	0.5433333333333333	0.025166114784235794	54.333333333333336	2.5166114784235796	0.52	0.57	0.0	0.0	0.02918573300043742	0.023645208210397745	bos_eos	seed_42,seed_43,seed_44
5_3_anc_ext_P_marker	29_5_3_anc_ext_P_marker	fig:heatmap-29-anc-ext-p-marker	5.3 ANC external P marker	30_sov_ng_er_d_ep	sov	ng	erg-abs	deranking	erg-poss	vos	VS	AVP	100	0.33666666666666667	0.04163331998932266	33.666666666666664	4.163331998932267	0.29	0.37	0.0	0.0	-0.057149711449941	0.018734185778845013	bos_eos	seed_42,seed_43,seed_44
5_3_anc_ext_P_marker	29_5_3_anc_ext_P_marker	fig:heatmap-29-anc-ext-p-marker	5.3 ANC external P marker	31_sov_ng_er_d_no	sov	ng	erg-abs	deranking	nomn	ovs	VS	PVA	100	0.5033333333333334	0.05033222956847168	50.33333333333334	5.03322295684717	0.45	0.55	0.0	0.0	0.012397004763285318	0.01379534562472165	bos_eos	seed_42,seed_43,seed_44
5_3_anc_ext_P_marker	29_5_3_anc_ext_P_marker	fig:heatmap-29-anc-ext-p-marker	5.3 ANC external P marker	32_svo_gn_ac_b_se	svo	gn	nom-acc	balancing	sent	svo	SV	AVP	100	0.9766666666666667	0.005773502691896263	97.66666666666667	0.5773502691896257	0.97	0.98	0.0	0.0	1.9093673125902813	0.0645348813513689	bos_eos	seed_42,seed_43,seed_44
5_3_anc_ext_P_marker	29_5_3_anc_ext_P_marker	fig:heatmap-29-anc-ext-p-marker	5.3 ANC external P marker	33_svo_gn_ac_b_pa	svo	gn	nom-acc	balancing	poss-acc	svo	SV	AVP	100	0.96	0.0	96.0	0.0	0.96	0.96	0.0	0.0	1.8555941208203632	0.0404836404198747	bos_eos	seed_42,seed_43,seed_44
5_3_anc_ext_P_marker	29_5_3_anc_ext_P_marker	fig:heatmap-29-anc-ext-p-marker	5.3 ANC external P marker	34_svo_gn_ac_b_ep	svo	gn	nom-acc	balancing	erg-poss	sov	SV	PVA	100	0.9633333333333333	0.025166114784235857	96.33333333333333	2.516611478423583	0.94	0.99	0.0	0.0	2.0398100717862446	0.055901075828624816	bos_eos	seed_42,seed_43,seed_44
5_3_anc_ext_P_marker	29_5_3_anc_ext_P_marker	fig:heatmap-29-anc-ext-p-marker	5.3 ANC external P marker	35_svo_gn_ac_b_no	svo	gn	nom-acc	balancing	nomn	svo	SV	AVP	100	1.0	0.0	100.0	0.0	1.0	1.0	0.0	0.0	2.0140401260058085	0.039534963772185884	bos_eos	seed_42,seed_43,seed_44
5_3_anc_ext_P_marker	29_5_3_anc_ext_P_marker	fig:heatmap-29-anc-ext-p-marker	5.3 ANC external P marker	36_svo_gn_ac_d_se	svo	gn	nom-acc	deranking	sent	svo	SV	AVP	100	0.9166666666666666	0.025166114784235805	91.66666666666666	2.516611478423583	0.89	0.94	0.0	0.0	1.2862950960795085	0.10373508210471048	bos_eos	seed_42,seed_43,seed_44
5_3_anc_ext_P_marker	29_5_3_anc_ext_P_marker	fig:heatmap-29-anc-ext-p-marker	5.3 ANC external P marker	37_svo_gn_ac_d_pa	svo	gn	nom-acc	deranking	poss-acc	svo	SV	AVP	100	0.9633333333333334	0.030550504633038898	96.33333333333334	3.0550504633038935	0.93	0.99	0.0	0.0	1.3092688345909118	0.12954769264305363	bos_eos	seed_42,seed_43,seed_44
5_3_anc_ext_P_marker	29_5_3_anc_ext_P_marker	fig:heatmap-29-anc-ext-p-marker	5.3 ANC external P marker	38_svo_gn_ac_d_ep	svo	gn	nom-acc	deranking	erg-poss	sov	SV	PVA	100	0.9566666666666667	0.04932882862316245	95.66666666666667	4.932882862316247	0.9	0.99	0.0	0.0	1.5648541394869486	0.17329043004504888	bos_eos	seed_42,seed_43,seed_44
5_3_anc_ext_P_marker	29_5_3_anc_ext_P_marker	fig:heatmap-29-anc-ext-p-marker	5.3 ANC external P marker	39_svo_gn_ac_d_no	svo	gn	nom-acc	deranking	nomn	svo	SV	AVP	100	0.99	0.017320508075688787	99.0	1.7320508075688772	0.97	1.0	0.0	0.0	1.6070963470141093	0.2393808107210062	bos_eos	seed_42,seed_43,seed_44
5_3_anc_ext_P_marker	29_5_3_anc_ext_P_marker	fig:heatmap-29-anc-ext-p-marker	5.3 ANC external P marker	40_svo_gn_er_b_se	svo	gn	erg-abs	balancing	sent	svo	SV	AVP	100	0.81	0.04582575694955838	81.0	4.58257569495584	0.77	0.86	0.0	0.0	0.4709870958328247	0.05827252405140905	bos_eos	seed_42,seed_43,seed_44
5_3_anc_ext_P_marker	29_5_3_anc_ext_P_marker	fig:heatmap-29-anc-ext-p-marker	5.3 ANC external P marker	41_svo_gn_er_b_pa	svo	gn	erg-abs	balancing	poss-acc	svo	SV	AVP	100	0.7933333333333333	0.01527525231651948	79.33333333333333	1.5275252316519468	0.78	0.81	0.0	0.0	0.4496509067217509	0.04460084825682619	bos_eos	seed_42,seed_43,seed_44
5_3_anc_ext_P_marker	29_5_3_anc_ext_P_marker	fig:heatmap-29-anc-ext-p-marker	5.3 ANC external P marker	42_svo_gn_er_b_ep	svo	gn	erg-abs	balancing	erg-poss	sov	SV	PVA	100	0.8633333333333333	0.025166114784235857	86.33333333333333	2.516611478423583	0.84	0.89	0.0	0.0	0.556153548558553	0.11813282829319505	bos_eos	seed_42,seed_43,seed_44
5_3_anc_ext_P_marker	29_5_3_anc_ext_P_marker	fig:heatmap-29-anc-ext-p-marker	5.3 ANC external P marker	43_svo_gn_er_b_no	svo	gn	erg-abs	balancing	nomn	svo	SV	AVP	100	0.8333333333333334	0.09865765724632497	83.33333333333334	9.865765724632494	0.72	0.9	0.0	0.0	0.5074049901962281	0.12615363798122847	bos_eos	seed_42,seed_43,seed_44
5_3_anc_ext_P_marker	29_5_3_anc_ext_P_marker	fig:heatmap-29-anc-ext-p-marker	5.3 ANC external P marker	44_svo_gn_er_d_se	svo	gn	erg-abs	deranking	sent	svo	SV	AVP	100	0.88	0.010000000000000009	88.0	1.0	0.87	0.89	0.0	0.0	0.6641697343190511	0.10154436461015923	bos_eos	seed_42,seed_43,seed_44
5_3_anc_ext_P_marker	29_5_3_anc_ext_P_marker	fig:heatmap-29-anc-ext-p-marker	5.3 ANC external P marker	45_svo_gn_er_d_pa	svo	gn	erg-abs	deranking	poss-acc	svo	SV	AVP	100	0.7666666666666667	0.040414518843273836	76.66666666666667	4.041451884327381	0.72	0.79	0.0	0.0	0.5006610250473023	0.08463968801899822	bos_eos	seed_42,seed_43,seed_44
5_3_anc_ext_P_marker	29_5_3_anc_ext_P_marker	fig:heatmap-29-anc-ext-p-marker	5.3 ANC external P marker	46_svo_gn_er_d_ep	svo	gn	erg-abs	deranking	erg-poss	sov	SV	PVA	100	0.8466666666666667	0.01527525231651948	84.66666666666667	1.5275252316519468	0.83	0.86	0.0	0.0	0.5405380940437317	0.012679091455516791	bos_eos	seed_42,seed_43,seed_44
5_3_anc_ext_P_marker	29_5_3_anc_ext_P_marker	fig:heatmap-29-anc-ext-p-marker	5.3 ANC external P marker	47_svo_gn_er_d_no	svo	gn	erg-abs	deranking	nomn	svo	SV	AVP	100	0.8033333333333333	0.08144527815247078	80.33333333333333	8.144527815247077	0.71	0.86	0.0	0.0	0.5283422406514486	0.08396013295627297	bos_eos	seed_42,seed_43,seed_44
5_3_anc_ext_P_marker	29_5_3_anc_ext_P_marker	fig:heatmap-29-anc-ext-p-marker	5.3 ANC external P marker	48_svo_ng_ac_b_se	svo	ng	nom-acc	balancing	sent	svo	SV	AVP	100	1.0	0.0	100.0	0.0	1.0	1.0	0.0	0.0	1.875675658384959	0.08888441352498169	bos_eos	seed_42,seed_43,seed_44
5_3_anc_ext_P_marker	29_5_3_anc_ext_P_marker	fig:heatmap-29-anc-ext-p-marker	5.3 ANC external P marker	49_svo_ng_ac_b_pa	svo	ng	nom-acc	balancing	poss-acc	vos	VS	VPA	100	1.0	0.0	100.0	0.0	1.0	1.0	0.0	0.0	1.8265267546971637	0.027869885275148044	bos_eos	seed_42,seed_43,seed_44
5_3_anc_ext_P_marker	29_5_3_anc_ext_P_marker	fig:heatmap-29-anc-ext-p-marker	5.3 ANC external P marker	50_svo_ng_ac_b_ep	svo	ng	nom-acc	balancing	erg-poss	vos	VS	VPA	100	1.0	0.0	100.0	0.0	1.0	1.0	0.0	0.0	2.030512006282806	0.041639878104037235	bos_eos	seed_42,seed_43,seed_44
5_3_anc_ext_P_marker	29_5_3_anc_ext_P_marker	fig:heatmap-29-anc-ext-p-marker	5.3 ANC external P marker	51_svo_ng_ac_b_no	svo	ng	nom-acc	balancing	nomn	vos	VS	VPA	100	1.0	0.0	100.0	0.0	1.0	1.0	0.0	0.0	2.1372272793451943	0.026875568520346095	bos_eos	seed_42,seed_43,seed_44
5_3_anc_ext_P_marker	29_5_3_anc_ext_P_marker	fig:heatmap-29-anc-ext-p-marker	5.3 ANC external P marker	52_svo_ng_ac_d_se	svo	ng	nom-acc	deranking	sent	svo	SV	AVP	100	0.93	0.0	93.0	0.0	0.93	0.93	0.0	0.0	1.250296467145284	0.0664202296108278	bos_eos	seed_42,seed_43,seed_44
5_3_anc_ext_P_marker	29_5_3_anc_ext_P_marker	fig:heatmap-29-anc-ext-p-marker	5.3 ANC external P marker	53_svo_ng_ac_d_pa	svo	ng	nom-acc	deranking	poss-acc	vos	VS	VPA	100	0.99	0.017320508075688787	99.0	1.7320508075688772	0.97	1.0	0.0	0.0	1.6314190006256104	0.0721011883788781	bos_eos	seed_42,seed_43,seed_44
5_3_anc_ext_P_marker	29_5_3_anc_ext_P_marker	fig:heatmap-29-anc-ext-p-marker	5.3 ANC external P marker	54_svo_ng_ac_d_ep	svo	ng	nom-acc	deranking	erg-poss	vos	VS	VPA	100	1.0	0.0	100.0	0.0	1.0	1.0	0.0	0.0	1.8300748443603516	0.04964804825034555	bos_eos	seed_42,seed_43,seed_44
5_3_anc_ext_P_marker	29_5_3_anc_ext_P_marker	fig:heatmap-29-anc-ext-p-marker	5.3 ANC external P marker	55_svo_ng_ac_d_no	svo	ng	nom-acc	deranking	nomn	vos	VS	VPA	100	1.0	0.0	100.0	0.0	1.0	1.0	0.0	0.0	1.911259692509969	0.07337509589348677	bos_eos	seed_42,seed_43,seed_44
5_3_anc_ext_P_marker	29_5_3_anc_ext_P_marker	fig:heatmap-29-anc-ext-p-marker	5.3 ANC external P marker	56_svo_ng_er_b_se	svo	ng	erg-abs	balancing	sent	svo	SV	AVP	100	0.82	0.026457513110645866	82.0	2.6457513110645907	0.79	0.84	0.0	0.0	0.3253724257151286	0.025799819371540883	bos_eos	seed_42,seed_43,seed_44
5_3_anc_ext_P_marker	29_5_3_anc_ext_P_marker	fig:heatmap-29-anc-ext-p-marker	5.3 ANC external P marker	57_svo_ng_er_b_pa	svo	ng	erg-abs	balancing	poss-acc	vos	VS	VPA	100	0.82	0.07810249675906655	82.0	7.810249675906654	0.73	0.87	0.0	0.0	0.2938836193084717	0.090789169187809	bos_eos	seed_42,seed_43,seed_44
5_3_anc_ext_P_marker	29_5_3_anc_ext_P_marker	fig:heatmap-29-anc-ext-p-marker	5.3 ANC external P marker	58_svo_ng_er_b_ep	svo	ng	erg-abs	balancing	erg-poss	vos	VS	VPA	100	0.8566666666666667	0.040414518843273774	85.66666666666667	4.041451884327381	0.81	0.88	0.0	0.0	0.30028385639190674	0.057288922747939446	bos_eos	seed_42,seed_43,seed_44
5_3_anc_ext_P_marker	29_5_3_anc_ext_P_marker	fig:heatmap-29-anc-ext-p-marker	5.3 ANC external P marker	59_svo_ng_er_b_no	svo	ng	erg-abs	balancing	nomn	vos	VS	VPA	100	0.9533333333333334	0.025166114784235805	95.33333333333334	2.516611478423583	0.93	0.98	0.0	0.0	0.43549265066782633	0.040223569912496426	bos_eos	seed_42,seed_43,seed_44
5_3_anc_ext_P_marker	29_5_3_anc_ext_P_marker	fig:heatmap-29-anc-ext-p-marker	5.3 ANC external P marker	60_svo_ng_er_d_se	svo	ng	erg-abs	deranking	sent	svo	SV	AVP	100	0.8766666666666667	0.020816659994661348	87.66666666666667	2.0816659994661326	0.86	0.9	0.0	0.0	0.4456700086593628	0.04697765104230816	bos_eos	seed_42,seed_43,seed_44
5_3_anc_ext_P_marker	29_5_3_anc_ext_P_marker	fig:heatmap-29-anc-ext-p-marker	5.3 ANC external P marker	61_svo_ng_er_d_pa	svo	ng	erg-abs	deranking	poss-acc	vos	VS	VPA	100	0.8166666666666667	0.0776745346515403	81.66666666666667	7.767453465154029	0.73	0.88	0.0	0.0	0.2954243572552999	0.0871554336418766	bos_eos	seed_42,seed_43,seed_44
5_3_anc_ext_P_marker	29_5_3_anc_ext_P_marker	fig:heatmap-29-anc-ext-p-marker	5.3 ANC external P marker	62_svo_ng_er_d_ep	svo	ng	erg-abs	deranking	erg-poss	vos	VS	VPA	100	0.8099999999999999	0.06557438524302	81.0	6.557438524302	0.74	0.87	0.0	0.0	0.2403222910563151	0.05536333594130513	bos_eos	seed_42,seed_43,seed_44
5_3_anc_ext_P_marker	29_5_3_anc_ext_P_marker	fig:heatmap-29-anc-ext-p-marker	5.3 ANC external P marker	63_svo_ng_er_d_no	svo	ng	erg-abs	deranking	nomn	vos	VS	VPA	100	0.93	0.07	93.0	7.0	0.86	1.0	0.0	0.0	0.39817234357198084	0.1195233446658643	bos_eos	seed_42,seed_43,seed_44
5_3_anc_ext_P_marker	29_5_3_anc_ext_P_marker	fig:heatmap-29-anc-ext-p-marker	5.3 ANC external P marker	64_vos_gn_ac_b_se	vos	gn	nom-acc	balancing	sent	vos	VS	VPA	100	0.9466666666666667	0.020816659994661302	94.66666666666667	2.0816659994661326	0.93	0.97	0.0	0.0	1.1766865746180215	0.046046152738013955	bos_eos	seed_42,seed_43,seed_44
5_3_anc_ext_P_marker	29_5_3_anc_ext_P_marker	fig:heatmap-29-anc-ext-p-marker	5.3 ANC external P marker	65_vos_gn_ac_b_pa	vos	gn	nom-acc	balancing	poss-acc	svo	SV	AVP	100	0.9533333333333334	0.025166114784235805	95.33333333333334	2.516611478423583	0.93	0.98	0.0	0.0	1.0633882983525593	0.06113770027037751	bos_eos	seed_42,seed_43,seed_44
5_3_anc_ext_P_marker	29_5_3_anc_ext_P_marker	fig:heatmap-29-anc-ext-p-marker	5.3 ANC external P marker	66_vos_gn_ac_b_ep	vos	gn	nom-acc	balancing	erg-poss	sov	SV	PVA	100	1.0	0.0	100.0	0.0	1.0	1.0	0.0	0.0	1.3036139647165934	0.009388189501423429	bos_eos	seed_42,seed_43,seed_44
5_3_anc_ext_P_marker	29_5_3_anc_ext_P_marker	fig:heatmap-29-anc-ext-p-marker	5.3 ANC external P marker	67_vos_gn_ac_b_no	vos	gn	nom-acc	balancing	nomn	svo	SV	AVP	100	1.0	0.0	100.0	0.0	1.0	1.0	0.0	0.0	1.3696992588043213	0.03473104790964428	bos_eos	seed_42,seed_43,seed_44
5_3_anc_ext_P_marker	29_5_3_anc_ext_P_marker	fig:heatmap-29-anc-ext-p-marker	5.3 ANC external P marker	68_vos_gn_ac_d_se	vos	gn	nom-acc	deranking	sent	vos	VS	VPA	100	0.95	0.026457513110645866	95.0	2.6457513110645907	0.92	0.97	0.0	0.0	0.7351743952433268	0.041824623266580103	bos_eos	seed_42,seed_43,seed_44
5_3_anc_ext_P_marker	29_5_3_anc_ext_P_marker	fig:heatmap-29-anc-ext-p-marker	5.3 ANC external P marker	69_vos_gn_ac_d_pa	vos	gn	nom-acc	deranking	poss-acc	svo	SV	AVP	100	0.9833333333333333	0.005773502691896263	98.33333333333333	0.5773502691896257	0.98	0.99	0.0	0.0	0.9185118961334229	0.021665771748277128	bos_eos	seed_42,seed_43,seed_44
5_3_anc_ext_P_marker	29_5_3_anc_ext_P_marker	fig:heatmap-29-anc-ext-p-marker	5.3 ANC external P marker	70_vos_gn_ac_d_ep	vos	gn	nom-acc	deranking	erg-poss	sov	SV	PVA	100	1.0	0.0	100.0	0.0	1.0	1.0	0.0	0.0	1.1850139458974203	0.05264273191019508	bos_eos	seed_42,seed_43,seed_44
5_3_anc_ext_P_marker	29_5_3_anc_ext_P_marker	fig:heatmap-29-anc-ext-p-marker	5.3 ANC external P marker	71_vos_gn_ac_d_no	vos	gn	nom-acc	deranking	nomn	svo	SV	AVP	100	1.0	0.0	100.0	0.0	1.0	1.0	0.0	0.0	1.1518535335858662	0.07474458796117524	bos_eos	seed_42,seed_43,seed_44
5_3_anc_ext_P_marker	29_5_3_anc_ext_P_marker	fig:heatmap-29-anc-ext-p-marker	5.3 ANC external P marker	72_vos_gn_er_b_se	vos	gn	erg-abs	balancing	sent	vos	VS	VPA	100	0.7933333333333333	0.020816659994661348	79.33333333333333	2.0816659994661326	0.77	0.81	0.0	0.0	0.3518826858202616	0.07615453360786494	bos_eos	seed_42,seed_43,seed_44
5_3_anc_ext_P_marker	29_5_3_anc_ext_P_marker	fig:heatmap-29-anc-ext-p-marker	5.3 ANC external P marker	73_vos_gn_er_b_pa	vos	gn	erg-abs	balancing	poss-acc	svo	SV	AVP	100	0.77	0.036055512754639925	77.0	3.605551275463989	0.74	0.81	0.0	0.0	0.33970760424931845	0.03316358974915833	bos_eos	seed_42,seed_43,seed_44
5_3_anc_ext_P_marker	29_5_3_anc_ext_P_marker	fig:heatmap-29-anc-ext-p-marker	5.3 ANC external P marker	74_vos_gn_er_b_ep	vos	gn	erg-abs	balancing	erg-poss	sov	SV	PVA	100	0.9066666666666667	0.040414518843273836	90.66666666666667	4.041451884327381	0.86	0.93	0.0	0.0	0.5501232933998108	0.048519313993174634	bos_eos	seed_42,seed_43,seed_44
5_3_anc_ext_P_marker	29_5_3_anc_ext_P_marker	fig:heatmap-29-anc-ext-p-marker	5.3 ANC external P marker	75_vos_gn_er_b_no	vos	gn	erg-abs	balancing	nomn	svo	SV	AVP	100	0.93	0.060827625302982184	93.0	6.082762530298219	0.89	1.0	0.0	0.0	0.47909634908040366	0.09824755207466636	bos_eos	seed_42,seed_43,seed_44
5_3_anc_ext_P_marker	29_5_3_anc_ext_P_marker	fig:heatmap-29-anc-ext-p-marker	5.3 ANC external P marker	76_vos_gn_er_d_se	vos	gn	erg-abs	deranking	sent	vos	VS	VPA	100	0.96	0.026457513110645932	96.0	2.6457513110645907	0.94	0.99	0.0	0.0	0.5062700414657593	0.035531417637416476	bos_eos	seed_42,seed_43,seed_44
5_3_anc_ext_P_marker	29_5_3_anc_ext_P_marker	fig:heatmap-29-anc-ext-p-marker	5.3 ANC external P marker	77_vos_gn_er_d_pa	vos	gn	erg-abs	deranking	poss-acc	svo	SV	AVP	100	0.8633333333333334	0.07371114795831994	86.33333333333334	7.371114795831994	0.78	0.92	0.0	0.0	0.35394784768422444	0.08211277937004531	bos_eos	seed_42,seed_43,seed_44
5_3_anc_ext_P_marker	29_5_3_anc_ext_P_marker	fig:heatmap-29-anc-ext-p-marker	5.3 ANC external P marker	78_vos_gn_er_d_ep	vos	gn	erg-abs	deranking	erg-poss	sov	SV	PVA	100	0.91	0.04358898943540673	91.0	4.358898943540674	0.86	0.94	0.0	0.0	0.4571689486503601	0.07329236619001141	bos_eos	seed_42,seed_43,seed_44
5_3_anc_ext_P_marker	29_5_3_anc_ext_P_marker	fig:heatmap-29-anc-ext-p-marker	5.3 ANC external P marker	79_vos_gn_er_d_no	vos	gn	erg-abs	deranking	nomn	svo	SV	AVP	100	0.9466666666666667	0.025166114784235794	94.66666666666667	2.516611478423583	0.92	0.97	0.0	0.0	0.397224923769633	0.04897276598837566	bos_eos	seed_42,seed_43,seed_44
5_3_anc_ext_P_marker	29_5_3_anc_ext_P_marker	fig:heatmap-29-anc-ext-p-marker	5.3 ANC external P marker	80_vos_ng_ac_b_se	vos	ng	nom-acc	balancing	sent	vos	VS	VPA	100	1.0	0.0	100.0	0.0	1.0	1.0	0.0	0.0	1.446093343893687	0.08633171722517531	bos_eos	seed_42,seed_43,seed_44
5_3_anc_ext_P_marker	29_5_3_anc_ext_P_marker	fig:heatmap-29-anc-ext-p-marker	5.3 ANC external P marker	81_vos_ng_ac_b_pa	vos	ng	nom-acc	balancing	poss-acc	vos	VS	VPA	100	1.0	0.0	100.0	0.0	1.0	1.0	0.0	0.0	1.3523495999972026	0.05005638757271955	bos_eos	seed_42,seed_43,seed_44
5_3_anc_ext_P_marker	29_5_3_anc_ext_P_marker	fig:heatmap-29-anc-ext-p-marker	5.3 ANC external P marker	82_vos_ng_ac_b_ep	vos	ng	nom-acc	balancing	erg-poss	vos	VS	VPA	100	1.0	0.0	100.0	0.0	1.0	1.0	0.0	0.0	1.5142529137929281	0.031004007294698533	bos_eos	seed_42,seed_43,seed_44
5_3_anc_ext_P_marker	29_5_3_anc_ext_P_marker	fig:heatmap-29-anc-ext-p-marker	5.3 ANC external P marker	83_vos_ng_ac_b_no	vos	ng	nom-acc	balancing	nomn	vos	VS	VPA	100	1.0	0.0	100.0	0.0	1.0	1.0	0.0	0.0	1.5756160672505697	0.02874599921101358	bos_eos	seed_42,seed_43,seed_44
5_3_anc_ext_P_marker	29_5_3_anc_ext_P_marker	fig:heatmap-29-anc-ext-p-marker	5.3 ANC external P marker	84_vos_ng_ac_d_se	vos	ng	nom-acc	deranking	sent	vos	VS	VPA	100	0.96	0.017320508075688787	96.0	1.7320508075688772	0.94	0.97	0.0	0.0	0.8446565437316894	0.032175547808691744	bos_eos	seed_42,seed_43,seed_44
5_3_anc_ext_P_marker	29_5_3_anc_ext_P_marker	fig:heatmap-29-anc-ext-p-marker	5.3 ANC external P marker	85_vos_ng_ac_d_pa	vos	ng	nom-acc	deranking	poss-acc	vos	VS	VPA	100	0.9866666666666667	0.01527525231651948	98.66666666666667	1.5275252316519468	0.97	1.0	0.0	0.0	0.9982476305961608	0.12509039666588612	bos_eos	seed_42,seed_43,seed_44
5_3_anc_ext_P_marker	29_5_3_anc_ext_P_marker	fig:heatmap-29-anc-ext-p-marker	5.3 ANC external P marker	86_vos_ng_ac_d_ep	vos	ng	nom-acc	deranking	erg-poss	vos	VS	VPA	100	1.0	0.0	100.0	0.0	1.0	1.0	0.0	0.0	1.0445550950368245	0.04689097915167414	bos_eos	seed_42,seed_43,seed_44
5_3_anc_ext_P_marker	29_5_3_anc_ext_P_marker	fig:heatmap-29-anc-ext-p-marker	5.3 ANC external P marker	87_vos_ng_ac_d_no	vos	ng	nom-acc	deranking	nomn	vos	VS	VPA	100	1.0	0.0	100.0	0.0	1.0	1.0	0.0	0.0	1.1319668261210123	0.0682615629582053	bos_eos	seed_42,seed_43,seed_44
5_3_anc_ext_P_marker	29_5_3_anc_ext_P_marker	fig:heatmap-29-anc-ext-p-marker	5.3 ANC external P marker	88_vos_ng_er_b_se	vos	ng	erg-abs	balancing	sent	vos	VS	VPA	100	0.99	0.0	99.0	0.0	0.99	0.99	0.0	0.0	0.6340849447250366	0.060999387603014564	bos_eos	seed_42,seed_43,seed_44
5_3_anc_ext_P_marker	29_5_3_anc_ext_P_marker	fig:heatmap-29-anc-ext-p-marker	5.3 ANC external P marker	89_vos_ng_er_b_pa	vos	ng	erg-abs	balancing	poss-acc	vos	VS	VPA	100	0.9933333333333333	0.011547005383792526	99.33333333333333	1.1547005383792515	0.98	1.0	0.0	0.0	0.6438693936665852	0.09771995015559644	bos_eos	seed_42,seed_43,seed_44
5_3_anc_ext_P_marker	29_5_3_anc_ext_P_marker	fig:heatmap-29-anc-ext-p-marker	5.3 ANC external P marker	90_vos_ng_er_b_ep	vos	ng	erg-abs	balancing	erg-poss	vos	VS	VPA	100	0.99	0.010000000000000009	99.0	1.0	0.98	1.0	0.0	0.0	0.5952213207880656	0.03252235031669366	bos_eos	seed_42,seed_43,seed_44
5_3_anc_ext_P_marker	29_5_3_anc_ext_P_marker	fig:heatmap-29-anc-ext-p-marker	5.3 ANC external P marker	91_vos_ng_er_b_no	vos	ng	erg-abs	balancing	nomn	vos	VS	VPA	100	1.0	0.0	100.0	0.0	1.0	1.0	0.0	0.0	0.7223689810434978	0.011429615614437644	bos_eos	seed_42,seed_43,seed_44
5_3_anc_ext_P_marker	29_5_3_anc_ext_P_marker	fig:heatmap-29-anc-ext-p-marker	5.3 ANC external P marker	92_vos_ng_er_d_se	vos	ng	erg-abs	deranking	sent	vos	VS	VPA	100	0.98	0.010000000000000009	98.0	1.0	0.97	0.99	0.0	0.0	0.8464476084709167	0.1051554152012391	bos_eos	seed_42,seed_43,seed_44
5_3_anc_ext_P_marker	29_5_3_anc_ext_P_marker	fig:heatmap-29-anc-ext-p-marker	5.3 ANC external P marker	93_vos_ng_er_d_pa	vos	ng	erg-abs	deranking	poss-acc	vos	VS	VPA	100	0.9733333333333333	0.028867513459481315	97.33333333333333	2.886751345948129	0.94	0.99	0.0	0.0	0.6441308355331421	0.05391927346322501	bos_eos	seed_42,seed_43,seed_44
5_3_anc_ext_P_marker	29_5_3_anc_ext_P_marker	fig:heatmap-29-anc-ext-p-marker	5.3 ANC external P marker	94_vos_ng_er_d_ep	vos	ng	erg-abs	deranking	erg-poss	vos	VS	VPA	100	0.9466666666666667	0.005773502691896263	94.66666666666667	0.5773502691896257	0.94	0.95	0.0	0.0	0.5109725125630696	0.05618871940772407	bos_eos	seed_42,seed_43,seed_44
5_3_anc_ext_P_marker	29_5_3_anc_ext_P_marker	fig:heatmap-29-anc-ext-p-marker	5.3 ANC external P marker	95_vos_ng_er_d_no	vos	ng	erg-abs	deranking	nomn	vos	VS	VPA	100	0.9566666666666667	0.005773502691896263	95.66666666666667	0.5773502691896257	0.95	0.96	0.0	0.0	0.6287230285008748	0.09383085863973487	bos_eos	seed_42,seed_43,seed_44
5_4_anc_ext_gen_marker	30_5_4_anc_ext_gen_marker	fig:heatmap-30-anc-ext-gen-marker	5.4 ANC external genitive marker	00_sov_gn_ac_b_se	sov	gn	nom-acc	balancing	sent	sov	SV	APV	100	0.9033333333333333	0.025166114784235857	90.33333333333333	2.516611478423583	0.88	0.93	0.0	0.0	0.3449565410614014	0.03133722723294661	bos_eos	seed_42,seed_43,seed_44
5_4_anc_ext_gen_marker	30_5_4_anc_ext_gen_marker	fig:heatmap-30-anc-ext-gen-marker	5.4 ANC external genitive marker	01_sov_gn_ac_b_pa	sov	gn	nom-acc	balancing	poss-acc	sov	SV	APV	100	0.9066666666666666	0.02886751345948125	90.66666666666666	2.886751345948129	0.89	0.94	0.0	0.0	0.3217461816469828	0.015934897211168638	bos_eos	seed_42,seed_43,seed_44
5_4_anc_ext_gen_marker	30_5_4_anc_ext_gen_marker	fig:heatmap-30-anc-ext-gen-marker	5.4 ANC external genitive marker	02_sov_gn_ac_b_ep	sov	gn	nom-acc	balancing	erg-poss	sov	SV	APV	100	0.98	0.017320508075688787	98.0	1.7320508075688772	0.97	1.0	0.0	0.0	0.6501634343465169	0.045821562156287084	bos_eos	seed_42,seed_43,seed_44
5_4_anc_ext_gen_marker	30_5_4_anc_ext_gen_marker	fig:heatmap-30-anc-ext-gen-marker	5.4 ANC external genitive marker	03_sov_gn_ac_b_no	sov	gn	nom-acc	balancing	nomn	sov	SV	APV	100	0.9233333333333333	0.023094010767584987	92.33333333333333	2.309401076758503	0.91	0.95	0.0	0.0	0.5760809906323751	0.09033475250714568	bos_eos	seed_42,seed_43,seed_44
5_4_anc_ext_gen_marker	30_5_4_anc_ext_gen_marker	fig:heatmap-30-anc-ext-gen-marker	5.4 ANC external genitive marker	04_sov_gn_ac_d_se	sov	gn	nom-acc	deranking	sent	sov	SV	APV	100	0.9366666666666666	0.030550504633038898	93.66666666666667	3.0550504633038935	0.91	0.97	0.0	0.0	0.450951832930247	0.03958471498319229	bos_eos	seed_42,seed_43,seed_44
5_4_anc_ext_gen_marker	30_5_4_anc_ext_gen_marker	fig:heatmap-30-anc-ext-gen-marker	5.4 ANC external genitive marker	05_sov_gn_ac_d_pa	sov	gn	nom-acc	deranking	poss-acc	sov	SV	APV	100	0.9233333333333333	0.04041451884327379	92.33333333333333	4.041451884327381	0.88	0.96	0.0	0.0	0.3740125552813212	0.029568860096817636	bos_eos	seed_42,seed_43,seed_44
5_4_anc_ext_gen_marker	30_5_4_anc_ext_gen_marker	fig:heatmap-30-anc-ext-gen-marker	5.4 ANC external genitive marker	06_sov_gn_ac_d_ep	sov	gn	nom-acc	deranking	erg-poss	sov	SV	APV	100	0.9733333333333333	0.005773502691896263	97.33333333333333	0.5773502691896257	0.97	0.98	0.0	0.0	0.6038206426302591	0.025788397170880512	bos_eos	seed_42,seed_43,seed_44
5_4_anc_ext_gen_marker	30_5_4_anc_ext_gen_marker	fig:heatmap-30-anc-ext-gen-marker	5.4 ANC external genitive marker	07_sov_gn_ac_d_no	sov	gn	nom-acc	deranking	nomn	sov	SV	APV	100	0.95	0.04582575694955838	95.0	4.58257569495584	0.9	0.99	0.0	0.0	0.6288227033615112	0.050307263142313555	bos_eos	seed_42,seed_43,seed_44
5_4_anc_ext_gen_marker	30_5_4_anc_ext_gen_marker	fig:heatmap-30-anc-ext-gen-marker	5.4 ANC external genitive marker	08_sov_gn_er_b_se	sov	gn	erg-abs	balancing	sent	sov	SV	APV	100	0.54	0.05567764362830021	54.0	5.5677643628300215	0.49	0.6	0.0	0.0	0.2515914305051168	0.027786257684912132	bos_eos	seed_42,seed_43,seed_44
5_4_anc_ext_gen_marker	30_5_4_anc_ext_gen_marker	fig:heatmap-30-anc-ext-gen-marker	5.4 ANC external genitive marker	09_sov_gn_er_b_pa	sov	gn	erg-abs	balancing	poss-acc	sov	SV	APV	100	0.5133333333333333	0.05859465277082314	51.33333333333333	5.859465277082311	0.47	0.58	0.0	0.0	0.20222291787465413	0.0515296804263173	bos_eos	seed_42,seed_43,seed_44
5_4_anc_ext_gen_marker	30_5_4_anc_ext_gen_marker	fig:heatmap-30-anc-ext-gen-marker	5.4 ANC external genitive marker	10_sov_gn_er_b_ep	sov	gn	erg-abs	balancing	erg-poss	sov	SV	APV	100	0.5866666666666667	0.10503967504392485	58.666666666666664	10.503967504392486	0.48	0.69	0.0	0.0	0.3248444477717082	0.06514052284921573	bos_eos	seed_42,seed_43,seed_44
5_4_anc_ext_gen_marker	30_5_4_anc_ext_gen_marker	fig:heatmap-30-anc-ext-gen-marker	5.4 ANC external genitive marker	11_sov_gn_er_b_no	sov	gn	erg-abs	balancing	nomn	sov	SV	APV	100	0.49333333333333335	0.035118845842842465	49.333333333333336	3.5118845842842465	0.46	0.53	0.0	0.0	0.23705068588256836	0.03320485644073121	bos_eos	seed_42,seed_43,seed_44
5_4_anc_ext_gen_marker	30_5_4_anc_ext_gen_marker	fig:heatmap-30-anc-ext-gen-marker	5.4 ANC external genitive marker	12_sov_gn_er_d_se	sov	gn	erg-abs	deranking	sent	sov	SV	APV	100	0.5533333333333333	0.06110100926607786	55.333333333333336	6.110100926607787	0.5	0.62	0.0	0.0	0.29396730264027915	0.03504981502178986	bos_eos	seed_42,seed_43,seed_44
5_4_anc_ext_gen_marker	30_5_4_anc_ext_gen_marker	fig:heatmap-30-anc-ext-gen-marker	5.4 ANC external genitive marker	13_sov_gn_er_d_pa	sov	gn	erg-abs	deranking	poss-acc	sov	SV	APV	100	0.5133333333333333	0.040414518843273836	51.33333333333333	4.041451884327385	0.49	0.56	0.0	0.0	0.17078616937001545	0.06296540258530346	bos_eos	seed_42,seed_43,seed_44
5_4_anc_ext_gen_marker	30_5_4_anc_ext_gen_marker	fig:heatmap-30-anc-ext-gen-marker	5.4 ANC external genitive marker	14_sov_gn_er_d_ep	sov	gn	erg-abs	deranking	erg-poss	sov	SV	APV	100	0.5566666666666666	0.04163331998932263	55.666666666666664	4.163331998932264	0.51	0.59	0.0	0.0	0.33849424600601197	0.017430759331214424	bos_eos	seed_42,seed_43,seed_44
5_4_anc_ext_gen_marker	30_5_4_anc_ext_gen_marker	fig:heatmap-30-anc-ext-gen-marker	5.4 ANC external genitive marker	15_sov_gn_er_d_no	sov	gn	erg-abs	deranking	nomn	sov	SV	APV	100	0.52	0.017320508075688787	52.0	1.7320508075688772	0.5	0.53	0.0	0.0	0.19432102203369142	0.06256951365560756	bos_eos	seed_42,seed_43,seed_44
5_4_anc_ext_gen_marker	30_5_4_anc_ext_gen_marker	fig:heatmap-30-anc-ext-gen-marker	5.4 ANC external genitive marker	16_sov_ng_ac_b_se	sov	ng	nom-acc	balancing	sent	sov	SV	APV	100	0.7133333333333334	0.16563010998406458	71.33333333333334	16.563010998406458	0.54	0.87	0.0	0.0	0.157018616994222	0.0935393195211477	bos_eos	seed_42,seed_43,seed_44
5_4_anc_ext_gen_marker	30_5_4_anc_ext_gen_marker	fig:heatmap-30-anc-ext-gen-marker	5.4 ANC external genitive marker	17_sov_ng_ac_b_pa	sov	ng	nom-acc	balancing	poss-acc	ovs	VS	PVA	100	0.6266666666666667	0.11015141094572203	62.66666666666667	11.015141094572204	0.52	0.74	0.0	0.0	0.1379964733123779	0.061091640761296515	bos_eos	seed_42,seed_43,seed_44
5_4_anc_ext_gen_marker	30_5_4_anc_ext_gen_marker	fig:heatmap-30-anc-ext-gen-marker	5.4 ANC external genitive marker	18_sov_ng_ac_b_ep	sov	ng	nom-acc	balancing	erg-poss	vos	VS	AVP	100	0.9533333333333333	0.01527525231651948	95.33333333333333	1.5275252316519468	0.94	0.97	0.0	0.0	0.4468491744995117	0.03296293795858411	bos_eos	seed_42,seed_43,seed_44
5_4_anc_ext_gen_marker	30_5_4_anc_ext_gen_marker	fig:heatmap-30-anc-ext-gen-marker	5.4 ANC external genitive marker	19_sov_ng_ac_b_no	sov	ng	nom-acc	balancing	nomn	ovs	VS	PVA	100	0.8766666666666667	0.045092497528228984	87.66666666666667	4.509249752822894	0.83	0.92	0.0	0.0	0.3348964643478394	0.057703672814713156	bos_eos	seed_42,seed_43,seed_44
5_4_anc_ext_gen_marker	30_5_4_anc_ext_gen_marker	fig:heatmap-30-anc-ext-gen-marker	5.4 ANC external genitive marker	20_sov_ng_ac_d_se	sov	ng	nom-acc	deranking	sent	sov	SV	APV	100	0.75	0.06000000000000005	75.0	6.0	0.69	0.81	0.0	0.0	0.16134897708892823	0.02463264107494094	bos_eos	seed_42,seed_43,seed_44
5_4_anc_ext_gen_marker	30_5_4_anc_ext_gen_marker	fig:heatmap-30-anc-ext-gen-marker	5.4 ANC external genitive marker	21_sov_ng_ac_d_pa	sov	ng	nom-acc	deranking	poss-acc	ovs	VS	PVA	100	0.6666666666666666	0.05859465277082314	66.66666666666666	5.8594652770823155	0.6	0.71	0.0	0.0	0.08937371412913003	0.055743570702919736	bos_eos	seed_42,seed_43,seed_44
5_4_anc_ext_gen_marker	30_5_4_anc_ext_gen_marker	fig:heatmap-30-anc-ext-gen-marker	5.4 ANC external genitive marker	22_sov_ng_ac_d_ep	sov	ng	nom-acc	deranking	erg-poss	vos	VS	AVP	100	0.86	0.020000000000000018	86.0	2.0	0.84	0.88	0.0	0.0	0.30959757963816326	0.06041985554013235	bos_eos	seed_42,seed_43,seed_44
5_4_anc_ext_gen_marker	30_5_4_anc_ext_gen_marker	fig:heatmap-30-anc-ext-gen-marker	5.4 ANC external genitive marker	23_sov_ng_ac_d_no	sov	ng	nom-acc	deranking	nomn	ovs	VS	PVA	100	0.8666666666666667	0.03785938897200186	86.66666666666667	3.7859388972001824	0.84	0.91	0.0	0.0	0.2599962457021078	0.0325196722287475	bos_eos	seed_42,seed_43,seed_44
5_4_anc_ext_gen_marker	30_5_4_anc_ext_gen_marker	fig:heatmap-30-anc-ext-gen-marker	5.4 ANC external genitive marker	24_sov_ng_er_b_se	sov	ng	erg-abs	balancing	sent	sov	SV	APV	100	0.5133333333333333	0.07094598884597586	51.33333333333333	7.094598884597588	0.45	0.59	0.0	0.0	0.020937894185384116	0.06813394300896702	bos_eos	seed_42,seed_43,seed_44
5_4_anc_ext_gen_marker	30_5_4_anc_ext_gen_marker	fig:heatmap-30-anc-ext-gen-marker	5.4 ANC external genitive marker	25_sov_ng_er_b_pa	sov	ng	erg-abs	balancing	poss-acc	ovs	VS	PVA	100	0.4266666666666667	0.04041451884327381	42.66666666666667	4.041451884327381	0.38	0.45	0.0	0.0	-0.05427323977152507	0.030419070359701043	bos_eos	seed_42,seed_43,seed_44
5_4_anc_ext_gen_marker	30_5_4_anc_ext_gen_marker	fig:heatmap-30-anc-ext-gen-marker	5.4 ANC external genitive marker	26_sov_ng_er_b_ep	sov	ng	erg-abs	balancing	erg-poss	vos	VS	AVP	100	0.48333333333333334	0.01527525231651948	48.333333333333336	1.5275252316519468	0.47	0.5	0.0	0.0	0.041614933013916014	0.045516430327105756	bos_eos	seed_42,seed_43,seed_44
5_4_anc_ext_gen_marker	30_5_4_anc_ext_gen_marker	fig:heatmap-30-anc-ext-gen-marker	5.4 ANC external genitive marker	27_sov_ng_er_b_no	sov	ng	erg-abs	balancing	nomn	ovs	VS	PVA	100	0.4066666666666667	0.015275252316519449	40.666666666666664	1.5275252316519468	0.39	0.42	0.0	0.0	-0.11819769064585368	0.0234513645905294	bos_eos	seed_42,seed_43,seed_44
5_4_anc_ext_gen_marker	30_5_4_anc_ext_gen_marker	fig:heatmap-30-anc-ext-gen-marker	5.4 ANC external genitive marker	28_sov_ng_er_d_se	sov	ng	erg-abs	deranking	sent	sov	SV	APV	100	0.4666666666666667	0.025166114784235825	46.666666666666664	2.516611478423583	0.44	0.49	0.0	0.0	-0.08966765244801839	0.03906715808645483	bos_eos	seed_42,seed_43,seed_44
5_4_anc_ext_gen_marker	30_5_4_anc_ext_gen_marker	fig:heatmap-30-anc-ext-gen-marker	5.4 ANC external genitive marker	29_sov_ng_er_d_pa	sov	ng	erg-abs	deranking	poss-acc	ovs	VS	PVA	100	0.4066666666666667	0.005773502691896231	40.666666666666664	0.5773502691896257	0.4	0.41	0.0	0.0	-0.16440054416656494	0.03157214798075882	bos_eos	seed_42,seed_43,seed_44
5_4_anc_ext_gen_marker	30_5_4_anc_ext_gen_marker	fig:heatmap-30-anc-ext-gen-marker	5.4 ANC external genitive marker	30_sov_ng_er_d_ep	sov	ng	erg-abs	deranking	erg-poss	vos	VS	AVP	100	0.44333333333333336	0.01527525231651948	44.333333333333336	1.5275252316519468	0.43	0.46	0.0	0.0	0.01624459107716878	0.012073163050838052	bos_eos	seed_42,seed_43,seed_44
5_4_anc_ext_gen_marker	30_5_4_anc_ext_gen_marker	fig:heatmap-30-anc-ext-gen-marker	5.4 ANC external genitive marker	31_sov_ng_er_d_no	sov	ng	erg-abs	deranking	nomn	ovs	VS	PVA	100	0.43333333333333335	0.01527525231651948	43.333333333333336	1.5275252316519468	0.42	0.45	0.0	0.0	-0.08547781626383463	0.05147988770930613	bos_eos	seed_42,seed_43,seed_44
5_4_anc_ext_gen_marker	30_5_4_anc_ext_gen_marker	fig:heatmap-30-anc-ext-gen-marker	5.4 ANC external genitive marker	32_svo_gn_ac_b_se	svo	gn	nom-acc	balancing	sent	svo	SV	AVP	100	0.9866666666666667	0.005773502691896263	98.66666666666667	0.5773502691896257	0.98	0.99	0.0	0.0	0.633244899113973	0.03685235309078154	bos_eos	seed_42,seed_43,seed_44
5_4_anc_ext_gen_marker	30_5_4_anc_ext_gen_marker	fig:heatmap-30-anc-ext-gen-marker	5.4 ANC external genitive marker	33_svo_gn_ac_b_pa	svo	gn	nom-acc	balancing	poss-acc	svo	SV	AVP	100	0.9933333333333333	0.005773502691896263	99.33333333333333	0.5773502691896257	0.99	1.0	0.0	0.0	0.5973815433184306	0.016718449232884743	bos_eos	seed_42,seed_43,seed_44
5_4_anc_ext_gen_marker	30_5_4_anc_ext_gen_marker	fig:heatmap-30-anc-ext-gen-marker	5.4 ANC external genitive marker	34_svo_gn_ac_b_ep	svo	gn	nom-acc	balancing	erg-poss	sov	SV	PVA	100	0.9966666666666667	0.005773502691896263	99.66666666666667	0.5773502691896257	0.99	1.0	0.0	0.0	0.8431649033228557	0.04566249205827409	bos_eos	seed_42,seed_43,seed_44
5_4_anc_ext_gen_marker	30_5_4_anc_ext_gen_marker	fig:heatmap-30-anc-ext-gen-marker	5.4 ANC external genitive marker	35_svo_gn_ac_b_no	svo	gn	nom-acc	balancing	nomn	svo	SV	AVP	100	1.0	0.0	100.0	0.0	1.0	1.0	0.0	0.0	0.8853718360265096	0.09477841059016162	bos_eos	seed_42,seed_43,seed_44
5_4_anc_ext_gen_marker	30_5_4_anc_ext_gen_marker	fig:heatmap-30-anc-ext-gen-marker	5.4 ANC external genitive marker	36_svo_gn_ac_d_se	svo	gn	nom-acc	deranking	sent	svo	SV	AVP	100	0.8566666666666667	0.040414518843273836	85.66666666666667	4.041451884327381	0.82	0.9	0.0	0.0	0.4435165627797445	0.05551421380071118	bos_eos	seed_42,seed_43,seed_44
5_4_anc_ext_gen_marker	30_5_4_anc_ext_gen_marker	fig:heatmap-30-anc-ext-gen-marker	5.4 ANC external genitive marker	37_svo_gn_ac_d_pa	svo	gn	nom-acc	deranking	poss-acc	svo	SV	AVP	100	0.9266666666666666	0.04932882862316245	92.66666666666666	4.932882862316247	0.87	0.96	0.0	0.0	0.5162063487370809	0.06942187542511627	bos_eos	seed_42,seed_43,seed_44
5_4_anc_ext_gen_marker	30_5_4_anc_ext_gen_marker	fig:heatmap-30-anc-ext-gen-marker	5.4 ANC external genitive marker	38_svo_gn_ac_d_ep	svo	gn	nom-acc	deranking	erg-poss	sov	SV	PVA	100	0.9766666666666667	0.03214550253664321	97.66666666666667	3.2145502536643185	0.94	1.0	0.0	0.0	0.6994644808769226	0.09509454193042678	bos_eos	seed_42,seed_43,seed_44
5_4_anc_ext_gen_marker	30_5_4_anc_ext_gen_marker	fig:heatmap-30-anc-ext-gen-marker	5.4 ANC external genitive marker	39_svo_gn_ac_d_no	svo	gn	nom-acc	deranking	nomn	svo	SV	AVP	100	0.9666666666666667	0.040414518843273774	96.66666666666667	4.041451884327381	0.92	0.99	0.0	0.0	0.6779057065645854	0.17016262282952285	bos_eos	seed_42,seed_43,seed_44
5_4_anc_ext_gen_marker	30_5_4_anc_ext_gen_marker	fig:heatmap-30-anc-ext-gen-marker	5.4 ANC external genitive marker	40_svo_gn_er_b_se	svo	gn	erg-abs	balancing	sent	svo	SV	AVP	100	0.9666666666666667	0.03055050463303896	96.66666666666667	3.0550504633038935	0.94	1.0	0.0	0.0	0.6148451232910156	0.07401465922523875	bos_eos	seed_42,seed_43,seed_44
5_4_anc_ext_gen_marker	30_5_4_anc_ext_gen_marker	fig:heatmap-30-anc-ext-gen-marker	5.4 ANC external genitive marker	41_svo_gn_er_b_pa	svo	gn	erg-abs	balancing	poss-acc	svo	SV	AVP	100	0.9833333333333333	0.01527525231651948	98.33333333333333	1.5275252316519468	0.97	1.0	0.0	0.0	0.5654112362861634	0.05391713865589511	bos_eos	seed_42,seed_43,seed_44
5_4_anc_ext_gen_marker	30_5_4_anc_ext_gen_marker	fig:heatmap-30-anc-ext-gen-marker	5.4 ANC external genitive marker	42_svo_gn_er_b_ep	svo	gn	erg-abs	balancing	erg-poss	sov	SV	PVA	100	1.0	0.0	100.0	0.0	1.0	1.0	0.0	0.0	0.7971835358937581	0.10801998899861046	bos_eos	seed_42,seed_43,seed_44
5_4_anc_ext_gen_marker	30_5_4_anc_ext_gen_marker	fig:heatmap-30-anc-ext-gen-marker	5.4 ANC external genitive marker	43_svo_gn_er_b_no	svo	gn	erg-abs	balancing	nomn	svo	SV	AVP	100	0.99	0.010000000000000009	99.0	1.0	0.98	1.0	0.0	0.0	0.6619498546918233	0.03133597889910697	bos_eos	seed_42,seed_43,seed_44
5_4_anc_ext_gen_marker	30_5_4_anc_ext_gen_marker	fig:heatmap-30-anc-ext-gen-marker	5.4 ANC external genitive marker	44_svo_gn_er_d_se	svo	gn	erg-abs	deranking	sent	svo	SV	AVP	100	0.9433333333333334	0.030550504633038898	94.33333333333334	3.0550504633038935	0.91	0.97	0.0	0.0	0.5103327576319376	0.0462626460117626	bos_eos	seed_42,seed_43,seed_44
5_4_anc_ext_gen_marker	30_5_4_anc_ext_gen_marker	fig:heatmap-30-anc-ext-gen-marker	5.4 ANC external genitive marker	45_svo_gn_er_d_pa	svo	gn	erg-abs	deranking	poss-acc	svo	SV	AVP	100	0.96	0.010000000000000009	96.0	1.0	0.95	0.97	0.0	0.0	0.5112203359603882	0.059263422089584836	bos_eos	seed_42,seed_43,seed_44
5_4_anc_ext_gen_marker	30_5_4_anc_ext_gen_marker	fig:heatmap-30-anc-ext-gen-marker	5.4 ANC external genitive marker	46_svo_gn_er_d_ep	svo	gn	erg-abs	deranking	erg-poss	sov	SV	PVA	100	0.98	0.010000000000000009	98.0	1.0	0.97	0.99	0.0	0.0	0.686594796180725	0.11857787260760692	bos_eos	seed_42,seed_43,seed_44
5_4_anc_ext_gen_marker	30_5_4_anc_ext_gen_marker	fig:heatmap-30-anc-ext-gen-marker	5.4 ANC external genitive marker	47_svo_gn_er_d_no	svo	gn	erg-abs	deranking	nomn	svo	SV	AVP	100	0.9733333333333333	0.01527525231651948	97.33333333333333	1.5275252316519468	0.96	0.99	0.0	0.0	0.5540513881047566	0.08554921879270296	bos_eos	seed_42,seed_43,seed_44
5_4_anc_ext_gen_marker	30_5_4_anc_ext_gen_marker	fig:heatmap-30-anc-ext-gen-marker	5.4 ANC external genitive marker	48_svo_ng_ac_b_se	svo	ng	nom-acc	balancing	sent	svo	SV	AVP	100	0.7966666666666666	0.07094598884597589	79.66666666666666	7.094598884597588	0.72	0.86	0.0	0.0	0.2483543030420939	0.055459726765842356	bos_eos	seed_42,seed_43,seed_44
5_4_anc_ext_gen_marker	30_5_4_anc_ext_gen_marker	fig:heatmap-30-anc-ext-gen-marker	5.4 ANC external genitive marker	49_svo_ng_ac_b_pa	svo	ng	nom-acc	balancing	poss-acc	vos	VS	VPA	100	0.72	0.06244997998398397	72.0	6.244997998398398	0.65	0.77	0.0	0.0	0.25694109916687013	0.01925904782906027	bos_eos	seed_42,seed_43,seed_44
5_4_anc_ext_gen_marker	30_5_4_anc_ext_gen_marker	fig:heatmap-30-anc-ext-gen-marker	5.4 ANC external genitive marker	50_svo_ng_ac_b_ep	svo	ng	nom-acc	balancing	erg-poss	vos	VS	VPA	100	0.99	0.010000000000000009	99.0	1.0	0.98	1.0	0.0	0.0	0.8521567455927531	0.11521067598474771	bos_eos	seed_42,seed_43,seed_44
5_4_anc_ext_gen_marker	30_5_4_anc_ext_gen_marker	fig:heatmap-30-anc-ext-gen-marker	5.4 ANC external genitive marker	51_svo_ng_ac_b_no	svo	ng	nom-acc	balancing	nomn	vos	VS	VPA	100	0.9666666666666667	0.020816659994661348	96.66666666666667	2.0816659994661326	0.95	0.99	0.0	0.0	0.6551960261662801	0.09806077531722661	bos_eos	seed_42,seed_43,seed_44
5_4_anc_ext_gen_marker	30_5_4_anc_ext_gen_marker	fig:heatmap-30-anc-ext-gen-marker	5.4 ANC external genitive marker	52_svo_ng_ac_d_se	svo	ng	nom-acc	deranking	sent	svo	SV	AVP	100	0.7933333333333333	0.06506407098647712	79.33333333333333	6.506407098647712	0.73	0.86	0.0	0.0	0.23990296363830566	0.038275629490673216	bos_eos	seed_42,seed_43,seed_44
5_4_anc_ext_gen_marker	30_5_4_anc_ext_gen_marker	fig:heatmap-30-anc-ext-gen-marker	5.4 ANC external genitive marker	53_svo_ng_ac_d_pa	svo	ng	nom-acc	deranking	poss-acc	vos	VS	VPA	100	0.74	0.09848857801796103	74.0	9.848857801796104	0.66	0.85	0.0	0.0	0.2510731410980225	0.0780618889168689	bos_eos	seed_42,seed_43,seed_44
5_4_anc_ext_gen_marker	30_5_4_anc_ext_gen_marker	fig:heatmap-30-anc-ext-gen-marker	5.4 ANC external genitive marker	54_svo_ng_ac_d_ep	svo	ng	nom-acc	deranking	erg-poss	vos	VS	VPA	100	0.9666666666666667	0.01527525231651948	96.66666666666667	1.5275252316519468	0.95	0.98	0.0	0.0	0.6912540578842163	0.1323458438269819	bos_eos	seed_42,seed_43,seed_44
5_4_anc_ext_gen_marker	30_5_4_anc_ext_gen_marker	fig:heatmap-30-anc-ext-gen-marker	5.4 ANC external genitive marker	55_svo_ng_ac_d_no	svo	ng	nom-acc	deranking	nomn	vos	VS	VPA	100	0.8866666666666667	0.05859465277082321	88.66666666666667	5.8594652770823155	0.82	0.93	0.0	0.0	0.5344228426615397	0.14210412677299983	bos_eos	seed_42,seed_43,seed_44
5_4_anc_ext_gen_marker	30_5_4_anc_ext_gen_marker	fig:heatmap-30-anc-ext-gen-marker	5.4 ANC external genitive marker	56_svo_ng_er_b_se	svo	ng	erg-abs	balancing	sent	svo	SV	AVP	100	0.7466666666666667	0.06806859285554046	74.66666666666667	6.8068592855540455	0.67	0.8	0.0	0.0	0.306859564781189	0.0443598435731385	bos_eos	seed_42,seed_43,seed_44
5_4_anc_ext_gen_marker	30_5_4_anc_ext_gen_marker	fig:heatmap-30-anc-ext-gen-marker	5.4 ANC external genitive marker	57_svo_ng_er_b_pa	svo	ng	erg-abs	balancing	poss-acc	vos	VS	VPA	100	0.9	0.04358898943540671	90.0	4.358898943540674	0.87	0.95	0.0	0.0	0.35488064448038736	0.07962532809970539	bos_eos	seed_42,seed_43,seed_44
5_4_anc_ext_gen_marker	30_5_4_anc_ext_gen_marker	fig:heatmap-30-anc-ext-gen-marker	5.4 ANC external genitive marker	58_svo_ng_er_b_ep	svo	ng	erg-abs	balancing	erg-poss	vos	VS	VPA	100	0.97	0.017320508075688787	97.0	1.7320508075688772	0.95	0.98	0.0	0.0	0.6834434827168783	0.03305854415170678	bos_eos	seed_42,seed_43,seed_44
5_4_anc_ext_gen_marker	30_5_4_anc_ext_gen_marker	fig:heatmap-30-anc-ext-gen-marker	5.4 ANC external genitive marker	59_svo_ng_er_b_no	svo	ng	erg-abs	balancing	nomn	vos	VS	VPA	100	0.9466666666666667	0.01527525231651942	94.66666666666667	1.5275252316519468	0.93	0.96	0.0	0.0	0.6214242871602377	0.09677657287437821	bos_eos	seed_42,seed_43,seed_44
5_4_anc_ext_gen_marker	30_5_4_anc_ext_gen_marker	fig:heatmap-30-anc-ext-gen-marker	5.4 ANC external genitive marker	60_svo_ng_er_d_se	svo	ng	erg-abs	deranking	sent	svo	SV	AVP	100	0.5366666666666666	0.13576941236277537	53.666666666666664	13.576941236277534	0.41	0.68	0.0	0.0	0.046060352325439445	0.18647098848252067	bos_eos	seed_42,seed_43,seed_44
5_4_anc_ext_gen_marker	30_5_4_anc_ext_gen_marker	fig:heatmap-30-anc-ext-gen-marker	5.4 ANC external genitive marker	61_svo_ng_er_d_pa	svo	ng	erg-abs	deranking	poss-acc	vos	VS	VPA	100	0.5033333333333334	0.1497776129244065	50.33333333333334	14.977761292440647	0.38	0.67	0.0	0.0	0.02149821122487386	0.13416732585716185	bos_eos	seed_42,seed_43,seed_44
5_4_anc_ext_gen_marker	30_5_4_anc_ext_gen_marker	fig:heatmap-30-anc-ext-gen-marker	5.4 ANC external genitive marker	62_svo_ng_er_d_ep	svo	ng	erg-abs	deranking	erg-poss	vos	VS	VPA	100	0.53	0.12489995996796795	53.0	12.489995996796795	0.39	0.63	0.0	0.0	0.07737356503804525	0.11512100572155554	bos_eos	seed_42,seed_43,seed_44
5_4_anc_ext_gen_marker	30_5_4_anc_ext_gen_marker	fig:heatmap-30-anc-ext-gen-marker	5.4 ANC external genitive marker	63_svo_ng_er_d_no	svo	ng	erg-abs	deranking	nomn	vos	VS	VPA	100	0.68	0.18520259177452134	68.0	18.520259177452136	0.54	0.89	0.0	0.0	0.25977127552032475	0.29506365927126954	bos_eos	seed_42,seed_43,seed_44
5_4_anc_ext_gen_marker	30_5_4_anc_ext_gen_marker	fig:heatmap-30-anc-ext-gen-marker	5.4 ANC external genitive marker	64_vos_gn_ac_b_se	vos	gn	nom-acc	balancing	sent	vos	VS	VPA	100	0.6033333333333333	0.025166114784235857	60.33333333333333	2.5166114784235867	0.58	0.63	0.0	0.0	0.108193146387736	0.01263957657954359	bos_eos	seed_42,seed_43,seed_44
5_4_anc_ext_gen_marker	30_5_4_anc_ext_gen_marker	fig:heatmap-30-anc-ext-gen-marker	5.4 ANC external genitive marker	65_vos_gn_ac_b_pa	vos	gn	nom-acc	balancing	poss-acc	svo	SV	AVP	100	0.6233333333333333	0.03055050463303896	62.33333333333333	3.0550504633038935	0.59	0.65	0.0	0.0	0.16491113503774008	0.0073379115964132755	bos_eos	seed_42,seed_43,seed_44
5_4_anc_ext_gen_marker	30_5_4_anc_ext_gen_marker	fig:heatmap-30-anc-ext-gen-marker	5.4 ANC external genitive marker	66_vos_gn_ac_b_ep	vos	gn	nom-acc	balancing	erg-poss	sov	SV	PVA	100	0.99	0.0	99.0	0.0	0.99	0.99	0.0	0.0	0.5274974226951599	0.0511982739882235	bos_eos	seed_42,seed_43,seed_44
5_4_anc_ext_gen_marker	30_5_4_anc_ext_gen_marker	fig:heatmap-30-anc-ext-gen-marker	5.4 ANC external genitive marker	67_vos_gn_ac_b_no	vos	gn	nom-acc	balancing	nomn	svo	SV	AVP	100	0.9633333333333333	0.005773502691896263	96.33333333333333	0.5773502691896257	0.96	0.97	0.0	0.0	0.3476266074180603	0.032270572358092435	bos_eos	seed_42,seed_43,seed_44
5_4_anc_ext_gen_marker	30_5_4_anc_ext_gen_marker	fig:heatmap-30-anc-ext-gen-marker	5.4 ANC external genitive marker	68_vos_gn_ac_d_se	vos	gn	nom-acc	deranking	sent	vos	VS	VPA	100	0.34	0.0854400374531753	34.0	8.54400374531753	0.26	0.43	0.0	0.0	-0.10587323586146037	0.06642534707678174	bos_eos	seed_42,seed_43,seed_44
5_4_anc_ext_gen_marker	30_5_4_anc_ext_gen_marker	fig:heatmap-30-anc-ext-gen-marker	5.4 ANC external genitive marker	69_vos_gn_ac_d_pa	vos	gn	nom-acc	deranking	poss-acc	svo	SV	AVP	100	0.5566666666666666	0.015275252316519432	55.666666666666664	1.5275252316519443	0.54	0.57	0.0	0.0	0.0700765593846639	0.013887854525592968	bos_eos	seed_42,seed_43,seed_44
5_4_anc_ext_gen_marker	30_5_4_anc_ext_gen_marker	fig:heatmap-30-anc-ext-gen-marker	5.4 ANC external genitive marker	70_vos_gn_ac_d_ep	vos	gn	nom-acc	deranking	erg-poss	sov	SV	PVA	100	0.8633333333333333	0.03511884584284249	86.33333333333333	3.5118845842842465	0.83	0.9	0.0	0.0	0.35709721326828003	0.03963888143121618	bos_eos	seed_42,seed_43,seed_44
5_4_anc_ext_gen_marker	30_5_4_anc_ext_gen_marker	fig:heatmap-30-anc-ext-gen-marker	5.4 ANC external genitive marker	71_vos_gn_ac_d_no	vos	gn	nom-acc	deranking	nomn	svo	SV	AVP	100	0.82	0.04358898943540671	82.0	4.358898943540674	0.77	0.85	0.0	0.0	0.19965835173924765	0.036159886068867414	bos_eos	seed_42,seed_43,seed_44
5_4_anc_ext_gen_marker	30_5_4_anc_ext_gen_marker	fig:heatmap-30-anc-ext-gen-marker	5.4 ANC external genitive marker	72_vos_gn_er_b_se	vos	gn	erg-abs	balancing	sent	vos	VS	VPA	100	0.5800000000000001	0.04358898943540671	58.00000000000001	4.3588989435406695	0.55	0.63	0.0	0.0	0.15641485691070556	0.054955034019811076	bos_eos	seed_42,seed_43,seed_44
5_4_anc_ext_gen_marker	30_5_4_anc_ext_gen_marker	fig:heatmap-30-anc-ext-gen-marker	5.4 ANC external genitive marker	73_vos_gn_er_b_pa	vos	gn	erg-abs	balancing	poss-acc	svo	SV	AVP	100	0.8266666666666667	0.05859465277082314	82.66666666666667	5.8594652770823155	0.76	0.87	0.0	0.0	0.29776522318522136	0.057750689180052744	bos_eos	seed_42,seed_43,seed_44
5_4_anc_ext_gen_marker	30_5_4_anc_ext_gen_marker	fig:heatmap-30-anc-ext-gen-marker	5.4 ANC external genitive marker	74_vos_gn_er_b_ep	vos	gn	erg-abs	balancing	erg-poss	sov	SV	PVA	100	0.96	0.026457513110645932	96.0	2.6457513110645907	0.94	0.99	0.0	0.0	0.4423218003908793	0.044210108423939506	bos_eos	seed_42,seed_43,seed_44
5_4_anc_ext_gen_marker	30_5_4_anc_ext_gen_marker	fig:heatmap-30-anc-ext-gen-marker	5.4 ANC external genitive marker	75_vos_gn_er_b_no	vos	gn	erg-abs	balancing	nomn	svo	SV	AVP	100	0.71	0.03605551275463988	71.0	3.605551275463989	0.68	0.75	0.0	0.0	0.3093391497929891	0.04365588565766062	bos_eos	seed_42,seed_43,seed_44
5_4_anc_ext_gen_marker	30_5_4_anc_ext_gen_marker	fig:heatmap-30-anc-ext-gen-marker	5.4 ANC external genitive marker	76_vos_gn_er_d_se	vos	gn	erg-abs	deranking	sent	vos	VS	VPA	100	0.5133333333333333	0.01527525231651948	51.33333333333333	1.5275252316519468	0.5	0.53	0.0	0.0	0.09512534459431966	0.04281269230823728	bos_eos	seed_42,seed_43,seed_44
5_4_anc_ext_gen_marker	30_5_4_anc_ext_gen_marker	fig:heatmap-30-anc-ext-gen-marker	5.4 ANC external genitive marker	77_vos_gn_er_d_pa	vos	gn	erg-abs	deranking	poss-acc	svo	SV	AVP	100	0.6866666666666666	0.005773502691896198	68.66666666666667	0.5773502691896257	0.68	0.69	0.0	0.0	0.1988273549079895	0.02308065256158615	bos_eos	seed_42,seed_43,seed_44
5_4_anc_ext_gen_marker	30_5_4_anc_ext_gen_marker	fig:heatmap-30-anc-ext-gen-marker	5.4 ANC external genitive marker	78_vos_gn_er_d_ep	vos	gn	erg-abs	deranking	erg-poss	sov	SV	PVA	100	0.88	0.020000000000000018	88.0	2.0	0.86	0.9	0.0	0.0	0.39502647320429485	0.04397161139110167	bos_eos	seed_42,seed_43,seed_44
5_4_anc_ext_gen_marker	30_5_4_anc_ext_gen_marker	fig:heatmap-30-anc-ext-gen-marker	5.4 ANC external genitive marker	79_vos_gn_er_d_no	vos	gn	erg-abs	deranking	nomn	svo	SV	AVP	100	0.51	0.04582575694955844	51.0	4.582575694955844	0.47	0.56	0.0	0.0	0.0877799089749654	0.0413704201872824	bos_eos	seed_42,seed_43,seed_44
5_4_anc_ext_gen_marker	30_5_4_anc_ext_gen_marker	fig:heatmap-30-anc-ext-gen-marker	5.4 ANC external genitive marker	80_vos_ng_ac_b_se	vos	ng	nom-acc	balancing	sent	vos	VS	VPA	100	0.7166666666666667	0.07371114795831996	71.66666666666667	7.371114795831994	0.66	0.8	0.0	0.0	0.16706684589385987	0.06908956288917767	bos_eos	seed_42,seed_43,seed_44
5_4_anc_ext_gen_marker	30_5_4_anc_ext_gen_marker	fig:heatmap-30-anc-ext-gen-marker	5.4 ANC external genitive marker	81_vos_ng_ac_b_pa	vos	ng	nom-acc	balancing	poss-acc	vos	VS	VPA	100	0.7666666666666667	0.10408329997330662	76.66666666666667	10.408329997330663	0.65	0.85	0.0	0.0	0.1404208819071452	0.06747601816979155	bos_eos	seed_42,seed_43,seed_44
5_4_anc_ext_gen_marker	30_5_4_anc_ext_gen_marker	fig:heatmap-30-anc-ext-gen-marker	5.4 ANC external genitive marker	82_vos_ng_ac_b_ep	vos	ng	nom-acc	balancing	erg-poss	vos	VS	VPA	100	0.9766666666666667	0.020816659994661348	97.66666666666667	2.0816659994661326	0.96	1.0	0.0	0.0	0.575810649394989	0.03789668250938022	bos_eos	seed_42,seed_43,seed_44
5_4_anc_ext_gen_marker	30_5_4_anc_ext_gen_marker	fig:heatmap-30-anc-ext-gen-marker	5.4 ANC external genitive marker	83_vos_ng_ac_b_no	vos	ng	nom-acc	balancing	nomn	vos	VS	VPA	100	0.9533333333333334	0.020816659994661285	95.33333333333334	2.0816659994661326	0.93	0.97	0.0	0.0	0.45234182914098103	0.0240494726352894	bos_eos	seed_42,seed_43,seed_44
5_4_anc_ext_gen_marker	30_5_4_anc_ext_gen_marker	fig:heatmap-30-anc-ext-gen-marker	5.4 ANC external genitive marker	84_vos_ng_ac_d_se	vos	ng	nom-acc	deranking	sent	vos	VS	VPA	100	0.6933333333333334	0.05507570547286101	69.33333333333334	5.507570547286102	0.63	0.73	0.0	0.0	0.15740987300872802	0.054675325873177805	bos_eos	seed_42,seed_43,seed_44
5_4_anc_ext_gen_marker	30_5_4_anc_ext_gen_marker	fig:heatmap-30-anc-ext-gen-marker	5.4 ANC external genitive marker	85_vos_ng_ac_d_pa	vos	ng	nom-acc	deranking	poss-acc	vos	VS	VPA	100	0.79	0.06557438524302002	79.0	6.557438524302	0.72	0.85	0.0	0.0	0.1945111854871114	0.03783091461553174	bos_eos	seed_42,seed_43,seed_44
5_4_anc_ext_gen_marker	30_5_4_anc_ext_gen_marker	fig:heatmap-30-anc-ext-gen-marker	5.4 ANC external genitive marker	86_vos_ng_ac_d_ep	vos	ng	nom-acc	deranking	erg-poss	vos	VS	VPA	100	0.9233333333333333	0.020816659994661302	92.33333333333333	2.0816659994661326	0.9	0.94	0.0	0.0	0.47557683785756427	0.021648652162321088	bos_eos	seed_42,seed_43,seed_44
5_4_anc_ext_gen_marker	30_5_4_anc_ext_gen_marker	fig:heatmap-30-anc-ext-gen-marker	5.4 ANC external genitive marker	87_vos_ng_ac_d_no	vos	ng	nom-acc	deranking	nomn	vos	VS	VPA	100	0.8766666666666667	0.01527525231651948	87.66666666666667	1.5275252316519468	0.86	0.89	0.0	0.0	0.4463573400179545	0.035406232264769126	bos_eos	seed_42,seed_43,seed_44
5_4_anc_ext_gen_marker	30_5_4_anc_ext_gen_marker	fig:heatmap-30-anc-ext-gen-marker	5.4 ANC external genitive marker	88_vos_ng_er_b_se	vos	ng	erg-abs	balancing	sent	vos	VS	VPA	100	0.56	0.08888194417315587	56.00000000000001	8.888194417315589	0.46	0.63	0.0	0.0	0.09390723864237467	0.06479142309654552	bos_eos	seed_42,seed_43,seed_44
5_4_anc_ext_gen_marker	30_5_4_anc_ext_gen_marker	fig:heatmap-30-anc-ext-gen-marker	5.4 ANC external genitive marker	89_vos_ng_er_b_pa	vos	ng	erg-abs	balancing	poss-acc	vos	VS	VPA	100	0.5966666666666667	0.03785938897200186	59.66666666666667	3.7859388972001864	0.57	0.64	0.0	0.0	0.16689016580581664	0.014382945040657001	bos_eos	seed_42,seed_43,seed_44
5_4_anc_ext_gen_marker	30_5_4_anc_ext_gen_marker	fig:heatmap-30-anc-ext-gen-marker	5.4 ANC external genitive marker	90_vos_ng_er_b_ep	vos	ng	erg-abs	balancing	erg-poss	vos	VS	VPA	100	0.7066666666666667	0.09504384952922172	70.66666666666667	9.504384952922168	0.61	0.8	0.0	0.0	0.5174010960261027	0.02461502141490006	bos_eos	seed_42,seed_43,seed_44
5_4_anc_ext_gen_marker	30_5_4_anc_ext_gen_marker	fig:heatmap-30-anc-ext-gen-marker	5.4 ANC external genitive marker	91_vos_ng_er_b_no	vos	ng	erg-abs	balancing	nomn	vos	VS	VPA	100	0.68	0.11000000000000004	68.0	11.000000000000004	0.57	0.79	0.0	0.0	0.4698738400141398	0.06088891906889006	bos_eos	seed_42,seed_43,seed_44
5_4_anc_ext_gen_marker	30_5_4_anc_ext_gen_marker	fig:heatmap-30-anc-ext-gen-marker	5.4 ANC external genitive marker	92_vos_ng_er_d_se	vos	ng	erg-abs	deranking	sent	vos	VS	VPA	100	0.5733333333333334	0.047258156262526066	57.333333333333336	4.725815626252608	0.52	0.61	0.0	0.0	0.16508163293202718	0.09784567280457591	bos_eos	seed_42,seed_43,seed_44
5_4_anc_ext_gen_marker	30_5_4_anc_ext_gen_marker	fig:heatmap-30-anc-ext-gen-marker	5.4 ANC external genitive marker	93_vos_ng_er_d_pa	vos	ng	erg-abs	deranking	poss-acc	vos	VS	VPA	100	0.5666666666666667	0.08504900548115384	56.666666666666664	8.504900548115382	0.47	0.63	0.0	0.0	0.19205706993738808	0.07510822168950916	bos_eos	seed_42,seed_43,seed_44
5_4_anc_ext_gen_marker	30_5_4_anc_ext_gen_marker	fig:heatmap-30-anc-ext-gen-marker	5.4 ANC external genitive marker	94_vos_ng_er_d_ep	vos	ng	erg-abs	deranking	erg-poss	vos	VS	VPA	100	0.6466666666666666	0.03785938897200179	64.66666666666666	3.7859388972001824	0.62	0.69	0.0	0.0	0.40949722131093347	0.09379588888829676	bos_eos	seed_42,seed_43,seed_44
5_4_anc_ext_gen_marker	30_5_4_anc_ext_gen_marker	fig:heatmap-30-anc-ext-gen-marker	5.4 ANC external genitive marker	95_vos_ng_er_d_no	vos	ng	erg-abs	deranking	nomn	vos	VS	VPA	100	0.6066666666666667	0.04932882862316245	60.66666666666667	4.9328828623162435	0.55	0.64	0.0	0.0	0.3162056024869283	0.06916221779224653	bos_eos	seed_42,seed_43,seed_44
6_1_anc_omit_S	31_6_1_anc_omit_S	fig:heatmap-31-anc-omit-s	6.1 ANC omitted S	00_sov_gn_ac_b_se	sov	gn	nom-acc	balancing	sent	sov	SV	APV	100	1.0	0.0	100.0	0.0	1.0	1.0	0.0	0.0	2.162351446946462	0.119639775071354	bos_eos	seed_42,seed_43,seed_44
6_1_anc_omit_S	31_6_1_anc_omit_S	fig:heatmap-31-anc-omit-s	6.1 ANC omitted S	01_sov_gn_ac_b_pa	sov	gn	nom-acc	balancing	poss-acc	sov	SV	APV	100	1.0	0.0	100.0	0.0	1.0	1.0	0.0	0.0	2.160877959728241	0.0559791994053978	bos_eos	seed_42,seed_43,seed_44
6_1_anc_omit_S	31_6_1_anc_omit_S	fig:heatmap-31-anc-omit-s	6.1 ANC omitted S	02_sov_gn_ac_b_ep	sov	gn	nom-acc	balancing	erg-poss	sov	SV	APV	100	0.9966666666666667	0.005773502691896263	99.66666666666667	0.5773502691896257	0.99	1.0	0.0	0.0	2.136671931743622	0.14367339234025395	bos_eos	seed_42,seed_43,seed_44
6_1_anc_omit_S	31_6_1_anc_omit_S	fig:heatmap-31-anc-omit-s	6.1 ANC omitted S	03_sov_gn_ac_b_no	sov	gn	nom-acc	balancing	nomn	sov	SV	APV	100	1.0	0.0	100.0	0.0	1.0	1.0	0.0	0.0	2.3108901755015054	0.29723703890296804	bos_eos	seed_42,seed_43,seed_44
6_1_anc_omit_S	31_6_1_anc_omit_S	fig:heatmap-31-anc-omit-s	6.1 ANC omitted S	04_sov_gn_ac_d_se	sov	gn	nom-acc	deranking	sent	sov	SV	APV	100	1.0	0.0	100.0	0.0	1.0	1.0	0.0	0.0	3.1090671332677204	0.19084332200511658	bos_eos	seed_42,seed_43,seed_44
6_1_anc_omit_S	31_6_1_anc_omit_S	fig:heatmap-31-anc-omit-s	6.1 ANC omitted S	05_sov_gn_ac_d_pa	sov	gn	nom-acc	deranking	poss-acc	sov	SV	APV	100	1.0	0.0	100.0	0.0	1.0	1.0	0.0	0.0	2.9899283901850384	0.06312191210130078	bos_eos	seed_42,seed_43,seed_44
6_1_anc_omit_S	31_6_1_anc_omit_S	fig:heatmap-31-anc-omit-s	6.1 ANC omitted S	06_sov_gn_ac_d_ep	sov	gn	nom-acc	deranking	erg-poss	sov	SV	APV	100	1.0	0.0	100.0	0.0	1.0	1.0	0.0	0.0	3.0903355073928833	0.2101457265262046	bos_eos	seed_42,seed_43,seed_44
6_1_anc_omit_S	31_6_1_anc_omit_S	fig:heatmap-31-anc-omit-s	6.1 ANC omitted S	07_sov_gn_ac_d_no	sov	gn	nom-acc	deranking	nomn	sov	SV	APV	100	1.0	0.0	100.0	0.0	1.0	1.0	0.0	0.0	3.267527887026469	0.06224698313479297	bos_eos	seed_42,seed_43,seed_44
6_1_anc_omit_S	31_6_1_anc_omit_S	fig:heatmap-31-anc-omit-s	6.1 ANC omitted S	08_sov_gn_er_b_se	sov	gn	erg-abs	balancing	sent	sov	SV	APV	100	0.9166666666666666	0.03511884584284244	91.66666666666666	3.5118845842842465	0.88	0.95	0.0	0.0	0.8350505089759827	0.037574660801379695	bos_eos	seed_42,seed_43,seed_44
6_1_anc_omit_S	31_6_1_anc_omit_S	fig:heatmap-31-anc-omit-s	6.1 ANC omitted S	09_sov_gn_er_b_pa	sov	gn	erg-abs	balancing	poss-acc	sov	SV	APV	100	0.9433333333333334	0.015275252316519432	94.33333333333334	1.5275252316519468	0.93	0.96	0.0	0.0	0.86574054479599	0.05323695535808062	bos_eos	seed_42,seed_43,seed_44
6_1_anc_omit_S	31_6_1_anc_omit_S	fig:heatmap-31-anc-omit-s	6.1 ANC omitted S	10_sov_gn_er_b_ep	sov	gn	erg-abs	balancing	erg-poss	sov	SV	APV	100	0.9633333333333333	0.01527525231651948	96.33333333333333	1.5275252316519468	0.95	0.98	0.0	0.0	0.9355097889900208	0.08072343299144417	bos_eos	seed_42,seed_43,seed_44
6_1_anc_omit_S	31_6_1_anc_omit_S	fig:heatmap-31-anc-omit-s	6.1 ANC omitted S	11_sov_gn_er_b_no	sov	gn	erg-abs	balancing	nomn	sov	SV	APV	100	0.9266666666666666	0.06658328118479392	92.66666666666666	6.658328118479393	0.87	1.0	0.0	0.0	0.852350131670634	0.06260033147045609	bos_eos	seed_42,seed_43,seed_44
6_1_anc_omit_S	31_6_1_anc_omit_S	fig:heatmap-31-anc-omit-s	6.1 ANC omitted S	12_sov_gn_er_d_se	sov	gn	erg-abs	deranking	sent	sov	SV	APV	100	0.9866666666666667	0.011547005383792526	98.66666666666667	1.1547005383792515	0.98	1.0	0.0	0.0	1.1565978280703226	0.07710051146363953	bos_eos	seed_42,seed_43,seed_44
6_1_anc_omit_S	31_6_1_anc_omit_S	fig:heatmap-31-anc-omit-s	6.1 ANC omitted S	13_sov_gn_er_d_pa	sov	gn	erg-abs	deranking	poss-acc	sov	SV	APV	100	0.9933333333333333	0.011547005383792526	99.33333333333333	1.1547005383792515	0.98	1.0	0.0	0.0	1.4315790669123332	0.08965726628933329	bos_eos	seed_42,seed_43,seed_44
6_1_anc_omit_S	31_6_1_anc_omit_S	fig:heatmap-31-anc-omit-s	6.1 ANC omitted S	14_sov_gn_er_d_ep	sov	gn	erg-abs	deranking	erg-poss	sov	SV	APV	100	0.9866666666666667	0.01527525231651948	98.66666666666667	1.5275252316519468	0.97	1.0	0.0	0.0	1.281398454507192	0.08840657471423942	bos_eos	seed_42,seed_43,seed_44
6_1_anc_omit_S	31_6_1_anc_omit_S	fig:heatmap-31-anc-omit-s	6.1 ANC omitted S	15_sov_gn_er_d_no	sov	gn	erg-abs	deranking	nomn	sov	SV	APV	100	0.98	0.017320508075688787	98.0	1.7320508075688772	0.96	0.99	0.0	0.0	1.3617682472864787	0.08404823684334632	bos_eos	seed_42,seed_43,seed_44
6_1_anc_omit_S	31_6_1_anc_omit_S	fig:heatmap-31-anc-omit-s	6.1 ANC omitted S	16_sov_ng_ac_b_se	sov	ng	nom-acc	balancing	sent	sov	SV	APV	100	1.0	0.0	100.0	0.0	1.0	1.0	0.0	0.0	2.167692476113637	0.16426966881700553	bos_eos	seed_42,seed_43,seed_44
6_1_anc_omit_S	31_6_1_anc_omit_S	fig:heatmap-31-anc-omit-s	6.1 ANC omitted S	17_sov_ng_ac_b_pa	sov	ng	nom-acc	balancing	poss-acc	ovs	VS	PVA	100	1.0	0.0	100.0	0.0	1.0	1.0	0.0	0.0	2.141921819845835	0.10881115293702928	bos_eos	seed_42,seed_43,seed_44
6_1_anc_omit_S	31_6_1_anc_omit_S	fig:heatmap-31-anc-omit-s	6.1 ANC omitted S	18_sov_ng_ac_b_ep	sov	ng	nom-acc	balancing	erg-poss	vos	VS	AVP	100	1.0	0.0	100.0	0.0	1.0	1.0	0.0	0.0	2.1703259166081748	0.06122887464682837	bos_eos	seed_42,seed_43,seed_44
6_1_anc_omit_S	31_6_1_anc_omit_S	fig:heatmap-31-anc-omit-s	6.1 ANC omitted S	19_sov_ng_ac_b_no	sov	ng	nom-acc	balancing	nomn	ovs	VS	PVA	100	1.0	0.0	100.0	0.0	1.0	1.0	0.0	0.0	2.180228950182597	0.07368712695495803	bos_eos	seed_42,seed_43,seed_44
6_1_anc_omit_S	31_6_1_anc_omit_S	fig:heatmap-31-anc-omit-s	6.1 ANC omitted S	20_sov_ng_ac_d_se	sov	ng	nom-acc	deranking	sent	sov	SV	APV	100	1.0	0.0	100.0	0.0	1.0	1.0	0.0	0.0	2.94908304532369	0.06809500612854119	bos_eos	seed_42,seed_43,seed_44
6_1_anc_omit_S	31_6_1_anc_omit_S	fig:heatmap-31-anc-omit-s	6.1 ANC omitted S	21_sov_ng_ac_d_pa	sov	ng	nom-acc	deranking	poss-acc	ovs	VS	PVA	100	1.0	0.0	100.0	0.0	1.0	1.0	0.0	0.0	3.0773825271924338	0.08752418380659886	bos_eos	seed_42,seed_43,seed_44
6_1_anc_omit_S	31_6_1_anc_omit_S	fig:heatmap-31-anc-omit-s	6.1 ANC omitted S	22_sov_ng_ac_d_ep	sov	ng	nom-acc	deranking	erg-poss	vos	VS	AVP	100	1.0	0.0	100.0	0.0	1.0	1.0	0.0	0.0	3.1025958371162417	0.06505862365701783	bos_eos	seed_42,seed_43,seed_44
6_1_anc_omit_S	31_6_1_anc_omit_S	fig:heatmap-31-anc-omit-s	6.1 ANC omitted S	23_sov_ng_ac_d_no	sov	ng	nom-acc	deranking	nomn	ovs	VS	PVA	100	1.0	0.0	100.0	0.0	1.0	1.0	0.0	0.0	3.251159363587697	0.012086763789565002	bos_eos	seed_42,seed_43,seed_44
6_1_anc_omit_S	31_6_1_anc_omit_S	fig:heatmap-31-anc-omit-s	6.1 ANC omitted S	24_sov_ng_er_b_se	sov	ng	erg-abs	balancing	sent	sov	SV	APV	100	0.9199999999999999	0.04358898943540671	92.0	4.358898943540674	0.87	0.95	0.0	0.0	0.8223791011174519	0.07511369713653508	bos_eos	seed_42,seed_43,seed_44
6_1_anc_omit_S	31_6_1_anc_omit_S	fig:heatmap-31-anc-omit-s	6.1 ANC omitted S	25_sov_ng_er_b_pa	sov	ng	erg-abs	balancing	poss-acc	ovs	VS	PVA	100	0.9633333333333334	0.03511884584284244	96.33333333333334	3.5118845842842465	0.93	1.0	0.0	0.0	0.8143146594365438	0.05234910153429933	bos_eos	seed_42,seed_43,seed_44
6_1_anc_omit_S	31_6_1_anc_omit_S	fig:heatmap-31-anc-omit-s	6.1 ANC omitted S	26_sov_ng_er_b_ep	sov	ng	erg-abs	balancing	erg-poss	vos	VS	AVP	100	0.9633333333333333	0.01527525231651948	96.33333333333333	1.5275252316519468	0.95	0.98	0.0	0.0	0.9461360820134481	0.08882702694278283	bos_eos	seed_42,seed_43,seed_44
6_1_anc_omit_S	31_6_1_anc_omit_S	fig:heatmap-31-anc-omit-s	6.1 ANC omitted S	27_sov_ng_er_b_no	sov	ng	erg-abs	balancing	nomn	ovs	VS	PVA	100	0.9433333333333334	0.04163331998932263	94.33333333333334	4.163331998932265	0.91	0.99	0.0	0.0	0.8596926585833231	0.0171516578771482	bos_eos	seed_42,seed_43,seed_44
6_1_anc_omit_S	31_6_1_anc_omit_S	fig:heatmap-31-anc-omit-s	6.1 ANC omitted S	28_sov_ng_er_d_se	sov	ng	erg-abs	deranking	sent	sov	SV	APV	100	0.9733333333333333	0.023094010767585053	97.33333333333333	2.309401076758503	0.96	1.0	0.0	0.0	1.1979254738489786	0.01106089817670297	bos_eos	seed_42,seed_43,seed_44
6_1_anc_omit_S	31_6_1_anc_omit_S	fig:heatmap-31-anc-omit-s	6.1 ANC omitted S	29_sov_ng_er_d_pa	sov	ng	erg-abs	deranking	poss-acc	ovs	VS	PVA	100	0.9966666666666667	0.005773502691896263	99.66666666666667	0.5773502691896257	0.99	1.0	0.0	0.0	1.3952246197064717	0.1250240643301292	bos_eos	seed_42,seed_43,seed_44
6_1_anc_omit_S	31_6_1_anc_omit_S	fig:heatmap-31-anc-omit-s	6.1 ANC omitted S	30_sov_ng_er_d_ep	sov	ng	erg-abs	deranking	erg-poss	vos	VS	AVP	100	0.9966666666666667	0.005773502691896263	99.66666666666667	0.5773502691896257	0.99	1.0	0.0	0.0	1.3383200518290201	0.04987071834625421	bos_eos	seed_42,seed_43,seed_44
6_1_anc_omit_S	31_6_1_anc_omit_S	fig:heatmap-31-anc-omit-s	6.1 ANC omitted S	31_sov_ng_er_d_no	sov	ng	erg-abs	deranking	nomn	ovs	VS	PVA	100	0.9833333333333333	0.005773502691896263	98.33333333333333	0.5773502691896257	0.98	0.99	0.0	0.0	1.1831976278622944	0.0850746248208893	bos_eos	seed_42,seed_43,seed_44
6_1_anc_omit_S	31_6_1_anc_omit_S	fig:heatmap-31-anc-omit-s	6.1 ANC omitted S	32_svo_gn_ac_b_se	svo	gn	nom-acc	balancing	sent	svo	SV	AVP	100	1.0	0.0	100.0	0.0	1.0	1.0	0.0	0.0	2.347206118106842	0.06799016768982748	bos_eos	seed_42,seed_43,seed_44
6_1_anc_omit_S	31_6_1_anc_omit_S	fig:heatmap-31-anc-omit-s	6.1 ANC omitted S	33_svo_gn_ac_b_pa	svo	gn	nom-acc	balancing	poss-acc	svo	SV	AVP	100	1.0	0.0	100.0	0.0	1.0	1.0	0.0	0.0	2.3182938663164774	0.05167441551868007	bos_eos	seed_42,seed_43,seed_44
6_1_anc_omit_S	31_6_1_anc_omit_S	fig:heatmap-31-anc-omit-s	6.1 ANC omitted S	34_svo_gn_ac_b_ep	svo	gn	nom-acc	balancing	erg-poss	sov	SV	PVA	100	1.0	0.0	100.0	0.0	1.0	1.0	0.0	0.0	2.241740295886993	0.05622658425802494	bos_eos	seed_42,seed_43,seed_44
6_1_anc_omit_S	31_6_1_anc_omit_S	fig:heatmap-31-anc-omit-s	6.1 ANC omitted S	35_svo_gn_ac_b_no	svo	gn	nom-acc	balancing	nomn	svo	SV	AVP	100	1.0	0.0	100.0	0.0	1.0	1.0	0.0	0.0	2.3246779807408653	0.05698058777980641	bos_eos	seed_42,seed_43,seed_44
6_1_anc_omit_S	31_6_1_anc_omit_S	fig:heatmap-31-anc-omit-s	6.1 ANC omitted S	36_svo_gn_ac_d_se	svo	gn	nom-acc	deranking	sent	svo	SV	AVP	100	1.0	0.0	100.0	0.0	1.0	1.0	0.0	0.0	2.3121154443422953	0.20009506488645815	bos_eos	seed_42,seed_43,seed_44
6_1_anc_omit_S	31_6_1_anc_omit_S	fig:heatmap-31-anc-omit-s	6.1 ANC omitted S	37_svo_gn_ac_d_pa	svo	gn	nom-acc	deranking	poss-acc	svo	SV	AVP	100	1.0	0.0	100.0	0.0	1.0	1.0	0.0	0.0	2.271554932594299	0.049440717436386505	bos_eos	seed_42,seed_43,seed_44
6_1_anc_omit_S	31_6_1_anc_omit_S	fig:heatmap-31-anc-omit-s	6.1 ANC omitted S	38_svo_gn_ac_d_ep	svo	gn	nom-acc	deranking	erg-poss	sov	SV	PVA	100	1.0	0.0	100.0	0.0	1.0	1.0	0.0	0.0	2.372699323495229	0.2624302990143247	bos_eos	seed_42,seed_43,seed_44
6_1_anc_omit_S	31_6_1_anc_omit_S	fig:heatmap-31-anc-omit-s	6.1 ANC omitted S	39_svo_gn_ac_d_no	svo	gn	nom-acc	deranking	nomn	svo	SV	AVP	100	1.0	0.0	100.0	0.0	1.0	1.0	0.0	0.0	2.3842597524325053	0.33271481017908827	bos_eos	seed_42,seed_43,seed_44
6_1_anc_omit_S	31_6_1_anc_omit_S	fig:heatmap-31-anc-omit-s	6.1 ANC omitted S	40_svo_gn_er_b_se	svo	gn	erg-abs	balancing	sent	svo	SV	AVP	100	0.9633333333333333	0.01527525231651948	96.33333333333333	1.5275252316519468	0.95	0.98	0.0	0.0	0.9597429649035136	0.03776987541186243	bos_eos	seed_42,seed_43,seed_44
6_1_anc_omit_S	31_6_1_anc_omit_S	fig:heatmap-31-anc-omit-s	6.1 ANC omitted S	41_svo_gn_er_b_pa	svo	gn	erg-abs	balancing	poss-acc	svo	SV	AVP	100	0.9433333333333334	0.020816659994661285	94.33333333333334	2.0816659994661326	0.92	0.96	0.0	0.0	0.9969323825836182	0.024913646784737408	bos_eos	seed_42,seed_43,seed_44
6_1_anc_omit_S	31_6_1_anc_omit_S	fig:heatmap-31-anc-omit-s	6.1 ANC omitted S	42_svo_gn_er_b_ep	svo	gn	erg-abs	balancing	erg-poss	sov	SV	PVA	100	0.9233333333333333	0.06429100507328636	92.33333333333333	6.429100507328637	0.85	0.97	0.0	0.0	0.9767339142163595	0.08242665867083541	bos_eos	seed_42,seed_43,seed_44
6_1_anc_omit_S	31_6_1_anc_omit_S	fig:heatmap-31-anc-omit-s	6.1 ANC omitted S	43_svo_gn_er_b_no	svo	gn	erg-abs	balancing	nomn	svo	SV	AVP	100	0.9433333333333334	0.04041451884327378	94.33333333333334	4.041451884327381	0.9	0.98	0.0	0.0	1.1462260643641153	0.10769762010624642	bos_eos	seed_42,seed_43,seed_44
6_1_anc_omit_S	31_6_1_anc_omit_S	fig:heatmap-31-anc-omit-s	6.1 ANC omitted S	44_svo_gn_er_d_se	svo	gn	erg-abs	deranking	sent	svo	SV	AVP	100	0.9666666666666667	0.01527525231651948	96.66666666666667	1.5275252316519468	0.95	0.98	0.0	0.0	1.1909601426124572	0.06383937754034412	bos_eos	seed_42,seed_43,seed_44
6_1_anc_omit_S	31_6_1_anc_omit_S	fig:heatmap-31-anc-omit-s	6.1 ANC omitted S	45_svo_gn_er_d_pa	svo	gn	erg-abs	deranking	poss-acc	svo	SV	AVP	100	0.99	0.010000000000000009	99.0	1.0	0.98	1.0	0.0	0.0	1.3397306895256043	0.09793122519027798	bos_eos	seed_42,seed_43,seed_44
6_1_anc_omit_S	31_6_1_anc_omit_S	fig:heatmap-31-anc-omit-s	6.1 ANC omitted S	46_svo_gn_er_d_ep	svo	gn	erg-abs	deranking	erg-poss	sov	SV	PVA	100	0.9633333333333333	0.020816659994661348	96.33333333333333	2.0816659994661326	0.94	0.98	0.0	0.0	1.0642166145642598	0.054283952241240246	bos_eos	seed_42,seed_43,seed_44
6_1_anc_omit_S	31_6_1_anc_omit_S	fig:heatmap-31-anc-omit-s	6.1 ANC omitted S	47_svo_gn_er_d_no	svo	gn	erg-abs	deranking	nomn	svo	SV	AVP	100	0.9733333333333333	0.020816659994661348	97.33333333333333	2.0816659994661326	0.95	0.99	0.0	0.0	1.2831768012046814	0.05127561333725305	bos_eos	seed_42,seed_43,seed_44
6_1_anc_omit_S	31_6_1_anc_omit_S	fig:heatmap-31-anc-omit-s	6.1 ANC omitted S	48_svo_ng_ac_b_se	svo	ng	nom-acc	balancing	sent	svo	SV	AVP	100	1.0	0.0	100.0	0.0	1.0	1.0	0.0	0.0	2.206141788959503	0.10328001192060784	bos_eos	seed_42,seed_43,seed_44
6_1_anc_omit_S	31_6_1_anc_omit_S	fig:heatmap-31-anc-omit-s	6.1 ANC omitted S	49_svo_ng_ac_b_pa	svo	ng	nom-acc	balancing	poss-acc	vos	VS	VPA	100	1.0	0.0	100.0	0.0	1.0	1.0	0.0	0.0	2.3394178048769634	0.08039319390915296	bos_eos	seed_42,seed_43,seed_44
6_1_anc_omit_S	31_6_1_anc_omit_S	fig:heatmap-31-anc-omit-s	6.1 ANC omitted S	50_svo_ng_ac_b_ep	svo	ng	nom-acc	balancing	erg-poss	vos	VS	VPA	100	1.0	0.0	100.0	0.0	1.0	1.0	0.0	0.0	2.318390409151713	0.06824337299458529	bos_eos	seed_42,seed_43,seed_44
6_1_anc_omit_S	31_6_1_anc_omit_S	fig:heatmap-31-anc-omit-s	6.1 ANC omitted S	51_svo_ng_ac_b_no	svo	ng	nom-acc	balancing	nomn	vos	VS	VPA	100	1.0	0.0	100.0	0.0	1.0	1.0	0.0	0.0	2.352911520799001	0.00784256822040092	bos_eos	seed_42,seed_43,seed_44
6_1_anc_omit_S	31_6_1_anc_omit_S	fig:heatmap-31-anc-omit-s	6.1 ANC omitted S	52_svo_ng_ac_d_se	svo	ng	nom-acc	deranking	sent	svo	SV	AVP	100	1.0	0.0	100.0	0.0	1.0	1.0	0.0	0.0	2.2856262000401815	0.13717792148869692	bos_eos	seed_42,seed_43,seed_44
6_1_anc_omit_S	31_6_1_anc_omit_S	fig:heatmap-31-anc-omit-s	6.1 ANC omitted S	53_svo_ng_ac_d_pa	svo	ng	nom-acc	deranking	poss-acc	vos	VS	VPA	100	1.0	0.0	100.0	0.0	1.0	1.0	0.0	0.0	2.413469846248627	0.1432732723975847	bos_eos	seed_42,seed_43,seed_44
6_1_anc_omit_S	31_6_1_anc_omit_S	fig:heatmap-31-anc-omit-s	6.1 ANC omitted S	54_svo_ng_ac_d_ep	svo	ng	nom-acc	deranking	erg-poss	vos	VS	VPA	100	1.0	0.0	100.0	0.0	1.0	1.0	0.0	0.0	2.426819558143616	0.2113123670761441	bos_eos	seed_42,seed_43,seed_44
6_1_anc_omit_S	31_6_1_anc_omit_S	fig:heatmap-31-anc-omit-s	6.1 ANC omitted S	55_svo_ng_ac_d_no	svo	ng	nom-acc	deranking	nomn	vos	VS	VPA	100	1.0	0.0	100.0	0.0	1.0	1.0	0.0	0.0	2.4435345053672792	0.13435365859538898	bos_eos	seed_42,seed_43,seed_44
6_1_anc_omit_S	31_6_1_anc_omit_S	fig:heatmap-31-anc-omit-s	6.1 ANC omitted S	56_svo_ng_er_b_se	svo	ng	erg-abs	balancing	sent	svo	SV	AVP	100	0.9433333333333334	0.030550504633038898	94.33333333333334	3.0550504633038935	0.91	0.97	0.0	0.0	0.9238308493296306	0.012022514379558575	bos_eos	seed_42,seed_43,seed_44
6_1_anc_omit_S	31_6_1_anc_omit_S	fig:heatmap-31-anc-omit-s	6.1 ANC omitted S	57_svo_ng_er_b_pa	svo	ng	erg-abs	balancing	poss-acc	vos	VS	VPA	100	0.9266666666666666	0.011547005383792462	92.66666666666666	1.1547005383792515	0.92	0.94	0.0	0.0	1.082605325380961	0.1820350235465663	bos_eos	seed_42,seed_43,seed_44
6_1_anc_omit_S	31_6_1_anc_omit_S	fig:heatmap-31-anc-omit-s	6.1 ANC omitted S	58_svo_ng_er_b_ep	svo	ng	erg-abs	balancing	erg-poss	vos	VS	VPA	100	0.9266666666666666	0.040414518843273774	92.66666666666666	4.041451884327381	0.88	0.95	0.0	0.0	0.9634076984723409	0.1786107894332388	bos_eos	seed_42,seed_43,seed_44
6_1_anc_omit_S	31_6_1_anc_omit_S	fig:heatmap-31-anc-omit-s	6.1 ANC omitted S	59_svo_ng_er_b_no	svo	ng	erg-abs	balancing	nomn	vos	VS	VPA	100	0.9433333333333332	0.005773502691896263	94.33333333333333	0.5773502691896257	0.94	0.95	0.0	0.0	1.0617577306429544	0.11037451459383577	bos_eos	seed_42,seed_43,seed_44
6_1_anc_omit_S	31_6_1_anc_omit_S	fig:heatmap-31-anc-omit-s	6.1 ANC omitted S	60_svo_ng_er_d_se	svo	ng	erg-abs	deranking	sent	svo	SV	AVP	100	0.9633333333333333	0.005773502691896263	96.33333333333333	0.5773502691896257	0.96	0.97	0.0	0.0	1.1864675879478455	0.12723781277458465	bos_eos	seed_42,seed_43,seed_44
6_1_anc_omit_S	31_6_1_anc_omit_S	fig:heatmap-31-anc-omit-s	6.1 ANC omitted S	61_svo_ng_er_d_pa	svo	ng	erg-abs	deranking	poss-acc	vos	VS	VPA	100	0.98	0.026457513110645932	98.0	2.6457513110645907	0.95	1.0	0.0	0.0	1.3209460377693176	0.12197585128263282	bos_eos	seed_42,seed_43,seed_44
6_1_anc_omit_S	31_6_1_anc_omit_S	fig:heatmap-31-anc-omit-s	6.1 ANC omitted S	62_svo_ng_er_d_ep	svo	ng	erg-abs	deranking	erg-poss	vos	VS	VPA	100	0.9733333333333333	0.025166114784235857	97.33333333333333	2.516611478423583	0.95	1.0	0.0	0.0	1.2292729409535725	0.16878810707390007	bos_eos	seed_42,seed_43,seed_44
6_1_anc_omit_S	31_6_1_anc_omit_S	fig:heatmap-31-anc-omit-s	6.1 ANC omitted S	63_svo_ng_er_d_no	svo	ng	erg-abs	deranking	nomn	vos	VS	VPA	100	0.96	0.03999999999999998	96.0	4.0	0.92	1.0	0.0	0.0	1.183674584229787	0.040948456882749174	bos_eos	seed_42,seed_43,seed_44
6_1_anc_omit_S	31_6_1_anc_omit_S	fig:heatmap-31-anc-omit-s	6.1 ANC omitted S	64_vos_gn_ac_b_se	vos	gn	nom-acc	balancing	sent	vos	VS	VPA	100	0.9933333333333333	0.005773502691896263	99.33333333333333	0.5773502691896257	0.99	1.0	0.0	0.0	1.4511824258168537	0.03399179194264833	bos_eos	seed_42,seed_43,seed_44
6_1_anc_omit_S	31_6_1_anc_omit_S	fig:heatmap-31-anc-omit-s	6.1 ANC omitted S	65_vos_gn_ac_b_pa	vos	gn	nom-acc	balancing	poss-acc	svo	SV	AVP	100	1.0	0.0	100.0	0.0	1.0	1.0	0.0	0.0	1.490414153734843	0.1385883628702652	bos_eos	seed_42,seed_43,seed_44
6_1_anc_omit_S	31_6_1_anc_omit_S	fig:heatmap-31-anc-omit-s	6.1 ANC omitted S	66_vos_gn_ac_b_ep	vos	gn	nom-acc	balancing	erg-poss	sov	SV	PVA	100	1.0	0.0	100.0	0.0	1.0	1.0	0.0	0.0	1.522284627755483	0.13894141025954224	bos_eos	seed_42,seed_43,seed_44
6_1_anc_omit_S	31_6_1_anc_omit_S	fig:heatmap-31-anc-omit-s	6.1 ANC omitted S	67_vos_gn_ac_b_no	vos	gn	nom-acc	balancing	nomn	svo	SV	AVP	100	1.0	0.0	100.0	0.0	1.0	1.0	0.0	0.0	1.498955352306366	0.056070803394533464	bos_eos	seed_42,seed_43,seed_44
6_1_anc_omit_S	31_6_1_anc_omit_S	fig:heatmap-31-anc-omit-s	6.1 ANC omitted S	68_vos_gn_ac_d_se	vos	gn	nom-acc	deranking	sent	vos	VS	VPA	100	1.0	0.0	100.0	0.0	1.0	1.0	0.0	0.0	3.3102446190516153	0.04329572219700454	bos_eos	seed_42,seed_43,seed_44
6_1_anc_omit_S	31_6_1_anc_omit_S	fig:heatmap-31-anc-omit-s	6.1 ANC omitted S	69_vos_gn_ac_d_pa	vos	gn	nom-acc	deranking	poss-acc	svo	SV	AVP	100	1.0	0.0	100.0	0.0	1.0	1.0	0.0	0.0	3.316289695103963	0.24918740496226793	bos_eos	seed_42,seed_43,seed_44
6_1_anc_omit_S	31_6_1_anc_omit_S	fig:heatmap-31-anc-omit-s	6.1 ANC omitted S	70_vos_gn_ac_d_ep	vos	gn	nom-acc	deranking	erg-poss	sov	SV	PVA	100	1.0	0.0	100.0	0.0	1.0	1.0	0.0	0.0	3.332954169114431	0.12149468622124915	bos_eos	seed_42,seed_43,seed_44
6_1_anc_omit_S	31_6_1_anc_omit_S	fig:heatmap-31-anc-omit-s	6.1 ANC omitted S	71_vos_gn_ac_d_no	vos	gn	nom-acc	deranking	nomn	svo	SV	AVP	100	1.0	0.0	100.0	0.0	1.0	1.0	0.0	0.0	3.3791438412666324	0.03718118182710968	bos_eos	seed_42,seed_43,seed_44
6_1_anc_omit_S	31_6_1_anc_omit_S	fig:heatmap-31-anc-omit-s	6.1 ANC omitted S	72_vos_gn_er_b_se	vos	gn	erg-abs	balancing	sent	vos	VS	VPA	100	0.9966666666666667	0.005773502691896263	99.66666666666667	0.5773502691896257	0.99	1.0	0.0	0.0	1.0295615180333455	0.10631438348238484	bos_eos	seed_42,seed_43,seed_44
6_1_anc_omit_S	31_6_1_anc_omit_S	fig:heatmap-31-anc-omit-s	6.1 ANC omitted S	73_vos_gn_er_b_pa	vos	gn	erg-abs	balancing	poss-acc	svo	SV	AVP	100	0.9866666666666667	0.01527525231651948	98.66666666666667	1.5275252316519468	0.97	1.0	0.0	0.0	0.9454993391036988	0.02017464155357017	bos_eos	seed_42,seed_43,seed_44
6_1_anc_omit_S	31_6_1_anc_omit_S	fig:heatmap-31-anc-omit-s	6.1 ANC omitted S	74_vos_gn_er_b_ep	vos	gn	erg-abs	balancing	erg-poss	sov	SV	PVA	100	0.9833333333333333	0.020816659994661348	98.33333333333333	2.0816659994661326	0.96	1.0	0.0	0.0	0.9453218976656595	0.13794698093728025	bos_eos	seed_42,seed_43,seed_44
6_1_anc_omit_S	31_6_1_anc_omit_S	fig:heatmap-31-anc-omit-s	6.1 ANC omitted S	75_vos_gn_er_b_no	vos	gn	erg-abs	balancing	nomn	svo	SV	AVP	100	0.9933333333333333	0.005773502691896263	99.33333333333333	0.5773502691896257	0.99	1.0	0.0	0.0	0.9795232820510864	0.04715094289600699	bos_eos	seed_42,seed_43,seed_44
6_1_anc_omit_S	31_6_1_anc_omit_S	fig:heatmap-31-anc-omit-s	6.1 ANC omitted S	76_vos_gn_er_d_se	vos	gn	erg-abs	deranking	sent	vos	VS	VPA	100	0.9966666666666667	0.005773502691896263	99.66666666666667	0.5773502691896257	0.99	1.0	0.0	0.0	1.613499101003011	0.1458154773722132	bos_eos	seed_42,seed_43,seed_44
6_1_anc_omit_S	31_6_1_anc_omit_S	fig:heatmap-31-anc-omit-s	6.1 ANC omitted S	77_vos_gn_er_d_pa	vos	gn	erg-abs	deranking	poss-acc	svo	SV	AVP	100	1.0	0.0	100.0	0.0	1.0	1.0	0.0	0.0	1.6133984390894571	0.10974100017254096	bos_eos	seed_42,seed_43,seed_44
6_1_anc_omit_S	31_6_1_anc_omit_S	fig:heatmap-31-anc-omit-s	6.1 ANC omitted S	78_vos_gn_er_d_ep	vos	gn	erg-abs	deranking	erg-poss	sov	SV	PVA	100	1.0	0.0	100.0	0.0	1.0	1.0	0.0	0.0	1.5464808503786722	0.08934914204876432	bos_eos	seed_42,seed_43,seed_44
6_1_anc_omit_S	31_6_1_anc_omit_S	fig:heatmap-31-anc-omit-s	6.1 ANC omitted S	79_vos_gn_er_d_no	vos	gn	erg-abs	deranking	nomn	svo	SV	AVP	100	1.0	0.0	100.0	0.0	1.0	1.0	0.0	0.0	1.5555713025728861	0.04538686720423593	bos_eos	seed_42,seed_43,seed_44
6_1_anc_omit_S	31_6_1_anc_omit_S	fig:heatmap-31-anc-omit-s	6.1 ANC omitted S	80_vos_ng_ac_b_se	vos	ng	nom-acc	balancing	sent	vos	VS	VPA	100	1.0	0.0	100.0	0.0	1.0	1.0	0.0	0.0	1.591549604733785	0.0789694485455755	bos_eos	seed_42,seed_43,seed_44
6_1_anc_omit_S	31_6_1_anc_omit_S	fig:heatmap-31-anc-omit-s	6.1 ANC omitted S	81_vos_ng_ac_b_pa	vos	ng	nom-acc	balancing	poss-acc	vos	VS	VPA	100	0.9966666666666667	0.005773502691896263	99.66666666666667	0.5773502691896257	0.99	1.0	0.0	0.0	1.5201402354240416	0.1254551442616714	bos_eos	seed_42,seed_43,seed_44
6_1_anc_omit_S	31_6_1_anc_omit_S	fig:heatmap-31-anc-omit-s	6.1 ANC omitted S	82_vos_ng_ac_b_ep	vos	ng	nom-acc	balancing	erg-poss	vos	VS	VPA	100	0.9966666666666667	0.005773502691896263	99.66666666666667	0.5773502691896257	0.99	1.0	0.0	0.0	1.5157346932093303	0.13429476232901136	bos_eos	seed_42,seed_43,seed_44
6_1_anc_omit_S	31_6_1_anc_omit_S	fig:heatmap-31-anc-omit-s	6.1 ANC omitted S	83_vos_ng_ac_b_no	vos	ng	nom-acc	balancing	nomn	vos	VS	VPA	100	0.9966666666666667	0.005773502691896263	99.66666666666667	0.5773502691896257	0.99	1.0	0.0	0.0	1.4628910144170126	0.12984826562203142	bos_eos	seed_42,seed_43,seed_44
6_1_anc_omit_S	31_6_1_anc_omit_S	fig:heatmap-31-anc-omit-s	6.1 ANC omitted S	84_vos_ng_ac_d_se	vos	ng	nom-acc	deranking	sent	vos	VS	VPA	100	1.0	0.0	100.0	0.0	1.0	1.0	0.0	0.0	3.2755342364311217	0.0440987610643544	bos_eos	seed_42,seed_43,seed_44
6_1_anc_omit_S	31_6_1_anc_omit_S	fig:heatmap-31-anc-omit-s	6.1 ANC omitted S	85_vos_ng_ac_d_pa	vos	ng	nom-acc	deranking	poss-acc	vos	VS	VPA	100	1.0	0.0	100.0	0.0	1.0	1.0	0.0	0.0	3.370104854106903	0.15301012525952046	bos_eos	seed_42,seed_43,seed_44
6_1_anc_omit_S	31_6_1_anc_omit_S	fig:heatmap-31-anc-omit-s	6.1 ANC omitted S	86_vos_ng_ac_d_ep	vos	ng	nom-acc	deranking	erg-poss	vos	VS	VPA	100	1.0	0.0	100.0	0.0	1.0	1.0	0.0	0.0	3.2182670791943866	0.10849061562213119	bos_eos	seed_42,seed_43,seed_44
6_1_anc_omit_S	31_6_1_anc_omit_S	fig:heatmap-31-anc-omit-s	6.1 ANC omitted S	87_vos_ng_ac_d_no	vos	ng	nom-acc	deranking	nomn	vos	VS	VPA	100	1.0	0.0	100.0	0.0	1.0	1.0	0.0	0.0	3.2970869588851928	0.016938686784156085	bos_eos	seed_42,seed_43,seed_44
6_1_anc_omit_S	31_6_1_anc_omit_S	fig:heatmap-31-anc-omit-s	6.1 ANC omitted S	88_vos_ng_er_b_se	vos	ng	erg-abs	balancing	sent	vos	VS	VPA	100	0.99	0.010000000000000009	99.0	1.0	0.98	1.0	0.0	0.0	1.0058473149935405	0.11923627450223383	bos_eos	seed_42,seed_43,seed_44
6_1_anc_omit_S	31_6_1_anc_omit_S	fig:heatmap-31-anc-omit-s	6.1 ANC omitted S	89_vos_ng_er_b_pa	vos	ng	erg-abs	balancing	poss-acc	vos	VS	VPA	100	0.9833333333333333	0.011547005383792526	98.33333333333333	1.1547005383792515	0.97	0.99	0.0	0.0	1.0661734755833943	0.07926296542107883	bos_eos	seed_42,seed_43,seed_44
6_1_anc_omit_S	31_6_1_anc_omit_S	fig:heatmap-31-anc-omit-s	6.1 ANC omitted S	90_vos_ng_er_b_ep	vos	ng	erg-abs	balancing	erg-poss	vos	VS	VPA	100	0.99	0.010000000000000009	99.0	1.0	0.98	1.0	0.0	0.0	1.0717907810211182	0.027349994162238357	bos_eos	seed_42,seed_43,seed_44
6_1_anc_omit_S	31_6_1_anc_omit_S	fig:heatmap-31-anc-omit-s	6.1 ANC omitted S	91_vos_ng_er_b_no	vos	ng	erg-abs	balancing	nomn	vos	VS	VPA	100	0.9866666666666667	0.011547005383792526	98.66666666666667	1.1547005383792515	0.98	1.0	0.0	0.0	1.06516832113266	0.04436646214004931	bos_eos	seed_42,seed_43,seed_44
6_1_anc_omit_S	31_6_1_anc_omit_S	fig:heatmap-31-anc-omit-s	6.1 ANC omitted S	92_vos_ng_er_d_se	vos	ng	erg-abs	deranking	sent	vos	VS	VPA	100	1.0	0.0	100.0	0.0	1.0	1.0	0.0	0.0	1.589836936791738	0.05570365275807527	bos_eos	seed_42,seed_43,seed_44
6_1_anc_omit_S	31_6_1_anc_omit_S	fig:heatmap-31-anc-omit-s	6.1 ANC omitted S	93_vos_ng_er_d_pa	vos	ng	erg-abs	deranking	poss-acc	vos	VS	VPA	100	0.9966666666666667	0.005773502691896263	99.66666666666667	0.5773502691896257	0.99	1.0	0.0	0.0	1.5390192834536234	0.03249374488039267	bos_eos	seed_42,seed_43,seed_44
6_1_anc_omit_S	31_6_1_anc_omit_S	fig:heatmap-31-anc-omit-s	6.1 ANC omitted S	94_vos_ng_er_d_ep	vos	ng	erg-abs	deranking	erg-poss	vos	VS	VPA	100	1.0	0.0	100.0	0.0	1.0	1.0	0.0	0.0	1.6522324260075887	0.08446407819038423	bos_eos	seed_42,seed_43,seed_44
6_1_anc_omit_S	31_6_1_anc_omit_S	fig:heatmap-31-anc-omit-s	6.1 ANC omitted S	95_vos_ng_er_d_no	vos	ng	erg-abs	deranking	nomn	vos	VS	VPA	100	1.0	0.0	100.0	0.0	1.0	1.0	0.0	0.0	1.6226722105344136	0.0343806061308441	bos_eos	seed_42,seed_43,seed_44
6_2_anc_omit_A	32_6_2_anc_omit_A	fig:heatmap-32-anc-omit-a	6.2 ANC omitted A	00_sov_gn_ac_b_se	sov	gn	nom-acc	balancing	sent	sov	SV	APV	100	0.7966666666666666	0.020816659994661285	79.66666666666666	2.0816659994661326	0.78	0.82	0.0	0.0	0.5514135392506917	0.08326200101679573	bos_eos	seed_42,seed_43,seed_44
6_2_anc_omit_A	32_6_2_anc_omit_A	fig:heatmap-32-anc-omit-a	6.2 ANC omitted A	01_sov_gn_ac_b_pa	sov	gn	nom-acc	balancing	poss-acc	sov	SV	APV	100	0.7933333333333333	0.03785938897200182	79.33333333333333	3.7859388972001824	0.75	0.82	0.0	0.0	0.5687089816729227	0.05983744683053743	bos_eos	seed_42,seed_43,seed_44
6_2_anc_omit_A	32_6_2_anc_omit_A	fig:heatmap-32-anc-omit-a	6.2 ANC omitted A	02_sov_gn_ac_b_ep	sov	gn	nom-acc	balancing	erg-poss	sov	SV	APV	100	0.71	0.04358898943540671	71.0	4.358898943540674	0.66	0.74	0.0	0.0	0.38309600512186687	0.08317215649258729	bos_eos	seed_42,seed_43,seed_44
6_2_anc_omit_A	32_6_2_anc_omit_A	fig:heatmap-32-anc-omit-a	6.2 ANC omitted A	03_sov_gn_ac_b_no	sov	gn	nom-acc	balancing	nomn	sov	SV	APV	100	0.7566666666666667	0.03055050463303896	75.66666666666667	3.0550504633038935	0.73	0.79	0.0	0.0	0.5365614755948385	0.13952637391482253	bos_eos	seed_42,seed_43,seed_44
6_2_anc_omit_A	32_6_2_anc_omit_A	fig:heatmap-32-anc-omit-a	6.2 ANC omitted A	04_sov_gn_ac_d_se	sov	gn	nom-acc	deranking	sent	sov	SV	APV	100	1.0	0.0	100.0	0.0	1.0	1.0	0.0	0.0	1.8373843415578206	0.11908233769075531	bos_eos	seed_42,seed_43,seed_44
6_2_anc_omit_A	32_6_2_anc_omit_A	fig:heatmap-32-anc-omit-a	6.2 ANC omitted A	05_sov_gn_ac_d_pa	sov	gn	nom-acc	deranking	poss-acc	sov	SV	APV	100	1.0	0.0	100.0	0.0	1.0	1.0	0.0	0.0	1.9112841924031576	0.045441611935523256	bos_eos	seed_42,seed_43,seed_44
6_2_anc_omit_A	32_6_2_anc_omit_A	fig:heatmap-32-anc-omit-a	6.2 ANC omitted A	06_sov_gn_ac_d_ep	sov	gn	nom-acc	deranking	erg-poss	sov	SV	APV	100	0.9866666666666667	0.005773502691896263	98.66666666666667	0.5773502691896257	0.98	0.99	0.0	0.0	1.7501602419217428	0.10371096928589293	bos_eos	seed_42,seed_43,seed_44
6_2_anc_omit_A	32_6_2_anc_omit_A	fig:heatmap-32-anc-omit-a	6.2 ANC omitted A	07_sov_gn_ac_d_no	sov	gn	nom-acc	deranking	nomn	sov	SV	APV	100	1.0	0.0	100.0	0.0	1.0	1.0	0.0	0.0	1.7676879437764486	0.014078806116795982	bos_eos	seed_42,seed_43,seed_44
6_2_anc_omit_A	32_6_2_anc_omit_A	fig:heatmap-32-anc-omit-a	6.2 ANC omitted A	08_sov_gn_er_b_se	sov	gn	erg-abs	balancing	sent	sov	SV	APV	100	0.30666666666666664	0.04041451884327378	30.666666666666664	4.041451884327381	0.27	0.35	0.0	0.0	-0.2743004028002421	0.006291378464287427	bos_eos	seed_42,seed_43,seed_44
6_2_anc_omit_A	32_6_2_anc_omit_A	fig:heatmap-32-anc-omit-a	6.2 ANC omitted A	09_sov_gn_er_b_pa	sov	gn	erg-abs	balancing	poss-acc	sov	SV	APV	100	0.2866666666666667	0.04163331998932266	28.666666666666668	4.163331998932265	0.24	0.32	0.0	0.0	-0.4015681536992391	0.04111156140539235	bos_eos	seed_42,seed_43,seed_44
6_2_anc_omit_A	32_6_2_anc_omit_A	fig:heatmap-32-anc-omit-a	6.2 ANC omitted A	10_sov_gn_er_b_ep	sov	gn	erg-abs	balancing	erg-poss	sov	SV	APV	100	0.6066666666666667	0.040414518843273836	60.66666666666667	4.041451884327384	0.57	0.65	0.0	0.0	0.20159310658772786	0.03782356655043411	bos_eos	seed_42,seed_43,seed_44
6_2_anc_omit_A	32_6_2_anc_omit_A	fig:heatmap-32-anc-omit-a	6.2 ANC omitted A	11_sov_gn_er_b_no	sov	gn	erg-abs	balancing	nomn	sov	SV	APV	100	0.6233333333333333	0.01527525231651948	62.33333333333333	1.5275252316519468	0.61	0.64	0.0	0.0	0.24131990750630697	0.035810349756341814	bos_eos	seed_42,seed_43,seed_44
6_2_anc_omit_A	32_6_2_anc_omit_A	fig:heatmap-32-anc-omit-a	6.2 ANC omitted A	12_sov_gn_er_d_se	sov	gn	erg-abs	deranking	sent	sov	SV	APV	100	0.9433333333333334	0.020816659994661285	94.33333333333334	2.0816659994661326	0.92	0.96	0.0	0.0	1.0497613366444907	0.11460665378876445	bos_eos	seed_42,seed_43,seed_44
6_2_anc_omit_A	32_6_2_anc_omit_A	fig:heatmap-32-anc-omit-a	6.2 ANC omitted A	13_sov_gn_er_d_pa	sov	gn	erg-abs	deranking	poss-acc	sov	SV	APV	100	0.92	0.010000000000000009	92.0	1.0	0.91	0.93	0.0	0.0	1.0664786100387573	0.026571950959859033	bos_eos	seed_42,seed_43,seed_44
6_2_anc_omit_A	32_6_2_anc_omit_A	fig:heatmap-32-anc-omit-a	6.2 ANC omitted A	14_sov_gn_er_d_ep	sov	gn	erg-abs	deranking	erg-poss	sov	SV	APV	100	0.9766666666666667	0.005773502691896263	97.66666666666667	0.5773502691896257	0.97	0.98	0.0	0.0	1.3588163820902506	0.05049039581329329	bos_eos	seed_42,seed_43,seed_44
6_2_anc_omit_A	32_6_2_anc_omit_A	fig:heatmap-32-anc-omit-a	6.2 ANC omitted A	15_sov_gn_er_d_no	sov	gn	erg-abs	deranking	nomn	sov	SV	APV	100	0.9733333333333333	0.023094010767585053	97.33333333333333	2.309401076758503	0.96	1.0	0.0	0.0	1.3464244294166565	0.12998360949522508	bos_eos	seed_42,seed_43,seed_44
6_2_anc_omit_A	32_6_2_anc_omit_A	fig:heatmap-32-anc-omit-a	6.2 ANC omitted A	16_sov_ng_ac_b_se	sov	ng	nom-acc	balancing	sent	sov	SV	APV	100	0.7966666666666666	0.020816659994661285	79.66666666666666	2.0816659994661326	0.78	0.82	0.0	0.0	0.5470345298449198	0.06190968252455048	bos_eos	seed_42,seed_43,seed_44
6_2_anc_omit_A	32_6_2_anc_omit_A	fig:heatmap-32-anc-omit-a	6.2 ANC omitted A	17_sov_ng_ac_b_pa	sov	ng	nom-acc	balancing	poss-acc	ovs	VS	PVA	100	0.7866666666666666	0.05033222956847165	78.66666666666666	5.033222956847166	0.74	0.84	0.0	0.0	0.5610382803281149	0.06621999105256096	bos_eos	seed_42,seed_43,seed_44
6_2_anc_omit_A	32_6_2_anc_omit_A	fig:heatmap-32-anc-omit-a	6.2 ANC omitted A	18_sov_ng_ac_b_ep	sov	ng	nom-acc	balancing	erg-poss	vos	VS	AVP	100	0.9	0.017320508075688787	90.0	1.7320508075688772	0.89	0.92	0.0	0.0	1.081948889096578	0.03567316603563601	bos_eos	seed_42,seed_43,seed_44
6_2_anc_omit_A	32_6_2_anc_omit_A	fig:heatmap-32-anc-omit-a	6.2 ANC omitted A	19_sov_ng_ac_b_no	sov	ng	nom-acc	balancing	nomn	ovs	VS	PVA	100	0.78	0.0	78.0	0.0	0.78	0.78	0.0	0.0	0.5667412988344829	0.06638491158683633	bos_eos	seed_42,seed_43,seed_44
6_2_anc_omit_A	32_6_2_anc_omit_A	fig:heatmap-32-anc-omit-a	6.2 ANC omitted A	20_sov_ng_ac_d_se	sov	ng	nom-acc	deranking	sent	sov	SV	APV	100	1.0	0.0	100.0	0.0	1.0	1.0	0.0	0.0	1.817515238126119	0.03667857085849968	bos_eos	seed_42,seed_43,seed_44
6_2_anc_omit_A	32_6_2_anc_omit_A	fig:heatmap-32-anc-omit-a	6.2 ANC omitted A	21_sov_ng_ac_d_pa	sov	ng	nom-acc	deranking	poss-acc	ovs	VS	PVA	100	1.0	0.0	100.0	0.0	1.0	1.0	0.0	0.0	1.7294307335217793	0.12951585447599007	bos_eos	seed_42,seed_43,seed_44
6_2_anc_omit_A	32_6_2_anc_omit_A	fig:heatmap-32-anc-omit-a	6.2 ANC omitted A	22_sov_ng_ac_d_ep	sov	ng	nom-acc	deranking	erg-poss	vos	VS	AVP	100	0.94	0.019999999999999962	94.0	2.0	0.92	0.96	0.0	0.0	1.317068898677826	0.06762272144523251	bos_eos	seed_42,seed_43,seed_44
6_2_anc_omit_A	32_6_2_anc_omit_A	fig:heatmap-32-anc-omit-a	6.2 ANC omitted A	23_sov_ng_ac_d_no	sov	ng	nom-acc	deranking	nomn	ovs	VS	PVA	100	0.9966666666666667	0.005773502691896263	99.66666666666667	0.5773502691896257	0.99	1.0	0.0	0.0	1.7173830731709798	0.04997573536793418	bos_eos	seed_42,seed_43,seed_44
6_2_anc_omit_A	32_6_2_anc_omit_A	fig:heatmap-32-anc-omit-a	6.2 ANC omitted A	24_sov_ng_er_b_se	sov	ng	erg-abs	balancing	sent	sov	SV	APV	100	0.2833333333333333	0.04041451884327381	28.333333333333332	4.041451884327381	0.24	0.32	0.0	0.0	-0.36754266341527303	0.060327887142082155	bos_eos	seed_42,seed_43,seed_44
6_2_anc_omit_A	32_6_2_anc_omit_A	fig:heatmap-32-anc-omit-a	6.2 ANC omitted A	25_sov_ng_er_b_pa	sov	ng	erg-abs	balancing	poss-acc	ovs	VS	PVA	100	0.2866666666666667	0.020816659994661316	28.666666666666668	2.081665999466132	0.27	0.31	0.0	0.0	-0.3672999223073324	0.055929750002145825	bos_eos	seed_42,seed_43,seed_44
6_2_anc_omit_A	32_6_2_anc_omit_A	fig:heatmap-32-anc-omit-a	6.2 ANC omitted A	26_sov_ng_er_b_ep	sov	ng	erg-abs	balancing	erg-poss	vos	VS	AVP	100	0.91	0.010000000000000009	91.0	1.0	0.9	0.92	0.0	0.0	1.1886603093147279	0.0746235248821283	bos_eos	seed_42,seed_43,seed_44
6_2_anc_omit_A	32_6_2_anc_omit_A	fig:heatmap-32-anc-omit-a	6.2 ANC omitted A	27_sov_ng_er_b_no	sov	ng	erg-abs	balancing	nomn	ovs	VS	PVA	100	0.6033333333333333	0.020816659994661348	60.33333333333333	2.0816659994661366	0.58	0.62	0.0	0.0	0.2367547559738159	0.09806428535946193	bos_eos	seed_42,seed_43,seed_44
6_2_anc_omit_A	32_6_2_anc_omit_A	fig:heatmap-32-anc-omit-a	6.2 ANC omitted A	28_sov_ng_er_d_se	sov	ng	erg-abs	deranking	sent	sov	SV	APV	100	0.9566666666666667	0.005773502691896263	95.66666666666667	0.5773502691896257	0.95	0.96	0.0	0.0	1.1326827756563822	0.1208006189866854	bos_eos	seed_42,seed_43,seed_44
6_2_anc_omit_A	32_6_2_anc_omit_A	fig:heatmap-32-anc-omit-a	6.2 ANC omitted A	29_sov_ng_er_d_pa	sov	ng	erg-abs	deranking	poss-acc	ovs	VS	PVA	100	0.92	0.02999999999999997	92.0	3.0	0.89	0.95	0.0	0.0	0.976884462038676	0.03242071252444693	bos_eos	seed_42,seed_43,seed_44
6_2_anc_omit_A	32_6_2_anc_omit_A	fig:heatmap-32-anc-omit-a	6.2 ANC omitted A	30_sov_ng_er_d_ep	sov	ng	erg-abs	deranking	erg-poss	vos	VS	AVP	100	0.96	0.010000000000000009	96.0	1.0	0.95	0.97	0.0	0.0	1.2134424217542013	0.04187590502303878	bos_eos	seed_42,seed_43,seed_44
6_2_anc_omit_A	32_6_2_anc_omit_A	fig:heatmap-32-anc-omit-a	6.2 ANC omitted A	31_sov_ng_er_d_no	sov	ng	erg-abs	deranking	nomn	ovs	VS	PVA	100	0.9766666666666667	0.023094010767585053	97.66666666666667	2.309401076758503	0.95	0.99	0.0	0.0	1.2493430113792419	0.032476893234407465	bos_eos	seed_42,seed_43,seed_44
6_2_anc_omit_A	32_6_2_anc_omit_A	fig:heatmap-32-anc-omit-a	6.2 ANC omitted A	32_svo_gn_ac_b_se	svo	gn	nom-acc	balancing	sent	svo	SV	AVP	100	0.7166666666666667	0.051316014394468826	71.66666666666667	5.131601439446884	0.66	0.76	0.0	0.0	0.4875975100199382	0.072746620777702	bos_eos	seed_42,seed_43,seed_44
6_2_anc_omit_A	32_6_2_anc_omit_A	fig:heatmap-32-anc-omit-a	6.2 ANC omitted A	33_svo_gn_ac_b_pa	svo	gn	nom-acc	balancing	poss-acc	svo	SV	AVP	100	0.6766666666666666	0.020816659994661285	67.66666666666666	2.0816659994661326	0.66	0.7	0.0	0.0	0.39787447849909463	0.022519587878466408	bos_eos	seed_42,seed_43,seed_44
6_2_anc_omit_A	32_6_2_anc_omit_A	fig:heatmap-32-anc-omit-a	6.2 ANC omitted A	34_svo_gn_ac_b_ep	svo	gn	nom-acc	balancing	erg-poss	sov	SV	PVA	100	0.9833333333333333	0.01527525231651948	98.33333333333333	1.5275252316519468	0.97	1.0	0.0	0.0	1.8759635376930237	0.16224774241209175	bos_eos	seed_42,seed_43,seed_44
6_2_anc_omit_A	32_6_2_anc_omit_A	fig:heatmap-32-anc-omit-a	6.2 ANC omitted A	35_svo_gn_ac_b_no	svo	gn	nom-acc	balancing	nomn	svo	SV	AVP	100	0.6933333333333334	0.025166114784235805	69.33333333333334	2.516611478423583	0.67	0.72	0.0	0.0	0.44060620466868083	0.08836458709662841	bos_eos	seed_42,seed_43,seed_44
6_2_anc_omit_A	32_6_2_anc_omit_A	fig:heatmap-32-anc-omit-a	6.2 ANC omitted A	36_svo_gn_ac_d_se	svo	gn	nom-acc	deranking	sent	svo	SV	AVP	100	0.8966666666666666	0.046188021535170036	89.66666666666666	4.618802153517006	0.87	0.95	0.0	0.0	0.677712197303772	0.11712259785867113	bos_eos	seed_42,seed_43,seed_44
6_2_anc_omit_A	32_6_2_anc_omit_A	fig:heatmap-32-anc-omit-a	6.2 ANC omitted A	37_svo_gn_ac_d_pa	svo	gn	nom-acc	deranking	poss-acc	svo	SV	AVP	100	0.8866666666666666	0.056862407030773256	88.66666666666666	5.686240703077327	0.84	0.95	0.0	0.0	0.6822676555315653	0.05545046708708274	bos_eos	seed_42,seed_43,seed_44
6_2_anc_omit_A	32_6_2_anc_omit_A	fig:heatmap-32-anc-omit-a	6.2 ANC omitted A	38_svo_gn_ac_d_ep	svo	gn	nom-acc	deranking	erg-poss	sov	SV	PVA	100	0.9933333333333333	0.005773502691896263	99.33333333333333	0.5773502691896257	0.99	1.0	0.0	0.0	2.0693209409713744	0.36399689522214307	bos_eos	seed_42,seed_43,seed_44
6_2_anc_omit_A	32_6_2_anc_omit_A	fig:heatmap-32-anc-omit-a	6.2 ANC omitted A	39_svo_gn_ac_d_no	svo	gn	nom-acc	deranking	nomn	svo	SV	AVP	100	0.85	0.10392304845413267	85.0	10.392304845413264	0.73	0.91	0.0	0.0	0.6359666045506795	0.2519910783477024	bos_eos	seed_42,seed_43,seed_44
6_2_anc_omit_A	32_6_2_anc_omit_A	fig:heatmap-32-anc-omit-a	6.2 ANC omitted A	40_svo_gn_er_b_se	svo	gn	erg-abs	balancing	sent	svo	SV	AVP	100	0.45	0.09539392014169458	45.0	9.539392014169461	0.39	0.56	0.0	0.0	-0.01931874752044678	0.12035755653706376	bos_eos	seed_42,seed_43,seed_44
6_2_anc_omit_A	32_6_2_anc_omit_A	fig:heatmap-32-anc-omit-a	6.2 ANC omitted A	41_svo_gn_er_b_pa	svo	gn	erg-abs	balancing	poss-acc	svo	SV	AVP	100	0.42	0.09539392014169457	42.0	9.539392014169456	0.32	0.51	0.0	0.0	-0.08915006081263224	0.1672599643471625	bos_eos	seed_42,seed_43,seed_44
6_2_anc_omit_A	32_6_2_anc_omit_A	fig:heatmap-32-anc-omit-a	6.2 ANC omitted A	42_svo_gn_er_b_ep	svo	gn	erg-abs	balancing	erg-poss	sov	SV	PVA	100	0.76	0.043588989435406775	76.0	4.358898943540674	0.73	0.81	0.0	0.0	0.5026531958580017	0.05802011518856962	bos_eos	seed_42,seed_43,seed_44
6_2_anc_omit_A	32_6_2_anc_omit_A	fig:heatmap-32-anc-omit-a	6.2 ANC omitted A	43_svo_gn_er_b_no	svo	gn	erg-abs	balancing	nomn	svo	SV	AVP	100	0.6133333333333333	0.16258331197676265	61.33333333333333	16.258331197676263	0.43	0.74	0.0	0.0	0.2619262989362081	0.3106219365250446	bos_eos	seed_42,seed_43,seed_44
6_2_anc_omit_A	32_6_2_anc_omit_A	fig:heatmap-32-anc-omit-a	6.2 ANC omitted A	44_svo_gn_er_d_se	svo	gn	erg-abs	deranking	sent	svo	SV	AVP	100	0.5933333333333334	0.09018499505645791	59.333333333333336	9.018499505645789	0.5	0.68	0.0	0.0	0.10410432656606039	0.06714195158039586	bos_eos	seed_42,seed_43,seed_44
6_2_anc_omit_A	32_6_2_anc_omit_A	fig:heatmap-32-anc-omit-a	6.2 ANC omitted A	45_svo_gn_er_d_pa	svo	gn	erg-abs	deranking	poss-acc	svo	SV	AVP	100	0.57	0.04582575694955838	56.99999999999999	4.582575694955839	0.52	0.61	0.0	0.0	0.12580454587936402	0.027755356663926523	bos_eos	seed_42,seed_43,seed_44
6_2_anc_omit_A	32_6_2_anc_omit_A	fig:heatmap-32-anc-omit-a	6.2 ANC omitted A	46_svo_gn_er_d_ep	svo	gn	erg-abs	deranking	erg-poss	sov	SV	PVA	100	0.97	0.017320508075688787	97.0	1.7320508075688772	0.95	0.98	0.0	0.0	1.067720296382904	0.014596471258902594	bos_eos	seed_42,seed_43,seed_44
6_2_anc_omit_A	32_6_2_anc_omit_A	fig:heatmap-32-anc-omit-a	6.2 ANC omitted A	47_svo_gn_er_d_no	svo	gn	erg-abs	deranking	nomn	svo	SV	AVP	100	0.7733333333333333	0.09073771725877464	77.33333333333333	9.073771725877465	0.67	0.84	0.0	0.0	0.47694690068562823	0.15456336832699655	bos_eos	seed_42,seed_43,seed_44
6_2_anc_omit_A	32_6_2_anc_omit_A	fig:heatmap-32-anc-omit-a	6.2 ANC omitted A	48_svo_ng_ac_b_se	svo	ng	nom-acc	balancing	sent	svo	SV	AVP	100	0.6933333333333334	0.011547005383792462	69.33333333333334	1.1547005383792515	0.68	0.7	0.0	0.0	0.4101649292310079	0.034923164059664794	bos_eos	seed_42,seed_43,seed_44
6_2_anc_omit_A	32_6_2_anc_omit_A	fig:heatmap-32-anc-omit-a	6.2 ANC omitted A	49_svo_ng_ac_b_pa	svo	ng	nom-acc	balancing	poss-acc	vos	VS	VPA	100	0.6866666666666666	0.01527525231651942	68.66666666666667	1.5275252316519468	0.67	0.7	0.0	0.0	0.394841206073761	0.02565384292434874	bos_eos	seed_42,seed_43,seed_44
6_2_anc_omit_A	32_6_2_anc_omit_A	fig:heatmap-32-anc-omit-a	6.2 ANC omitted A	50_svo_ng_ac_b_ep	svo	ng	nom-acc	balancing	erg-poss	vos	VS	VPA	100	0.7133333333333333	0.020816659994661348	71.33333333333333	2.0816659994661326	0.69	0.73	0.0	0.0	0.4274299693107605	0.01870594305464475	bos_eos	seed_42,seed_43,seed_44
6_2_anc_omit_A	32_6_2_anc_omit_A	fig:heatmap-32-anc-omit-a	6.2 ANC omitted A	51_svo_ng_ac_b_no	svo	ng	nom-acc	balancing	nomn	vos	VS	VPA	100	0.7233333333333334	0.05131601439446884	72.33333333333334	5.131601439446884	0.68	0.78	0.0	0.0	0.4406628449757894	0.04244929382160692	bos_eos	seed_42,seed_43,seed_44
6_2_anc_omit_A	32_6_2_anc_omit_A	fig:heatmap-32-anc-omit-a	6.2 ANC omitted A	52_svo_ng_ac_d_se	svo	ng	nom-acc	deranking	sent	svo	SV	AVP	100	0.9166666666666666	0.020816659994661285	91.66666666666666	2.0816659994661326	0.9	0.94	0.0	0.0	0.6875936381022135	0.08171054399347302	bos_eos	seed_42,seed_43,seed_44
6_2_anc_omit_A	32_6_2_anc_omit_A	fig:heatmap-32-anc-omit-a	6.2 ANC omitted A	53_svo_ng_ac_d_pa	svo	ng	nom-acc	deranking	poss-acc	vos	VS	VPA	100	0.8766666666666667	0.06806859285554046	87.66666666666667	6.8068592855540455	0.8	0.93	0.0	0.0	0.6974667557080587	0.1371344943779453	bos_eos	seed_42,seed_43,seed_44
6_2_anc_omit_A	32_6_2_anc_omit_A	fig:heatmap-32-anc-omit-a	6.2 ANC omitted A	54_svo_ng_ac_d_ep	svo	ng	nom-acc	deranking	erg-poss	vos	VS	VPA	100	0.8533333333333333	0.03055050463303896	85.33333333333333	3.0550504633038935	0.82	0.88	0.0	0.0	0.6375106620788574	0.03694082534452433	bos_eos	seed_42,seed_43,seed_44
6_2_anc_omit_A	32_6_2_anc_omit_A	fig:heatmap-32-anc-omit-a	6.2 ANC omitted A	55_svo_ng_ac_d_no	svo	ng	nom-acc	deranking	nomn	vos	VS	VPA	100	0.9066666666666667	0.025166114784235857	90.66666666666667	2.516611478423583	0.88	0.93	0.0	0.0	0.6999271210034689	0.04914267470712069	bos_eos	seed_42,seed_43,seed_44
6_2_anc_omit_A	32_6_2_anc_omit_A	fig:heatmap-32-anc-omit-a	6.2 ANC omitted A	56_svo_ng_er_b_se	svo	ng	erg-abs	balancing	sent	svo	SV	AVP	100	0.4066666666666667	0.020816659994661316	40.666666666666664	2.0816659994661326	0.39	0.43	0.0	0.0	-0.11656593799591065	0.0575627847805483	bos_eos	seed_42,seed_43,seed_44
6_2_anc_omit_A	32_6_2_anc_omit_A	fig:heatmap-32-anc-omit-a	6.2 ANC omitted A	57_svo_ng_er_b_pa	svo	ng	erg-abs	balancing	poss-acc	vos	VS	VPA	100	0.37	0.060827625302982205	37.0	6.082762530298219	0.3	0.41	0.0	0.0	-0.18942303816477457	0.1454063273730211	bos_eos	seed_42,seed_43,seed_44
6_2_anc_omit_A	32_6_2_anc_omit_A	fig:heatmap-32-anc-omit-a	6.2 ANC omitted A	58_svo_ng_er_b_ep	svo	ng	erg-abs	balancing	erg-poss	vos	VS	VPA	100	0.69	0.08660254037844388	69.0	8.660254037844387	0.59	0.74	0.0	0.0	0.43343035459518436	0.20381324796685132	bos_eos	seed_42,seed_43,seed_44
6_2_anc_omit_A	32_6_2_anc_omit_A	fig:heatmap-32-anc-omit-a	6.2 ANC omitted A	59_svo_ng_er_b_no	svo	ng	erg-abs	balancing	nomn	vos	VS	VPA	100	0.6766666666666666	0.020816659994661285	67.66666666666666	2.0816659994661326	0.66	0.7	0.0	0.0	0.39766180674235024	0.12801733540885302	bos_eos	seed_42,seed_43,seed_44
6_2_anc_omit_A	32_6_2_anc_omit_A	fig:heatmap-32-anc-omit-a	6.2 ANC omitted A	60_svo_ng_er_d_se	svo	ng	erg-abs	deranking	sent	svo	SV	AVP	100	0.6433333333333333	0.0737111479583199	64.33333333333333	7.371114795831989	0.56	0.7	0.0	0.0	0.12992637236913046	0.0722304222430788	bos_eos	seed_42,seed_43,seed_44
6_2_anc_omit_A	32_6_2_anc_omit_A	fig:heatmap-32-anc-omit-a	6.2 ANC omitted A	61_svo_ng_er_d_pa	svo	ng	erg-abs	deranking	poss-acc	vos	VS	VPA	100	0.6233333333333333	0.12897028081435405	62.33333333333333	12.897028081435403	0.48	0.73	0.0	0.0	0.1379785672823588	0.09550668379505155	bos_eos	seed_42,seed_43,seed_44
6_2_anc_omit_A	32_6_2_anc_omit_A	fig:heatmap-32-anc-omit-a	6.2 ANC omitted A	62_svo_ng_er_d_ep	svo	ng	erg-abs	deranking	erg-poss	vos	VS	VPA	100	0.76	0.010000000000000009	76.0	1.0	0.75	0.77	0.0	0.0	0.42321516275405885	0.0431612324327543	bos_eos	seed_42,seed_43,seed_44
6_2_anc_omit_A	32_6_2_anc_omit_A	fig:heatmap-32-anc-omit-a	6.2 ANC omitted A	63_svo_ng_er_d_no	svo	ng	erg-abs	deranking	nomn	vos	VS	VPA	100	0.7933333333333333	0.12583057392117916	79.33333333333333	12.583057392117917	0.66	0.91	0.0	0.0	0.5503669412930807	0.2858187383758067	bos_eos	seed_42,seed_43,seed_44
6_2_anc_omit_A	32_6_2_anc_omit_A	fig:heatmap-32-anc-omit-a	6.2 ANC omitted A	64_vos_gn_ac_b_se	vos	gn	nom-acc	balancing	sent	vos	VS	VPA	100	0.49333333333333335	0.055075705472861045	49.333333333333336	5.507570547286106	0.44	0.55	0.0	0.0	0.04102379560470581	0.07143397139035358	bos_eos	seed_42,seed_43,seed_44
6_2_anc_omit_A	32_6_2_anc_omit_A	fig:heatmap-32-anc-omit-a	6.2 ANC omitted A	65_vos_gn_ac_b_pa	vos	gn	nom-acc	balancing	poss-acc	svo	SV	AVP	100	0.5233333333333333	0.13503086067019396	52.33333333333333	13.503086067019396	0.39	0.66	0.0	0.0	0.08315594514211018	0.21204314986716608	bos_eos	seed_42,seed_43,seed_44
6_2_anc_omit_A	32_6_2_anc_omit_A	fig:heatmap-32-anc-omit-a	6.2 ANC omitted A	66_vos_gn_ac_b_ep	vos	gn	nom-acc	balancing	erg-poss	sov	SV	PVA	100	0.9033333333333333	0.025166114784235857	90.33333333333333	2.516611478423583	0.88	0.93	0.0	0.0	0.8579660654067993	0.16769261307025699	bos_eos	seed_42,seed_43,seed_44
6_2_anc_omit_A	32_6_2_anc_omit_A	fig:heatmap-32-anc-omit-a	6.2 ANC omitted A	67_vos_gn_ac_b_no	vos	gn	nom-acc	balancing	nomn	svo	SV	AVP	100	0.4966666666666667	0.04725815626252611	49.66666666666667	4.725815626252612	0.46	0.55	0.0	0.0	0.02945195436477661	0.08346291652999864	bos_eos	seed_42,seed_43,seed_44
6_2_anc_omit_A	32_6_2_anc_omit_A	fig:heatmap-32-anc-omit-a	6.2 ANC omitted A	68_vos_gn_ac_d_se	vos	gn	nom-acc	deranking	sent	vos	VS	VPA	100	0.9966666666666667	0.005773502691896263	99.66666666666667	0.5773502691896257	0.99	1.0	0.0	0.0	1.5202200285593668	0.07886886858602364	bos_eos	seed_42,seed_43,seed_44
6_2_anc_omit_A	32_6_2_anc_omit_A	fig:heatmap-32-anc-omit-a	6.2 ANC omitted A	69_vos_gn_ac_d_pa	vos	gn	nom-acc	deranking	poss-acc	svo	SV	AVP	100	1.0	0.0	100.0	0.0	1.0	1.0	0.0	0.0	1.5119537417093913	0.06070789530895962	bos_eos	seed_42,seed_43,seed_44
6_2_anc_omit_A	32_6_2_anc_omit_A	fig:heatmap-32-anc-omit-a	6.2 ANC omitted A	70_vos_gn_ac_d_ep	vos	gn	nom-acc	deranking	erg-poss	sov	SV	PVA	100	0.99	0.010000000000000009	99.0	1.0	0.98	1.0	0.0	0.0	1.8503715777397156	0.0921727800809102	bos_eos	seed_42,seed_43,seed_44
6_2_anc_omit_A	32_6_2_anc_omit_A	fig:heatmap-32-anc-omit-a	6.2 ANC omitted A	71_vos_gn_ac_d_no	vos	gn	nom-acc	deranking	nomn	svo	SV	AVP	100	0.99	0.0	99.0	0.0	0.99	0.99	0.0	0.0	1.534467477798462	0.0107151280230096	bos_eos	seed_42,seed_43,seed_44
6_2_anc_omit_A	32_6_2_anc_omit_A	fig:heatmap-32-anc-omit-a	6.2 ANC omitted A	72_vos_gn_er_b_se	vos	gn	erg-abs	balancing	sent	vos	VS	VPA	100	0.31	0.017320508075688787	31.0	1.7320508075688772	0.3	0.33	0.0	0.0	-0.28425342321395874	0.06487545546706967	bos_eos	seed_42,seed_43,seed_44
6_2_anc_omit_A	32_6_2_anc_omit_A	fig:heatmap-32-anc-omit-a	6.2 ANC omitted A	73_vos_gn_er_b_pa	vos	gn	erg-abs	balancing	poss-acc	svo	SV	AVP	100	0.21666666666666667	0.03785938897200183	21.666666666666668	3.7859388972001824	0.19	0.26	0.0	0.0	-0.5239727385838826	0.07720474772425086	bos_eos	seed_42,seed_43,seed_44
6_2_anc_omit_A	32_6_2_anc_omit_A	fig:heatmap-32-anc-omit-a	6.2 ANC omitted A	74_vos_gn_er_b_ep	vos	gn	erg-abs	balancing	erg-poss	sov	SV	PVA	100	0.9433333333333334	0.015275252316519432	94.33333333333334	1.5275252316519468	0.93	0.96	0.0	0.0	1.2476533079147338	0.15419187460973363	bos_eos	seed_42,seed_43,seed_44
6_2_anc_omit_A	32_6_2_anc_omit_A	fig:heatmap-32-anc-omit-a	6.2 ANC omitted A	75_vos_gn_er_b_no	vos	gn	erg-abs	balancing	nomn	svo	SV	AVP	100	0.49333333333333335	0.03055050463303893	49.333333333333336	3.0550504633038935	0.46	0.52	0.0	0.0	0.07121433893839518	0.04174119344644316	bos_eos	seed_42,seed_43,seed_44
6_2_anc_omit_A	32_6_2_anc_omit_A	fig:heatmap-32-anc-omit-a	6.2 ANC omitted A	76_vos_gn_er_d_se	vos	gn	erg-abs	deranking	sent	vos	VS	VPA	100	0.9733333333333333	0.01527525231651948	97.33333333333333	1.5275252316519468	0.96	0.99	0.0	0.0	1.3124203705787658	0.033890159247370856	bos_eos	seed_42,seed_43,seed_44
6_2_anc_omit_A	32_6_2_anc_omit_A	fig:heatmap-32-anc-omit-a	6.2 ANC omitted A	77_vos_gn_er_d_pa	vos	gn	erg-abs	deranking	poss-acc	svo	SV	AVP	100	0.9466666666666667	0.030550504633038912	94.66666666666667	3.0550504633038935	0.92	0.98	0.0	0.0	1.2336529501279196	0.03251452004465173	bos_eos	seed_42,seed_43,seed_44
6_2_anc_omit_A	32_6_2_anc_omit_A	fig:heatmap-32-anc-omit-a	6.2 ANC omitted A	78_vos_gn_er_d_ep	vos	gn	erg-abs	deranking	erg-poss	sov	SV	PVA	100	1.0	0.0	100.0	0.0	1.0	1.0	0.0	0.0	1.6365216437975565	0.015890278236739976	bos_eos	seed_42,seed_43,seed_44
6_2_anc_omit_A	32_6_2_anc_omit_A	fig:heatmap-32-anc-omit-a	6.2 ANC omitted A	79_vos_gn_er_d_no	vos	gn	erg-abs	deranking	nomn	svo	SV	AVP	100	1.0	0.0	100.0	0.0	1.0	1.0	0.0	0.0	1.5356612269083658	0.038894768763040294	bos_eos	seed_42,seed_43,seed_44
6_2_anc_omit_A	32_6_2_anc_omit_A	fig:heatmap-32-anc-omit-a	6.2 ANC omitted A	80_vos_ng_ac_b_se	vos	ng	nom-acc	balancing	sent	vos	VS	VPA	100	0.49333333333333335	0.04163331998932267	49.333333333333336	4.163331998932265	0.46	0.54	0.0	0.0	0.03428923924763998	0.11165297910037533	bos_eos	seed_42,seed_43,seed_44
6_2_anc_omit_A	32_6_2_anc_omit_A	fig:heatmap-32-anc-omit-a	6.2 ANC omitted A	81_vos_ng_ac_b_pa	vos	ng	nom-acc	balancing	poss-acc	vos	VS	VPA	100	0.5066666666666667	0.01527525231651948	50.66666666666667	1.5275252316519468	0.49	0.52	0.0	0.0	0.029197324911753336	0.04919971188085692	bos_eos	seed_42,seed_43,seed_44
6_2_anc_omit_A	32_6_2_anc_omit_A	fig:heatmap-32-anc-omit-a	6.2 ANC omitted A	82_vos_ng_ac_b_ep	vos	ng	nom-acc	balancing	erg-poss	vos	VS	VPA	100	0.5533333333333333	0.09609023536933049	55.333333333333336	9.60902353693305	0.45	0.64	0.0	0.0	0.08693669478098552	0.08197294161057736	bos_eos	seed_42,seed_43,seed_44
6_2_anc_omit_A	32_6_2_anc_omit_A	fig:heatmap-32-anc-omit-a	6.2 ANC omitted A	83_vos_ng_ac_b_no	vos	ng	nom-acc	balancing	nomn	vos	VS	VPA	100	0.5433333333333333	0.10598742063723099	54.333333333333336	10.598742063723098	0.43	0.64	0.0	0.0	0.12803051392237347	0.19913254819881024	bos_eos	seed_42,seed_43,seed_44
6_2_anc_omit_A	32_6_2_anc_omit_A	fig:heatmap-32-anc-omit-a	6.2 ANC omitted A	84_vos_ng_ac_d_se	vos	ng	nom-acc	deranking	sent	vos	VS	VPA	100	1.0	0.0	100.0	0.0	1.0	1.0	0.0	0.0	1.5706890273094176	0.05534399505718624	bos_eos	seed_42,seed_43,seed_44
6_2_anc_omit_A	32_6_2_anc_omit_A	fig:heatmap-32-anc-omit-a	6.2 ANC omitted A	85_vos_ng_ac_d_pa	vos	ng	nom-acc	deranking	poss-acc	vos	VS	VPA	100	0.9966666666666667	0.005773502691896263	99.66666666666667	0.5773502691896257	0.99	1.0	0.0	0.0	1.6064493370056152	0.077768924695814	bos_eos	seed_42,seed_43,seed_44
6_2_anc_omit_A	32_6_2_anc_omit_A	fig:heatmap-32-anc-omit-a	6.2 ANC omitted A	86_vos_ng_ac_d_ep	vos	ng	nom-acc	deranking	erg-poss	vos	VS	VPA	100	0.9833333333333333	0.005773502691896263	98.33333333333333	0.5773502691896257	0.98	0.99	0.0	0.0	1.6030467478434245	0.03132509087909681	bos_eos	seed_42,seed_43,seed_44
6_2_anc_omit_A	32_6_2_anc_omit_A	fig:heatmap-32-anc-omit-a	6.2 ANC omitted A	87_vos_ng_ac_d_no	vos	ng	nom-acc	deranking	nomn	vos	VS	VPA	100	0.9866666666666667	0.005773502691896263	98.66666666666667	0.5773502691896257	0.98	0.99	0.0	0.0	1.5982640290260315	0.04780027064176733	bos_eos	seed_42,seed_43,seed_44
6_2_anc_omit_A	32_6_2_anc_omit_A	fig:heatmap-32-anc-omit-a	6.2 ANC omitted A	88_vos_ng_er_b_se	vos	ng	erg-abs	balancing	sent	vos	VS	VPA	100	0.24333333333333332	0.04163331998932265	24.333333333333332	4.1633319989322635	0.21	0.29	0.0	0.0	-0.4166943955421448	0.08698350259529447	bos_eos	seed_42,seed_43,seed_44
6_2_anc_omit_A	32_6_2_anc_omit_A	fig:heatmap-32-anc-omit-a	6.2 ANC omitted A	89_vos_ng_er_b_pa	vos	ng	erg-abs	balancing	poss-acc	vos	VS	VPA	100	0.18333333333333335	0.015275252316519468	18.333333333333336	1.5275252316519468	0.17	0.2	0.0	0.0	-0.5677181657155355	0.017252410298367386	bos_eos	seed_42,seed_43,seed_44
6_2_anc_omit_A	32_6_2_anc_omit_A	fig:heatmap-32-anc-omit-a	6.2 ANC omitted A	90_vos_ng_er_b_ep	vos	ng	erg-abs	balancing	erg-poss	vos	VS	VPA	100	0.5266666666666667	0.040414518843273836	52.66666666666667	4.041451884327385	0.48	0.55	0.0	0.0	0.08430327971776327	0.01353082204005843	bos_eos	seed_42,seed_43,seed_44
6_2_anc_omit_A	32_6_2_anc_omit_A	fig:heatmap-32-anc-omit-a	6.2 ANC omitted A	91_vos_ng_er_b_no	vos	ng	erg-abs	balancing	nomn	vos	VS	VPA	100	0.5233333333333333	0.025166114784235857	52.33333333333333	2.516611478423587	0.5	0.55	0.0	0.0	0.09646326462427775	0.030150322874714534	bos_eos	seed_42,seed_43,seed_44
6_2_anc_omit_A	32_6_2_anc_omit_A	fig:heatmap-32-anc-omit-a	6.2 ANC omitted A	92_vos_ng_er_d_se	vos	ng	erg-abs	deranking	sent	vos	VS	VPA	100	0.9733333333333333	0.005773502691896263	97.33333333333333	0.5773502691896257	0.97	0.98	0.0	0.0	1.3862559302647908	0.02223433245416569	bos_eos	seed_42,seed_43,seed_44
6_2_anc_omit_A	32_6_2_anc_omit_A	fig:heatmap-32-anc-omit-a	6.2 ANC omitted A	93_vos_ng_er_d_pa	vos	ng	erg-abs	deranking	poss-acc	vos	VS	VPA	100	0.9866666666666667	0.011547005383792526	98.66666666666667	1.1547005383792515	0.98	1.0	0.0	0.0	1.3428144184748332	0.05487667841084469	bos_eos	seed_42,seed_43,seed_44
6_2_anc_omit_A	32_6_2_anc_omit_A	fig:heatmap-32-anc-omit-a	6.2 ANC omitted A	94_vos_ng_er_d_ep	vos	ng	erg-abs	deranking	erg-poss	vos	VS	VPA	100	0.99	0.0	99.0	0.0	0.99	0.99	0.0	0.0	1.6397845435142517	0.061760149151434005	bos_eos	seed_42,seed_43,seed_44
6_2_anc_omit_A	32_6_2_anc_omit_A	fig:heatmap-32-anc-omit-a	6.2 ANC omitted A	95_vos_ng_er_d_no	vos	ng	erg-abs	deranking	nomn	vos	VS	VPA	100	0.9966666666666667	0.005773502691896263	99.66666666666667	0.5773502691896257	0.99	1.0	0.0	0.0	1.7007691717147826	0.06066290401969119	bos_eos	seed_42,seed_43,seed_44
6_3_anc_omit_P	33_6_3_anc_omit_P	fig:heatmap-33-anc-omit-p	6.3 ANC omitted P	00_sov_gn_ac_b_se	sov	gn	nom-acc	balancing	sent	sov	SV	APV	100	0.8266666666666667	0.03214550253664315	82.66666666666667	3.2145502536643185	0.79	0.85	0.0	0.0	0.8505551322301229	0.08312328510271774	bos_eos	seed_42,seed_43,seed_44
6_3_anc_omit_P	33_6_3_anc_omit_P	fig:heatmap-33-anc-omit-p	6.3 ANC omitted P	01_sov_gn_ac_b_pa	sov	gn	nom-acc	balancing	poss-acc	sov	SV	APV	100	0.92	0.02999999999999997	92.0	3.0	0.89	0.95	0.0	0.0	1.3697142060597738	0.0246514710420833	bos_eos	seed_42,seed_43,seed_44
6_3_anc_omit_P	33_6_3_anc_omit_P	fig:heatmap-33-anc-omit-p	6.3 ANC omitted P	02_sov_gn_ac_b_ep	sov	gn	nom-acc	balancing	erg-poss	sov	SV	APV	100	0.8066666666666666	0.03511884584284244	80.66666666666666	3.5118845842842465	0.77	0.84	0.0	0.0	0.777347948551178	0.06455024552248544	bos_eos	seed_42,seed_43,seed_44
6_3_anc_omit_P	33_6_3_anc_omit_P	fig:heatmap-33-anc-omit-p	6.3 ANC omitted P	03_sov_gn_ac_b_no	sov	gn	nom-acc	balancing	nomn	sov	SV	APV	100	0.9433333333333334	0.015275252316519432	94.33333333333334	1.5275252316519468	0.93	0.96	0.0	0.0	1.3822414763768514	0.050999976923712866	bos_eos	seed_42,seed_43,seed_44
6_3_anc_omit_P	33_6_3_anc_omit_P	fig:heatmap-33-anc-omit-p	6.3 ANC omitted P	04_sov_gn_ac_d_se	sov	gn	nom-acc	deranking	sent	sov	SV	APV	100	0.9966666666666667	0.005773502691896263	99.66666666666667	0.5773502691896257	0.99	1.0	0.0	0.0	2.3837375775973	0.1063156153508911	bos_eos	seed_42,seed_43,seed_44
6_3_anc_omit_P	33_6_3_anc_omit_P	fig:heatmap-33-anc-omit-p	6.3 ANC omitted P	05_sov_gn_ac_d_pa	sov	gn	nom-acc	deranking	poss-acc	sov	SV	APV	100	0.9966666666666667	0.005773502691896263	99.66666666666667	0.5773502691896257	0.99	1.0	0.0	0.0	2.9495531193415325	0.08921532021204312	bos_eos	seed_42,seed_43,seed_44
6_3_anc_omit_P	33_6_3_anc_omit_P	fig:heatmap-33-anc-omit-p	6.3 ANC omitted P	06_sov_gn_ac_d_ep	sov	gn	nom-acc	deranking	erg-poss	sov	SV	APV	100	1.0	0.0	100.0	0.0	1.0	1.0	0.0	0.0	2.544946342309316	0.10513405127935789	bos_eos	seed_42,seed_43,seed_44
6_3_anc_omit_P	33_6_3_anc_omit_P	fig:heatmap-33-anc-omit-p	6.3 ANC omitted P	07_sov_gn_ac_d_no	sov	gn	nom-acc	deranking	nomn	sov	SV	APV	100	1.0	0.0	100.0	0.0	1.0	1.0	0.0	0.0	3.0899180960655213	0.05577621306919597	bos_eos	seed_42,seed_43,seed_44
6_3_anc_omit_P	33_6_3_anc_omit_P	fig:heatmap-33-anc-omit-p	6.3 ANC omitted P	08_sov_gn_er_b_se	sov	gn	erg-abs	balancing	sent	sov	SV	APV	100	0.6133333333333333	0.040414518843273836	61.33333333333333	4.041451884327384	0.57	0.65	0.0	0.0	0.07948364575703938	0.06082644959045494	bos_eos	seed_42,seed_43,seed_44
6_3_anc_omit_P	33_6_3_anc_omit_P	fig:heatmap-33-anc-omit-p	6.3 ANC omitted P	09_sov_gn_er_b_pa	sov	gn	erg-abs	balancing	poss-acc	sov	SV	APV	100	0.5466666666666667	0.005773502691896263	54.66666666666667	0.5773502691896298	0.54	0.55	0.0	0.0	-0.0029783972104390453	0.04661905626585985	bos_eos	seed_42,seed_43,seed_44
6_3_anc_omit_P	33_6_3_anc_omit_P	fig:heatmap-33-anc-omit-p	6.3 ANC omitted P	10_sov_gn_er_b_ep	sov	gn	erg-abs	balancing	erg-poss	sov	SV	APV	100	0.33999999999999997	0.06999999999999999	34.0	7.000000000000002	0.29	0.42	0.0	0.0	-0.5045714139938354	0.09432671202159455	bos_eos	seed_42,seed_43,seed_44
6_3_anc_omit_P	33_6_3_anc_omit_P	fig:heatmap-33-anc-omit-p	6.3 ANC omitted P	11_sov_gn_er_b_no	sov	gn	erg-abs	balancing	nomn	sov	SV	APV	100	0.5433333333333333	0.04163331998932263	54.333333333333336	4.163331998932265	0.51	0.59	0.0	0.0	0.044669399261474604	0.006047240242953743	bos_eos	seed_42,seed_43,seed_44
6_3_anc_omit_P	33_6_3_anc_omit_P	fig:heatmap-33-anc-omit-p	6.3 ANC omitted P	12_sov_gn_er_d_se	sov	gn	erg-abs	deranking	sent	sov	SV	APV	100	0.9133333333333333	0.01527525231651948	91.33333333333333	1.5275252316519468	0.9	0.93	0.0	0.0	0.876081379254659	0.05597096918533438	bos_eos	seed_42,seed_43,seed_44
6_3_anc_omit_P	33_6_3_anc_omit_P	fig:heatmap-33-anc-omit-p	6.3 ANC omitted P	13_sov_gn_er_d_pa	sov	gn	erg-abs	deranking	poss-acc	sov	SV	APV	100	0.8066666666666666	0.015275252316519432	80.66666666666666	1.5275252316519468	0.79	0.82	0.0	0.0	0.7271913313865662	0.06264072660102052	bos_eos	seed_42,seed_43,seed_44
6_3_anc_omit_P	33_6_3_anc_omit_P	fig:heatmap-33-anc-omit-p	6.3 ANC omitted P	14_sov_gn_er_d_ep	sov	gn	erg-abs	deranking	erg-poss	sov	SV	APV	100	0.6566666666666666	0.03511884584284244	65.66666666666666	3.5118845842842465	0.62	0.69	0.0	0.0	0.2071332677205404	0.0440708632749953	bos_eos	seed_42,seed_43,seed_44
6_3_anc_omit_P	33_6_3_anc_omit_P	fig:heatmap-33-anc-omit-p	6.3 ANC omitted P	15_sov_gn_er_d_no	sov	gn	erg-abs	deranking	nomn	sov	SV	APV	100	0.7933333333333333	0.051316014394468826	79.33333333333333	5.131601439446884	0.75	0.85	0.0	0.0	0.7173522329330444	0.07835629311206811	bos_eos	seed_42,seed_43,seed_44
6_3_anc_omit_P	33_6_3_anc_omit_P	fig:heatmap-33-anc-omit-p	6.3 ANC omitted P	16_sov_ng_ac_b_se	sov	ng	nom-acc	balancing	sent	sov	SV	APV	100	0.82	0.017320508075688724	82.0	1.7320508075688772	0.8	0.83	0.0	0.0	0.779969977537791	0.0050988306537483015	bos_eos	seed_42,seed_43,seed_44
6_3_anc_omit_P	33_6_3_anc_omit_P	fig:heatmap-33-anc-omit-p	6.3 ANC omitted P	17_sov_ng_ac_b_pa	sov	ng	nom-acc	balancing	poss-acc	ovs	VS	PVA	100	1.0	0.0	100.0	0.0	1.0	1.0	0.0	0.0	2.8948958977063497	0.11784050283818491	bos_eos	seed_42,seed_43,seed_44
6_3_anc_omit_P	33_6_3_anc_omit_P	fig:heatmap-33-anc-omit-p	6.3 ANC omitted P	18_sov_ng_ac_b_ep	sov	ng	nom-acc	balancing	erg-poss	vos	VS	AVP	100	0.77	0.026457513110645932	77.0	2.6457513110645907	0.75	0.8	0.0	0.0	0.69126562277476	0.04504797472452912	bos_eos	seed_42,seed_43,seed_44
6_3_anc_omit_P	33_6_3_anc_omit_P	fig:heatmap-33-anc-omit-p	6.3 ANC omitted P	19_sov_ng_ac_b_no	sov	ng	nom-acc	balancing	nomn	ovs	VS	PVA	100	1.0	0.0	100.0	0.0	1.0	1.0	0.0	0.0	3.0571926474571227	0.09291354601765797	bos_eos	seed_42,seed_43,seed_44
6_3_anc_omit_P	33_6_3_anc_omit_P	fig:heatmap-33-anc-omit-p	6.3 ANC omitted P	20_sov_ng_ac_d_se	sov	ng	nom-acc	deranking	sent	sov	SV	APV	100	0.9966666666666667	0.005773502691896263	99.66666666666667	0.5773502691896257	0.99	1.0	0.0	0.0	2.4489891290664674	0.09269648559129304	bos_eos	seed_42,seed_43,seed_44
6_3_anc_omit_P	33_6_3_anc_omit_P	fig:heatmap-33-anc-omit-p	6.3 ANC omitted P	21_sov_ng_ac_d_pa	sov	ng	nom-acc	deranking	poss-acc	ovs	VS	PVA	100	1.0	0.0	100.0	0.0	1.0	1.0	0.0	0.0	3.1150963552792867	0.03256485050326492	bos_eos	seed_42,seed_43,seed_44
6_3_anc_omit_P	33_6_3_anc_omit_P	fig:heatmap-33-anc-omit-p	6.3 ANC omitted P	22_sov_ng_ac_d_ep	sov	ng	nom-acc	deranking	erg-poss	vos	VS	AVP	100	0.9933333333333333	0.005773502691896263	99.33333333333333	0.5773502691896257	0.99	1.0	0.0	0.0	2.290471692879995	0.05394922075808135	bos_eos	seed_42,seed_43,seed_44
6_3_anc_omit_P	33_6_3_anc_omit_P	fig:heatmap-33-anc-omit-p	6.3 ANC omitted P	23_sov_ng_ac_d_no	sov	ng	nom-acc	deranking	nomn	ovs	VS	PVA	100	1.0	0.0	100.0	0.0	1.0	1.0	0.0	0.0	3.2120386417706808	0.08790666432968638	bos_eos	seed_42,seed_43,seed_44
6_3_anc_omit_P	33_6_3_anc_omit_P	fig:heatmap-33-anc-omit-p	6.3 ANC omitted P	24_sov_ng_er_b_se	sov	ng	erg-abs	balancing	sent	sov	SV	APV	100	0.5833333333333334	0.03511884584284244	58.333333333333336	3.5118845842842434	0.55	0.62	0.0	0.0	-0.00536907434463501	0.05581066438213753	bos_eos	seed_42,seed_43,seed_44
6_3_anc_omit_P	33_6_3_anc_omit_P	fig:heatmap-33-anc-omit-p	6.3 ANC omitted P	25_sov_ng_er_b_pa	sov	ng	erg-abs	balancing	poss-acc	ovs	VS	PVA	100	0.8866666666666667	0.03214550253664321	88.66666666666667	3.2145502536643185	0.85	0.91	0.0	0.0	1.0309266750017803	0.08830837491301527	bos_eos	seed_42,seed_43,seed_44
6_3_anc_omit_P	33_6_3_anc_omit_P	fig:heatmap-33-anc-omit-p	6.3 ANC omitted P	26_sov_ng_er_b_ep	sov	ng	erg-abs	balancing	erg-poss	vos	VS	AVP	100	0.17333333333333334	0.015275252316519465	17.333333333333336	1.5275252316519468	0.16	0.19	0.0	0.0	-0.7116766357421874	0.03831733377148594	bos_eos	seed_42,seed_43,seed_44
6_3_anc_omit_P	33_6_3_anc_omit_P	fig:heatmap-33-anc-omit-p	6.3 ANC omitted P	27_sov_ng_er_b_no	sov	ng	erg-abs	balancing	nomn	ovs	VS	PVA	100	0.9066666666666667	0.020816659994661348	90.66666666666667	2.0816659994661326	0.89	0.93	0.0	0.0	1.0488613470395405	0.09951925528396995	bos_eos	seed_42,seed_43,seed_44
6_3_anc_omit_P	33_6_3_anc_omit_P	fig:heatmap-33-anc-omit-p	6.3 ANC omitted P	28_sov_ng_er_d_se	sov	ng	erg-abs	deranking	sent	sov	SV	APV	100	0.9166666666666666	0.020816659994661285	91.66666666666666	2.0816659994661326	0.9	0.94	0.0	0.0	0.9273013234138489	0.07581789965168077	bos_eos	seed_42,seed_43,seed_44
6_3_anc_omit_P	33_6_3_anc_omit_P	fig:heatmap-33-anc-omit-p	6.3 ANC omitted P	29_sov_ng_er_d_pa	sov	ng	erg-abs	deranking	poss-acc	ovs	VS	PVA	100	0.8533333333333333	0.040414518843273836	85.33333333333333	4.041451884327381	0.83	0.9	0.0	0.0	0.8938729580243429	0.07375553662149682	bos_eos	seed_42,seed_43,seed_44
6_3_anc_omit_P	33_6_3_anc_omit_P	fig:heatmap-33-anc-omit-p	6.3 ANC omitted P	30_sov_ng_er_d_ep	sov	ng	erg-abs	deranking	erg-poss	vos	VS	AVP	100	0.58	0.03605551275463988	57.99999999999999	3.6055512754639873	0.55	0.62	0.0	0.0	0.060854527155558266	0.047758304285524425	bos_eos	seed_42,seed_43,seed_44
6_3_anc_omit_P	33_6_3_anc_omit_P	fig:heatmap-33-anc-omit-p	6.3 ANC omitted P	31_sov_ng_er_d_no	sov	ng	erg-abs	deranking	nomn	ovs	VS	PVA	100	0.8766666666666667	0.005773502691896263	87.66666666666667	0.5773502691896257	0.87	0.88	0.0	0.0	1.0163476475079856	0.03143851625347823	bos_eos	seed_42,seed_43,seed_44
6_3_anc_omit_P	33_6_3_anc_omit_P	fig:heatmap-33-anc-omit-p	6.3 ANC omitted P	32_svo_gn_ac_b_se	svo	gn	nom-acc	balancing	sent	svo	SV	AVP	100	0.7166666666666667	0.020816659994661348	71.66666666666667	2.0816659994661326	0.7	0.74	0.0	0.0	0.49178829034169513	0.006857761359882239	bos_eos	seed_42,seed_43,seed_44
6_3_anc_omit_P	33_6_3_anc_omit_P	fig:heatmap-33-anc-omit-p	6.3 ANC omitted P	33_svo_gn_ac_b_pa	svo	gn	nom-acc	balancing	poss-acc	svo	SV	AVP	100	0.9299999999999999	0.026457513110645866	93.0	2.6457513110645907	0.9	0.95	0.0	0.0	1.2022865231831867	0.04301181026136615	bos_eos	seed_42,seed_43,seed_44
6_3_anc_omit_P	33_6_3_anc_omit_P	fig:heatmap-33-anc-omit-p	6.3 ANC omitted P	34_svo_gn_ac_b_ep	svo	gn	nom-acc	balancing	erg-poss	sov	SV	PVA	100	0.98	0.017320508075688787	98.0	1.7320508075688772	0.96	0.99	0.0	0.0	2.381323826313019	0.26674071687438605	bos_eos	seed_42,seed_43,seed_44
6_3_anc_omit_P	33_6_3_anc_omit_P	fig:heatmap-33-anc-omit-p	6.3 ANC omitted P	35_svo_gn_ac_b_no	svo	gn	nom-acc	balancing	nomn	svo	SV	AVP	100	0.9266666666666666	0.011547005383792462	92.66666666666666	1.1547005383792515	0.92	0.94	0.0	0.0	1.2418326258659362	0.030054618241076143	bos_eos	seed_42,seed_43,seed_44
6_3_anc_omit_P	33_6_3_anc_omit_P	fig:heatmap-33-anc-omit-p	6.3 ANC omitted P	36_svo_gn_ac_d_se	svo	gn	nom-acc	deranking	sent	svo	SV	AVP	100	0.99	0.0	99.0	0.0	0.99	0.99	0.0	0.0	1.463352117538452	0.03090034121637339	bos_eos	seed_42,seed_43,seed_44
6_3_anc_omit_P	33_6_3_anc_omit_P	fig:heatmap-33-anc-omit-p	6.3 ANC omitted P	37_svo_gn_ac_d_pa	svo	gn	nom-acc	deranking	poss-acc	svo	SV	AVP	100	1.0	0.0	100.0	0.0	1.0	1.0	0.0	0.0	2.0348373500506085	0.08390291536108255	bos_eos	seed_42,seed_43,seed_44
6_3_anc_omit_P	33_6_3_anc_omit_P	fig:heatmap-33-anc-omit-p	6.3 ANC omitted P	38_svo_gn_ac_d_ep	svo	gn	nom-acc	deranking	erg-poss	sov	SV	PVA	100	0.97	0.04358898943540671	97.0	4.358898943540674	0.92	1.0	0.0	0.0	2.327488753000895	0.7437501079100631	bos_eos	seed_42,seed_43,seed_44
6_3_anc_omit_P	33_6_3_anc_omit_P	fig:heatmap-33-anc-omit-p	6.3 ANC omitted P	39_svo_gn_ac_d_no	svo	gn	nom-acc	deranking	nomn	svo	SV	AVP	100	0.99	0.017320508075688787	99.0	1.7320508075688772	0.97	1.0	0.0	0.0	1.959190514087677	0.21185626618007972	bos_eos	seed_42,seed_43,seed_44
6_3_anc_omit_P	33_6_3_anc_omit_P	fig:heatmap-33-anc-omit-p	6.3 ANC omitted P	40_svo_gn_er_b_se	svo	gn	erg-abs	balancing	sent	svo	SV	AVP	100	0.61	0.04999999999999999	61.0	4.9999999999999964	0.56	0.66	0.0	0.0	0.09815429131189982	0.13596214517477181	bos_eos	seed_42,seed_43,seed_44
6_3_anc_omit_P	33_6_3_anc_omit_P	fig:heatmap-33-anc-omit-p	6.3 ANC omitted P	41_svo_gn_er_b_pa	svo	gn	erg-abs	balancing	poss-acc	svo	SV	AVP	100	0.7333333333333334	0.06110100926607787	73.33333333333334	6.110100926607787	0.68	0.8	0.0	0.0	0.4690817721684774	0.17079429029561086	bos_eos	seed_42,seed_43,seed_44
6_3_anc_omit_P	33_6_3_anc_omit_P	fig:heatmap-33-anc-omit-p	6.3 ANC omitted P	42_svo_gn_er_b_ep	svo	gn	erg-abs	balancing	erg-poss	sov	SV	PVA	100	0.48000000000000004	0.06999999999999999	48.00000000000001	7.0	0.4	0.53	0.0	0.0	-0.028635917504628513	0.21607073569748103	bos_eos	seed_42,seed_43,seed_44
6_3_anc_omit_P	33_6_3_anc_omit_P	fig:heatmap-33-anc-omit-p	6.3 ANC omitted P	43_svo_gn_er_b_no	svo	gn	erg-abs	balancing	nomn	svo	SV	AVP	100	0.69	0.06244997998398397	69.0	6.244997998398398	0.62	0.74	0.0	0.0	0.3868250219027201	0.16965380457177223	bos_eos	seed_42,seed_43,seed_44
6_3_anc_omit_P	33_6_3_anc_omit_P	fig:heatmap-33-anc-omit-p	6.3 ANC omitted P	44_svo_gn_er_d_se	svo	gn	erg-abs	deranking	sent	svo	SV	AVP	100	0.9166666666666666	0.032145502536643174	91.66666666666666	3.2145502536643185	0.88	0.94	0.0	0.0	0.6752795394261678	0.07500348359684163	bos_eos	seed_42,seed_43,seed_44
6_3_anc_omit_P	33_6_3_anc_omit_P	fig:heatmap-33-anc-omit-p	6.3 ANC omitted P	45_svo_gn_er_d_pa	svo	gn	erg-abs	deranking	poss-acc	svo	SV	AVP	100	0.8666666666666667	0.025166114784235857	86.66666666666667	2.516611478423583	0.84	0.89	0.0	0.0	0.7421368590990702	0.13694607140541717	bos_eos	seed_42,seed_43,seed_44
6_3_anc_omit_P	33_6_3_anc_omit_P	fig:heatmap-33-anc-omit-p	6.3 ANC omitted P	46_svo_gn_er_d_ep	svo	gn	erg-abs	deranking	erg-poss	sov	SV	PVA	100	0.52	0.034641016151377574	52.0	3.4641016151377544	0.48	0.54	0.0	0.0	0.0021536652247110977	0.12145844293747594	bos_eos	seed_42,seed_43,seed_44
6_3_anc_omit_P	33_6_3_anc_omit_P	fig:heatmap-33-anc-omit-p	6.3 ANC omitted P	47_svo_gn_er_d_no	svo	gn	erg-abs	deranking	nomn	svo	SV	AVP	100	0.8566666666666667	0.07094598884597587	85.66666666666667	7.094598884597588	0.78	0.92	0.0	0.0	0.7349103832244873	0.21563803107071328	bos_eos	seed_42,seed_43,seed_44
6_3_anc_omit_P	33_6_3_anc_omit_P	fig:heatmap-33-anc-omit-p	6.3 ANC omitted P	48_svo_ng_ac_b_se	svo	ng	nom-acc	balancing	sent	svo	SV	AVP	100	0.7166666666666667	0.05033222956847166	71.66666666666667	5.033222956847166	0.67	0.77	0.0	0.0	0.5201486452420553	0.04165024367736261	bos_eos	seed_42,seed_43,seed_44
6_3_anc_omit_P	33_6_3_anc_omit_P	fig:heatmap-33-anc-omit-p	6.3 ANC omitted P	49_svo_ng_ac_b_pa	svo	ng	nom-acc	balancing	poss-acc	vos	VS	VPA	100	1.0	0.0	100.0	0.0	1.0	1.0	0.0	0.0	3.6600590991973876	0.11946428193837057	bos_eos	seed_42,seed_43,seed_44
6_3_anc_omit_P	33_6_3_anc_omit_P	fig:heatmap-33-anc-omit-p	6.3 ANC omitted P	50_svo_ng_ac_b_ep	svo	ng	nom-acc	balancing	erg-poss	vos	VS	VPA	100	1.0	0.0	100.0	0.0	1.0	1.0	0.0	0.0	3.107376585006714	0.038716550238439944	bos_eos	seed_42,seed_43,seed_44
6_3_anc_omit_P	33_6_3_anc_omit_P	fig:heatmap-33-anc-omit-p	6.3 ANC omitted P	51_svo_ng_ac_b_no	svo	ng	nom-acc	balancing	nomn	vos	VS	VPA	100	1.0	0.0	100.0	0.0	1.0	1.0	0.0	0.0	3.6300116324424745	0.08924511564952613	bos_eos	seed_42,seed_43,seed_44
6_3_anc_omit_P	33_6_3_anc_omit_P	fig:heatmap-33-anc-omit-p	6.3 ANC omitted P	52_svo_ng_ac_d_se	svo	ng	nom-acc	deranking	sent	svo	SV	AVP	100	0.9733333333333333	0.011547005383792526	97.33333333333333	1.1547005383792515	0.96	0.98	0.0	0.0	1.4081392010053	0.044252592437442326	bos_eos	seed_42,seed_43,seed_44
6_3_anc_omit_P	33_6_3_anc_omit_P	fig:heatmap-33-anc-omit-p	6.3 ANC omitted P	53_svo_ng_ac_d_pa	svo	ng	nom-acc	deranking	poss-acc	vos	VS	VPA	100	1.0	0.0	100.0	0.0	1.0	1.0	0.0	0.0	3.4792263682683306	0.18109372852901054	bos_eos	seed_42,seed_43,seed_44
6_3_anc_omit_P	33_6_3_anc_omit_P	fig:heatmap-33-anc-omit-p	6.3 ANC omitted P	54_svo_ng_ac_d_ep	svo	ng	nom-acc	deranking	erg-poss	vos	VS	VPA	100	1.0	0.0	100.0	0.0	1.0	1.0	0.0	0.0	2.9886047951380412	0.06470523930722227	bos_eos	seed_42,seed_43,seed_44
6_3_anc_omit_P	33_6_3_anc_omit_P	fig:heatmap-33-anc-omit-p	6.3 ANC omitted P	55_svo_ng_ac_d_no	svo	ng	nom-acc	deranking	nomn	vos	VS	VPA	100	1.0	0.0	100.0	0.0	1.0	1.0	0.0	0.0	3.4535741933186848	0.1088177070592051	bos_eos	seed_42,seed_43,seed_44
6_3_anc_omit_P	33_6_3_anc_omit_P	fig:heatmap-33-anc-omit-p	6.3 ANC omitted P	56_svo_ng_er_b_se	svo	ng	erg-abs	balancing	sent	svo	SV	AVP	100	0.5766666666666667	0.025166114784235794	57.666666666666664	2.516611478423579	0.55	0.6	0.0	0.0	0.06552424271901448	0.005044853300061214	bos_eos	seed_42,seed_43,seed_44
6_3_anc_omit_P	33_6_3_anc_omit_P	fig:heatmap-33-anc-omit-p	6.3 ANC omitted P	57_svo_ng_er_b_pa	svo	ng	erg-abs	balancing	poss-acc	vos	VS	VPA	100	0.8766666666666666	0.06350852961085883	87.66666666666666	6.3508529610858835	0.84	0.95	0.0	0.0	0.9373152709007263	0.15815105675441635	bos_eos	seed_42,seed_43,seed_44
6_3_anc_omit_P	33_6_3_anc_omit_P	fig:heatmap-33-anc-omit-p	6.3 ANC omitted P	58_svo_ng_er_b_ep	svo	ng	erg-abs	balancing	erg-poss	vos	VS	VPA	100	0.7133333333333334	0.13868429375143143	71.33333333333334	13.868429375143142	0.56	0.83	0.0	0.0	0.4948962450027466	0.18494111426862012	bos_eos	seed_42,seed_43,seed_44
6_3_anc_omit_P	33_6_3_anc_omit_P	fig:heatmap-33-anc-omit-p	6.3 ANC omitted P	59_svo_ng_er_b_no	svo	ng	erg-abs	balancing	nomn	vos	VS	VPA	100	0.8933333333333333	0.040414518843273836	89.33333333333333	4.041451884327381	0.85	0.93	0.0	0.0	1.0212069201469423	0.1308876336281377	bos_eos	seed_42,seed_43,seed_44
6_3_anc_omit_P	33_6_3_anc_omit_P	fig:heatmap-33-anc-omit-p	6.3 ANC omitted P	60_svo_ng_er_d_se	svo	ng	erg-abs	deranking	sent	svo	SV	AVP	100	0.93	0.009999999999999953	93.0	1.0	0.92	0.94	0.0	0.0	0.7468161090215047	0.0454946032240287	bos_eos	seed_42,seed_43,seed_44
6_3_anc_omit_P	33_6_3_anc_omit_P	fig:heatmap-33-anc-omit-p	6.3 ANC omitted P	61_svo_ng_er_d_pa	svo	ng	erg-abs	deranking	poss-acc	vos	VS	VPA	100	0.8366666666666667	0.10214368964029712	83.66666666666667	10.214368964029708	0.72	0.91	0.0	0.0	0.7209665242830912	0.23861074326680604	bos_eos	seed_42,seed_43,seed_44
6_3_anc_omit_P	33_6_3_anc_omit_P	fig:heatmap-33-anc-omit-p	6.3 ANC omitted P	62_svo_ng_er_d_ep	svo	ng	erg-abs	deranking	erg-poss	vos	VS	VPA	100	0.6466666666666667	0.023094010767585053	64.66666666666667	2.309401076758503	0.62	0.66	0.0	0.0	0.303871279557546	0.06156828428345873	bos_eos	seed_42,seed_43,seed_44
6_3_anc_omit_P	33_6_3_anc_omit_P	fig:heatmap-33-anc-omit-p	6.3 ANC omitted P	63_svo_ng_er_d_no	svo	ng	erg-abs	deranking	nomn	vos	VS	VPA	100	0.87	0.11135528725660043	87.0	11.135528725660043	0.77	0.99	0.0	0.0	0.8655604577064514	0.27621082623096754	bos_eos	seed_42,seed_43,seed_44
6_3_anc_omit_P	33_6_3_anc_omit_P	fig:heatmap-33-anc-omit-p	6.3 ANC omitted P	64_vos_gn_ac_b_se	vos	gn	nom-acc	balancing	sent	vos	VS	VPA	100	0.71	0.010000000000000009	71.0	1.0	0.7	0.72	0.0	0.0	0.5678609482447307	0.06378662446716699	bos_eos	seed_42,seed_43,seed_44
6_3_anc_omit_P	33_6_3_anc_omit_P	fig:heatmap-33-anc-omit-p	6.3 ANC omitted P	65_vos_gn_ac_b_pa	vos	gn	nom-acc	balancing	poss-acc	svo	SV	AVP	100	1.0	0.0	100.0	0.0	1.0	1.0	0.0	0.0	2.6076960666974385	0.18680849467112257	bos_eos	seed_42,seed_43,seed_44
6_3_anc_omit_P	33_6_3_anc_omit_P	fig:heatmap-33-anc-omit-p	6.3 ANC omitted P	66_vos_gn_ac_b_ep	vos	gn	nom-acc	balancing	erg-poss	sov	SV	PVA	100	0.6900000000000001	0.04358898943540671	69.0	4.358898943540674	0.66	0.74	0.0	0.0	0.5800202059745789	0.130967164925378	bos_eos	seed_42,seed_43,seed_44
6_3_anc_omit_P	33_6_3_anc_omit_P	fig:heatmap-33-anc-omit-p	6.3 ANC omitted P	67_vos_gn_ac_b_no	vos	gn	nom-acc	balancing	nomn	svo	SV	AVP	100	0.9966666666666667	0.005773502691896263	99.66666666666667	0.5773502691896257	0.99	1.0	0.0	0.0	2.550033349196116	0.05214303927801455	bos_eos	seed_42,seed_43,seed_44
6_3_anc_omit_P	33_6_3_anc_omit_P	fig:heatmap-33-anc-omit-p	6.3 ANC omitted P	68_vos_gn_ac_d_se	vos	gn	nom-acc	deranking	sent	vos	VS	VPA	100	1.0	0.0	100.0	0.0	1.0	1.0	0.0	0.0	3.032557842731476	0.1715762661660195	bos_eos	seed_42,seed_43,seed_44
6_3_anc_omit_P	33_6_3_anc_omit_P	fig:heatmap-33-anc-omit-p	6.3 ANC omitted P	69_vos_gn_ac_d_pa	vos	gn	nom-acc	deranking	poss-acc	svo	SV	AVP	100	1.0	0.0	100.0	0.0	1.0	1.0	0.0	0.0	3.7083793401718137	0.16750902611946414	bos_eos	seed_42,seed_43,seed_44
6_3_anc_omit_P	33_6_3_anc_omit_P	fig:heatmap-33-anc-omit-p	6.3 ANC omitted P	70_vos_gn_ac_d_ep	vos	gn	nom-acc	deranking	erg-poss	sov	SV	PVA	100	1.0	0.0	100.0	0.0	1.0	1.0	0.0	0.0	2.9850402943293255	0.15052870451797498	bos_eos	seed_42,seed_43,seed_44
6_3_anc_omit_P	33_6_3_anc_omit_P	fig:heatmap-33-anc-omit-p	6.3 ANC omitted P	71_vos_gn_ac_d_no	vos	gn	nom-acc	deranking	nomn	svo	SV	AVP	100	1.0	0.0	100.0	0.0	1.0	1.0	0.0	0.0	3.6046543224652607	0.1553375054916984	bos_eos	seed_42,seed_43,seed_44
6_3_anc_omit_P	33_6_3_anc_omit_P	fig:heatmap-33-anc-omit-p	6.3 ANC omitted P	72_vos_gn_er_b_se	vos	gn	erg-abs	balancing	sent	vos	VS	VPA	100	0.4533333333333333	0.051316014394468853	45.33333333333333	5.131601439446884	0.41	0.51	0.0	0.0	-0.09449712753295898	0.07658429351050203	bos_eos	seed_42,seed_43,seed_44
6_3_anc_omit_P	33_6_3_anc_omit_P	fig:heatmap-33-anc-omit-p	6.3 ANC omitted P	73_vos_gn_er_b_pa	vos	gn	erg-abs	balancing	poss-acc	svo	SV	AVP	100	0.9633333333333333	0.01527525231651948	96.33333333333333	1.5275252316519468	0.95	0.98	0.0	0.0	1.6546740142504375	0.05561193420489623	bos_eos	seed_42,seed_43,seed_44
6_3_anc_omit_P	33_6_3_anc_omit_P	fig:heatmap-33-anc-omit-p	6.3 ANC omitted P	74_vos_gn_er_b_ep	vos	gn	erg-abs	balancing	erg-poss	sov	SV	PVA	100	0.30333333333333334	0.020816659994661316	30.333333333333336	2.081665999466131	0.28	0.32	0.0	0.0	-0.4528198115030925	0.06959911862917363	bos_eos	seed_42,seed_43,seed_44
6_3_anc_omit_P	33_6_3_anc_omit_P	fig:heatmap-33-anc-omit-p	6.3 ANC omitted P	75_vos_gn_er_b_no	vos	gn	erg-abs	balancing	nomn	svo	SV	AVP	100	0.9666666666666667	0.01527525231651948	96.66666666666667	1.5275252316519468	0.95	0.98	0.0	0.0	1.6178569682439168	0.2461272692781082	bos_eos	seed_42,seed_43,seed_44
6_3_anc_omit_P	33_6_3_anc_omit_P	fig:heatmap-33-anc-omit-p	6.3 ANC omitted P	76_vos_gn_er_d_se	vos	gn	erg-abs	deranking	sent	vos	VS	VPA	100	0.9866666666666667	0.01527525231651948	98.66666666666667	1.5275252316519468	0.97	1.0	0.0	0.0	1.3836288062731426	0.11314326122445864	bos_eos	seed_42,seed_43,seed_44
6_3_anc_omit_P	33_6_3_anc_omit_P	fig:heatmap-33-anc-omit-p	6.3 ANC omitted P	77_vos_gn_er_d_pa	vos	gn	erg-abs	deranking	poss-acc	svo	SV	AVP	100	0.99	0.0	99.0	0.0	0.99	0.99	0.0	0.0	2.0923050769170124	0.14309358239808348	bos_eos	seed_42,seed_43,seed_44
6_3_anc_omit_P	33_6_3_anc_omit_P	fig:heatmap-33-anc-omit-p	6.3 ANC omitted P	78_vos_gn_er_d_ep	vos	gn	erg-abs	deranking	erg-poss	sov	SV	PVA	100	0.9033333333333333	0.04509249752822893	90.33333333333333	4.509249752822894	0.86	0.95	0.0	0.0	0.9165724873542785	0.11235243783509896	bos_eos	seed_42,seed_43,seed_44
6_3_anc_omit_P	33_6_3_anc_omit_P	fig:heatmap-33-anc-omit-p	6.3 ANC omitted P	79_vos_gn_er_d_no	vos	gn	erg-abs	deranking	nomn	svo	SV	AVP	100	0.9866666666666667	0.005773502691896263	98.66666666666667	0.5773502691896257	0.98	0.99	0.0	0.0	2.088952891031901	0.09476149339306116	bos_eos	seed_42,seed_43,seed_44
6_3_anc_omit_P	33_6_3_anc_omit_P	fig:heatmap-33-anc-omit-p	6.3 ANC omitted P	80_vos_ng_ac_b_se	vos	ng	nom-acc	balancing	sent	vos	VS	VPA	100	0.78	0.026457513110645932	78.0	2.6457513110645907	0.76	0.81	0.0	0.0	0.7686268536249796	0.10408655083489053	bos_eos	seed_42,seed_43,seed_44
6_3_anc_omit_P	33_6_3_anc_omit_P	fig:heatmap-33-anc-omit-p	6.3 ANC omitted P	81_vos_ng_ac_b_pa	vos	ng	nom-acc	balancing	poss-acc	vos	VS	VPA	100	0.9333333333333333	0.01527525231651942	93.33333333333333	1.5275252316519468	0.92	0.95	0.0	0.0	1.2552615698178609	0.04499310841194508	bos_eos	seed_42,seed_43,seed_44
6_3_anc_omit_P	33_6_3_anc_omit_P	fig:heatmap-33-anc-omit-p	6.3 ANC omitted P	82_vos_ng_ac_b_ep	vos	ng	nom-acc	balancing	erg-poss	vos	VS	VPA	100	0.7666666666666667	0.03511884584284249	76.66666666666667	3.5118845842842465	0.73	0.8	0.0	0.0	0.7201845987637838	0.09522103559789864	bos_eos	seed_42,seed_43,seed_44
6_3_anc_omit_P	33_6_3_anc_omit_P	fig:heatmap-33-anc-omit-p	6.3 ANC omitted P	83_vos_ng_ac_b_no	vos	ng	nom-acc	balancing	nomn	vos	VS	VPA	100	0.9333333333333333	0.011547005383792462	93.33333333333333	1.1547005383792515	0.92	0.94	0.0	0.0	1.3318091797828675	0.07880475162458919	bos_eos	seed_42,seed_43,seed_44
6_3_anc_omit_P	33_6_3_anc_omit_P	fig:heatmap-33-anc-omit-p	6.3 ANC omitted P	84_vos_ng_ac_d_se	vos	ng	nom-acc	deranking	sent	vos	VS	VPA	100	1.0	0.0	100.0	0.0	1.0	1.0	0.0	0.0	2.89371351480484	0.00651330849825596	bos_eos	seed_42,seed_43,seed_44
6_3_anc_omit_P	33_6_3_anc_omit_P	fig:heatmap-33-anc-omit-p	6.3 ANC omitted P	85_vos_ng_ac_d_pa	vos	ng	nom-acc	deranking	poss-acc	vos	VS	VPA	100	1.0	0.0	100.0	0.0	1.0	1.0	0.0	0.0	3.401290564537048	0.07371719130460185	bos_eos	seed_42,seed_43,seed_44
6_3_anc_omit_P	33_6_3_anc_omit_P	fig:heatmap-33-anc-omit-p	6.3 ANC omitted P	86_vos_ng_ac_d_ep	vos	ng	nom-acc	deranking	erg-poss	vos	VS	VPA	100	1.0	0.0	100.0	0.0	1.0	1.0	0.0	0.0	2.91990399201711	0.09474031594824266	bos_eos	seed_42,seed_43,seed_44
6_3_anc_omit_P	33_6_3_anc_omit_P	fig:heatmap-33-anc-omit-p	6.3 ANC omitted P	87_vos_ng_ac_d_no	vos	ng	nom-acc	deranking	nomn	vos	VS	VPA	100	1.0	0.0	100.0	0.0	1.0	1.0	0.0	0.0	3.414134935537974	0.09094407176392909	bos_eos	seed_42,seed_43,seed_44
6_3_anc_omit_P	33_6_3_anc_omit_P	fig:heatmap-33-anc-omit-p	6.3 ANC omitted P	88_vos_ng_er_b_se	vos	ng	erg-abs	balancing	sent	vos	VS	VPA	100	0.51	0.017320508075688787	51.0	1.7320508075688772	0.49	0.52	0.0	0.0	0.03780947764714559	0.014479259917846146	bos_eos	seed_42,seed_43,seed_44
6_3_anc_omit_P	33_6_3_anc_omit_P	fig:heatmap-33-anc-omit-p	6.3 ANC omitted P	89_vos_ng_er_b_pa	vos	ng	erg-abs	balancing	poss-acc	vos	VS	VPA	100	0.6	0.08000000000000002	60.0	8.0	0.52	0.68	0.0	0.0	0.15050360361735027	0.11664837921121275	bos_eos	seed_42,seed_43,seed_44
6_3_anc_omit_P	33_6_3_anc_omit_P	fig:heatmap-33-anc-omit-p	6.3 ANC omitted P	90_vos_ng_er_b_ep	vos	ng	erg-abs	balancing	erg-poss	vos	VS	VPA	100	0.37666666666666665	0.04041451884327378	37.666666666666664	4.041451884327381	0.34	0.42	0.0	0.0	-0.32821948528289796	0.07934280729319843	bos_eos	seed_42,seed_43,seed_44
6_3_anc_omit_P	33_6_3_anc_omit_P	fig:heatmap-33-anc-omit-p	6.3 ANC omitted P	91_vos_ng_er_b_no	vos	ng	erg-abs	balancing	nomn	vos	VS	VPA	100	0.6266666666666667	0.01527525231651948	62.66666666666667	1.5275252316519468	0.61	0.64	0.0	0.0	0.21307711283365885	0.0400906439799434	bos_eos	seed_42,seed_43,seed_44
6_3_anc_omit_P	33_6_3_anc_omit_P	fig:heatmap-33-anc-omit-p	6.3 ANC omitted P	92_vos_ng_er_d_se	vos	ng	erg-abs	deranking	sent	vos	VS	VPA	100	0.99	0.010000000000000009	99.0	1.0	0.98	1.0	0.0	0.0	1.2162350837389628	0.026063527834527003	bos_eos	seed_42,seed_43,seed_44
6_3_anc_omit_P	33_6_3_anc_omit_P	fig:heatmap-33-anc-omit-p	6.3 ANC omitted P	93_vos_ng_er_d_pa	vos	ng	erg-abs	deranking	poss-acc	vos	VS	VPA	100	0.9433333333333334	0.020816659994661285	94.33333333333334	2.0816659994661326	0.92	0.96	0.0	0.0	0.9927207763989766	0.013701375104682495	bos_eos	seed_42,seed_43,seed_44
6_3_anc_omit_P	33_6_3_anc_omit_P	fig:heatmap-33-anc-omit-p	6.3 ANC omitted P	94_vos_ng_er_d_ep	vos	ng	erg-abs	deranking	erg-poss	vos	VS	VPA	100	0.87	0.010000000000000009	87.0	1.0	0.86	0.88	0.0	0.0	0.7212932602564494	0.010896320812597499	bos_eos	seed_42,seed_43,seed_44
6_3_anc_omit_P	33_6_3_anc_omit_P	fig:heatmap-33-anc-omit-p	6.3 ANC omitted P	95_vos_ng_er_d_no	vos	ng	erg-abs	deranking	nomn	vos	VS	VPA	100	0.96	0.020000000000000018	96.0	2.0	0.94	0.98	0.0	0.0	1.0943884682655334	0.05024186252524483	bos_eos	seed_42,seed_43,seed_44
6_4_anc_omit_A_P	34_6_4_anc_omit_A_P	fig:heatmap-34-anc-omit-a-p	6.4 ANC omitted A+P	00_sov_gn_ac_b_se	sov	gn	nom-acc	balancing	sent	sov	SV	APV	100	0.92	0.017320508075688787	92.0	1.7320508075688772	0.9	0.93	0.0	0.0	1.8578715189297994	0.16203046855972536	bos_eos	seed_42,seed_43,seed_44
6_4_anc_omit_A_P	34_6_4_anc_omit_A_P	fig:heatmap-34-anc-omit-a-p	6.4 ANC omitted A+P	01_sov_gn_ac_b_pa	sov	gn	nom-acc	balancing	poss-acc	sov	SV	APV	100	0.9266666666666667	0.005773502691896263	92.66666666666667	0.5773502691896257	0.92	0.93	0.0	0.0	1.8483334795633952	0.04033617299057549	bos_eos	seed_42,seed_43,seed_44
6_4_anc_omit_A_P	34_6_4_anc_omit_A_P	fig:heatmap-34-anc-omit-a-p	6.4 ANC omitted A+P	02_sov_gn_ac_b_ep	sov	gn	nom-acc	balancing	erg-poss	sov	SV	APV	100	0.9233333333333333	0.005773502691896263	92.33333333333333	0.5773502691896257	0.92	0.93	0.0	0.0	1.8473368867238362	0.12207251625362436	bos_eos	seed_42,seed_43,seed_44
6_4_anc_omit_A_P	34_6_4_anc_omit_A_P	fig:heatmap-34-anc-omit-a-p	6.4 ANC omitted A+P	03_sov_gn_ac_b_no	sov	gn	nom-acc	balancing	nomn	sov	SV	APV	100	0.94	0.009999999999999953	94.0	1.0	0.93	0.95	0.0	0.0	1.9817562508583069	0.1451568003120438	bos_eos	seed_42,seed_43,seed_44
6_4_anc_omit_A_P	34_6_4_anc_omit_A_P	fig:heatmap-34-anc-omit-a-p	6.4 ANC omitted A+P	04_sov_gn_ac_d_se	sov	gn	nom-acc	deranking	sent	sov	SV	APV	100	1.0	0.0	100.0	0.0	1.0	1.0	0.0	0.0	2.5651178479194643	0.09329827783198658	bos_eos	seed_42,seed_43,seed_44
6_4_anc_omit_A_P	34_6_4_anc_omit_A_P	fig:heatmap-34-anc-omit-a-p	6.4 ANC omitted A+P	05_sov_gn_ac_d_pa	sov	gn	nom-acc	deranking	poss-acc	sov	SV	APV	100	0.9966666666666667	0.005773502691896263	99.66666666666667	0.5773502691896257	0.99	1.0	0.0	0.0	2.6374050482114155	0.034880339615265606	bos_eos	seed_42,seed_43,seed_44
6_4_anc_omit_A_P	34_6_4_anc_omit_A_P	fig:heatmap-34-anc-omit-a-p	6.4 ANC omitted A+P	06_sov_gn_ac_d_ep	sov	gn	nom-acc	deranking	erg-poss	sov	SV	APV	100	0.9966666666666667	0.005773502691896263	99.66666666666667	0.5773502691896257	0.99	1.0	0.0	0.0	2.611375184059143	0.17436352839308927	bos_eos	seed_42,seed_43,seed_44
6_4_anc_omit_A_P	34_6_4_anc_omit_A_P	fig:heatmap-34-anc-omit-a-p	6.4 ANC omitted A+P	07_sov_gn_ac_d_no	sov	gn	nom-acc	deranking	nomn	sov	SV	APV	100	1.0	0.0	100.0	0.0	1.0	1.0	0.0	0.0	2.763811041514079	0.09600785433643089	bos_eos	seed_42,seed_43,seed_44
6_4_anc_omit_A_P	34_6_4_anc_omit_A_P	fig:heatmap-34-anc-omit-a-p	6.4 ANC omitted A+P	08_sov_gn_er_b_se	sov	gn	erg-abs	balancing	sent	sov	SV	APV	100	0.7733333333333333	0.03214550253664321	77.33333333333333	3.2145502536643185	0.75	0.81	0.0	0.0	0.6034230295817058	0.03291644390471307	bos_eos	seed_42,seed_43,seed_44
6_4_anc_omit_A_P	34_6_4_anc_omit_A_P	fig:heatmap-34-anc-omit-a-p	6.4 ANC omitted A+P	09_sov_gn_er_b_pa	sov	gn	erg-abs	balancing	poss-acc	sov	SV	APV	100	0.78	0.017320508075688787	78.0	1.7320508075688772	0.77	0.8	0.0	0.0	0.5784409777323405	0.06656319210050768	bos_eos	seed_42,seed_43,seed_44
6_4_anc_omit_A_P	34_6_4_anc_omit_A_P	fig:heatmap-34-anc-omit-a-p	6.4 ANC omitted A+P	10_sov_gn_er_b_ep	sov	gn	erg-abs	balancing	erg-poss	sov	SV	APV	100	0.7666666666666667	0.020816659994661348	76.66666666666667	2.0816659994661326	0.75	0.79	0.0	0.0	0.6151065683364868	0.08016994936037787	bos_eos	seed_42,seed_43,seed_44
6_4_anc_omit_A_P	34_6_4_anc_omit_A_P	fig:heatmap-34-anc-omit-a-p	6.4 ANC omitted A+P	11_sov_gn_er_b_no	sov	gn	erg-abs	balancing	nomn	sov	SV	APV	100	0.7666666666666667	0.03511884584284249	76.66666666666667	3.5118845842842465	0.73	0.8	0.0	0.0	0.5528339727719624	0.043726465268790565	bos_eos	seed_42,seed_43,seed_44
6_4_anc_omit_A_P	34_6_4_anc_omit_A_P	fig:heatmap-34-anc-omit-a-p	6.4 ANC omitted A+P	12_sov_gn_er_d_se	sov	gn	erg-abs	deranking	sent	sov	SV	APV	100	0.9066666666666667	0.01527525231651948	90.66666666666667	1.5275252316519468	0.89	0.92	0.0	0.0	0.8967647266387939	0.06383682644901506	bos_eos	seed_42,seed_43,seed_44
6_4_anc_omit_A_P	34_6_4_anc_omit_A_P	fig:heatmap-34-anc-omit-a-p	6.4 ANC omitted A+P	13_sov_gn_er_d_pa	sov	gn	erg-abs	deranking	poss-acc	sov	SV	APV	100	0.8533333333333333	0.023094010767585053	85.33333333333333	2.309401076758503	0.84	0.88	0.0	0.0	0.9588245137532552	0.0707052113059221	bos_eos	seed_42,seed_43,seed_44
6_4_anc_omit_A_P	34_6_4_anc_omit_A_P	fig:heatmap-34-anc-omit-a-p	6.4 ANC omitted A+P	14_sov_gn_er_d_ep	sov	gn	erg-abs	deranking	erg-poss	sov	SV	APV	100	0.8633333333333333	0.025166114784235857	86.33333333333333	2.516611478423583	0.84	0.89	0.0	0.0	0.8252484146753947	0.09366559592707836	bos_eos	seed_42,seed_43,seed_44
6_4_anc_omit_A_P	34_6_4_anc_omit_A_P	fig:heatmap-34-anc-omit-a-p	6.4 ANC omitted A+P	15_sov_gn_er_d_no	sov	gn	erg-abs	deranking	nomn	sov	SV	APV	100	0.8733333333333333	0.01527525231651948	87.33333333333333	1.5275252316519468	0.86	0.89	0.0	0.0	0.9579577302932739	0.07928441406469286	bos_eos	seed_42,seed_43,seed_44
6_4_anc_omit_A_P	34_6_4_anc_omit_A_P	fig:heatmap-34-anc-omit-a-p	6.4 ANC omitted A+P	16_sov_ng_ac_b_se	sov	ng	nom-acc	balancing	sent	sov	SV	APV	100	0.93	0.0	93.0	0.0	0.93	0.93	0.0	0.0	1.8836579465866088	0.11753326614704154	bos_eos	seed_42,seed_43,seed_44
6_4_anc_omit_A_P	34_6_4_anc_omit_A_P	fig:heatmap-34-anc-omit-a-p	6.4 ANC omitted A+P	17_sov_ng_ac_b_pa	sov	ng	nom-acc	balancing	poss-acc	ovs	VS	PVA	100	0.9333333333333333	0.005773502691896198	93.33333333333333	0.5773502691896257	0.93	0.94	0.0	0.0	1.8344742631912232	0.0597221975199726	bos_eos	seed_42,seed_43,seed_44
6_4_anc_omit_A_P	34_6_4_anc_omit_A_P	fig:heatmap-34-anc-omit-a-p	6.4 ANC omitted A+P	18_sov_ng_ac_b_ep	sov	ng	nom-acc	balancing	erg-poss	vos	VS	AVP	100	0.94	0.009999999999999953	94.0	1.0	0.93	0.95	0.0	0.0	1.8688117710749308	0.08672091119450825	bos_eos	seed_42,seed_43,seed_44
6_4_anc_omit_A_P	34_6_4_anc_omit_A_P	fig:heatmap-34-anc-omit-a-p	6.4 ANC omitted A+P	19_sov_ng_ac_b_no	sov	ng	nom-acc	balancing	nomn	ovs	VS	PVA	100	0.94	0.009999999999999953	94.0	1.0	0.93	0.95	0.0	0.0	1.9496687134106954	0.1106488009580745	bos_eos	seed_42,seed_43,seed_44
6_4_anc_omit_A_P	34_6_4_anc_omit_A_P	fig:heatmap-34-anc-omit-a-p	6.4 ANC omitted A+P	20_sov_ng_ac_d_se	sov	ng	nom-acc	deranking	sent	sov	SV	APV	100	0.9966666666666667	0.005773502691896263	99.66666666666667	0.5773502691896257	0.99	1.0	0.0	0.0	2.597890384197235	0.1114284582992312	bos_eos	seed_42,seed_43,seed_44
6_4_anc_omit_A_P	34_6_4_anc_omit_A_P	fig:heatmap-34-anc-omit-a-p	6.4 ANC omitted A+P	21_sov_ng_ac_d_pa	sov	ng	nom-acc	deranking	poss-acc	ovs	VS	PVA	100	1.0	0.0	100.0	0.0	1.0	1.0	0.0	0.0	2.615683138370514	0.12802519502580334	bos_eos	seed_42,seed_43,seed_44
6_4_anc_omit_A_P	34_6_4_anc_omit_A_P	fig:heatmap-34-anc-omit-a-p	6.4 ANC omitted A+P	22_sov_ng_ac_d_ep	sov	ng	nom-acc	deranking	erg-poss	vos	VS	AVP	100	1.0	0.0	100.0	0.0	1.0	1.0	0.0	0.0	2.591988341808319	0.06119093731701981	bos_eos	seed_42,seed_43,seed_44
6_4_anc_omit_A_P	34_6_4_anc_omit_A_P	fig:heatmap-34-anc-omit-a-p	6.4 ANC omitted A+P	23_sov_ng_ac_d_no	sov	ng	nom-acc	deranking	nomn	ovs	VS	PVA	100	1.0	0.0	100.0	0.0	1.0	1.0	0.0	0.0	2.7924551645914715	0.13976595859013666	bos_eos	seed_42,seed_43,seed_44
6_4_anc_omit_A_P	34_6_4_anc_omit_A_P	fig:heatmap-34-anc-omit-a-p	6.4 ANC omitted A+P	24_sov_ng_er_b_se	sov	ng	erg-abs	balancing	sent	sov	SV	APV	100	0.76	0.017320508075688787	76.0	1.7320508075688772	0.74	0.77	0.0	0.0	0.5381253910064697	0.03072681655817153	bos_eos	seed_42,seed_43,seed_44
6_4_anc_omit_A_P	34_6_4_anc_omit_A_P	fig:heatmap-34-anc-omit-a-p	6.4 ANC omitted A+P	25_sov_ng_er_b_pa	sov	ng	erg-abs	balancing	poss-acc	ovs	VS	PVA	100	0.77	0.036055512754639925	77.0	3.605551275463989	0.73	0.8	0.0	0.0	0.5218243980407715	0.05761029023627777	bos_eos	seed_42,seed_43,seed_44
6_4_anc_omit_A_P	34_6_4_anc_omit_A_P	fig:heatmap-34-anc-omit-a-p	6.4 ANC omitted A+P	26_sov_ng_er_b_ep	sov	ng	erg-abs	balancing	erg-poss	vos	VS	AVP	100	0.77	0.036055512754639925	77.0	3.605551275463989	0.74	0.81	0.0	0.0	0.600502610206604	0.04417073155782633	bos_eos	seed_42,seed_43,seed_44
6_4_anc_omit_A_P	34_6_4_anc_omit_A_P	fig:heatmap-34-anc-omit-a-p	6.4 ANC omitted A+P	27_sov_ng_er_b_no	sov	ng	erg-abs	balancing	nomn	ovs	VS	PVA	100	0.7333333333333333	0.01527525231651948	73.33333333333333	1.5275252316519468	0.72	0.75	0.0	0.0	0.5112300284703573	0.028179996199789382	bos_eos	seed_42,seed_43,seed_44
6_4_anc_omit_A_P	34_6_4_anc_omit_A_P	fig:heatmap-34-anc-omit-a-p	6.4 ANC omitted A+P	28_sov_ng_er_d_se	sov	ng	erg-abs	deranking	sent	sov	SV	APV	100	0.8766666666666667	0.05507570547286107	87.66666666666667	5.507570547286102	0.82	0.93	0.0	0.0	0.9074206916491191	0.05919639155945389	bos_eos	seed_42,seed_43,seed_44
6_4_anc_omit_A_P	34_6_4_anc_omit_A_P	fig:heatmap-34-anc-omit-a-p	6.4 ANC omitted A+P	29_sov_ng_er_d_pa	sov	ng	erg-abs	deranking	poss-acc	ovs	VS	PVA	100	0.8733333333333333	0.03055050463303896	87.33333333333333	3.0550504633038935	0.84	0.9	0.0	0.0	0.958934919834137	0.09423565338783811	bos_eos	seed_42,seed_43,seed_44
6_4_anc_omit_A_P	34_6_4_anc_omit_A_P	fig:heatmap-34-anc-omit-a-p	6.4 ANC omitted A+P	30_sov_ng_er_d_ep	sov	ng	erg-abs	deranking	erg-poss	vos	VS	AVP	100	0.89	0.036055512754639925	89.0	3.605551275463989	0.86	0.93	0.0	0.0	0.8643405898412069	0.05044039472886877	bos_eos	seed_42,seed_43,seed_44
6_4_anc_omit_A_P	34_6_4_anc_omit_A_P	fig:heatmap-34-anc-omit-a-p	6.4 ANC omitted A+P	31_sov_ng_er_d_no	sov	ng	erg-abs	deranking	nomn	ovs	VS	PVA	100	0.8666666666666667	0.020816659994661348	86.66666666666667	2.0816659994661326	0.85	0.89	0.0	0.0	0.8664152447382609	0.04765566279175816	bos_eos	seed_42,seed_43,seed_44
6_4_anc_omit_A_P	34_6_4_anc_omit_A_P	fig:heatmap-34-anc-omit-a-p	6.4 ANC omitted A+P	32_svo_gn_ac_b_se	svo	gn	nom-acc	balancing	sent	svo	SV	AVP	100	0.9833333333333333	0.020816659994661348	98.33333333333333	2.0816659994661326	0.96	1.0	0.0	0.0	1.9714646299680074	0.06299819479443385	bos_eos	seed_42,seed_43,seed_44
6_4_anc_omit_A_P	34_6_4_anc_omit_A_P	fig:heatmap-34-anc-omit-a-p	6.4 ANC omitted A+P	33_svo_gn_ac_b_pa	svo	gn	nom-acc	balancing	poss-acc	svo	SV	AVP	100	0.9766666666666667	0.011547005383792526	97.66666666666667	1.1547005383792515	0.97	0.99	0.0	0.0	1.9294771639506023	0.019186171515277198	bos_eos	seed_42,seed_43,seed_44
6_4_anc_omit_A_P	34_6_4_anc_omit_A_P	fig:heatmap-34-anc-omit-a-p	6.4 ANC omitted A+P	34_svo_gn_ac_b_ep	svo	gn	nom-acc	balancing	erg-poss	sov	SV	PVA	100	0.98	0.010000000000000009	98.0	1.0	0.97	0.99	0.0	0.0	1.9030639012654622	0.08409380230989727	bos_eos	seed_42,seed_43,seed_44
6_4_anc_omit_A_P	34_6_4_anc_omit_A_P	fig:heatmap-34-anc-omit-a-p	6.4 ANC omitted A+P	35_svo_gn_ac_b_no	svo	gn	nom-acc	balancing	nomn	svo	SV	AVP	100	0.9933333333333333	0.011547005383792526	99.33333333333333	1.1547005383792515	0.98	1.0	0.0	0.0	2.0039971510569257	0.1358015103253465	bos_eos	seed_42,seed_43,seed_44
6_4_anc_omit_A_P	34_6_4_anc_omit_A_P	fig:heatmap-34-anc-omit-a-p	6.4 ANC omitted A+P	36_svo_gn_ac_d_se	svo	gn	nom-acc	deranking	sent	svo	SV	AVP	100	0.9833333333333333	0.020816659994661348	98.33333333333333	2.0816659994661326	0.96	1.0	0.0	0.0	2.028556358019511	0.1965126275858885	bos_eos	seed_42,seed_43,seed_44
6_4_anc_omit_A_P	34_6_4_anc_omit_A_P	fig:heatmap-34-anc-omit-a-p	6.4 ANC omitted A+P	37_svo_gn_ac_d_pa	svo	gn	nom-acc	deranking	poss-acc	svo	SV	AVP	100	0.98	0.020000000000000018	98.0	2.0	0.96	1.0	0.0	0.0	2.0016361554463704	0.0936388316525438	bos_eos	seed_42,seed_43,seed_44
6_4_anc_omit_A_P	34_6_4_anc_omit_A_P	fig:heatmap-34-anc-omit-a-p	6.4 ANC omitted A+P	38_svo_gn_ac_d_ep	svo	gn	nom-acc	deranking	erg-poss	sov	SV	PVA	100	0.9866666666666667	0.01527525231651948	98.66666666666667	1.5275252316519468	0.97	1.0	0.0	0.0	2.044960249265035	0.32813093405215116	bos_eos	seed_42,seed_43,seed_44
6_4_anc_omit_A_P	34_6_4_anc_omit_A_P	fig:heatmap-34-anc-omit-a-p	6.4 ANC omitted A+P	39_svo_gn_ac_d_no	svo	gn	nom-acc	deranking	nomn	svo	SV	AVP	100	0.9633333333333334	0.05507570547286101	96.33333333333334	5.507570547286102	0.9	1.0	0.0	0.0	2.0817261147499084	0.29920539408017505	bos_eos	seed_42,seed_43,seed_44
6_4_anc_omit_A_P	34_6_4_anc_omit_A_P	fig:heatmap-34-anc-omit-a-p	6.4 ANC omitted A+P	40_svo_gn_er_b_se	svo	gn	erg-abs	balancing	sent	svo	SV	AVP	100	0.78	0.026457513110645932	78.0	2.6457513110645907	0.75	0.8	0.0	0.0	0.5718603277206421	0.058999271850448905	bos_eos	seed_42,seed_43,seed_44
6_4_anc_omit_A_P	34_6_4_anc_omit_A_P	fig:heatmap-34-anc-omit-a-p	6.4 ANC omitted A+P	41_svo_gn_er_b_pa	svo	gn	erg-abs	balancing	poss-acc	svo	SV	AVP	100	0.76	0.036055512754639925	76.0	3.605551275463989	0.73	0.8	0.0	0.0	0.6366094454129537	0.1559143509596393	bos_eos	seed_42,seed_43,seed_44
6_4_anc_omit_A_P	34_6_4_anc_omit_A_P	fig:heatmap-34-anc-omit-a-p	6.4 ANC omitted A+P	42_svo_gn_er_b_ep	svo	gn	erg-abs	balancing	erg-poss	sov	SV	PVA	100	0.76	0.034641016151377574	76.0	3.4641016151377544	0.72	0.78	0.0	0.0	0.5800466910998027	0.10660720897612745	bos_eos	seed_42,seed_43,seed_44
6_4_anc_omit_A_P	34_6_4_anc_omit_A_P	fig:heatmap-34-anc-omit-a-p	6.4 ANC omitted A+P	43_svo_gn_er_b_no	svo	gn	erg-abs	balancing	nomn	svo	SV	AVP	100	0.7433333333333333	0.020816659994661348	74.33333333333333	2.0816659994661326	0.72	0.76	0.0	0.0	0.6850561976432801	0.13644510416589314	bos_eos	seed_42,seed_43,seed_44
6_4_anc_omit_A_P	34_6_4_anc_omit_A_P	fig:heatmap-34-anc-omit-a-p	6.4 ANC omitted A+P	44_svo_gn_er_d_se	svo	gn	erg-abs	deranking	sent	svo	SV	AVP	100	0.8633333333333333	0.011547005383792526	86.33333333333333	1.1547005383792515	0.85	0.87	0.0	0.0	0.878495880762736	0.06111496030405811	bos_eos	seed_42,seed_43,seed_44
6_4_anc_omit_A_P	34_6_4_anc_omit_A_P	fig:heatmap-34-anc-omit-a-p	6.4 ANC omitted A+P	45_svo_gn_er_d_pa	svo	gn	erg-abs	deranking	poss-acc	svo	SV	AVP	100	0.8433333333333333	0.03214550253664321	84.33333333333333	3.2145502536643185	0.82	0.88	0.0	0.0	0.9498091689745586	0.07029211515697778	bos_eos	seed_42,seed_43,seed_44
6_4_anc_omit_A_P	34_6_4_anc_omit_A_P	fig:heatmap-34-anc-omit-a-p	6.4 ANC omitted A+P	46_svo_gn_er_d_ep	svo	gn	erg-abs	deranking	erg-poss	sov	SV	PVA	100	0.8266666666666667	0.046188021535170036	82.66666666666667	4.618802153517006	0.8	0.88	0.0	0.0	0.7251973628997803	0.0523534528935479	bos_eos	seed_42,seed_43,seed_44
6_4_anc_omit_A_P	34_6_4_anc_omit_A_P	fig:heatmap-34-anc-omit-a-p	6.4 ANC omitted A+P	47_svo_gn_er_d_no	svo	gn	erg-abs	deranking	nomn	svo	SV	AVP	100	0.8533333333333333	0.01527525231651948	85.33333333333333	1.5275252316519468	0.84	0.87	0.0	0.0	0.8926057068506876	0.08022915575344097	bos_eos	seed_42,seed_43,seed_44
6_4_anc_omit_A_P	34_6_4_anc_omit_A_P	fig:heatmap-34-anc-omit-a-p	6.4 ANC omitted A+P	48_svo_ng_ac_b_se	svo	ng	nom-acc	balancing	sent	svo	SV	AVP	100	0.9866666666666667	0.005773502691896263	98.66666666666667	0.5773502691896257	0.98	0.99	0.0	0.0	1.8803043802579245	0.01223881494090837	bos_eos	seed_42,seed_43,seed_44
6_4_anc_omit_A_P	34_6_4_anc_omit_A_P	fig:heatmap-34-anc-omit-a-p	6.4 ANC omitted A+P	49_svo_ng_ac_b_pa	svo	ng	nom-acc	balancing	poss-acc	vos	VS	VPA	100	0.9866666666666667	0.01527525231651948	98.66666666666667	1.5275252316519468	0.97	1.0	0.0	0.0	1.9363684384028117	0.02352726286559546	bos_eos	seed_42,seed_43,seed_44
6_4_anc_omit_A_P	34_6_4_anc_omit_A_P	fig:heatmap-34-anc-omit-a-p	6.4 ANC omitted A+P	50_svo_ng_ac_b_ep	svo	ng	nom-acc	balancing	erg-poss	vos	VS	VPA	100	0.9866666666666667	0.01527525231651948	98.66666666666667	1.5275252316519468	0.97	1.0	0.0	0.0	1.95810689051946	0.0980772253150352	bos_eos	seed_42,seed_43,seed_44
6_4_anc_omit_A_P	34_6_4_anc_omit_A_P	fig:heatmap-34-anc-omit-a-p	6.4 ANC omitted A+P	51_svo_ng_ac_b_no	svo	ng	nom-acc	balancing	nomn	vos	VS	VPA	100	0.9966666666666667	0.005773502691896263	99.66666666666667	0.5773502691896257	0.99	1.0	0.0	0.0	1.9971196961402893	0.03526179074838006	bos_eos	seed_42,seed_43,seed_44
6_4_anc_omit_A_P	34_6_4_anc_omit_A_P	fig:heatmap-34-anc-omit-a-p	6.4 ANC omitted A+P	52_svo_ng_ac_d_se	svo	ng	nom-acc	deranking	sent	svo	SV	AVP	100	0.99	0.010000000000000009	99.0	1.0	0.98	1.0	0.0	0.0	1.9846173238754272	0.08767174703409242	bos_eos	seed_42,seed_43,seed_44
6_4_anc_omit_A_P	34_6_4_anc_omit_A_P	fig:heatmap-34-anc-omit-a-p	6.4 ANC omitted A+P	53_svo_ng_ac_d_pa	svo	ng	nom-acc	deranking	poss-acc	vos	VS	VPA	100	0.9866666666666667	0.023094010767585053	98.66666666666667	2.309401076758503	0.96	1.0	0.0	0.0	2.099464340209961	0.19888107624558712	bos_eos	seed_42,seed_43,seed_44
6_4_anc_omit_A_P	34_6_4_anc_omit_A_P	fig:heatmap-34-anc-omit-a-p	6.4 ANC omitted A+P	54_svo_ng_ac_d_ep	svo	ng	nom-acc	deranking	erg-poss	vos	VS	VPA	100	0.99	0.010000000000000009	99.0	1.0	0.98	1.0	0.0	0.0	2.02929635365804	0.06568074302383038	bos_eos	seed_42,seed_43,seed_44
6_4_anc_omit_A_P	34_6_4_anc_omit_A_P	fig:heatmap-34-anc-omit-a-p	6.4 ANC omitted A+P	55_svo_ng_ac_d_no	svo	ng	nom-acc	deranking	nomn	vos	VS	VPA	100	1.0	0.0	100.0	0.0	1.0	1.0	0.0	0.0	2.120434495608012	0.12493063619837967	bos_eos	seed_42,seed_43,seed_44
6_4_anc_omit_A_P	34_6_4_anc_omit_A_P	fig:heatmap-34-anc-omit-a-p	6.4 ANC omitted A+P	56_svo_ng_er_b_se	svo	ng	erg-abs	balancing	sent	svo	SV	AVP	100	0.7866666666666667	0.040414518843273836	78.66666666666667	4.041451884327381	0.74	0.81	0.0	0.0	0.6128222902615865	0.11607652585714247	bos_eos	seed_42,seed_43,seed_44
6_4_anc_omit_A_P	34_6_4_anc_omit_A_P	fig:heatmap-34-anc-omit-a-p	6.4 ANC omitted A+P	57_svo_ng_er_b_pa	svo	ng	erg-abs	balancing	poss-acc	vos	VS	VPA	100	0.7766666666666667	0.028867513459481315	77.66666666666667	2.886751345948129	0.76	0.81	0.0	0.0	0.7281395117441813	0.14003472949494608	bos_eos	seed_42,seed_43,seed_44
6_4_anc_omit_A_P	34_6_4_anc_omit_A_P	fig:heatmap-34-anc-omit-a-p	6.4 ANC omitted A+P	58_svo_ng_er_b_ep	svo	ng	erg-abs	balancing	erg-poss	vos	VS	VPA	100	0.78	0.026457513110645932	78.0	2.6457513110645907	0.76	0.81	0.0	0.0	0.6860366257031759	0.06580145094719227	bos_eos	seed_42,seed_43,seed_44
6_4_anc_omit_A_P	34_6_4_anc_omit_A_P	fig:heatmap-34-anc-omit-a-p	6.4 ANC omitted A+P	59_svo_ng_er_b_no	svo	ng	erg-abs	balancing	nomn	vos	VS	VPA	100	0.77	0.036055512754639925	77.0	3.605551275463989	0.74	0.81	0.0	0.0	0.724002464612325	0.11437444467990464	bos_eos	seed_42,seed_43,seed_44
6_4_anc_omit_A_P	34_6_4_anc_omit_A_P	fig:heatmap-34-anc-omit-a-p	6.4 ANC omitted A+P	60_svo_ng_er_d_se	svo	ng	erg-abs	deranking	sent	svo	SV	AVP	100	0.8533333333333333	0.025166114784235857	85.33333333333333	2.516611478423583	0.83	0.88	0.0	0.0	0.876963988939921	0.09206305479088582	bos_eos	seed_42,seed_43,seed_44
6_4_anc_omit_A_P	34_6_4_anc_omit_A_P	fig:heatmap-34-anc-omit-a-p	6.4 ANC omitted A+P	61_svo_ng_er_d_pa	svo	ng	erg-abs	deranking	poss-acc	vos	VS	VPA	100	0.8466666666666667	0.04725815626252608	84.66666666666667	4.725815626252608	0.81	0.9	0.0	0.0	0.8525918857256571	0.11504312616989613	bos_eos	seed_42,seed_43,seed_44
6_4_anc_omit_A_P	34_6_4_anc_omit_A_P	fig:heatmap-34-anc-omit-a-p	6.4 ANC omitted A+P	62_svo_ng_er_d_ep	svo	ng	erg-abs	deranking	erg-poss	vos	VS	VPA	100	0.8033333333333333	0.025166114784235794	80.33333333333333	2.516611478423583	0.78	0.83	0.0	0.0	0.8538513366381327	0.12201442662958163	bos_eos	seed_42,seed_43,seed_44
6_4_anc_omit_A_P	34_6_4_anc_omit_A_P	fig:heatmap-34-anc-omit-a-p	6.4 ANC omitted A+P	63_svo_ng_er_d_no	svo	ng	erg-abs	deranking	nomn	vos	VS	VPA	100	0.87	0.010000000000000009	87.0	1.0	0.86	0.88	0.0	0.0	0.9006806508700054	0.11741826733388239	bos_eos	seed_42,seed_43,seed_44
6_4_anc_omit_A_P	34_6_4_anc_omit_A_P	fig:heatmap-34-anc-omit-a-p	6.4 ANC omitted A+P	64_vos_gn_ac_b_se	vos	gn	nom-acc	balancing	sent	vos	VS	VPA	100	0.8933333333333333	0.01527525231651948	89.33333333333333	1.5275252316519468	0.88	0.91	0.0	0.0	1.137334177494049	0.05840960974710804	bos_eos	seed_42,seed_43,seed_44
6_4_anc_omit_A_P	34_6_4_anc_omit_A_P	fig:heatmap-34-anc-omit-a-p	6.4 ANC omitted A+P	65_vos_gn_ac_b_pa	vos	gn	nom-acc	balancing	poss-acc	svo	SV	AVP	100	0.89	0.026457513110645932	89.0	2.6457513110645907	0.86	0.91	0.0	0.0	1.2203255208333332	0.18531458385869187	bos_eos	seed_42,seed_43,seed_44
6_4_anc_omit_A_P	34_6_4_anc_omit_A_P	fig:heatmap-34-anc-omit-a-p	6.4 ANC omitted A+P	66_vos_gn_ac_b_ep	vos	gn	nom-acc	balancing	erg-poss	sov	SV	PVA	100	0.9233333333333333	0.020816659994661302	92.33333333333333	2.0816659994661326	0.9	0.94	0.0	0.0	1.2700558392206829	0.09375454637545276	bos_eos	seed_42,seed_43,seed_44
6_4_anc_omit_A_P	34_6_4_anc_omit_A_P	fig:heatmap-34-anc-omit-a-p	6.4 ANC omitted A+P	67_vos_gn_ac_b_no	vos	gn	nom-acc	balancing	nomn	svo	SV	AVP	100	0.9233333333333333	0.01527525231651942	92.33333333333333	1.5275252316519468	0.91	0.94	0.0	0.0	1.221288307507833	0.0463084468229276	bos_eos	seed_42,seed_43,seed_44
6_4_anc_omit_A_P	34_6_4_anc_omit_A_P	fig:heatmap-34-anc-omit-a-p	6.4 ANC omitted A+P	68_vos_gn_ac_d_se	vos	gn	nom-acc	deranking	sent	vos	VS	VPA	100	1.0	0.0	100.0	0.0	1.0	1.0	0.0	0.0	2.8328264872233073	0.031207562694137127	bos_eos	seed_42,seed_43,seed_44
6_4_anc_omit_A_P	34_6_4_anc_omit_A_P	fig:heatmap-34-anc-omit-a-p	6.4 ANC omitted A+P	69_vos_gn_ac_d_pa	vos	gn	nom-acc	deranking	poss-acc	svo	SV	AVP	100	1.0	0.0	100.0	0.0	1.0	1.0	0.0	0.0	2.90614769299825	0.1907200596915131	bos_eos	seed_42,seed_43,seed_44
6_4_anc_omit_A_P	34_6_4_anc_omit_A_P	fig:heatmap-34-anc-omit-a-p	6.4 ANC omitted A+P	70_vos_gn_ac_d_ep	vos	gn	nom-acc	deranking	erg-poss	sov	SV	PVA	100	1.0	0.0	100.0	0.0	1.0	1.0	0.0	0.0	2.8729753422737123	0.08194334455397217	bos_eos	seed_42,seed_43,seed_44
6_4_anc_omit_A_P	34_6_4_anc_omit_A_P	fig:heatmap-34-anc-omit-a-p	6.4 ANC omitted A+P	71_vos_gn_ac_d_no	vos	gn	nom-acc	deranking	nomn	svo	SV	AVP	100	1.0	0.0	100.0	0.0	1.0	1.0	0.0	0.0	2.9556822919845582	0.04259118987312524	bos_eos	seed_42,seed_43,seed_44
6_4_anc_omit_A_P	34_6_4_anc_omit_A_P	fig:heatmap-34-anc-omit-a-p	6.4 ANC omitted A+P	72_vos_gn_er_b_se	vos	gn	erg-abs	balancing	sent	vos	VS	VPA	100	0.84	0.04358898943540671	84.0	4.358898943540674	0.79	0.87	0.0	0.0	0.857177058060964	0.11303295792235281	bos_eos	seed_42,seed_43,seed_44
6_4_anc_omit_A_P	34_6_4_anc_omit_A_P	fig:heatmap-34-anc-omit-a-p	6.4 ANC omitted A+P	73_vos_gn_er_b_pa	vos	gn	erg-abs	balancing	poss-acc	svo	SV	AVP	100	0.8166666666666667	0.011547005383792462	81.66666666666667	1.1547005383792515	0.81	0.83	0.0	0.0	0.7527890674273173	0.02246528789360314	bos_eos	seed_42,seed_43,seed_44
6_4_anc_omit_A_P	34_6_4_anc_omit_A_P	fig:heatmap-34-anc-omit-a-p	6.4 ANC omitted A+P	74_vos_gn_er_b_ep	vos	gn	erg-abs	balancing	erg-poss	sov	SV	PVA	100	0.81	0.04358898943540671	81.0	4.358898943540674	0.78	0.86	0.0	0.0	0.7471316774686177	0.10541220895053617	bos_eos	seed_42,seed_43,seed_44
6_4_anc_omit_A_P	34_6_4_anc_omit_A_P	fig:heatmap-34-anc-omit-a-p	6.4 ANC omitted A+P	75_vos_gn_er_b_no	vos	gn	erg-abs	balancing	nomn	svo	SV	AVP	100	0.8233333333333334	0.011547005383792462	82.33333333333334	1.1547005383792515	0.81	0.83	0.0	0.0	0.7663761766751607	0.009324389701764526	bos_eos	seed_42,seed_43,seed_44
6_4_anc_omit_A_P	34_6_4_anc_omit_A_P	fig:heatmap-34-anc-omit-a-p	6.4 ANC omitted A+P	76_vos_gn_er_d_se	vos	gn	erg-abs	deranking	sent	vos	VS	VPA	100	0.95	0.010000000000000009	95.0	1.0	0.94	0.96	0.0	0.0	1.1126158499717713	0.0626322718184867	bos_eos	seed_42,seed_43,seed_44
6_4_anc_omit_A_P	34_6_4_anc_omit_A_P	fig:heatmap-34-anc-omit-a-p	6.4 ANC omitted A+P	77_vos_gn_er_d_pa	vos	gn	erg-abs	deranking	poss-acc	svo	SV	AVP	100	0.9666666666666667	0.011547005383792526	96.66666666666667	1.1547005383792515	0.96	0.98	0.0	0.0	1.1348454721768697	0.06012358777904176	bos_eos	seed_42,seed_43,seed_44
6_4_anc_omit_A_P	34_6_4_anc_omit_A_P	fig:heatmap-34-anc-omit-a-p	6.4 ANC omitted A+P	78_vos_gn_er_d_ep	vos	gn	erg-abs	deranking	erg-poss	sov	SV	PVA	100	0.97	0.010000000000000009	97.0	1.0	0.96	0.98	0.0	0.0	1.11528137922287	0.018690362650692308	bos_eos	seed_42,seed_43,seed_44
6_4_anc_omit_A_P	34_6_4_anc_omit_A_P	fig:heatmap-34-anc-omit-a-p	6.4 ANC omitted A+P	79_vos_gn_er_d_no	vos	gn	erg-abs	deranking	nomn	svo	SV	AVP	100	0.9733333333333333	0.01527525231651948	97.33333333333333	1.5275252316519468	0.96	0.99	0.0	0.0	1.1173247893651328	0.06978222577840776	bos_eos	seed_42,seed_43,seed_44
6_4_anc_omit_A_P	34_6_4_anc_omit_A_P	fig:heatmap-34-anc-omit-a-p	6.4 ANC omitted A+P	80_vos_ng_ac_b_se	vos	ng	nom-acc	balancing	sent	vos	VS	VPA	100	0.9166666666666666	0.020816659994661285	91.66666666666666	2.0816659994661326	0.9	0.94	0.0	0.0	1.267647397518158	0.10349195711717797	bos_eos	seed_42,seed_43,seed_44
6_4_anc_omit_A_P	34_6_4_anc_omit_A_P	fig:heatmap-34-anc-omit-a-p	6.4 ANC omitted A+P	81_vos_ng_ac_b_pa	vos	ng	nom-acc	balancing	poss-acc	vos	VS	VPA	100	0.8833333333333333	0.051316014394468826	88.33333333333333	5.131601439446884	0.84	0.94	0.0	0.0	1.1930730287233988	0.11732165491786309	bos_eos	seed_42,seed_43,seed_44
6_4_anc_omit_A_P	34_6_4_anc_omit_A_P	fig:heatmap-34-anc-omit-a-p	6.4 ANC omitted A+P	82_vos_ng_ac_b_ep	vos	ng	nom-acc	balancing	erg-poss	vos	VS	VPA	100	0.92	0.017320508075688724	92.0	1.7320508075688772	0.91	0.94	0.0	0.0	1.2681963602701822	0.11550804411278484	bos_eos	seed_42,seed_43,seed_44
6_4_anc_omit_A_P	34_6_4_anc_omit_A_P	fig:heatmap-34-anc-omit-a-p	6.4 ANC omitted A+P	83_vos_ng_ac_b_no	vos	ng	nom-acc	balancing	nomn	vos	VS	VPA	100	0.9	0.03464101615137751	90.0	3.4641016151377544	0.88	0.94	0.0	0.0	1.2244437098503114	0.10870136084653019	bos_eos	seed_42,seed_43,seed_44
6_4_anc_omit_A_P	34_6_4_anc_omit_A_P	fig:heatmap-34-anc-omit-a-p	6.4 ANC omitted A+P	84_vos_ng_ac_d_se	vos	ng	nom-acc	deranking	sent	vos	VS	VPA	100	1.0	0.0	100.0	0.0	1.0	1.0	0.0	0.0	2.869241937796275	0.05901372327252249	bos_eos	seed_42,seed_43,seed_44
6_4_anc_omit_A_P	34_6_4_anc_omit_A_P	fig:heatmap-34-anc-omit-a-p	6.4 ANC omitted A+P	85_vos_ng_ac_d_pa	vos	ng	nom-acc	deranking	poss-acc	vos	VS	VPA	100	1.0	0.0	100.0	0.0	1.0	1.0	0.0	0.0	2.956944075425466	0.09814884259453692	bos_eos	seed_42,seed_43,seed_44
6_4_anc_omit_A_P	34_6_4_anc_omit_A_P	fig:heatmap-34-anc-omit-a-p	6.4 ANC omitted A+P	86_vos_ng_ac_d_ep	vos	ng	nom-acc	deranking	erg-poss	vos	VS	VPA	100	1.0	0.0	100.0	0.0	1.0	1.0	0.0	0.0	2.868627289136251	0.09807869294142514	bos_eos	seed_42,seed_43,seed_44
6_4_anc_omit_A_P	34_6_4_anc_omit_A_P	fig:heatmap-34-anc-omit-a-p	6.4 ANC omitted A+P	87_vos_ng_ac_d_no	vos	ng	nom-acc	deranking	nomn	vos	VS	VPA	100	1.0	0.0	100.0	0.0	1.0	1.0	0.0	0.0	2.9235090676943463	0.1341725926130576	bos_eos	seed_42,seed_43,seed_44
6_4_anc_omit_A_P	34_6_4_anc_omit_A_P	fig:heatmap-34-anc-omit-a-p	6.4 ANC omitted A+P	88_vos_ng_er_b_se	vos	ng	erg-abs	balancing	sent	vos	VS	VPA	100	0.8366666666666667	0.028867513459481315	83.66666666666667	2.886751345948129	0.82	0.87	0.0	0.0	0.858959051767985	0.0749736578124719	bos_eos	seed_42,seed_43,seed_44
6_4_anc_omit_A_P	34_6_4_anc_omit_A_P	fig:heatmap-34-anc-omit-a-p	6.4 ANC omitted A+P	89_vos_ng_er_b_pa	vos	ng	erg-abs	balancing	poss-acc	vos	VS	VPA	100	0.8466666666666667	0.020816659994661348	84.66666666666667	2.0816659994661326	0.83	0.87	0.0	0.0	0.8830662743250529	0.0461407799854853	bos_eos	seed_42,seed_43,seed_44
6_4_anc_omit_A_P	34_6_4_anc_omit_A_P	fig:heatmap-34-anc-omit-a-p	6.4 ANC omitted A+P	90_vos_ng_er_b_ep	vos	ng	erg-abs	balancing	erg-poss	vos	VS	VPA	100	0.83	0.019999999999999962	83.0	2.0	0.81	0.85	0.0	0.0	0.8652776638666789	0.04342432732440025	bos_eos	seed_42,seed_43,seed_44
6_4_anc_omit_A_P	34_6_4_anc_omit_A_P	fig:heatmap-34-anc-omit-a-p	6.4 ANC omitted A+P	91_vos_ng_er_b_no	vos	ng	erg-abs	balancing	nomn	vos	VS	VPA	100	0.8466666666666667	0.025166114784235857	84.66666666666667	2.516611478423583	0.82	0.87	0.0	0.0	0.9408329017957052	0.07288576732988179	bos_eos	seed_42,seed_43,seed_44
6_4_anc_omit_A_P	34_6_4_anc_omit_A_P	fig:heatmap-34-anc-omit-a-p	6.4 ANC omitted A+P	92_vos_ng_er_d_se	vos	ng	erg-abs	deranking	sent	vos	VS	VPA	100	0.97	0.010000000000000009	97.0	1.0	0.96	0.98	0.0	0.0	1.1239622728029888	0.04825379802874378	bos_eos	seed_42,seed_43,seed_44
6_4_anc_omit_A_P	34_6_4_anc_omit_A_P	fig:heatmap-34-anc-omit-a-p	6.4 ANC omitted A+P	93_vos_ng_er_d_pa	vos	ng	erg-abs	deranking	poss-acc	vos	VS	VPA	100	0.9533333333333333	0.01527525231651948	95.33333333333333	1.5275252316519468	0.94	0.97	0.0	0.0	1.1025592660903931	0.027100653102465372	bos_eos	seed_42,seed_43,seed_44
6_4_anc_omit_A_P	34_6_4_anc_omit_A_P	fig:heatmap-34-anc-omit-a-p	6.4 ANC omitted A+P	94_vos_ng_er_d_ep	vos	ng	erg-abs	deranking	erg-poss	vos	VS	VPA	100	0.9633333333333333	0.020816659994661348	96.33333333333333	2.0816659994661326	0.94	0.98	0.0	0.0	1.1175536481539408	0.04766684635117652	bos_eos	seed_42,seed_43,seed_44
6_4_anc_omit_A_P	34_6_4_anc_omit_A_P	fig:heatmap-34-anc-omit-a-p	6.4 ANC omitted A+P	95_vos_ng_er_d_no	vos	ng	erg-abs	deranking	nomn	vos	VS	VPA	100	0.97	0.010000000000000009	97.0	1.0	0.96	0.98	0.0	0.0	1.1499262913068136	0.028134867111668294	bos_eos	seed_42,seed_43,seed_44
