seed	phenomenon	figure_stem	label	title	language	clause_wo	np_wo	alignment	comp_system	strategy	anc_choice_word_order	anc_iv_order	anc_tv_order	n_pairs	accuracy	ties	tie_rate	mean_delta_good_minus_bad	score_mode
seed_44	1_1_intran_V_form	01_1_1_intran_V_form	fig:heatmap-1-intran-v-form	1.1 Intransitive finite verb form	00_sov_gn_ac_b_se	sov	gn	nom-acc	balancing	sent	sov	SV	APV	100	1.0	0	0.0	3.159357256889343	bos_eos
seed_44	1_1_intran_V_form	01_1_1_intran_V_form	fig:heatmap-1-intran-v-form	1.1 Intransitive finite verb form	01_sov_gn_ac_b_pa	sov	gn	nom-acc	balancing	poss-acc	sov	SV	APV	100	1.0	0	0.0	3.0833917450904846	bos_eos
seed_44	1_1_intran_V_form	01_1_1_intran_V_form	fig:heatmap-1-intran-v-form	1.1 Intransitive finite verb form	02_sov_gn_ac_b_ep	sov	gn	nom-acc	balancing	erg-poss	sov	SV	APV	100	1.0	0	0.0	3.0196928691864016	bos_eos
seed_44	1_1_intran_V_form	01_1_1_intran_V_form	fig:heatmap-1-intran-v-form	1.1 Intransitive finite verb form	03_sov_gn_ac_b_no	sov	gn	nom-acc	balancing	nomn	sov	SV	APV	100	1.0	0	0.0	3.224640357494354	bos_eos
seed_44	1_1_intran_V_form	01_1_1_intran_V_form	fig:heatmap-1-intran-v-form	1.1 Intransitive finite verb form	04_sov_gn_ac_d_se	sov	gn	nom-acc	deranking	sent	sov	SV	APV	100	1.0	0	0.0	2.2665127062797548	bos_eos
seed_44	1_1_intran_V_form	01_1_1_intran_V_form	fig:heatmap-1-intran-v-form	1.1 Intransitive finite verb form	05_sov_gn_ac_d_pa	sov	gn	nom-acc	deranking	poss-acc	sov	SV	APV	100	1.0	0	0.0	2.3322155570983885	bos_eos
seed_44	1_1_intran_V_form	01_1_1_intran_V_form	fig:heatmap-1-intran-v-form	1.1 Intransitive finite verb form	06_sov_gn_ac_d_ep	sov	gn	nom-acc	deranking	erg-poss	sov	SV	APV	100	1.0	0	0.0	2.325906426906586	bos_eos
seed_44	1_1_intran_V_form	01_1_1_intran_V_form	fig:heatmap-1-intran-v-form	1.1 Intransitive finite verb form	07_sov_gn_ac_d_no	sov	gn	nom-acc	deranking	nomn	sov	SV	APV	100	1.0	0	0.0	2.4692028617858885	bos_eos
seed_44	1_1_intran_V_form	01_1_1_intran_V_form	fig:heatmap-1-intran-v-form	1.1 Intransitive finite verb form	08_sov_gn_er_b_se	sov	gn	erg-abs	balancing	sent	sov	SV	APV	100	1.0	0	0.0	3.4319162368774414	bos_eos
seed_44	1_1_intran_V_form	01_1_1_intran_V_form	fig:heatmap-1-intran-v-form	1.1 Intransitive finite verb form	09_sov_gn_er_b_pa	sov	gn	erg-abs	balancing	poss-acc	sov	SV	APV	100	1.0	0	0.0	3.472977726459503	bos_eos
seed_44	1_1_intran_V_form	01_1_1_intran_V_form	fig:heatmap-1-intran-v-form	1.1 Intransitive finite verb form	10_sov_gn_er_b_ep	sov	gn	erg-abs	balancing	erg-poss	sov	SV	APV	100	1.0	0	0.0	3.490026798248291	bos_eos
seed_44	1_1_intran_V_form	01_1_1_intran_V_form	fig:heatmap-1-intran-v-form	1.1 Intransitive finite verb form	11_sov_gn_er_b_no	sov	gn	erg-abs	balancing	nomn	sov	SV	APV	100	1.0	0	0.0	3.5076408123970033	bos_eos
seed_44	1_1_intran_V_form	01_1_1_intran_V_form	fig:heatmap-1-intran-v-form	1.1 Intransitive finite verb form	12_sov_gn_er_d_se	sov	gn	erg-abs	deranking	sent	sov	SV	APV	100	0.99	0	0.0	2.9893596720695497	bos_eos
seed_44	1_1_intran_V_form	01_1_1_intran_V_form	fig:heatmap-1-intran-v-form	1.1 Intransitive finite verb form	13_sov_gn_er_d_pa	sov	gn	erg-abs	deranking	poss-acc	sov	SV	APV	100	1.0	0	0.0	2.870779805183411	bos_eos
seed_44	1_1_intran_V_form	01_1_1_intran_V_form	fig:heatmap-1-intran-v-form	1.1 Intransitive finite verb form	14_sov_gn_er_d_ep	sov	gn	erg-abs	deranking	erg-poss	sov	SV	APV	100	1.0	0	0.0	2.675238516330719	bos_eos
seed_44	1_1_intran_V_form	01_1_1_intran_V_form	fig:heatmap-1-intran-v-form	1.1 Intransitive finite verb form	15_sov_gn_er_d_no	sov	gn	erg-abs	deranking	nomn	sov	SV	APV	100	1.0	0	0.0	2.66765629529953	bos_eos
seed_44	1_1_intran_V_form	01_1_1_intran_V_form	fig:heatmap-1-intran-v-form	1.1 Intransitive finite verb form	16_sov_ng_ac_b_se	sov	ng	nom-acc	balancing	sent	sov	SV	APV	100	1.0	0	0.0	3.079759066104889	bos_eos
seed_44	1_1_intran_V_form	01_1_1_intran_V_form	fig:heatmap-1-intran-v-form	1.1 Intransitive finite verb form	17_sov_ng_ac_b_pa	sov	ng	nom-acc	balancing	poss-acc	ovs	VS	PVA	100	1.0	0	0.0	3.1020430278778077	bos_eos
seed_44	1_1_intran_V_form	01_1_1_intran_V_form	fig:heatmap-1-intran-v-form	1.1 Intransitive finite verb form	18_sov_ng_ac_b_ep	sov	ng	nom-acc	balancing	erg-poss	vos	VS	AVP	100	1.0	0	0.0	2.9443268823623656	bos_eos
seed_44	1_1_intran_V_form	01_1_1_intran_V_form	fig:heatmap-1-intran-v-form	1.1 Intransitive finite verb form	19_sov_ng_ac_b_no	sov	ng	nom-acc	balancing	nomn	ovs	VS	PVA	100	1.0	0	0.0	3.2363804507255556	bos_eos
seed_44	1_1_intran_V_form	01_1_1_intran_V_form	fig:heatmap-1-intran-v-form	1.1 Intransitive finite verb form	20_sov_ng_ac_d_se	sov	ng	nom-acc	deranking	sent	sov	SV	APV	100	1.0	0	0.0	2.624556474685669	bos_eos
seed_44	1_1_intran_V_form	01_1_1_intran_V_form	fig:heatmap-1-intran-v-form	1.1 Intransitive finite verb form	21_sov_ng_ac_d_pa	sov	ng	nom-acc	deranking	poss-acc	ovs	VS	PVA	100	1.0	0	0.0	2.5459324669837953	bos_eos
seed_44	1_1_intran_V_form	01_1_1_intran_V_form	fig:heatmap-1-intran-v-form	1.1 Intransitive finite verb form	22_sov_ng_ac_d_ep	sov	ng	nom-acc	deranking	erg-poss	vos	VS	AVP	100	1.0	0	0.0	2.7671144104003904	bos_eos
seed_44	1_1_intran_V_form	01_1_1_intran_V_form	fig:heatmap-1-intran-v-form	1.1 Intransitive finite verb form	23_sov_ng_ac_d_no	sov	ng	nom-acc	deranking	nomn	ovs	VS	PVA	100	1.0	0	0.0	2.534925332069397	bos_eos
seed_44	1_1_intran_V_form	01_1_1_intran_V_form	fig:heatmap-1-intran-v-form	1.1 Intransitive finite verb form	24_sov_ng_er_b_se	sov	ng	erg-abs	balancing	sent	sov	SV	APV	100	0.99	0	0.0	2.657626218795776	bos_eos
seed_44	1_1_intran_V_form	01_1_1_intran_V_form	fig:heatmap-1-intran-v-form	1.1 Intransitive finite verb form	25_sov_ng_er_b_pa	sov	ng	erg-abs	balancing	poss-acc	ovs	VS	PVA	100	1.0	0	0.0	3.0687733030319215	bos_eos
seed_44	1_1_intran_V_form	01_1_1_intran_V_form	fig:heatmap-1-intran-v-form	1.1 Intransitive finite verb form	26_sov_ng_er_b_ep	sov	ng	erg-abs	balancing	erg-poss	vos	VS	AVP	100	1.0	0	0.0	3.6642513990402223	bos_eos
seed_44	1_1_intran_V_form	01_1_1_intran_V_form	fig:heatmap-1-intran-v-form	1.1 Intransitive finite verb form	27_sov_ng_er_b_no	sov	ng	erg-abs	balancing	nomn	ovs	VS	PVA	100	1.0	0	0.0	3.253016107082367	bos_eos
seed_44	1_1_intran_V_form	01_1_1_intran_V_form	fig:heatmap-1-intran-v-form	1.1 Intransitive finite verb form	28_sov_ng_er_d_se	sov	ng	erg-abs	deranking	sent	sov	SV	APV	100	1.0	0	0.0	3.0465580701828	bos_eos
seed_44	1_1_intran_V_form	01_1_1_intran_V_form	fig:heatmap-1-intran-v-form	1.1 Intransitive finite verb form	29_sov_ng_er_d_pa	sov	ng	erg-abs	deranking	poss-acc	ovs	VS	PVA	100	1.0	0	0.0	2.8186014533042907	bos_eos
seed_44	1_1_intran_V_form	01_1_1_intran_V_form	fig:heatmap-1-intran-v-form	1.1 Intransitive finite verb form	30_sov_ng_er_d_ep	sov	ng	erg-abs	deranking	erg-poss	vos	VS	AVP	100	1.0	0	0.0	2.908982846736908	bos_eos
seed_44	1_1_intran_V_form	01_1_1_intran_V_form	fig:heatmap-1-intran-v-form	1.1 Intransitive finite verb form	31_sov_ng_er_d_no	sov	ng	erg-abs	deranking	nomn	ovs	VS	PVA	100	1.0	0	0.0	3.407783648967743	bos_eos
seed_44	1_1_intran_V_form	01_1_1_intran_V_form	fig:heatmap-1-intran-v-form	1.1 Intransitive finite verb form	32_svo_gn_ac_b_se	svo	gn	nom-acc	balancing	sent	svo	SV	AVP	100	1.0	0	0.0	3.2866353130340578	bos_eos
seed_44	1_1_intran_V_form	01_1_1_intran_V_form	fig:heatmap-1-intran-v-form	1.1 Intransitive finite verb form	33_svo_gn_ac_b_pa	svo	gn	nom-acc	balancing	poss-acc	svo	SV	AVP	100	1.0	0	0.0	3.773550865650177	bos_eos
seed_44	1_1_intran_V_form	01_1_1_intran_V_form	fig:heatmap-1-intran-v-form	1.1 Intransitive finite verb form	34_svo_gn_ac_b_ep	svo	gn	nom-acc	balancing	erg-poss	sov	SV	PVA	100	1.0	0	0.0	3.8041371726989746	bos_eos
seed_44	1_1_intran_V_form	01_1_1_intran_V_form	fig:heatmap-1-intran-v-form	1.1 Intransitive finite verb form	35_svo_gn_ac_b_no	svo	gn	nom-acc	balancing	nomn	svo	SV	AVP	100	1.0	0	0.0	3.500670566558838	bos_eos
seed_44	1_1_intran_V_form	01_1_1_intran_V_form	fig:heatmap-1-intran-v-form	1.1 Intransitive finite verb form	36_svo_gn_ac_d_se	svo	gn	nom-acc	deranking	sent	svo	SV	AVP	100	1.0	0	0.0	1.1594003343582153	bos_eos
seed_44	1_1_intran_V_form	01_1_1_intran_V_form	fig:heatmap-1-intran-v-form	1.1 Intransitive finite verb form	37_svo_gn_ac_d_pa	svo	gn	nom-acc	deranking	poss-acc	svo	SV	AVP	100	0.97	0	0.0	1.204962317943573	bos_eos
seed_44	1_1_intran_V_form	01_1_1_intran_V_form	fig:heatmap-1-intran-v-form	1.1 Intransitive finite verb form	38_svo_gn_ac_d_ep	svo	gn	nom-acc	deranking	erg-poss	sov	SV	PVA	100	0.96	0	0.0	1.2713139128684998	bos_eos
seed_44	1_1_intran_V_form	01_1_1_intran_V_form	fig:heatmap-1-intran-v-form	1.1 Intransitive finite verb form	39_svo_gn_ac_d_no	svo	gn	nom-acc	deranking	nomn	svo	SV	AVP	100	0.96	0	0.0	1.2310884642601012	bos_eos
seed_44	1_1_intran_V_form	01_1_1_intran_V_form	fig:heatmap-1-intran-v-form	1.1 Intransitive finite verb form	40_svo_gn_er_b_se	svo	gn	erg-abs	balancing	sent	svo	SV	AVP	100	1.0	0	0.0	3.4272971653938296	bos_eos
seed_44	1_1_intran_V_form	01_1_1_intran_V_form	fig:heatmap-1-intran-v-form	1.1 Intransitive finite verb form	41_svo_gn_er_b_pa	svo	gn	erg-abs	balancing	poss-acc	svo	SV	AVP	100	1.0	0	0.0	3.4514307737350465	bos_eos
seed_44	1_1_intran_V_form	01_1_1_intran_V_form	fig:heatmap-1-intran-v-form	1.1 Intransitive finite verb form	42_svo_gn_er_b_ep	svo	gn	erg-abs	balancing	erg-poss	sov	SV	PVA	100	1.0	0	0.0	3.652519361972809	bos_eos
seed_44	1_1_intran_V_form	01_1_1_intran_V_form	fig:heatmap-1-intran-v-form	1.1 Intransitive finite verb form	43_svo_gn_er_b_no	svo	gn	erg-abs	balancing	nomn	svo	SV	AVP	100	1.0	0	0.0	3.4103871893882753	bos_eos
seed_44	1_1_intran_V_form	01_1_1_intran_V_form	fig:heatmap-1-intran-v-form	1.1 Intransitive finite verb form	44_svo_gn_er_d_se	svo	gn	erg-abs	deranking	sent	svo	SV	AVP	100	0.99	0	0.0	1.6036918663978577	bos_eos
seed_44	1_1_intran_V_form	01_1_1_intran_V_form	fig:heatmap-1-intran-v-form	1.1 Intransitive finite verb form	45_svo_gn_er_d_pa	svo	gn	erg-abs	deranking	poss-acc	svo	SV	AVP	100	0.97	0	0.0	1.3858449983596801	bos_eos
seed_44	1_1_intran_V_form	01_1_1_intran_V_form	fig:heatmap-1-intran-v-form	1.1 Intransitive finite verb form	46_svo_gn_er_d_ep	svo	gn	erg-abs	deranking	erg-poss	sov	SV	PVA	100	0.97	0	0.0	1.6250157356262207	bos_eos
seed_44	1_1_intran_V_form	01_1_1_intran_V_form	fig:heatmap-1-intran-v-form	1.1 Intransitive finite verb form	47_svo_gn_er_d_no	svo	gn	erg-abs	deranking	nomn	svo	SV	AVP	100	0.95	0	0.0	1.5106604456901551	bos_eos
seed_44	1_1_intran_V_form	01_1_1_intran_V_form	fig:heatmap-1-intran-v-form	1.1 Intransitive finite verb form	48_svo_ng_ac_b_se	svo	ng	nom-acc	balancing	sent	svo	SV	AVP	100	1.0	0	0.0	3.175602419376373	bos_eos
seed_44	1_1_intran_V_form	01_1_1_intran_V_form	fig:heatmap-1-intran-v-form	1.1 Intransitive finite verb form	49_svo_ng_ac_b_pa	svo	ng	nom-acc	balancing	poss-acc	vos	VS	VPA	100	1.0	0	0.0	3.641140978336334	bos_eos
seed_44	1_1_intran_V_form	01_1_1_intran_V_form	fig:heatmap-1-intran-v-form	1.1 Intransitive finite verb form	50_svo_ng_ac_b_ep	svo	ng	nom-acc	balancing	erg-poss	vos	VS	VPA	100	1.0	0	0.0	3.7225004506111143	bos_eos
seed_44	1_1_intran_V_form	01_1_1_intran_V_form	fig:heatmap-1-intran-v-form	1.1 Intransitive finite verb form	51_svo_ng_ac_b_no	svo	ng	nom-acc	balancing	nomn	vos	VS	VPA	100	1.0	0	0.0	3.7583867263793946	bos_eos
seed_44	1_1_intran_V_form	01_1_1_intran_V_form	fig:heatmap-1-intran-v-form	1.1 Intransitive finite verb form	52_svo_ng_ac_d_se	svo	ng	nom-acc	deranking	sent	svo	SV	AVP	100	0.94	0	0.0	1.2033379888534546	bos_eos
seed_44	1_1_intran_V_form	01_1_1_intran_V_form	fig:heatmap-1-intran-v-form	1.1 Intransitive finite verb form	53_svo_ng_ac_d_pa	svo	ng	nom-acc	deranking	poss-acc	vos	VS	VPA	100	0.98	0	0.0	1.3390059876441955	bos_eos
seed_44	1_1_intran_V_form	01_1_1_intran_V_form	fig:heatmap-1-intran-v-form	1.1 Intransitive finite verb form	54_svo_ng_ac_d_ep	svo	ng	nom-acc	deranking	erg-poss	vos	VS	VPA	100	0.97	0	0.0	1.25081476688385	bos_eos
seed_44	1_1_intran_V_form	01_1_1_intran_V_form	fig:heatmap-1-intran-v-form	1.1 Intransitive finite verb form	55_svo_ng_ac_d_no	svo	ng	nom-acc	deranking	nomn	vos	VS	VPA	100	0.98	0	0.0	1.2628631353378297	bos_eos
seed_44	1_1_intran_V_form	01_1_1_intran_V_form	fig:heatmap-1-intran-v-form	1.1 Intransitive finite verb form	56_svo_ng_er_b_se	svo	ng	erg-abs	balancing	sent	svo	SV	AVP	100	1.0	0	0.0	2.915628261566162	bos_eos
seed_44	1_1_intran_V_form	01_1_1_intran_V_form	fig:heatmap-1-intran-v-form	1.1 Intransitive finite verb form	57_svo_ng_er_b_pa	svo	ng	erg-abs	balancing	poss-acc	vos	VS	VPA	100	1.0	0	0.0	3.429697139263153	bos_eos
seed_44	1_1_intran_V_form	01_1_1_intran_V_form	fig:heatmap-1-intran-v-form	1.1 Intransitive finite verb form	58_svo_ng_er_b_ep	svo	ng	erg-abs	balancing	erg-poss	vos	VS	VPA	100	1.0	0	0.0	3.3916616463661193	bos_eos
seed_44	1_1_intran_V_form	01_1_1_intran_V_form	fig:heatmap-1-intran-v-form	1.1 Intransitive finite verb form	59_svo_ng_er_b_no	svo	ng	erg-abs	balancing	nomn	vos	VS	VPA	100	1.0	0	0.0	3.5892862105369567	bos_eos
seed_44	1_1_intran_V_form	01_1_1_intran_V_form	fig:heatmap-1-intran-v-form	1.1 Intransitive finite verb form	60_svo_ng_er_d_se	svo	ng	erg-abs	deranking	sent	svo	SV	AVP	100	0.98	0	0.0	1.5352240014076233	bos_eos
seed_44	1_1_intran_V_form	01_1_1_intran_V_form	fig:heatmap-1-intran-v-form	1.1 Intransitive finite verb form	61_svo_ng_er_d_pa	svo	ng	erg-abs	deranking	poss-acc	vos	VS	VPA	100	1.0	0	0.0	1.523026134967804	bos_eos
seed_44	1_1_intran_V_form	01_1_1_intran_V_form	fig:heatmap-1-intran-v-form	1.1 Intransitive finite verb form	62_svo_ng_er_d_ep	svo	ng	erg-abs	deranking	erg-poss	vos	VS	VPA	100	0.98	0	0.0	1.452510576248169	bos_eos
seed_44	1_1_intran_V_form	01_1_1_intran_V_form	fig:heatmap-1-intran-v-form	1.1 Intransitive finite verb form	63_svo_ng_er_d_no	svo	ng	erg-abs	deranking	nomn	vos	VS	VPA	100	0.98	0	0.0	1.5452089643478393	bos_eos
seed_44	1_1_intran_V_form	01_1_1_intran_V_form	fig:heatmap-1-intran-v-form	1.1 Intransitive finite verb form	64_vos_gn_ac_b_se	vos	gn	nom-acc	balancing	sent	vos	VS	VPA	100	1.0	0	0.0	2.4515128135681152	bos_eos
seed_44	1_1_intran_V_form	01_1_1_intran_V_form	fig:heatmap-1-intran-v-form	1.1 Intransitive finite verb form	65_vos_gn_ac_b_pa	vos	gn	nom-acc	balancing	poss-acc	svo	SV	AVP	100	1.0	0	0.0	3.0138050317764282	bos_eos
seed_44	1_1_intran_V_form	01_1_1_intran_V_form	fig:heatmap-1-intran-v-form	1.1 Intransitive finite verb form	66_vos_gn_ac_b_ep	vos	gn	nom-acc	balancing	erg-poss	sov	SV	PVA	100	1.0	0	0.0	3.02131813287735	bos_eos
seed_44	1_1_intran_V_form	01_1_1_intran_V_form	fig:heatmap-1-intran-v-form	1.1 Intransitive finite verb form	67_vos_gn_ac_b_no	vos	gn	nom-acc	balancing	nomn	svo	SV	AVP	100	1.0	0	0.0	2.8725130915641786	bos_eos
seed_44	1_1_intran_V_form	01_1_1_intran_V_form	fig:heatmap-1-intran-v-form	1.1 Intransitive finite verb form	68_vos_gn_ac_d_se	vos	gn	nom-acc	deranking	sent	vos	VS	VPA	100	0.99	0	0.0	2.4155445313453674	bos_eos
seed_44	1_1_intran_V_form	01_1_1_intran_V_form	fig:heatmap-1-intran-v-form	1.1 Intransitive finite verb form	69_vos_gn_ac_d_pa	vos	gn	nom-acc	deranking	poss-acc	svo	SV	AVP	100	0.99	0	0.0	2.4779199886322023	bos_eos
seed_44	1_1_intran_V_form	01_1_1_intran_V_form	fig:heatmap-1-intran-v-form	1.1 Intransitive finite verb form	70_vos_gn_ac_d_ep	vos	gn	nom-acc	deranking	erg-poss	sov	SV	PVA	100	0.99	0	0.0	2.3695152020454406	bos_eos
seed_44	1_1_intran_V_form	01_1_1_intran_V_form	fig:heatmap-1-intran-v-form	1.1 Intransitive finite verb form	71_vos_gn_ac_d_no	vos	gn	nom-acc	deranking	nomn	svo	SV	AVP	100	0.98	0	0.0	2.3108160734176635	bos_eos
seed_44	1_1_intran_V_form	01_1_1_intran_V_form	fig:heatmap-1-intran-v-form	1.1 Intransitive finite verb form	72_vos_gn_er_b_se	vos	gn	erg-abs	balancing	sent	vos	VS	VPA	100	1.0	0	0.0	2.6545504832267763	bos_eos
seed_44	1_1_intran_V_form	01_1_1_intran_V_form	fig:heatmap-1-intran-v-form	1.1 Intransitive finite verb form	73_vos_gn_er_b_pa	vos	gn	erg-abs	balancing	poss-acc	svo	SV	AVP	100	1.0	0	0.0	2.7921576857566834	bos_eos
seed_44	1_1_intran_V_form	01_1_1_intran_V_form	fig:heatmap-1-intran-v-form	1.1 Intransitive finite verb form	74_vos_gn_er_b_ep	vos	gn	erg-abs	balancing	erg-poss	sov	SV	PVA	100	1.0	0	0.0	3.3626084208488463	bos_eos
seed_44	1_1_intran_V_form	01_1_1_intran_V_form	fig:heatmap-1-intran-v-form	1.1 Intransitive finite verb form	75_vos_gn_er_b_no	vos	gn	erg-abs	balancing	nomn	svo	SV	AVP	100	1.0	0	0.0	3.684607300758362	bos_eos
seed_44	1_1_intran_V_form	01_1_1_intran_V_form	fig:heatmap-1-intran-v-form	1.1 Intransitive finite verb form	76_vos_gn_er_d_se	vos	gn	erg-abs	deranking	sent	vos	VS	VPA	100	1.0	0	0.0	2.710347230434418	bos_eos
seed_44	1_1_intran_V_form	01_1_1_intran_V_form	fig:heatmap-1-intran-v-form	1.1 Intransitive finite verb form	77_vos_gn_er_d_pa	vos	gn	erg-abs	deranking	poss-acc	svo	SV	AVP	100	1.0	0	0.0	2.9961162495613096	bos_eos
seed_44	1_1_intran_V_form	01_1_1_intran_V_form	fig:heatmap-1-intran-v-form	1.1 Intransitive finite verb form	78_vos_gn_er_d_ep	vos	gn	erg-abs	deranking	erg-poss	sov	SV	PVA	100	1.0	0	0.0	2.7072126770019533	bos_eos
seed_44	1_1_intran_V_form	01_1_1_intran_V_form	fig:heatmap-1-intran-v-form	1.1 Intransitive finite verb form	79_vos_gn_er_d_no	vos	gn	erg-abs	deranking	nomn	svo	SV	AVP	100	1.0	0	0.0	2.7815834641456605	bos_eos
seed_44	1_1_intran_V_form	01_1_1_intran_V_form	fig:heatmap-1-intran-v-form	1.1 Intransitive finite verb form	80_vos_ng_ac_b_se	vos	ng	nom-acc	balancing	sent	vos	VS	VPA	100	1.0	0	0.0	2.744192159175873	bos_eos
seed_44	1_1_intran_V_form	01_1_1_intran_V_form	fig:heatmap-1-intran-v-form	1.1 Intransitive finite verb form	81_vos_ng_ac_b_pa	vos	ng	nom-acc	balancing	poss-acc	vos	VS	VPA	100	1.0	0	0.0	2.8112232160568236	bos_eos
seed_44	1_1_intran_V_form	01_1_1_intran_V_form	fig:heatmap-1-intran-v-form	1.1 Intransitive finite verb form	82_vos_ng_ac_b_ep	vos	ng	nom-acc	balancing	erg-poss	vos	VS	VPA	100	0.99	0	0.0	2.7305124521255495	bos_eos
seed_44	1_1_intran_V_form	01_1_1_intran_V_form	fig:heatmap-1-intran-v-form	1.1 Intransitive finite verb form	83_vos_ng_ac_b_no	vos	ng	nom-acc	balancing	nomn	vos	VS	VPA	100	0.98	0	0.0	2.6546831274032594	bos_eos
seed_44	1_1_intran_V_form	01_1_1_intran_V_form	fig:heatmap-1-intran-v-form	1.1 Intransitive finite verb form	84_vos_ng_ac_d_se	vos	ng	nom-acc	deranking	sent	vos	VS	VPA	100	0.96	0	0.0	2.358360095024109	bos_eos
seed_44	1_1_intran_V_form	01_1_1_intran_V_form	fig:heatmap-1-intran-v-form	1.1 Intransitive finite verb form	85_vos_ng_ac_d_pa	vos	ng	nom-acc	deranking	poss-acc	vos	VS	VPA	100	0.97	0	0.0	2.585329930782318	bos_eos
seed_44	1_1_intran_V_form	01_1_1_intran_V_form	fig:heatmap-1-intran-v-form	1.1 Intransitive finite verb form	86_vos_ng_ac_d_ep	vos	ng	nom-acc	deranking	erg-poss	vos	VS	VPA	100	0.95	0	0.0	2.2212472343444825	bos_eos
seed_44	1_1_intran_V_form	01_1_1_intran_V_form	fig:heatmap-1-intran-v-form	1.1 Intransitive finite verb form	87_vos_ng_ac_d_no	vos	ng	nom-acc	deranking	nomn	vos	VS	VPA	100	0.97	0	0.0	2.400873324871063	bos_eos
seed_44	1_1_intran_V_form	01_1_1_intran_V_form	fig:heatmap-1-intran-v-form	1.1 Intransitive finite verb form	88_vos_ng_er_b_se	vos	ng	erg-abs	balancing	sent	vos	VS	VPA	100	1.0	0	0.0	2.7689588928222655	bos_eos
seed_44	1_1_intran_V_form	01_1_1_intran_V_form	fig:heatmap-1-intran-v-form	1.1 Intransitive finite verb form	89_vos_ng_er_b_pa	vos	ng	erg-abs	balancing	poss-acc	vos	VS	VPA	100	1.0	0	0.0	3.1254123997688295	bos_eos
seed_44	1_1_intran_V_form	01_1_1_intran_V_form	fig:heatmap-1-intran-v-form	1.1 Intransitive finite verb form	90_vos_ng_er_b_ep	vos	ng	erg-abs	balancing	erg-poss	vos	VS	VPA	100	1.0	0	0.0	3.3219744873046877	bos_eos
seed_44	1_1_intran_V_form	01_1_1_intran_V_form	fig:heatmap-1-intran-v-form	1.1 Intransitive finite verb form	91_vos_ng_er_b_no	vos	ng	erg-abs	balancing	nomn	vos	VS	VPA	100	1.0	0	0.0	3.3557696747779846	bos_eos
seed_44	1_1_intran_V_form	01_1_1_intran_V_form	fig:heatmap-1-intran-v-form	1.1 Intransitive finite verb form	92_vos_ng_er_d_se	vos	ng	erg-abs	deranking	sent	vos	VS	VPA	100	1.0	0	0.0	2.664544687271118	bos_eos
seed_44	1_1_intran_V_form	01_1_1_intran_V_form	fig:heatmap-1-intran-v-form	1.1 Intransitive finite verb form	93_vos_ng_er_d_pa	vos	ng	erg-abs	deranking	poss-acc	vos	VS	VPA	100	1.0	0	0.0	2.7511003684997557	bos_eos
seed_44	1_1_intran_V_form	01_1_1_intran_V_form	fig:heatmap-1-intran-v-form	1.1 Intransitive finite verb form	94_vos_ng_er_d_ep	vos	ng	erg-abs	deranking	erg-poss	vos	VS	VPA	100	0.99	0	0.0	2.727408592700958	bos_eos
seed_44	1_1_intran_V_form	01_1_1_intran_V_form	fig:heatmap-1-intran-v-form	1.1 Intransitive finite verb form	95_vos_ng_er_d_no	vos	ng	erg-abs	deranking	nomn	vos	VS	VPA	100	1.0	0	0.0	2.8747151947021483	bos_eos
seed_44	1_2_intran_S_marker	02_1_2_intran_S_marker	fig:heatmap-2-intran-s-marker	1.2 Intransitive S marker	00_sov_gn_ac_b_se	sov	gn	nom-acc	balancing	sent	sov	SV	APV	100	0.72	0	0.0	0.42766360759735106	bos_eos
seed_44	1_2_intran_S_marker	02_1_2_intran_S_marker	fig:heatmap-2-intran-s-marker	1.2 Intransitive S marker	01_sov_gn_ac_b_pa	sov	gn	nom-acc	balancing	poss-acc	sov	SV	APV	100	0.87	0	0.0	0.5962520790100098	bos_eos
seed_44	1_2_intran_S_marker	02_1_2_intran_S_marker	fig:heatmap-2-intran-s-marker	1.2 Intransitive S marker	02_sov_gn_ac_b_ep	sov	gn	nom-acc	balancing	erg-poss	sov	SV	APV	100	0.7	0	0.0	0.509706106185913	bos_eos
seed_44	1_2_intran_S_marker	02_1_2_intran_S_marker	fig:heatmap-2-intran-s-marker	1.2 Intransitive S marker	03_sov_gn_ac_b_no	sov	gn	nom-acc	balancing	nomn	sov	SV	APV	100	0.8	0	0.0	0.5848782801628113	bos_eos
seed_44	1_2_intran_S_marker	02_1_2_intran_S_marker	fig:heatmap-2-intran-s-marker	1.2 Intransitive S marker	04_sov_gn_ac_d_se	sov	gn	nom-acc	deranking	sent	sov	SV	APV	100	0.76	0	0.0	0.5554209113121032	bos_eos
seed_44	1_2_intran_S_marker	02_1_2_intran_S_marker	fig:heatmap-2-intran-s-marker	1.2 Intransitive S marker	05_sov_gn_ac_d_pa	sov	gn	nom-acc	deranking	poss-acc	sov	SV	APV	100	0.78	0	0.0	0.5550134754180909	bos_eos
seed_44	1_2_intran_S_marker	02_1_2_intran_S_marker	fig:heatmap-2-intran-s-marker	1.2 Intransitive S marker	06_sov_gn_ac_d_ep	sov	gn	nom-acc	deranking	erg-poss	sov	SV	APV	100	0.76	0	0.0	0.5903846859931946	bos_eos
seed_44	1_2_intran_S_marker	02_1_2_intran_S_marker	fig:heatmap-2-intran-s-marker	1.2 Intransitive S marker	07_sov_gn_ac_d_no	sov	gn	nom-acc	deranking	nomn	sov	SV	APV	100	0.88	0	0.0	0.755616705417633	bos_eos
seed_44	1_2_intran_S_marker	02_1_2_intran_S_marker	fig:heatmap-2-intran-s-marker	1.2 Intransitive S marker	08_sov_gn_er_b_se	sov	gn	erg-abs	balancing	sent	sov	SV	APV	100	0.79	0	0.0	0.3994338822364807	bos_eos
seed_44	1_2_intran_S_marker	02_1_2_intran_S_marker	fig:heatmap-2-intran-s-marker	1.2 Intransitive S marker	09_sov_gn_er_b_pa	sov	gn	erg-abs	balancing	poss-acc	sov	SV	APV	100	0.83	0	0.0	0.49955819368362425	bos_eos
seed_44	1_2_intran_S_marker	02_1_2_intran_S_marker	fig:heatmap-2-intran-s-marker	1.2 Intransitive S marker	10_sov_gn_er_b_ep	sov	gn	erg-abs	balancing	erg-poss	sov	SV	APV	100	0.77	0	0.0	0.46576145887374876	bos_eos
seed_44	1_2_intran_S_marker	02_1_2_intran_S_marker	fig:heatmap-2-intran-s-marker	1.2 Intransitive S marker	11_sov_gn_er_b_no	sov	gn	erg-abs	balancing	nomn	sov	SV	APV	100	0.79	0	0.0	0.4631223821640015	bos_eos
seed_44	1_2_intran_S_marker	02_1_2_intran_S_marker	fig:heatmap-2-intran-s-marker	1.2 Intransitive S marker	12_sov_gn_er_d_se	sov	gn	erg-abs	deranking	sent	sov	SV	APV	100	0.73	0	0.0	0.35787364959716794	bos_eos
seed_44	1_2_intran_S_marker	02_1_2_intran_S_marker	fig:heatmap-2-intran-s-marker	1.2 Intransitive S marker	13_sov_gn_er_d_pa	sov	gn	erg-abs	deranking	poss-acc	sov	SV	APV	100	0.72	0	0.0	0.3426804804801941	bos_eos
seed_44	1_2_intran_S_marker	02_1_2_intran_S_marker	fig:heatmap-2-intran-s-marker	1.2 Intransitive S marker	14_sov_gn_er_d_ep	sov	gn	erg-abs	deranking	erg-poss	sov	SV	APV	100	0.77	0	0.0	0.4194148349761963	bos_eos
seed_44	1_2_intran_S_marker	02_1_2_intran_S_marker	fig:heatmap-2-intran-s-marker	1.2 Intransitive S marker	15_sov_gn_er_d_no	sov	gn	erg-abs	deranking	nomn	sov	SV	APV	100	0.74	0	0.0	0.3701999020576477	bos_eos
seed_44	1_2_intran_S_marker	02_1_2_intran_S_marker	fig:heatmap-2-intran-s-marker	1.2 Intransitive S marker	16_sov_ng_ac_b_se	sov	ng	nom-acc	balancing	sent	sov	SV	APV	100	0.9	0	0.0	0.7551463103294372	bos_eos
seed_44	1_2_intran_S_marker	02_1_2_intran_S_marker	fig:heatmap-2-intran-s-marker	1.2 Intransitive S marker	17_sov_ng_ac_b_pa	sov	ng	nom-acc	balancing	poss-acc	ovs	VS	PVA	100	0.88	0	0.0	0.7466307830810547	bos_eos
seed_44	1_2_intran_S_marker	02_1_2_intran_S_marker	fig:heatmap-2-intran-s-marker	1.2 Intransitive S marker	18_sov_ng_ac_b_ep	sov	ng	nom-acc	balancing	erg-poss	vos	VS	AVP	100	0.92	0	0.0	0.7938559222221374	bos_eos
seed_44	1_2_intran_S_marker	02_1_2_intran_S_marker	fig:heatmap-2-intran-s-marker	1.2 Intransitive S marker	19_sov_ng_ac_b_no	sov	ng	nom-acc	balancing	nomn	ovs	VS	PVA	100	0.97	0	0.0	0.9935738015174865	bos_eos
seed_44	1_2_intran_S_marker	02_1_2_intran_S_marker	fig:heatmap-2-intran-s-marker	1.2 Intransitive S marker	20_sov_ng_ac_d_se	sov	ng	nom-acc	deranking	sent	sov	SV	APV	100	0.94	0	0.0	0.8240460777282714	bos_eos
seed_44	1_2_intran_S_marker	02_1_2_intran_S_marker	fig:heatmap-2-intran-s-marker	1.2 Intransitive S marker	21_sov_ng_ac_d_pa	sov	ng	nom-acc	deranking	poss-acc	ovs	VS	PVA	100	0.9	0	0.0	0.8096513843536377	bos_eos
seed_44	1_2_intran_S_marker	02_1_2_intran_S_marker	fig:heatmap-2-intran-s-marker	1.2 Intransitive S marker	22_sov_ng_ac_d_ep	sov	ng	nom-acc	deranking	erg-poss	vos	VS	AVP	100	0.92	0	0.0	0.8806429076194763	bos_eos
seed_44	1_2_intran_S_marker	02_1_2_intran_S_marker	fig:heatmap-2-intran-s-marker	1.2 Intransitive S marker	23_sov_ng_ac_d_no	sov	ng	nom-acc	deranking	nomn	ovs	VS	PVA	100	0.92	0	0.0	0.9284996724128723	bos_eos
seed_44	1_2_intran_S_marker	02_1_2_intran_S_marker	fig:heatmap-2-intran-s-marker	1.2 Intransitive S marker	24_sov_ng_er_b_se	sov	ng	erg-abs	balancing	sent	sov	SV	APV	100	0.65	0	0.0	0.23217350482940674	bos_eos
seed_44	1_2_intran_S_marker	02_1_2_intran_S_marker	fig:heatmap-2-intran-s-marker	1.2 Intransitive S marker	25_sov_ng_er_b_pa	sov	ng	erg-abs	balancing	poss-acc	ovs	VS	PVA	100	0.6	0	0.0	0.24987802743911744	bos_eos
seed_44	1_2_intran_S_marker	02_1_2_intran_S_marker	fig:heatmap-2-intran-s-marker	1.2 Intransitive S marker	26_sov_ng_er_b_ep	sov	ng	erg-abs	balancing	erg-poss	vos	VS	AVP	100	0.66	0	0.0	0.15381962299346924	bos_eos
seed_44	1_2_intran_S_marker	02_1_2_intran_S_marker	fig:heatmap-2-intran-s-marker	1.2 Intransitive S marker	27_sov_ng_er_b_no	sov	ng	erg-abs	balancing	nomn	ovs	VS	PVA	100	0.68	0	0.0	0.3721851134300232	bos_eos
seed_44	1_2_intran_S_marker	02_1_2_intran_S_marker	fig:heatmap-2-intran-s-marker	1.2 Intransitive S marker	28_sov_ng_er_d_se	sov	ng	erg-abs	deranking	sent	sov	SV	APV	100	0.62	0	0.0	0.1839428186416626	bos_eos
seed_44	1_2_intran_S_marker	02_1_2_intran_S_marker	fig:heatmap-2-intran-s-marker	1.2 Intransitive S marker	29_sov_ng_er_d_pa	sov	ng	erg-abs	deranking	poss-acc	ovs	VS	PVA	100	0.49	0	0.0	0.0431804895401001	bos_eos
seed_44	1_2_intran_S_marker	02_1_2_intran_S_marker	fig:heatmap-2-intran-s-marker	1.2 Intransitive S marker	30_sov_ng_er_d_ep	sov	ng	erg-abs	deranking	erg-poss	vos	VS	AVP	100	0.62	0	0.0	0.2784672689437866	bos_eos
seed_44	1_2_intran_S_marker	02_1_2_intran_S_marker	fig:heatmap-2-intran-s-marker	1.2 Intransitive S marker	31_sov_ng_er_d_no	sov	ng	erg-abs	deranking	nomn	ovs	VS	PVA	100	0.6	0	0.0	0.17728081464767456	bos_eos
seed_44	1_2_intran_S_marker	02_1_2_intran_S_marker	fig:heatmap-2-intran-s-marker	1.2 Intransitive S marker	32_svo_gn_ac_b_se	svo	gn	nom-acc	balancing	sent	svo	SV	AVP	100	0.98	0	0.0	1.246104757785797	bos_eos
seed_44	1_2_intran_S_marker	02_1_2_intran_S_marker	fig:heatmap-2-intran-s-marker	1.2 Intransitive S marker	33_svo_gn_ac_b_pa	svo	gn	nom-acc	balancing	poss-acc	svo	SV	AVP	100	0.98	0	0.0	1.3017692375183105	bos_eos
seed_44	1_2_intran_S_marker	02_1_2_intran_S_marker	fig:heatmap-2-intran-s-marker	1.2 Intransitive S marker	34_svo_gn_ac_b_ep	svo	gn	nom-acc	balancing	erg-poss	sov	SV	PVA	100	0.98	0	0.0	1.5097782444953918	bos_eos
seed_44	1_2_intran_S_marker	02_1_2_intran_S_marker	fig:heatmap-2-intran-s-marker	1.2 Intransitive S marker	35_svo_gn_ac_b_no	svo	gn	nom-acc	balancing	nomn	svo	SV	AVP	100	0.97	0	0.0	1.5617837858200074	bos_eos
seed_44	1_2_intran_S_marker	02_1_2_intran_S_marker	fig:heatmap-2-intran-s-marker	1.2 Intransitive S marker	36_svo_gn_ac_d_se	svo	gn	nom-acc	deranking	sent	svo	SV	AVP	100	0.97	0	0.0	1.1267294216156005	bos_eos
seed_44	1_2_intran_S_marker	02_1_2_intran_S_marker	fig:heatmap-2-intran-s-marker	1.2 Intransitive S marker	37_svo_gn_ac_d_pa	svo	gn	nom-acc	deranking	poss-acc	svo	SV	AVP	100	0.96	0	0.0	1.1148715114593506	bos_eos
seed_44	1_2_intran_S_marker	02_1_2_intran_S_marker	fig:heatmap-2-intran-s-marker	1.2 Intransitive S marker	38_svo_gn_ac_d_ep	svo	gn	nom-acc	deranking	erg-poss	sov	SV	PVA	100	0.95	0	0.0	1.1518825793266296	bos_eos
seed_44	1_2_intran_S_marker	02_1_2_intran_S_marker	fig:heatmap-2-intran-s-marker	1.2 Intransitive S marker	39_svo_gn_ac_d_no	svo	gn	nom-acc	deranking	nomn	svo	SV	AVP	100	0.96	0	0.0	1.3795134568214416	bos_eos
seed_44	1_2_intran_S_marker	02_1_2_intran_S_marker	fig:heatmap-2-intran-s-marker	1.2 Intransitive S marker	40_svo_gn_er_b_se	svo	gn	erg-abs	balancing	sent	svo	SV	AVP	100	0.97	0	0.0	1.1647664642333984	bos_eos
seed_44	1_2_intran_S_marker	02_1_2_intran_S_marker	fig:heatmap-2-intran-s-marker	1.2 Intransitive S marker	41_svo_gn_er_b_pa	svo	gn	erg-abs	balancing	poss-acc	svo	SV	AVP	100	0.97	0	0.0	1.121267967224121	bos_eos
seed_44	1_2_intran_S_marker	02_1_2_intran_S_marker	fig:heatmap-2-intran-s-marker	1.2 Intransitive S marker	42_svo_gn_er_b_ep	svo	gn	erg-abs	balancing	erg-poss	sov	SV	PVA	100	0.95	0	0.0	1.0565098667144774	bos_eos
seed_44	1_2_intran_S_marker	02_1_2_intran_S_marker	fig:heatmap-2-intran-s-marker	1.2 Intransitive S marker	43_svo_gn_er_b_no	svo	gn	erg-abs	balancing	nomn	svo	SV	AVP	100	0.98	0	0.0	1.1012988090515137	bos_eos
seed_44	1_2_intran_S_marker	02_1_2_intran_S_marker	fig:heatmap-2-intran-s-marker	1.2 Intransitive S marker	44_svo_gn_er_d_se	svo	gn	erg-abs	deranking	sent	svo	SV	AVP	100	0.93	0	0.0	0.8001371860504151	bos_eos
seed_44	1_2_intran_S_marker	02_1_2_intran_S_marker	fig:heatmap-2-intran-s-marker	1.2 Intransitive S marker	45_svo_gn_er_d_pa	svo	gn	erg-abs	deranking	poss-acc	svo	SV	AVP	100	0.9	0	0.0	0.6455666136741638	bos_eos
seed_44	1_2_intran_S_marker	02_1_2_intran_S_marker	fig:heatmap-2-intran-s-marker	1.2 Intransitive S marker	46_svo_gn_er_d_ep	svo	gn	erg-abs	deranking	erg-poss	sov	SV	PVA	100	0.96	0	0.0	0.8726947784423829	bos_eos
seed_44	1_2_intran_S_marker	02_1_2_intran_S_marker	fig:heatmap-2-intran-s-marker	1.2 Intransitive S marker	47_svo_gn_er_d_no	svo	gn	erg-abs	deranking	nomn	svo	SV	AVP	100	0.9	0	0.0	0.6947632598876953	bos_eos
seed_44	1_2_intran_S_marker	02_1_2_intran_S_marker	fig:heatmap-2-intran-s-marker	1.2 Intransitive S marker	48_svo_ng_ac_b_se	svo	ng	nom-acc	balancing	sent	svo	SV	AVP	100	1.0	0	0.0	1.2382936072349549	bos_eos
seed_44	1_2_intran_S_marker	02_1_2_intran_S_marker	fig:heatmap-2-intran-s-marker	1.2 Intransitive S marker	49_svo_ng_ac_b_pa	svo	ng	nom-acc	balancing	poss-acc	vos	VS	VPA	100	0.97	0	0.0	1.0398769664764405	bos_eos
seed_44	1_2_intran_S_marker	02_1_2_intran_S_marker	fig:heatmap-2-intran-s-marker	1.2 Intransitive S marker	50_svo_ng_ac_b_ep	svo	ng	nom-acc	balancing	erg-poss	vos	VS	VPA	100	0.98	0	0.0	1.2983214092254638	bos_eos
seed_44	1_2_intran_S_marker	02_1_2_intran_S_marker	fig:heatmap-2-intran-s-marker	1.2 Intransitive S marker	51_svo_ng_ac_b_no	svo	ng	nom-acc	balancing	nomn	vos	VS	VPA	100	0.98	0	0.0	1.4688380002975463	bos_eos
seed_44	1_2_intran_S_marker	02_1_2_intran_S_marker	fig:heatmap-2-intran-s-marker	1.2 Intransitive S marker	52_svo_ng_ac_d_se	svo	ng	nom-acc	deranking	sent	svo	SV	AVP	100	0.98	0	0.0	1.2353157424926757	bos_eos
seed_44	1_2_intran_S_marker	02_1_2_intran_S_marker	fig:heatmap-2-intran-s-marker	1.2 Intransitive S marker	53_svo_ng_ac_d_pa	svo	ng	nom-acc	deranking	poss-acc	vos	VS	VPA	100	0.99	0	0.0	1.2837307524681092	bos_eos
seed_44	1_2_intran_S_marker	02_1_2_intran_S_marker	fig:heatmap-2-intran-s-marker	1.2 Intransitive S marker	54_svo_ng_ac_d_ep	svo	ng	nom-acc	deranking	erg-poss	vos	VS	VPA	100	1.0	0	0.0	1.3935246133804322	bos_eos
seed_44	1_2_intran_S_marker	02_1_2_intran_S_marker	fig:heatmap-2-intran-s-marker	1.2 Intransitive S marker	55_svo_ng_ac_d_no	svo	ng	nom-acc	deranking	nomn	vos	VS	VPA	100	0.99	0	0.0	1.1746457076072694	bos_eos
seed_44	1_2_intran_S_marker	02_1_2_intran_S_marker	fig:heatmap-2-intran-s-marker	1.2 Intransitive S marker	56_svo_ng_er_b_se	svo	ng	erg-abs	balancing	sent	svo	SV	AVP	100	0.94	0	0.0	0.9637986660003662	bos_eos
seed_44	1_2_intran_S_marker	02_1_2_intran_S_marker	fig:heatmap-2-intran-s-marker	1.2 Intransitive S marker	57_svo_ng_er_b_pa	svo	ng	erg-abs	balancing	poss-acc	vos	VS	VPA	100	0.98	0	0.0	0.8398183536529541	bos_eos
seed_44	1_2_intran_S_marker	02_1_2_intran_S_marker	fig:heatmap-2-intran-s-marker	1.2 Intransitive S marker	58_svo_ng_er_b_ep	svo	ng	erg-abs	balancing	erg-poss	vos	VS	VPA	100	0.9	0	0.0	0.6450458097457886	bos_eos
seed_44	1_2_intran_S_marker	02_1_2_intran_S_marker	fig:heatmap-2-intran-s-marker	1.2 Intransitive S marker	59_svo_ng_er_b_no	svo	ng	erg-abs	balancing	nomn	vos	VS	VPA	100	0.9	0	0.0	0.7156907081604004	bos_eos
seed_44	1_2_intran_S_marker	02_1_2_intran_S_marker	fig:heatmap-2-intran-s-marker	1.2 Intransitive S marker	60_svo_ng_er_d_se	svo	ng	erg-abs	deranking	sent	svo	SV	AVP	100	0.94	0	0.0	0.7446346998214721	bos_eos
seed_44	1_2_intran_S_marker	02_1_2_intran_S_marker	fig:heatmap-2-intran-s-marker	1.2 Intransitive S marker	61_svo_ng_er_d_pa	svo	ng	erg-abs	deranking	poss-acc	vos	VS	VPA	100	0.95	0	0.0	0.7894153308868408	bos_eos
seed_44	1_2_intran_S_marker	02_1_2_intran_S_marker	fig:heatmap-2-intran-s-marker	1.2 Intransitive S marker	62_svo_ng_er_d_ep	svo	ng	erg-abs	deranking	erg-poss	vos	VS	VPA	100	0.84	0	0.0	0.46608609676361085	bos_eos
seed_44	1_2_intran_S_marker	02_1_2_intran_S_marker	fig:heatmap-2-intran-s-marker	1.2 Intransitive S marker	63_svo_ng_er_d_no	svo	ng	erg-abs	deranking	nomn	vos	VS	VPA	100	0.96	0	0.0	0.9078176856040955	bos_eos
seed_44	1_2_intran_S_marker	02_1_2_intran_S_marker	fig:heatmap-2-intran-s-marker	1.2 Intransitive S marker	64_vos_gn_ac_b_se	vos	gn	nom-acc	balancing	sent	vos	VS	VPA	100	0.99	0	0.0	1.0025902223587035	bos_eos
seed_44	1_2_intran_S_marker	02_1_2_intran_S_marker	fig:heatmap-2-intran-s-marker	1.2 Intransitive S marker	65_vos_gn_ac_b_pa	vos	gn	nom-acc	balancing	poss-acc	svo	SV	AVP	100	0.97	0	0.0	0.9106192207336425	bos_eos
seed_44	1_2_intran_S_marker	02_1_2_intran_S_marker	fig:heatmap-2-intran-s-marker	1.2 Intransitive S marker	66_vos_gn_ac_b_ep	vos	gn	nom-acc	balancing	erg-poss	sov	SV	PVA	100	0.99	0	0.0	1.0325450658798219	bos_eos
seed_44	1_2_intran_S_marker	02_1_2_intran_S_marker	fig:heatmap-2-intran-s-marker	1.2 Intransitive S marker	67_vos_gn_ac_b_no	vos	gn	nom-acc	balancing	nomn	svo	SV	AVP	100	0.99	0	0.0	1.0389758086204528	bos_eos
seed_44	1_2_intran_S_marker	02_1_2_intran_S_marker	fig:heatmap-2-intran-s-marker	1.2 Intransitive S marker	68_vos_gn_ac_d_se	vos	gn	nom-acc	deranking	sent	vos	VS	VPA	100	0.99	0	0.0	1.0676506567001343	bos_eos
seed_44	1_2_intran_S_marker	02_1_2_intran_S_marker	fig:heatmap-2-intran-s-marker	1.2 Intransitive S marker	69_vos_gn_ac_d_pa	vos	gn	nom-acc	deranking	poss-acc	svo	SV	AVP	100	0.99	0	0.0	1.0810706162452697	bos_eos
seed_44	1_2_intran_S_marker	02_1_2_intran_S_marker	fig:heatmap-2-intran-s-marker	1.2 Intransitive S marker	70_vos_gn_ac_d_ep	vos	gn	nom-acc	deranking	erg-poss	sov	SV	PVA	100	0.99	0	0.0	1.0812147331237794	bos_eos
seed_44	1_2_intran_S_marker	02_1_2_intran_S_marker	fig:heatmap-2-intran-s-marker	1.2 Intransitive S marker	71_vos_gn_ac_d_no	vos	gn	nom-acc	deranking	nomn	svo	SV	AVP	100	0.98	0	0.0	0.9769048309326172	bos_eos
seed_44	1_2_intran_S_marker	02_1_2_intran_S_marker	fig:heatmap-2-intran-s-marker	1.2 Intransitive S marker	72_vos_gn_er_b_se	vos	gn	erg-abs	balancing	sent	vos	VS	VPA	100	0.96	0	0.0	0.8425398206710816	bos_eos
seed_44	1_2_intran_S_marker	02_1_2_intran_S_marker	fig:heatmap-2-intran-s-marker	1.2 Intransitive S marker	73_vos_gn_er_b_pa	vos	gn	erg-abs	balancing	poss-acc	svo	SV	AVP	100	0.95	0	0.0	0.8415279507637023	bos_eos
seed_44	1_2_intran_S_marker	02_1_2_intran_S_marker	fig:heatmap-2-intran-s-marker	1.2 Intransitive S marker	74_vos_gn_er_b_ep	vos	gn	erg-abs	balancing	erg-poss	sov	SV	PVA	100	0.92	0	0.0	0.8019058656692505	bos_eos
seed_44	1_2_intran_S_marker	02_1_2_intran_S_marker	fig:heatmap-2-intran-s-marker	1.2 Intransitive S marker	75_vos_gn_er_b_no	vos	gn	erg-abs	balancing	nomn	svo	SV	AVP	100	0.97	0	0.0	0.9755941939353943	bos_eos
seed_44	1_2_intran_S_marker	02_1_2_intran_S_marker	fig:heatmap-2-intran-s-marker	1.2 Intransitive S marker	76_vos_gn_er_d_se	vos	gn	erg-abs	deranking	sent	vos	VS	VPA	100	0.94	0	0.0	0.8024078965187073	bos_eos
seed_44	1_2_intran_S_marker	02_1_2_intran_S_marker	fig:heatmap-2-intran-s-marker	1.2 Intransitive S marker	77_vos_gn_er_d_pa	vos	gn	erg-abs	deranking	poss-acc	svo	SV	AVP	100	0.93	0	0.0	0.8054258608818055	bos_eos
seed_44	1_2_intran_S_marker	02_1_2_intran_S_marker	fig:heatmap-2-intran-s-marker	1.2 Intransitive S marker	78_vos_gn_er_d_ep	vos	gn	erg-abs	deranking	erg-poss	sov	SV	PVA	100	0.95	0	0.0	0.7818829274177551	bos_eos
seed_44	1_2_intran_S_marker	02_1_2_intran_S_marker	fig:heatmap-2-intran-s-marker	1.2 Intransitive S marker	79_vos_gn_er_d_no	vos	gn	erg-abs	deranking	nomn	svo	SV	AVP	100	0.97	0	0.0	0.7887331366539001	bos_eos
seed_44	1_2_intran_S_marker	02_1_2_intran_S_marker	fig:heatmap-2-intran-s-marker	1.2 Intransitive S marker	80_vos_ng_ac_b_se	vos	ng	nom-acc	balancing	sent	vos	VS	VPA	100	0.77	0	0.0	0.2899094867706299	bos_eos
seed_44	1_2_intran_S_marker	02_1_2_intran_S_marker	fig:heatmap-2-intran-s-marker	1.2 Intransitive S marker	81_vos_ng_ac_b_pa	vos	ng	nom-acc	balancing	poss-acc	vos	VS	VPA	100	0.59	0	0.0	0.13198849201202392	bos_eos
seed_44	1_2_intran_S_marker	02_1_2_intran_S_marker	fig:heatmap-2-intran-s-marker	1.2 Intransitive S marker	82_vos_ng_ac_b_ep	vos	ng	nom-acc	balancing	erg-poss	vos	VS	VPA	100	0.76	0	0.0	0.32929918050765994	bos_eos
seed_44	1_2_intran_S_marker	02_1_2_intran_S_marker	fig:heatmap-2-intran-s-marker	1.2 Intransitive S marker	83_vos_ng_ac_b_no	vos	ng	nom-acc	balancing	nomn	vos	VS	VPA	100	0.69	0	0.0	0.2982918071746826	bos_eos
seed_44	1_2_intran_S_marker	02_1_2_intran_S_marker	fig:heatmap-2-intran-s-marker	1.2 Intransitive S marker	84_vos_ng_ac_d_se	vos	ng	nom-acc	deranking	sent	vos	VS	VPA	100	0.72	0	0.0	0.286211998462677	bos_eos
seed_44	1_2_intran_S_marker	02_1_2_intran_S_marker	fig:heatmap-2-intran-s-marker	1.2 Intransitive S marker	85_vos_ng_ac_d_pa	vos	ng	nom-acc	deranking	poss-acc	vos	VS	VPA	100	0.88	0	0.0	0.6416181135177612	bos_eos
seed_44	1_2_intran_S_marker	02_1_2_intran_S_marker	fig:heatmap-2-intran-s-marker	1.2 Intransitive S marker	86_vos_ng_ac_d_ep	vos	ng	nom-acc	deranking	erg-poss	vos	VS	VPA	100	0.81	0	0.0	0.4571457052230835	bos_eos
seed_44	1_2_intran_S_marker	02_1_2_intran_S_marker	fig:heatmap-2-intran-s-marker	1.2 Intransitive S marker	87_vos_ng_ac_d_no	vos	ng	nom-acc	deranking	nomn	vos	VS	VPA	100	0.83	0	0.0	0.5818792748451233	bos_eos
seed_44	1_2_intran_S_marker	02_1_2_intran_S_marker	fig:heatmap-2-intran-s-marker	1.2 Intransitive S marker	88_vos_ng_er_b_se	vos	ng	erg-abs	balancing	sent	vos	VS	VPA	100	0.98	0	0.0	0.7521263074874878	bos_eos
seed_44	1_2_intran_S_marker	02_1_2_intran_S_marker	fig:heatmap-2-intran-s-marker	1.2 Intransitive S marker	89_vos_ng_er_b_pa	vos	ng	erg-abs	balancing	poss-acc	vos	VS	VPA	100	0.94	0	0.0	0.6766295552253723	bos_eos
seed_44	1_2_intran_S_marker	02_1_2_intran_S_marker	fig:heatmap-2-intran-s-marker	1.2 Intransitive S marker	90_vos_ng_er_b_ep	vos	ng	erg-abs	balancing	erg-poss	vos	VS	VPA	100	0.99	0	0.0	0.7770123958587647	bos_eos
seed_44	1_2_intran_S_marker	02_1_2_intran_S_marker	fig:heatmap-2-intran-s-marker	1.2 Intransitive S marker	91_vos_ng_er_b_no	vos	ng	erg-abs	balancing	nomn	vos	VS	VPA	100	0.98	0	0.0	0.9032414984703064	bos_eos
seed_44	1_2_intran_S_marker	02_1_2_intran_S_marker	fig:heatmap-2-intran-s-marker	1.2 Intransitive S marker	92_vos_ng_er_d_se	vos	ng	erg-abs	deranking	sent	vos	VS	VPA	100	0.97	0	0.0	0.8370931434631348	bos_eos
seed_44	1_2_intran_S_marker	02_1_2_intran_S_marker	fig:heatmap-2-intran-s-marker	1.2 Intransitive S marker	93_vos_ng_er_d_pa	vos	ng	erg-abs	deranking	poss-acc	vos	VS	VPA	100	0.98	0	0.0	0.8337602043151855	bos_eos
seed_44	1_2_intran_S_marker	02_1_2_intran_S_marker	fig:heatmap-2-intran-s-marker	1.2 Intransitive S marker	94_vos_ng_er_d_ep	vos	ng	erg-abs	deranking	erg-poss	vos	VS	VPA	100	0.97	0	0.0	0.766696035861969	bos_eos
seed_44	1_2_intran_S_marker	02_1_2_intran_S_marker	fig:heatmap-2-intran-s-marker	1.2 Intransitive S marker	95_vos_ng_er_d_no	vos	ng	erg-abs	deranking	nomn	vos	VS	VPA	100	0.99	0	0.0	0.8265872716903686	bos_eos
seed_44	1_3_intran_SV_order	03_1_3_intran_SV_order	fig:heatmap-3-intran-sv-order	1.3 Intransitive S--V order	00_sov_gn_ac_b_se	sov	gn	nom-acc	balancing	sent	sov	SV	APV	100	1.0	0	0.0	3.8249825644493103	bos_eos
seed_44	1_3_intran_SV_order	03_1_3_intran_SV_order	fig:heatmap-3-intran-sv-order	1.3 Intransitive S--V order	01_sov_gn_ac_b_pa	sov	gn	nom-acc	balancing	poss-acc	sov	SV	APV	100	1.0	0	0.0	3.6382005476951598	bos_eos
seed_44	1_3_intran_SV_order	03_1_3_intran_SV_order	fig:heatmap-3-intran-sv-order	1.3 Intransitive S--V order	02_sov_gn_ac_b_ep	sov	gn	nom-acc	balancing	erg-poss	sov	SV	APV	100	1.0	0	0.0	3.6461864161491393	bos_eos
seed_44	1_3_intran_SV_order	03_1_3_intran_SV_order	fig:heatmap-3-intran-sv-order	1.3 Intransitive S--V order	03_sov_gn_ac_b_no	sov	gn	nom-acc	balancing	nomn	sov	SV	APV	100	1.0	0	0.0	3.7893045711517335	bos_eos
seed_44	1_3_intran_SV_order	03_1_3_intran_SV_order	fig:heatmap-3-intran-sv-order	1.3 Intransitive S--V order	04_sov_gn_ac_d_se	sov	gn	nom-acc	deranking	sent	sov	SV	APV	100	1.0	0	0.0	3.7306601119041445	bos_eos
seed_44	1_3_intran_SV_order	03_1_3_intran_SV_order	fig:heatmap-3-intran-sv-order	1.3 Intransitive S--V order	05_sov_gn_ac_d_pa	sov	gn	nom-acc	deranking	poss-acc	sov	SV	APV	100	1.0	0	0.0	3.61437326669693	bos_eos
seed_44	1_3_intran_SV_order	03_1_3_intran_SV_order	fig:heatmap-3-intran-sv-order	1.3 Intransitive S--V order	06_sov_gn_ac_d_ep	sov	gn	nom-acc	deranking	erg-poss	sov	SV	APV	100	1.0	0	0.0	3.717040603160858	bos_eos
seed_44	1_3_intran_SV_order	03_1_3_intran_SV_order	fig:heatmap-3-intran-sv-order	1.3 Intransitive S--V order	07_sov_gn_ac_d_no	sov	gn	nom-acc	deranking	nomn	sov	SV	APV	100	1.0	0	0.0	3.5232125186920165	bos_eos
seed_44	1_3_intran_SV_order	03_1_3_intran_SV_order	fig:heatmap-3-intran-sv-order	1.3 Intransitive S--V order	08_sov_gn_er_b_se	sov	gn	erg-abs	balancing	sent	sov	SV	APV	100	1.0	0	0.0	4.515168337821961	bos_eos
seed_44	1_3_intran_SV_order	03_1_3_intran_SV_order	fig:heatmap-3-intran-sv-order	1.3 Intransitive S--V order	09_sov_gn_er_b_pa	sov	gn	erg-abs	balancing	poss-acc	sov	SV	APV	100	1.0	0	0.0	4.478722398281097	bos_eos
seed_44	1_3_intran_SV_order	03_1_3_intran_SV_order	fig:heatmap-3-intran-sv-order	1.3 Intransitive S--V order	10_sov_gn_er_b_ep	sov	gn	erg-abs	balancing	erg-poss	sov	SV	APV	100	1.0	0	0.0	4.384563567638398	bos_eos
seed_44	1_3_intran_SV_order	03_1_3_intran_SV_order	fig:heatmap-3-intran-sv-order	1.3 Intransitive S--V order	11_sov_gn_er_b_no	sov	gn	erg-abs	balancing	nomn	sov	SV	APV	100	1.0	0	0.0	4.465492696762085	bos_eos
seed_44	1_3_intran_SV_order	03_1_3_intran_SV_order	fig:heatmap-3-intran-sv-order	1.3 Intransitive S--V order	12_sov_gn_er_d_se	sov	gn	erg-abs	deranking	sent	sov	SV	APV	100	1.0	0	0.0	4.432101471424103	bos_eos
seed_44	1_3_intran_SV_order	03_1_3_intran_SV_order	fig:heatmap-3-intran-sv-order	1.3 Intransitive S--V order	13_sov_gn_er_d_pa	sov	gn	erg-abs	deranking	poss-acc	sov	SV	APV	100	1.0	0	0.0	4.665594000816345	bos_eos
seed_44	1_3_intran_SV_order	03_1_3_intran_SV_order	fig:heatmap-3-intran-sv-order	1.3 Intransitive S--V order	14_sov_gn_er_d_ep	sov	gn	erg-abs	deranking	erg-poss	sov	SV	APV	100	1.0	0	0.0	4.39145143032074	bos_eos
seed_44	1_3_intran_SV_order	03_1_3_intran_SV_order	fig:heatmap-3-intran-sv-order	1.3 Intransitive S--V order	15_sov_gn_er_d_no	sov	gn	erg-abs	deranking	nomn	sov	SV	APV	100	1.0	0	0.0	4.149116609096527	bos_eos
seed_44	1_3_intran_SV_order	03_1_3_intran_SV_order	fig:heatmap-3-intran-sv-order	1.3 Intransitive S--V order	16_sov_ng_ac_b_se	sov	ng	nom-acc	balancing	sent	sov	SV	APV	100	1.0	0	0.0	3.8914964532852174	bos_eos
seed_44	1_3_intran_SV_order	03_1_3_intran_SV_order	fig:heatmap-3-intran-sv-order	1.3 Intransitive S--V order	17_sov_ng_ac_b_pa	sov	ng	nom-acc	balancing	poss-acc	ovs	VS	PVA	100	1.0	0	0.0	3.7245793414115904	bos_eos
seed_44	1_3_intran_SV_order	03_1_3_intran_SV_order	fig:heatmap-3-intran-sv-order	1.3 Intransitive S--V order	18_sov_ng_ac_b_ep	sov	ng	nom-acc	balancing	erg-poss	vos	VS	AVP	100	1.0	0	0.0	3.9293224787712098	bos_eos
seed_44	1_3_intran_SV_order	03_1_3_intran_SV_order	fig:heatmap-3-intran-sv-order	1.3 Intransitive S--V order	19_sov_ng_ac_b_no	sov	ng	nom-acc	balancing	nomn	ovs	VS	PVA	100	1.0	0	0.0	3.9887741899490354	bos_eos
seed_44	1_3_intran_SV_order	03_1_3_intran_SV_order	fig:heatmap-3-intran-sv-order	1.3 Intransitive S--V order	20_sov_ng_ac_d_se	sov	ng	nom-acc	deranking	sent	sov	SV	APV	100	0.99	0	0.0	4.052581174373627	bos_eos
seed_44	1_3_intran_SV_order	03_1_3_intran_SV_order	fig:heatmap-3-intran-sv-order	1.3 Intransitive S--V order	21_sov_ng_ac_d_pa	sov	ng	nom-acc	deranking	poss-acc	ovs	VS	PVA	100	1.0	0	0.0	3.9350982093811036	bos_eos
seed_44	1_3_intran_SV_order	03_1_3_intran_SV_order	fig:heatmap-3-intran-sv-order	1.3 Intransitive S--V order	22_sov_ng_ac_d_ep	sov	ng	nom-acc	deranking	erg-poss	vos	VS	AVP	100	1.0	0	0.0	4.067618827819825	bos_eos
seed_44	1_3_intran_SV_order	03_1_3_intran_SV_order	fig:heatmap-3-intran-sv-order	1.3 Intransitive S--V order	23_sov_ng_ac_d_no	sov	ng	nom-acc	deranking	nomn	ovs	VS	PVA	100	1.0	0	0.0	4.0838960981369015	bos_eos
seed_44	1_3_intran_SV_order	03_1_3_intran_SV_order	fig:heatmap-3-intran-sv-order	1.3 Intransitive S--V order	24_sov_ng_er_b_se	sov	ng	erg-abs	balancing	sent	sov	SV	APV	100	1.0	0	0.0	4.34790598154068	bos_eos
seed_44	1_3_intran_SV_order	03_1_3_intran_SV_order	fig:heatmap-3-intran-sv-order	1.3 Intransitive S--V order	25_sov_ng_er_b_pa	sov	ng	erg-abs	balancing	poss-acc	ovs	VS	PVA	100	1.0	0	0.0	4.329484586715698	bos_eos
seed_44	1_3_intran_SV_order	03_1_3_intran_SV_order	fig:heatmap-3-intran-sv-order	1.3 Intransitive S--V order	26_sov_ng_er_b_ep	sov	ng	erg-abs	balancing	erg-poss	vos	VS	AVP	100	1.0	0	0.0	4.463480331897736	bos_eos
seed_44	1_3_intran_SV_order	03_1_3_intran_SV_order	fig:heatmap-3-intran-sv-order	1.3 Intransitive S--V order	27_sov_ng_er_b_no	sov	ng	erg-abs	balancing	nomn	ovs	VS	PVA	100	1.0	0	0.0	4.54460521697998	bos_eos
seed_44	1_3_intran_SV_order	03_1_3_intran_SV_order	fig:heatmap-3-intran-sv-order	1.3 Intransitive S--V order	28_sov_ng_er_d_se	sov	ng	erg-abs	deranking	sent	sov	SV	APV	100	1.0	0	0.0	4.417173869609833	bos_eos
seed_44	1_3_intran_SV_order	03_1_3_intran_SV_order	fig:heatmap-3-intran-sv-order	1.3 Intransitive S--V order	29_sov_ng_er_d_pa	sov	ng	erg-abs	deranking	poss-acc	ovs	VS	PVA	100	1.0	0	0.0	4.280535244941712	bos_eos
seed_44	1_3_intran_SV_order	03_1_3_intran_SV_order	fig:heatmap-3-intran-sv-order	1.3 Intransitive S--V order	30_sov_ng_er_d_ep	sov	ng	erg-abs	deranking	erg-poss	vos	VS	AVP	100	1.0	0	0.0	4.39666239976883	bos_eos
seed_44	1_3_intran_SV_order	03_1_3_intran_SV_order	fig:heatmap-3-intran-sv-order	1.3 Intransitive S--V order	31_sov_ng_er_d_no	sov	ng	erg-abs	deranking	nomn	ovs	VS	PVA	100	1.0	0	0.0	4.220586671829223	bos_eos
seed_44	1_3_intran_SV_order	03_1_3_intran_SV_order	fig:heatmap-3-intran-sv-order	1.3 Intransitive S--V order	32_svo_gn_ac_b_se	svo	gn	nom-acc	balancing	sent	svo	SV	AVP	100	1.0	0	0.0	4.297088561058044	bos_eos
seed_44	1_3_intran_SV_order	03_1_3_intran_SV_order	fig:heatmap-3-intran-sv-order	1.3 Intransitive S--V order	33_svo_gn_ac_b_pa	svo	gn	nom-acc	balancing	poss-acc	svo	SV	AVP	100	1.0	0	0.0	4.514178750514984	bos_eos
seed_44	1_3_intran_SV_order	03_1_3_intran_SV_order	fig:heatmap-3-intran-sv-order	1.3 Intransitive S--V order	34_svo_gn_ac_b_ep	svo	gn	nom-acc	balancing	erg-poss	sov	SV	PVA	100	1.0	0	0.0	4.390258810520172	bos_eos
seed_44	1_3_intran_SV_order	03_1_3_intran_SV_order	fig:heatmap-3-intran-sv-order	1.3 Intransitive S--V order	35_svo_gn_ac_b_no	svo	gn	nom-acc	balancing	nomn	svo	SV	AVP	100	1.0	0	0.0	4.249246668815613	bos_eos
seed_44	1_3_intran_SV_order	03_1_3_intran_SV_order	fig:heatmap-3-intran-sv-order	1.3 Intransitive S--V order	36_svo_gn_ac_d_se	svo	gn	nom-acc	deranking	sent	svo	SV	AVP	100	1.0	0	0.0	4.062865285873413	bos_eos
seed_44	1_3_intran_SV_order	03_1_3_intran_SV_order	fig:heatmap-3-intran-sv-order	1.3 Intransitive S--V order	37_svo_gn_ac_d_pa	svo	gn	nom-acc	deranking	poss-acc	svo	SV	AVP	100	1.0	0	0.0	4.078418633937836	bos_eos
seed_44	1_3_intran_SV_order	03_1_3_intran_SV_order	fig:heatmap-3-intran-sv-order	1.3 Intransitive S--V order	38_svo_gn_ac_d_ep	svo	gn	nom-acc	deranking	erg-poss	sov	SV	PVA	100	1.0	0	0.0	4.220777044296264	bos_eos
seed_44	1_3_intran_SV_order	03_1_3_intran_SV_order	fig:heatmap-3-intran-sv-order	1.3 Intransitive S--V order	39_svo_gn_ac_d_no	svo	gn	nom-acc	deranking	nomn	svo	SV	AVP	100	1.0	0	0.0	4.161669192314148	bos_eos
seed_44	1_3_intran_SV_order	03_1_3_intran_SV_order	fig:heatmap-3-intran-sv-order	1.3 Intransitive S--V order	40_svo_gn_er_b_se	svo	gn	erg-abs	balancing	sent	svo	SV	AVP	100	1.0	0	0.0	3.7227661776542664	bos_eos
seed_44	1_3_intran_SV_order	03_1_3_intran_SV_order	fig:heatmap-3-intran-sv-order	1.3 Intransitive S--V order	41_svo_gn_er_b_pa	svo	gn	erg-abs	balancing	poss-acc	svo	SV	AVP	100	1.0	0	0.0	3.437050824165344	bos_eos
seed_44	1_3_intran_SV_order	03_1_3_intran_SV_order	fig:heatmap-3-intran-sv-order	1.3 Intransitive S--V order	42_svo_gn_er_b_ep	svo	gn	erg-abs	balancing	erg-poss	sov	SV	PVA	100	1.0	0	0.0	3.6843979930877686	bos_eos
seed_44	1_3_intran_SV_order	03_1_3_intran_SV_order	fig:heatmap-3-intran-sv-order	1.3 Intransitive S--V order	43_svo_gn_er_b_no	svo	gn	erg-abs	balancing	nomn	svo	SV	AVP	100	1.0	0	0.0	3.362344822883606	bos_eos
seed_44	1_3_intran_SV_order	03_1_3_intran_SV_order	fig:heatmap-3-intran-sv-order	1.3 Intransitive S--V order	44_svo_gn_er_d_se	svo	gn	erg-abs	deranking	sent	svo	SV	AVP	100	1.0	0	0.0	3.4707678079605104	bos_eos
seed_44	1_3_intran_SV_order	03_1_3_intran_SV_order	fig:heatmap-3-intran-sv-order	1.3 Intransitive S--V order	45_svo_gn_er_d_pa	svo	gn	erg-abs	deranking	poss-acc	svo	SV	AVP	100	0.99	0	0.0	3.1220624899864196	bos_eos
seed_44	1_3_intran_SV_order	03_1_3_intran_SV_order	fig:heatmap-3-intran-sv-order	1.3 Intransitive S--V order	46_svo_gn_er_d_ep	svo	gn	erg-abs	deranking	erg-poss	sov	SV	PVA	100	1.0	0	0.0	3.2716318488121034	bos_eos
seed_44	1_3_intran_SV_order	03_1_3_intran_SV_order	fig:heatmap-3-intran-sv-order	1.3 Intransitive S--V order	47_svo_gn_er_d_no	svo	gn	erg-abs	deranking	nomn	svo	SV	AVP	100	0.99	0	0.0	3.0378042578697206	bos_eos
seed_44	1_3_intran_SV_order	03_1_3_intran_SV_order	fig:heatmap-3-intran-sv-order	1.3 Intransitive S--V order	48_svo_ng_ac_b_se	svo	ng	nom-acc	balancing	sent	svo	SV	AVP	100	1.0	0	0.0	4.276097393035888	bos_eos
seed_44	1_3_intran_SV_order	03_1_3_intran_SV_order	fig:heatmap-3-intran-sv-order	1.3 Intransitive S--V order	49_svo_ng_ac_b_pa	svo	ng	nom-acc	balancing	poss-acc	vos	VS	VPA	100	1.0	0	0.0	4.350376663208007	bos_eos
seed_44	1_3_intran_SV_order	03_1_3_intran_SV_order	fig:heatmap-3-intran-sv-order	1.3 Intransitive S--V order	50_svo_ng_ac_b_ep	svo	ng	nom-acc	balancing	erg-poss	vos	VS	VPA	100	1.0	0	0.0	4.4488329553604125	bos_eos
seed_44	1_3_intran_SV_order	03_1_3_intran_SV_order	fig:heatmap-3-intran-sv-order	1.3 Intransitive S--V order	51_svo_ng_ac_b_no	svo	ng	nom-acc	balancing	nomn	vos	VS	VPA	100	1.0	0	0.0	4.314619646072388	bos_eos
seed_44	1_3_intran_SV_order	03_1_3_intran_SV_order	fig:heatmap-3-intran-sv-order	1.3 Intransitive S--V order	52_svo_ng_ac_d_se	svo	ng	nom-acc	deranking	sent	svo	SV	AVP	100	1.0	0	0.0	4.1648766231536865	bos_eos
seed_44	1_3_intran_SV_order	03_1_3_intran_SV_order	fig:heatmap-3-intran-sv-order	1.3 Intransitive S--V order	53_svo_ng_ac_d_pa	svo	ng	nom-acc	deranking	poss-acc	vos	VS	VPA	100	1.0	0	0.0	4.316734352111816	bos_eos
seed_44	1_3_intran_SV_order	03_1_3_intran_SV_order	fig:heatmap-3-intran-sv-order	1.3 Intransitive S--V order	54_svo_ng_ac_d_ep	svo	ng	nom-acc	deranking	erg-poss	vos	VS	VPA	100	1.0	0	0.0	4.040897903442382	bos_eos
seed_44	1_3_intran_SV_order	03_1_3_intran_SV_order	fig:heatmap-3-intran-sv-order	1.3 Intransitive S--V order	55_svo_ng_ac_d_no	svo	ng	nom-acc	deranking	nomn	vos	VS	VPA	100	1.0	0	0.0	4.056828484535218	bos_eos
seed_44	1_3_intran_SV_order	03_1_3_intran_SV_order	fig:heatmap-3-intran-sv-order	1.3 Intransitive S--V order	56_svo_ng_er_b_se	svo	ng	erg-abs	balancing	sent	svo	SV	AVP	100	1.0	0	0.0	3.364101288318634	bos_eos
seed_44	1_3_intran_SV_order	03_1_3_intran_SV_order	fig:heatmap-3-intran-sv-order	1.3 Intransitive S--V order	57_svo_ng_er_b_pa	svo	ng	erg-abs	balancing	poss-acc	vos	VS	VPA	100	1.0	0	0.0	3.733597733974457	bos_eos
seed_44	1_3_intran_SV_order	03_1_3_intran_SV_order	fig:heatmap-3-intran-sv-order	1.3 Intransitive S--V order	58_svo_ng_er_b_ep	svo	ng	erg-abs	balancing	erg-poss	vos	VS	VPA	100	1.0	0	0.0	3.606790471076965	bos_eos
seed_44	1_3_intran_SV_order	03_1_3_intran_SV_order	fig:heatmap-3-intran-sv-order	1.3 Intransitive S--V order	59_svo_ng_er_b_no	svo	ng	erg-abs	balancing	nomn	vos	VS	VPA	100	1.0	0	0.0	3.434732792377472	bos_eos
seed_44	1_3_intran_SV_order	03_1_3_intran_SV_order	fig:heatmap-3-intran-sv-order	1.3 Intransitive S--V order	60_svo_ng_er_d_se	svo	ng	erg-abs	deranking	sent	svo	SV	AVP	100	1.0	0	0.0	3.6437880611419677	bos_eos
seed_44	1_3_intran_SV_order	03_1_3_intran_SV_order	fig:heatmap-3-intran-sv-order	1.3 Intransitive S--V order	61_svo_ng_er_d_pa	svo	ng	erg-abs	deranking	poss-acc	vos	VS	VPA	100	1.0	0	0.0	3.3639097571372987	bos_eos
seed_44	1_3_intran_SV_order	03_1_3_intran_SV_order	fig:heatmap-3-intran-sv-order	1.3 Intransitive S--V order	62_svo_ng_er_d_ep	svo	ng	erg-abs	deranking	erg-poss	vos	VS	VPA	100	1.0	0	0.0	3.1721996378898623	bos_eos
seed_44	1_3_intran_SV_order	03_1_3_intran_SV_order	fig:heatmap-3-intran-sv-order	1.3 Intransitive S--V order	63_svo_ng_er_d_no	svo	ng	erg-abs	deranking	nomn	vos	VS	VPA	100	1.0	0	0.0	3.335880625247955	bos_eos
seed_44	1_3_intran_SV_order	03_1_3_intran_SV_order	fig:heatmap-3-intran-sv-order	1.3 Intransitive S--V order	64_vos_gn_ac_b_se	vos	gn	nom-acc	balancing	sent	vos	VS	VPA	100	1.0	0	0.0	5.033658204078674	bos_eos
seed_44	1_3_intran_SV_order	03_1_3_intran_SV_order	fig:heatmap-3-intran-sv-order	1.3 Intransitive S--V order	65_vos_gn_ac_b_pa	vos	gn	nom-acc	balancing	poss-acc	svo	SV	AVP	100	1.0	0	0.0	5.250082869529724	bos_eos
seed_44	1_3_intran_SV_order	03_1_3_intran_SV_order	fig:heatmap-3-intran-sv-order	1.3 Intransitive S--V order	66_vos_gn_ac_b_ep	vos	gn	nom-acc	balancing	erg-poss	sov	SV	PVA	100	1.0	0	0.0	5.363305747509003	bos_eos
seed_44	1_3_intran_SV_order	03_1_3_intran_SV_order	fig:heatmap-3-intran-sv-order	1.3 Intransitive S--V order	67_vos_gn_ac_b_no	vos	gn	nom-acc	balancing	nomn	svo	SV	AVP	100	1.0	0	0.0	5.071372265815735	bos_eos
seed_44	1_3_intran_SV_order	03_1_3_intran_SV_order	fig:heatmap-3-intran-sv-order	1.3 Intransitive S--V order	68_vos_gn_ac_d_se	vos	gn	nom-acc	deranking	sent	vos	VS	VPA	100	1.0	0	0.0	5.931230499744415	bos_eos
seed_44	1_3_intran_SV_order	03_1_3_intran_SV_order	fig:heatmap-3-intran-sv-order	1.3 Intransitive S--V order	69_vos_gn_ac_d_pa	vos	gn	nom-acc	deranking	poss-acc	svo	SV	AVP	100	1.0	0	0.0	5.87719179391861	bos_eos
seed_44	1_3_intran_SV_order	03_1_3_intran_SV_order	fig:heatmap-3-intran-sv-order	1.3 Intransitive S--V order	70_vos_gn_ac_d_ep	vos	gn	nom-acc	deranking	erg-poss	sov	SV	PVA	100	1.0	0	0.0	5.9240579867362975	bos_eos
seed_44	1_3_intran_SV_order	03_1_3_intran_SV_order	fig:heatmap-3-intran-sv-order	1.3 Intransitive S--V order	71_vos_gn_ac_d_no	vos	gn	nom-acc	deranking	nomn	svo	SV	AVP	100	1.0	0	0.0	6.08181003332138	bos_eos
seed_44	1_3_intran_SV_order	03_1_3_intran_SV_order	fig:heatmap-3-intran-sv-order	1.3 Intransitive S--V order	72_vos_gn_er_b_se	vos	gn	erg-abs	balancing	sent	vos	VS	VPA	100	1.0	0	0.0	5.377705488204956	bos_eos
seed_44	1_3_intran_SV_order	03_1_3_intran_SV_order	fig:heatmap-3-intran-sv-order	1.3 Intransitive S--V order	73_vos_gn_er_b_pa	vos	gn	erg-abs	balancing	poss-acc	svo	SV	AVP	100	1.0	0	0.0	5.287878906726837	bos_eos
seed_44	1_3_intran_SV_order	03_1_3_intran_SV_order	fig:heatmap-3-intran-sv-order	1.3 Intransitive S--V order	74_vos_gn_er_b_ep	vos	gn	erg-abs	balancing	erg-poss	sov	SV	PVA	100	1.0	0	0.0	5.313768339157105	bos_eos
seed_44	1_3_intran_SV_order	03_1_3_intran_SV_order	fig:heatmap-3-intran-sv-order	1.3 Intransitive S--V order	75_vos_gn_er_b_no	vos	gn	erg-abs	balancing	nomn	svo	SV	AVP	100	1.0	0	0.0	5.561149909496307	bos_eos
seed_44	1_3_intran_SV_order	03_1_3_intran_SV_order	fig:heatmap-3-intran-sv-order	1.3 Intransitive S--V order	76_vos_gn_er_d_se	vos	gn	erg-abs	deranking	sent	vos	VS	VPA	100	1.0	0	0.0	6.130353858470917	bos_eos
seed_44	1_3_intran_SV_order	03_1_3_intran_SV_order	fig:heatmap-3-intran-sv-order	1.3 Intransitive S--V order	77_vos_gn_er_d_pa	vos	gn	erg-abs	deranking	poss-acc	svo	SV	AVP	100	1.0	0	0.0	6.149406130313873	bos_eos
seed_44	1_3_intran_SV_order	03_1_3_intran_SV_order	fig:heatmap-3-intran-sv-order	1.3 Intransitive S--V order	78_vos_gn_er_d_ep	vos	gn	erg-abs	deranking	erg-poss	sov	SV	PVA	100	1.0	0	0.0	5.961482648849487	bos_eos
seed_44	1_3_intran_SV_order	03_1_3_intran_SV_order	fig:heatmap-3-intran-sv-order	1.3 Intransitive S--V order	79_vos_gn_er_d_no	vos	gn	erg-abs	deranking	nomn	svo	SV	AVP	100	1.0	0	0.0	6.113874099254608	bos_eos
seed_44	1_3_intran_SV_order	03_1_3_intran_SV_order	fig:heatmap-3-intran-sv-order	1.3 Intransitive S--V order	80_vos_ng_ac_b_se	vos	ng	nom-acc	balancing	sent	vos	VS	VPA	100	1.0	0	0.0	4.495114214420319	bos_eos
seed_44	1_3_intran_SV_order	03_1_3_intran_SV_order	fig:heatmap-3-intran-sv-order	1.3 Intransitive S--V order	81_vos_ng_ac_b_pa	vos	ng	nom-acc	balancing	poss-acc	vos	VS	VPA	100	1.0	0	0.0	4.387371723651886	bos_eos
seed_44	1_3_intran_SV_order	03_1_3_intran_SV_order	fig:heatmap-3-intran-sv-order	1.3 Intransitive S--V order	82_vos_ng_ac_b_ep	vos	ng	nom-acc	balancing	erg-poss	vos	VS	VPA	100	1.0	0	0.0	4.541070697307586	bos_eos
seed_44	1_3_intran_SV_order	03_1_3_intran_SV_order	fig:heatmap-3-intran-sv-order	1.3 Intransitive S--V order	83_vos_ng_ac_b_no	vos	ng	nom-acc	balancing	nomn	vos	VS	VPA	100	1.0	0	0.0	4.475661549568176	bos_eos
seed_44	1_3_intran_SV_order	03_1_3_intran_SV_order	fig:heatmap-3-intran-sv-order	1.3 Intransitive S--V order	84_vos_ng_ac_d_se	vos	ng	nom-acc	deranking	sent	vos	VS	VPA	100	1.0	0	0.0	5.041503074169159	bos_eos
seed_44	1_3_intran_SV_order	03_1_3_intran_SV_order	fig:heatmap-3-intran-sv-order	1.3 Intransitive S--V order	85_vos_ng_ac_d_pa	vos	ng	nom-acc	deranking	poss-acc	vos	VS	VPA	100	1.0	0	0.0	5.4277318620681765	bos_eos
seed_44	1_3_intran_SV_order	03_1_3_intran_SV_order	fig:heatmap-3-intran-sv-order	1.3 Intransitive S--V order	86_vos_ng_ac_d_ep	vos	ng	nom-acc	deranking	erg-poss	vos	VS	VPA	100	1.0	0	0.0	4.990528175830841	bos_eos
seed_44	1_3_intran_SV_order	03_1_3_intran_SV_order	fig:heatmap-3-intran-sv-order	1.3 Intransitive S--V order	87_vos_ng_ac_d_no	vos	ng	nom-acc	deranking	nomn	vos	VS	VPA	100	1.0	0	0.0	5.243747217655182	bos_eos
seed_44	1_3_intran_SV_order	03_1_3_intran_SV_order	fig:heatmap-3-intran-sv-order	1.3 Intransitive S--V order	88_vos_ng_er_b_se	vos	ng	erg-abs	balancing	sent	vos	VS	VPA	100	1.0	0	0.0	4.835158891677857	bos_eos
seed_44	1_3_intran_SV_order	03_1_3_intran_SV_order	fig:heatmap-3-intran-sv-order	1.3 Intransitive S--V order	89_vos_ng_er_b_pa	vos	ng	erg-abs	balancing	poss-acc	vos	VS	VPA	100	1.0	0	0.0	5.061394925117493	bos_eos
seed_44	1_3_intran_SV_order	03_1_3_intran_SV_order	fig:heatmap-3-intran-sv-order	1.3 Intransitive S--V order	90_vos_ng_er_b_ep	vos	ng	erg-abs	balancing	erg-poss	vos	VS	VPA	100	1.0	0	0.0	4.946942629814148	bos_eos
seed_44	1_3_intran_SV_order	03_1_3_intran_SV_order	fig:heatmap-3-intran-sv-order	1.3 Intransitive S--V order	91_vos_ng_er_b_no	vos	ng	erg-abs	balancing	nomn	vos	VS	VPA	100	1.0	0	0.0	5.037643272876739	bos_eos
seed_44	1_3_intran_SV_order	03_1_3_intran_SV_order	fig:heatmap-3-intran-sv-order	1.3 Intransitive S--V order	92_vos_ng_er_d_se	vos	ng	erg-abs	deranking	sent	vos	VS	VPA	100	1.0	0	0.0	5.607763907909393	bos_eos
seed_44	1_3_intran_SV_order	03_1_3_intran_SV_order	fig:heatmap-3-intran-sv-order	1.3 Intransitive S--V order	93_vos_ng_er_d_pa	vos	ng	erg-abs	deranking	poss-acc	vos	VS	VPA	100	1.0	0	0.0	5.883157603740692	bos_eos
seed_44	1_3_intran_SV_order	03_1_3_intran_SV_order	fig:heatmap-3-intran-sv-order	1.3 Intransitive S--V order	94_vos_ng_er_d_ep	vos	ng	erg-abs	deranking	erg-poss	vos	VS	VPA	100	1.0	0	0.0	5.711648709774018	bos_eos
seed_44	1_3_intran_SV_order	03_1_3_intran_SV_order	fig:heatmap-3-intran-sv-order	1.3 Intransitive S--V order	95_vos_ng_er_d_no	vos	ng	erg-abs	deranking	nomn	vos	VS	VPA	100	1.0	0	0.0	5.747160084247589	bos_eos
seed_44	1_4_tran_V_form	04_1_4_tran_V_form	fig:heatmap-4-tran-v-form	1.4 Transitive finite verb form	00_sov_gn_ac_b_se	sov	gn	nom-acc	balancing	sent	sov	SV	APV	100	1.0	0	0.0	1.852718071937561	bos_eos
seed_44	1_4_tran_V_form	04_1_4_tran_V_form	fig:heatmap-4-tran-v-form	1.4 Transitive finite verb form	01_sov_gn_ac_b_pa	sov	gn	nom-acc	balancing	poss-acc	sov	SV	APV	100	1.0	0	0.0	1.7596840596199035	bos_eos
seed_44	1_4_tran_V_form	04_1_4_tran_V_form	fig:heatmap-4-tran-v-form	1.4 Transitive finite verb form	02_sov_gn_ac_b_ep	sov	gn	nom-acc	balancing	erg-poss	sov	SV	APV	100	1.0	0	0.0	1.9799314546585083	bos_eos
seed_44	1_4_tran_V_form	04_1_4_tran_V_form	fig:heatmap-4-tran-v-form	1.4 Transitive finite verb form	03_sov_gn_ac_b_no	sov	gn	nom-acc	balancing	nomn	sov	SV	APV	100	1.0	0	0.0	2.094362425804138	bos_eos
seed_44	1_4_tran_V_form	04_1_4_tran_V_form	fig:heatmap-4-tran-v-form	1.4 Transitive finite verb form	04_sov_gn_ac_d_se	sov	gn	nom-acc	deranking	sent	sov	SV	APV	100	1.0	0	0.0	1.4555754446983338	bos_eos
seed_44	1_4_tran_V_form	04_1_4_tran_V_form	fig:heatmap-4-tran-v-form	1.4 Transitive finite verb form	05_sov_gn_ac_d_pa	sov	gn	nom-acc	deranking	poss-acc	sov	SV	APV	100	1.0	0	0.0	1.4941174030303954	bos_eos
seed_44	1_4_tran_V_form	04_1_4_tran_V_form	fig:heatmap-4-tran-v-form	1.4 Transitive finite verb form	06_sov_gn_ac_d_ep	sov	gn	nom-acc	deranking	erg-poss	sov	SV	APV	100	1.0	0	0.0	1.63472904920578	bos_eos
seed_44	1_4_tran_V_form	04_1_4_tran_V_form	fig:heatmap-4-tran-v-form	1.4 Transitive finite verb form	07_sov_gn_ac_d_no	sov	gn	nom-acc	deranking	nomn	sov	SV	APV	100	1.0	0	0.0	1.6526017236709594	bos_eos
seed_44	1_4_tran_V_form	04_1_4_tran_V_form	fig:heatmap-4-tran-v-form	1.4 Transitive finite verb form	08_sov_gn_er_b_se	sov	gn	erg-abs	balancing	sent	sov	SV	APV	100	1.0	0	0.0	1.8596801304817199	bos_eos
seed_44	1_4_tran_V_form	04_1_4_tran_V_form	fig:heatmap-4-tran-v-form	1.4 Transitive finite verb form	09_sov_gn_er_b_pa	sov	gn	erg-abs	balancing	poss-acc	sov	SV	APV	100	1.0	0	0.0	1.9874388670921326	bos_eos
seed_44	1_4_tran_V_form	04_1_4_tran_V_form	fig:heatmap-4-tran-v-form	1.4 Transitive finite verb form	10_sov_gn_er_b_ep	sov	gn	erg-abs	balancing	erg-poss	sov	SV	APV	100	1.0	0	0.0	2.1034857654571533	bos_eos
seed_44	1_4_tran_V_form	04_1_4_tran_V_form	fig:heatmap-4-tran-v-form	1.4 Transitive finite verb form	11_sov_gn_er_b_no	sov	gn	erg-abs	balancing	nomn	sov	SV	APV	100	1.0	0	0.0	2.0546394324302675	bos_eos
seed_44	1_4_tran_V_form	04_1_4_tran_V_form	fig:heatmap-4-tran-v-form	1.4 Transitive finite verb form	12_sov_gn_er_d_se	sov	gn	erg-abs	deranking	sent	sov	SV	APV	100	1.0	0	0.0	1.6296186685562133	bos_eos
seed_44	1_4_tran_V_form	04_1_4_tran_V_form	fig:heatmap-4-tran-v-form	1.4 Transitive finite verb form	13_sov_gn_er_d_pa	sov	gn	erg-abs	deranking	poss-acc	sov	SV	APV	100	1.0	0	0.0	1.4824066638946534	bos_eos
seed_44	1_4_tran_V_form	04_1_4_tran_V_form	fig:heatmap-4-tran-v-form	1.4 Transitive finite verb form	14_sov_gn_er_d_ep	sov	gn	erg-abs	deranking	erg-poss	sov	SV	APV	100	1.0	0	0.0	1.4590476059913635	bos_eos
seed_44	1_4_tran_V_form	04_1_4_tran_V_form	fig:heatmap-4-tran-v-form	1.4 Transitive finite verb form	15_sov_gn_er_d_no	sov	gn	erg-abs	deranking	nomn	sov	SV	APV	100	1.0	0	0.0	1.5218907403945923	bos_eos
seed_44	1_4_tran_V_form	04_1_4_tran_V_form	fig:heatmap-4-tran-v-form	1.4 Transitive finite verb form	16_sov_ng_ac_b_se	sov	ng	nom-acc	balancing	sent	sov	SV	APV	100	1.0	0	0.0	1.812733256816864	bos_eos
seed_44	1_4_tran_V_form	04_1_4_tran_V_form	fig:heatmap-4-tran-v-form	1.4 Transitive finite verb form	17_sov_ng_ac_b_pa	sov	ng	nom-acc	balancing	poss-acc	ovs	VS	PVA	100	1.0	0	0.0	1.890270140171051	bos_eos
seed_44	1_4_tran_V_form	04_1_4_tran_V_form	fig:heatmap-4-tran-v-form	1.4 Transitive finite verb form	18_sov_ng_ac_b_ep	sov	ng	nom-acc	balancing	erg-poss	vos	VS	AVP	100	1.0	0	0.0	1.950139615535736	bos_eos
seed_44	1_4_tran_V_form	04_1_4_tran_V_form	fig:heatmap-4-tran-v-form	1.4 Transitive finite verb form	19_sov_ng_ac_b_no	sov	ng	nom-acc	balancing	nomn	ovs	VS	PVA	100	1.0	0	0.0	2.127911403179169	bos_eos
seed_44	1_4_tran_V_form	04_1_4_tran_V_form	fig:heatmap-4-tran-v-form	1.4 Transitive finite verb form	20_sov_ng_ac_d_se	sov	ng	nom-acc	deranking	sent	sov	SV	APV	100	1.0	0	0.0	1.6178917360305787	bos_eos
seed_44	1_4_tran_V_form	04_1_4_tran_V_form	fig:heatmap-4-tran-v-form	1.4 Transitive finite verb form	21_sov_ng_ac_d_pa	sov	ng	nom-acc	deranking	poss-acc	ovs	VS	PVA	100	1.0	0	0.0	1.5090189790725708	bos_eos
seed_44	1_4_tran_V_form	04_1_4_tran_V_form	fig:heatmap-4-tran-v-form	1.4 Transitive finite verb form	22_sov_ng_ac_d_ep	sov	ng	nom-acc	deranking	erg-poss	vos	VS	AVP	100	1.0	0	0.0	1.7403518438339234	bos_eos
seed_44	1_4_tran_V_form	04_1_4_tran_V_form	fig:heatmap-4-tran-v-form	1.4 Transitive finite verb form	23_sov_ng_ac_d_no	sov	ng	nom-acc	deranking	nomn	ovs	VS	PVA	100	1.0	0	0.0	1.6113515067100526	bos_eos
seed_44	1_4_tran_V_form	04_1_4_tran_V_form	fig:heatmap-4-tran-v-form	1.4 Transitive finite verb form	24_sov_ng_er_b_se	sov	ng	erg-abs	balancing	sent	sov	SV	APV	100	1.0	0	0.0	1.7708002781867982	bos_eos
seed_44	1_4_tran_V_form	04_1_4_tran_V_form	fig:heatmap-4-tran-v-form	1.4 Transitive finite verb form	25_sov_ng_er_b_pa	sov	ng	erg-abs	balancing	poss-acc	ovs	VS	PVA	100	1.0	0	0.0	1.7569771194458008	bos_eos
seed_44	1_4_tran_V_form	04_1_4_tran_V_form	fig:heatmap-4-tran-v-form	1.4 Transitive finite verb form	26_sov_ng_er_b_ep	sov	ng	erg-abs	balancing	erg-poss	vos	VS	AVP	100	1.0	0	0.0	2.0396125960350036	bos_eos
seed_44	1_4_tran_V_form	04_1_4_tran_V_form	fig:heatmap-4-tran-v-form	1.4 Transitive finite verb form	27_sov_ng_er_b_no	sov	ng	erg-abs	balancing	nomn	ovs	VS	PVA	100	1.0	0	0.0	1.8154037857055665	bos_eos
seed_44	1_4_tran_V_form	04_1_4_tran_V_form	fig:heatmap-4-tran-v-form	1.4 Transitive finite verb form	28_sov_ng_er_d_se	sov	ng	erg-abs	deranking	sent	sov	SV	APV	100	1.0	0	0.0	1.584168448448181	bos_eos
seed_44	1_4_tran_V_form	04_1_4_tran_V_form	fig:heatmap-4-tran-v-form	1.4 Transitive finite verb form	29_sov_ng_er_d_pa	sov	ng	erg-abs	deranking	poss-acc	ovs	VS	PVA	100	1.0	0	0.0	1.5381403517723085	bos_eos
seed_44	1_4_tran_V_form	04_1_4_tran_V_form	fig:heatmap-4-tran-v-form	1.4 Transitive finite verb form	30_sov_ng_er_d_ep	sov	ng	erg-abs	deranking	erg-poss	vos	VS	AVP	100	1.0	0	0.0	1.5395459866523742	bos_eos
seed_44	1_4_tran_V_form	04_1_4_tran_V_form	fig:heatmap-4-tran-v-form	1.4 Transitive finite verb form	31_sov_ng_er_d_no	sov	ng	erg-abs	deranking	nomn	ovs	VS	PVA	100	1.0	0	0.0	1.654877643585205	bos_eos
seed_44	1_4_tran_V_form	04_1_4_tran_V_form	fig:heatmap-4-tran-v-form	1.4 Transitive finite verb form	32_svo_gn_ac_b_se	svo	gn	nom-acc	balancing	sent	svo	SV	AVP	100	1.0	0	0.0	2.157094187736511	bos_eos
seed_44	1_4_tran_V_form	04_1_4_tran_V_form	fig:heatmap-4-tran-v-form	1.4 Transitive finite verb form	33_svo_gn_ac_b_pa	svo	gn	nom-acc	balancing	poss-acc	svo	SV	AVP	100	1.0	0	0.0	2.4133358097076414	bos_eos
seed_44	1_4_tran_V_form	04_1_4_tran_V_form	fig:heatmap-4-tran-v-form	1.4 Transitive finite verb form	34_svo_gn_ac_b_ep	svo	gn	nom-acc	balancing	erg-poss	sov	SV	PVA	100	1.0	0	0.0	2.6514173984527587	bos_eos
seed_44	1_4_tran_V_form	04_1_4_tran_V_form	fig:heatmap-4-tran-v-form	1.4 Transitive finite verb form	35_svo_gn_ac_b_no	svo	gn	nom-acc	balancing	nomn	svo	SV	AVP	100	1.0	0	0.0	2.2337526798248293	bos_eos
seed_44	1_4_tran_V_form	04_1_4_tran_V_form	fig:heatmap-4-tran-v-form	1.4 Transitive finite verb form	36_svo_gn_ac_d_se	svo	gn	nom-acc	deranking	sent	svo	SV	AVP	100	0.98	0	0.0	0.810178632736206	bos_eos
seed_44	1_4_tran_V_form	04_1_4_tran_V_form	fig:heatmap-4-tran-v-form	1.4 Transitive finite verb form	37_svo_gn_ac_d_pa	svo	gn	nom-acc	deranking	poss-acc	svo	SV	AVP	100	0.99	0	0.0	0.8301351380348205	bos_eos
seed_44	1_4_tran_V_form	04_1_4_tran_V_form	fig:heatmap-4-tran-v-form	1.4 Transitive finite verb form	38_svo_gn_ac_d_ep	svo	gn	nom-acc	deranking	erg-poss	sov	SV	PVA	100	1.0	0	0.0	0.9076916027069092	bos_eos
seed_44	1_4_tran_V_form	04_1_4_tran_V_form	fig:heatmap-4-tran-v-form	1.4 Transitive finite verb form	39_svo_gn_ac_d_no	svo	gn	nom-acc	deranking	nomn	svo	SV	AVP	100	1.0	0	0.0	0.8538141345977783	bos_eos
seed_44	1_4_tran_V_form	04_1_4_tran_V_form	fig:heatmap-4-tran-v-form	1.4 Transitive finite verb form	40_svo_gn_er_b_se	svo	gn	erg-abs	balancing	sent	svo	SV	AVP	100	1.0	0	0.0	1.7035152554512023	bos_eos
seed_44	1_4_tran_V_form	04_1_4_tran_V_form	fig:heatmap-4-tran-v-form	1.4 Transitive finite verb form	41_svo_gn_er_b_pa	svo	gn	erg-abs	balancing	poss-acc	svo	SV	AVP	100	1.0	0	0.0	1.7691833877563476	bos_eos
seed_44	1_4_tran_V_form	04_1_4_tran_V_form	fig:heatmap-4-tran-v-form	1.4 Transitive finite verb form	42_svo_gn_er_b_ep	svo	gn	erg-abs	balancing	erg-poss	sov	SV	PVA	100	1.0	0	0.0	2.3486531162261963	bos_eos
seed_44	1_4_tran_V_form	04_1_4_tran_V_form	fig:heatmap-4-tran-v-form	1.4 Transitive finite verb form	43_svo_gn_er_b_no	svo	gn	erg-abs	balancing	nomn	svo	SV	AVP	100	1.0	0	0.0	2.108871283531189	bos_eos
seed_44	1_4_tran_V_form	04_1_4_tran_V_form	fig:heatmap-4-tran-v-form	1.4 Transitive finite verb form	44_svo_gn_er_d_se	svo	gn	erg-abs	deranking	sent	svo	SV	AVP	100	0.98	0	0.0	0.7503303241729736	bos_eos
seed_44	1_4_tran_V_form	04_1_4_tran_V_form	fig:heatmap-4-tran-v-form	1.4 Transitive finite verb form	45_svo_gn_er_d_pa	svo	gn	erg-abs	deranking	poss-acc	svo	SV	AVP	100	0.99	0	0.0	0.6978389978408813	bos_eos
seed_44	1_4_tran_V_form	04_1_4_tran_V_form	fig:heatmap-4-tran-v-form	1.4 Transitive finite verb form	46_svo_gn_er_d_ep	svo	gn	erg-abs	deranking	erg-poss	sov	SV	PVA	100	1.0	0	0.0	0.7426858234405518	bos_eos
seed_44	1_4_tran_V_form	04_1_4_tran_V_form	fig:heatmap-4-tran-v-form	1.4 Transitive finite verb form	47_svo_gn_er_d_no	svo	gn	erg-abs	deranking	nomn	svo	SV	AVP	100	0.99	0	0.0	0.7479432940483093	bos_eos
seed_44	1_4_tran_V_form	04_1_4_tran_V_form	fig:heatmap-4-tran-v-form	1.4 Transitive finite verb form	48_svo_ng_ac_b_se	svo	ng	nom-acc	balancing	sent	svo	SV	AVP	100	1.0	0	0.0	2.0577366757392883	bos_eos
seed_44	1_4_tran_V_form	04_1_4_tran_V_form	fig:heatmap-4-tran-v-form	1.4 Transitive finite verb form	49_svo_ng_ac_b_pa	svo	ng	nom-acc	balancing	poss-acc	vos	VS	VPA	100	1.0	0	0.0	2.4925376629829405	bos_eos
seed_44	1_4_tran_V_form	04_1_4_tran_V_form	fig:heatmap-4-tran-v-form	1.4 Transitive finite verb form	50_svo_ng_ac_b_ep	svo	ng	nom-acc	balancing	erg-poss	vos	VS	VPA	100	1.0	0	0.0	2.557748773097992	bos_eos
seed_44	1_4_tran_V_form	04_1_4_tran_V_form	fig:heatmap-4-tran-v-form	1.4 Transitive finite verb form	51_svo_ng_ac_b_no	svo	ng	nom-acc	balancing	nomn	vos	VS	VPA	100	1.0	0	0.0	2.6862774682044983	bos_eos
seed_44	1_4_tran_V_form	04_1_4_tran_V_form	fig:heatmap-4-tran-v-form	1.4 Transitive finite verb form	52_svo_ng_ac_d_se	svo	ng	nom-acc	deranking	sent	svo	SV	AVP	100	0.96	0	0.0	0.8470069289207458	bos_eos
seed_44	1_4_tran_V_form	04_1_4_tran_V_form	fig:heatmap-4-tran-v-form	1.4 Transitive finite verb form	53_svo_ng_ac_d_pa	svo	ng	nom-acc	deranking	poss-acc	vos	VS	VPA	100	1.0	0	0.0	0.8276797676086426	bos_eos
seed_44	1_4_tran_V_form	04_1_4_tran_V_form	fig:heatmap-4-tran-v-form	1.4 Transitive finite verb form	54_svo_ng_ac_d_ep	svo	ng	nom-acc	deranking	erg-poss	vos	VS	VPA	100	1.0	0	0.0	0.8091443300247192	bos_eos
seed_44	1_4_tran_V_form	04_1_4_tran_V_form	fig:heatmap-4-tran-v-form	1.4 Transitive finite verb form	55_svo_ng_ac_d_no	svo	ng	nom-acc	deranking	nomn	vos	VS	VPA	100	1.0	0	0.0	0.8570224070549011	bos_eos
seed_44	1_4_tran_V_form	04_1_4_tran_V_form	fig:heatmap-4-tran-v-form	1.4 Transitive finite verb form	56_svo_ng_er_b_se	svo	ng	erg-abs	balancing	sent	svo	SV	AVP	100	1.0	0	0.0	1.759739511013031	bos_eos
seed_44	1_4_tran_V_form	04_1_4_tran_V_form	fig:heatmap-4-tran-v-form	1.4 Transitive finite verb form	57_svo_ng_er_b_pa	svo	ng	erg-abs	balancing	poss-acc	vos	VS	VPA	100	1.0	0	0.0	1.7771859979629516	bos_eos
seed_44	1_4_tran_V_form	04_1_4_tran_V_form	fig:heatmap-4-tran-v-form	1.4 Transitive finite verb form	58_svo_ng_er_b_ep	svo	ng	erg-abs	balancing	erg-poss	vos	VS	VPA	100	1.0	0	0.0	2.3440431928634644	bos_eos
seed_44	1_4_tran_V_form	04_1_4_tran_V_form	fig:heatmap-4-tran-v-form	1.4 Transitive finite verb form	59_svo_ng_er_b_no	svo	ng	erg-abs	balancing	nomn	vos	VS	VPA	100	1.0	0	0.0	2.1533935713768004	bos_eos
seed_44	1_4_tran_V_form	04_1_4_tran_V_form	fig:heatmap-4-tran-v-form	1.4 Transitive finite verb form	60_svo_ng_er_d_se	svo	ng	erg-abs	deranking	sent	svo	SV	AVP	100	1.0	0	0.0	0.7068069624900818	bos_eos
seed_44	1_4_tran_V_form	04_1_4_tran_V_form	fig:heatmap-4-tran-v-form	1.4 Transitive finite verb form	61_svo_ng_er_d_pa	svo	ng	erg-abs	deranking	poss-acc	vos	VS	VPA	100	0.98	0	0.0	0.7414290571212768	bos_eos
seed_44	1_4_tran_V_form	04_1_4_tran_V_form	fig:heatmap-4-tran-v-form	1.4 Transitive finite verb form	62_svo_ng_er_d_ep	svo	ng	erg-abs	deranking	erg-poss	vos	VS	VPA	100	0.95	0	0.0	0.6465976738929748	bos_eos
seed_44	1_4_tran_V_form	04_1_4_tran_V_form	fig:heatmap-4-tran-v-form	1.4 Transitive finite verb form	63_svo_ng_er_d_no	svo	ng	erg-abs	deranking	nomn	vos	VS	VPA	100	0.99	0	0.0	0.7188804459571838	bos_eos
seed_44	1_4_tran_V_form	04_1_4_tran_V_form	fig:heatmap-4-tran-v-form	1.4 Transitive finite verb form	64_vos_gn_ac_b_se	vos	gn	nom-acc	balancing	sent	vos	VS	VPA	100	1.0	0	0.0	2.0213233494758605	bos_eos
seed_44	1_4_tran_V_form	04_1_4_tran_V_form	fig:heatmap-4-tran-v-form	1.4 Transitive finite verb form	65_vos_gn_ac_b_pa	vos	gn	nom-acc	balancing	poss-acc	svo	SV	AVP	100	1.0	0	0.0	2.239058964252472	bos_eos
seed_44	1_4_tran_V_form	04_1_4_tran_V_form	fig:heatmap-4-tran-v-form	1.4 Transitive finite verb form	66_vos_gn_ac_b_ep	vos	gn	nom-acc	balancing	erg-poss	sov	SV	PVA	100	1.0	0	0.0	2.405102310180664	bos_eos
seed_44	1_4_tran_V_form	04_1_4_tran_V_form	fig:heatmap-4-tran-v-form	1.4 Transitive finite verb form	67_vos_gn_ac_b_no	vos	gn	nom-acc	balancing	nomn	svo	SV	AVP	100	1.0	0	0.0	2.2421126174926758	bos_eos
seed_44	1_4_tran_V_form	04_1_4_tran_V_form	fig:heatmap-4-tran-v-form	1.4 Transitive finite verb form	68_vos_gn_ac_d_se	vos	gn	nom-acc	deranking	sent	vos	VS	VPA	100	1.0	0	0.0	1.9855287790298461	bos_eos
seed_44	1_4_tran_V_form	04_1_4_tran_V_form	fig:heatmap-4-tran-v-form	1.4 Transitive finite verb form	69_vos_gn_ac_d_pa	vos	gn	nom-acc	deranking	poss-acc	svo	SV	AVP	100	1.0	0	0.0	2.0494022440910338	bos_eos
seed_44	1_4_tran_V_form	04_1_4_tran_V_form	fig:heatmap-4-tran-v-form	1.4 Transitive finite verb form	70_vos_gn_ac_d_ep	vos	gn	nom-acc	deranking	erg-poss	sov	SV	PVA	100	1.0	0	0.0	2.1347802567481993	bos_eos
seed_44	1_4_tran_V_form	04_1_4_tran_V_form	fig:heatmap-4-tran-v-form	1.4 Transitive finite verb form	71_vos_gn_ac_d_no	vos	gn	nom-acc	deranking	nomn	svo	SV	AVP	100	1.0	0	0.0	1.8873855423927308	bos_eos
seed_44	1_4_tran_V_form	04_1_4_tran_V_form	fig:heatmap-4-tran-v-form	1.4 Transitive finite verb form	72_vos_gn_er_b_se	vos	gn	erg-abs	balancing	sent	vos	VS	VPA	100	1.0	0	0.0	2.0732492876052855	bos_eos
seed_44	1_4_tran_V_form	04_1_4_tran_V_form	fig:heatmap-4-tran-v-form	1.4 Transitive finite verb form	73_vos_gn_er_b_pa	vos	gn	erg-abs	balancing	poss-acc	svo	SV	AVP	100	1.0	0	0.0	2.065284991264343	bos_eos
seed_44	1_4_tran_V_form	04_1_4_tran_V_form	fig:heatmap-4-tran-v-form	1.4 Transitive finite verb form	74_vos_gn_er_b_ep	vos	gn	erg-abs	balancing	erg-poss	sov	SV	PVA	100	1.0	0	0.0	2.23554984331131	bos_eos
seed_44	1_4_tran_V_form	04_1_4_tran_V_form	fig:heatmap-4-tran-v-form	1.4 Transitive finite verb form	75_vos_gn_er_b_no	vos	gn	erg-abs	balancing	nomn	svo	SV	AVP	100	1.0	0	0.0	2.4235023856163025	bos_eos
seed_44	1_4_tran_V_form	04_1_4_tran_V_form	fig:heatmap-4-tran-v-form	1.4 Transitive finite verb form	76_vos_gn_er_d_se	vos	gn	erg-abs	deranking	sent	vos	VS	VPA	100	1.0	0	0.0	1.9282360124588012	bos_eos
seed_44	1_4_tran_V_form	04_1_4_tran_V_form	fig:heatmap-4-tran-v-form	1.4 Transitive finite verb form	77_vos_gn_er_d_pa	vos	gn	erg-abs	deranking	poss-acc	svo	SV	AVP	100	1.0	0	0.0	2.019670946598053	bos_eos
seed_44	1_4_tran_V_form	04_1_4_tran_V_form	fig:heatmap-4-tran-v-form	1.4 Transitive finite verb form	78_vos_gn_er_d_ep	vos	gn	erg-abs	deranking	erg-poss	sov	SV	PVA	100	1.0	0	0.0	1.9701289916038514	bos_eos
seed_44	1_4_tran_V_form	04_1_4_tran_V_form	fig:heatmap-4-tran-v-form	1.4 Transitive finite verb form	79_vos_gn_er_d_no	vos	gn	erg-abs	deranking	nomn	svo	SV	AVP	100	1.0	0	0.0	1.9505493831634522	bos_eos
seed_44	1_4_tran_V_form	04_1_4_tran_V_form	fig:heatmap-4-tran-v-form	1.4 Transitive finite verb form	80_vos_ng_ac_b_se	vos	ng	nom-acc	balancing	sent	vos	VS	VPA	100	1.0	0	0.0	2.3424997448921205	bos_eos
seed_44	1_4_tran_V_form	04_1_4_tran_V_form	fig:heatmap-4-tran-v-form	1.4 Transitive finite verb form	81_vos_ng_ac_b_pa	vos	ng	nom-acc	balancing	poss-acc	vos	VS	VPA	100	1.0	0	0.0	2.322456657886505	bos_eos
seed_44	1_4_tran_V_form	04_1_4_tran_V_form	fig:heatmap-4-tran-v-form	1.4 Transitive finite verb form	82_vos_ng_ac_b_ep	vos	ng	nom-acc	balancing	erg-poss	vos	VS	VPA	100	1.0	0	0.0	2.351281180381775	bos_eos
seed_44	1_4_tran_V_form	04_1_4_tran_V_form	fig:heatmap-4-tran-v-form	1.4 Transitive finite verb form	83_vos_ng_ac_b_no	vos	ng	nom-acc	balancing	nomn	vos	VS	VPA	100	1.0	0	0.0	2.5070278429985047	bos_eos
seed_44	1_4_tran_V_form	04_1_4_tran_V_form	fig:heatmap-4-tran-v-form	1.4 Transitive finite verb form	84_vos_ng_ac_d_se	vos	ng	nom-acc	deranking	sent	vos	VS	VPA	100	1.0	0	0.0	2.033065059185028	bos_eos
seed_44	1_4_tran_V_form	04_1_4_tran_V_form	fig:heatmap-4-tran-v-form	1.4 Transitive finite verb form	85_vos_ng_ac_d_pa	vos	ng	nom-acc	deranking	poss-acc	vos	VS	VPA	100	1.0	0	0.0	2.0860654664039613	bos_eos
seed_44	1_4_tran_V_form	04_1_4_tran_V_form	fig:heatmap-4-tran-v-form	1.4 Transitive finite verb form	86_vos_ng_ac_d_ep	vos	ng	nom-acc	deranking	erg-poss	vos	VS	VPA	100	1.0	0	0.0	1.9498955965042115	bos_eos
seed_44	1_4_tran_V_form	04_1_4_tran_V_form	fig:heatmap-4-tran-v-form	1.4 Transitive finite verb form	87_vos_ng_ac_d_no	vos	ng	nom-acc	deranking	nomn	vos	VS	VPA	100	1.0	0	0.0	1.9206403875350953	bos_eos
seed_44	1_4_tran_V_form	04_1_4_tran_V_form	fig:heatmap-4-tran-v-form	1.4 Transitive finite verb form	88_vos_ng_er_b_se	vos	ng	erg-abs	balancing	sent	vos	VS	VPA	100	1.0	0	0.0	2.181876335144043	bos_eos
seed_44	1_4_tran_V_form	04_1_4_tran_V_form	fig:heatmap-4-tran-v-form	1.4 Transitive finite verb form	89_vos_ng_er_b_pa	vos	ng	erg-abs	balancing	poss-acc	vos	VS	VPA	100	1.0	0	0.0	2.325458078384399	bos_eos
seed_44	1_4_tran_V_form	04_1_4_tran_V_form	fig:heatmap-4-tran-v-form	1.4 Transitive finite verb form	90_vos_ng_er_b_ep	vos	ng	erg-abs	balancing	erg-poss	vos	VS	VPA	100	1.0	0	0.0	2.4303469896316527	bos_eos
seed_44	1_4_tran_V_form	04_1_4_tran_V_form	fig:heatmap-4-tran-v-form	1.4 Transitive finite verb form	91_vos_ng_er_b_no	vos	ng	erg-abs	balancing	nomn	vos	VS	VPA	100	1.0	0	0.0	2.3287383317947388	bos_eos
seed_44	1_4_tran_V_form	04_1_4_tran_V_form	fig:heatmap-4-tran-v-form	1.4 Transitive finite verb form	92_vos_ng_er_d_se	vos	ng	erg-abs	deranking	sent	vos	VS	VPA	100	1.0	0	0.0	1.8621111297607422	bos_eos
seed_44	1_4_tran_V_form	04_1_4_tran_V_form	fig:heatmap-4-tran-v-form	1.4 Transitive finite verb form	93_vos_ng_er_d_pa	vos	ng	erg-abs	deranking	poss-acc	vos	VS	VPA	100	1.0	0	0.0	1.948223624229431	bos_eos
seed_44	1_4_tran_V_form	04_1_4_tran_V_form	fig:heatmap-4-tran-v-form	1.4 Transitive finite verb form	94_vos_ng_er_d_ep	vos	ng	erg-abs	deranking	erg-poss	vos	VS	VPA	100	1.0	0	0.0	1.8848986649513244	bos_eos
seed_44	1_4_tran_V_form	04_1_4_tran_V_form	fig:heatmap-4-tran-v-form	1.4 Transitive finite verb form	95_vos_ng_er_d_no	vos	ng	erg-abs	deranking	nomn	vos	VS	VPA	100	1.0	0	0.0	1.9222970819473266	bos_eos
seed_44	1_5_tran_A_marker	05_1_5_tran_A_marker	fig:heatmap-5-tran-a-marker	1.5 Transitive A marker	00_sov_gn_ac_b_se	sov	gn	nom-acc	balancing	sent	sov	SV	APV	100	0.77	0	0.0	0.40511985540390016	bos_eos
seed_44	1_5_tran_A_marker	05_1_5_tran_A_marker	fig:heatmap-5-tran-a-marker	1.5 Transitive A marker	01_sov_gn_ac_b_pa	sov	gn	nom-acc	balancing	poss-acc	sov	SV	APV	100	0.81	0	0.0	0.4584837031364441	bos_eos
seed_44	1_5_tran_A_marker	05_1_5_tran_A_marker	fig:heatmap-5-tran-a-marker	1.5 Transitive A marker	02_sov_gn_ac_b_ep	sov	gn	nom-acc	balancing	erg-poss	sov	SV	APV	100	0.82	0	0.0	0.49094839096069337	bos_eos
seed_44	1_5_tran_A_marker	05_1_5_tran_A_marker	fig:heatmap-5-tran-a-marker	1.5 Transitive A marker	03_sov_gn_ac_b_no	sov	gn	nom-acc	balancing	nomn	sov	SV	APV	100	0.87	0	0.0	0.6719564056396484	bos_eos
seed_44	1_5_tran_A_marker	05_1_5_tran_A_marker	fig:heatmap-5-tran-a-marker	1.5 Transitive A marker	04_sov_gn_ac_d_se	sov	gn	nom-acc	deranking	sent	sov	SV	APV	100	0.79	0	0.0	0.439480664730072	bos_eos
seed_44	1_5_tran_A_marker	05_1_5_tran_A_marker	fig:heatmap-5-tran-a-marker	1.5 Transitive A marker	05_sov_gn_ac_d_pa	sov	gn	nom-acc	deranking	poss-acc	sov	SV	APV	100	0.83	0	0.0	0.4731783032417297	bos_eos
seed_44	1_5_tran_A_marker	05_1_5_tran_A_marker	fig:heatmap-5-tran-a-marker	1.5 Transitive A marker	06_sov_gn_ac_d_ep	sov	gn	nom-acc	deranking	erg-poss	sov	SV	APV	100	0.81	0	0.0	0.5612241721153259	bos_eos
seed_44	1_5_tran_A_marker	05_1_5_tran_A_marker	fig:heatmap-5-tran-a-marker	1.5 Transitive A marker	07_sov_gn_ac_d_no	sov	gn	nom-acc	deranking	nomn	sov	SV	APV	100	0.83	0	0.0	0.6586893582344056	bos_eos
seed_44	1_5_tran_A_marker	05_1_5_tran_A_marker	fig:heatmap-5-tran-a-marker	1.5 Transitive A marker	08_sov_gn_er_b_se	sov	gn	erg-abs	balancing	sent	sov	SV	APV	100	1.0	0	0.0	1.5011325287818909	bos_eos
seed_44	1_5_tran_A_marker	05_1_5_tran_A_marker	fig:heatmap-5-tran-a-marker	1.5 Transitive A marker	09_sov_gn_er_b_pa	sov	gn	erg-abs	balancing	poss-acc	sov	SV	APV	100	1.0	0	0.0	1.482073130607605	bos_eos
seed_44	1_5_tran_A_marker	05_1_5_tran_A_marker	fig:heatmap-5-tran-a-marker	1.5 Transitive A marker	10_sov_gn_er_b_ep	sov	gn	erg-abs	balancing	erg-poss	sov	SV	APV	100	1.0	0	0.0	1.5153355932235717	bos_eos
seed_44	1_5_tran_A_marker	05_1_5_tran_A_marker	fig:heatmap-5-tran-a-marker	1.5 Transitive A marker	11_sov_gn_er_b_no	sov	gn	erg-abs	balancing	nomn	sov	SV	APV	100	1.0	0	0.0	1.444556679725647	bos_eos
seed_44	1_5_tran_A_marker	05_1_5_tran_A_marker	fig:heatmap-5-tran-a-marker	1.5 Transitive A marker	12_sov_gn_er_d_se	sov	gn	erg-abs	deranking	sent	sov	SV	APV	100	1.0	0	0.0	1.5721419620513917	bos_eos
seed_44	1_5_tran_A_marker	05_1_5_tran_A_marker	fig:heatmap-5-tran-a-marker	1.5 Transitive A marker	13_sov_gn_er_d_pa	sov	gn	erg-abs	deranking	poss-acc	sov	SV	APV	100	1.0	0	0.0	1.5136306834220887	bos_eos
seed_44	1_5_tran_A_marker	05_1_5_tran_A_marker	fig:heatmap-5-tran-a-marker	1.5 Transitive A marker	14_sov_gn_er_d_ep	sov	gn	erg-abs	deranking	erg-poss	sov	SV	APV	100	1.0	0	0.0	1.4730327177047728	bos_eos
seed_44	1_5_tran_A_marker	05_1_5_tran_A_marker	fig:heatmap-5-tran-a-marker	1.5 Transitive A marker	15_sov_gn_er_d_no	sov	gn	erg-abs	deranking	nomn	sov	SV	APV	100	1.0	0	0.0	1.4175091218948364	bos_eos
seed_44	1_5_tran_A_marker	05_1_5_tran_A_marker	fig:heatmap-5-tran-a-marker	1.5 Transitive A marker	16_sov_ng_ac_b_se	sov	ng	nom-acc	balancing	sent	sov	SV	APV	100	0.98	0	0.0	0.6502720952033997	bos_eos
seed_44	1_5_tran_A_marker	05_1_5_tran_A_marker	fig:heatmap-5-tran-a-marker	1.5 Transitive A marker	17_sov_ng_ac_b_pa	sov	ng	nom-acc	balancing	poss-acc	ovs	VS	PVA	100	0.98	0	0.0	0.6359702920913697	bos_eos
seed_44	1_5_tran_A_marker	05_1_5_tran_A_marker	fig:heatmap-5-tran-a-marker	1.5 Transitive A marker	18_sov_ng_ac_b_ep	sov	ng	nom-acc	balancing	erg-poss	vos	VS	AVP	100	0.99	0	0.0	0.7389422631263733	bos_eos
seed_44	1_5_tran_A_marker	05_1_5_tran_A_marker	fig:heatmap-5-tran-a-marker	1.5 Transitive A marker	19_sov_ng_ac_b_no	sov	ng	nom-acc	balancing	nomn	ovs	VS	PVA	100	0.99	0	0.0	0.9291814517974853	bos_eos
seed_44	1_5_tran_A_marker	05_1_5_tran_A_marker	fig:heatmap-5-tran-a-marker	1.5 Transitive A marker	20_sov_ng_ac_d_se	sov	ng	nom-acc	deranking	sent	sov	SV	APV	100	0.97	0	0.0	0.6721924281120301	bos_eos
seed_44	1_5_tran_A_marker	05_1_5_tran_A_marker	fig:heatmap-5-tran-a-marker	1.5 Transitive A marker	21_sov_ng_ac_d_pa	sov	ng	nom-acc	deranking	poss-acc	ovs	VS	PVA	100	1.0	0	0.0	0.8004764986038208	bos_eos
seed_44	1_5_tran_A_marker	05_1_5_tran_A_marker	fig:heatmap-5-tran-a-marker	1.5 Transitive A marker	22_sov_ng_ac_d_ep	sov	ng	nom-acc	deranking	erg-poss	vos	VS	AVP	100	0.98	0	0.0	0.745230348110199	bos_eos
seed_44	1_5_tran_A_marker	05_1_5_tran_A_marker	fig:heatmap-5-tran-a-marker	1.5 Transitive A marker	23_sov_ng_ac_d_no	sov	ng	nom-acc	deranking	nomn	ovs	VS	PVA	100	1.0	0	0.0	0.8146537661552429	bos_eos
seed_44	1_5_tran_A_marker	05_1_5_tran_A_marker	fig:heatmap-5-tran-a-marker	1.5 Transitive A marker	24_sov_ng_er_b_se	sov	ng	erg-abs	balancing	sent	sov	SV	APV	100	1.0	0	0.0	1.8490998220443726	bos_eos
seed_44	1_5_tran_A_marker	05_1_5_tran_A_marker	fig:heatmap-5-tran-a-marker	1.5 Transitive A marker	25_sov_ng_er_b_pa	sov	ng	erg-abs	balancing	poss-acc	ovs	VS	PVA	100	1.0	0	0.0	1.7338241291046144	bos_eos
seed_44	1_5_tran_A_marker	05_1_5_tran_A_marker	fig:heatmap-5-tran-a-marker	1.5 Transitive A marker	26_sov_ng_er_b_ep	sov	ng	erg-abs	balancing	erg-poss	vos	VS	AVP	100	1.0	0	0.0	1.780389938354492	bos_eos
seed_44	1_5_tran_A_marker	05_1_5_tran_A_marker	fig:heatmap-5-tran-a-marker	1.5 Transitive A marker	27_sov_ng_er_b_no	sov	ng	erg-abs	balancing	nomn	ovs	VS	PVA	100	1.0	0	0.0	1.9077178168296813	bos_eos
seed_44	1_5_tran_A_marker	05_1_5_tran_A_marker	fig:heatmap-5-tran-a-marker	1.5 Transitive A marker	28_sov_ng_er_d_se	sov	ng	erg-abs	deranking	sent	sov	SV	APV	100	1.0	0	0.0	1.674049093723297	bos_eos
seed_44	1_5_tran_A_marker	05_1_5_tran_A_marker	fig:heatmap-5-tran-a-marker	1.5 Transitive A marker	29_sov_ng_er_d_pa	sov	ng	erg-abs	deranking	poss-acc	ovs	VS	PVA	100	1.0	0	0.0	1.6524371433258056	bos_eos
seed_44	1_5_tran_A_marker	05_1_5_tran_A_marker	fig:heatmap-5-tran-a-marker	1.5 Transitive A marker	30_sov_ng_er_d_ep	sov	ng	erg-abs	deranking	erg-poss	vos	VS	AVP	100	1.0	0	0.0	1.6998254084587097	bos_eos
seed_44	1_5_tran_A_marker	05_1_5_tran_A_marker	fig:heatmap-5-tran-a-marker	1.5 Transitive A marker	31_sov_ng_er_d_no	sov	ng	erg-abs	deranking	nomn	ovs	VS	PVA	100	1.0	0	0.0	1.7399377608299256	bos_eos
seed_44	1_5_tran_A_marker	05_1_5_tran_A_marker	fig:heatmap-5-tran-a-marker	1.5 Transitive A marker	32_svo_gn_ac_b_se	svo	gn	nom-acc	balancing	sent	svo	SV	AVP	100	0.98	0	0.0	0.7302128434181213	bos_eos
seed_44	1_5_tran_A_marker	05_1_5_tran_A_marker	fig:heatmap-5-tran-a-marker	1.5 Transitive A marker	33_svo_gn_ac_b_pa	svo	gn	nom-acc	balancing	poss-acc	svo	SV	AVP	100	0.99	0	0.0	0.7667357468605042	bos_eos
seed_44	1_5_tran_A_marker	05_1_5_tran_A_marker	fig:heatmap-5-tran-a-marker	1.5 Transitive A marker	34_svo_gn_ac_b_ep	svo	gn	nom-acc	balancing	erg-poss	sov	SV	PVA	100	0.97	0	0.0	0.8162400341033935	bos_eos
seed_44	1_5_tran_A_marker	05_1_5_tran_A_marker	fig:heatmap-5-tran-a-marker	1.5 Transitive A marker	35_svo_gn_ac_b_no	svo	gn	nom-acc	balancing	nomn	svo	SV	AVP	100	0.99	0	0.0	0.8273886370658875	bos_eos
seed_44	1_5_tran_A_marker	05_1_5_tran_A_marker	fig:heatmap-5-tran-a-marker	1.5 Transitive A marker	36_svo_gn_ac_d_se	svo	gn	nom-acc	deranking	sent	svo	SV	AVP	100	0.97	0	0.0	0.6721754479408264	bos_eos
seed_44	1_5_tran_A_marker	05_1_5_tran_A_marker	fig:heatmap-5-tran-a-marker	1.5 Transitive A marker	37_svo_gn_ac_d_pa	svo	gn	nom-acc	deranking	poss-acc	svo	SV	AVP	100	0.98	0	0.0	0.6649923539161682	bos_eos
seed_44	1_5_tran_A_marker	05_1_5_tran_A_marker	fig:heatmap-5-tran-a-marker	1.5 Transitive A marker	38_svo_gn_ac_d_ep	svo	gn	nom-acc	deranking	erg-poss	sov	SV	PVA	100	0.96	0	0.0	0.6719558429718018	bos_eos
seed_44	1_5_tran_A_marker	05_1_5_tran_A_marker	fig:heatmap-5-tran-a-marker	1.5 Transitive A marker	39_svo_gn_ac_d_no	svo	gn	nom-acc	deranking	nomn	svo	SV	AVP	100	0.97	0	0.0	0.7779034686088562	bos_eos
seed_44	1_5_tran_A_marker	05_1_5_tran_A_marker	fig:heatmap-5-tran-a-marker	1.5 Transitive A marker	40_svo_gn_er_b_se	svo	gn	erg-abs	balancing	sent	svo	SV	AVP	100	1.0	0	0.0	2.6685483837127686	bos_eos
seed_44	1_5_tran_A_marker	05_1_5_tran_A_marker	fig:heatmap-5-tran-a-marker	1.5 Transitive A marker	41_svo_gn_er_b_pa	svo	gn	erg-abs	balancing	poss-acc	svo	SV	AVP	100	1.0	0	0.0	2.6228673553466795	bos_eos
seed_44	1_5_tran_A_marker	05_1_5_tran_A_marker	fig:heatmap-5-tran-a-marker	1.5 Transitive A marker	42_svo_gn_er_b_ep	svo	gn	erg-abs	balancing	erg-poss	sov	SV	PVA	100	1.0	0	0.0	2.645736391544342	bos_eos
seed_44	1_5_tran_A_marker	05_1_5_tran_A_marker	fig:heatmap-5-tran-a-marker	1.5 Transitive A marker	43_svo_gn_er_b_no	svo	gn	erg-abs	balancing	nomn	svo	SV	AVP	100	1.0	0	0.0	2.686661012172699	bos_eos
seed_44	1_5_tran_A_marker	05_1_5_tran_A_marker	fig:heatmap-5-tran-a-marker	1.5 Transitive A marker	44_svo_gn_er_d_se	svo	gn	erg-abs	deranking	sent	svo	SV	AVP	100	1.0	0	0.0	2.3116991472244264	bos_eos
seed_44	1_5_tran_A_marker	05_1_5_tran_A_marker	fig:heatmap-5-tran-a-marker	1.5 Transitive A marker	45_svo_gn_er_d_pa	svo	gn	erg-abs	deranking	poss-acc	svo	SV	AVP	100	1.0	0	0.0	2.3685595560073853	bos_eos
seed_44	1_5_tran_A_marker	05_1_5_tran_A_marker	fig:heatmap-5-tran-a-marker	1.5 Transitive A marker	46_svo_gn_er_d_ep	svo	gn	erg-abs	deranking	erg-poss	sov	SV	PVA	100	1.0	0	0.0	2.471955542564392	bos_eos
seed_44	1_5_tran_A_marker	05_1_5_tran_A_marker	fig:heatmap-5-tran-a-marker	1.5 Transitive A marker	47_svo_gn_er_d_no	svo	gn	erg-abs	deranking	nomn	svo	SV	AVP	100	1.0	0	0.0	2.5017898368835447	bos_eos
seed_44	1_5_tran_A_marker	05_1_5_tran_A_marker	fig:heatmap-5-tran-a-marker	1.5 Transitive A marker	48_svo_ng_ac_b_se	svo	ng	nom-acc	balancing	sent	svo	SV	AVP	100	0.97	0	0.0	0.7873493719100952	bos_eos
seed_44	1_5_tran_A_marker	05_1_5_tran_A_marker	fig:heatmap-5-tran-a-marker	1.5 Transitive A marker	49_svo_ng_ac_b_pa	svo	ng	nom-acc	balancing	poss-acc	vos	VS	VPA	100	0.99	0	0.0	0.7746139144897461	bos_eos
seed_44	1_5_tran_A_marker	05_1_5_tran_A_marker	fig:heatmap-5-tran-a-marker	1.5 Transitive A marker	50_svo_ng_ac_b_ep	svo	ng	nom-acc	balancing	erg-poss	vos	VS	VPA	100	1.0	0	0.0	0.9123660373687744	bos_eos
seed_44	1_5_tran_A_marker	05_1_5_tran_A_marker	fig:heatmap-5-tran-a-marker	1.5 Transitive A marker	51_svo_ng_ac_b_no	svo	ng	nom-acc	balancing	nomn	vos	VS	VPA	100	1.0	0	0.0	0.9827253699302674	bos_eos
seed_44	1_5_tran_A_marker	05_1_5_tran_A_marker	fig:heatmap-5-tran-a-marker	1.5 Transitive A marker	52_svo_ng_ac_d_se	svo	ng	nom-acc	deranking	sent	svo	SV	AVP	100	0.99	0	0.0	0.8294956183433533	bos_eos
seed_44	1_5_tran_A_marker	05_1_5_tran_A_marker	fig:heatmap-5-tran-a-marker	1.5 Transitive A marker	53_svo_ng_ac_d_pa	svo	ng	nom-acc	deranking	poss-acc	vos	VS	VPA	100	1.0	0	0.0	0.8682758498191834	bos_eos
seed_44	1_5_tran_A_marker	05_1_5_tran_A_marker	fig:heatmap-5-tran-a-marker	1.5 Transitive A marker	54_svo_ng_ac_d_ep	svo	ng	nom-acc	deranking	erg-poss	vos	VS	VPA	100	1.0	0	0.0	0.868282675743103	bos_eos
seed_44	1_5_tran_A_marker	05_1_5_tran_A_marker	fig:heatmap-5-tran-a-marker	1.5 Transitive A marker	55_svo_ng_ac_d_no	svo	ng	nom-acc	deranking	nomn	vos	VS	VPA	100	1.0	0	0.0	0.7833601570129395	bos_eos
seed_44	1_5_tran_A_marker	05_1_5_tran_A_marker	fig:heatmap-5-tran-a-marker	1.5 Transitive A marker	56_svo_ng_er_b_se	svo	ng	erg-abs	balancing	sent	svo	SV	AVP	100	1.0	0	0.0	2.52130264043808	bos_eos
seed_44	1_5_tran_A_marker	05_1_5_tran_A_marker	fig:heatmap-5-tran-a-marker	1.5 Transitive A marker	57_svo_ng_er_b_pa	svo	ng	erg-abs	balancing	poss-acc	vos	VS	VPA	100	1.0	0	0.0	2.480380458831787	bos_eos
seed_44	1_5_tran_A_marker	05_1_5_tran_A_marker	fig:heatmap-5-tran-a-marker	1.5 Transitive A marker	58_svo_ng_er_b_ep	svo	ng	erg-abs	balancing	erg-poss	vos	VS	VPA	100	1.0	0	0.0	2.285187737941742	bos_eos
seed_44	1_5_tran_A_marker	05_1_5_tran_A_marker	fig:heatmap-5-tran-a-marker	1.5 Transitive A marker	59_svo_ng_er_b_no	svo	ng	erg-abs	balancing	nomn	vos	VS	VPA	100	1.0	0	0.0	2.383156189918518	bos_eos
seed_44	1_5_tran_A_marker	05_1_5_tran_A_marker	fig:heatmap-5-tran-a-marker	1.5 Transitive A marker	60_svo_ng_er_d_se	svo	ng	erg-abs	deranking	sent	svo	SV	AVP	100	1.0	0	0.0	2.245973346233368	bos_eos
seed_44	1_5_tran_A_marker	05_1_5_tran_A_marker	fig:heatmap-5-tran-a-marker	1.5 Transitive A marker	61_svo_ng_er_d_pa	svo	ng	erg-abs	deranking	poss-acc	vos	VS	VPA	100	1.0	0	0.0	2.331595015525818	bos_eos
seed_44	1_5_tran_A_marker	05_1_5_tran_A_marker	fig:heatmap-5-tran-a-marker	1.5 Transitive A marker	62_svo_ng_er_d_ep	svo	ng	erg-abs	deranking	erg-poss	vos	VS	VPA	100	1.0	0	0.0	2.284581699371338	bos_eos
seed_44	1_5_tran_A_marker	05_1_5_tran_A_marker	fig:heatmap-5-tran-a-marker	1.5 Transitive A marker	63_svo_ng_er_d_no	svo	ng	erg-abs	deranking	nomn	vos	VS	VPA	100	1.0	0	0.0	2.4613483119010926	bos_eos
seed_44	1_5_tran_A_marker	05_1_5_tran_A_marker	fig:heatmap-5-tran-a-marker	1.5 Transitive A marker	64_vos_gn_ac_b_se	vos	gn	nom-acc	balancing	sent	vos	VS	VPA	100	0.96	0	0.0	0.8613423871994018	bos_eos
seed_44	1_5_tran_A_marker	05_1_5_tran_A_marker	fig:heatmap-5-tran-a-marker	1.5 Transitive A marker	65_vos_gn_ac_b_pa	vos	gn	nom-acc	balancing	poss-acc	svo	SV	AVP	100	0.95	0	0.0	0.7601742005348205	bos_eos
seed_44	1_5_tran_A_marker	05_1_5_tran_A_marker	fig:heatmap-5-tran-a-marker	1.5 Transitive A marker	66_vos_gn_ac_b_ep	vos	gn	nom-acc	balancing	erg-poss	sov	SV	PVA	100	0.98	0	0.0	1.0002277874946595	bos_eos
seed_44	1_5_tran_A_marker	05_1_5_tran_A_marker	fig:heatmap-5-tran-a-marker	1.5 Transitive A marker	67_vos_gn_ac_b_no	vos	gn	nom-acc	balancing	nomn	svo	SV	AVP	100	1.0	0	0.0	0.9988665843009948	bos_eos
seed_44	1_5_tran_A_marker	05_1_5_tran_A_marker	fig:heatmap-5-tran-a-marker	1.5 Transitive A marker	68_vos_gn_ac_d_se	vos	gn	nom-acc	deranking	sent	vos	VS	VPA	100	0.98	0	0.0	0.9436323833465576	bos_eos
seed_44	1_5_tran_A_marker	05_1_5_tran_A_marker	fig:heatmap-5-tran-a-marker	1.5 Transitive A marker	69_vos_gn_ac_d_pa	vos	gn	nom-acc	deranking	poss-acc	svo	SV	AVP	100	0.98	0	0.0	0.8843798017501832	bos_eos
seed_44	1_5_tran_A_marker	05_1_5_tran_A_marker	fig:heatmap-5-tran-a-marker	1.5 Transitive A marker	70_vos_gn_ac_d_ep	vos	gn	nom-acc	deranking	erg-poss	sov	SV	PVA	100	1.0	0	0.0	1.1733828735351564	bos_eos
seed_44	1_5_tran_A_marker	05_1_5_tran_A_marker	fig:heatmap-5-tran-a-marker	1.5 Transitive A marker	71_vos_gn_ac_d_no	vos	gn	nom-acc	deranking	nomn	svo	SV	AVP	100	0.99	0	0.0	1.0480565357208251	bos_eos
seed_44	1_5_tran_A_marker	05_1_5_tran_A_marker	fig:heatmap-5-tran-a-marker	1.5 Transitive A marker	72_vos_gn_er_b_se	vos	gn	erg-abs	balancing	sent	vos	VS	VPA	100	1.0	0	0.0	1.759092788696289	bos_eos
seed_44	1_5_tran_A_marker	05_1_5_tran_A_marker	fig:heatmap-5-tran-a-marker	1.5 Transitive A marker	73_vos_gn_er_b_pa	vos	gn	erg-abs	balancing	poss-acc	svo	SV	AVP	100	1.0	0	0.0	1.7400589895248413	bos_eos
seed_44	1_5_tran_A_marker	05_1_5_tran_A_marker	fig:heatmap-5-tran-a-marker	1.5 Transitive A marker	74_vos_gn_er_b_ep	vos	gn	erg-abs	balancing	erg-poss	sov	SV	PVA	100	1.0	0	0.0	1.7719022274017333	bos_eos
seed_44	1_5_tran_A_marker	05_1_5_tran_A_marker	fig:heatmap-5-tran-a-marker	1.5 Transitive A marker	75_vos_gn_er_b_no	vos	gn	erg-abs	balancing	nomn	svo	SV	AVP	100	1.0	0	0.0	1.8993029880523682	bos_eos
seed_44	1_5_tran_A_marker	05_1_5_tran_A_marker	fig:heatmap-5-tran-a-marker	1.5 Transitive A marker	76_vos_gn_er_d_se	vos	gn	erg-abs	deranking	sent	vos	VS	VPA	100	1.0	0	0.0	1.8762210249900817	bos_eos
seed_44	1_5_tran_A_marker	05_1_5_tran_A_marker	fig:heatmap-5-tran-a-marker	1.5 Transitive A marker	77_vos_gn_er_d_pa	vos	gn	erg-abs	deranking	poss-acc	svo	SV	AVP	100	1.0	0	0.0	1.8711497044563294	bos_eos
seed_44	1_5_tran_A_marker	05_1_5_tran_A_marker	fig:heatmap-5-tran-a-marker	1.5 Transitive A marker	78_vos_gn_er_d_ep	vos	gn	erg-abs	deranking	erg-poss	sov	SV	PVA	100	1.0	0	0.0	1.8801708793640137	bos_eos
seed_44	1_5_tran_A_marker	05_1_5_tran_A_marker	fig:heatmap-5-tran-a-marker	1.5 Transitive A marker	79_vos_gn_er_d_no	vos	gn	erg-abs	deranking	nomn	svo	SV	AVP	100	1.0	0	0.0	1.8053995561599732	bos_eos
seed_44	1_5_tran_A_marker	05_1_5_tran_A_marker	fig:heatmap-5-tran-a-marker	1.5 Transitive A marker	80_vos_ng_ac_b_se	vos	ng	nom-acc	balancing	sent	vos	VS	VPA	100	0.71	0	0.0	0.3824291181564331	bos_eos
seed_44	1_5_tran_A_marker	05_1_5_tran_A_marker	fig:heatmap-5-tran-a-marker	1.5 Transitive A marker	81_vos_ng_ac_b_pa	vos	ng	nom-acc	balancing	poss-acc	vos	VS	VPA	100	0.78	0	0.0	0.45315431118011473	bos_eos
seed_44	1_5_tran_A_marker	05_1_5_tran_A_marker	fig:heatmap-5-tran-a-marker	1.5 Transitive A marker	82_vos_ng_ac_b_ep	vos	ng	nom-acc	balancing	erg-poss	vos	VS	VPA	100	0.82	0	0.0	0.5270490002632141	bos_eos
seed_44	1_5_tran_A_marker	05_1_5_tran_A_marker	fig:heatmap-5-tran-a-marker	1.5 Transitive A marker	83_vos_ng_ac_b_no	vos	ng	nom-acc	balancing	nomn	vos	VS	VPA	100	0.83	0	0.0	0.5981917786598205	bos_eos
seed_44	1_5_tran_A_marker	05_1_5_tran_A_marker	fig:heatmap-5-tran-a-marker	1.5 Transitive A marker	84_vos_ng_ac_d_se	vos	ng	nom-acc	deranking	sent	vos	VS	VPA	100	0.84	0	0.0	0.5331462264060974	bos_eos
seed_44	1_5_tran_A_marker	05_1_5_tran_A_marker	fig:heatmap-5-tran-a-marker	1.5 Transitive A marker	85_vos_ng_ac_d_pa	vos	ng	nom-acc	deranking	poss-acc	vos	VS	VPA	100	0.95	0	0.0	0.7451507735252381	bos_eos
seed_44	1_5_tran_A_marker	05_1_5_tran_A_marker	fig:heatmap-5-tran-a-marker	1.5 Transitive A marker	86_vos_ng_ac_d_ep	vos	ng	nom-acc	deranking	erg-poss	vos	VS	VPA	100	0.94	0	0.0	0.8050900340080261	bos_eos
seed_44	1_5_tran_A_marker	05_1_5_tran_A_marker	fig:heatmap-5-tran-a-marker	1.5 Transitive A marker	87_vos_ng_ac_d_no	vos	ng	nom-acc	deranking	nomn	vos	VS	VPA	100	0.9	0	0.0	0.8180250930786133	bos_eos
seed_44	1_5_tran_A_marker	05_1_5_tran_A_marker	fig:heatmap-5-tran-a-marker	1.5 Transitive A marker	88_vos_ng_er_b_se	vos	ng	erg-abs	balancing	sent	vos	VS	VPA	100	1.0	0	0.0	1.385145149230957	bos_eos
seed_44	1_5_tran_A_marker	05_1_5_tran_A_marker	fig:heatmap-5-tran-a-marker	1.5 Transitive A marker	89_vos_ng_er_b_pa	vos	ng	erg-abs	balancing	poss-acc	vos	VS	VPA	100	1.0	0	0.0	1.454906132221222	bos_eos
seed_44	1_5_tran_A_marker	05_1_5_tran_A_marker	fig:heatmap-5-tran-a-marker	1.5 Transitive A marker	90_vos_ng_er_b_ep	vos	ng	erg-abs	balancing	erg-poss	vos	VS	VPA	100	1.0	0	0.0	1.4874451494216918	bos_eos
seed_44	1_5_tran_A_marker	05_1_5_tran_A_marker	fig:heatmap-5-tran-a-marker	1.5 Transitive A marker	91_vos_ng_er_b_no	vos	ng	erg-abs	balancing	nomn	vos	VS	VPA	100	1.0	0	0.0	1.5595225811004638	bos_eos
seed_44	1_5_tran_A_marker	05_1_5_tran_A_marker	fig:heatmap-5-tran-a-marker	1.5 Transitive A marker	92_vos_ng_er_d_se	vos	ng	erg-abs	deranking	sent	vos	VS	VPA	100	1.0	0	0.0	1.534481530189514	bos_eos
seed_44	1_5_tran_A_marker	05_1_5_tran_A_marker	fig:heatmap-5-tran-a-marker	1.5 Transitive A marker	93_vos_ng_er_d_pa	vos	ng	erg-abs	deranking	poss-acc	vos	VS	VPA	100	1.0	0	0.0	1.5403944754600525	bos_eos
seed_44	1_5_tran_A_marker	05_1_5_tran_A_marker	fig:heatmap-5-tran-a-marker	1.5 Transitive A marker	94_vos_ng_er_d_ep	vos	ng	erg-abs	deranking	erg-poss	vos	VS	VPA	100	1.0	0	0.0	1.6036117577552795	bos_eos
seed_44	1_5_tran_A_marker	05_1_5_tran_A_marker	fig:heatmap-5-tran-a-marker	1.5 Transitive A marker	95_vos_ng_er_d_no	vos	ng	erg-abs	deranking	nomn	vos	VS	VPA	100	1.0	0	0.0	1.5709491419792174	bos_eos
seed_44	1_6_tran_P_marker	06_1_6_tran_P_marker	fig:heatmap-6-tran-p-marker	1.6 Transitive P marker	00_sov_gn_ac_b_se	sov	gn	nom-acc	balancing	sent	sov	SV	APV	100	1.0	0	0.0	1.7647010827064513	bos_eos
seed_44	1_6_tran_P_marker	06_1_6_tran_P_marker	fig:heatmap-6-tran-p-marker	1.6 Transitive P marker	01_sov_gn_ac_b_pa	sov	gn	nom-acc	balancing	poss-acc	sov	SV	APV	100	1.0	0	0.0	1.776090452671051	bos_eos
seed_44	1_6_tran_P_marker	06_1_6_tran_P_marker	fig:heatmap-6-tran-p-marker	1.6 Transitive P marker	02_sov_gn_ac_b_ep	sov	gn	nom-acc	balancing	erg-poss	sov	SV	APV	100	1.0	0	0.0	1.604191436767578	bos_eos
seed_44	1_6_tran_P_marker	06_1_6_tran_P_marker	fig:heatmap-6-tran-p-marker	1.6 Transitive P marker	03_sov_gn_ac_b_no	sov	gn	nom-acc	balancing	nomn	sov	SV	APV	100	1.0	0	0.0	1.8273792695999145	bos_eos
seed_44	1_6_tran_P_marker	06_1_6_tran_P_marker	fig:heatmap-6-tran-p-marker	1.6 Transitive P marker	04_sov_gn_ac_d_se	sov	gn	nom-acc	deranking	sent	sov	SV	APV	100	1.0	0	0.0	1.712863028049469	bos_eos
seed_44	1_6_tran_P_marker	06_1_6_tran_P_marker	fig:heatmap-6-tran-p-marker	1.6 Transitive P marker	05_sov_gn_ac_d_pa	sov	gn	nom-acc	deranking	poss-acc	sov	SV	APV	100	1.0	0	0.0	1.7313106417655946	bos_eos
seed_44	1_6_tran_P_marker	06_1_6_tran_P_marker	fig:heatmap-6-tran-p-marker	1.6 Transitive P marker	06_sov_gn_ac_d_ep	sov	gn	nom-acc	deranking	erg-poss	sov	SV	APV	100	1.0	0	0.0	1.7047658705711364	bos_eos
seed_44	1_6_tran_P_marker	06_1_6_tran_P_marker	fig:heatmap-6-tran-p-marker	1.6 Transitive P marker	07_sov_gn_ac_d_no	sov	gn	nom-acc	deranking	nomn	sov	SV	APV	100	1.0	0	0.0	1.783072566986084	bos_eos
seed_44	1_6_tran_P_marker	06_1_6_tran_P_marker	fig:heatmap-6-tran-p-marker	1.6 Transitive P marker	08_sov_gn_er_b_se	sov	gn	erg-abs	balancing	sent	sov	SV	APV	100	0.97	0	0.0	0.9075328731536865	bos_eos
seed_44	1_6_tran_P_marker	06_1_6_tran_P_marker	fig:heatmap-6-tran-p-marker	1.6 Transitive P marker	09_sov_gn_er_b_pa	sov	gn	erg-abs	balancing	poss-acc	sov	SV	APV	100	0.97	0	0.0	0.8195082974433899	bos_eos
seed_44	1_6_tran_P_marker	06_1_6_tran_P_marker	fig:heatmap-6-tran-p-marker	1.6 Transitive P marker	10_sov_gn_er_b_ep	sov	gn	erg-abs	balancing	erg-poss	sov	SV	APV	100	0.98	0	0.0	0.8174377751350402	bos_eos
seed_44	1_6_tran_P_marker	06_1_6_tran_P_marker	fig:heatmap-6-tran-p-marker	1.6 Transitive P marker	11_sov_gn_er_b_no	sov	gn	erg-abs	balancing	nomn	sov	SV	APV	100	0.98	0	0.0	0.9733219361305236	bos_eos
seed_44	1_6_tran_P_marker	06_1_6_tran_P_marker	fig:heatmap-6-tran-p-marker	1.6 Transitive P marker	12_sov_gn_er_d_se	sov	gn	erg-abs	deranking	sent	sov	SV	APV	100	0.98	0	0.0	0.7934711575508118	bos_eos
seed_44	1_6_tran_P_marker	06_1_6_tran_P_marker	fig:heatmap-6-tran-p-marker	1.6 Transitive P marker	13_sov_gn_er_d_pa	sov	gn	erg-abs	deranking	poss-acc	sov	SV	APV	100	0.96	0	0.0	0.8254153633117676	bos_eos
seed_44	1_6_tran_P_marker	06_1_6_tran_P_marker	fig:heatmap-6-tran-p-marker	1.6 Transitive P marker	14_sov_gn_er_d_ep	sov	gn	erg-abs	deranking	erg-poss	sov	SV	APV	100	0.97	0	0.0	0.7408292031288147	bos_eos
seed_44	1_6_tran_P_marker	06_1_6_tran_P_marker	fig:heatmap-6-tran-p-marker	1.6 Transitive P marker	15_sov_gn_er_d_no	sov	gn	erg-abs	deranking	nomn	sov	SV	APV	100	0.97	0	0.0	0.8120932364463807	bos_eos
seed_44	1_6_tran_P_marker	06_1_6_tran_P_marker	fig:heatmap-6-tran-p-marker	1.6 Transitive P marker	16_sov_ng_ac_b_se	sov	ng	nom-acc	balancing	sent	sov	SV	APV	100	1.0	0	0.0	1.5283962512016296	bos_eos
seed_44	1_6_tran_P_marker	06_1_6_tran_P_marker	fig:heatmap-6-tran-p-marker	1.6 Transitive P marker	17_sov_ng_ac_b_pa	sov	ng	nom-acc	balancing	poss-acc	ovs	VS	PVA	100	1.0	0	0.0	1.5082612943649292	bos_eos
seed_44	1_6_tran_P_marker	06_1_6_tran_P_marker	fig:heatmap-6-tran-p-marker	1.6 Transitive P marker	18_sov_ng_ac_b_ep	sov	ng	nom-acc	balancing	erg-poss	vos	VS	AVP	100	1.0	0	0.0	1.4271891975402833	bos_eos
seed_44	1_6_tran_P_marker	06_1_6_tran_P_marker	fig:heatmap-6-tran-p-marker	1.6 Transitive P marker	19_sov_ng_ac_b_no	sov	ng	nom-acc	balancing	nomn	ovs	VS	PVA	100	1.0	0	0.0	1.54403573513031	bos_eos
seed_44	1_6_tran_P_marker	06_1_6_tran_P_marker	fig:heatmap-6-tran-p-marker	1.6 Transitive P marker	20_sov_ng_ac_d_se	sov	ng	nom-acc	deranking	sent	sov	SV	APV	100	1.0	0	0.0	1.5700661253929138	bos_eos
seed_44	1_6_tran_P_marker	06_1_6_tran_P_marker	fig:heatmap-6-tran-p-marker	1.6 Transitive P marker	21_sov_ng_ac_d_pa	sov	ng	nom-acc	deranking	poss-acc	ovs	VS	PVA	100	1.0	0	0.0	1.492571041584015	bos_eos
seed_44	1_6_tran_P_marker	06_1_6_tran_P_marker	fig:heatmap-6-tran-p-marker	1.6 Transitive P marker	22_sov_ng_ac_d_ep	sov	ng	nom-acc	deranking	erg-poss	vos	VS	AVP	100	1.0	0	0.0	1.4630970430374146	bos_eos
seed_44	1_6_tran_P_marker	06_1_6_tran_P_marker	fig:heatmap-6-tran-p-marker	1.6 Transitive P marker	23_sov_ng_ac_d_no	sov	ng	nom-acc	deranking	nomn	ovs	VS	PVA	100	1.0	0	0.0	1.5524130320549012	bos_eos
seed_44	1_6_tran_P_marker	06_1_6_tran_P_marker	fig:heatmap-6-tran-p-marker	1.6 Transitive P marker	24_sov_ng_er_b_se	sov	ng	erg-abs	balancing	sent	sov	SV	APV	100	0.85	0	0.0	0.45324029207229616	bos_eos
seed_44	1_6_tran_P_marker	06_1_6_tran_P_marker	fig:heatmap-6-tran-p-marker	1.6 Transitive P marker	25_sov_ng_er_b_pa	sov	ng	erg-abs	balancing	poss-acc	ovs	VS	PVA	100	0.82	0	0.0	0.42128284692764284	bos_eos
seed_44	1_6_tran_P_marker	06_1_6_tran_P_marker	fig:heatmap-6-tran-p-marker	1.6 Transitive P marker	26_sov_ng_er_b_ep	sov	ng	erg-abs	balancing	erg-poss	vos	VS	AVP	100	0.8	0	0.0	0.43392584562301634	bos_eos
seed_44	1_6_tran_P_marker	06_1_6_tran_P_marker	fig:heatmap-6-tran-p-marker	1.6 Transitive P marker	27_sov_ng_er_b_no	sov	ng	erg-abs	balancing	nomn	ovs	VS	PVA	100	0.89	0	0.0	0.5030728125572205	bos_eos
seed_44	1_6_tran_P_marker	06_1_6_tran_P_marker	fig:heatmap-6-tran-p-marker	1.6 Transitive P marker	28_sov_ng_er_d_se	sov	ng	erg-abs	deranking	sent	sov	SV	APV	100	0.88	0	0.0	0.3690687298774719	bos_eos
seed_44	1_6_tran_P_marker	06_1_6_tran_P_marker	fig:heatmap-6-tran-p-marker	1.6 Transitive P marker	29_sov_ng_er_d_pa	sov	ng	erg-abs	deranking	poss-acc	ovs	VS	PVA	100	0.8	0	0.0	0.3941135740280151	bos_eos
seed_44	1_6_tran_P_marker	06_1_6_tran_P_marker	fig:heatmap-6-tran-p-marker	1.6 Transitive P marker	30_sov_ng_er_d_ep	sov	ng	erg-abs	deranking	erg-poss	vos	VS	AVP	100	0.88	0	0.0	0.44446635961532593	bos_eos
seed_44	1_6_tran_P_marker	06_1_6_tran_P_marker	fig:heatmap-6-tran-p-marker	1.6 Transitive P marker	31_sov_ng_er_d_no	sov	ng	erg-abs	deranking	nomn	ovs	VS	PVA	100	0.84	0	0.0	0.41909792423248293	bos_eos
seed_44	1_6_tran_P_marker	06_1_6_tran_P_marker	fig:heatmap-6-tran-p-marker	1.6 Transitive P marker	32_svo_gn_ac_b_se	svo	gn	nom-acc	balancing	sent	svo	SV	AVP	100	1.0	0	0.0	2.5774588584899902	bos_eos
seed_44	1_6_tran_P_marker	06_1_6_tran_P_marker	fig:heatmap-6-tran-p-marker	1.6 Transitive P marker	33_svo_gn_ac_b_pa	svo	gn	nom-acc	balancing	poss-acc	svo	SV	AVP	100	1.0	0	0.0	2.5709738075733184	bos_eos
seed_44	1_6_tran_P_marker	06_1_6_tran_P_marker	fig:heatmap-6-tran-p-marker	1.6 Transitive P marker	34_svo_gn_ac_b_ep	svo	gn	nom-acc	balancing	erg-poss	sov	SV	PVA	100	1.0	0	0.0	2.5607599687576292	bos_eos
seed_44	1_6_tran_P_marker	06_1_6_tran_P_marker	fig:heatmap-6-tran-p-marker	1.6 Transitive P marker	35_svo_gn_ac_b_no	svo	gn	nom-acc	balancing	nomn	svo	SV	AVP	100	1.0	0	0.0	2.6105611193180085	bos_eos
seed_44	1_6_tran_P_marker	06_1_6_tran_P_marker	fig:heatmap-6-tran-p-marker	1.6 Transitive P marker	36_svo_gn_ac_d_se	svo	gn	nom-acc	deranking	sent	svo	SV	AVP	100	1.0	0	0.0	2.4675576210021974	bos_eos
seed_44	1_6_tran_P_marker	06_1_6_tran_P_marker	fig:heatmap-6-tran-p-marker	1.6 Transitive P marker	37_svo_gn_ac_d_pa	svo	gn	nom-acc	deranking	poss-acc	svo	SV	AVP	100	1.0	0	0.0	2.4025783205032347	bos_eos
seed_44	1_6_tran_P_marker	06_1_6_tran_P_marker	fig:heatmap-6-tran-p-marker	1.6 Transitive P marker	38_svo_gn_ac_d_ep	svo	gn	nom-acc	deranking	erg-poss	sov	SV	PVA	100	1.0	0	0.0	2.359774944782257	bos_eos
seed_44	1_6_tran_P_marker	06_1_6_tran_P_marker	fig:heatmap-6-tran-p-marker	1.6 Transitive P marker	39_svo_gn_ac_d_no	svo	gn	nom-acc	deranking	nomn	svo	SV	AVP	100	1.0	0	0.0	2.46306334733963	bos_eos
seed_44	1_6_tran_P_marker	06_1_6_tran_P_marker	fig:heatmap-6-tran-p-marker	1.6 Transitive P marker	40_svo_gn_er_b_se	svo	gn	erg-abs	balancing	sent	svo	SV	AVP	100	1.0	0	0.0	1.1858775520324707	bos_eos
seed_44	1_6_tran_P_marker	06_1_6_tran_P_marker	fig:heatmap-6-tran-p-marker	1.6 Transitive P marker	41_svo_gn_er_b_pa	svo	gn	erg-abs	balancing	poss-acc	svo	SV	AVP	100	1.0	0	0.0	1.141224477291107	bos_eos
seed_44	1_6_tran_P_marker	06_1_6_tran_P_marker	fig:heatmap-6-tran-p-marker	1.6 Transitive P marker	42_svo_gn_er_b_ep	svo	gn	erg-abs	balancing	erg-poss	sov	SV	PVA	100	1.0	0	0.0	1.1170138359069823	bos_eos
seed_44	1_6_tran_P_marker	06_1_6_tran_P_marker	fig:heatmap-6-tran-p-marker	1.6 Transitive P marker	43_svo_gn_er_b_no	svo	gn	erg-abs	balancing	nomn	svo	SV	AVP	100	1.0	0	0.0	1.1606261467933654	bos_eos
seed_44	1_6_tran_P_marker	06_1_6_tran_P_marker	fig:heatmap-6-tran-p-marker	1.6 Transitive P marker	44_svo_gn_er_d_se	svo	gn	erg-abs	deranking	sent	svo	SV	AVP	100	1.0	0	0.0	1.1280487847328187	bos_eos
seed_44	1_6_tran_P_marker	06_1_6_tran_P_marker	fig:heatmap-6-tran-p-marker	1.6 Transitive P marker	45_svo_gn_er_d_pa	svo	gn	erg-abs	deranking	poss-acc	svo	SV	AVP	100	0.99	0	0.0	0.977561194896698	bos_eos
seed_44	1_6_tran_P_marker	06_1_6_tran_P_marker	fig:heatmap-6-tran-p-marker	1.6 Transitive P marker	46_svo_gn_er_d_ep	svo	gn	erg-abs	deranking	erg-poss	sov	SV	PVA	100	1.0	0	0.0	1.0038700318336486	bos_eos
seed_44	1_6_tran_P_marker	06_1_6_tran_P_marker	fig:heatmap-6-tran-p-marker	1.6 Transitive P marker	47_svo_gn_er_d_no	svo	gn	erg-abs	deranking	nomn	svo	SV	AVP	100	1.0	0	0.0	1.025057203769684	bos_eos
seed_44	1_6_tran_P_marker	06_1_6_tran_P_marker	fig:heatmap-6-tran-p-marker	1.6 Transitive P marker	48_svo_ng_ac_b_se	svo	ng	nom-acc	balancing	sent	svo	SV	AVP	100	1.0	0	0.0	2.352426805496216	bos_eos
seed_44	1_6_tran_P_marker	06_1_6_tran_P_marker	fig:heatmap-6-tran-p-marker	1.6 Transitive P marker	49_svo_ng_ac_b_pa	svo	ng	nom-acc	balancing	poss-acc	vos	VS	VPA	100	1.0	0	0.0	2.392238359451294	bos_eos
seed_44	1_6_tran_P_marker	06_1_6_tran_P_marker	fig:heatmap-6-tran-p-marker	1.6 Transitive P marker	50_svo_ng_ac_b_ep	svo	ng	nom-acc	balancing	erg-poss	vos	VS	VPA	100	1.0	0	0.0	2.4136203145980835	bos_eos
seed_44	1_6_tran_P_marker	06_1_6_tran_P_marker	fig:heatmap-6-tran-p-marker	1.6 Transitive P marker	51_svo_ng_ac_b_no	svo	ng	nom-acc	balancing	nomn	vos	VS	VPA	100	1.0	0	0.0	2.3878460681438445	bos_eos
seed_44	1_6_tran_P_marker	06_1_6_tran_P_marker	fig:heatmap-6-tran-p-marker	1.6 Transitive P marker	52_svo_ng_ac_d_se	svo	ng	nom-acc	deranking	sent	svo	SV	AVP	100	1.0	0	0.0	2.3507429552078247	bos_eos
seed_44	1_6_tran_P_marker	06_1_6_tran_P_marker	fig:heatmap-6-tran-p-marker	1.6 Transitive P marker	53_svo_ng_ac_d_pa	svo	ng	nom-acc	deranking	poss-acc	vos	VS	VPA	100	1.0	0	0.0	2.1788531732559204	bos_eos
seed_44	1_6_tran_P_marker	06_1_6_tran_P_marker	fig:heatmap-6-tran-p-marker	1.6 Transitive P marker	54_svo_ng_ac_d_ep	svo	ng	nom-acc	deranking	erg-poss	vos	VS	VPA	100	1.0	0	0.0	2.1001343441009523	bos_eos
seed_44	1_6_tran_P_marker	06_1_6_tran_P_marker	fig:heatmap-6-tran-p-marker	1.6 Transitive P marker	55_svo_ng_ac_d_no	svo	ng	nom-acc	deranking	nomn	vos	VS	VPA	100	1.0	0	0.0	2.286920771598816	bos_eos
seed_44	1_6_tran_P_marker	06_1_6_tran_P_marker	fig:heatmap-6-tran-p-marker	1.6 Transitive P marker	56_svo_ng_er_b_se	svo	ng	erg-abs	balancing	sent	svo	SV	AVP	100	0.98	0	0.0	0.7130140352249146	bos_eos
seed_44	1_6_tran_P_marker	06_1_6_tran_P_marker	fig:heatmap-6-tran-p-marker	1.6 Transitive P marker	57_svo_ng_er_b_pa	svo	ng	erg-abs	balancing	poss-acc	vos	VS	VPA	100	0.97	0	0.0	0.7779136300086975	bos_eos
seed_44	1_6_tran_P_marker	06_1_6_tran_P_marker	fig:heatmap-6-tran-p-marker	1.6 Transitive P marker	58_svo_ng_er_b_ep	svo	ng	erg-abs	balancing	erg-poss	vos	VS	VPA	100	1.0	0	0.0	0.749699821472168	bos_eos
seed_44	1_6_tran_P_marker	06_1_6_tran_P_marker	fig:heatmap-6-tran-p-marker	1.6 Transitive P marker	59_svo_ng_er_b_no	svo	ng	erg-abs	balancing	nomn	vos	VS	VPA	100	0.99	0	0.0	0.8049279952049255	bos_eos
seed_44	1_6_tran_P_marker	06_1_6_tran_P_marker	fig:heatmap-6-tran-p-marker	1.6 Transitive P marker	60_svo_ng_er_d_se	svo	ng	erg-abs	deranking	sent	svo	SV	AVP	100	0.96	0	0.0	0.5809705662727356	bos_eos
seed_44	1_6_tran_P_marker	06_1_6_tran_P_marker	fig:heatmap-6-tran-p-marker	1.6 Transitive P marker	61_svo_ng_er_d_pa	svo	ng	erg-abs	deranking	poss-acc	vos	VS	VPA	100	0.99	0	0.0	0.6260002493858338	bos_eos
seed_44	1_6_tran_P_marker	06_1_6_tran_P_marker	fig:heatmap-6-tran-p-marker	1.6 Transitive P marker	62_svo_ng_er_d_ep	svo	ng	erg-abs	deranking	erg-poss	vos	VS	VPA	100	0.86	0	0.0	0.4130453848838806	bos_eos
seed_44	1_6_tran_P_marker	06_1_6_tran_P_marker	fig:heatmap-6-tran-p-marker	1.6 Transitive P marker	63_svo_ng_er_d_no	svo	ng	erg-abs	deranking	nomn	vos	VS	VPA	100	1.0	0	0.0	0.7804456114768982	bos_eos
seed_44	1_6_tran_P_marker	06_1_6_tran_P_marker	fig:heatmap-6-tran-p-marker	1.6 Transitive P marker	64_vos_gn_ac_b_se	vos	gn	nom-acc	balancing	sent	vos	VS	VPA	100	1.0	0	0.0	1.524261131286621	bos_eos
seed_44	1_6_tran_P_marker	06_1_6_tran_P_marker	fig:heatmap-6-tran-p-marker	1.6 Transitive P marker	65_vos_gn_ac_b_pa	vos	gn	nom-acc	balancing	poss-acc	svo	SV	AVP	100	1.0	0	0.0	1.5061760425567627	bos_eos
seed_44	1_6_tran_P_marker	06_1_6_tran_P_marker	fig:heatmap-6-tran-p-marker	1.6 Transitive P marker	66_vos_gn_ac_b_ep	vos	gn	nom-acc	balancing	erg-poss	sov	SV	PVA	100	1.0	0	0.0	1.5293382287025452	bos_eos
seed_44	1_6_tran_P_marker	06_1_6_tran_P_marker	fig:heatmap-6-tran-p-marker	1.6 Transitive P marker	67_vos_gn_ac_b_no	vos	gn	nom-acc	balancing	nomn	svo	SV	AVP	100	1.0	0	0.0	1.577428867816925	bos_eos
seed_44	1_6_tran_P_marker	06_1_6_tran_P_marker	fig:heatmap-6-tran-p-marker	1.6 Transitive P marker	68_vos_gn_ac_d_se	vos	gn	nom-acc	deranking	sent	vos	VS	VPA	100	1.0	0	0.0	1.567463414669037	bos_eos
seed_44	1_6_tran_P_marker	06_1_6_tran_P_marker	fig:heatmap-6-tran-p-marker	1.6 Transitive P marker	69_vos_gn_ac_d_pa	vos	gn	nom-acc	deranking	poss-acc	svo	SV	AVP	100	1.0	0	0.0	1.6421083545684814	bos_eos
seed_44	1_6_tran_P_marker	06_1_6_tran_P_marker	fig:heatmap-6-tran-p-marker	1.6 Transitive P marker	70_vos_gn_ac_d_ep	vos	gn	nom-acc	deranking	erg-poss	sov	SV	PVA	100	1.0	0	0.0	1.6257104253768921	bos_eos
seed_44	1_6_tran_P_marker	06_1_6_tran_P_marker	fig:heatmap-6-tran-p-marker	1.6 Transitive P marker	71_vos_gn_ac_d_no	vos	gn	nom-acc	deranking	nomn	svo	SV	AVP	100	1.0	0	0.0	1.6383953499794006	bos_eos
seed_44	1_6_tran_P_marker	06_1_6_tran_P_marker	fig:heatmap-6-tran-p-marker	1.6 Transitive P marker	72_vos_gn_er_b_se	vos	gn	erg-abs	balancing	sent	vos	VS	VPA	100	0.99	0	0.0	0.9534814405441284	bos_eos
seed_44	1_6_tran_P_marker	06_1_6_tran_P_marker	fig:heatmap-6-tran-p-marker	1.6 Transitive P marker	73_vos_gn_er_b_pa	vos	gn	erg-abs	balancing	poss-acc	svo	SV	AVP	100	0.97	0	0.0	0.9220956516265869	bos_eos
seed_44	1_6_tran_P_marker	06_1_6_tran_P_marker	fig:heatmap-6-tran-p-marker	1.6 Transitive P marker	74_vos_gn_er_b_ep	vos	gn	erg-abs	balancing	erg-poss	sov	SV	PVA	100	0.93	0	0.0	0.8206338000297546	bos_eos
seed_44	1_6_tran_P_marker	06_1_6_tran_P_marker	fig:heatmap-6-tran-p-marker	1.6 Transitive P marker	75_vos_gn_er_b_no	vos	gn	erg-abs	balancing	nomn	svo	SV	AVP	100	0.98	0	0.0	1.0694319343566894	bos_eos
seed_44	1_6_tran_P_marker	06_1_6_tran_P_marker	fig:heatmap-6-tran-p-marker	1.6 Transitive P marker	76_vos_gn_er_d_se	vos	gn	erg-abs	deranking	sent	vos	VS	VPA	100	1.0	0	0.0	0.9715708994865417	bos_eos
seed_44	1_6_tran_P_marker	06_1_6_tran_P_marker	fig:heatmap-6-tran-p-marker	1.6 Transitive P marker	77_vos_gn_er_d_pa	vos	gn	erg-abs	deranking	poss-acc	svo	SV	AVP	100	0.97	0	0.0	0.926355414390564	bos_eos
seed_44	1_6_tran_P_marker	06_1_6_tran_P_marker	fig:heatmap-6-tran-p-marker	1.6 Transitive P marker	78_vos_gn_er_d_ep	vos	gn	erg-abs	deranking	erg-poss	sov	SV	PVA	100	0.95	0	0.0	1.027893168926239	bos_eos
seed_44	1_6_tran_P_marker	06_1_6_tran_P_marker	fig:heatmap-6-tran-p-marker	1.6 Transitive P marker	79_vos_gn_er_d_no	vos	gn	erg-abs	deranking	nomn	svo	SV	AVP	100	0.97	0	0.0	1.0062068367004395	bos_eos
seed_44	1_6_tran_P_marker	06_1_6_tran_P_marker	fig:heatmap-6-tran-p-marker	1.6 Transitive P marker	80_vos_ng_ac_b_se	vos	ng	nom-acc	balancing	sent	vos	VS	VPA	100	1.0	0	0.0	1.6227305626869202	bos_eos
seed_44	1_6_tran_P_marker	06_1_6_tran_P_marker	fig:heatmap-6-tran-p-marker	1.6 Transitive P marker	81_vos_ng_ac_b_pa	vos	ng	nom-acc	balancing	poss-acc	vos	VS	VPA	100	1.0	0	0.0	1.5128984475135803	bos_eos
seed_44	1_6_tran_P_marker	06_1_6_tran_P_marker	fig:heatmap-6-tran-p-marker	1.6 Transitive P marker	82_vos_ng_ac_b_ep	vos	ng	nom-acc	balancing	erg-poss	vos	VS	VPA	100	1.0	0	0.0	1.5550274324417115	bos_eos
seed_44	1_6_tran_P_marker	06_1_6_tran_P_marker	fig:heatmap-6-tran-p-marker	1.6 Transitive P marker	83_vos_ng_ac_b_no	vos	ng	nom-acc	balancing	nomn	vos	VS	VPA	100	1.0	0	0.0	1.5775696444511413	bos_eos
seed_44	1_6_tran_P_marker	06_1_6_tran_P_marker	fig:heatmap-6-tran-p-marker	1.6 Transitive P marker	84_vos_ng_ac_d_se	vos	ng	nom-acc	deranking	sent	vos	VS	VPA	100	1.0	0	0.0	1.6059527397155762	bos_eos
seed_44	1_6_tran_P_marker	06_1_6_tran_P_marker	fig:heatmap-6-tran-p-marker	1.6 Transitive P marker	85_vos_ng_ac_d_pa	vos	ng	nom-acc	deranking	poss-acc	vos	VS	VPA	100	1.0	0	0.0	1.6149351859092713	bos_eos
seed_44	1_6_tran_P_marker	06_1_6_tran_P_marker	fig:heatmap-6-tran-p-marker	1.6 Transitive P marker	86_vos_ng_ac_d_ep	vos	ng	nom-acc	deranking	erg-poss	vos	VS	VPA	100	1.0	0	0.0	1.522382481098175	bos_eos
seed_44	1_6_tran_P_marker	06_1_6_tran_P_marker	fig:heatmap-6-tran-p-marker	1.6 Transitive P marker	87_vos_ng_ac_d_no	vos	ng	nom-acc	deranking	nomn	vos	VS	VPA	100	1.0	0	0.0	1.5601844096183777	bos_eos
seed_44	1_6_tran_P_marker	06_1_6_tran_P_marker	fig:heatmap-6-tran-p-marker	1.6 Transitive P marker	88_vos_ng_er_b_se	vos	ng	erg-abs	balancing	sent	vos	VS	VPA	100	0.99	0	0.0	0.8568187189102173	bos_eos
seed_44	1_6_tran_P_marker	06_1_6_tran_P_marker	fig:heatmap-6-tran-p-marker	1.6 Transitive P marker	89_vos_ng_er_b_pa	vos	ng	erg-abs	balancing	poss-acc	vos	VS	VPA	100	1.0	0	0.0	0.7937899708747864	bos_eos
seed_44	1_6_tran_P_marker	06_1_6_tran_P_marker	fig:heatmap-6-tran-p-marker	1.6 Transitive P marker	90_vos_ng_er_b_ep	vos	ng	erg-abs	balancing	erg-poss	vos	VS	VPA	100	1.0	0	0.0	0.8127550411224366	bos_eos
seed_44	1_6_tran_P_marker	06_1_6_tran_P_marker	fig:heatmap-6-tran-p-marker	1.6 Transitive P marker	91_vos_ng_er_b_no	vos	ng	erg-abs	balancing	nomn	vos	VS	VPA	100	1.0	0	0.0	0.934344289302826	bos_eos
seed_44	1_6_tran_P_marker	06_1_6_tran_P_marker	fig:heatmap-6-tran-p-marker	1.6 Transitive P marker	92_vos_ng_er_d_se	vos	ng	erg-abs	deranking	sent	vos	VS	VPA	100	1.0	0	0.0	0.9209635639190674	bos_eos
seed_44	1_6_tran_P_marker	06_1_6_tran_P_marker	fig:heatmap-6-tran-p-marker	1.6 Transitive P marker	93_vos_ng_er_d_pa	vos	ng	erg-abs	deranking	poss-acc	vos	VS	VPA	100	1.0	0	0.0	0.9468318605422974	bos_eos
seed_44	1_6_tran_P_marker	06_1_6_tran_P_marker	fig:heatmap-6-tran-p-marker	1.6 Transitive P marker	94_vos_ng_er_d_ep	vos	ng	erg-abs	deranking	erg-poss	vos	VS	VPA	100	1.0	0	0.0	0.8829289674758911	bos_eos
seed_44	1_6_tran_P_marker	06_1_6_tran_P_marker	fig:heatmap-6-tran-p-marker	1.6 Transitive P marker	95_vos_ng_er_d_no	vos	ng	erg-abs	deranking	nomn	vos	VS	VPA	100	1.0	0	0.0	0.8937685370445252	bos_eos
seed_44	1_7_tran_AV_order	07_1_7_tran_AV_order	fig:heatmap-7-tran-av-order	1.7 Transitive A--V order	00_sov_gn_ac_b_se	sov	gn	nom-acc	balancing	sent	sov	SV	APV	100	1.0	0	0.0	3.4130927288532256	bos_eos
seed_44	1_7_tran_AV_order	07_1_7_tran_AV_order	fig:heatmap-7-tran-av-order	1.7 Transitive A--V order	01_sov_gn_ac_b_pa	sov	gn	nom-acc	balancing	poss-acc	sov	SV	APV	100	1.0	0	0.0	3.598984978199005	bos_eos
seed_44	1_7_tran_AV_order	07_1_7_tran_AV_order	fig:heatmap-7-tran-av-order	1.7 Transitive A--V order	02_sov_gn_ac_b_ep	sov	gn	nom-acc	balancing	erg-poss	sov	SV	APV	100	1.0	0	0.0	3.169596073627472	bos_eos
seed_44	1_7_tran_AV_order	07_1_7_tran_AV_order	fig:heatmap-7-tran-av-order	1.7 Transitive A--V order	03_sov_gn_ac_b_no	sov	gn	nom-acc	balancing	nomn	sov	SV	APV	100	1.0	0	0.0	3.6057361817359923	bos_eos
seed_44	1_7_tran_AV_order	07_1_7_tran_AV_order	fig:heatmap-7-tran-av-order	1.7 Transitive A--V order	04_sov_gn_ac_d_se	sov	gn	nom-acc	deranking	sent	sov	SV	APV	100	1.0	0	0.0	3.6351782763004303	bos_eos
seed_44	1_7_tran_AV_order	07_1_7_tran_AV_order	fig:heatmap-7-tran-av-order	1.7 Transitive A--V order	05_sov_gn_ac_d_pa	sov	gn	nom-acc	deranking	poss-acc	sov	SV	APV	100	1.0	0	0.0	3.618530362844467	bos_eos
seed_44	1_7_tran_AV_order	07_1_7_tran_AV_order	fig:heatmap-7-tran-av-order	1.7 Transitive A--V order	06_sov_gn_ac_d_ep	sov	gn	nom-acc	deranking	erg-poss	sov	SV	APV	100	1.0	0	0.0	3.898090856075287	bos_eos
seed_44	1_7_tran_AV_order	07_1_7_tran_AV_order	fig:heatmap-7-tran-av-order	1.7 Transitive A--V order	07_sov_gn_ac_d_no	sov	gn	nom-acc	deranking	nomn	sov	SV	APV	100	1.0	0	0.0	4.05766359090805	bos_eos
seed_44	1_7_tran_AV_order	07_1_7_tran_AV_order	fig:heatmap-7-tran-av-order	1.7 Transitive A--V order	08_sov_gn_er_b_se	sov	gn	erg-abs	balancing	sent	sov	SV	APV	100	1.0	0	0.0	3.4429749727249144	bos_eos
seed_44	1_7_tran_AV_order	07_1_7_tran_AV_order	fig:heatmap-7-tran-av-order	1.7 Transitive A--V order	09_sov_gn_er_b_pa	sov	gn	erg-abs	balancing	poss-acc	sov	SV	APV	100	1.0	0	0.0	3.616462082862854	bos_eos
seed_44	1_7_tran_AV_order	07_1_7_tran_AV_order	fig:heatmap-7-tran-av-order	1.7 Transitive A--V order	10_sov_gn_er_b_ep	sov	gn	erg-abs	balancing	erg-poss	sov	SV	APV	100	1.0	0	0.0	3.479682993888855	bos_eos
seed_44	1_7_tran_AV_order	07_1_7_tran_AV_order	fig:heatmap-7-tran-av-order	1.7 Transitive A--V order	11_sov_gn_er_b_no	sov	gn	erg-abs	balancing	nomn	sov	SV	APV	100	1.0	0	0.0	3.521125695705414	bos_eos
seed_44	1_7_tran_AV_order	07_1_7_tran_AV_order	fig:heatmap-7-tran-av-order	1.7 Transitive A--V order	12_sov_gn_er_d_se	sov	gn	erg-abs	deranking	sent	sov	SV	APV	100	1.0	0	0.0	3.709450581073761	bos_eos
seed_44	1_7_tran_AV_order	07_1_7_tran_AV_order	fig:heatmap-7-tran-av-order	1.7 Transitive A--V order	13_sov_gn_er_d_pa	sov	gn	erg-abs	deranking	poss-acc	sov	SV	APV	100	1.0	0	0.0	3.8321354150772096	bos_eos
seed_44	1_7_tran_AV_order	07_1_7_tran_AV_order	fig:heatmap-7-tran-av-order	1.7 Transitive A--V order	14_sov_gn_er_d_ep	sov	gn	erg-abs	deranking	erg-poss	sov	SV	APV	100	1.0	0	0.0	3.855489902496338	bos_eos
seed_44	1_7_tran_AV_order	07_1_7_tran_AV_order	fig:heatmap-7-tran-av-order	1.7 Transitive A--V order	15_sov_gn_er_d_no	sov	gn	erg-abs	deranking	nomn	sov	SV	APV	100	1.0	0	0.0	3.950436564683914	bos_eos
seed_44	1_7_tran_AV_order	07_1_7_tran_AV_order	fig:heatmap-7-tran-av-order	1.7 Transitive A--V order	16_sov_ng_ac_b_se	sov	ng	nom-acc	balancing	sent	sov	SV	APV	100	1.0	0	0.0	3.9002468180656433	bos_eos
seed_44	1_7_tran_AV_order	07_1_7_tran_AV_order	fig:heatmap-7-tran-av-order	1.7 Transitive A--V order	17_sov_ng_ac_b_pa	sov	ng	nom-acc	balancing	poss-acc	ovs	VS	PVA	100	1.0	0	0.0	3.6000078499317167	bos_eos
seed_44	1_7_tran_AV_order	07_1_7_tran_AV_order	fig:heatmap-7-tran-av-order	1.7 Transitive A--V order	18_sov_ng_ac_b_ep	sov	ng	nom-acc	balancing	erg-poss	vos	VS	AVP	100	1.0	0	0.0	3.898974007368088	bos_eos
seed_44	1_7_tran_AV_order	07_1_7_tran_AV_order	fig:heatmap-7-tran-av-order	1.7 Transitive A--V order	19_sov_ng_ac_b_no	sov	ng	nom-acc	balancing	nomn	ovs	VS	PVA	100	1.0	0	0.0	4.221309025287628	bos_eos
seed_44	1_7_tran_AV_order	07_1_7_tran_AV_order	fig:heatmap-7-tran-av-order	1.7 Transitive A--V order	20_sov_ng_ac_d_se	sov	ng	nom-acc	deranking	sent	sov	SV	APV	100	1.0	0	0.0	4.285607421398163	bos_eos
seed_44	1_7_tran_AV_order	07_1_7_tran_AV_order	fig:heatmap-7-tran-av-order	1.7 Transitive A--V order	21_sov_ng_ac_d_pa	sov	ng	nom-acc	deranking	poss-acc	ovs	VS	PVA	100	1.0	0	0.0	4.173709564208984	bos_eos
seed_44	1_7_tran_AV_order	07_1_7_tran_AV_order	fig:heatmap-7-tran-av-order	1.7 Transitive A--V order	22_sov_ng_ac_d_ep	sov	ng	nom-acc	deranking	erg-poss	vos	VS	AVP	100	1.0	0	0.0	4.3516819953918455	bos_eos
seed_44	1_7_tran_AV_order	07_1_7_tran_AV_order	fig:heatmap-7-tran-av-order	1.7 Transitive A--V order	23_sov_ng_ac_d_no	sov	ng	nom-acc	deranking	nomn	ovs	VS	PVA	100	1.0	0	0.0	4.569577445983887	bos_eos
seed_44	1_7_tran_AV_order	07_1_7_tran_AV_order	fig:heatmap-7-tran-av-order	1.7 Transitive A--V order	24_sov_ng_er_b_se	sov	ng	erg-abs	balancing	sent	sov	SV	APV	100	1.0	0	0.0	3.5893147468566893	bos_eos
seed_44	1_7_tran_AV_order	07_1_7_tran_AV_order	fig:heatmap-7-tran-av-order	1.7 Transitive A--V order	25_sov_ng_er_b_pa	sov	ng	erg-abs	balancing	poss-acc	ovs	VS	PVA	100	1.0	0	0.0	3.5717389512062074	bos_eos
seed_44	1_7_tran_AV_order	07_1_7_tran_AV_order	fig:heatmap-7-tran-av-order	1.7 Transitive A--V order	26_sov_ng_er_b_ep	sov	ng	erg-abs	balancing	erg-poss	vos	VS	AVP	100	1.0	0	0.0	3.692715535163879	bos_eos
seed_44	1_7_tran_AV_order	07_1_7_tran_AV_order	fig:heatmap-7-tran-av-order	1.7 Transitive A--V order	27_sov_ng_er_b_no	sov	ng	erg-abs	balancing	nomn	ovs	VS	PVA	100	1.0	0	0.0	4.059374036788941	bos_eos
seed_44	1_7_tran_AV_order	07_1_7_tran_AV_order	fig:heatmap-7-tran-av-order	1.7 Transitive A--V order	28_sov_ng_er_d_se	sov	ng	erg-abs	deranking	sent	sov	SV	APV	100	1.0	0	0.0	3.7346681475639345	bos_eos
seed_44	1_7_tran_AV_order	07_1_7_tran_AV_order	fig:heatmap-7-tran-av-order	1.7 Transitive A--V order	29_sov_ng_er_d_pa	sov	ng	erg-abs	deranking	poss-acc	ovs	VS	PVA	100	1.0	0	0.0	3.6212635326385496	bos_eos
seed_44	1_7_tran_AV_order	07_1_7_tran_AV_order	fig:heatmap-7-tran-av-order	1.7 Transitive A--V order	30_sov_ng_er_d_ep	sov	ng	erg-abs	deranking	erg-poss	vos	VS	AVP	100	1.0	0	0.0	3.792232782840729	bos_eos
seed_44	1_7_tran_AV_order	07_1_7_tran_AV_order	fig:heatmap-7-tran-av-order	1.7 Transitive A--V order	31_sov_ng_er_d_no	sov	ng	erg-abs	deranking	nomn	ovs	VS	PVA	100	1.0	0	0.0	3.8162828397750856	bos_eos
seed_44	1_7_tran_AV_order	07_1_7_tran_AV_order	fig:heatmap-7-tran-av-order	1.7 Transitive A--V order	32_svo_gn_ac_b_se	svo	gn	nom-acc	balancing	sent	svo	SV	AVP	100	1.0	0	0.0	3.8943368005752563	bos_eos
seed_44	1_7_tran_AV_order	07_1_7_tran_AV_order	fig:heatmap-7-tran-av-order	1.7 Transitive A--V order	33_svo_gn_ac_b_pa	svo	gn	nom-acc	balancing	poss-acc	svo	SV	AVP	100	1.0	0	0.0	4.105596196651459	bos_eos
seed_44	1_7_tran_AV_order	07_1_7_tran_AV_order	fig:heatmap-7-tran-av-order	1.7 Transitive A--V order	34_svo_gn_ac_b_ep	svo	gn	nom-acc	balancing	erg-poss	sov	SV	PVA	100	1.0	0	0.0	4.27868213891983	bos_eos
seed_44	1_7_tran_AV_order	07_1_7_tran_AV_order	fig:heatmap-7-tran-av-order	1.7 Transitive A--V order	35_svo_gn_ac_b_no	svo	gn	nom-acc	balancing	nomn	svo	SV	AVP	100	1.0	0	0.0	4.36879332780838	bos_eos
seed_44	1_7_tran_AV_order	07_1_7_tran_AV_order	fig:heatmap-7-tran-av-order	1.7 Transitive A--V order	36_svo_gn_ac_d_se	svo	gn	nom-acc	deranking	sent	svo	SV	AVP	100	1.0	0	0.0	3.6497969746589662	bos_eos
seed_44	1_7_tran_AV_order	07_1_7_tran_AV_order	fig:heatmap-7-tran-av-order	1.7 Transitive A--V order	37_svo_gn_ac_d_pa	svo	gn	nom-acc	deranking	poss-acc	svo	SV	AVP	100	1.0	0	0.0	3.6627210354804993	bos_eos
seed_44	1_7_tran_AV_order	07_1_7_tran_AV_order	fig:heatmap-7-tran-av-order	1.7 Transitive A--V order	38_svo_gn_ac_d_ep	svo	gn	nom-acc	deranking	erg-poss	sov	SV	PVA	100	1.0	0	0.0	4.305252943038941	bos_eos
seed_44	1_7_tran_AV_order	07_1_7_tran_AV_order	fig:heatmap-7-tran-av-order	1.7 Transitive A--V order	39_svo_gn_ac_d_no	svo	gn	nom-acc	deranking	nomn	svo	SV	AVP	100	1.0	0	0.0	4.171980446577072	bos_eos
seed_44	1_7_tran_AV_order	07_1_7_tran_AV_order	fig:heatmap-7-tran-av-order	1.7 Transitive A--V order	40_svo_gn_er_b_se	svo	gn	erg-abs	balancing	sent	svo	SV	AVP	100	1.0	0	0.0	4.02188883304596	bos_eos
seed_44	1_7_tran_AV_order	07_1_7_tran_AV_order	fig:heatmap-7-tran-av-order	1.7 Transitive A--V order	41_svo_gn_er_b_pa	svo	gn	erg-abs	balancing	poss-acc	svo	SV	AVP	100	1.0	0	0.0	3.9605107426643373	bos_eos
seed_44	1_7_tran_AV_order	07_1_7_tran_AV_order	fig:heatmap-7-tran-av-order	1.7 Transitive A--V order	42_svo_gn_er_b_ep	svo	gn	erg-abs	balancing	erg-poss	sov	SV	PVA	100	1.0	0	0.0	4.296191934347153	bos_eos
seed_44	1_7_tran_AV_order	07_1_7_tran_AV_order	fig:heatmap-7-tran-av-order	1.7 Transitive A--V order	43_svo_gn_er_b_no	svo	gn	erg-abs	balancing	nomn	svo	SV	AVP	100	1.0	0	0.0	4.090304125547409	bos_eos
seed_44	1_7_tran_AV_order	07_1_7_tran_AV_order	fig:heatmap-7-tran-av-order	1.7 Transitive A--V order	44_svo_gn_er_d_se	svo	gn	erg-abs	deranking	sent	svo	SV	AVP	100	1.0	0	0.0	3.935383276939392	bos_eos
seed_44	1_7_tran_AV_order	07_1_7_tran_AV_order	fig:heatmap-7-tran-av-order	1.7 Transitive A--V order	45_svo_gn_er_d_pa	svo	gn	erg-abs	deranking	poss-acc	svo	SV	AVP	100	1.0	0	0.0	3.7854063439369203	bos_eos
seed_44	1_7_tran_AV_order	07_1_7_tran_AV_order	fig:heatmap-7-tran-av-order	1.7 Transitive A--V order	46_svo_gn_er_d_ep	svo	gn	erg-abs	deranking	erg-poss	sov	SV	PVA	100	1.0	0	0.0	3.9233339631557467	bos_eos
seed_44	1_7_tran_AV_order	07_1_7_tran_AV_order	fig:heatmap-7-tran-av-order	1.7 Transitive A--V order	47_svo_gn_er_d_no	svo	gn	erg-abs	deranking	nomn	svo	SV	AVP	100	1.0	0	0.0	3.875377051830292	bos_eos
seed_44	1_7_tran_AV_order	07_1_7_tran_AV_order	fig:heatmap-7-tran-av-order	1.7 Transitive A--V order	48_svo_ng_ac_b_se	svo	ng	nom-acc	balancing	sent	svo	SV	AVP	100	1.0	0	0.0	3.717962473630905	bos_eos
seed_44	1_7_tran_AV_order	07_1_7_tran_AV_order	fig:heatmap-7-tran-av-order	1.7 Transitive A--V order	49_svo_ng_ac_b_pa	svo	ng	nom-acc	balancing	poss-acc	vos	VS	VPA	100	1.0	0	0.0	3.8449888813495634	bos_eos
seed_44	1_7_tran_AV_order	07_1_7_tran_AV_order	fig:heatmap-7-tran-av-order	1.7 Transitive A--V order	50_svo_ng_ac_b_ep	svo	ng	nom-acc	balancing	erg-poss	vos	VS	VPA	100	1.0	0	0.0	4.068054195642471	bos_eos
seed_44	1_7_tran_AV_order	07_1_7_tran_AV_order	fig:heatmap-7-tran-av-order	1.7 Transitive A--V order	51_svo_ng_ac_b_no	svo	ng	nom-acc	balancing	nomn	vos	VS	VPA	100	1.0	0	0.0	3.9273023200035095	bos_eos
seed_44	1_7_tran_AV_order	07_1_7_tran_AV_order	fig:heatmap-7-tran-av-order	1.7 Transitive A--V order	52_svo_ng_ac_d_se	svo	ng	nom-acc	deranking	sent	svo	SV	AVP	100	1.0	0	0.0	3.3528766906261445	bos_eos
seed_44	1_7_tran_AV_order	07_1_7_tran_AV_order	fig:heatmap-7-tran-av-order	1.7 Transitive A--V order	53_svo_ng_ac_d_pa	svo	ng	nom-acc	deranking	poss-acc	vos	VS	VPA	100	1.0	0	0.0	3.4703088641166686	bos_eos
seed_44	1_7_tran_AV_order	07_1_7_tran_AV_order	fig:heatmap-7-tran-av-order	1.7 Transitive A--V order	54_svo_ng_ac_d_ep	svo	ng	nom-acc	deranking	erg-poss	vos	VS	VPA	100	1.0	0	0.0	3.63055658698082	bos_eos
seed_44	1_7_tran_AV_order	07_1_7_tran_AV_order	fig:heatmap-7-tran-av-order	1.7 Transitive A--V order	55_svo_ng_ac_d_no	svo	ng	nom-acc	deranking	nomn	vos	VS	VPA	100	1.0	0	0.0	3.771334646940231	bos_eos
seed_44	1_7_tran_AV_order	07_1_7_tran_AV_order	fig:heatmap-7-tran-av-order	1.7 Transitive A--V order	56_svo_ng_er_b_se	svo	ng	erg-abs	balancing	sent	svo	SV	AVP	100	1.0	0	0.0	3.8882707846164704	bos_eos
seed_44	1_7_tran_AV_order	07_1_7_tran_AV_order	fig:heatmap-7-tran-av-order	1.7 Transitive A--V order	57_svo_ng_er_b_pa	svo	ng	erg-abs	balancing	poss-acc	vos	VS	VPA	100	1.0	0	0.0	4.1970701718330385	bos_eos
seed_44	1_7_tran_AV_order	07_1_7_tran_AV_order	fig:heatmap-7-tran-av-order	1.7 Transitive A--V order	58_svo_ng_er_b_ep	svo	ng	erg-abs	balancing	erg-poss	vos	VS	VPA	100	1.0	0	0.0	4.208994116783142	bos_eos
seed_44	1_7_tran_AV_order	07_1_7_tran_AV_order	fig:heatmap-7-tran-av-order	1.7 Transitive A--V order	59_svo_ng_er_b_no	svo	ng	erg-abs	balancing	nomn	vos	VS	VPA	100	1.0	0	0.0	4.245744800567627	bos_eos
seed_44	1_7_tran_AV_order	07_1_7_tran_AV_order	fig:heatmap-7-tran-av-order	1.7 Transitive A--V order	60_svo_ng_er_d_se	svo	ng	erg-abs	deranking	sent	svo	SV	AVP	100	1.0	0	0.0	3.774510476589203	bos_eos
seed_44	1_7_tran_AV_order	07_1_7_tran_AV_order	fig:heatmap-7-tran-av-order	1.7 Transitive A--V order	61_svo_ng_er_d_pa	svo	ng	erg-abs	deranking	poss-acc	vos	VS	VPA	100	1.0	0	0.0	3.9480742406845093	bos_eos
seed_44	1_7_tran_AV_order	07_1_7_tran_AV_order	fig:heatmap-7-tran-av-order	1.7 Transitive A--V order	62_svo_ng_er_d_ep	svo	ng	erg-abs	deranking	erg-poss	vos	VS	VPA	100	1.0	0	0.0	3.5927246725559234	bos_eos
seed_44	1_7_tran_AV_order	07_1_7_tran_AV_order	fig:heatmap-7-tran-av-order	1.7 Transitive A--V order	63_svo_ng_er_d_no	svo	ng	erg-abs	deranking	nomn	vos	VS	VPA	100	1.0	0	0.0	4.297169189453125	bos_eos
seed_44	1_7_tran_AV_order	07_1_7_tran_AV_order	fig:heatmap-7-tran-av-order	1.7 Transitive A--V order	64_vos_gn_ac_b_se	vos	gn	nom-acc	balancing	sent	vos	VS	VPA	100	1.0	0	0.0	3.805769374370575	bos_eos
seed_44	1_7_tran_AV_order	07_1_7_tran_AV_order	fig:heatmap-7-tran-av-order	1.7 Transitive A--V order	65_vos_gn_ac_b_pa	vos	gn	nom-acc	balancing	poss-acc	svo	SV	AVP	100	1.0	0	0.0	3.9416006219387056	bos_eos
seed_44	1_7_tran_AV_order	07_1_7_tran_AV_order	fig:heatmap-7-tran-av-order	1.7 Transitive A--V order	66_vos_gn_ac_b_ep	vos	gn	nom-acc	balancing	erg-poss	sov	SV	PVA	100	1.0	0	0.0	4.15339782834053	bos_eos
seed_44	1_7_tran_AV_order	07_1_7_tran_AV_order	fig:heatmap-7-tran-av-order	1.7 Transitive A--V order	67_vos_gn_ac_b_no	vos	gn	nom-acc	balancing	nomn	svo	SV	AVP	100	1.0	0	0.0	4.039859701395034	bos_eos
seed_44	1_7_tran_AV_order	07_1_7_tran_AV_order	fig:heatmap-7-tran-av-order	1.7 Transitive A--V order	68_vos_gn_ac_d_se	vos	gn	nom-acc	deranking	sent	vos	VS	VPA	100	1.0	0	0.0	5.039904264211654	bos_eos
seed_44	1_7_tran_AV_order	07_1_7_tran_AV_order	fig:heatmap-7-tran-av-order	1.7 Transitive A--V order	69_vos_gn_ac_d_pa	vos	gn	nom-acc	deranking	poss-acc	svo	SV	AVP	100	1.0	0	0.0	5.210805847644806	bos_eos
seed_44	1_7_tran_AV_order	07_1_7_tran_AV_order	fig:heatmap-7-tran-av-order	1.7 Transitive A--V order	70_vos_gn_ac_d_ep	vos	gn	nom-acc	deranking	erg-poss	sov	SV	PVA	100	1.0	0	0.0	5.5680927050113675	bos_eos
seed_44	1_7_tran_AV_order	07_1_7_tran_AV_order	fig:heatmap-7-tran-av-order	1.7 Transitive A--V order	71_vos_gn_ac_d_no	vos	gn	nom-acc	deranking	nomn	svo	SV	AVP	100	1.0	0	0.0	5.356549789905548	bos_eos
seed_44	1_7_tran_AV_order	07_1_7_tran_AV_order	fig:heatmap-7-tran-av-order	1.7 Transitive A--V order	72_vos_gn_er_b_se	vos	gn	erg-abs	balancing	sent	vos	VS	VPA	100	1.0	0	0.0	4.631740775108337	bos_eos
seed_44	1_7_tran_AV_order	07_1_7_tran_AV_order	fig:heatmap-7-tran-av-order	1.7 Transitive A--V order	73_vos_gn_er_b_pa	vos	gn	erg-abs	balancing	poss-acc	svo	SV	AVP	100	1.0	0	0.0	4.620249208211899	bos_eos
seed_44	1_7_tran_AV_order	07_1_7_tran_AV_order	fig:heatmap-7-tran-av-order	1.7 Transitive A--V order	74_vos_gn_er_b_ep	vos	gn	erg-abs	balancing	erg-poss	sov	SV	PVA	100	1.0	0	0.0	4.535187802314758	bos_eos
seed_44	1_7_tran_AV_order	07_1_7_tran_AV_order	fig:heatmap-7-tran-av-order	1.7 Transitive A--V order	75_vos_gn_er_b_no	vos	gn	erg-abs	balancing	nomn	svo	SV	AVP	100	1.0	0	0.0	4.646259214878082	bos_eos
seed_44	1_7_tran_AV_order	07_1_7_tran_AV_order	fig:heatmap-7-tran-av-order	1.7 Transitive A--V order	76_vos_gn_er_d_se	vos	gn	erg-abs	deranking	sent	vos	VS	VPA	100	1.0	0	0.0	5.665385714769363	bos_eos
seed_44	1_7_tran_AV_order	07_1_7_tran_AV_order	fig:heatmap-7-tran-av-order	1.7 Transitive A--V order	77_vos_gn_er_d_pa	vos	gn	erg-abs	deranking	poss-acc	svo	SV	AVP	100	1.0	0	0.0	5.5529888725280765	bos_eos
seed_44	1_7_tran_AV_order	07_1_7_tran_AV_order	fig:heatmap-7-tran-av-order	1.7 Transitive A--V order	78_vos_gn_er_d_ep	vos	gn	erg-abs	deranking	erg-poss	sov	SV	PVA	100	1.0	0	0.0	5.868250372409821	bos_eos
seed_44	1_7_tran_AV_order	07_1_7_tran_AV_order	fig:heatmap-7-tran-av-order	1.7 Transitive A--V order	79_vos_gn_er_d_no	vos	gn	erg-abs	deranking	nomn	svo	SV	AVP	100	1.0	0	0.0	5.965947281122208	bos_eos
seed_44	1_7_tran_AV_order	07_1_7_tran_AV_order	fig:heatmap-7-tran-av-order	1.7 Transitive A--V order	80_vos_ng_ac_b_se	vos	ng	nom-acc	balancing	sent	vos	VS	VPA	100	1.0	0	0.0	3.5435057294368746	bos_eos
seed_44	1_7_tran_AV_order	07_1_7_tran_AV_order	fig:heatmap-7-tran-av-order	1.7 Transitive A--V order	81_vos_ng_ac_b_pa	vos	ng	nom-acc	balancing	poss-acc	vos	VS	VPA	100	1.0	0	0.0	3.4967355608940123	bos_eos
seed_44	1_7_tran_AV_order	07_1_7_tran_AV_order	fig:heatmap-7-tran-av-order	1.7 Transitive A--V order	82_vos_ng_ac_b_ep	vos	ng	nom-acc	balancing	erg-poss	vos	VS	VPA	100	1.0	0	0.0	3.6067956280708313	bos_eos
seed_44	1_7_tran_AV_order	07_1_7_tran_AV_order	fig:heatmap-7-tran-av-order	1.7 Transitive A--V order	83_vos_ng_ac_b_no	vos	ng	nom-acc	balancing	nomn	vos	VS	VPA	100	1.0	0	0.0	3.761411044597626	bos_eos
seed_44	1_7_tran_AV_order	07_1_7_tran_AV_order	fig:heatmap-7-tran-av-order	1.7 Transitive A--V order	84_vos_ng_ac_d_se	vos	ng	nom-acc	deranking	sent	vos	VS	VPA	100	1.0	0	0.0	4.646598856449128	bos_eos
seed_44	1_7_tran_AV_order	07_1_7_tran_AV_order	fig:heatmap-7-tran-av-order	1.7 Transitive A--V order	85_vos_ng_ac_d_pa	vos	ng	nom-acc	deranking	poss-acc	vos	VS	VPA	100	1.0	0	0.0	4.884036612510681	bos_eos
seed_44	1_7_tran_AV_order	07_1_7_tran_AV_order	fig:heatmap-7-tran-av-order	1.7 Transitive A--V order	86_vos_ng_ac_d_ep	vos	ng	nom-acc	deranking	erg-poss	vos	VS	VPA	100	1.0	0	0.0	5.0718790829181675	bos_eos
seed_44	1_7_tran_AV_order	07_1_7_tran_AV_order	fig:heatmap-7-tran-av-order	1.7 Transitive A--V order	87_vos_ng_ac_d_no	vos	ng	nom-acc	deranking	nomn	vos	VS	VPA	100	1.0	0	0.0	5.108363733291626	bos_eos
seed_44	1_7_tran_AV_order	07_1_7_tran_AV_order	fig:heatmap-7-tran-av-order	1.7 Transitive A--V order	88_vos_ng_er_b_se	vos	ng	erg-abs	balancing	sent	vos	VS	VPA	100	1.0	0	0.0	4.199946087598801	bos_eos
seed_44	1_7_tran_AV_order	07_1_7_tran_AV_order	fig:heatmap-7-tran-av-order	1.7 Transitive A--V order	89_vos_ng_er_b_pa	vos	ng	erg-abs	balancing	poss-acc	vos	VS	VPA	100	1.0	0	0.0	4.286092476844788	bos_eos
seed_44	1_7_tran_AV_order	07_1_7_tran_AV_order	fig:heatmap-7-tran-av-order	1.7 Transitive A--V order	90_vos_ng_er_b_ep	vos	ng	erg-abs	balancing	erg-poss	vos	VS	VPA	100	1.0	0	0.0	4.271921421289444	bos_eos
seed_44	1_7_tran_AV_order	07_1_7_tran_AV_order	fig:heatmap-7-tran-av-order	1.7 Transitive A--V order	91_vos_ng_er_b_no	vos	ng	erg-abs	balancing	nomn	vos	VS	VPA	100	1.0	0	0.0	4.2680880892276765	bos_eos
seed_44	1_7_tran_AV_order	07_1_7_tran_AV_order	fig:heatmap-7-tran-av-order	1.7 Transitive A--V order	92_vos_ng_er_d_se	vos	ng	erg-abs	deranking	sent	vos	VS	VPA	100	1.0	0	0.0	5.327372403144836	bos_eos
seed_44	1_7_tran_AV_order	07_1_7_tran_AV_order	fig:heatmap-7-tran-av-order	1.7 Transitive A--V order	93_vos_ng_er_d_pa	vos	ng	erg-abs	deranking	poss-acc	vos	VS	VPA	100	1.0	0	0.0	5.690017404556275	bos_eos
seed_44	1_7_tran_AV_order	07_1_7_tran_AV_order	fig:heatmap-7-tran-av-order	1.7 Transitive A--V order	94_vos_ng_er_d_ep	vos	ng	erg-abs	deranking	erg-poss	vos	VS	VPA	100	1.0	0	0.0	5.418051732778549	bos_eos
seed_44	1_7_tran_AV_order	07_1_7_tran_AV_order	fig:heatmap-7-tran-av-order	1.7 Transitive A--V order	95_vos_ng_er_d_no	vos	ng	erg-abs	deranking	nomn	vos	VS	VPA	100	1.0	0	0.0	5.599386160373688	bos_eos
seed_44	1_8_tran_VP_order	08_1_8_tran_VP_order	fig:heatmap-8-tran-vp-order	1.8 Transitive V--P order	00_sov_gn_ac_b_se	sov	gn	nom-acc	balancing	sent	sov	SV	APV	100	1.0	0	0.0	2.6356771349906922	bos_eos
seed_44	1_8_tran_VP_order	08_1_8_tran_VP_order	fig:heatmap-8-tran-vp-order	1.8 Transitive V--P order	01_sov_gn_ac_b_pa	sov	gn	nom-acc	balancing	poss-acc	sov	SV	APV	100	1.0	0	0.0	2.652331647872925	bos_eos
seed_44	1_8_tran_VP_order	08_1_8_tran_VP_order	fig:heatmap-8-tran-vp-order	1.8 Transitive V--P order	02_sov_gn_ac_b_ep	sov	gn	nom-acc	balancing	erg-poss	sov	SV	APV	100	1.0	0	0.0	2.463469078540802	bos_eos
seed_44	1_8_tran_VP_order	08_1_8_tran_VP_order	fig:heatmap-8-tran-vp-order	1.8 Transitive V--P order	03_sov_gn_ac_b_no	sov	gn	nom-acc	balancing	nomn	sov	SV	APV	100	1.0	0	0.0	2.9162476205825807	bos_eos
seed_44	1_8_tran_VP_order	08_1_8_tran_VP_order	fig:heatmap-8-tran-vp-order	1.8 Transitive V--P order	04_sov_gn_ac_d_se	sov	gn	nom-acc	deranking	sent	sov	SV	APV	100	1.0	0	0.0	2.7884018063545226	bos_eos
seed_44	1_8_tran_VP_order	08_1_8_tran_VP_order	fig:heatmap-8-tran-vp-order	1.8 Transitive V--P order	05_sov_gn_ac_d_pa	sov	gn	nom-acc	deranking	poss-acc	sov	SV	APV	100	1.0	0	0.0	2.938957896232605	bos_eos
seed_44	1_8_tran_VP_order	08_1_8_tran_VP_order	fig:heatmap-8-tran-vp-order	1.8 Transitive V--P order	06_sov_gn_ac_d_ep	sov	gn	nom-acc	deranking	erg-poss	sov	SV	APV	100	1.0	0	0.0	2.9137810325622557	bos_eos
seed_44	1_8_tran_VP_order	08_1_8_tran_VP_order	fig:heatmap-8-tran-vp-order	1.8 Transitive V--P order	07_sov_gn_ac_d_no	sov	gn	nom-acc	deranking	nomn	sov	SV	APV	100	1.0	0	0.0	3.0910760378837585	bos_eos
seed_44	1_8_tran_VP_order	08_1_8_tran_VP_order	fig:heatmap-8-tran-vp-order	1.8 Transitive V--P order	08_sov_gn_er_b_se	sov	gn	erg-abs	balancing	sent	sov	SV	APV	100	1.0	0	0.0	2.982464063167572	bos_eos
seed_44	1_8_tran_VP_order	08_1_8_tran_VP_order	fig:heatmap-8-tran-vp-order	1.8 Transitive V--P order	09_sov_gn_er_b_pa	sov	gn	erg-abs	balancing	poss-acc	sov	SV	APV	100	1.0	0	0.0	3.0482416677474977	bos_eos
seed_44	1_8_tran_VP_order	08_1_8_tran_VP_order	fig:heatmap-8-tran-vp-order	1.8 Transitive V--P order	10_sov_gn_er_b_ep	sov	gn	erg-abs	balancing	erg-poss	sov	SV	APV	100	1.0	0	0.0	2.991931037902832	bos_eos
seed_44	1_8_tran_VP_order	08_1_8_tran_VP_order	fig:heatmap-8-tran-vp-order	1.8 Transitive V--P order	11_sov_gn_er_b_no	sov	gn	erg-abs	balancing	nomn	sov	SV	APV	100	1.0	0	0.0	2.959028115272522	bos_eos
seed_44	1_8_tran_VP_order	08_1_8_tran_VP_order	fig:heatmap-8-tran-vp-order	1.8 Transitive V--P order	12_sov_gn_er_d_se	sov	gn	erg-abs	deranking	sent	sov	SV	APV	100	1.0	0	0.0	2.944907670021057	bos_eos
seed_44	1_8_tran_VP_order	08_1_8_tran_VP_order	fig:heatmap-8-tran-vp-order	1.8 Transitive V--P order	13_sov_gn_er_d_pa	sov	gn	erg-abs	deranking	poss-acc	sov	SV	APV	100	1.0	0	0.0	3.0142416167259216	bos_eos
seed_44	1_8_tran_VP_order	08_1_8_tran_VP_order	fig:heatmap-8-tran-vp-order	1.8 Transitive V--P order	14_sov_gn_er_d_ep	sov	gn	erg-abs	deranking	erg-poss	sov	SV	APV	100	1.0	0	0.0	3.121523334980011	bos_eos
seed_44	1_8_tran_VP_order	08_1_8_tran_VP_order	fig:heatmap-8-tran-vp-order	1.8 Transitive V--P order	15_sov_gn_er_d_no	sov	gn	erg-abs	deranking	nomn	sov	SV	APV	100	1.0	0	0.0	2.9948343515396116	bos_eos
seed_44	1_8_tran_VP_order	08_1_8_tran_VP_order	fig:heatmap-8-tran-vp-order	1.8 Transitive V--P order	16_sov_ng_ac_b_se	sov	ng	nom-acc	balancing	sent	sov	SV	APV	100	1.0	0	0.0	2.684412693977356	bos_eos
seed_44	1_8_tran_VP_order	08_1_8_tran_VP_order	fig:heatmap-8-tran-vp-order	1.8 Transitive V--P order	17_sov_ng_ac_b_pa	sov	ng	nom-acc	balancing	poss-acc	ovs	VS	PVA	100	1.0	0	0.0	2.4203162813186645	bos_eos
seed_44	1_8_tran_VP_order	08_1_8_tran_VP_order	fig:heatmap-8-tran-vp-order	1.8 Transitive V--P order	18_sov_ng_ac_b_ep	sov	ng	nom-acc	balancing	erg-poss	vos	VS	AVP	100	1.0	0	0.0	2.600052716732025	bos_eos
seed_44	1_8_tran_VP_order	08_1_8_tran_VP_order	fig:heatmap-8-tran-vp-order	1.8 Transitive V--P order	19_sov_ng_ac_b_no	sov	ng	nom-acc	balancing	nomn	ovs	VS	PVA	100	1.0	0	0.0	2.815774335861206	bos_eos
seed_44	1_8_tran_VP_order	08_1_8_tran_VP_order	fig:heatmap-8-tran-vp-order	1.8 Transitive V--P order	20_sov_ng_ac_d_se	sov	ng	nom-acc	deranking	sent	sov	SV	APV	100	1.0	0	0.0	2.938577787876129	bos_eos
seed_44	1_8_tran_VP_order	08_1_8_tran_VP_order	fig:heatmap-8-tran-vp-order	1.8 Transitive V--P order	21_sov_ng_ac_d_pa	sov	ng	nom-acc	deranking	poss-acc	ovs	VS	PVA	100	1.0	0	0.0	2.7600265645980837	bos_eos
seed_44	1_8_tran_VP_order	08_1_8_tran_VP_order	fig:heatmap-8-tran-vp-order	1.8 Transitive V--P order	22_sov_ng_ac_d_ep	sov	ng	nom-acc	deranking	erg-poss	vos	VS	AVP	100	1.0	0	0.0	2.8307160758972167	bos_eos
seed_44	1_8_tran_VP_order	08_1_8_tran_VP_order	fig:heatmap-8-tran-vp-order	1.8 Transitive V--P order	23_sov_ng_ac_d_no	sov	ng	nom-acc	deranking	nomn	ovs	VS	PVA	100	1.0	0	0.0	3.045865762233734	bos_eos
seed_44	1_8_tran_VP_order	08_1_8_tran_VP_order	fig:heatmap-8-tran-vp-order	1.8 Transitive V--P order	24_sov_ng_er_b_se	sov	ng	erg-abs	balancing	sent	sov	SV	APV	100	1.0	0	0.0	2.4583778023719787	bos_eos
seed_44	1_8_tran_VP_order	08_1_8_tran_VP_order	fig:heatmap-8-tran-vp-order	1.8 Transitive V--P order	25_sov_ng_er_b_pa	sov	ng	erg-abs	balancing	poss-acc	ovs	VS	PVA	100	1.0	0	0.0	2.570457947254181	bos_eos
seed_44	1_8_tran_VP_order	08_1_8_tran_VP_order	fig:heatmap-8-tran-vp-order	1.8 Transitive V--P order	26_sov_ng_er_b_ep	sov	ng	erg-abs	balancing	erg-poss	vos	VS	AVP	100	1.0	0	0.0	2.6096816563606264	bos_eos
seed_44	1_8_tran_VP_order	08_1_8_tran_VP_order	fig:heatmap-8-tran-vp-order	1.8 Transitive V--P order	27_sov_ng_er_b_no	sov	ng	erg-abs	balancing	nomn	ovs	VS	PVA	100	1.0	0	0.0	2.7127263855934145	bos_eos
seed_44	1_8_tran_VP_order	08_1_8_tran_VP_order	fig:heatmap-8-tran-vp-order	1.8 Transitive V--P order	28_sov_ng_er_d_se	sov	ng	erg-abs	deranking	sent	sov	SV	APV	100	1.0	0	0.0	2.787603707313538	bos_eos
seed_44	1_8_tran_VP_order	08_1_8_tran_VP_order	fig:heatmap-8-tran-vp-order	1.8 Transitive V--P order	29_sov_ng_er_d_pa	sov	ng	erg-abs	deranking	poss-acc	ovs	VS	PVA	100	1.0	0	0.0	2.7307912850379945	bos_eos
seed_44	1_8_tran_VP_order	08_1_8_tran_VP_order	fig:heatmap-8-tran-vp-order	1.8 Transitive V--P order	30_sov_ng_er_d_ep	sov	ng	erg-abs	deranking	erg-poss	vos	VS	AVP	100	1.0	0	0.0	2.754396162033081	bos_eos
seed_44	1_8_tran_VP_order	08_1_8_tran_VP_order	fig:heatmap-8-tran-vp-order	1.8 Transitive V--P order	31_sov_ng_er_d_no	sov	ng	erg-abs	deranking	nomn	ovs	VS	PVA	100	1.0	0	0.0	2.7546899199485777	bos_eos
seed_44	1_8_tran_VP_order	08_1_8_tran_VP_order	fig:heatmap-8-tran-vp-order	1.8 Transitive V--P order	32_svo_gn_ac_b_se	svo	gn	nom-acc	balancing	sent	svo	SV	AVP	100	1.0	0	0.0	2.315254662036896	bos_eos
seed_44	1_8_tran_VP_order	08_1_8_tran_VP_order	fig:heatmap-8-tran-vp-order	1.8 Transitive V--P order	33_svo_gn_ac_b_pa	svo	gn	nom-acc	balancing	poss-acc	svo	SV	AVP	100	1.0	0	0.0	2.2649951505661012	bos_eos
seed_44	1_8_tran_VP_order	08_1_8_tran_VP_order	fig:heatmap-8-tran-vp-order	1.8 Transitive V--P order	34_svo_gn_ac_b_ep	svo	gn	nom-acc	balancing	erg-poss	sov	SV	PVA	100	1.0	0	0.0	3.3402784872055054	bos_eos
seed_44	1_8_tran_VP_order	08_1_8_tran_VP_order	fig:heatmap-8-tran-vp-order	1.8 Transitive V--P order	35_svo_gn_ac_b_no	svo	gn	nom-acc	balancing	nomn	svo	SV	AVP	100	1.0	0	0.0	3.213367862701416	bos_eos
seed_44	1_8_tran_VP_order	08_1_8_tran_VP_order	fig:heatmap-8-tran-vp-order	1.8 Transitive V--P order	36_svo_gn_ac_d_se	svo	gn	nom-acc	deranking	sent	svo	SV	AVP	100	1.0	0	0.0	2.2854094290733338	bos_eos
seed_44	1_8_tran_VP_order	08_1_8_tran_VP_order	fig:heatmap-8-tran-vp-order	1.8 Transitive V--P order	37_svo_gn_ac_d_pa	svo	gn	nom-acc	deranking	poss-acc	svo	SV	AVP	100	1.0	0	0.0	2.2965728998184205	bos_eos
seed_44	1_8_tran_VP_order	08_1_8_tran_VP_order	fig:heatmap-8-tran-vp-order	1.8 Transitive V--P order	38_svo_gn_ac_d_ep	svo	gn	nom-acc	deranking	erg-poss	sov	SV	PVA	100	1.0	0	0.0	3.0156399703025816	bos_eos
seed_44	1_8_tran_VP_order	08_1_8_tran_VP_order	fig:heatmap-8-tran-vp-order	1.8 Transitive V--P order	39_svo_gn_ac_d_no	svo	gn	nom-acc	deranking	nomn	svo	SV	AVP	100	1.0	0	0.0	3.0119605016708375	bos_eos
seed_44	1_8_tran_VP_order	08_1_8_tran_VP_order	fig:heatmap-8-tran-vp-order	1.8 Transitive V--P order	40_svo_gn_er_b_se	svo	gn	erg-abs	balancing	sent	svo	SV	AVP	100	1.0	0	0.0	1.8494825839996338	bos_eos
seed_44	1_8_tran_VP_order	08_1_8_tran_VP_order	fig:heatmap-8-tran-vp-order	1.8 Transitive V--P order	41_svo_gn_er_b_pa	svo	gn	erg-abs	balancing	poss-acc	svo	SV	AVP	100	1.0	0	0.0	2.013601026535034	bos_eos
seed_44	1_8_tran_VP_order	08_1_8_tran_VP_order	fig:heatmap-8-tran-vp-order	1.8 Transitive V--P order	42_svo_gn_er_b_ep	svo	gn	erg-abs	balancing	erg-poss	sov	SV	PVA	100	1.0	0	0.0	2.1535948014259336	bos_eos
seed_44	1_8_tran_VP_order	08_1_8_tran_VP_order	fig:heatmap-8-tran-vp-order	1.8 Transitive V--P order	43_svo_gn_er_b_no	svo	gn	erg-abs	balancing	nomn	svo	SV	AVP	100	1.0	0	0.0	2.1068960523605345	bos_eos
seed_44	1_8_tran_VP_order	08_1_8_tran_VP_order	fig:heatmap-8-tran-vp-order	1.8 Transitive V--P order	44_svo_gn_er_d_se	svo	gn	erg-abs	deranking	sent	svo	SV	AVP	100	1.0	0	0.0	2.1532348346710206	bos_eos
seed_44	1_8_tran_VP_order	08_1_8_tran_VP_order	fig:heatmap-8-tran-vp-order	1.8 Transitive V--P order	45_svo_gn_er_d_pa	svo	gn	erg-abs	deranking	poss-acc	svo	SV	AVP	100	1.0	0	0.0	2.297433135509491	bos_eos
seed_44	1_8_tran_VP_order	08_1_8_tran_VP_order	fig:heatmap-8-tran-vp-order	1.8 Transitive V--P order	46_svo_gn_er_d_ep	svo	gn	erg-abs	deranking	erg-poss	sov	SV	PVA	100	1.0	0	0.0	2.33927298784256	bos_eos
seed_44	1_8_tran_VP_order	08_1_8_tran_VP_order	fig:heatmap-8-tran-vp-order	1.8 Transitive V--P order	47_svo_gn_er_d_no	svo	gn	erg-abs	deranking	nomn	svo	SV	AVP	100	1.0	0	0.0	2.2638425254821777	bos_eos
seed_44	1_8_tran_VP_order	08_1_8_tran_VP_order	fig:heatmap-8-tran-vp-order	1.8 Transitive V--P order	48_svo_ng_ac_b_se	svo	ng	nom-acc	balancing	sent	svo	SV	AVP	100	1.0	0	0.0	2.2287415528297423	bos_eos
seed_44	1_8_tran_VP_order	08_1_8_tran_VP_order	fig:heatmap-8-tran-vp-order	1.8 Transitive V--P order	49_svo_ng_ac_b_pa	svo	ng	nom-acc	balancing	poss-acc	vos	VS	VPA	100	1.0	0	0.0	2.2469862651824952	bos_eos
seed_44	1_8_tran_VP_order	08_1_8_tran_VP_order	fig:heatmap-8-tran-vp-order	1.8 Transitive V--P order	50_svo_ng_ac_b_ep	svo	ng	nom-acc	balancing	erg-poss	vos	VS	VPA	100	1.0	0	0.0	2.9330959129333496	bos_eos
seed_44	1_8_tran_VP_order	08_1_8_tran_VP_order	fig:heatmap-8-tran-vp-order	1.8 Transitive V--P order	51_svo_ng_ac_b_no	svo	ng	nom-acc	balancing	nomn	vos	VS	VPA	100	1.0	0	0.0	2.9269760274887084	bos_eos
seed_44	1_8_tran_VP_order	08_1_8_tran_VP_order	fig:heatmap-8-tran-vp-order	1.8 Transitive V--P order	52_svo_ng_ac_d_se	svo	ng	nom-acc	deranking	sent	svo	SV	AVP	100	1.0	0	0.0	2.255823154449463	bos_eos
seed_44	1_8_tran_VP_order	08_1_8_tran_VP_order	fig:heatmap-8-tran-vp-order	1.8 Transitive V--P order	53_svo_ng_ac_d_pa	svo	ng	nom-acc	deranking	poss-acc	vos	VS	VPA	100	1.0	0	0.0	2.2054707527160646	bos_eos
seed_44	1_8_tran_VP_order	08_1_8_tran_VP_order	fig:heatmap-8-tran-vp-order	1.8 Transitive V--P order	54_svo_ng_ac_d_ep	svo	ng	nom-acc	deranking	erg-poss	vos	VS	VPA	100	1.0	0	0.0	2.4682843852043153	bos_eos
seed_44	1_8_tran_VP_order	08_1_8_tran_VP_order	fig:heatmap-8-tran-vp-order	1.8 Transitive V--P order	55_svo_ng_ac_d_no	svo	ng	nom-acc	deranking	nomn	vos	VS	VPA	100	1.0	0	0.0	2.7226304173469544	bos_eos
seed_44	1_8_tran_VP_order	08_1_8_tran_VP_order	fig:heatmap-8-tran-vp-order	1.8 Transitive V--P order	56_svo_ng_er_b_se	svo	ng	erg-abs	balancing	sent	svo	SV	AVP	100	1.0	0	0.0	1.8617288517951964	bos_eos
seed_44	1_8_tran_VP_order	08_1_8_tran_VP_order	fig:heatmap-8-tran-vp-order	1.8 Transitive V--P order	57_svo_ng_er_b_pa	svo	ng	erg-abs	balancing	poss-acc	vos	VS	VPA	100	1.0	0	0.0	2.0896652579307555	bos_eos
seed_44	1_8_tran_VP_order	08_1_8_tran_VP_order	fig:heatmap-8-tran-vp-order	1.8 Transitive V--P order	58_svo_ng_er_b_ep	svo	ng	erg-abs	balancing	erg-poss	vos	VS	VPA	100	1.0	0	0.0	2.186642599105835	bos_eos
seed_44	1_8_tran_VP_order	08_1_8_tran_VP_order	fig:heatmap-8-tran-vp-order	1.8 Transitive V--P order	59_svo_ng_er_b_no	svo	ng	erg-abs	balancing	nomn	vos	VS	VPA	100	1.0	0	0.0	2.1168016505241396	bos_eos
seed_44	1_8_tran_VP_order	08_1_8_tran_VP_order	fig:heatmap-8-tran-vp-order	1.8 Transitive V--P order	60_svo_ng_er_d_se	svo	ng	erg-abs	deranking	sent	svo	SV	AVP	100	1.0	0	0.0	1.928918182849884	bos_eos
seed_44	1_8_tran_VP_order	08_1_8_tran_VP_order	fig:heatmap-8-tran-vp-order	1.8 Transitive V--P order	61_svo_ng_er_d_pa	svo	ng	erg-abs	deranking	poss-acc	vos	VS	VPA	100	1.0	0	0.0	1.8743514490127564	bos_eos
seed_44	1_8_tran_VP_order	08_1_8_tran_VP_order	fig:heatmap-8-tran-vp-order	1.8 Transitive V--P order	62_svo_ng_er_d_ep	svo	ng	erg-abs	deranking	erg-poss	vos	VS	VPA	100	1.0	0	0.0	1.9950734329223634	bos_eos
seed_44	1_8_tran_VP_order	08_1_8_tran_VP_order	fig:heatmap-8-tran-vp-order	1.8 Transitive V--P order	63_svo_ng_er_d_no	svo	ng	erg-abs	deranking	nomn	vos	VS	VPA	100	1.0	0	0.0	2.3341677021980285	bos_eos
seed_44	1_8_tran_VP_order	08_1_8_tran_VP_order	fig:heatmap-8-tran-vp-order	1.8 Transitive V--P order	64_vos_gn_ac_b_se	vos	gn	nom-acc	balancing	sent	vos	VS	VPA	100	1.0	0	0.0	3.18400493144989	bos_eos
seed_44	1_8_tran_VP_order	08_1_8_tran_VP_order	fig:heatmap-8-tran-vp-order	1.8 Transitive V--P order	65_vos_gn_ac_b_pa	vos	gn	nom-acc	balancing	poss-acc	svo	SV	AVP	100	1.0	0	0.0	3.3153773748874666	bos_eos
seed_44	1_8_tran_VP_order	08_1_8_tran_VP_order	fig:heatmap-8-tran-vp-order	1.8 Transitive V--P order	66_vos_gn_ac_b_ep	vos	gn	nom-acc	balancing	erg-poss	sov	SV	PVA	100	1.0	0	0.0	3.2487238442897794	bos_eos
seed_44	1_8_tran_VP_order	08_1_8_tran_VP_order	fig:heatmap-8-tran-vp-order	1.8 Transitive V--P order	67_vos_gn_ac_b_no	vos	gn	nom-acc	balancing	nomn	svo	SV	AVP	100	1.0	0	0.0	3.305738041400909	bos_eos
seed_44	1_8_tran_VP_order	08_1_8_tran_VP_order	fig:heatmap-8-tran-vp-order	1.8 Transitive V--P order	68_vos_gn_ac_d_se	vos	gn	nom-acc	deranking	sent	vos	VS	VPA	100	1.0	0	0.0	4.565873969793319	bos_eos
seed_44	1_8_tran_VP_order	08_1_8_tran_VP_order	fig:heatmap-8-tran-vp-order	1.8 Transitive V--P order	69_vos_gn_ac_d_pa	vos	gn	nom-acc	deranking	poss-acc	svo	SV	AVP	100	1.0	0	0.0	4.547542791366578	bos_eos
seed_44	1_8_tran_VP_order	08_1_8_tran_VP_order	fig:heatmap-8-tran-vp-order	1.8 Transitive V--P order	70_vos_gn_ac_d_ep	vos	gn	nom-acc	deranking	erg-poss	sov	SV	PVA	100	1.0	0	0.0	4.726242022514343	bos_eos
seed_44	1_8_tran_VP_order	08_1_8_tran_VP_order	fig:heatmap-8-tran-vp-order	1.8 Transitive V--P order	71_vos_gn_ac_d_no	vos	gn	nom-acc	deranking	nomn	svo	SV	AVP	100	1.0	0	0.0	4.508034698963165	bos_eos
seed_44	1_8_tran_VP_order	08_1_8_tran_VP_order	fig:heatmap-8-tran-vp-order	1.8 Transitive V--P order	72_vos_gn_er_b_se	vos	gn	erg-abs	balancing	sent	vos	VS	VPA	100	1.0	0	0.0	3.535806272029877	bos_eos
seed_44	1_8_tran_VP_order	08_1_8_tran_VP_order	fig:heatmap-8-tran-vp-order	1.8 Transitive V--P order	73_vos_gn_er_b_pa	vos	gn	erg-abs	balancing	poss-acc	svo	SV	AVP	100	1.0	0	0.0	3.4141535961627962	bos_eos
seed_44	1_8_tran_VP_order	08_1_8_tran_VP_order	fig:heatmap-8-tran-vp-order	1.8 Transitive V--P order	74_vos_gn_er_b_ep	vos	gn	erg-abs	balancing	erg-poss	sov	SV	PVA	100	1.0	0	0.0	3.2490303039550783	bos_eos
seed_44	1_8_tran_VP_order	08_1_8_tran_VP_order	fig:heatmap-8-tran-vp-order	1.8 Transitive V--P order	75_vos_gn_er_b_no	vos	gn	erg-abs	balancing	nomn	svo	SV	AVP	100	1.0	0	0.0	3.5329967546463013	bos_eos
seed_44	1_8_tran_VP_order	08_1_8_tran_VP_order	fig:heatmap-8-tran-vp-order	1.8 Transitive V--P order	76_vos_gn_er_d_se	vos	gn	erg-abs	deranking	sent	vos	VS	VPA	100	1.0	0	0.0	3.953534508943558	bos_eos
seed_44	1_8_tran_VP_order	08_1_8_tran_VP_order	fig:heatmap-8-tran-vp-order	1.8 Transitive V--P order	77_vos_gn_er_d_pa	vos	gn	erg-abs	deranking	poss-acc	svo	SV	AVP	100	1.0	0	0.0	4.032940784692764	bos_eos
seed_44	1_8_tran_VP_order	08_1_8_tran_VP_order	fig:heatmap-8-tran-vp-order	1.8 Transitive V--P order	78_vos_gn_er_d_ep	vos	gn	erg-abs	deranking	erg-poss	sov	SV	PVA	100	1.0	0	0.0	3.9240314424037934	bos_eos
seed_44	1_8_tran_VP_order	08_1_8_tran_VP_order	fig:heatmap-8-tran-vp-order	1.8 Transitive V--P order	79_vos_gn_er_d_no	vos	gn	erg-abs	deranking	nomn	svo	SV	AVP	100	1.0	0	0.0	4.072908368110657	bos_eos
seed_44	1_8_tran_VP_order	08_1_8_tran_VP_order	fig:heatmap-8-tran-vp-order	1.8 Transitive V--P order	80_vos_ng_ac_b_se	vos	ng	nom-acc	balancing	sent	vos	VS	VPA	100	1.0	0	0.0	3.098447049856186	bos_eos
seed_44	1_8_tran_VP_order	08_1_8_tran_VP_order	fig:heatmap-8-tran-vp-order	1.8 Transitive V--P order	81_vos_ng_ac_b_pa	vos	ng	nom-acc	balancing	poss-acc	vos	VS	VPA	100	1.0	0	0.0	3.1259198749065398	bos_eos
seed_44	1_8_tran_VP_order	08_1_8_tran_VP_order	fig:heatmap-8-tran-vp-order	1.8 Transitive V--P order	82_vos_ng_ac_b_ep	vos	ng	nom-acc	balancing	erg-poss	vos	VS	VPA	100	1.0	0	0.0	3.045826824903488	bos_eos
seed_44	1_8_tran_VP_order	08_1_8_tran_VP_order	fig:heatmap-8-tran-vp-order	1.8 Transitive V--P order	83_vos_ng_ac_b_no	vos	ng	nom-acc	balancing	nomn	vos	VS	VPA	100	1.0	0	0.0	3.2015136110782625	bos_eos
seed_44	1_8_tran_VP_order	08_1_8_tran_VP_order	fig:heatmap-8-tran-vp-order	1.8 Transitive V--P order	84_vos_ng_ac_d_se	vos	ng	nom-acc	deranking	sent	vos	VS	VPA	100	1.0	0	0.0	4.323245913982391	bos_eos
seed_44	1_8_tran_VP_order	08_1_8_tran_VP_order	fig:heatmap-8-tran-vp-order	1.8 Transitive V--P order	85_vos_ng_ac_d_pa	vos	ng	nom-acc	deranking	poss-acc	vos	VS	VPA	100	1.0	0	0.0	4.3658072412014	bos_eos
seed_44	1_8_tran_VP_order	08_1_8_tran_VP_order	fig:heatmap-8-tran-vp-order	1.8 Transitive V--P order	86_vos_ng_ac_d_ep	vos	ng	nom-acc	deranking	erg-poss	vos	VS	VPA	100	1.0	0	0.0	4.2858800137043	bos_eos
seed_44	1_8_tran_VP_order	08_1_8_tran_VP_order	fig:heatmap-8-tran-vp-order	1.8 Transitive V--P order	87_vos_ng_ac_d_no	vos	ng	nom-acc	deranking	nomn	vos	VS	VPA	100	1.0	0	0.0	4.279617809057235	bos_eos
seed_44	1_8_tran_VP_order	08_1_8_tran_VP_order	fig:heatmap-8-tran-vp-order	1.8 Transitive V--P order	88_vos_ng_er_b_se	vos	ng	erg-abs	balancing	sent	vos	VS	VPA	100	1.0	0	0.0	3.128916096687317	bos_eos
seed_44	1_8_tran_VP_order	08_1_8_tran_VP_order	fig:heatmap-8-tran-vp-order	1.8 Transitive V--P order	89_vos_ng_er_b_pa	vos	ng	erg-abs	balancing	poss-acc	vos	VS	VPA	100	1.0	0	0.0	3.259488455057144	bos_eos
seed_44	1_8_tran_VP_order	08_1_8_tran_VP_order	fig:heatmap-8-tran-vp-order	1.8 Transitive V--P order	90_vos_ng_er_b_ep	vos	ng	erg-abs	balancing	erg-poss	vos	VS	VPA	100	1.0	0	0.0	3.4169134962558747	bos_eos
seed_44	1_8_tran_VP_order	08_1_8_tran_VP_order	fig:heatmap-8-tran-vp-order	1.8 Transitive V--P order	91_vos_ng_er_b_no	vos	ng	erg-abs	balancing	nomn	vos	VS	VPA	100	1.0	0	0.0	3.4102917551994323	bos_eos
seed_44	1_8_tran_VP_order	08_1_8_tran_VP_order	fig:heatmap-8-tran-vp-order	1.8 Transitive V--P order	92_vos_ng_er_d_se	vos	ng	erg-abs	deranking	sent	vos	VS	VPA	100	1.0	0	0.0	3.6764037454128267	bos_eos
seed_44	1_8_tran_VP_order	08_1_8_tran_VP_order	fig:heatmap-8-tran-vp-order	1.8 Transitive V--P order	93_vos_ng_er_d_pa	vos	ng	erg-abs	deranking	poss-acc	vos	VS	VPA	100	1.0	0	0.0	3.8769251453876494	bos_eos
seed_44	1_8_tran_VP_order	08_1_8_tran_VP_order	fig:heatmap-8-tran-vp-order	1.8 Transitive V--P order	94_vos_ng_er_d_ep	vos	ng	erg-abs	deranking	erg-poss	vos	VS	VPA	100	1.0	0	0.0	3.9490617501735685	bos_eos
seed_44	1_8_tran_VP_order	08_1_8_tran_VP_order	fig:heatmap-8-tran-vp-order	1.8 Transitive V--P order	95_vos_ng_er_d_no	vos	ng	erg-abs	deranking	nomn	vos	VS	VPA	100	1.0	0	0.0	3.885097762346268	bos_eos
seed_44	1_9_intran_V_valency	09_1_9_intran_V_valency	fig:heatmap-9-intran-v-valency	1.9 Intransitive V valency	00_sov_gn_ac_b_se	sov	gn	nom-acc	balancing	sent	sov	SV	APV	100	0.74	0	0.0	0.5966915440559387	bos_eos
seed_44	1_9_intran_V_valency	09_1_9_intran_V_valency	fig:heatmap-9-intran-v-valency	1.9 Intransitive V valency	01_sov_gn_ac_b_pa	sov	gn	nom-acc	balancing	poss-acc	sov	SV	APV	100	0.73	0	0.0	0.6052464008331299	bos_eos
seed_44	1_9_intran_V_valency	09_1_9_intran_V_valency	fig:heatmap-9-intran-v-valency	1.9 Intransitive V valency	02_sov_gn_ac_b_ep	sov	gn	nom-acc	balancing	erg-poss	sov	SV	APV	100	0.74	0	0.0	0.5265269947052001	bos_eos
seed_44	1_9_intran_V_valency	09_1_9_intran_V_valency	fig:heatmap-9-intran-v-valency	1.9 Intransitive V valency	03_sov_gn_ac_b_no	sov	gn	nom-acc	balancing	nomn	sov	SV	APV	100	0.72	0	0.0	0.5548190927505493	bos_eos
seed_44	1_9_intran_V_valency	09_1_9_intran_V_valency	fig:heatmap-9-intran-v-valency	1.9 Intransitive V valency	04_sov_gn_ac_d_se	sov	gn	nom-acc	deranking	sent	sov	SV	APV	100	0.72	0	0.0	0.46917487621307374	bos_eos
seed_44	1_9_intran_V_valency	09_1_9_intran_V_valency	fig:heatmap-9-intran-v-valency	1.9 Intransitive V valency	05_sov_gn_ac_d_pa	sov	gn	nom-acc	deranking	poss-acc	sov	SV	APV	100	0.72	0	0.0	0.48309544324874876	bos_eos
seed_44	1_9_intran_V_valency	09_1_9_intran_V_valency	fig:heatmap-9-intran-v-valency	1.9 Intransitive V valency	06_sov_gn_ac_d_ep	sov	gn	nom-acc	deranking	erg-poss	sov	SV	APV	100	0.76	0	0.0	0.5739579153060913	bos_eos
seed_44	1_9_intran_V_valency	09_1_9_intran_V_valency	fig:heatmap-9-intran-v-valency	1.9 Intransitive V valency	07_sov_gn_ac_d_no	sov	gn	nom-acc	deranking	nomn	sov	SV	APV	100	0.74	0	0.0	0.5025827288627625	bos_eos
seed_44	1_9_intran_V_valency	09_1_9_intran_V_valency	fig:heatmap-9-intran-v-valency	1.9 Intransitive V valency	08_sov_gn_er_b_se	sov	gn	erg-abs	balancing	sent	sov	SV	APV	100	0.66	0	0.0	0.31141143798828125	bos_eos
seed_44	1_9_intran_V_valency	09_1_9_intran_V_valency	fig:heatmap-9-intran-v-valency	1.9 Intransitive V valency	09_sov_gn_er_b_pa	sov	gn	erg-abs	balancing	poss-acc	sov	SV	APV	100	0.64	0	0.0	0.23718067169189452	bos_eos
seed_44	1_9_intran_V_valency	09_1_9_intran_V_valency	fig:heatmap-9-intran-v-valency	1.9 Intransitive V valency	10_sov_gn_er_b_ep	sov	gn	erg-abs	balancing	erg-poss	sov	SV	APV	100	0.65	0	0.0	0.2587782669067383	bos_eos
seed_44	1_9_intran_V_valency	09_1_9_intran_V_valency	fig:heatmap-9-intran-v-valency	1.9 Intransitive V valency	11_sov_gn_er_b_no	sov	gn	erg-abs	balancing	nomn	sov	SV	APV	100	0.65	0	0.0	0.2752490973472595	bos_eos
seed_44	1_9_intran_V_valency	09_1_9_intran_V_valency	fig:heatmap-9-intran-v-valency	1.9 Intransitive V valency	12_sov_gn_er_d_se	sov	gn	erg-abs	deranking	sent	sov	SV	APV	100	0.66	0	0.0	0.37543884992599486	bos_eos
seed_44	1_9_intran_V_valency	09_1_9_intran_V_valency	fig:heatmap-9-intran-v-valency	1.9 Intransitive V valency	13_sov_gn_er_d_pa	sov	gn	erg-abs	deranking	poss-acc	sov	SV	APV	100	0.68	0	0.0	0.3004043221473694	bos_eos
seed_44	1_9_intran_V_valency	09_1_9_intran_V_valency	fig:heatmap-9-intran-v-valency	1.9 Intransitive V valency	14_sov_gn_er_d_ep	sov	gn	erg-abs	deranking	erg-poss	sov	SV	APV	100	0.66	0	0.0	0.2886679816246033	bos_eos
seed_44	1_9_intran_V_valency	09_1_9_intran_V_valency	fig:heatmap-9-intran-v-valency	1.9 Intransitive V valency	15_sov_gn_er_d_no	sov	gn	erg-abs	deranking	nomn	sov	SV	APV	100	0.65	0	0.0	0.2635053658485413	bos_eos
seed_44	1_9_intran_V_valency	09_1_9_intran_V_valency	fig:heatmap-9-intran-v-valency	1.9 Intransitive V valency	16_sov_ng_ac_b_se	sov	ng	nom-acc	balancing	sent	sov	SV	APV	100	0.71	0	0.0	0.5114375472068786	bos_eos
seed_44	1_9_intran_V_valency	09_1_9_intran_V_valency	fig:heatmap-9-intran-v-valency	1.9 Intransitive V valency	17_sov_ng_ac_b_pa	sov	ng	nom-acc	balancing	poss-acc	ovs	VS	PVA	100	0.68	0	0.0	0.4122218322753906	bos_eos
seed_44	1_9_intran_V_valency	09_1_9_intran_V_valency	fig:heatmap-9-intran-v-valency	1.9 Intransitive V valency	18_sov_ng_ac_b_ep	sov	ng	nom-acc	balancing	erg-poss	vos	VS	AVP	100	0.68	0	0.0	0.3907319474220276	bos_eos
seed_44	1_9_intran_V_valency	09_1_9_intran_V_valency	fig:heatmap-9-intran-v-valency	1.9 Intransitive V valency	19_sov_ng_ac_b_no	sov	ng	nom-acc	balancing	nomn	ovs	VS	PVA	100	0.71	0	0.0	0.434138605594635	bos_eos
seed_44	1_9_intran_V_valency	09_1_9_intran_V_valency	fig:heatmap-9-intran-v-valency	1.9 Intransitive V valency	20_sov_ng_ac_d_se	sov	ng	nom-acc	deranking	sent	sov	SV	APV	100	0.71	0	0.0	0.44191387176513675	bos_eos
seed_44	1_9_intran_V_valency	09_1_9_intran_V_valency	fig:heatmap-9-intran-v-valency	1.9 Intransitive V valency	21_sov_ng_ac_d_pa	sov	ng	nom-acc	deranking	poss-acc	ovs	VS	PVA	100	0.66	0	0.0	0.3008469343185425	bos_eos
seed_44	1_9_intran_V_valency	09_1_9_intran_V_valency	fig:heatmap-9-intran-v-valency	1.9 Intransitive V valency	22_sov_ng_ac_d_ep	sov	ng	nom-acc	deranking	erg-poss	vos	VS	AVP	100	0.68	0	0.0	0.3521242022514343	bos_eos
seed_44	1_9_intran_V_valency	09_1_9_intran_V_valency	fig:heatmap-9-intran-v-valency	1.9 Intransitive V valency	23_sov_ng_ac_d_no	sov	ng	nom-acc	deranking	nomn	ovs	VS	PVA	100	0.66	0	0.0	0.3632745862007141	bos_eos
seed_44	1_9_intran_V_valency	09_1_9_intran_V_valency	fig:heatmap-9-intran-v-valency	1.9 Intransitive V valency	24_sov_ng_er_b_se	sov	ng	erg-abs	balancing	sent	sov	SV	APV	100	0.66	0	0.0	0.3170474648475647	bos_eos
seed_44	1_9_intran_V_valency	09_1_9_intran_V_valency	fig:heatmap-9-intran-v-valency	1.9 Intransitive V valency	25_sov_ng_er_b_pa	sov	ng	erg-abs	balancing	poss-acc	ovs	VS	PVA	100	0.63	0	0.0	0.3098611903190613	bos_eos
seed_44	1_9_intran_V_valency	09_1_9_intran_V_valency	fig:heatmap-9-intran-v-valency	1.9 Intransitive V valency	26_sov_ng_er_b_ep	sov	ng	erg-abs	balancing	erg-poss	vos	VS	AVP	100	0.64	0	0.0	0.32534353733062743	bos_eos
seed_44	1_9_intran_V_valency	09_1_9_intran_V_valency	fig:heatmap-9-intran-v-valency	1.9 Intransitive V valency	27_sov_ng_er_b_no	sov	ng	erg-abs	balancing	nomn	ovs	VS	PVA	100	0.65	0	0.0	0.3275196146965027	bos_eos
seed_44	1_9_intran_V_valency	09_1_9_intran_V_valency	fig:heatmap-9-intran-v-valency	1.9 Intransitive V valency	28_sov_ng_er_d_se	sov	ng	erg-abs	deranking	sent	sov	SV	APV	100	0.65	0	0.0	0.25458488464355467	bos_eos
seed_44	1_9_intran_V_valency	09_1_9_intran_V_valency	fig:heatmap-9-intran-v-valency	1.9 Intransitive V valency	29_sov_ng_er_d_pa	sov	ng	erg-abs	deranking	poss-acc	ovs	VS	PVA	100	0.62	0	0.0	0.21652323722839356	bos_eos
seed_44	1_9_intran_V_valency	09_1_9_intran_V_valency	fig:heatmap-9-intran-v-valency	1.9 Intransitive V valency	30_sov_ng_er_d_ep	sov	ng	erg-abs	deranking	erg-poss	vos	VS	AVP	100	0.7	0	0.0	0.32161608695983884	bos_eos
seed_44	1_9_intran_V_valency	09_1_9_intran_V_valency	fig:heatmap-9-intran-v-valency	1.9 Intransitive V valency	31_sov_ng_er_d_no	sov	ng	erg-abs	deranking	nomn	ovs	VS	PVA	100	0.67	0	0.0	0.3201344203948975	bos_eos
seed_44	1_9_intran_V_valency	09_1_9_intran_V_valency	fig:heatmap-9-intran-v-valency	1.9 Intransitive V valency	32_svo_gn_ac_b_se	svo	gn	nom-acc	balancing	sent	svo	SV	AVP	100	0.76	0	0.0	0.7384975004196167	bos_eos
seed_44	1_9_intran_V_valency	09_1_9_intran_V_valency	fig:heatmap-9-intran-v-valency	1.9 Intransitive V valency	33_svo_gn_ac_b_pa	svo	gn	nom-acc	balancing	poss-acc	svo	SV	AVP	100	0.77	0	0.0	0.7364477515220642	bos_eos
seed_44	1_9_intran_V_valency	09_1_9_intran_V_valency	fig:heatmap-9-intran-v-valency	1.9 Intransitive V valency	34_svo_gn_ac_b_ep	svo	gn	nom-acc	balancing	erg-poss	sov	SV	PVA	100	0.79	0	0.0	0.7653443574905395	bos_eos
seed_44	1_9_intran_V_valency	09_1_9_intran_V_valency	fig:heatmap-9-intran-v-valency	1.9 Intransitive V valency	35_svo_gn_ac_b_no	svo	gn	nom-acc	balancing	nomn	svo	SV	AVP	100	0.78	0	0.0	0.6717250943183899	bos_eos
seed_44	1_9_intran_V_valency	09_1_9_intran_V_valency	fig:heatmap-9-intran-v-valency	1.9 Intransitive V valency	36_svo_gn_ac_d_se	svo	gn	nom-acc	deranking	sent	svo	SV	AVP	100	0.73	0	0.0	0.5546270298957825	bos_eos
seed_44	1_9_intran_V_valency	09_1_9_intran_V_valency	fig:heatmap-9-intran-v-valency	1.9 Intransitive V valency	37_svo_gn_ac_d_pa	svo	gn	nom-acc	deranking	poss-acc	svo	SV	AVP	100	0.73	0	0.0	0.547075629234314	bos_eos
seed_44	1_9_intran_V_valency	09_1_9_intran_V_valency	fig:heatmap-9-intran-v-valency	1.9 Intransitive V valency	38_svo_gn_ac_d_ep	svo	gn	nom-acc	deranking	erg-poss	sov	SV	PVA	100	0.79	0	0.0	0.6109496402740479	bos_eos
seed_44	1_9_intran_V_valency	09_1_9_intran_V_valency	fig:heatmap-9-intran-v-valency	1.9 Intransitive V valency	39_svo_gn_ac_d_no	svo	gn	nom-acc	deranking	nomn	svo	SV	AVP	100	0.75	0	0.0	0.5257133030891419	bos_eos
seed_44	1_9_intran_V_valency	09_1_9_intran_V_valency	fig:heatmap-9-intran-v-valency	1.9 Intransitive V valency	40_svo_gn_er_b_se	svo	gn	erg-abs	balancing	sent	svo	SV	AVP	100	0.83	0	0.0	0.835599730014801	bos_eos
seed_44	1_9_intran_V_valency	09_1_9_intran_V_valency	fig:heatmap-9-intran-v-valency	1.9 Intransitive V valency	41_svo_gn_er_b_pa	svo	gn	erg-abs	balancing	poss-acc	svo	SV	AVP	100	0.82	0	0.0	0.8108421874046325	bos_eos
seed_44	1_9_intran_V_valency	09_1_9_intran_V_valency	fig:heatmap-9-intran-v-valency	1.9 Intransitive V valency	42_svo_gn_er_b_ep	svo	gn	erg-abs	balancing	erg-poss	sov	SV	PVA	100	0.88	0	0.0	0.9027135825157165	bos_eos
seed_44	1_9_intran_V_valency	09_1_9_intran_V_valency	fig:heatmap-9-intran-v-valency	1.9 Intransitive V valency	43_svo_gn_er_b_no	svo	gn	erg-abs	balancing	nomn	svo	SV	AVP	100	0.81	0	0.0	0.7709855222702027	bos_eos
seed_44	1_9_intran_V_valency	09_1_9_intran_V_valency	fig:heatmap-9-intran-v-valency	1.9 Intransitive V valency	44_svo_gn_er_d_se	svo	gn	erg-abs	deranking	sent	svo	SV	AVP	100	0.81	0	0.0	0.6312715697288513	bos_eos
seed_44	1_9_intran_V_valency	09_1_9_intran_V_valency	fig:heatmap-9-intran-v-valency	1.9 Intransitive V valency	45_svo_gn_er_d_pa	svo	gn	erg-abs	deranking	poss-acc	svo	SV	AVP	100	0.76	0	0.0	0.6487580013275146	bos_eos
seed_44	1_9_intran_V_valency	09_1_9_intran_V_valency	fig:heatmap-9-intran-v-valency	1.9 Intransitive V valency	46_svo_gn_er_d_ep	svo	gn	erg-abs	deranking	erg-poss	sov	SV	PVA	100	0.79	0	0.0	0.7460903549194335	bos_eos
seed_44	1_9_intran_V_valency	09_1_9_intran_V_valency	fig:heatmap-9-intran-v-valency	1.9 Intransitive V valency	47_svo_gn_er_d_no	svo	gn	erg-abs	deranking	nomn	svo	SV	AVP	100	0.8	0	0.0	0.7756921672821044	bos_eos
seed_44	1_9_intran_V_valency	09_1_9_intran_V_valency	fig:heatmap-9-intran-v-valency	1.9 Intransitive V valency	48_svo_ng_ac_b_se	svo	ng	nom-acc	balancing	sent	svo	SV	AVP	100	0.76	0	0.0	0.6798087859153747	bos_eos
seed_44	1_9_intran_V_valency	09_1_9_intran_V_valency	fig:heatmap-9-intran-v-valency	1.9 Intransitive V valency	49_svo_ng_ac_b_pa	svo	ng	nom-acc	balancing	poss-acc	vos	VS	VPA	100	0.79	0	0.0	0.709709951877594	bos_eos
seed_44	1_9_intran_V_valency	09_1_9_intran_V_valency	fig:heatmap-9-intran-v-valency	1.9 Intransitive V valency	50_svo_ng_ac_b_ep	svo	ng	nom-acc	balancing	erg-poss	vos	VS	VPA	100	0.8	0	0.0	0.7748640847206115	bos_eos
seed_44	1_9_intran_V_valency	09_1_9_intran_V_valency	fig:heatmap-9-intran-v-valency	1.9 Intransitive V valency	51_svo_ng_ac_b_no	svo	ng	nom-acc	balancing	nomn	vos	VS	VPA	100	0.79	0	0.0	0.687447681427002	bos_eos
seed_44	1_9_intran_V_valency	09_1_9_intran_V_valency	fig:heatmap-9-intran-v-valency	1.9 Intransitive V valency	52_svo_ng_ac_d_se	svo	ng	nom-acc	deranking	sent	svo	SV	AVP	100	0.75	0	0.0	0.580051782131195	bos_eos
seed_44	1_9_intran_V_valency	09_1_9_intran_V_valency	fig:heatmap-9-intran-v-valency	1.9 Intransitive V valency	53_svo_ng_ac_d_pa	svo	ng	nom-acc	deranking	poss-acc	vos	VS	VPA	100	0.76	0	0.0	0.5781675744056701	bos_eos
seed_44	1_9_intran_V_valency	09_1_9_intran_V_valency	fig:heatmap-9-intran-v-valency	1.9 Intransitive V valency	54_svo_ng_ac_d_ep	svo	ng	nom-acc	deranking	erg-poss	vos	VS	VPA	100	0.72	0	0.0	0.5282164216041565	bos_eos
seed_44	1_9_intran_V_valency	09_1_9_intran_V_valency	fig:heatmap-9-intran-v-valency	1.9 Intransitive V valency	55_svo_ng_ac_d_no	svo	ng	nom-acc	deranking	nomn	vos	VS	VPA	100	0.74	0	0.0	0.545007336139679	bos_eos
seed_44	1_9_intran_V_valency	09_1_9_intran_V_valency	fig:heatmap-9-intran-v-valency	1.9 Intransitive V valency	56_svo_ng_er_b_se	svo	ng	erg-abs	balancing	sent	svo	SV	AVP	100	0.76	0	0.0	0.5748053264617919	bos_eos
seed_44	1_9_intran_V_valency	09_1_9_intran_V_valency	fig:heatmap-9-intran-v-valency	1.9 Intransitive V valency	57_svo_ng_er_b_pa	svo	ng	erg-abs	balancing	poss-acc	vos	VS	VPA	100	0.84	0	0.0	0.7828713250160217	bos_eos
seed_44	1_9_intran_V_valency	09_1_9_intran_V_valency	fig:heatmap-9-intran-v-valency	1.9 Intransitive V valency	58_svo_ng_er_b_ep	svo	ng	erg-abs	balancing	erg-poss	vos	VS	VPA	100	0.83	0	0.0	0.7832817983627319	bos_eos
seed_44	1_9_intran_V_valency	09_1_9_intran_V_valency	fig:heatmap-9-intran-v-valency	1.9 Intransitive V valency	59_svo_ng_er_b_no	svo	ng	erg-abs	balancing	nomn	vos	VS	VPA	100	0.74	0	0.0	0.6003684473037719	bos_eos
seed_44	1_9_intran_V_valency	09_1_9_intran_V_valency	fig:heatmap-9-intran-v-valency	1.9 Intransitive V valency	60_svo_ng_er_d_se	svo	ng	erg-abs	deranking	sent	svo	SV	AVP	100	0.73	0	0.0	0.520414137840271	bos_eos
seed_44	1_9_intran_V_valency	09_1_9_intran_V_valency	fig:heatmap-9-intran-v-valency	1.9 Intransitive V valency	61_svo_ng_er_d_pa	svo	ng	erg-abs	deranking	poss-acc	vos	VS	VPA	100	0.79	0	0.0	0.624920310974121	bos_eos
seed_44	1_9_intran_V_valency	09_1_9_intran_V_valency	fig:heatmap-9-intran-v-valency	1.9 Intransitive V valency	62_svo_ng_er_d_ep	svo	ng	erg-abs	deranking	erg-poss	vos	VS	VPA	100	0.74	0	0.0	0.45484730005264284	bos_eos
seed_44	1_9_intran_V_valency	09_1_9_intran_V_valency	fig:heatmap-9-intran-v-valency	1.9 Intransitive V valency	63_svo_ng_er_d_no	svo	ng	erg-abs	deranking	nomn	vos	VS	VPA	100	0.74	0	0.0	0.4962083697319031	bos_eos
seed_44	1_9_intran_V_valency	09_1_9_intran_V_valency	fig:heatmap-9-intran-v-valency	1.9 Intransitive V valency	64_vos_gn_ac_b_se	vos	gn	nom-acc	balancing	sent	vos	VS	VPA	100	0.61	0	0.0	0.2861836838722229	bos_eos
seed_44	1_9_intran_V_valency	09_1_9_intran_V_valency	fig:heatmap-9-intran-v-valency	1.9 Intransitive V valency	65_vos_gn_ac_b_pa	vos	gn	nom-acc	balancing	poss-acc	svo	SV	AVP	100	0.66	0	0.0	0.36925664901733396	bos_eos
seed_44	1_9_intran_V_valency	09_1_9_intran_V_valency	fig:heatmap-9-intran-v-valency	1.9 Intransitive V valency	66_vos_gn_ac_b_ep	vos	gn	nom-acc	balancing	erg-poss	sov	SV	PVA	100	0.53	0	0.0	0.21533013105392457	bos_eos
seed_44	1_9_intran_V_valency	09_1_9_intran_V_valency	fig:heatmap-9-intran-v-valency	1.9 Intransitive V valency	67_vos_gn_ac_b_no	vos	gn	nom-acc	balancing	nomn	svo	SV	AVP	100	0.61	0	0.0	0.3218434929847717	bos_eos
seed_44	1_9_intran_V_valency	09_1_9_intran_V_valency	fig:heatmap-9-intran-v-valency	1.9 Intransitive V valency	68_vos_gn_ac_d_se	vos	gn	nom-acc	deranking	sent	vos	VS	VPA	100	0.6	0	0.0	0.30703953504562376	bos_eos
seed_44	1_9_intran_V_valency	09_1_9_intran_V_valency	fig:heatmap-9-intran-v-valency	1.9 Intransitive V valency	69_vos_gn_ac_d_pa	vos	gn	nom-acc	deranking	poss-acc	svo	SV	AVP	100	0.68	0	0.0	0.36208453893661496	bos_eos
seed_44	1_9_intran_V_valency	09_1_9_intran_V_valency	fig:heatmap-9-intran-v-valency	1.9 Intransitive V valency	70_vos_gn_ac_d_ep	vos	gn	nom-acc	deranking	erg-poss	sov	SV	PVA	100	0.66	0	0.0	0.35127829790115356	bos_eos
seed_44	1_9_intran_V_valency	09_1_9_intran_V_valency	fig:heatmap-9-intran-v-valency	1.9 Intransitive V valency	71_vos_gn_ac_d_no	vos	gn	nom-acc	deranking	nomn	svo	SV	AVP	100	0.66	0	0.0	0.4125123333930969	bos_eos
seed_44	1_9_intran_V_valency	09_1_9_intran_V_valency	fig:heatmap-9-intran-v-valency	1.9 Intransitive V valency	72_vos_gn_er_b_se	vos	gn	erg-abs	balancing	sent	vos	VS	VPA	100	0.71	0	0.0	0.40519744634628296	bos_eos
seed_44	1_9_intran_V_valency	09_1_9_intran_V_valency	fig:heatmap-9-intran-v-valency	1.9 Intransitive V valency	73_vos_gn_er_b_pa	vos	gn	erg-abs	balancing	poss-acc	svo	SV	AVP	100	0.64	0	0.0	0.29712027311325073	bos_eos
seed_44	1_9_intran_V_valency	09_1_9_intran_V_valency	fig:heatmap-9-intran-v-valency	1.9 Intransitive V valency	74_vos_gn_er_b_ep	vos	gn	erg-abs	balancing	erg-poss	sov	SV	PVA	100	0.66	0	0.0	0.2754859685897827	bos_eos
seed_44	1_9_intran_V_valency	09_1_9_intran_V_valency	fig:heatmap-9-intran-v-valency	1.9 Intransitive V valency	75_vos_gn_er_b_no	vos	gn	erg-abs	balancing	nomn	svo	SV	AVP	100	0.65	0	0.0	0.39110847473144533	bos_eos
seed_44	1_9_intran_V_valency	09_1_9_intran_V_valency	fig:heatmap-9-intran-v-valency	1.9 Intransitive V valency	76_vos_gn_er_d_se	vos	gn	erg-abs	deranking	sent	vos	VS	VPA	100	0.65	0	0.0	0.3640351605415344	bos_eos
seed_44	1_9_intran_V_valency	09_1_9_intran_V_valency	fig:heatmap-9-intran-v-valency	1.9 Intransitive V valency	77_vos_gn_er_d_pa	vos	gn	erg-abs	deranking	poss-acc	svo	SV	AVP	100	0.67	0	0.0	0.4173325181007385	bos_eos
seed_44	1_9_intran_V_valency	09_1_9_intran_V_valency	fig:heatmap-9-intran-v-valency	1.9 Intransitive V valency	78_vos_gn_er_d_ep	vos	gn	erg-abs	deranking	erg-poss	sov	SV	PVA	100	0.7	0	0.0	0.4122205352783203	bos_eos
seed_44	1_9_intran_V_valency	09_1_9_intran_V_valency	fig:heatmap-9-intran-v-valency	1.9 Intransitive V valency	79_vos_gn_er_d_no	vos	gn	erg-abs	deranking	nomn	svo	SV	AVP	100	0.67	0	0.0	0.3783535933494568	bos_eos
seed_44	1_9_intran_V_valency	09_1_9_intran_V_valency	fig:heatmap-9-intran-v-valency	1.9 Intransitive V valency	80_vos_ng_ac_b_se	vos	ng	nom-acc	balancing	sent	vos	VS	VPA	100	0.69	0	0.0	0.44524263620376586	bos_eos
seed_44	1_9_intran_V_valency	09_1_9_intran_V_valency	fig:heatmap-9-intran-v-valency	1.9 Intransitive V valency	81_vos_ng_ac_b_pa	vos	ng	nom-acc	balancing	poss-acc	vos	VS	VPA	100	0.6	0	0.0	0.23604243993759155	bos_eos
seed_44	1_9_intran_V_valency	09_1_9_intran_V_valency	fig:heatmap-9-intran-v-valency	1.9 Intransitive V valency	82_vos_ng_ac_b_ep	vos	ng	nom-acc	balancing	erg-poss	vos	VS	VPA	100	0.67	0	0.0	0.35033406496047975	bos_eos
seed_44	1_9_intran_V_valency	09_1_9_intran_V_valency	fig:heatmap-9-intran-v-valency	1.9 Intransitive V valency	83_vos_ng_ac_b_no	vos	ng	nom-acc	balancing	nomn	vos	VS	VPA	100	0.68	0	0.0	0.3891424131393433	bos_eos
seed_44	1_9_intran_V_valency	09_1_9_intran_V_valency	fig:heatmap-9-intran-v-valency	1.9 Intransitive V valency	84_vos_ng_ac_d_se	vos	ng	nom-acc	deranking	sent	vos	VS	VPA	100	0.69	0	0.0	0.4554582929611206	bos_eos
seed_44	1_9_intran_V_valency	09_1_9_intran_V_valency	fig:heatmap-9-intran-v-valency	1.9 Intransitive V valency	85_vos_ng_ac_d_pa	vos	ng	nom-acc	deranking	poss-acc	vos	VS	VPA	100	0.71	0	0.0	0.5282694172859191	bos_eos
seed_44	1_9_intran_V_valency	09_1_9_intran_V_valency	fig:heatmap-9-intran-v-valency	1.9 Intransitive V valency	86_vos_ng_ac_d_ep	vos	ng	nom-acc	deranking	erg-poss	vos	VS	VPA	100	0.7	0	0.0	0.42636759757995607	bos_eos
seed_44	1_9_intran_V_valency	09_1_9_intran_V_valency	fig:heatmap-9-intran-v-valency	1.9 Intransitive V valency	87_vos_ng_ac_d_no	vos	ng	nom-acc	deranking	nomn	vos	VS	VPA	100	0.72	0	0.0	0.5016960024833679	bos_eos
seed_44	1_9_intran_V_valency	09_1_9_intran_V_valency	fig:heatmap-9-intran-v-valency	1.9 Intransitive V valency	88_vos_ng_er_b_se	vos	ng	erg-abs	balancing	sent	vos	VS	VPA	100	0.65	0	0.0	0.35091169595718386	bos_eos
seed_44	1_9_intran_V_valency	09_1_9_intran_V_valency	fig:heatmap-9-intran-v-valency	1.9 Intransitive V valency	89_vos_ng_er_b_pa	vos	ng	erg-abs	balancing	poss-acc	vos	VS	VPA	100	0.68	0	0.0	0.3901700448989868	bos_eos
seed_44	1_9_intran_V_valency	09_1_9_intran_V_valency	fig:heatmap-9-intran-v-valency	1.9 Intransitive V valency	90_vos_ng_er_b_ep	vos	ng	erg-abs	balancing	erg-poss	vos	VS	VPA	100	0.68	0	0.0	0.43405120372772216	bos_eos
seed_44	1_9_intran_V_valency	09_1_9_intran_V_valency	fig:heatmap-9-intran-v-valency	1.9 Intransitive V valency	91_vos_ng_er_b_no	vos	ng	erg-abs	balancing	nomn	vos	VS	VPA	100	0.67	0	0.0	0.39058976650238036	bos_eos
seed_44	1_9_intran_V_valency	09_1_9_intran_V_valency	fig:heatmap-9-intran-v-valency	1.9 Intransitive V valency	92_vos_ng_er_d_se	vos	ng	erg-abs	deranking	sent	vos	VS	VPA	100	0.66	0	0.0	0.383186891078949	bos_eos
seed_44	1_9_intran_V_valency	09_1_9_intran_V_valency	fig:heatmap-9-intran-v-valency	1.9 Intransitive V valency	93_vos_ng_er_d_pa	vos	ng	erg-abs	deranking	poss-acc	vos	VS	VPA	100	0.7	0	0.0	0.46585721731185914	bos_eos
seed_44	1_9_intran_V_valency	09_1_9_intran_V_valency	fig:heatmap-9-intran-v-valency	1.9 Intransitive V valency	94_vos_ng_er_d_ep	vos	ng	erg-abs	deranking	erg-poss	vos	VS	VPA	100	0.67	0	0.0	0.46913434743881227	bos_eos
seed_44	1_9_intran_V_valency	09_1_9_intran_V_valency	fig:heatmap-9-intran-v-valency	1.9 Intransitive V valency	95_vos_ng_er_d_no	vos	ng	erg-abs	deranking	nomn	vos	VS	VPA	100	0.73	0	0.0	0.49987493991851806	bos_eos
seed_44	1_10_tran_V_valency	10_1_10_tran_V_valency	fig:heatmap-10-tran-v-valency	1.10 Transitive V valency	00_sov_gn_ac_b_se	sov	gn	nom-acc	balancing	sent	sov	SV	APV	100	0.76	0	0.0	0.48447139739990236	bos_eos
seed_44	1_10_tran_V_valency	10_1_10_tran_V_valency	fig:heatmap-10-tran-v-valency	1.10 Transitive V valency	01_sov_gn_ac_b_pa	sov	gn	nom-acc	balancing	poss-acc	sov	SV	APV	100	0.76	0	0.0	0.48543825387954714	bos_eos
seed_44	1_10_tran_V_valency	10_1_10_tran_V_valency	fig:heatmap-10-tran-v-valency	1.10 Transitive V valency	02_sov_gn_ac_b_ep	sov	gn	nom-acc	balancing	erg-poss	sov	SV	APV	100	0.8	0	0.0	0.49573310375213625	bos_eos
seed_44	1_10_tran_V_valency	10_1_10_tran_V_valency	fig:heatmap-10-tran-v-valency	1.10 Transitive V valency	03_sov_gn_ac_b_no	sov	gn	nom-acc	balancing	nomn	sov	SV	APV	100	0.77	0	0.0	0.47915029287338257	bos_eos
seed_44	1_10_tran_V_valency	10_1_10_tran_V_valency	fig:heatmap-10-tran-v-valency	1.10 Transitive V valency	04_sov_gn_ac_d_se	sov	gn	nom-acc	deranking	sent	sov	SV	APV	100	0.75	0	0.0	0.47250760078430176	bos_eos
seed_44	1_10_tran_V_valency	10_1_10_tran_V_valency	fig:heatmap-10-tran-v-valency	1.10 Transitive V valency	05_sov_gn_ac_d_pa	sov	gn	nom-acc	deranking	poss-acc	sov	SV	APV	100	0.76	0	0.0	0.4909033703804016	bos_eos
seed_44	1_10_tran_V_valency	10_1_10_tran_V_valency	fig:heatmap-10-tran-v-valency	1.10 Transitive V valency	06_sov_gn_ac_d_ep	sov	gn	nom-acc	deranking	erg-poss	sov	SV	APV	100	0.77	0	0.0	0.4869150972366333	bos_eos
seed_44	1_10_tran_V_valency	10_1_10_tran_V_valency	fig:heatmap-10-tran-v-valency	1.10 Transitive V valency	07_sov_gn_ac_d_no	sov	gn	nom-acc	deranking	nomn	sov	SV	APV	100	0.8	0	0.0	0.5188389754295349	bos_eos
seed_44	1_10_tran_V_valency	10_1_10_tran_V_valency	fig:heatmap-10-tran-v-valency	1.10 Transitive V valency	08_sov_gn_er_b_se	sov	gn	erg-abs	balancing	sent	sov	SV	APV	100	0.76	0	0.0	0.4329929542541504	bos_eos
seed_44	1_10_tran_V_valency	10_1_10_tran_V_valency	fig:heatmap-10-tran-v-valency	1.10 Transitive V valency	09_sov_gn_er_b_pa	sov	gn	erg-abs	balancing	poss-acc	sov	SV	APV	100	0.77	0	0.0	0.4582725238800049	bos_eos
seed_44	1_10_tran_V_valency	10_1_10_tran_V_valency	fig:heatmap-10-tran-v-valency	1.10 Transitive V valency	10_sov_gn_er_b_ep	sov	gn	erg-abs	balancing	erg-poss	sov	SV	APV	100	0.78	0	0.0	0.47307740688323974	bos_eos
seed_44	1_10_tran_V_valency	10_1_10_tran_V_valency	fig:heatmap-10-tran-v-valency	1.10 Transitive V valency	11_sov_gn_er_b_no	sov	gn	erg-abs	balancing	nomn	sov	SV	APV	100	0.74	0	0.0	0.4407297348976135	bos_eos
seed_44	1_10_tran_V_valency	10_1_10_tran_V_valency	fig:heatmap-10-tran-v-valency	1.10 Transitive V valency	12_sov_gn_er_d_se	sov	gn	erg-abs	deranking	sent	sov	SV	APV	100	0.79	0	0.0	0.4460284638404846	bos_eos
seed_44	1_10_tran_V_valency	10_1_10_tran_V_valency	fig:heatmap-10-tran-v-valency	1.10 Transitive V valency	13_sov_gn_er_d_pa	sov	gn	erg-abs	deranking	poss-acc	sov	SV	APV	100	0.8	0	0.0	0.47179799795150756	bos_eos
seed_44	1_10_tran_V_valency	10_1_10_tran_V_valency	fig:heatmap-10-tran-v-valency	1.10 Transitive V valency	14_sov_gn_er_d_ep	sov	gn	erg-abs	deranking	erg-poss	sov	SV	APV	100	0.76	0	0.0	0.477182559967041	bos_eos
seed_44	1_10_tran_V_valency	10_1_10_tran_V_valency	fig:heatmap-10-tran-v-valency	1.10 Transitive V valency	15_sov_gn_er_d_no	sov	gn	erg-abs	deranking	nomn	sov	SV	APV	100	0.82	0	0.0	0.4882686972618103	bos_eos
seed_44	1_10_tran_V_valency	10_1_10_tran_V_valency	fig:heatmap-10-tran-v-valency	1.10 Transitive V valency	16_sov_ng_ac_b_se	sov	ng	nom-acc	balancing	sent	sov	SV	APV	100	0.76	0	0.0	0.45773499011993407	bos_eos
seed_44	1_10_tran_V_valency	10_1_10_tran_V_valency	fig:heatmap-10-tran-v-valency	1.10 Transitive V valency	17_sov_ng_ac_b_pa	sov	ng	nom-acc	balancing	poss-acc	ovs	VS	PVA	100	0.73	0	0.0	0.4854637336730957	bos_eos
seed_44	1_10_tran_V_valency	10_1_10_tran_V_valency	fig:heatmap-10-tran-v-valency	1.10 Transitive V valency	18_sov_ng_ac_b_ep	sov	ng	nom-acc	balancing	erg-poss	vos	VS	AVP	100	0.75	0	0.0	0.4225312376022339	bos_eos
seed_44	1_10_tran_V_valency	10_1_10_tran_V_valency	fig:heatmap-10-tran-v-valency	1.10 Transitive V valency	19_sov_ng_ac_b_no	sov	ng	nom-acc	balancing	nomn	ovs	VS	PVA	100	0.77	0	0.0	0.48650323152542113	bos_eos
seed_44	1_10_tran_V_valency	10_1_10_tran_V_valency	fig:heatmap-10-tran-v-valency	1.10 Transitive V valency	20_sov_ng_ac_d_se	sov	ng	nom-acc	deranking	sent	sov	SV	APV	100	0.69	0	0.0	0.47021119594573973	bos_eos
seed_44	1_10_tran_V_valency	10_1_10_tran_V_valency	fig:heatmap-10-tran-v-valency	1.10 Transitive V valency	21_sov_ng_ac_d_pa	sov	ng	nom-acc	deranking	poss-acc	ovs	VS	PVA	100	0.77	0	0.0	0.44712430238723755	bos_eos
seed_44	1_10_tran_V_valency	10_1_10_tran_V_valency	fig:heatmap-10-tran-v-valency	1.10 Transitive V valency	22_sov_ng_ac_d_ep	sov	ng	nom-acc	deranking	erg-poss	vos	VS	AVP	100	0.72	0	0.0	0.4185046315193176	bos_eos
seed_44	1_10_tran_V_valency	10_1_10_tran_V_valency	fig:heatmap-10-tran-v-valency	1.10 Transitive V valency	23_sov_ng_ac_d_no	sov	ng	nom-acc	deranking	nomn	ovs	VS	PVA	100	0.71	0	0.0	0.43733850240707395	bos_eos
seed_44	1_10_tran_V_valency	10_1_10_tran_V_valency	fig:heatmap-10-tran-v-valency	1.10 Transitive V valency	24_sov_ng_er_b_se	sov	ng	erg-abs	balancing	sent	sov	SV	APV	100	0.66	0	0.0	0.3995488715171814	bos_eos
seed_44	1_10_tran_V_valency	10_1_10_tran_V_valency	fig:heatmap-10-tran-v-valency	1.10 Transitive V valency	25_sov_ng_er_b_pa	sov	ng	erg-abs	balancing	poss-acc	ovs	VS	PVA	100	0.67	0	0.0	0.36551350593566895	bos_eos
seed_44	1_10_tran_V_valency	10_1_10_tran_V_valency	fig:heatmap-10-tran-v-valency	1.10 Transitive V valency	26_sov_ng_er_b_ep	sov	ng	erg-abs	balancing	erg-poss	vos	VS	AVP	100	0.7	0	0.0	0.4149118757247925	bos_eos
seed_44	1_10_tran_V_valency	10_1_10_tran_V_valency	fig:heatmap-10-tran-v-valency	1.10 Transitive V valency	27_sov_ng_er_b_no	sov	ng	erg-abs	balancing	nomn	ovs	VS	PVA	100	0.71	0	0.0	0.38605551958084106	bos_eos
seed_44	1_10_tran_V_valency	10_1_10_tran_V_valency	fig:heatmap-10-tran-v-valency	1.10 Transitive V valency	28_sov_ng_er_d_se	sov	ng	erg-abs	deranking	sent	sov	SV	APV	100	0.67	0	0.0	0.3854443764686584	bos_eos
seed_44	1_10_tran_V_valency	10_1_10_tran_V_valency	fig:heatmap-10-tran-v-valency	1.10 Transitive V valency	29_sov_ng_er_d_pa	sov	ng	erg-abs	deranking	poss-acc	ovs	VS	PVA	100	0.68	0	0.0	0.39359321117401125	bos_eos
seed_44	1_10_tran_V_valency	10_1_10_tran_V_valency	fig:heatmap-10-tran-v-valency	1.10 Transitive V valency	30_sov_ng_er_d_ep	sov	ng	erg-abs	deranking	erg-poss	vos	VS	AVP	100	0.74	0	0.0	0.4319605016708374	bos_eos
seed_44	1_10_tran_V_valency	10_1_10_tran_V_valency	fig:heatmap-10-tran-v-valency	1.10 Transitive V valency	31_sov_ng_er_d_no	sov	ng	erg-abs	deranking	nomn	ovs	VS	PVA	100	0.7	0	0.0	0.4360700726509094	bos_eos
seed_44	1_10_tran_V_valency	10_1_10_tran_V_valency	fig:heatmap-10-tran-v-valency	1.10 Transitive V valency	32_svo_gn_ac_b_se	svo	gn	nom-acc	balancing	sent	svo	SV	AVP	100	0.86	0	0.0	0.6634203577041626	bos_eos
seed_44	1_10_tran_V_valency	10_1_10_tran_V_valency	fig:heatmap-10-tran-v-valency	1.10 Transitive V valency	33_svo_gn_ac_b_pa	svo	gn	nom-acc	balancing	poss-acc	svo	SV	AVP	100	0.81	0	0.0	0.6685726165771484	bos_eos
seed_44	1_10_tran_V_valency	10_1_10_tran_V_valency	fig:heatmap-10-tran-v-valency	1.10 Transitive V valency	34_svo_gn_ac_b_ep	svo	gn	nom-acc	balancing	erg-poss	sov	SV	PVA	100	0.84	0	0.0	0.6421329474449158	bos_eos
seed_44	1_10_tran_V_valency	10_1_10_tran_V_valency	fig:heatmap-10-tran-v-valency	1.10 Transitive V valency	35_svo_gn_ac_b_no	svo	gn	nom-acc	balancing	nomn	svo	SV	AVP	100	0.84	0	0.0	0.6014146685600281	bos_eos
seed_44	1_10_tran_V_valency	10_1_10_tran_V_valency	fig:heatmap-10-tran-v-valency	1.10 Transitive V valency	36_svo_gn_ac_d_se	svo	gn	nom-acc	deranking	sent	svo	SV	AVP	100	0.8	0	0.0	0.578506817817688	bos_eos
seed_44	1_10_tran_V_valency	10_1_10_tran_V_valency	fig:heatmap-10-tran-v-valency	1.10 Transitive V valency	37_svo_gn_ac_d_pa	svo	gn	nom-acc	deranking	poss-acc	svo	SV	AVP	100	0.8	0	0.0	0.5931911730766296	bos_eos
seed_44	1_10_tran_V_valency	10_1_10_tran_V_valency	fig:heatmap-10-tran-v-valency	1.10 Transitive V valency	38_svo_gn_ac_d_ep	svo	gn	nom-acc	deranking	erg-poss	sov	SV	PVA	100	0.83	0	0.0	0.5507260799407959	bos_eos
seed_44	1_10_tran_V_valency	10_1_10_tran_V_valency	fig:heatmap-10-tran-v-valency	1.10 Transitive V valency	39_svo_gn_ac_d_no	svo	gn	nom-acc	deranking	nomn	svo	SV	AVP	100	0.79	0	0.0	0.5748736500740051	bos_eos
seed_44	1_10_tran_V_valency	10_1_10_tran_V_valency	fig:heatmap-10-tran-v-valency	1.10 Transitive V valency	40_svo_gn_er_b_se	svo	gn	erg-abs	balancing	sent	svo	SV	AVP	100	0.82	0	0.0	0.6134003973007203	bos_eos
seed_44	1_10_tran_V_valency	10_1_10_tran_V_valency	fig:heatmap-10-tran-v-valency	1.10 Transitive V valency	41_svo_gn_er_b_pa	svo	gn	erg-abs	balancing	poss-acc	svo	SV	AVP	100	0.86	0	0.0	0.6001808381080628	bos_eos
seed_44	1_10_tran_V_valency	10_1_10_tran_V_valency	fig:heatmap-10-tran-v-valency	1.10 Transitive V valency	42_svo_gn_er_b_ep	svo	gn	erg-abs	balancing	erg-poss	sov	SV	PVA	100	0.81	0	0.0	0.6285929918289185	bos_eos
seed_44	1_10_tran_V_valency	10_1_10_tran_V_valency	fig:heatmap-10-tran-v-valency	1.10 Transitive V valency	43_svo_gn_er_b_no	svo	gn	erg-abs	balancing	nomn	svo	SV	AVP	100	0.86	0	0.0	0.5855448794364929	bos_eos
seed_44	1_10_tran_V_valency	10_1_10_tran_V_valency	fig:heatmap-10-tran-v-valency	1.10 Transitive V valency	44_svo_gn_er_d_se	svo	gn	erg-abs	deranking	sent	svo	SV	AVP	100	0.76	0	0.0	0.49320372581481936	bos_eos
seed_44	1_10_tran_V_valency	10_1_10_tran_V_valency	fig:heatmap-10-tran-v-valency	1.10 Transitive V valency	45_svo_gn_er_d_pa	svo	gn	erg-abs	deranking	poss-acc	svo	SV	AVP	100	0.78	0	0.0	0.4789093565940857	bos_eos
seed_44	1_10_tran_V_valency	10_1_10_tran_V_valency	fig:heatmap-10-tran-v-valency	1.10 Transitive V valency	46_svo_gn_er_d_ep	svo	gn	erg-abs	deranking	erg-poss	sov	SV	PVA	100	0.82	0	0.0	0.5529398488998413	bos_eos
seed_44	1_10_tran_V_valency	10_1_10_tran_V_valency	fig:heatmap-10-tran-v-valency	1.10 Transitive V valency	47_svo_gn_er_d_no	svo	gn	erg-abs	deranking	nomn	svo	SV	AVP	100	0.76	0	0.0	0.46448991298675535	bos_eos
seed_44	1_10_tran_V_valency	10_1_10_tran_V_valency	fig:heatmap-10-tran-v-valency	1.10 Transitive V valency	48_svo_ng_ac_b_se	svo	ng	nom-acc	balancing	sent	svo	SV	AVP	100	0.83	0	0.0	0.6558689832687378	bos_eos
seed_44	1_10_tran_V_valency	10_1_10_tran_V_valency	fig:heatmap-10-tran-v-valency	1.10 Transitive V valency	49_svo_ng_ac_b_pa	svo	ng	nom-acc	balancing	poss-acc	vos	VS	VPA	100	0.83	0	0.0	0.6982713580131531	bos_eos
seed_44	1_10_tran_V_valency	10_1_10_tran_V_valency	fig:heatmap-10-tran-v-valency	1.10 Transitive V valency	50_svo_ng_ac_b_ep	svo	ng	nom-acc	balancing	erg-poss	vos	VS	VPA	100	0.85	0	0.0	0.7235430669784546	bos_eos
seed_44	1_10_tran_V_valency	10_1_10_tran_V_valency	fig:heatmap-10-tran-v-valency	1.10 Transitive V valency	51_svo_ng_ac_b_no	svo	ng	nom-acc	balancing	nomn	vos	VS	VPA	100	0.85	0	0.0	0.7021310520172119	bos_eos
seed_44	1_10_tran_V_valency	10_1_10_tran_V_valency	fig:heatmap-10-tran-v-valency	1.10 Transitive V valency	52_svo_ng_ac_d_se	svo	ng	nom-acc	deranking	sent	svo	SV	AVP	100	0.82	0	0.0	0.6348168468475341	bos_eos
seed_44	1_10_tran_V_valency	10_1_10_tran_V_valency	fig:heatmap-10-tran-v-valency	1.10 Transitive V valency	53_svo_ng_ac_d_pa	svo	ng	nom-acc	deranking	poss-acc	vos	VS	VPA	100	0.79	0	0.0	0.6124919438362122	bos_eos
seed_44	1_10_tran_V_valency	10_1_10_tran_V_valency	fig:heatmap-10-tran-v-valency	1.10 Transitive V valency	54_svo_ng_ac_d_ep	svo	ng	nom-acc	deranking	erg-poss	vos	VS	VPA	100	0.82	0	0.0	0.59997638463974	bos_eos
seed_44	1_10_tran_V_valency	10_1_10_tran_V_valency	fig:heatmap-10-tran-v-valency	1.10 Transitive V valency	55_svo_ng_ac_d_no	svo	ng	nom-acc	deranking	nomn	vos	VS	VPA	100	0.83	0	0.0	0.5734030508995056	bos_eos
seed_44	1_10_tran_V_valency	10_1_10_tran_V_valency	fig:heatmap-10-tran-v-valency	1.10 Transitive V valency	56_svo_ng_er_b_se	svo	ng	erg-abs	balancing	sent	svo	SV	AVP	100	0.76	0	0.0	0.49738276720047	bos_eos
seed_44	1_10_tran_V_valency	10_1_10_tran_V_valency	fig:heatmap-10-tran-v-valency	1.10 Transitive V valency	57_svo_ng_er_b_pa	svo	ng	erg-abs	balancing	poss-acc	vos	VS	VPA	100	0.79	0	0.0	0.5840481472015381	bos_eos
seed_44	1_10_tran_V_valency	10_1_10_tran_V_valency	fig:heatmap-10-tran-v-valency	1.10 Transitive V valency	58_svo_ng_er_b_ep	svo	ng	erg-abs	balancing	erg-poss	vos	VS	VPA	100	0.82	0	0.0	0.5634636473655701	bos_eos
seed_44	1_10_tran_V_valency	10_1_10_tran_V_valency	fig:heatmap-10-tran-v-valency	1.10 Transitive V valency	59_svo_ng_er_b_no	svo	ng	erg-abs	balancing	nomn	vos	VS	VPA	100	0.78	0	0.0	0.5332452487945557	bos_eos
seed_44	1_10_tran_V_valency	10_1_10_tran_V_valency	fig:heatmap-10-tran-v-valency	1.10 Transitive V valency	60_svo_ng_er_d_se	svo	ng	erg-abs	deranking	sent	svo	SV	AVP	100	0.69	0	0.0	0.4133166289329529	bos_eos
seed_44	1_10_tran_V_valency	10_1_10_tran_V_valency	fig:heatmap-10-tran-v-valency	1.10 Transitive V valency	61_svo_ng_er_d_pa	svo	ng	erg-abs	deranking	poss-acc	vos	VS	VPA	100	0.77	0	0.0	0.5067820835113526	bos_eos
seed_44	1_10_tran_V_valency	10_1_10_tran_V_valency	fig:heatmap-10-tran-v-valency	1.10 Transitive V valency	62_svo_ng_er_d_ep	svo	ng	erg-abs	deranking	erg-poss	vos	VS	VPA	100	0.72	0	0.0	0.3803438282012939	bos_eos
seed_44	1_10_tran_V_valency	10_1_10_tran_V_valency	fig:heatmap-10-tran-v-valency	1.10 Transitive V valency	63_svo_ng_er_d_no	svo	ng	erg-abs	deranking	nomn	vos	VS	VPA	100	0.78	0	0.0	0.5235646200180054	bos_eos
seed_44	1_10_tran_V_valency	10_1_10_tran_V_valency	fig:heatmap-10-tran-v-valency	1.10 Transitive V valency	64_vos_gn_ac_b_se	vos	gn	nom-acc	balancing	sent	vos	VS	VPA	100	0.7	0	0.0	0.3162738442420959	bos_eos
seed_44	1_10_tran_V_valency	10_1_10_tran_V_valency	fig:heatmap-10-tran-v-valency	1.10 Transitive V valency	65_vos_gn_ac_b_pa	vos	gn	nom-acc	balancing	poss-acc	svo	SV	AVP	100	0.7	0	0.0	0.3651448154449463	bos_eos
seed_44	1_10_tran_V_valency	10_1_10_tran_V_valency	fig:heatmap-10-tran-v-valency	1.10 Transitive V valency	66_vos_gn_ac_b_ep	vos	gn	nom-acc	balancing	erg-poss	sov	SV	PVA	100	0.73	0	0.0	0.3983720278739929	bos_eos
seed_44	1_10_tran_V_valency	10_1_10_tran_V_valency	fig:heatmap-10-tran-v-valency	1.10 Transitive V valency	67_vos_gn_ac_b_no	vos	gn	nom-acc	balancing	nomn	svo	SV	AVP	100	0.7	0	0.0	0.3992089581489563	bos_eos
seed_44	1_10_tran_V_valency	10_1_10_tran_V_valency	fig:heatmap-10-tran-v-valency	1.10 Transitive V valency	68_vos_gn_ac_d_se	vos	gn	nom-acc	deranking	sent	vos	VS	VPA	100	0.69	0	0.0	0.4041905903816223	bos_eos
seed_44	1_10_tran_V_valency	10_1_10_tran_V_valency	fig:heatmap-10-tran-v-valency	1.10 Transitive V valency	69_vos_gn_ac_d_pa	vos	gn	nom-acc	deranking	poss-acc	svo	SV	AVP	100	0.73	0	0.0	0.4074458289146423	bos_eos
seed_44	1_10_tran_V_valency	10_1_10_tran_V_valency	fig:heatmap-10-tran-v-valency	1.10 Transitive V valency	70_vos_gn_ac_d_ep	vos	gn	nom-acc	deranking	erg-poss	sov	SV	PVA	100	0.71	0	0.0	0.4010180878639221	bos_eos
seed_44	1_10_tran_V_valency	10_1_10_tran_V_valency	fig:heatmap-10-tran-v-valency	1.10 Transitive V valency	71_vos_gn_ac_d_no	vos	gn	nom-acc	deranking	nomn	svo	SV	AVP	100	0.75	0	0.0	0.4029663038253784	bos_eos
seed_44	1_10_tran_V_valency	10_1_10_tran_V_valency	fig:heatmap-10-tran-v-valency	1.10 Transitive V valency	72_vos_gn_er_b_se	vos	gn	erg-abs	balancing	sent	vos	VS	VPA	100	0.79	0	0.0	0.4392227602005005	bos_eos
seed_44	1_10_tran_V_valency	10_1_10_tran_V_valency	fig:heatmap-10-tran-v-valency	1.10 Transitive V valency	73_vos_gn_er_b_pa	vos	gn	erg-abs	balancing	poss-acc	svo	SV	AVP	100	0.74	0	0.0	0.40395054817199705	bos_eos
seed_44	1_10_tran_V_valency	10_1_10_tran_V_valency	fig:heatmap-10-tran-v-valency	1.10 Transitive V valency	74_vos_gn_er_b_ep	vos	gn	erg-abs	balancing	erg-poss	sov	SV	PVA	100	0.73	0	0.0	0.4235567688941956	bos_eos
seed_44	1_10_tran_V_valency	10_1_10_tran_V_valency	fig:heatmap-10-tran-v-valency	1.10 Transitive V valency	75_vos_gn_er_b_no	vos	gn	erg-abs	balancing	nomn	svo	SV	AVP	100	0.74	0	0.0	0.3949988102912903	bos_eos
seed_44	1_10_tran_V_valency	10_1_10_tran_V_valency	fig:heatmap-10-tran-v-valency	1.10 Transitive V valency	76_vos_gn_er_d_se	vos	gn	erg-abs	deranking	sent	vos	VS	VPA	100	0.77	0	0.0	0.4226186203956604	bos_eos
seed_44	1_10_tran_V_valency	10_1_10_tran_V_valency	fig:heatmap-10-tran-v-valency	1.10 Transitive V valency	77_vos_gn_er_d_pa	vos	gn	erg-abs	deranking	poss-acc	svo	SV	AVP	100	0.79	0	0.0	0.42190104007720947	bos_eos
seed_44	1_10_tran_V_valency	10_1_10_tran_V_valency	fig:heatmap-10-tran-v-valency	1.10 Transitive V valency	78_vos_gn_er_d_ep	vos	gn	erg-abs	deranking	erg-poss	sov	SV	PVA	100	0.71	0	0.0	0.38485854148864745	bos_eos
seed_44	1_10_tran_V_valency	10_1_10_tran_V_valency	fig:heatmap-10-tran-v-valency	1.10 Transitive V valency	79_vos_gn_er_d_no	vos	gn	erg-abs	deranking	nomn	svo	SV	AVP	100	0.77	0	0.0	0.38400238513946533	bos_eos
seed_44	1_10_tran_V_valency	10_1_10_tran_V_valency	fig:heatmap-10-tran-v-valency	1.10 Transitive V valency	80_vos_ng_ac_b_se	vos	ng	nom-acc	balancing	sent	vos	VS	VPA	100	0.74	0	0.0	0.41128987312316895	bos_eos
seed_44	1_10_tran_V_valency	10_1_10_tran_V_valency	fig:heatmap-10-tran-v-valency	1.10 Transitive V valency	81_vos_ng_ac_b_pa	vos	ng	nom-acc	balancing	poss-acc	vos	VS	VPA	100	0.7	0	0.0	0.3677319407463074	bos_eos
seed_44	1_10_tran_V_valency	10_1_10_tran_V_valency	fig:heatmap-10-tran-v-valency	1.10 Transitive V valency	82_vos_ng_ac_b_ep	vos	ng	nom-acc	balancing	erg-poss	vos	VS	VPA	100	0.74	0	0.0	0.40371935606002807	bos_eos
seed_44	1_10_tran_V_valency	10_1_10_tran_V_valency	fig:heatmap-10-tran-v-valency	1.10 Transitive V valency	83_vos_ng_ac_b_no	vos	ng	nom-acc	balancing	nomn	vos	VS	VPA	100	0.74	0	0.0	0.3738587522506714	bos_eos
seed_44	1_10_tran_V_valency	10_1_10_tran_V_valency	fig:heatmap-10-tran-v-valency	1.10 Transitive V valency	84_vos_ng_ac_d_se	vos	ng	nom-acc	deranking	sent	vos	VS	VPA	100	0.73	0	0.0	0.40328494787216185	bos_eos
seed_44	1_10_tran_V_valency	10_1_10_tran_V_valency	fig:heatmap-10-tran-v-valency	1.10 Transitive V valency	85_vos_ng_ac_d_pa	vos	ng	nom-acc	deranking	poss-acc	vos	VS	VPA	100	0.82	0	0.0	0.48192103385925295	bos_eos
seed_44	1_10_tran_V_valency	10_1_10_tran_V_valency	fig:heatmap-10-tran-v-valency	1.10 Transitive V valency	86_vos_ng_ac_d_ep	vos	ng	nom-acc	deranking	erg-poss	vos	VS	VPA	100	0.77	0	0.0	0.46800554513931275	bos_eos
seed_44	1_10_tran_V_valency	10_1_10_tran_V_valency	fig:heatmap-10-tran-v-valency	1.10 Transitive V valency	87_vos_ng_ac_d_no	vos	ng	nom-acc	deranking	nomn	vos	VS	VPA	100	0.74	0	0.0	0.3784780025482178	bos_eos
seed_44	1_10_tran_V_valency	10_1_10_tran_V_valency	fig:heatmap-10-tran-v-valency	1.10 Transitive V valency	88_vos_ng_er_b_se	vos	ng	erg-abs	balancing	sent	vos	VS	VPA	100	0.75	0	0.0	0.44031357526779175	bos_eos
seed_44	1_10_tran_V_valency	10_1_10_tran_V_valency	fig:heatmap-10-tran-v-valency	1.10 Transitive V valency	89_vos_ng_er_b_pa	vos	ng	erg-abs	balancing	poss-acc	vos	VS	VPA	100	0.75	0	0.0	0.4030553650856018	bos_eos
seed_44	1_10_tran_V_valency	10_1_10_tran_V_valency	fig:heatmap-10-tran-v-valency	1.10 Transitive V valency	90_vos_ng_er_b_ep	vos	ng	erg-abs	balancing	erg-poss	vos	VS	VPA	100	0.78	0	0.0	0.43417160749435424	bos_eos
seed_44	1_10_tran_V_valency	10_1_10_tran_V_valency	fig:heatmap-10-tran-v-valency	1.10 Transitive V valency	91_vos_ng_er_b_no	vos	ng	erg-abs	balancing	nomn	vos	VS	VPA	100	0.74	0	0.0	0.45752413511276246	bos_eos
seed_44	1_10_tran_V_valency	10_1_10_tran_V_valency	fig:heatmap-10-tran-v-valency	1.10 Transitive V valency	92_vos_ng_er_d_se	vos	ng	erg-abs	deranking	sent	vos	VS	VPA	100	0.77	0	0.0	0.4586199951171875	bos_eos
seed_44	1_10_tran_V_valency	10_1_10_tran_V_valency	fig:heatmap-10-tran-v-valency	1.10 Transitive V valency	93_vos_ng_er_d_pa	vos	ng	erg-abs	deranking	poss-acc	vos	VS	VPA	100	0.8	0	0.0	0.4113934874534607	bos_eos
seed_44	1_10_tran_V_valency	10_1_10_tran_V_valency	fig:heatmap-10-tran-v-valency	1.10 Transitive V valency	94_vos_ng_er_d_ep	vos	ng	erg-abs	deranking	erg-poss	vos	VS	VPA	100	0.77	0	0.0	0.44807143211364747	bos_eos
seed_44	1_10_tran_V_valency	10_1_10_tran_V_valency	fig:heatmap-10-tran-v-valency	1.10 Transitive V valency	95_vos_ng_er_d_no	vos	ng	erg-abs	deranking	nomn	vos	VS	VPA	100	0.77	0	0.0	0.40309274196624756	bos_eos
seed_44	2_1_intran_gen_marker	11_2_1_intran_gen_marker	fig:heatmap-11-intran-gen-marker	2.1 Intransitive genitive marker	00_sov_gn_ac_b_se	sov	gn	nom-acc	balancing	sent	sov	SV	APV	100	0.97	0	0.0	1.4980282044410707	bos_eos
seed_44	2_1_intran_gen_marker	11_2_1_intran_gen_marker	fig:heatmap-11-intran-gen-marker	2.1 Intransitive genitive marker	01_sov_gn_ac_b_pa	sov	gn	nom-acc	balancing	poss-acc	sov	SV	APV	100	0.97	0	0.0	1.6365189051628113	bos_eos
seed_44	2_1_intran_gen_marker	11_2_1_intran_gen_marker	fig:heatmap-11-intran-gen-marker	2.1 Intransitive genitive marker	02_sov_gn_ac_b_ep	sov	gn	nom-acc	balancing	erg-poss	sov	SV	APV	100	0.98	0	0.0	1.5639100861549378	bos_eos
seed_44	2_1_intran_gen_marker	11_2_1_intran_gen_marker	fig:heatmap-11-intran-gen-marker	2.1 Intransitive genitive marker	03_sov_gn_ac_b_no	sov	gn	nom-acc	balancing	nomn	sov	SV	APV	100	0.98	0	0.0	1.820290265083313	bos_eos
seed_44	2_1_intran_gen_marker	11_2_1_intran_gen_marker	fig:heatmap-11-intran-gen-marker	2.1 Intransitive genitive marker	04_sov_gn_ac_d_se	sov	gn	nom-acc	deranking	sent	sov	SV	APV	100	0.97	0	0.0	1.676834943294525	bos_eos
seed_44	2_1_intran_gen_marker	11_2_1_intran_gen_marker	fig:heatmap-11-intran-gen-marker	2.1 Intransitive genitive marker	05_sov_gn_ac_d_pa	sov	gn	nom-acc	deranking	poss-acc	sov	SV	APV	100	0.98	0	0.0	1.7636059212684632	bos_eos
seed_44	2_1_intran_gen_marker	11_2_1_intran_gen_marker	fig:heatmap-11-intran-gen-marker	2.1 Intransitive genitive marker	06_sov_gn_ac_d_ep	sov	gn	nom-acc	deranking	erg-poss	sov	SV	APV	100	0.99	0	0.0	1.8868792390823363	bos_eos
seed_44	2_1_intran_gen_marker	11_2_1_intran_gen_marker	fig:heatmap-11-intran-gen-marker	2.1 Intransitive genitive marker	07_sov_gn_ac_d_no	sov	gn	nom-acc	deranking	nomn	sov	SV	APV	100	0.98	0	0.0	2.0826818323135377	bos_eos
seed_44	2_1_intran_gen_marker	11_2_1_intran_gen_marker	fig:heatmap-11-intran-gen-marker	2.1 Intransitive genitive marker	08_sov_gn_er_b_se	sov	gn	erg-abs	balancing	sent	sov	SV	APV	100	0.75	0	0.0	1.046453630924225	bos_eos
seed_44	2_1_intran_gen_marker	11_2_1_intran_gen_marker	fig:heatmap-11-intran-gen-marker	2.1 Intransitive genitive marker	09_sov_gn_er_b_pa	sov	gn	erg-abs	balancing	poss-acc	sov	SV	APV	100	0.74	0	0.0	1.116690101623535	bos_eos
seed_44	2_1_intran_gen_marker	11_2_1_intran_gen_marker	fig:heatmap-11-intran-gen-marker	2.1 Intransitive genitive marker	10_sov_gn_er_b_ep	sov	gn	erg-abs	balancing	erg-poss	sov	SV	APV	100	0.76	0	0.0	1.2014977931976318	bos_eos
seed_44	2_1_intran_gen_marker	11_2_1_intran_gen_marker	fig:heatmap-11-intran-gen-marker	2.1 Intransitive genitive marker	11_sov_gn_er_b_no	sov	gn	erg-abs	balancing	nomn	sov	SV	APV	100	0.76	0	0.0	1.2128822326660156	bos_eos
seed_44	2_1_intran_gen_marker	11_2_1_intran_gen_marker	fig:heatmap-11-intran-gen-marker	2.1 Intransitive genitive marker	12_sov_gn_er_d_se	sov	gn	erg-abs	deranking	sent	sov	SV	APV	100	0.75	0	0.0	1.1563304114341735	bos_eos
seed_44	2_1_intran_gen_marker	11_2_1_intran_gen_marker	fig:heatmap-11-intran-gen-marker	2.1 Intransitive genitive marker	13_sov_gn_er_d_pa	sov	gn	erg-abs	deranking	poss-acc	sov	SV	APV	100	0.75	0	0.0	1.268253664970398	bos_eos
seed_44	2_1_intran_gen_marker	11_2_1_intran_gen_marker	fig:heatmap-11-intran-gen-marker	2.1 Intransitive genitive marker	14_sov_gn_er_d_ep	sov	gn	erg-abs	deranking	erg-poss	sov	SV	APV	100	0.78	0	0.0	1.2907277131080628	bos_eos
seed_44	2_1_intran_gen_marker	11_2_1_intran_gen_marker	fig:heatmap-11-intran-gen-marker	2.1 Intransitive genitive marker	15_sov_gn_er_d_no	sov	gn	erg-abs	deranking	nomn	sov	SV	APV	100	0.77	0	0.0	1.2091884064674376	bos_eos
seed_44	2_1_intran_gen_marker	11_2_1_intran_gen_marker	fig:heatmap-11-intran-gen-marker	2.1 Intransitive genitive marker	16_sov_ng_ac_b_se	sov	ng	nom-acc	balancing	sent	sov	SV	APV	100	0.72	0	0.0	0.765497989654541	bos_eos
seed_44	2_1_intran_gen_marker	11_2_1_intran_gen_marker	fig:heatmap-11-intran-gen-marker	2.1 Intransitive genitive marker	17_sov_ng_ac_b_pa	sov	ng	nom-acc	balancing	poss-acc	ovs	VS	PVA	100	0.73	0	0.0	0.8640340447425843	bos_eos
seed_44	2_1_intran_gen_marker	11_2_1_intran_gen_marker	fig:heatmap-11-intran-gen-marker	2.1 Intransitive genitive marker	18_sov_ng_ac_b_ep	sov	ng	nom-acc	balancing	erg-poss	vos	VS	AVP	100	0.74	0	0.0	0.8766394329071044	bos_eos
seed_44	2_1_intran_gen_marker	11_2_1_intran_gen_marker	fig:heatmap-11-intran-gen-marker	2.1 Intransitive genitive marker	19_sov_ng_ac_b_no	sov	ng	nom-acc	balancing	nomn	ovs	VS	PVA	100	0.73	0	0.0	0.8039278602600097	bos_eos
seed_44	2_1_intran_gen_marker	11_2_1_intran_gen_marker	fig:heatmap-11-intran-gen-marker	2.1 Intransitive genitive marker	20_sov_ng_ac_d_se	sov	ng	nom-acc	deranking	sent	sov	SV	APV	100	0.77	0	0.0	0.9702822542190552	bos_eos
seed_44	2_1_intran_gen_marker	11_2_1_intran_gen_marker	fig:heatmap-11-intran-gen-marker	2.1 Intransitive genitive marker	21_sov_ng_ac_d_pa	sov	ng	nom-acc	deranking	poss-acc	ovs	VS	PVA	100	0.79	0	0.0	0.9195411372184753	bos_eos
seed_44	2_1_intran_gen_marker	11_2_1_intran_gen_marker	fig:heatmap-11-intran-gen-marker	2.1 Intransitive genitive marker	22_sov_ng_ac_d_ep	sov	ng	nom-acc	deranking	erg-poss	vos	VS	AVP	100	0.75	0	0.0	0.8861573934555054	bos_eos
seed_44	2_1_intran_gen_marker	11_2_1_intran_gen_marker	fig:heatmap-11-intran-gen-marker	2.1 Intransitive genitive marker	23_sov_ng_ac_d_no	sov	ng	nom-acc	deranking	nomn	ovs	VS	PVA	100	0.77	0	0.0	0.9392252969741821	bos_eos
seed_44	2_1_intran_gen_marker	11_2_1_intran_gen_marker	fig:heatmap-11-intran-gen-marker	2.1 Intransitive genitive marker	24_sov_ng_er_b_se	sov	ng	erg-abs	balancing	sent	sov	SV	APV	100	0.9	0	0.0	1.617466299533844	bos_eos
seed_44	2_1_intran_gen_marker	11_2_1_intran_gen_marker	fig:heatmap-11-intran-gen-marker	2.1 Intransitive genitive marker	25_sov_ng_er_b_pa	sov	ng	erg-abs	balancing	poss-acc	ovs	VS	PVA	100	0.9	0	0.0	1.5046874213218688	bos_eos
seed_44	2_1_intran_gen_marker	11_2_1_intran_gen_marker	fig:heatmap-11-intran-gen-marker	2.1 Intransitive genitive marker	26_sov_ng_er_b_ep	sov	ng	erg-abs	balancing	erg-poss	vos	VS	AVP	100	0.91	0	0.0	1.709123706817627	bos_eos
seed_44	2_1_intran_gen_marker	11_2_1_intran_gen_marker	fig:heatmap-11-intran-gen-marker	2.1 Intransitive genitive marker	27_sov_ng_er_b_no	sov	ng	erg-abs	balancing	nomn	ovs	VS	PVA	100	0.93	0	0.0	1.94014732837677	bos_eos
seed_44	2_1_intran_gen_marker	11_2_1_intran_gen_marker	fig:heatmap-11-intran-gen-marker	2.1 Intransitive genitive marker	28_sov_ng_er_d_se	sov	ng	erg-abs	deranking	sent	sov	SV	APV	100	0.89	0	0.0	1.4991764545440673	bos_eos
seed_44	2_1_intran_gen_marker	11_2_1_intran_gen_marker	fig:heatmap-11-intran-gen-marker	2.1 Intransitive genitive marker	29_sov_ng_er_d_pa	sov	ng	erg-abs	deranking	poss-acc	ovs	VS	PVA	100	0.9	0	0.0	1.3716877865791322	bos_eos
seed_44	2_1_intran_gen_marker	11_2_1_intran_gen_marker	fig:heatmap-11-intran-gen-marker	2.1 Intransitive genitive marker	30_sov_ng_er_d_ep	sov	ng	erg-abs	deranking	erg-poss	vos	VS	AVP	100	0.95	0	0.0	1.7493534803390502	bos_eos
seed_44	2_1_intran_gen_marker	11_2_1_intran_gen_marker	fig:heatmap-11-intran-gen-marker	2.1 Intransitive genitive marker	31_sov_ng_er_d_no	sov	ng	erg-abs	deranking	nomn	ovs	VS	PVA	100	0.93	0	0.0	1.7063266158103942	bos_eos
seed_44	2_1_intran_gen_marker	11_2_1_intran_gen_marker	fig:heatmap-11-intran-gen-marker	2.1 Intransitive genitive marker	32_svo_gn_ac_b_se	svo	gn	nom-acc	balancing	sent	svo	SV	AVP	100	1.0	0	0.0	2.2518828988075255	bos_eos
seed_44	2_1_intran_gen_marker	11_2_1_intran_gen_marker	fig:heatmap-11-intran-gen-marker	2.1 Intransitive genitive marker	33_svo_gn_ac_b_pa	svo	gn	nom-acc	balancing	poss-acc	svo	SV	AVP	100	1.0	0	0.0	2.3830023217201233	bos_eos
seed_44	2_1_intran_gen_marker	11_2_1_intran_gen_marker	fig:heatmap-11-intran-gen-marker	2.1 Intransitive genitive marker	34_svo_gn_ac_b_ep	svo	gn	nom-acc	balancing	erg-poss	sov	SV	PVA	100	1.0	0	0.0	2.2883288955688474	bos_eos
seed_44	2_1_intran_gen_marker	11_2_1_intran_gen_marker	fig:heatmap-11-intran-gen-marker	2.1 Intransitive genitive marker	35_svo_gn_ac_b_no	svo	gn	nom-acc	balancing	nomn	svo	SV	AVP	100	1.0	0	0.0	2.1940286993980407	bos_eos
seed_44	2_1_intran_gen_marker	11_2_1_intran_gen_marker	fig:heatmap-11-intran-gen-marker	2.1 Intransitive genitive marker	36_svo_gn_ac_d_se	svo	gn	nom-acc	deranking	sent	svo	SV	AVP	100	0.98	0	0.0	2.0848907327651975	bos_eos
seed_44	2_1_intran_gen_marker	11_2_1_intran_gen_marker	fig:heatmap-11-intran-gen-marker	2.1 Intransitive genitive marker	37_svo_gn_ac_d_pa	svo	gn	nom-acc	deranking	poss-acc	svo	SV	AVP	100	0.99	0	0.0	2.1776766872406004	bos_eos
seed_44	2_1_intran_gen_marker	11_2_1_intran_gen_marker	fig:heatmap-11-intran-gen-marker	2.1 Intransitive genitive marker	38_svo_gn_ac_d_ep	svo	gn	nom-acc	deranking	erg-poss	sov	SV	PVA	100	1.0	0	0.0	2.297756428718567	bos_eos
seed_44	2_1_intran_gen_marker	11_2_1_intran_gen_marker	fig:heatmap-11-intran-gen-marker	2.1 Intransitive genitive marker	39_svo_gn_ac_d_no	svo	gn	nom-acc	deranking	nomn	svo	SV	AVP	100	1.0	0	0.0	2.242801432609558	bos_eos
seed_44	2_1_intran_gen_marker	11_2_1_intran_gen_marker	fig:heatmap-11-intran-gen-marker	2.1 Intransitive genitive marker	40_svo_gn_er_b_se	svo	gn	erg-abs	balancing	sent	svo	SV	AVP	100	0.94	0	0.0	1.679027831554413	bos_eos
seed_44	2_1_intran_gen_marker	11_2_1_intran_gen_marker	fig:heatmap-11-intran-gen-marker	2.1 Intransitive genitive marker	41_svo_gn_er_b_pa	svo	gn	erg-abs	balancing	poss-acc	svo	SV	AVP	100	1.0	0	0.0	2.019226462841034	bos_eos
seed_44	2_1_intran_gen_marker	11_2_1_intran_gen_marker	fig:heatmap-11-intran-gen-marker	2.1 Intransitive genitive marker	42_svo_gn_er_b_ep	svo	gn	erg-abs	balancing	erg-poss	sov	SV	PVA	100	0.99	0	0.0	1.9693960547447205	bos_eos
seed_44	2_1_intran_gen_marker	11_2_1_intran_gen_marker	fig:heatmap-11-intran-gen-marker	2.1 Intransitive genitive marker	43_svo_gn_er_b_no	svo	gn	erg-abs	balancing	nomn	svo	SV	AVP	100	0.98	0	0.0	2.035249116420746	bos_eos
seed_44	2_1_intran_gen_marker	11_2_1_intran_gen_marker	fig:heatmap-11-intran-gen-marker	2.1 Intransitive genitive marker	44_svo_gn_er_d_se	svo	gn	erg-abs	deranking	sent	svo	SV	AVP	100	1.0	0	0.0	1.7777902364730835	bos_eos
seed_44	2_1_intran_gen_marker	11_2_1_intran_gen_marker	fig:heatmap-11-intran-gen-marker	2.1 Intransitive genitive marker	45_svo_gn_er_d_pa	svo	gn	erg-abs	deranking	poss-acc	svo	SV	AVP	100	1.0	0	0.0	1.9862887930870057	bos_eos
seed_44	2_1_intran_gen_marker	11_2_1_intran_gen_marker	fig:heatmap-11-intran-gen-marker	2.1 Intransitive genitive marker	46_svo_gn_er_d_ep	svo	gn	erg-abs	deranking	erg-poss	sov	SV	PVA	100	1.0	0	0.0	2.3622734189033507	bos_eos
seed_44	2_1_intran_gen_marker	11_2_1_intran_gen_marker	fig:heatmap-11-intran-gen-marker	2.1 Intransitive genitive marker	47_svo_gn_er_d_no	svo	gn	erg-abs	deranking	nomn	svo	SV	AVP	100	1.0	0	0.0	2.1040886878967284	bos_eos
seed_44	2_1_intran_gen_marker	11_2_1_intran_gen_marker	fig:heatmap-11-intran-gen-marker	2.1 Intransitive genitive marker	48_svo_ng_ac_b_se	svo	ng	nom-acc	balancing	sent	svo	SV	AVP	100	0.95	0	0.0	2.004516115188599	bos_eos
seed_44	2_1_intran_gen_marker	11_2_1_intran_gen_marker	fig:heatmap-11-intran-gen-marker	2.1 Intransitive genitive marker	49_svo_ng_ac_b_pa	svo	ng	nom-acc	balancing	poss-acc	vos	VS	VPA	100	0.95	0	0.0	1.8128949403762817	bos_eos
seed_44	2_1_intran_gen_marker	11_2_1_intran_gen_marker	fig:heatmap-11-intran-gen-marker	2.1 Intransitive genitive marker	50_svo_ng_ac_b_ep	svo	ng	nom-acc	balancing	erg-poss	vos	VS	VPA	100	0.97	0	0.0	2.3162928199768067	bos_eos
seed_44	2_1_intran_gen_marker	11_2_1_intran_gen_marker	fig:heatmap-11-intran-gen-marker	2.1 Intransitive genitive marker	51_svo_ng_ac_b_no	svo	ng	nom-acc	balancing	nomn	vos	VS	VPA	100	0.94	0	0.0	2.2614327931404112	bos_eos
seed_44	2_1_intran_gen_marker	11_2_1_intran_gen_marker	fig:heatmap-11-intran-gen-marker	2.1 Intransitive genitive marker	52_svo_ng_ac_d_se	svo	ng	nom-acc	deranking	sent	svo	SV	AVP	100	0.95	0	0.0	1.7888441824913024	bos_eos
seed_44	2_1_intran_gen_marker	11_2_1_intran_gen_marker	fig:heatmap-11-intran-gen-marker	2.1 Intransitive genitive marker	53_svo_ng_ac_d_pa	svo	ng	nom-acc	deranking	poss-acc	vos	VS	VPA	100	0.94	0	0.0	1.909488682746887	bos_eos
seed_44	2_1_intran_gen_marker	11_2_1_intran_gen_marker	fig:heatmap-11-intran-gen-marker	2.1 Intransitive genitive marker	54_svo_ng_ac_d_ep	svo	ng	nom-acc	deranking	erg-poss	vos	VS	VPA	100	0.94	0	0.0	2.136352496147156	bos_eos
seed_44	2_1_intran_gen_marker	11_2_1_intran_gen_marker	fig:heatmap-11-intran-gen-marker	2.1 Intransitive genitive marker	55_svo_ng_ac_d_no	svo	ng	nom-acc	deranking	nomn	vos	VS	VPA	100	0.97	0	0.0	2.2778091049194336	bos_eos
seed_44	2_1_intran_gen_marker	11_2_1_intran_gen_marker	fig:heatmap-11-intran-gen-marker	2.1 Intransitive genitive marker	56_svo_ng_er_b_se	svo	ng	erg-abs	balancing	sent	svo	SV	AVP	100	0.98	0	0.0	2.236414973735809	bos_eos
seed_44	2_1_intran_gen_marker	11_2_1_intran_gen_marker	fig:heatmap-11-intran-gen-marker	2.1 Intransitive genitive marker	57_svo_ng_er_b_pa	svo	ng	erg-abs	balancing	poss-acc	vos	VS	VPA	100	0.97	0	0.0	2.3216309332847596	bos_eos
seed_44	2_1_intran_gen_marker	11_2_1_intran_gen_marker	fig:heatmap-11-intran-gen-marker	2.1 Intransitive genitive marker	58_svo_ng_er_b_ep	svo	ng	erg-abs	balancing	erg-poss	vos	VS	VPA	100	0.96	0	0.0	2.3011806178092957	bos_eos
seed_44	2_1_intran_gen_marker	11_2_1_intran_gen_marker	fig:heatmap-11-intran-gen-marker	2.1 Intransitive genitive marker	59_svo_ng_er_b_no	svo	ng	erg-abs	balancing	nomn	vos	VS	VPA	100	0.99	0	0.0	2.3788305163383483	bos_eos
seed_44	2_1_intran_gen_marker	11_2_1_intran_gen_marker	fig:heatmap-11-intran-gen-marker	2.1 Intransitive genitive marker	60_svo_ng_er_d_se	svo	ng	erg-abs	deranking	sent	svo	SV	AVP	100	0.97	0	0.0	1.9897191524505615	bos_eos
seed_44	2_1_intran_gen_marker	11_2_1_intran_gen_marker	fig:heatmap-11-intran-gen-marker	2.1 Intransitive genitive marker	61_svo_ng_er_d_pa	svo	ng	erg-abs	deranking	poss-acc	vos	VS	VPA	100	0.96	0	0.0	2.110353322029114	bos_eos
seed_44	2_1_intran_gen_marker	11_2_1_intran_gen_marker	fig:heatmap-11-intran-gen-marker	2.1 Intransitive genitive marker	62_svo_ng_er_d_ep	svo	ng	erg-abs	deranking	erg-poss	vos	VS	VPA	100	0.96	0	0.0	1.8043521070480346	bos_eos
seed_44	2_1_intran_gen_marker	11_2_1_intran_gen_marker	fig:heatmap-11-intran-gen-marker	2.1 Intransitive genitive marker	63_svo_ng_er_d_no	svo	ng	erg-abs	deranking	nomn	vos	VS	VPA	100	0.99	0	0.0	2.562338571548462	bos_eos
seed_44	2_1_intran_gen_marker	11_2_1_intran_gen_marker	fig:heatmap-11-intran-gen-marker	2.1 Intransitive genitive marker	64_vos_gn_ac_b_se	vos	gn	nom-acc	balancing	sent	vos	VS	VPA	100	0.79	0	0.0	1.0173849940299988	bos_eos
seed_44	2_1_intran_gen_marker	11_2_1_intran_gen_marker	fig:heatmap-11-intran-gen-marker	2.1 Intransitive genitive marker	65_vos_gn_ac_b_pa	vos	gn	nom-acc	balancing	poss-acc	svo	SV	AVP	100	0.77	0	0.0	1.0970688629150391	bos_eos
seed_44	2_1_intran_gen_marker	11_2_1_intran_gen_marker	fig:heatmap-11-intran-gen-marker	2.1 Intransitive genitive marker	66_vos_gn_ac_b_ep	vos	gn	nom-acc	balancing	erg-poss	sov	SV	PVA	100	0.76	0	0.0	1.0178007006645202	bos_eos
seed_44	2_1_intran_gen_marker	11_2_1_intran_gen_marker	fig:heatmap-11-intran-gen-marker	2.1 Intransitive genitive marker	67_vos_gn_ac_b_no	vos	gn	nom-acc	balancing	nomn	svo	SV	AVP	100	0.79	0	0.0	1.0707353854179382	bos_eos
seed_44	2_1_intran_gen_marker	11_2_1_intran_gen_marker	fig:heatmap-11-intran-gen-marker	2.1 Intransitive genitive marker	68_vos_gn_ac_d_se	vos	gn	nom-acc	deranking	sent	vos	VS	VPA	100	0.78	0	0.0	1.107131962776184	bos_eos
seed_44	2_1_intran_gen_marker	11_2_1_intran_gen_marker	fig:heatmap-11-intran-gen-marker	2.1 Intransitive genitive marker	69_vos_gn_ac_d_pa	vos	gn	nom-acc	deranking	poss-acc	svo	SV	AVP	100	0.79	0	0.0	1.1316779279708862	bos_eos
seed_44	2_1_intran_gen_marker	11_2_1_intran_gen_marker	fig:heatmap-11-intran-gen-marker	2.1 Intransitive genitive marker	70_vos_gn_ac_d_ep	vos	gn	nom-acc	deranking	erg-poss	sov	SV	PVA	100	0.78	0	0.0	1.1780078315734863	bos_eos
seed_44	2_1_intran_gen_marker	11_2_1_intran_gen_marker	fig:heatmap-11-intran-gen-marker	2.1 Intransitive genitive marker	71_vos_gn_ac_d_no	vos	gn	nom-acc	deranking	nomn	svo	SV	AVP	100	0.79	0	0.0	1.1464939832687377	bos_eos
seed_44	2_1_intran_gen_marker	11_2_1_intran_gen_marker	fig:heatmap-11-intran-gen-marker	2.1 Intransitive genitive marker	72_vos_gn_er_b_se	vos	gn	erg-abs	balancing	sent	vos	VS	VPA	100	0.98	0	0.0	2.131157071590424	bos_eos
seed_44	2_1_intran_gen_marker	11_2_1_intran_gen_marker	fig:heatmap-11-intran-gen-marker	2.1 Intransitive genitive marker	73_vos_gn_er_b_pa	vos	gn	erg-abs	balancing	poss-acc	svo	SV	AVP	100	0.97	0	0.0	1.895516185760498	bos_eos
seed_44	2_1_intran_gen_marker	11_2_1_intran_gen_marker	fig:heatmap-11-intran-gen-marker	2.1 Intransitive genitive marker	74_vos_gn_er_b_ep	vos	gn	erg-abs	balancing	erg-poss	sov	SV	PVA	100	1.0	0	0.0	2.0551804733276366	bos_eos
seed_44	2_1_intran_gen_marker	11_2_1_intran_gen_marker	fig:heatmap-11-intran-gen-marker	2.1 Intransitive genitive marker	75_vos_gn_er_b_no	vos	gn	erg-abs	balancing	nomn	svo	SV	AVP	100	1.0	0	0.0	2.4862758350372314	bos_eos
seed_44	2_1_intran_gen_marker	11_2_1_intran_gen_marker	fig:heatmap-11-intran-gen-marker	2.1 Intransitive genitive marker	76_vos_gn_er_d_se	vos	gn	erg-abs	deranking	sent	vos	VS	VPA	100	0.97	0	0.0	1.9917002630233764	bos_eos
seed_44	2_1_intran_gen_marker	11_2_1_intran_gen_marker	fig:heatmap-11-intran-gen-marker	2.1 Intransitive genitive marker	77_vos_gn_er_d_pa	vos	gn	erg-abs	deranking	poss-acc	svo	SV	AVP	100	0.99	0	0.0	2.0086782479286196	bos_eos
seed_44	2_1_intran_gen_marker	11_2_1_intran_gen_marker	fig:heatmap-11-intran-gen-marker	2.1 Intransitive genitive marker	78_vos_gn_er_d_ep	vos	gn	erg-abs	deranking	erg-poss	sov	SV	PVA	100	0.97	0	0.0	2.249486811161041	bos_eos
seed_44	2_1_intran_gen_marker	11_2_1_intran_gen_marker	fig:heatmap-11-intran-gen-marker	2.1 Intransitive genitive marker	79_vos_gn_er_d_no	vos	gn	erg-abs	deranking	nomn	svo	SV	AVP	100	1.0	0	0.0	2.0120542573928835	bos_eos
seed_44	2_1_intran_gen_marker	11_2_1_intran_gen_marker	fig:heatmap-11-intran-gen-marker	2.1 Intransitive genitive marker	80_vos_ng_ac_b_se	vos	ng	nom-acc	balancing	sent	vos	VS	VPA	100	0.84	0	0.0	0.9890655159950257	bos_eos
seed_44	2_1_intran_gen_marker	11_2_1_intran_gen_marker	fig:heatmap-11-intran-gen-marker	2.1 Intransitive genitive marker	81_vos_ng_ac_b_pa	vos	ng	nom-acc	balancing	poss-acc	vos	VS	VPA	100	0.89	0	0.0	1.0128532671928405	bos_eos
seed_44	2_1_intran_gen_marker	11_2_1_intran_gen_marker	fig:heatmap-11-intran-gen-marker	2.1 Intransitive genitive marker	82_vos_ng_ac_b_ep	vos	ng	nom-acc	balancing	erg-poss	vos	VS	VPA	100	0.85	0	0.0	1.2387486243247985	bos_eos
seed_44	2_1_intran_gen_marker	11_2_1_intran_gen_marker	fig:heatmap-11-intran-gen-marker	2.1 Intransitive genitive marker	83_vos_ng_ac_b_no	vos	ng	nom-acc	balancing	nomn	vos	VS	VPA	100	0.88	0	0.0	1.2175443434715272	bos_eos
seed_44	2_1_intran_gen_marker	11_2_1_intran_gen_marker	fig:heatmap-11-intran-gen-marker	2.1 Intransitive genitive marker	84_vos_ng_ac_d_se	vos	ng	nom-acc	deranking	sent	vos	VS	VPA	100	0.89	0	0.0	1.301549482345581	bos_eos
seed_44	2_1_intran_gen_marker	11_2_1_intran_gen_marker	fig:heatmap-11-intran-gen-marker	2.1 Intransitive genitive marker	85_vos_ng_ac_d_pa	vos	ng	nom-acc	deranking	poss-acc	vos	VS	VPA	100	0.92	0	0.0	1.4029754161834718	bos_eos
seed_44	2_1_intran_gen_marker	11_2_1_intran_gen_marker	fig:heatmap-11-intran-gen-marker	2.1 Intransitive genitive marker	86_vos_ng_ac_d_ep	vos	ng	nom-acc	deranking	erg-poss	vos	VS	VPA	100	0.91	0	0.0	1.3333380436897277	bos_eos
seed_44	2_1_intran_gen_marker	11_2_1_intran_gen_marker	fig:heatmap-11-intran-gen-marker	2.1 Intransitive genitive marker	87_vos_ng_ac_d_no	vos	ng	nom-acc	deranking	nomn	vos	VS	VPA	100	0.88	0	0.0	1.4050797510147095	bos_eos
seed_44	2_1_intran_gen_marker	11_2_1_intran_gen_marker	fig:heatmap-11-intran-gen-marker	2.1 Intransitive genitive marker	88_vos_ng_er_b_se	vos	ng	erg-abs	balancing	sent	vos	VS	VPA	100	0.75	0	0.0	1.0292675256729127	bos_eos
seed_44	2_1_intran_gen_marker	11_2_1_intran_gen_marker	fig:heatmap-11-intran-gen-marker	2.1 Intransitive genitive marker	89_vos_ng_er_b_pa	vos	ng	erg-abs	balancing	poss-acc	vos	VS	VPA	100	0.8	0	0.0	1.1147908663749695	bos_eos
seed_44	2_1_intran_gen_marker	11_2_1_intran_gen_marker	fig:heatmap-11-intran-gen-marker	2.1 Intransitive genitive marker	90_vos_ng_er_b_ep	vos	ng	erg-abs	balancing	erg-poss	vos	VS	VPA	100	0.74	0	0.0	1.2306851935386658	bos_eos
seed_44	2_1_intran_gen_marker	11_2_1_intran_gen_marker	fig:heatmap-11-intran-gen-marker	2.1 Intransitive genitive marker	91_vos_ng_er_b_no	vos	ng	erg-abs	balancing	nomn	vos	VS	VPA	100	0.79	0	0.0	1.2173377966880798	bos_eos
seed_44	2_1_intran_gen_marker	11_2_1_intran_gen_marker	fig:heatmap-11-intran-gen-marker	2.1 Intransitive genitive marker	92_vos_ng_er_d_se	vos	ng	erg-abs	deranking	sent	vos	VS	VPA	100	0.76	0	0.0	1.0963629221916198	bos_eos
seed_44	2_1_intran_gen_marker	11_2_1_intran_gen_marker	fig:heatmap-11-intran-gen-marker	2.1 Intransitive genitive marker	93_vos_ng_er_d_pa	vos	ng	erg-abs	deranking	poss-acc	vos	VS	VPA	100	0.78	0	0.0	1.2191143751144409	bos_eos
seed_44	2_1_intran_gen_marker	11_2_1_intran_gen_marker	fig:heatmap-11-intran-gen-marker	2.1 Intransitive genitive marker	94_vos_ng_er_d_ep	vos	ng	erg-abs	deranking	erg-poss	vos	VS	VPA	100	0.78	0	0.0	1.4006760215759277	bos_eos
seed_44	2_1_intran_gen_marker	11_2_1_intran_gen_marker	fig:heatmap-11-intran-gen-marker	2.1 Intransitive genitive marker	95_vos_ng_er_d_no	vos	ng	erg-abs	deranking	nomn	vos	VS	VPA	100	0.81	0	0.0	1.2549263668060302	bos_eos
seed_44	2_2_tran_gen_marker	12_2_2_tran_gen_marker	fig:heatmap-12-tran-gen-marker	2.2 Transitive genitive marker	00_sov_gn_ac_b_se	sov	gn	nom-acc	balancing	sent	sov	SV	APV	100	0.97	0	0.0	0.9630773091316223	bos_eos
seed_44	2_2_tran_gen_marker	12_2_2_tran_gen_marker	fig:heatmap-12-tran-gen-marker	2.2 Transitive genitive marker	01_sov_gn_ac_b_pa	sov	gn	nom-acc	balancing	poss-acc	sov	SV	APV	100	0.94	0	0.0	1.0280439758300781	bos_eos
seed_44	2_2_tran_gen_marker	12_2_2_tran_gen_marker	fig:heatmap-12-tran-gen-marker	2.2 Transitive genitive marker	02_sov_gn_ac_b_ep	sov	gn	nom-acc	balancing	erg-poss	sov	SV	APV	100	0.98	0	0.0	1.1220867180824279	bos_eos
seed_44	2_2_tran_gen_marker	12_2_2_tran_gen_marker	fig:heatmap-12-tran-gen-marker	2.2 Transitive genitive marker	03_sov_gn_ac_b_no	sov	gn	nom-acc	balancing	nomn	sov	SV	APV	100	1.0	0	0.0	1.1830959057807922	bos_eos
seed_44	2_2_tran_gen_marker	12_2_2_tran_gen_marker	fig:heatmap-12-tran-gen-marker	2.2 Transitive genitive marker	04_sov_gn_ac_d_se	sov	gn	nom-acc	deranking	sent	sov	SV	APV	100	0.94	0	0.0	0.9743790817260742	bos_eos
seed_44	2_2_tran_gen_marker	12_2_2_tran_gen_marker	fig:heatmap-12-tran-gen-marker	2.2 Transitive genitive marker	05_sov_gn_ac_d_pa	sov	gn	nom-acc	deranking	poss-acc	sov	SV	APV	100	0.93	0	0.0	1.0713913917541504	bos_eos
seed_44	2_2_tran_gen_marker	12_2_2_tran_gen_marker	fig:heatmap-12-tran-gen-marker	2.2 Transitive genitive marker	06_sov_gn_ac_d_ep	sov	gn	nom-acc	deranking	erg-poss	sov	SV	APV	100	0.97	0	0.0	1.1476689982414245	bos_eos
seed_44	2_2_tran_gen_marker	12_2_2_tran_gen_marker	fig:heatmap-12-tran-gen-marker	2.2 Transitive genitive marker	07_sov_gn_ac_d_no	sov	gn	nom-acc	deranking	nomn	sov	SV	APV	100	0.99	0	0.0	1.221465790271759	bos_eos
seed_44	2_2_tran_gen_marker	12_2_2_tran_gen_marker	fig:heatmap-12-tran-gen-marker	2.2 Transitive genitive marker	08_sov_gn_er_b_se	sov	gn	erg-abs	balancing	sent	sov	SV	APV	100	0.85	0	0.0	0.7753883099555969	bos_eos
seed_44	2_2_tran_gen_marker	12_2_2_tran_gen_marker	fig:heatmap-12-tran-gen-marker	2.2 Transitive genitive marker	09_sov_gn_er_b_pa	sov	gn	erg-abs	balancing	poss-acc	sov	SV	APV	100	0.81	0	0.0	0.8709650874137879	bos_eos
seed_44	2_2_tran_gen_marker	12_2_2_tran_gen_marker	fig:heatmap-12-tran-gen-marker	2.2 Transitive genitive marker	10_sov_gn_er_b_ep	sov	gn	erg-abs	balancing	erg-poss	sov	SV	APV	100	0.82	0	0.0	0.8588953757286072	bos_eos
seed_44	2_2_tran_gen_marker	12_2_2_tran_gen_marker	fig:heatmap-12-tran-gen-marker	2.2 Transitive genitive marker	11_sov_gn_er_b_no	sov	gn	erg-abs	balancing	nomn	sov	SV	APV	100	0.85	0	0.0	0.8913785696029664	bos_eos
seed_44	2_2_tran_gen_marker	12_2_2_tran_gen_marker	fig:heatmap-12-tran-gen-marker	2.2 Transitive genitive marker	12_sov_gn_er_d_se	sov	gn	erg-abs	deranking	sent	sov	SV	APV	100	0.84	0	0.0	0.8003260469436646	bos_eos
seed_44	2_2_tran_gen_marker	12_2_2_tran_gen_marker	fig:heatmap-12-tran-gen-marker	2.2 Transitive genitive marker	13_sov_gn_er_d_pa	sov	gn	erg-abs	deranking	poss-acc	sov	SV	APV	100	0.85	0	0.0	0.9346333026885987	bos_eos
seed_44	2_2_tran_gen_marker	12_2_2_tran_gen_marker	fig:heatmap-12-tran-gen-marker	2.2 Transitive genitive marker	14_sov_gn_er_d_ep	sov	gn	erg-abs	deranking	erg-poss	sov	SV	APV	100	0.87	0	0.0	0.9151787376403808	bos_eos
seed_44	2_2_tran_gen_marker	12_2_2_tran_gen_marker	fig:heatmap-12-tran-gen-marker	2.2 Transitive genitive marker	15_sov_gn_er_d_no	sov	gn	erg-abs	deranking	nomn	sov	SV	APV	100	0.86	0	0.0	0.936790964603424	bos_eos
seed_44	2_2_tran_gen_marker	12_2_2_tran_gen_marker	fig:heatmap-12-tran-gen-marker	2.2 Transitive genitive marker	16_sov_ng_ac_b_se	sov	ng	nom-acc	balancing	sent	sov	SV	APV	100	0.89	0	0.0	1.0114583826065064	bos_eos
seed_44	2_2_tran_gen_marker	12_2_2_tran_gen_marker	fig:heatmap-12-tran-gen-marker	2.2 Transitive genitive marker	17_sov_ng_ac_b_pa	sov	ng	nom-acc	balancing	poss-acc	ovs	VS	PVA	100	0.87	0	0.0	0.9676717090606689	bos_eos
seed_44	2_2_tran_gen_marker	12_2_2_tran_gen_marker	fig:heatmap-12-tran-gen-marker	2.2 Transitive genitive marker	18_sov_ng_ac_b_ep	sov	ng	nom-acc	balancing	erg-poss	vos	VS	AVP	100	0.9	0	0.0	1.0828074979782105	bos_eos
seed_44	2_2_tran_gen_marker	12_2_2_tran_gen_marker	fig:heatmap-12-tran-gen-marker	2.2 Transitive genitive marker	19_sov_ng_ac_b_no	sov	ng	nom-acc	balancing	nomn	ovs	VS	PVA	100	0.92	0	0.0	1.1845066118240357	bos_eos
seed_44	2_2_tran_gen_marker	12_2_2_tran_gen_marker	fig:heatmap-12-tran-gen-marker	2.2 Transitive genitive marker	20_sov_ng_ac_d_se	sov	ng	nom-acc	deranking	sent	sov	SV	APV	100	0.89	0	0.0	1.100863859653473	bos_eos
seed_44	2_2_tran_gen_marker	12_2_2_tran_gen_marker	fig:heatmap-12-tran-gen-marker	2.2 Transitive genitive marker	21_sov_ng_ac_d_pa	sov	ng	nom-acc	deranking	poss-acc	ovs	VS	PVA	100	0.93	0	0.0	1.0833507251739503	bos_eos
seed_44	2_2_tran_gen_marker	12_2_2_tran_gen_marker	fig:heatmap-12-tran-gen-marker	2.2 Transitive genitive marker	22_sov_ng_ac_d_ep	sov	ng	nom-acc	deranking	erg-poss	vos	VS	AVP	100	0.92	0	0.0	1.1733750748634337	bos_eos
seed_44	2_2_tran_gen_marker	12_2_2_tran_gen_marker	fig:heatmap-12-tran-gen-marker	2.2 Transitive genitive marker	23_sov_ng_ac_d_no	sov	ng	nom-acc	deranking	nomn	ovs	VS	PVA	100	0.92	0	0.0	1.1432505321502686	bos_eos
seed_44	2_2_tran_gen_marker	12_2_2_tran_gen_marker	fig:heatmap-12-tran-gen-marker	2.2 Transitive genitive marker	24_sov_ng_er_b_se	sov	ng	erg-abs	balancing	sent	sov	SV	APV	100	0.83	0	0.0	0.8894743585586548	bos_eos
seed_44	2_2_tran_gen_marker	12_2_2_tran_gen_marker	fig:heatmap-12-tran-gen-marker	2.2 Transitive genitive marker	25_sov_ng_er_b_pa	sov	ng	erg-abs	balancing	poss-acc	ovs	VS	PVA	100	0.8	0	0.0	0.9305574870109559	bos_eos
seed_44	2_2_tran_gen_marker	12_2_2_tran_gen_marker	fig:heatmap-12-tran-gen-marker	2.2 Transitive genitive marker	26_sov_ng_er_b_ep	sov	ng	erg-abs	balancing	erg-poss	vos	VS	AVP	100	0.82	0	0.0	1.0404641652107238	bos_eos
seed_44	2_2_tran_gen_marker	12_2_2_tran_gen_marker	fig:heatmap-12-tran-gen-marker	2.2 Transitive genitive marker	27_sov_ng_er_b_no	sov	ng	erg-abs	balancing	nomn	ovs	VS	PVA	100	0.84	0	0.0	1.16581933259964	bos_eos
seed_44	2_2_tran_gen_marker	12_2_2_tran_gen_marker	fig:heatmap-12-tran-gen-marker	2.2 Transitive genitive marker	28_sov_ng_er_d_se	sov	ng	erg-abs	deranking	sent	sov	SV	APV	100	0.84	0	0.0	0.8668973159790039	bos_eos
seed_44	2_2_tran_gen_marker	12_2_2_tran_gen_marker	fig:heatmap-12-tran-gen-marker	2.2 Transitive genitive marker	29_sov_ng_er_d_pa	sov	ng	erg-abs	deranking	poss-acc	ovs	VS	PVA	100	0.77	0	0.0	0.8519431805610657	bos_eos
seed_44	2_2_tran_gen_marker	12_2_2_tran_gen_marker	fig:heatmap-12-tran-gen-marker	2.2 Transitive genitive marker	30_sov_ng_er_d_ep	sov	ng	erg-abs	deranking	erg-poss	vos	VS	AVP	100	0.82	0	0.0	0.9725762438774109	bos_eos
seed_44	2_2_tran_gen_marker	12_2_2_tran_gen_marker	fig:heatmap-12-tran-gen-marker	2.2 Transitive genitive marker	31_sov_ng_er_d_no	sov	ng	erg-abs	deranking	nomn	ovs	VS	PVA	100	0.83	0	0.0	1.064520273208618	bos_eos
seed_44	2_2_tran_gen_marker	12_2_2_tran_gen_marker	fig:heatmap-12-tran-gen-marker	2.2 Transitive genitive marker	32_svo_gn_ac_b_se	svo	gn	nom-acc	balancing	sent	svo	SV	AVP	100	1.0	0	0.0	1.4453472256660462	bos_eos
seed_44	2_2_tran_gen_marker	12_2_2_tran_gen_marker	fig:heatmap-12-tran-gen-marker	2.2 Transitive genitive marker	33_svo_gn_ac_b_pa	svo	gn	nom-acc	balancing	poss-acc	svo	SV	AVP	100	1.0	0	0.0	1.6189483571052552	bos_eos
seed_44	2_2_tran_gen_marker	12_2_2_tran_gen_marker	fig:heatmap-12-tran-gen-marker	2.2 Transitive genitive marker	34_svo_gn_ac_b_ep	svo	gn	nom-acc	balancing	erg-poss	sov	SV	PVA	100	1.0	0	0.0	1.581087625026703	bos_eos
seed_44	2_2_tran_gen_marker	12_2_2_tran_gen_marker	fig:heatmap-12-tran-gen-marker	2.2 Transitive genitive marker	35_svo_gn_ac_b_no	svo	gn	nom-acc	balancing	nomn	svo	SV	AVP	100	1.0	0	0.0	1.5690676259994507	bos_eos
seed_44	2_2_tran_gen_marker	12_2_2_tran_gen_marker	fig:heatmap-12-tran-gen-marker	2.2 Transitive genitive marker	36_svo_gn_ac_d_se	svo	gn	nom-acc	deranking	sent	svo	SV	AVP	100	1.0	0	0.0	1.2930698823928832	bos_eos
seed_44	2_2_tran_gen_marker	12_2_2_tran_gen_marker	fig:heatmap-12-tran-gen-marker	2.2 Transitive genitive marker	37_svo_gn_ac_d_pa	svo	gn	nom-acc	deranking	poss-acc	svo	SV	AVP	100	1.0	0	0.0	1.3854144144058227	bos_eos
seed_44	2_2_tran_gen_marker	12_2_2_tran_gen_marker	fig:heatmap-12-tran-gen-marker	2.2 Transitive genitive marker	38_svo_gn_ac_d_ep	svo	gn	nom-acc	deranking	erg-poss	sov	SV	PVA	100	1.0	0	0.0	1.456015763282776	bos_eos
seed_44	2_2_tran_gen_marker	12_2_2_tran_gen_marker	fig:heatmap-12-tran-gen-marker	2.2 Transitive genitive marker	39_svo_gn_ac_d_no	svo	gn	nom-acc	deranking	nomn	svo	SV	AVP	100	1.0	0	0.0	1.533781316280365	bos_eos
seed_44	2_2_tran_gen_marker	12_2_2_tran_gen_marker	fig:heatmap-12-tran-gen-marker	2.2 Transitive genitive marker	40_svo_gn_er_b_se	svo	gn	erg-abs	balancing	sent	svo	SV	AVP	100	0.98	0	0.0	1.125343813896179	bos_eos
seed_44	2_2_tran_gen_marker	12_2_2_tran_gen_marker	fig:heatmap-12-tran-gen-marker	2.2 Transitive genitive marker	41_svo_gn_er_b_pa	svo	gn	erg-abs	balancing	poss-acc	svo	SV	AVP	100	0.99	0	0.0	1.4196432733535767	bos_eos
seed_44	2_2_tran_gen_marker	12_2_2_tran_gen_marker	fig:heatmap-12-tran-gen-marker	2.2 Transitive genitive marker	42_svo_gn_er_b_ep	svo	gn	erg-abs	balancing	erg-poss	sov	SV	PVA	100	0.98	0	0.0	1.4008868479728698	bos_eos
seed_44	2_2_tran_gen_marker	12_2_2_tran_gen_marker	fig:heatmap-12-tran-gen-marker	2.2 Transitive genitive marker	43_svo_gn_er_b_no	svo	gn	erg-abs	balancing	nomn	svo	SV	AVP	100	1.0	0	0.0	1.4196150183677674	bos_eos
seed_44	2_2_tran_gen_marker	12_2_2_tran_gen_marker	fig:heatmap-12-tran-gen-marker	2.2 Transitive genitive marker	44_svo_gn_er_d_se	svo	gn	erg-abs	deranking	sent	svo	SV	AVP	100	0.98	0	0.0	1.0982293605804443	bos_eos
seed_44	2_2_tran_gen_marker	12_2_2_tran_gen_marker	fig:heatmap-12-tran-gen-marker	2.2 Transitive genitive marker	45_svo_gn_er_d_pa	svo	gn	erg-abs	deranking	poss-acc	svo	SV	AVP	100	0.94	0	0.0	1.2446831631660462	bos_eos
seed_44	2_2_tran_gen_marker	12_2_2_tran_gen_marker	fig:heatmap-12-tran-gen-marker	2.2 Transitive genitive marker	46_svo_gn_er_d_ep	svo	gn	erg-abs	deranking	erg-poss	sov	SV	PVA	100	0.96	0	0.0	1.3367156195640564	bos_eos
seed_44	2_2_tran_gen_marker	12_2_2_tran_gen_marker	fig:heatmap-12-tran-gen-marker	2.2 Transitive genitive marker	47_svo_gn_er_d_no	svo	gn	erg-abs	deranking	nomn	svo	SV	AVP	100	0.98	0	0.0	1.320220968723297	bos_eos
seed_44	2_2_tran_gen_marker	12_2_2_tran_gen_marker	fig:heatmap-12-tran-gen-marker	2.2 Transitive genitive marker	48_svo_ng_ac_b_se	svo	ng	nom-acc	balancing	sent	svo	SV	AVP	100	0.92	0	0.0	1.437457480430603	bos_eos
seed_44	2_2_tran_gen_marker	12_2_2_tran_gen_marker	fig:heatmap-12-tran-gen-marker	2.2 Transitive genitive marker	49_svo_ng_ac_b_pa	svo	ng	nom-acc	balancing	poss-acc	vos	VS	VPA	100	0.9	0	0.0	1.4113526082038879	bos_eos
seed_44	2_2_tran_gen_marker	12_2_2_tran_gen_marker	fig:heatmap-12-tran-gen-marker	2.2 Transitive genitive marker	50_svo_ng_ac_b_ep	svo	ng	nom-acc	balancing	erg-poss	vos	VS	VPA	100	0.95	0	0.0	1.6756184220314025	bos_eos
seed_44	2_2_tran_gen_marker	12_2_2_tran_gen_marker	fig:heatmap-12-tran-gen-marker	2.2 Transitive genitive marker	51_svo_ng_ac_b_no	svo	ng	nom-acc	balancing	nomn	vos	VS	VPA	100	0.95	0	0.0	1.6182732367515564	bos_eos
seed_44	2_2_tran_gen_marker	12_2_2_tran_gen_marker	fig:heatmap-12-tran-gen-marker	2.2 Transitive genitive marker	52_svo_ng_ac_d_se	svo	ng	nom-acc	deranking	sent	svo	SV	AVP	100	0.92	0	0.0	1.3556464982032777	bos_eos
seed_44	2_2_tran_gen_marker	12_2_2_tran_gen_marker	fig:heatmap-12-tran-gen-marker	2.2 Transitive genitive marker	53_svo_ng_ac_d_pa	svo	ng	nom-acc	deranking	poss-acc	vos	VS	VPA	100	0.91	0	0.0	1.4177628087997436	bos_eos
seed_44	2_2_tran_gen_marker	12_2_2_tran_gen_marker	fig:heatmap-12-tran-gen-marker	2.2 Transitive genitive marker	54_svo_ng_ac_d_ep	svo	ng	nom-acc	deranking	erg-poss	vos	VS	VPA	100	0.92	0	0.0	1.5698925924301148	bos_eos
seed_44	2_2_tran_gen_marker	12_2_2_tran_gen_marker	fig:heatmap-12-tran-gen-marker	2.2 Transitive genitive marker	55_svo_ng_ac_d_no	svo	ng	nom-acc	deranking	nomn	vos	VS	VPA	100	0.95	0	0.0	1.602812054157257	bos_eos
seed_44	2_2_tran_gen_marker	12_2_2_tran_gen_marker	fig:heatmap-12-tran-gen-marker	2.2 Transitive genitive marker	56_svo_ng_er_b_se	svo	ng	erg-abs	balancing	sent	svo	SV	AVP	100	0.91	0	0.0	1.341177225112915	bos_eos
seed_44	2_2_tran_gen_marker	12_2_2_tran_gen_marker	fig:heatmap-12-tran-gen-marker	2.2 Transitive genitive marker	57_svo_ng_er_b_pa	svo	ng	erg-abs	balancing	poss-acc	vos	VS	VPA	100	0.91	0	0.0	1.2833664917945862	bos_eos
seed_44	2_2_tran_gen_marker	12_2_2_tran_gen_marker	fig:heatmap-12-tran-gen-marker	2.2 Transitive genitive marker	58_svo_ng_er_b_ep	svo	ng	erg-abs	balancing	erg-poss	vos	VS	VPA	100	0.93	0	0.0	1.4467403078079224	bos_eos
seed_44	2_2_tran_gen_marker	12_2_2_tran_gen_marker	fig:heatmap-12-tran-gen-marker	2.2 Transitive genitive marker	59_svo_ng_er_b_no	svo	ng	erg-abs	balancing	nomn	vos	VS	VPA	100	0.93	0	0.0	1.327641544342041	bos_eos
seed_44	2_2_tran_gen_marker	12_2_2_tran_gen_marker	fig:heatmap-12-tran-gen-marker	2.2 Transitive genitive marker	60_svo_ng_er_d_se	svo	ng	erg-abs	deranking	sent	svo	SV	AVP	100	0.92	0	0.0	1.2439433741569519	bos_eos
seed_44	2_2_tran_gen_marker	12_2_2_tran_gen_marker	fig:heatmap-12-tran-gen-marker	2.2 Transitive genitive marker	61_svo_ng_er_d_pa	svo	ng	erg-abs	deranking	poss-acc	vos	VS	VPA	100	0.92	0	0.0	1.324667179584503	bos_eos
seed_44	2_2_tran_gen_marker	12_2_2_tran_gen_marker	fig:heatmap-12-tran-gen-marker	2.2 Transitive genitive marker	62_svo_ng_er_d_ep	svo	ng	erg-abs	deranking	erg-poss	vos	VS	VPA	100	0.87	0	0.0	1.1532842826843261	bos_eos
seed_44	2_2_tran_gen_marker	12_2_2_tran_gen_marker	fig:heatmap-12-tran-gen-marker	2.2 Transitive genitive marker	63_svo_ng_er_d_no	svo	ng	erg-abs	deranking	nomn	vos	VS	VPA	100	0.94	0	0.0	1.5180495166778565	bos_eos
seed_44	2_2_tran_gen_marker	12_2_2_tran_gen_marker	fig:heatmap-12-tran-gen-marker	2.2 Transitive genitive marker	64_vos_gn_ac_b_se	vos	gn	nom-acc	balancing	sent	vos	VS	VPA	100	0.93	0	0.0	0.9833119130134582	bos_eos
seed_44	2_2_tran_gen_marker	12_2_2_tran_gen_marker	fig:heatmap-12-tran-gen-marker	2.2 Transitive genitive marker	65_vos_gn_ac_b_pa	vos	gn	nom-acc	balancing	poss-acc	svo	SV	AVP	100	0.93	0	0.0	1.0414555382728576	bos_eos
seed_44	2_2_tran_gen_marker	12_2_2_tran_gen_marker	fig:heatmap-12-tran-gen-marker	2.2 Transitive genitive marker	66_vos_gn_ac_b_ep	vos	gn	nom-acc	balancing	erg-poss	sov	SV	PVA	100	0.95	0	0.0	1.1230560207366944	bos_eos
seed_44	2_2_tran_gen_marker	12_2_2_tran_gen_marker	fig:heatmap-12-tran-gen-marker	2.2 Transitive genitive marker	67_vos_gn_ac_b_no	vos	gn	nom-acc	balancing	nomn	svo	SV	AVP	100	0.92	0	0.0	1.1717407989501953	bos_eos
seed_44	2_2_tran_gen_marker	12_2_2_tran_gen_marker	fig:heatmap-12-tran-gen-marker	2.2 Transitive genitive marker	68_vos_gn_ac_d_se	vos	gn	nom-acc	deranking	sent	vos	VS	VPA	100	0.95	0	0.0	1.1163068675994874	bos_eos
seed_44	2_2_tran_gen_marker	12_2_2_tran_gen_marker	fig:heatmap-12-tran-gen-marker	2.2 Transitive genitive marker	69_vos_gn_ac_d_pa	vos	gn	nom-acc	deranking	poss-acc	svo	SV	AVP	100	0.95	0	0.0	1.1375186395645143	bos_eos
seed_44	2_2_tran_gen_marker	12_2_2_tran_gen_marker	fig:heatmap-12-tran-gen-marker	2.2 Transitive genitive marker	70_vos_gn_ac_d_ep	vos	gn	nom-acc	deranking	erg-poss	sov	SV	PVA	100	0.97	0	0.0	1.2614247512817383	bos_eos
seed_44	2_2_tran_gen_marker	12_2_2_tran_gen_marker	fig:heatmap-12-tran-gen-marker	2.2 Transitive genitive marker	71_vos_gn_ac_d_no	vos	gn	nom-acc	deranking	nomn	svo	SV	AVP	100	0.97	0	0.0	1.27265615940094	bos_eos
seed_44	2_2_tran_gen_marker	12_2_2_tran_gen_marker	fig:heatmap-12-tran-gen-marker	2.2 Transitive genitive marker	72_vos_gn_er_b_se	vos	gn	erg-abs	balancing	sent	vos	VS	VPA	100	0.98	0	0.0	1.2251841044425964	bos_eos
seed_44	2_2_tran_gen_marker	12_2_2_tran_gen_marker	fig:heatmap-12-tran-gen-marker	2.2 Transitive genitive marker	73_vos_gn_er_b_pa	vos	gn	erg-abs	balancing	poss-acc	svo	SV	AVP	100	0.97	0	0.0	1.246410698890686	bos_eos
seed_44	2_2_tran_gen_marker	12_2_2_tran_gen_marker	fig:heatmap-12-tran-gen-marker	2.2 Transitive genitive marker	74_vos_gn_er_b_ep	vos	gn	erg-abs	balancing	erg-poss	sov	SV	PVA	100	0.98	0	0.0	1.2575768899917603	bos_eos
seed_44	2_2_tran_gen_marker	12_2_2_tran_gen_marker	fig:heatmap-12-tran-gen-marker	2.2 Transitive genitive marker	75_vos_gn_er_b_no	vos	gn	erg-abs	balancing	nomn	svo	SV	AVP	100	0.98	0	0.0	1.4176089215278624	bos_eos
seed_44	2_2_tran_gen_marker	12_2_2_tran_gen_marker	fig:heatmap-12-tran-gen-marker	2.2 Transitive genitive marker	76_vos_gn_er_d_se	vos	gn	erg-abs	deranking	sent	vos	VS	VPA	100	0.98	0	0.0	1.3107976293563843	bos_eos
seed_44	2_2_tran_gen_marker	12_2_2_tran_gen_marker	fig:heatmap-12-tran-gen-marker	2.2 Transitive genitive marker	77_vos_gn_er_d_pa	vos	gn	erg-abs	deranking	poss-acc	svo	SV	AVP	100	0.98	0	0.0	1.3185251426696778	bos_eos
seed_44	2_2_tran_gen_marker	12_2_2_tran_gen_marker	fig:heatmap-12-tran-gen-marker	2.2 Transitive genitive marker	78_vos_gn_er_d_ep	vos	gn	erg-abs	deranking	erg-poss	sov	SV	PVA	100	0.98	0	0.0	1.3574682545661927	bos_eos
seed_44	2_2_tran_gen_marker	12_2_2_tran_gen_marker	fig:heatmap-12-tran-gen-marker	2.2 Transitive genitive marker	79_vos_gn_er_d_no	vos	gn	erg-abs	deranking	nomn	svo	SV	AVP	100	1.0	0	0.0	1.3398011541366577	bos_eos
seed_44	2_2_tran_gen_marker	12_2_2_tran_gen_marker	fig:heatmap-12-tran-gen-marker	2.2 Transitive genitive marker	80_vos_ng_ac_b_se	vos	ng	nom-acc	balancing	sent	vos	VS	VPA	100	0.86	0	0.0	0.8007181572914124	bos_eos
seed_44	2_2_tran_gen_marker	12_2_2_tran_gen_marker	fig:heatmap-12-tran-gen-marker	2.2 Transitive genitive marker	81_vos_ng_ac_b_pa	vos	ng	nom-acc	balancing	poss-acc	vos	VS	VPA	100	0.88	0	0.0	0.8701224851608277	bos_eos
seed_44	2_2_tran_gen_marker	12_2_2_tran_gen_marker	fig:heatmap-12-tran-gen-marker	2.2 Transitive genitive marker	82_vos_ng_ac_b_ep	vos	ng	nom-acc	balancing	erg-poss	vos	VS	VPA	100	0.89	0	0.0	0.9521093130111694	bos_eos
seed_44	2_2_tran_gen_marker	12_2_2_tran_gen_marker	fig:heatmap-12-tran-gen-marker	2.2 Transitive genitive marker	83_vos_ng_ac_b_no	vos	ng	nom-acc	balancing	nomn	vos	VS	VPA	100	0.89	0	0.0	1.0368314385414124	bos_eos
seed_44	2_2_tran_gen_marker	12_2_2_tran_gen_marker	fig:heatmap-12-tran-gen-marker	2.2 Transitive genitive marker	84_vos_ng_ac_d_se	vos	ng	nom-acc	deranking	sent	vos	VS	VPA	100	0.86	0	0.0	0.9432111382484436	bos_eos
seed_44	2_2_tran_gen_marker	12_2_2_tran_gen_marker	fig:heatmap-12-tran-gen-marker	2.2 Transitive genitive marker	85_vos_ng_ac_d_pa	vos	ng	nom-acc	deranking	poss-acc	vos	VS	VPA	100	0.86	0	0.0	0.9728515410423278	bos_eos
seed_44	2_2_tran_gen_marker	12_2_2_tran_gen_marker	fig:heatmap-12-tran-gen-marker	2.2 Transitive genitive marker	86_vos_ng_ac_d_ep	vos	ng	nom-acc	deranking	erg-poss	vos	VS	VPA	100	0.88	0	0.0	1.0954855251312257	bos_eos
seed_44	2_2_tran_gen_marker	12_2_2_tran_gen_marker	fig:heatmap-12-tran-gen-marker	2.2 Transitive genitive marker	87_vos_ng_ac_d_no	vos	ng	nom-acc	deranking	nomn	vos	VS	VPA	100	0.91	0	0.0	1.0616227674484253	bos_eos
seed_44	2_2_tran_gen_marker	12_2_2_tran_gen_marker	fig:heatmap-12-tran-gen-marker	2.2 Transitive genitive marker	88_vos_ng_er_b_se	vos	ng	erg-abs	balancing	sent	vos	VS	VPA	100	0.86	0	0.0	0.8358664178848266	bos_eos
seed_44	2_2_tran_gen_marker	12_2_2_tran_gen_marker	fig:heatmap-12-tran-gen-marker	2.2 Transitive genitive marker	89_vos_ng_er_b_pa	vos	ng	erg-abs	balancing	poss-acc	vos	VS	VPA	100	0.84	0	0.0	0.94319171667099	bos_eos
seed_44	2_2_tran_gen_marker	12_2_2_tran_gen_marker	fig:heatmap-12-tran-gen-marker	2.2 Transitive genitive marker	90_vos_ng_er_b_ep	vos	ng	erg-abs	balancing	erg-poss	vos	VS	VPA	100	0.81	0	0.0	1.1238139915466308	bos_eos
seed_44	2_2_tran_gen_marker	12_2_2_tran_gen_marker	fig:heatmap-12-tran-gen-marker	2.2 Transitive genitive marker	91_vos_ng_er_b_no	vos	ng	erg-abs	balancing	nomn	vos	VS	VPA	100	0.84	0	0.0	1.1148174333572387	bos_eos
seed_44	2_2_tran_gen_marker	12_2_2_tran_gen_marker	fig:heatmap-12-tran-gen-marker	2.2 Transitive genitive marker	92_vos_ng_er_d_se	vos	ng	erg-abs	deranking	sent	vos	VS	VPA	100	0.88	0	0.0	1.0019239234924315	bos_eos
seed_44	2_2_tran_gen_marker	12_2_2_tran_gen_marker	fig:heatmap-12-tran-gen-marker	2.2 Transitive genitive marker	93_vos_ng_er_d_pa	vos	ng	erg-abs	deranking	poss-acc	vos	VS	VPA	100	0.87	0	0.0	1.0806599593162536	bos_eos
seed_44	2_2_tran_gen_marker	12_2_2_tran_gen_marker	fig:heatmap-12-tran-gen-marker	2.2 Transitive genitive marker	94_vos_ng_er_d_ep	vos	ng	erg-abs	deranking	erg-poss	vos	VS	VPA	100	0.87	0	0.0	1.2482992386817933	bos_eos
seed_44	2_2_tran_gen_marker	12_2_2_tran_gen_marker	fig:heatmap-12-tran-gen-marker	2.2 Transitive genitive marker	95_vos_ng_er_d_no	vos	ng	erg-abs	deranking	nomn	vos	VS	VPA	100	0.84	0	0.0	1.127669460773468	bos_eos
seed_44	2_3_gen_order	13_2_3_gen_order	fig:heatmap-13-gen-order	2.3 Genitive possessor--head order	00_sov_gn_ac_b_se	sov	gn	nom-acc	balancing	sent	sov	SV	APV	100	1.0	0	0.0	3.0119828820228576	bos_eos
seed_44	2_3_gen_order	13_2_3_gen_order	fig:heatmap-13-gen-order	2.3 Genitive possessor--head order	01_sov_gn_ac_b_pa	sov	gn	nom-acc	balancing	poss-acc	sov	SV	APV	100	1.0	0	0.0	2.9331975054740904	bos_eos
seed_44	2_3_gen_order	13_2_3_gen_order	fig:heatmap-13-gen-order	2.3 Genitive possessor--head order	02_sov_gn_ac_b_ep	sov	gn	nom-acc	balancing	erg-poss	sov	SV	APV	100	1.0	0	0.0	3.03097172498703	bos_eos
seed_44	2_3_gen_order	13_2_3_gen_order	fig:heatmap-13-gen-order	2.3 Genitive possessor--head order	03_sov_gn_ac_b_no	sov	gn	nom-acc	balancing	nomn	sov	SV	APV	100	1.0	0	0.0	3.3073371291160583	bos_eos
seed_44	2_3_gen_order	13_2_3_gen_order	fig:heatmap-13-gen-order	2.3 Genitive possessor--head order	04_sov_gn_ac_d_se	sov	gn	nom-acc	deranking	sent	sov	SV	APV	100	1.0	0	0.0	3.009861431121826	bos_eos
seed_44	2_3_gen_order	13_2_3_gen_order	fig:heatmap-13-gen-order	2.3 Genitive possessor--head order	05_sov_gn_ac_d_pa	sov	gn	nom-acc	deranking	poss-acc	sov	SV	APV	100	1.0	0	0.0	3.0169967794418335	bos_eos
seed_44	2_3_gen_order	13_2_3_gen_order	fig:heatmap-13-gen-order	2.3 Genitive possessor--head order	06_sov_gn_ac_d_ep	sov	gn	nom-acc	deranking	erg-poss	sov	SV	APV	100	1.0	0	0.0	3.007291808128357	bos_eos
seed_44	2_3_gen_order	13_2_3_gen_order	fig:heatmap-13-gen-order	2.3 Genitive possessor--head order	07_sov_gn_ac_d_no	sov	gn	nom-acc	deranking	nomn	sov	SV	APV	100	1.0	0	0.0	2.993756186962128	bos_eos
seed_44	2_3_gen_order	13_2_3_gen_order	fig:heatmap-13-gen-order	2.3 Genitive possessor--head order	08_sov_gn_er_b_se	sov	gn	erg-abs	balancing	sent	sov	SV	APV	100	1.0	0	0.0	3.115079691410065	bos_eos
seed_44	2_3_gen_order	13_2_3_gen_order	fig:heatmap-13-gen-order	2.3 Genitive possessor--head order	09_sov_gn_er_b_pa	sov	gn	erg-abs	balancing	poss-acc	sov	SV	APV	100	1.0	0	0.0	3.088853714466095	bos_eos
seed_44	2_3_gen_order	13_2_3_gen_order	fig:heatmap-13-gen-order	2.3 Genitive possessor--head order	10_sov_gn_er_b_ep	sov	gn	erg-abs	balancing	erg-poss	sov	SV	APV	100	1.0	0	0.0	3.1374222326278685	bos_eos
seed_44	2_3_gen_order	13_2_3_gen_order	fig:heatmap-13-gen-order	2.3 Genitive possessor--head order	11_sov_gn_er_b_no	sov	gn	erg-abs	balancing	nomn	sov	SV	APV	100	1.0	0	0.0	3.0895108819007873	bos_eos
seed_44	2_3_gen_order	13_2_3_gen_order	fig:heatmap-13-gen-order	2.3 Genitive possessor--head order	12_sov_gn_er_d_se	sov	gn	erg-abs	deranking	sent	sov	SV	APV	100	1.0	0	0.0	2.984837498664856	bos_eos
seed_44	2_3_gen_order	13_2_3_gen_order	fig:heatmap-13-gen-order	2.3 Genitive possessor--head order	13_sov_gn_er_d_pa	sov	gn	erg-abs	deranking	poss-acc	sov	SV	APV	100	1.0	0	0.0	3.160382776260376	bos_eos
seed_44	2_3_gen_order	13_2_3_gen_order	fig:heatmap-13-gen-order	2.3 Genitive possessor--head order	14_sov_gn_er_d_ep	sov	gn	erg-abs	deranking	erg-poss	sov	SV	APV	100	1.0	0	0.0	2.9995476460456847	bos_eos
seed_44	2_3_gen_order	13_2_3_gen_order	fig:heatmap-13-gen-order	2.3 Genitive possessor--head order	15_sov_gn_er_d_no	sov	gn	erg-abs	deranking	nomn	sov	SV	APV	100	1.0	0	0.0	3.244586315155029	bos_eos
seed_44	2_3_gen_order	13_2_3_gen_order	fig:heatmap-13-gen-order	2.3 Genitive possessor--head order	16_sov_ng_ac_b_se	sov	ng	nom-acc	balancing	sent	sov	SV	APV	100	0.94	0	0.0	2.821146831512451	bos_eos
seed_44	2_3_gen_order	13_2_3_gen_order	fig:heatmap-13-gen-order	2.3 Genitive possessor--head order	17_sov_ng_ac_b_pa	sov	ng	nom-acc	balancing	poss-acc	ovs	VS	PVA	100	0.95	0	0.0	2.9137949109077455	bos_eos
seed_44	2_3_gen_order	13_2_3_gen_order	fig:heatmap-13-gen-order	2.3 Genitive possessor--head order	18_sov_ng_ac_b_ep	sov	ng	nom-acc	balancing	erg-poss	vos	VS	AVP	100	0.93	0	0.0	2.8178348779678344	bos_eos
seed_44	2_3_gen_order	13_2_3_gen_order	fig:heatmap-13-gen-order	2.3 Genitive possessor--head order	19_sov_ng_ac_b_no	sov	ng	nom-acc	balancing	nomn	ovs	VS	PVA	100	0.93	0	0.0	2.9315124583244323	bos_eos
seed_44	2_3_gen_order	13_2_3_gen_order	fig:heatmap-13-gen-order	2.3 Genitive possessor--head order	20_sov_ng_ac_d_se	sov	ng	nom-acc	deranking	sent	sov	SV	APV	100	0.96	0	0.0	3.024979009628296	bos_eos
seed_44	2_3_gen_order	13_2_3_gen_order	fig:heatmap-13-gen-order	2.3 Genitive possessor--head order	21_sov_ng_ac_d_pa	sov	ng	nom-acc	deranking	poss-acc	ovs	VS	PVA	100	0.98	0	0.0	3.021063733100891	bos_eos
seed_44	2_3_gen_order	13_2_3_gen_order	fig:heatmap-13-gen-order	2.3 Genitive possessor--head order	22_sov_ng_ac_d_ep	sov	ng	nom-acc	deranking	erg-poss	vos	VS	AVP	100	0.93	0	0.0	2.922993619441986	bos_eos
seed_44	2_3_gen_order	13_2_3_gen_order	fig:heatmap-13-gen-order	2.3 Genitive possessor--head order	23_sov_ng_ac_d_no	sov	ng	nom-acc	deranking	nomn	ovs	VS	PVA	100	0.96	0	0.0	2.9682364416122438	bos_eos
seed_44	2_3_gen_order	13_2_3_gen_order	fig:heatmap-13-gen-order	2.3 Genitive possessor--head order	24_sov_ng_er_b_se	sov	ng	erg-abs	balancing	sent	sov	SV	APV	100	0.89	0	0.0	2.689895923137665	bos_eos
seed_44	2_3_gen_order	13_2_3_gen_order	fig:heatmap-13-gen-order	2.3 Genitive possessor--head order	25_sov_ng_er_b_pa	sov	ng	erg-abs	balancing	poss-acc	ovs	VS	PVA	100	0.92	0	0.0	2.712872500419617	bos_eos
seed_44	2_3_gen_order	13_2_3_gen_order	fig:heatmap-13-gen-order	2.3 Genitive possessor--head order	26_sov_ng_er_b_ep	sov	ng	erg-abs	balancing	erg-poss	vos	VS	AVP	100	0.91	0	0.0	2.861425156593323	bos_eos
seed_44	2_3_gen_order	13_2_3_gen_order	fig:heatmap-13-gen-order	2.3 Genitive possessor--head order	27_sov_ng_er_b_no	sov	ng	erg-abs	balancing	nomn	ovs	VS	PVA	100	0.86	0	0.0	2.7391451954841615	bos_eos
seed_44	2_3_gen_order	13_2_3_gen_order	fig:heatmap-13-gen-order	2.3 Genitive possessor--head order	28_sov_ng_er_d_se	sov	ng	erg-abs	deranking	sent	sov	SV	APV	100	0.93	0	0.0	2.835336947441101	bos_eos
seed_44	2_3_gen_order	13_2_3_gen_order	fig:heatmap-13-gen-order	2.3 Genitive possessor--head order	29_sov_ng_er_d_pa	sov	ng	erg-abs	deranking	poss-acc	ovs	VS	PVA	100	0.9	0	0.0	2.5878810715675353	bos_eos
seed_44	2_3_gen_order	13_2_3_gen_order	fig:heatmap-13-gen-order	2.3 Genitive possessor--head order	30_sov_ng_er_d_ep	sov	ng	erg-abs	deranking	erg-poss	vos	VS	AVP	100	0.94	0	0.0	2.6968534874916075	bos_eos
seed_44	2_3_gen_order	13_2_3_gen_order	fig:heatmap-13-gen-order	2.3 Genitive possessor--head order	31_sov_ng_er_d_no	sov	ng	erg-abs	deranking	nomn	ovs	VS	PVA	100	0.89	0	0.0	2.8590120577812197	bos_eos
seed_44	2_3_gen_order	13_2_3_gen_order	fig:heatmap-13-gen-order	2.3 Genitive possessor--head order	32_svo_gn_ac_b_se	svo	gn	nom-acc	balancing	sent	svo	SV	AVP	100	1.0	0	0.0	4.087838985919952	bos_eos
seed_44	2_3_gen_order	13_2_3_gen_order	fig:heatmap-13-gen-order	2.3 Genitive possessor--head order	33_svo_gn_ac_b_pa	svo	gn	nom-acc	balancing	poss-acc	svo	SV	AVP	100	1.0	0	0.0	4.11525863647461	bos_eos
seed_44	2_3_gen_order	13_2_3_gen_order	fig:heatmap-13-gen-order	2.3 Genitive possessor--head order	34_svo_gn_ac_b_ep	svo	gn	nom-acc	balancing	erg-poss	sov	SV	PVA	100	1.0	0	0.0	4.04545173406601	bos_eos
seed_44	2_3_gen_order	13_2_3_gen_order	fig:heatmap-13-gen-order	2.3 Genitive possessor--head order	35_svo_gn_ac_b_no	svo	gn	nom-acc	balancing	nomn	svo	SV	AVP	100	1.0	0	0.0	4.059602863788605	bos_eos
seed_44	2_3_gen_order	13_2_3_gen_order	fig:heatmap-13-gen-order	2.3 Genitive possessor--head order	36_svo_gn_ac_d_se	svo	gn	nom-acc	deranking	sent	svo	SV	AVP	100	1.0	0	0.0	3.9220834755897522	bos_eos
seed_44	2_3_gen_order	13_2_3_gen_order	fig:heatmap-13-gen-order	2.3 Genitive possessor--head order	37_svo_gn_ac_d_pa	svo	gn	nom-acc	deranking	poss-acc	svo	SV	AVP	100	1.0	0	0.0	3.873703050613403	bos_eos
seed_44	2_3_gen_order	13_2_3_gen_order	fig:heatmap-13-gen-order	2.3 Genitive possessor--head order	38_svo_gn_ac_d_ep	svo	gn	nom-acc	deranking	erg-poss	sov	SV	PVA	100	1.0	0	0.0	3.8748562264442445	bos_eos
seed_44	2_3_gen_order	13_2_3_gen_order	fig:heatmap-13-gen-order	2.3 Genitive possessor--head order	39_svo_gn_ac_d_no	svo	gn	nom-acc	deranking	nomn	svo	SV	AVP	100	1.0	0	0.0	4.008685514926911	bos_eos
seed_44	2_3_gen_order	13_2_3_gen_order	fig:heatmap-13-gen-order	2.3 Genitive possessor--head order	40_svo_gn_er_b_se	svo	gn	erg-abs	balancing	sent	svo	SV	AVP	100	1.0	0	0.0	3.9871656775474547	bos_eos
seed_44	2_3_gen_order	13_2_3_gen_order	fig:heatmap-13-gen-order	2.3 Genitive possessor--head order	41_svo_gn_er_b_pa	svo	gn	erg-abs	balancing	poss-acc	svo	SV	AVP	100	1.0	0	0.0	3.7943284916877746	bos_eos
seed_44	2_3_gen_order	13_2_3_gen_order	fig:heatmap-13-gen-order	2.3 Genitive possessor--head order	42_svo_gn_er_b_ep	svo	gn	erg-abs	balancing	erg-poss	sov	SV	PVA	100	1.0	0	0.0	4.069132556915283	bos_eos
seed_44	2_3_gen_order	13_2_3_gen_order	fig:heatmap-13-gen-order	2.3 Genitive possessor--head order	43_svo_gn_er_b_no	svo	gn	erg-abs	balancing	nomn	svo	SV	AVP	100	1.0	0	0.0	3.9238675570487977	bos_eos
seed_44	2_3_gen_order	13_2_3_gen_order	fig:heatmap-13-gen-order	2.3 Genitive possessor--head order	44_svo_gn_er_d_se	svo	gn	erg-abs	deranking	sent	svo	SV	AVP	100	1.0	0	0.0	3.6402326679229735	bos_eos
seed_44	2_3_gen_order	13_2_3_gen_order	fig:heatmap-13-gen-order	2.3 Genitive possessor--head order	45_svo_gn_er_d_pa	svo	gn	erg-abs	deranking	poss-acc	svo	SV	AVP	100	1.0	0	0.0	3.6552787804603577	bos_eos
seed_44	2_3_gen_order	13_2_3_gen_order	fig:heatmap-13-gen-order	2.3 Genitive possessor--head order	46_svo_gn_er_d_ep	svo	gn	erg-abs	deranking	erg-poss	sov	SV	PVA	100	1.0	0	0.0	3.8035943865776063	bos_eos
seed_44	2_3_gen_order	13_2_3_gen_order	fig:heatmap-13-gen-order	2.3 Genitive possessor--head order	47_svo_gn_er_d_no	svo	gn	erg-abs	deranking	nomn	svo	SV	AVP	100	1.0	0	0.0	3.6136662483215334	bos_eos
seed_44	2_3_gen_order	13_2_3_gen_order	fig:heatmap-13-gen-order	2.3 Genitive possessor--head order	48_svo_ng_ac_b_se	svo	ng	nom-acc	balancing	sent	svo	SV	AVP	100	1.0	0	0.0	3.801583411693573	bos_eos
seed_44	2_3_gen_order	13_2_3_gen_order	fig:heatmap-13-gen-order	2.3 Genitive possessor--head order	49_svo_ng_ac_b_pa	svo	ng	nom-acc	balancing	poss-acc	vos	VS	VPA	100	1.0	0	0.0	3.9525452136993406	bos_eos
seed_44	2_3_gen_order	13_2_3_gen_order	fig:heatmap-13-gen-order	2.3 Genitive possessor--head order	50_svo_ng_ac_b_ep	svo	ng	nom-acc	balancing	erg-poss	vos	VS	VPA	100	1.0	0	0.0	4.00363831281662	bos_eos
seed_44	2_3_gen_order	13_2_3_gen_order	fig:heatmap-13-gen-order	2.3 Genitive possessor--head order	51_svo_ng_ac_b_no	svo	ng	nom-acc	balancing	nomn	vos	VS	VPA	100	1.0	0	0.0	4.015716607570648	bos_eos
seed_44	2_3_gen_order	13_2_3_gen_order	fig:heatmap-13-gen-order	2.3 Genitive possessor--head order	52_svo_ng_ac_d_se	svo	ng	nom-acc	deranking	sent	svo	SV	AVP	100	1.0	0	0.0	3.6641280817985535	bos_eos
seed_44	2_3_gen_order	13_2_3_gen_order	fig:heatmap-13-gen-order	2.3 Genitive possessor--head order	53_svo_ng_ac_d_pa	svo	ng	nom-acc	deranking	poss-acc	vos	VS	VPA	100	1.0	0	0.0	3.7653455567359924	bos_eos
seed_44	2_3_gen_order	13_2_3_gen_order	fig:heatmap-13-gen-order	2.3 Genitive possessor--head order	54_svo_ng_ac_d_ep	svo	ng	nom-acc	deranking	erg-poss	vos	VS	VPA	100	1.0	0	0.0	3.549993679523468	bos_eos
seed_44	2_3_gen_order	13_2_3_gen_order	fig:heatmap-13-gen-order	2.3 Genitive possessor--head order	55_svo_ng_ac_d_no	svo	ng	nom-acc	deranking	nomn	vos	VS	VPA	100	1.0	0	0.0	3.4573961186408995	bos_eos
seed_44	2_3_gen_order	13_2_3_gen_order	fig:heatmap-13-gen-order	2.3 Genitive possessor--head order	56_svo_ng_er_b_se	svo	ng	erg-abs	balancing	sent	svo	SV	AVP	100	1.0	0	0.0	3.1818859720230104	bos_eos
seed_44	2_3_gen_order	13_2_3_gen_order	fig:heatmap-13-gen-order	2.3 Genitive possessor--head order	57_svo_ng_er_b_pa	svo	ng	erg-abs	balancing	poss-acc	vos	VS	VPA	100	1.0	0	0.0	3.4833404445648193	bos_eos
seed_44	2_3_gen_order	13_2_3_gen_order	fig:heatmap-13-gen-order	2.3 Genitive possessor--head order	58_svo_ng_er_b_ep	svo	ng	erg-abs	balancing	erg-poss	vos	VS	VPA	100	1.0	0	0.0	3.4665043234825133	bos_eos
seed_44	2_3_gen_order	13_2_3_gen_order	fig:heatmap-13-gen-order	2.3 Genitive possessor--head order	59_svo_ng_er_b_no	svo	ng	erg-abs	balancing	nomn	vos	VS	VPA	100	1.0	0	0.0	3.311285624504089	bos_eos
seed_44	2_3_gen_order	13_2_3_gen_order	fig:heatmap-13-gen-order	2.3 Genitive possessor--head order	60_svo_ng_er_d_se	svo	ng	erg-abs	deranking	sent	svo	SV	AVP	100	1.0	0	0.0	3.2748724889755247	bos_eos
seed_44	2_3_gen_order	13_2_3_gen_order	fig:heatmap-13-gen-order	2.3 Genitive possessor--head order	61_svo_ng_er_d_pa	svo	ng	erg-abs	deranking	poss-acc	vos	VS	VPA	100	1.0	0	0.0	3.481179323196411	bos_eos
seed_44	2_3_gen_order	13_2_3_gen_order	fig:heatmap-13-gen-order	2.3 Genitive possessor--head order	62_svo_ng_er_d_ep	svo	ng	erg-abs	deranking	erg-poss	vos	VS	VPA	100	1.0	0	0.0	3.1409437894821166	bos_eos
seed_44	2_3_gen_order	13_2_3_gen_order	fig:heatmap-13-gen-order	2.3 Genitive possessor--head order	63_svo_ng_er_d_no	svo	ng	erg-abs	deranking	nomn	vos	VS	VPA	100	1.0	0	0.0	3.76885395526886	bos_eos
seed_44	2_3_gen_order	13_2_3_gen_order	fig:heatmap-13-gen-order	2.3 Genitive possessor--head order	64_vos_gn_ac_b_se	vos	gn	nom-acc	balancing	sent	vos	VS	VPA	100	0.92	0	0.0	1.23917316198349	bos_eos
seed_44	2_3_gen_order	13_2_3_gen_order	fig:heatmap-13-gen-order	2.3 Genitive possessor--head order	65_vos_gn_ac_b_pa	vos	gn	nom-acc	balancing	poss-acc	svo	SV	AVP	100	0.92	0	0.0	1.2210037755966185	bos_eos
seed_44	2_3_gen_order	13_2_3_gen_order	fig:heatmap-13-gen-order	2.3 Genitive possessor--head order	66_vos_gn_ac_b_ep	vos	gn	nom-acc	balancing	erg-poss	sov	SV	PVA	100	0.96	0	0.0	1.3259980869293213	bos_eos
seed_44	2_3_gen_order	13_2_3_gen_order	fig:heatmap-13-gen-order	2.3 Genitive possessor--head order	67_vos_gn_ac_b_no	vos	gn	nom-acc	balancing	nomn	svo	SV	AVP	100	0.97	0	0.0	1.3669294905662537	bos_eos
seed_44	2_3_gen_order	13_2_3_gen_order	fig:heatmap-13-gen-order	2.3 Genitive possessor--head order	68_vos_gn_ac_d_se	vos	gn	nom-acc	deranking	sent	vos	VS	VPA	100	0.92	0	0.0	1.4088402557373048	bos_eos
seed_44	2_3_gen_order	13_2_3_gen_order	fig:heatmap-13-gen-order	2.3 Genitive possessor--head order	69_vos_gn_ac_d_pa	vos	gn	nom-acc	deranking	poss-acc	svo	SV	AVP	100	0.96	0	0.0	1.3877442049980164	bos_eos
seed_44	2_3_gen_order	13_2_3_gen_order	fig:heatmap-13-gen-order	2.3 Genitive possessor--head order	70_vos_gn_ac_d_ep	vos	gn	nom-acc	deranking	erg-poss	sov	SV	PVA	100	0.96	0	0.0	1.4689276432991027	bos_eos
seed_44	2_3_gen_order	13_2_3_gen_order	fig:heatmap-13-gen-order	2.3 Genitive possessor--head order	71_vos_gn_ac_d_no	vos	gn	nom-acc	deranking	nomn	svo	SV	AVP	100	0.94	0	0.0	1.3691492700576782	bos_eos
seed_44	2_3_gen_order	13_2_3_gen_order	fig:heatmap-13-gen-order	2.3 Genitive possessor--head order	72_vos_gn_er_b_se	vos	gn	erg-abs	balancing	sent	vos	VS	VPA	100	0.95	0	0.0	1.2888986706733703	bos_eos
seed_44	2_3_gen_order	13_2_3_gen_order	fig:heatmap-13-gen-order	2.3 Genitive possessor--head order	73_vos_gn_er_b_pa	vos	gn	erg-abs	balancing	poss-acc	svo	SV	AVP	100	0.97	0	0.0	1.2725282907485962	bos_eos
seed_44	2_3_gen_order	13_2_3_gen_order	fig:heatmap-13-gen-order	2.3 Genitive possessor--head order	74_vos_gn_er_b_ep	vos	gn	erg-abs	balancing	erg-poss	sov	SV	PVA	100	0.98	0	0.0	1.3481485891342162	bos_eos
seed_44	2_3_gen_order	13_2_3_gen_order	fig:heatmap-13-gen-order	2.3 Genitive possessor--head order	75_vos_gn_er_b_no	vos	gn	erg-abs	balancing	nomn	svo	SV	AVP	100	0.98	0	0.0	1.438370819091797	bos_eos
seed_44	2_3_gen_order	13_2_3_gen_order	fig:heatmap-13-gen-order	2.3 Genitive possessor--head order	76_vos_gn_er_d_se	vos	gn	erg-abs	deranking	sent	vos	VS	VPA	100	0.95	0	0.0	1.4387544870376587	bos_eos
seed_44	2_3_gen_order	13_2_3_gen_order	fig:heatmap-13-gen-order	2.3 Genitive possessor--head order	77_vos_gn_er_d_pa	vos	gn	erg-abs	deranking	poss-acc	svo	SV	AVP	100	0.97	0	0.0	1.4084571480751038	bos_eos
seed_44	2_3_gen_order	13_2_3_gen_order	fig:heatmap-13-gen-order	2.3 Genitive possessor--head order	78_vos_gn_er_d_ep	vos	gn	erg-abs	deranking	erg-poss	sov	SV	PVA	100	0.96	0	0.0	1.4432419300079347	bos_eos
seed_44	2_3_gen_order	13_2_3_gen_order	fig:heatmap-13-gen-order	2.3 Genitive possessor--head order	79_vos_gn_er_d_no	vos	gn	erg-abs	deranking	nomn	svo	SV	AVP	100	0.98	0	0.0	1.3446221542358399	bos_eos
seed_44	2_3_gen_order	13_2_3_gen_order	fig:heatmap-13-gen-order	2.3 Genitive possessor--head order	80_vos_ng_ac_b_se	vos	ng	nom-acc	balancing	sent	vos	VS	VPA	100	0.74	0	0.0	0.5062498116493225	bos_eos
seed_44	2_3_gen_order	13_2_3_gen_order	fig:heatmap-13-gen-order	2.3 Genitive possessor--head order	81_vos_ng_ac_b_pa	vos	ng	nom-acc	balancing	poss-acc	vos	VS	VPA	100	0.76	0	0.0	0.5586068606376648	bos_eos
seed_44	2_3_gen_order	13_2_3_gen_order	fig:heatmap-13-gen-order	2.3 Genitive possessor--head order	82_vos_ng_ac_b_ep	vos	ng	nom-acc	balancing	erg-poss	vos	VS	VPA	100	0.72	0	0.0	0.5856829500198364	bos_eos
seed_44	2_3_gen_order	13_2_3_gen_order	fig:heatmap-13-gen-order	2.3 Genitive possessor--head order	83_vos_ng_ac_b_no	vos	ng	nom-acc	balancing	nomn	vos	VS	VPA	100	0.75	0	0.0	0.5827766108512878	bos_eos
seed_44	2_3_gen_order	13_2_3_gen_order	fig:heatmap-13-gen-order	2.3 Genitive possessor--head order	84_vos_ng_ac_d_se	vos	ng	nom-acc	deranking	sent	vos	VS	VPA	100	0.7	0	0.0	0.6096374535560608	bos_eos
seed_44	2_3_gen_order	13_2_3_gen_order	fig:heatmap-13-gen-order	2.3 Genitive possessor--head order	85_vos_ng_ac_d_pa	vos	ng	nom-acc	deranking	poss-acc	vos	VS	VPA	100	0.78	0	0.0	0.7266168427467347	bos_eos
seed_44	2_3_gen_order	13_2_3_gen_order	fig:heatmap-13-gen-order	2.3 Genitive possessor--head order	86_vos_ng_ac_d_ep	vos	ng	nom-acc	deranking	erg-poss	vos	VS	VPA	100	0.79	0	0.0	0.6714712119102478	bos_eos
seed_44	2_3_gen_order	13_2_3_gen_order	fig:heatmap-13-gen-order	2.3 Genitive possessor--head order	87_vos_ng_ac_d_no	vos	ng	nom-acc	deranking	nomn	vos	VS	VPA	100	0.83	0	0.0	0.7469619417190552	bos_eos
seed_44	2_3_gen_order	13_2_3_gen_order	fig:heatmap-13-gen-order	2.3 Genitive possessor--head order	88_vos_ng_er_b_se	vos	ng	erg-abs	balancing	sent	vos	VS	VPA	100	0.85	0	0.0	1.2231767535209657	bos_eos
seed_44	2_3_gen_order	13_2_3_gen_order	fig:heatmap-13-gen-order	2.3 Genitive possessor--head order	89_vos_ng_er_b_pa	vos	ng	erg-abs	balancing	poss-acc	vos	VS	VPA	100	0.88	0	0.0	1.274740023612976	bos_eos
seed_44	2_3_gen_order	13_2_3_gen_order	fig:heatmap-13-gen-order	2.3 Genitive possessor--head order	90_vos_ng_er_b_ep	vos	ng	erg-abs	balancing	erg-poss	vos	VS	VPA	100	0.84	0	0.0	1.3343576908111572	bos_eos
seed_44	2_3_gen_order	13_2_3_gen_order	fig:heatmap-13-gen-order	2.3 Genitive possessor--head order	91_vos_ng_er_b_no	vos	ng	erg-abs	balancing	nomn	vos	VS	VPA	100	0.89	0	0.0	1.598606164455414	bos_eos
seed_44	2_3_gen_order	13_2_3_gen_order	fig:heatmap-13-gen-order	2.3 Genitive possessor--head order	92_vos_ng_er_d_se	vos	ng	erg-abs	deranking	sent	vos	VS	VPA	100	0.86	0	0.0	1.4511317658424376	bos_eos
seed_44	2_3_gen_order	13_2_3_gen_order	fig:heatmap-13-gen-order	2.3 Genitive possessor--head order	93_vos_ng_er_d_pa	vos	ng	erg-abs	deranking	poss-acc	vos	VS	VPA	100	0.89	0	0.0	1.51661616563797	bos_eos
seed_44	2_3_gen_order	13_2_3_gen_order	fig:heatmap-13-gen-order	2.3 Genitive possessor--head order	94_vos_ng_er_d_ep	vos	ng	erg-abs	deranking	erg-poss	vos	VS	VPA	100	0.89	0	0.0	1.5811774301528931	bos_eos
seed_44	2_3_gen_order	13_2_3_gen_order	fig:heatmap-13-gen-order	2.3 Genitive possessor--head order	95_vos_ng_er_d_no	vos	ng	erg-abs	deranking	nomn	vos	VS	VPA	100	0.91	0	0.0	1.413834147453308	bos_eos
seed_44	3_1_clausal_V_form	14_3_1_clausal_V_form	fig:heatmap-14-clausal-v-form	3.1 Clausal complement verb form	00_sov_gn_ac_b_se	sov	gn	nom-acc	balancing	sent	sov	SV	APV	100	0.99	0	0.0	1.8051550221443176	bos_eos
seed_44	3_1_clausal_V_form	14_3_1_clausal_V_form	fig:heatmap-14-clausal-v-form	3.1 Clausal complement verb form	01_sov_gn_ac_b_pa	sov	gn	nom-acc	balancing	poss-acc	sov	SV	APV	100	1.0	0	0.0	1.8246382999420165	bos_eos
seed_44	3_1_clausal_V_form	14_3_1_clausal_V_form	fig:heatmap-14-clausal-v-form	3.1 Clausal complement verb form	02_sov_gn_ac_b_ep	sov	gn	nom-acc	balancing	erg-poss	sov	SV	APV	100	0.99	0	0.0	1.954158227443695	bos_eos
seed_44	3_1_clausal_V_form	14_3_1_clausal_V_form	fig:heatmap-14-clausal-v-form	3.1 Clausal complement verb form	03_sov_gn_ac_b_no	sov	gn	nom-acc	balancing	nomn	sov	SV	APV	100	1.0	0	0.0	2.1246726298332215	bos_eos
seed_44	3_1_clausal_V_form	14_3_1_clausal_V_form	fig:heatmap-14-clausal-v-form	3.1 Clausal complement verb form	04_sov_gn_ac_d_se	sov	gn	nom-acc	deranking	sent	sov	SV	APV	100	0.99	0	0.0	2.0870880484580994	bos_eos
seed_44	3_1_clausal_V_form	14_3_1_clausal_V_form	fig:heatmap-14-clausal-v-form	3.1 Clausal complement verb form	05_sov_gn_ac_d_pa	sov	gn	nom-acc	deranking	poss-acc	sov	SV	APV	100	0.99	0	0.0	2.098722307682037	bos_eos
seed_44	3_1_clausal_V_form	14_3_1_clausal_V_form	fig:heatmap-14-clausal-v-form	3.1 Clausal complement verb form	06_sov_gn_ac_d_ep	sov	gn	nom-acc	deranking	erg-poss	sov	SV	APV	100	1.0	0	0.0	2.082289073467255	bos_eos
seed_44	3_1_clausal_V_form	14_3_1_clausal_V_form	fig:heatmap-14-clausal-v-form	3.1 Clausal complement verb form	07_sov_gn_ac_d_no	sov	gn	nom-acc	deranking	nomn	sov	SV	APV	100	0.99	0	0.0	2.1010892820358276	bos_eos
seed_44	3_1_clausal_V_form	14_3_1_clausal_V_form	fig:heatmap-14-clausal-v-form	3.1 Clausal complement verb form	08_sov_gn_er_b_se	sov	gn	erg-abs	balancing	sent	sov	SV	APV	100	0.94	0	0.0	0.9528447771072388	bos_eos
seed_44	3_1_clausal_V_form	14_3_1_clausal_V_form	fig:heatmap-14-clausal-v-form	3.1 Clausal complement verb form	09_sov_gn_er_b_pa	sov	gn	erg-abs	balancing	poss-acc	sov	SV	APV	100	0.92	0	0.0	1.0226742100715638	bos_eos
seed_44	3_1_clausal_V_form	14_3_1_clausal_V_form	fig:heatmap-14-clausal-v-form	3.1 Clausal complement verb form	10_sov_gn_er_b_ep	sov	gn	erg-abs	balancing	erg-poss	sov	SV	APV	100	0.99	0	0.0	1.2201913404464722	bos_eos
seed_44	3_1_clausal_V_form	14_3_1_clausal_V_form	fig:heatmap-14-clausal-v-form	3.1 Clausal complement verb form	11_sov_gn_er_b_no	sov	gn	erg-abs	balancing	nomn	sov	SV	APV	100	0.99	0	0.0	1.2405474138259889	bos_eos
seed_44	3_1_clausal_V_form	14_3_1_clausal_V_form	fig:heatmap-14-clausal-v-form	3.1 Clausal complement verb form	12_sov_gn_er_d_se	sov	gn	erg-abs	deranking	sent	sov	SV	APV	100	1.0	0	0.0	1.5137047266960144	bos_eos
seed_44	3_1_clausal_V_form	14_3_1_clausal_V_form	fig:heatmap-14-clausal-v-form	3.1 Clausal complement verb form	13_sov_gn_er_d_pa	sov	gn	erg-abs	deranking	poss-acc	sov	SV	APV	100	1.0	0	0.0	1.6087422943115235	bos_eos
seed_44	3_1_clausal_V_form	14_3_1_clausal_V_form	fig:heatmap-14-clausal-v-form	3.1 Clausal complement verb form	14_sov_gn_er_d_ep	sov	gn	erg-abs	deranking	erg-poss	sov	SV	APV	100	1.0	0	0.0	1.5847127413749695	bos_eos
seed_44	3_1_clausal_V_form	14_3_1_clausal_V_form	fig:heatmap-14-clausal-v-form	3.1 Clausal complement verb form	15_sov_gn_er_d_no	sov	gn	erg-abs	deranking	nomn	sov	SV	APV	100	1.0	0	0.0	1.5257730877399445	bos_eos
seed_44	3_1_clausal_V_form	14_3_1_clausal_V_form	fig:heatmap-14-clausal-v-form	3.1 Clausal complement verb form	16_sov_ng_ac_b_se	sov	ng	nom-acc	balancing	sent	sov	SV	APV	100	1.0	0	0.0	1.814544198513031	bos_eos
seed_44	3_1_clausal_V_form	14_3_1_clausal_V_form	fig:heatmap-14-clausal-v-form	3.1 Clausal complement verb form	17_sov_ng_ac_b_pa	sov	ng	nom-acc	balancing	poss-acc	ovs	VS	PVA	100	0.99	0	0.0	1.7347344326972962	bos_eos
seed_44	3_1_clausal_V_form	14_3_1_clausal_V_form	fig:heatmap-14-clausal-v-form	3.1 Clausal complement verb form	18_sov_ng_ac_b_ep	sov	ng	nom-acc	balancing	erg-poss	vos	VS	AVP	100	0.99	0	0.0	1.881115469932556	bos_eos
seed_44	3_1_clausal_V_form	14_3_1_clausal_V_form	fig:heatmap-14-clausal-v-form	3.1 Clausal complement verb form	19_sov_ng_ac_b_no	sov	ng	nom-acc	balancing	nomn	ovs	VS	PVA	100	1.0	0	0.0	2.0971313595771788	bos_eos
seed_44	3_1_clausal_V_form	14_3_1_clausal_V_form	fig:heatmap-14-clausal-v-form	3.1 Clausal complement verb form	20_sov_ng_ac_d_se	sov	ng	nom-acc	deranking	sent	sov	SV	APV	100	0.99	0	0.0	2.145320258140564	bos_eos
seed_44	3_1_clausal_V_form	14_3_1_clausal_V_form	fig:heatmap-14-clausal-v-form	3.1 Clausal complement verb form	21_sov_ng_ac_d_pa	sov	ng	nom-acc	deranking	poss-acc	ovs	VS	PVA	100	1.0	0	0.0	2.032738687992096	bos_eos
seed_44	3_1_clausal_V_form	14_3_1_clausal_V_form	fig:heatmap-14-clausal-v-form	3.1 Clausal complement verb form	22_sov_ng_ac_d_ep	sov	ng	nom-acc	deranking	erg-poss	vos	VS	AVP	100	1.0	0	0.0	1.989144628047943	bos_eos
seed_44	3_1_clausal_V_form	14_3_1_clausal_V_form	fig:heatmap-14-clausal-v-form	3.1 Clausal complement verb form	23_sov_ng_ac_d_no	sov	ng	nom-acc	deranking	nomn	ovs	VS	PVA	100	1.0	0	0.0	2.3765814304351807	bos_eos
seed_44	3_1_clausal_V_form	14_3_1_clausal_V_form	fig:heatmap-14-clausal-v-form	3.1 Clausal complement verb form	24_sov_ng_er_b_se	sov	ng	erg-abs	balancing	sent	sov	SV	APV	100	0.96	0	0.0	0.9720446133613586	bos_eos
seed_44	3_1_clausal_V_form	14_3_1_clausal_V_form	fig:heatmap-14-clausal-v-form	3.1 Clausal complement verb form	25_sov_ng_er_b_pa	sov	ng	erg-abs	balancing	poss-acc	ovs	VS	PVA	100	0.97	0	0.0	1.0450560569763183	bos_eos
seed_44	3_1_clausal_V_form	14_3_1_clausal_V_form	fig:heatmap-14-clausal-v-form	3.1 Clausal complement verb form	26_sov_ng_er_b_ep	sov	ng	erg-abs	balancing	erg-poss	vos	VS	AVP	100	0.99	0	0.0	1.1954837226867676	bos_eos
seed_44	3_1_clausal_V_form	14_3_1_clausal_V_form	fig:heatmap-14-clausal-v-form	3.1 Clausal complement verb form	27_sov_ng_er_b_no	sov	ng	erg-abs	balancing	nomn	ovs	VS	PVA	100	0.97	0	0.0	1.2174756669998168	bos_eos
seed_44	3_1_clausal_V_form	14_3_1_clausal_V_form	fig:heatmap-14-clausal-v-form	3.1 Clausal complement verb form	28_sov_ng_er_d_se	sov	ng	erg-abs	deranking	sent	sov	SV	APV	100	1.0	0	0.0	1.678973797559738	bos_eos
seed_44	3_1_clausal_V_form	14_3_1_clausal_V_form	fig:heatmap-14-clausal-v-form	3.1 Clausal complement verb form	29_sov_ng_er_d_pa	sov	ng	erg-abs	deranking	poss-acc	ovs	VS	PVA	100	1.0	0	0.0	1.5031698203086854	bos_eos
seed_44	3_1_clausal_V_form	14_3_1_clausal_V_form	fig:heatmap-14-clausal-v-form	3.1 Clausal complement verb form	30_sov_ng_er_d_ep	sov	ng	erg-abs	deranking	erg-poss	vos	VS	AVP	100	1.0	0	0.0	1.566076738834381	bos_eos
seed_44	3_1_clausal_V_form	14_3_1_clausal_V_form	fig:heatmap-14-clausal-v-form	3.1 Clausal complement verb form	31_sov_ng_er_d_no	sov	ng	erg-abs	deranking	nomn	ovs	VS	PVA	100	1.0	0	0.0	1.520785768032074	bos_eos
seed_44	3_1_clausal_V_form	14_3_1_clausal_V_form	fig:heatmap-14-clausal-v-form	3.1 Clausal complement verb form	32_svo_gn_ac_b_se	svo	gn	nom-acc	balancing	sent	svo	SV	AVP	100	1.0	0	0.0	2.0531501078605654	bos_eos
seed_44	3_1_clausal_V_form	14_3_1_clausal_V_form	fig:heatmap-14-clausal-v-form	3.1 Clausal complement verb form	33_svo_gn_ac_b_pa	svo	gn	nom-acc	balancing	poss-acc	svo	SV	AVP	100	1.0	0	0.0	2.391079022884369	bos_eos
seed_44	3_1_clausal_V_form	14_3_1_clausal_V_form	fig:heatmap-14-clausal-v-form	3.1 Clausal complement verb form	34_svo_gn_ac_b_ep	svo	gn	nom-acc	balancing	erg-poss	sov	SV	PVA	100	1.0	0	0.0	2.6031226563453673	bos_eos
seed_44	3_1_clausal_V_form	14_3_1_clausal_V_form	fig:heatmap-14-clausal-v-form	3.1 Clausal complement verb form	35_svo_gn_ac_b_no	svo	gn	nom-acc	balancing	nomn	svo	SV	AVP	100	0.99	0	0.0	2.279879651069641	bos_eos
seed_44	3_1_clausal_V_form	14_3_1_clausal_V_form	fig:heatmap-14-clausal-v-form	3.1 Clausal complement verb form	36_svo_gn_ac_d_se	svo	gn	nom-acc	deranking	sent	svo	SV	AVP	100	0.97	0	0.0	0.7538680720329285	bos_eos
seed_44	3_1_clausal_V_form	14_3_1_clausal_V_form	fig:heatmap-14-clausal-v-form	3.1 Clausal complement verb form	37_svo_gn_ac_d_pa	svo	gn	nom-acc	deranking	poss-acc	svo	SV	AVP	100	0.95	0	0.0	0.7658509659767151	bos_eos
seed_44	3_1_clausal_V_form	14_3_1_clausal_V_form	fig:heatmap-14-clausal-v-form	3.1 Clausal complement verb form	38_svo_gn_ac_d_ep	svo	gn	nom-acc	deranking	erg-poss	sov	SV	PVA	100	0.97	0	0.0	0.7726892232894897	bos_eos
seed_44	3_1_clausal_V_form	14_3_1_clausal_V_form	fig:heatmap-14-clausal-v-form	3.1 Clausal complement verb form	39_svo_gn_ac_d_no	svo	gn	nom-acc	deranking	nomn	svo	SV	AVP	100	0.97	0	0.0	0.8130809855461121	bos_eos
seed_44	3_1_clausal_V_form	14_3_1_clausal_V_form	fig:heatmap-14-clausal-v-form	3.1 Clausal complement verb form	40_svo_gn_er_b_se	svo	gn	erg-abs	balancing	sent	svo	SV	AVP	100	0.99	0	0.0	1.324398810863495	bos_eos
seed_44	3_1_clausal_V_form	14_3_1_clausal_V_form	fig:heatmap-14-clausal-v-form	3.1 Clausal complement verb form	41_svo_gn_er_b_pa	svo	gn	erg-abs	balancing	poss-acc	svo	SV	AVP	100	0.99	0	0.0	1.405294244289398	bos_eos
seed_44	3_1_clausal_V_form	14_3_1_clausal_V_form	fig:heatmap-14-clausal-v-form	3.1 Clausal complement verb form	42_svo_gn_er_b_ep	svo	gn	erg-abs	balancing	erg-poss	sov	SV	PVA	100	1.0	0	0.0	1.766654977798462	bos_eos
seed_44	3_1_clausal_V_form	14_3_1_clausal_V_form	fig:heatmap-14-clausal-v-form	3.1 Clausal complement verb form	43_svo_gn_er_b_no	svo	gn	erg-abs	balancing	nomn	svo	SV	AVP	100	0.99	0	0.0	1.6528897762298584	bos_eos
seed_44	3_1_clausal_V_form	14_3_1_clausal_V_form	fig:heatmap-14-clausal-v-form	3.1 Clausal complement verb form	44_svo_gn_er_d_se	svo	gn	erg-abs	deranking	sent	svo	SV	AVP	100	0.93	0	0.0	0.641806890964508	bos_eos
seed_44	3_1_clausal_V_form	14_3_1_clausal_V_form	fig:heatmap-14-clausal-v-form	3.1 Clausal complement verb form	45_svo_gn_er_d_pa	svo	gn	erg-abs	deranking	poss-acc	svo	SV	AVP	100	0.95	0	0.0	0.5926043546199798	bos_eos
seed_44	3_1_clausal_V_form	14_3_1_clausal_V_form	fig:heatmap-14-clausal-v-form	3.1 Clausal complement verb form	46_svo_gn_er_d_ep	svo	gn	erg-abs	deranking	erg-poss	sov	SV	PVA	100	0.97	0	0.0	0.6475713622570037	bos_eos
seed_44	3_1_clausal_V_form	14_3_1_clausal_V_form	fig:heatmap-14-clausal-v-form	3.1 Clausal complement verb form	47_svo_gn_er_d_no	svo	gn	erg-abs	deranking	nomn	svo	SV	AVP	100	0.94	0	0.0	0.6163625085353851	bos_eos
seed_44	3_1_clausal_V_form	14_3_1_clausal_V_form	fig:heatmap-14-clausal-v-form	3.1 Clausal complement verb form	48_svo_ng_ac_b_se	svo	ng	nom-acc	balancing	sent	svo	SV	AVP	100	1.0	0	0.0	1.993237247467041	bos_eos
seed_44	3_1_clausal_V_form	14_3_1_clausal_V_form	fig:heatmap-14-clausal-v-form	3.1 Clausal complement verb form	49_svo_ng_ac_b_pa	svo	ng	nom-acc	balancing	poss-acc	vos	VS	VPA	100	1.0	0	0.0	2.2614715123176574	bos_eos
seed_44	3_1_clausal_V_form	14_3_1_clausal_V_form	fig:heatmap-14-clausal-v-form	3.1 Clausal complement verb form	50_svo_ng_ac_b_ep	svo	ng	nom-acc	balancing	erg-poss	vos	VS	VPA	100	1.0	0	0.0	2.4940186882019044	bos_eos
seed_44	3_1_clausal_V_form	14_3_1_clausal_V_form	fig:heatmap-14-clausal-v-form	3.1 Clausal complement verb form	51_svo_ng_ac_b_no	svo	ng	nom-acc	balancing	nomn	vos	VS	VPA	100	1.0	0	0.0	2.4305291271209715	bos_eos
seed_44	3_1_clausal_V_form	14_3_1_clausal_V_form	fig:heatmap-14-clausal-v-form	3.1 Clausal complement verb form	52_svo_ng_ac_d_se	svo	ng	nom-acc	deranking	sent	svo	SV	AVP	100	0.96	0	0.0	0.7923331642150879	bos_eos
seed_44	3_1_clausal_V_form	14_3_1_clausal_V_form	fig:heatmap-14-clausal-v-form	3.1 Clausal complement verb form	53_svo_ng_ac_d_pa	svo	ng	nom-acc	deranking	poss-acc	vos	VS	VPA	100	0.96	0	0.0	0.7864093375205994	bos_eos
seed_44	3_1_clausal_V_form	14_3_1_clausal_V_form	fig:heatmap-14-clausal-v-form	3.1 Clausal complement verb form	54_svo_ng_ac_d_ep	svo	ng	nom-acc	deranking	erg-poss	vos	VS	VPA	100	0.97	0	0.0	0.6958122491836548	bos_eos
seed_44	3_1_clausal_V_form	14_3_1_clausal_V_form	fig:heatmap-14-clausal-v-form	3.1 Clausal complement verb form	55_svo_ng_ac_d_no	svo	ng	nom-acc	deranking	nomn	vos	VS	VPA	100	0.98	0	0.0	0.82095862865448	bos_eos
seed_44	3_1_clausal_V_form	14_3_1_clausal_V_form	fig:heatmap-14-clausal-v-form	3.1 Clausal complement verb form	56_svo_ng_er_b_se	svo	ng	erg-abs	balancing	sent	svo	SV	AVP	100	0.97	0	0.0	1.2217825722694398	bos_eos
seed_44	3_1_clausal_V_form	14_3_1_clausal_V_form	fig:heatmap-14-clausal-v-form	3.1 Clausal complement verb form	57_svo_ng_er_b_pa	svo	ng	erg-abs	balancing	poss-acc	vos	VS	VPA	100	1.0	0	0.0	1.3846396064758302	bos_eos
seed_44	3_1_clausal_V_form	14_3_1_clausal_V_form	fig:heatmap-14-clausal-v-form	3.1 Clausal complement verb form	58_svo_ng_er_b_ep	svo	ng	erg-abs	balancing	erg-poss	vos	VS	VPA	100	0.99	0	0.0	1.604998731613159	bos_eos
seed_44	3_1_clausal_V_form	14_3_1_clausal_V_form	fig:heatmap-14-clausal-v-form	3.1 Clausal complement verb form	59_svo_ng_er_b_no	svo	ng	erg-abs	balancing	nomn	vos	VS	VPA	100	1.0	0	0.0	1.627896625995636	bos_eos
seed_44	3_1_clausal_V_form	14_3_1_clausal_V_form	fig:heatmap-14-clausal-v-form	3.1 Clausal complement verb form	60_svo_ng_er_d_se	svo	ng	erg-abs	deranking	sent	svo	SV	AVP	100	0.98	0	0.0	0.6359068036079407	bos_eos
seed_44	3_1_clausal_V_form	14_3_1_clausal_V_form	fig:heatmap-14-clausal-v-form	3.1 Clausal complement verb form	61_svo_ng_er_d_pa	svo	ng	erg-abs	deranking	poss-acc	vos	VS	VPA	100	0.97	0	0.0	0.6513503050804138	bos_eos
seed_44	3_1_clausal_V_form	14_3_1_clausal_V_form	fig:heatmap-14-clausal-v-form	3.1 Clausal complement verb form	62_svo_ng_er_d_ep	svo	ng	erg-abs	deranking	erg-poss	vos	VS	VPA	100	0.93	0	0.0	0.5268932127952576	bos_eos
seed_44	3_1_clausal_V_form	14_3_1_clausal_V_form	fig:heatmap-14-clausal-v-form	3.1 Clausal complement verb form	63_svo_ng_er_d_no	svo	ng	erg-abs	deranking	nomn	vos	VS	VPA	100	0.97	0	0.0	0.6589582991600037	bos_eos
seed_44	3_1_clausal_V_form	14_3_1_clausal_V_form	fig:heatmap-14-clausal-v-form	3.1 Clausal complement verb form	64_vos_gn_ac_b_se	vos	gn	nom-acc	balancing	sent	vos	VS	VPA	100	0.99	0	0.0	1.7578700494766235	bos_eos
seed_44	3_1_clausal_V_form	14_3_1_clausal_V_form	fig:heatmap-14-clausal-v-form	3.1 Clausal complement verb form	65_vos_gn_ac_b_pa	vos	gn	nom-acc	balancing	poss-acc	svo	SV	AVP	100	1.0	0	0.0	1.8443994665145873	bos_eos
seed_44	3_1_clausal_V_form	14_3_1_clausal_V_form	fig:heatmap-14-clausal-v-form	3.1 Clausal complement verb form	66_vos_gn_ac_b_ep	vos	gn	nom-acc	balancing	erg-poss	sov	SV	PVA	100	0.99	0	0.0	2.026993818283081	bos_eos
seed_44	3_1_clausal_V_form	14_3_1_clausal_V_form	fig:heatmap-14-clausal-v-form	3.1 Clausal complement verb form	67_vos_gn_ac_b_no	vos	gn	nom-acc	balancing	nomn	svo	SV	AVP	100	0.99	0	0.0	2.104509756565094	bos_eos
seed_44	3_1_clausal_V_form	14_3_1_clausal_V_form	fig:heatmap-14-clausal-v-form	3.1 Clausal complement verb form	68_vos_gn_ac_d_se	vos	gn	nom-acc	deranking	sent	vos	VS	VPA	100	1.0	0	0.0	2.614968422651291	bos_eos
seed_44	3_1_clausal_V_form	14_3_1_clausal_V_form	fig:heatmap-14-clausal-v-form	3.1 Clausal complement verb form	69_vos_gn_ac_d_pa	vos	gn	nom-acc	deranking	poss-acc	svo	SV	AVP	100	1.0	0	0.0	2.3768425190448763	bos_eos
seed_44	3_1_clausal_V_form	14_3_1_clausal_V_form	fig:heatmap-14-clausal-v-form	3.1 Clausal complement verb form	70_vos_gn_ac_d_ep	vos	gn	nom-acc	deranking	erg-poss	sov	SV	PVA	100	0.99	0	0.0	2.5857839512825014	bos_eos
seed_44	3_1_clausal_V_form	14_3_1_clausal_V_form	fig:heatmap-14-clausal-v-form	3.1 Clausal complement verb form	71_vos_gn_ac_d_no	vos	gn	nom-acc	deranking	nomn	svo	SV	AVP	100	1.0	0	0.0	2.667794225215912	bos_eos
seed_44	3_1_clausal_V_form	14_3_1_clausal_V_form	fig:heatmap-14-clausal-v-form	3.1 Clausal complement verb form	72_vos_gn_er_b_se	vos	gn	erg-abs	balancing	sent	vos	VS	VPA	100	0.97	0	0.0	1.1009558176994323	bos_eos
seed_44	3_1_clausal_V_form	14_3_1_clausal_V_form	fig:heatmap-14-clausal-v-form	3.1 Clausal complement verb form	73_vos_gn_er_b_pa	vos	gn	erg-abs	balancing	poss-acc	svo	SV	AVP	100	0.98	0	0.0	1.338926156759262	bos_eos
seed_44	3_1_clausal_V_form	14_3_1_clausal_V_form	fig:heatmap-14-clausal-v-form	3.1 Clausal complement verb form	74_vos_gn_er_b_ep	vos	gn	erg-abs	balancing	erg-poss	sov	SV	PVA	100	0.99	0	0.0	1.6148399364948274	bos_eos
seed_44	3_1_clausal_V_form	14_3_1_clausal_V_form	fig:heatmap-14-clausal-v-form	3.1 Clausal complement verb form	75_vos_gn_er_b_no	vos	gn	erg-abs	balancing	nomn	svo	SV	AVP	100	0.99	0	0.0	1.82072847366333	bos_eos
seed_44	3_1_clausal_V_form	14_3_1_clausal_V_form	fig:heatmap-14-clausal-v-form	3.1 Clausal complement verb form	76_vos_gn_er_d_se	vos	gn	erg-abs	deranking	sent	vos	VS	VPA	100	1.0	0	0.0	2.2233309721946717	bos_eos
seed_44	3_1_clausal_V_form	14_3_1_clausal_V_form	fig:heatmap-14-clausal-v-form	3.1 Clausal complement verb form	77_vos_gn_er_d_pa	vos	gn	erg-abs	deranking	poss-acc	svo	SV	AVP	100	0.99	0	0.0	1.963445963859558	bos_eos
seed_44	3_1_clausal_V_form	14_3_1_clausal_V_form	fig:heatmap-14-clausal-v-form	3.1 Clausal complement verb form	78_vos_gn_er_d_ep	vos	gn	erg-abs	deranking	erg-poss	sov	SV	PVA	100	1.0	0	0.0	1.9909528696537018	bos_eos
seed_44	3_1_clausal_V_form	14_3_1_clausal_V_form	fig:heatmap-14-clausal-v-form	3.1 Clausal complement verb form	79_vos_gn_er_d_no	vos	gn	erg-abs	deranking	nomn	svo	SV	AVP	100	1.0	0	0.0	1.9015459394454957	bos_eos
seed_44	3_1_clausal_V_form	14_3_1_clausal_V_form	fig:heatmap-14-clausal-v-form	3.1 Clausal complement verb form	80_vos_ng_ac_b_se	vos	ng	nom-acc	balancing	sent	vos	VS	VPA	100	0.99	0	0.0	2.0172579646110536	bos_eos
seed_44	3_1_clausal_V_form	14_3_1_clausal_V_form	fig:heatmap-14-clausal-v-form	3.1 Clausal complement verb form	81_vos_ng_ac_b_pa	vos	ng	nom-acc	balancing	poss-acc	vos	VS	VPA	100	0.99	0	0.0	1.8442722034454346	bos_eos
seed_44	3_1_clausal_V_form	14_3_1_clausal_V_form	fig:heatmap-14-clausal-v-form	3.1 Clausal complement verb form	82_vos_ng_ac_b_ep	vos	ng	nom-acc	balancing	erg-poss	vos	VS	VPA	100	0.99	0	0.0	1.9981193494796754	bos_eos
seed_44	3_1_clausal_V_form	14_3_1_clausal_V_form	fig:heatmap-14-clausal-v-form	3.1 Clausal complement verb form	83_vos_ng_ac_b_no	vos	ng	nom-acc	balancing	nomn	vos	VS	VPA	100	0.99	0	0.0	1.9894715094566344	bos_eos
seed_44	3_1_clausal_V_form	14_3_1_clausal_V_form	fig:heatmap-14-clausal-v-form	3.1 Clausal complement verb form	84_vos_ng_ac_d_se	vos	ng	nom-acc	deranking	sent	vos	VS	VPA	100	1.0	0	0.0	2.4036062359809875	bos_eos
seed_44	3_1_clausal_V_form	14_3_1_clausal_V_form	fig:heatmap-14-clausal-v-form	3.1 Clausal complement verb form	85_vos_ng_ac_d_pa	vos	ng	nom-acc	deranking	poss-acc	vos	VS	VPA	100	1.0	0	0.0	2.7267719221115114	bos_eos
seed_44	3_1_clausal_V_form	14_3_1_clausal_V_form	fig:heatmap-14-clausal-v-form	3.1 Clausal complement verb form	86_vos_ng_ac_d_ep	vos	ng	nom-acc	deranking	erg-poss	vos	VS	VPA	100	1.0	0	0.0	2.4251411390304565	bos_eos
seed_44	3_1_clausal_V_form	14_3_1_clausal_V_form	fig:heatmap-14-clausal-v-form	3.1 Clausal complement verb form	87_vos_ng_ac_d_no	vos	ng	nom-acc	deranking	nomn	vos	VS	VPA	100	1.0	0	0.0	2.550867171287537	bos_eos
seed_44	3_1_clausal_V_form	14_3_1_clausal_V_form	fig:heatmap-14-clausal-v-form	3.1 Clausal complement verb form	88_vos_ng_er_b_se	vos	ng	erg-abs	balancing	sent	vos	VS	VPA	100	0.98	0	0.0	1.1298772144317626	bos_eos
seed_44	3_1_clausal_V_form	14_3_1_clausal_V_form	fig:heatmap-14-clausal-v-form	3.1 Clausal complement verb form	89_vos_ng_er_b_pa	vos	ng	erg-abs	balancing	poss-acc	vos	VS	VPA	100	0.97	0	0.0	1.2151843428611755	bos_eos
seed_44	3_1_clausal_V_form	14_3_1_clausal_V_form	fig:heatmap-14-clausal-v-form	3.1 Clausal complement verb form	90_vos_ng_er_b_ep	vos	ng	erg-abs	balancing	erg-poss	vos	VS	VPA	100	0.99	0	0.0	1.6129219818115235	bos_eos
seed_44	3_1_clausal_V_form	14_3_1_clausal_V_form	fig:heatmap-14-clausal-v-form	3.1 Clausal complement verb form	91_vos_ng_er_b_no	vos	ng	erg-abs	balancing	nomn	vos	VS	VPA	100	0.99	0	0.0	1.729421796798706	bos_eos
seed_44	3_1_clausal_V_form	14_3_1_clausal_V_form	fig:heatmap-14-clausal-v-form	3.1 Clausal complement verb form	92_vos_ng_er_d_se	vos	ng	erg-abs	deranking	sent	vos	VS	VPA	100	1.0	0	0.0	1.8852195525169373	bos_eos
seed_44	3_1_clausal_V_form	14_3_1_clausal_V_form	fig:heatmap-14-clausal-v-form	3.1 Clausal complement verb form	93_vos_ng_er_d_pa	vos	ng	erg-abs	deranking	poss-acc	vos	VS	VPA	100	1.0	0	0.0	1.9468196964263915	bos_eos
seed_44	3_1_clausal_V_form	14_3_1_clausal_V_form	fig:heatmap-14-clausal-v-form	3.1 Clausal complement verb form	94_vos_ng_er_d_ep	vos	ng	erg-abs	deranking	erg-poss	vos	VS	VPA	100	1.0	0	0.0	1.9832722902297975	bos_eos
seed_44	3_1_clausal_V_form	14_3_1_clausal_V_form	fig:heatmap-14-clausal-v-form	3.1 Clausal complement verb form	95_vos_ng_er_d_no	vos	ng	erg-abs	deranking	nomn	vos	VS	VPA	100	1.0	0	0.0	1.9954738688468934	bos_eos
seed_44	3_2_clausal_S_marker	15_3_2_clausal_S_marker	fig:heatmap-15-clausal-s-marker	3.2 Clausal complement S marker	00_sov_gn_ac_b_se	sov	gn	nom-acc	balancing	sent	sov	SV	APV	100	0.8	0	0.0	0.34686030626297	bos_eos
seed_44	3_2_clausal_S_marker	15_3_2_clausal_S_marker	fig:heatmap-15-clausal-s-marker	3.2 Clausal complement S marker	01_sov_gn_ac_b_pa	sov	gn	nom-acc	balancing	poss-acc	sov	SV	APV	100	0.77	0	0.0	0.23706846714019775	bos_eos
seed_44	3_2_clausal_S_marker	15_3_2_clausal_S_marker	fig:heatmap-15-clausal-s-marker	3.2 Clausal complement S marker	02_sov_gn_ac_b_ep	sov	gn	nom-acc	balancing	erg-poss	sov	SV	APV	100	0.58	0	0.0	0.03354375600814819	bos_eos
seed_44	3_2_clausal_S_marker	15_3_2_clausal_S_marker	fig:heatmap-15-clausal-s-marker	3.2 Clausal complement S marker	03_sov_gn_ac_b_no	sov	gn	nom-acc	balancing	nomn	sov	SV	APV	100	0.77	0	0.0	0.3137329649925232	bos_eos
seed_44	3_2_clausal_S_marker	15_3_2_clausal_S_marker	fig:heatmap-15-clausal-s-marker	3.2 Clausal complement S marker	04_sov_gn_ac_d_se	sov	gn	nom-acc	deranking	sent	sov	SV	APV	100	0.63	0	0.0	0.14571499824523926	bos_eos
seed_44	3_2_clausal_S_marker	15_3_2_clausal_S_marker	fig:heatmap-15-clausal-s-marker	3.2 Clausal complement S marker	05_sov_gn_ac_d_pa	sov	gn	nom-acc	deranking	poss-acc	sov	SV	APV	100	0.73	0	0.0	0.1938551425933838	bos_eos
seed_44	3_2_clausal_S_marker	15_3_2_clausal_S_marker	fig:heatmap-15-clausal-s-marker	3.2 Clausal complement S marker	06_sov_gn_ac_d_ep	sov	gn	nom-acc	deranking	erg-poss	sov	SV	APV	100	0.48	0	0.0	-0.046266591548919676	bos_eos
seed_44	3_2_clausal_S_marker	15_3_2_clausal_S_marker	fig:heatmap-15-clausal-s-marker	3.2 Clausal complement S marker	07_sov_gn_ac_d_no	sov	gn	nom-acc	deranking	nomn	sov	SV	APV	100	0.74	0	0.0	0.20662889242172242	bos_eos
seed_44	3_2_clausal_S_marker	15_3_2_clausal_S_marker	fig:heatmap-15-clausal-s-marker	3.2 Clausal complement S marker	08_sov_gn_er_b_se	sov	gn	erg-abs	balancing	sent	sov	SV	APV	100	0.91	0	0.0	0.4392043447494507	bos_eos
seed_44	3_2_clausal_S_marker	15_3_2_clausal_S_marker	fig:heatmap-15-clausal-s-marker	3.2 Clausal complement S marker	09_sov_gn_er_b_pa	sov	gn	erg-abs	balancing	poss-acc	sov	SV	APV	100	0.93	0	0.0	0.5502994990348816	bos_eos
seed_44	3_2_clausal_S_marker	15_3_2_clausal_S_marker	fig:heatmap-15-clausal-s-marker	3.2 Clausal complement S marker	10_sov_gn_er_b_ep	sov	gn	erg-abs	balancing	erg-poss	sov	SV	APV	100	0.88	0	0.0	0.3805363130569458	bos_eos
seed_44	3_2_clausal_S_marker	15_3_2_clausal_S_marker	fig:heatmap-15-clausal-s-marker	3.2 Clausal complement S marker	11_sov_gn_er_b_no	sov	gn	erg-abs	balancing	nomn	sov	SV	APV	100	0.91	0	0.0	0.5816030383110047	bos_eos
seed_44	3_2_clausal_S_marker	15_3_2_clausal_S_marker	fig:heatmap-15-clausal-s-marker	3.2 Clausal complement S marker	12_sov_gn_er_d_se	sov	gn	erg-abs	deranking	sent	sov	SV	APV	100	0.91	0	0.0	0.3845625758171082	bos_eos
seed_44	3_2_clausal_S_marker	15_3_2_clausal_S_marker	fig:heatmap-15-clausal-s-marker	3.2 Clausal complement S marker	13_sov_gn_er_d_pa	sov	gn	erg-abs	deranking	poss-acc	sov	SV	APV	100	0.78	0	0.0	0.22086220145225524	bos_eos
seed_44	3_2_clausal_S_marker	15_3_2_clausal_S_marker	fig:heatmap-15-clausal-s-marker	3.2 Clausal complement S marker	14_sov_gn_er_d_ep	sov	gn	erg-abs	deranking	erg-poss	sov	SV	APV	100	0.63	0	0.0	0.07197731614112854	bos_eos
seed_44	3_2_clausal_S_marker	15_3_2_clausal_S_marker	fig:heatmap-15-clausal-s-marker	3.2 Clausal complement S marker	15_sov_gn_er_d_no	sov	gn	erg-abs	deranking	nomn	sov	SV	APV	100	0.87	0	0.0	0.28915443062782287	bos_eos
seed_44	3_2_clausal_S_marker	15_3_2_clausal_S_marker	fig:heatmap-15-clausal-s-marker	3.2 Clausal complement S marker	16_sov_ng_ac_b_se	sov	ng	nom-acc	balancing	sent	sov	SV	APV	100	0.31	0	0.0	-0.18075548887252807	bos_eos
seed_44	3_2_clausal_S_marker	15_3_2_clausal_S_marker	fig:heatmap-15-clausal-s-marker	3.2 Clausal complement S marker	17_sov_ng_ac_b_pa	sov	ng	nom-acc	balancing	poss-acc	ovs	VS	PVA	100	0.32	0	0.0	-0.22367668867111207	bos_eos
seed_44	3_2_clausal_S_marker	15_3_2_clausal_S_marker	fig:heatmap-15-clausal-s-marker	3.2 Clausal complement S marker	18_sov_ng_ac_b_ep	sov	ng	nom-acc	balancing	erg-poss	vos	VS	AVP	100	0.26	0	0.0	-0.33014722347259523	bos_eos
seed_44	3_2_clausal_S_marker	15_3_2_clausal_S_marker	fig:heatmap-15-clausal-s-marker	3.2 Clausal complement S marker	19_sov_ng_ac_b_no	sov	ng	nom-acc	balancing	nomn	ovs	VS	PVA	100	0.56	0	0.0	0.06418636560440064	bos_eos
seed_44	3_2_clausal_S_marker	15_3_2_clausal_S_marker	fig:heatmap-15-clausal-s-marker	3.2 Clausal complement S marker	20_sov_ng_ac_d_se	sov	ng	nom-acc	deranking	sent	sov	SV	APV	100	0.35	0	0.0	-0.1326673936843872	bos_eos
seed_44	3_2_clausal_S_marker	15_3_2_clausal_S_marker	fig:heatmap-15-clausal-s-marker	3.2 Clausal complement S marker	21_sov_ng_ac_d_pa	sov	ng	nom-acc	deranking	poss-acc	ovs	VS	PVA	100	0.33	0	0.0	-0.18579474210739136	bos_eos
seed_44	3_2_clausal_S_marker	15_3_2_clausal_S_marker	fig:heatmap-15-clausal-s-marker	3.2 Clausal complement S marker	22_sov_ng_ac_d_ep	sov	ng	nom-acc	deranking	erg-poss	vos	VS	AVP	100	0.29	0	0.0	-0.1903379726409912	bos_eos
seed_44	3_2_clausal_S_marker	15_3_2_clausal_S_marker	fig:heatmap-15-clausal-s-marker	3.2 Clausal complement S marker	23_sov_ng_ac_d_no	sov	ng	nom-acc	deranking	nomn	ovs	VS	PVA	100	0.39	0	0.0	-0.0697611117362976	bos_eos
seed_44	3_2_clausal_S_marker	15_3_2_clausal_S_marker	fig:heatmap-15-clausal-s-marker	3.2 Clausal complement S marker	24_sov_ng_er_b_se	sov	ng	erg-abs	balancing	sent	sov	SV	APV	100	0.69	0	0.0	0.10607976198196412	bos_eos
seed_44	3_2_clausal_S_marker	15_3_2_clausal_S_marker	fig:heatmap-15-clausal-s-marker	3.2 Clausal complement S marker	25_sov_ng_er_b_pa	sov	ng	erg-abs	balancing	poss-acc	ovs	VS	PVA	100	0.68	0	0.0	0.12098148584365845	bos_eos
seed_44	3_2_clausal_S_marker	15_3_2_clausal_S_marker	fig:heatmap-15-clausal-s-marker	3.2 Clausal complement S marker	26_sov_ng_er_b_ep	sov	ng	erg-abs	balancing	erg-poss	vos	VS	AVP	100	0.6	0	0.0	0.06415013074874878	bos_eos
seed_44	3_2_clausal_S_marker	15_3_2_clausal_S_marker	fig:heatmap-15-clausal-s-marker	3.2 Clausal complement S marker	27_sov_ng_er_b_no	sov	ng	erg-abs	balancing	nomn	ovs	VS	PVA	100	0.73	0	0.0	0.15501428365707398	bos_eos
seed_44	3_2_clausal_S_marker	15_3_2_clausal_S_marker	fig:heatmap-15-clausal-s-marker	3.2 Clausal complement S marker	28_sov_ng_er_d_se	sov	ng	erg-abs	deranking	sent	sov	SV	APV	100	0.73	0	0.0	0.16465530753135682	bos_eos
seed_44	3_2_clausal_S_marker	15_3_2_clausal_S_marker	fig:heatmap-15-clausal-s-marker	3.2 Clausal complement S marker	29_sov_ng_er_d_pa	sov	ng	erg-abs	deranking	poss-acc	ovs	VS	PVA	100	0.65	0	0.0	0.110491943359375	bos_eos
seed_44	3_2_clausal_S_marker	15_3_2_clausal_S_marker	fig:heatmap-15-clausal-s-marker	3.2 Clausal complement S marker	30_sov_ng_er_d_ep	sov	ng	erg-abs	deranking	erg-poss	vos	VS	AVP	100	0.79	0	0.0	0.17546838164329528	bos_eos
seed_44	3_2_clausal_S_marker	15_3_2_clausal_S_marker	fig:heatmap-15-clausal-s-marker	3.2 Clausal complement S marker	31_sov_ng_er_d_no	sov	ng	erg-abs	deranking	nomn	ovs	VS	PVA	100	0.65	0	0.0	0.11476974964141845	bos_eos
seed_44	3_2_clausal_S_marker	15_3_2_clausal_S_marker	fig:heatmap-15-clausal-s-marker	3.2 Clausal complement S marker	32_svo_gn_ac_b_se	svo	gn	nom-acc	balancing	sent	svo	SV	AVP	100	0.99	0	0.0	0.7757855653762817	bos_eos
seed_44	3_2_clausal_S_marker	15_3_2_clausal_S_marker	fig:heatmap-15-clausal-s-marker	3.2 Clausal complement S marker	33_svo_gn_ac_b_pa	svo	gn	nom-acc	balancing	poss-acc	svo	SV	AVP	100	0.98	0	0.0	0.7027625250816345	bos_eos
seed_44	3_2_clausal_S_marker	15_3_2_clausal_S_marker	fig:heatmap-15-clausal-s-marker	3.2 Clausal complement S marker	34_svo_gn_ac_b_ep	svo	gn	nom-acc	balancing	erg-poss	sov	SV	PVA	100	0.95	0	0.0	0.6240526986122131	bos_eos
seed_44	3_2_clausal_S_marker	15_3_2_clausal_S_marker	fig:heatmap-15-clausal-s-marker	3.2 Clausal complement S marker	35_svo_gn_ac_b_no	svo	gn	nom-acc	balancing	nomn	svo	SV	AVP	100	0.95	0	0.0	0.6207563996315002	bos_eos
seed_44	3_2_clausal_S_marker	15_3_2_clausal_S_marker	fig:heatmap-15-clausal-s-marker	3.2 Clausal complement S marker	36_svo_gn_ac_d_se	svo	gn	nom-acc	deranking	sent	svo	SV	AVP	100	0.99	0	0.0	0.6816210150718689	bos_eos
seed_44	3_2_clausal_S_marker	15_3_2_clausal_S_marker	fig:heatmap-15-clausal-s-marker	3.2 Clausal complement S marker	37_svo_gn_ac_d_pa	svo	gn	nom-acc	deranking	poss-acc	svo	SV	AVP	100	0.97	0	0.0	0.5918040370941162	bos_eos
seed_44	3_2_clausal_S_marker	15_3_2_clausal_S_marker	fig:heatmap-15-clausal-s-marker	3.2 Clausal complement S marker	38_svo_gn_ac_d_ep	svo	gn	nom-acc	deranking	erg-poss	sov	SV	PVA	100	0.85	0	0.0	0.36773401498794556	bos_eos
seed_44	3_2_clausal_S_marker	15_3_2_clausal_S_marker	fig:heatmap-15-clausal-s-marker	3.2 Clausal complement S marker	39_svo_gn_ac_d_no	svo	gn	nom-acc	deranking	nomn	svo	SV	AVP	100	0.96	0	0.0	0.5358125042915344	bos_eos
seed_44	3_2_clausal_S_marker	15_3_2_clausal_S_marker	fig:heatmap-15-clausal-s-marker	3.2 Clausal complement S marker	40_svo_gn_er_b_se	svo	gn	erg-abs	balancing	sent	svo	SV	AVP	100	0.99	0	0.0	0.7046987628936767	bos_eos
seed_44	3_2_clausal_S_marker	15_3_2_clausal_S_marker	fig:heatmap-15-clausal-s-marker	3.2 Clausal complement S marker	41_svo_gn_er_b_pa	svo	gn	erg-abs	balancing	poss-acc	svo	SV	AVP	100	0.95	0	0.0	0.5419343018531799	bos_eos
seed_44	3_2_clausal_S_marker	15_3_2_clausal_S_marker	fig:heatmap-15-clausal-s-marker	3.2 Clausal complement S marker	42_svo_gn_er_b_ep	svo	gn	erg-abs	balancing	erg-poss	sov	SV	PVA	100	0.92	0	0.0	0.5336082100868225	bos_eos
seed_44	3_2_clausal_S_marker	15_3_2_clausal_S_marker	fig:heatmap-15-clausal-s-marker	3.2 Clausal complement S marker	43_svo_gn_er_b_no	svo	gn	erg-abs	balancing	nomn	svo	SV	AVP	100	0.98	0	0.0	0.6115477967262268	bos_eos
seed_44	3_2_clausal_S_marker	15_3_2_clausal_S_marker	fig:heatmap-15-clausal-s-marker	3.2 Clausal complement S marker	44_svo_gn_er_d_se	svo	gn	erg-abs	deranking	sent	svo	SV	AVP	100	0.94	0	0.0	0.45176750898361206	bos_eos
seed_44	3_2_clausal_S_marker	15_3_2_clausal_S_marker	fig:heatmap-15-clausal-s-marker	3.2 Clausal complement S marker	45_svo_gn_er_d_pa	svo	gn	erg-abs	deranking	poss-acc	svo	SV	AVP	100	0.81	0	0.0	0.2610419237613678	bos_eos
seed_44	3_2_clausal_S_marker	15_3_2_clausal_S_marker	fig:heatmap-15-clausal-s-marker	3.2 Clausal complement S marker	46_svo_gn_er_d_ep	svo	gn	erg-abs	deranking	erg-poss	sov	SV	PVA	100	0.64	0	0.0	0.11559067010879516	bos_eos
seed_44	3_2_clausal_S_marker	15_3_2_clausal_S_marker	fig:heatmap-15-clausal-s-marker	3.2 Clausal complement S marker	47_svo_gn_er_d_no	svo	gn	erg-abs	deranking	nomn	svo	SV	AVP	100	0.77	0	0.0	0.2524190962314606	bos_eos
seed_44	3_2_clausal_S_marker	15_3_2_clausal_S_marker	fig:heatmap-15-clausal-s-marker	3.2 Clausal complement S marker	48_svo_ng_ac_b_se	svo	ng	nom-acc	balancing	sent	svo	SV	AVP	100	0.93	0	0.0	0.38746936559677125	bos_eos
seed_44	3_2_clausal_S_marker	15_3_2_clausal_S_marker	fig:heatmap-15-clausal-s-marker	3.2 Clausal complement S marker	49_svo_ng_ac_b_pa	svo	ng	nom-acc	balancing	poss-acc	vos	VS	VPA	100	0.94	0	0.0	0.4159791707992554	bos_eos
seed_44	3_2_clausal_S_marker	15_3_2_clausal_S_marker	fig:heatmap-15-clausal-s-marker	3.2 Clausal complement S marker	50_svo_ng_ac_b_ep	svo	ng	nom-acc	balancing	erg-poss	vos	VS	VPA	100	0.94	0	0.0	0.42177934646606446	bos_eos
seed_44	3_2_clausal_S_marker	15_3_2_clausal_S_marker	fig:heatmap-15-clausal-s-marker	3.2 Clausal complement S marker	51_svo_ng_ac_b_no	svo	ng	nom-acc	balancing	nomn	vos	VS	VPA	100	0.99	0	0.0	0.4979336714744568	bos_eos
seed_44	3_2_clausal_S_marker	15_3_2_clausal_S_marker	fig:heatmap-15-clausal-s-marker	3.2 Clausal complement S marker	52_svo_ng_ac_d_se	svo	ng	nom-acc	deranking	sent	svo	SV	AVP	100	0.78	0	0.0	0.15050801992416382	bos_eos
seed_44	3_2_clausal_S_marker	15_3_2_clausal_S_marker	fig:heatmap-15-clausal-s-marker	3.2 Clausal complement S marker	53_svo_ng_ac_d_pa	svo	ng	nom-acc	deranking	poss-acc	vos	VS	VPA	100	0.79	0	0.0	0.2448797345161438	bos_eos
seed_44	3_2_clausal_S_marker	15_3_2_clausal_S_marker	fig:heatmap-15-clausal-s-marker	3.2 Clausal complement S marker	54_svo_ng_ac_d_ep	svo	ng	nom-acc	deranking	erg-poss	vos	VS	VPA	100	0.58	0	0.0	0.01583970308303833	bos_eos
seed_44	3_2_clausal_S_marker	15_3_2_clausal_S_marker	fig:heatmap-15-clausal-s-marker	3.2 Clausal complement S marker	55_svo_ng_ac_d_no	svo	ng	nom-acc	deranking	nomn	vos	VS	VPA	100	0.83	0	0.0	0.21236156940460205	bos_eos
seed_44	3_2_clausal_S_marker	15_3_2_clausal_S_marker	fig:heatmap-15-clausal-s-marker	3.2 Clausal complement S marker	56_svo_ng_er_b_se	svo	ng	erg-abs	balancing	sent	svo	SV	AVP	100	0.82	0	0.0	0.23134342432022095	bos_eos
seed_44	3_2_clausal_S_marker	15_3_2_clausal_S_marker	fig:heatmap-15-clausal-s-marker	3.2 Clausal complement S marker	57_svo_ng_er_b_pa	svo	ng	erg-abs	balancing	poss-acc	vos	VS	VPA	100	0.93	0	0.0	0.3546860456466675	bos_eos
seed_44	3_2_clausal_S_marker	15_3_2_clausal_S_marker	fig:heatmap-15-clausal-s-marker	3.2 Clausal complement S marker	58_svo_ng_er_b_ep	svo	ng	erg-abs	balancing	erg-poss	vos	VS	VPA	100	0.93	0	0.0	0.3319920563697815	bos_eos
seed_44	3_2_clausal_S_marker	15_3_2_clausal_S_marker	fig:heatmap-15-clausal-s-marker	3.2 Clausal complement S marker	59_svo_ng_er_b_no	svo	ng	erg-abs	balancing	nomn	vos	VS	VPA	100	0.91	0	0.0	0.41438873767852785	bos_eos
seed_44	3_2_clausal_S_marker	15_3_2_clausal_S_marker	fig:heatmap-15-clausal-s-marker	3.2 Clausal complement S marker	60_svo_ng_er_d_se	svo	ng	erg-abs	deranking	sent	svo	SV	AVP	100	0.88	0	0.0	0.28735626220703125	bos_eos
seed_44	3_2_clausal_S_marker	15_3_2_clausal_S_marker	fig:heatmap-15-clausal-s-marker	3.2 Clausal complement S marker	61_svo_ng_er_d_pa	svo	ng	erg-abs	deranking	poss-acc	vos	VS	VPA	100	0.87	0	0.0	0.2708079695701599	bos_eos
seed_44	3_2_clausal_S_marker	15_3_2_clausal_S_marker	fig:heatmap-15-clausal-s-marker	3.2 Clausal complement S marker	62_svo_ng_er_d_ep	svo	ng	erg-abs	deranking	erg-poss	vos	VS	VPA	100	0.58	0	0.0	0.0747530698776245	bos_eos
seed_44	3_2_clausal_S_marker	15_3_2_clausal_S_marker	fig:heatmap-15-clausal-s-marker	3.2 Clausal complement S marker	63_svo_ng_er_d_no	svo	ng	erg-abs	deranking	nomn	vos	VS	VPA	100	0.95	0	0.0	0.3533791208267212	bos_eos
seed_44	3_2_clausal_S_marker	15_3_2_clausal_S_marker	fig:heatmap-15-clausal-s-marker	3.2 Clausal complement S marker	64_vos_gn_ac_b_se	vos	gn	nom-acc	balancing	sent	vos	VS	VPA	100	0.46	0	0.0	0.051271655559539796	bos_eos
seed_44	3_2_clausal_S_marker	15_3_2_clausal_S_marker	fig:heatmap-15-clausal-s-marker	3.2 Clausal complement S marker	65_vos_gn_ac_b_pa	vos	gn	nom-acc	balancing	poss-acc	svo	SV	AVP	100	0.4	0	0.0	-0.1042375111579895	bos_eos
seed_44	3_2_clausal_S_marker	15_3_2_clausal_S_marker	fig:heatmap-15-clausal-s-marker	3.2 Clausal complement S marker	66_vos_gn_ac_b_ep	vos	gn	nom-acc	balancing	erg-poss	sov	SV	PVA	100	0.42	0	0.0	-0.03817614316940308	bos_eos
seed_44	3_2_clausal_S_marker	15_3_2_clausal_S_marker	fig:heatmap-15-clausal-s-marker	3.2 Clausal complement S marker	67_vos_gn_ac_b_no	vos	gn	nom-acc	balancing	nomn	svo	SV	AVP	100	0.38	0	0.0	-0.09189554691314697	bos_eos
seed_44	3_2_clausal_S_marker	15_3_2_clausal_S_marker	fig:heatmap-15-clausal-s-marker	3.2 Clausal complement S marker	68_vos_gn_ac_d_se	vos	gn	nom-acc	deranking	sent	vos	VS	VPA	100	0.53	0	0.0	0.07596561431884766	bos_eos
seed_44	3_2_clausal_S_marker	15_3_2_clausal_S_marker	fig:heatmap-15-clausal-s-marker	3.2 Clausal complement S marker	69_vos_gn_ac_d_pa	vos	gn	nom-acc	deranking	poss-acc	svo	SV	AVP	100	0.5	0	0.0	0.11044130563735961	bos_eos
seed_44	3_2_clausal_S_marker	15_3_2_clausal_S_marker	fig:heatmap-15-clausal-s-marker	3.2 Clausal complement S marker	70_vos_gn_ac_d_ep	vos	gn	nom-acc	deranking	erg-poss	sov	SV	PVA	100	0.63	0	0.0	0.14527249336242676	bos_eos
seed_44	3_2_clausal_S_marker	15_3_2_clausal_S_marker	fig:heatmap-15-clausal-s-marker	3.2 Clausal complement S marker	71_vos_gn_ac_d_no	vos	gn	nom-acc	deranking	nomn	svo	SV	AVP	100	0.46	0	0.0	0.07264056921005249	bos_eos
seed_44	3_2_clausal_S_marker	15_3_2_clausal_S_marker	fig:heatmap-15-clausal-s-marker	3.2 Clausal complement S marker	72_vos_gn_er_b_se	vos	gn	erg-abs	balancing	sent	vos	VS	VPA	100	0.94	0	0.0	0.5941071772575378	bos_eos
seed_44	3_2_clausal_S_marker	15_3_2_clausal_S_marker	fig:heatmap-15-clausal-s-marker	3.2 Clausal complement S marker	73_vos_gn_er_b_pa	vos	gn	erg-abs	balancing	poss-acc	svo	SV	AVP	100	0.95	0	0.0	0.6246132159233093	bos_eos
seed_44	3_2_clausal_S_marker	15_3_2_clausal_S_marker	fig:heatmap-15-clausal-s-marker	3.2 Clausal complement S marker	74_vos_gn_er_b_ep	vos	gn	erg-abs	balancing	erg-poss	sov	SV	PVA	100	0.9	0	0.0	0.5262127041816711	bos_eos
seed_44	3_2_clausal_S_marker	15_3_2_clausal_S_marker	fig:heatmap-15-clausal-s-marker	3.2 Clausal complement S marker	75_vos_gn_er_b_no	vos	gn	erg-abs	balancing	nomn	svo	SV	AVP	100	0.96	0	0.0	0.692434823513031	bos_eos
seed_44	3_2_clausal_S_marker	15_3_2_clausal_S_marker	fig:heatmap-15-clausal-s-marker	3.2 Clausal complement S marker	76_vos_gn_er_d_se	vos	gn	erg-abs	deranking	sent	vos	VS	VPA	100	0.92	0	0.0	0.5407848215103149	bos_eos
seed_44	3_2_clausal_S_marker	15_3_2_clausal_S_marker	fig:heatmap-15-clausal-s-marker	3.2 Clausal complement S marker	77_vos_gn_er_d_pa	vos	gn	erg-abs	deranking	poss-acc	svo	SV	AVP	100	0.85	0	0.0	0.4223566389083862	bos_eos
seed_44	3_2_clausal_S_marker	15_3_2_clausal_S_marker	fig:heatmap-15-clausal-s-marker	3.2 Clausal complement S marker	78_vos_gn_er_d_ep	vos	gn	erg-abs	deranking	erg-poss	sov	SV	PVA	100	0.84	0	0.0	0.40249616861343385	bos_eos
seed_44	3_2_clausal_S_marker	15_3_2_clausal_S_marker	fig:heatmap-15-clausal-s-marker	3.2 Clausal complement S marker	79_vos_gn_er_d_no	vos	gn	erg-abs	deranking	nomn	svo	SV	AVP	100	0.9	0	0.0	0.45901564598083494	bos_eos
seed_44	3_2_clausal_S_marker	15_3_2_clausal_S_marker	fig:heatmap-15-clausal-s-marker	3.2 Clausal complement S marker	80_vos_ng_ac_b_se	vos	ng	nom-acc	balancing	sent	vos	VS	VPA	100	0.7	0	0.0	0.14716819286346436	bos_eos
seed_44	3_2_clausal_S_marker	15_3_2_clausal_S_marker	fig:heatmap-15-clausal-s-marker	3.2 Clausal complement S marker	81_vos_ng_ac_b_pa	vos	ng	nom-acc	balancing	poss-acc	vos	VS	VPA	100	0.62	0	0.0	0.04181496858596802	bos_eos
seed_44	3_2_clausal_S_marker	15_3_2_clausal_S_marker	fig:heatmap-15-clausal-s-marker	3.2 Clausal complement S marker	82_vos_ng_ac_b_ep	vos	ng	nom-acc	balancing	erg-poss	vos	VS	VPA	100	0.43	0	0.0	-0.027958667278289794	bos_eos
seed_44	3_2_clausal_S_marker	15_3_2_clausal_S_marker	fig:heatmap-15-clausal-s-marker	3.2 Clausal complement S marker	83_vos_ng_ac_b_no	vos	ng	nom-acc	balancing	nomn	vos	VS	VPA	100	0.49	0	0.0	0.021388492584228515	bos_eos
seed_44	3_2_clausal_S_marker	15_3_2_clausal_S_marker	fig:heatmap-15-clausal-s-marker	3.2 Clausal complement S marker	84_vos_ng_ac_d_se	vos	ng	nom-acc	deranking	sent	vos	VS	VPA	100	0.78	0	0.0	0.23295976161956788	bos_eos
seed_44	3_2_clausal_S_marker	15_3_2_clausal_S_marker	fig:heatmap-15-clausal-s-marker	3.2 Clausal complement S marker	85_vos_ng_ac_d_pa	vos	ng	nom-acc	deranking	poss-acc	vos	VS	VPA	100	0.87	0	0.0	0.3197101306915283	bos_eos
seed_44	3_2_clausal_S_marker	15_3_2_clausal_S_marker	fig:heatmap-15-clausal-s-marker	3.2 Clausal complement S marker	86_vos_ng_ac_d_ep	vos	ng	nom-acc	deranking	erg-poss	vos	VS	VPA	100	0.71	0	0.0	0.14638935685157775	bos_eos
seed_44	3_2_clausal_S_marker	15_3_2_clausal_S_marker	fig:heatmap-15-clausal-s-marker	3.2 Clausal complement S marker	87_vos_ng_ac_d_no	vos	ng	nom-acc	deranking	nomn	vos	VS	VPA	100	0.82	0	0.0	0.2410995364189148	bos_eos
seed_44	3_2_clausal_S_marker	15_3_2_clausal_S_marker	fig:heatmap-15-clausal-s-marker	3.2 Clausal complement S marker	88_vos_ng_er_b_se	vos	ng	erg-abs	balancing	sent	vos	VS	VPA	100	0.94	0	0.0	0.47252663373947146	bos_eos
seed_44	3_2_clausal_S_marker	15_3_2_clausal_S_marker	fig:heatmap-15-clausal-s-marker	3.2 Clausal complement S marker	89_vos_ng_er_b_pa	vos	ng	erg-abs	balancing	poss-acc	vos	VS	VPA	100	1.0	0	0.0	0.521760663986206	bos_eos
seed_44	3_2_clausal_S_marker	15_3_2_clausal_S_marker	fig:heatmap-15-clausal-s-marker	3.2 Clausal complement S marker	90_vos_ng_er_b_ep	vos	ng	erg-abs	balancing	erg-poss	vos	VS	VPA	100	0.99	0	0.0	0.525294873714447	bos_eos
seed_44	3_2_clausal_S_marker	15_3_2_clausal_S_marker	fig:heatmap-15-clausal-s-marker	3.2 Clausal complement S marker	91_vos_ng_er_b_no	vos	ng	erg-abs	balancing	nomn	vos	VS	VPA	100	0.98	0	0.0	0.6477013421058655	bos_eos
seed_44	3_2_clausal_S_marker	15_3_2_clausal_S_marker	fig:heatmap-15-clausal-s-marker	3.2 Clausal complement S marker	92_vos_ng_er_d_se	vos	ng	erg-abs	deranking	sent	vos	VS	VPA	100	0.99	0	0.0	0.570905601978302	bos_eos
seed_44	3_2_clausal_S_marker	15_3_2_clausal_S_marker	fig:heatmap-15-clausal-s-marker	3.2 Clausal complement S marker	93_vos_ng_er_d_pa	vos	ng	erg-abs	deranking	poss-acc	vos	VS	VPA	100	0.92	0	0.0	0.3310095536708832	bos_eos
seed_44	3_2_clausal_S_marker	15_3_2_clausal_S_marker	fig:heatmap-15-clausal-s-marker	3.2 Clausal complement S marker	94_vos_ng_er_d_ep	vos	ng	erg-abs	deranking	erg-poss	vos	VS	VPA	100	0.64	0	0.0	0.09310250282287598	bos_eos
seed_44	3_2_clausal_S_marker	15_3_2_clausal_S_marker	fig:heatmap-15-clausal-s-marker	3.2 Clausal complement S marker	95_vos_ng_er_d_no	vos	ng	erg-abs	deranking	nomn	vos	VS	VPA	100	0.89	0	0.0	0.3609370875358582	bos_eos
seed_44	3_3_clausal_A_marker	16_3_3_clausal_A_marker	fig:heatmap-16-clausal-a-marker	3.3 Clausal complement A marker	00_sov_gn_ac_b_se	sov	gn	nom-acc	balancing	sent	sov	SV	APV	100	0.12	0	0.0	-0.32505478858947756	bos_eos
seed_44	3_3_clausal_A_marker	16_3_3_clausal_A_marker	fig:heatmap-16-clausal-a-marker	3.3 Clausal complement A marker	01_sov_gn_ac_b_pa	sov	gn	nom-acc	balancing	poss-acc	sov	SV	APV	100	0.11	0	0.0	-0.2560772514343262	bos_eos
seed_44	3_3_clausal_A_marker	16_3_3_clausal_A_marker	fig:heatmap-16-clausal-a-marker	3.3 Clausal complement A marker	02_sov_gn_ac_b_ep	sov	gn	nom-acc	balancing	erg-poss	sov	SV	APV	100	0.92	0	0.0	0.3759516501426697	bos_eos
seed_44	3_3_clausal_A_marker	16_3_3_clausal_A_marker	fig:heatmap-16-clausal-a-marker	3.3 Clausal complement A marker	03_sov_gn_ac_b_no	sov	gn	nom-acc	balancing	nomn	sov	SV	APV	100	0.39	0	0.0	-0.09872496128082275	bos_eos
seed_44	3_3_clausal_A_marker	16_3_3_clausal_A_marker	fig:heatmap-16-clausal-a-marker	3.3 Clausal complement A marker	04_sov_gn_ac_d_se	sov	gn	nom-acc	deranking	sent	sov	SV	APV	100	0.13	0	0.0	-0.264697277545929	bos_eos
seed_44	3_3_clausal_A_marker	16_3_3_clausal_A_marker	fig:heatmap-16-clausal-a-marker	3.3 Clausal complement A marker	05_sov_gn_ac_d_pa	sov	gn	nom-acc	deranking	poss-acc	sov	SV	APV	100	0.15	0	0.0	-0.23721532583236693	bos_eos
seed_44	3_3_clausal_A_marker	16_3_3_clausal_A_marker	fig:heatmap-16-clausal-a-marker	3.3 Clausal complement A marker	06_sov_gn_ac_d_ep	sov	gn	nom-acc	deranking	erg-poss	sov	SV	APV	100	0.96	0	0.0	0.46623007297515867	bos_eos
seed_44	3_3_clausal_A_marker	16_3_3_clausal_A_marker	fig:heatmap-16-clausal-a-marker	3.3 Clausal complement A marker	07_sov_gn_ac_d_no	sov	gn	nom-acc	deranking	nomn	sov	SV	APV	100	0.12	0	0.0	-0.25733696699142455	bos_eos
seed_44	3_3_clausal_A_marker	16_3_3_clausal_A_marker	fig:heatmap-16-clausal-a-marker	3.3 Clausal complement A marker	08_sov_gn_er_b_se	sov	gn	erg-abs	balancing	sent	sov	SV	APV	100	1.0	0	0.0	0.614128475189209	bos_eos
seed_44	3_3_clausal_A_marker	16_3_3_clausal_A_marker	fig:heatmap-16-clausal-a-marker	3.3 Clausal complement A marker	09_sov_gn_er_b_pa	sov	gn	erg-abs	balancing	poss-acc	sov	SV	APV	100	0.99	0	0.0	0.5614207458496093	bos_eos
seed_44	3_3_clausal_A_marker	16_3_3_clausal_A_marker	fig:heatmap-16-clausal-a-marker	3.3 Clausal complement A marker	10_sov_gn_er_b_ep	sov	gn	erg-abs	balancing	erg-poss	sov	SV	APV	100	1.0	0	0.0	1.4208698868751526	bos_eos
seed_44	3_3_clausal_A_marker	16_3_3_clausal_A_marker	fig:heatmap-16-clausal-a-marker	3.3 Clausal complement A marker	11_sov_gn_er_b_no	sov	gn	erg-abs	balancing	nomn	sov	SV	APV	100	1.0	0	0.0	0.5359766983985901	bos_eos
seed_44	3_3_clausal_A_marker	16_3_3_clausal_A_marker	fig:heatmap-16-clausal-a-marker	3.3 Clausal complement A marker	12_sov_gn_er_d_se	sov	gn	erg-abs	deranking	sent	sov	SV	APV	100	0.99	0	0.0	0.5361241579055787	bos_eos
seed_44	3_3_clausal_A_marker	16_3_3_clausal_A_marker	fig:heatmap-16-clausal-a-marker	3.3 Clausal complement A marker	13_sov_gn_er_d_pa	sov	gn	erg-abs	deranking	poss-acc	sov	SV	APV	100	0.99	0	0.0	0.4899500107765198	bos_eos
seed_44	3_3_clausal_A_marker	16_3_3_clausal_A_marker	fig:heatmap-16-clausal-a-marker	3.3 Clausal complement A marker	14_sov_gn_er_d_ep	sov	gn	erg-abs	deranking	erg-poss	sov	SV	APV	100	1.0	0	0.0	1.2621193528175354	bos_eos
seed_44	3_3_clausal_A_marker	16_3_3_clausal_A_marker	fig:heatmap-16-clausal-a-marker	3.3 Clausal complement A marker	15_sov_gn_er_d_no	sov	gn	erg-abs	deranking	nomn	sov	SV	APV	100	0.99	0	0.0	0.46884257078170777	bos_eos
seed_44	3_3_clausal_A_marker	16_3_3_clausal_A_marker	fig:heatmap-16-clausal-a-marker	3.3 Clausal complement A marker	16_sov_ng_ac_b_se	sov	ng	nom-acc	balancing	sent	sov	SV	APV	100	0.24	0	0.0	-0.1521998715400696	bos_eos
seed_44	3_3_clausal_A_marker	16_3_3_clausal_A_marker	fig:heatmap-16-clausal-a-marker	3.3 Clausal complement A marker	17_sov_ng_ac_b_pa	sov	ng	nom-acc	balancing	poss-acc	ovs	VS	PVA	100	0.28	0	0.0	-0.14730190277099608	bos_eos
seed_44	3_3_clausal_A_marker	16_3_3_clausal_A_marker	fig:heatmap-16-clausal-a-marker	3.3 Clausal complement A marker	18_sov_ng_ac_b_ep	sov	ng	nom-acc	balancing	erg-poss	vos	VS	AVP	100	0.84	0	0.0	0.2583702731132507	bos_eos
seed_44	3_3_clausal_A_marker	16_3_3_clausal_A_marker	fig:heatmap-16-clausal-a-marker	3.3 Clausal complement A marker	19_sov_ng_ac_b_no	sov	ng	nom-acc	balancing	nomn	ovs	VS	PVA	100	0.55	0	0.0	0.04869364261627197	bos_eos
seed_44	3_3_clausal_A_marker	16_3_3_clausal_A_marker	fig:heatmap-16-clausal-a-marker	3.3 Clausal complement A marker	20_sov_ng_ac_d_se	sov	ng	nom-acc	deranking	sent	sov	SV	APV	100	0.32	0	0.0	-0.12949838638305664	bos_eos
seed_44	3_3_clausal_A_marker	16_3_3_clausal_A_marker	fig:heatmap-16-clausal-a-marker	3.3 Clausal complement A marker	21_sov_ng_ac_d_pa	sov	ng	nom-acc	deranking	poss-acc	ovs	VS	PVA	100	0.23	0	0.0	-0.19451403379440307	bos_eos
seed_44	3_3_clausal_A_marker	16_3_3_clausal_A_marker	fig:heatmap-16-clausal-a-marker	3.3 Clausal complement A marker	22_sov_ng_ac_d_ep	sov	ng	nom-acc	deranking	erg-poss	vos	VS	AVP	100	0.87	0	0.0	0.2857366633415222	bos_eos
seed_44	3_3_clausal_A_marker	16_3_3_clausal_A_marker	fig:heatmap-16-clausal-a-marker	3.3 Clausal complement A marker	23_sov_ng_ac_d_no	sov	ng	nom-acc	deranking	nomn	ovs	VS	PVA	100	0.39	0	0.0	-0.08099713563919067	bos_eos
seed_44	3_3_clausal_A_marker	16_3_3_clausal_A_marker	fig:heatmap-16-clausal-a-marker	3.3 Clausal complement A marker	24_sov_ng_er_b_se	sov	ng	erg-abs	balancing	sent	sov	SV	APV	100	1.0	0	0.0	1.0114862680435182	bos_eos
seed_44	3_3_clausal_A_marker	16_3_3_clausal_A_marker	fig:heatmap-16-clausal-a-marker	3.3 Clausal complement A marker	25_sov_ng_er_b_pa	sov	ng	erg-abs	balancing	poss-acc	ovs	VS	PVA	100	1.0	0	0.0	1.0961919903755188	bos_eos
seed_44	3_3_clausal_A_marker	16_3_3_clausal_A_marker	fig:heatmap-16-clausal-a-marker	3.3 Clausal complement A marker	26_sov_ng_er_b_ep	sov	ng	erg-abs	balancing	erg-poss	vos	VS	AVP	100	1.0	0	0.0	1.5073046898841858	bos_eos
seed_44	3_3_clausal_A_marker	16_3_3_clausal_A_marker	fig:heatmap-16-clausal-a-marker	3.3 Clausal complement A marker	27_sov_ng_er_b_no	sov	ng	erg-abs	balancing	nomn	ovs	VS	PVA	100	1.0	0	0.0	1.079630572795868	bos_eos
seed_44	3_3_clausal_A_marker	16_3_3_clausal_A_marker	fig:heatmap-16-clausal-a-marker	3.3 Clausal complement A marker	28_sov_ng_er_d_se	sov	ng	erg-abs	deranking	sent	sov	SV	APV	100	1.0	0	0.0	0.929675223827362	bos_eos
seed_44	3_3_clausal_A_marker	16_3_3_clausal_A_marker	fig:heatmap-16-clausal-a-marker	3.3 Clausal complement A marker	29_sov_ng_er_d_pa	sov	ng	erg-abs	deranking	poss-acc	ovs	VS	PVA	100	1.0	0	0.0	1.0218272805213928	bos_eos
seed_44	3_3_clausal_A_marker	16_3_3_clausal_A_marker	fig:heatmap-16-clausal-a-marker	3.3 Clausal complement A marker	30_sov_ng_er_d_ep	sov	ng	erg-abs	deranking	erg-poss	vos	VS	AVP	100	1.0	0	0.0	1.4285028386116028	bos_eos
seed_44	3_3_clausal_A_marker	16_3_3_clausal_A_marker	fig:heatmap-16-clausal-a-marker	3.3 Clausal complement A marker	31_sov_ng_er_d_no	sov	ng	erg-abs	deranking	nomn	ovs	VS	PVA	100	0.99	0	0.0	0.9819009613990783	bos_eos
seed_44	3_3_clausal_A_marker	16_3_3_clausal_A_marker	fig:heatmap-16-clausal-a-marker	3.3 Clausal complement A marker	32_svo_gn_ac_b_se	svo	gn	nom-acc	balancing	sent	svo	SV	AVP	100	0.98	0	0.0	0.5801458263397217	bos_eos
seed_44	3_3_clausal_A_marker	16_3_3_clausal_A_marker	fig:heatmap-16-clausal-a-marker	3.3 Clausal complement A marker	33_svo_gn_ac_b_pa	svo	gn	nom-acc	balancing	poss-acc	svo	SV	AVP	100	0.97	0	0.0	0.501317880153656	bos_eos
seed_44	3_3_clausal_A_marker	16_3_3_clausal_A_marker	fig:heatmap-16-clausal-a-marker	3.3 Clausal complement A marker	34_svo_gn_ac_b_ep	svo	gn	nom-acc	balancing	erg-poss	sov	SV	PVA	100	1.0	0	0.0	0.8612906575202942	bos_eos
seed_44	3_3_clausal_A_marker	16_3_3_clausal_A_marker	fig:heatmap-16-clausal-a-marker	3.3 Clausal complement A marker	35_svo_gn_ac_b_no	svo	gn	nom-acc	balancing	nomn	svo	SV	AVP	100	0.96	0	0.0	0.4840104150772095	bos_eos
seed_44	3_3_clausal_A_marker	16_3_3_clausal_A_marker	fig:heatmap-16-clausal-a-marker	3.3 Clausal complement A marker	36_svo_gn_ac_d_se	svo	gn	nom-acc	deranking	sent	svo	SV	AVP	100	0.98	0	0.0	0.5351927328109741	bos_eos
seed_44	3_3_clausal_A_marker	16_3_3_clausal_A_marker	fig:heatmap-16-clausal-a-marker	3.3 Clausal complement A marker	37_svo_gn_ac_d_pa	svo	gn	nom-acc	deranking	poss-acc	svo	SV	AVP	100	0.87	0	0.0	0.313453049659729	bos_eos
seed_44	3_3_clausal_A_marker	16_3_3_clausal_A_marker	fig:heatmap-16-clausal-a-marker	3.3 Clausal complement A marker	38_svo_gn_ac_d_ep	svo	gn	nom-acc	deranking	erg-poss	sov	SV	PVA	100	0.99	0	0.0	0.6147221159934998	bos_eos
seed_44	3_3_clausal_A_marker	16_3_3_clausal_A_marker	fig:heatmap-16-clausal-a-marker	3.3 Clausal complement A marker	39_svo_gn_ac_d_no	svo	gn	nom-acc	deranking	nomn	svo	SV	AVP	100	0.88	0	0.0	0.2879937696456909	bos_eos
seed_44	3_3_clausal_A_marker	16_3_3_clausal_A_marker	fig:heatmap-16-clausal-a-marker	3.3 Clausal complement A marker	40_svo_gn_er_b_se	svo	gn	erg-abs	balancing	sent	svo	SV	AVP	100	1.0	0	0.0	1.593654124736786	bos_eos
seed_44	3_3_clausal_A_marker	16_3_3_clausal_A_marker	fig:heatmap-16-clausal-a-marker	3.3 Clausal complement A marker	41_svo_gn_er_b_pa	svo	gn	erg-abs	balancing	poss-acc	svo	SV	AVP	100	1.0	0	0.0	1.6544430708885194	bos_eos
seed_44	3_3_clausal_A_marker	16_3_3_clausal_A_marker	fig:heatmap-16-clausal-a-marker	3.3 Clausal complement A marker	42_svo_gn_er_b_ep	svo	gn	erg-abs	balancing	erg-poss	sov	SV	PVA	100	1.0	0	0.0	2.2146747422218325	bos_eos
seed_44	3_3_clausal_A_marker	16_3_3_clausal_A_marker	fig:heatmap-16-clausal-a-marker	3.3 Clausal complement A marker	43_svo_gn_er_b_no	svo	gn	erg-abs	balancing	nomn	svo	SV	AVP	100	1.0	0	0.0	1.5675828504562377	bos_eos
seed_44	3_3_clausal_A_marker	16_3_3_clausal_A_marker	fig:heatmap-16-clausal-a-marker	3.3 Clausal complement A marker	44_svo_gn_er_d_se	svo	gn	erg-abs	deranking	sent	svo	SV	AVP	100	1.0	0	0.0	1.5415872812271119	bos_eos
seed_44	3_3_clausal_A_marker	16_3_3_clausal_A_marker	fig:heatmap-16-clausal-a-marker	3.3 Clausal complement A marker	45_svo_gn_er_d_pa	svo	gn	erg-abs	deranking	poss-acc	svo	SV	AVP	100	0.99	0	0.0	1.3368335819244386	bos_eos
seed_44	3_3_clausal_A_marker	16_3_3_clausal_A_marker	fig:heatmap-16-clausal-a-marker	3.3 Clausal complement A marker	46_svo_gn_er_d_ep	svo	gn	erg-abs	deranking	erg-poss	sov	SV	PVA	100	1.0	0	0.0	2.112645432949066	bos_eos
seed_44	3_3_clausal_A_marker	16_3_3_clausal_A_marker	fig:heatmap-16-clausal-a-marker	3.3 Clausal complement A marker	47_svo_gn_er_d_no	svo	gn	erg-abs	deranking	nomn	svo	SV	AVP	100	1.0	0	0.0	1.4368867087364197	bos_eos
seed_44	3_3_clausal_A_marker	16_3_3_clausal_A_marker	fig:heatmap-16-clausal-a-marker	3.3 Clausal complement A marker	48_svo_ng_ac_b_se	svo	ng	nom-acc	balancing	sent	svo	SV	AVP	100	0.95	0	0.0	0.27745203256607054	bos_eos
seed_44	3_3_clausal_A_marker	16_3_3_clausal_A_marker	fig:heatmap-16-clausal-a-marker	3.3 Clausal complement A marker	49_svo_ng_ac_b_pa	svo	ng	nom-acc	balancing	poss-acc	vos	VS	VPA	100	0.95	0	0.0	0.3439922308921814	bos_eos
seed_44	3_3_clausal_A_marker	16_3_3_clausal_A_marker	fig:heatmap-16-clausal-a-marker	3.3 Clausal complement A marker	50_svo_ng_ac_b_ep	svo	ng	nom-acc	balancing	erg-poss	vos	VS	VPA	100	1.0	0	0.0	0.9075773692131043	bos_eos
seed_44	3_3_clausal_A_marker	16_3_3_clausal_A_marker	fig:heatmap-16-clausal-a-marker	3.3 Clausal complement A marker	51_svo_ng_ac_b_no	svo	ng	nom-acc	balancing	nomn	vos	VS	VPA	100	0.95	0	0.0	0.356526038646698	bos_eos
seed_44	3_3_clausal_A_marker	16_3_3_clausal_A_marker	fig:heatmap-16-clausal-a-marker	3.3 Clausal complement A marker	52_svo_ng_ac_d_se	svo	ng	nom-acc	deranking	sent	svo	SV	AVP	100	0.69	0	0.0	0.11284055948257446	bos_eos
seed_44	3_3_clausal_A_marker	16_3_3_clausal_A_marker	fig:heatmap-16-clausal-a-marker	3.3 Clausal complement A marker	53_svo_ng_ac_d_pa	svo	ng	nom-acc	deranking	poss-acc	vos	VS	VPA	100	0.88	0	0.0	0.20889199495315552	bos_eos
seed_44	3_3_clausal_A_marker	16_3_3_clausal_A_marker	fig:heatmap-16-clausal-a-marker	3.3 Clausal complement A marker	54_svo_ng_ac_d_ep	svo	ng	nom-acc	deranking	erg-poss	vos	VS	VPA	100	0.98	0	0.0	0.510418176651001	bos_eos
seed_44	3_3_clausal_A_marker	16_3_3_clausal_A_marker	fig:heatmap-16-clausal-a-marker	3.3 Clausal complement A marker	55_svo_ng_ac_d_no	svo	ng	nom-acc	deranking	nomn	vos	VS	VPA	100	0.81	0	0.0	0.16977652549743652	bos_eos
seed_44	3_3_clausal_A_marker	16_3_3_clausal_A_marker	fig:heatmap-16-clausal-a-marker	3.3 Clausal complement A marker	56_svo_ng_er_b_se	svo	ng	erg-abs	balancing	sent	svo	SV	AVP	100	1.0	0	0.0	1.5238705778121948	bos_eos
seed_44	3_3_clausal_A_marker	16_3_3_clausal_A_marker	fig:heatmap-16-clausal-a-marker	3.3 Clausal complement A marker	57_svo_ng_er_b_pa	svo	ng	erg-abs	balancing	poss-acc	vos	VS	VPA	100	1.0	0	0.0	1.7841847658157348	bos_eos
seed_44	3_3_clausal_A_marker	16_3_3_clausal_A_marker	fig:heatmap-16-clausal-a-marker	3.3 Clausal complement A marker	58_svo_ng_er_b_ep	svo	ng	erg-abs	balancing	erg-poss	vos	VS	VPA	100	1.0	0	0.0	2.203349559307098	bos_eos
seed_44	3_3_clausal_A_marker	16_3_3_clausal_A_marker	fig:heatmap-16-clausal-a-marker	3.3 Clausal complement A marker	59_svo_ng_er_b_no	svo	ng	erg-abs	balancing	nomn	vos	VS	VPA	100	1.0	0	0.0	1.704276840686798	bos_eos
seed_44	3_3_clausal_A_marker	16_3_3_clausal_A_marker	fig:heatmap-16-clausal-a-marker	3.3 Clausal complement A marker	60_svo_ng_er_d_se	svo	ng	erg-abs	deranking	sent	svo	SV	AVP	100	1.0	0	0.0	1.6074137854576112	bos_eos
seed_44	3_3_clausal_A_marker	16_3_3_clausal_A_marker	fig:heatmap-16-clausal-a-marker	3.3 Clausal complement A marker	61_svo_ng_er_d_pa	svo	ng	erg-abs	deranking	poss-acc	vos	VS	VPA	100	1.0	0	0.0	1.3727854824066161	bos_eos
seed_44	3_3_clausal_A_marker	16_3_3_clausal_A_marker	fig:heatmap-16-clausal-a-marker	3.3 Clausal complement A marker	62_svo_ng_er_d_ep	svo	ng	erg-abs	deranking	erg-poss	vos	VS	VPA	100	1.0	0	0.0	1.6979048323631287	bos_eos
seed_44	3_3_clausal_A_marker	16_3_3_clausal_A_marker	fig:heatmap-16-clausal-a-marker	3.3 Clausal complement A marker	63_svo_ng_er_d_no	svo	ng	erg-abs	deranking	nomn	vos	VS	VPA	100	1.0	0	0.0	1.771622395515442	bos_eos
seed_44	3_3_clausal_A_marker	16_3_3_clausal_A_marker	fig:heatmap-16-clausal-a-marker	3.3 Clausal complement A marker	64_vos_gn_ac_b_se	vos	gn	nom-acc	balancing	sent	vos	VS	VPA	100	0.68	0	0.0	0.19953463792800905	bos_eos
seed_44	3_3_clausal_A_marker	16_3_3_clausal_A_marker	fig:heatmap-16-clausal-a-marker	3.3 Clausal complement A marker	65_vos_gn_ac_b_pa	vos	gn	nom-acc	balancing	poss-acc	svo	SV	AVP	100	0.66	0	0.0	0.21541452169418335	bos_eos
seed_44	3_3_clausal_A_marker	16_3_3_clausal_A_marker	fig:heatmap-16-clausal-a-marker	3.3 Clausal complement A marker	66_vos_gn_ac_b_ep	vos	gn	nom-acc	balancing	erg-poss	sov	SV	PVA	100	0.98	0	0.0	0.5083126378059387	bos_eos
seed_44	3_3_clausal_A_marker	16_3_3_clausal_A_marker	fig:heatmap-16-clausal-a-marker	3.3 Clausal complement A marker	67_vos_gn_ac_b_no	vos	gn	nom-acc	balancing	nomn	svo	SV	AVP	100	0.67	0	0.0	0.19022729396820068	bos_eos
seed_44	3_3_clausal_A_marker	16_3_3_clausal_A_marker	fig:heatmap-16-clausal-a-marker	3.3 Clausal complement A marker	68_vos_gn_ac_d_se	vos	gn	nom-acc	deranking	sent	vos	VS	VPA	100	0.69	0	0.0	0.23611057043075562	bos_eos
seed_44	3_3_clausal_A_marker	16_3_3_clausal_A_marker	fig:heatmap-16-clausal-a-marker	3.3 Clausal complement A marker	69_vos_gn_ac_d_pa	vos	gn	nom-acc	deranking	poss-acc	svo	SV	AVP	100	0.73	0	0.0	0.2666090440750122	bos_eos
seed_44	3_3_clausal_A_marker	16_3_3_clausal_A_marker	fig:heatmap-16-clausal-a-marker	3.3 Clausal complement A marker	70_vos_gn_ac_d_ep	vos	gn	nom-acc	deranking	erg-poss	sov	SV	PVA	100	0.95	0	0.0	0.40873806476593016	bos_eos
seed_44	3_3_clausal_A_marker	16_3_3_clausal_A_marker	fig:heatmap-16-clausal-a-marker	3.3 Clausal complement A marker	71_vos_gn_ac_d_no	vos	gn	nom-acc	deranking	nomn	svo	SV	AVP	100	0.65	0	0.0	0.1714946460723877	bos_eos
seed_44	3_3_clausal_A_marker	16_3_3_clausal_A_marker	fig:heatmap-16-clausal-a-marker	3.3 Clausal complement A marker	72_vos_gn_er_b_se	vos	gn	erg-abs	balancing	sent	vos	VS	VPA	100	1.0	0	0.0	1.1090419602394104	bos_eos
seed_44	3_3_clausal_A_marker	16_3_3_clausal_A_marker	fig:heatmap-16-clausal-a-marker	3.3 Clausal complement A marker	73_vos_gn_er_b_pa	vos	gn	erg-abs	balancing	poss-acc	svo	SV	AVP	100	1.0	0	0.0	1.1121361565589905	bos_eos
seed_44	3_3_clausal_A_marker	16_3_3_clausal_A_marker	fig:heatmap-16-clausal-a-marker	3.3 Clausal complement A marker	74_vos_gn_er_b_ep	vos	gn	erg-abs	balancing	erg-poss	sov	SV	PVA	100	1.0	0	0.0	1.298824472427368	bos_eos
seed_44	3_3_clausal_A_marker	16_3_3_clausal_A_marker	fig:heatmap-16-clausal-a-marker	3.3 Clausal complement A marker	75_vos_gn_er_b_no	vos	gn	erg-abs	balancing	nomn	svo	SV	AVP	100	1.0	0	0.0	1.1035785031318666	bos_eos
seed_44	3_3_clausal_A_marker	16_3_3_clausal_A_marker	fig:heatmap-16-clausal-a-marker	3.3 Clausal complement A marker	76_vos_gn_er_d_se	vos	gn	erg-abs	deranking	sent	vos	VS	VPA	100	1.0	0	0.0	1.0828174805641175	bos_eos
seed_44	3_3_clausal_A_marker	16_3_3_clausal_A_marker	fig:heatmap-16-clausal-a-marker	3.3 Clausal complement A marker	77_vos_gn_er_d_pa	vos	gn	erg-abs	deranking	poss-acc	svo	SV	AVP	100	0.99	0	0.0	1.0871787405014037	bos_eos
seed_44	3_3_clausal_A_marker	16_3_3_clausal_A_marker	fig:heatmap-16-clausal-a-marker	3.3 Clausal complement A marker	78_vos_gn_er_d_ep	vos	gn	erg-abs	deranking	erg-poss	sov	SV	PVA	100	1.0	0	0.0	1.3847764492034913	bos_eos
seed_44	3_3_clausal_A_marker	16_3_3_clausal_A_marker	fig:heatmap-16-clausal-a-marker	3.3 Clausal complement A marker	79_vos_gn_er_d_no	vos	gn	erg-abs	deranking	nomn	svo	SV	AVP	100	1.0	0	0.0	1.111116397380829	bos_eos
seed_44	3_3_clausal_A_marker	16_3_3_clausal_A_marker	fig:heatmap-16-clausal-a-marker	3.3 Clausal complement A marker	80_vos_ng_ac_b_se	vos	ng	nom-acc	balancing	sent	vos	VS	VPA	100	0.21	0	0.0	-0.17702291250228883	bos_eos
seed_44	3_3_clausal_A_marker	16_3_3_clausal_A_marker	fig:heatmap-16-clausal-a-marker	3.3 Clausal complement A marker	81_vos_ng_ac_b_pa	vos	ng	nom-acc	balancing	poss-acc	vos	VS	VPA	100	0.19	0	0.0	-0.15561145782470703	bos_eos
seed_44	3_3_clausal_A_marker	16_3_3_clausal_A_marker	fig:heatmap-16-clausal-a-marker	3.3 Clausal complement A marker	82_vos_ng_ac_b_ep	vos	ng	nom-acc	balancing	erg-poss	vos	VS	VPA	100	0.95	0	0.0	0.4111567831039429	bos_eos
seed_44	3_3_clausal_A_marker	16_3_3_clausal_A_marker	fig:heatmap-16-clausal-a-marker	3.3 Clausal complement A marker	83_vos_ng_ac_b_no	vos	ng	nom-acc	balancing	nomn	vos	VS	VPA	100	0.33	0	0.0	-0.09513067960739136	bos_eos
seed_44	3_3_clausal_A_marker	16_3_3_clausal_A_marker	fig:heatmap-16-clausal-a-marker	3.3 Clausal complement A marker	84_vos_ng_ac_d_se	vos	ng	nom-acc	deranking	sent	vos	VS	VPA	100	0.51	0	0.0	-0.011152970790863036	bos_eos
seed_44	3_3_clausal_A_marker	16_3_3_clausal_A_marker	fig:heatmap-16-clausal-a-marker	3.3 Clausal complement A marker	85_vos_ng_ac_d_pa	vos	ng	nom-acc	deranking	poss-acc	vos	VS	VPA	100	0.76	0	0.0	0.2473749804496765	bos_eos
seed_44	3_3_clausal_A_marker	16_3_3_clausal_A_marker	fig:heatmap-16-clausal-a-marker	3.3 Clausal complement A marker	86_vos_ng_ac_d_ep	vos	ng	nom-acc	deranking	erg-poss	vos	VS	VPA	100	0.94	0	0.0	0.49164623498916626	bos_eos
seed_44	3_3_clausal_A_marker	16_3_3_clausal_A_marker	fig:heatmap-16-clausal-a-marker	3.3 Clausal complement A marker	87_vos_ng_ac_d_no	vos	ng	nom-acc	deranking	nomn	vos	VS	VPA	100	0.55	0	0.0	0.037766201496124266	bos_eos
seed_44	3_3_clausal_A_marker	16_3_3_clausal_A_marker	fig:heatmap-16-clausal-a-marker	3.3 Clausal complement A marker	88_vos_ng_er_b_se	vos	ng	erg-abs	balancing	sent	vos	VS	VPA	100	1.0	0	0.0	0.6679169082641602	bos_eos
seed_44	3_3_clausal_A_marker	16_3_3_clausal_A_marker	fig:heatmap-16-clausal-a-marker	3.3 Clausal complement A marker	89_vos_ng_er_b_pa	vos	ng	erg-abs	balancing	poss-acc	vos	VS	VPA	100	1.0	0	0.0	0.7188557600975036	bos_eos
seed_44	3_3_clausal_A_marker	16_3_3_clausal_A_marker	fig:heatmap-16-clausal-a-marker	3.3 Clausal complement A marker	90_vos_ng_er_b_ep	vos	ng	erg-abs	balancing	erg-poss	vos	VS	VPA	100	1.0	0	0.0	1.308158416748047	bos_eos
seed_44	3_3_clausal_A_marker	16_3_3_clausal_A_marker	fig:heatmap-16-clausal-a-marker	3.3 Clausal complement A marker	91_vos_ng_er_b_no	vos	ng	erg-abs	balancing	nomn	vos	VS	VPA	100	1.0	0	0.0	0.6908097624778747	bos_eos
seed_44	3_3_clausal_A_marker	16_3_3_clausal_A_marker	fig:heatmap-16-clausal-a-marker	3.3 Clausal complement A marker	92_vos_ng_er_d_se	vos	ng	erg-abs	deranking	sent	vos	VS	VPA	100	1.0	0	0.0	0.6701731967926026	bos_eos
seed_44	3_3_clausal_A_marker	16_3_3_clausal_A_marker	fig:heatmap-16-clausal-a-marker	3.3 Clausal complement A marker	93_vos_ng_er_d_pa	vos	ng	erg-abs	deranking	poss-acc	vos	VS	VPA	100	0.99	0	0.0	0.5937677693367004	bos_eos
seed_44	3_3_clausal_A_marker	16_3_3_clausal_A_marker	fig:heatmap-16-clausal-a-marker	3.3 Clausal complement A marker	94_vos_ng_er_d_ep	vos	ng	erg-abs	deranking	erg-poss	vos	VS	VPA	100	1.0	0	0.0	1.2258378624916078	bos_eos
seed_44	3_3_clausal_A_marker	16_3_3_clausal_A_marker	fig:heatmap-16-clausal-a-marker	3.3 Clausal complement A marker	95_vos_ng_er_d_no	vos	ng	erg-abs	deranking	nomn	vos	VS	VPA	100	0.99	0	0.0	0.6252141976356507	bos_eos
seed_44	3_4_clausal_P_marker	17_3_4_clausal_P_marker	fig:heatmap-17-clausal-p-marker	3.4 Clausal complement P marker	00_sov_gn_ac_b_se	sov	gn	nom-acc	balancing	sent	sov	SV	APV	100	1.0	0	0.0	1.6403985905647278	bos_eos
seed_44	3_4_clausal_P_marker	17_3_4_clausal_P_marker	fig:heatmap-17-clausal-p-marker	3.4 Clausal complement P marker	01_sov_gn_ac_b_pa	sov	gn	nom-acc	balancing	poss-acc	sov	SV	APV	100	1.0	0	0.0	1.4981653046607972	bos_eos
seed_44	3_4_clausal_P_marker	17_3_4_clausal_P_marker	fig:heatmap-17-clausal-p-marker	3.4 Clausal complement P marker	02_sov_gn_ac_b_ep	sov	gn	nom-acc	balancing	erg-poss	sov	SV	APV	100	1.0	0	0.0	1.2613264179229737	bos_eos
seed_44	3_4_clausal_P_marker	17_3_4_clausal_P_marker	fig:heatmap-17-clausal-p-marker	3.4 Clausal complement P marker	03_sov_gn_ac_b_no	sov	gn	nom-acc	balancing	nomn	sov	SV	APV	100	1.0	0	0.0	1.575873725414276	bos_eos
seed_44	3_4_clausal_P_marker	17_3_4_clausal_P_marker	fig:heatmap-17-clausal-p-marker	3.4 Clausal complement P marker	04_sov_gn_ac_d_se	sov	gn	nom-acc	deranking	sent	sov	SV	APV	100	1.0	0	0.0	1.5671334505081176	bos_eos
seed_44	3_4_clausal_P_marker	17_3_4_clausal_P_marker	fig:heatmap-17-clausal-p-marker	3.4 Clausal complement P marker	05_sov_gn_ac_d_pa	sov	gn	nom-acc	deranking	poss-acc	sov	SV	APV	100	1.0	0	0.0	1.3590530419349671	bos_eos
seed_44	3_4_clausal_P_marker	17_3_4_clausal_P_marker	fig:heatmap-17-clausal-p-marker	3.4 Clausal complement P marker	06_sov_gn_ac_d_ep	sov	gn	nom-acc	deranking	erg-poss	sov	SV	APV	100	1.0	0	0.0	1.1515237545967103	bos_eos
seed_44	3_4_clausal_P_marker	17_3_4_clausal_P_marker	fig:heatmap-17-clausal-p-marker	3.4 Clausal complement P marker	07_sov_gn_ac_d_no	sov	gn	nom-acc	deranking	nomn	sov	SV	APV	100	1.0	0	0.0	1.6211418008804321	bos_eos
seed_44	3_4_clausal_P_marker	17_3_4_clausal_P_marker	fig:heatmap-17-clausal-p-marker	3.4 Clausal complement P marker	08_sov_gn_er_b_se	sov	gn	erg-abs	balancing	sent	sov	SV	APV	100	1.0	0	0.0	0.7549582099914551	bos_eos
seed_44	3_4_clausal_P_marker	17_3_4_clausal_P_marker	fig:heatmap-17-clausal-p-marker	3.4 Clausal complement P marker	09_sov_gn_er_b_pa	sov	gn	erg-abs	balancing	poss-acc	sov	SV	APV	100	0.98	0	0.0	0.695636248588562	bos_eos
seed_44	3_4_clausal_P_marker	17_3_4_clausal_P_marker	fig:heatmap-17-clausal-p-marker	3.4 Clausal complement P marker	10_sov_gn_er_b_ep	sov	gn	erg-abs	balancing	erg-poss	sov	SV	APV	100	1.0	0	0.0	0.5742448997497559	bos_eos
seed_44	3_4_clausal_P_marker	17_3_4_clausal_P_marker	fig:heatmap-17-clausal-p-marker	3.4 Clausal complement P marker	11_sov_gn_er_b_no	sov	gn	erg-abs	balancing	nomn	sov	SV	APV	100	1.0	0	0.0	0.6219578003883361	bos_eos
seed_44	3_4_clausal_P_marker	17_3_4_clausal_P_marker	fig:heatmap-17-clausal-p-marker	3.4 Clausal complement P marker	12_sov_gn_er_d_se	sov	gn	erg-abs	deranking	sent	sov	SV	APV	100	1.0	0	0.0	0.7242044830322265	bos_eos
seed_44	3_4_clausal_P_marker	17_3_4_clausal_P_marker	fig:heatmap-17-clausal-p-marker	3.4 Clausal complement P marker	13_sov_gn_er_d_pa	sov	gn	erg-abs	deranking	poss-acc	sov	SV	APV	100	0.99	0	0.0	0.5565240550041198	bos_eos
seed_44	3_4_clausal_P_marker	17_3_4_clausal_P_marker	fig:heatmap-17-clausal-p-marker	3.4 Clausal complement P marker	14_sov_gn_er_d_ep	sov	gn	erg-abs	deranking	erg-poss	sov	SV	APV	100	0.95	0	0.0	0.4361536693572998	bos_eos
seed_44	3_4_clausal_P_marker	17_3_4_clausal_P_marker	fig:heatmap-17-clausal-p-marker	3.4 Clausal complement P marker	15_sov_gn_er_d_no	sov	gn	erg-abs	deranking	nomn	sov	SV	APV	100	0.93	0	0.0	0.43490113496780397	bos_eos
seed_44	3_4_clausal_P_marker	17_3_4_clausal_P_marker	fig:heatmap-17-clausal-p-marker	3.4 Clausal complement P marker	16_sov_ng_ac_b_se	sov	ng	nom-acc	balancing	sent	sov	SV	APV	100	1.0	0	0.0	1.083465633392334	bos_eos
seed_44	3_4_clausal_P_marker	17_3_4_clausal_P_marker	fig:heatmap-17-clausal-p-marker	3.4 Clausal complement P marker	17_sov_ng_ac_b_pa	sov	ng	nom-acc	balancing	poss-acc	ovs	VS	PVA	100	1.0	0	0.0	1.1462904810905457	bos_eos
seed_44	3_4_clausal_P_marker	17_3_4_clausal_P_marker	fig:heatmap-17-clausal-p-marker	3.4 Clausal complement P marker	18_sov_ng_ac_b_ep	sov	ng	nom-acc	balancing	erg-poss	vos	VS	AVP	100	1.0	0	0.0	0.9468896555900573	bos_eos
seed_44	3_4_clausal_P_marker	17_3_4_clausal_P_marker	fig:heatmap-17-clausal-p-marker	3.4 Clausal complement P marker	19_sov_ng_ac_b_no	sov	ng	nom-acc	balancing	nomn	ovs	VS	PVA	100	1.0	0	0.0	1.377043032646179	bos_eos
seed_44	3_4_clausal_P_marker	17_3_4_clausal_P_marker	fig:heatmap-17-clausal-p-marker	3.4 Clausal complement P marker	20_sov_ng_ac_d_se	sov	ng	nom-acc	deranking	sent	sov	SV	APV	100	1.0	0	0.0	1.02992684841156	bos_eos
seed_44	3_4_clausal_P_marker	17_3_4_clausal_P_marker	fig:heatmap-17-clausal-p-marker	3.4 Clausal complement P marker	21_sov_ng_ac_d_pa	sov	ng	nom-acc	deranking	poss-acc	ovs	VS	PVA	100	1.0	0	0.0	1.1275384974479676	bos_eos
seed_44	3_4_clausal_P_marker	17_3_4_clausal_P_marker	fig:heatmap-17-clausal-p-marker	3.4 Clausal complement P marker	22_sov_ng_ac_d_ep	sov	ng	nom-acc	deranking	erg-poss	vos	VS	AVP	100	1.0	0	0.0	1.0420260405540467	bos_eos
seed_44	3_4_clausal_P_marker	17_3_4_clausal_P_marker	fig:heatmap-17-clausal-p-marker	3.4 Clausal complement P marker	23_sov_ng_ac_d_no	sov	ng	nom-acc	deranking	nomn	ovs	VS	PVA	100	1.0	0	0.0	1.4923035049438476	bos_eos
seed_44	3_4_clausal_P_marker	17_3_4_clausal_P_marker	fig:heatmap-17-clausal-p-marker	3.4 Clausal complement P marker	24_sov_ng_er_b_se	sov	ng	erg-abs	balancing	sent	sov	SV	APV	100	0.78	0	0.0	0.20390230894088746	bos_eos
seed_44	3_4_clausal_P_marker	17_3_4_clausal_P_marker	fig:heatmap-17-clausal-p-marker	3.4 Clausal complement P marker	25_sov_ng_er_b_pa	sov	ng	erg-abs	balancing	poss-acc	ovs	VS	PVA	100	0.84	0	0.0	0.22957818269729613	bos_eos
seed_44	3_4_clausal_P_marker	17_3_4_clausal_P_marker	fig:heatmap-17-clausal-p-marker	3.4 Clausal complement P marker	26_sov_ng_er_b_ep	sov	ng	erg-abs	balancing	erg-poss	vos	VS	AVP	100	0.77	0	0.0	0.18714295148849489	bos_eos
seed_44	3_4_clausal_P_marker	17_3_4_clausal_P_marker	fig:heatmap-17-clausal-p-marker	3.4 Clausal complement P marker	27_sov_ng_er_b_no	sov	ng	erg-abs	balancing	nomn	ovs	VS	PVA	100	1.0	0	0.0	0.6014421916007996	bos_eos
seed_44	3_4_clausal_P_marker	17_3_4_clausal_P_marker	fig:heatmap-17-clausal-p-marker	3.4 Clausal complement P marker	28_sov_ng_er_d_se	sov	ng	erg-abs	deranking	sent	sov	SV	APV	100	0.87	0	0.0	0.24789972305297853	bos_eos
seed_44	3_4_clausal_P_marker	17_3_4_clausal_P_marker	fig:heatmap-17-clausal-p-marker	3.4 Clausal complement P marker	29_sov_ng_er_d_pa	sov	ng	erg-abs	deranking	poss-acc	ovs	VS	PVA	100	0.84	0	0.0	0.20479702949523926	bos_eos
seed_44	3_4_clausal_P_marker	17_3_4_clausal_P_marker	fig:heatmap-17-clausal-p-marker	3.4 Clausal complement P marker	30_sov_ng_er_d_ep	sov	ng	erg-abs	deranking	erg-poss	vos	VS	AVP	100	0.77	0	0.0	0.1642834997177124	bos_eos
seed_44	3_4_clausal_P_marker	17_3_4_clausal_P_marker	fig:heatmap-17-clausal-p-marker	3.4 Clausal complement P marker	31_sov_ng_er_d_no	sov	ng	erg-abs	deranking	nomn	ovs	VS	PVA	100	0.92	0	0.0	0.392793025970459	bos_eos
seed_44	3_4_clausal_P_marker	17_3_4_clausal_P_marker	fig:heatmap-17-clausal-p-marker	3.4 Clausal complement P marker	32_svo_gn_ac_b_se	svo	gn	nom-acc	balancing	sent	svo	SV	AVP	100	1.0	0	0.0	2.0113139152526855	bos_eos
seed_44	3_4_clausal_P_marker	17_3_4_clausal_P_marker	fig:heatmap-17-clausal-p-marker	3.4 Clausal complement P marker	33_svo_gn_ac_b_pa	svo	gn	nom-acc	balancing	poss-acc	svo	SV	AVP	100	1.0	0	0.0	1.9688314151763917	bos_eos
seed_44	3_4_clausal_P_marker	17_3_4_clausal_P_marker	fig:heatmap-17-clausal-p-marker	3.4 Clausal complement P marker	34_svo_gn_ac_b_ep	svo	gn	nom-acc	balancing	erg-poss	sov	SV	PVA	100	1.0	0	0.0	1.9361969089508058	bos_eos
seed_44	3_4_clausal_P_marker	17_3_4_clausal_P_marker	fig:heatmap-17-clausal-p-marker	3.4 Clausal complement P marker	35_svo_gn_ac_b_no	svo	gn	nom-acc	balancing	nomn	svo	SV	AVP	100	1.0	0	0.0	1.6655224347114563	bos_eos
seed_44	3_4_clausal_P_marker	17_3_4_clausal_P_marker	fig:heatmap-17-clausal-p-marker	3.4 Clausal complement P marker	36_svo_gn_ac_d_se	svo	gn	nom-acc	deranking	sent	svo	SV	AVP	100	1.0	0	0.0	2.104482882022858	bos_eos
seed_44	3_4_clausal_P_marker	17_3_4_clausal_P_marker	fig:heatmap-17-clausal-p-marker	3.4 Clausal complement P marker	37_svo_gn_ac_d_pa	svo	gn	nom-acc	deranking	poss-acc	svo	SV	AVP	100	1.0	0	0.0	1.8501025915145874	bos_eos
seed_44	3_4_clausal_P_marker	17_3_4_clausal_P_marker	fig:heatmap-17-clausal-p-marker	3.4 Clausal complement P marker	38_svo_gn_ac_d_ep	svo	gn	nom-acc	deranking	erg-poss	sov	SV	PVA	100	1.0	0	0.0	1.857962248325348	bos_eos
seed_44	3_4_clausal_P_marker	17_3_4_clausal_P_marker	fig:heatmap-17-clausal-p-marker	3.4 Clausal complement P marker	39_svo_gn_ac_d_no	svo	gn	nom-acc	deranking	nomn	svo	SV	AVP	100	1.0	0	0.0	1.5761792469024658	bos_eos
seed_44	3_4_clausal_P_marker	17_3_4_clausal_P_marker	fig:heatmap-17-clausal-p-marker	3.4 Clausal complement P marker	40_svo_gn_er_b_se	svo	gn	erg-abs	balancing	sent	svo	SV	AVP	100	0.99	0	0.0	1.0296473503112793	bos_eos
seed_44	3_4_clausal_P_marker	17_3_4_clausal_P_marker	fig:heatmap-17-clausal-p-marker	3.4 Clausal complement P marker	41_svo_gn_er_b_pa	svo	gn	erg-abs	balancing	poss-acc	svo	SV	AVP	100	1.0	0	0.0	0.9803749084472656	bos_eos
seed_44	3_4_clausal_P_marker	17_3_4_clausal_P_marker	fig:heatmap-17-clausal-p-marker	3.4 Clausal complement P marker	42_svo_gn_er_b_ep	svo	gn	erg-abs	balancing	erg-poss	sov	SV	PVA	100	0.99	0	0.0	0.8479833006858826	bos_eos
seed_44	3_4_clausal_P_marker	17_3_4_clausal_P_marker	fig:heatmap-17-clausal-p-marker	3.4 Clausal complement P marker	43_svo_gn_er_b_no	svo	gn	erg-abs	balancing	nomn	svo	SV	AVP	100	1.0	0	0.0	0.7655093550682068	bos_eos
seed_44	3_4_clausal_P_marker	17_3_4_clausal_P_marker	fig:heatmap-17-clausal-p-marker	3.4 Clausal complement P marker	44_svo_gn_er_d_se	svo	gn	erg-abs	deranking	sent	svo	SV	AVP	100	1.0	0	0.0	0.9537397027015686	bos_eos
seed_44	3_4_clausal_P_marker	17_3_4_clausal_P_marker	fig:heatmap-17-clausal-p-marker	3.4 Clausal complement P marker	45_svo_gn_er_d_pa	svo	gn	erg-abs	deranking	poss-acc	svo	SV	AVP	100	1.0	0	0.0	0.865486044883728	bos_eos
seed_44	3_4_clausal_P_marker	17_3_4_clausal_P_marker	fig:heatmap-17-clausal-p-marker	3.4 Clausal complement P marker	46_svo_gn_er_d_ep	svo	gn	erg-abs	deranking	erg-poss	sov	SV	PVA	100	1.0	0	0.0	0.8531530141830445	bos_eos
seed_44	3_4_clausal_P_marker	17_3_4_clausal_P_marker	fig:heatmap-17-clausal-p-marker	3.4 Clausal complement P marker	47_svo_gn_er_d_no	svo	gn	erg-abs	deranking	nomn	svo	SV	AVP	100	0.97	0	0.0	0.41614312171936035	bos_eos
seed_44	3_4_clausal_P_marker	17_3_4_clausal_P_marker	fig:heatmap-17-clausal-p-marker	3.4 Clausal complement P marker	48_svo_ng_ac_b_se	svo	ng	nom-acc	balancing	sent	svo	SV	AVP	100	1.0	0	0.0	2.0519952726364137	bos_eos
seed_44	3_4_clausal_P_marker	17_3_4_clausal_P_marker	fig:heatmap-17-clausal-p-marker	3.4 Clausal complement P marker	49_svo_ng_ac_b_pa	svo	ng	nom-acc	balancing	poss-acc	vos	VS	VPA	100	1.0	0	0.0	1.8421202659606934	bos_eos
seed_44	3_4_clausal_P_marker	17_3_4_clausal_P_marker	fig:heatmap-17-clausal-p-marker	3.4 Clausal complement P marker	50_svo_ng_ac_b_ep	svo	ng	nom-acc	balancing	erg-poss	vos	VS	VPA	100	1.0	0	0.0	2.1953990149497984	bos_eos
seed_44	3_4_clausal_P_marker	17_3_4_clausal_P_marker	fig:heatmap-17-clausal-p-marker	3.4 Clausal complement P marker	51_svo_ng_ac_b_no	svo	ng	nom-acc	balancing	nomn	vos	VS	VPA	100	1.0	0	0.0	2.087061085700989	bos_eos
seed_44	3_4_clausal_P_marker	17_3_4_clausal_P_marker	fig:heatmap-17-clausal-p-marker	3.4 Clausal complement P marker	52_svo_ng_ac_d_se	svo	ng	nom-acc	deranking	sent	svo	SV	AVP	100	1.0	0	0.0	2.040518717765808	bos_eos
seed_44	3_4_clausal_P_marker	17_3_4_clausal_P_marker	fig:heatmap-17-clausal-p-marker	3.4 Clausal complement P marker	53_svo_ng_ac_d_pa	svo	ng	nom-acc	deranking	poss-acc	vos	VS	VPA	100	1.0	0	0.0	1.7146477890014649	bos_eos
seed_44	3_4_clausal_P_marker	17_3_4_clausal_P_marker	fig:heatmap-17-clausal-p-marker	3.4 Clausal complement P marker	54_svo_ng_ac_d_ep	svo	ng	nom-acc	deranking	erg-poss	vos	VS	VPA	100	1.0	0	0.0	1.6086797285079957	bos_eos
seed_44	3_4_clausal_P_marker	17_3_4_clausal_P_marker	fig:heatmap-17-clausal-p-marker	3.4 Clausal complement P marker	55_svo_ng_ac_d_no	svo	ng	nom-acc	deranking	nomn	vos	VS	VPA	100	1.0	0	0.0	1.723828251361847	bos_eos
seed_44	3_4_clausal_P_marker	17_3_4_clausal_P_marker	fig:heatmap-17-clausal-p-marker	3.4 Clausal complement P marker	56_svo_ng_er_b_se	svo	ng	erg-abs	balancing	sent	svo	SV	AVP	100	0.98	0	0.0	0.5161247277259826	bos_eos
seed_44	3_4_clausal_P_marker	17_3_4_clausal_P_marker	fig:heatmap-17-clausal-p-marker	3.4 Clausal complement P marker	57_svo_ng_er_b_pa	svo	ng	erg-abs	balancing	poss-acc	vos	VS	VPA	100	1.0	0	0.0	0.4642327785491943	bos_eos
seed_44	3_4_clausal_P_marker	17_3_4_clausal_P_marker	fig:heatmap-17-clausal-p-marker	3.4 Clausal complement P marker	58_svo_ng_er_b_ep	svo	ng	erg-abs	balancing	erg-poss	vos	VS	VPA	100	0.98	0	0.0	0.5046940779685974	bos_eos
seed_44	3_4_clausal_P_marker	17_3_4_clausal_P_marker	fig:heatmap-17-clausal-p-marker	3.4 Clausal complement P marker	59_svo_ng_er_b_no	svo	ng	erg-abs	balancing	nomn	vos	VS	VPA	100	1.0	0	0.0	0.6625642228126526	bos_eos
seed_44	3_4_clausal_P_marker	17_3_4_clausal_P_marker	fig:heatmap-17-clausal-p-marker	3.4 Clausal complement P marker	60_svo_ng_er_d_se	svo	ng	erg-abs	deranking	sent	svo	SV	AVP	100	0.99	0	0.0	0.48404722929000854	bos_eos
seed_44	3_4_clausal_P_marker	17_3_4_clausal_P_marker	fig:heatmap-17-clausal-p-marker	3.4 Clausal complement P marker	61_svo_ng_er_d_pa	svo	ng	erg-abs	deranking	poss-acc	vos	VS	VPA	100	0.93	0	0.0	0.36319180965423586	bos_eos
seed_44	3_4_clausal_P_marker	17_3_4_clausal_P_marker	fig:heatmap-17-clausal-p-marker	3.4 Clausal complement P marker	62_svo_ng_er_d_ep	svo	ng	erg-abs	deranking	erg-poss	vos	VS	VPA	100	0.88	0	0.0	0.2025128436088562	bos_eos
seed_44	3_4_clausal_P_marker	17_3_4_clausal_P_marker	fig:heatmap-17-clausal-p-marker	3.4 Clausal complement P marker	63_svo_ng_er_d_no	svo	ng	erg-abs	deranking	nomn	vos	VS	VPA	100	1.0	0	0.0	0.4868991208076477	bos_eos
seed_44	3_4_clausal_P_marker	17_3_4_clausal_P_marker	fig:heatmap-17-clausal-p-marker	3.4 Clausal complement P marker	64_vos_gn_ac_b_se	vos	gn	nom-acc	balancing	sent	vos	VS	VPA	100	1.0	0	0.0	1.036574990749359	bos_eos
seed_44	3_4_clausal_P_marker	17_3_4_clausal_P_marker	fig:heatmap-17-clausal-p-marker	3.4 Clausal complement P marker	65_vos_gn_ac_b_pa	vos	gn	nom-acc	balancing	poss-acc	svo	SV	AVP	100	1.0	0	0.0	0.9995472598075866	bos_eos
seed_44	3_4_clausal_P_marker	17_3_4_clausal_P_marker	fig:heatmap-17-clausal-p-marker	3.4 Clausal complement P marker	66_vos_gn_ac_b_ep	vos	gn	nom-acc	balancing	erg-poss	sov	SV	PVA	100	1.0	0	0.0	0.9353796195983887	bos_eos
seed_44	3_4_clausal_P_marker	17_3_4_clausal_P_marker	fig:heatmap-17-clausal-p-marker	3.4 Clausal complement P marker	67_vos_gn_ac_b_no	vos	gn	nom-acc	balancing	nomn	svo	SV	AVP	100	1.0	0	0.0	1.329639320373535	bos_eos
seed_44	3_4_clausal_P_marker	17_3_4_clausal_P_marker	fig:heatmap-17-clausal-p-marker	3.4 Clausal complement P marker	68_vos_gn_ac_d_se	vos	gn	nom-acc	deranking	sent	vos	VS	VPA	100	1.0	0	0.0	1.0856401300430298	bos_eos
seed_44	3_4_clausal_P_marker	17_3_4_clausal_P_marker	fig:heatmap-17-clausal-p-marker	3.4 Clausal complement P marker	69_vos_gn_ac_d_pa	vos	gn	nom-acc	deranking	poss-acc	svo	SV	AVP	100	1.0	0	0.0	1.023224000930786	bos_eos
seed_44	3_4_clausal_P_marker	17_3_4_clausal_P_marker	fig:heatmap-17-clausal-p-marker	3.4 Clausal complement P marker	70_vos_gn_ac_d_ep	vos	gn	nom-acc	deranking	erg-poss	sov	SV	PVA	100	1.0	0	0.0	1.0186998796463014	bos_eos
seed_44	3_4_clausal_P_marker	17_3_4_clausal_P_marker	fig:heatmap-17-clausal-p-marker	3.4 Clausal complement P marker	71_vos_gn_ac_d_no	vos	gn	nom-acc	deranking	nomn	svo	SV	AVP	100	1.0	0	0.0	1.0479238152503967	bos_eos
seed_44	3_4_clausal_P_marker	17_3_4_clausal_P_marker	fig:heatmap-17-clausal-p-marker	3.4 Clausal complement P marker	72_vos_gn_er_b_se	vos	gn	erg-abs	balancing	sent	vos	VS	VPA	100	0.98	0	0.0	0.5066830563545227	bos_eos
seed_44	3_4_clausal_P_marker	17_3_4_clausal_P_marker	fig:heatmap-17-clausal-p-marker	3.4 Clausal complement P marker	73_vos_gn_er_b_pa	vos	gn	erg-abs	balancing	poss-acc	svo	SV	AVP	100	0.98	0	0.0	0.5480346417427063	bos_eos
seed_44	3_4_clausal_P_marker	17_3_4_clausal_P_marker	fig:heatmap-17-clausal-p-marker	3.4 Clausal complement P marker	74_vos_gn_er_b_ep	vos	gn	erg-abs	balancing	erg-poss	sov	SV	PVA	100	0.94	0	0.0	0.40902082443237303	bos_eos
seed_44	3_4_clausal_P_marker	17_3_4_clausal_P_marker	fig:heatmap-17-clausal-p-marker	3.4 Clausal complement P marker	75_vos_gn_er_b_no	vos	gn	erg-abs	balancing	nomn	svo	SV	AVP	100	1.0	0	0.0	0.5659623622894288	bos_eos
seed_44	3_4_clausal_P_marker	17_3_4_clausal_P_marker	fig:heatmap-17-clausal-p-marker	3.4 Clausal complement P marker	76_vos_gn_er_d_se	vos	gn	erg-abs	deranking	sent	vos	VS	VPA	100	1.0	0	0.0	0.5475126671791076	bos_eos
seed_44	3_4_clausal_P_marker	17_3_4_clausal_P_marker	fig:heatmap-17-clausal-p-marker	3.4 Clausal complement P marker	77_vos_gn_er_d_pa	vos	gn	erg-abs	deranking	poss-acc	svo	SV	AVP	100	0.93	0	0.0	0.3535305118560791	bos_eos
seed_44	3_4_clausal_P_marker	17_3_4_clausal_P_marker	fig:heatmap-17-clausal-p-marker	3.4 Clausal complement P marker	78_vos_gn_er_d_ep	vos	gn	erg-abs	deranking	erg-poss	sov	SV	PVA	100	0.96	0	0.0	0.4248813247680664	bos_eos
seed_44	3_4_clausal_P_marker	17_3_4_clausal_P_marker	fig:heatmap-17-clausal-p-marker	3.4 Clausal complement P marker	79_vos_gn_er_d_no	vos	gn	erg-abs	deranking	nomn	svo	SV	AVP	100	0.93	0	0.0	0.3215985035896301	bos_eos
seed_44	3_4_clausal_P_marker	17_3_4_clausal_P_marker	fig:heatmap-17-clausal-p-marker	3.4 Clausal complement P marker	80_vos_ng_ac_b_se	vos	ng	nom-acc	balancing	sent	vos	VS	VPA	100	1.0	0	0.0	1.3297217059135438	bos_eos
seed_44	3_4_clausal_P_marker	17_3_4_clausal_P_marker	fig:heatmap-17-clausal-p-marker	3.4 Clausal complement P marker	81_vos_ng_ac_b_pa	vos	ng	nom-acc	balancing	poss-acc	vos	VS	VPA	100	0.99	0	0.0	1.05782372713089	bos_eos
seed_44	3_4_clausal_P_marker	17_3_4_clausal_P_marker	fig:heatmap-17-clausal-p-marker	3.4 Clausal complement P marker	82_vos_ng_ac_b_ep	vos	ng	nom-acc	balancing	erg-poss	vos	VS	VPA	100	1.0	0	0.0	1.1003727293014527	bos_eos
seed_44	3_4_clausal_P_marker	17_3_4_clausal_P_marker	fig:heatmap-17-clausal-p-marker	3.4 Clausal complement P marker	83_vos_ng_ac_b_no	vos	ng	nom-acc	balancing	nomn	vos	VS	VPA	100	1.0	0	0.0	1.2660173130035401	bos_eos
seed_44	3_4_clausal_P_marker	17_3_4_clausal_P_marker	fig:heatmap-17-clausal-p-marker	3.4 Clausal complement P marker	84_vos_ng_ac_d_se	vos	ng	nom-acc	deranking	sent	vos	VS	VPA	100	1.0	0	0.0	1.1844116997718812	bos_eos
seed_44	3_4_clausal_P_marker	17_3_4_clausal_P_marker	fig:heatmap-17-clausal-p-marker	3.4 Clausal complement P marker	85_vos_ng_ac_d_pa	vos	ng	nom-acc	deranking	poss-acc	vos	VS	VPA	100	1.0	0	0.0	1.1521036696434022	bos_eos
seed_44	3_4_clausal_P_marker	17_3_4_clausal_P_marker	fig:heatmap-17-clausal-p-marker	3.4 Clausal complement P marker	86_vos_ng_ac_d_ep	vos	ng	nom-acc	deranking	erg-poss	vos	VS	VPA	100	1.0	0	0.0	1.041803183555603	bos_eos
seed_44	3_4_clausal_P_marker	17_3_4_clausal_P_marker	fig:heatmap-17-clausal-p-marker	3.4 Clausal complement P marker	87_vos_ng_ac_d_no	vos	ng	nom-acc	deranking	nomn	vos	VS	VPA	100	1.0	0	0.0	1.0951475143432616	bos_eos
seed_44	3_4_clausal_P_marker	17_3_4_clausal_P_marker	fig:heatmap-17-clausal-p-marker	3.4 Clausal complement P marker	88_vos_ng_er_b_se	vos	ng	erg-abs	balancing	sent	vos	VS	VPA	100	1.0	0	0.0	0.5430748867988586	bos_eos
seed_44	3_4_clausal_P_marker	17_3_4_clausal_P_marker	fig:heatmap-17-clausal-p-marker	3.4 Clausal complement P marker	89_vos_ng_er_b_pa	vos	ng	erg-abs	balancing	poss-acc	vos	VS	VPA	100	0.98	0	0.0	0.5101594233512878	bos_eos
seed_44	3_4_clausal_P_marker	17_3_4_clausal_P_marker	fig:heatmap-17-clausal-p-marker	3.4 Clausal complement P marker	90_vos_ng_er_b_ep	vos	ng	erg-abs	balancing	erg-poss	vos	VS	VPA	100	0.99	0	0.0	0.48924631118774414	bos_eos
seed_44	3_4_clausal_P_marker	17_3_4_clausal_P_marker	fig:heatmap-17-clausal-p-marker	3.4 Clausal complement P marker	91_vos_ng_er_b_no	vos	ng	erg-abs	balancing	nomn	vos	VS	VPA	100	1.0	0	0.0	0.5184290671348571	bos_eos
seed_44	3_4_clausal_P_marker	17_3_4_clausal_P_marker	fig:heatmap-17-clausal-p-marker	3.4 Clausal complement P marker	92_vos_ng_er_d_se	vos	ng	erg-abs	deranking	sent	vos	VS	VPA	100	0.98	0	0.0	0.48892418384552	bos_eos
seed_44	3_4_clausal_P_marker	17_3_4_clausal_P_marker	fig:heatmap-17-clausal-p-marker	3.4 Clausal complement P marker	93_vos_ng_er_d_pa	vos	ng	erg-abs	deranking	poss-acc	vos	VS	VPA	100	0.98	0	0.0	0.3551625394821167	bos_eos
seed_44	3_4_clausal_P_marker	17_3_4_clausal_P_marker	fig:heatmap-17-clausal-p-marker	3.4 Clausal complement P marker	94_vos_ng_er_d_ep	vos	ng	erg-abs	deranking	erg-poss	vos	VS	VPA	100	0.84	0	0.0	0.21998097896575927	bos_eos
seed_44	3_4_clausal_P_marker	17_3_4_clausal_P_marker	fig:heatmap-17-clausal-p-marker	3.4 Clausal complement P marker	95_vos_ng_er_d_no	vos	ng	erg-abs	deranking	nomn	vos	VS	VPA	100	0.91	0	0.0	0.3145954418182373	bos_eos
seed_44	3_5_clausal_comp_V_order	18_3_5_clausal_comp_V_order	fig:heatmap-18-clausal-comp-v-order	3.5 Clausal complement--V order	00_sov_gn_ac_b_se	sov	gn	nom-acc	balancing	sent	sov	SV	APV	100	1.0	0	0.0	2.1023165225982665	bos_eos
seed_44	3_5_clausal_comp_V_order	18_3_5_clausal_comp_V_order	fig:heatmap-18-clausal-comp-v-order	3.5 Clausal complement--V order	01_sov_gn_ac_b_pa	sov	gn	nom-acc	balancing	poss-acc	sov	SV	APV	100	1.0	0	0.0	2.1110571956634523	bos_eos
seed_44	3_5_clausal_comp_V_order	18_3_5_clausal_comp_V_order	fig:heatmap-18-clausal-comp-v-order	3.5 Clausal complement--V order	02_sov_gn_ac_b_ep	sov	gn	nom-acc	balancing	erg-poss	sov	SV	APV	100	1.0	0	0.0	1.7159383606910705	bos_eos
seed_44	3_5_clausal_comp_V_order	18_3_5_clausal_comp_V_order	fig:heatmap-18-clausal-comp-v-order	3.5 Clausal complement--V order	03_sov_gn_ac_b_no	sov	gn	nom-acc	balancing	nomn	sov	SV	APV	100	1.0	0	0.0	2.461207401752472	bos_eos
seed_44	3_5_clausal_comp_V_order	18_3_5_clausal_comp_V_order	fig:heatmap-18-clausal-comp-v-order	3.5 Clausal complement--V order	04_sov_gn_ac_d_se	sov	gn	nom-acc	deranking	sent	sov	SV	APV	100	1.0	0	0.0	3.183082218170166	bos_eos
seed_44	3_5_clausal_comp_V_order	18_3_5_clausal_comp_V_order	fig:heatmap-18-clausal-comp-v-order	3.5 Clausal complement--V order	05_sov_gn_ac_d_pa	sov	gn	nom-acc	deranking	poss-acc	sov	SV	APV	100	1.0	0	0.0	3.3266992020606994	bos_eos
seed_44	3_5_clausal_comp_V_order	18_3_5_clausal_comp_V_order	fig:heatmap-18-clausal-comp-v-order	3.5 Clausal complement--V order	06_sov_gn_ac_d_ep	sov	gn	nom-acc	deranking	erg-poss	sov	SV	APV	100	1.0	0	0.0	3.3501115322113035	bos_eos
seed_44	3_5_clausal_comp_V_order	18_3_5_clausal_comp_V_order	fig:heatmap-18-clausal-comp-v-order	3.5 Clausal complement--V order	07_sov_gn_ac_d_no	sov	gn	nom-acc	deranking	nomn	sov	SV	APV	100	1.0	0	0.0	3.5124986147880555	bos_eos
seed_44	3_5_clausal_comp_V_order	18_3_5_clausal_comp_V_order	fig:heatmap-18-clausal-comp-v-order	3.5 Clausal complement--V order	08_sov_gn_er_b_se	sov	gn	erg-abs	balancing	sent	sov	SV	APV	100	1.0	0	0.0	1.7711632633209229	bos_eos
seed_44	3_5_clausal_comp_V_order	18_3_5_clausal_comp_V_order	fig:heatmap-18-clausal-comp-v-order	3.5 Clausal complement--V order	09_sov_gn_er_b_pa	sov	gn	erg-abs	balancing	poss-acc	sov	SV	APV	100	1.0	0	0.0	1.7584137892723084	bos_eos
seed_44	3_5_clausal_comp_V_order	18_3_5_clausal_comp_V_order	fig:heatmap-18-clausal-comp-v-order	3.5 Clausal complement--V order	10_sov_gn_er_b_ep	sov	gn	erg-abs	balancing	erg-poss	sov	SV	APV	100	1.0	0	0.0	1.9626836729049684	bos_eos
seed_44	3_5_clausal_comp_V_order	18_3_5_clausal_comp_V_order	fig:heatmap-18-clausal-comp-v-order	3.5 Clausal complement--V order	11_sov_gn_er_b_no	sov	gn	erg-abs	balancing	nomn	sov	SV	APV	100	1.0	0	0.0	1.7862172937393188	bos_eos
seed_44	3_5_clausal_comp_V_order	18_3_5_clausal_comp_V_order	fig:heatmap-18-clausal-comp-v-order	3.5 Clausal complement--V order	12_sov_gn_er_d_se	sov	gn	erg-abs	deranking	sent	sov	SV	APV	100	1.0	0	0.0	2.9810387802124025	bos_eos
seed_44	3_5_clausal_comp_V_order	18_3_5_clausal_comp_V_order	fig:heatmap-18-clausal-comp-v-order	3.5 Clausal complement--V order	13_sov_gn_er_d_pa	sov	gn	erg-abs	deranking	poss-acc	sov	SV	APV	100	1.0	0	0.0	2.956261782646179	bos_eos
seed_44	3_5_clausal_comp_V_order	18_3_5_clausal_comp_V_order	fig:heatmap-18-clausal-comp-v-order	3.5 Clausal complement--V order	14_sov_gn_er_d_ep	sov	gn	erg-abs	deranking	erg-poss	sov	SV	APV	100	1.0	0	0.0	2.8616269755363466	bos_eos
seed_44	3_5_clausal_comp_V_order	18_3_5_clausal_comp_V_order	fig:heatmap-18-clausal-comp-v-order	3.5 Clausal complement--V order	15_sov_gn_er_d_no	sov	gn	erg-abs	deranking	nomn	sov	SV	APV	100	1.0	0	0.0	2.982073447704315	bos_eos
seed_44	3_5_clausal_comp_V_order	18_3_5_clausal_comp_V_order	fig:heatmap-18-clausal-comp-v-order	3.5 Clausal complement--V order	16_sov_ng_ac_b_se	sov	ng	nom-acc	balancing	sent	sov	SV	APV	100	1.0	0	0.0	2.2282064032554625	bos_eos
seed_44	3_5_clausal_comp_V_order	18_3_5_clausal_comp_V_order	fig:heatmap-18-clausal-comp-v-order	3.5 Clausal complement--V order	17_sov_ng_ac_b_pa	sov	ng	nom-acc	balancing	poss-acc	ovs	VS	PVA	100	1.0	0	0.0	2.004562165737152	bos_eos
seed_44	3_5_clausal_comp_V_order	18_3_5_clausal_comp_V_order	fig:heatmap-18-clausal-comp-v-order	3.5 Clausal complement--V order	18_sov_ng_ac_b_ep	sov	ng	nom-acc	balancing	erg-poss	vos	VS	AVP	100	1.0	0	0.0	1.9653369212150573	bos_eos
seed_44	3_5_clausal_comp_V_order	18_3_5_clausal_comp_V_order	fig:heatmap-18-clausal-comp-v-order	3.5 Clausal complement--V order	19_sov_ng_ac_b_no	sov	ng	nom-acc	balancing	nomn	ovs	VS	PVA	100	1.0	0	0.0	2.2841494345664977	bos_eos
seed_44	3_5_clausal_comp_V_order	18_3_5_clausal_comp_V_order	fig:heatmap-18-clausal-comp-v-order	3.5 Clausal complement--V order	20_sov_ng_ac_d_se	sov	ng	nom-acc	deranking	sent	sov	SV	APV	100	1.0	0	0.0	3.344651947021484	bos_eos
seed_44	3_5_clausal_comp_V_order	18_3_5_clausal_comp_V_order	fig:heatmap-18-clausal-comp-v-order	3.5 Clausal complement--V order	21_sov_ng_ac_d_pa	sov	ng	nom-acc	deranking	poss-acc	ovs	VS	PVA	100	1.0	0	0.0	3.0995272564888	bos_eos
seed_44	3_5_clausal_comp_V_order	18_3_5_clausal_comp_V_order	fig:heatmap-18-clausal-comp-v-order	3.5 Clausal complement--V order	22_sov_ng_ac_d_ep	sov	ng	nom-acc	deranking	erg-poss	vos	VS	AVP	100	1.0	0	0.0	3.3104953718185426	bos_eos
seed_44	3_5_clausal_comp_V_order	18_3_5_clausal_comp_V_order	fig:heatmap-18-clausal-comp-v-order	3.5 Clausal complement--V order	23_sov_ng_ac_d_no	sov	ng	nom-acc	deranking	nomn	ovs	VS	PVA	100	1.0	0	0.0	3.5358740377426146	bos_eos
seed_44	3_5_clausal_comp_V_order	18_3_5_clausal_comp_V_order	fig:heatmap-18-clausal-comp-v-order	3.5 Clausal complement--V order	24_sov_ng_er_b_se	sov	ng	erg-abs	balancing	sent	sov	SV	APV	100	1.0	0	0.0	1.6685136079788208	bos_eos
seed_44	3_5_clausal_comp_V_order	18_3_5_clausal_comp_V_order	fig:heatmap-18-clausal-comp-v-order	3.5 Clausal complement--V order	25_sov_ng_er_b_pa	sov	ng	erg-abs	balancing	poss-acc	ovs	VS	PVA	100	1.0	0	0.0	1.8037246870994568	bos_eos
seed_44	3_5_clausal_comp_V_order	18_3_5_clausal_comp_V_order	fig:heatmap-18-clausal-comp-v-order	3.5 Clausal complement--V order	26_sov_ng_er_b_ep	sov	ng	erg-abs	balancing	erg-poss	vos	VS	AVP	100	1.0	0	0.0	1.8588847923278808	bos_eos
seed_44	3_5_clausal_comp_V_order	18_3_5_clausal_comp_V_order	fig:heatmap-18-clausal-comp-v-order	3.5 Clausal complement--V order	27_sov_ng_er_b_no	sov	ng	erg-abs	balancing	nomn	ovs	VS	PVA	100	1.0	0	0.0	1.7612623977661133	bos_eos
seed_44	3_5_clausal_comp_V_order	18_3_5_clausal_comp_V_order	fig:heatmap-18-clausal-comp-v-order	3.5 Clausal complement--V order	28_sov_ng_er_d_se	sov	ng	erg-abs	deranking	sent	sov	SV	APV	100	1.0	0	0.0	3.117534954547882	bos_eos
seed_44	3_5_clausal_comp_V_order	18_3_5_clausal_comp_V_order	fig:heatmap-18-clausal-comp-v-order	3.5 Clausal complement--V order	29_sov_ng_er_d_pa	sov	ng	erg-abs	deranking	poss-acc	ovs	VS	PVA	100	1.0	0	0.0	2.8021113777160647	bos_eos
seed_44	3_5_clausal_comp_V_order	18_3_5_clausal_comp_V_order	fig:heatmap-18-clausal-comp-v-order	3.5 Clausal complement--V order	30_sov_ng_er_d_ep	sov	ng	erg-abs	deranking	erg-poss	vos	VS	AVP	100	1.0	0	0.0	2.944959268569946	bos_eos
seed_44	3_5_clausal_comp_V_order	18_3_5_clausal_comp_V_order	fig:heatmap-18-clausal-comp-v-order	3.5 Clausal complement--V order	31_sov_ng_er_d_no	sov	ng	erg-abs	deranking	nomn	ovs	VS	PVA	100	1.0	0	0.0	3.072485189437866	bos_eos
seed_44	3_5_clausal_comp_V_order	18_3_5_clausal_comp_V_order	fig:heatmap-18-clausal-comp-v-order	3.5 Clausal complement--V order	32_svo_gn_ac_b_se	svo	gn	nom-acc	balancing	sent	svo	SV	AVP	100	1.0	0	0.0	3.0343757104873657	bos_eos
seed_44	3_5_clausal_comp_V_order	18_3_5_clausal_comp_V_order	fig:heatmap-18-clausal-comp-v-order	3.5 Clausal complement--V order	33_svo_gn_ac_b_pa	svo	gn	nom-acc	balancing	poss-acc	svo	SV	AVP	100	1.0	0	0.0	3.0027471375465393	bos_eos
seed_44	3_5_clausal_comp_V_order	18_3_5_clausal_comp_V_order	fig:heatmap-18-clausal-comp-v-order	3.5 Clausal complement--V order	34_svo_gn_ac_b_ep	svo	gn	nom-acc	balancing	erg-poss	sov	SV	PVA	100	1.0	0	0.0	3.318844792842865	bos_eos
seed_44	3_5_clausal_comp_V_order	18_3_5_clausal_comp_V_order	fig:heatmap-18-clausal-comp-v-order	3.5 Clausal complement--V order	35_svo_gn_ac_b_no	svo	gn	nom-acc	balancing	nomn	svo	SV	AVP	100	1.0	0	0.0	3.0924410796165467	bos_eos
seed_44	3_5_clausal_comp_V_order	18_3_5_clausal_comp_V_order	fig:heatmap-18-clausal-comp-v-order	3.5 Clausal complement--V order	36_svo_gn_ac_d_se	svo	gn	nom-acc	deranking	sent	svo	SV	AVP	100	1.0	0	0.0	2.9765086507797243	bos_eos
seed_44	3_5_clausal_comp_V_order	18_3_5_clausal_comp_V_order	fig:heatmap-18-clausal-comp-v-order	3.5 Clausal complement--V order	37_svo_gn_ac_d_pa	svo	gn	nom-acc	deranking	poss-acc	svo	SV	AVP	100	1.0	0	0.0	3.1509081530570984	bos_eos
seed_44	3_5_clausal_comp_V_order	18_3_5_clausal_comp_V_order	fig:heatmap-18-clausal-comp-v-order	3.5 Clausal complement--V order	38_svo_gn_ac_d_ep	svo	gn	nom-acc	deranking	erg-poss	sov	SV	PVA	100	1.0	0	0.0	3.4424557375907896	bos_eos
seed_44	3_5_clausal_comp_V_order	18_3_5_clausal_comp_V_order	fig:heatmap-18-clausal-comp-v-order	3.5 Clausal complement--V order	39_svo_gn_ac_d_no	svo	gn	nom-acc	deranking	nomn	svo	SV	AVP	100	1.0	0	0.0	3.3161481070518493	bos_eos
seed_44	3_5_clausal_comp_V_order	18_3_5_clausal_comp_V_order	fig:heatmap-18-clausal-comp-v-order	3.5 Clausal complement--V order	40_svo_gn_er_b_se	svo	gn	erg-abs	balancing	sent	svo	SV	AVP	100	1.0	0	0.0	2.394864327907562	bos_eos
seed_44	3_5_clausal_comp_V_order	18_3_5_clausal_comp_V_order	fig:heatmap-18-clausal-comp-v-order	3.5 Clausal complement--V order	41_svo_gn_er_b_pa	svo	gn	erg-abs	balancing	poss-acc	svo	SV	AVP	100	1.0	0	0.0	2.5026786875724794	bos_eos
seed_44	3_5_clausal_comp_V_order	18_3_5_clausal_comp_V_order	fig:heatmap-18-clausal-comp-v-order	3.5 Clausal complement--V order	42_svo_gn_er_b_ep	svo	gn	erg-abs	balancing	erg-poss	sov	SV	PVA	100	1.0	0	0.0	2.6543234515190126	bos_eos
seed_44	3_5_clausal_comp_V_order	18_3_5_clausal_comp_V_order	fig:heatmap-18-clausal-comp-v-order	3.5 Clausal complement--V order	43_svo_gn_er_b_no	svo	gn	erg-abs	balancing	nomn	svo	SV	AVP	100	1.0	0	0.0	2.5471460151672365	bos_eos
seed_44	3_5_clausal_comp_V_order	18_3_5_clausal_comp_V_order	fig:heatmap-18-clausal-comp-v-order	3.5 Clausal complement--V order	44_svo_gn_er_d_se	svo	gn	erg-abs	deranking	sent	svo	SV	AVP	100	1.0	0	0.0	3.103617374897003	bos_eos
seed_44	3_5_clausal_comp_V_order	18_3_5_clausal_comp_V_order	fig:heatmap-18-clausal-comp-v-order	3.5 Clausal complement--V order	45_svo_gn_er_d_pa	svo	gn	erg-abs	deranking	poss-acc	svo	SV	AVP	100	1.0	0	0.0	2.882662782669067	bos_eos
seed_44	3_5_clausal_comp_V_order	18_3_5_clausal_comp_V_order	fig:heatmap-18-clausal-comp-v-order	3.5 Clausal complement--V order	46_svo_gn_er_d_ep	svo	gn	erg-abs	deranking	erg-poss	sov	SV	PVA	100	1.0	0	0.0	3.2052356481552122	bos_eos
seed_44	3_5_clausal_comp_V_order	18_3_5_clausal_comp_V_order	fig:heatmap-18-clausal-comp-v-order	3.5 Clausal complement--V order	47_svo_gn_er_d_no	svo	gn	erg-abs	deranking	nomn	svo	SV	AVP	100	1.0	0	0.0	2.847238836288452	bos_eos
seed_44	3_5_clausal_comp_V_order	18_3_5_clausal_comp_V_order	fig:heatmap-18-clausal-comp-v-order	3.5 Clausal complement--V order	48_svo_ng_ac_b_se	svo	ng	nom-acc	balancing	sent	svo	SV	AVP	100	1.0	0	0.0	2.947848906517029	bos_eos
seed_44	3_5_clausal_comp_V_order	18_3_5_clausal_comp_V_order	fig:heatmap-18-clausal-comp-v-order	3.5 Clausal complement--V order	49_svo_ng_ac_b_pa	svo	ng	nom-acc	balancing	poss-acc	vos	VS	VPA	100	1.0	0	0.0	2.8761621642112734	bos_eos
seed_44	3_5_clausal_comp_V_order	18_3_5_clausal_comp_V_order	fig:heatmap-18-clausal-comp-v-order	3.5 Clausal complement--V order	50_svo_ng_ac_b_ep	svo	ng	nom-acc	balancing	erg-poss	vos	VS	VPA	100	1.0	0	0.0	3.0732402181625367	bos_eos
seed_44	3_5_clausal_comp_V_order	18_3_5_clausal_comp_V_order	fig:heatmap-18-clausal-comp-v-order	3.5 Clausal complement--V order	51_svo_ng_ac_b_no	svo	ng	nom-acc	balancing	nomn	vos	VS	VPA	100	1.0	0	0.0	3.076563289165497	bos_eos
seed_44	3_5_clausal_comp_V_order	18_3_5_clausal_comp_V_order	fig:heatmap-18-clausal-comp-v-order	3.5 Clausal complement--V order	52_svo_ng_ac_d_se	svo	ng	nom-acc	deranking	sent	svo	SV	AVP	100	1.0	0	0.0	3.0180510663986206	bos_eos
seed_44	3_5_clausal_comp_V_order	18_3_5_clausal_comp_V_order	fig:heatmap-18-clausal-comp-v-order	3.5 Clausal complement--V order	53_svo_ng_ac_d_pa	svo	ng	nom-acc	deranking	poss-acc	vos	VS	VPA	100	1.0	0	0.0	3.0757472777366637	bos_eos
seed_44	3_5_clausal_comp_V_order	18_3_5_clausal_comp_V_order	fig:heatmap-18-clausal-comp-v-order	3.5 Clausal complement--V order	54_svo_ng_ac_d_ep	svo	ng	nom-acc	deranking	erg-poss	vos	VS	VPA	100	1.0	0	0.0	3.0681275081634523	bos_eos
seed_44	3_5_clausal_comp_V_order	18_3_5_clausal_comp_V_order	fig:heatmap-18-clausal-comp-v-order	3.5 Clausal complement--V order	55_svo_ng_ac_d_no	svo	ng	nom-acc	deranking	nomn	vos	VS	VPA	100	1.0	0	0.0	3.181879105567932	bos_eos
seed_44	3_5_clausal_comp_V_order	18_3_5_clausal_comp_V_order	fig:heatmap-18-clausal-comp-v-order	3.5 Clausal complement--V order	56_svo_ng_er_b_se	svo	ng	erg-abs	balancing	sent	svo	SV	AVP	100	1.0	0	0.0	2.4520874404907227	bos_eos
seed_44	3_5_clausal_comp_V_order	18_3_5_clausal_comp_V_order	fig:heatmap-18-clausal-comp-v-order	3.5 Clausal complement--V order	57_svo_ng_er_b_pa	svo	ng	erg-abs	balancing	poss-acc	vos	VS	VPA	100	1.0	0	0.0	2.508500967025757	bos_eos
seed_44	3_5_clausal_comp_V_order	18_3_5_clausal_comp_V_order	fig:heatmap-18-clausal-comp-v-order	3.5 Clausal complement--V order	58_svo_ng_er_b_ep	svo	ng	erg-abs	balancing	erg-poss	vos	VS	VPA	100	1.0	0	0.0	2.4200535202026368	bos_eos
seed_44	3_5_clausal_comp_V_order	18_3_5_clausal_comp_V_order	fig:heatmap-18-clausal-comp-v-order	3.5 Clausal complement--V order	59_svo_ng_er_b_no	svo	ng	erg-abs	balancing	nomn	vos	VS	VPA	100	1.0	0	0.0	2.4696925497055053	bos_eos
seed_44	3_5_clausal_comp_V_order	18_3_5_clausal_comp_V_order	fig:heatmap-18-clausal-comp-v-order	3.5 Clausal complement--V order	60_svo_ng_er_d_se	svo	ng	erg-abs	deranking	sent	svo	SV	AVP	100	1.0	0	0.0	2.7760871410369874	bos_eos
seed_44	3_5_clausal_comp_V_order	18_3_5_clausal_comp_V_order	fig:heatmap-18-clausal-comp-v-order	3.5 Clausal complement--V order	61_svo_ng_er_d_pa	svo	ng	erg-abs	deranking	poss-acc	vos	VS	VPA	100	1.0	0	0.0	2.6673775839805605	bos_eos
seed_44	3_5_clausal_comp_V_order	18_3_5_clausal_comp_V_order	fig:heatmap-18-clausal-comp-v-order	3.5 Clausal complement--V order	62_svo_ng_er_d_ep	svo	ng	erg-abs	deranking	erg-poss	vos	VS	VPA	100	1.0	0	0.0	2.715975365638733	bos_eos
seed_44	3_5_clausal_comp_V_order	18_3_5_clausal_comp_V_order	fig:heatmap-18-clausal-comp-v-order	3.5 Clausal complement--V order	63_svo_ng_er_d_no	svo	ng	erg-abs	deranking	nomn	vos	VS	VPA	100	1.0	0	0.0	3.0299590826034546	bos_eos
seed_44	3_5_clausal_comp_V_order	18_3_5_clausal_comp_V_order	fig:heatmap-18-clausal-comp-v-order	3.5 Clausal complement--V order	64_vos_gn_ac_b_se	vos	gn	nom-acc	balancing	sent	vos	VS	VPA	100	1.0	0	0.0	4.865494225025177	bos_eos
seed_44	3_5_clausal_comp_V_order	18_3_5_clausal_comp_V_order	fig:heatmap-18-clausal-comp-v-order	3.5 Clausal complement--V order	65_vos_gn_ac_b_pa	vos	gn	nom-acc	balancing	poss-acc	svo	SV	AVP	100	1.0	0	0.0	4.692280716896057	bos_eos
seed_44	3_5_clausal_comp_V_order	18_3_5_clausal_comp_V_order	fig:heatmap-18-clausal-comp-v-order	3.5 Clausal complement--V order	66_vos_gn_ac_b_ep	vos	gn	nom-acc	balancing	erg-poss	sov	SV	PVA	100	1.0	0	0.0	4.843890645503998	bos_eos
seed_44	3_5_clausal_comp_V_order	18_3_5_clausal_comp_V_order	fig:heatmap-18-clausal-comp-v-order	3.5 Clausal complement--V order	67_vos_gn_ac_b_no	vos	gn	nom-acc	balancing	nomn	svo	SV	AVP	100	1.0	0	0.0	4.675591294765472	bos_eos
seed_44	3_5_clausal_comp_V_order	18_3_5_clausal_comp_V_order	fig:heatmap-18-clausal-comp-v-order	3.5 Clausal complement--V order	68_vos_gn_ac_d_se	vos	gn	nom-acc	deranking	sent	vos	VS	VPA	100	1.0	0	0.0	5.302912514209748	bos_eos
seed_44	3_5_clausal_comp_V_order	18_3_5_clausal_comp_V_order	fig:heatmap-18-clausal-comp-v-order	3.5 Clausal complement--V order	69_vos_gn_ac_d_pa	vos	gn	nom-acc	deranking	poss-acc	svo	SV	AVP	100	1.0	0	0.0	5.318544170856476	bos_eos
seed_44	3_5_clausal_comp_V_order	18_3_5_clausal_comp_V_order	fig:heatmap-18-clausal-comp-v-order	3.5 Clausal complement--V order	70_vos_gn_ac_d_ep	vos	gn	nom-acc	deranking	erg-poss	sov	SV	PVA	100	1.0	0	0.0	5.37593266248703	bos_eos
seed_44	3_5_clausal_comp_V_order	18_3_5_clausal_comp_V_order	fig:heatmap-18-clausal-comp-v-order	3.5 Clausal complement--V order	71_vos_gn_ac_d_no	vos	gn	nom-acc	deranking	nomn	svo	SV	AVP	100	1.0	0	0.0	5.066130528450012	bos_eos
seed_44	3_5_clausal_comp_V_order	18_3_5_clausal_comp_V_order	fig:heatmap-18-clausal-comp-v-order	3.5 Clausal complement--V order	72_vos_gn_er_b_se	vos	gn	erg-abs	balancing	sent	vos	VS	VPA	100	1.0	0	0.0	4.521637976169586	bos_eos
seed_44	3_5_clausal_comp_V_order	18_3_5_clausal_comp_V_order	fig:heatmap-18-clausal-comp-v-order	3.5 Clausal complement--V order	73_vos_gn_er_b_pa	vos	gn	erg-abs	balancing	poss-acc	svo	SV	AVP	100	1.0	0	0.0	4.449974954128265	bos_eos
seed_44	3_5_clausal_comp_V_order	18_3_5_clausal_comp_V_order	fig:heatmap-18-clausal-comp-v-order	3.5 Clausal complement--V order	74_vos_gn_er_b_ep	vos	gn	erg-abs	balancing	erg-poss	sov	SV	PVA	100	1.0	0	0.0	4.390605978965759	bos_eos
seed_44	3_5_clausal_comp_V_order	18_3_5_clausal_comp_V_order	fig:heatmap-18-clausal-comp-v-order	3.5 Clausal complement--V order	75_vos_gn_er_b_no	vos	gn	erg-abs	balancing	nomn	svo	SV	AVP	100	1.0	0	0.0	4.57568971157074	bos_eos
seed_44	3_5_clausal_comp_V_order	18_3_5_clausal_comp_V_order	fig:heatmap-18-clausal-comp-v-order	3.5 Clausal complement--V order	76_vos_gn_er_d_se	vos	gn	erg-abs	deranking	sent	vos	VS	VPA	100	1.0	0	0.0	5.042106111049652	bos_eos
seed_44	3_5_clausal_comp_V_order	18_3_5_clausal_comp_V_order	fig:heatmap-18-clausal-comp-v-order	3.5 Clausal complement--V order	77_vos_gn_er_d_pa	vos	gn	erg-abs	deranking	poss-acc	svo	SV	AVP	100	1.0	0	0.0	4.944453527927399	bos_eos
seed_44	3_5_clausal_comp_V_order	18_3_5_clausal_comp_V_order	fig:heatmap-18-clausal-comp-v-order	3.5 Clausal complement--V order	78_vos_gn_er_d_ep	vos	gn	erg-abs	deranking	erg-poss	sov	SV	PVA	100	1.0	0	0.0	5.094685287475586	bos_eos
seed_44	3_5_clausal_comp_V_order	18_3_5_clausal_comp_V_order	fig:heatmap-18-clausal-comp-v-order	3.5 Clausal complement--V order	79_vos_gn_er_d_no	vos	gn	erg-abs	deranking	nomn	svo	SV	AVP	100	1.0	0	0.0	4.934862501621247	bos_eos
seed_44	3_5_clausal_comp_V_order	18_3_5_clausal_comp_V_order	fig:heatmap-18-clausal-comp-v-order	3.5 Clausal complement--V order	80_vos_ng_ac_b_se	vos	ng	nom-acc	balancing	sent	vos	VS	VPA	100	1.0	0	0.0	4.773233125209808	bos_eos
seed_44	3_5_clausal_comp_V_order	18_3_5_clausal_comp_V_order	fig:heatmap-18-clausal-comp-v-order	3.5 Clausal complement--V order	81_vos_ng_ac_b_pa	vos	ng	nom-acc	balancing	poss-acc	vos	VS	VPA	100	1.0	0	0.0	4.692412455081939	bos_eos
seed_44	3_5_clausal_comp_V_order	18_3_5_clausal_comp_V_order	fig:heatmap-18-clausal-comp-v-order	3.5 Clausal complement--V order	82_vos_ng_ac_b_ep	vos	ng	nom-acc	balancing	erg-poss	vos	VS	VPA	100	1.0	0	0.0	4.659398856163025	bos_eos
seed_44	3_5_clausal_comp_V_order	18_3_5_clausal_comp_V_order	fig:heatmap-18-clausal-comp-v-order	3.5 Clausal complement--V order	83_vos_ng_ac_b_no	vos	ng	nom-acc	balancing	nomn	vos	VS	VPA	100	1.0	0	0.0	4.790705435276031	bos_eos
seed_44	3_5_clausal_comp_V_order	18_3_5_clausal_comp_V_order	fig:heatmap-18-clausal-comp-v-order	3.5 Clausal complement--V order	84_vos_ng_ac_d_se	vos	ng	nom-acc	deranking	sent	vos	VS	VPA	100	1.0	0	0.0	5.448355708122254	bos_eos
seed_44	3_5_clausal_comp_V_order	18_3_5_clausal_comp_V_order	fig:heatmap-18-clausal-comp-v-order	3.5 Clausal complement--V order	85_vos_ng_ac_d_pa	vos	ng	nom-acc	deranking	poss-acc	vos	VS	VPA	100	1.0	0	0.0	5.5076072406768795	bos_eos
seed_44	3_5_clausal_comp_V_order	18_3_5_clausal_comp_V_order	fig:heatmap-18-clausal-comp-v-order	3.5 Clausal complement--V order	86_vos_ng_ac_d_ep	vos	ng	nom-acc	deranking	erg-poss	vos	VS	VPA	100	1.0	0	0.0	5.4268356442451475	bos_eos
seed_44	3_5_clausal_comp_V_order	18_3_5_clausal_comp_V_order	fig:heatmap-18-clausal-comp-v-order	3.5 Clausal complement--V order	87_vos_ng_ac_d_no	vos	ng	nom-acc	deranking	nomn	vos	VS	VPA	100	1.0	0	0.0	5.323638741970062	bos_eos
seed_44	3_5_clausal_comp_V_order	18_3_5_clausal_comp_V_order	fig:heatmap-18-clausal-comp-v-order	3.5 Clausal complement--V order	88_vos_ng_er_b_se	vos	ng	erg-abs	balancing	sent	vos	VS	VPA	100	1.0	0	0.0	4.200179333686829	bos_eos
seed_44	3_5_clausal_comp_V_order	18_3_5_clausal_comp_V_order	fig:heatmap-18-clausal-comp-v-order	3.5 Clausal complement--V order	89_vos_ng_er_b_pa	vos	ng	erg-abs	balancing	poss-acc	vos	VS	VPA	100	1.0	0	0.0	4.291991925239563	bos_eos
seed_44	3_5_clausal_comp_V_order	18_3_5_clausal_comp_V_order	fig:heatmap-18-clausal-comp-v-order	3.5 Clausal complement--V order	90_vos_ng_er_b_ep	vos	ng	erg-abs	balancing	erg-poss	vos	VS	VPA	100	1.0	0	0.0	4.253279185295105	bos_eos
seed_44	3_5_clausal_comp_V_order	18_3_5_clausal_comp_V_order	fig:heatmap-18-clausal-comp-v-order	3.5 Clausal complement--V order	91_vos_ng_er_b_no	vos	ng	erg-abs	balancing	nomn	vos	VS	VPA	100	1.0	0	0.0	4.306384565830231	bos_eos
seed_44	3_5_clausal_comp_V_order	18_3_5_clausal_comp_V_order	fig:heatmap-18-clausal-comp-v-order	3.5 Clausal complement--V order	92_vos_ng_er_d_se	vos	ng	erg-abs	deranking	sent	vos	VS	VPA	100	1.0	0	0.0	4.935770654678345	bos_eos
seed_44	3_5_clausal_comp_V_order	18_3_5_clausal_comp_V_order	fig:heatmap-18-clausal-comp-v-order	3.5 Clausal complement--V order	93_vos_ng_er_d_pa	vos	ng	erg-abs	deranking	poss-acc	vos	VS	VPA	100	1.0	0	0.0	5.187888975143433	bos_eos
seed_44	3_5_clausal_comp_V_order	18_3_5_clausal_comp_V_order	fig:heatmap-18-clausal-comp-v-order	3.5 Clausal complement--V order	94_vos_ng_er_d_ep	vos	ng	erg-abs	deranking	erg-poss	vos	VS	VPA	100	1.0	0	0.0	4.989608154296875	bos_eos
seed_44	3_5_clausal_comp_V_order	18_3_5_clausal_comp_V_order	fig:heatmap-18-clausal-comp-v-order	3.5 Clausal complement--V order	95_vos_ng_er_d_no	vos	ng	erg-abs	deranking	nomn	vos	VS	VPA	100	1.0	0	0.0	4.98559716463089	bos_eos
seed_44	3_6_clausal_CV_valency	19_3_6_clausal_CV_valency	fig:heatmap-19-clausal-cv-valency	3.6 Clausal complement CV valency	00_sov_gn_ac_b_se	sov	gn	nom-acc	balancing	sent	sov	SV	APV	100	0.78	0	0.0	0.5588337063789368	bos_eos
seed_44	3_6_clausal_CV_valency	19_3_6_clausal_CV_valency	fig:heatmap-19-clausal-cv-valency	3.6 Clausal complement CV valency	01_sov_gn_ac_b_pa	sov	gn	nom-acc	balancing	poss-acc	sov	SV	APV	100	0.75	0	0.0	0.5681560802459716	bos_eos
seed_44	3_6_clausal_CV_valency	19_3_6_clausal_CV_valency	fig:heatmap-19-clausal-cv-valency	3.6 Clausal complement CV valency	02_sov_gn_ac_b_ep	sov	gn	nom-acc	balancing	erg-poss	sov	SV	APV	100	0.73	0	0.0	0.545513186454773	bos_eos
seed_44	3_6_clausal_CV_valency	19_3_6_clausal_CV_valency	fig:heatmap-19-clausal-cv-valency	3.6 Clausal complement CV valency	03_sov_gn_ac_b_no	sov	gn	nom-acc	balancing	nomn	sov	SV	APV	100	0.75	0	0.0	0.5802196717262268	bos_eos
seed_44	3_6_clausal_CV_valency	19_3_6_clausal_CV_valency	fig:heatmap-19-clausal-cv-valency	3.6 Clausal complement CV valency	04_sov_gn_ac_d_se	sov	gn	nom-acc	deranking	sent	sov	SV	APV	100	0.76	0	0.0	0.49712864637374876	bos_eos
seed_44	3_6_clausal_CV_valency	19_3_6_clausal_CV_valency	fig:heatmap-19-clausal-cv-valency	3.6 Clausal complement CV valency	05_sov_gn_ac_d_pa	sov	gn	nom-acc	deranking	poss-acc	sov	SV	APV	100	0.75	0	0.0	0.5210369443893432	bos_eos
seed_44	3_6_clausal_CV_valency	19_3_6_clausal_CV_valency	fig:heatmap-19-clausal-cv-valency	3.6 Clausal complement CV valency	06_sov_gn_ac_d_ep	sov	gn	nom-acc	deranking	erg-poss	sov	SV	APV	100	0.74	0	0.0	0.5370343899726868	bos_eos
seed_44	3_6_clausal_CV_valency	19_3_6_clausal_CV_valency	fig:heatmap-19-clausal-cv-valency	3.6 Clausal complement CV valency	07_sov_gn_ac_d_no	sov	gn	nom-acc	deranking	nomn	sov	SV	APV	100	0.78	0	0.0	0.5163599824905396	bos_eos
seed_44	3_6_clausal_CV_valency	19_3_6_clausal_CV_valency	fig:heatmap-19-clausal-cv-valency	3.6 Clausal complement CV valency	08_sov_gn_er_b_se	sov	gn	erg-abs	balancing	sent	sov	SV	APV	100	0.79	0	0.0	0.4449334979057312	bos_eos
seed_44	3_6_clausal_CV_valency	19_3_6_clausal_CV_valency	fig:heatmap-19-clausal-cv-valency	3.6 Clausal complement CV valency	09_sov_gn_er_b_pa	sov	gn	erg-abs	balancing	poss-acc	sov	SV	APV	100	0.77	0	0.0	0.4473165655136108	bos_eos
seed_44	3_6_clausal_CV_valency	19_3_6_clausal_CV_valency	fig:heatmap-19-clausal-cv-valency	3.6 Clausal complement CV valency	10_sov_gn_er_b_ep	sov	gn	erg-abs	balancing	erg-poss	sov	SV	APV	100	0.78	0	0.0	0.4754694986343384	bos_eos
seed_44	3_6_clausal_CV_valency	19_3_6_clausal_CV_valency	fig:heatmap-19-clausal-cv-valency	3.6 Clausal complement CV valency	11_sov_gn_er_b_no	sov	gn	erg-abs	balancing	nomn	sov	SV	APV	100	0.78	0	0.0	0.4517211389541626	bos_eos
seed_44	3_6_clausal_CV_valency	19_3_6_clausal_CV_valency	fig:heatmap-19-clausal-cv-valency	3.6 Clausal complement CV valency	12_sov_gn_er_d_se	sov	gn	erg-abs	deranking	sent	sov	SV	APV	100	0.77	0	0.0	0.4150940632820129	bos_eos
seed_44	3_6_clausal_CV_valency	19_3_6_clausal_CV_valency	fig:heatmap-19-clausal-cv-valency	3.6 Clausal complement CV valency	13_sov_gn_er_d_pa	sov	gn	erg-abs	deranking	poss-acc	sov	SV	APV	100	0.78	0	0.0	0.4157781958580017	bos_eos
seed_44	3_6_clausal_CV_valency	19_3_6_clausal_CV_valency	fig:heatmap-19-clausal-cv-valency	3.6 Clausal complement CV valency	14_sov_gn_er_d_ep	sov	gn	erg-abs	deranking	erg-poss	sov	SV	APV	100	0.8	0	0.0	0.43020531892776487	bos_eos
seed_44	3_6_clausal_CV_valency	19_3_6_clausal_CV_valency	fig:heatmap-19-clausal-cv-valency	3.6 Clausal complement CV valency	15_sov_gn_er_d_no	sov	gn	erg-abs	deranking	nomn	sov	SV	APV	100	0.81	0	0.0	0.42500734329223633	bos_eos
seed_44	3_6_clausal_CV_valency	19_3_6_clausal_CV_valency	fig:heatmap-19-clausal-cv-valency	3.6 Clausal complement CV valency	16_sov_ng_ac_b_se	sov	ng	nom-acc	balancing	sent	sov	SV	APV	100	0.76	0	0.0	0.5519998455047608	bos_eos
seed_44	3_6_clausal_CV_valency	19_3_6_clausal_CV_valency	fig:heatmap-19-clausal-cv-valency	3.6 Clausal complement CV valency	17_sov_ng_ac_b_pa	sov	ng	nom-acc	balancing	poss-acc	ovs	VS	PVA	100	0.8	0	0.0	0.5418408942222596	bos_eos
seed_44	3_6_clausal_CV_valency	19_3_6_clausal_CV_valency	fig:heatmap-19-clausal-cv-valency	3.6 Clausal complement CV valency	18_sov_ng_ac_b_ep	sov	ng	nom-acc	balancing	erg-poss	vos	VS	AVP	100	0.78	0	0.0	0.5594250869750976	bos_eos
seed_44	3_6_clausal_CV_valency	19_3_6_clausal_CV_valency	fig:heatmap-19-clausal-cv-valency	3.6 Clausal complement CV valency	19_sov_ng_ac_b_no	sov	ng	nom-acc	balancing	nomn	ovs	VS	PVA	100	0.74	0	0.0	0.5368262124061585	bos_eos
seed_44	3_6_clausal_CV_valency	19_3_6_clausal_CV_valency	fig:heatmap-19-clausal-cv-valency	3.6 Clausal complement CV valency	20_sov_ng_ac_d_se	sov	ng	nom-acc	deranking	sent	sov	SV	APV	100	0.77	0	0.0	0.5134436130523682	bos_eos
seed_44	3_6_clausal_CV_valency	19_3_6_clausal_CV_valency	fig:heatmap-19-clausal-cv-valency	3.6 Clausal complement CV valency	21_sov_ng_ac_d_pa	sov	ng	nom-acc	deranking	poss-acc	ovs	VS	PVA	100	0.77	0	0.0	0.5268814563751221	bos_eos
seed_44	3_6_clausal_CV_valency	19_3_6_clausal_CV_valency	fig:heatmap-19-clausal-cv-valency	3.6 Clausal complement CV valency	22_sov_ng_ac_d_ep	sov	ng	nom-acc	deranking	erg-poss	vos	VS	AVP	100	0.76	0	0.0	0.5069158601760865	bos_eos
seed_44	3_6_clausal_CV_valency	19_3_6_clausal_CV_valency	fig:heatmap-19-clausal-cv-valency	3.6 Clausal complement CV valency	23_sov_ng_ac_d_no	sov	ng	nom-acc	deranking	nomn	ovs	VS	PVA	100	0.77	0	0.0	0.5226167035102844	bos_eos
seed_44	3_6_clausal_CV_valency	19_3_6_clausal_CV_valency	fig:heatmap-19-clausal-cv-valency	3.6 Clausal complement CV valency	24_sov_ng_er_b_se	sov	ng	erg-abs	balancing	sent	sov	SV	APV	100	0.77	0	0.0	0.46278963804244994	bos_eos
seed_44	3_6_clausal_CV_valency	19_3_6_clausal_CV_valency	fig:heatmap-19-clausal-cv-valency	3.6 Clausal complement CV valency	25_sov_ng_er_b_pa	sov	ng	erg-abs	balancing	poss-acc	ovs	VS	PVA	100	0.8	0	0.0	0.44622395038604734	bos_eos
seed_44	3_6_clausal_CV_valency	19_3_6_clausal_CV_valency	fig:heatmap-19-clausal-cv-valency	3.6 Clausal complement CV valency	26_sov_ng_er_b_ep	sov	ng	erg-abs	balancing	erg-poss	vos	VS	AVP	100	0.79	0	0.0	0.49017051219940183	bos_eos
seed_44	3_6_clausal_CV_valency	19_3_6_clausal_CV_valency	fig:heatmap-19-clausal-cv-valency	3.6 Clausal complement CV valency	27_sov_ng_er_b_no	sov	ng	erg-abs	balancing	nomn	ovs	VS	PVA	100	0.75	0	0.0	0.4593190050125122	bos_eos
seed_44	3_6_clausal_CV_valency	19_3_6_clausal_CV_valency	fig:heatmap-19-clausal-cv-valency	3.6 Clausal complement CV valency	28_sov_ng_er_d_se	sov	ng	erg-abs	deranking	sent	sov	SV	APV	100	0.78	0	0.0	0.4240677833557129	bos_eos
seed_44	3_6_clausal_CV_valency	19_3_6_clausal_CV_valency	fig:heatmap-19-clausal-cv-valency	3.6 Clausal complement CV valency	29_sov_ng_er_d_pa	sov	ng	erg-abs	deranking	poss-acc	ovs	VS	PVA	100	0.79	0	0.0	0.4247660231590271	bos_eos
seed_44	3_6_clausal_CV_valency	19_3_6_clausal_CV_valency	fig:heatmap-19-clausal-cv-valency	3.6 Clausal complement CV valency	30_sov_ng_er_d_ep	sov	ng	erg-abs	deranking	erg-poss	vos	VS	AVP	100	0.79	0	0.0	0.4541693449020386	bos_eos
seed_44	3_6_clausal_CV_valency	19_3_6_clausal_CV_valency	fig:heatmap-19-clausal-cv-valency	3.6 Clausal complement CV valency	31_sov_ng_er_d_no	sov	ng	erg-abs	deranking	nomn	ovs	VS	PVA	100	0.78	0	0.0	0.4287417483329773	bos_eos
seed_44	3_6_clausal_CV_valency	19_3_6_clausal_CV_valency	fig:heatmap-19-clausal-cv-valency	3.6 Clausal complement CV valency	32_svo_gn_ac_b_se	svo	gn	nom-acc	balancing	sent	svo	SV	AVP	100	0.79	0	0.0	0.5377718424797058	bos_eos
seed_44	3_6_clausal_CV_valency	19_3_6_clausal_CV_valency	fig:heatmap-19-clausal-cv-valency	3.6 Clausal complement CV valency	33_svo_gn_ac_b_pa	svo	gn	nom-acc	balancing	poss-acc	svo	SV	AVP	100	0.78	0	0.0	0.5706138730049133	bos_eos
seed_44	3_6_clausal_CV_valency	19_3_6_clausal_CV_valency	fig:heatmap-19-clausal-cv-valency	3.6 Clausal complement CV valency	34_svo_gn_ac_b_ep	svo	gn	nom-acc	balancing	erg-poss	sov	SV	PVA	100	0.82	0	0.0	0.5618429708480835	bos_eos
seed_44	3_6_clausal_CV_valency	19_3_6_clausal_CV_valency	fig:heatmap-19-clausal-cv-valency	3.6 Clausal complement CV valency	35_svo_gn_ac_b_no	svo	gn	nom-acc	balancing	nomn	svo	SV	AVP	100	0.79	0	0.0	0.4891324806213379	bos_eos
seed_44	3_6_clausal_CV_valency	19_3_6_clausal_CV_valency	fig:heatmap-19-clausal-cv-valency	3.6 Clausal complement CV valency	36_svo_gn_ac_d_se	svo	gn	nom-acc	deranking	sent	svo	SV	AVP	100	0.77	0	0.0	0.5284614658355713	bos_eos
seed_44	3_6_clausal_CV_valency	19_3_6_clausal_CV_valency	fig:heatmap-19-clausal-cv-valency	3.6 Clausal complement CV valency	37_svo_gn_ac_d_pa	svo	gn	nom-acc	deranking	poss-acc	svo	SV	AVP	100	0.79	0	0.0	0.533530969619751	bos_eos
seed_44	3_6_clausal_CV_valency	19_3_6_clausal_CV_valency	fig:heatmap-19-clausal-cv-valency	3.6 Clausal complement CV valency	38_svo_gn_ac_d_ep	svo	gn	nom-acc	deranking	erg-poss	sov	SV	PVA	100	0.75	0	0.0	0.5348258280754089	bos_eos
seed_44	3_6_clausal_CV_valency	19_3_6_clausal_CV_valency	fig:heatmap-19-clausal-cv-valency	3.6 Clausal complement CV valency	39_svo_gn_ac_d_no	svo	gn	nom-acc	deranking	nomn	svo	SV	AVP	100	0.77	0	0.0	0.49826311588287353	bos_eos
seed_44	3_6_clausal_CV_valency	19_3_6_clausal_CV_valency	fig:heatmap-19-clausal-cv-valency	3.6 Clausal complement CV valency	40_svo_gn_er_b_se	svo	gn	erg-abs	balancing	sent	svo	SV	AVP	100	0.78	0	0.0	0.44863492727279664	bos_eos
seed_44	3_6_clausal_CV_valency	19_3_6_clausal_CV_valency	fig:heatmap-19-clausal-cv-valency	3.6 Clausal complement CV valency	41_svo_gn_er_b_pa	svo	gn	erg-abs	balancing	poss-acc	svo	SV	AVP	100	0.79	0	0.0	0.4298891186714172	bos_eos
seed_44	3_6_clausal_CV_valency	19_3_6_clausal_CV_valency	fig:heatmap-19-clausal-cv-valency	3.6 Clausal complement CV valency	42_svo_gn_er_b_ep	svo	gn	erg-abs	balancing	erg-poss	sov	SV	PVA	100	0.77	0	0.0	0.450030665397644	bos_eos
seed_44	3_6_clausal_CV_valency	19_3_6_clausal_CV_valency	fig:heatmap-19-clausal-cv-valency	3.6 Clausal complement CV valency	43_svo_gn_er_b_no	svo	gn	erg-abs	balancing	nomn	svo	SV	AVP	100	0.78	0	0.0	0.42395447492599486	bos_eos
seed_44	3_6_clausal_CV_valency	19_3_6_clausal_CV_valency	fig:heatmap-19-clausal-cv-valency	3.6 Clausal complement CV valency	44_svo_gn_er_d_se	svo	gn	erg-abs	deranking	sent	svo	SV	AVP	100	0.76	0	0.0	0.44213147401809694	bos_eos
seed_44	3_6_clausal_CV_valency	19_3_6_clausal_CV_valency	fig:heatmap-19-clausal-cv-valency	3.6 Clausal complement CV valency	45_svo_gn_er_d_pa	svo	gn	erg-abs	deranking	poss-acc	svo	SV	AVP	100	0.75	0	0.0	0.4807863140106201	bos_eos
seed_44	3_6_clausal_CV_valency	19_3_6_clausal_CV_valency	fig:heatmap-19-clausal-cv-valency	3.6 Clausal complement CV valency	46_svo_gn_er_d_ep	svo	gn	erg-abs	deranking	erg-poss	sov	SV	PVA	100	0.73	0	0.0	0.45186796903610227	bos_eos
seed_44	3_6_clausal_CV_valency	19_3_6_clausal_CV_valency	fig:heatmap-19-clausal-cv-valency	3.6 Clausal complement CV valency	47_svo_gn_er_d_no	svo	gn	erg-abs	deranking	nomn	svo	SV	AVP	100	0.74	0	0.0	0.43452264785766603	bos_eos
seed_44	3_6_clausal_CV_valency	19_3_6_clausal_CV_valency	fig:heatmap-19-clausal-cv-valency	3.6 Clausal complement CV valency	48_svo_ng_ac_b_se	svo	ng	nom-acc	balancing	sent	svo	SV	AVP	100	0.75	0	0.0	0.4919583797454834	bos_eos
seed_44	3_6_clausal_CV_valency	19_3_6_clausal_CV_valency	fig:heatmap-19-clausal-cv-valency	3.6 Clausal complement CV valency	49_svo_ng_ac_b_pa	svo	ng	nom-acc	balancing	poss-acc	vos	VS	VPA	100	0.77	0	0.0	0.5685696291923523	bos_eos
seed_44	3_6_clausal_CV_valency	19_3_6_clausal_CV_valency	fig:heatmap-19-clausal-cv-valency	3.6 Clausal complement CV valency	50_svo_ng_ac_b_ep	svo	ng	nom-acc	balancing	erg-poss	vos	VS	VPA	100	0.8	0	0.0	0.5547383189201355	bos_eos
seed_44	3_6_clausal_CV_valency	19_3_6_clausal_CV_valency	fig:heatmap-19-clausal-cv-valency	3.6 Clausal complement CV valency	51_svo_ng_ac_b_no	svo	ng	nom-acc	balancing	nomn	vos	VS	VPA	100	0.77	0	0.0	0.5059084248542786	bos_eos
seed_44	3_6_clausal_CV_valency	19_3_6_clausal_CV_valency	fig:heatmap-19-clausal-cv-valency	3.6 Clausal complement CV valency	52_svo_ng_ac_d_se	svo	ng	nom-acc	deranking	sent	svo	SV	AVP	100	0.72	0	0.0	0.4807012939453125	bos_eos
seed_44	3_6_clausal_CV_valency	19_3_6_clausal_CV_valency	fig:heatmap-19-clausal-cv-valency	3.6 Clausal complement CV valency	53_svo_ng_ac_d_pa	svo	ng	nom-acc	deranking	poss-acc	vos	VS	VPA	100	0.75	0	0.0	0.5001865220069885	bos_eos
seed_44	3_6_clausal_CV_valency	19_3_6_clausal_CV_valency	fig:heatmap-19-clausal-cv-valency	3.6 Clausal complement CV valency	54_svo_ng_ac_d_ep	svo	ng	nom-acc	deranking	erg-poss	vos	VS	VPA	100	0.73	0	0.0	0.48453109979629516	bos_eos
seed_44	3_6_clausal_CV_valency	19_3_6_clausal_CV_valency	fig:heatmap-19-clausal-cv-valency	3.6 Clausal complement CV valency	55_svo_ng_ac_d_no	svo	ng	nom-acc	deranking	nomn	vos	VS	VPA	100	0.76	0	0.0	0.48930585861206055	bos_eos
seed_44	3_6_clausal_CV_valency	19_3_6_clausal_CV_valency	fig:heatmap-19-clausal-cv-valency	3.6 Clausal complement CV valency	56_svo_ng_er_b_se	svo	ng	erg-abs	balancing	sent	svo	SV	AVP	100	0.73	0	0.0	0.4069936513900757	bos_eos
seed_44	3_6_clausal_CV_valency	19_3_6_clausal_CV_valency	fig:heatmap-19-clausal-cv-valency	3.6 Clausal complement CV valency	57_svo_ng_er_b_pa	svo	ng	erg-abs	balancing	poss-acc	vos	VS	VPA	100	0.72	0	0.0	0.41136602163314817	bos_eos
seed_44	3_6_clausal_CV_valency	19_3_6_clausal_CV_valency	fig:heatmap-19-clausal-cv-valency	3.6 Clausal complement CV valency	58_svo_ng_er_b_ep	svo	ng	erg-abs	balancing	erg-poss	vos	VS	VPA	100	0.75	0	0.0	0.44798324823379515	bos_eos
seed_44	3_6_clausal_CV_valency	19_3_6_clausal_CV_valency	fig:heatmap-19-clausal-cv-valency	3.6 Clausal complement CV valency	59_svo_ng_er_b_no	svo	ng	erg-abs	balancing	nomn	vos	VS	VPA	100	0.82	0	0.0	0.4527648687362671	bos_eos
seed_44	3_6_clausal_CV_valency	19_3_6_clausal_CV_valency	fig:heatmap-19-clausal-cv-valency	3.6 Clausal complement CV valency	60_svo_ng_er_d_se	svo	ng	erg-abs	deranking	sent	svo	SV	AVP	100	0.72	0	0.0	0.4235344266891479	bos_eos
seed_44	3_6_clausal_CV_valency	19_3_6_clausal_CV_valency	fig:heatmap-19-clausal-cv-valency	3.6 Clausal complement CV valency	61_svo_ng_er_d_pa	svo	ng	erg-abs	deranking	poss-acc	vos	VS	VPA	100	0.75	0	0.0	0.41150502681732176	bos_eos
seed_44	3_6_clausal_CV_valency	19_3_6_clausal_CV_valency	fig:heatmap-19-clausal-cv-valency	3.6 Clausal complement CV valency	62_svo_ng_er_d_ep	svo	ng	erg-abs	deranking	erg-poss	vos	VS	VPA	100	0.77	0	0.0	0.4337958860397339	bos_eos
seed_44	3_6_clausal_CV_valency	19_3_6_clausal_CV_valency	fig:heatmap-19-clausal-cv-valency	3.6 Clausal complement CV valency	63_svo_ng_er_d_no	svo	ng	erg-abs	deranking	nomn	vos	VS	VPA	100	0.74	0	0.0	0.437071852684021	bos_eos
seed_44	3_6_clausal_CV_valency	19_3_6_clausal_CV_valency	fig:heatmap-19-clausal-cv-valency	3.6 Clausal complement CV valency	64_vos_gn_ac_b_se	vos	gn	nom-acc	balancing	sent	vos	VS	VPA	100	0.75	0	0.0	0.5286764311790466	bos_eos
seed_44	3_6_clausal_CV_valency	19_3_6_clausal_CV_valency	fig:heatmap-19-clausal-cv-valency	3.6 Clausal complement CV valency	65_vos_gn_ac_b_pa	vos	gn	nom-acc	balancing	poss-acc	svo	SV	AVP	100	0.74	0	0.0	0.4726965689659119	bos_eos
seed_44	3_6_clausal_CV_valency	19_3_6_clausal_CV_valency	fig:heatmap-19-clausal-cv-valency	3.6 Clausal complement CV valency	66_vos_gn_ac_b_ep	vos	gn	nom-acc	balancing	erg-poss	sov	SV	PVA	100	0.69	0	0.0	0.44306316375732424	bos_eos
seed_44	3_6_clausal_CV_valency	19_3_6_clausal_CV_valency	fig:heatmap-19-clausal-cv-valency	3.6 Clausal complement CV valency	67_vos_gn_ac_b_no	vos	gn	nom-acc	balancing	nomn	svo	SV	AVP	100	0.71	0	0.0	0.4549259185791016	bos_eos
seed_44	3_6_clausal_CV_valency	19_3_6_clausal_CV_valency	fig:heatmap-19-clausal-cv-valency	3.6 Clausal complement CV valency	68_vos_gn_ac_d_se	vos	gn	nom-acc	deranking	sent	vos	VS	VPA	100	0.7	0	0.0	0.43778238534927366	bos_eos
seed_44	3_6_clausal_CV_valency	19_3_6_clausal_CV_valency	fig:heatmap-19-clausal-cv-valency	3.6 Clausal complement CV valency	69_vos_gn_ac_d_pa	vos	gn	nom-acc	deranking	poss-acc	svo	SV	AVP	100	0.69	0	0.0	0.45882978439331057	bos_eos
seed_44	3_6_clausal_CV_valency	19_3_6_clausal_CV_valency	fig:heatmap-19-clausal-cv-valency	3.6 Clausal complement CV valency	70_vos_gn_ac_d_ep	vos	gn	nom-acc	deranking	erg-poss	sov	SV	PVA	100	0.76	0	0.0	0.4774151754379272	bos_eos
seed_44	3_6_clausal_CV_valency	19_3_6_clausal_CV_valency	fig:heatmap-19-clausal-cv-valency	3.6 Clausal complement CV valency	71_vos_gn_ac_d_no	vos	gn	nom-acc	deranking	nomn	svo	SV	AVP	100	0.71	0	0.0	0.4684620547294617	bos_eos
seed_44	3_6_clausal_CV_valency	19_3_6_clausal_CV_valency	fig:heatmap-19-clausal-cv-valency	3.6 Clausal complement CV valency	72_vos_gn_er_b_se	vos	gn	erg-abs	balancing	sent	vos	VS	VPA	100	0.68	0	0.0	0.3885602259635925	bos_eos
seed_44	3_6_clausal_CV_valency	19_3_6_clausal_CV_valency	fig:heatmap-19-clausal-cv-valency	3.6 Clausal complement CV valency	73_vos_gn_er_b_pa	vos	gn	erg-abs	balancing	poss-acc	svo	SV	AVP	100	0.72	0	0.0	0.3822114372253418	bos_eos
seed_44	3_6_clausal_CV_valency	19_3_6_clausal_CV_valency	fig:heatmap-19-clausal-cv-valency	3.6 Clausal complement CV valency	74_vos_gn_er_b_ep	vos	gn	erg-abs	balancing	erg-poss	sov	SV	PVA	100	0.74	0	0.0	0.39028397798538206	bos_eos
seed_44	3_6_clausal_CV_valency	19_3_6_clausal_CV_valency	fig:heatmap-19-clausal-cv-valency	3.6 Clausal complement CV valency	75_vos_gn_er_b_no	vos	gn	erg-abs	balancing	nomn	svo	SV	AVP	100	0.71	0	0.0	0.39538723707199097	bos_eos
seed_44	3_6_clausal_CV_valency	19_3_6_clausal_CV_valency	fig:heatmap-19-clausal-cv-valency	3.6 Clausal complement CV valency	76_vos_gn_er_d_se	vos	gn	erg-abs	deranking	sent	vos	VS	VPA	100	0.73	0	0.0	0.41174376487731934	bos_eos
seed_44	3_6_clausal_CV_valency	19_3_6_clausal_CV_valency	fig:heatmap-19-clausal-cv-valency	3.6 Clausal complement CV valency	77_vos_gn_er_d_pa	vos	gn	erg-abs	deranking	poss-acc	svo	SV	AVP	100	0.73	0	0.0	0.38695854902267457	bos_eos
seed_44	3_6_clausal_CV_valency	19_3_6_clausal_CV_valency	fig:heatmap-19-clausal-cv-valency	3.6 Clausal complement CV valency	78_vos_gn_er_d_ep	vos	gn	erg-abs	deranking	erg-poss	sov	SV	PVA	100	0.71	0	0.0	0.3894539737701416	bos_eos
seed_44	3_6_clausal_CV_valency	19_3_6_clausal_CV_valency	fig:heatmap-19-clausal-cv-valency	3.6 Clausal complement CV valency	79_vos_gn_er_d_no	vos	gn	erg-abs	deranking	nomn	svo	SV	AVP	100	0.75	0	0.0	0.4042003321647644	bos_eos
seed_44	3_6_clausal_CV_valency	19_3_6_clausal_CV_valency	fig:heatmap-19-clausal-cv-valency	3.6 Clausal complement CV valency	80_vos_ng_ac_b_se	vos	ng	nom-acc	balancing	sent	vos	VS	VPA	100	0.7	0	0.0	0.44509612321853637	bos_eos
seed_44	3_6_clausal_CV_valency	19_3_6_clausal_CV_valency	fig:heatmap-19-clausal-cv-valency	3.6 Clausal complement CV valency	81_vos_ng_ac_b_pa	vos	ng	nom-acc	balancing	poss-acc	vos	VS	VPA	100	0.71	0	0.0	0.46347546100616455	bos_eos
seed_44	3_6_clausal_CV_valency	19_3_6_clausal_CV_valency	fig:heatmap-19-clausal-cv-valency	3.6 Clausal complement CV valency	82_vos_ng_ac_b_ep	vos	ng	nom-acc	balancing	erg-poss	vos	VS	VPA	100	0.72	0	0.0	0.43260754585266115	bos_eos
seed_44	3_6_clausal_CV_valency	19_3_6_clausal_CV_valency	fig:heatmap-19-clausal-cv-valency	3.6 Clausal complement CV valency	83_vos_ng_ac_b_no	vos	ng	nom-acc	balancing	nomn	vos	VS	VPA	100	0.72	0	0.0	0.5100716304779053	bos_eos
seed_44	3_6_clausal_CV_valency	19_3_6_clausal_CV_valency	fig:heatmap-19-clausal-cv-valency	3.6 Clausal complement CV valency	84_vos_ng_ac_d_se	vos	ng	nom-acc	deranking	sent	vos	VS	VPA	100	0.71	0	0.0	0.46018963098526	bos_eos
seed_44	3_6_clausal_CV_valency	19_3_6_clausal_CV_valency	fig:heatmap-19-clausal-cv-valency	3.6 Clausal complement CV valency	85_vos_ng_ac_d_pa	vos	ng	nom-acc	deranking	poss-acc	vos	VS	VPA	100	0.72	0	0.0	0.4595779013633728	bos_eos
seed_44	3_6_clausal_CV_valency	19_3_6_clausal_CV_valency	fig:heatmap-19-clausal-cv-valency	3.6 Clausal complement CV valency	86_vos_ng_ac_d_ep	vos	ng	nom-acc	deranking	erg-poss	vos	VS	VPA	100	0.71	0	0.0	0.43153279066085815	bos_eos
seed_44	3_6_clausal_CV_valency	19_3_6_clausal_CV_valency	fig:heatmap-19-clausal-cv-valency	3.6 Clausal complement CV valency	87_vos_ng_ac_d_no	vos	ng	nom-acc	deranking	nomn	vos	VS	VPA	100	0.73	0	0.0	0.4584627652168274	bos_eos
seed_44	3_6_clausal_CV_valency	19_3_6_clausal_CV_valency	fig:heatmap-19-clausal-cv-valency	3.6 Clausal complement CV valency	88_vos_ng_er_b_se	vos	ng	erg-abs	balancing	sent	vos	VS	VPA	100	0.73	0	0.0	0.38909637212753295	bos_eos
seed_44	3_6_clausal_CV_valency	19_3_6_clausal_CV_valency	fig:heatmap-19-clausal-cv-valency	3.6 Clausal complement CV valency	89_vos_ng_er_b_pa	vos	ng	erg-abs	balancing	poss-acc	vos	VS	VPA	100	0.71	0	0.0	0.37744134187698364	bos_eos
seed_44	3_6_clausal_CV_valency	19_3_6_clausal_CV_valency	fig:heatmap-19-clausal-cv-valency	3.6 Clausal complement CV valency	90_vos_ng_er_b_ep	vos	ng	erg-abs	balancing	erg-poss	vos	VS	VPA	100	0.72	0	0.0	0.398635048866272	bos_eos
seed_44	3_6_clausal_CV_valency	19_3_6_clausal_CV_valency	fig:heatmap-19-clausal-cv-valency	3.6 Clausal complement CV valency	91_vos_ng_er_b_no	vos	ng	erg-abs	balancing	nomn	vos	VS	VPA	100	0.73	0	0.0	0.4263493227958679	bos_eos
seed_44	3_6_clausal_CV_valency	19_3_6_clausal_CV_valency	fig:heatmap-19-clausal-cv-valency	3.6 Clausal complement CV valency	92_vos_ng_er_d_se	vos	ng	erg-abs	deranking	sent	vos	VS	VPA	100	0.71	0	0.0	0.37095736026763915	bos_eos
seed_44	3_6_clausal_CV_valency	19_3_6_clausal_CV_valency	fig:heatmap-19-clausal-cv-valency	3.6 Clausal complement CV valency	93_vos_ng_er_d_pa	vos	ng	erg-abs	deranking	poss-acc	vos	VS	VPA	100	0.76	0	0.0	0.4074157905578613	bos_eos
seed_44	3_6_clausal_CV_valency	19_3_6_clausal_CV_valency	fig:heatmap-19-clausal-cv-valency	3.6 Clausal complement CV valency	94_vos_ng_er_d_ep	vos	ng	erg-abs	deranking	erg-poss	vos	VS	VPA	100	0.75	0	0.0	0.38554513454437256	bos_eos
seed_44	3_6_clausal_CV_valency	19_3_6_clausal_CV_valency	fig:heatmap-19-clausal-cv-valency	3.6 Clausal complement CV valency	95_vos_ng_er_d_no	vos	ng	erg-abs	deranking	nomn	vos	VS	VPA	100	0.72	0	0.0	0.4064948272705078	bos_eos
seed_44	4_1_anc_V_form	20_4_1_anc_V_form	fig:heatmap-20-anc-v-form	4.1 ANC verb form	00_sov_gn_ac_b_se	sov	gn	nom-acc	balancing	sent	sov	SV	APV	100	0.84	0	0.0	0.9317615294456482	bos_eos
seed_44	4_1_anc_V_form	20_4_1_anc_V_form	fig:heatmap-20-anc-v-form	4.1 ANC verb form	01_sov_gn_ac_b_pa	sov	gn	nom-acc	balancing	poss-acc	sov	SV	APV	100	0.9	0	0.0	1.0577902579307557	bos_eos
seed_44	4_1_anc_V_form	20_4_1_anc_V_form	fig:heatmap-20-anc-v-form	4.1 ANC verb form	02_sov_gn_ac_b_ep	sov	gn	nom-acc	balancing	erg-poss	sov	SV	APV	100	0.91	0	0.0	1.1277532958984375	bos_eos
seed_44	4_1_anc_V_form	20_4_1_anc_V_form	fig:heatmap-20-anc-v-form	4.1 ANC verb form	03_sov_gn_ac_b_no	sov	gn	nom-acc	balancing	nomn	sov	SV	APV	100	0.94	0	0.0	1.1863935112953186	bos_eos
seed_44	4_1_anc_V_form	20_4_1_anc_V_form	fig:heatmap-20-anc-v-form	4.1 ANC verb form	04_sov_gn_ac_d_se	sov	gn	nom-acc	deranking	sent	sov	SV	APV	100	0.88	0	0.0	1.0264751076698304	bos_eos
seed_44	4_1_anc_V_form	20_4_1_anc_V_form	fig:heatmap-20-anc-v-form	4.1 ANC verb form	05_sov_gn_ac_d_pa	sov	gn	nom-acc	deranking	poss-acc	sov	SV	APV	100	0.89	0	0.0	1.110272192955017	bos_eos
seed_44	4_1_anc_V_form	20_4_1_anc_V_form	fig:heatmap-20-anc-v-form	4.1 ANC verb form	06_sov_gn_ac_d_ep	sov	gn	nom-acc	deranking	erg-poss	sov	SV	APV	100	0.92	0	0.0	1.1804124116897583	bos_eos
seed_44	4_1_anc_V_form	20_4_1_anc_V_form	fig:heatmap-20-anc-v-form	4.1 ANC verb form	07_sov_gn_ac_d_no	sov	gn	nom-acc	deranking	nomn	sov	SV	APV	100	0.92	0	0.0	1.1208946704864502	bos_eos
seed_44	4_1_anc_V_form	20_4_1_anc_V_form	fig:heatmap-20-anc-v-form	4.1 ANC verb form	08_sov_gn_er_b_se	sov	gn	erg-abs	balancing	sent	sov	SV	APV	100	0.79	0	0.0	0.6919979119300842	bos_eos
seed_44	4_1_anc_V_form	20_4_1_anc_V_form	fig:heatmap-20-anc-v-form	4.1 ANC verb form	09_sov_gn_er_b_pa	sov	gn	erg-abs	balancing	poss-acc	sov	SV	APV	100	0.85	0	0.0	0.8528883600234985	bos_eos
seed_44	4_1_anc_V_form	20_4_1_anc_V_form	fig:heatmap-20-anc-v-form	4.1 ANC verb form	10_sov_gn_er_b_ep	sov	gn	erg-abs	balancing	erg-poss	sov	SV	APV	100	0.91	0	0.0	1.091624653339386	bos_eos
seed_44	4_1_anc_V_form	20_4_1_anc_V_form	fig:heatmap-20-anc-v-form	4.1 ANC verb form	11_sov_gn_er_b_no	sov	gn	erg-abs	balancing	nomn	sov	SV	APV	100	0.91	0	0.0	1.13096107006073	bos_eos
seed_44	4_1_anc_V_form	20_4_1_anc_V_form	fig:heatmap-20-anc-v-form	4.1 ANC verb form	12_sov_gn_er_d_se	sov	gn	erg-abs	deranking	sent	sov	SV	APV	100	0.89	0	0.0	1.1309708166122436	bos_eos
seed_44	4_1_anc_V_form	20_4_1_anc_V_form	fig:heatmap-20-anc-v-form	4.1 ANC verb form	13_sov_gn_er_d_pa	sov	gn	erg-abs	deranking	poss-acc	sov	SV	APV	100	0.93	0	0.0	1.2347478413581847	bos_eos
seed_44	4_1_anc_V_form	20_4_1_anc_V_form	fig:heatmap-20-anc-v-form	4.1 ANC verb form	14_sov_gn_er_d_ep	sov	gn	erg-abs	deranking	erg-poss	sov	SV	APV	100	0.92	0	0.0	1.2666052031517028	bos_eos
seed_44	4_1_anc_V_form	20_4_1_anc_V_form	fig:heatmap-20-anc-v-form	4.1 ANC verb form	15_sov_gn_er_d_no	sov	gn	erg-abs	deranking	nomn	sov	SV	APV	100	0.96	0	0.0	1.4008089184761048	bos_eos
seed_44	4_1_anc_V_form	20_4_1_anc_V_form	fig:heatmap-20-anc-v-form	4.1 ANC verb form	16_sov_ng_ac_b_se	sov	ng	nom-acc	balancing	sent	sov	SV	APV	100	0.86	0	0.0	0.9439205574989319	bos_eos
seed_44	4_1_anc_V_form	20_4_1_anc_V_form	fig:heatmap-20-anc-v-form	4.1 ANC verb form	17_sov_ng_ac_b_pa	sov	ng	nom-acc	balancing	poss-acc	ovs	VS	PVA	100	0.91	0	0.0	1.0641108632087708	bos_eos
seed_44	4_1_anc_V_form	20_4_1_anc_V_form	fig:heatmap-20-anc-v-form	4.1 ANC verb form	18_sov_ng_ac_b_ep	sov	ng	nom-acc	balancing	erg-poss	vos	VS	AVP	100	0.93	0	0.0	1.1867786145210266	bos_eos
seed_44	4_1_anc_V_form	20_4_1_anc_V_form	fig:heatmap-20-anc-v-form	4.1 ANC verb form	19_sov_ng_ac_b_no	sov	ng	nom-acc	balancing	nomn	ovs	VS	PVA	100	0.92	0	0.0	1.176266803741455	bos_eos
seed_44	4_1_anc_V_form	20_4_1_anc_V_form	fig:heatmap-20-anc-v-form	4.1 ANC verb form	20_sov_ng_ac_d_se	sov	ng	nom-acc	deranking	sent	sov	SV	APV	100	0.87	0	0.0	1.0380509638786315	bos_eos
seed_44	4_1_anc_V_form	20_4_1_anc_V_form	fig:heatmap-20-anc-v-form	4.1 ANC verb form	21_sov_ng_ac_d_pa	sov	ng	nom-acc	deranking	poss-acc	ovs	VS	PVA	100	0.91	0	0.0	1.0086256551742554	bos_eos
seed_44	4_1_anc_V_form	20_4_1_anc_V_form	fig:heatmap-20-anc-v-form	4.1 ANC verb form	22_sov_ng_ac_d_ep	sov	ng	nom-acc	deranking	erg-poss	vos	VS	AVP	100	0.94	0	0.0	1.2323386764526367	bos_eos
seed_44	4_1_anc_V_form	20_4_1_anc_V_form	fig:heatmap-20-anc-v-form	4.1 ANC verb form	23_sov_ng_ac_d_no	sov	ng	nom-acc	deranking	nomn	ovs	VS	PVA	100	0.94	0	0.0	1.2228853058815004	bos_eos
seed_44	4_1_anc_V_form	20_4_1_anc_V_form	fig:heatmap-20-anc-v-form	4.1 ANC verb form	24_sov_ng_er_b_se	sov	ng	erg-abs	balancing	sent	sov	SV	APV	100	0.79	0	0.0	0.684768590927124	bos_eos
seed_44	4_1_anc_V_form	20_4_1_anc_V_form	fig:heatmap-20-anc-v-form	4.1 ANC verb form	25_sov_ng_er_b_pa	sov	ng	erg-abs	balancing	poss-acc	ovs	VS	PVA	100	0.85	0	0.0	0.9150726199150085	bos_eos
seed_44	4_1_anc_V_form	20_4_1_anc_V_form	fig:heatmap-20-anc-v-form	4.1 ANC verb form	26_sov_ng_er_b_ep	sov	ng	erg-abs	balancing	erg-poss	vos	VS	AVP	100	0.93	0	0.0	1.2444811391830444	bos_eos
seed_44	4_1_anc_V_form	20_4_1_anc_V_form	fig:heatmap-20-anc-v-form	4.1 ANC verb form	27_sov_ng_er_b_no	sov	ng	erg-abs	balancing	nomn	ovs	VS	PVA	100	0.92	0	0.0	1.1555689311027526	bos_eos
seed_44	4_1_anc_V_form	20_4_1_anc_V_form	fig:heatmap-20-anc-v-form	4.1 ANC verb form	28_sov_ng_er_d_se	sov	ng	erg-abs	deranking	sent	sov	SV	APV	100	0.9	0	0.0	1.1406489968299867	bos_eos
seed_44	4_1_anc_V_form	20_4_1_anc_V_form	fig:heatmap-20-anc-v-form	4.1 ANC verb form	29_sov_ng_er_d_pa	sov	ng	erg-abs	deranking	poss-acc	ovs	VS	PVA	100	0.9	0	0.0	1.0879879760742188	bos_eos
seed_44	4_1_anc_V_form	20_4_1_anc_V_form	fig:heatmap-20-anc-v-form	4.1 ANC verb form	30_sov_ng_er_d_ep	sov	ng	erg-abs	deranking	erg-poss	vos	VS	AVP	100	0.93	0	0.0	1.3327538347244263	bos_eos
seed_44	4_1_anc_V_form	20_4_1_anc_V_form	fig:heatmap-20-anc-v-form	4.1 ANC verb form	31_sov_ng_er_d_no	sov	ng	erg-abs	deranking	nomn	ovs	VS	PVA	100	0.96	0	0.0	1.356770362854004	bos_eos
seed_44	4_1_anc_V_form	20_4_1_anc_V_form	fig:heatmap-20-anc-v-form	4.1 ANC verb form	32_svo_gn_ac_b_se	svo	gn	nom-acc	balancing	sent	svo	SV	AVP	100	0.9	0	0.0	1.1930740785598755	bos_eos
seed_44	4_1_anc_V_form	20_4_1_anc_V_form	fig:heatmap-20-anc-v-form	4.1 ANC verb form	33_svo_gn_ac_b_pa	svo	gn	nom-acc	balancing	poss-acc	svo	SV	AVP	100	0.96	0	0.0	1.3870285868644714	bos_eos
seed_44	4_1_anc_V_form	20_4_1_anc_V_form	fig:heatmap-20-anc-v-form	4.1 ANC verb form	34_svo_gn_ac_b_ep	svo	gn	nom-acc	balancing	erg-poss	sov	SV	PVA	100	0.97	0	0.0	1.461097128391266	bos_eos
seed_44	4_1_anc_V_form	20_4_1_anc_V_form	fig:heatmap-20-anc-v-form	4.1 ANC verb form	35_svo_gn_ac_b_no	svo	gn	nom-acc	balancing	nomn	svo	SV	AVP	100	0.96	0	0.0	1.3812278485298157	bos_eos
seed_44	4_1_anc_V_form	20_4_1_anc_V_form	fig:heatmap-20-anc-v-form	4.1 ANC verb form	36_svo_gn_ac_d_se	svo	gn	nom-acc	deranking	sent	svo	SV	AVP	100	0.89	0	0.0	1.1687624311447145	bos_eos
seed_44	4_1_anc_V_form	20_4_1_anc_V_form	fig:heatmap-20-anc-v-form	4.1 ANC verb form	37_svo_gn_ac_d_pa	svo	gn	nom-acc	deranking	poss-acc	svo	SV	AVP	100	0.95	0	0.0	1.3100321555137635	bos_eos
seed_44	4_1_anc_V_form	20_4_1_anc_V_form	fig:heatmap-20-anc-v-form	4.1 ANC verb form	38_svo_gn_ac_d_ep	svo	gn	nom-acc	deranking	erg-poss	sov	SV	PVA	100	0.95	0	0.0	1.2030651903152465	bos_eos
seed_44	4_1_anc_V_form	20_4_1_anc_V_form	fig:heatmap-20-anc-v-form	4.1 ANC verb form	39_svo_gn_ac_d_no	svo	gn	nom-acc	deranking	nomn	svo	SV	AVP	100	0.97	0	0.0	1.245454785823822	bos_eos
seed_44	4_1_anc_V_form	20_4_1_anc_V_form	fig:heatmap-20-anc-v-form	4.1 ANC verb form	40_svo_gn_er_b_se	svo	gn	erg-abs	balancing	sent	svo	SV	AVP	100	0.73	0	0.0	0.7539713621139527	bos_eos
seed_44	4_1_anc_V_form	20_4_1_anc_V_form	fig:heatmap-20-anc-v-form	4.1 ANC verb form	41_svo_gn_er_b_pa	svo	gn	erg-abs	balancing	poss-acc	svo	SV	AVP	100	0.9	0	0.0	0.9962027430534363	bos_eos
seed_44	4_1_anc_V_form	20_4_1_anc_V_form	fig:heatmap-20-anc-v-form	4.1 ANC verb form	42_svo_gn_er_b_ep	svo	gn	erg-abs	balancing	erg-poss	sov	SV	PVA	100	0.9	0	0.0	1.0354113340377809	bos_eos
seed_44	4_1_anc_V_form	20_4_1_anc_V_form	fig:heatmap-20-anc-v-form	4.1 ANC verb form	43_svo_gn_er_b_no	svo	gn	erg-abs	balancing	nomn	svo	SV	AVP	100	0.94	0	0.0	1.232785038948059	bos_eos
seed_44	4_1_anc_V_form	20_4_1_anc_V_form	fig:heatmap-20-anc-v-form	4.1 ANC verb form	44_svo_gn_er_d_se	svo	gn	erg-abs	deranking	sent	svo	SV	AVP	100	0.87	0	0.0	0.918193006515503	bos_eos
seed_44	4_1_anc_V_form	20_4_1_anc_V_form	fig:heatmap-20-anc-v-form	4.1 ANC verb form	45_svo_gn_er_d_pa	svo	gn	erg-abs	deranking	poss-acc	svo	SV	AVP	100	0.91	0	0.0	0.9855309677124023	bos_eos
seed_44	4_1_anc_V_form	20_4_1_anc_V_form	fig:heatmap-20-anc-v-form	4.1 ANC verb form	46_svo_gn_er_d_ep	svo	gn	erg-abs	deranking	erg-poss	sov	SV	PVA	100	0.92	0	0.0	0.9530405735969544	bos_eos
seed_44	4_1_anc_V_form	20_4_1_anc_V_form	fig:heatmap-20-anc-v-form	4.1 ANC verb form	47_svo_gn_er_d_no	svo	gn	erg-abs	deranking	nomn	svo	SV	AVP	100	0.94	0	0.0	1.0318724417686462	bos_eos
seed_44	4_1_anc_V_form	20_4_1_anc_V_form	fig:heatmap-20-anc-v-form	4.1 ANC verb form	48_svo_ng_ac_b_se	svo	ng	nom-acc	balancing	sent	svo	SV	AVP	100	0.86	0	0.0	1.0766357898712158	bos_eos
seed_44	4_1_anc_V_form	20_4_1_anc_V_form	fig:heatmap-20-anc-v-form	4.1 ANC verb form	49_svo_ng_ac_b_pa	svo	ng	nom-acc	balancing	poss-acc	vos	VS	VPA	100	1.0	0	0.0	1.4887440180778504	bos_eos
seed_44	4_1_anc_V_form	20_4_1_anc_V_form	fig:heatmap-20-anc-v-form	4.1 ANC verb form	50_svo_ng_ac_b_ep	svo	ng	nom-acc	balancing	erg-poss	vos	VS	VPA	100	1.0	0	0.0	1.5455730319023133	bos_eos
seed_44	4_1_anc_V_form	20_4_1_anc_V_form	fig:heatmap-20-anc-v-form	4.1 ANC verb form	51_svo_ng_ac_b_no	svo	ng	nom-acc	balancing	nomn	vos	VS	VPA	100	1.0	0	0.0	1.563642361164093	bos_eos
seed_44	4_1_anc_V_form	20_4_1_anc_V_form	fig:heatmap-20-anc-v-form	4.1 ANC verb form	52_svo_ng_ac_d_se	svo	ng	nom-acc	deranking	sent	svo	SV	AVP	100	0.85	0	0.0	1.0403627753257751	bos_eos
seed_44	4_1_anc_V_form	20_4_1_anc_V_form	fig:heatmap-20-anc-v-form	4.1 ANC verb form	53_svo_ng_ac_d_pa	svo	ng	nom-acc	deranking	poss-acc	vos	VS	VPA	100	0.98	0	0.0	1.3150036525726319	bos_eos
seed_44	4_1_anc_V_form	20_4_1_anc_V_form	fig:heatmap-20-anc-v-form	4.1 ANC verb form	54_svo_ng_ac_d_ep	svo	ng	nom-acc	deranking	erg-poss	vos	VS	VPA	100	0.99	0	0.0	1.3125964951515199	bos_eos
seed_44	4_1_anc_V_form	20_4_1_anc_V_form	fig:heatmap-20-anc-v-form	4.1 ANC verb form	55_svo_ng_ac_d_no	svo	ng	nom-acc	deranking	nomn	vos	VS	VPA	100	0.99	0	0.0	1.2538822603225708	bos_eos
seed_44	4_1_anc_V_form	20_4_1_anc_V_form	fig:heatmap-20-anc-v-form	4.1 ANC verb form	56_svo_ng_er_b_se	svo	ng	erg-abs	balancing	sent	svo	SV	AVP	100	0.74	0	0.0	0.7015682625770568	bos_eos
seed_44	4_1_anc_V_form	20_4_1_anc_V_form	fig:heatmap-20-anc-v-form	4.1 ANC verb form	57_svo_ng_er_b_pa	svo	ng	erg-abs	balancing	poss-acc	vos	VS	VPA	100	0.92	0	0.0	1.1630247902870179	bos_eos
seed_44	4_1_anc_V_form	20_4_1_anc_V_form	fig:heatmap-20-anc-v-form	4.1 ANC verb form	58_svo_ng_er_b_ep	svo	ng	erg-abs	balancing	erg-poss	vos	VS	VPA	100	0.97	0	0.0	1.2664020895957946	bos_eos
seed_44	4_1_anc_V_form	20_4_1_anc_V_form	fig:heatmap-20-anc-v-form	4.1 ANC verb form	59_svo_ng_er_b_no	svo	ng	erg-abs	balancing	nomn	vos	VS	VPA	100	0.96	0	0.0	1.3145955657958985	bos_eos
seed_44	4_1_anc_V_form	20_4_1_anc_V_form	fig:heatmap-20-anc-v-form	4.1 ANC verb form	60_svo_ng_er_d_se	svo	ng	erg-abs	deranking	sent	svo	SV	AVP	100	0.84	0	0.0	0.8254174137115479	bos_eos
seed_44	4_1_anc_V_form	20_4_1_anc_V_form	fig:heatmap-20-anc-v-form	4.1 ANC verb form	61_svo_ng_er_d_pa	svo	ng	erg-abs	deranking	poss-acc	vos	VS	VPA	100	0.91	0	0.0	1.0192026209831238	bos_eos
seed_44	4_1_anc_V_form	20_4_1_anc_V_form	fig:heatmap-20-anc-v-form	4.1 ANC verb form	62_svo_ng_er_d_ep	svo	ng	erg-abs	deranking	erg-poss	vos	VS	VPA	100	0.94	0	0.0	1.1765842390060426	bos_eos
seed_44	4_1_anc_V_form	20_4_1_anc_V_form	fig:heatmap-20-anc-v-form	4.1 ANC verb form	63_svo_ng_er_d_no	svo	ng	erg-abs	deranking	nomn	vos	VS	VPA	100	0.98	0	0.0	1.3188390016555787	bos_eos
seed_44	4_1_anc_V_form	20_4_1_anc_V_form	fig:heatmap-20-anc-v-form	4.1 ANC verb form	64_vos_gn_ac_b_se	vos	gn	nom-acc	balancing	sent	vos	VS	VPA	100	0.81	0	0.0	0.7663788294792175	bos_eos
seed_44	4_1_anc_V_form	20_4_1_anc_V_form	fig:heatmap-20-anc-v-form	4.1 ANC verb form	65_vos_gn_ac_b_pa	vos	gn	nom-acc	balancing	poss-acc	svo	SV	AVP	100	0.82	0	0.0	0.9125155115127563	bos_eos
seed_44	4_1_anc_V_form	20_4_1_anc_V_form	fig:heatmap-20-anc-v-form	4.1 ANC verb form	66_vos_gn_ac_b_ep	vos	gn	nom-acc	balancing	erg-poss	sov	SV	PVA	100	0.91	0	0.0	0.9543618965148926	bos_eos
seed_44	4_1_anc_V_form	20_4_1_anc_V_form	fig:heatmap-20-anc-v-form	4.1 ANC verb form	67_vos_gn_ac_b_no	vos	gn	nom-acc	balancing	nomn	svo	SV	AVP	100	0.9	0	0.0	0.9270847868919373	bos_eos
seed_44	4_1_anc_V_form	20_4_1_anc_V_form	fig:heatmap-20-anc-v-form	4.1 ANC verb form	68_vos_gn_ac_d_se	vos	gn	nom-acc	deranking	sent	vos	VS	VPA	100	1.0	0	0.0	1.6581945133209228	bos_eos
seed_44	4_1_anc_V_form	20_4_1_anc_V_form	fig:heatmap-20-anc-v-form	4.1 ANC verb form	69_vos_gn_ac_d_pa	vos	gn	nom-acc	deranking	poss-acc	svo	SV	AVP	100	1.0	0	0.0	1.5590886068344116	bos_eos
seed_44	4_1_anc_V_form	20_4_1_anc_V_form	fig:heatmap-20-anc-v-form	4.1 ANC verb form	70_vos_gn_ac_d_ep	vos	gn	nom-acc	deranking	erg-poss	sov	SV	PVA	100	1.0	0	0.0	1.4254932975769044	bos_eos
seed_44	4_1_anc_V_form	20_4_1_anc_V_form	fig:heatmap-20-anc-v-form	4.1 ANC verb form	71_vos_gn_ac_d_no	vos	gn	nom-acc	deranking	nomn	svo	SV	AVP	100	1.0	0	0.0	1.440686981678009	bos_eos
seed_44	4_1_anc_V_form	20_4_1_anc_V_form	fig:heatmap-20-anc-v-form	4.1 ANC verb form	72_vos_gn_er_b_se	vos	gn	erg-abs	balancing	sent	vos	VS	VPA	100	0.79	0	0.0	0.8102554178237915	bos_eos
seed_44	4_1_anc_V_form	20_4_1_anc_V_form	fig:heatmap-20-anc-v-form	4.1 ANC verb form	73_vos_gn_er_b_pa	vos	gn	erg-abs	balancing	poss-acc	svo	SV	AVP	100	0.87	0	0.0	0.842124125957489	bos_eos
seed_44	4_1_anc_V_form	20_4_1_anc_V_form	fig:heatmap-20-anc-v-form	4.1 ANC verb form	74_vos_gn_er_b_ep	vos	gn	erg-abs	balancing	erg-poss	sov	SV	PVA	100	0.93	0	0.0	0.98381010055542	bos_eos
seed_44	4_1_anc_V_form	20_4_1_anc_V_form	fig:heatmap-20-anc-v-form	4.1 ANC verb form	75_vos_gn_er_b_no	vos	gn	erg-abs	balancing	nomn	svo	SV	AVP	100	0.93	0	0.0	0.9876933670043946	bos_eos
seed_44	4_1_anc_V_form	20_4_1_anc_V_form	fig:heatmap-20-anc-v-form	4.1 ANC verb form	76_vos_gn_er_d_se	vos	gn	erg-abs	deranking	sent	vos	VS	VPA	100	1.0	0	0.0	1.9243451857566833	bos_eos
seed_44	4_1_anc_V_form	20_4_1_anc_V_form	fig:heatmap-20-anc-v-form	4.1 ANC verb form	77_vos_gn_er_d_pa	vos	gn	erg-abs	deranking	poss-acc	svo	SV	AVP	100	1.0	0	0.0	1.5596520900726318	bos_eos
seed_44	4_1_anc_V_form	20_4_1_anc_V_form	fig:heatmap-20-anc-v-form	4.1 ANC verb form	78_vos_gn_er_d_ep	vos	gn	erg-abs	deranking	erg-poss	sov	SV	PVA	100	1.0	0	0.0	1.4695548939704894	bos_eos
seed_44	4_1_anc_V_form	20_4_1_anc_V_form	fig:heatmap-20-anc-v-form	4.1 ANC verb form	79_vos_gn_er_d_no	vos	gn	erg-abs	deranking	nomn	svo	SV	AVP	100	1.0	0	0.0	1.500999128818512	bos_eos
seed_44	4_1_anc_V_form	20_4_1_anc_V_form	fig:heatmap-20-anc-v-form	4.1 ANC verb form	80_vos_ng_ac_b_se	vos	ng	nom-acc	balancing	sent	vos	VS	VPA	100	0.87	0	0.0	0.7811216759681702	bos_eos
seed_44	4_1_anc_V_form	20_4_1_anc_V_form	fig:heatmap-20-anc-v-form	4.1 ANC verb form	81_vos_ng_ac_b_pa	vos	ng	nom-acc	balancing	poss-acc	vos	VS	VPA	100	0.84	0	0.0	0.7978386282920837	bos_eos
seed_44	4_1_anc_V_form	20_4_1_anc_V_form	fig:heatmap-20-anc-v-form	4.1 ANC verb form	82_vos_ng_ac_b_ep	vos	ng	nom-acc	balancing	erg-poss	vos	VS	VPA	100	0.9	0	0.0	0.9822433876991272	bos_eos
seed_44	4_1_anc_V_form	20_4_1_anc_V_form	fig:heatmap-20-anc-v-form	4.1 ANC verb form	83_vos_ng_ac_b_no	vos	ng	nom-acc	balancing	nomn	vos	VS	VPA	100	0.92	0	0.0	1.0318883275985717	bos_eos
seed_44	4_1_anc_V_form	20_4_1_anc_V_form	fig:heatmap-20-anc-v-form	4.1 ANC verb form	84_vos_ng_ac_d_se	vos	ng	nom-acc	deranking	sent	vos	VS	VPA	100	1.0	0	0.0	1.5457017946243286	bos_eos
seed_44	4_1_anc_V_form	20_4_1_anc_V_form	fig:heatmap-20-anc-v-form	4.1 ANC verb form	85_vos_ng_ac_d_pa	vos	ng	nom-acc	deranking	poss-acc	vos	VS	VPA	100	1.0	0	0.0	1.5296061086654662	bos_eos
seed_44	4_1_anc_V_form	20_4_1_anc_V_form	fig:heatmap-20-anc-v-form	4.1 ANC verb form	86_vos_ng_ac_d_ep	vos	ng	nom-acc	deranking	erg-poss	vos	VS	VPA	100	1.0	0	0.0	1.4757426404953002	bos_eos
seed_44	4_1_anc_V_form	20_4_1_anc_V_form	fig:heatmap-20-anc-v-form	4.1 ANC verb form	87_vos_ng_ac_d_no	vos	ng	nom-acc	deranking	nomn	vos	VS	VPA	100	1.0	0	0.0	1.505769054889679	bos_eos
seed_44	4_1_anc_V_form	20_4_1_anc_V_form	fig:heatmap-20-anc-v-form	4.1 ANC verb form	88_vos_ng_er_b_se	vos	ng	erg-abs	balancing	sent	vos	VS	VPA	100	0.79	0	0.0	0.715333697795868	bos_eos
seed_44	4_1_anc_V_form	20_4_1_anc_V_form	fig:heatmap-20-anc-v-form	4.1 ANC verb form	89_vos_ng_er_b_pa	vos	ng	erg-abs	balancing	poss-acc	vos	VS	VPA	100	0.88	0	0.0	0.901831910610199	bos_eos
seed_44	4_1_anc_V_form	20_4_1_anc_V_form	fig:heatmap-20-anc-v-form	4.1 ANC verb form	90_vos_ng_er_b_ep	vos	ng	erg-abs	balancing	erg-poss	vos	VS	VPA	100	0.93	0	0.0	1.1362959027290345	bos_eos
seed_44	4_1_anc_V_form	20_4_1_anc_V_form	fig:heatmap-20-anc-v-form	4.1 ANC verb form	91_vos_ng_er_b_no	vos	ng	erg-abs	balancing	nomn	vos	VS	VPA	100	0.96	0	0.0	1.1822987127304077	bos_eos
seed_44	4_1_anc_V_form	20_4_1_anc_V_form	fig:heatmap-20-anc-v-form	4.1 ANC verb form	92_vos_ng_er_d_se	vos	ng	erg-abs	deranking	sent	vos	VS	VPA	100	0.98	0	0.0	1.7434094905853272	bos_eos
seed_44	4_1_anc_V_form	20_4_1_anc_V_form	fig:heatmap-20-anc-v-form	4.1 ANC verb form	93_vos_ng_er_d_pa	vos	ng	erg-abs	deranking	poss-acc	vos	VS	VPA	100	0.99	0	0.0	1.524279704093933	bos_eos
seed_44	4_1_anc_V_form	20_4_1_anc_V_form	fig:heatmap-20-anc-v-form	4.1 ANC verb form	94_vos_ng_er_d_ep	vos	ng	erg-abs	deranking	erg-poss	vos	VS	VPA	100	0.99	0	0.0	1.5997102522850037	bos_eos
seed_44	4_1_anc_V_form	20_4_1_anc_V_form	fig:heatmap-20-anc-v-form	4.1 ANC verb form	95_vos_ng_er_d_no	vos	ng	erg-abs	deranking	nomn	vos	VS	VPA	100	0.99	0	0.0	1.5883530163764954	bos_eos
seed_44	4_2_anc_S_marker	21_4_2_anc_S_marker	fig:heatmap-21-anc-s-marker	4.2 ANC S marker	00_sov_gn_ac_b_se	sov	gn	nom-acc	balancing	sent	sov	SV	APV	100	0.26	0	0.0	-0.15673983812332154	bos_eos
seed_44	4_2_anc_S_marker	21_4_2_anc_S_marker	fig:heatmap-21-anc-s-marker	4.2 ANC S marker	01_sov_gn_ac_b_pa	sov	gn	nom-acc	balancing	poss-acc	sov	SV	APV	100	0.96	0	0.0	0.7100177216529846	bos_eos
seed_44	4_2_anc_S_marker	21_4_2_anc_S_marker	fig:heatmap-21-anc-s-marker	4.2 ANC S marker	02_sov_gn_ac_b_ep	sov	gn	nom-acc	balancing	erg-poss	sov	SV	APV	100	0.97	0	0.0	0.8101066088676453	bos_eos
seed_44	4_2_anc_S_marker	21_4_2_anc_S_marker	fig:heatmap-21-anc-s-marker	4.2 ANC S marker	03_sov_gn_ac_b_no	sov	gn	nom-acc	balancing	nomn	sov	SV	APV	100	0.97	0	0.0	0.7450173544883728	bos_eos
seed_44	4_2_anc_S_marker	21_4_2_anc_S_marker	fig:heatmap-21-anc-s-marker	4.2 ANC S marker	04_sov_gn_ac_d_se	sov	gn	nom-acc	deranking	sent	sov	SV	APV	100	0.3	0	0.0	-0.13018059968948364	bos_eos
seed_44	4_2_anc_S_marker	21_4_2_anc_S_marker	fig:heatmap-21-anc-s-marker	4.2 ANC S marker	05_sov_gn_ac_d_pa	sov	gn	nom-acc	deranking	poss-acc	sov	SV	APV	100	0.93	0	0.0	0.6081847023963928	bos_eos
seed_44	4_2_anc_S_marker	21_4_2_anc_S_marker	fig:heatmap-21-anc-s-marker	4.2 ANC S marker	06_sov_gn_ac_d_ep	sov	gn	nom-acc	deranking	erg-poss	sov	SV	APV	100	0.99	0	0.0	0.7713687801361084	bos_eos
seed_44	4_2_anc_S_marker	21_4_2_anc_S_marker	fig:heatmap-21-anc-s-marker	4.2 ANC S marker	07_sov_gn_ac_d_no	sov	gn	nom-acc	deranking	nomn	sov	SV	APV	100	0.93	0	0.0	0.6082292318344116	bos_eos
seed_44	4_2_anc_S_marker	21_4_2_anc_S_marker	fig:heatmap-21-anc-s-marker	4.2 ANC S marker	08_sov_gn_er_b_se	sov	gn	erg-abs	balancing	sent	sov	SV	APV	100	0.43	0	0.0	-0.05736579418182373	bos_eos
seed_44	4_2_anc_S_marker	21_4_2_anc_S_marker	fig:heatmap-21-anc-s-marker	4.2 ANC S marker	09_sov_gn_er_b_pa	sov	gn	erg-abs	balancing	poss-acc	sov	SV	APV	100	0.93	0	0.0	0.4177620530128479	bos_eos
seed_44	4_2_anc_S_marker	21_4_2_anc_S_marker	fig:heatmap-21-anc-s-marker	4.2 ANC S marker	10_sov_gn_er_b_ep	sov	gn	erg-abs	balancing	erg-poss	sov	SV	APV	100	0.99	0	0.0	1.0251627707481383	bos_eos
seed_44	4_2_anc_S_marker	21_4_2_anc_S_marker	fig:heatmap-21-anc-s-marker	4.2 ANC S marker	11_sov_gn_er_b_no	sov	gn	erg-abs	balancing	nomn	sov	SV	APV	100	0.93	0	0.0	0.8105037927627563	bos_eos
seed_44	4_2_anc_S_marker	21_4_2_anc_S_marker	fig:heatmap-21-anc-s-marker	4.2 ANC S marker	12_sov_gn_er_d_se	sov	gn	erg-abs	deranking	sent	sov	SV	APV	100	0.55	0	0.0	0.08746422290802001	bos_eos
seed_44	4_2_anc_S_marker	21_4_2_anc_S_marker	fig:heatmap-21-anc-s-marker	4.2 ANC S marker	13_sov_gn_er_d_pa	sov	gn	erg-abs	deranking	poss-acc	sov	SV	APV	100	0.75	0	0.0	0.3167818331718445	bos_eos
seed_44	4_2_anc_S_marker	21_4_2_anc_S_marker	fig:heatmap-21-anc-s-marker	4.2 ANC S marker	14_sov_gn_er_d_ep	sov	gn	erg-abs	deranking	erg-poss	sov	SV	APV	100	0.93	0	0.0	0.5945369386672974	bos_eos
seed_44	4_2_anc_S_marker	21_4_2_anc_S_marker	fig:heatmap-21-anc-s-marker	4.2 ANC S marker	15_sov_gn_er_d_no	sov	gn	erg-abs	deranking	nomn	sov	SV	APV	100	0.76	0	0.0	0.295196692943573	bos_eos
seed_44	4_2_anc_S_marker	21_4_2_anc_S_marker	fig:heatmap-21-anc-s-marker	4.2 ANC S marker	16_sov_ng_ac_b_se	sov	ng	nom-acc	balancing	sent	sov	SV	APV	100	0.18	0	0.0	-0.30080556869506836	bos_eos
seed_44	4_2_anc_S_marker	21_4_2_anc_S_marker	fig:heatmap-21-anc-s-marker	4.2 ANC S marker	17_sov_ng_ac_b_pa	sov	ng	nom-acc	balancing	poss-acc	ovs	VS	PVA	100	1.0	0	0.0	1.16996205329895	bos_eos
seed_44	4_2_anc_S_marker	21_4_2_anc_S_marker	fig:heatmap-21-anc-s-marker	4.2 ANC S marker	18_sov_ng_ac_b_ep	sov	ng	nom-acc	balancing	erg-poss	vos	VS	AVP	100	1.0	0	0.0	1.4287110304832458	bos_eos
seed_44	4_2_anc_S_marker	21_4_2_anc_S_marker	fig:heatmap-21-anc-s-marker	4.2 ANC S marker	19_sov_ng_ac_b_no	sov	ng	nom-acc	balancing	nomn	ovs	VS	PVA	100	1.0	0	0.0	1.4341504430770875	bos_eos
seed_44	4_2_anc_S_marker	21_4_2_anc_S_marker	fig:heatmap-21-anc-s-marker	4.2 ANC S marker	20_sov_ng_ac_d_se	sov	ng	nom-acc	deranking	sent	sov	SV	APV	100	0.12	0	0.0	-0.3049118781089783	bos_eos
seed_44	4_2_anc_S_marker	21_4_2_anc_S_marker	fig:heatmap-21-anc-s-marker	4.2 ANC S marker	21_sov_ng_ac_d_pa	sov	ng	nom-acc	deranking	poss-acc	ovs	VS	PVA	100	1.0	0	0.0	1.4201630401611327	bos_eos
seed_44	4_2_anc_S_marker	21_4_2_anc_S_marker	fig:heatmap-21-anc-s-marker	4.2 ANC S marker	22_sov_ng_ac_d_ep	sov	ng	nom-acc	deranking	erg-poss	vos	VS	AVP	100	1.0	0	0.0	1.5954955315589905	bos_eos
seed_44	4_2_anc_S_marker	21_4_2_anc_S_marker	fig:heatmap-21-anc-s-marker	4.2 ANC S marker	23_sov_ng_ac_d_no	sov	ng	nom-acc	deranking	nomn	ovs	VS	PVA	100	1.0	0	0.0	1.3961325478553772	bos_eos
seed_44	4_2_anc_S_marker	21_4_2_anc_S_marker	fig:heatmap-21-anc-s-marker	4.2 ANC S marker	24_sov_ng_er_b_se	sov	ng	erg-abs	balancing	sent	sov	SV	APV	100	0.28	0	0.0	-0.14719997644424437	bos_eos
seed_44	4_2_anc_S_marker	21_4_2_anc_S_marker	fig:heatmap-21-anc-s-marker	4.2 ANC S marker	25_sov_ng_er_b_pa	sov	ng	erg-abs	balancing	poss-acc	ovs	VS	PVA	100	0.96	0	0.0	0.701677279472351	bos_eos
seed_44	4_2_anc_S_marker	21_4_2_anc_S_marker	fig:heatmap-21-anc-s-marker	4.2 ANC S marker	26_sov_ng_er_b_ep	sov	ng	erg-abs	balancing	erg-poss	vos	VS	AVP	100	1.0	0	0.0	1.1781278491020202	bos_eos
seed_44	4_2_anc_S_marker	21_4_2_anc_S_marker	fig:heatmap-21-anc-s-marker	4.2 ANC S marker	27_sov_ng_er_b_no	sov	ng	erg-abs	balancing	nomn	ovs	VS	PVA	100	0.98	0	0.0	0.9220062685012818	bos_eos
seed_44	4_2_anc_S_marker	21_4_2_anc_S_marker	fig:heatmap-21-anc-s-marker	4.2 ANC S marker	28_sov_ng_er_d_se	sov	ng	erg-abs	deranking	sent	sov	SV	APV	100	0.33	0	0.0	-0.056570000648498535	bos_eos
seed_44	4_2_anc_S_marker	21_4_2_anc_S_marker	fig:heatmap-21-anc-s-marker	4.2 ANC S marker	29_sov_ng_er_d_pa	sov	ng	erg-abs	deranking	poss-acc	ovs	VS	PVA	100	0.94	0	0.0	0.7185502958297729	bos_eos
seed_44	4_2_anc_S_marker	21_4_2_anc_S_marker	fig:heatmap-21-anc-s-marker	4.2 ANC S marker	30_sov_ng_er_d_ep	sov	ng	erg-abs	deranking	erg-poss	vos	VS	AVP	100	0.99	0	0.0	1.068068070411682	bos_eos
seed_44	4_2_anc_S_marker	21_4_2_anc_S_marker	fig:heatmap-21-anc-s-marker	4.2 ANC S marker	31_sov_ng_er_d_no	sov	ng	erg-abs	deranking	nomn	ovs	VS	PVA	100	0.97	0	0.0	0.8973154520988464	bos_eos
seed_44	4_2_anc_S_marker	21_4_2_anc_S_marker	fig:heatmap-21-anc-s-marker	4.2 ANC S marker	32_svo_gn_ac_b_se	svo	gn	nom-acc	balancing	sent	svo	SV	AVP	100	0.19	0	0.0	-0.29997351884841916	bos_eos
seed_44	4_2_anc_S_marker	21_4_2_anc_S_marker	fig:heatmap-21-anc-s-marker	4.2 ANC S marker	33_svo_gn_ac_b_pa	svo	gn	nom-acc	balancing	poss-acc	svo	SV	AVP	100	0.98	0	0.0	1.1148328518867492	bos_eos
seed_44	4_2_anc_S_marker	21_4_2_anc_S_marker	fig:heatmap-21-anc-s-marker	4.2 ANC S marker	34_svo_gn_ac_b_ep	svo	gn	nom-acc	balancing	erg-poss	sov	SV	PVA	100	1.0	0	0.0	1.3361673521995545	bos_eos
seed_44	4_2_anc_S_marker	21_4_2_anc_S_marker	fig:heatmap-21-anc-s-marker	4.2 ANC S marker	35_svo_gn_ac_b_no	svo	gn	nom-acc	balancing	nomn	svo	SV	AVP	100	0.98	0	0.0	1.060560200214386	bos_eos
seed_44	4_2_anc_S_marker	21_4_2_anc_S_marker	fig:heatmap-21-anc-s-marker	4.2 ANC S marker	36_svo_gn_ac_d_se	svo	gn	nom-acc	deranking	sent	svo	SV	AVP	100	0.39	0	0.0	-0.07635545492172241	bos_eos
seed_44	4_2_anc_S_marker	21_4_2_anc_S_marker	fig:heatmap-21-anc-s-marker	4.2 ANC S marker	37_svo_gn_ac_d_pa	svo	gn	nom-acc	deranking	poss-acc	svo	SV	AVP	100	0.98	0	0.0	1.0095102548599244	bos_eos
seed_44	4_2_anc_S_marker	21_4_2_anc_S_marker	fig:heatmap-21-anc-s-marker	4.2 ANC S marker	38_svo_gn_ac_d_ep	svo	gn	nom-acc	deranking	erg-poss	sov	SV	PVA	100	1.0	0	0.0	1.1435911297798156	bos_eos
seed_44	4_2_anc_S_marker	21_4_2_anc_S_marker	fig:heatmap-21-anc-s-marker	4.2 ANC S marker	39_svo_gn_ac_d_no	svo	gn	nom-acc	deranking	nomn	svo	SV	AVP	100	0.96	0	0.0	0.8413642406463623	bos_eos
seed_44	4_2_anc_S_marker	21_4_2_anc_S_marker	fig:heatmap-21-anc-s-marker	4.2 ANC S marker	40_svo_gn_er_b_se	svo	gn	erg-abs	balancing	sent	svo	SV	AVP	100	0.18	0	0.0	-0.2769248175621033	bos_eos
seed_44	4_2_anc_S_marker	21_4_2_anc_S_marker	fig:heatmap-21-anc-s-marker	4.2 ANC S marker	41_svo_gn_er_b_pa	svo	gn	erg-abs	balancing	poss-acc	svo	SV	AVP	100	0.99	0	0.0	0.9807518887519836	bos_eos
seed_44	4_2_anc_S_marker	21_4_2_anc_S_marker	fig:heatmap-21-anc-s-marker	4.2 ANC S marker	42_svo_gn_er_b_ep	svo	gn	erg-abs	balancing	erg-poss	sov	SV	PVA	100	0.99	0	0.0	1.355007095336914	bos_eos
seed_44	4_2_anc_S_marker	21_4_2_anc_S_marker	fig:heatmap-21-anc-s-marker	4.2 ANC S marker	43_svo_gn_er_b_no	svo	gn	erg-abs	balancing	nomn	svo	SV	AVP	100	0.98	0	0.0	1.0295995807647704	bos_eos
seed_44	4_2_anc_S_marker	21_4_2_anc_S_marker	fig:heatmap-21-anc-s-marker	4.2 ANC S marker	44_svo_gn_er_d_se	svo	gn	erg-abs	deranking	sent	svo	SV	AVP	100	0.5	0	0.0	-0.02642336130142212	bos_eos
seed_44	4_2_anc_S_marker	21_4_2_anc_S_marker	fig:heatmap-21-anc-s-marker	4.2 ANC S marker	45_svo_gn_er_d_pa	svo	gn	erg-abs	deranking	poss-acc	svo	SV	AVP	100	0.9	0	0.0	0.4695861721038818	bos_eos
seed_44	4_2_anc_S_marker	21_4_2_anc_S_marker	fig:heatmap-21-anc-s-marker	4.2 ANC S marker	46_svo_gn_er_d_ep	svo	gn	erg-abs	deranking	erg-poss	sov	SV	PVA	100	0.97	0	0.0	0.6590799188613892	bos_eos
seed_44	4_2_anc_S_marker	21_4_2_anc_S_marker	fig:heatmap-21-anc-s-marker	4.2 ANC S marker	47_svo_gn_er_d_no	svo	gn	erg-abs	deranking	nomn	svo	SV	AVP	100	0.91	0	0.0	0.5004543185234069	bos_eos
seed_44	4_2_anc_S_marker	21_4_2_anc_S_marker	fig:heatmap-21-anc-s-marker	4.2 ANC S marker	48_svo_ng_ac_b_se	svo	ng	nom-acc	balancing	sent	svo	SV	AVP	100	0.75	0	0.0	0.22167306184768676	bos_eos
seed_44	4_2_anc_S_marker	21_4_2_anc_S_marker	fig:heatmap-21-anc-s-marker	4.2 ANC S marker	49_svo_ng_ac_b_pa	svo	ng	nom-acc	balancing	poss-acc	vos	VS	VPA	100	1.0	0	0.0	1.9984264707565307	bos_eos
seed_44	4_2_anc_S_marker	21_4_2_anc_S_marker	fig:heatmap-21-anc-s-marker	4.2 ANC S marker	50_svo_ng_ac_b_ep	svo	ng	nom-acc	balancing	erg-poss	vos	VS	VPA	100	1.0	0	0.0	2.338560764789581	bos_eos
seed_44	4_2_anc_S_marker	21_4_2_anc_S_marker	fig:heatmap-21-anc-s-marker	4.2 ANC S marker	51_svo_ng_ac_b_no	svo	ng	nom-acc	balancing	nomn	vos	VS	VPA	100	1.0	0	0.0	2.0442567086219787	bos_eos
seed_44	4_2_anc_S_marker	21_4_2_anc_S_marker	fig:heatmap-21-anc-s-marker	4.2 ANC S marker	52_svo_ng_ac_d_se	svo	ng	nom-acc	deranking	sent	svo	SV	AVP	100	0.76	0	0.0	0.2035515284538269	bos_eos
seed_44	4_2_anc_S_marker	21_4_2_anc_S_marker	fig:heatmap-21-anc-s-marker	4.2 ANC S marker	53_svo_ng_ac_d_pa	svo	ng	nom-acc	deranking	poss-acc	vos	VS	VPA	100	1.0	0	0.0	1.8893063282966613	bos_eos
seed_44	4_2_anc_S_marker	21_4_2_anc_S_marker	fig:heatmap-21-anc-s-marker	4.2 ANC S marker	54_svo_ng_ac_d_ep	svo	ng	nom-acc	deranking	erg-poss	vos	VS	VPA	100	1.0	0	0.0	2.075487163066864	bos_eos
seed_44	4_2_anc_S_marker	21_4_2_anc_S_marker	fig:heatmap-21-anc-s-marker	4.2 ANC S marker	55_svo_ng_ac_d_no	svo	ng	nom-acc	deranking	nomn	vos	VS	VPA	100	1.0	0	0.0	2.0932612824440002	bos_eos
seed_44	4_2_anc_S_marker	21_4_2_anc_S_marker	fig:heatmap-21-anc-s-marker	4.2 ANC S marker	56_svo_ng_er_b_se	svo	ng	erg-abs	balancing	sent	svo	SV	AVP	100	0.68	0	0.0	0.1704872727394104	bos_eos
seed_44	4_2_anc_S_marker	21_4_2_anc_S_marker	fig:heatmap-21-anc-s-marker	4.2 ANC S marker	57_svo_ng_er_b_pa	svo	ng	erg-abs	balancing	poss-acc	vos	VS	VPA	100	0.92	0	0.0	0.4862676644325256	bos_eos
seed_44	4_2_anc_S_marker	21_4_2_anc_S_marker	fig:heatmap-21-anc-s-marker	4.2 ANC S marker	58_svo_ng_er_b_ep	svo	ng	erg-abs	balancing	erg-poss	vos	VS	VPA	100	1.0	0	0.0	1.642671492099762	bos_eos
seed_44	4_2_anc_S_marker	21_4_2_anc_S_marker	fig:heatmap-21-anc-s-marker	4.2 ANC S marker	59_svo_ng_er_b_no	svo	ng	erg-abs	balancing	nomn	vos	VS	VPA	100	0.99	0	0.0	1.428333978652954	bos_eos
seed_44	4_2_anc_S_marker	21_4_2_anc_S_marker	fig:heatmap-21-anc-s-marker	4.2 ANC S marker	60_svo_ng_er_d_se	svo	ng	erg-abs	deranking	sent	svo	SV	AVP	100	0.7	0	0.0	0.1584872794151306	bos_eos
seed_44	4_2_anc_S_marker	21_4_2_anc_S_marker	fig:heatmap-21-anc-s-marker	4.2 ANC S marker	61_svo_ng_er_d_pa	svo	ng	erg-abs	deranking	poss-acc	vos	VS	VPA	100	0.88	0	0.0	0.4537729024887085	bos_eos
seed_44	4_2_anc_S_marker	21_4_2_anc_S_marker	fig:heatmap-21-anc-s-marker	4.2 ANC S marker	62_svo_ng_er_d_ep	svo	ng	erg-abs	deranking	erg-poss	vos	VS	VPA	100	0.96	0	0.0	0.6431764817237854	bos_eos
seed_44	4_2_anc_S_marker	21_4_2_anc_S_marker	fig:heatmap-21-anc-s-marker	4.2 ANC S marker	63_svo_ng_er_d_no	svo	ng	erg-abs	deranking	nomn	vos	VS	VPA	100	0.98	0	0.0	1.1525279188156128	bos_eos
seed_44	4_2_anc_S_marker	21_4_2_anc_S_marker	fig:heatmap-21-anc-s-marker	4.2 ANC S marker	64_vos_gn_ac_b_se	vos	gn	nom-acc	balancing	sent	vos	VS	VPA	100	0.16	0	0.0	-0.3277395033836365	bos_eos
seed_44	4_2_anc_S_marker	21_4_2_anc_S_marker	fig:heatmap-21-anc-s-marker	4.2 ANC S marker	65_vos_gn_ac_b_pa	vos	gn	nom-acc	balancing	poss-acc	svo	SV	AVP	100	0.98	0	0.0	1.0054982662200929	bos_eos
seed_44	4_2_anc_S_marker	21_4_2_anc_S_marker	fig:heatmap-21-anc-s-marker	4.2 ANC S marker	66_vos_gn_ac_b_ep	vos	gn	nom-acc	balancing	erg-poss	sov	SV	PVA	100	0.99	0	0.0	1.1904444646835328	bos_eos
seed_44	4_2_anc_S_marker	21_4_2_anc_S_marker	fig:heatmap-21-anc-s-marker	4.2 ANC S marker	67_vos_gn_ac_b_no	vos	gn	nom-acc	balancing	nomn	svo	SV	AVP	100	0.96	0	0.0	0.9829251837730407	bos_eos
seed_44	4_2_anc_S_marker	21_4_2_anc_S_marker	fig:heatmap-21-anc-s-marker	4.2 ANC S marker	68_vos_gn_ac_d_se	vos	gn	nom-acc	deranking	sent	vos	VS	VPA	100	0.25	0	0.0	-0.21378073453903199	bos_eos
seed_44	4_2_anc_S_marker	21_4_2_anc_S_marker	fig:heatmap-21-anc-s-marker	4.2 ANC S marker	69_vos_gn_ac_d_pa	vos	gn	nom-acc	deranking	poss-acc	svo	SV	AVP	100	0.98	0	0.0	1.019682137966156	bos_eos
seed_44	4_2_anc_S_marker	21_4_2_anc_S_marker	fig:heatmap-21-anc-s-marker	4.2 ANC S marker	70_vos_gn_ac_d_ep	vos	gn	nom-acc	deranking	erg-poss	sov	SV	PVA	100	0.99	0	0.0	1.2893279218673706	bos_eos
seed_44	4_2_anc_S_marker	21_4_2_anc_S_marker	fig:heatmap-21-anc-s-marker	4.2 ANC S marker	71_vos_gn_ac_d_no	vos	gn	nom-acc	deranking	nomn	svo	SV	AVP	100	0.98	0	0.0	1.117377598285675	bos_eos
seed_44	4_2_anc_S_marker	21_4_2_anc_S_marker	fig:heatmap-21-anc-s-marker	4.2 ANC S marker	72_vos_gn_er_b_se	vos	gn	erg-abs	balancing	sent	vos	VS	VPA	100	0.39	0	0.0	-0.003828420639038086	bos_eos
seed_44	4_2_anc_S_marker	21_4_2_anc_S_marker	fig:heatmap-21-anc-s-marker	4.2 ANC S marker	73_vos_gn_er_b_pa	vos	gn	erg-abs	balancing	poss-acc	svo	SV	AVP	100	0.96	0	0.0	0.7955891084671021	bos_eos
seed_44	4_2_anc_S_marker	21_4_2_anc_S_marker	fig:heatmap-21-anc-s-marker	4.2 ANC S marker	74_vos_gn_er_b_ep	vos	gn	erg-abs	balancing	erg-poss	sov	SV	PVA	100	0.99	0	0.0	1.0660187315940857	bos_eos
seed_44	4_2_anc_S_marker	21_4_2_anc_S_marker	fig:heatmap-21-anc-s-marker	4.2 ANC S marker	75_vos_gn_er_b_no	vos	gn	erg-abs	balancing	nomn	svo	SV	AVP	100	0.98	0	0.0	1.056567406654358	bos_eos
seed_44	4_2_anc_S_marker	21_4_2_anc_S_marker	fig:heatmap-21-anc-s-marker	4.2 ANC S marker	76_vos_gn_er_d_se	vos	gn	erg-abs	deranking	sent	vos	VS	VPA	100	0.61	0	0.0	0.1357141351699829	bos_eos
seed_44	4_2_anc_S_marker	21_4_2_anc_S_marker	fig:heatmap-21-anc-s-marker	4.2 ANC S marker	77_vos_gn_er_d_pa	vos	gn	erg-abs	deranking	poss-acc	svo	SV	AVP	100	0.97	0	0.0	0.9255166268348693	bos_eos
seed_44	4_2_anc_S_marker	21_4_2_anc_S_marker	fig:heatmap-21-anc-s-marker	4.2 ANC S marker	78_vos_gn_er_d_ep	vos	gn	erg-abs	deranking	erg-poss	sov	SV	PVA	100	0.99	0	0.0	1.1107055044174194	bos_eos
seed_44	4_2_anc_S_marker	21_4_2_anc_S_marker	fig:heatmap-21-anc-s-marker	4.2 ANC S marker	79_vos_gn_er_d_no	vos	gn	erg-abs	deranking	nomn	svo	SV	AVP	100	0.98	0	0.0	0.9414924597740173	bos_eos
seed_44	4_2_anc_S_marker	21_4_2_anc_S_marker	fig:heatmap-21-anc-s-marker	4.2 ANC S marker	80_vos_ng_ac_b_se	vos	ng	nom-acc	balancing	sent	vos	VS	VPA	100	0.09	0	0.0	-0.3180337929725647	bos_eos
seed_44	4_2_anc_S_marker	21_4_2_anc_S_marker	fig:heatmap-21-anc-s-marker	4.2 ANC S marker	81_vos_ng_ac_b_pa	vos	ng	nom-acc	balancing	poss-acc	vos	VS	VPA	100	0.95	0	0.0	0.5721396183967591	bos_eos
seed_44	4_2_anc_S_marker	21_4_2_anc_S_marker	fig:heatmap-21-anc-s-marker	4.2 ANC S marker	82_vos_ng_ac_b_ep	vos	ng	nom-acc	balancing	erg-poss	vos	VS	VPA	100	0.99	0	0.0	0.824584469795227	bos_eos
seed_44	4_2_anc_S_marker	21_4_2_anc_S_marker	fig:heatmap-21-anc-s-marker	4.2 ANC S marker	83_vos_ng_ac_b_no	vos	ng	nom-acc	balancing	nomn	vos	VS	VPA	100	0.96	0	0.0	0.6768309926986694	bos_eos
seed_44	4_2_anc_S_marker	21_4_2_anc_S_marker	fig:heatmap-21-anc-s-marker	4.2 ANC S marker	84_vos_ng_ac_d_se	vos	ng	nom-acc	deranking	sent	vos	VS	VPA	100	0.17	0	0.0	-0.22761954307556154	bos_eos
seed_44	4_2_anc_S_marker	21_4_2_anc_S_marker	fig:heatmap-21-anc-s-marker	4.2 ANC S marker	85_vos_ng_ac_d_pa	vos	ng	nom-acc	deranking	poss-acc	vos	VS	VPA	100	0.96	0	0.0	0.6140195488929748	bos_eos
seed_44	4_2_anc_S_marker	21_4_2_anc_S_marker	fig:heatmap-21-anc-s-marker	4.2 ANC S marker	86_vos_ng_ac_d_ep	vos	ng	nom-acc	deranking	erg-poss	vos	VS	VPA	100	0.98	0	0.0	0.7912949252128602	bos_eos
seed_44	4_2_anc_S_marker	21_4_2_anc_S_marker	fig:heatmap-21-anc-s-marker	4.2 ANC S marker	87_vos_ng_ac_d_no	vos	ng	nom-acc	deranking	nomn	vos	VS	VPA	100	0.96	0	0.0	0.5715209794044495	bos_eos
seed_44	4_2_anc_S_marker	21_4_2_anc_S_marker	fig:heatmap-21-anc-s-marker	4.2 ANC S marker	88_vos_ng_er_b_se	vos	ng	erg-abs	balancing	sent	vos	VS	VPA	100	0.36	0	0.0	-0.07305913925170898	bos_eos
seed_44	4_2_anc_S_marker	21_4_2_anc_S_marker	fig:heatmap-21-anc-s-marker	4.2 ANC S marker	89_vos_ng_er_b_pa	vos	ng	erg-abs	balancing	poss-acc	vos	VS	VPA	100	0.92	0	0.0	0.5031133222579957	bos_eos
seed_44	4_2_anc_S_marker	21_4_2_anc_S_marker	fig:heatmap-21-anc-s-marker	4.2 ANC S marker	90_vos_ng_er_b_ep	vos	ng	erg-abs	balancing	erg-poss	vos	VS	VPA	100	1.0	0	0.0	1.2376852059364318	bos_eos
seed_44	4_2_anc_S_marker	21_4_2_anc_S_marker	fig:heatmap-21-anc-s-marker	4.2 ANC S marker	91_vos_ng_er_b_no	vos	ng	erg-abs	balancing	nomn	vos	VS	VPA	100	0.98	0	0.0	1.0862021231651307	bos_eos
seed_44	4_2_anc_S_marker	21_4_2_anc_S_marker	fig:heatmap-21-anc-s-marker	4.2 ANC S marker	92_vos_ng_er_d_se	vos	ng	erg-abs	deranking	sent	vos	VS	VPA	100	0.87	0	0.0	0.2165345525741577	bos_eos
seed_44	4_2_anc_S_marker	21_4_2_anc_S_marker	fig:heatmap-21-anc-s-marker	4.2 ANC S marker	93_vos_ng_er_d_pa	vos	ng	erg-abs	deranking	poss-acc	vos	VS	VPA	100	0.76	0	0.0	0.18416114807128905	bos_eos
seed_44	4_2_anc_S_marker	21_4_2_anc_S_marker	fig:heatmap-21-anc-s-marker	4.2 ANC S marker	94_vos_ng_er_d_ep	vos	ng	erg-abs	deranking	erg-poss	vos	VS	VPA	100	0.89	0	0.0	0.4761655330657959	bos_eos
seed_44	4_2_anc_S_marker	21_4_2_anc_S_marker	fig:heatmap-21-anc-s-marker	4.2 ANC S marker	95_vos_ng_er_d_no	vos	ng	erg-abs	deranking	nomn	vos	VS	VPA	100	0.78	0	0.0	0.2571225643157959	bos_eos
seed_44	4_3_anc_A_marker	22_4_3_anc_A_marker	fig:heatmap-22-anc-a-marker	4.3 ANC A marker	00_sov_gn_ac_b_se	sov	gn	nom-acc	balancing	sent	sov	SV	APV	100	0.01	0	0.0	-0.5608357644081116	bos_eos
seed_44	4_3_anc_A_marker	22_4_3_anc_A_marker	fig:heatmap-22-anc-a-marker	4.3 ANC A marker	01_sov_gn_ac_b_pa	sov	gn	nom-acc	balancing	poss-acc	sov	SV	APV	100	0.99	0	0.0	0.5918746733665466	bos_eos
seed_44	4_3_anc_A_marker	22_4_3_anc_A_marker	fig:heatmap-22-anc-a-marker	4.3 ANC A marker	02_sov_gn_ac_b_ep	sov	gn	nom-acc	balancing	erg-poss	sov	SV	APV	100	0.22	0	0.0	-0.14869958400726319	bos_eos
seed_44	4_3_anc_A_marker	22_4_3_anc_A_marker	fig:heatmap-22-anc-a-marker	4.3 ANC A marker	03_sov_gn_ac_b_no	sov	gn	nom-acc	balancing	nomn	sov	SV	APV	100	0.98	0	0.0	0.4800086236000061	bos_eos
seed_44	4_3_anc_A_marker	22_4_3_anc_A_marker	fig:heatmap-22-anc-a-marker	4.3 ANC A marker	04_sov_gn_ac_d_se	sov	gn	nom-acc	deranking	sent	sov	SV	APV	100	0.05	0	0.0	-0.35574888467788696	bos_eos
seed_44	4_3_anc_A_marker	22_4_3_anc_A_marker	fig:heatmap-22-anc-a-marker	4.3 ANC A marker	05_sov_gn_ac_d_pa	sov	gn	nom-acc	deranking	poss-acc	sov	SV	APV	100	0.94	0	0.0	0.5169558119773865	bos_eos
seed_44	4_3_anc_A_marker	22_4_3_anc_A_marker	fig:heatmap-22-anc-a-marker	4.3 ANC A marker	06_sov_gn_ac_d_ep	sov	gn	nom-acc	deranking	erg-poss	sov	SV	APV	100	0.28	0	0.0	-0.10897676706314087	bos_eos
seed_44	4_3_anc_A_marker	22_4_3_anc_A_marker	fig:heatmap-22-anc-a-marker	4.3 ANC A marker	07_sov_gn_ac_d_no	sov	gn	nom-acc	deranking	nomn	sov	SV	APV	100	0.94	0	0.0	0.49545777320861817	bos_eos
seed_44	4_3_anc_A_marker	22_4_3_anc_A_marker	fig:heatmap-22-anc-a-marker	4.3 ANC A marker	08_sov_gn_er_b_se	sov	gn	erg-abs	balancing	sent	sov	SV	APV	100	0.65	0	0.0	0.17423914909362792	bos_eos
seed_44	4_3_anc_A_marker	22_4_3_anc_A_marker	fig:heatmap-22-anc-a-marker	4.3 ANC A marker	09_sov_gn_er_b_pa	sov	gn	erg-abs	balancing	poss-acc	sov	SV	APV	100	0.49	0	0.0	-0.09620716571807861	bos_eos
seed_44	4_3_anc_A_marker	22_4_3_anc_A_marker	fig:heatmap-22-anc-a-marker	4.3 ANC A marker	10_sov_gn_er_b_ep	sov	gn	erg-abs	balancing	erg-poss	sov	SV	APV	100	0.0	0	0.0	-0.6777154564857483	bos_eos
seed_44	4_3_anc_A_marker	22_4_3_anc_A_marker	fig:heatmap-22-anc-a-marker	4.3 ANC A marker	11_sov_gn_er_b_no	sov	gn	erg-abs	balancing	nomn	sov	SV	APV	100	0.45	0	0.0	-0.08400236845016479	bos_eos
seed_44	4_3_anc_A_marker	22_4_3_anc_A_marker	fig:heatmap-22-anc-a-marker	4.3 ANC A marker	12_sov_gn_er_d_se	sov	gn	erg-abs	deranking	sent	sov	SV	APV	100	0.97	0	0.0	0.4102201437950134	bos_eos
seed_44	4_3_anc_A_marker	22_4_3_anc_A_marker	fig:heatmap-22-anc-a-marker	4.3 ANC A marker	13_sov_gn_er_d_pa	sov	gn	erg-abs	deranking	poss-acc	sov	SV	APV	100	0.06	0	0.0	-0.33761980056762697	bos_eos
seed_44	4_3_anc_A_marker	22_4_3_anc_A_marker	fig:heatmap-22-anc-a-marker	4.3 ANC A marker	14_sov_gn_er_d_ep	sov	gn	erg-abs	deranking	erg-poss	sov	SV	APV	100	0.0	0	0.0	-0.7454916548728943	bos_eos
seed_44	4_3_anc_A_marker	22_4_3_anc_A_marker	fig:heatmap-22-anc-a-marker	4.3 ANC A marker	15_sov_gn_er_d_no	sov	gn	erg-abs	deranking	nomn	sov	SV	APV	100	0.3	0	0.0	-0.15090910196304322	bos_eos
seed_44	4_3_anc_A_marker	22_4_3_anc_A_marker	fig:heatmap-22-anc-a-marker	4.3 ANC A marker	16_sov_ng_ac_b_se	sov	ng	nom-acc	balancing	sent	sov	SV	APV	100	0.12	0	0.0	-0.2785283923149109	bos_eos
seed_44	4_3_anc_A_marker	22_4_3_anc_A_marker	fig:heatmap-22-anc-a-marker	4.3 ANC A marker	17_sov_ng_ac_b_pa	sov	ng	nom-acc	balancing	poss-acc	ovs	VS	PVA	100	1.0	0	0.0	1.1053745675086974	bos_eos
seed_44	4_3_anc_A_marker	22_4_3_anc_A_marker	fig:heatmap-22-anc-a-marker	4.3 ANC A marker	18_sov_ng_ac_b_ep	sov	ng	nom-acc	balancing	erg-poss	vos	VS	AVP	100	0.56	0	0.0	0.03217940092086792	bos_eos
seed_44	4_3_anc_A_marker	22_4_3_anc_A_marker	fig:heatmap-22-anc-a-marker	4.3 ANC A marker	19_sov_ng_ac_b_no	sov	ng	nom-acc	balancing	nomn	ovs	VS	PVA	100	1.0	0	0.0	1.2192053484916687	bos_eos
seed_44	4_3_anc_A_marker	22_4_3_anc_A_marker	fig:heatmap-22-anc-a-marker	4.3 ANC A marker	20_sov_ng_ac_d_se	sov	ng	nom-acc	deranking	sent	sov	SV	APV	100	0.15	0	0.0	-0.24703009128570558	bos_eos
seed_44	4_3_anc_A_marker	22_4_3_anc_A_marker	fig:heatmap-22-anc-a-marker	4.3 ANC A marker	21_sov_ng_ac_d_pa	sov	ng	nom-acc	deranking	poss-acc	ovs	VS	PVA	100	1.0	0	0.0	1.1507233524322509	bos_eos
seed_44	4_3_anc_A_marker	22_4_3_anc_A_marker	fig:heatmap-22-anc-a-marker	4.3 ANC A marker	22_sov_ng_ac_d_ep	sov	ng	nom-acc	deranking	erg-poss	vos	VS	AVP	100	0.59	0	0.0	0.03480474472045898	bos_eos
seed_44	4_3_anc_A_marker	22_4_3_anc_A_marker	fig:heatmap-22-anc-a-marker	4.3 ANC A marker	23_sov_ng_ac_d_no	sov	ng	nom-acc	deranking	nomn	ovs	VS	PVA	100	1.0	0	0.0	1.2152922296524047	bos_eos
seed_44	4_3_anc_A_marker	22_4_3_anc_A_marker	fig:heatmap-22-anc-a-marker	4.3 ANC A marker	24_sov_ng_er_b_se	sov	ng	erg-abs	balancing	sent	sov	SV	APV	100	0.86	0	0.0	0.34444663047790525	bos_eos
seed_44	4_3_anc_A_marker	22_4_3_anc_A_marker	fig:heatmap-22-anc-a-marker	4.3 ANC A marker	25_sov_ng_er_b_pa	sov	ng	erg-abs	balancing	poss-acc	ovs	VS	PVA	100	0.96	0	0.0	0.9368434071540832	bos_eos
seed_44	4_3_anc_A_marker	22_4_3_anc_A_marker	fig:heatmap-22-anc-a-marker	4.3 ANC A marker	26_sov_ng_er_b_ep	sov	ng	erg-abs	balancing	erg-poss	vos	VS	AVP	100	0.02	0	0.0	-0.5321892189979553	bos_eos
seed_44	4_3_anc_A_marker	22_4_3_anc_A_marker	fig:heatmap-22-anc-a-marker	4.3 ANC A marker	27_sov_ng_er_b_no	sov	ng	erg-abs	balancing	nomn	ovs	VS	PVA	100	0.93	0	0.0	0.7205288028717041	bos_eos
seed_44	4_3_anc_A_marker	22_4_3_anc_A_marker	fig:heatmap-22-anc-a-marker	4.3 ANC A marker	28_sov_ng_er_d_se	sov	ng	erg-abs	deranking	sent	sov	SV	APV	100	0.99	0	0.0	0.7259315347671509	bos_eos
seed_44	4_3_anc_A_marker	22_4_3_anc_A_marker	fig:heatmap-22-anc-a-marker	4.3 ANC A marker	29_sov_ng_er_d_pa	sov	ng	erg-abs	deranking	poss-acc	ovs	VS	PVA	100	0.93	0	0.0	0.6413029742240905	bos_eos
seed_44	4_3_anc_A_marker	22_4_3_anc_A_marker	fig:heatmap-22-anc-a-marker	4.3 ANC A marker	30_sov_ng_er_d_ep	sov	ng	erg-abs	deranking	erg-poss	vos	VS	AVP	100	0.03	0	0.0	-0.5948913311958313	bos_eos
seed_44	4_3_anc_A_marker	22_4_3_anc_A_marker	fig:heatmap-22-anc-a-marker	4.3 ANC A marker	31_sov_ng_er_d_no	sov	ng	erg-abs	deranking	nomn	ovs	VS	PVA	100	0.88	0	0.0	0.5626645803451538	bos_eos
seed_44	4_3_anc_A_marker	22_4_3_anc_A_marker	fig:heatmap-22-anc-a-marker	4.3 ANC A marker	32_svo_gn_ac_b_se	svo	gn	nom-acc	balancing	sent	svo	SV	AVP	100	0.06	0	0.0	-0.44273814201354983	bos_eos
seed_44	4_3_anc_A_marker	22_4_3_anc_A_marker	fig:heatmap-22-anc-a-marker	4.3 ANC A marker	33_svo_gn_ac_b_pa	svo	gn	nom-acc	balancing	poss-acc	svo	SV	AVP	100	1.0	0	0.0	0.9129112458229065	bos_eos
seed_44	4_3_anc_A_marker	22_4_3_anc_A_marker	fig:heatmap-22-anc-a-marker	4.3 ANC A marker	34_svo_gn_ac_b_ep	svo	gn	nom-acc	balancing	erg-poss	sov	SV	PVA	100	1.0	0	0.0	1.644448573589325	bos_eos
seed_44	4_3_anc_A_marker	22_4_3_anc_A_marker	fig:heatmap-22-anc-a-marker	4.3 ANC A marker	35_svo_gn_ac_b_no	svo	gn	nom-acc	balancing	nomn	svo	SV	AVP	100	1.0	0	0.0	0.898429639339447	bos_eos
seed_44	4_3_anc_A_marker	22_4_3_anc_A_marker	fig:heatmap-22-anc-a-marker	4.3 ANC A marker	36_svo_gn_ac_d_se	svo	gn	nom-acc	deranking	sent	svo	SV	AVP	100	0.19	0	0.0	-0.28610456466674805	bos_eos
seed_44	4_3_anc_A_marker	22_4_3_anc_A_marker	fig:heatmap-22-anc-a-marker	4.3 ANC A marker	37_svo_gn_ac_d_pa	svo	gn	nom-acc	deranking	poss-acc	svo	SV	AVP	100	0.99	0	0.0	0.8468169760704041	bos_eos
seed_44	4_3_anc_A_marker	22_4_3_anc_A_marker	fig:heatmap-22-anc-a-marker	4.3 ANC A marker	38_svo_gn_ac_d_ep	svo	gn	nom-acc	deranking	erg-poss	sov	SV	PVA	100	1.0	0	0.0	1.504670741558075	bos_eos
seed_44	4_3_anc_A_marker	22_4_3_anc_A_marker	fig:heatmap-22-anc-a-marker	4.3 ANC A marker	39_svo_gn_ac_d_no	svo	gn	nom-acc	deranking	nomn	svo	SV	AVP	100	0.99	0	0.0	0.8989689993858337	bos_eos
seed_44	4_3_anc_A_marker	22_4_3_anc_A_marker	fig:heatmap-22-anc-a-marker	4.3 ANC A marker	40_svo_gn_er_b_se	svo	gn	erg-abs	balancing	sent	svo	SV	AVP	100	0.83	0	0.0	0.3240345096588135	bos_eos
seed_44	4_3_anc_A_marker	22_4_3_anc_A_marker	fig:heatmap-22-anc-a-marker	4.3 ANC A marker	41_svo_gn_er_b_pa	svo	gn	erg-abs	balancing	poss-acc	svo	SV	AVP	100	0.6	0	0.0	0.13751116037368774	bos_eos
seed_44	4_3_anc_A_marker	22_4_3_anc_A_marker	fig:heatmap-22-anc-a-marker	4.3 ANC A marker	42_svo_gn_er_b_ep	svo	gn	erg-abs	balancing	erg-poss	sov	SV	PVA	100	0.93	0	0.0	0.5809539079666137	bos_eos
seed_44	4_3_anc_A_marker	22_4_3_anc_A_marker	fig:heatmap-22-anc-a-marker	4.3 ANC A marker	43_svo_gn_er_b_no	svo	gn	erg-abs	balancing	nomn	svo	SV	AVP	100	0.76	0	0.0	0.20905123233795167	bos_eos
seed_44	4_3_anc_A_marker	22_4_3_anc_A_marker	fig:heatmap-22-anc-a-marker	4.3 ANC A marker	44_svo_gn_er_d_se	svo	gn	erg-abs	deranking	sent	svo	SV	AVP	100	1.0	0	0.0	1.0469302129745484	bos_eos
seed_44	4_3_anc_A_marker	22_4_3_anc_A_marker	fig:heatmap-22-anc-a-marker	4.3 ANC A marker	45_svo_gn_er_d_pa	svo	gn	erg-abs	deranking	poss-acc	svo	SV	AVP	100	0.0	0	0.0	-0.8377166032791138	bos_eos
seed_44	4_3_anc_A_marker	22_4_3_anc_A_marker	fig:heatmap-22-anc-a-marker	4.3 ANC A marker	46_svo_gn_er_d_ep	svo	gn	erg-abs	deranking	erg-poss	sov	SV	PVA	100	0.83	0	0.0	0.3132002258300781	bos_eos
seed_44	4_3_anc_A_marker	22_4_3_anc_A_marker	fig:heatmap-22-anc-a-marker	4.3 ANC A marker	47_svo_gn_er_d_no	svo	gn	erg-abs	deranking	nomn	svo	SV	AVP	100	0.43	0	0.0	-0.14117597579956054	bos_eos
seed_44	4_3_anc_A_marker	22_4_3_anc_A_marker	fig:heatmap-22-anc-a-marker	4.3 ANC A marker	48_svo_ng_ac_b_se	svo	ng	nom-acc	balancing	sent	svo	SV	AVP	100	0.67	0	0.0	0.0708062195777893	bos_eos
seed_44	4_3_anc_A_marker	22_4_3_anc_A_marker	fig:heatmap-22-anc-a-marker	4.3 ANC A marker	49_svo_ng_ac_b_pa	svo	ng	nom-acc	balancing	poss-acc	vos	VS	VPA	100	1.0	0	0.0	1.829612009525299	bos_eos
seed_44	4_3_anc_A_marker	22_4_3_anc_A_marker	fig:heatmap-22-anc-a-marker	4.3 ANC A marker	50_svo_ng_ac_b_ep	svo	ng	nom-acc	balancing	erg-poss	vos	VS	VPA	100	1.0	0	0.0	1.5366942286491394	bos_eos
seed_44	4_3_anc_A_marker	22_4_3_anc_A_marker	fig:heatmap-22-anc-a-marker	4.3 ANC A marker	51_svo_ng_ac_b_no	svo	ng	nom-acc	balancing	nomn	vos	VS	VPA	100	1.0	0	0.0	1.7269178104400635	bos_eos
seed_44	4_3_anc_A_marker	22_4_3_anc_A_marker	fig:heatmap-22-anc-a-marker	4.3 ANC A marker	52_svo_ng_ac_d_se	svo	ng	nom-acc	deranking	sent	svo	SV	AVP	100	0.68	0	0.0	0.09113778829574586	bos_eos
seed_44	4_3_anc_A_marker	22_4_3_anc_A_marker	fig:heatmap-22-anc-a-marker	4.3 ANC A marker	53_svo_ng_ac_d_pa	svo	ng	nom-acc	deranking	poss-acc	vos	VS	VPA	100	1.0	0	0.0	1.653414170742035	bos_eos
seed_44	4_3_anc_A_marker	22_4_3_anc_A_marker	fig:heatmap-22-anc-a-marker	4.3 ANC A marker	54_svo_ng_ac_d_ep	svo	ng	nom-acc	deranking	erg-poss	vos	VS	VPA	100	1.0	0	0.0	1.146800286769867	bos_eos
seed_44	4_3_anc_A_marker	22_4_3_anc_A_marker	fig:heatmap-22-anc-a-marker	4.3 ANC A marker	55_svo_ng_ac_d_no	svo	ng	nom-acc	deranking	nomn	vos	VS	VPA	100	1.0	0	0.0	1.6478032064437866	bos_eos
seed_44	4_3_anc_A_marker	22_4_3_anc_A_marker	fig:heatmap-22-anc-a-marker	4.3 ANC A marker	56_svo_ng_er_b_se	svo	ng	erg-abs	balancing	sent	svo	SV	AVP	100	1.0	0	0.0	0.807712869644165	bos_eos
seed_44	4_3_anc_A_marker	22_4_3_anc_A_marker	fig:heatmap-22-anc-a-marker	4.3 ANC A marker	57_svo_ng_er_b_pa	svo	ng	erg-abs	balancing	poss-acc	vos	VS	VPA	100	0.95	0	0.0	1.0768933367729188	bos_eos
seed_44	4_3_anc_A_marker	22_4_3_anc_A_marker	fig:heatmap-22-anc-a-marker	4.3 ANC A marker	58_svo_ng_er_b_ep	svo	ng	erg-abs	balancing	erg-poss	vos	VS	VPA	100	0.91	0	0.0	0.7086979460716247	bos_eos
seed_44	4_3_anc_A_marker	22_4_3_anc_A_marker	fig:heatmap-22-anc-a-marker	4.3 ANC A marker	59_svo_ng_er_b_no	svo	ng	erg-abs	balancing	nomn	vos	VS	VPA	100	0.98	0	0.0	1.1703562569618224	bos_eos
seed_44	4_3_anc_A_marker	22_4_3_anc_A_marker	fig:heatmap-22-anc-a-marker	4.3 ANC A marker	60_svo_ng_er_d_se	svo	ng	erg-abs	deranking	sent	svo	SV	AVP	100	1.0	0	0.0	1.2485253047943115	bos_eos
seed_44	4_3_anc_A_marker	22_4_3_anc_A_marker	fig:heatmap-22-anc-a-marker	4.3 ANC A marker	61_svo_ng_er_d_pa	svo	ng	erg-abs	deranking	poss-acc	vos	VS	VPA	100	0.97	0	0.0	1.0517516350746154	bos_eos
seed_44	4_3_anc_A_marker	22_4_3_anc_A_marker	fig:heatmap-22-anc-a-marker	4.3 ANC A marker	62_svo_ng_er_d_ep	svo	ng	erg-abs	deranking	erg-poss	vos	VS	VPA	100	0.77	0	0.0	0.19346486568450927	bos_eos
seed_44	4_3_anc_A_marker	22_4_3_anc_A_marker	fig:heatmap-22-anc-a-marker	4.3 ANC A marker	63_svo_ng_er_d_no	svo	ng	erg-abs	deranking	nomn	vos	VS	VPA	100	0.97	0	0.0	1.1624376821517943	bos_eos
seed_44	4_3_anc_A_marker	22_4_3_anc_A_marker	fig:heatmap-22-anc-a-marker	4.3 ANC A marker	64_vos_gn_ac_b_se	vos	gn	nom-acc	balancing	sent	vos	VS	VPA	100	0.19	0	0.0	-0.29108824968338015	bos_eos
seed_44	4_3_anc_A_marker	22_4_3_anc_A_marker	fig:heatmap-22-anc-a-marker	4.3 ANC A marker	65_vos_gn_ac_b_pa	vos	gn	nom-acc	balancing	poss-acc	svo	SV	AVP	100	0.99	0	0.0	0.8740860033035278	bos_eos
seed_44	4_3_anc_A_marker	22_4_3_anc_A_marker	fig:heatmap-22-anc-a-marker	4.3 ANC A marker	66_vos_gn_ac_b_ep	vos	gn	nom-acc	balancing	erg-poss	sov	SV	PVA	100	0.9	0	0.0	0.20303613185882569	bos_eos
seed_44	4_3_anc_A_marker	22_4_3_anc_A_marker	fig:heatmap-22-anc-a-marker	4.3 ANC A marker	67_vos_gn_ac_b_no	vos	gn	nom-acc	balancing	nomn	svo	SV	AVP	100	0.99	0	0.0	0.9409795832633973	bos_eos
seed_44	4_3_anc_A_marker	22_4_3_anc_A_marker	fig:heatmap-22-anc-a-marker	4.3 ANC A marker	68_vos_gn_ac_d_se	vos	gn	nom-acc	deranking	sent	vos	VS	VPA	100	0.4	0	0.0	-0.08926531314849853	bos_eos
seed_44	4_3_anc_A_marker	22_4_3_anc_A_marker	fig:heatmap-22-anc-a-marker	4.3 ANC A marker	69_vos_gn_ac_d_pa	vos	gn	nom-acc	deranking	poss-acc	svo	SV	AVP	100	0.99	0	0.0	0.9151526808738708	bos_eos
seed_44	4_3_anc_A_marker	22_4_3_anc_A_marker	fig:heatmap-22-anc-a-marker	4.3 ANC A marker	70_vos_gn_ac_d_ep	vos	gn	nom-acc	deranking	erg-poss	sov	SV	PVA	100	0.83	0	0.0	0.25688876628875734	bos_eos
seed_44	4_3_anc_A_marker	22_4_3_anc_A_marker	fig:heatmap-22-anc-a-marker	4.3 ANC A marker	71_vos_gn_ac_d_no	vos	gn	nom-acc	deranking	nomn	svo	SV	AVP	100	0.98	0	0.0	1.0033525037765503	bos_eos
seed_44	4_3_anc_A_marker	22_4_3_anc_A_marker	fig:heatmap-22-anc-a-marker	4.3 ANC A marker	72_vos_gn_er_b_se	vos	gn	erg-abs	balancing	sent	vos	VS	VPA	100	0.53	0	0.0	0.06544787883758545	bos_eos
seed_44	4_3_anc_A_marker	22_4_3_anc_A_marker	fig:heatmap-22-anc-a-marker	4.3 ANC A marker	73_vos_gn_er_b_pa	vos	gn	erg-abs	balancing	poss-acc	svo	SV	AVP	100	0.96	0	0.0	1.0587194275856018	bos_eos
seed_44	4_3_anc_A_marker	22_4_3_anc_A_marker	fig:heatmap-22-anc-a-marker	4.3 ANC A marker	74_vos_gn_er_b_ep	vos	gn	erg-abs	balancing	erg-poss	sov	SV	PVA	100	0.48	0	0.0	-0.09740506887435912	bos_eos
seed_44	4_3_anc_A_marker	22_4_3_anc_A_marker	fig:heatmap-22-anc-a-marker	4.3 ANC A marker	75_vos_gn_er_b_no	vos	gn	erg-abs	balancing	nomn	svo	SV	AVP	100	0.98	0	0.0	1.242952160835266	bos_eos
seed_44	4_3_anc_A_marker	22_4_3_anc_A_marker	fig:heatmap-22-anc-a-marker	4.3 ANC A marker	76_vos_gn_er_d_se	vos	gn	erg-abs	deranking	sent	vos	VS	VPA	100	0.98	0	0.0	0.7301457810401917	bos_eos
seed_44	4_3_anc_A_marker	22_4_3_anc_A_marker	fig:heatmap-22-anc-a-marker	4.3 ANC A marker	77_vos_gn_er_d_pa	vos	gn	erg-abs	deranking	poss-acc	svo	SV	AVP	100	0.94	0	0.0	1.0359218049049377	bos_eos
seed_44	4_3_anc_A_marker	22_4_3_anc_A_marker	fig:heatmap-22-anc-a-marker	4.3 ANC A marker	78_vos_gn_er_d_ep	vos	gn	erg-abs	deranking	erg-poss	sov	SV	PVA	100	0.22	0	0.0	-0.2899454951286316	bos_eos
seed_44	4_3_anc_A_marker	22_4_3_anc_A_marker	fig:heatmap-22-anc-a-marker	4.3 ANC A marker	79_vos_gn_er_d_no	vos	gn	erg-abs	deranking	nomn	svo	SV	AVP	100	0.97	0	0.0	1.024229416847229	bos_eos
seed_44	4_3_anc_A_marker	22_4_3_anc_A_marker	fig:heatmap-22-anc-a-marker	4.3 ANC A marker	80_vos_ng_ac_b_se	vos	ng	nom-acc	balancing	sent	vos	VS	VPA	100	0.02	0	0.0	-0.49069168090820314	bos_eos
seed_44	4_3_anc_A_marker	22_4_3_anc_A_marker	fig:heatmap-22-anc-a-marker	4.3 ANC A marker	81_vos_ng_ac_b_pa	vos	ng	nom-acc	balancing	poss-acc	vos	VS	VPA	100	0.99	0	0.0	0.5532216763496399	bos_eos
seed_44	4_3_anc_A_marker	22_4_3_anc_A_marker	fig:heatmap-22-anc-a-marker	4.3 ANC A marker	82_vos_ng_ac_b_ep	vos	ng	nom-acc	balancing	erg-poss	vos	VS	VPA	100	0.85	0	0.0	0.19925570487976074	bos_eos
seed_44	4_3_anc_A_marker	22_4_3_anc_A_marker	fig:heatmap-22-anc-a-marker	4.3 ANC A marker	83_vos_ng_ac_b_no	vos	ng	nom-acc	balancing	nomn	vos	VS	VPA	100	0.99	0	0.0	0.588976092338562	bos_eos
seed_44	4_3_anc_A_marker	22_4_3_anc_A_marker	fig:heatmap-22-anc-a-marker	4.3 ANC A marker	84_vos_ng_ac_d_se	vos	ng	nom-acc	deranking	sent	vos	VS	VPA	100	0.07	0	0.0	-0.29148298501968384	bos_eos
seed_44	4_3_anc_A_marker	22_4_3_anc_A_marker	fig:heatmap-22-anc-a-marker	4.3 ANC A marker	85_vos_ng_ac_d_pa	vos	ng	nom-acc	deranking	poss-acc	vos	VS	VPA	100	0.96	0	0.0	0.5182355833053589	bos_eos
seed_44	4_3_anc_A_marker	22_4_3_anc_A_marker	fig:heatmap-22-anc-a-marker	4.3 ANC A marker	86_vos_ng_ac_d_ep	vos	ng	nom-acc	deranking	erg-poss	vos	VS	VPA	100	0.65	0	0.0	0.08559815406799316	bos_eos
seed_44	4_3_anc_A_marker	22_4_3_anc_A_marker	fig:heatmap-22-anc-a-marker	4.3 ANC A marker	87_vos_ng_ac_d_no	vos	ng	nom-acc	deranking	nomn	vos	VS	VPA	100	0.97	0	0.0	0.44855990171432497	bos_eos
seed_44	4_3_anc_A_marker	22_4_3_anc_A_marker	fig:heatmap-22-anc-a-marker	4.3 ANC A marker	88_vos_ng_er_b_se	vos	ng	erg-abs	balancing	sent	vos	VS	VPA	100	0.52	0	0.0	0.06378108501434326	bos_eos
seed_44	4_3_anc_A_marker	22_4_3_anc_A_marker	fig:heatmap-22-anc-a-marker	4.3 ANC A marker	89_vos_ng_er_b_pa	vos	ng	erg-abs	balancing	poss-acc	vos	VS	VPA	100	0.71	0	0.0	0.07952407836914062	bos_eos
seed_44	4_3_anc_A_marker	22_4_3_anc_A_marker	fig:heatmap-22-anc-a-marker	4.3 ANC A marker	90_vos_ng_er_b_ep	vos	ng	erg-abs	balancing	erg-poss	vos	VS	VPA	100	0.08	0	0.0	-0.374772253036499	bos_eos
seed_44	4_3_anc_A_marker	22_4_3_anc_A_marker	fig:heatmap-22-anc-a-marker	4.3 ANC A marker	91_vos_ng_er_b_no	vos	ng	erg-abs	balancing	nomn	vos	VS	VPA	100	0.75	0	0.0	0.1111824107170105	bos_eos
seed_44	4_3_anc_A_marker	22_4_3_anc_A_marker	fig:heatmap-22-anc-a-marker	4.3 ANC A marker	92_vos_ng_er_d_se	vos	ng	erg-abs	deranking	sent	vos	VS	VPA	100	0.91	0	0.0	0.4402897214889526	bos_eos
seed_44	4_3_anc_A_marker	22_4_3_anc_A_marker	fig:heatmap-22-anc-a-marker	4.3 ANC A marker	93_vos_ng_er_d_pa	vos	ng	erg-abs	deranking	poss-acc	vos	VS	VPA	100	0.08	0	0.0	-0.41377365589141846	bos_eos
seed_44	4_3_anc_A_marker	22_4_3_anc_A_marker	fig:heatmap-22-anc-a-marker	4.3 ANC A marker	94_vos_ng_er_d_ep	vos	ng	erg-abs	deranking	erg-poss	vos	VS	VPA	100	0.01	0	0.0	-0.7058005905151368	bos_eos
seed_44	4_3_anc_A_marker	22_4_3_anc_A_marker	fig:heatmap-22-anc-a-marker	4.3 ANC A marker	95_vos_ng_er_d_no	vos	ng	erg-abs	deranking	nomn	vos	VS	VPA	100	0.33	0	0.0	-0.15320807218551635	bos_eos
seed_44	4_4_anc_P_marker	23_4_4_anc_P_marker	fig:heatmap-23-anc-p-marker	4.4 ANC P marker	00_sov_gn_ac_b_se	sov	gn	nom-acc	balancing	sent	sov	SV	APV	100	0.92	0	0.0	0.5750569891929627	bos_eos
seed_44	4_4_anc_P_marker	23_4_4_anc_P_marker	fig:heatmap-23-anc-p-marker	4.4 ANC P marker	01_sov_gn_ac_b_pa	sov	gn	nom-acc	balancing	poss-acc	sov	SV	APV	100	0.94	0	0.0	0.3526552104949951	bos_eos
seed_44	4_4_anc_P_marker	23_4_4_anc_P_marker	fig:heatmap-23-anc-p-marker	4.4 ANC P marker	02_sov_gn_ac_b_ep	sov	gn	nom-acc	balancing	erg-poss	sov	SV	APV	100	0.97	0	0.0	0.7889183855056763	bos_eos
seed_44	4_4_anc_P_marker	23_4_4_anc_P_marker	fig:heatmap-23-anc-p-marker	4.4 ANC P marker	03_sov_gn_ac_b_no	sov	gn	nom-acc	balancing	nomn	sov	SV	APV	100	0.98	0	0.0	0.8604002642631531	bos_eos
seed_44	4_4_anc_P_marker	23_4_4_anc_P_marker	fig:heatmap-23-anc-p-marker	4.4 ANC P marker	04_sov_gn_ac_d_se	sov	gn	nom-acc	deranking	sent	sov	SV	APV	100	1.0	0	0.0	0.7484858965873719	bos_eos
seed_44	4_4_anc_P_marker	23_4_4_anc_P_marker	fig:heatmap-23-anc-p-marker	4.4 ANC P marker	05_sov_gn_ac_d_pa	sov	gn	nom-acc	deranking	poss-acc	sov	SV	APV	100	0.95	0	0.0	0.39538390636444093	bos_eos
seed_44	4_4_anc_P_marker	23_4_4_anc_P_marker	fig:heatmap-23-anc-p-marker	4.4 ANC P marker	06_sov_gn_ac_d_ep	sov	gn	nom-acc	deranking	erg-poss	sov	SV	APV	100	0.87	0	0.0	0.33167061090469363	bos_eos
seed_44	4_4_anc_P_marker	23_4_4_anc_P_marker	fig:heatmap-23-anc-p-marker	4.4 ANC P marker	07_sov_gn_ac_d_no	sov	gn	nom-acc	deranking	nomn	sov	SV	APV	100	0.95	0	0.0	0.4730250930786133	bos_eos
seed_44	4_4_anc_P_marker	23_4_4_anc_P_marker	fig:heatmap-23-anc-p-marker	4.4 ANC P marker	08_sov_gn_er_b_se	sov	gn	erg-abs	balancing	sent	sov	SV	APV	100	0.58	0	0.0	0.07283231496810913	bos_eos
seed_44	4_4_anc_P_marker	23_4_4_anc_P_marker	fig:heatmap-23-anc-p-marker	4.4 ANC P marker	09_sov_gn_er_b_pa	sov	gn	erg-abs	balancing	poss-acc	sov	SV	APV	100	0.34	0	0.0	-0.11314184188842774	bos_eos
seed_44	4_4_anc_P_marker	23_4_4_anc_P_marker	fig:heatmap-23-anc-p-marker	4.4 ANC P marker	10_sov_gn_er_b_ep	sov	gn	erg-abs	balancing	erg-poss	sov	SV	APV	100	0.99	0	0.0	0.7254435443878173	bos_eos
seed_44	4_4_anc_P_marker	23_4_4_anc_P_marker	fig:heatmap-23-anc-p-marker	4.4 ANC P marker	11_sov_gn_er_b_no	sov	gn	erg-abs	balancing	nomn	sov	SV	APV	100	0.98	0	0.0	0.6663841509819031	bos_eos
seed_44	4_4_anc_P_marker	23_4_4_anc_P_marker	fig:heatmap-23-anc-p-marker	4.4 ANC P marker	12_sov_gn_er_d_se	sov	gn	erg-abs	deranking	sent	sov	SV	APV	100	0.9	0	0.0	0.3552761745452881	bos_eos
seed_44	4_4_anc_P_marker	23_4_4_anc_P_marker	fig:heatmap-23-anc-p-marker	4.4 ANC P marker	13_sov_gn_er_d_pa	sov	gn	erg-abs	deranking	poss-acc	sov	SV	APV	100	0.58	0	0.0	0.022179780006408693	bos_eos
seed_44	4_4_anc_P_marker	23_4_4_anc_P_marker	fig:heatmap-23-anc-p-marker	4.4 ANC P marker	14_sov_gn_er_d_ep	sov	gn	erg-abs	deranking	erg-poss	sov	SV	APV	100	0.98	0	0.0	0.47596323013305664	bos_eos
seed_44	4_4_anc_P_marker	23_4_4_anc_P_marker	fig:heatmap-23-anc-p-marker	4.4 ANC P marker	15_sov_gn_er_d_no	sov	gn	erg-abs	deranking	nomn	sov	SV	APV	100	0.9	0	0.0	0.40348306179046634	bos_eos
seed_44	4_4_anc_P_marker	23_4_4_anc_P_marker	fig:heatmap-23-anc-p-marker	4.4 ANC P marker	16_sov_ng_ac_b_se	sov	ng	nom-acc	balancing	sent	sov	SV	APV	100	0.97	0	0.0	0.6478796195983887	bos_eos
seed_44	4_4_anc_P_marker	23_4_4_anc_P_marker	fig:heatmap-23-anc-p-marker	4.4 ANC P marker	17_sov_ng_ac_b_pa	sov	ng	nom-acc	balancing	poss-acc	ovs	VS	PVA	100	0.98	0	0.0	0.5517545890808105	bos_eos
seed_44	4_4_anc_P_marker	23_4_4_anc_P_marker	fig:heatmap-23-anc-p-marker	4.4 ANC P marker	18_sov_ng_ac_b_ep	sov	ng	nom-acc	balancing	erg-poss	vos	VS	AVP	100	0.96	0	0.0	0.6066051578521728	bos_eos
seed_44	4_4_anc_P_marker	23_4_4_anc_P_marker	fig:heatmap-23-anc-p-marker	4.4 ANC P marker	19_sov_ng_ac_b_no	sov	ng	nom-acc	balancing	nomn	ovs	VS	PVA	100	0.99	0	0.0	0.7569017148017884	bos_eos
seed_44	4_4_anc_P_marker	23_4_4_anc_P_marker	fig:heatmap-23-anc-p-marker	4.4 ANC P marker	20_sov_ng_ac_d_se	sov	ng	nom-acc	deranking	sent	sov	SV	APV	100	1.0	0	0.0	0.6975628209114074	bos_eos
seed_44	4_4_anc_P_marker	23_4_4_anc_P_marker	fig:heatmap-23-anc-p-marker	4.4 ANC P marker	21_sov_ng_ac_d_pa	sov	ng	nom-acc	deranking	poss-acc	ovs	VS	PVA	100	0.99	0	0.0	0.529997193813324	bos_eos
seed_44	4_4_anc_P_marker	23_4_4_anc_P_marker	fig:heatmap-23-anc-p-marker	4.4 ANC P marker	22_sov_ng_ac_d_ep	sov	ng	nom-acc	deranking	erg-poss	vos	VS	AVP	100	0.96	0	0.0	0.7347880625724792	bos_eos
seed_44	4_4_anc_P_marker	23_4_4_anc_P_marker	fig:heatmap-23-anc-p-marker	4.4 ANC P marker	23_sov_ng_ac_d_no	sov	ng	nom-acc	deranking	nomn	ovs	VS	PVA	100	0.95	0	0.0	0.5502611231803894	bos_eos
seed_44	4_4_anc_P_marker	23_4_4_anc_P_marker	fig:heatmap-23-anc-p-marker	4.4 ANC P marker	24_sov_ng_er_b_se	sov	ng	erg-abs	balancing	sent	sov	SV	APV	100	0.37	0	0.0	-0.10880667209625244	bos_eos
seed_44	4_4_anc_P_marker	23_4_4_anc_P_marker	fig:heatmap-23-anc-p-marker	4.4 ANC P marker	25_sov_ng_er_b_pa	sov	ng	erg-abs	balancing	poss-acc	ovs	VS	PVA	100	0.6	0	0.0	0.04949709415435791	bos_eos
seed_44	4_4_anc_P_marker	23_4_4_anc_P_marker	fig:heatmap-23-anc-p-marker	4.4 ANC P marker	26_sov_ng_er_b_ep	sov	ng	erg-abs	balancing	erg-poss	vos	VS	AVP	100	1.0	0	0.0	0.7105298805236816	bos_eos
seed_44	4_4_anc_P_marker	23_4_4_anc_P_marker	fig:heatmap-23-anc-p-marker	4.4 ANC P marker	27_sov_ng_er_b_no	sov	ng	erg-abs	balancing	nomn	ovs	VS	PVA	100	0.99	0	0.0	0.6722247815132141	bos_eos
seed_44	4_4_anc_P_marker	23_4_4_anc_P_marker	fig:heatmap-23-anc-p-marker	4.4 ANC P marker	28_sov_ng_er_d_se	sov	ng	erg-abs	deranking	sent	sov	SV	APV	100	0.79	0	0.0	0.11338804006576537	bos_eos
seed_44	4_4_anc_P_marker	23_4_4_anc_P_marker	fig:heatmap-23-anc-p-marker	4.4 ANC P marker	29_sov_ng_er_d_pa	sov	ng	erg-abs	deranking	poss-acc	ovs	VS	PVA	100	0.74	0	0.0	0.1337946105003357	bos_eos
seed_44	4_4_anc_P_marker	23_4_4_anc_P_marker	fig:heatmap-23-anc-p-marker	4.4 ANC P marker	30_sov_ng_er_d_ep	sov	ng	erg-abs	deranking	erg-poss	vos	VS	AVP	100	1.0	0	0.0	0.8898989343643189	bos_eos
seed_44	4_4_anc_P_marker	23_4_4_anc_P_marker	fig:heatmap-23-anc-p-marker	4.4 ANC P marker	31_sov_ng_er_d_no	sov	ng	erg-abs	deranking	nomn	ovs	VS	PVA	100	0.93	0	0.0	0.5212035918235779	bos_eos
seed_44	4_4_anc_P_marker	23_4_4_anc_P_marker	fig:heatmap-23-anc-p-marker	4.4 ANC P marker	32_svo_gn_ac_b_se	svo	gn	nom-acc	balancing	sent	svo	SV	AVP	100	1.0	0	0.0	1.613906922340393	bos_eos
seed_44	4_4_anc_P_marker	23_4_4_anc_P_marker	fig:heatmap-23-anc-p-marker	4.4 ANC P marker	33_svo_gn_ac_b_pa	svo	gn	nom-acc	balancing	poss-acc	svo	SV	AVP	100	1.0	0	0.0	1.4846345257759095	bos_eos
seed_44	4_4_anc_P_marker	23_4_4_anc_P_marker	fig:heatmap-23-anc-p-marker	4.4 ANC P marker	34_svo_gn_ac_b_ep	svo	gn	nom-acc	balancing	erg-poss	sov	SV	PVA	100	1.0	0	0.0	1.287088656425476	bos_eos
seed_44	4_4_anc_P_marker	23_4_4_anc_P_marker	fig:heatmap-23-anc-p-marker	4.4 ANC P marker	35_svo_gn_ac_b_no	svo	gn	nom-acc	balancing	nomn	svo	SV	AVP	100	0.98	0	0.0	0.8975293755531311	bos_eos
seed_44	4_4_anc_P_marker	23_4_4_anc_P_marker	fig:heatmap-23-anc-p-marker	4.4 ANC P marker	36_svo_gn_ac_d_se	svo	gn	nom-acc	deranking	sent	svo	SV	AVP	100	1.0	0	0.0	1.710364077091217	bos_eos
seed_44	4_4_anc_P_marker	23_4_4_anc_P_marker	fig:heatmap-23-anc-p-marker	4.4 ANC P marker	37_svo_gn_ac_d_pa	svo	gn	nom-acc	deranking	poss-acc	svo	SV	AVP	100	1.0	0	0.0	1.3058777499198913	bos_eos
seed_44	4_4_anc_P_marker	23_4_4_anc_P_marker	fig:heatmap-23-anc-p-marker	4.4 ANC P marker	38_svo_gn_ac_d_ep	svo	gn	nom-acc	deranking	erg-poss	sov	SV	PVA	100	0.99	0	0.0	1.3041668319702149	bos_eos
seed_44	4_4_anc_P_marker	23_4_4_anc_P_marker	fig:heatmap-23-anc-p-marker	4.4 ANC P marker	39_svo_gn_ac_d_no	svo	gn	nom-acc	deranking	nomn	svo	SV	AVP	100	0.98	0	0.0	0.7794892597198486	bos_eos
seed_44	4_4_anc_P_marker	23_4_4_anc_P_marker	fig:heatmap-23-anc-p-marker	4.4 ANC P marker	40_svo_gn_er_b_se	svo	gn	erg-abs	balancing	sent	svo	SV	AVP	100	1.0	0	0.0	0.7386208629608154	bos_eos
seed_44	4_4_anc_P_marker	23_4_4_anc_P_marker	fig:heatmap-23-anc-p-marker	4.4 ANC P marker	41_svo_gn_er_b_pa	svo	gn	erg-abs	balancing	poss-acc	svo	SV	AVP	100	1.0	0	0.0	0.6361709666252137	bos_eos
seed_44	4_4_anc_P_marker	23_4_4_anc_P_marker	fig:heatmap-23-anc-p-marker	4.4 ANC P marker	42_svo_gn_er_b_ep	svo	gn	erg-abs	balancing	erg-poss	sov	SV	PVA	100	1.0	0	0.0	1.2395981049537659	bos_eos
seed_44	4_4_anc_P_marker	23_4_4_anc_P_marker	fig:heatmap-23-anc-p-marker	4.4 ANC P marker	43_svo_gn_er_b_no	svo	gn	erg-abs	balancing	nomn	svo	SV	AVP	100	0.99	0	0.0	1.0034277820587159	bos_eos
seed_44	4_4_anc_P_marker	23_4_4_anc_P_marker	fig:heatmap-23-anc-p-marker	4.4 ANC P marker	44_svo_gn_er_d_se	svo	gn	erg-abs	deranking	sent	svo	SV	AVP	100	1.0	0	0.0	0.7963224196434021	bos_eos
seed_44	4_4_anc_P_marker	23_4_4_anc_P_marker	fig:heatmap-23-anc-p-marker	4.4 ANC P marker	45_svo_gn_er_d_pa	svo	gn	erg-abs	deranking	poss-acc	svo	SV	AVP	100	1.0	0	0.0	0.5626055240631104	bos_eos
seed_44	4_4_anc_P_marker	23_4_4_anc_P_marker	fig:heatmap-23-anc-p-marker	4.4 ANC P marker	46_svo_gn_er_d_ep	svo	gn	erg-abs	deranking	erg-poss	sov	SV	PVA	100	1.0	0	0.0	0.9708320474624634	bos_eos
seed_44	4_4_anc_P_marker	23_4_4_anc_P_marker	fig:heatmap-23-anc-p-marker	4.4 ANC P marker	47_svo_gn_er_d_no	svo	gn	erg-abs	deranking	nomn	svo	SV	AVP	100	0.99	0	0.0	0.637417562007904	bos_eos
seed_44	4_4_anc_P_marker	23_4_4_anc_P_marker	fig:heatmap-23-anc-p-marker	4.4 ANC P marker	48_svo_ng_ac_b_se	svo	ng	nom-acc	balancing	sent	svo	SV	AVP	100	0.9	0	0.0	0.6516766333580017	bos_eos
seed_44	4_4_anc_P_marker	23_4_4_anc_P_marker	fig:heatmap-23-anc-p-marker	4.4 ANC P marker	49_svo_ng_ac_b_pa	svo	ng	nom-acc	balancing	poss-acc	vos	VS	VPA	100	0.96	0	0.0	0.4628721189498901	bos_eos
seed_44	4_4_anc_P_marker	23_4_4_anc_P_marker	fig:heatmap-23-anc-p-marker	4.4 ANC P marker	50_svo_ng_ac_b_ep	svo	ng	nom-acc	balancing	erg-poss	vos	VS	VPA	100	0.98	0	0.0	1.1138074469566346	bos_eos
seed_44	4_4_anc_P_marker	23_4_4_anc_P_marker	fig:heatmap-23-anc-p-marker	4.4 ANC P marker	51_svo_ng_ac_b_no	svo	ng	nom-acc	balancing	nomn	vos	VS	VPA	100	0.96	0	0.0	1.0047485780715943	bos_eos
seed_44	4_4_anc_P_marker	23_4_4_anc_P_marker	fig:heatmap-23-anc-p-marker	4.4 ANC P marker	52_svo_ng_ac_d_se	svo	ng	nom-acc	deranking	sent	svo	SV	AVP	100	0.88	0	0.0	0.6175880670547486	bos_eos
seed_44	4_4_anc_P_marker	23_4_4_anc_P_marker	fig:heatmap-23-anc-p-marker	4.4 ANC P marker	53_svo_ng_ac_d_pa	svo	ng	nom-acc	deranking	poss-acc	vos	VS	VPA	100	0.97	0	0.0	0.49994892597198487	bos_eos
seed_44	4_4_anc_P_marker	23_4_4_anc_P_marker	fig:heatmap-23-anc-p-marker	4.4 ANC P marker	54_svo_ng_ac_d_ep	svo	ng	nom-acc	deranking	erg-poss	vos	VS	VPA	100	0.97	0	0.0	0.7792229676246643	bos_eos
seed_44	4_4_anc_P_marker	23_4_4_anc_P_marker	fig:heatmap-23-anc-p-marker	4.4 ANC P marker	55_svo_ng_ac_d_no	svo	ng	nom-acc	deranking	nomn	vos	VS	VPA	100	0.95	0	0.0	0.783041045665741	bos_eos
seed_44	4_4_anc_P_marker	23_4_4_anc_P_marker	fig:heatmap-23-anc-p-marker	4.4 ANC P marker	56_svo_ng_er_b_se	svo	ng	erg-abs	balancing	sent	svo	SV	AVP	100	0.54	0	0.0	0.03817082166671753	bos_eos
seed_44	4_4_anc_P_marker	23_4_4_anc_P_marker	fig:heatmap-23-anc-p-marker	4.4 ANC P marker	57_svo_ng_er_b_pa	svo	ng	erg-abs	balancing	poss-acc	vos	VS	VPA	100	0.43	0	0.0	-0.04497840166091919	bos_eos
seed_44	4_4_anc_P_marker	23_4_4_anc_P_marker	fig:heatmap-23-anc-p-marker	4.4 ANC P marker	58_svo_ng_er_b_ep	svo	ng	erg-abs	balancing	erg-poss	vos	VS	VPA	100	0.99	0	0.0	0.8581447410583496	bos_eos
seed_44	4_4_anc_P_marker	23_4_4_anc_P_marker	fig:heatmap-23-anc-p-marker	4.4 ANC P marker	59_svo_ng_er_b_no	svo	ng	erg-abs	balancing	nomn	vos	VS	VPA	100	0.99	0	0.0	0.8329073762893677	bos_eos
seed_44	4_4_anc_P_marker	23_4_4_anc_P_marker	fig:heatmap-23-anc-p-marker	4.4 ANC P marker	60_svo_ng_er_d_se	svo	ng	erg-abs	deranking	sent	svo	SV	AVP	100	0.97	0	0.0	0.34735282182693483	bos_eos
seed_44	4_4_anc_P_marker	23_4_4_anc_P_marker	fig:heatmap-23-anc-p-marker	4.4 ANC P marker	61_svo_ng_er_d_pa	svo	ng	erg-abs	deranking	poss-acc	vos	VS	VPA	100	0.39	0	0.0	-0.06332425594329834	bos_eos
seed_44	4_4_anc_P_marker	23_4_4_anc_P_marker	fig:heatmap-23-anc-p-marker	4.4 ANC P marker	62_svo_ng_er_d_ep	svo	ng	erg-abs	deranking	erg-poss	vos	VS	VPA	100	0.88	0	0.0	0.2856211853027344	bos_eos
seed_44	4_4_anc_P_marker	23_4_4_anc_P_marker	fig:heatmap-23-anc-p-marker	4.4 ANC P marker	63_svo_ng_er_d_no	svo	ng	erg-abs	deranking	nomn	vos	VS	VPA	100	0.99	0	0.0	0.6616189050674438	bos_eos
seed_44	4_4_anc_P_marker	23_4_4_anc_P_marker	fig:heatmap-23-anc-p-marker	4.4 ANC P marker	64_vos_gn_ac_b_se	vos	gn	nom-acc	balancing	sent	vos	VS	VPA	100	0.8	0	0.0	0.21946328163146972	bos_eos
seed_44	4_4_anc_P_marker	23_4_4_anc_P_marker	fig:heatmap-23-anc-p-marker	4.4 ANC P marker	65_vos_gn_ac_b_pa	vos	gn	nom-acc	balancing	poss-acc	svo	SV	AVP	100	0.96	0	0.0	0.5893139314651489	bos_eos
seed_44	4_4_anc_P_marker	23_4_4_anc_P_marker	fig:heatmap-23-anc-p-marker	4.4 ANC P marker	66_vos_gn_ac_b_ep	vos	gn	nom-acc	balancing	erg-poss	sov	SV	PVA	100	0.99	0	0.0	0.7071474933624268	bos_eos
seed_44	4_4_anc_P_marker	23_4_4_anc_P_marker	fig:heatmap-23-anc-p-marker	4.4 ANC P marker	67_vos_gn_ac_b_no	vos	gn	nom-acc	balancing	nomn	svo	SV	AVP	100	0.95	0	0.0	0.4731594634056091	bos_eos
seed_44	4_4_anc_P_marker	23_4_4_anc_P_marker	fig:heatmap-23-anc-p-marker	4.4 ANC P marker	68_vos_gn_ac_d_se	vos	gn	nom-acc	deranking	sent	vos	VS	VPA	100	0.98	0	0.0	0.4829348945617676	bos_eos
seed_44	4_4_anc_P_marker	23_4_4_anc_P_marker	fig:heatmap-23-anc-p-marker	4.4 ANC P marker	69_vos_gn_ac_d_pa	vos	gn	nom-acc	deranking	poss-acc	svo	SV	AVP	100	0.95	0	0.0	0.6436284399032592	bos_eos
seed_44	4_4_anc_P_marker	23_4_4_anc_P_marker	fig:heatmap-23-anc-p-marker	4.4 ANC P marker	70_vos_gn_ac_d_ep	vos	gn	nom-acc	deranking	erg-poss	sov	SV	PVA	100	0.99	0	0.0	0.6348758220672608	bos_eos
seed_44	4_4_anc_P_marker	23_4_4_anc_P_marker	fig:heatmap-23-anc-p-marker	4.4 ANC P marker	71_vos_gn_ac_d_no	vos	gn	nom-acc	deranking	nomn	svo	SV	AVP	100	0.99	0	0.0	0.5523116827011109	bos_eos
seed_44	4_4_anc_P_marker	23_4_4_anc_P_marker	fig:heatmap-23-anc-p-marker	4.4 ANC P marker	72_vos_gn_er_b_se	vos	gn	erg-abs	balancing	sent	vos	VS	VPA	100	0.42	0	0.0	-0.05040051460266113	bos_eos
seed_44	4_4_anc_P_marker	23_4_4_anc_P_marker	fig:heatmap-23-anc-p-marker	4.4 ANC P marker	73_vos_gn_er_b_pa	vos	gn	erg-abs	balancing	poss-acc	svo	SV	AVP	100	0.67	0	0.0	0.12758381128311158	bos_eos
seed_44	4_4_anc_P_marker	23_4_4_anc_P_marker	fig:heatmap-23-anc-p-marker	4.4 ANC P marker	74_vos_gn_er_b_ep	vos	gn	erg-abs	balancing	erg-poss	sov	SV	PVA	100	1.0	0	0.0	0.9844051432609559	bos_eos
seed_44	4_4_anc_P_marker	23_4_4_anc_P_marker	fig:heatmap-23-anc-p-marker	4.4 ANC P marker	75_vos_gn_er_b_no	vos	gn	erg-abs	balancing	nomn	svo	SV	AVP	100	1.0	0	0.0	0.9898195576667785	bos_eos
seed_44	4_4_anc_P_marker	23_4_4_anc_P_marker	fig:heatmap-23-anc-p-marker	4.4 ANC P marker	76_vos_gn_er_d_se	vos	gn	erg-abs	deranking	sent	vos	VS	VPA	100	0.91	0	0.0	0.31250361442565916	bos_eos
seed_44	4_4_anc_P_marker	23_4_4_anc_P_marker	fig:heatmap-23-anc-p-marker	4.4 ANC P marker	77_vos_gn_er_d_pa	vos	gn	erg-abs	deranking	poss-acc	svo	SV	AVP	100	0.87	0	0.0	0.30584421396255496	bos_eos
seed_44	4_4_anc_P_marker	23_4_4_anc_P_marker	fig:heatmap-23-anc-p-marker	4.4 ANC P marker	78_vos_gn_er_d_ep	vos	gn	erg-abs	deranking	erg-poss	sov	SV	PVA	100	1.0	0	0.0	0.934299795627594	bos_eos
seed_44	4_4_anc_P_marker	23_4_4_anc_P_marker	fig:heatmap-23-anc-p-marker	4.4 ANC P marker	79_vos_gn_er_d_no	vos	gn	erg-abs	deranking	nomn	svo	SV	AVP	100	1.0	0	0.0	0.48567676544189453	bos_eos
seed_44	4_4_anc_P_marker	23_4_4_anc_P_marker	fig:heatmap-23-anc-p-marker	4.4 ANC P marker	80_vos_ng_ac_b_se	vos	ng	nom-acc	balancing	sent	vos	VS	VPA	100	0.91	0	0.0	0.30435296773910525	bos_eos
seed_44	4_4_anc_P_marker	23_4_4_anc_P_marker	fig:heatmap-23-anc-p-marker	4.4 ANC P marker	81_vos_ng_ac_b_pa	vos	ng	nom-acc	balancing	poss-acc	vos	VS	VPA	100	0.87	0	0.0	0.18005913496017456	bos_eos
seed_44	4_4_anc_P_marker	23_4_4_anc_P_marker	fig:heatmap-23-anc-p-marker	4.4 ANC P marker	82_vos_ng_ac_b_ep	vos	ng	nom-acc	balancing	erg-poss	vos	VS	VPA	100	0.97	0	0.0	0.5777177119255066	bos_eos
seed_44	4_4_anc_P_marker	23_4_4_anc_P_marker	fig:heatmap-23-anc-p-marker	4.4 ANC P marker	83_vos_ng_ac_b_no	vos	ng	nom-acc	balancing	nomn	vos	VS	VPA	100	0.94	0	0.0	0.48551972389221193	bos_eos
seed_44	4_4_anc_P_marker	23_4_4_anc_P_marker	fig:heatmap-23-anc-p-marker	4.4 ANC P marker	84_vos_ng_ac_d_se	vos	ng	nom-acc	deranking	sent	vos	VS	VPA	100	0.99	0	0.0	0.4854366588592529	bos_eos
seed_44	4_4_anc_P_marker	23_4_4_anc_P_marker	fig:heatmap-23-anc-p-marker	4.4 ANC P marker	85_vos_ng_ac_d_pa	vos	ng	nom-acc	deranking	poss-acc	vos	VS	VPA	100	0.99	0	0.0	0.3493992304801941	bos_eos
seed_44	4_4_anc_P_marker	23_4_4_anc_P_marker	fig:heatmap-23-anc-p-marker	4.4 ANC P marker	86_vos_ng_ac_d_ep	vos	ng	nom-acc	deranking	erg-poss	vos	VS	VPA	100	0.98	0	0.0	0.6790484404563903	bos_eos
seed_44	4_4_anc_P_marker	23_4_4_anc_P_marker	fig:heatmap-23-anc-p-marker	4.4 ANC P marker	87_vos_ng_ac_d_no	vos	ng	nom-acc	deranking	nomn	vos	VS	VPA	100	0.98	0	0.0	0.6664347743988037	bos_eos
seed_44	4_4_anc_P_marker	23_4_4_anc_P_marker	fig:heatmap-23-anc-p-marker	4.4 ANC P marker	88_vos_ng_er_b_se	vos	ng	erg-abs	balancing	sent	vos	VS	VPA	100	0.49	0	0.0	-0.0379465913772583	bos_eos
seed_44	4_4_anc_P_marker	23_4_4_anc_P_marker	fig:heatmap-23-anc-p-marker	4.4 ANC P marker	89_vos_ng_er_b_pa	vos	ng	erg-abs	balancing	poss-acc	vos	VS	VPA	100	0.1	0	0.0	-0.20200552940368652	bos_eos
seed_44	4_4_anc_P_marker	23_4_4_anc_P_marker	fig:heatmap-23-anc-p-marker	4.4 ANC P marker	90_vos_ng_er_b_ep	vos	ng	erg-abs	balancing	erg-poss	vos	VS	VPA	100	1.0	0	0.0	0.7922981810569764	bos_eos
seed_44	4_4_anc_P_marker	23_4_4_anc_P_marker	fig:heatmap-23-anc-p-marker	4.4 ANC P marker	91_vos_ng_er_b_no	vos	ng	erg-abs	balancing	nomn	vos	VS	VPA	100	0.99	0	0.0	0.7339446067810058	bos_eos
seed_44	4_4_anc_P_marker	23_4_4_anc_P_marker	fig:heatmap-23-anc-p-marker	4.4 ANC P marker	92_vos_ng_er_d_se	vos	ng	erg-abs	deranking	sent	vos	VS	VPA	100	0.92	0	0.0	0.25573058128356935	bos_eos
seed_44	4_4_anc_P_marker	23_4_4_anc_P_marker	fig:heatmap-23-anc-p-marker	4.4 ANC P marker	93_vos_ng_er_d_pa	vos	ng	erg-abs	deranking	poss-acc	vos	VS	VPA	100	0.72	0	0.0	0.1365945315361023	bos_eos
seed_44	4_4_anc_P_marker	23_4_4_anc_P_marker	fig:heatmap-23-anc-p-marker	4.4 ANC P marker	94_vos_ng_er_d_ep	vos	ng	erg-abs	deranking	erg-poss	vos	VS	VPA	100	0.96	0	0.0	0.4046578216552734	bos_eos
seed_44	4_4_anc_P_marker	23_4_4_anc_P_marker	fig:heatmap-23-anc-p-marker	4.4 ANC P marker	95_vos_ng_er_d_no	vos	ng	erg-abs	deranking	nomn	vos	VS	VPA	100	0.97	0	0.0	0.33192944288253784	bos_eos
seed_44	4_5_anc_SV_order	24_4_5_anc_SV_order	fig:heatmap-24-anc-sv-order	4.5 ANC S--V order	00_sov_gn_ac_b_se	sov	gn	nom-acc	balancing	sent	sov	SV	APV	100	1.0	0	0.0	0.9745756244659424	bos_eos
seed_44	4_5_anc_SV_order	24_4_5_anc_SV_order	fig:heatmap-24-anc-sv-order	4.5 ANC S--V order	01_sov_gn_ac_b_pa	sov	gn	nom-acc	balancing	poss-acc	sov	SV	APV	100	1.0	0	0.0	1.2861916327476501	bos_eos
seed_44	4_5_anc_SV_order	24_4_5_anc_SV_order	fig:heatmap-24-anc-sv-order	4.5 ANC S--V order	02_sov_gn_ac_b_ep	sov	gn	nom-acc	balancing	erg-poss	sov	SV	APV	100	1.0	0	0.0	1.5004866003990174	bos_eos
seed_44	4_5_anc_SV_order	24_4_5_anc_SV_order	fig:heatmap-24-anc-sv-order	4.5 ANC S--V order	03_sov_gn_ac_b_no	sov	gn	nom-acc	balancing	nomn	sov	SV	APV	100	1.0	0	0.0	1.7453285670280456	bos_eos
seed_44	4_5_anc_SV_order	24_4_5_anc_SV_order	fig:heatmap-24-anc-sv-order	4.5 ANC S--V order	04_sov_gn_ac_d_se	sov	gn	nom-acc	deranking	sent	sov	SV	APV	100	1.0	0	0.0	1.047629771232605	bos_eos
seed_44	4_5_anc_SV_order	24_4_5_anc_SV_order	fig:heatmap-24-anc-sv-order	4.5 ANC S--V order	05_sov_gn_ac_d_pa	sov	gn	nom-acc	deranking	poss-acc	sov	SV	APV	100	1.0	0	0.0	1.2235468935966491	bos_eos
seed_44	4_5_anc_SV_order	24_4_5_anc_SV_order	fig:heatmap-24-anc-sv-order	4.5 ANC S--V order	06_sov_gn_ac_d_ep	sov	gn	nom-acc	deranking	erg-poss	sov	SV	APV	100	1.0	0	0.0	1.4059582161903381	bos_eos
seed_44	4_5_anc_SV_order	24_4_5_anc_SV_order	fig:heatmap-24-anc-sv-order	4.5 ANC S--V order	07_sov_gn_ac_d_no	sov	gn	nom-acc	deranking	nomn	sov	SV	APV	100	1.0	0	0.0	1.3751235318183899	bos_eos
seed_44	4_5_anc_SV_order	24_4_5_anc_SV_order	fig:heatmap-24-anc-sv-order	4.5 ANC S--V order	08_sov_gn_er_b_se	sov	gn	erg-abs	balancing	sent	sov	SV	APV	100	0.99	0	0.0	0.7624320340156555	bos_eos
seed_44	4_5_anc_SV_order	24_4_5_anc_SV_order	fig:heatmap-24-anc-sv-order	4.5 ANC S--V order	09_sov_gn_er_b_pa	sov	gn	erg-abs	balancing	poss-acc	sov	SV	APV	100	1.0	0	0.0	1.1061530423164367	bos_eos
seed_44	4_5_anc_SV_order	24_4_5_anc_SV_order	fig:heatmap-24-anc-sv-order	4.5 ANC S--V order	10_sov_gn_er_b_ep	sov	gn	erg-abs	balancing	erg-poss	sov	SV	APV	100	1.0	0	0.0	1.3524994659423828	bos_eos
seed_44	4_5_anc_SV_order	24_4_5_anc_SV_order	fig:heatmap-24-anc-sv-order	4.5 ANC S--V order	11_sov_gn_er_b_no	sov	gn	erg-abs	balancing	nomn	sov	SV	APV	100	1.0	0	0.0	1.3065678215026855	bos_eos
seed_44	4_5_anc_SV_order	24_4_5_anc_SV_order	fig:heatmap-24-anc-sv-order	4.5 ANC S--V order	12_sov_gn_er_d_se	sov	gn	erg-abs	deranking	sent	sov	SV	APV	100	0.99	0	0.0	0.8832237935066223	bos_eos
seed_44	4_5_anc_SV_order	24_4_5_anc_SV_order	fig:heatmap-24-anc-sv-order	4.5 ANC S--V order	13_sov_gn_er_d_pa	sov	gn	erg-abs	deranking	poss-acc	sov	SV	APV	100	1.0	0	0.0	1.317598569393158	bos_eos
seed_44	4_5_anc_SV_order	24_4_5_anc_SV_order	fig:heatmap-24-anc-sv-order	4.5 ANC S--V order	14_sov_gn_er_d_ep	sov	gn	erg-abs	deranking	erg-poss	sov	SV	APV	100	1.0	0	0.0	1.379747531414032	bos_eos
seed_44	4_5_anc_SV_order	24_4_5_anc_SV_order	fig:heatmap-24-anc-sv-order	4.5 ANC S--V order	15_sov_gn_er_d_no	sov	gn	erg-abs	deranking	nomn	sov	SV	APV	100	1.0	0	0.0	1.199636914730072	bos_eos
seed_44	4_5_anc_SV_order	24_4_5_anc_SV_order	fig:heatmap-24-anc-sv-order	4.5 ANC S--V order	16_sov_ng_ac_b_se	sov	ng	nom-acc	balancing	sent	sov	SV	APV	100	1.0	0	0.0	0.9210950422286988	bos_eos
seed_44	4_5_anc_SV_order	24_4_5_anc_SV_order	fig:heatmap-24-anc-sv-order	4.5 ANC S--V order	17_sov_ng_ac_b_pa	sov	ng	nom-acc	balancing	poss-acc	ovs	VS	PVA	100	0.79	0	0.0	0.21124603033065795	bos_eos
seed_44	4_5_anc_SV_order	24_4_5_anc_SV_order	fig:heatmap-24-anc-sv-order	4.5 ANC S--V order	18_sov_ng_ac_b_ep	sov	ng	nom-acc	balancing	erg-poss	vos	VS	AVP	100	0.87	0	0.0	0.3410533595085144	bos_eos
seed_44	4_5_anc_SV_order	24_4_5_anc_SV_order	fig:heatmap-24-anc-sv-order	4.5 ANC S--V order	19_sov_ng_ac_b_no	sov	ng	nom-acc	balancing	nomn	ovs	VS	PVA	100	0.72	0	0.0	0.20233864784240724	bos_eos
seed_44	4_5_anc_SV_order	24_4_5_anc_SV_order	fig:heatmap-24-anc-sv-order	4.5 ANC S--V order	20_sov_ng_ac_d_se	sov	ng	nom-acc	deranking	sent	sov	SV	APV	100	0.99	0	0.0	0.9847432208061219	bos_eos
seed_44	4_5_anc_SV_order	24_4_5_anc_SV_order	fig:heatmap-24-anc-sv-order	4.5 ANC S--V order	21_sov_ng_ac_d_pa	sov	ng	nom-acc	deranking	poss-acc	ovs	VS	PVA	100	0.73	0	0.0	0.181191668510437	bos_eos
seed_44	4_5_anc_SV_order	24_4_5_anc_SV_order	fig:heatmap-24-anc-sv-order	4.5 ANC S--V order	22_sov_ng_ac_d_ep	sov	ng	nom-acc	deranking	erg-poss	vos	VS	AVP	100	0.91	0	0.0	0.35266804695129395	bos_eos
seed_44	4_5_anc_SV_order	24_4_5_anc_SV_order	fig:heatmap-24-anc-sv-order	4.5 ANC S--V order	23_sov_ng_ac_d_no	sov	ng	nom-acc	deranking	nomn	ovs	VS	PVA	100	0.74	0	0.0	0.22462088346481324	bos_eos
seed_44	4_5_anc_SV_order	24_4_5_anc_SV_order	fig:heatmap-24-anc-sv-order	4.5 ANC S--V order	24_sov_ng_er_b_se	sov	ng	erg-abs	balancing	sent	sov	SV	APV	100	0.97	0	0.0	0.7090232849121094	bos_eos
seed_44	4_5_anc_SV_order	24_4_5_anc_SV_order	fig:heatmap-24-anc-sv-order	4.5 ANC S--V order	25_sov_ng_er_b_pa	sov	ng	erg-abs	balancing	poss-acc	ovs	VS	PVA	100	0.63	0	0.0	0.1303807020187378	bos_eos
seed_44	4_5_anc_SV_order	24_4_5_anc_SV_order	fig:heatmap-24-anc-sv-order	4.5 ANC S--V order	26_sov_ng_er_b_ep	sov	ng	erg-abs	balancing	erg-poss	vos	VS	AVP	100	1.0	0	0.0	0.5705145001411438	bos_eos
seed_44	4_5_anc_SV_order	24_4_5_anc_SV_order	fig:heatmap-24-anc-sv-order	4.5 ANC S--V order	27_sov_ng_er_b_no	sov	ng	erg-abs	balancing	nomn	ovs	VS	PVA	100	0.67	0	0.0	0.18202079296112061	bos_eos
seed_44	4_5_anc_SV_order	24_4_5_anc_SV_order	fig:heatmap-24-anc-sv-order	4.5 ANC S--V order	28_sov_ng_er_d_se	sov	ng	erg-abs	deranking	sent	sov	SV	APV	100	0.96	0	0.0	0.8110393857955933	bos_eos
seed_44	4_5_anc_SV_order	24_4_5_anc_SV_order	fig:heatmap-24-anc-sv-order	4.5 ANC S--V order	29_sov_ng_er_d_pa	sov	ng	erg-abs	deranking	poss-acc	ovs	VS	PVA	100	0.34	0	0.0	-0.10320886850357056	bos_eos
seed_44	4_5_anc_SV_order	24_4_5_anc_SV_order	fig:heatmap-24-anc-sv-order	4.5 ANC S--V order	30_sov_ng_er_d_ep	sov	ng	erg-abs	deranking	erg-poss	vos	VS	AVP	100	0.83	0	0.0	0.3307087278366089	bos_eos
seed_44	4_5_anc_SV_order	24_4_5_anc_SV_order	fig:heatmap-24-anc-sv-order	4.5 ANC S--V order	31_sov_ng_er_d_no	sov	ng	erg-abs	deranking	nomn	ovs	VS	PVA	100	0.47	0	0.0	-0.006057066917419434	bos_eos
seed_44	4_5_anc_SV_order	24_4_5_anc_SV_order	fig:heatmap-24-anc-sv-order	4.5 ANC S--V order	32_svo_gn_ac_b_se	svo	gn	nom-acc	balancing	sent	svo	SV	AVP	100	1.0	0	0.0	1.420120391845703	bos_eos
seed_44	4_5_anc_SV_order	24_4_5_anc_SV_order	fig:heatmap-24-anc-sv-order	4.5 ANC S--V order	33_svo_gn_ac_b_pa	svo	gn	nom-acc	balancing	poss-acc	svo	SV	AVP	100	1.0	0	0.0	1.4711270070075988	bos_eos
seed_44	4_5_anc_SV_order	24_4_5_anc_SV_order	fig:heatmap-24-anc-sv-order	4.5 ANC S--V order	34_svo_gn_ac_b_ep	svo	gn	nom-acc	balancing	erg-poss	sov	SV	PVA	100	1.0	0	0.0	2.4055355620384216	bos_eos
seed_44	4_5_anc_SV_order	24_4_5_anc_SV_order	fig:heatmap-24-anc-sv-order	4.5 ANC S--V order	35_svo_gn_ac_b_no	svo	gn	nom-acc	balancing	nomn	svo	SV	AVP	100	1.0	0	0.0	1.22186781167984	bos_eos
seed_44	4_5_anc_SV_order	24_4_5_anc_SV_order	fig:heatmap-24-anc-sv-order	4.5 ANC S--V order	36_svo_gn_ac_d_se	svo	gn	nom-acc	deranking	sent	svo	SV	AVP	100	1.0	0	0.0	1.5261350345611573	bos_eos
seed_44	4_5_anc_SV_order	24_4_5_anc_SV_order	fig:heatmap-24-anc-sv-order	4.5 ANC S--V order	37_svo_gn_ac_d_pa	svo	gn	nom-acc	deranking	poss-acc	svo	SV	AVP	100	1.0	0	0.0	1.3358272814750671	bos_eos
seed_44	4_5_anc_SV_order	24_4_5_anc_SV_order	fig:heatmap-24-anc-sv-order	4.5 ANC S--V order	38_svo_gn_ac_d_ep	svo	gn	nom-acc	deranking	erg-poss	sov	SV	PVA	100	1.0	0	0.0	2.351874878406525	bos_eos
seed_44	4_5_anc_SV_order	24_4_5_anc_SV_order	fig:heatmap-24-anc-sv-order	4.5 ANC S--V order	39_svo_gn_ac_d_no	svo	gn	nom-acc	deranking	nomn	svo	SV	AVP	100	1.0	0	0.0	1.3824749350547791	bos_eos
seed_44	4_5_anc_SV_order	24_4_5_anc_SV_order	fig:heatmap-24-anc-sv-order	4.5 ANC S--V order	40_svo_gn_er_b_se	svo	gn	erg-abs	balancing	sent	svo	SV	AVP	100	0.26	0	0.0	-0.19855418682098389	bos_eos
seed_44	4_5_anc_SV_order	24_4_5_anc_SV_order	fig:heatmap-24-anc-sv-order	4.5 ANC S--V order	41_svo_gn_er_b_pa	svo	gn	erg-abs	balancing	poss-acc	svo	SV	AVP	100	1.0	0	0.0	0.9835285425186158	bos_eos
seed_44	4_5_anc_SV_order	24_4_5_anc_SV_order	fig:heatmap-24-anc-sv-order	4.5 ANC S--V order	42_svo_gn_er_b_ep	svo	gn	erg-abs	balancing	erg-poss	sov	SV	PVA	100	1.0	0	0.0	2.0628303360939024	bos_eos
seed_44	4_5_anc_SV_order	24_4_5_anc_SV_order	fig:heatmap-24-anc-sv-order	4.5 ANC S--V order	43_svo_gn_er_b_no	svo	gn	erg-abs	balancing	nomn	svo	SV	AVP	100	0.99	0	0.0	1.306684868335724	bos_eos
seed_44	4_5_anc_SV_order	24_4_5_anc_SV_order	fig:heatmap-24-anc-sv-order	4.5 ANC S--V order	44_svo_gn_er_d_se	svo	gn	erg-abs	deranking	sent	svo	SV	AVP	100	0.68	0	0.0	0.24365649461746217	bos_eos
seed_44	4_5_anc_SV_order	24_4_5_anc_SV_order	fig:heatmap-24-anc-sv-order	4.5 ANC S--V order	45_svo_gn_er_d_pa	svo	gn	erg-abs	deranking	poss-acc	svo	SV	AVP	100	0.99	0	0.0	1.1063132357597352	bos_eos
seed_44	4_5_anc_SV_order	24_4_5_anc_SV_order	fig:heatmap-24-anc-sv-order	4.5 ANC S--V order	46_svo_gn_er_d_ep	svo	gn	erg-abs	deranking	erg-poss	sov	SV	PVA	100	1.0	0	0.0	1.7805973744392396	bos_eos
seed_44	4_5_anc_SV_order	24_4_5_anc_SV_order	fig:heatmap-24-anc-sv-order	4.5 ANC S--V order	47_svo_gn_er_d_no	svo	gn	erg-abs	deranking	nomn	svo	SV	AVP	100	1.0	0	0.0	1.2112913966178893	bos_eos
seed_44	4_5_anc_SV_order	24_4_5_anc_SV_order	fig:heatmap-24-anc-sv-order	4.5 ANC S--V order	48_svo_ng_ac_b_se	svo	ng	nom-acc	balancing	sent	svo	SV	AVP	100	1.0	0	0.0	1.4802064061164857	bos_eos
seed_44	4_5_anc_SV_order	24_4_5_anc_SV_order	fig:heatmap-24-anc-sv-order	4.5 ANC S--V order	49_svo_ng_ac_b_pa	svo	ng	nom-acc	balancing	poss-acc	vos	VS	VPA	100	1.0	0	0.0	1.3021897459030152	bos_eos
seed_44	4_5_anc_SV_order	24_4_5_anc_SV_order	fig:heatmap-24-anc-sv-order	4.5 ANC S--V order	50_svo_ng_ac_b_ep	svo	ng	nom-acc	balancing	erg-poss	vos	VS	VPA	100	1.0	0	0.0	1.5853480124473571	bos_eos
seed_44	4_5_anc_SV_order	24_4_5_anc_SV_order	fig:heatmap-24-anc-sv-order	4.5 ANC S--V order	51_svo_ng_ac_b_no	svo	ng	nom-acc	balancing	nomn	vos	VS	VPA	100	1.0	0	0.0	1.5806541895866395	bos_eos
seed_44	4_5_anc_SV_order	24_4_5_anc_SV_order	fig:heatmap-24-anc-sv-order	4.5 ANC S--V order	52_svo_ng_ac_d_se	svo	ng	nom-acc	deranking	sent	svo	SV	AVP	100	1.0	0	0.0	1.3570750951766968	bos_eos
seed_44	4_5_anc_SV_order	24_4_5_anc_SV_order	fig:heatmap-24-anc-sv-order	4.5 ANC S--V order	53_svo_ng_ac_d_pa	svo	ng	nom-acc	deranking	poss-acc	vos	VS	VPA	100	1.0	0	0.0	1.2263828682899476	bos_eos
seed_44	4_5_anc_SV_order	24_4_5_anc_SV_order	fig:heatmap-24-anc-sv-order	4.5 ANC S--V order	54_svo_ng_ac_d_ep	svo	ng	nom-acc	deranking	erg-poss	vos	VS	VPA	100	1.0	0	0.0	1.0813829922676086	bos_eos
seed_44	4_5_anc_SV_order	24_4_5_anc_SV_order	fig:heatmap-24-anc-sv-order	4.5 ANC S--V order	55_svo_ng_ac_d_no	svo	ng	nom-acc	deranking	nomn	vos	VS	VPA	100	1.0	0	0.0	1.0488962388038636	bos_eos
seed_44	4_5_anc_SV_order	24_4_5_anc_SV_order	fig:heatmap-24-anc-sv-order	4.5 ANC S--V order	56_svo_ng_er_b_se	svo	ng	erg-abs	balancing	sent	svo	SV	AVP	100	0.35	0	0.0	-0.08283565521240234	bos_eos
seed_44	4_5_anc_SV_order	24_4_5_anc_SV_order	fig:heatmap-24-anc-sv-order	4.5 ANC S--V order	57_svo_ng_er_b_pa	svo	ng	erg-abs	balancing	poss-acc	vos	VS	VPA	100	1.0	0	0.0	1.0382250571250915	bos_eos
seed_44	4_5_anc_SV_order	24_4_5_anc_SV_order	fig:heatmap-24-anc-sv-order	4.5 ANC S--V order	58_svo_ng_er_b_ep	svo	ng	erg-abs	balancing	erg-poss	vos	VS	VPA	100	1.0	0	0.0	1.2566840243339539	bos_eos
seed_44	4_5_anc_SV_order	24_4_5_anc_SV_order	fig:heatmap-24-anc-sv-order	4.5 ANC S--V order	59_svo_ng_er_b_no	svo	ng	erg-abs	balancing	nomn	vos	VS	VPA	100	1.0	0	0.0	1.1854436087608338	bos_eos
seed_44	4_5_anc_SV_order	24_4_5_anc_SV_order	fig:heatmap-24-anc-sv-order	4.5 ANC S--V order	60_svo_ng_er_d_se	svo	ng	erg-abs	deranking	sent	svo	SV	AVP	100	0.71	0	0.0	0.22404893159866332	bos_eos
seed_44	4_5_anc_SV_order	24_4_5_anc_SV_order	fig:heatmap-24-anc-sv-order	4.5 ANC S--V order	61_svo_ng_er_d_pa	svo	ng	erg-abs	deranking	poss-acc	vos	VS	VPA	100	0.86	0	0.0	0.4187568950653076	bos_eos
seed_44	4_5_anc_SV_order	24_4_5_anc_SV_order	fig:heatmap-24-anc-sv-order	4.5 ANC S--V order	62_svo_ng_er_d_ep	svo	ng	erg-abs	deranking	erg-poss	vos	VS	VPA	100	0.88	0	0.0	0.42368638038635253	bos_eos
seed_44	4_5_anc_SV_order	24_4_5_anc_SV_order	fig:heatmap-24-anc-sv-order	4.5 ANC S--V order	63_svo_ng_er_d_no	svo	ng	erg-abs	deranking	nomn	vos	VS	VPA	100	0.95	0	0.0	0.6632146167755127	bos_eos
seed_44	4_5_anc_SV_order	24_4_5_anc_SV_order	fig:heatmap-24-anc-sv-order	4.5 ANC S--V order	64_vos_gn_ac_b_se	vos	gn	nom-acc	balancing	sent	vos	VS	VPA	100	0.92	0	0.0	0.5528852701187134	bos_eos
seed_44	4_5_anc_SV_order	24_4_5_anc_SV_order	fig:heatmap-24-anc-sv-order	4.5 ANC S--V order	65_vos_gn_ac_b_pa	vos	gn	nom-acc	balancing	poss-acc	svo	SV	AVP	100	0.73	0	0.0	0.19335663795471192	bos_eos
seed_44	4_5_anc_SV_order	24_4_5_anc_SV_order	fig:heatmap-24-anc-sv-order	4.5 ANC S--V order	66_vos_gn_ac_b_ep	vos	gn	nom-acc	balancing	erg-poss	sov	SV	PVA	100	0.92	0	0.0	0.3677788043022156	bos_eos
seed_44	4_5_anc_SV_order	24_4_5_anc_SV_order	fig:heatmap-24-anc-sv-order	4.5 ANC S--V order	67_vos_gn_ac_b_no	vos	gn	nom-acc	balancing	nomn	svo	SV	AVP	100	0.73	0	0.0	0.2051146173477173	bos_eos
seed_44	4_5_anc_SV_order	24_4_5_anc_SV_order	fig:heatmap-24-anc-sv-order	4.5 ANC S--V order	68_vos_gn_ac_d_se	vos	gn	nom-acc	deranking	sent	vos	VS	VPA	100	0.94	0	0.0	0.6647577714920044	bos_eos
seed_44	4_5_anc_SV_order	24_4_5_anc_SV_order	fig:heatmap-24-anc-sv-order	4.5 ANC S--V order	69_vos_gn_ac_d_pa	vos	gn	nom-acc	deranking	poss-acc	svo	SV	AVP	100	0.68	0	0.0	0.16365512371063232	bos_eos
seed_44	4_5_anc_SV_order	24_4_5_anc_SV_order	fig:heatmap-24-anc-sv-order	4.5 ANC S--V order	70_vos_gn_ac_d_ep	vos	gn	nom-acc	deranking	erg-poss	sov	SV	PVA	100	0.92	0	0.0	0.42887660741806033	bos_eos
seed_44	4_5_anc_SV_order	24_4_5_anc_SV_order	fig:heatmap-24-anc-sv-order	4.5 ANC S--V order	71_vos_gn_ac_d_no	vos	gn	nom-acc	deranking	nomn	svo	SV	AVP	100	0.62	0	0.0	0.14778918743133546	bos_eos
seed_44	4_5_anc_SV_order	24_4_5_anc_SV_order	fig:heatmap-24-anc-sv-order	4.5 ANC S--V order	72_vos_gn_er_b_se	vos	gn	erg-abs	balancing	sent	vos	VS	VPA	100	0.97	0	0.0	0.6152415609359742	bos_eos
seed_44	4_5_anc_SV_order	24_4_5_anc_SV_order	fig:heatmap-24-anc-sv-order	4.5 ANC S--V order	73_vos_gn_er_b_pa	vos	gn	erg-abs	balancing	poss-acc	svo	SV	AVP	100	0.73	0	0.0	0.20468781471252442	bos_eos
seed_44	4_5_anc_SV_order	24_4_5_anc_SV_order	fig:heatmap-24-anc-sv-order	4.5 ANC S--V order	74_vos_gn_er_b_ep	vos	gn	erg-abs	balancing	erg-poss	sov	SV	PVA	100	0.94	0	0.0	0.44810828924179075	bos_eos
seed_44	4_5_anc_SV_order	24_4_5_anc_SV_order	fig:heatmap-24-anc-sv-order	4.5 ANC S--V order	75_vos_gn_er_b_no	vos	gn	erg-abs	balancing	nomn	svo	SV	AVP	100	0.79	0	0.0	0.22147194623947145	bos_eos
seed_44	4_5_anc_SV_order	24_4_5_anc_SV_order	fig:heatmap-24-anc-sv-order	4.5 ANC S--V order	76_vos_gn_er_d_se	vos	gn	erg-abs	deranking	sent	vos	VS	VPA	100	1.0	0	0.0	1.0059721302986144	bos_eos
seed_44	4_5_anc_SV_order	24_4_5_anc_SV_order	fig:heatmap-24-anc-sv-order	4.5 ANC S--V order	77_vos_gn_er_d_pa	vos	gn	erg-abs	deranking	poss-acc	svo	SV	AVP	100	0.55	0	0.0	0.09549061059951783	bos_eos
seed_44	4_5_anc_SV_order	24_4_5_anc_SV_order	fig:heatmap-24-anc-sv-order	4.5 ANC S--V order	78_vos_gn_er_d_ep	vos	gn	erg-abs	deranking	erg-poss	sov	SV	PVA	100	0.88	0	0.0	0.362520604133606	bos_eos
seed_44	4_5_anc_SV_order	24_4_5_anc_SV_order	fig:heatmap-24-anc-sv-order	4.5 ANC S--V order	79_vos_gn_er_d_no	vos	gn	erg-abs	deranking	nomn	svo	SV	AVP	100	0.68	0	0.0	0.1752605628967285	bos_eos
seed_44	4_5_anc_SV_order	24_4_5_anc_SV_order	fig:heatmap-24-anc-sv-order	4.5 ANC S--V order	80_vos_ng_ac_b_se	vos	ng	nom-acc	balancing	sent	vos	VS	VPA	100	0.9	0	0.0	0.4550590944290161	bos_eos
seed_44	4_5_anc_SV_order	24_4_5_anc_SV_order	fig:heatmap-24-anc-sv-order	4.5 ANC S--V order	81_vos_ng_ac_b_pa	vos	ng	nom-acc	balancing	poss-acc	vos	VS	VPA	100	1.0	0	0.0	0.8772528100013733	bos_eos
seed_44	4_5_anc_SV_order	24_4_5_anc_SV_order	fig:heatmap-24-anc-sv-order	4.5 ANC S--V order	82_vos_ng_ac_b_ep	vos	ng	nom-acc	balancing	erg-poss	vos	VS	VPA	100	1.0	0	0.0	1.0768677306175232	bos_eos
seed_44	4_5_anc_SV_order	24_4_5_anc_SV_order	fig:heatmap-24-anc-sv-order	4.5 ANC S--V order	83_vos_ng_ac_b_no	vos	ng	nom-acc	balancing	nomn	vos	VS	VPA	100	1.0	0	0.0	1.0914853668212892	bos_eos
seed_44	4_5_anc_SV_order	24_4_5_anc_SV_order	fig:heatmap-24-anc-sv-order	4.5 ANC S--V order	84_vos_ng_ac_d_se	vos	ng	nom-acc	deranking	sent	vos	VS	VPA	100	0.96	0	0.0	0.6816248035430909	bos_eos
seed_44	4_5_anc_SV_order	24_4_5_anc_SV_order	fig:heatmap-24-anc-sv-order	4.5 ANC S--V order	85_vos_ng_ac_d_pa	vos	ng	nom-acc	deranking	poss-acc	vos	VS	VPA	100	1.0	0	0.0	0.9910079121589661	bos_eos
seed_44	4_5_anc_SV_order	24_4_5_anc_SV_order	fig:heatmap-24-anc-sv-order	4.5 ANC S--V order	86_vos_ng_ac_d_ep	vos	ng	nom-acc	deranking	erg-poss	vos	VS	VPA	100	1.0	0	0.0	1.1317156386375427	bos_eos
seed_44	4_5_anc_SV_order	24_4_5_anc_SV_order	fig:heatmap-24-anc-sv-order	4.5 ANC S--V order	87_vos_ng_ac_d_no	vos	ng	nom-acc	deranking	nomn	vos	VS	VPA	100	1.0	0	0.0	1.2126151943206787	bos_eos
seed_44	4_5_anc_SV_order	24_4_5_anc_SV_order	fig:heatmap-24-anc-sv-order	4.5 ANC S--V order	88_vos_ng_er_b_se	vos	ng	erg-abs	balancing	sent	vos	VS	VPA	100	0.96	0	0.0	0.560424735546112	bos_eos
seed_44	4_5_anc_SV_order	24_4_5_anc_SV_order	fig:heatmap-24-anc-sv-order	4.5 ANC S--V order	89_vos_ng_er_b_pa	vos	ng	erg-abs	balancing	poss-acc	vos	VS	VPA	100	1.0	0	0.0	1.251719970703125	bos_eos
seed_44	4_5_anc_SV_order	24_4_5_anc_SV_order	fig:heatmap-24-anc-sv-order	4.5 ANC S--V order	90_vos_ng_er_b_ep	vos	ng	erg-abs	balancing	erg-poss	vos	VS	VPA	100	1.0	0	0.0	1.5612061142921447	bos_eos
seed_44	4_5_anc_SV_order	24_4_5_anc_SV_order	fig:heatmap-24-anc-sv-order	4.5 ANC S--V order	91_vos_ng_er_b_no	vos	ng	erg-abs	balancing	nomn	vos	VS	VPA	100	1.0	0	0.0	1.7322990965843201	bos_eos
seed_44	4_5_anc_SV_order	24_4_5_anc_SV_order	fig:heatmap-24-anc-sv-order	4.5 ANC S--V order	92_vos_ng_er_d_se	vos	ng	erg-abs	deranking	sent	vos	VS	VPA	100	1.0	0	0.0	0.925308575630188	bos_eos
seed_44	4_5_anc_SV_order	24_4_5_anc_SV_order	fig:heatmap-24-anc-sv-order	4.5 ANC S--V order	93_vos_ng_er_d_pa	vos	ng	erg-abs	deranking	poss-acc	vos	VS	VPA	100	1.0	0	0.0	1.620375053882599	bos_eos
seed_44	4_5_anc_SV_order	24_4_5_anc_SV_order	fig:heatmap-24-anc-sv-order	4.5 ANC S--V order	94_vos_ng_er_d_ep	vos	ng	erg-abs	deranking	erg-poss	vos	VS	VPA	100	1.0	0	0.0	1.8165947484970093	bos_eos
seed_44	4_5_anc_SV_order	24_4_5_anc_SV_order	fig:heatmap-24-anc-sv-order	4.5 ANC S--V order	95_vos_ng_er_d_no	vos	ng	erg-abs	deranking	nomn	vos	VS	VPA	100	1.0	0	0.0	1.5814208197593689	bos_eos
seed_44	4_6_anc_AV_order	25_4_6_anc_AV_order	fig:heatmap-25-anc-av-order	4.6 ANC A--V order	00_sov_gn_ac_b_se	sov	gn	nom-acc	balancing	sent	sov	SV	APV	100	0.98	0	0.0	0.6912108445167542	bos_eos
seed_44	4_6_anc_AV_order	25_4_6_anc_AV_order	fig:heatmap-25-anc-av-order	4.6 ANC A--V order	01_sov_gn_ac_b_pa	sov	gn	nom-acc	balancing	poss-acc	sov	SV	APV	100	1.0	0	0.0	1.1160944962501527	bos_eos
seed_44	4_6_anc_AV_order	25_4_6_anc_AV_order	fig:heatmap-25-anc-av-order	4.6 ANC A--V order	02_sov_gn_ac_b_ep	sov	gn	nom-acc	balancing	erg-poss	sov	SV	APV	100	1.0	0	0.0	0.7056349015235901	bos_eos
seed_44	4_6_anc_AV_order	25_4_6_anc_AV_order	fig:heatmap-25-anc-av-order	4.6 ANC A--V order	03_sov_gn_ac_b_no	sov	gn	nom-acc	balancing	nomn	sov	SV	APV	100	1.0	0	0.0	1.2836645078659057	bos_eos
seed_44	4_6_anc_AV_order	25_4_6_anc_AV_order	fig:heatmap-25-anc-av-order	4.6 ANC A--V order	04_sov_gn_ac_d_se	sov	gn	nom-acc	deranking	sent	sov	SV	APV	100	0.99	0	0.0	0.7357391929626464	bos_eos
seed_44	4_6_anc_AV_order	25_4_6_anc_AV_order	fig:heatmap-25-anc-av-order	4.6 ANC A--V order	05_sov_gn_ac_d_pa	sov	gn	nom-acc	deranking	poss-acc	sov	SV	APV	100	1.0	0	0.0	1.0171956729888916	bos_eos
seed_44	4_6_anc_AV_order	25_4_6_anc_AV_order	fig:heatmap-25-anc-av-order	4.6 ANC A--V order	06_sov_gn_ac_d_ep	sov	gn	nom-acc	deranking	erg-poss	sov	SV	APV	100	1.0	0	0.0	0.8235342359542847	bos_eos
seed_44	4_6_anc_AV_order	25_4_6_anc_AV_order	fig:heatmap-25-anc-av-order	4.6 ANC A--V order	07_sov_gn_ac_d_no	sov	gn	nom-acc	deranking	nomn	sov	SV	APV	100	1.0	0	0.0	1.043550238609314	bos_eos
seed_44	4_6_anc_AV_order	25_4_6_anc_AV_order	fig:heatmap-25-anc-av-order	4.6 ANC A--V order	08_sov_gn_er_b_se	sov	gn	erg-abs	balancing	sent	sov	SV	APV	100	1.0	0	0.0	1.1480278658866883	bos_eos
seed_44	4_6_anc_AV_order	25_4_6_anc_AV_order	fig:heatmap-25-anc-av-order	4.6 ANC A--V order	09_sov_gn_er_b_pa	sov	gn	erg-abs	balancing	poss-acc	sov	SV	APV	100	0.99	0	0.0	0.9120575475692749	bos_eos
seed_44	4_6_anc_AV_order	25_4_6_anc_AV_order	fig:heatmap-25-anc-av-order	4.6 ANC A--V order	10_sov_gn_er_b_ep	sov	gn	erg-abs	balancing	erg-poss	sov	SV	APV	100	1.0	0	0.0	0.6410774636268616	bos_eos
seed_44	4_6_anc_AV_order	25_4_6_anc_AV_order	fig:heatmap-25-anc-av-order	4.6 ANC A--V order	11_sov_gn_er_b_no	sov	gn	erg-abs	balancing	nomn	sov	SV	APV	100	1.0	0	0.0	0.9764196801185608	bos_eos
seed_44	4_6_anc_AV_order	25_4_6_anc_AV_order	fig:heatmap-25-anc-av-order	4.6 ANC A--V order	12_sov_gn_er_d_se	sov	gn	erg-abs	deranking	sent	sov	SV	APV	100	1.0	0	0.0	1.2969840002059936	bos_eos
seed_44	4_6_anc_AV_order	25_4_6_anc_AV_order	fig:heatmap-25-anc-av-order	4.6 ANC A--V order	13_sov_gn_er_d_pa	sov	gn	erg-abs	deranking	poss-acc	sov	SV	APV	100	1.0	0	0.0	1.2105327439308167	bos_eos
seed_44	4_6_anc_AV_order	25_4_6_anc_AV_order	fig:heatmap-25-anc-av-order	4.6 ANC A--V order	14_sov_gn_er_d_ep	sov	gn	erg-abs	deranking	erg-poss	sov	SV	APV	100	1.0	0	0.0	0.6486735677719117	bos_eos
seed_44	4_6_anc_AV_order	25_4_6_anc_AV_order	fig:heatmap-25-anc-av-order	4.6 ANC A--V order	15_sov_gn_er_d_no	sov	gn	erg-abs	deranking	nomn	sov	SV	APV	100	1.0	0	0.0	0.9043138074874878	bos_eos
seed_44	4_6_anc_AV_order	25_4_6_anc_AV_order	fig:heatmap-25-anc-av-order	4.6 ANC A--V order	16_sov_ng_ac_b_se	sov	ng	nom-acc	balancing	sent	sov	SV	APV	100	0.98	0	0.0	0.6206935119628906	bos_eos
seed_44	4_6_anc_AV_order	25_4_6_anc_AV_order	fig:heatmap-25-anc-av-order	4.6 ANC A--V order	17_sov_ng_ac_b_pa	sov	ng	nom-acc	balancing	poss-acc	ovs	VS	PVA	100	0.83	0	0.0	0.2391051745414734	bos_eos
seed_44	4_6_anc_AV_order	25_4_6_anc_AV_order	fig:heatmap-25-anc-av-order	4.6 ANC A--V order	18_sov_ng_ac_b_ep	sov	ng	nom-acc	balancing	erg-poss	vos	VS	AVP	100	0.97	0	0.0	0.7490609860420228	bos_eos
seed_44	4_6_anc_AV_order	25_4_6_anc_AV_order	fig:heatmap-25-anc-av-order	4.6 ANC A--V order	19_sov_ng_ac_b_no	sov	ng	nom-acc	balancing	nomn	ovs	VS	PVA	100	0.83	0	0.0	0.2647879767417908	bos_eos
seed_44	4_6_anc_AV_order	25_4_6_anc_AV_order	fig:heatmap-25-anc-av-order	4.6 ANC A--V order	20_sov_ng_ac_d_se	sov	ng	nom-acc	deranking	sent	sov	SV	APV	100	1.0	0	0.0	0.6938854336738587	bos_eos
seed_44	4_6_anc_AV_order	25_4_6_anc_AV_order	fig:heatmap-25-anc-av-order	4.6 ANC A--V order	21_sov_ng_ac_d_pa	sov	ng	nom-acc	deranking	poss-acc	ovs	VS	PVA	100	0.82	0	0.0	0.20897485971450805	bos_eos
seed_44	4_6_anc_AV_order	25_4_6_anc_AV_order	fig:heatmap-25-anc-av-order	4.6 ANC A--V order	22_sov_ng_ac_d_ep	sov	ng	nom-acc	deranking	erg-poss	vos	VS	AVP	100	0.98	0	0.0	0.528995373249054	bos_eos
seed_44	4_6_anc_AV_order	25_4_6_anc_AV_order	fig:heatmap-25-anc-av-order	4.6 ANC A--V order	23_sov_ng_ac_d_no	sov	ng	nom-acc	deranking	nomn	ovs	VS	PVA	100	0.85	0	0.0	0.24465152978897095	bos_eos
seed_44	4_6_anc_AV_order	25_4_6_anc_AV_order	fig:heatmap-25-anc-av-order	4.6 ANC A--V order	24_sov_ng_er_b_se	sov	ng	erg-abs	balancing	sent	sov	SV	APV	100	1.0	0	0.0	1.0556651782989501	bos_eos
seed_44	4_6_anc_AV_order	25_4_6_anc_AV_order	fig:heatmap-25-anc-av-order	4.6 ANC A--V order	25_sov_ng_er_b_pa	sov	ng	erg-abs	balancing	poss-acc	ovs	VS	PVA	100	0.92	0	0.0	0.356084349155426	bos_eos
seed_44	4_6_anc_AV_order	25_4_6_anc_AV_order	fig:heatmap-25-anc-av-order	4.6 ANC A--V order	26_sov_ng_er_b_ep	sov	ng	erg-abs	balancing	erg-poss	vos	VS	AVP	100	0.99	0	0.0	0.4966376280784607	bos_eos
seed_44	4_6_anc_AV_order	25_4_6_anc_AV_order	fig:heatmap-25-anc-av-order	4.6 ANC A--V order	27_sov_ng_er_b_no	sov	ng	erg-abs	balancing	nomn	ovs	VS	PVA	100	0.71	0	0.0	0.22197174310684203	bos_eos
seed_44	4_6_anc_AV_order	25_4_6_anc_AV_order	fig:heatmap-25-anc-av-order	4.6 ANC A--V order	28_sov_ng_er_d_se	sov	ng	erg-abs	deranking	sent	sov	SV	APV	100	0.99	0	0.0	1.2570491600036622	bos_eos
seed_44	4_6_anc_AV_order	25_4_6_anc_AV_order	fig:heatmap-25-anc-av-order	4.6 ANC A--V order	29_sov_ng_er_d_pa	sov	ng	erg-abs	deranking	poss-acc	ovs	VS	PVA	100	0.71	0	0.0	0.2363945174217224	bos_eos
seed_44	4_6_anc_AV_order	25_4_6_anc_AV_order	fig:heatmap-25-anc-av-order	4.6 ANC A--V order	30_sov_ng_er_d_ep	sov	ng	erg-abs	deranking	erg-poss	vos	VS	AVP	100	0.95	0	0.0	0.587312502861023	bos_eos
seed_44	4_6_anc_AV_order	25_4_6_anc_AV_order	fig:heatmap-25-anc-av-order	4.6 ANC A--V order	31_sov_ng_er_d_no	sov	ng	erg-abs	deranking	nomn	ovs	VS	PVA	100	0.71	0	0.0	0.19211517810821532	bos_eos
seed_44	4_6_anc_AV_order	25_4_6_anc_AV_order	fig:heatmap-25-anc-av-order	4.6 ANC A--V order	32_svo_gn_ac_b_se	svo	gn	nom-acc	balancing	sent	svo	SV	AVP	100	1.0	0	0.0	1.7051731967926025	bos_eos
seed_44	4_6_anc_AV_order	25_4_6_anc_AV_order	fig:heatmap-25-anc-av-order	4.6 ANC A--V order	33_svo_gn_ac_b_pa	svo	gn	nom-acc	balancing	poss-acc	svo	SV	AVP	100	1.0	0	0.0	1.8424043536186219	bos_eos
seed_44	4_6_anc_AV_order	25_4_6_anc_AV_order	fig:heatmap-25-anc-av-order	4.6 ANC A--V order	34_svo_gn_ac_b_ep	svo	gn	nom-acc	balancing	erg-poss	sov	SV	PVA	100	0.99	0	0.0	0.7932195162773132	bos_eos
seed_44	4_6_anc_AV_order	25_4_6_anc_AV_order	fig:heatmap-25-anc-av-order	4.6 ANC A--V order	35_svo_gn_ac_b_no	svo	gn	nom-acc	balancing	nomn	svo	SV	AVP	100	1.0	0	0.0	1.6781131434440613	bos_eos
seed_44	4_6_anc_AV_order	25_4_6_anc_AV_order	fig:heatmap-25-anc-av-order	4.6 ANC A--V order	36_svo_gn_ac_d_se	svo	gn	nom-acc	deranking	sent	svo	SV	AVP	100	1.0	0	0.0	1.4284362363815308	bos_eos
seed_44	4_6_anc_AV_order	25_4_6_anc_AV_order	fig:heatmap-25-anc-av-order	4.6 ANC A--V order	37_svo_gn_ac_d_pa	svo	gn	nom-acc	deranking	poss-acc	svo	SV	AVP	100	1.0	0	0.0	1.4715140795707702	bos_eos
seed_44	4_6_anc_AV_order	25_4_6_anc_AV_order	fig:heatmap-25-anc-av-order	4.6 ANC A--V order	38_svo_gn_ac_d_ep	svo	gn	nom-acc	deranking	erg-poss	sov	SV	PVA	100	0.92	0	0.0	0.49788473844528197	bos_eos
seed_44	4_6_anc_AV_order	25_4_6_anc_AV_order	fig:heatmap-25-anc-av-order	4.6 ANC A--V order	39_svo_gn_ac_d_no	svo	gn	nom-acc	deranking	nomn	svo	SV	AVP	100	1.0	0	0.0	1.784516613483429	bos_eos
seed_44	4_6_anc_AV_order	25_4_6_anc_AV_order	fig:heatmap-25-anc-av-order	4.6 ANC A--V order	40_svo_gn_er_b_se	svo	gn	erg-abs	balancing	sent	svo	SV	AVP	100	1.0	0	0.0	1.337932870388031	bos_eos
seed_44	4_6_anc_AV_order	25_4_6_anc_AV_order	fig:heatmap-25-anc-av-order	4.6 ANC A--V order	41_svo_gn_er_b_pa	svo	gn	erg-abs	balancing	poss-acc	svo	SV	AVP	100	1.0	0	0.0	1.3841072463989257	bos_eos
seed_44	4_6_anc_AV_order	25_4_6_anc_AV_order	fig:heatmap-25-anc-av-order	4.6 ANC A--V order	42_svo_gn_er_b_ep	svo	gn	erg-abs	balancing	erg-poss	sov	SV	PVA	100	0.95	0	0.0	0.5463579273223877	bos_eos
seed_44	4_6_anc_AV_order	25_4_6_anc_AV_order	fig:heatmap-25-anc-av-order	4.6 ANC A--V order	43_svo_gn_er_b_no	svo	gn	erg-abs	balancing	nomn	svo	SV	AVP	100	1.0	0	0.0	1.5292731642723083	bos_eos
seed_44	4_6_anc_AV_order	25_4_6_anc_AV_order	fig:heatmap-25-anc-av-order	4.6 ANC A--V order	44_svo_gn_er_d_se	svo	gn	erg-abs	deranking	sent	svo	SV	AVP	100	1.0	0	0.0	1.9263588428497314	bos_eos
seed_44	4_6_anc_AV_order	25_4_6_anc_AV_order	fig:heatmap-25-anc-av-order	4.6 ANC A--V order	45_svo_gn_er_d_pa	svo	gn	erg-abs	deranking	poss-acc	svo	SV	AVP	100	1.0	0	0.0	1.1622438645362854	bos_eos
seed_44	4_6_anc_AV_order	25_4_6_anc_AV_order	fig:heatmap-25-anc-av-order	4.6 ANC A--V order	46_svo_gn_er_d_ep	svo	gn	erg-abs	deranking	erg-poss	sov	SV	PVA	100	0.82	0	0.0	0.2973880696296692	bos_eos
seed_44	4_6_anc_AV_order	25_4_6_anc_AV_order	fig:heatmap-25-anc-av-order	4.6 ANC A--V order	47_svo_gn_er_d_no	svo	gn	erg-abs	deranking	nomn	svo	SV	AVP	100	1.0	0	0.0	1.268207950592041	bos_eos
seed_44	4_6_anc_AV_order	25_4_6_anc_AV_order	fig:heatmap-25-anc-av-order	4.6 ANC A--V order	48_svo_ng_ac_b_se	svo	ng	nom-acc	balancing	sent	svo	SV	AVP	100	1.0	0	0.0	1.026634247303009	bos_eos
seed_44	4_6_anc_AV_order	25_4_6_anc_AV_order	fig:heatmap-25-anc-av-order	4.6 ANC A--V order	49_svo_ng_ac_b_pa	svo	ng	nom-acc	balancing	poss-acc	vos	VS	VPA	100	1.0	0	0.0	0.9548918175697326	bos_eos
seed_44	4_6_anc_AV_order	25_4_6_anc_AV_order	fig:heatmap-25-anc-av-order	4.6 ANC A--V order	50_svo_ng_ac_b_ep	svo	ng	nom-acc	balancing	erg-poss	vos	VS	VPA	100	0.97	0	0.0	0.855059621334076	bos_eos
seed_44	4_6_anc_AV_order	25_4_6_anc_AV_order	fig:heatmap-25-anc-av-order	4.6 ANC A--V order	51_svo_ng_ac_b_no	svo	ng	nom-acc	balancing	nomn	vos	VS	VPA	100	1.0	0	0.0	1.0884334087371825	bos_eos
seed_44	4_6_anc_AV_order	25_4_6_anc_AV_order	fig:heatmap-25-anc-av-order	4.6 ANC A--V order	52_svo_ng_ac_d_se	svo	ng	nom-acc	deranking	sent	svo	SV	AVP	100	0.99	0	0.0	1.043249671459198	bos_eos
seed_44	4_6_anc_AV_order	25_4_6_anc_AV_order	fig:heatmap-25-anc-av-order	4.6 ANC A--V order	53_svo_ng_ac_d_pa	svo	ng	nom-acc	deranking	poss-acc	vos	VS	VPA	100	1.0	0	0.0	0.9084345626831055	bos_eos
seed_44	4_6_anc_AV_order	25_4_6_anc_AV_order	fig:heatmap-25-anc-av-order	4.6 ANC A--V order	54_svo_ng_ac_d_ep	svo	ng	nom-acc	deranking	erg-poss	vos	VS	VPA	100	0.97	0	0.0	0.5911786198616028	bos_eos
seed_44	4_6_anc_AV_order	25_4_6_anc_AV_order	fig:heatmap-25-anc-av-order	4.6 ANC A--V order	55_svo_ng_ac_d_no	svo	ng	nom-acc	deranking	nomn	vos	VS	VPA	100	1.0	0	0.0	0.8415233850479126	bos_eos
seed_44	4_6_anc_AV_order	25_4_6_anc_AV_order	fig:heatmap-25-anc-av-order	4.6 ANC A--V order	56_svo_ng_er_b_se	svo	ng	erg-abs	balancing	sent	svo	SV	AVP	100	1.0	0	0.0	1.093497738838196	bos_eos
seed_44	4_6_anc_AV_order	25_4_6_anc_AV_order	fig:heatmap-25-anc-av-order	4.6 ANC A--V order	57_svo_ng_er_b_pa	svo	ng	erg-abs	balancing	poss-acc	vos	VS	VPA	100	0.99	0	0.0	0.8547259783744812	bos_eos
seed_44	4_6_anc_AV_order	25_4_6_anc_AV_order	fig:heatmap-25-anc-av-order	4.6 ANC A--V order	58_svo_ng_er_b_ep	svo	ng	erg-abs	balancing	erg-poss	vos	VS	VPA	100	0.96	0	0.0	0.5858719658851623	bos_eos
seed_44	4_6_anc_AV_order	25_4_6_anc_AV_order	fig:heatmap-25-anc-av-order	4.6 ANC A--V order	59_svo_ng_er_b_no	svo	ng	erg-abs	balancing	nomn	vos	VS	VPA	100	0.99	0	0.0	0.789694321155548	bos_eos
seed_44	4_6_anc_AV_order	25_4_6_anc_AV_order	fig:heatmap-25-anc-av-order	4.6 ANC A--V order	60_svo_ng_er_d_se	svo	ng	erg-abs	deranking	sent	svo	SV	AVP	100	1.0	0	0.0	1.6833316373825074	bos_eos
seed_44	4_6_anc_AV_order	25_4_6_anc_AV_order	fig:heatmap-25-anc-av-order	4.6 ANC A--V order	61_svo_ng_er_d_pa	svo	ng	erg-abs	deranking	poss-acc	vos	VS	VPA	100	0.88	0	0.0	0.40127198934555053	bos_eos
seed_44	4_6_anc_AV_order	25_4_6_anc_AV_order	fig:heatmap-25-anc-av-order	4.6 ANC A--V order	62_svo_ng_er_d_ep	svo	ng	erg-abs	deranking	erg-poss	vos	VS	VPA	100	0.52	0	0.0	0.008989458084106445	bos_eos
seed_44	4_6_anc_AV_order	25_4_6_anc_AV_order	fig:heatmap-25-anc-av-order	4.6 ANC A--V order	63_svo_ng_er_d_no	svo	ng	erg-abs	deranking	nomn	vos	VS	VPA	100	1.0	0	0.0	0.8009227323532104	bos_eos
seed_44	4_6_anc_AV_order	25_4_6_anc_AV_order	fig:heatmap-25-anc-av-order	4.6 ANC A--V order	64_vos_gn_ac_b_se	vos	gn	nom-acc	balancing	sent	vos	VS	VPA	100	0.87	0	0.0	0.3492055559158325	bos_eos
seed_44	4_6_anc_AV_order	25_4_6_anc_AV_order	fig:heatmap-25-anc-av-order	4.6 ANC A--V order	65_vos_gn_ac_b_pa	vos	gn	nom-acc	balancing	poss-acc	svo	SV	AVP	100	0.67	0	0.0	0.20877353191375733	bos_eos
seed_44	4_6_anc_AV_order	25_4_6_anc_AV_order	fig:heatmap-25-anc-av-order	4.6 ANC A--V order	66_vos_gn_ac_b_ep	vos	gn	nom-acc	balancing	erg-poss	sov	SV	PVA	100	0.95	0	0.0	0.4145960712432861	bos_eos
seed_44	4_6_anc_AV_order	25_4_6_anc_AV_order	fig:heatmap-25-anc-av-order	4.6 ANC A--V order	67_vos_gn_ac_b_no	vos	gn	nom-acc	balancing	nomn	svo	SV	AVP	100	0.76	0	0.0	0.1901433300971985	bos_eos
seed_44	4_6_anc_AV_order	25_4_6_anc_AV_order	fig:heatmap-25-anc-av-order	4.6 ANC A--V order	68_vos_gn_ac_d_se	vos	gn	nom-acc	deranking	sent	vos	VS	VPA	100	0.97	0	0.0	0.6808313608169556	bos_eos
seed_44	4_6_anc_AV_order	25_4_6_anc_AV_order	fig:heatmap-25-anc-av-order	4.6 ANC A--V order	69_vos_gn_ac_d_pa	vos	gn	nom-acc	deranking	poss-acc	svo	SV	AVP	100	0.65	0	0.0	0.09916943073272705	bos_eos
seed_44	4_6_anc_AV_order	25_4_6_anc_AV_order	fig:heatmap-25-anc-av-order	4.6 ANC A--V order	70_vos_gn_ac_d_ep	vos	gn	nom-acc	deranking	erg-poss	sov	SV	PVA	100	1.0	0	0.0	0.838303062915802	bos_eos
seed_44	4_6_anc_AV_order	25_4_6_anc_AV_order	fig:heatmap-25-anc-av-order	4.6 ANC A--V order	71_vos_gn_ac_d_no	vos	gn	nom-acc	deranking	nomn	svo	SV	AVP	100	0.67	0	0.0	0.1340026307106018	bos_eos
seed_44	4_6_anc_AV_order	25_4_6_anc_AV_order	fig:heatmap-25-anc-av-order	4.6 ANC A--V order	72_vos_gn_er_b_se	vos	gn	erg-abs	balancing	sent	vos	VS	VPA	100	0.99	0	0.0	1.098744261264801	bos_eos
seed_44	4_6_anc_AV_order	25_4_6_anc_AV_order	fig:heatmap-25-anc-av-order	4.6 ANC A--V order	73_vos_gn_er_b_pa	vos	gn	erg-abs	balancing	poss-acc	svo	SV	AVP	100	0.71	0	0.0	0.19454038858413697	bos_eos
seed_44	4_6_anc_AV_order	25_4_6_anc_AV_order	fig:heatmap-25-anc-av-order	4.6 ANC A--V order	74_vos_gn_er_b_ep	vos	gn	erg-abs	balancing	erg-poss	sov	SV	PVA	100	0.98	0	0.0	0.5809269499778748	bos_eos
seed_44	4_6_anc_AV_order	25_4_6_anc_AV_order	fig:heatmap-25-anc-av-order	4.6 ANC A--V order	75_vos_gn_er_b_no	vos	gn	erg-abs	balancing	nomn	svo	SV	AVP	100	0.67	0	0.0	0.17767289400100708	bos_eos
seed_44	4_6_anc_AV_order	25_4_6_anc_AV_order	fig:heatmap-25-anc-av-order	4.6 ANC A--V order	76_vos_gn_er_d_se	vos	gn	erg-abs	deranking	sent	vos	VS	VPA	100	1.0	0	0.0	1.7019539833068849	bos_eos
seed_44	4_6_anc_AV_order	25_4_6_anc_AV_order	fig:heatmap-25-anc-av-order	4.6 ANC A--V order	77_vos_gn_er_d_pa	vos	gn	erg-abs	deranking	poss-acc	svo	SV	AVP	100	0.63	0	0.0	0.1371612310409546	bos_eos
seed_44	4_6_anc_AV_order	25_4_6_anc_AV_order	fig:heatmap-25-anc-av-order	4.6 ANC A--V order	78_vos_gn_er_d_ep	vos	gn	erg-abs	deranking	erg-poss	sov	SV	PVA	100	0.99	0	0.0	0.7782279944419861	bos_eos
seed_44	4_6_anc_AV_order	25_4_6_anc_AV_order	fig:heatmap-25-anc-av-order	4.6 ANC A--V order	79_vos_gn_er_d_no	vos	gn	erg-abs	deranking	nomn	svo	SV	AVP	100	0.72	0	0.0	0.19423139572143555	bos_eos
seed_44	4_6_anc_AV_order	25_4_6_anc_AV_order	fig:heatmap-25-anc-av-order	4.6 ANC A--V order	80_vos_ng_ac_b_se	vos	ng	nom-acc	balancing	sent	vos	VS	VPA	100	0.87	0	0.0	0.2882919549942017	bos_eos
seed_44	4_6_anc_AV_order	25_4_6_anc_AV_order	fig:heatmap-25-anc-av-order	4.6 ANC A--V order	81_vos_ng_ac_b_pa	vos	ng	nom-acc	balancing	poss-acc	vos	VS	VPA	100	1.0	0	0.0	0.7676254630088806	bos_eos
seed_44	4_6_anc_AV_order	25_4_6_anc_AV_order	fig:heatmap-25-anc-av-order	4.6 ANC A--V order	82_vos_ng_ac_b_ep	vos	ng	nom-acc	balancing	erg-poss	vos	VS	VPA	100	1.0	0	0.0	0.7161261057853698	bos_eos
seed_44	4_6_anc_AV_order	25_4_6_anc_AV_order	fig:heatmap-25-anc-av-order	4.6 ANC A--V order	83_vos_ng_ac_b_no	vos	ng	nom-acc	balancing	nomn	vos	VS	VPA	100	1.0	0	0.0	0.9191944456100464	bos_eos
seed_44	4_6_anc_AV_order	25_4_6_anc_AV_order	fig:heatmap-25-anc-av-order	4.6 ANC A--V order	84_vos_ng_ac_d_se	vos	ng	nom-acc	deranking	sent	vos	VS	VPA	100	0.99	0	0.0	0.750566794872284	bos_eos
seed_44	4_6_anc_AV_order	25_4_6_anc_AV_order	fig:heatmap-25-anc-av-order	4.6 ANC A--V order	85_vos_ng_ac_d_pa	vos	ng	nom-acc	deranking	poss-acc	vos	VS	VPA	100	1.0	0	0.0	0.9408347702026367	bos_eos
seed_44	4_6_anc_AV_order	25_4_6_anc_AV_order	fig:heatmap-25-anc-av-order	4.6 ANC A--V order	86_vos_ng_ac_d_ep	vos	ng	nom-acc	deranking	erg-poss	vos	VS	VPA	100	0.99	0	0.0	0.7563440561294555	bos_eos
seed_44	4_6_anc_AV_order	25_4_6_anc_AV_order	fig:heatmap-25-anc-av-order	4.6 ANC A--V order	87_vos_ng_ac_d_no	vos	ng	nom-acc	deranking	nomn	vos	VS	VPA	100	1.0	0	0.0	0.9605844807624817	bos_eos
seed_44	4_6_anc_AV_order	25_4_6_anc_AV_order	fig:heatmap-25-anc-av-order	4.6 ANC A--V order	88_vos_ng_er_b_se	vos	ng	erg-abs	balancing	sent	vos	VS	VPA	100	0.99	0	0.0	0.9189985203742981	bos_eos
seed_44	4_6_anc_AV_order	25_4_6_anc_AV_order	fig:heatmap-25-anc-av-order	4.6 ANC A--V order	89_vos_ng_er_b_pa	vos	ng	erg-abs	balancing	poss-acc	vos	VS	VPA	100	1.0	0	0.0	1.2654920530319214	bos_eos
seed_44	4_6_anc_AV_order	25_4_6_anc_AV_order	fig:heatmap-25-anc-av-order	4.6 ANC A--V order	90_vos_ng_er_b_ep	vos	ng	erg-abs	balancing	erg-poss	vos	VS	VPA	100	1.0	0	0.0	0.9192784571647644	bos_eos
seed_44	4_6_anc_AV_order	25_4_6_anc_AV_order	fig:heatmap-25-anc-av-order	4.6 ANC A--V order	91_vos_ng_er_b_no	vos	ng	erg-abs	balancing	nomn	vos	VS	VPA	100	1.0	0	0.0	1.4044434213638306	bos_eos
seed_44	4_6_anc_AV_order	25_4_6_anc_AV_order	fig:heatmap-25-anc-av-order	4.6 ANC A--V order	92_vos_ng_er_d_se	vos	ng	erg-abs	deranking	sent	vos	VS	VPA	100	1.0	0	0.0	1.4236238121986389	bos_eos
seed_44	4_6_anc_AV_order	25_4_6_anc_AV_order	fig:heatmap-25-anc-av-order	4.6 ANC A--V order	93_vos_ng_er_d_pa	vos	ng	erg-abs	deranking	poss-acc	vos	VS	VPA	100	1.0	0	0.0	1.311085603237152	bos_eos
seed_44	4_6_anc_AV_order	25_4_6_anc_AV_order	fig:heatmap-25-anc-av-order	4.6 ANC A--V order	94_vos_ng_er_d_ep	vos	ng	erg-abs	deranking	erg-poss	vos	VS	VPA	100	0.99	0	0.0	0.8834406709671021	bos_eos
seed_44	4_6_anc_AV_order	25_4_6_anc_AV_order	fig:heatmap-25-anc-av-order	4.6 ANC A--V order	95_vos_ng_er_d_no	vos	ng	erg-abs	deranking	nomn	vos	VS	VPA	100	1.0	0	0.0	1.1223875451087952	bos_eos
seed_44	4_7_anc_VP_order	26_4_7_anc_VP_order	fig:heatmap-26-anc-vp-order	4.7 ANC V--P order	00_sov_gn_ac_b_se	sov	gn	nom-acc	balancing	sent	sov	SV	APV	100	0.92	0	0.0	0.504608108997345	bos_eos
seed_44	4_7_anc_VP_order	26_4_7_anc_VP_order	fig:heatmap-26-anc-vp-order	4.7 ANC V--P order	01_sov_gn_ac_b_pa	sov	gn	nom-acc	balancing	poss-acc	sov	SV	APV	100	0.97	0	0.0	0.5046304702758789	bos_eos
seed_44	4_7_anc_VP_order	26_4_7_anc_VP_order	fig:heatmap-26-anc-vp-order	4.7 ANC V--P order	02_sov_gn_ac_b_ep	sov	gn	nom-acc	balancing	erg-poss	sov	SV	APV	100	1.0	0	0.0	1.0138039803504943	bos_eos
seed_44	4_7_anc_VP_order	26_4_7_anc_VP_order	fig:heatmap-26-anc-vp-order	4.7 ANC V--P order	03_sov_gn_ac_b_no	sov	gn	nom-acc	balancing	nomn	sov	SV	APV	100	1.0	0	0.0	1.5209799098968506	bos_eos
seed_44	4_7_anc_VP_order	26_4_7_anc_VP_order	fig:heatmap-26-anc-vp-order	4.7 ANC V--P order	04_sov_gn_ac_d_se	sov	gn	nom-acc	deranking	sent	sov	SV	APV	100	1.0	0	0.0	0.8077503490447998	bos_eos
seed_44	4_7_anc_VP_order	26_4_7_anc_VP_order	fig:heatmap-26-anc-vp-order	4.7 ANC V--P order	05_sov_gn_ac_d_pa	sov	gn	nom-acc	deranking	poss-acc	sov	SV	APV	100	1.0	0	0.0	0.7172549510002136	bos_eos
seed_44	4_7_anc_VP_order	26_4_7_anc_VP_order	fig:heatmap-26-anc-vp-order	4.7 ANC V--P order	06_sov_gn_ac_d_ep	sov	gn	nom-acc	deranking	erg-poss	sov	SV	APV	100	1.0	0	0.0	0.9805848169326782	bos_eos
seed_44	4_7_anc_VP_order	26_4_7_anc_VP_order	fig:heatmap-26-anc-vp-order	4.7 ANC V--P order	07_sov_gn_ac_d_no	sov	gn	nom-acc	deranking	nomn	sov	SV	APV	100	1.0	0	0.0	1.3034533405303954	bos_eos
seed_44	4_7_anc_VP_order	26_4_7_anc_VP_order	fig:heatmap-26-anc-vp-order	4.7 ANC V--P order	08_sov_gn_er_b_se	sov	gn	erg-abs	balancing	sent	sov	SV	APV	100	0.9	0	0.0	0.39616363286972045	bos_eos
seed_44	4_7_anc_VP_order	26_4_7_anc_VP_order	fig:heatmap-26-anc-vp-order	4.7 ANC V--P order	09_sov_gn_er_b_pa	sov	gn	erg-abs	balancing	poss-acc	sov	SV	APV	100	0.91	0	0.0	0.3621137237548828	bos_eos
seed_44	4_7_anc_VP_order	26_4_7_anc_VP_order	fig:heatmap-26-anc-vp-order	4.7 ANC V--P order	10_sov_gn_er_b_ep	sov	gn	erg-abs	balancing	erg-poss	sov	SV	APV	100	1.0	0	0.0	0.7512172150611878	bos_eos
seed_44	4_7_anc_VP_order	26_4_7_anc_VP_order	fig:heatmap-26-anc-vp-order	4.7 ANC V--P order	11_sov_gn_er_b_no	sov	gn	erg-abs	balancing	nomn	sov	SV	APV	100	1.0	0	0.0	1.0388506960868835	bos_eos
seed_44	4_7_anc_VP_order	26_4_7_anc_VP_order	fig:heatmap-26-anc-vp-order	4.7 ANC V--P order	12_sov_gn_er_d_se	sov	gn	erg-abs	deranking	sent	sov	SV	APV	100	0.99	0	0.0	0.9276345014572144	bos_eos
seed_44	4_7_anc_VP_order	26_4_7_anc_VP_order	fig:heatmap-26-anc-vp-order	4.7 ANC V--P order	13_sov_gn_er_d_pa	sov	gn	erg-abs	deranking	poss-acc	sov	SV	APV	100	1.0	0	0.0	0.6908245205879211	bos_eos
seed_44	4_7_anc_VP_order	26_4_7_anc_VP_order	fig:heatmap-26-anc-vp-order	4.7 ANC V--P order	14_sov_gn_er_d_ep	sov	gn	erg-abs	deranking	erg-poss	sov	SV	APV	100	0.99	0	0.0	0.7241154193878174	bos_eos
seed_44	4_7_anc_VP_order	26_4_7_anc_VP_order	fig:heatmap-26-anc-vp-order	4.7 ANC V--P order	15_sov_gn_er_d_no	sov	gn	erg-abs	deranking	nomn	sov	SV	APV	100	1.0	0	0.0	1.126354260444641	bos_eos
seed_44	4_7_anc_VP_order	26_4_7_anc_VP_order	fig:heatmap-26-anc-vp-order	4.7 ANC V--P order	16_sov_ng_ac_b_se	sov	ng	nom-acc	balancing	sent	sov	SV	APV	100	0.96	0	0.0	0.5705320310592651	bos_eos
seed_44	4_7_anc_VP_order	26_4_7_anc_VP_order	fig:heatmap-26-anc-vp-order	4.7 ANC V--P order	17_sov_ng_ac_b_pa	sov	ng	nom-acc	balancing	poss-acc	ovs	VS	PVA	100	0.93	0	0.0	0.3758056879043579	bos_eos
seed_44	4_7_anc_VP_order	26_4_7_anc_VP_order	fig:heatmap-26-anc-vp-order	4.7 ANC V--P order	18_sov_ng_ac_b_ep	sov	ng	nom-acc	balancing	erg-poss	vos	VS	AVP	100	0.93	0	0.0	0.42094678163528443	bos_eos
seed_44	4_7_anc_VP_order	26_4_7_anc_VP_order	fig:heatmap-26-anc-vp-order	4.7 ANC V--P order	19_sov_ng_ac_b_no	sov	ng	nom-acc	balancing	nomn	ovs	VS	PVA	100	1.0	0	0.0	0.9015546727180481	bos_eos
seed_44	4_7_anc_VP_order	26_4_7_anc_VP_order	fig:heatmap-26-anc-vp-order	4.7 ANC V--P order	20_sov_ng_ac_d_se	sov	ng	nom-acc	deranking	sent	sov	SV	APV	100	0.99	0	0.0	0.7518900752067565	bos_eos
seed_44	4_7_anc_VP_order	26_4_7_anc_VP_order	fig:heatmap-26-anc-vp-order	4.7 ANC V--P order	21_sov_ng_ac_d_pa	sov	ng	nom-acc	deranking	poss-acc	ovs	VS	PVA	100	1.0	0	0.0	0.6132048654556275	bos_eos
seed_44	4_7_anc_VP_order	26_4_7_anc_VP_order	fig:heatmap-26-anc-vp-order	4.7 ANC V--P order	22_sov_ng_ac_d_ep	sov	ng	nom-acc	deranking	erg-poss	vos	VS	AVP	100	0.95	0	0.0	0.4842223858833313	bos_eos
seed_44	4_7_anc_VP_order	26_4_7_anc_VP_order	fig:heatmap-26-anc-vp-order	4.7 ANC V--P order	23_sov_ng_ac_d_no	sov	ng	nom-acc	deranking	nomn	ovs	VS	PVA	100	1.0	0	0.0	0.9480821561813354	bos_eos
seed_44	4_7_anc_VP_order	26_4_7_anc_VP_order	fig:heatmap-26-anc-vp-order	4.7 ANC V--P order	24_sov_ng_er_b_se	sov	ng	erg-abs	balancing	sent	sov	SV	APV	100	0.93	0	0.0	0.3368772888183594	bos_eos
seed_44	4_7_anc_VP_order	26_4_7_anc_VP_order	fig:heatmap-26-anc-vp-order	4.7 ANC V--P order	25_sov_ng_er_b_pa	sov	ng	erg-abs	balancing	poss-acc	ovs	VS	PVA	100	0.83	0	0.0	0.2160366415977478	bos_eos
seed_44	4_7_anc_VP_order	26_4_7_anc_VP_order	fig:heatmap-26-anc-vp-order	4.7 ANC V--P order	26_sov_ng_er_b_ep	sov	ng	erg-abs	balancing	erg-poss	vos	VS	AVP	100	0.91	0	0.0	0.368582603931427	bos_eos
seed_44	4_7_anc_VP_order	26_4_7_anc_VP_order	fig:heatmap-26-anc-vp-order	4.7 ANC V--P order	27_sov_ng_er_b_no	sov	ng	erg-abs	balancing	nomn	ovs	VS	PVA	100	0.98	0	0.0	0.6403777551651001	bos_eos
seed_44	4_7_anc_VP_order	26_4_7_anc_VP_order	fig:heatmap-26-anc-vp-order	4.7 ANC V--P order	28_sov_ng_er_d_se	sov	ng	erg-abs	deranking	sent	sov	SV	APV	100	1.0	0	0.0	0.9065258979797364	bos_eos
seed_44	4_7_anc_VP_order	26_4_7_anc_VP_order	fig:heatmap-26-anc-vp-order	4.7 ANC V--P order	29_sov_ng_er_d_pa	sov	ng	erg-abs	deranking	poss-acc	ovs	VS	PVA	100	0.91	0	0.0	0.3521175217628479	bos_eos
seed_44	4_7_anc_VP_order	26_4_7_anc_VP_order	fig:heatmap-26-anc-vp-order	4.7 ANC V--P order	30_sov_ng_er_d_ep	sov	ng	erg-abs	deranking	erg-poss	vos	VS	AVP	100	0.72	0	0.0	0.2518046998977661	bos_eos
seed_44	4_7_anc_VP_order	26_4_7_anc_VP_order	fig:heatmap-26-anc-vp-order	4.7 ANC V--P order	31_sov_ng_er_d_no	sov	ng	erg-abs	deranking	nomn	ovs	VS	PVA	100	0.98	0	0.0	0.640365903377533	bos_eos
seed_44	4_7_anc_VP_order	26_4_7_anc_VP_order	fig:heatmap-26-anc-vp-order	4.7 ANC V--P order	32_svo_gn_ac_b_se	svo	gn	nom-acc	balancing	sent	svo	SV	AVP	100	0.98	0	0.0	1.0278660202026366	bos_eos
seed_44	4_7_anc_VP_order	26_4_7_anc_VP_order	fig:heatmap-26-anc-vp-order	4.7 ANC V--P order	33_svo_gn_ac_b_pa	svo	gn	nom-acc	balancing	poss-acc	svo	SV	AVP	100	0.99	0	0.0	0.8046163344383239	bos_eos
seed_44	4_7_anc_VP_order	26_4_7_anc_VP_order	fig:heatmap-26-anc-vp-order	4.7 ANC V--P order	34_svo_gn_ac_b_ep	svo	gn	nom-acc	balancing	erg-poss	sov	SV	PVA	100	0.99	0	0.0	0.9628907084465027	bos_eos
seed_44	4_7_anc_VP_order	26_4_7_anc_VP_order	fig:heatmap-26-anc-vp-order	4.7 ANC V--P order	35_svo_gn_ac_b_no	svo	gn	nom-acc	balancing	nomn	svo	SV	AVP	100	1.0	0	0.0	1.0288065123558043	bos_eos
seed_44	4_7_anc_VP_order	26_4_7_anc_VP_order	fig:heatmap-26-anc-vp-order	4.7 ANC V--P order	36_svo_gn_ac_d_se	svo	gn	nom-acc	deranking	sent	svo	SV	AVP	100	0.99	0	0.0	1.0999746751785278	bos_eos
seed_44	4_7_anc_VP_order	26_4_7_anc_VP_order	fig:heatmap-26-anc-vp-order	4.7 ANC V--P order	37_svo_gn_ac_d_pa	svo	gn	nom-acc	deranking	poss-acc	svo	SV	AVP	100	1.0	0	0.0	0.642964494228363	bos_eos
seed_44	4_7_anc_VP_order	26_4_7_anc_VP_order	fig:heatmap-26-anc-vp-order	4.7 ANC V--P order	38_svo_gn_ac_d_ep	svo	gn	nom-acc	deranking	erg-poss	sov	SV	PVA	100	0.99	0	0.0	0.7275434899330139	bos_eos
seed_44	4_7_anc_VP_order	26_4_7_anc_VP_order	fig:heatmap-26-anc-vp-order	4.7 ANC V--P order	39_svo_gn_ac_d_no	svo	gn	nom-acc	deranking	nomn	svo	SV	AVP	100	0.99	0	0.0	1.0050667452812194	bos_eos
seed_44	4_7_anc_VP_order	26_4_7_anc_VP_order	fig:heatmap-26-anc-vp-order	4.7 ANC V--P order	40_svo_gn_er_b_se	svo	gn	erg-abs	balancing	sent	svo	SV	AVP	100	0.94	0	0.0	0.46413163900375365	bos_eos
seed_44	4_7_anc_VP_order	26_4_7_anc_VP_order	fig:heatmap-26-anc-vp-order	4.7 ANC V--P order	41_svo_gn_er_b_pa	svo	gn	erg-abs	balancing	poss-acc	svo	SV	AVP	100	0.89	0	0.0	0.44971805572509765	bos_eos
seed_44	4_7_anc_VP_order	26_4_7_anc_VP_order	fig:heatmap-26-anc-vp-order	4.7 ANC V--P order	42_svo_gn_er_b_ep	svo	gn	erg-abs	balancing	erg-poss	sov	SV	PVA	100	0.96	0	0.0	0.6703152847290039	bos_eos
seed_44	4_7_anc_VP_order	26_4_7_anc_VP_order	fig:heatmap-26-anc-vp-order	4.7 ANC V--P order	43_svo_gn_er_b_no	svo	gn	erg-abs	balancing	nomn	svo	SV	AVP	100	0.99	0	0.0	0.9337138104438781	bos_eos
seed_44	4_7_anc_VP_order	26_4_7_anc_VP_order	fig:heatmap-26-anc-vp-order	4.7 ANC V--P order	44_svo_gn_er_d_se	svo	gn	erg-abs	deranking	sent	svo	SV	AVP	100	1.0	0	0.0	1.278554039001465	bos_eos
seed_44	4_7_anc_VP_order	26_4_7_anc_VP_order	fig:heatmap-26-anc-vp-order	4.7 ANC V--P order	45_svo_gn_er_d_pa	svo	gn	erg-abs	deranking	poss-acc	svo	SV	AVP	100	0.49	0	0.0	0.0006515097618103028	bos_eos
seed_44	4_7_anc_VP_order	26_4_7_anc_VP_order	fig:heatmap-26-anc-vp-order	4.7 ANC V--P order	46_svo_gn_er_d_ep	svo	gn	erg-abs	deranking	erg-poss	sov	SV	PVA	100	0.85	0	0.0	0.3056609082221985	bos_eos
seed_44	4_7_anc_VP_order	26_4_7_anc_VP_order	fig:heatmap-26-anc-vp-order	4.7 ANC V--P order	47_svo_gn_er_d_no	svo	gn	erg-abs	deranking	nomn	svo	SV	AVP	100	0.93	0	0.0	0.5886002302169799	bos_eos
seed_44	4_7_anc_VP_order	26_4_7_anc_VP_order	fig:heatmap-26-anc-vp-order	4.7 ANC V--P order	48_svo_ng_ac_b_se	svo	ng	nom-acc	balancing	sent	svo	SV	AVP	100	0.96	0	0.0	0.7182727599143982	bos_eos
seed_44	4_7_anc_VP_order	26_4_7_anc_VP_order	fig:heatmap-26-anc-vp-order	4.7 ANC V--P order	49_svo_ng_ac_b_pa	svo	ng	nom-acc	balancing	poss-acc	vos	VS	VPA	100	0.87	0	0.0	0.2936351180076599	bos_eos
seed_44	4_7_anc_VP_order	26_4_7_anc_VP_order	fig:heatmap-26-anc-vp-order	4.7 ANC V--P order	50_svo_ng_ac_b_ep	svo	ng	nom-acc	balancing	erg-poss	vos	VS	VPA	100	0.99	0	0.0	1.1920148873329162	bos_eos
seed_44	4_7_anc_VP_order	26_4_7_anc_VP_order	fig:heatmap-26-anc-vp-order	4.7 ANC V--P order	51_svo_ng_ac_b_no	svo	ng	nom-acc	balancing	nomn	vos	VS	VPA	100	1.0	0	0.0	1.2816212940216065	bos_eos
seed_44	4_7_anc_VP_order	26_4_7_anc_VP_order	fig:heatmap-26-anc-vp-order	4.7 ANC V--P order	52_svo_ng_ac_d_se	svo	ng	nom-acc	deranking	sent	svo	SV	AVP	100	1.0	0	0.0	0.8694759058952332	bos_eos
seed_44	4_7_anc_VP_order	26_4_7_anc_VP_order	fig:heatmap-26-anc-vp-order	4.7 ANC V--P order	53_svo_ng_ac_d_pa	svo	ng	nom-acc	deranking	poss-acc	vos	VS	VPA	100	0.95	0	0.0	0.4376352834701538	bos_eos
seed_44	4_7_anc_VP_order	26_4_7_anc_VP_order	fig:heatmap-26-anc-vp-order	4.7 ANC V--P order	54_svo_ng_ac_d_ep	svo	ng	nom-acc	deranking	erg-poss	vos	VS	VPA	100	1.0	0	0.0	0.7608712410926819	bos_eos
seed_44	4_7_anc_VP_order	26_4_7_anc_VP_order	fig:heatmap-26-anc-vp-order	4.7 ANC V--P order	55_svo_ng_ac_d_no	svo	ng	nom-acc	deranking	nomn	vos	VS	VPA	100	0.99	0	0.0	0.8292701005935669	bos_eos
seed_44	4_7_anc_VP_order	26_4_7_anc_VP_order	fig:heatmap-26-anc-vp-order	4.7 ANC V--P order	56_svo_ng_er_b_se	svo	ng	erg-abs	balancing	sent	svo	SV	AVP	100	0.85	0	0.0	0.3521456718444824	bos_eos
seed_44	4_7_anc_VP_order	26_4_7_anc_VP_order	fig:heatmap-26-anc-vp-order	4.7 ANC V--P order	57_svo_ng_er_b_pa	svo	ng	erg-abs	balancing	poss-acc	vos	VS	VPA	100	0.71	0	0.0	0.14862867593765258	bos_eos
seed_44	4_7_anc_VP_order	26_4_7_anc_VP_order	fig:heatmap-26-anc-vp-order	4.7 ANC V--P order	58_svo_ng_er_b_ep	svo	ng	erg-abs	balancing	erg-poss	vos	VS	VPA	100	1.0	0	0.0	0.8593918824195862	bos_eos
seed_44	4_7_anc_VP_order	26_4_7_anc_VP_order	fig:heatmap-26-anc-vp-order	4.7 ANC V--P order	59_svo_ng_er_b_no	svo	ng	erg-abs	balancing	nomn	vos	VS	VPA	100	0.98	0	0.0	0.8299496865272522	bos_eos
seed_44	4_7_anc_VP_order	26_4_7_anc_VP_order	fig:heatmap-26-anc-vp-order	4.7 ANC V--P order	60_svo_ng_er_d_se	svo	ng	erg-abs	deranking	sent	svo	SV	AVP	100	1.0	0	0.0	1.2506912517547608	bos_eos
seed_44	4_7_anc_VP_order	26_4_7_anc_VP_order	fig:heatmap-26-anc-vp-order	4.7 ANC V--P order	61_svo_ng_er_d_pa	svo	ng	erg-abs	deranking	poss-acc	vos	VS	VPA	100	0.74	0	0.0	0.23338424444198608	bos_eos
seed_44	4_7_anc_VP_order	26_4_7_anc_VP_order	fig:heatmap-26-anc-vp-order	4.7 ANC V--P order	62_svo_ng_er_d_ep	svo	ng	erg-abs	deranking	erg-poss	vos	VS	VPA	100	0.65	0	0.0	0.14773548603057862	bos_eos
seed_44	4_7_anc_VP_order	26_4_7_anc_VP_order	fig:heatmap-26-anc-vp-order	4.7 ANC V--P order	63_svo_ng_er_d_no	svo	ng	erg-abs	deranking	nomn	vos	VS	VPA	100	0.98	0	0.0	0.7629267930984497	bos_eos
seed_44	4_7_anc_VP_order	26_4_7_anc_VP_order	fig:heatmap-26-anc-vp-order	4.7 ANC V--P order	64_vos_gn_ac_b_se	vos	gn	nom-acc	balancing	sent	vos	VS	VPA	100	0.68	0	0.0	0.11958234786987304	bos_eos
seed_44	4_7_anc_VP_order	26_4_7_anc_VP_order	fig:heatmap-26-anc-vp-order	4.7 ANC V--P order	65_vos_gn_ac_b_pa	vos	gn	nom-acc	balancing	poss-acc	svo	SV	AVP	100	0.7	0	0.0	0.08863238334655761	bos_eos
seed_44	4_7_anc_VP_order	26_4_7_anc_VP_order	fig:heatmap-26-anc-vp-order	4.7 ANC V--P order	66_vos_gn_ac_b_ep	vos	gn	nom-acc	balancing	erg-poss	sov	SV	PVA	100	0.9	0	0.0	0.2596231317520142	bos_eos
seed_44	4_7_anc_VP_order	26_4_7_anc_VP_order	fig:heatmap-26-anc-vp-order	4.7 ANC V--P order	67_vos_gn_ac_b_no	vos	gn	nom-acc	balancing	nomn	svo	SV	AVP	100	0.97	0	0.0	0.610654513835907	bos_eos
seed_44	4_7_anc_VP_order	26_4_7_anc_VP_order	fig:heatmap-26-anc-vp-order	4.7 ANC V--P order	68_vos_gn_ac_d_se	vos	gn	nom-acc	deranking	sent	vos	VS	VPA	100	0.99	0	0.0	0.5449085474014282	bos_eos
seed_44	4_7_anc_VP_order	26_4_7_anc_VP_order	fig:heatmap-26-anc-vp-order	4.7 ANC V--P order	69_vos_gn_ac_d_pa	vos	gn	nom-acc	deranking	poss-acc	svo	SV	AVP	100	0.96	0	0.0	0.3020008587837219	bos_eos
seed_44	4_7_anc_VP_order	26_4_7_anc_VP_order	fig:heatmap-26-anc-vp-order	4.7 ANC V--P order	70_vos_gn_ac_d_ep	vos	gn	nom-acc	deranking	erg-poss	sov	SV	PVA	100	0.96	0	0.0	0.4001290726661682	bos_eos
seed_44	4_7_anc_VP_order	26_4_7_anc_VP_order	fig:heatmap-26-anc-vp-order	4.7 ANC V--P order	71_vos_gn_ac_d_no	vos	gn	nom-acc	deranking	nomn	svo	SV	AVP	100	1.0	0	0.0	0.7912915849685669	bos_eos
seed_44	4_7_anc_VP_order	26_4_7_anc_VP_order	fig:heatmap-26-anc-vp-order	4.7 ANC V--P order	72_vos_gn_er_b_se	vos	gn	erg-abs	balancing	sent	vos	VS	VPA	100	0.91	0	0.0	0.398081316947937	bos_eos
seed_44	4_7_anc_VP_order	26_4_7_anc_VP_order	fig:heatmap-26-anc-vp-order	4.7 ANC V--P order	73_vos_gn_er_b_pa	vos	gn	erg-abs	balancing	poss-acc	svo	SV	AVP	100	0.7	0	0.0	0.15236980199813843	bos_eos
seed_44	4_7_anc_VP_order	26_4_7_anc_VP_order	fig:heatmap-26-anc-vp-order	4.7 ANC V--P order	74_vos_gn_er_b_ep	vos	gn	erg-abs	balancing	erg-poss	sov	SV	PVA	100	0.96	0	0.0	0.4265249180793762	bos_eos
seed_44	4_7_anc_VP_order	26_4_7_anc_VP_order	fig:heatmap-26-anc-vp-order	4.7 ANC V--P order	75_vos_gn_er_b_no	vos	gn	erg-abs	balancing	nomn	svo	SV	AVP	100	1.0	0	0.0	1.0324402236938477	bos_eos
seed_44	4_7_anc_VP_order	26_4_7_anc_VP_order	fig:heatmap-26-anc-vp-order	4.7 ANC V--P order	76_vos_gn_er_d_se	vos	gn	erg-abs	deranking	sent	vos	VS	VPA	100	1.0	0	0.0	1.0220784330368042	bos_eos
seed_44	4_7_anc_VP_order	26_4_7_anc_VP_order	fig:heatmap-26-anc-vp-order	4.7 ANC V--P order	77_vos_gn_er_d_pa	vos	gn	erg-abs	deranking	poss-acc	svo	SV	AVP	100	0.95	0	0.0	0.48751957893371584	bos_eos
seed_44	4_7_anc_VP_order	26_4_7_anc_VP_order	fig:heatmap-26-anc-vp-order	4.7 ANC V--P order	78_vos_gn_er_d_ep	vos	gn	erg-abs	deranking	erg-poss	sov	SV	PVA	100	0.86	0	0.0	0.26227948665618894	bos_eos
seed_44	4_7_anc_VP_order	26_4_7_anc_VP_order	fig:heatmap-26-anc-vp-order	4.7 ANC V--P order	79_vos_gn_er_d_no	vos	gn	erg-abs	deranking	nomn	svo	SV	AVP	100	1.0	0	0.0	1.1134107756614684	bos_eos
seed_44	4_7_anc_VP_order	26_4_7_anc_VP_order	fig:heatmap-26-anc-vp-order	4.7 ANC V--P order	80_vos_ng_ac_b_se	vos	ng	nom-acc	balancing	sent	vos	VS	VPA	100	0.76	0	0.0	0.14081771850585936	bos_eos
seed_44	4_7_anc_VP_order	26_4_7_anc_VP_order	fig:heatmap-26-anc-vp-order	4.7 ANC V--P order	81_vos_ng_ac_b_pa	vos	ng	nom-acc	balancing	poss-acc	vos	VS	VPA	100	0.67	0	0.0	0.10291615009307861	bos_eos
seed_44	4_7_anc_VP_order	26_4_7_anc_VP_order	fig:heatmap-26-anc-vp-order	4.7 ANC V--P order	82_vos_ng_ac_b_ep	vos	ng	nom-acc	balancing	erg-poss	vos	VS	VPA	100	0.99	0	0.0	0.9753992772102356	bos_eos
seed_44	4_7_anc_VP_order	26_4_7_anc_VP_order	fig:heatmap-26-anc-vp-order	4.7 ANC V--P order	83_vos_ng_ac_b_no	vos	ng	nom-acc	balancing	nomn	vos	VS	VPA	100	1.0	0	0.0	0.8501661539077758	bos_eos
seed_44	4_7_anc_VP_order	26_4_7_anc_VP_order	fig:heatmap-26-anc-vp-order	4.7 ANC V--P order	84_vos_ng_ac_d_se	vos	ng	nom-acc	deranking	sent	vos	VS	VPA	100	0.86	0	0.0	0.35707635164260865	bos_eos
seed_44	4_7_anc_VP_order	26_4_7_anc_VP_order	fig:heatmap-26-anc-vp-order	4.7 ANC V--P order	85_vos_ng_ac_d_pa	vos	ng	nom-acc	deranking	poss-acc	vos	VS	VPA	100	1.0	0	0.0	0.4401729679107666	bos_eos
seed_44	4_7_anc_VP_order	26_4_7_anc_VP_order	fig:heatmap-26-anc-vp-order	4.7 ANC V--P order	86_vos_ng_ac_d_ep	vos	ng	nom-acc	deranking	erg-poss	vos	VS	VPA	100	1.0	0	0.0	0.907042818069458	bos_eos
seed_44	4_7_anc_VP_order	26_4_7_anc_VP_order	fig:heatmap-26-anc-vp-order	4.7 ANC V--P order	87_vos_ng_ac_d_no	vos	ng	nom-acc	deranking	nomn	vos	VS	VPA	100	1.0	0	0.0	1.142328073978424	bos_eos
seed_44	4_7_anc_VP_order	26_4_7_anc_VP_order	fig:heatmap-26-anc-vp-order	4.7 ANC V--P order	88_vos_ng_er_b_se	vos	ng	erg-abs	balancing	sent	vos	VS	VPA	100	0.78	0	0.0	0.25925502061843875	bos_eos
seed_44	4_7_anc_VP_order	26_4_7_anc_VP_order	fig:heatmap-26-anc-vp-order	4.7 ANC V--P order	89_vos_ng_er_b_pa	vos	ng	erg-abs	balancing	poss-acc	vos	VS	VPA	100	0.72	0	0.0	0.17976025342941285	bos_eos
seed_44	4_7_anc_VP_order	26_4_7_anc_VP_order	fig:heatmap-26-anc-vp-order	4.7 ANC V--P order	90_vos_ng_er_b_ep	vos	ng	erg-abs	balancing	erg-poss	vos	VS	VPA	100	1.0	0	0.0	1.072481553554535	bos_eos
seed_44	4_7_anc_VP_order	26_4_7_anc_VP_order	fig:heatmap-26-anc-vp-order	4.7 ANC V--P order	91_vos_ng_er_b_no	vos	ng	erg-abs	balancing	nomn	vos	VS	VPA	100	1.0	0	0.0	1.1332666492462158	bos_eos
seed_44	4_7_anc_VP_order	26_4_7_anc_VP_order	fig:heatmap-26-anc-vp-order	4.7 ANC V--P order	92_vos_ng_er_d_se	vos	ng	erg-abs	deranking	sent	vos	VS	VPA	100	1.0	0	0.0	0.9426183438301087	bos_eos
seed_44	4_7_anc_VP_order	26_4_7_anc_VP_order	fig:heatmap-26-anc-vp-order	4.7 ANC V--P order	93_vos_ng_er_d_pa	vos	ng	erg-abs	deranking	poss-acc	vos	VS	VPA	100	1.0	0	0.0	0.6319855880737305	bos_eos
seed_44	4_7_anc_VP_order	26_4_7_anc_VP_order	fig:heatmap-26-anc-vp-order	4.7 ANC V--P order	94_vos_ng_er_d_ep	vos	ng	erg-abs	deranking	erg-poss	vos	VS	VPA	100	1.0	0	0.0	1.1155763053894043	bos_eos
seed_44	4_7_anc_VP_order	26_4_7_anc_VP_order	fig:heatmap-26-anc-vp-order	4.7 ANC V--P order	95_vos_ng_er_d_no	vos	ng	erg-abs	deranking	nomn	vos	VS	VPA	100	1.0	0	0.0	1.196594922542572	bos_eos
seed_44	5_1_anc_ext_S_marker	27_5_1_anc_ext_S_marker	fig:heatmap-27-anc-ext-s-marker	5.1 ANC external S marker	00_sov_gn_ac_b_se	sov	gn	nom-acc	balancing	sent	sov	SV	APV	100	0.5	0	0.0	-0.14319514989852905	bos_eos
seed_44	5_1_anc_ext_S_marker	27_5_1_anc_ext_S_marker	fig:heatmap-27-anc-ext-s-marker	5.1 ANC external S marker	01_sov_gn_ac_b_pa	sov	gn	nom-acc	balancing	poss-acc	sov	SV	APV	100	0.56	0	0.0	0.02611611843109131	bos_eos
seed_44	5_1_anc_ext_S_marker	27_5_1_anc_ext_S_marker	fig:heatmap-27-anc-ext-s-marker	5.1 ANC external S marker	02_sov_gn_ac_b_ep	sov	gn	nom-acc	balancing	erg-poss	sov	SV	APV	100	0.34	0	0.0	-0.3222364497184753	bos_eos
seed_44	5_1_anc_ext_S_marker	27_5_1_anc_ext_S_marker	fig:heatmap-27-anc-ext-s-marker	5.1 ANC external S marker	03_sov_gn_ac_b_no	sov	gn	nom-acc	balancing	nomn	sov	SV	APV	100	0.59	0	0.0	0.011758439540863037	bos_eos
seed_44	5_1_anc_ext_S_marker	27_5_1_anc_ext_S_marker	fig:heatmap-27-anc-ext-s-marker	5.1 ANC external S marker	04_sov_gn_ac_d_se	sov	gn	nom-acc	deranking	sent	sov	SV	APV	100	0.5	0	0.0	-0.09897976160049439	bos_eos
seed_44	5_1_anc_ext_S_marker	27_5_1_anc_ext_S_marker	fig:heatmap-27-anc-ext-s-marker	5.1 ANC external S marker	05_sov_gn_ac_d_pa	sov	gn	nom-acc	deranking	poss-acc	sov	SV	APV	100	0.53	0	0.0	-0.012854650020599365	bos_eos
seed_44	5_1_anc_ext_S_marker	27_5_1_anc_ext_S_marker	fig:heatmap-27-anc-ext-s-marker	5.1 ANC external S marker	06_sov_gn_ac_d_ep	sov	gn	nom-acc	deranking	erg-poss	sov	SV	APV	100	0.51	0	0.0	-0.05070147275924683	bos_eos
seed_44	5_1_anc_ext_S_marker	27_5_1_anc_ext_S_marker	fig:heatmap-27-anc-ext-s-marker	5.1 ANC external S marker	07_sov_gn_ac_d_no	sov	gn	nom-acc	deranking	nomn	sov	SV	APV	100	0.6	0	0.0	0.1156689190864563	bos_eos
seed_44	5_1_anc_ext_S_marker	27_5_1_anc_ext_S_marker	fig:heatmap-27-anc-ext-s-marker	5.1 ANC external S marker	08_sov_gn_er_b_se	sov	gn	erg-abs	balancing	sent	sov	SV	APV	100	0.73	0	0.0	0.20063116312026977	bos_eos
seed_44	5_1_anc_ext_S_marker	27_5_1_anc_ext_S_marker	fig:heatmap-27-anc-ext-s-marker	5.1 ANC external S marker	09_sov_gn_er_b_pa	sov	gn	erg-abs	balancing	poss-acc	sov	SV	APV	100	0.67	0	0.0	0.23028646230697633	bos_eos
seed_44	5_1_anc_ext_S_marker	27_5_1_anc_ext_S_marker	fig:heatmap-27-anc-ext-s-marker	5.1 ANC external S marker	10_sov_gn_er_b_ep	sov	gn	erg-abs	balancing	erg-poss	sov	SV	APV	100	0.71	0	0.0	0.1581730604171753	bos_eos
seed_44	5_1_anc_ext_S_marker	27_5_1_anc_ext_S_marker	fig:heatmap-27-anc-ext-s-marker	5.1 ANC external S marker	11_sov_gn_er_b_no	sov	gn	erg-abs	balancing	nomn	sov	SV	APV	100	0.7	0	0.0	0.2900251269340515	bos_eos
seed_44	5_1_anc_ext_S_marker	27_5_1_anc_ext_S_marker	fig:heatmap-27-anc-ext-s-marker	5.1 ANC external S marker	12_sov_gn_er_d_se	sov	gn	erg-abs	deranking	sent	sov	SV	APV	100	0.69	0	0.0	0.2731391453742981	bos_eos
seed_44	5_1_anc_ext_S_marker	27_5_1_anc_ext_S_marker	fig:heatmap-27-anc-ext-s-marker	5.1 ANC external S marker	13_sov_gn_er_d_pa	sov	gn	erg-abs	deranking	poss-acc	sov	SV	APV	100	0.64	0	0.0	0.2581546926498413	bos_eos
seed_44	5_1_anc_ext_S_marker	27_5_1_anc_ext_S_marker	fig:heatmap-27-anc-ext-s-marker	5.1 ANC external S marker	14_sov_gn_er_d_ep	sov	gn	erg-abs	deranking	erg-poss	sov	SV	APV	100	0.74	0	0.0	0.2270012068748474	bos_eos
seed_44	5_1_anc_ext_S_marker	27_5_1_anc_ext_S_marker	fig:heatmap-27-anc-ext-s-marker	5.1 ANC external S marker	15_sov_gn_er_d_no	sov	gn	erg-abs	deranking	nomn	sov	SV	APV	100	0.72	0	0.0	0.3459115839004517	bos_eos
seed_44	5_1_anc_ext_S_marker	27_5_1_anc_ext_S_marker	fig:heatmap-27-anc-ext-s-marker	5.1 ANC external S marker	16_sov_ng_ac_b_se	sov	ng	nom-acc	balancing	sent	sov	SV	APV	100	0.28	0	0.0	-0.42576271533966065	bos_eos
seed_44	5_1_anc_ext_S_marker	27_5_1_anc_ext_S_marker	fig:heatmap-27-anc-ext-s-marker	5.1 ANC external S marker	17_sov_ng_ac_b_pa	sov	ng	nom-acc	balancing	poss-acc	ovs	VS	PVA	100	0.46	0	0.0	-0.01947082281112671	bos_eos
seed_44	5_1_anc_ext_S_marker	27_5_1_anc_ext_S_marker	fig:heatmap-27-anc-ext-s-marker	5.1 ANC external S marker	18_sov_ng_ac_b_ep	sov	ng	nom-acc	balancing	erg-poss	vos	VS	AVP	100	0.42	0	0.0	-0.11115143775939941	bos_eos
seed_44	5_1_anc_ext_S_marker	27_5_1_anc_ext_S_marker	fig:heatmap-27-anc-ext-s-marker	5.1 ANC external S marker	19_sov_ng_ac_b_no	sov	ng	nom-acc	balancing	nomn	ovs	VS	PVA	100	0.57	0	0.0	0.12319340944290161	bos_eos
seed_44	5_1_anc_ext_S_marker	27_5_1_anc_ext_S_marker	fig:heatmap-27-anc-ext-s-marker	5.1 ANC external S marker	20_sov_ng_ac_d_se	sov	ng	nom-acc	deranking	sent	sov	SV	APV	100	0.33	0	0.0	-0.291705904006958	bos_eos
seed_44	5_1_anc_ext_S_marker	27_5_1_anc_ext_S_marker	fig:heatmap-27-anc-ext-s-marker	5.1 ANC external S marker	21_sov_ng_ac_d_pa	sov	ng	nom-acc	deranking	poss-acc	ovs	VS	PVA	100	0.42	0	0.0	-0.11047471523284912	bos_eos
seed_44	5_1_anc_ext_S_marker	27_5_1_anc_ext_S_marker	fig:heatmap-27-anc-ext-s-marker	5.1 ANC external S marker	22_sov_ng_ac_d_ep	sov	ng	nom-acc	deranking	erg-poss	vos	VS	AVP	100	0.55	0	0.0	-0.02045880079269409	bos_eos
seed_44	5_1_anc_ext_S_marker	27_5_1_anc_ext_S_marker	fig:heatmap-27-anc-ext-s-marker	5.1 ANC external S marker	23_sov_ng_ac_d_no	sov	ng	nom-acc	deranking	nomn	ovs	VS	PVA	100	0.49	0	0.0	0.023747076988220216	bos_eos
seed_44	5_1_anc_ext_S_marker	27_5_1_anc_ext_S_marker	fig:heatmap-27-anc-ext-s-marker	5.1 ANC external S marker	24_sov_ng_er_b_se	sov	ng	erg-abs	balancing	sent	sov	SV	APV	100	0.44	0	0.0	-0.08201657295227051	bos_eos
seed_44	5_1_anc_ext_S_marker	27_5_1_anc_ext_S_marker	fig:heatmap-27-anc-ext-s-marker	5.1 ANC external S marker	25_sov_ng_er_b_pa	sov	ng	erg-abs	balancing	poss-acc	ovs	VS	PVA	100	0.46	0	0.0	-0.21071191787719726	bos_eos
seed_44	5_1_anc_ext_S_marker	27_5_1_anc_ext_S_marker	fig:heatmap-27-anc-ext-s-marker	5.1 ANC external S marker	26_sov_ng_er_b_ep	sov	ng	erg-abs	balancing	erg-poss	vos	VS	AVP	100	0.46	0	0.0	-0.15084765911102294	bos_eos
seed_44	5_1_anc_ext_S_marker	27_5_1_anc_ext_S_marker	fig:heatmap-27-anc-ext-s-marker	5.1 ANC external S marker	27_sov_ng_er_b_no	sov	ng	erg-abs	balancing	nomn	ovs	VS	PVA	100	0.48	0	0.0	-0.11938266515731812	bos_eos
seed_44	5_1_anc_ext_S_marker	27_5_1_anc_ext_S_marker	fig:heatmap-27-anc-ext-s-marker	5.1 ANC external S marker	28_sov_ng_er_d_se	sov	ng	erg-abs	deranking	sent	sov	SV	APV	100	0.51	0	0.0	0.0019013619422912598	bos_eos
seed_44	5_1_anc_ext_S_marker	27_5_1_anc_ext_S_marker	fig:heatmap-27-anc-ext-s-marker	5.1 ANC external S marker	29_sov_ng_er_d_pa	sov	ng	erg-abs	deranking	poss-acc	ovs	VS	PVA	100	0.28	0	0.0	-0.38992628574371335	bos_eos
seed_44	5_1_anc_ext_S_marker	27_5_1_anc_ext_S_marker	fig:heatmap-27-anc-ext-s-marker	5.1 ANC external S marker	30_sov_ng_er_d_ep	sov	ng	erg-abs	deranking	erg-poss	vos	VS	AVP	100	0.35	0	0.0	-0.23678322792053222	bos_eos
seed_44	5_1_anc_ext_S_marker	27_5_1_anc_ext_S_marker	fig:heatmap-27-anc-ext-s-marker	5.1 ANC external S marker	31_sov_ng_er_d_no	sov	ng	erg-abs	deranking	nomn	ovs	VS	PVA	100	0.47	0	0.0	-0.14904078006744384	bos_eos
seed_44	5_1_anc_ext_S_marker	27_5_1_anc_ext_S_marker	fig:heatmap-27-anc-ext-s-marker	5.1 ANC external S marker	32_svo_gn_ac_b_se	svo	gn	nom-acc	balancing	sent	svo	SV	AVP	100	0.73	0	0.0	0.3618054175376892	bos_eos
seed_44	5_1_anc_ext_S_marker	27_5_1_anc_ext_S_marker	fig:heatmap-27-anc-ext-s-marker	5.1 ANC external S marker	33_svo_gn_ac_b_pa	svo	gn	nom-acc	balancing	poss-acc	svo	SV	AVP	100	0.86	0	0.0	0.48010131359100344	bos_eos
seed_44	5_1_anc_ext_S_marker	27_5_1_anc_ext_S_marker	fig:heatmap-27-anc-ext-s-marker	5.1 ANC external S marker	34_svo_gn_ac_b_ep	svo	gn	nom-acc	balancing	erg-poss	sov	SV	PVA	100	0.88	0	0.0	0.8161317777633667	bos_eos
seed_44	5_1_anc_ext_S_marker	27_5_1_anc_ext_S_marker	fig:heatmap-27-anc-ext-s-marker	5.1 ANC external S marker	35_svo_gn_ac_b_no	svo	gn	nom-acc	balancing	nomn	svo	SV	AVP	100	0.86	0	0.0	0.7959339094161987	bos_eos
seed_44	5_1_anc_ext_S_marker	27_5_1_anc_ext_S_marker	fig:heatmap-27-anc-ext-s-marker	5.1 ANC external S marker	36_svo_gn_ac_d_se	svo	gn	nom-acc	deranking	sent	svo	SV	AVP	100	0.71	0	0.0	0.2961443471908569	bos_eos
seed_44	5_1_anc_ext_S_marker	27_5_1_anc_ext_S_marker	fig:heatmap-27-anc-ext-s-marker	5.1 ANC external S marker	37_svo_gn_ac_d_pa	svo	gn	nom-acc	deranking	poss-acc	svo	SV	AVP	100	0.66	0	0.0	0.30600939989089965	bos_eos
seed_44	5_1_anc_ext_S_marker	27_5_1_anc_ext_S_marker	fig:heatmap-27-anc-ext-s-marker	5.1 ANC external S marker	38_svo_gn_ac_d_ep	svo	gn	nom-acc	deranking	erg-poss	sov	SV	PVA	100	0.86	0	0.0	0.623250482082367	bos_eos
seed_44	5_1_anc_ext_S_marker	27_5_1_anc_ext_S_marker	fig:heatmap-27-anc-ext-s-marker	5.1 ANC external S marker	39_svo_gn_ac_d_no	svo	gn	nom-acc	deranking	nomn	svo	SV	AVP	100	0.88	0	0.0	0.7166150665283203	bos_eos
seed_44	5_1_anc_ext_S_marker	27_5_1_anc_ext_S_marker	fig:heatmap-27-anc-ext-s-marker	5.1 ANC external S marker	40_svo_gn_er_b_se	svo	gn	erg-abs	balancing	sent	svo	SV	AVP	100	0.7	0	0.0	0.3624221110343933	bos_eos
seed_44	5_1_anc_ext_S_marker	27_5_1_anc_ext_S_marker	fig:heatmap-27-anc-ext-s-marker	5.1 ANC external S marker	41_svo_gn_er_b_pa	svo	gn	erg-abs	balancing	poss-acc	svo	SV	AVP	100	0.75	0	0.0	0.3774479079246521	bos_eos
seed_44	5_1_anc_ext_S_marker	27_5_1_anc_ext_S_marker	fig:heatmap-27-anc-ext-s-marker	5.1 ANC external S marker	42_svo_gn_er_b_ep	svo	gn	erg-abs	balancing	erg-poss	sov	SV	PVA	100	0.82	0	0.0	0.42983914375305177	bos_eos
seed_44	5_1_anc_ext_S_marker	27_5_1_anc_ext_S_marker	fig:heatmap-27-anc-ext-s-marker	5.1 ANC external S marker	43_svo_gn_er_b_no	svo	gn	erg-abs	balancing	nomn	svo	SV	AVP	100	0.8	0	0.0	0.4238071870803833	bos_eos
seed_44	5_1_anc_ext_S_marker	27_5_1_anc_ext_S_marker	fig:heatmap-27-anc-ext-s-marker	5.1 ANC external S marker	44_svo_gn_er_d_se	svo	gn	erg-abs	deranking	sent	svo	SV	AVP	100	0.7	0	0.0	0.3190624761581421	bos_eos
seed_44	5_1_anc_ext_S_marker	27_5_1_anc_ext_S_marker	fig:heatmap-27-anc-ext-s-marker	5.1 ANC external S marker	45_svo_gn_er_d_pa	svo	gn	erg-abs	deranking	poss-acc	svo	SV	AVP	100	0.69	0	0.0	0.20737122297286986	bos_eos
seed_44	5_1_anc_ext_S_marker	27_5_1_anc_ext_S_marker	fig:heatmap-27-anc-ext-s-marker	5.1 ANC external S marker	46_svo_gn_er_d_ep	svo	gn	erg-abs	deranking	erg-poss	sov	SV	PVA	100	0.8	0	0.0	0.2757221627235413	bos_eos
seed_44	5_1_anc_ext_S_marker	27_5_1_anc_ext_S_marker	fig:heatmap-27-anc-ext-s-marker	5.1 ANC external S marker	47_svo_gn_er_d_no	svo	gn	erg-abs	deranking	nomn	svo	SV	AVP	100	0.73	0	0.0	0.2392257833480835	bos_eos
seed_44	5_1_anc_ext_S_marker	27_5_1_anc_ext_S_marker	fig:heatmap-27-anc-ext-s-marker	5.1 ANC external S marker	48_svo_ng_ac_b_se	svo	ng	nom-acc	balancing	sent	svo	SV	AVP	100	0.69	0	0.0	0.27930410623550417	bos_eos
seed_44	5_1_anc_ext_S_marker	27_5_1_anc_ext_S_marker	fig:heatmap-27-anc-ext-s-marker	5.1 ANC external S marker	49_svo_ng_ac_b_pa	svo	ng	nom-acc	balancing	poss-acc	vos	VS	VPA	100	0.92	0	0.0	0.5646748781204224	bos_eos
seed_44	5_1_anc_ext_S_marker	27_5_1_anc_ext_S_marker	fig:heatmap-27-anc-ext-s-marker	5.1 ANC external S marker	50_svo_ng_ac_b_ep	svo	ng	nom-acc	balancing	erg-poss	vos	VS	VPA	100	0.98	0	0.0	0.779304986000061	bos_eos
seed_44	5_1_anc_ext_S_marker	27_5_1_anc_ext_S_marker	fig:heatmap-27-anc-ext-s-marker	5.1 ANC external S marker	51_svo_ng_ac_b_no	svo	ng	nom-acc	balancing	nomn	vos	VS	VPA	100	0.98	0	0.0	0.9398418974876404	bos_eos
seed_44	5_1_anc_ext_S_marker	27_5_1_anc_ext_S_marker	fig:heatmap-27-anc-ext-s-marker	5.1 ANC external S marker	52_svo_ng_ac_d_se	svo	ng	nom-acc	deranking	sent	svo	SV	AVP	100	0.58	0	0.0	0.17488788604736327	bos_eos
seed_44	5_1_anc_ext_S_marker	27_5_1_anc_ext_S_marker	fig:heatmap-27-anc-ext-s-marker	5.1 ANC external S marker	53_svo_ng_ac_d_pa	svo	ng	nom-acc	deranking	poss-acc	vos	VS	VPA	100	0.97	0	0.0	0.6446862435340881	bos_eos
seed_44	5_1_anc_ext_S_marker	27_5_1_anc_ext_S_marker	fig:heatmap-27-anc-ext-s-marker	5.1 ANC external S marker	54_svo_ng_ac_d_ep	svo	ng	nom-acc	deranking	erg-poss	vos	VS	VPA	100	0.99	0	0.0	0.742368004322052	bos_eos
seed_44	5_1_anc_ext_S_marker	27_5_1_anc_ext_S_marker	fig:heatmap-27-anc-ext-s-marker	5.1 ANC external S marker	55_svo_ng_ac_d_no	svo	ng	nom-acc	deranking	nomn	vos	VS	VPA	100	0.97	0	0.0	0.5686089229583741	bos_eos
seed_44	5_1_anc_ext_S_marker	27_5_1_anc_ext_S_marker	fig:heatmap-27-anc-ext-s-marker	5.1 ANC external S marker	56_svo_ng_er_b_se	svo	ng	erg-abs	balancing	sent	svo	SV	AVP	100	0.66	0	0.0	0.222502281665802	bos_eos
seed_44	5_1_anc_ext_S_marker	27_5_1_anc_ext_S_marker	fig:heatmap-27-anc-ext-s-marker	5.1 ANC external S marker	57_svo_ng_er_b_pa	svo	ng	erg-abs	balancing	poss-acc	vos	VS	VPA	100	0.74	0	0.0	0.34279909133911135	bos_eos
seed_44	5_1_anc_ext_S_marker	27_5_1_anc_ext_S_marker	fig:heatmap-27-anc-ext-s-marker	5.1 ANC external S marker	58_svo_ng_er_b_ep	svo	ng	erg-abs	balancing	erg-poss	vos	VS	VPA	100	0.7	0	0.0	0.23710713863372804	bos_eos
seed_44	5_1_anc_ext_S_marker	27_5_1_anc_ext_S_marker	fig:heatmap-27-anc-ext-s-marker	5.1 ANC external S marker	59_svo_ng_er_b_no	svo	ng	erg-abs	balancing	nomn	vos	VS	VPA	100	0.88	0	0.0	0.45744123935699466	bos_eos
seed_44	5_1_anc_ext_S_marker	27_5_1_anc_ext_S_marker	fig:heatmap-27-anc-ext-s-marker	5.1 ANC external S marker	60_svo_ng_er_d_se	svo	ng	erg-abs	deranking	sent	svo	SV	AVP	100	0.62	0	0.0	0.13860334634780883	bos_eos
seed_44	5_1_anc_ext_S_marker	27_5_1_anc_ext_S_marker	fig:heatmap-27-anc-ext-s-marker	5.1 ANC external S marker	61_svo_ng_er_d_pa	svo	ng	erg-abs	deranking	poss-acc	vos	VS	VPA	100	0.8	0	0.0	0.34976399421691895	bos_eos
seed_44	5_1_anc_ext_S_marker	27_5_1_anc_ext_S_marker	fig:heatmap-27-anc-ext-s-marker	5.1 ANC external S marker	62_svo_ng_er_d_ep	svo	ng	erg-abs	deranking	erg-poss	vos	VS	VPA	100	0.59	0	0.0	0.0582719874382019	bos_eos
seed_44	5_1_anc_ext_S_marker	27_5_1_anc_ext_S_marker	fig:heatmap-27-anc-ext-s-marker	5.1 ANC external S marker	63_svo_ng_er_d_no	svo	ng	erg-abs	deranking	nomn	vos	VS	VPA	100	0.97	0	0.0	0.601981942653656	bos_eos
seed_44	5_1_anc_ext_S_marker	27_5_1_anc_ext_S_marker	fig:heatmap-27-anc-ext-s-marker	5.1 ANC external S marker	64_vos_gn_ac_b_se	vos	gn	nom-acc	balancing	sent	vos	VS	VPA	100	0.29	0	0.0	-0.4623919105529785	bos_eos
seed_44	5_1_anc_ext_S_marker	27_5_1_anc_ext_S_marker	fig:heatmap-27-anc-ext-s-marker	5.1 ANC external S marker	65_vos_gn_ac_b_pa	vos	gn	nom-acc	balancing	poss-acc	svo	SV	AVP	100	0.49	0	0.0	0.025699198246002197	bos_eos
seed_44	5_1_anc_ext_S_marker	27_5_1_anc_ext_S_marker	fig:heatmap-27-anc-ext-s-marker	5.1 ANC external S marker	66_vos_gn_ac_b_ep	vos	gn	nom-acc	balancing	erg-poss	sov	SV	PVA	100	0.76	0	0.0	0.3380225419998169	bos_eos
seed_44	5_1_anc_ext_S_marker	27_5_1_anc_ext_S_marker	fig:heatmap-27-anc-ext-s-marker	5.1 ANC external S marker	67_vos_gn_ac_b_no	vos	gn	nom-acc	balancing	nomn	svo	SV	AVP	100	0.63	0	0.0	0.11904598474502563	bos_eos
seed_44	5_1_anc_ext_S_marker	27_5_1_anc_ext_S_marker	fig:heatmap-27-anc-ext-s-marker	5.1 ANC external S marker	68_vos_gn_ac_d_se	vos	gn	nom-acc	deranking	sent	vos	VS	VPA	100	0.41	0	0.0	-0.08641963243484498	bos_eos
seed_44	5_1_anc_ext_S_marker	27_5_1_anc_ext_S_marker	fig:heatmap-27-anc-ext-s-marker	5.1 ANC external S marker	69_vos_gn_ac_d_pa	vos	gn	nom-acc	deranking	poss-acc	svo	SV	AVP	100	0.7	0	0.0	0.4299404859542847	bos_eos
seed_44	5_1_anc_ext_S_marker	27_5_1_anc_ext_S_marker	fig:heatmap-27-anc-ext-s-marker	5.1 ANC external S marker	70_vos_gn_ac_d_ep	vos	gn	nom-acc	deranking	erg-poss	sov	SV	PVA	100	0.8	0	0.0	0.6027831983566284	bos_eos
seed_44	5_1_anc_ext_S_marker	27_5_1_anc_ext_S_marker	fig:heatmap-27-anc-ext-s-marker	5.1 ANC external S marker	71_vos_gn_ac_d_no	vos	gn	nom-acc	deranking	nomn	svo	SV	AVP	100	0.75	0	0.0	0.4667582583427429	bos_eos
seed_44	5_1_anc_ext_S_marker	27_5_1_anc_ext_S_marker	fig:heatmap-27-anc-ext-s-marker	5.1 ANC external S marker	72_vos_gn_er_b_se	vos	gn	erg-abs	balancing	sent	vos	VS	VPA	100	0.5	0	0.0	0.13482112646102906	bos_eos
seed_44	5_1_anc_ext_S_marker	27_5_1_anc_ext_S_marker	fig:heatmap-27-anc-ext-s-marker	5.1 ANC external S marker	73_vos_gn_er_b_pa	vos	gn	erg-abs	balancing	poss-acc	svo	SV	AVP	100	0.48	0	0.0	0.159646852016449	bos_eos
seed_44	5_1_anc_ext_S_marker	27_5_1_anc_ext_S_marker	fig:heatmap-27-anc-ext-s-marker	5.1 ANC external S marker	74_vos_gn_er_b_ep	vos	gn	erg-abs	balancing	erg-poss	sov	SV	PVA	100	0.67	0	0.0	0.3672979521751404	bos_eos
seed_44	5_1_anc_ext_S_marker	27_5_1_anc_ext_S_marker	fig:heatmap-27-anc-ext-s-marker	5.1 ANC external S marker	75_vos_gn_er_b_no	vos	gn	erg-abs	balancing	nomn	svo	SV	AVP	100	0.77	0	0.0	0.4401183891296387	bos_eos
seed_44	5_1_anc_ext_S_marker	27_5_1_anc_ext_S_marker	fig:heatmap-27-anc-ext-s-marker	5.1 ANC external S marker	76_vos_gn_er_d_se	vos	gn	erg-abs	deranking	sent	vos	VS	VPA	100	0.5	0	0.0	0.09533942222595215	bos_eos
seed_44	5_1_anc_ext_S_marker	27_5_1_anc_ext_S_marker	fig:heatmap-27-anc-ext-s-marker	5.1 ANC external S marker	77_vos_gn_er_d_pa	vos	gn	erg-abs	deranking	poss-acc	svo	SV	AVP	100	0.43	0	0.0	0.18709376573562622	bos_eos
seed_44	5_1_anc_ext_S_marker	27_5_1_anc_ext_S_marker	fig:heatmap-27-anc-ext-s-marker	5.1 ANC external S marker	78_vos_gn_er_d_ep	vos	gn	erg-abs	deranking	erg-poss	sov	SV	PVA	100	0.59	0	0.0	0.28191705226898195	bos_eos
seed_44	5_1_anc_ext_S_marker	27_5_1_anc_ext_S_marker	fig:heatmap-27-anc-ext-s-marker	5.1 ANC external S marker	79_vos_gn_er_d_no	vos	gn	erg-abs	deranking	nomn	svo	SV	AVP	100	0.62	0	0.0	0.3192850351333618	bos_eos
seed_44	5_1_anc_ext_S_marker	27_5_1_anc_ext_S_marker	fig:heatmap-27-anc-ext-s-marker	5.1 ANC external S marker	80_vos_ng_ac_b_se	vos	ng	nom-acc	balancing	sent	vos	VS	VPA	100	0.39	0	0.0	-0.4059820580482483	bos_eos
seed_44	5_1_anc_ext_S_marker	27_5_1_anc_ext_S_marker	fig:heatmap-27-anc-ext-s-marker	5.1 ANC external S marker	81_vos_ng_ac_b_pa	vos	ng	nom-acc	balancing	poss-acc	vos	VS	VPA	100	0.35	0	0.0	-0.3817253804206848	bos_eos
seed_44	5_1_anc_ext_S_marker	27_5_1_anc_ext_S_marker	fig:heatmap-27-anc-ext-s-marker	5.1 ANC external S marker	82_vos_ng_ac_b_ep	vos	ng	nom-acc	balancing	erg-poss	vos	VS	VPA	100	0.37	0	0.0	-0.31873507976531984	bos_eos
seed_44	5_1_anc_ext_S_marker	27_5_1_anc_ext_S_marker	fig:heatmap-27-anc-ext-s-marker	5.1 ANC external S marker	83_vos_ng_ac_b_no	vos	ng	nom-acc	balancing	nomn	vos	VS	VPA	100	0.47	0	0.0	-0.1678951382637024	bos_eos
seed_44	5_1_anc_ext_S_marker	27_5_1_anc_ext_S_marker	fig:heatmap-27-anc-ext-s-marker	5.1 ANC external S marker	84_vos_ng_ac_d_se	vos	ng	nom-acc	deranking	sent	vos	VS	VPA	100	0.53	0	0.0	-0.0753782057762146	bos_eos
seed_44	5_1_anc_ext_S_marker	27_5_1_anc_ext_S_marker	fig:heatmap-27-anc-ext-s-marker	5.1 ANC external S marker	85_vos_ng_ac_d_pa	vos	ng	nom-acc	deranking	poss-acc	vos	VS	VPA	100	0.68	0	0.0	0.27677974462509153	bos_eos
seed_44	5_1_anc_ext_S_marker	27_5_1_anc_ext_S_marker	fig:heatmap-27-anc-ext-s-marker	5.1 ANC external S marker	86_vos_ng_ac_d_ep	vos	ng	nom-acc	deranking	erg-poss	vos	VS	VPA	100	0.44	0	0.0	-0.1028676962852478	bos_eos
seed_44	5_1_anc_ext_S_marker	27_5_1_anc_ext_S_marker	fig:heatmap-27-anc-ext-s-marker	5.1 ANC external S marker	87_vos_ng_ac_d_no	vos	ng	nom-acc	deranking	nomn	vos	VS	VPA	100	0.65	0	0.0	0.15715834379196167	bos_eos
seed_44	5_1_anc_ext_S_marker	27_5_1_anc_ext_S_marker	fig:heatmap-27-anc-ext-s-marker	5.1 ANC external S marker	88_vos_ng_er_b_se	vos	ng	erg-abs	balancing	sent	vos	VS	VPA	100	0.73	0	0.0	0.3563151049613953	bos_eos
seed_44	5_1_anc_ext_S_marker	27_5_1_anc_ext_S_marker	fig:heatmap-27-anc-ext-s-marker	5.1 ANC external S marker	89_vos_ng_er_b_pa	vos	ng	erg-abs	balancing	poss-acc	vos	VS	VPA	100	0.74	0	0.0	0.3174818325042725	bos_eos
seed_44	5_1_anc_ext_S_marker	27_5_1_anc_ext_S_marker	fig:heatmap-27-anc-ext-s-marker	5.1 ANC external S marker	90_vos_ng_er_b_ep	vos	ng	erg-abs	balancing	erg-poss	vos	VS	VPA	100	0.81	0	0.0	0.32088215589523317	bos_eos
seed_44	5_1_anc_ext_S_marker	27_5_1_anc_ext_S_marker	fig:heatmap-27-anc-ext-s-marker	5.1 ANC external S marker	91_vos_ng_er_b_no	vos	ng	erg-abs	balancing	nomn	vos	VS	VPA	100	0.92	0	0.0	0.5218841004371643	bos_eos
seed_44	5_1_anc_ext_S_marker	27_5_1_anc_ext_S_marker	fig:heatmap-27-anc-ext-s-marker	5.1 ANC external S marker	92_vos_ng_er_d_se	vos	ng	erg-abs	deranking	sent	vos	VS	VPA	100	0.65	0	0.0	0.4181561613082886	bos_eos
seed_44	5_1_anc_ext_S_marker	27_5_1_anc_ext_S_marker	fig:heatmap-27-anc-ext-s-marker	5.1 ANC external S marker	93_vos_ng_er_d_pa	vos	ng	erg-abs	deranking	poss-acc	vos	VS	VPA	100	0.71	0	0.0	0.4481186056137085	bos_eos
seed_44	5_1_anc_ext_S_marker	27_5_1_anc_ext_S_marker	fig:heatmap-27-anc-ext-s-marker	5.1 ANC external S marker	94_vos_ng_er_d_ep	vos	ng	erg-abs	deranking	erg-poss	vos	VS	VPA	100	0.63	0	0.0	0.19492565393447875	bos_eos
seed_44	5_1_anc_ext_S_marker	27_5_1_anc_ext_S_marker	fig:heatmap-27-anc-ext-s-marker	5.1 ANC external S marker	95_vos_ng_er_d_no	vos	ng	erg-abs	deranking	nomn	vos	VS	VPA	100	0.8	0	0.0	0.37868706226348875	bos_eos
seed_44	5_2_anc_ext_A_marker	28_5_2_anc_ext_A_marker	fig:heatmap-28-anc-ext-a-marker	5.2 ANC external A marker	00_sov_gn_ac_b_se	sov	gn	nom-acc	balancing	sent	sov	SV	APV	100	0.31	0	0.0	-0.2064533305168152	bos_eos
seed_44	5_2_anc_ext_A_marker	28_5_2_anc_ext_A_marker	fig:heatmap-28-anc-ext-a-marker	5.2 ANC external A marker	01_sov_gn_ac_b_pa	sov	gn	nom-acc	balancing	poss-acc	sov	SV	APV	100	0.52	0	0.0	0.05044898509979248	bos_eos
seed_44	5_2_anc_ext_A_marker	28_5_2_anc_ext_A_marker	fig:heatmap-28-anc-ext-a-marker	5.2 ANC external A marker	02_sov_gn_ac_b_ep	sov	gn	nom-acc	balancing	erg-poss	sov	SV	APV	100	0.49	0	0.0	0.07617300033569335	bos_eos
seed_44	5_2_anc_ext_A_marker	28_5_2_anc_ext_A_marker	fig:heatmap-28-anc-ext-a-marker	5.2 ANC external A marker	03_sov_gn_ac_b_no	sov	gn	nom-acc	balancing	nomn	sov	SV	APV	100	0.75	0	0.0	0.32700289964675905	bos_eos
seed_44	5_2_anc_ext_A_marker	28_5_2_anc_ext_A_marker	fig:heatmap-28-anc-ext-a-marker	5.2 ANC external A marker	04_sov_gn_ac_d_se	sov	gn	nom-acc	deranking	sent	sov	SV	APV	100	0.37	0	0.0	-0.03933175086975098	bos_eos
seed_44	5_2_anc_ext_A_marker	28_5_2_anc_ext_A_marker	fig:heatmap-28-anc-ext-a-marker	5.2 ANC external A marker	05_sov_gn_ac_d_pa	sov	gn	nom-acc	deranking	poss-acc	sov	SV	APV	100	0.35	0	0.0	-0.06567003726959228	bos_eos
seed_44	5_2_anc_ext_A_marker	28_5_2_anc_ext_A_marker	fig:heatmap-28-anc-ext-a-marker	5.2 ANC external A marker	06_sov_gn_ac_d_ep	sov	gn	nom-acc	deranking	erg-poss	sov	SV	APV	100	0.62	0	0.0	0.16104499816894532	bos_eos
seed_44	5_2_anc_ext_A_marker	28_5_2_anc_ext_A_marker	fig:heatmap-28-anc-ext-a-marker	5.2 ANC external A marker	07_sov_gn_ac_d_no	sov	gn	nom-acc	deranking	nomn	sov	SV	APV	100	0.66	0	0.0	0.2578909111022949	bos_eos
seed_44	5_2_anc_ext_A_marker	28_5_2_anc_ext_A_marker	fig:heatmap-28-anc-ext-a-marker	5.2 ANC external A marker	08_sov_gn_er_b_se	sov	gn	erg-abs	balancing	sent	sov	SV	APV	100	0.99	0	0.0	1.2520236086845398	bos_eos
seed_44	5_2_anc_ext_A_marker	28_5_2_anc_ext_A_marker	fig:heatmap-28-anc-ext-a-marker	5.2 ANC external A marker	09_sov_gn_er_b_pa	sov	gn	erg-abs	balancing	poss-acc	sov	SV	APV	100	1.0	0	0.0	1.307350935935974	bos_eos
seed_44	5_2_anc_ext_A_marker	28_5_2_anc_ext_A_marker	fig:heatmap-28-anc-ext-a-marker	5.2 ANC external A marker	10_sov_gn_er_b_ep	sov	gn	erg-abs	balancing	erg-poss	sov	SV	APV	100	1.0	0	0.0	1.1865663170814513	bos_eos
seed_44	5_2_anc_ext_A_marker	28_5_2_anc_ext_A_marker	fig:heatmap-28-anc-ext-a-marker	5.2 ANC external A marker	11_sov_gn_er_b_no	sov	gn	erg-abs	balancing	nomn	sov	SV	APV	100	1.0	0	0.0	1.2146798753738404	bos_eos
seed_44	5_2_anc_ext_A_marker	28_5_2_anc_ext_A_marker	fig:heatmap-28-anc-ext-a-marker	5.2 ANC external A marker	12_sov_gn_er_d_se	sov	gn	erg-abs	deranking	sent	sov	SV	APV	100	0.99	0	0.0	1.2739838528633118	bos_eos
seed_44	5_2_anc_ext_A_marker	28_5_2_anc_ext_A_marker	fig:heatmap-28-anc-ext-a-marker	5.2 ANC external A marker	13_sov_gn_er_d_pa	sov	gn	erg-abs	deranking	poss-acc	sov	SV	APV	100	1.0	0	0.0	1.4062243962287904	bos_eos
seed_44	5_2_anc_ext_A_marker	28_5_2_anc_ext_A_marker	fig:heatmap-28-anc-ext-a-marker	5.2 ANC external A marker	14_sov_gn_er_d_ep	sov	gn	erg-abs	deranking	erg-poss	sov	SV	APV	100	1.0	0	0.0	1.209308762550354	bos_eos
seed_44	5_2_anc_ext_A_marker	28_5_2_anc_ext_A_marker	fig:heatmap-28-anc-ext-a-marker	5.2 ANC external A marker	15_sov_gn_er_d_no	sov	gn	erg-abs	deranking	nomn	sov	SV	APV	100	1.0	0	0.0	1.1901365542411804	bos_eos
seed_44	5_2_anc_ext_A_marker	28_5_2_anc_ext_A_marker	fig:heatmap-28-anc-ext-a-marker	5.2 ANC external A marker	16_sov_ng_ac_b_se	sov	ng	nom-acc	balancing	sent	sov	SV	APV	100	0.45	0	0.0	-0.02589862108230591	bos_eos
seed_44	5_2_anc_ext_A_marker	28_5_2_anc_ext_A_marker	fig:heatmap-28-anc-ext-a-marker	5.2 ANC external A marker	17_sov_ng_ac_b_pa	sov	ng	nom-acc	balancing	poss-acc	ovs	VS	PVA	100	0.56	0	0.0	0.03795656442642212	bos_eos
seed_44	5_2_anc_ext_A_marker	28_5_2_anc_ext_A_marker	fig:heatmap-28-anc-ext-a-marker	5.2 ANC external A marker	18_sov_ng_ac_b_ep	sov	ng	nom-acc	balancing	erg-poss	vos	VS	AVP	100	0.7	0	0.0	0.22863039255142212	bos_eos
seed_44	5_2_anc_ext_A_marker	28_5_2_anc_ext_A_marker	fig:heatmap-28-anc-ext-a-marker	5.2 ANC external A marker	19_sov_ng_ac_b_no	sov	ng	nom-acc	balancing	nomn	ovs	VS	PVA	100	0.75	0	0.0	0.4268331480026245	bos_eos
seed_44	5_2_anc_ext_A_marker	28_5_2_anc_ext_A_marker	fig:heatmap-28-anc-ext-a-marker	5.2 ANC external A marker	20_sov_ng_ac_d_se	sov	ng	nom-acc	deranking	sent	sov	SV	APV	100	0.51	0	0.0	0.010870349407196046	bos_eos
seed_44	5_2_anc_ext_A_marker	28_5_2_anc_ext_A_marker	fig:heatmap-28-anc-ext-a-marker	5.2 ANC external A marker	21_sov_ng_ac_d_pa	sov	ng	nom-acc	deranking	poss-acc	ovs	VS	PVA	100	0.54	0	0.0	0.07582015037536621	bos_eos
seed_44	5_2_anc_ext_A_marker	28_5_2_anc_ext_A_marker	fig:heatmap-28-anc-ext-a-marker	5.2 ANC external A marker	22_sov_ng_ac_d_ep	sov	ng	nom-acc	deranking	erg-poss	vos	VS	AVP	100	0.72	0	0.0	0.20309834480285643	bos_eos
seed_44	5_2_anc_ext_A_marker	28_5_2_anc_ext_A_marker	fig:heatmap-28-anc-ext-a-marker	5.2 ANC external A marker	23_sov_ng_ac_d_no	sov	ng	nom-acc	deranking	nomn	ovs	VS	PVA	100	0.78	0	0.0	0.3242270040512085	bos_eos
seed_44	5_2_anc_ext_A_marker	28_5_2_anc_ext_A_marker	fig:heatmap-28-anc-ext-a-marker	5.2 ANC external A marker	24_sov_ng_er_b_se	sov	ng	erg-abs	balancing	sent	sov	SV	APV	100	1.0	0	0.0	1.6596281576156615	bos_eos
seed_44	5_2_anc_ext_A_marker	28_5_2_anc_ext_A_marker	fig:heatmap-28-anc-ext-a-marker	5.2 ANC external A marker	25_sov_ng_er_b_pa	sov	ng	erg-abs	balancing	poss-acc	ovs	VS	PVA	100	1.0	0	0.0	1.7116340565681458	bos_eos
seed_44	5_2_anc_ext_A_marker	28_5_2_anc_ext_A_marker	fig:heatmap-28-anc-ext-a-marker	5.2 ANC external A marker	26_sov_ng_er_b_ep	sov	ng	erg-abs	balancing	erg-poss	vos	VS	AVP	100	1.0	0	0.0	1.5755971574783325	bos_eos
seed_44	5_2_anc_ext_A_marker	28_5_2_anc_ext_A_marker	fig:heatmap-28-anc-ext-a-marker	5.2 ANC external A marker	27_sov_ng_er_b_no	sov	ng	erg-abs	balancing	nomn	ovs	VS	PVA	100	1.0	0	0.0	1.7081357860565185	bos_eos
seed_44	5_2_anc_ext_A_marker	28_5_2_anc_ext_A_marker	fig:heatmap-28-anc-ext-a-marker	5.2 ANC external A marker	28_sov_ng_er_d_se	sov	ng	erg-abs	deranking	sent	sov	SV	APV	100	1.0	0	0.0	1.5240681290626525	bos_eos
seed_44	5_2_anc_ext_A_marker	28_5_2_anc_ext_A_marker	fig:heatmap-28-anc-ext-a-marker	5.2 ANC external A marker	29_sov_ng_er_d_pa	sov	ng	erg-abs	deranking	poss-acc	ovs	VS	PVA	100	1.0	0	0.0	1.6105126237869263	bos_eos
seed_44	5_2_anc_ext_A_marker	28_5_2_anc_ext_A_marker	fig:heatmap-28-anc-ext-a-marker	5.2 ANC external A marker	30_sov_ng_er_d_ep	sov	ng	erg-abs	deranking	erg-poss	vos	VS	AVP	100	1.0	0	0.0	1.4042734289169312	bos_eos
seed_44	5_2_anc_ext_A_marker	28_5_2_anc_ext_A_marker	fig:heatmap-28-anc-ext-a-marker	5.2 ANC external A marker	31_sov_ng_er_d_no	sov	ng	erg-abs	deranking	nomn	ovs	VS	PVA	100	1.0	0	0.0	1.4638225388526918	bos_eos
seed_44	5_2_anc_ext_A_marker	28_5_2_anc_ext_A_marker	fig:heatmap-28-anc-ext-a-marker	5.2 ANC external A marker	32_svo_gn_ac_b_se	svo	gn	nom-acc	balancing	sent	svo	SV	AVP	100	0.78	0	0.0	0.33538960218429564	bos_eos
seed_44	5_2_anc_ext_A_marker	28_5_2_anc_ext_A_marker	fig:heatmap-28-anc-ext-a-marker	5.2 ANC external A marker	33_svo_gn_ac_b_pa	svo	gn	nom-acc	balancing	poss-acc	svo	SV	AVP	100	0.9	0	0.0	0.37584758281707764	bos_eos
seed_44	5_2_anc_ext_A_marker	28_5_2_anc_ext_A_marker	fig:heatmap-28-anc-ext-a-marker	5.2 ANC external A marker	34_svo_gn_ac_b_ep	svo	gn	nom-acc	balancing	erg-poss	sov	SV	PVA	100	0.83	0	0.0	0.5476381134986877	bos_eos
seed_44	5_2_anc_ext_A_marker	28_5_2_anc_ext_A_marker	fig:heatmap-28-anc-ext-a-marker	5.2 ANC external A marker	35_svo_gn_ac_b_no	svo	gn	nom-acc	balancing	nomn	svo	SV	AVP	100	0.89	0	0.0	0.5574800348281861	bos_eos
seed_44	5_2_anc_ext_A_marker	28_5_2_anc_ext_A_marker	fig:heatmap-28-anc-ext-a-marker	5.2 ANC external A marker	36_svo_gn_ac_d_se	svo	gn	nom-acc	deranking	sent	svo	SV	AVP	100	0.79	0	0.0	0.21679219245910644	bos_eos
seed_44	5_2_anc_ext_A_marker	28_5_2_anc_ext_A_marker	fig:heatmap-28-anc-ext-a-marker	5.2 ANC external A marker	37_svo_gn_ac_d_pa	svo	gn	nom-acc	deranking	poss-acc	svo	SV	AVP	100	0.78	0	0.0	0.2395288395881653	bos_eos
seed_44	5_2_anc_ext_A_marker	28_5_2_anc_ext_A_marker	fig:heatmap-28-anc-ext-a-marker	5.2 ANC external A marker	38_svo_gn_ac_d_ep	svo	gn	nom-acc	deranking	erg-poss	sov	SV	PVA	100	0.85	0	0.0	0.3953679609298706	bos_eos
seed_44	5_2_anc_ext_A_marker	28_5_2_anc_ext_A_marker	fig:heatmap-28-anc-ext-a-marker	5.2 ANC external A marker	39_svo_gn_ac_d_no	svo	gn	nom-acc	deranking	nomn	svo	SV	AVP	100	0.86	0	0.0	0.4780407452583313	bos_eos
seed_44	5_2_anc_ext_A_marker	28_5_2_anc_ext_A_marker	fig:heatmap-28-anc-ext-a-marker	5.2 ANC external A marker	40_svo_gn_er_b_se	svo	gn	erg-abs	balancing	sent	svo	SV	AVP	100	1.0	0	0.0	2.053636045455933	bos_eos
seed_44	5_2_anc_ext_A_marker	28_5_2_anc_ext_A_marker	fig:heatmap-28-anc-ext-a-marker	5.2 ANC external A marker	41_svo_gn_er_b_pa	svo	gn	erg-abs	balancing	poss-acc	svo	SV	AVP	100	1.0	0	0.0	2.111651804447174	bos_eos
seed_44	5_2_anc_ext_A_marker	28_5_2_anc_ext_A_marker	fig:heatmap-28-anc-ext-a-marker	5.2 ANC external A marker	42_svo_gn_er_b_ep	svo	gn	erg-abs	balancing	erg-poss	sov	SV	PVA	100	1.0	0	0.0	2.0607247614860533	bos_eos
seed_44	5_2_anc_ext_A_marker	28_5_2_anc_ext_A_marker	fig:heatmap-28-anc-ext-a-marker	5.2 ANC external A marker	43_svo_gn_er_b_no	svo	gn	erg-abs	balancing	nomn	svo	SV	AVP	100	1.0	0	0.0	1.867237765789032	bos_eos
seed_44	5_2_anc_ext_A_marker	28_5_2_anc_ext_A_marker	fig:heatmap-28-anc-ext-a-marker	5.2 ANC external A marker	44_svo_gn_er_d_se	svo	gn	erg-abs	deranking	sent	svo	SV	AVP	100	0.96	0	0.0	1.8349101901054383	bos_eos
seed_44	5_2_anc_ext_A_marker	28_5_2_anc_ext_A_marker	fig:heatmap-28-anc-ext-a-marker	5.2 ANC external A marker	45_svo_gn_er_d_pa	svo	gn	erg-abs	deranking	poss-acc	svo	SV	AVP	100	1.0	0	0.0	1.9016133427619935	bos_eos
seed_44	5_2_anc_ext_A_marker	28_5_2_anc_ext_A_marker	fig:heatmap-28-anc-ext-a-marker	5.2 ANC external A marker	46_svo_gn_er_d_ep	svo	gn	erg-abs	deranking	erg-poss	sov	SV	PVA	100	1.0	0	0.0	2.0061664605140686	bos_eos
seed_44	5_2_anc_ext_A_marker	28_5_2_anc_ext_A_marker	fig:heatmap-28-anc-ext-a-marker	5.2 ANC external A marker	47_svo_gn_er_d_no	svo	gn	erg-abs	deranking	nomn	svo	SV	AVP	100	1.0	0	0.0	1.916455988883972	bos_eos
seed_44	5_2_anc_ext_A_marker	28_5_2_anc_ext_A_marker	fig:heatmap-28-anc-ext-a-marker	5.2 ANC external A marker	48_svo_ng_ac_b_se	svo	ng	nom-acc	balancing	sent	svo	SV	AVP	100	0.8	0	0.0	0.2624527144432068	bos_eos
seed_44	5_2_anc_ext_A_marker	28_5_2_anc_ext_A_marker	fig:heatmap-28-anc-ext-a-marker	5.2 ANC external A marker	49_svo_ng_ac_b_pa	svo	ng	nom-acc	balancing	poss-acc	vos	VS	VPA	100	0.96	0	0.0	0.45144096374511716	bos_eos
seed_44	5_2_anc_ext_A_marker	28_5_2_anc_ext_A_marker	fig:heatmap-28-anc-ext-a-marker	5.2 ANC external A marker	50_svo_ng_ac_b_ep	svo	ng	nom-acc	balancing	erg-poss	vos	VS	VPA	100	0.99	0	0.0	0.5769187664985657	bos_eos
seed_44	5_2_anc_ext_A_marker	28_5_2_anc_ext_A_marker	fig:heatmap-28-anc-ext-a-marker	5.2 ANC external A marker	51_svo_ng_ac_b_no	svo	ng	nom-acc	balancing	nomn	vos	VS	VPA	100	1.0	0	0.0	0.6685101461410522	bos_eos
seed_44	5_2_anc_ext_A_marker	28_5_2_anc_ext_A_marker	fig:heatmap-28-anc-ext-a-marker	5.2 ANC external A marker	52_svo_ng_ac_d_se	svo	ng	nom-acc	deranking	sent	svo	SV	AVP	100	0.63	0	0.0	0.16096835136413573	bos_eos
seed_44	5_2_anc_ext_A_marker	28_5_2_anc_ext_A_marker	fig:heatmap-28-anc-ext-a-marker	5.2 ANC external A marker	53_svo_ng_ac_d_pa	svo	ng	nom-acc	deranking	poss-acc	vos	VS	VPA	100	0.97	0	0.0	0.4850507664680481	bos_eos
seed_44	5_2_anc_ext_A_marker	28_5_2_anc_ext_A_marker	fig:heatmap-28-anc-ext-a-marker	5.2 ANC external A marker	54_svo_ng_ac_d_ep	svo	ng	nom-acc	deranking	erg-poss	vos	VS	VPA	100	0.99	0	0.0	0.5191349840164184	bos_eos
seed_44	5_2_anc_ext_A_marker	28_5_2_anc_ext_A_marker	fig:heatmap-28-anc-ext-a-marker	5.2 ANC external A marker	55_svo_ng_ac_d_no	svo	ng	nom-acc	deranking	nomn	vos	VS	VPA	100	0.95	0	0.0	0.46319684505462644	bos_eos
seed_44	5_2_anc_ext_A_marker	28_5_2_anc_ext_A_marker	fig:heatmap-28-anc-ext-a-marker	5.2 ANC external A marker	56_svo_ng_er_b_se	svo	ng	erg-abs	balancing	sent	svo	SV	AVP	100	0.98	0	0.0	2.071420221328735	bos_eos
seed_44	5_2_anc_ext_A_marker	28_5_2_anc_ext_A_marker	fig:heatmap-28-anc-ext-a-marker	5.2 ANC external A marker	57_svo_ng_er_b_pa	svo	ng	erg-abs	balancing	poss-acc	vos	VS	VPA	100	1.0	0	0.0	2.1342020177841188	bos_eos
seed_44	5_2_anc_ext_A_marker	28_5_2_anc_ext_A_marker	fig:heatmap-28-anc-ext-a-marker	5.2 ANC external A marker	58_svo_ng_er_b_ep	svo	ng	erg-abs	balancing	erg-poss	vos	VS	VPA	100	1.0	0	0.0	1.92257310628891	bos_eos
seed_44	5_2_anc_ext_A_marker	28_5_2_anc_ext_A_marker	fig:heatmap-28-anc-ext-a-marker	5.2 ANC external A marker	59_svo_ng_er_b_no	svo	ng	erg-abs	balancing	nomn	vos	VS	VPA	100	1.0	0	0.0	2.211296339035034	bos_eos
seed_44	5_2_anc_ext_A_marker	28_5_2_anc_ext_A_marker	fig:heatmap-28-anc-ext-a-marker	5.2 ANC external A marker	60_svo_ng_er_d_se	svo	ng	erg-abs	deranking	sent	svo	SV	AVP	100	0.96	0	0.0	1.8744522619247437	bos_eos
seed_44	5_2_anc_ext_A_marker	28_5_2_anc_ext_A_marker	fig:heatmap-28-anc-ext-a-marker	5.2 ANC external A marker	61_svo_ng_er_d_pa	svo	ng	erg-abs	deranking	poss-acc	vos	VS	VPA	100	1.0	0	0.0	1.9021675539016725	bos_eos
seed_44	5_2_anc_ext_A_marker	28_5_2_anc_ext_A_marker	fig:heatmap-28-anc-ext-a-marker	5.2 ANC external A marker	62_svo_ng_er_d_ep	svo	ng	erg-abs	deranking	erg-poss	vos	VS	VPA	100	1.0	0	0.0	1.7039180898666382	bos_eos
seed_44	5_2_anc_ext_A_marker	28_5_2_anc_ext_A_marker	fig:heatmap-28-anc-ext-a-marker	5.2 ANC external A marker	63_svo_ng_er_d_no	svo	ng	erg-abs	deranking	nomn	vos	VS	VPA	100	1.0	0	0.0	1.8104329371452332	bos_eos
seed_44	5_2_anc_ext_A_marker	28_5_2_anc_ext_A_marker	fig:heatmap-28-anc-ext-a-marker	5.2 ANC external A marker	64_vos_gn_ac_b_se	vos	gn	nom-acc	balancing	sent	vos	VS	VPA	100	0.31	0	0.0	-0.1359233522415161	bos_eos
seed_44	5_2_anc_ext_A_marker	28_5_2_anc_ext_A_marker	fig:heatmap-28-anc-ext-a-marker	5.2 ANC external A marker	65_vos_gn_ac_b_pa	vos	gn	nom-acc	balancing	poss-acc	svo	SV	AVP	100	0.55	0	0.0	0.0065680289268493655	bos_eos
seed_44	5_2_anc_ext_A_marker	28_5_2_anc_ext_A_marker	fig:heatmap-28-anc-ext-a-marker	5.2 ANC external A marker	66_vos_gn_ac_b_ep	vos	gn	nom-acc	balancing	erg-poss	sov	SV	PVA	100	0.79	0	0.0	0.6319862103462219	bos_eos
seed_44	5_2_anc_ext_A_marker	28_5_2_anc_ext_A_marker	fig:heatmap-28-anc-ext-a-marker	5.2 ANC external A marker	67_vos_gn_ac_b_no	vos	gn	nom-acc	balancing	nomn	svo	SV	AVP	100	0.62	0	0.0	0.38227612018585205	bos_eos
seed_44	5_2_anc_ext_A_marker	28_5_2_anc_ext_A_marker	fig:heatmap-28-anc-ext-a-marker	5.2 ANC external A marker	68_vos_gn_ac_d_se	vos	gn	nom-acc	deranking	sent	vos	VS	VPA	100	0.46	0	0.0	0.06779395580291749	bos_eos
seed_44	5_2_anc_ext_A_marker	28_5_2_anc_ext_A_marker	fig:heatmap-28-anc-ext-a-marker	5.2 ANC external A marker	69_vos_gn_ac_d_pa	vos	gn	nom-acc	deranking	poss-acc	svo	SV	AVP	100	0.68	0	0.0	0.3720665454864502	bos_eos
seed_44	5_2_anc_ext_A_marker	28_5_2_anc_ext_A_marker	fig:heatmap-28-anc-ext-a-marker	5.2 ANC external A marker	70_vos_gn_ac_d_ep	vos	gn	nom-acc	deranking	erg-poss	sov	SV	PVA	100	0.79	0	0.0	0.7679249429702759	bos_eos
seed_44	5_2_anc_ext_A_marker	28_5_2_anc_ext_A_marker	fig:heatmap-28-anc-ext-a-marker	5.2 ANC external A marker	71_vos_gn_ac_d_no	vos	gn	nom-acc	deranking	nomn	svo	SV	AVP	100	0.73	0	0.0	0.5480210065841675	bos_eos
seed_44	5_2_anc_ext_A_marker	28_5_2_anc_ext_A_marker	fig:heatmap-28-anc-ext-a-marker	5.2 ANC external A marker	72_vos_gn_er_b_se	vos	gn	erg-abs	balancing	sent	vos	VS	VPA	100	0.96	0	0.0	1.3329527926445008	bos_eos
seed_44	5_2_anc_ext_A_marker	28_5_2_anc_ext_A_marker	fig:heatmap-28-anc-ext-a-marker	5.2 ANC external A marker	73_vos_gn_er_b_pa	vos	gn	erg-abs	balancing	poss-acc	svo	SV	AVP	100	0.96	0	0.0	1.181101348400116	bos_eos
seed_44	5_2_anc_ext_A_marker	28_5_2_anc_ext_A_marker	fig:heatmap-28-anc-ext-a-marker	5.2 ANC external A marker	74_vos_gn_er_b_ep	vos	gn	erg-abs	balancing	erg-poss	sov	SV	PVA	100	0.97	0	0.0	1.273615746498108	bos_eos
seed_44	5_2_anc_ext_A_marker	28_5_2_anc_ext_A_marker	fig:heatmap-28-anc-ext-a-marker	5.2 ANC external A marker	75_vos_gn_er_b_no	vos	gn	erg-abs	balancing	nomn	svo	SV	AVP	100	0.98	0	0.0	1.4314069938659668	bos_eos
seed_44	5_2_anc_ext_A_marker	28_5_2_anc_ext_A_marker	fig:heatmap-28-anc-ext-a-marker	5.2 ANC external A marker	76_vos_gn_er_d_se	vos	gn	erg-abs	deranking	sent	vos	VS	VPA	100	0.99	0	0.0	1.439438841342926	bos_eos
seed_44	5_2_anc_ext_A_marker	28_5_2_anc_ext_A_marker	fig:heatmap-28-anc-ext-a-marker	5.2 ANC external A marker	77_vos_gn_er_d_pa	vos	gn	erg-abs	deranking	poss-acc	svo	SV	AVP	100	1.0	0	0.0	1.473086702823639	bos_eos
seed_44	5_2_anc_ext_A_marker	28_5_2_anc_ext_A_marker	fig:heatmap-28-anc-ext-a-marker	5.2 ANC external A marker	78_vos_gn_er_d_ep	vos	gn	erg-abs	deranking	erg-poss	sov	SV	PVA	100	0.94	0	0.0	1.3955843400955201	bos_eos
seed_44	5_2_anc_ext_A_marker	28_5_2_anc_ext_A_marker	fig:heatmap-28-anc-ext-a-marker	5.2 ANC external A marker	79_vos_gn_er_d_no	vos	gn	erg-abs	deranking	nomn	svo	SV	AVP	100	1.0	0	0.0	1.445276789665222	bos_eos
seed_44	5_2_anc_ext_A_marker	28_5_2_anc_ext_A_marker	fig:heatmap-28-anc-ext-a-marker	5.2 ANC external A marker	80_vos_ng_ac_b_se	vos	ng	nom-acc	balancing	sent	vos	VS	VPA	100	0.27	0	0.0	-0.22886011362075806	bos_eos
seed_44	5_2_anc_ext_A_marker	28_5_2_anc_ext_A_marker	fig:heatmap-28-anc-ext-a-marker	5.2 ANC external A marker	81_vos_ng_ac_b_pa	vos	ng	nom-acc	balancing	poss-acc	vos	VS	VPA	100	0.28	0	0.0	-0.12183712959289551	bos_eos
seed_44	5_2_anc_ext_A_marker	28_5_2_anc_ext_A_marker	fig:heatmap-28-anc-ext-a-marker	5.2 ANC external A marker	82_vos_ng_ac_b_ep	vos	ng	nom-acc	balancing	erg-poss	vos	VS	VPA	100	0.45	0	0.0	0.10428167343139648	bos_eos
seed_44	5_2_anc_ext_A_marker	28_5_2_anc_ext_A_marker	fig:heatmap-28-anc-ext-a-marker	5.2 ANC external A marker	83_vos_ng_ac_b_no	vos	ng	nom-acc	balancing	nomn	vos	VS	VPA	100	0.66	0	0.0	0.22710331678390502	bos_eos
seed_44	5_2_anc_ext_A_marker	28_5_2_anc_ext_A_marker	fig:heatmap-28-anc-ext-a-marker	5.2 ANC external A marker	84_vos_ng_ac_d_se	vos	ng	nom-acc	deranking	sent	vos	VS	VPA	100	0.5	0	0.0	0.010414865016937256	bos_eos
seed_44	5_2_anc_ext_A_marker	28_5_2_anc_ext_A_marker	fig:heatmap-28-anc-ext-a-marker	5.2 ANC external A marker	85_vos_ng_ac_d_pa	vos	ng	nom-acc	deranking	poss-acc	vos	VS	VPA	100	0.82	0	0.0	0.27647483825683594	bos_eos
seed_44	5_2_anc_ext_A_marker	28_5_2_anc_ext_A_marker	fig:heatmap-28-anc-ext-a-marker	5.2 ANC external A marker	86_vos_ng_ac_d_ep	vos	ng	nom-acc	deranking	erg-poss	vos	VS	VPA	100	0.67	0	0.0	0.3527723908424377	bos_eos
seed_44	5_2_anc_ext_A_marker	28_5_2_anc_ext_A_marker	fig:heatmap-28-anc-ext-a-marker	5.2 ANC external A marker	87_vos_ng_ac_d_no	vos	ng	nom-acc	deranking	nomn	vos	VS	VPA	100	0.84	0	0.0	0.415145115852356	bos_eos
seed_44	5_2_anc_ext_A_marker	28_5_2_anc_ext_A_marker	fig:heatmap-28-anc-ext-a-marker	5.2 ANC external A marker	88_vos_ng_er_b_se	vos	ng	erg-abs	balancing	sent	vos	VS	VPA	100	0.99	0	0.0	1.219720606803894	bos_eos
seed_44	5_2_anc_ext_A_marker	28_5_2_anc_ext_A_marker	fig:heatmap-28-anc-ext-a-marker	5.2 ANC external A marker	89_vos_ng_er_b_pa	vos	ng	erg-abs	balancing	poss-acc	vos	VS	VPA	100	1.0	0	0.0	1.253955726623535	bos_eos
seed_44	5_2_anc_ext_A_marker	28_5_2_anc_ext_A_marker	fig:heatmap-28-anc-ext-a-marker	5.2 ANC external A marker	90_vos_ng_er_b_ep	vos	ng	erg-abs	balancing	erg-poss	vos	VS	VPA	100	1.0	0	0.0	1.1167931842803955	bos_eos
seed_44	5_2_anc_ext_A_marker	28_5_2_anc_ext_A_marker	fig:heatmap-28-anc-ext-a-marker	5.2 ANC external A marker	91_vos_ng_er_b_no	vos	ng	erg-abs	balancing	nomn	vos	VS	VPA	100	1.0	0	0.0	1.3727312517166137	bos_eos
seed_44	5_2_anc_ext_A_marker	28_5_2_anc_ext_A_marker	fig:heatmap-28-anc-ext-a-marker	5.2 ANC external A marker	92_vos_ng_er_d_se	vos	ng	erg-abs	deranking	sent	vos	VS	VPA	100	0.98	0	0.0	1.2796570920944215	bos_eos
seed_44	5_2_anc_ext_A_marker	28_5_2_anc_ext_A_marker	fig:heatmap-28-anc-ext-a-marker	5.2 ANC external A marker	93_vos_ng_er_d_pa	vos	ng	erg-abs	deranking	poss-acc	vos	VS	VPA	100	1.0	0	0.0	1.4865774369239808	bos_eos
seed_44	5_2_anc_ext_A_marker	28_5_2_anc_ext_A_marker	fig:heatmap-28-anc-ext-a-marker	5.2 ANC external A marker	94_vos_ng_er_d_ep	vos	ng	erg-abs	deranking	erg-poss	vos	VS	VPA	100	1.0	0	0.0	1.2422433376312256	bos_eos
seed_44	5_2_anc_ext_A_marker	28_5_2_anc_ext_A_marker	fig:heatmap-28-anc-ext-a-marker	5.2 ANC external A marker	95_vos_ng_er_d_no	vos	ng	erg-abs	deranking	nomn	vos	VS	VPA	100	1.0	0	0.0	1.3369955444335937	bos_eos
seed_44	5_3_anc_ext_P_marker	29_5_3_anc_ext_P_marker	fig:heatmap-29-anc-ext-p-marker	5.3 ANC external P marker	00_sov_gn_ac_b_se	sov	gn	nom-acc	balancing	sent	sov	SV	APV	100	1.0	0	0.0	1.7078444695472716	bos_eos
seed_44	5_3_anc_ext_P_marker	29_5_3_anc_ext_P_marker	fig:heatmap-29-anc-ext-p-marker	5.3 ANC external P marker	01_sov_gn_ac_b_pa	sov	gn	nom-acc	balancing	poss-acc	sov	SV	APV	100	1.0	0	0.0	1.3982643795013427	bos_eos
seed_44	5_3_anc_ext_P_marker	29_5_3_anc_ext_P_marker	fig:heatmap-29-anc-ext-p-marker	5.3 ANC external P marker	02_sov_gn_ac_b_ep	sov	gn	nom-acc	balancing	erg-poss	sov	SV	APV	100	1.0	0	0.0	1.4250153803825378	bos_eos
seed_44	5_3_anc_ext_P_marker	29_5_3_anc_ext_P_marker	fig:heatmap-29-anc-ext-p-marker	5.3 ANC external P marker	03_sov_gn_ac_b_no	sov	gn	nom-acc	balancing	nomn	sov	SV	APV	100	1.0	0	0.0	1.6091346096992494	bos_eos
seed_44	5_3_anc_ext_P_marker	29_5_3_anc_ext_P_marker	fig:heatmap-29-anc-ext-p-marker	5.3 ANC external P marker	04_sov_gn_ac_d_se	sov	gn	nom-acc	deranking	sent	sov	SV	APV	100	0.98	0	0.0	1.167103350162506	bos_eos
seed_44	5_3_anc_ext_P_marker	29_5_3_anc_ext_P_marker	fig:heatmap-29-anc-ext-p-marker	5.3 ANC external P marker	05_sov_gn_ac_d_pa	sov	gn	nom-acc	deranking	poss-acc	sov	SV	APV	100	1.0	0	0.0	1.1781541991233826	bos_eos
seed_44	5_3_anc_ext_P_marker	29_5_3_anc_ext_P_marker	fig:heatmap-29-anc-ext-p-marker	5.3 ANC external P marker	06_sov_gn_ac_d_ep	sov	gn	nom-acc	deranking	erg-poss	sov	SV	APV	100	1.0	0	0.0	1.1611002159118653	bos_eos
seed_44	5_3_anc_ext_P_marker	29_5_3_anc_ext_P_marker	fig:heatmap-29-anc-ext-p-marker	5.3 ANC external P marker	07_sov_gn_ac_d_no	sov	gn	nom-acc	deranking	nomn	sov	SV	APV	100	1.0	0	0.0	1.315279393196106	bos_eos
seed_44	5_3_anc_ext_P_marker	29_5_3_anc_ext_P_marker	fig:heatmap-29-anc-ext-p-marker	5.3 ANC external P marker	08_sov_gn_er_b_se	sov	gn	erg-abs	balancing	sent	sov	SV	APV	100	0.95	0	0.0	0.4207266664505005	bos_eos
seed_44	5_3_anc_ext_P_marker	29_5_3_anc_ext_P_marker	fig:heatmap-29-anc-ext-p-marker	5.3 ANC external P marker	09_sov_gn_er_b_pa	sov	gn	erg-abs	balancing	poss-acc	sov	SV	APV	100	0.93	0	0.0	0.31753729343414305	bos_eos
seed_44	5_3_anc_ext_P_marker	29_5_3_anc_ext_P_marker	fig:heatmap-29-anc-ext-p-marker	5.3 ANC external P marker	10_sov_gn_er_b_ep	sov	gn	erg-abs	balancing	erg-poss	sov	SV	APV	100	0.97	0	0.0	0.34976661682128907	bos_eos
seed_44	5_3_anc_ext_P_marker	29_5_3_anc_ext_P_marker	fig:heatmap-29-anc-ext-p-marker	5.3 ANC external P marker	11_sov_gn_er_b_no	sov	gn	erg-abs	balancing	nomn	sov	SV	APV	100	0.97	0	0.0	0.49563358545303343	bos_eos
seed_44	5_3_anc_ext_P_marker	29_5_3_anc_ext_P_marker	fig:heatmap-29-anc-ext-p-marker	5.3 ANC external P marker	12_sov_gn_er_d_se	sov	gn	erg-abs	deranking	sent	sov	SV	APV	100	0.98	0	0.0	0.5483817076683044	bos_eos
seed_44	5_3_anc_ext_P_marker	29_5_3_anc_ext_P_marker	fig:heatmap-29-anc-ext-p-marker	5.3 ANC external P marker	13_sov_gn_er_d_pa	sov	gn	erg-abs	deranking	poss-acc	sov	SV	APV	100	0.99	0	0.0	0.4803819346427918	bos_eos
seed_44	5_3_anc_ext_P_marker	29_5_3_anc_ext_P_marker	fig:heatmap-29-anc-ext-p-marker	5.3 ANC external P marker	14_sov_gn_er_d_ep	sov	gn	erg-abs	deranking	erg-poss	sov	SV	APV	100	0.97	0	0.0	0.31194429636001586	bos_eos
seed_44	5_3_anc_ext_P_marker	29_5_3_anc_ext_P_marker	fig:heatmap-29-anc-ext-p-marker	5.3 ANC external P marker	15_sov_gn_er_d_no	sov	gn	erg-abs	deranking	nomn	sov	SV	APV	100	0.97	0	0.0	0.46202606678009034	bos_eos
seed_44	5_3_anc_ext_P_marker	29_5_3_anc_ext_P_marker	fig:heatmap-29-anc-ext-p-marker	5.3 ANC external P marker	16_sov_ng_ac_b_se	sov	ng	nom-acc	balancing	sent	sov	SV	APV	100	0.93	0	0.0	1.3814790034294129	bos_eos
seed_44	5_3_anc_ext_P_marker	29_5_3_anc_ext_P_marker	fig:heatmap-29-anc-ext-p-marker	5.3 ANC external P marker	17_sov_ng_ac_b_pa	sov	ng	nom-acc	balancing	poss-acc	ovs	VS	PVA	100	0.92	0	0.0	1.2035755109786987	bos_eos
seed_44	5_3_anc_ext_P_marker	29_5_3_anc_ext_P_marker	fig:heatmap-29-anc-ext-p-marker	5.3 ANC external P marker	18_sov_ng_ac_b_ep	sov	ng	nom-acc	balancing	erg-poss	vos	VS	AVP	100	1.0	0	0.0	1.2948073959350586	bos_eos
seed_44	5_3_anc_ext_P_marker	29_5_3_anc_ext_P_marker	fig:heatmap-29-anc-ext-p-marker	5.3 ANC external P marker	19_sov_ng_ac_b_no	sov	ng	nom-acc	balancing	nomn	ovs	VS	PVA	100	1.0	0	0.0	1.3600638222694397	bos_eos
seed_44	5_3_anc_ext_P_marker	29_5_3_anc_ext_P_marker	fig:heatmap-29-anc-ext-p-marker	5.3 ANC external P marker	20_sov_ng_ac_d_se	sov	ng	nom-acc	deranking	sent	sov	SV	APV	100	0.97	0	0.0	0.8403264188766479	bos_eos
seed_44	5_3_anc_ext_P_marker	29_5_3_anc_ext_P_marker	fig:heatmap-29-anc-ext-p-marker	5.3 ANC external P marker	21_sov_ng_ac_d_pa	sov	ng	nom-acc	deranking	poss-acc	ovs	VS	PVA	100	0.99	0	0.0	1.0246811771392823	bos_eos
seed_44	5_3_anc_ext_P_marker	29_5_3_anc_ext_P_marker	fig:heatmap-29-anc-ext-p-marker	5.3 ANC external P marker	22_sov_ng_ac_d_ep	sov	ng	nom-acc	deranking	erg-poss	vos	VS	AVP	100	1.0	0	0.0	1.1851832461357117	bos_eos
seed_44	5_3_anc_ext_P_marker	29_5_3_anc_ext_P_marker	fig:heatmap-29-anc-ext-p-marker	5.3 ANC external P marker	23_sov_ng_ac_d_no	sov	ng	nom-acc	deranking	nomn	ovs	VS	PVA	100	1.0	0	0.0	1.2354050040245057	bos_eos
seed_44	5_3_anc_ext_P_marker	29_5_3_anc_ext_P_marker	fig:heatmap-29-anc-ext-p-marker	5.3 ANC external P marker	24_sov_ng_er_b_se	sov	ng	erg-abs	balancing	sent	sov	SV	APV	100	0.75	0	0.0	0.1738915205001831	bos_eos
seed_44	5_3_anc_ext_P_marker	29_5_3_anc_ext_P_marker	fig:heatmap-29-anc-ext-p-marker	5.3 ANC external P marker	25_sov_ng_er_b_pa	sov	ng	erg-abs	balancing	poss-acc	ovs	VS	PVA	100	0.51	0	0.0	0.020877861976623537	bos_eos
seed_44	5_3_anc_ext_P_marker	29_5_3_anc_ext_P_marker	fig:heatmap-29-anc-ext-p-marker	5.3 ANC external P marker	26_sov_ng_er_b_ep	sov	ng	erg-abs	balancing	erg-poss	vos	VS	AVP	100	0.39	0	0.0	-0.040904033184051516	bos_eos
seed_44	5_3_anc_ext_P_marker	29_5_3_anc_ext_P_marker	fig:heatmap-29-anc-ext-p-marker	5.3 ANC external P marker	27_sov_ng_er_b_no	sov	ng	erg-abs	balancing	nomn	ovs	VS	PVA	100	0.64	0	0.0	0.09426282644271851	bos_eos
seed_44	5_3_anc_ext_P_marker	29_5_3_anc_ext_P_marker	fig:heatmap-29-anc-ext-p-marker	5.3 ANC external P marker	28_sov_ng_er_d_se	sov	ng	erg-abs	deranking	sent	sov	SV	APV	100	0.93	0	0.0	0.2882698392868042	bos_eos
seed_44	5_3_anc_ext_P_marker	29_5_3_anc_ext_P_marker	fig:heatmap-29-anc-ext-p-marker	5.3 ANC external P marker	29_sov_ng_er_d_pa	sov	ng	erg-abs	deranking	poss-acc	ovs	VS	PVA	100	0.52	0	0.0	0.004815244674682617	bos_eos
seed_44	5_3_anc_ext_P_marker	29_5_3_anc_ext_P_marker	fig:heatmap-29-anc-ext-p-marker	5.3 ANC external P marker	30_sov_ng_er_d_ep	sov	ng	erg-abs	deranking	erg-poss	vos	VS	AVP	100	0.35	0	0.0	-0.051707170009613036	bos_eos
seed_44	5_3_anc_ext_P_marker	29_5_3_anc_ext_P_marker	fig:heatmap-29-anc-ext-p-marker	5.3 ANC external P marker	31_sov_ng_er_d_no	sov	ng	erg-abs	deranking	nomn	ovs	VS	PVA	100	0.45	0	0.0	0.003143589496612549	bos_eos
seed_44	5_3_anc_ext_P_marker	29_5_3_anc_ext_P_marker	fig:heatmap-29-anc-ext-p-marker	5.3 ANC external P marker	32_svo_gn_ac_b_se	svo	gn	nom-acc	balancing	sent	svo	SV	AVP	100	0.98	0	0.0	1.8503958678245545	bos_eos
seed_44	5_3_anc_ext_P_marker	29_5_3_anc_ext_P_marker	fig:heatmap-29-anc-ext-p-marker	5.3 ANC external P marker	33_svo_gn_ac_b_pa	svo	gn	nom-acc	balancing	poss-acc	svo	SV	AVP	100	0.96	0	0.0	1.8130847239494323	bos_eos
seed_44	5_3_anc_ext_P_marker	29_5_3_anc_ext_P_marker	fig:heatmap-29-anc-ext-p-marker	5.3 ANC external P marker	34_svo_gn_ac_b_ep	svo	gn	nom-acc	balancing	erg-poss	sov	SV	PVA	100	0.99	0	0.0	2.0646311902999877	bos_eos
seed_44	5_3_anc_ext_P_marker	29_5_3_anc_ext_P_marker	fig:heatmap-29-anc-ext-p-marker	5.3 ANC external P marker	35_svo_gn_ac_b_no	svo	gn	nom-acc	balancing	nomn	svo	SV	AVP	100	1.0	0	0.0	2.0573367285728454	bos_eos
seed_44	5_3_anc_ext_P_marker	29_5_3_anc_ext_P_marker	fig:heatmap-29-anc-ext-p-marker	5.3 ANC external P marker	36_svo_gn_ac_d_se	svo	gn	nom-acc	deranking	sent	svo	SV	AVP	100	0.92	0	0.0	1.3242489981651306	bos_eos
seed_44	5_3_anc_ext_P_marker	29_5_3_anc_ext_P_marker	fig:heatmap-29-anc-ext-p-marker	5.3 ANC external P marker	37_svo_gn_ac_d_pa	svo	gn	nom-acc	deranking	poss-acc	svo	SV	AVP	100	0.97	0	0.0	1.3687361645698548	bos_eos
seed_44	5_3_anc_ext_P_marker	29_5_3_anc_ext_P_marker	fig:heatmap-29-anc-ext-p-marker	5.3 ANC external P marker	38_svo_gn_ac_d_ep	svo	gn	nom-acc	deranking	erg-poss	sov	SV	PVA	100	0.99	0	0.0	1.6209361815452576	bos_eos
seed_44	5_3_anc_ext_P_marker	29_5_3_anc_ext_P_marker	fig:heatmap-29-anc-ext-p-marker	5.3 ANC external P marker	39_svo_gn_ac_d_no	svo	gn	nom-acc	deranking	nomn	svo	SV	AVP	100	1.0	0	0.0	1.73581627368927	bos_eos
seed_44	5_3_anc_ext_P_marker	29_5_3_anc_ext_P_marker	fig:heatmap-29-anc-ext-p-marker	5.3 ANC external P marker	40_svo_gn_er_b_se	svo	gn	erg-abs	balancing	sent	svo	SV	AVP	100	0.86	0	0.0	0.5377092957496643	bos_eos
seed_44	5_3_anc_ext_P_marker	29_5_3_anc_ext_P_marker	fig:heatmap-29-anc-ext-p-marker	5.3 ANC external P marker	41_svo_gn_er_b_pa	svo	gn	erg-abs	balancing	poss-acc	svo	SV	AVP	100	0.81	0	0.0	0.5001214981079102	bos_eos
seed_44	5_3_anc_ext_P_marker	29_5_3_anc_ext_P_marker	fig:heatmap-29-anc-ext-p-marker	5.3 ANC external P marker	42_svo_gn_er_b_ep	svo	gn	erg-abs	balancing	erg-poss	sov	SV	PVA	100	0.89	0	0.0	0.6237895202636718	bos_eos
seed_44	5_3_anc_ext_P_marker	29_5_3_anc_ext_P_marker	fig:heatmap-29-anc-ext-p-marker	5.3 ANC external P marker	43_svo_gn_er_b_no	svo	gn	erg-abs	balancing	nomn	svo	SV	AVP	100	0.88	0	0.0	0.6130447649955749	bos_eos
seed_44	5_3_anc_ext_P_marker	29_5_3_anc_ext_P_marker	fig:heatmap-29-anc-ext-p-marker	5.3 ANC external P marker	44_svo_gn_er_d_se	svo	gn	erg-abs	deranking	sent	svo	SV	AVP	100	0.89	0	0.0	0.7236508989334106	bos_eos
seed_44	5_3_anc_ext_P_marker	29_5_3_anc_ext_P_marker	fig:heatmap-29-anc-ext-p-marker	5.3 ANC external P marker	45_svo_gn_er_d_pa	svo	gn	erg-abs	deranking	poss-acc	svo	SV	AVP	100	0.79	0	0.0	0.5495554876327514	bos_eos
seed_44	5_3_anc_ext_P_marker	29_5_3_anc_ext_P_marker	fig:heatmap-29-anc-ext-p-marker	5.3 ANC external P marker	46_svo_gn_er_d_ep	svo	gn	erg-abs	deranking	erg-poss	sov	SV	PVA	100	0.85	0	0.0	0.5544184803962707	bos_eos
seed_44	5_3_anc_ext_P_marker	29_5_3_anc_ext_P_marker	fig:heatmap-29-anc-ext-p-marker	5.3 ANC external P marker	47_svo_gn_er_d_no	svo	gn	erg-abs	deranking	nomn	svo	SV	AVP	100	0.84	0	0.0	0.5738893842697144	bos_eos
seed_44	5_3_anc_ext_P_marker	29_5_3_anc_ext_P_marker	fig:heatmap-29-anc-ext-p-marker	5.3 ANC external P marker	48_svo_ng_ac_b_se	svo	ng	nom-acc	balancing	sent	svo	SV	AVP	100	1.0	0	0.0	1.800990810394287	bos_eos
seed_44	5_3_anc_ext_P_marker	29_5_3_anc_ext_P_marker	fig:heatmap-29-anc-ext-p-marker	5.3 ANC external P marker	49_svo_ng_ac_b_pa	svo	ng	nom-acc	balancing	poss-acc	vos	VS	VPA	100	1.0	0	0.0	1.795803599357605	bos_eos
seed_44	5_3_anc_ext_P_marker	29_5_3_anc_ext_P_marker	fig:heatmap-29-anc-ext-p-marker	5.3 ANC external P marker	50_svo_ng_ac_b_ep	svo	ng	nom-acc	balancing	erg-poss	vos	VS	VPA	100	1.0	0	0.0	1.982711341381073	bos_eos
seed_44	5_3_anc_ext_P_marker	29_5_3_anc_ext_P_marker	fig:heatmap-29-anc-ext-p-marker	5.3 ANC external P marker	51_svo_ng_ac_b_no	svo	ng	nom-acc	balancing	nomn	vos	VS	VPA	100	1.0	0	0.0	2.1660167956352234	bos_eos
seed_44	5_3_anc_ext_P_marker	29_5_3_anc_ext_P_marker	fig:heatmap-29-anc-ext-p-marker	5.3 ANC external P marker	52_svo_ng_ac_d_se	svo	ng	nom-acc	deranking	sent	svo	SV	AVP	100	0.93	0	0.0	1.2077836346626283	bos_eos
seed_44	5_3_anc_ext_P_marker	29_5_3_anc_ext_P_marker	fig:heatmap-29-anc-ext-p-marker	5.3 ANC external P marker	53_svo_ng_ac_d_pa	svo	ng	nom-acc	deranking	poss-acc	vos	VS	VPA	100	1.0	0	0.0	1.6647183227539062	bos_eos
seed_44	5_3_anc_ext_P_marker	29_5_3_anc_ext_P_marker	fig:heatmap-29-anc-ext-p-marker	5.3 ANC external P marker	54_svo_ng_ac_d_ep	svo	ng	nom-acc	deranking	erg-poss	vos	VS	VPA	100	1.0	0	0.0	1.8242733240127564	bos_eos
seed_44	5_3_anc_ext_P_marker	29_5_3_anc_ext_P_marker	fig:heatmap-29-anc-ext-p-marker	5.3 ANC external P marker	55_svo_ng_ac_d_no	svo	ng	nom-acc	deranking	nomn	vos	VS	VPA	100	1.0	0	0.0	1.8892025995254516	bos_eos
seed_44	5_3_anc_ext_P_marker	29_5_3_anc_ext_P_marker	fig:heatmap-29-anc-ext-p-marker	5.3 ANC external P marker	56_svo_ng_er_b_se	svo	ng	erg-abs	balancing	sent	svo	SV	AVP	100	0.79	0	0.0	0.29968573570251467	bos_eos
seed_44	5_3_anc_ext_P_marker	29_5_3_anc_ext_P_marker	fig:heatmap-29-anc-ext-p-marker	5.3 ANC external P marker	57_svo_ng_er_b_pa	svo	ng	erg-abs	balancing	poss-acc	vos	VS	VPA	100	0.87	0	0.0	0.3642685580253601	bos_eos
seed_44	5_3_anc_ext_P_marker	29_5_3_anc_ext_P_marker	fig:heatmap-29-anc-ext-p-marker	5.3 ANC external P marker	58_svo_ng_er_b_ep	svo	ng	erg-abs	balancing	erg-poss	vos	VS	VPA	100	0.88	0	0.0	0.3524632549285889	bos_eos
seed_44	5_3_anc_ext_P_marker	29_5_3_anc_ext_P_marker	fig:heatmap-29-anc-ext-p-marker	5.3 ANC external P marker	59_svo_ng_er_b_no	svo	ng	erg-abs	balancing	nomn	vos	VS	VPA	100	0.98	0	0.0	0.46711925506591795	bos_eos
seed_44	5_3_anc_ext_P_marker	29_5_3_anc_ext_P_marker	fig:heatmap-29-anc-ext-p-marker	5.3 ANC external P marker	60_svo_ng_er_d_se	svo	ng	erg-abs	deranking	sent	svo	SV	AVP	100	0.87	0	0.0	0.46601778984069825	bos_eos
seed_44	5_3_anc_ext_P_marker	29_5_3_anc_ext_P_marker	fig:heatmap-29-anc-ext-p-marker	5.3 ANC external P marker	61_svo_ng_er_d_pa	svo	ng	erg-abs	deranking	poss-acc	vos	VS	VPA	100	0.88	0	0.0	0.34893505573272704	bos_eos
seed_44	5_3_anc_ext_P_marker	29_5_3_anc_ext_P_marker	fig:heatmap-29-anc-ext-p-marker	5.3 ANC external P marker	62_svo_ng_er_d_ep	svo	ng	erg-abs	deranking	erg-poss	vos	VS	VPA	100	0.82	0	0.0	0.25485280275344846	bos_eos
seed_44	5_3_anc_ext_P_marker	29_5_3_anc_ext_P_marker	fig:heatmap-29-anc-ext-p-marker	5.3 ANC external P marker	63_svo_ng_er_d_no	svo	ng	erg-abs	deranking	nomn	vos	VS	VPA	100	1.0	0	0.0	0.5316724014282227	bos_eos
seed_44	5_3_anc_ext_P_marker	29_5_3_anc_ext_P_marker	fig:heatmap-29-anc-ext-p-marker	5.3 ANC external P marker	64_vos_gn_ac_b_se	vos	gn	nom-acc	balancing	sent	vos	VS	VPA	100	0.93	0	0.0	1.125103256702423	bos_eos
seed_44	5_3_anc_ext_P_marker	29_5_3_anc_ext_P_marker	fig:heatmap-29-anc-ext-p-marker	5.3 ANC external P marker	65_vos_gn_ac_b_pa	vos	gn	nom-acc	balancing	poss-acc	svo	SV	AVP	100	0.93	0	0.0	0.9929509592056275	bos_eos
seed_44	5_3_anc_ext_P_marker	29_5_3_anc_ext_P_marker	fig:heatmap-29-anc-ext-p-marker	5.3 ANC external P marker	66_vos_gn_ac_b_ep	vos	gn	nom-acc	balancing	erg-poss	sov	SV	PVA	100	1.0	0	0.0	1.2990827345848084	bos_eos
seed_44	5_3_anc_ext_P_marker	29_5_3_anc_ext_P_marker	fig:heatmap-29-anc-ext-p-marker	5.3 ANC external P marker	67_vos_gn_ac_b_no	vos	gn	nom-acc	balancing	nomn	svo	SV	AVP	100	1.0	0	0.0	1.4070418643951417	bos_eos
seed_44	5_3_anc_ext_P_marker	29_5_3_anc_ext_P_marker	fig:heatmap-29-anc-ext-p-marker	5.3 ANC external P marker	68_vos_gn_ac_d_se	vos	gn	nom-acc	deranking	sent	vos	VS	VPA	100	0.97	0	0.0	0.7740208840370179	bos_eos
seed_44	5_3_anc_ext_P_marker	29_5_3_anc_ext_P_marker	fig:heatmap-29-anc-ext-p-marker	5.3 ANC external P marker	69_vos_gn_ac_d_pa	vos	gn	nom-acc	deranking	poss-acc	svo	SV	AVP	100	0.99	0	0.0	0.9073466753959656	bos_eos
seed_44	5_3_anc_ext_P_marker	29_5_3_anc_ext_P_marker	fig:heatmap-29-anc-ext-p-marker	5.3 ANC external P marker	70_vos_gn_ac_d_ep	vos	gn	nom-acc	deranking	erg-poss	sov	SV	PVA	100	1.0	0	0.0	1.2169361758232116	bos_eos
seed_44	5_3_anc_ext_P_marker	29_5_3_anc_ext_P_marker	fig:heatmap-29-anc-ext-p-marker	5.3 ANC external P marker	71_vos_gn_ac_d_no	vos	gn	nom-acc	deranking	nomn	svo	SV	AVP	100	1.0	0	0.0	1.0660596704483032	bos_eos
seed_44	5_3_anc_ext_P_marker	29_5_3_anc_ext_P_marker	fig:heatmap-29-anc-ext-p-marker	5.3 ANC external P marker	72_vos_gn_er_b_se	vos	gn	erg-abs	balancing	sent	vos	VS	VPA	100	0.8	0	0.0	0.37141562938690187	bos_eos
seed_44	5_3_anc_ext_P_marker	29_5_3_anc_ext_P_marker	fig:heatmap-29-anc-ext-p-marker	5.3 ANC external P marker	73_vos_gn_er_b_pa	vos	gn	erg-abs	balancing	poss-acc	svo	SV	AVP	100	0.76	0	0.0	0.30359965801239014	bos_eos
seed_44	5_3_anc_ext_P_marker	29_5_3_anc_ext_P_marker	fig:heatmap-29-anc-ext-p-marker	5.3 ANC external P marker	74_vos_gn_er_b_ep	vos	gn	erg-abs	balancing	erg-poss	sov	SV	PVA	100	0.86	0	0.0	0.501615686416626	bos_eos
seed_44	5_3_anc_ext_P_marker	29_5_3_anc_ext_P_marker	fig:heatmap-29-anc-ext-p-marker	5.3 ANC external P marker	75_vos_gn_er_b_no	vos	gn	erg-abs	balancing	nomn	svo	SV	AVP	100	1.0	0	0.0	0.5916509199142456	bos_eos
seed_44	5_3_anc_ext_P_marker	29_5_3_anc_ext_P_marker	fig:heatmap-29-anc-ext-p-marker	5.3 ANC external P marker	76_vos_gn_er_d_se	vos	gn	erg-abs	deranking	sent	vos	VS	VPA	100	0.95	0	0.0	0.5126287388801575	bos_eos
seed_44	5_3_anc_ext_P_marker	29_5_3_anc_ext_P_marker	fig:heatmap-29-anc-ext-p-marker	5.3 ANC external P marker	77_vos_gn_er_d_pa	vos	gn	erg-abs	deranking	poss-acc	svo	SV	AVP	100	0.78	0	0.0	0.2824136352539062	bos_eos
seed_44	5_3_anc_ext_P_marker	29_5_3_anc_ext_P_marker	fig:heatmap-29-anc-ext-p-marker	5.3 ANC external P marker	78_vos_gn_er_d_ep	vos	gn	erg-abs	deranking	erg-poss	sov	SV	PVA	100	0.93	0	0.0	0.4436825370788574	bos_eos
seed_44	5_3_anc_ext_P_marker	29_5_3_anc_ext_P_marker	fig:heatmap-29-anc-ext-p-marker	5.3 ANC external P marker	79_vos_gn_er_d_no	vos	gn	erg-abs	deranking	nomn	svo	SV	AVP	100	0.92	0	0.0	0.3533350706100464	bos_eos
seed_44	5_3_anc_ext_P_marker	29_5_3_anc_ext_P_marker	fig:heatmap-29-anc-ext-p-marker	5.3 ANC external P marker	80_vos_ng_ac_b_se	vos	ng	nom-acc	balancing	sent	vos	VS	VPA	100	1.0	0	0.0	1.5449821496009826	bos_eos
seed_44	5_3_anc_ext_P_marker	29_5_3_anc_ext_P_marker	fig:heatmap-29-anc-ext-p-marker	5.3 ANC external P marker	81_vos_ng_ac_b_pa	vos	ng	nom-acc	balancing	poss-acc	vos	VS	VPA	100	1.0	0	0.0	1.2958898735046387	bos_eos
seed_44	5_3_anc_ext_P_marker	29_5_3_anc_ext_P_marker	fig:heatmap-29-anc-ext-p-marker	5.3 ANC external P marker	82_vos_ng_ac_b_ep	vos	ng	nom-acc	balancing	erg-poss	vos	VS	VPA	100	1.0	0	0.0	1.481286313533783	bos_eos
seed_44	5_3_anc_ext_P_marker	29_5_3_anc_ext_P_marker	fig:heatmap-29-anc-ext-p-marker	5.3 ANC external P marker	83_vos_ng_ac_b_no	vos	ng	nom-acc	balancing	nomn	vos	VS	VPA	100	1.0	0	0.0	1.5430397295951843	bos_eos
seed_44	5_3_anc_ext_P_marker	29_5_3_anc_ext_P_marker	fig:heatmap-29-anc-ext-p-marker	5.3 ANC external P marker	84_vos_ng_ac_d_se	vos	ng	nom-acc	deranking	sent	vos	VS	VPA	100	0.97	0	0.0	0.853233380317688	bos_eos
seed_44	5_3_anc_ext_P_marker	29_5_3_anc_ext_P_marker	fig:heatmap-29-anc-ext-p-marker	5.3 ANC external P marker	85_vos_ng_ac_d_pa	vos	ng	nom-acc	deranking	poss-acc	vos	VS	VPA	100	0.99	0	0.0	1.120472321510315	bos_eos
seed_44	5_3_anc_ext_P_marker	29_5_3_anc_ext_P_marker	fig:heatmap-29-anc-ext-p-marker	5.3 ANC external P marker	86_vos_ng_ac_d_ep	vos	ng	nom-acc	deranking	erg-poss	vos	VS	VPA	100	1.0	0	0.0	1.0957937836647034	bos_eos
seed_44	5_3_anc_ext_P_marker	29_5_3_anc_ext_P_marker	fig:heatmap-29-anc-ext-p-marker	5.3 ANC external P marker	87_vos_ng_ac_d_no	vos	ng	nom-acc	deranking	nomn	vos	VS	VPA	100	1.0	0	0.0	1.1188118696212768	bos_eos
seed_44	5_3_anc_ext_P_marker	29_5_3_anc_ext_P_marker	fig:heatmap-29-anc-ext-p-marker	5.3 ANC external P marker	88_vos_ng_er_b_se	vos	ng	erg-abs	balancing	sent	vos	VS	VPA	100	0.99	0	0.0	0.5664876532554627	bos_eos
seed_44	5_3_anc_ext_P_marker	29_5_3_anc_ext_P_marker	fig:heatmap-29-anc-ext-p-marker	5.3 ANC external P marker	89_vos_ng_er_b_pa	vos	ng	erg-abs	balancing	poss-acc	vos	VS	VPA	100	0.98	0	0.0	0.5463013005256653	bos_eos
seed_44	5_3_anc_ext_P_marker	29_5_3_anc_ext_P_marker	fig:heatmap-29-anc-ext-p-marker	5.3 ANC external P marker	90_vos_ng_er_b_ep	vos	ng	erg-abs	balancing	erg-poss	vos	VS	VPA	100	0.99	0	0.0	0.5775166606903076	bos_eos
seed_44	5_3_anc_ext_P_marker	29_5_3_anc_ext_P_marker	fig:heatmap-29-anc-ext-p-marker	5.3 ANC external P marker	91_vos_ng_er_b_no	vos	ng	erg-abs	balancing	nomn	vos	VS	VPA	100	1.0	0	0.0	0.7182082271575928	bos_eos
seed_44	5_3_anc_ext_P_marker	29_5_3_anc_ext_P_marker	fig:heatmap-29-anc-ext-p-marker	5.3 ANC external P marker	92_vos_ng_er_d_se	vos	ng	erg-abs	deranking	sent	vos	VS	VPA	100	0.97	0	0.0	0.7472897028923035	bos_eos
seed_44	5_3_anc_ext_P_marker	29_5_3_anc_ext_P_marker	fig:heatmap-29-anc-ext-p-marker	5.3 ANC external P marker	93_vos_ng_er_d_pa	vos	ng	erg-abs	deranking	poss-acc	vos	VS	VPA	100	0.94	0	0.0	0.6647663784027099	bos_eos
seed_44	5_3_anc_ext_P_marker	29_5_3_anc_ext_P_marker	fig:heatmap-29-anc-ext-p-marker	5.3 ANC external P marker	94_vos_ng_er_d_ep	vos	ng	erg-abs	deranking	erg-poss	vos	VS	VPA	100	0.95	0	0.0	0.47296369791030884	bos_eos
seed_44	5_3_anc_ext_P_marker	29_5_3_anc_ext_P_marker	fig:heatmap-29-anc-ext-p-marker	5.3 ANC external P marker	95_vos_ng_er_d_no	vos	ng	erg-abs	deranking	nomn	vos	VS	VPA	100	0.95	0	0.0	0.5298496103286743	bos_eos
seed_44	5_4_anc_ext_gen_marker	30_5_4_anc_ext_gen_marker	fig:heatmap-30-anc-ext-gen-marker	5.4 ANC external genitive marker	00_sov_gn_ac_b_se	sov	gn	nom-acc	balancing	sent	sov	SV	APV	100	0.88	0	0.0	0.31154181718826296	bos_eos
seed_44	5_4_anc_ext_gen_marker	30_5_4_anc_ext_gen_marker	fig:heatmap-30-anc-ext-gen-marker	5.4 ANC external genitive marker	01_sov_gn_ac_b_pa	sov	gn	nom-acc	balancing	poss-acc	sov	SV	APV	100	0.89	0	0.0	0.3385837435722351	bos_eos
seed_44	5_4_anc_ext_gen_marker	30_5_4_anc_ext_gen_marker	fig:heatmap-30-anc-ext-gen-marker	5.4 ANC external genitive marker	02_sov_gn_ac_b_ep	sov	gn	nom-acc	balancing	erg-poss	sov	SV	APV	100	1.0	0	0.0	0.702909083366394	bos_eos
seed_44	5_4_anc_ext_gen_marker	30_5_4_anc_ext_gen_marker	fig:heatmap-30-anc-ext-gen-marker	5.4 ANC external genitive marker	03_sov_gn_ac_b_no	sov	gn	nom-acc	balancing	nomn	sov	SV	APV	100	0.95	0	0.0	0.679812867641449	bos_eos
seed_44	5_4_anc_ext_gen_marker	30_5_4_anc_ext_gen_marker	fig:heatmap-30-anc-ext-gen-marker	5.4 ANC external genitive marker	04_sov_gn_ac_d_se	sov	gn	nom-acc	deranking	sent	sov	SV	APV	100	0.91	0	0.0	0.40758543014526366	bos_eos
seed_44	5_4_anc_ext_gen_marker	30_5_4_anc_ext_gen_marker	fig:heatmap-30-anc-ext-gen-marker	5.4 ANC external genitive marker	05_sov_gn_ac_d_pa	sov	gn	nom-acc	deranking	poss-acc	sov	SV	APV	100	0.93	0	0.0	0.40064982414245603	bos_eos
seed_44	5_4_anc_ext_gen_marker	30_5_4_anc_ext_gen_marker	fig:heatmap-30-anc-ext-gen-marker	5.4 ANC external genitive marker	06_sov_gn_ac_d_ep	sov	gn	nom-acc	deranking	erg-poss	sov	SV	APV	100	0.98	0	0.0	0.6324183106422424	bos_eos
seed_44	5_4_anc_ext_gen_marker	30_5_4_anc_ext_gen_marker	fig:heatmap-30-anc-ext-gen-marker	5.4 ANC external genitive marker	07_sov_gn_ac_d_no	sov	gn	nom-acc	deranking	nomn	sov	SV	APV	100	0.9	0	0.0	0.6046822547912598	bos_eos
seed_44	5_4_anc_ext_gen_marker	30_5_4_anc_ext_gen_marker	fig:heatmap-30-anc-ext-gen-marker	5.4 ANC external genitive marker	08_sov_gn_er_b_se	sov	gn	erg-abs	balancing	sent	sov	SV	APV	100	0.6	0	0.0	0.28089409828186035	bos_eos
seed_44	5_4_anc_ext_gen_marker	30_5_4_anc_ext_gen_marker	fig:heatmap-30-anc-ext-gen-marker	5.4 ANC external genitive marker	09_sov_gn_er_b_pa	sov	gn	erg-abs	balancing	poss-acc	sov	SV	APV	100	0.49	0	0.0	0.18989309787750244	bos_eos
seed_44	5_4_anc_ext_gen_marker	30_5_4_anc_ext_gen_marker	fig:heatmap-30-anc-ext-gen-marker	5.4 ANC external genitive marker	10_sov_gn_er_b_ep	sov	gn	erg-abs	balancing	erg-poss	sov	SV	APV	100	0.48	0	0.0	0.2629715013504028	bos_eos
seed_44	5_4_anc_ext_gen_marker	30_5_4_anc_ext_gen_marker	fig:heatmap-30-anc-ext-gen-marker	5.4 ANC external genitive marker	11_sov_gn_er_b_no	sov	gn	erg-abs	balancing	nomn	sov	SV	APV	100	0.53	0	0.0	0.27251769542694093	bos_eos
seed_44	5_4_anc_ext_gen_marker	30_5_4_anc_ext_gen_marker	fig:heatmap-30-anc-ext-gen-marker	5.4 ANC external genitive marker	12_sov_gn_er_d_se	sov	gn	erg-abs	deranking	sent	sov	SV	APV	100	0.62	0	0.0	0.32675193309783934	bos_eos
seed_44	5_4_anc_ext_gen_marker	30_5_4_anc_ext_gen_marker	fig:heatmap-30-anc-ext-gen-marker	5.4 ANC external genitive marker	13_sov_gn_er_d_pa	sov	gn	erg-abs	deranking	poss-acc	sov	SV	APV	100	0.49	0	0.0	0.15978108882904052	bos_eos
seed_44	5_4_anc_ext_gen_marker	30_5_4_anc_ext_gen_marker	fig:heatmap-30-anc-ext-gen-marker	5.4 ANC external genitive marker	14_sov_gn_er_d_ep	sov	gn	erg-abs	deranking	erg-poss	sov	SV	APV	100	0.57	0	0.0	0.33219744920730593	bos_eos
seed_44	5_4_anc_ext_gen_marker	30_5_4_anc_ext_gen_marker	fig:heatmap-30-anc-ext-gen-marker	5.4 ANC external genitive marker	15_sov_gn_er_d_no	sov	gn	erg-abs	deranking	nomn	sov	SV	APV	100	0.5	0	0.0	0.12840478420257567	bos_eos
seed_44	5_4_anc_ext_gen_marker	30_5_4_anc_ext_gen_marker	fig:heatmap-30-anc-ext-gen-marker	5.4 ANC external genitive marker	16_sov_ng_ac_b_se	sov	ng	nom-acc	balancing	sent	sov	SV	APV	100	0.73	0	0.0	0.1378670358657837	bos_eos
seed_44	5_4_anc_ext_gen_marker	30_5_4_anc_ext_gen_marker	fig:heatmap-30-anc-ext-gen-marker	5.4 ANC external genitive marker	17_sov_ng_ac_b_pa	sov	ng	nom-acc	balancing	poss-acc	ovs	VS	PVA	100	0.62	0	0.0	0.14900325298309325	bos_eos
seed_44	5_4_anc_ext_gen_marker	30_5_4_anc_ext_gen_marker	fig:heatmap-30-anc-ext-gen-marker	5.4 ANC external genitive marker	18_sov_ng_ac_b_ep	sov	ng	nom-acc	balancing	erg-poss	vos	VS	AVP	100	0.95	0	0.0	0.47251073360443113	bos_eos
seed_44	5_4_anc_ext_gen_marker	30_5_4_anc_ext_gen_marker	fig:heatmap-30-anc-ext-gen-marker	5.4 ANC external genitive marker	19_sov_ng_ac_b_no	sov	ng	nom-acc	balancing	nomn	ovs	VS	PVA	100	0.83	0	0.0	0.2684083080291748	bos_eos
seed_44	5_4_anc_ext_gen_marker	30_5_4_anc_ext_gen_marker	fig:heatmap-30-anc-ext-gen-marker	5.4 ANC external genitive marker	20_sov_ng_ac_d_se	sov	ng	nom-acc	deranking	sent	sov	SV	APV	100	0.81	0	0.0	0.18978872776031494	bos_eos
seed_44	5_4_anc_ext_gen_marker	30_5_4_anc_ext_gen_marker	fig:heatmap-30-anc-ext-gen-marker	5.4 ANC external genitive marker	21_sov_ng_ac_d_pa	sov	ng	nom-acc	deranking	poss-acc	ovs	VS	PVA	100	0.71	0	0.0	0.14505322456359862	bos_eos
seed_44	5_4_anc_ext_gen_marker	30_5_4_anc_ext_gen_marker	fig:heatmap-30-anc-ext-gen-marker	5.4 ANC external genitive marker	22_sov_ng_ac_d_ep	sov	ng	nom-acc	deranking	erg-poss	vos	VS	AVP	100	0.86	0	0.0	0.2908551836013794	bos_eos
seed_44	5_4_anc_ext_gen_marker	30_5_4_anc_ext_gen_marker	fig:heatmap-30-anc-ext-gen-marker	5.4 ANC external genitive marker	23_sov_ng_ac_d_no	sov	ng	nom-acc	deranking	nomn	ovs	VS	PVA	100	0.85	0	0.0	0.277699728012085	bos_eos
seed_44	5_4_anc_ext_gen_marker	30_5_4_anc_ext_gen_marker	fig:heatmap-30-anc-ext-gen-marker	5.4 ANC external genitive marker	24_sov_ng_er_b_se	sov	ng	erg-abs	balancing	sent	sov	SV	APV	100	0.5	0	0.0	0.016188387870788575	bos_eos
seed_44	5_4_anc_ext_gen_marker	30_5_4_anc_ext_gen_marker	fig:heatmap-30-anc-ext-gen-marker	5.4 ANC external genitive marker	25_sov_ng_er_b_pa	sov	ng	erg-abs	balancing	poss-acc	ovs	VS	PVA	100	0.38	0	0.0	-0.07530788898468017	bos_eos
seed_44	5_4_anc_ext_gen_marker	30_5_4_anc_ext_gen_marker	fig:heatmap-30-anc-ext-gen-marker	5.4 ANC external genitive marker	26_sov_ng_er_b_ep	sov	ng	erg-abs	balancing	erg-poss	vos	VS	AVP	100	0.48	0	0.0	0.06363103866577148	bos_eos
seed_44	5_4_anc_ext_gen_marker	30_5_4_anc_ext_gen_marker	fig:heatmap-30-anc-ext-gen-marker	5.4 ANC external genitive marker	27_sov_ng_er_b_no	sov	ng	erg-abs	balancing	nomn	ovs	VS	PVA	100	0.41	0	0.0	-0.14456014156341554	bos_eos
seed_44	5_4_anc_ext_gen_marker	30_5_4_anc_ext_gen_marker	fig:heatmap-30-anc-ext-gen-marker	5.4 ANC external genitive marker	28_sov_ng_er_d_se	sov	ng	erg-abs	deranking	sent	sov	SV	APV	100	0.44	0	0.0	-0.1025743055343628	bos_eos
seed_44	5_4_anc_ext_gen_marker	30_5_4_anc_ext_gen_marker	fig:heatmap-30-anc-ext-gen-marker	5.4 ANC external genitive marker	29_sov_ng_er_d_pa	sov	ng	erg-abs	deranking	poss-acc	ovs	VS	PVA	100	0.4	0	0.0	-0.19759253025054932	bos_eos
seed_44	5_4_anc_ext_gen_marker	30_5_4_anc_ext_gen_marker	fig:heatmap-30-anc-ext-gen-marker	5.4 ANC external genitive marker	30_sov_ng_er_d_ep	sov	ng	erg-abs	deranking	erg-poss	vos	VS	AVP	100	0.43	0	0.0	0.0040445423126220705	bos_eos
seed_44	5_4_anc_ext_gen_marker	30_5_4_anc_ext_gen_marker	fig:heatmap-30-anc-ext-gen-marker	5.4 ANC external genitive marker	31_sov_ng_er_d_no	sov	ng	erg-abs	deranking	nomn	ovs	VS	PVA	100	0.43	0	0.0	-0.05902109146118164	bos_eos
seed_44	5_4_anc_ext_gen_marker	30_5_4_anc_ext_gen_marker	fig:heatmap-30-anc-ext-gen-marker	5.4 ANC external genitive marker	32_svo_gn_ac_b_se	svo	gn	nom-acc	balancing	sent	svo	SV	AVP	100	0.98	0	0.0	0.6757958340644836	bos_eos
seed_44	5_4_anc_ext_gen_marker	30_5_4_anc_ext_gen_marker	fig:heatmap-30-anc-ext-gen-marker	5.4 ANC external genitive marker	33_svo_gn_ac_b_pa	svo	gn	nom-acc	balancing	poss-acc	svo	SV	AVP	100	0.99	0	0.0	0.6156973576545716	bos_eos
seed_44	5_4_anc_ext_gen_marker	30_5_4_anc_ext_gen_marker	fig:heatmap-30-anc-ext-gen-marker	5.4 ANC external genitive marker	34_svo_gn_ac_b_ep	svo	gn	nom-acc	balancing	erg-poss	sov	SV	PVA	100	1.0	0	0.0	0.877269139289856	bos_eos
seed_44	5_4_anc_ext_gen_marker	30_5_4_anc_ext_gen_marker	fig:heatmap-30-anc-ext-gen-marker	5.4 ANC external genitive marker	35_svo_gn_ac_b_no	svo	gn	nom-acc	balancing	nomn	svo	SV	AVP	100	1.0	0	0.0	0.9070293617248535	bos_eos
seed_44	5_4_anc_ext_gen_marker	30_5_4_anc_ext_gen_marker	fig:heatmap-30-anc-ext-gen-marker	5.4 ANC external genitive marker	36_svo_gn_ac_d_se	svo	gn	nom-acc	deranking	sent	svo	SV	AVP	100	0.85	0	0.0	0.46327503681182863	bos_eos
seed_44	5_4_anc_ext_gen_marker	30_5_4_anc_ext_gen_marker	fig:heatmap-30-anc-ext-gen-marker	5.4 ANC external genitive marker	37_svo_gn_ac_d_pa	svo	gn	nom-acc	deranking	poss-acc	svo	SV	AVP	100	0.95	0	0.0	0.5518570852279663	bos_eos
seed_44	5_4_anc_ext_gen_marker	30_5_4_anc_ext_gen_marker	fig:heatmap-30-anc-ext-gen-marker	5.4 ANC external genitive marker	38_svo_gn_ac_d_ep	svo	gn	nom-acc	deranking	erg-poss	sov	SV	PVA	100	0.99	0	0.0	0.6877883887290954	bos_eos
seed_44	5_4_anc_ext_gen_marker	30_5_4_anc_ext_gen_marker	fig:heatmap-30-anc-ext-gen-marker	5.4 ANC external genitive marker	39_svo_gn_ac_d_no	svo	gn	nom-acc	deranking	nomn	svo	SV	AVP	100	0.99	0	0.0	0.8010882210731506	bos_eos
seed_44	5_4_anc_ext_gen_marker	30_5_4_anc_ext_gen_marker	fig:heatmap-30-anc-ext-gen-marker	5.4 ANC external genitive marker	40_svo_gn_er_b_se	svo	gn	erg-abs	balancing	sent	svo	SV	AVP	100	0.94	0	0.0	0.5693835592269898	bos_eos
seed_44	5_4_anc_ext_gen_marker	30_5_4_anc_ext_gen_marker	fig:heatmap-30-anc-ext-gen-marker	5.4 ANC external genitive marker	41_svo_gn_er_b_pa	svo	gn	erg-abs	balancing	poss-acc	svo	SV	AVP	100	1.0	0	0.0	0.6265870261192322	bos_eos
seed_44	5_4_anc_ext_gen_marker	30_5_4_anc_ext_gen_marker	fig:heatmap-30-anc-ext-gen-marker	5.4 ANC external genitive marker	42_svo_gn_er_b_ep	svo	gn	erg-abs	balancing	erg-poss	sov	SV	PVA	100	1.0	0	0.0	0.8088418865203857	bos_eos
seed_44	5_4_anc_ext_gen_marker	30_5_4_anc_ext_gen_marker	fig:heatmap-30-anc-ext-gen-marker	5.4 ANC external genitive marker	43_svo_gn_er_b_no	svo	gn	erg-abs	balancing	nomn	svo	SV	AVP	100	1.0	0	0.0	0.6681343817710876	bos_eos
seed_44	5_4_anc_ext_gen_marker	30_5_4_anc_ext_gen_marker	fig:heatmap-30-anc-ext-gen-marker	5.4 ANC external genitive marker	44_svo_gn_er_d_se	svo	gn	erg-abs	deranking	sent	svo	SV	AVP	100	0.97	0	0.0	0.5369862890243531	bos_eos
seed_44	5_4_anc_ext_gen_marker	30_5_4_anc_ext_gen_marker	fig:heatmap-30-anc-ext-gen-marker	5.4 ANC external genitive marker	45_svo_gn_er_d_pa	svo	gn	erg-abs	deranking	poss-acc	svo	SV	AVP	100	0.95	0	0.0	0.48949212551116944	bos_eos
seed_44	5_4_anc_ext_gen_marker	30_5_4_anc_ext_gen_marker	fig:heatmap-30-anc-ext-gen-marker	5.4 ANC external genitive marker	46_svo_gn_er_d_ep	svo	gn	erg-abs	deranking	erg-poss	sov	SV	PVA	100	0.99	0	0.0	0.8210273647308349	bos_eos
seed_44	5_4_anc_ext_gen_marker	30_5_4_anc_ext_gen_marker	fig:heatmap-30-anc-ext-gen-marker	5.4 ANC external genitive marker	47_svo_gn_er_d_no	svo	gn	erg-abs	deranking	nomn	svo	SV	AVP	100	0.97	0	0.0	0.5552894115447998	bos_eos
seed_44	5_4_anc_ext_gen_marker	30_5_4_anc_ext_gen_marker	fig:heatmap-30-anc-ext-gen-marker	5.4 ANC external genitive marker	48_svo_ng_ac_b_se	svo	ng	nom-acc	balancing	sent	svo	SV	AVP	100	0.72	0	0.0	0.1844371223449707	bos_eos
seed_44	5_4_anc_ext_gen_marker	30_5_4_anc_ext_gen_marker	fig:heatmap-30-anc-ext-gen-marker	5.4 ANC external genitive marker	49_svo_ng_ac_b_pa	svo	ng	nom-acc	balancing	poss-acc	vos	VS	VPA	100	0.74	0	0.0	0.23796601772308348	bos_eos
seed_44	5_4_anc_ext_gen_marker	30_5_4_anc_ext_gen_marker	fig:heatmap-30-anc-ext-gen-marker	5.4 ANC external genitive marker	50_svo_ng_ac_b_ep	svo	ng	nom-acc	balancing	erg-poss	vos	VS	VPA	100	1.0	0	0.0	0.8412265968322754	bos_eos
seed_44	5_4_anc_ext_gen_marker	30_5_4_anc_ext_gen_marker	fig:heatmap-30-anc-ext-gen-marker	5.4 ANC external genitive marker	51_svo_ng_ac_b_no	svo	ng	nom-acc	balancing	nomn	vos	VS	VPA	100	0.99	0	0.0	0.7647029066085815	bos_eos
seed_44	5_4_anc_ext_gen_marker	30_5_4_anc_ext_gen_marker	fig:heatmap-30-anc-ext-gen-marker	5.4 ANC external genitive marker	52_svo_ng_ac_d_se	svo	ng	nom-acc	deranking	sent	svo	SV	AVP	100	0.73	0	0.0	0.19594022750854492	bos_eos
seed_44	5_4_anc_ext_gen_marker	30_5_4_anc_ext_gen_marker	fig:heatmap-30-anc-ext-gen-marker	5.4 ANC external genitive marker	53_svo_ng_ac_d_pa	svo	ng	nom-acc	deranking	poss-acc	vos	VS	VPA	100	0.71	0	0.0	0.26128148555755615	bos_eos
seed_44	5_4_anc_ext_gen_marker	30_5_4_anc_ext_gen_marker	fig:heatmap-30-anc-ext-gen-marker	5.4 ANC external genitive marker	54_svo_ng_ac_d_ep	svo	ng	nom-acc	deranking	erg-poss	vos	VS	VPA	100	0.95	0	0.0	0.5638457822799683	bos_eos
seed_44	5_4_anc_ext_gen_marker	30_5_4_anc_ext_gen_marker	fig:heatmap-30-anc-ext-gen-marker	5.4 ANC external genitive marker	55_svo_ng_ac_d_no	svo	ng	nom-acc	deranking	nomn	vos	VS	VPA	100	0.82	0	0.0	0.39942206382751466	bos_eos
seed_44	5_4_anc_ext_gen_marker	30_5_4_anc_ext_gen_marker	fig:heatmap-30-anc-ext-gen-marker	5.4 ANC external genitive marker	56_svo_ng_er_b_se	svo	ng	erg-abs	balancing	sent	svo	SV	AVP	100	0.77	0	0.0	0.33413489818573	bos_eos
seed_44	5_4_anc_ext_gen_marker	30_5_4_anc_ext_gen_marker	fig:heatmap-30-anc-ext-gen-marker	5.4 ANC external genitive marker	57_svo_ng_er_b_pa	svo	ng	erg-abs	balancing	poss-acc	vos	VS	VPA	100	0.88	0	0.0	0.4119593667984009	bos_eos
seed_44	5_4_anc_ext_gen_marker	30_5_4_anc_ext_gen_marker	fig:heatmap-30-anc-ext-gen-marker	5.4 ANC external genitive marker	58_svo_ng_er_b_ep	svo	ng	erg-abs	balancing	erg-poss	vos	VS	VPA	100	0.98	0	0.0	0.7152687406539917	bos_eos
seed_44	5_4_anc_ext_gen_marker	30_5_4_anc_ext_gen_marker	fig:heatmap-30-anc-ext-gen-marker	5.4 ANC external genitive marker	59_svo_ng_er_b_no	svo	ng	erg-abs	balancing	nomn	vos	VS	VPA	100	0.96	0	0.0	0.71252037525177	bos_eos
seed_44	5_4_anc_ext_gen_marker	30_5_4_anc_ext_gen_marker	fig:heatmap-30-anc-ext-gen-marker	5.4 ANC external genitive marker	60_svo_ng_er_d_se	svo	ng	erg-abs	deranking	sent	svo	SV	AVP	100	0.68	0	0.0	0.2263099431991577	bos_eos
seed_44	5_4_anc_ext_gen_marker	30_5_4_anc_ext_gen_marker	fig:heatmap-30-anc-ext-gen-marker	5.4 ANC external genitive marker	61_svo_ng_er_d_pa	svo	ng	erg-abs	deranking	poss-acc	vos	VS	VPA	100	0.67	0	0.0	0.1764171028137207	bos_eos
seed_44	5_4_anc_ext_gen_marker	30_5_4_anc_ext_gen_marker	fig:heatmap-30-anc-ext-gen-marker	5.4 ANC external genitive marker	62_svo_ng_er_d_ep	svo	ng	erg-abs	deranking	erg-poss	vos	VS	VPA	100	0.39	0	0.0	-0.054577174186706545	bos_eos
seed_44	5_4_anc_ext_gen_marker	30_5_4_anc_ext_gen_marker	fig:heatmap-30-anc-ext-gen-marker	5.4 ANC external genitive marker	63_svo_ng_er_d_no	svo	ng	erg-abs	deranking	nomn	vos	VS	VPA	100	0.89	0	0.0	0.6002686452865601	bos_eos
seed_44	5_4_anc_ext_gen_marker	30_5_4_anc_ext_gen_marker	fig:heatmap-30-anc-ext-gen-marker	5.4 ANC external genitive marker	64_vos_gn_ac_b_se	vos	gn	nom-acc	balancing	sent	vos	VS	VPA	100	0.58	0	0.0	0.10942841291427613	bos_eos
seed_44	5_4_anc_ext_gen_marker	30_5_4_anc_ext_gen_marker	fig:heatmap-30-anc-ext-gen-marker	5.4 ANC external genitive marker	65_vos_gn_ac_b_pa	vos	gn	nom-acc	balancing	poss-acc	svo	SV	AVP	100	0.63	0	0.0	0.16860565662384033	bos_eos
seed_44	5_4_anc_ext_gen_marker	30_5_4_anc_ext_gen_marker	fig:heatmap-30-anc-ext-gen-marker	5.4 ANC external genitive marker	66_vos_gn_ac_b_ep	vos	gn	nom-acc	balancing	erg-poss	sov	SV	PVA	100	0.99	0	0.0	0.5691750717163085	bos_eos
seed_44	5_4_anc_ext_gen_marker	30_5_4_anc_ext_gen_marker	fig:heatmap-30-anc-ext-gen-marker	5.4 ANC external genitive marker	67_vos_gn_ac_b_no	vos	gn	nom-acc	balancing	nomn	svo	SV	AVP	100	0.96	0	0.0	0.3407888388633728	bos_eos
seed_44	5_4_anc_ext_gen_marker	30_5_4_anc_ext_gen_marker	fig:heatmap-30-anc-ext-gen-marker	5.4 ANC external genitive marker	68_vos_gn_ac_d_se	vos	gn	nom-acc	deranking	sent	vos	VS	VPA	100	0.43	0	0.0	-0.03131687164306641	bos_eos
seed_44	5_4_anc_ext_gen_marker	30_5_4_anc_ext_gen_marker	fig:heatmap-30-anc-ext-gen-marker	5.4 ANC external genitive marker	69_vos_gn_ac_d_pa	vos	gn	nom-acc	deranking	poss-acc	svo	SV	AVP	100	0.57	0	0.0	0.0809904932975769	bos_eos
seed_44	5_4_anc_ext_gen_marker	30_5_4_anc_ext_gen_marker	fig:heatmap-30-anc-ext-gen-marker	5.4 ANC external genitive marker	70_vos_gn_ac_d_ep	vos	gn	nom-acc	deranking	erg-poss	sov	SV	PVA	100	0.86	0	0.0	0.3397450637817383	bos_eos
seed_44	5_4_anc_ext_gen_marker	30_5_4_anc_ext_gen_marker	fig:heatmap-30-anc-ext-gen-marker	5.4 ANC external genitive marker	71_vos_gn_ac_d_no	vos	gn	nom-acc	deranking	nomn	svo	SV	AVP	100	0.84	0	0.0	0.22004993200302125	bos_eos
seed_44	5_4_anc_ext_gen_marker	30_5_4_anc_ext_gen_marker	fig:heatmap-30-anc-ext-gen-marker	5.4 ANC external genitive marker	72_vos_gn_er_b_se	vos	gn	erg-abs	balancing	sent	vos	VS	VPA	100	0.56	0	0.0	0.17032371520996092	bos_eos
seed_44	5_4_anc_ext_gen_marker	30_5_4_anc_ext_gen_marker	fig:heatmap-30-anc-ext-gen-marker	5.4 ANC external genitive marker	73_vos_gn_er_b_pa	vos	gn	erg-abs	balancing	poss-acc	svo	SV	AVP	100	0.76	0	0.0	0.2422640562057495	bos_eos
seed_44	5_4_anc_ext_gen_marker	30_5_4_anc_ext_gen_marker	fig:heatmap-30-anc-ext-gen-marker	5.4 ANC external genitive marker	74_vos_gn_er_b_ep	vos	gn	erg-abs	balancing	erg-poss	sov	SV	PVA	100	0.99	0	0.0	0.46271281719207763	bos_eos
seed_44	5_4_anc_ext_gen_marker	30_5_4_anc_ext_gen_marker	fig:heatmap-30-anc-ext-gen-marker	5.4 ANC external genitive marker	75_vos_gn_er_b_no	vos	gn	erg-abs	balancing	nomn	svo	SV	AVP	100	0.75	0	0.0	0.35941108226776125	bos_eos
seed_44	5_4_anc_ext_gen_marker	30_5_4_anc_ext_gen_marker	fig:heatmap-30-anc-ext-gen-marker	5.4 ANC external genitive marker	76_vos_gn_er_d_se	vos	gn	erg-abs	deranking	sent	vos	VS	VPA	100	0.53	0	0.0	0.13829442024230956	bos_eos
seed_44	5_4_anc_ext_gen_marker	30_5_4_anc_ext_gen_marker	fig:heatmap-30-anc-ext-gen-marker	5.4 ANC external genitive marker	77_vos_gn_er_d_pa	vos	gn	erg-abs	deranking	poss-acc	svo	SV	AVP	100	0.69	0	0.0	0.19841410636901854	bos_eos
seed_44	5_4_anc_ext_gen_marker	30_5_4_anc_ext_gen_marker	fig:heatmap-30-anc-ext-gen-marker	5.4 ANC external genitive marker	78_vos_gn_er_d_ep	vos	gn	erg-abs	deranking	erg-poss	sov	SV	PVA	100	0.86	0	0.0	0.35992300748825073	bos_eos
seed_44	5_4_anc_ext_gen_marker	30_5_4_anc_ext_gen_marker	fig:heatmap-30-anc-ext-gen-marker	5.4 ANC external genitive marker	79_vos_gn_er_d_no	vos	gn	erg-abs	deranking	nomn	svo	SV	AVP	100	0.56	0	0.0	0.13026126384735107	bos_eos
seed_44	5_4_anc_ext_gen_marker	30_5_4_anc_ext_gen_marker	fig:heatmap-30-anc-ext-gen-marker	5.4 ANC external genitive marker	80_vos_ng_ac_b_se	vos	ng	nom-acc	balancing	sent	vos	VS	VPA	100	0.69	0	0.0	0.1294538450241089	bos_eos
seed_44	5_4_anc_ext_gen_marker	30_5_4_anc_ext_gen_marker	fig:heatmap-30-anc-ext-gen-marker	5.4 ANC external genitive marker	81_vos_ng_ac_b_pa	vos	ng	nom-acc	balancing	poss-acc	vos	VS	VPA	100	0.85	0	0.0	0.19896878242492677	bos_eos
seed_44	5_4_anc_ext_gen_marker	30_5_4_anc_ext_gen_marker	fig:heatmap-30-anc-ext-gen-marker	5.4 ANC external genitive marker	82_vos_ng_ac_b_ep	vos	ng	nom-acc	balancing	erg-poss	vos	VS	VPA	100	0.96	0	0.0	0.5369356441497802	bos_eos
seed_44	5_4_anc_ext_gen_marker	30_5_4_anc_ext_gen_marker	fig:heatmap-30-anc-ext-gen-marker	5.4 ANC external genitive marker	83_vos_ng_ac_b_no	vos	ng	nom-acc	balancing	nomn	vos	VS	VPA	100	0.97	0	0.0	0.45571438312530516	bos_eos
seed_44	5_4_anc_ext_gen_marker	30_5_4_anc_ext_gen_marker	fig:heatmap-30-anc-ext-gen-marker	5.4 ANC external genitive marker	84_vos_ng_ac_d_se	vos	ng	nom-acc	deranking	sent	vos	VS	VPA	100	0.63	0	0.0	0.10797720909118652	bos_eos
seed_44	5_4_anc_ext_gen_marker	30_5_4_anc_ext_gen_marker	fig:heatmap-30-anc-ext-gen-marker	5.4 ANC external genitive marker	85_vos_ng_ac_d_pa	vos	ng	nom-acc	deranking	poss-acc	vos	VS	VPA	100	0.72	0	0.0	0.16232078075408934	bos_eos
seed_44	5_4_anc_ext_gen_marker	30_5_4_anc_ext_gen_marker	fig:heatmap-30-anc-ext-gen-marker	5.4 ANC external genitive marker	86_vos_ng_ac_d_ep	vos	ng	nom-acc	deranking	erg-poss	vos	VS	VPA	100	0.93	0	0.0	0.5005710124969482	bos_eos
seed_44	5_4_anc_ext_gen_marker	30_5_4_anc_ext_gen_marker	fig:heatmap-30-anc-ext-gen-marker	5.4 ANC external genitive marker	87_vos_ng_ac_d_no	vos	ng	nom-acc	deranking	nomn	vos	VS	VPA	100	0.88	0	0.0	0.4655901575088501	bos_eos
seed_44	5_4_anc_ext_gen_marker	30_5_4_anc_ext_gen_marker	fig:heatmap-30-anc-ext-gen-marker	5.4 ANC external genitive marker	88_vos_ng_er_b_se	vos	ng	erg-abs	balancing	sent	vos	VS	VPA	100	0.46	0	0.0	0.02711432456970215	bos_eos
seed_44	5_4_anc_ext_gen_marker	30_5_4_anc_ext_gen_marker	fig:heatmap-30-anc-ext-gen-marker	5.4 ANC external genitive marker	89_vos_ng_er_b_pa	vos	ng	erg-abs	balancing	poss-acc	vos	VS	VPA	100	0.57	0	0.0	0.16844937801361085	bos_eos
seed_44	5_4_anc_ext_gen_marker	30_5_4_anc_ext_gen_marker	fig:heatmap-30-anc-ext-gen-marker	5.4 ANC external genitive marker	90_vos_ng_er_b_ep	vos	ng	erg-abs	balancing	erg-poss	vos	VS	VPA	100	0.71	0	0.0	0.5118981647491455	bos_eos
seed_44	5_4_anc_ext_gen_marker	30_5_4_anc_ext_gen_marker	fig:heatmap-30-anc-ext-gen-marker	5.4 ANC external genitive marker	91_vos_ng_er_b_no	vos	ng	erg-abs	balancing	nomn	vos	VS	VPA	100	0.57	0	0.0	0.39968042373657225	bos_eos
seed_44	5_4_anc_ext_gen_marker	30_5_4_anc_ext_gen_marker	fig:heatmap-30-anc-ext-gen-marker	5.4 ANC external genitive marker	92_vos_ng_er_d_se	vos	ng	erg-abs	deranking	sent	vos	VS	VPA	100	0.52	0	0.0	0.10434814453125	bos_eos
seed_44	5_4_anc_ext_gen_marker	30_5_4_anc_ext_gen_marker	fig:heatmap-30-anc-ext-gen-marker	5.4 ANC external genitive marker	93_vos_ng_er_d_pa	vos	ng	erg-abs	deranking	poss-acc	vos	VS	VPA	100	0.6	0	0.0	0.20868483066558838	bos_eos
seed_44	5_4_anc_ext_gen_marker	30_5_4_anc_ext_gen_marker	fig:heatmap-30-anc-ext-gen-marker	5.4 ANC external genitive marker	94_vos_ng_er_d_ep	vos	ng	erg-abs	deranking	erg-poss	vos	VS	VPA	100	0.63	0	0.0	0.31683280229568483	bos_eos
seed_44	5_4_anc_ext_gen_marker	30_5_4_anc_ext_gen_marker	fig:heatmap-30-anc-ext-gen-marker	5.4 ANC external genitive marker	95_vos_ng_er_d_no	vos	ng	erg-abs	deranking	nomn	vos	VS	VPA	100	0.64	0	0.0	0.29623898506164553	bos_eos
seed_44	6_1_anc_omit_S	31_6_1_anc_omit_S	fig:heatmap-31-anc-omit-s	6.1 ANC omitted S	00_sov_gn_ac_b_se	sov	gn	nom-acc	balancing	sent	sov	SV	APV	100	1.0	0	0.0	2.0541485595703124	bos_eos
seed_44	6_1_anc_omit_S	31_6_1_anc_omit_S	fig:heatmap-31-anc-omit-s	6.1 ANC omitted S	01_sov_gn_ac_b_pa	sov	gn	nom-acc	balancing	poss-acc	sov	SV	APV	100	1.0	0	0.0	2.130806515216827	bos_eos
seed_44	6_1_anc_omit_S	31_6_1_anc_omit_S	fig:heatmap-31-anc-omit-s	6.1 ANC omitted S	02_sov_gn_ac_b_ep	sov	gn	nom-acc	balancing	erg-poss	sov	SV	APV	100	1.0	0	0.0	1.973889534473419	bos_eos
seed_44	6_1_anc_omit_S	31_6_1_anc_omit_S	fig:heatmap-31-anc-omit-s	6.1 ANC omitted S	03_sov_gn_ac_b_no	sov	gn	nom-acc	balancing	nomn	sov	SV	APV	100	1.0	0	0.0	2.3290546417236326	bos_eos
seed_44	6_1_anc_omit_S	31_6_1_anc_omit_S	fig:heatmap-31-anc-omit-s	6.1 ANC omitted S	04_sov_gn_ac_d_se	sov	gn	nom-acc	deranking	sent	sov	SV	APV	100	1.0	0	0.0	2.93036114692688	bos_eos
seed_44	6_1_anc_omit_S	31_6_1_anc_omit_S	fig:heatmap-31-anc-omit-s	6.1 ANC omitted S	05_sov_gn_ac_d_pa	sov	gn	nom-acc	deranking	poss-acc	sov	SV	APV	100	1.0	0	0.0	3.0182402300834656	bos_eos
seed_44	6_1_anc_omit_S	31_6_1_anc_omit_S	fig:heatmap-31-anc-omit-s	6.1 ANC omitted S	06_sov_gn_ac_d_ep	sov	gn	nom-acc	deranking	erg-poss	sov	SV	APV	100	1.0	0	0.0	3.0333642292022707	bos_eos
seed_44	6_1_anc_omit_S	31_6_1_anc_omit_S	fig:heatmap-31-anc-omit-s	6.1 ANC omitted S	07_sov_gn_ac_d_no	sov	gn	nom-acc	deranking	nomn	sov	SV	APV	100	1.0	0	0.0	3.3363781714439393	bos_eos
seed_44	6_1_anc_omit_S	31_6_1_anc_omit_S	fig:heatmap-31-anc-omit-s	6.1 ANC omitted S	08_sov_gn_er_b_se	sov	gn	erg-abs	balancing	sent	sov	SV	APV	100	0.95	0	0.0	0.8769036650657653	bos_eos
seed_44	6_1_anc_omit_S	31_6_1_anc_omit_S	fig:heatmap-31-anc-omit-s	6.1 ANC omitted S	09_sov_gn_er_b_pa	sov	gn	erg-abs	balancing	poss-acc	sov	SV	APV	100	0.94	0	0.0	0.8973033857345581	bos_eos
seed_44	6_1_anc_omit_S	31_6_1_anc_omit_S	fig:heatmap-31-anc-omit-s	6.1 ANC omitted S	10_sov_gn_er_b_ep	sov	gn	erg-abs	balancing	erg-poss	sov	SV	APV	100	0.95	0	0.0	0.927015528678894	bos_eos
seed_44	6_1_anc_omit_S	31_6_1_anc_omit_S	fig:heatmap-31-anc-omit-s	6.1 ANC omitted S	11_sov_gn_er_b_no	sov	gn	erg-abs	balancing	nomn	sov	SV	APV	100	0.91	0	0.0	0.8480141854286194	bos_eos
seed_44	6_1_anc_omit_S	31_6_1_anc_omit_S	fig:heatmap-31-anc-omit-s	6.1 ANC omitted S	12_sov_gn_er_d_se	sov	gn	erg-abs	deranking	sent	sov	SV	APV	100	1.0	0	0.0	1.154114668369293	bos_eos
seed_44	6_1_anc_omit_S	31_6_1_anc_omit_S	fig:heatmap-31-anc-omit-s	6.1 ANC omitted S	13_sov_gn_er_d_pa	sov	gn	erg-abs	deranking	poss-acc	sov	SV	APV	100	1.0	0	0.0	1.505554268360138	bos_eos
seed_44	6_1_anc_omit_S	31_6_1_anc_omit_S	fig:heatmap-31-anc-omit-s	6.1 ANC omitted S	14_sov_gn_er_d_ep	sov	gn	erg-abs	deranking	erg-poss	sov	SV	APV	100	0.97	0	0.0	1.2239446473121642	bos_eos
seed_44	6_1_anc_omit_S	31_6_1_anc_omit_S	fig:heatmap-31-anc-omit-s	6.1 ANC omitted S	15_sov_gn_er_d_no	sov	gn	erg-abs	deranking	nomn	sov	SV	APV	100	0.99	0	0.0	1.4309097409248352	bos_eos
seed_44	6_1_anc_omit_S	31_6_1_anc_omit_S	fig:heatmap-31-anc-omit-s	6.1 ANC omitted S	16_sov_ng_ac_b_se	sov	ng	nom-acc	balancing	sent	sov	SV	APV	100	1.0	0	0.0	2.355198655128479	bos_eos
seed_44	6_1_anc_omit_S	31_6_1_anc_omit_S	fig:heatmap-31-anc-omit-s	6.1 ANC omitted S	17_sov_ng_ac_b_pa	sov	ng	nom-acc	balancing	poss-acc	ovs	VS	PVA	100	1.0	0	0.0	2.1308830118179323	bos_eos
seed_44	6_1_anc_omit_S	31_6_1_anc_omit_S	fig:heatmap-31-anc-omit-s	6.1 ANC omitted S	18_sov_ng_ac_b_ep	sov	ng	nom-acc	balancing	erg-poss	vos	VS	AVP	100	1.0	0	0.0	2.1089568376541137	bos_eos
seed_44	6_1_anc_omit_S	31_6_1_anc_omit_S	fig:heatmap-31-anc-omit-s	6.1 ANC omitted S	19_sov_ng_ac_b_no	sov	ng	nom-acc	balancing	nomn	ovs	VS	PVA	100	1.0	0	0.0	2.1978136801719668	bos_eos
seed_44	6_1_anc_omit_S	31_6_1_anc_omit_S	fig:heatmap-31-anc-omit-s	6.1 ANC omitted S	20_sov_ng_ac_d_se	sov	ng	nom-acc	deranking	sent	sov	SV	APV	100	1.0	0	0.0	2.9311387085914613	bos_eos
seed_44	6_1_anc_omit_S	31_6_1_anc_omit_S	fig:heatmap-31-anc-omit-s	6.1 ANC omitted S	21_sov_ng_ac_d_pa	sov	ng	nom-acc	deranking	poss-acc	ovs	VS	PVA	100	1.0	0	0.0	2.995236518383026	bos_eos
seed_44	6_1_anc_omit_S	31_6_1_anc_omit_S	fig:heatmap-31-anc-omit-s	6.1 ANC omitted S	22_sov_ng_ac_d_ep	sov	ng	nom-acc	deranking	erg-poss	vos	VS	AVP	100	1.0	0	0.0	3.1323818349838257	bos_eos
seed_44	6_1_anc_omit_S	31_6_1_anc_omit_S	fig:heatmap-31-anc-omit-s	6.1 ANC omitted S	23_sov_ng_ac_d_no	sov	ng	nom-acc	deranking	nomn	ovs	VS	PVA	100	1.0	0	0.0	3.237212085723877	bos_eos
seed_44	6_1_anc_omit_S	31_6_1_anc_omit_S	fig:heatmap-31-anc-omit-s	6.1 ANC omitted S	24_sov_ng_er_b_se	sov	ng	erg-abs	balancing	sent	sov	SV	APV	100	0.94	0	0.0	0.8259620881080627	bos_eos
seed_44	6_1_anc_omit_S	31_6_1_anc_omit_S	fig:heatmap-31-anc-omit-s	6.1 ANC omitted S	25_sov_ng_er_b_pa	sov	ng	erg-abs	balancing	poss-acc	ovs	VS	PVA	100	0.93	0	0.0	0.7577547383308411	bos_eos
seed_44	6_1_anc_omit_S	31_6_1_anc_omit_S	fig:heatmap-31-anc-omit-s	6.1 ANC omitted S	26_sov_ng_er_b_ep	sov	ng	erg-abs	balancing	erg-poss	vos	VS	AVP	100	0.98	0	0.0	0.9193334555625916	bos_eos
seed_44	6_1_anc_omit_S	31_6_1_anc_omit_S	fig:heatmap-31-anc-omit-s	6.1 ANC omitted S	27_sov_ng_er_b_no	sov	ng	erg-abs	balancing	nomn	ovs	VS	PVA	100	0.99	0	0.0	0.8483358383178711	bos_eos
seed_44	6_1_anc_omit_S	31_6_1_anc_omit_S	fig:heatmap-31-anc-omit-s	6.1 ANC omitted S	28_sov_ng_er_d_se	sov	ng	erg-abs	deranking	sent	sov	SV	APV	100	0.96	0	0.0	1.2106074595451355	bos_eos
seed_44	6_1_anc_omit_S	31_6_1_anc_omit_S	fig:heatmap-31-anc-omit-s	6.1 ANC omitted S	29_sov_ng_er_d_pa	sov	ng	erg-abs	deranking	poss-acc	ovs	VS	PVA	100	1.0	0	0.0	1.528951268196106	bos_eos
seed_44	6_1_anc_omit_S	31_6_1_anc_omit_S	fig:heatmap-31-anc-omit-s	6.1 ANC omitted S	30_sov_ng_er_d_ep	sov	ng	erg-abs	deranking	erg-poss	vos	VS	AVP	100	1.0	0	0.0	1.3183060145378114	bos_eos
seed_44	6_1_anc_omit_S	31_6_1_anc_omit_S	fig:heatmap-31-anc-omit-s	6.1 ANC omitted S	31_sov_ng_er_d_no	sov	ng	erg-abs	deranking	nomn	ovs	VS	PVA	100	0.98	0	0.0	1.2793439245223999	bos_eos
seed_44	6_1_anc_omit_S	31_6_1_anc_omit_S	fig:heatmap-31-anc-omit-s	6.1 ANC omitted S	32_svo_gn_ac_b_se	svo	gn	nom-acc	balancing	sent	svo	SV	AVP	100	1.0	0	0.0	2.4051906061172486	bos_eos
seed_44	6_1_anc_omit_S	31_6_1_anc_omit_S	fig:heatmap-31-anc-omit-s	6.1 ANC omitted S	33_svo_gn_ac_b_pa	svo	gn	nom-acc	balancing	poss-acc	svo	SV	AVP	100	1.0	0	0.0	2.3211750388145447	bos_eos
seed_44	6_1_anc_omit_S	31_6_1_anc_omit_S	fig:heatmap-31-anc-omit-s	6.1 ANC omitted S	34_svo_gn_ac_b_ep	svo	gn	nom-acc	balancing	erg-poss	sov	SV	PVA	100	1.0	0	0.0	2.2893210864067077	bos_eos
seed_44	6_1_anc_omit_S	31_6_1_anc_omit_S	fig:heatmap-31-anc-omit-s	6.1 ANC omitted S	35_svo_gn_ac_b_no	svo	gn	nom-acc	balancing	nomn	svo	SV	AVP	100	1.0	0	0.0	2.3384422278404235	bos_eos
seed_44	6_1_anc_omit_S	31_6_1_anc_omit_S	fig:heatmap-31-anc-omit-s	6.1 ANC omitted S	36_svo_gn_ac_d_se	svo	gn	nom-acc	deranking	sent	svo	SV	AVP	100	1.0	0	0.0	2.311877236366272	bos_eos
seed_44	6_1_anc_omit_S	31_6_1_anc_omit_S	fig:heatmap-31-anc-omit-s	6.1 ANC omitted S	37_svo_gn_ac_d_pa	svo	gn	nom-acc	deranking	poss-acc	svo	SV	AVP	100	1.0	0	0.0	2.2864089012145996	bos_eos
seed_44	6_1_anc_omit_S	31_6_1_anc_omit_S	fig:heatmap-31-anc-omit-s	6.1 ANC omitted S	38_svo_gn_ac_d_ep	svo	gn	nom-acc	deranking	erg-poss	sov	SV	PVA	100	1.0	0	0.0	2.338912422657013	bos_eos
seed_44	6_1_anc_omit_S	31_6_1_anc_omit_S	fig:heatmap-31-anc-omit-s	6.1 ANC omitted S	39_svo_gn_ac_d_no	svo	gn	nom-acc	deranking	nomn	svo	SV	AVP	100	1.0	0	0.0	2.524423611164093	bos_eos
seed_44	6_1_anc_omit_S	31_6_1_anc_omit_S	fig:heatmap-31-anc-omit-s	6.1 ANC omitted S	40_svo_gn_er_b_se	svo	gn	erg-abs	balancing	sent	svo	SV	AVP	100	0.96	0	0.0	0.9794118452072144	bos_eos
seed_44	6_1_anc_omit_S	31_6_1_anc_omit_S	fig:heatmap-31-anc-omit-s	6.1 ANC omitted S	41_svo_gn_er_b_pa	svo	gn	erg-abs	balancing	poss-acc	svo	SV	AVP	100	0.96	0	0.0	1.0228668665885925	bos_eos
seed_44	6_1_anc_omit_S	31_6_1_anc_omit_S	fig:heatmap-31-anc-omit-s	6.1 ANC omitted S	42_svo_gn_er_b_ep	svo	gn	erg-abs	balancing	erg-poss	sov	SV	PVA	100	0.97	0	0.0	0.9029949092864991	bos_eos
seed_44	6_1_anc_omit_S	31_6_1_anc_omit_S	fig:heatmap-31-anc-omit-s	6.1 ANC omitted S	43_svo_gn_er_b_no	svo	gn	erg-abs	balancing	nomn	svo	SV	AVP	100	0.98	0	0.0	1.0266802501678467	bos_eos
seed_44	6_1_anc_omit_S	31_6_1_anc_omit_S	fig:heatmap-31-anc-omit-s	6.1 ANC omitted S	44_svo_gn_er_d_se	svo	gn	erg-abs	deranking	sent	svo	SV	AVP	100	0.97	0	0.0	1.2609855794906617	bos_eos
seed_44	6_1_anc_omit_S	31_6_1_anc_omit_S	fig:heatmap-31-anc-omit-s	6.1 ANC omitted S	45_svo_gn_er_d_pa	svo	gn	erg-abs	deranking	poss-acc	svo	SV	AVP	100	0.98	0	0.0	1.2608541584014892	bos_eos
seed_44	6_1_anc_omit_S	31_6_1_anc_omit_S	fig:heatmap-31-anc-omit-s	6.1 ANC omitted S	46_svo_gn_er_d_ep	svo	gn	erg-abs	deranking	erg-poss	sov	SV	PVA	100	0.97	0	0.0	1.0477526354789735	bos_eos
seed_44	6_1_anc_omit_S	31_6_1_anc_omit_S	fig:heatmap-31-anc-omit-s	6.1 ANC omitted S	47_svo_gn_er_d_no	svo	gn	erg-abs	deranking	nomn	svo	SV	AVP	100	0.95	0	0.0	1.23464670419693	bos_eos
seed_44	6_1_anc_omit_S	31_6_1_anc_omit_S	fig:heatmap-31-anc-omit-s	6.1 ANC omitted S	48_svo_ng_ac_b_se	svo	ng	nom-acc	balancing	sent	svo	SV	AVP	100	1.0	0	0.0	2.0944130492210387	bos_eos
seed_44	6_1_anc_omit_S	31_6_1_anc_omit_S	fig:heatmap-31-anc-omit-s	6.1 ANC omitted S	49_svo_ng_ac_b_pa	svo	ng	nom-acc	balancing	poss-acc	vos	VS	VPA	100	1.0	0	0.0	2.2470482563972474	bos_eos
seed_44	6_1_anc_omit_S	31_6_1_anc_omit_S	fig:heatmap-31-anc-omit-s	6.1 ANC omitted S	50_svo_ng_ac_b_ep	svo	ng	nom-acc	balancing	erg-poss	vos	VS	VPA	100	1.0	0	0.0	2.3845912122726443	bos_eos
seed_44	6_1_anc_omit_S	31_6_1_anc_omit_S	fig:heatmap-31-anc-omit-s	6.1 ANC omitted S	51_svo_ng_ac_b_no	svo	ng	nom-acc	balancing	nomn	vos	VS	VPA	100	1.0	0	0.0	2.3480695414543153	bos_eos
seed_44	6_1_anc_omit_S	31_6_1_anc_omit_S	fig:heatmap-31-anc-omit-s	6.1 ANC omitted S	52_svo_ng_ac_d_se	svo	ng	nom-acc	deranking	sent	svo	SV	AVP	100	1.0	0	0.0	2.1381718468666078	bos_eos
seed_44	6_1_anc_omit_S	31_6_1_anc_omit_S	fig:heatmap-31-anc-omit-s	6.1 ANC omitted S	53_svo_ng_ac_d_pa	svo	ng	nom-acc	deranking	poss-acc	vos	VS	VPA	100	1.0	0	0.0	2.395272920131683	bos_eos
seed_44	6_1_anc_omit_S	31_6_1_anc_omit_S	fig:heatmap-31-anc-omit-s	6.1 ANC omitted S	54_svo_ng_ac_d_ep	svo	ng	nom-acc	deranking	erg-poss	vos	VS	VPA	100	1.0	0	0.0	2.192196102142334	bos_eos
seed_44	6_1_anc_omit_S	31_6_1_anc_omit_S	fig:heatmap-31-anc-omit-s	6.1 ANC omitted S	55_svo_ng_ac_d_no	svo	ng	nom-acc	deranking	nomn	vos	VS	VPA	100	1.0	0	0.0	2.291825008392334	bos_eos
seed_44	6_1_anc_omit_S	31_6_1_anc_omit_S	fig:heatmap-31-anc-omit-s	6.1 ANC omitted S	56_svo_ng_er_b_se	svo	ng	erg-abs	balancing	sent	svo	SV	AVP	100	0.97	0	0.0	0.9375359106063843	bos_eos
seed_44	6_1_anc_omit_S	31_6_1_anc_omit_S	fig:heatmap-31-anc-omit-s	6.1 ANC omitted S	57_svo_ng_er_b_pa	svo	ng	erg-abs	balancing	poss-acc	vos	VS	VPA	100	0.94	0	0.0	1.100051510334015	bos_eos
seed_44	6_1_anc_omit_S	31_6_1_anc_omit_S	fig:heatmap-31-anc-omit-s	6.1 ANC omitted S	58_svo_ng_er_b_ep	svo	ng	erg-abs	balancing	erg-poss	vos	VS	VPA	100	0.95	0	0.0	1.0595170402526854	bos_eos
seed_44	6_1_anc_omit_S	31_6_1_anc_omit_S	fig:heatmap-31-anc-omit-s	6.1 ANC omitted S	59_svo_ng_er_b_no	svo	ng	erg-abs	balancing	nomn	vos	VS	VPA	100	0.94	0	0.0	0.9368336606025696	bos_eos
seed_44	6_1_anc_omit_S	31_6_1_anc_omit_S	fig:heatmap-31-anc-omit-s	6.1 ANC omitted S	60_svo_ng_er_d_se	svo	ng	erg-abs	deranking	sent	svo	SV	AVP	100	0.97	0	0.0	1.0528539681434632	bos_eos
seed_44	6_1_anc_omit_S	31_6_1_anc_omit_S	fig:heatmap-31-anc-omit-s	6.1 ANC omitted S	61_svo_ng_er_d_pa	svo	ng	erg-abs	deranking	poss-acc	vos	VS	VPA	100	0.95	0	0.0	1.2745623731613158	bos_eos
seed_44	6_1_anc_omit_S	31_6_1_anc_omit_S	fig:heatmap-31-anc-omit-s	6.1 ANC omitted S	62_svo_ng_er_d_ep	svo	ng	erg-abs	deranking	erg-poss	vos	VS	VPA	100	0.97	0	0.0	1.2388411331176759	bos_eos
seed_44	6_1_anc_omit_S	31_6_1_anc_omit_S	fig:heatmap-31-anc-omit-s	6.1 ANC omitted S	63_svo_ng_er_d_no	svo	ng	erg-abs	deranking	nomn	vos	VS	VPA	100	0.96	0	0.0	1.160708200931549	bos_eos
seed_44	6_1_anc_omit_S	31_6_1_anc_omit_S	fig:heatmap-31-anc-omit-s	6.1 ANC omitted S	64_vos_gn_ac_b_se	vos	gn	nom-acc	balancing	sent	vos	VS	VPA	100	1.0	0	0.0	1.4712368965148925	bos_eos
seed_44	6_1_anc_omit_S	31_6_1_anc_omit_S	fig:heatmap-31-anc-omit-s	6.1 ANC omitted S	65_vos_gn_ac_b_pa	vos	gn	nom-acc	balancing	poss-acc	svo	SV	AVP	100	1.0	0	0.0	1.3913482999801636	bos_eos
seed_44	6_1_anc_omit_S	31_6_1_anc_omit_S	fig:heatmap-31-anc-omit-s	6.1 ANC omitted S	66_vos_gn_ac_b_ep	vos	gn	nom-acc	balancing	erg-poss	sov	SV	PVA	100	1.0	0	0.0	1.4988080143928528	bos_eos
seed_44	6_1_anc_omit_S	31_6_1_anc_omit_S	fig:heatmap-31-anc-omit-s	6.1 ANC omitted S	67_vos_gn_ac_b_no	vos	gn	nom-acc	balancing	nomn	svo	SV	AVP	100	1.0	0	0.0	1.5606562614440918	bos_eos
seed_44	6_1_anc_omit_S	31_6_1_anc_omit_S	fig:heatmap-31-anc-omit-s	6.1 ANC omitted S	68_vos_gn_ac_d_se	vos	gn	nom-acc	deranking	sent	vos	VS	VPA	100	1.0	0	0.0	3.3520517849922182	bos_eos
seed_44	6_1_anc_omit_S	31_6_1_anc_omit_S	fig:heatmap-31-anc-omit-s	6.1 ANC omitted S	69_vos_gn_ac_d_pa	vos	gn	nom-acc	deranking	poss-acc	svo	SV	AVP	100	1.0	0	0.0	3.4037706327438353	bos_eos
seed_44	6_1_anc_omit_S	31_6_1_anc_omit_S	fig:heatmap-31-anc-omit-s	6.1 ANC omitted S	70_vos_gn_ac_d_ep	vos	gn	nom-acc	deranking	erg-poss	sov	SV	PVA	100	1.0	0	0.0	3.4614117527008057	bos_eos
seed_44	6_1_anc_omit_S	31_6_1_anc_omit_S	fig:heatmap-31-anc-omit-s	6.1 ANC omitted S	71_vos_gn_ac_d_no	vos	gn	nom-acc	deranking	nomn	svo	SV	AVP	100	1.0	0	0.0	3.33659574508667	bos_eos
seed_44	6_1_anc_omit_S	31_6_1_anc_omit_S	fig:heatmap-31-anc-omit-s	6.1 ANC omitted S	72_vos_gn_er_b_se	vos	gn	erg-abs	balancing	sent	vos	VS	VPA	100	1.0	0	0.0	0.9871889305114746	bos_eos
seed_44	6_1_anc_omit_S	31_6_1_anc_omit_S	fig:heatmap-31-anc-omit-s	6.1 ANC omitted S	73_vos_gn_er_b_pa	vos	gn	erg-abs	balancing	poss-acc	svo	SV	AVP	100	0.99	0	0.0	0.9591394901275635	bos_eos
seed_44	6_1_anc_omit_S	31_6_1_anc_omit_S	fig:heatmap-31-anc-omit-s	6.1 ANC omitted S	74_vos_gn_er_b_ep	vos	gn	erg-abs	balancing	erg-poss	sov	SV	PVA	100	0.99	0	0.0	0.8717651486396789	bos_eos
seed_44	6_1_anc_omit_S	31_6_1_anc_omit_S	fig:heatmap-31-anc-omit-s	6.1 ANC omitted S	75_vos_gn_er_b_no	vos	gn	erg-abs	balancing	nomn	svo	SV	AVP	100	0.99	0	0.0	0.9882440567016602	bos_eos
seed_44	6_1_anc_omit_S	31_6_1_anc_omit_S	fig:heatmap-31-anc-omit-s	6.1 ANC omitted S	76_vos_gn_er_d_se	vos	gn	erg-abs	deranking	sent	vos	VS	VPA	100	1.0	0	0.0	1.67965656042099	bos_eos
seed_44	6_1_anc_omit_S	31_6_1_anc_omit_S	fig:heatmap-31-anc-omit-s	6.1 ANC omitted S	77_vos_gn_er_d_pa	vos	gn	erg-abs	deranking	poss-acc	svo	SV	AVP	100	1.0	0	0.0	1.7339180159568786	bos_eos
seed_44	6_1_anc_omit_S	31_6_1_anc_omit_S	fig:heatmap-31-anc-omit-s	6.1 ANC omitted S	78_vos_gn_er_d_ep	vos	gn	erg-abs	deranking	erg-poss	sov	SV	PVA	100	1.0	0	0.0	1.5018303036689757	bos_eos
seed_44	6_1_anc_omit_S	31_6_1_anc_omit_S	fig:heatmap-31-anc-omit-s	6.1 ANC omitted S	79_vos_gn_er_d_no	vos	gn	erg-abs	deranking	nomn	svo	SV	AVP	100	1.0	0	0.0	1.5948897075653077	bos_eos
seed_44	6_1_anc_omit_S	31_6_1_anc_omit_S	fig:heatmap-31-anc-omit-s	6.1 ANC omitted S	80_vos_ng_ac_b_se	vos	ng	nom-acc	balancing	sent	vos	VS	VPA	100	1.0	0	0.0	1.6522615432739258	bos_eos
seed_44	6_1_anc_omit_S	31_6_1_anc_omit_S	fig:heatmap-31-anc-omit-s	6.1 ANC omitted S	81_vos_ng_ac_b_pa	vos	ng	nom-acc	balancing	poss-acc	vos	VS	VPA	100	0.99	0	0.0	1.4474739456176757	bos_eos
seed_44	6_1_anc_omit_S	31_6_1_anc_omit_S	fig:heatmap-31-anc-omit-s	6.1 ANC omitted S	82_vos_ng_ac_b_ep	vos	ng	nom-acc	balancing	erg-poss	vos	VS	VPA	100	0.99	0	0.0	1.5202245378494263	bos_eos
seed_44	6_1_anc_omit_S	31_6_1_anc_omit_S	fig:heatmap-31-anc-omit-s	6.1 ANC omitted S	83_vos_ng_ac_b_no	vos	ng	nom-acc	balancing	nomn	vos	VS	VPA	100	0.99	0	0.0	1.4413770723342896	bos_eos
seed_44	6_1_anc_omit_S	31_6_1_anc_omit_S	fig:heatmap-31-anc-omit-s	6.1 ANC omitted S	84_vos_ng_ac_d_se	vos	ng	nom-acc	deranking	sent	vos	VS	VPA	100	1.0	0	0.0	3.2548575353622438	bos_eos
seed_44	6_1_anc_omit_S	31_6_1_anc_omit_S	fig:heatmap-31-anc-omit-s	6.1 ANC omitted S	85_vos_ng_ac_d_pa	vos	ng	nom-acc	deranking	poss-acc	vos	VS	VPA	100	1.0	0	0.0	3.451101930141449	bos_eos
seed_44	6_1_anc_omit_S	31_6_1_anc_omit_S	fig:heatmap-31-anc-omit-s	6.1 ANC omitted S	86_vos_ng_ac_d_ep	vos	ng	nom-acc	deranking	erg-poss	vos	VS	VPA	100	1.0	0	0.0	3.191807420253754	bos_eos
seed_44	6_1_anc_omit_S	31_6_1_anc_omit_S	fig:heatmap-31-anc-omit-s	6.1 ANC omitted S	87_vos_ng_ac_d_no	vos	ng	nom-acc	deranking	nomn	vos	VS	VPA	100	1.0	0	0.0	3.290809633731842	bos_eos
seed_44	6_1_anc_omit_S	31_6_1_anc_omit_S	fig:heatmap-31-anc-omit-s	6.1 ANC omitted S	88_vos_ng_er_b_se	vos	ng	erg-abs	balancing	sent	vos	VS	VPA	100	0.98	0	0.0	0.9013507318496704	bos_eos
seed_44	6_1_anc_omit_S	31_6_1_anc_omit_S	fig:heatmap-31-anc-omit-s	6.1 ANC omitted S	89_vos_ng_er_b_pa	vos	ng	erg-abs	balancing	poss-acc	vos	VS	VPA	100	0.97	0	0.0	0.9774186110496521	bos_eos
seed_44	6_1_anc_omit_S	31_6_1_anc_omit_S	fig:heatmap-31-anc-omit-s	6.1 ANC omitted S	90_vos_ng_er_b_ep	vos	ng	erg-abs	balancing	erg-poss	vos	VS	VPA	100	1.0	0	0.0	1.063647162914276	bos_eos
seed_44	6_1_anc_omit_S	31_6_1_anc_omit_S	fig:heatmap-31-anc-omit-s	6.1 ANC omitted S	91_vos_ng_er_b_no	vos	ng	erg-abs	balancing	nomn	vos	VS	VPA	100	1.0	0	0.0	1.0587494039535523	bos_eos
seed_44	6_1_anc_omit_S	31_6_1_anc_omit_S	fig:heatmap-31-anc-omit-s	6.1 ANC omitted S	92_vos_ng_er_d_se	vos	ng	erg-abs	deranking	sent	vos	VS	VPA	100	1.0	0	0.0	1.6244208192825318	bos_eos
seed_44	6_1_anc_omit_S	31_6_1_anc_omit_S	fig:heatmap-31-anc-omit-s	6.1 ANC omitted S	93_vos_ng_er_d_pa	vos	ng	erg-abs	deranking	poss-acc	vos	VS	VPA	100	1.0	0	0.0	1.5588824224472047	bos_eos
seed_44	6_1_anc_omit_S	31_6_1_anc_omit_S	fig:heatmap-31-anc-omit-s	6.1 ANC omitted S	94_vos_ng_er_d_ep	vos	ng	erg-abs	deranking	erg-poss	vos	VS	VPA	100	1.0	0	0.0	1.7039397430419922	bos_eos
seed_44	6_1_anc_omit_S	31_6_1_anc_omit_S	fig:heatmap-31-anc-omit-s	6.1 ANC omitted S	95_vos_ng_er_d_no	vos	ng	erg-abs	deranking	nomn	vos	VS	VPA	100	1.0	0	0.0	1.5863866019248962	bos_eos
seed_44	6_2_anc_omit_A	32_6_2_anc_omit_A	fig:heatmap-32-anc-omit-a	6.2 ANC omitted A	00_sov_gn_ac_b_se	sov	gn	nom-acc	balancing	sent	sov	SV	APV	100	0.79	0	0.0	0.49321474075317384	bos_eos
seed_44	6_2_anc_omit_A	32_6_2_anc_omit_A	fig:heatmap-32-anc-omit-a	6.2 ANC omitted A	01_sov_gn_ac_b_pa	sov	gn	nom-acc	balancing	poss-acc	sov	SV	APV	100	0.81	0	0.0	0.5603642678260803	bos_eos
seed_44	6_2_anc_omit_A	32_6_2_anc_omit_A	fig:heatmap-32-anc-omit-a	6.2 ANC omitted A	02_sov_gn_ac_b_ep	sov	gn	nom-acc	balancing	erg-poss	sov	SV	APV	100	0.66	0	0.0	0.2881054043769836	bos_eos
seed_44	6_2_anc_omit_A	32_6_2_anc_omit_A	fig:heatmap-32-anc-omit-a	6.2 ANC omitted A	03_sov_gn_ac_b_no	sov	gn	nom-acc	balancing	nomn	sov	SV	APV	100	0.79	0	0.0	0.6975223517417908	bos_eos
seed_44	6_2_anc_omit_A	32_6_2_anc_omit_A	fig:heatmap-32-anc-omit-a	6.2 ANC omitted A	04_sov_gn_ac_d_se	sov	gn	nom-acc	deranking	sent	sov	SV	APV	100	1.0	0	0.0	1.717985053062439	bos_eos
seed_44	6_2_anc_omit_A	32_6_2_anc_omit_A	fig:heatmap-32-anc-omit-a	6.2 ANC omitted A	05_sov_gn_ac_d_pa	sov	gn	nom-acc	deranking	poss-acc	sov	SV	APV	100	1.0	0	0.0	1.920574872493744	bos_eos
seed_44	6_2_anc_omit_A	32_6_2_anc_omit_A	fig:heatmap-32-anc-omit-a	6.2 ANC omitted A	06_sov_gn_ac_d_ep	sov	gn	nom-acc	deranking	erg-poss	sov	SV	APV	100	0.98	0	0.0	1.7229835867881775	bos_eos
seed_44	6_2_anc_omit_A	32_6_2_anc_omit_A	fig:heatmap-32-anc-omit-a	6.2 ANC omitted A	07_sov_gn_ac_d_no	sov	gn	nom-acc	deranking	nomn	sov	SV	APV	100	1.0	0	0.0	1.7802161931991578	bos_eos
seed_44	6_2_anc_omit_A	32_6_2_anc_omit_A	fig:heatmap-32-anc-omit-a	6.2 ANC omitted A	08_sov_gn_er_b_se	sov	gn	erg-abs	balancing	sent	sov	SV	APV	100	0.27	0	0.0	-0.27870089292526246	bos_eos
seed_44	6_2_anc_omit_A	32_6_2_anc_omit_A	fig:heatmap-32-anc-omit-a	6.2 ANC omitted A	09_sov_gn_er_b_pa	sov	gn	erg-abs	balancing	poss-acc	sov	SV	APV	100	0.3	0	0.0	-0.4009796357154846	bos_eos
seed_44	6_2_anc_omit_A	32_6_2_anc_omit_A	fig:heatmap-32-anc-omit-a	6.2 ANC omitted A	10_sov_gn_er_b_ep	sov	gn	erg-abs	balancing	erg-poss	sov	SV	APV	100	0.65	0	0.0	0.24489034652709962	bos_eos
seed_44	6_2_anc_omit_A	32_6_2_anc_omit_A	fig:heatmap-32-anc-omit-a	6.2 ANC omitted A	11_sov_gn_er_b_no	sov	gn	erg-abs	balancing	nomn	sov	SV	APV	100	0.61	0	0.0	0.27673866987228396	bos_eos
seed_44	6_2_anc_omit_A	32_6_2_anc_omit_A	fig:heatmap-32-anc-omit-a	6.2 ANC omitted A	12_sov_gn_er_d_se	sov	gn	erg-abs	deranking	sent	sov	SV	APV	100	0.92	0	0.0	0.9479628133773804	bos_eos
seed_44	6_2_anc_omit_A	32_6_2_anc_omit_A	fig:heatmap-32-anc-omit-a	6.2 ANC omitted A	13_sov_gn_er_d_pa	sov	gn	erg-abs	deranking	poss-acc	sov	SV	APV	100	0.91	0	0.0	1.087855701446533	bos_eos
seed_44	6_2_anc_omit_A	32_6_2_anc_omit_A	fig:heatmap-32-anc-omit-a	6.2 ANC omitted A	14_sov_gn_er_d_ep	sov	gn	erg-abs	deranking	erg-poss	sov	SV	APV	100	0.97	0	0.0	1.3757923674583434	bos_eos
seed_44	6_2_anc_omit_A	32_6_2_anc_omit_A	fig:heatmap-32-anc-omit-a	6.2 ANC omitted A	15_sov_gn_er_d_no	sov	gn	erg-abs	deranking	nomn	sov	SV	APV	100	0.96	0	0.0	1.283202383518219	bos_eos
seed_44	6_2_anc_omit_A	32_6_2_anc_omit_A	fig:heatmap-32-anc-omit-a	6.2 ANC omitted A	16_sov_ng_ac_b_se	sov	ng	nom-acc	balancing	sent	sov	SV	APV	100	0.82	0	0.0	0.6035596132278442	bos_eos
seed_44	6_2_anc_omit_A	32_6_2_anc_omit_A	fig:heatmap-32-anc-omit-a	6.2 ANC omitted A	17_sov_ng_ac_b_pa	sov	ng	nom-acc	balancing	poss-acc	ovs	VS	PVA	100	0.74	0	0.0	0.4987339949607849	bos_eos
seed_44	6_2_anc_omit_A	32_6_2_anc_omit_A	fig:heatmap-32-anc-omit-a	6.2 ANC omitted A	18_sov_ng_ac_b_ep	sov	ng	nom-acc	balancing	erg-poss	vos	VS	AVP	100	0.89	0	0.0	1.0706179714202881	bos_eos
seed_44	6_2_anc_omit_A	32_6_2_anc_omit_A	fig:heatmap-32-anc-omit-a	6.2 ANC omitted A	19_sov_ng_ac_b_no	sov	ng	nom-acc	balancing	nomn	ovs	VS	PVA	100	0.78	0	0.0	0.6109586834907532	bos_eos
seed_44	6_2_anc_omit_A	32_6_2_anc_omit_A	fig:heatmap-32-anc-omit-a	6.2 ANC omitted A	20_sov_ng_ac_d_se	sov	ng	nom-acc	deranking	sent	sov	SV	APV	100	1.0	0	0.0	1.8576360845565796	bos_eos
seed_44	6_2_anc_omit_A	32_6_2_anc_omit_A	fig:heatmap-32-anc-omit-a	6.2 ANC omitted A	21_sov_ng_ac_d_pa	sov	ng	nom-acc	deranking	poss-acc	ovs	VS	PVA	100	1.0	0	0.0	1.5835391831398011	bos_eos
seed_44	6_2_anc_omit_A	32_6_2_anc_omit_A	fig:heatmap-32-anc-omit-a	6.2 ANC omitted A	22_sov_ng_ac_d_ep	sov	ng	nom-acc	deranking	erg-poss	vos	VS	AVP	100	0.96	0	0.0	1.38301655292511	bos_eos
seed_44	6_2_anc_omit_A	32_6_2_anc_omit_A	fig:heatmap-32-anc-omit-a	6.2 ANC omitted A	23_sov_ng_ac_d_no	sov	ng	nom-acc	deranking	nomn	ovs	VS	PVA	100	0.99	0	0.0	1.6598826122283936	bos_eos
seed_44	6_2_anc_omit_A	32_6_2_anc_omit_A	fig:heatmap-32-anc-omit-a	6.2 ANC omitted A	24_sov_ng_er_b_se	sov	ng	erg-abs	balancing	sent	sov	SV	APV	100	0.32	0	0.0	-0.329324266910553	bos_eos
seed_44	6_2_anc_omit_A	32_6_2_anc_omit_A	fig:heatmap-32-anc-omit-a	6.2 ANC omitted A	25_sov_ng_er_b_pa	sov	ng	erg-abs	balancing	poss-acc	ovs	VS	PVA	100	0.28	0	0.0	-0.3877153968811035	bos_eos
seed_44	6_2_anc_omit_A	32_6_2_anc_omit_A	fig:heatmap-32-anc-omit-a	6.2 ANC omitted A	26_sov_ng_er_b_ep	sov	ng	erg-abs	balancing	erg-poss	vos	VS	AVP	100	0.91	0	0.0	1.2744718527793883	bos_eos
seed_44	6_2_anc_omit_A	32_6_2_anc_omit_A	fig:heatmap-32-anc-omit-a	6.2 ANC omitted A	27_sov_ng_er_b_no	sov	ng	erg-abs	balancing	nomn	ovs	VS	PVA	100	0.62	0	0.0	0.34492294311523436	bos_eos
seed_44	6_2_anc_omit_A	32_6_2_anc_omit_A	fig:heatmap-32-anc-omit-a	6.2 ANC omitted A	28_sov_ng_er_d_se	sov	ng	erg-abs	deranking	sent	sov	SV	APV	100	0.95	0	0.0	1.2104181718826295	bos_eos
seed_44	6_2_anc_omit_A	32_6_2_anc_omit_A	fig:heatmap-32-anc-omit-a	6.2 ANC omitted A	29_sov_ng_er_d_pa	sov	ng	erg-abs	deranking	poss-acc	ovs	VS	PVA	100	0.89	0	0.0	0.9442686367034913	bos_eos
seed_44	6_2_anc_omit_A	32_6_2_anc_omit_A	fig:heatmap-32-anc-omit-a	6.2 ANC omitted A	30_sov_ng_er_d_ep	sov	ng	erg-abs	deranking	erg-poss	vos	VS	AVP	100	0.95	0	0.0	1.2384854793548583	bos_eos
seed_44	6_2_anc_omit_A	32_6_2_anc_omit_A	fig:heatmap-32-anc-omit-a	6.2 ANC omitted A	31_sov_ng_er_d_no	sov	ng	erg-abs	deranking	nomn	ovs	VS	PVA	100	0.99	0	0.0	1.2276311087608338	bos_eos
seed_44	6_2_anc_omit_A	32_6_2_anc_omit_A	fig:heatmap-32-anc-omit-a	6.2 ANC omitted A	32_svo_gn_ac_b_se	svo	gn	nom-acc	balancing	sent	svo	SV	AVP	100	0.73	0	0.0	0.5215947079658508	bos_eos
seed_44	6_2_anc_omit_A	32_6_2_anc_omit_A	fig:heatmap-32-anc-omit-a	6.2 ANC omitted A	33_svo_gn_ac_b_pa	svo	gn	nom-acc	balancing	poss-acc	svo	SV	AVP	100	0.66	0	0.0	0.3954142379760742	bos_eos
seed_44	6_2_anc_omit_A	32_6_2_anc_omit_A	fig:heatmap-32-anc-omit-a	6.2 ANC omitted A	34_svo_gn_ac_b_ep	svo	gn	nom-acc	balancing	erg-poss	sov	SV	PVA	100	0.98	0	0.0	1.8382322025299072	bos_eos
seed_44	6_2_anc_omit_A	32_6_2_anc_omit_A	fig:heatmap-32-anc-omit-a	6.2 ANC omitted A	35_svo_gn_ac_b_no	svo	gn	nom-acc	balancing	nomn	svo	SV	AVP	100	0.69	0	0.0	0.518886034488678	bos_eos
seed_44	6_2_anc_omit_A	32_6_2_anc_omit_A	fig:heatmap-32-anc-omit-a	6.2 ANC omitted A	36_svo_gn_ac_d_se	svo	gn	nom-acc	deranking	sent	svo	SV	AVP	100	0.87	0	0.0	0.7185627698898316	bos_eos
seed_44	6_2_anc_omit_A	32_6_2_anc_omit_A	fig:heatmap-32-anc-omit-a	6.2 ANC omitted A	37_svo_gn_ac_d_pa	svo	gn	nom-acc	deranking	poss-acc	svo	SV	AVP	100	0.95	0	0.0	0.746109528541565	bos_eos
seed_44	6_2_anc_omit_A	32_6_2_anc_omit_A	fig:heatmap-32-anc-omit-a	6.2 ANC omitted A	38_svo_gn_ac_d_ep	svo	gn	nom-acc	deranking	erg-poss	sov	SV	PVA	100	0.99	0	0.0	2.1036110377311705	bos_eos
seed_44	6_2_anc_omit_A	32_6_2_anc_omit_A	fig:heatmap-32-anc-omit-a	6.2 ANC omitted A	39_svo_gn_ac_d_no	svo	gn	nom-acc	deranking	nomn	svo	SV	AVP	100	0.91	0	0.0	0.7717111492156983	bos_eos
seed_44	6_2_anc_omit_A	32_6_2_anc_omit_A	fig:heatmap-32-anc-omit-a	6.2 ANC omitted A	40_svo_gn_er_b_se	svo	gn	erg-abs	balancing	sent	svo	SV	AVP	100	0.56	0	0.0	0.119093177318573	bos_eos
seed_44	6_2_anc_omit_A	32_6_2_anc_omit_A	fig:heatmap-32-anc-omit-a	6.2 ANC omitted A	41_svo_gn_er_b_pa	svo	gn	erg-abs	balancing	poss-acc	svo	SV	AVP	100	0.51	0	0.0	0.04743238687515259	bos_eos
seed_44	6_2_anc_omit_A	32_6_2_anc_omit_A	fig:heatmap-32-anc-omit-a	6.2 ANC omitted A	42_svo_gn_er_b_ep	svo	gn	erg-abs	balancing	erg-poss	sov	SV	PVA	100	0.81	0	0.0	0.5624682903289795	bos_eos
seed_44	6_2_anc_omit_A	32_6_2_anc_omit_A	fig:heatmap-32-anc-omit-a	6.2 ANC omitted A	43_svo_gn_er_b_no	svo	gn	erg-abs	balancing	nomn	svo	SV	AVP	100	0.74	0	0.0	0.4981135892868042	bos_eos
seed_44	6_2_anc_omit_A	32_6_2_anc_omit_A	fig:heatmap-32-anc-omit-a	6.2 ANC omitted A	44_svo_gn_er_d_se	svo	gn	erg-abs	deranking	sent	svo	SV	AVP	100	0.68	0	0.0	0.15043152809143068	bos_eos
seed_44	6_2_anc_omit_A	32_6_2_anc_omit_A	fig:heatmap-32-anc-omit-a	6.2 ANC omitted A	45_svo_gn_er_d_pa	svo	gn	erg-abs	deranking	poss-acc	svo	SV	AVP	100	0.61	0	0.0	0.15753922939300538	bos_eos
seed_44	6_2_anc_omit_A	32_6_2_anc_omit_A	fig:heatmap-32-anc-omit-a	6.2 ANC omitted A	46_svo_gn_er_d_ep	svo	gn	erg-abs	deranking	erg-poss	sov	SV	PVA	100	0.98	0	0.0	1.0773969578742981	bos_eos
seed_44	6_2_anc_omit_A	32_6_2_anc_omit_A	fig:heatmap-32-anc-omit-a	6.2 ANC omitted A	47_svo_gn_er_d_no	svo	gn	erg-abs	deranking	nomn	svo	SV	AVP	100	0.81	0	0.0	0.604778618812561	bos_eos
seed_44	6_2_anc_omit_A	32_6_2_anc_omit_A	fig:heatmap-32-anc-omit-a	6.2 ANC omitted A	48_svo_ng_ac_b_se	svo	ng	nom-acc	balancing	sent	svo	SV	AVP	100	0.7	0	0.0	0.4376389980316162	bos_eos
seed_44	6_2_anc_omit_A	32_6_2_anc_omit_A	fig:heatmap-32-anc-omit-a	6.2 ANC omitted A	49_svo_ng_ac_b_pa	svo	ng	nom-acc	balancing	poss-acc	vos	VS	VPA	100	0.67	0	0.0	0.3691253185272217	bos_eos
seed_44	6_2_anc_omit_A	32_6_2_anc_omit_A	fig:heatmap-32-anc-omit-a	6.2 ANC omitted A	50_svo_ng_ac_b_ep	svo	ng	nom-acc	balancing	erg-poss	vos	VS	VPA	100	0.73	0	0.0	0.4065447402000427	bos_eos
seed_44	6_2_anc_omit_A	32_6_2_anc_omit_A	fig:heatmap-32-anc-omit-a	6.2 ANC omitted A	51_svo_ng_ac_b_no	svo	ng	nom-acc	balancing	nomn	vos	VS	VPA	100	0.71	0	0.0	0.4317814350128174	bos_eos
seed_44	6_2_anc_omit_A	32_6_2_anc_omit_A	fig:heatmap-32-anc-omit-a	6.2 ANC omitted A	52_svo_ng_ac_d_se	svo	ng	nom-acc	deranking	sent	svo	SV	AVP	100	0.91	0	0.0	0.7045440793037414	bos_eos
seed_44	6_2_anc_omit_A	32_6_2_anc_omit_A	fig:heatmap-32-anc-omit-a	6.2 ANC omitted A	53_svo_ng_ac_d_pa	svo	ng	nom-acc	deranking	poss-acc	vos	VS	VPA	100	0.93	0	0.0	0.751420304775238	bos_eos
seed_44	6_2_anc_omit_A	32_6_2_anc_omit_A	fig:heatmap-32-anc-omit-a	6.2 ANC omitted A	54_svo_ng_ac_d_ep	svo	ng	nom-acc	deranking	erg-poss	vos	VS	VPA	100	0.82	0	0.0	0.5958181023597717	bos_eos
seed_44	6_2_anc_omit_A	32_6_2_anc_omit_A	fig:heatmap-32-anc-omit-a	6.2 ANC omitted A	55_svo_ng_ac_d_no	svo	ng	nom-acc	deranking	nomn	vos	VS	VPA	100	0.88	0	0.0	0.650346486568451	bos_eos
seed_44	6_2_anc_omit_A	32_6_2_anc_omit_A	fig:heatmap-32-anc-omit-a	6.2 ANC omitted A	56_svo_ng_er_b_se	svo	ng	erg-abs	balancing	sent	svo	SV	AVP	100	0.4	0	0.0	-0.14536787271499635	bos_eos
seed_44	6_2_anc_omit_A	32_6_2_anc_omit_A	fig:heatmap-32-anc-omit-a	6.2 ANC omitted A	57_svo_ng_er_b_pa	svo	ng	erg-abs	balancing	poss-acc	vos	VS	VPA	100	0.41	0	0.0	-0.08826662063598632	bos_eos
seed_44	6_2_anc_omit_A	32_6_2_anc_omit_A	fig:heatmap-32-anc-omit-a	6.2 ANC omitted A	58_svo_ng_er_b_ep	svo	ng	erg-abs	balancing	erg-poss	vos	VS	VPA	100	0.74	0	0.0	0.5827676987648011	bos_eos
seed_44	6_2_anc_omit_A	32_6_2_anc_omit_A	fig:heatmap-32-anc-omit-a	6.2 ANC omitted A	59_svo_ng_er_b_no	svo	ng	erg-abs	balancing	nomn	vos	VS	VPA	100	0.7	0	0.0	0.5214913082122803	bos_eos
seed_44	6_2_anc_omit_A	32_6_2_anc_omit_A	fig:heatmap-32-anc-omit-a	6.2 ANC omitted A	60_svo_ng_er_d_se	svo	ng	erg-abs	deranking	sent	svo	SV	AVP	100	0.7	0	0.0	0.18784104347229003	bos_eos
seed_44	6_2_anc_omit_A	32_6_2_anc_omit_A	fig:heatmap-32-anc-omit-a	6.2 ANC omitted A	61_svo_ng_er_d_pa	svo	ng	erg-abs	deranking	poss-acc	vos	VS	VPA	100	0.66	0	0.0	0.17106330156326294	bos_eos
seed_44	6_2_anc_omit_A	32_6_2_anc_omit_A	fig:heatmap-32-anc-omit-a	6.2 ANC omitted A	62_svo_ng_er_d_ep	svo	ng	erg-abs	deranking	erg-poss	vos	VS	VPA	100	0.76	0	0.0	0.46338236570358277	bos_eos
seed_44	6_2_anc_omit_A	32_6_2_anc_omit_A	fig:heatmap-32-anc-omit-a	6.2 ANC omitted A	63_svo_ng_er_d_no	svo	ng	erg-abs	deranking	nomn	vos	VS	VPA	100	0.91	0	0.0	0.8548218536376954	bos_eos
seed_44	6_2_anc_omit_A	32_6_2_anc_omit_A	fig:heatmap-32-anc-omit-a	6.2 ANC omitted A	64_vos_gn_ac_b_se	vos	gn	nom-acc	balancing	sent	vos	VS	VPA	100	0.49	0	0.0	0.002965795993804932	bos_eos
seed_44	6_2_anc_omit_A	32_6_2_anc_omit_A	fig:heatmap-32-anc-omit-a	6.2 ANC omitted A	65_vos_gn_ac_b_pa	vos	gn	nom-acc	balancing	poss-acc	svo	SV	AVP	100	0.39	0	0.0	-0.10301633596420288	bos_eos
seed_44	6_2_anc_omit_A	32_6_2_anc_omit_A	fig:heatmap-32-anc-omit-a	6.2 ANC omitted A	66_vos_gn_ac_b_ep	vos	gn	nom-acc	balancing	erg-poss	sov	SV	PVA	100	0.9	0	0.0	0.7162241148948669	bos_eos
seed_44	6_2_anc_omit_A	32_6_2_anc_omit_A	fig:heatmap-32-anc-omit-a	6.2 ANC omitted A	67_vos_gn_ac_b_no	vos	gn	nom-acc	balancing	nomn	svo	SV	AVP	100	0.46	0	0.0	-0.007405340671539307	bos_eos
seed_44	6_2_anc_omit_A	32_6_2_anc_omit_A	fig:heatmap-32-anc-omit-a	6.2 ANC omitted A	68_vos_gn_ac_d_se	vos	gn	nom-acc	deranking	sent	vos	VS	VPA	100	0.99	0	0.0	1.440720911026001	bos_eos
seed_44	6_2_anc_omit_A	32_6_2_anc_omit_A	fig:heatmap-32-anc-omit-a	6.2 ANC omitted A	69_vos_gn_ac_d_pa	vos	gn	nom-acc	deranking	poss-acc	svo	SV	AVP	100	1.0	0	0.0	1.5681636714935303	bos_eos
seed_44	6_2_anc_omit_A	32_6_2_anc_omit_A	fig:heatmap-32-anc-omit-a	6.2 ANC omitted A	70_vos_gn_ac_d_ep	vos	gn	nom-acc	deranking	erg-poss	sov	SV	PVA	100	0.98	0	0.0	1.9273805451393127	bos_eos
seed_44	6_2_anc_omit_A	32_6_2_anc_omit_A	fig:heatmap-32-anc-omit-a	6.2 ANC omitted A	71_vos_gn_ac_d_no	vos	gn	nom-acc	deranking	nomn	svo	SV	AVP	100	0.99	0	0.0	1.5387115812301635	bos_eos
seed_44	6_2_anc_omit_A	32_6_2_anc_omit_A	fig:heatmap-32-anc-omit-a	6.2 ANC omitted A	72_vos_gn_er_b_se	vos	gn	erg-abs	balancing	sent	vos	VS	VPA	100	0.33	0	0.0	-0.21334928750991822	bos_eos
seed_44	6_2_anc_omit_A	32_6_2_anc_omit_A	fig:heatmap-32-anc-omit-a	6.2 ANC omitted A	73_vos_gn_er_b_pa	vos	gn	erg-abs	balancing	poss-acc	svo	SV	AVP	100	0.26	0	0.0	-0.4353367829322815	bos_eos
seed_44	6_2_anc_omit_A	32_6_2_anc_omit_A	fig:heatmap-32-anc-omit-a	6.2 ANC omitted A	74_vos_gn_er_b_ep	vos	gn	erg-abs	balancing	erg-poss	sov	SV	PVA	100	0.94	0	0.0	1.1481536316871643	bos_eos
seed_44	6_2_anc_omit_A	32_6_2_anc_omit_A	fig:heatmap-32-anc-omit-a	6.2 ANC omitted A	75_vos_gn_er_b_no	vos	gn	erg-abs	balancing	nomn	svo	SV	AVP	100	0.5	0	0.0	0.04884413003921509	bos_eos
seed_44	6_2_anc_omit_A	32_6_2_anc_omit_A	fig:heatmap-32-anc-omit-a	6.2 ANC omitted A	76_vos_gn_er_d_se	vos	gn	erg-abs	deranking	sent	vos	VS	VPA	100	0.97	0	0.0	1.334597704410553	bos_eos
seed_44	6_2_anc_omit_A	32_6_2_anc_omit_A	fig:heatmap-32-anc-omit-a	6.2 ANC omitted A	77_vos_gn_er_d_pa	vos	gn	erg-abs	deranking	poss-acc	svo	SV	AVP	100	0.92	0	0.0	1.2701528334617616	bos_eos
seed_44	6_2_anc_omit_A	32_6_2_anc_omit_A	fig:heatmap-32-anc-omit-a	6.2 ANC omitted A	78_vos_gn_er_d_ep	vos	gn	erg-abs	deranking	erg-poss	sov	SV	PVA	100	1.0	0	0.0	1.6403249549865722	bos_eos
seed_44	6_2_anc_omit_A	32_6_2_anc_omit_A	fig:heatmap-32-anc-omit-a	6.2 ANC omitted A	79_vos_gn_er_d_no	vos	gn	erg-abs	deranking	nomn	svo	SV	AVP	100	1.0	0	0.0	1.4908073401451112	bos_eos
seed_44	6_2_anc_omit_A	32_6_2_anc_omit_A	fig:heatmap-32-anc-omit-a	6.2 ANC omitted A	80_vos_ng_ac_b_se	vos	ng	nom-acc	balancing	sent	vos	VS	VPA	100	0.48	0	0.0	0.00015542984008789062	bos_eos
seed_44	6_2_anc_omit_A	32_6_2_anc_omit_A	fig:heatmap-32-anc-omit-a	6.2 ANC omitted A	81_vos_ng_ac_b_pa	vos	ng	nom-acc	balancing	poss-acc	vos	VS	VPA	100	0.51	0	0.0	0.06472633600234985	bos_eos
seed_44	6_2_anc_omit_A	32_6_2_anc_omit_A	fig:heatmap-32-anc-omit-a	6.2 ANC omitted A	82_vos_ng_ac_b_ep	vos	ng	nom-acc	balancing	erg-poss	vos	VS	VPA	100	0.64	0	0.0	0.14048061847686769	bos_eos
seed_44	6_2_anc_omit_A	32_6_2_anc_omit_A	fig:heatmap-32-anc-omit-a	6.2 ANC omitted A	83_vos_ng_ac_b_no	vos	ng	nom-acc	balancing	nomn	vos	VS	VPA	100	0.56	0	0.0	0.11214527130126953	bos_eos
seed_44	6_2_anc_omit_A	32_6_2_anc_omit_A	fig:heatmap-32-anc-omit-a	6.2 ANC omitted A	84_vos_ng_ac_d_se	vos	ng	nom-acc	deranking	sent	vos	VS	VPA	100	1.0	0	0.0	1.508702847957611	bos_eos
seed_44	6_2_anc_omit_A	32_6_2_anc_omit_A	fig:heatmap-32-anc-omit-a	6.2 ANC omitted A	85_vos_ng_ac_d_pa	vos	ng	nom-acc	deranking	poss-acc	vos	VS	VPA	100	1.0	0	0.0	1.6659269309043885	bos_eos
seed_44	6_2_anc_omit_A	32_6_2_anc_omit_A	fig:heatmap-32-anc-omit-a	6.2 ANC omitted A	86_vos_ng_ac_d_ep	vos	ng	nom-acc	deranking	erg-poss	vos	VS	VPA	100	0.99	0	0.0	1.6366036772727965	bos_eos
seed_44	6_2_anc_omit_A	32_6_2_anc_omit_A	fig:heatmap-32-anc-omit-a	6.2 ANC omitted A	87_vos_ng_ac_d_no	vos	ng	nom-acc	deranking	nomn	vos	VS	VPA	100	0.98	0	0.0	1.6219514274597169	bos_eos
seed_44	6_2_anc_omit_A	32_6_2_anc_omit_A	fig:heatmap-32-anc-omit-a	6.2 ANC omitted A	88_vos_ng_er_b_se	vos	ng	erg-abs	balancing	sent	vos	VS	VPA	100	0.21	0	0.0	-0.5021589970588685	bos_eos
seed_44	6_2_anc_omit_A	32_6_2_anc_omit_A	fig:heatmap-32-anc-omit-a	6.2 ANC omitted A	89_vos_ng_er_b_pa	vos	ng	erg-abs	balancing	poss-acc	vos	VS	VPA	100	0.2	0	0.0	-0.5479031038284302	bos_eos
seed_44	6_2_anc_omit_A	32_6_2_anc_omit_A	fig:heatmap-32-anc-omit-a	6.2 ANC omitted A	90_vos_ng_er_b_ep	vos	ng	erg-abs	balancing	erg-poss	vos	VS	VPA	100	0.55	0	0.0	0.08934001922607422	bos_eos
seed_44	6_2_anc_omit_A	32_6_2_anc_omit_A	fig:heatmap-32-anc-omit-a	6.2 ANC omitted A	91_vos_ng_er_b_no	vos	ng	erg-abs	balancing	nomn	vos	VS	VPA	100	0.5	0	0.0	0.06329937219619751	bos_eos
seed_44	6_2_anc_omit_A	32_6_2_anc_omit_A	fig:heatmap-32-anc-omit-a	6.2 ANC omitted A	92_vos_ng_er_d_se	vos	ng	erg-abs	deranking	sent	vos	VS	VPA	100	0.97	0	0.0	1.4087517523765565	bos_eos
seed_44	6_2_anc_omit_A	32_6_2_anc_omit_A	fig:heatmap-32-anc-omit-a	6.2 ANC omitted A	93_vos_ng_er_d_pa	vos	ng	erg-abs	deranking	poss-acc	vos	VS	VPA	100	0.98	0	0.0	1.400202100276947	bos_eos
seed_44	6_2_anc_omit_A	32_6_2_anc_omit_A	fig:heatmap-32-anc-omit-a	6.2 ANC omitted A	94_vos_ng_er_d_ep	vos	ng	erg-abs	deranking	erg-poss	vos	VS	VPA	100	0.99	0	0.0	1.5853865051269531	bos_eos
seed_44	6_2_anc_omit_A	32_6_2_anc_omit_A	fig:heatmap-32-anc-omit-a	6.2 ANC omitted A	95_vos_ng_er_d_no	vos	ng	erg-abs	deranking	nomn	vos	VS	VPA	100	1.0	0	0.0	1.7256627798080444	bos_eos
seed_44	6_3_anc_omit_P	33_6_3_anc_omit_P	fig:heatmap-33-anc-omit-p	6.3 ANC omitted P	00_sov_gn_ac_b_se	sov	gn	nom-acc	balancing	sent	sov	SV	APV	100	0.85	0	0.0	0.7840017390251159	bos_eos
seed_44	6_3_anc_omit_P	33_6_3_anc_omit_P	fig:heatmap-33-anc-omit-p	6.3 ANC omitted P	01_sov_gn_ac_b_pa	sov	gn	nom-acc	balancing	poss-acc	sov	SV	APV	100	0.95	0	0.0	1.3936170601844788	bos_eos
seed_44	6_3_anc_omit_P	33_6_3_anc_omit_P	fig:heatmap-33-anc-omit-p	6.3 ANC omitted P	02_sov_gn_ac_b_ep	sov	gn	nom-acc	balancing	erg-poss	sov	SV	APV	100	0.77	0	0.0	0.7081682872772217	bos_eos
seed_44	6_3_anc_omit_P	33_6_3_anc_omit_P	fig:heatmap-33-anc-omit-p	6.3 ANC omitted P	03_sov_gn_ac_b_no	sov	gn	nom-acc	balancing	nomn	sov	SV	APV	100	0.94	0	0.0	1.3554519081115723	bos_eos
seed_44	6_3_anc_omit_P	33_6_3_anc_omit_P	fig:heatmap-33-anc-omit-p	6.3 ANC omitted P	04_sov_gn_ac_d_se	sov	gn	nom-acc	deranking	sent	sov	SV	APV	100	1.0	0	0.0	2.319707772731781	bos_eos
seed_44	6_3_anc_omit_P	33_6_3_anc_omit_P	fig:heatmap-33-anc-omit-p	6.3 ANC omitted P	05_sov_gn_ac_d_pa	sov	gn	nom-acc	deranking	poss-acc	sov	SV	APV	100	1.0	0	0.0	2.8637381386756897	bos_eos
seed_44	6_3_anc_omit_P	33_6_3_anc_omit_P	fig:heatmap-33-anc-omit-p	6.3 ANC omitted P	06_sov_gn_ac_d_ep	sov	gn	nom-acc	deranking	erg-poss	sov	SV	APV	100	1.0	0	0.0	2.4786761260032653	bos_eos
seed_44	6_3_anc_omit_P	33_6_3_anc_omit_P	fig:heatmap-33-anc-omit-p	6.3 ANC omitted P	07_sov_gn_ac_d_no	sov	gn	nom-acc	deranking	nomn	sov	SV	APV	100	1.0	0	0.0	3.123963894844055	bos_eos
seed_44	6_3_anc_omit_P	33_6_3_anc_omit_P	fig:heatmap-33-anc-omit-p	6.3 ANC omitted P	08_sov_gn_er_b_se	sov	gn	erg-abs	balancing	sent	sov	SV	APV	100	0.57	0	0.0	0.05194508075714111	bos_eos
seed_44	6_3_anc_omit_P	33_6_3_anc_omit_P	fig:heatmap-33-anc-omit-p	6.3 ANC omitted P	09_sov_gn_er_b_pa	sov	gn	erg-abs	balancing	poss-acc	sov	SV	APV	100	0.55	0	0.0	-0.05654640197753906	bos_eos
seed_44	6_3_anc_omit_P	33_6_3_anc_omit_P	fig:heatmap-33-anc-omit-p	6.3 ANC omitted P	10_sov_gn_er_b_ep	sov	gn	erg-abs	balancing	erg-poss	sov	SV	APV	100	0.31	0	0.0	-0.518329815864563	bos_eos
seed_44	6_3_anc_omit_P	33_6_3_anc_omit_P	fig:heatmap-33-anc-omit-p	6.3 ANC omitted P	11_sov_gn_er_b_no	sov	gn	erg-abs	balancing	nomn	sov	SV	APV	100	0.59	0	0.0	0.04046756505966186	bos_eos
seed_44	6_3_anc_omit_P	33_6_3_anc_omit_P	fig:heatmap-33-anc-omit-p	6.3 ANC omitted P	12_sov_gn_er_d_se	sov	gn	erg-abs	deranking	sent	sov	SV	APV	100	0.91	0	0.0	0.846937575340271	bos_eos
seed_44	6_3_anc_omit_P	33_6_3_anc_omit_P	fig:heatmap-33-anc-omit-p	6.3 ANC omitted P	13_sov_gn_er_d_pa	sov	gn	erg-abs	deranking	poss-acc	sov	SV	APV	100	0.81	0	0.0	0.7939741587638856	bos_eos
seed_44	6_3_anc_omit_P	33_6_3_anc_omit_P	fig:heatmap-33-anc-omit-p	6.3 ANC omitted P	14_sov_gn_er_d_ep	sov	gn	erg-abs	deranking	erg-poss	sov	SV	APV	100	0.69	0	0.0	0.255928065776825	bos_eos
seed_44	6_3_anc_omit_P	33_6_3_anc_omit_P	fig:heatmap-33-anc-omit-p	6.3 ANC omitted P	15_sov_gn_er_d_no	sov	gn	erg-abs	deranking	nomn	sov	SV	APV	100	0.75	0	0.0	0.6514946579933166	bos_eos
seed_44	6_3_anc_omit_P	33_6_3_anc_omit_P	fig:heatmap-33-anc-omit-p	6.3 ANC omitted P	16_sov_ng_ac_b_se	sov	ng	nom-acc	balancing	sent	sov	SV	APV	100	0.8	0	0.0	0.7796017360687256	bos_eos
seed_44	6_3_anc_omit_P	33_6_3_anc_omit_P	fig:heatmap-33-anc-omit-p	6.3 ANC omitted P	17_sov_ng_ac_b_pa	sov	ng	nom-acc	balancing	poss-acc	ovs	VS	PVA	100	1.0	0	0.0	2.8602660274505616	bos_eos
seed_44	6_3_anc_omit_P	33_6_3_anc_omit_P	fig:heatmap-33-anc-omit-p	6.3 ANC omitted P	18_sov_ng_ac_b_ep	sov	ng	nom-acc	balancing	erg-poss	vos	VS	AVP	100	0.75	0	0.0	0.7179633951187134	bos_eos
seed_44	6_3_anc_omit_P	33_6_3_anc_omit_P	fig:heatmap-33-anc-omit-p	6.3 ANC omitted P	19_sov_ng_ac_b_no	sov	ng	nom-acc	balancing	nomn	ovs	VS	PVA	100	1.0	0	0.0	3.1354108572006227	bos_eos
seed_44	6_3_anc_omit_P	33_6_3_anc_omit_P	fig:heatmap-33-anc-omit-p	6.3 ANC omitted P	20_sov_ng_ac_d_se	sov	ng	nom-acc	deranking	sent	sov	SV	APV	100	0.99	0	0.0	2.347449822425842	bos_eos
seed_44	6_3_anc_omit_P	33_6_3_anc_omit_P	fig:heatmap-33-anc-omit-p	6.3 ANC omitted P	21_sov_ng_ac_d_pa	sov	ng	nom-acc	deranking	poss-acc	ovs	VS	PVA	100	1.0	0	0.0	3.125375497341156	bos_eos
seed_44	6_3_anc_omit_P	33_6_3_anc_omit_P	fig:heatmap-33-anc-omit-p	6.3 ANC omitted P	22_sov_ng_ac_d_ep	sov	ng	nom-acc	deranking	erg-poss	vos	VS	AVP	100	0.99	0	0.0	2.2865724754333496	bos_eos
seed_44	6_3_anc_omit_P	33_6_3_anc_omit_P	fig:heatmap-33-anc-omit-p	6.3 ANC omitted P	23_sov_ng_ac_d_no	sov	ng	nom-acc	deranking	nomn	ovs	VS	PVA	100	1.0	0	0.0	3.1716254258155825	bos_eos
seed_44	6_3_anc_omit_P	33_6_3_anc_omit_P	fig:heatmap-33-anc-omit-p	6.3 ANC omitted P	24_sov_ng_er_b_se	sov	ng	erg-abs	balancing	sent	sov	SV	APV	100	0.58	0	0.0	-0.04748396635055542	bos_eos
seed_44	6_3_anc_omit_P	33_6_3_anc_omit_P	fig:heatmap-33-anc-omit-p	6.3 ANC omitted P	25_sov_ng_er_b_pa	sov	ng	erg-abs	balancing	poss-acc	ovs	VS	PVA	100	0.85	0	0.0	0.9291856265068055	bos_eos
seed_44	6_3_anc_omit_P	33_6_3_anc_omit_P	fig:heatmap-33-anc-omit-p	6.3 ANC omitted P	26_sov_ng_er_b_ep	sov	ng	erg-abs	balancing	erg-poss	vos	VS	AVP	100	0.17	0	0.0	-0.6953481554985046	bos_eos
seed_44	6_3_anc_omit_P	33_6_3_anc_omit_P	fig:heatmap-33-anc-omit-p	6.3 ANC omitted P	27_sov_ng_er_b_no	sov	ng	erg-abs	balancing	nomn	ovs	VS	PVA	100	0.93	0	0.0	1.1012027382850647	bos_eos
seed_44	6_3_anc_omit_P	33_6_3_anc_omit_P	fig:heatmap-33-anc-omit-p	6.3 ANC omitted P	28_sov_ng_er_d_se	sov	ng	erg-abs	deranking	sent	sov	SV	APV	100	0.94	0	0.0	0.9585453176498413	bos_eos
seed_44	6_3_anc_omit_P	33_6_3_anc_omit_P	fig:heatmap-33-anc-omit-p	6.3 ANC omitted P	29_sov_ng_er_d_pa	sov	ng	erg-abs	deranking	poss-acc	ovs	VS	PVA	100	0.83	0	0.0	0.8565446901321411	bos_eos
seed_44	6_3_anc_omit_P	33_6_3_anc_omit_P	fig:heatmap-33-anc-omit-p	6.3 ANC omitted P	30_sov_ng_er_d_ep	sov	ng	erg-abs	deranking	erg-poss	vos	VS	AVP	100	0.55	0	0.0	0.005721549987792968	bos_eos
seed_44	6_3_anc_omit_P	33_6_3_anc_omit_P	fig:heatmap-33-anc-omit-p	6.3 ANC omitted P	31_sov_ng_er_d_no	sov	ng	erg-abs	deranking	nomn	ovs	VS	PVA	100	0.88	0	0.0	0.9854687428474427	bos_eos
seed_44	6_3_anc_omit_P	33_6_3_anc_omit_P	fig:heatmap-33-anc-omit-p	6.3 ANC omitted P	32_svo_gn_ac_b_se	svo	gn	nom-acc	balancing	sent	svo	SV	AVP	100	0.71	0	0.0	0.49900907278060913	bos_eos
seed_44	6_3_anc_omit_P	33_6_3_anc_omit_P	fig:heatmap-33-anc-omit-p	6.3 ANC omitted P	33_svo_gn_ac_b_pa	svo	gn	nom-acc	balancing	poss-acc	svo	SV	AVP	100	0.94	0	0.0	1.2257688546180725	bos_eos
seed_44	6_3_anc_omit_P	33_6_3_anc_omit_P	fig:heatmap-33-anc-omit-p	6.3 ANC omitted P	34_svo_gn_ac_b_ep	svo	gn	nom-acc	balancing	erg-poss	sov	SV	PVA	100	0.99	0	0.0	2.617556869983673	bos_eos
seed_44	6_3_anc_omit_P	33_6_3_anc_omit_P	fig:heatmap-33-anc-omit-p	6.3 ANC omitted P	35_svo_gn_ac_b_no	svo	gn	nom-acc	balancing	nomn	svo	SV	AVP	100	0.94	0	0.0	1.2762422132492066	bos_eos
seed_44	6_3_anc_omit_P	33_6_3_anc_omit_P	fig:heatmap-33-anc-omit-p	6.3 ANC omitted P	36_svo_gn_ac_d_se	svo	gn	nom-acc	deranking	sent	svo	SV	AVP	100	0.99	0	0.0	1.4282998728752136	bos_eos
seed_44	6_3_anc_omit_P	33_6_3_anc_omit_P	fig:heatmap-33-anc-omit-p	6.3 ANC omitted P	37_svo_gn_ac_d_pa	svo	gn	nom-acc	deranking	poss-acc	svo	SV	AVP	100	1.0	0	0.0	2.0560570478439333	bos_eos
seed_44	6_3_anc_omit_P	33_6_3_anc_omit_P	fig:heatmap-33-anc-omit-p	6.3 ANC omitted P	38_svo_gn_ac_d_ep	svo	gn	nom-acc	deranking	erg-poss	sov	SV	PVA	100	0.99	0	0.0	2.5861746740341185	bos_eos
seed_44	6_3_anc_omit_P	33_6_3_anc_omit_P	fig:heatmap-33-anc-omit-p	6.3 ANC omitted P	39_svo_gn_ac_d_no	svo	gn	nom-acc	deranking	nomn	svo	SV	AVP	100	1.0	0	0.0	2.0981990242004396	bos_eos
seed_44	6_3_anc_omit_P	33_6_3_anc_omit_P	fig:heatmap-33-anc-omit-p	6.3 ANC omitted P	40_svo_gn_er_b_se	svo	gn	erg-abs	balancing	sent	svo	SV	AVP	100	0.66	0	0.0	0.2542045426368713	bos_eos
seed_44	6_3_anc_omit_P	33_6_3_anc_omit_P	fig:heatmap-33-anc-omit-p	6.3 ANC omitted P	41_svo_gn_er_b_pa	svo	gn	erg-abs	balancing	poss-acc	svo	SV	AVP	100	0.8	0	0.0	0.6574099612236023	bos_eos
seed_44	6_3_anc_omit_P	33_6_3_anc_omit_P	fig:heatmap-33-anc-omit-p	6.3 ANC omitted P	42_svo_gn_er_b_ep	svo	gn	erg-abs	balancing	erg-poss	sov	SV	PVA	100	0.53	0	0.0	0.11625056743621826	bos_eos
seed_44	6_3_anc_omit_P	33_6_3_anc_omit_P	fig:heatmap-33-anc-omit-p	6.3 ANC omitted P	43_svo_gn_er_b_no	svo	gn	erg-abs	balancing	nomn	svo	SV	AVP	100	0.74	0	0.0	0.5508351635932922	bos_eos
seed_44	6_3_anc_omit_P	33_6_3_anc_omit_P	fig:heatmap-33-anc-omit-p	6.3 ANC omitted P	44_svo_gn_er_d_se	svo	gn	erg-abs	deranking	sent	svo	SV	AVP	100	0.93	0	0.0	0.7469028210639954	bos_eos
seed_44	6_3_anc_omit_P	33_6_3_anc_omit_P	fig:heatmap-33-anc-omit-p	6.3 ANC omitted P	45_svo_gn_er_d_pa	svo	gn	erg-abs	deranking	poss-acc	svo	SV	AVP	100	0.87	0	0.0	0.8149195742607117	bos_eos
seed_44	6_3_anc_omit_P	33_6_3_anc_omit_P	fig:heatmap-33-anc-omit-p	6.3 ANC omitted P	46_svo_gn_er_d_ep	svo	gn	erg-abs	deranking	erg-poss	sov	SV	PVA	100	0.54	0	0.0	0.13025640964508056	bos_eos
seed_44	6_3_anc_omit_P	33_6_3_anc_omit_P	fig:heatmap-33-anc-omit-p	6.3 ANC omitted P	47_svo_gn_er_d_no	svo	gn	erg-abs	deranking	nomn	svo	SV	AVP	100	0.92	0	0.0	0.9530277299880981	bos_eos
seed_44	6_3_anc_omit_P	33_6_3_anc_omit_P	fig:heatmap-33-anc-omit-p	6.3 ANC omitted P	48_svo_ng_ac_b_se	svo	ng	nom-acc	balancing	sent	svo	SV	AVP	100	0.67	0	0.0	0.4821031904220581	bos_eos
seed_44	6_3_anc_omit_P	33_6_3_anc_omit_P	fig:heatmap-33-anc-omit-p	6.3 ANC omitted P	49_svo_ng_ac_b_pa	svo	ng	nom-acc	balancing	poss-acc	vos	VS	VPA	100	1.0	0	0.0	3.522154138088226	bos_eos
seed_44	6_3_anc_omit_P	33_6_3_anc_omit_P	fig:heatmap-33-anc-omit-p	6.3 ANC omitted P	50_svo_ng_ac_b_ep	svo	ng	nom-acc	balancing	erg-poss	vos	VS	VPA	100	1.0	0	0.0	3.066874077320099	bos_eos
seed_44	6_3_anc_omit_P	33_6_3_anc_omit_P	fig:heatmap-33-anc-omit-p	6.3 ANC omitted P	51_svo_ng_ac_b_no	svo	ng	nom-acc	balancing	nomn	vos	VS	VPA	100	1.0	0	0.0	3.5280863356590273	bos_eos
seed_44	6_3_anc_omit_P	33_6_3_anc_omit_P	fig:heatmap-33-anc-omit-p	6.3 ANC omitted P	52_svo_ng_ac_d_se	svo	ng	nom-acc	deranking	sent	svo	SV	AVP	100	0.96	0	0.0	1.444645402431488	bos_eos
seed_44	6_3_anc_omit_P	33_6_3_anc_omit_P	fig:heatmap-33-anc-omit-p	6.3 ANC omitted P	53_svo_ng_ac_d_pa	svo	ng	nom-acc	deranking	poss-acc	vos	VS	VPA	100	1.0	0	0.0	3.55935738325119	bos_eos
seed_44	6_3_anc_omit_P	33_6_3_anc_omit_P	fig:heatmap-33-anc-omit-p	6.3 ANC omitted P	54_svo_ng_ac_d_ep	svo	ng	nom-acc	deranking	erg-poss	vos	VS	VPA	100	1.0	0	0.0	2.9173689484596252	bos_eos
seed_44	6_3_anc_omit_P	33_6_3_anc_omit_P	fig:heatmap-33-anc-omit-p	6.3 ANC omitted P	55_svo_ng_ac_d_no	svo	ng	nom-acc	deranking	nomn	vos	VS	VPA	100	1.0	0	0.0	3.3285151863098146	bos_eos
seed_44	6_3_anc_omit_P	33_6_3_anc_omit_P	fig:heatmap-33-anc-omit-p	6.3 ANC omitted P	56_svo_ng_er_b_se	svo	ng	erg-abs	balancing	sent	svo	SV	AVP	100	0.6	0	0.0	0.07131668329238891	bos_eos
seed_44	6_3_anc_omit_P	33_6_3_anc_omit_P	fig:heatmap-33-anc-omit-p	6.3 ANC omitted P	57_svo_ng_er_b_pa	svo	ng	erg-abs	balancing	poss-acc	vos	VS	VPA	100	0.95	0	0.0	1.1195594382286072	bos_eos
seed_44	6_3_anc_omit_P	33_6_3_anc_omit_P	fig:heatmap-33-anc-omit-p	6.3 ANC omitted P	58_svo_ng_er_b_ep	svo	ng	erg-abs	balancing	erg-poss	vos	VS	VPA	100	0.83	0	0.0	0.642789101600647	bos_eos
seed_44	6_3_anc_omit_P	33_6_3_anc_omit_P	fig:heatmap-33-anc-omit-p	6.3 ANC omitted P	59_svo_ng_er_b_no	svo	ng	erg-abs	balancing	nomn	vos	VS	VPA	100	0.93	0	0.0	1.1077421259880067	bos_eos
seed_44	6_3_anc_omit_P	33_6_3_anc_omit_P	fig:heatmap-33-anc-omit-p	6.3 ANC omitted P	60_svo_ng_er_d_se	svo	ng	erg-abs	deranking	sent	svo	SV	AVP	100	0.93	0	0.0	0.7533359217643738	bos_eos
seed_44	6_3_anc_omit_P	33_6_3_anc_omit_P	fig:heatmap-33-anc-omit-p	6.3 ANC omitted P	61_svo_ng_er_d_pa	svo	ng	erg-abs	deranking	poss-acc	vos	VS	VPA	100	0.91	0	0.0	0.9123491215705871	bos_eos
seed_44	6_3_anc_omit_P	33_6_3_anc_omit_P	fig:heatmap-33-anc-omit-p	6.3 ANC omitted P	62_svo_ng_er_d_ep	svo	ng	erg-abs	deranking	erg-poss	vos	VS	VPA	100	0.62	0	0.0	0.23382701873779296	bos_eos
seed_44	6_3_anc_omit_P	33_6_3_anc_omit_P	fig:heatmap-33-anc-omit-p	6.3 ANC omitted P	63_svo_ng_er_d_no	svo	ng	erg-abs	deranking	nomn	vos	VS	VPA	100	0.99	0	0.0	1.1824765849113463	bos_eos
seed_44	6_3_anc_omit_P	33_6_3_anc_omit_P	fig:heatmap-33-anc-omit-p	6.3 ANC omitted P	64_vos_gn_ac_b_se	vos	gn	nom-acc	balancing	sent	vos	VS	VPA	100	0.7	0	0.0	0.49488569259643556	bos_eos
seed_44	6_3_anc_omit_P	33_6_3_anc_omit_P	fig:heatmap-33-anc-omit-p	6.3 ANC omitted P	65_vos_gn_ac_b_pa	vos	gn	nom-acc	balancing	poss-acc	svo	SV	AVP	100	1.0	0	0.0	2.5029478073120117	bos_eos
seed_44	6_3_anc_omit_P	33_6_3_anc_omit_P	fig:heatmap-33-anc-omit-p	6.3 ANC omitted P	66_vos_gn_ac_b_ep	vos	gn	nom-acc	balancing	erg-poss	sov	SV	PVA	100	0.74	0	0.0	0.7302709412574768	bos_eos
seed_44	6_3_anc_omit_P	33_6_3_anc_omit_P	fig:heatmap-33-anc-omit-p	6.3 ANC omitted P	67_vos_gn_ac_b_no	vos	gn	nom-acc	balancing	nomn	svo	SV	AVP	100	0.99	0	0.0	2.5343640279769897	bos_eos
seed_44	6_3_anc_omit_P	33_6_3_anc_omit_P	fig:heatmap-33-anc-omit-p	6.3 ANC omitted P	68_vos_gn_ac_d_se	vos	gn	nom-acc	deranking	sent	vos	VS	VPA	100	1.0	0	0.0	3.1489174461364744	bos_eos
seed_44	6_3_anc_omit_P	33_6_3_anc_omit_P	fig:heatmap-33-anc-omit-p	6.3 ANC omitted P	69_vos_gn_ac_d_pa	vos	gn	nom-acc	deranking	poss-acc	svo	SV	AVP	100	1.0	0	0.0	3.7224078011512756	bos_eos
seed_44	6_3_anc_omit_P	33_6_3_anc_omit_P	fig:heatmap-33-anc-omit-p	6.3 ANC omitted P	70_vos_gn_ac_d_ep	vos	gn	nom-acc	deranking	erg-poss	sov	SV	PVA	100	1.0	0	0.0	3.055933723449707	bos_eos
seed_44	6_3_anc_omit_P	33_6_3_anc_omit_P	fig:heatmap-33-anc-omit-p	6.3 ANC omitted P	71_vos_gn_ac_d_no	vos	gn	nom-acc	deranking	nomn	svo	SV	AVP	100	1.0	0	0.0	3.6287384533882143	bos_eos
seed_44	6_3_anc_omit_P	33_6_3_anc_omit_P	fig:heatmap-33-anc-omit-p	6.3 ANC omitted P	72_vos_gn_er_b_se	vos	gn	erg-abs	balancing	sent	vos	VS	VPA	100	0.44	0	0.0	-0.07917654037475585	bos_eos
seed_44	6_3_anc_omit_P	33_6_3_anc_omit_P	fig:heatmap-33-anc-omit-p	6.3 ANC omitted P	73_vos_gn_er_b_pa	vos	gn	erg-abs	balancing	poss-acc	svo	SV	AVP	100	0.96	0	0.0	1.7170543241500855	bos_eos
seed_44	6_3_anc_omit_P	33_6_3_anc_omit_P	fig:heatmap-33-anc-omit-p	6.3 ANC omitted P	74_vos_gn_er_b_ep	vos	gn	erg-abs	balancing	erg-poss	sov	SV	PVA	100	0.31	0	0.0	-0.4727013111114502	bos_eos
seed_44	6_3_anc_omit_P	33_6_3_anc_omit_P	fig:heatmap-33-anc-omit-p	6.3 ANC omitted P	75_vos_gn_er_b_no	vos	gn	erg-abs	balancing	nomn	svo	SV	AVP	100	0.98	0	0.0	1.8728086972236633	bos_eos
seed_44	6_3_anc_omit_P	33_6_3_anc_omit_P	fig:heatmap-33-anc-omit-p	6.3 ANC omitted P	76_vos_gn_er_d_se	vos	gn	erg-abs	deranking	sent	vos	VS	VPA	100	1.0	0	0.0	1.4526944136619568	bos_eos
seed_44	6_3_anc_omit_P	33_6_3_anc_omit_P	fig:heatmap-33-anc-omit-p	6.3 ANC omitted P	77_vos_gn_er_d_pa	vos	gn	erg-abs	deranking	poss-acc	svo	SV	AVP	100	0.99	0	0.0	1.9390751886367799	bos_eos
seed_44	6_3_anc_omit_P	33_6_3_anc_omit_P	fig:heatmap-33-anc-omit-p	6.3 ANC omitted P	78_vos_gn_er_d_ep	vos	gn	erg-abs	deranking	erg-poss	sov	SV	PVA	100	0.86	0	0.0	0.7911999368667603	bos_eos
seed_44	6_3_anc_omit_P	33_6_3_anc_omit_P	fig:heatmap-33-anc-omit-p	6.3 ANC omitted P	79_vos_gn_er_d_no	vos	gn	erg-abs	deranking	nomn	svo	SV	AVP	100	0.99	0	0.0	2.0048703503608705	bos_eos
seed_44	6_3_anc_omit_P	33_6_3_anc_omit_P	fig:heatmap-33-anc-omit-p	6.3 ANC omitted P	80_vos_ng_ac_b_se	vos	ng	nom-acc	balancing	sent	vos	VS	VPA	100	0.76	0	0.0	0.6484862780570984	bos_eos
seed_44	6_3_anc_omit_P	33_6_3_anc_omit_P	fig:heatmap-33-anc-omit-p	6.3 ANC omitted P	81_vos_ng_ac_b_pa	vos	ng	nom-acc	balancing	poss-acc	vos	VS	VPA	100	0.93	0	0.0	1.2494223737716674	bos_eos
seed_44	6_3_anc_omit_P	33_6_3_anc_omit_P	fig:heatmap-33-anc-omit-p	6.3 ANC omitted P	82_vos_ng_ac_b_ep	vos	ng	nom-acc	balancing	erg-poss	vos	VS	VPA	100	0.8	0	0.0	0.808823082447052	bos_eos
seed_44	6_3_anc_omit_P	33_6_3_anc_omit_P	fig:heatmap-33-anc-omit-p	6.3 ANC omitted P	83_vos_ng_ac_b_no	vos	ng	nom-acc	balancing	nomn	vos	VS	VPA	100	0.92	0	0.0	1.245020055770874	bos_eos
seed_44	6_3_anc_omit_P	33_6_3_anc_omit_P	fig:heatmap-33-anc-omit-p	6.3 ANC omitted P	84_vos_ng_ac_d_se	vos	ng	nom-acc	deranking	sent	vos	VS	VPA	100	1.0	0	0.0	2.8902619242668153	bos_eos
seed_44	6_3_anc_omit_P	33_6_3_anc_omit_P	fig:heatmap-33-anc-omit-p	6.3 ANC omitted P	85_vos_ng_ac_d_pa	vos	ng	nom-acc	deranking	poss-acc	vos	VS	VPA	100	1.0	0	0.0	3.459259719848633	bos_eos
seed_44	6_3_anc_omit_P	33_6_3_anc_omit_P	fig:heatmap-33-anc-omit-p	6.3 ANC omitted P	86_vos_ng_ac_d_ep	vos	ng	nom-acc	deranking	erg-poss	vos	VS	VPA	100	1.0	0	0.0	3.0213132381439207	bos_eos
seed_44	6_3_anc_omit_P	33_6_3_anc_omit_P	fig:heatmap-33-anc-omit-p	6.3 ANC omitted P	87_vos_ng_ac_d_no	vos	ng	nom-acc	deranking	nomn	vos	VS	VPA	100	1.0	0	0.0	3.340794816017151	bos_eos
seed_44	6_3_anc_omit_P	33_6_3_anc_omit_P	fig:heatmap-33-anc-omit-p	6.3 ANC omitted P	88_vos_ng_er_b_se	vos	ng	erg-abs	balancing	sent	vos	VS	VPA	100	0.52	0	0.0	0.03350754737854004	bos_eos
seed_44	6_3_anc_omit_P	33_6_3_anc_omit_P	fig:heatmap-33-anc-omit-p	6.3 ANC omitted P	89_vos_ng_er_b_pa	vos	ng	erg-abs	balancing	poss-acc	vos	VS	VPA	100	0.52	0	0.0	0.046893224716186524	bos_eos
seed_44	6_3_anc_omit_P	33_6_3_anc_omit_P	fig:heatmap-33-anc-omit-p	6.3 ANC omitted P	90_vos_ng_er_b_ep	vos	ng	erg-abs	balancing	erg-poss	vos	VS	VPA	100	0.34	0	0.0	-0.36041529893875124	bos_eos
seed_44	6_3_anc_omit_P	33_6_3_anc_omit_P	fig:heatmap-33-anc-omit-p	6.3 ANC omitted P	91_vos_ng_er_b_no	vos	ng	erg-abs	balancing	nomn	vos	VS	VPA	100	0.64	0	0.0	0.17570566177368163	bos_eos
seed_44	6_3_anc_omit_P	33_6_3_anc_omit_P	fig:heatmap-33-anc-omit-p	6.3 ANC omitted P	92_vos_ng_er_d_se	vos	ng	erg-abs	deranking	sent	vos	VS	VPA	100	1.0	0	0.0	1.222608482837677	bos_eos
seed_44	6_3_anc_omit_P	33_6_3_anc_omit_P	fig:heatmap-33-anc-omit-p	6.3 ANC omitted P	93_vos_ng_er_d_pa	vos	ng	erg-abs	deranking	poss-acc	vos	VS	VPA	100	0.96	0	0.0	1.0069426012039184	bos_eos
seed_44	6_3_anc_omit_P	33_6_3_anc_omit_P	fig:heatmap-33-anc-omit-p	6.3 ANC omitted P	94_vos_ng_er_d_ep	vos	ng	erg-abs	deranking	erg-poss	vos	VS	VPA	100	0.87	0	0.0	0.7290969920158387	bos_eos
seed_44	6_3_anc_omit_P	33_6_3_anc_omit_P	fig:heatmap-33-anc-omit-p	6.3 ANC omitted P	95_vos_ng_er_d_no	vos	ng	erg-abs	deranking	nomn	vos	VS	VPA	100	0.94	0	0.0	1.0372006726264953	bos_eos
seed_44	6_4_anc_omit_A_P	34_6_4_anc_omit_A_P	fig:heatmap-34-anc-omit-a-p	6.4 ANC omitted A+P	00_sov_gn_ac_b_se	sov	gn	nom-acc	balancing	sent	sov	SV	APV	100	0.9	0	0.0	1.72780907869339	bos_eos
seed_44	6_4_anc_omit_A_P	34_6_4_anc_omit_A_P	fig:heatmap-34-anc-omit-a-p	6.4 ANC omitted A+P	01_sov_gn_ac_b_pa	sov	gn	nom-acc	balancing	poss-acc	sov	SV	APV	100	0.93	0	0.0	1.8467669248580934	bos_eos
seed_44	6_4_anc_omit_A_P	34_6_4_anc_omit_A_P	fig:heatmap-34-anc-omit-a-p	6.4 ANC omitted A+P	02_sov_gn_ac_b_ep	sov	gn	nom-acc	balancing	erg-poss	sov	SV	APV	100	0.92	0	0.0	1.7114790630340577	bos_eos
seed_44	6_4_anc_omit_A_P	34_6_4_anc_omit_A_P	fig:heatmap-34-anc-omit-a-p	6.4 ANC omitted A+P	03_sov_gn_ac_b_no	sov	gn	nom-acc	balancing	nomn	sov	SV	APV	100	0.95	0	0.0	2.065102972984314	bos_eos
seed_44	6_4_anc_omit_A_P	34_6_4_anc_omit_A_P	fig:heatmap-34-anc-omit-a-p	6.4 ANC omitted A+P	04_sov_gn_ac_d_se	sov	gn	nom-acc	deranking	sent	sov	SV	APV	100	1.0	0	0.0	2.553430197238922	bos_eos
seed_44	6_4_anc_omit_A_P	34_6_4_anc_omit_A_P	fig:heatmap-34-anc-omit-a-p	6.4 ANC omitted A+P	05_sov_gn_ac_d_pa	sov	gn	nom-acc	deranking	poss-acc	sov	SV	APV	100	1.0	0	0.0	2.607415163516998	bos_eos
seed_44	6_4_anc_omit_A_P	34_6_4_anc_omit_A_P	fig:heatmap-34-anc-omit-a-p	6.4 ANC omitted A+P	06_sov_gn_ac_d_ep	sov	gn	nom-acc	deranking	erg-poss	sov	SV	APV	100	1.0	0	0.0	2.4454619979858396	bos_eos
seed_44	6_4_anc_omit_A_P	34_6_4_anc_omit_A_P	fig:heatmap-34-anc-omit-a-p	6.4 ANC omitted A+P	07_sov_gn_ac_d_no	sov	gn	nom-acc	deranking	nomn	sov	SV	APV	100	1.0	0	0.0	2.8572296833992006	bos_eos
seed_44	6_4_anc_omit_A_P	34_6_4_anc_omit_A_P	fig:heatmap-34-anc-omit-a-p	6.4 ANC omitted A+P	08_sov_gn_er_b_se	sov	gn	erg-abs	balancing	sent	sov	SV	APV	100	0.76	0	0.0	0.6062481284141541	bos_eos
seed_44	6_4_anc_omit_A_P	34_6_4_anc_omit_A_P	fig:heatmap-34-anc-omit-a-p	6.4 ANC omitted A+P	09_sov_gn_er_b_pa	sov	gn	erg-abs	balancing	poss-acc	sov	SV	APV	100	0.77	0	0.0	0.5624281811714172	bos_eos
seed_44	6_4_anc_omit_A_P	34_6_4_anc_omit_A_P	fig:heatmap-34-anc-omit-a-p	6.4 ANC omitted A+P	10_sov_gn_er_b_ep	sov	gn	erg-abs	balancing	erg-poss	sov	SV	APV	100	0.76	0	0.0	0.6485419654846192	bos_eos
seed_44	6_4_anc_omit_A_P	34_6_4_anc_omit_A_P	fig:heatmap-34-anc-omit-a-p	6.4 ANC omitted A+P	11_sov_gn_er_b_no	sov	gn	erg-abs	balancing	nomn	sov	SV	APV	100	0.77	0	0.0	0.6015512490272522	bos_eos
seed_44	6_4_anc_omit_A_P	34_6_4_anc_omit_A_P	fig:heatmap-34-anc-omit-a-p	6.4 ANC omitted A+P	12_sov_gn_er_d_se	sov	gn	erg-abs	deranking	sent	sov	SV	APV	100	0.89	0	0.0	0.8527293729782105	bos_eos
seed_44	6_4_anc_omit_A_P	34_6_4_anc_omit_A_P	fig:heatmap-34-anc-omit-a-p	6.4 ANC omitted A+P	13_sov_gn_er_d_pa	sov	gn	erg-abs	deranking	poss-acc	sov	SV	APV	100	0.88	0	0.0	1.0403920602798462	bos_eos
seed_44	6_4_anc_omit_A_P	34_6_4_anc_omit_A_P	fig:heatmap-34-anc-omit-a-p	6.4 ANC omitted A+P	14_sov_gn_er_d_ep	sov	gn	erg-abs	deranking	erg-poss	sov	SV	APV	100	0.84	0	0.0	0.8361908364295959	bos_eos
seed_44	6_4_anc_omit_A_P	34_6_4_anc_omit_A_P	fig:heatmap-34-anc-omit-a-p	6.4 ANC omitted A+P	15_sov_gn_er_d_no	sov	gn	erg-abs	deranking	nomn	sov	SV	APV	100	0.89	0	0.0	0.9838438701629638	bos_eos
seed_44	6_4_anc_omit_A_P	34_6_4_anc_omit_A_P	fig:heatmap-34-anc-omit-a-p	6.4 ANC omitted A+P	16_sov_ng_ac_b_se	sov	ng	nom-acc	balancing	sent	sov	SV	APV	100	0.93	0	0.0	2.0189486813545225	bos_eos
seed_44	6_4_anc_omit_A_P	34_6_4_anc_omit_A_P	fig:heatmap-34-anc-omit-a-p	6.4 ANC omitted A+P	17_sov_ng_ac_b_pa	sov	ng	nom-acc	balancing	poss-acc	ovs	VS	PVA	100	0.93	0	0.0	1.8343514943122863	bos_eos
seed_44	6_4_anc_omit_A_P	34_6_4_anc_omit_A_P	fig:heatmap-34-anc-omit-a-p	6.4 ANC omitted A+P	18_sov_ng_ac_b_ep	sov	ng	nom-acc	balancing	erg-poss	vos	VS	AVP	100	0.93	0	0.0	1.84076363325119	bos_eos
seed_44	6_4_anc_omit_A_P	34_6_4_anc_omit_A_P	fig:heatmap-34-anc-omit-a-p	6.4 ANC omitted A+P	19_sov_ng_ac_b_no	sov	ng	nom-acc	balancing	nomn	ovs	VS	PVA	100	0.95	0	0.0	2.020458199977875	bos_eos
seed_44	6_4_anc_omit_A_P	34_6_4_anc_omit_A_P	fig:heatmap-34-anc-omit-a-p	6.4 ANC omitted A+P	20_sov_ng_ac_d_se	sov	ng	nom-acc	deranking	sent	sov	SV	APV	100	1.0	0	0.0	2.5273488402366637	bos_eos
seed_44	6_4_anc_omit_A_P	34_6_4_anc_omit_A_P	fig:heatmap-34-anc-omit-a-p	6.4 ANC omitted A+P	21_sov_ng_ac_d_pa	sov	ng	nom-acc	deranking	poss-acc	ovs	VS	PVA	100	1.0	0	0.0	2.4888046050071715	bos_eos
seed_44	6_4_anc_omit_A_P	34_6_4_anc_omit_A_P	fig:heatmap-34-anc-omit-a-p	6.4 ANC omitted A+P	22_sov_ng_ac_d_ep	sov	ng	nom-acc	deranking	erg-poss	vos	VS	AVP	100	1.0	0	0.0	2.645712695121765	bos_eos
seed_44	6_4_anc_omit_A_P	34_6_4_anc_omit_A_P	fig:heatmap-34-anc-omit-a-p	6.4 ANC omitted A+P	23_sov_ng_ac_d_no	sov	ng	nom-acc	deranking	nomn	ovs	VS	PVA	100	1.0	0	0.0	2.7323383498191833	bos_eos
seed_44	6_4_anc_omit_A_P	34_6_4_anc_omit_A_P	fig:heatmap-34-anc-omit-a-p	6.4 ANC omitted A+P	24_sov_ng_er_b_se	sov	ng	erg-abs	balancing	sent	sov	SV	APV	100	0.77	0	0.0	0.5562024784088134	bos_eos
seed_44	6_4_anc_omit_A_P	34_6_4_anc_omit_A_P	fig:heatmap-34-anc-omit-a-p	6.4 ANC omitted A+P	25_sov_ng_er_b_pa	sov	ng	erg-abs	balancing	poss-acc	ovs	VS	PVA	100	0.73	0	0.0	0.46375800371170045	bos_eos
seed_44	6_4_anc_omit_A_P	34_6_4_anc_omit_A_P	fig:heatmap-34-anc-omit-a-p	6.4 ANC omitted A+P	26_sov_ng_er_b_ep	sov	ng	erg-abs	balancing	erg-poss	vos	VS	AVP	100	0.76	0	0.0	0.5562875247001648	bos_eos
seed_44	6_4_anc_omit_A_P	34_6_4_anc_omit_A_P	fig:heatmap-34-anc-omit-a-p	6.4 ANC omitted A+P	27_sov_ng_er_b_no	sov	ng	erg-abs	balancing	nomn	ovs	VS	PVA	100	0.72	0	0.0	0.5244285750389099	bos_eos
seed_44	6_4_anc_omit_A_P	34_6_4_anc_omit_A_P	fig:heatmap-34-anc-omit-a-p	6.4 ANC omitted A+P	28_sov_ng_er_d_se	sov	ng	erg-abs	deranking	sent	sov	SV	APV	100	0.93	0	0.0	0.9757102274894714	bos_eos
seed_44	6_4_anc_omit_A_P	34_6_4_anc_omit_A_P	fig:heatmap-34-anc-omit-a-p	6.4 ANC omitted A+P	29_sov_ng_er_d_pa	sov	ng	erg-abs	deranking	poss-acc	ovs	VS	PVA	100	0.84	0	0.0	0.994886224269867	bos_eos
seed_44	6_4_anc_omit_A_P	34_6_4_anc_omit_A_P	fig:heatmap-34-anc-omit-a-p	6.4 ANC omitted A+P	30_sov_ng_er_d_ep	sov	ng	erg-abs	deranking	erg-poss	vos	VS	AVP	100	0.93	0	0.0	0.9170038127899169	bos_eos
seed_44	6_4_anc_omit_A_P	34_6_4_anc_omit_A_P	fig:heatmap-34-anc-omit-a-p	6.4 ANC omitted A+P	31_sov_ng_er_d_no	sov	ng	erg-abs	deranking	nomn	ovs	VS	PVA	100	0.89	0	0.0	0.9175400924682617	bos_eos
seed_44	6_4_anc_omit_A_P	34_6_4_anc_omit_A_P	fig:heatmap-34-anc-omit-a-p	6.4 ANC omitted A+P	32_svo_gn_ac_b_se	svo	gn	nom-acc	balancing	sent	svo	SV	AVP	100	1.0	0	0.0	2.043494374752045	bos_eos
seed_44	6_4_anc_omit_A_P	34_6_4_anc_omit_A_P	fig:heatmap-34-anc-omit-a-p	6.4 ANC omitted A+P	33_svo_gn_ac_b_pa	svo	gn	nom-acc	balancing	poss-acc	svo	SV	AVP	100	0.97	0	0.0	1.9423236989974975	bos_eos
seed_44	6_4_anc_omit_A_P	34_6_4_anc_omit_A_P	fig:heatmap-34-anc-omit-a-p	6.4 ANC omitted A+P	34_svo_gn_ac_b_ep	svo	gn	nom-acc	balancing	erg-poss	sov	SV	PVA	100	0.99	0	0.0	1.999102032184601	bos_eos
seed_44	6_4_anc_omit_A_P	34_6_4_anc_omit_A_P	fig:heatmap-34-anc-omit-a-p	6.4 ANC omitted A+P	35_svo_gn_ac_b_no	svo	gn	nom-acc	balancing	nomn	svo	SV	AVP	100	1.0	0	0.0	2.125557019710541	bos_eos
seed_44	6_4_anc_omit_A_P	34_6_4_anc_omit_A_P	fig:heatmap-34-anc-omit-a-p	6.4 ANC omitted A+P	36_svo_gn_ac_d_se	svo	gn	nom-acc	deranking	sent	svo	SV	AVP	100	0.96	0	0.0	2.060505254268646	bos_eos
seed_44	6_4_anc_omit_A_P	34_6_4_anc_omit_A_P	fig:heatmap-34-anc-omit-a-p	6.4 ANC omitted A+P	37_svo_gn_ac_d_pa	svo	gn	nom-acc	deranking	poss-acc	svo	SV	AVP	100	1.0	0	0.0	2.107658462524414	bos_eos
seed_44	6_4_anc_omit_A_P	34_6_4_anc_omit_A_P	fig:heatmap-34-anc-omit-a-p	6.4 ANC omitted A+P	38_svo_gn_ac_d_ep	svo	gn	nom-acc	deranking	erg-poss	sov	SV	PVA	100	0.99	0	0.0	2.0869485354423523	bos_eos
seed_44	6_4_anc_omit_A_P	34_6_4_anc_omit_A_P	fig:heatmap-34-anc-omit-a-p	6.4 ANC omitted A+P	39_svo_gn_ac_d_no	svo	gn	nom-acc	deranking	nomn	svo	SV	AVP	100	0.99	0	0.0	2.1275379276275634	bos_eos
seed_44	6_4_anc_omit_A_P	34_6_4_anc_omit_A_P	fig:heatmap-34-anc-omit-a-p	6.4 ANC omitted A+P	40_svo_gn_er_b_se	svo	gn	erg-abs	balancing	sent	svo	SV	AVP	100	0.79	0	0.0	0.5933821654319763	bos_eos
seed_44	6_4_anc_omit_A_P	34_6_4_anc_omit_A_P	fig:heatmap-34-anc-omit-a-p	6.4 ANC omitted A+P	41_svo_gn_er_b_pa	svo	gn	erg-abs	balancing	poss-acc	svo	SV	AVP	100	0.73	0	0.0	0.5832677268981934	bos_eos
seed_44	6_4_anc_omit_A_P	34_6_4_anc_omit_A_P	fig:heatmap-34-anc-omit-a-p	6.4 ANC omitted A+P	42_svo_gn_er_b_ep	svo	gn	erg-abs	balancing	erg-poss	sov	SV	PVA	100	0.72	0	0.0	0.5353227138519288	bos_eos
seed_44	6_4_anc_omit_A_P	34_6_4_anc_omit_A_P	fig:heatmap-34-anc-omit-a-p	6.4 ANC omitted A+P	43_svo_gn_er_b_no	svo	gn	erg-abs	balancing	nomn	svo	SV	AVP	100	0.72	0	0.0	0.5597931790351868	bos_eos
seed_44	6_4_anc_omit_A_P	34_6_4_anc_omit_A_P	fig:heatmap-34-anc-omit-a-p	6.4 ANC omitted A+P	44_svo_gn_er_d_se	svo	gn	erg-abs	deranking	sent	svo	SV	AVP	100	0.85	0	0.0	0.8896498417854309	bos_eos
seed_44	6_4_anc_omit_A_P	34_6_4_anc_omit_A_P	fig:heatmap-34-anc-omit-a-p	6.4 ANC omitted A+P	45_svo_gn_er_d_pa	svo	gn	erg-abs	deranking	poss-acc	svo	SV	AVP	100	0.82	0	0.0	0.8739890027046203	bos_eos
seed_44	6_4_anc_omit_A_P	34_6_4_anc_omit_A_P	fig:heatmap-34-anc-omit-a-p	6.4 ANC omitted A+P	46_svo_gn_er_d_ep	svo	gn	erg-abs	deranking	erg-poss	sov	SV	PVA	100	0.8	0	0.0	0.6662780952453613	bos_eos
seed_44	6_4_anc_omit_A_P	34_6_4_anc_omit_A_P	fig:heatmap-34-anc-omit-a-p	6.4 ANC omitted A+P	47_svo_gn_er_d_no	svo	gn	erg-abs	deranking	nomn	svo	SV	AVP	100	0.84	0	0.0	0.8001577591896057	bos_eos
seed_44	6_4_anc_omit_A_P	34_6_4_anc_omit_A_P	fig:heatmap-34-anc-omit-a-p	6.4 ANC omitted A+P	48_svo_ng_ac_b_se	svo	ng	nom-acc	balancing	sent	svo	SV	AVP	100	0.98	0	0.0	1.8757465553283692	bos_eos
seed_44	6_4_anc_omit_A_P	34_6_4_anc_omit_A_P	fig:heatmap-34-anc-omit-a-p	6.4 ANC omitted A+P	49_svo_ng_ac_b_pa	svo	ng	nom-acc	balancing	poss-acc	vos	VS	VPA	100	1.0	0	0.0	1.909488799571991	bos_eos
seed_44	6_4_anc_omit_A_P	34_6_4_anc_omit_A_P	fig:heatmap-34-anc-omit-a-p	6.4 ANC omitted A+P	50_svo_ng_ac_b_ep	svo	ng	nom-acc	balancing	erg-poss	vos	VS	VPA	100	1.0	0	0.0	2.055686724185944	bos_eos
seed_44	6_4_anc_omit_A_P	34_6_4_anc_omit_A_P	fig:heatmap-34-anc-omit-a-p	6.4 ANC omitted A+P	51_svo_ng_ac_b_no	svo	ng	nom-acc	balancing	nomn	vos	VS	VPA	100	1.0	0	0.0	1.9744471001625061	bos_eos
seed_44	6_4_anc_omit_A_P	34_6_4_anc_omit_A_P	fig:heatmap-34-anc-omit-a-p	6.4 ANC omitted A+P	52_svo_ng_ac_d_se	svo	ng	nom-acc	deranking	sent	svo	SV	AVP	100	0.98	0	0.0	1.898239290714264	bos_eos
seed_44	6_4_anc_omit_A_P	34_6_4_anc_omit_A_P	fig:heatmap-34-anc-omit-a-p	6.4 ANC omitted A+P	53_svo_ng_ac_d_pa	svo	ng	nom-acc	deranking	poss-acc	vos	VS	VPA	100	1.0	0	0.0	2.136159846782684	bos_eos
seed_44	6_4_anc_omit_A_P	34_6_4_anc_omit_A_P	fig:heatmap-34-anc-omit-a-p	6.4 ANC omitted A+P	54_svo_ng_ac_d_ep	svo	ng	nom-acc	deranking	erg-poss	vos	VS	VPA	100	0.99	0	0.0	1.9535548877716065	bos_eos
seed_44	6_4_anc_omit_A_P	34_6_4_anc_omit_A_P	fig:heatmap-34-anc-omit-a-p	6.4 ANC omitted A+P	55_svo_ng_ac_d_no	svo	ng	nom-acc	deranking	nomn	vos	VS	VPA	100	1.0	0	0.0	1.9761873650550843	bos_eos
seed_44	6_4_anc_omit_A_P	34_6_4_anc_omit_A_P	fig:heatmap-34-anc-omit-a-p	6.4 ANC omitted A+P	56_svo_ng_er_b_se	svo	ng	erg-abs	balancing	sent	svo	SV	AVP	100	0.81	0	0.0	0.6975767469406128	bos_eos
seed_44	6_4_anc_omit_A_P	34_6_4_anc_omit_A_P	fig:heatmap-34-anc-omit-a-p	6.4 ANC omitted A+P	57_svo_ng_er_b_pa	svo	ng	erg-abs	balancing	poss-acc	vos	VS	VPA	100	0.76	0	0.0	0.6289471483230591	bos_eos
seed_44	6_4_anc_omit_A_P	34_6_4_anc_omit_A_P	fig:heatmap-34-anc-omit-a-p	6.4 ANC omitted A+P	58_svo_ng_er_b_ep	svo	ng	erg-abs	balancing	erg-poss	vos	VS	VPA	100	0.81	0	0.0	0.7300486397743225	bos_eos
seed_44	6_4_anc_omit_A_P	34_6_4_anc_omit_A_P	fig:heatmap-34-anc-omit-a-p	6.4 ANC omitted A+P	59_svo_ng_er_b_no	svo	ng	erg-abs	balancing	nomn	vos	VS	VPA	100	0.74	0	0.0	0.5962391448020935	bos_eos
seed_44	6_4_anc_omit_A_P	34_6_4_anc_omit_A_P	fig:heatmap-34-anc-omit-a-p	6.4 ANC omitted A+P	60_svo_ng_er_d_se	svo	ng	erg-abs	deranking	sent	svo	SV	AVP	100	0.83	0	0.0	0.7877861046791077	bos_eos
seed_44	6_4_anc_omit_A_P	34_6_4_anc_omit_A_P	fig:heatmap-34-anc-omit-a-p	6.4 ANC omitted A+P	61_svo_ng_er_d_pa	svo	ng	erg-abs	deranking	poss-acc	vos	VS	VPA	100	0.83	0	0.0	0.7210296463966369	bos_eos
seed_44	6_4_anc_omit_A_P	34_6_4_anc_omit_A_P	fig:heatmap-34-anc-omit-a-p	6.4 ANC omitted A+P	62_svo_ng_er_d_ep	svo	ng	erg-abs	deranking	erg-poss	vos	VS	VPA	100	0.78	0	0.0	0.8466067314147949	bos_eos
seed_44	6_4_anc_omit_A_P	34_6_4_anc_omit_A_P	fig:heatmap-34-anc-omit-a-p	6.4 ANC omitted A+P	63_svo_ng_er_d_no	svo	ng	erg-abs	deranking	nomn	vos	VS	VPA	100	0.88	0	0.0	0.781374831199646	bos_eos
seed_44	6_4_anc_omit_A_P	34_6_4_anc_omit_A_P	fig:heatmap-34-anc-omit-a-p	6.4 ANC omitted A+P	64_vos_gn_ac_b_se	vos	gn	nom-acc	balancing	sent	vos	VS	VPA	100	0.89	0	0.0	1.1668806982040405	bos_eos
seed_44	6_4_anc_omit_A_P	34_6_4_anc_omit_A_P	fig:heatmap-34-anc-omit-a-p	6.4 ANC omitted A+P	65_vos_gn_ac_b_pa	vos	gn	nom-acc	balancing	poss-acc	svo	SV	AVP	100	0.86	0	0.0	1.064110929965973	bos_eos
seed_44	6_4_anc_omit_A_P	34_6_4_anc_omit_A_P	fig:heatmap-34-anc-omit-a-p	6.4 ANC omitted A+P	66_vos_gn_ac_b_ep	vos	gn	nom-acc	balancing	erg-poss	sov	SV	PVA	100	0.93	0	0.0	1.2501610207557678	bos_eos
seed_44	6_4_anc_omit_A_P	34_6_4_anc_omit_A_P	fig:heatmap-34-anc-omit-a-p	6.4 ANC omitted A+P	67_vos_gn_ac_b_no	vos	gn	nom-acc	balancing	nomn	svo	SV	AVP	100	0.94	0	0.0	1.2609937357902528	bos_eos
seed_44	6_4_anc_omit_A_P	34_6_4_anc_omit_A_P	fig:heatmap-34-anc-omit-a-p	6.4 ANC omitted A+P	68_vos_gn_ac_d_se	vos	gn	nom-acc	deranking	sent	vos	VS	VPA	100	1.0	0	0.0	2.80646249294281	bos_eos
seed_44	6_4_anc_omit_A_P	34_6_4_anc_omit_A_P	fig:heatmap-34-anc-omit-a-p	6.4 ANC omitted A+P	69_vos_gn_ac_d_pa	vos	gn	nom-acc	deranking	poss-acc	svo	SV	AVP	100	1.0	0	0.0	2.971035509109497	bos_eos
seed_44	6_4_anc_omit_A_P	34_6_4_anc_omit_A_P	fig:heatmap-34-anc-omit-a-p	6.4 ANC omitted A+P	70_vos_gn_ac_d_ep	vos	gn	nom-acc	deranking	erg-poss	sov	SV	PVA	100	1.0	0	0.0	2.9544768261909486	bos_eos
seed_44	6_4_anc_omit_A_P	34_6_4_anc_omit_A_P	fig:heatmap-34-anc-omit-a-p	6.4 ANC omitted A+P	71_vos_gn_ac_d_no	vos	gn	nom-acc	deranking	nomn	svo	SV	AVP	100	1.0	0	0.0	2.9127347254753113	bos_eos
seed_44	6_4_anc_omit_A_P	34_6_4_anc_omit_A_P	fig:heatmap-34-anc-omit-a-p	6.4 ANC omitted A+P	72_vos_gn_er_b_se	vos	gn	erg-abs	balancing	sent	vos	VS	VPA	100	0.87	0	0.0	0.9088092398643494	bos_eos
seed_44	6_4_anc_omit_A_P	34_6_4_anc_omit_A_P	fig:heatmap-34-anc-omit-a-p	6.4 ANC omitted A+P	73_vos_gn_er_b_pa	vos	gn	erg-abs	balancing	poss-acc	svo	SV	AVP	100	0.81	0	0.0	0.7688029956817627	bos_eos
seed_44	6_4_anc_omit_A_P	34_6_4_anc_omit_A_P	fig:heatmap-34-anc-omit-a-p	6.4 ANC omitted A+P	74_vos_gn_er_b_ep	vos	gn	erg-abs	balancing	erg-poss	sov	SV	PVA	100	0.79	0	0.0	0.7220977091789246	bos_eos
seed_44	6_4_anc_omit_A_P	34_6_4_anc_omit_A_P	fig:heatmap-34-anc-omit-a-p	6.4 ANC omitted A+P	75_vos_gn_er_b_no	vos	gn	erg-abs	balancing	nomn	svo	SV	AVP	100	0.81	0	0.0	0.7686657071113586	bos_eos
seed_44	6_4_anc_omit_A_P	34_6_4_anc_omit_A_P	fig:heatmap-34-anc-omit-a-p	6.4 ANC omitted A+P	76_vos_gn_er_d_se	vos	gn	erg-abs	deranking	sent	vos	VS	VPA	100	0.95	0	0.0	1.148691143989563	bos_eos
seed_44	6_4_anc_omit_A_P	34_6_4_anc_omit_A_P	fig:heatmap-34-anc-omit-a-p	6.4 ANC omitted A+P	77_vos_gn_er_d_pa	vos	gn	erg-abs	deranking	poss-acc	svo	SV	AVP	100	0.96	0	0.0	1.1626565766334533	bos_eos
seed_44	6_4_anc_omit_A_P	34_6_4_anc_omit_A_P	fig:heatmap-34-anc-omit-a-p	6.4 ANC omitted A+P	78_vos_gn_er_d_ep	vos	gn	erg-abs	deranking	erg-poss	sov	SV	PVA	100	0.98	0	0.0	1.0957254552841187	bos_eos
seed_44	6_4_anc_omit_A_P	34_6_4_anc_omit_A_P	fig:heatmap-34-anc-omit-a-p	6.4 ANC omitted A+P	79_vos_gn_er_d_no	vos	gn	erg-abs	deranking	nomn	svo	SV	AVP	100	0.96	0	0.0	1.0814124703407288	bos_eos
seed_44	6_4_anc_omit_A_P	34_6_4_anc_omit_A_P	fig:heatmap-34-anc-omit-a-p	6.4 ANC omitted A+P	80_vos_ng_ac_b_se	vos	ng	nom-acc	balancing	sent	vos	VS	VPA	100	0.9	0	0.0	1.2788706254959106	bos_eos
seed_44	6_4_anc_omit_A_P	34_6_4_anc_omit_A_P	fig:heatmap-34-anc-omit-a-p	6.4 ANC omitted A+P	81_vos_ng_ac_b_pa	vos	ng	nom-acc	balancing	poss-acc	vos	VS	VPA	100	0.84	0	0.0	1.1229283165931703	bos_eos
seed_44	6_4_anc_omit_A_P	34_6_4_anc_omit_A_P	fig:heatmap-34-anc-omit-a-p	6.4 ANC omitted A+P	82_vos_ng_ac_b_ep	vos	ng	nom-acc	balancing	erg-poss	vos	VS	VPA	100	0.94	0	0.0	1.2056297254562378	bos_eos
seed_44	6_4_anc_omit_A_P	34_6_4_anc_omit_A_P	fig:heatmap-34-anc-omit-a-p	6.4 ANC omitted A+P	83_vos_ng_ac_b_no	vos	ng	nom-acc	balancing	nomn	vos	VS	VPA	100	0.88	0	0.0	1.1943636798858643	bos_eos
seed_44	6_4_anc_omit_A_P	34_6_4_anc_omit_A_P	fig:heatmap-34-anc-omit-a-p	6.4 ANC omitted A+P	84_vos_ng_ac_d_se	vos	ng	nom-acc	deranking	sent	vos	VS	VPA	100	1.0	0	0.0	2.833996455669403	bos_eos
seed_44	6_4_anc_omit_A_P	34_6_4_anc_omit_A_P	fig:heatmap-34-anc-omit-a-p	6.4 ANC omitted A+P	85_vos_ng_ac_d_pa	vos	ng	nom-acc	deranking	poss-acc	vos	VS	VPA	100	1.0	0	0.0	3.0479082345962523	bos_eos
seed_44	6_4_anc_omit_A_P	34_6_4_anc_omit_A_P	fig:heatmap-34-anc-omit-a-p	6.4 ANC omitted A+P	86_vos_ng_ac_d_ep	vos	ng	nom-acc	deranking	erg-poss	vos	VS	VPA	100	1.0	0	0.0	2.964786157608032	bos_eos
seed_44	6_4_anc_omit_A_P	34_6_4_anc_omit_A_P	fig:heatmap-34-anc-omit-a-p	6.4 ANC omitted A+P	87_vos_ng_ac_d_no	vos	ng	nom-acc	deranking	nomn	vos	VS	VPA	100	1.0	0	0.0	2.891976585388184	bos_eos
seed_44	6_4_anc_omit_A_P	34_6_4_anc_omit_A_P	fig:heatmap-34-anc-omit-a-p	6.4 ANC omitted A+P	88_vos_ng_er_b_se	vos	ng	erg-abs	balancing	sent	vos	VS	VPA	100	0.82	0	0.0	0.7794319105148315	bos_eos
seed_44	6_4_anc_omit_A_P	34_6_4_anc_omit_A_P	fig:heatmap-34-anc-omit-a-p	6.4 ANC omitted A+P	89_vos_ng_er_b_pa	vos	ng	erg-abs	balancing	poss-acc	vos	VS	VPA	100	0.87	0	0.0	0.8391922235488891	bos_eos
seed_44	6_4_anc_omit_A_P	34_6_4_anc_omit_A_P	fig:heatmap-34-anc-omit-a-p	6.4 ANC omitted A+P	90_vos_ng_er_b_ep	vos	ng	erg-abs	balancing	erg-poss	vos	VS	VPA	100	0.85	0	0.0	0.8851081967353821	bos_eos
seed_44	6_4_anc_omit_A_P	34_6_4_anc_omit_A_P	fig:heatmap-34-anc-omit-a-p	6.4 ANC omitted A+P	91_vos_ng_er_b_no	vos	ng	erg-abs	balancing	nomn	vos	VS	VPA	100	0.82	0	0.0	0.8567278933525085	bos_eos
seed_44	6_4_anc_omit_A_P	34_6_4_anc_omit_A_P	fig:heatmap-34-anc-omit-a-p	6.4 ANC omitted A+P	92_vos_ng_er_d_se	vos	ng	erg-abs	deranking	sent	vos	VS	VPA	100	0.98	0	0.0	1.088049159049988	bos_eos
seed_44	6_4_anc_omit_A_P	34_6_4_anc_omit_A_P	fig:heatmap-34-anc-omit-a-p	6.4 ANC omitted A+P	93_vos_ng_er_d_pa	vos	ng	erg-abs	deranking	poss-acc	vos	VS	VPA	100	0.95	0	0.0	1.0847121572494507	bos_eos
seed_44	6_4_anc_omit_A_P	34_6_4_anc_omit_A_P	fig:heatmap-34-anc-omit-a-p	6.4 ANC omitted A+P	94_vos_ng_er_d_ep	vos	ng	erg-abs	deranking	erg-poss	vos	VS	VPA	100	0.97	0	0.0	1.1472097182273864	bos_eos
seed_44	6_4_anc_omit_A_P	34_6_4_anc_omit_A_P	fig:heatmap-34-anc-omit-a-p	6.4 ANC omitted A+P	95_vos_ng_er_d_no	vos	ng	erg-abs	deranking	nomn	vos	VS	VPA	100	0.97	0	0.0	1.1210024571418762	bos_eos
