seed	phenomenon	figure_stem	label	title	language	clause_wo	np_wo	alignment	comp_system	strategy	anc_choice_word_order	anc_iv_order	anc_tv_order	n_pairs	accuracy	ties	tie_rate	mean_delta_good_minus_bad	score_mode
seed_43	1_1_intran_V_form	01_1_1_intran_V_form	fig:heatmap-1-intran-v-form	1.1 Intransitive finite verb form	00_sov_gn_ac_b_se	sov	gn	nom-acc	balancing	sent	sov	SV	APV	100	1.0	0	0.0	3.189157724380493	bos_eos
seed_43	1_1_intran_V_form	01_1_1_intran_V_form	fig:heatmap-1-intran-v-form	1.1 Intransitive finite verb form	01_sov_gn_ac_b_pa	sov	gn	nom-acc	balancing	poss-acc	sov	SV	APV	100	1.0	0	0.0	3.342907552719116	bos_eos
seed_43	1_1_intran_V_form	01_1_1_intran_V_form	fig:heatmap-1-intran-v-form	1.1 Intransitive finite verb form	02_sov_gn_ac_b_ep	sov	gn	nom-acc	balancing	erg-poss	sov	SV	APV	100	1.0	0	0.0	3.3722917199134828	bos_eos
seed_43	1_1_intran_V_form	01_1_1_intran_V_form	fig:heatmap-1-intran-v-form	1.1 Intransitive finite verb form	03_sov_gn_ac_b_no	sov	gn	nom-acc	balancing	nomn	sov	SV	APV	100	1.0	0	0.0	3.332152535915375	bos_eos
seed_43	1_1_intran_V_form	01_1_1_intran_V_form	fig:heatmap-1-intran-v-form	1.1 Intransitive finite verb form	04_sov_gn_ac_d_se	sov	gn	nom-acc	deranking	sent	sov	SV	APV	100	1.0	0	0.0	2.5642499852180483	bos_eos
seed_43	1_1_intran_V_form	01_1_1_intran_V_form	fig:heatmap-1-intran-v-form	1.1 Intransitive finite verb form	05_sov_gn_ac_d_pa	sov	gn	nom-acc	deranking	poss-acc	sov	SV	APV	100	1.0	0	0.0	2.4741354990005493	bos_eos
seed_43	1_1_intran_V_form	01_1_1_intran_V_form	fig:heatmap-1-intran-v-form	1.1 Intransitive finite verb form	06_sov_gn_ac_d_ep	sov	gn	nom-acc	deranking	erg-poss	sov	SV	APV	100	1.0	0	0.0	2.628720941543579	bos_eos
seed_43	1_1_intran_V_form	01_1_1_intran_V_form	fig:heatmap-1-intran-v-form	1.1 Intransitive finite verb form	07_sov_gn_ac_d_no	sov	gn	nom-acc	deranking	nomn	sov	SV	APV	100	1.0	0	0.0	2.821484634876251	bos_eos
seed_43	1_1_intran_V_form	01_1_1_intran_V_form	fig:heatmap-1-intran-v-form	1.1 Intransitive finite verb form	08_sov_gn_er_b_se	sov	gn	erg-abs	balancing	sent	sov	SV	APV	100	1.0	0	0.0	3.087192027568817	bos_eos
seed_43	1_1_intran_V_form	01_1_1_intran_V_form	fig:heatmap-1-intran-v-form	1.1 Intransitive finite verb form	09_sov_gn_er_b_pa	sov	gn	erg-abs	balancing	poss-acc	sov	SV	APV	100	1.0	0	0.0	3.443957870006561	bos_eos
seed_43	1_1_intran_V_form	01_1_1_intran_V_form	fig:heatmap-1-intran-v-form	1.1 Intransitive finite verb form	10_sov_gn_er_b_ep	sov	gn	erg-abs	balancing	erg-poss	sov	SV	APV	100	1.0	0	0.0	3.3892643308639525	bos_eos
seed_43	1_1_intran_V_form	01_1_1_intran_V_form	fig:heatmap-1-intran-v-form	1.1 Intransitive finite verb form	11_sov_gn_er_b_no	sov	gn	erg-abs	balancing	nomn	sov	SV	APV	100	1.0	0	0.0	3.442882833480835	bos_eos
seed_43	1_1_intran_V_form	01_1_1_intran_V_form	fig:heatmap-1-intran-v-form	1.1 Intransitive finite verb form	12_sov_gn_er_d_se	sov	gn	erg-abs	deranking	sent	sov	SV	APV	100	1.0	0	0.0	2.909412441253662	bos_eos
seed_43	1_1_intran_V_form	01_1_1_intran_V_form	fig:heatmap-1-intran-v-form	1.1 Intransitive finite verb form	13_sov_gn_er_d_pa	sov	gn	erg-abs	deranking	poss-acc	sov	SV	APV	100	1.0	0	0.0	2.688947370052338	bos_eos
seed_43	1_1_intran_V_form	01_1_1_intran_V_form	fig:heatmap-1-intran-v-form	1.1 Intransitive finite verb form	14_sov_gn_er_d_ep	sov	gn	erg-abs	deranking	erg-poss	sov	SV	APV	100	1.0	0	0.0	2.999950199127197	bos_eos
seed_43	1_1_intran_V_form	01_1_1_intran_V_form	fig:heatmap-1-intran-v-form	1.1 Intransitive finite verb form	15_sov_gn_er_d_no	sov	gn	erg-abs	deranking	nomn	sov	SV	APV	100	1.0	0	0.0	2.9008026814460752	bos_eos
seed_43	1_1_intran_V_form	01_1_1_intran_V_form	fig:heatmap-1-intran-v-form	1.1 Intransitive finite verb form	16_sov_ng_ac_b_se	sov	ng	nom-acc	balancing	sent	sov	SV	APV	100	1.0	0	0.0	3.1174922966957093	bos_eos
seed_43	1_1_intran_V_form	01_1_1_intran_V_form	fig:heatmap-1-intran-v-form	1.1 Intransitive finite verb form	17_sov_ng_ac_b_pa	sov	ng	nom-acc	balancing	poss-acc	ovs	VS	PVA	100	1.0	0	0.0	3.23946439743042	bos_eos
seed_43	1_1_intran_V_form	01_1_1_intran_V_form	fig:heatmap-1-intran-v-form	1.1 Intransitive finite verb form	18_sov_ng_ac_b_ep	sov	ng	nom-acc	balancing	erg-poss	vos	VS	AVP	100	1.0	0	0.0	3.0918863654136657	bos_eos
seed_43	1_1_intran_V_form	01_1_1_intran_V_form	fig:heatmap-1-intran-v-form	1.1 Intransitive finite verb form	19_sov_ng_ac_b_no	sov	ng	nom-acc	balancing	nomn	ovs	VS	PVA	100	1.0	0	0.0	2.9884979057312013	bos_eos
seed_43	1_1_intran_V_form	01_1_1_intran_V_form	fig:heatmap-1-intran-v-form	1.1 Intransitive finite verb form	20_sov_ng_ac_d_se	sov	ng	nom-acc	deranking	sent	sov	SV	APV	100	1.0	0	0.0	2.744064633846283	bos_eos
seed_43	1_1_intran_V_form	01_1_1_intran_V_form	fig:heatmap-1-intran-v-form	1.1 Intransitive finite verb form	21_sov_ng_ac_d_pa	sov	ng	nom-acc	deranking	poss-acc	ovs	VS	PVA	100	1.0	0	0.0	2.5613539886474608	bos_eos
seed_43	1_1_intran_V_form	01_1_1_intran_V_form	fig:heatmap-1-intran-v-form	1.1 Intransitive finite verb form	22_sov_ng_ac_d_ep	sov	ng	nom-acc	deranking	erg-poss	vos	VS	AVP	100	1.0	0	0.0	2.5695611333847044	bos_eos
seed_43	1_1_intran_V_form	01_1_1_intran_V_form	fig:heatmap-1-intran-v-form	1.1 Intransitive finite verb form	23_sov_ng_ac_d_no	sov	ng	nom-acc	deranking	nomn	ovs	VS	PVA	100	1.0	0	0.0	2.7526964950561523	bos_eos
seed_43	1_1_intran_V_form	01_1_1_intran_V_form	fig:heatmap-1-intran-v-form	1.1 Intransitive finite verb form	24_sov_ng_er_b_se	sov	ng	erg-abs	balancing	sent	sov	SV	APV	100	1.0	0	0.0	3.19890878200531	bos_eos
seed_43	1_1_intran_V_form	01_1_1_intran_V_form	fig:heatmap-1-intran-v-form	1.1 Intransitive finite verb form	25_sov_ng_er_b_pa	sov	ng	erg-abs	balancing	poss-acc	ovs	VS	PVA	100	1.0	0	0.0	3.106771156787872	bos_eos
seed_43	1_1_intran_V_form	01_1_1_intran_V_form	fig:heatmap-1-intran-v-form	1.1 Intransitive finite verb form	26_sov_ng_er_b_ep	sov	ng	erg-abs	balancing	erg-poss	vos	VS	AVP	100	1.0	0	0.0	3.5109870409965516	bos_eos
seed_43	1_1_intran_V_form	01_1_1_intran_V_form	fig:heatmap-1-intran-v-form	1.1 Intransitive finite verb form	27_sov_ng_er_b_no	sov	ng	erg-abs	balancing	nomn	ovs	VS	PVA	100	1.0	0	0.0	3.1878039169311525	bos_eos
seed_43	1_1_intran_V_form	01_1_1_intran_V_form	fig:heatmap-1-intran-v-form	1.1 Intransitive finite verb form	28_sov_ng_er_d_se	sov	ng	erg-abs	deranking	sent	sov	SV	APV	100	1.0	0	0.0	3.141477963924408	bos_eos
seed_43	1_1_intran_V_form	01_1_1_intran_V_form	fig:heatmap-1-intran-v-form	1.1 Intransitive finite verb form	29_sov_ng_er_d_pa	sov	ng	erg-abs	deranking	poss-acc	ovs	VS	PVA	100	1.0	0	0.0	2.8914175724983213	bos_eos
seed_43	1_1_intran_V_form	01_1_1_intran_V_form	fig:heatmap-1-intran-v-form	1.1 Intransitive finite verb form	30_sov_ng_er_d_ep	sov	ng	erg-abs	deranking	erg-poss	vos	VS	AVP	100	1.0	0	0.0	3.4337059378623964	bos_eos
seed_43	1_1_intran_V_form	01_1_1_intran_V_form	fig:heatmap-1-intran-v-form	1.1 Intransitive finite verb form	31_sov_ng_er_d_no	sov	ng	erg-abs	deranking	nomn	ovs	VS	PVA	100	1.0	0	0.0	3.2626627683639526	bos_eos
seed_43	1_1_intran_V_form	01_1_1_intran_V_form	fig:heatmap-1-intran-v-form	1.1 Intransitive finite verb form	32_svo_gn_ac_b_se	svo	gn	nom-acc	balancing	sent	svo	SV	AVP	100	1.0	0	0.0	3.8022059845924376	bos_eos
seed_43	1_1_intran_V_form	01_1_1_intran_V_form	fig:heatmap-1-intran-v-form	1.1 Intransitive finite verb form	33_svo_gn_ac_b_pa	svo	gn	nom-acc	balancing	poss-acc	svo	SV	AVP	100	1.0	0	0.0	3.523284924030304	bos_eos
seed_43	1_1_intran_V_form	01_1_1_intran_V_form	fig:heatmap-1-intran-v-form	1.1 Intransitive finite verb form	34_svo_gn_ac_b_ep	svo	gn	nom-acc	balancing	erg-poss	sov	SV	PVA	100	1.0	0	0.0	3.8164258217811584	bos_eos
seed_43	1_1_intran_V_form	01_1_1_intran_V_form	fig:heatmap-1-intran-v-form	1.1 Intransitive finite verb form	35_svo_gn_ac_b_no	svo	gn	nom-acc	balancing	nomn	svo	SV	AVP	100	1.0	0	0.0	3.741353588104248	bos_eos
seed_43	1_1_intran_V_form	01_1_1_intran_V_form	fig:heatmap-1-intran-v-form	1.1 Intransitive finite verb form	36_svo_gn_ac_d_se	svo	gn	nom-acc	deranking	sent	svo	SV	AVP	100	0.93	0	0.0	1.1882873582839966	bos_eos
seed_43	1_1_intran_V_form	01_1_1_intran_V_form	fig:heatmap-1-intran-v-form	1.1 Intransitive finite verb form	37_svo_gn_ac_d_pa	svo	gn	nom-acc	deranking	poss-acc	svo	SV	AVP	100	1.0	0	0.0	1.2975974416732787	bos_eos
seed_43	1_1_intran_V_form	01_1_1_intran_V_form	fig:heatmap-1-intran-v-form	1.1 Intransitive finite verb form	38_svo_gn_ac_d_ep	svo	gn	nom-acc	deranking	erg-poss	sov	SV	PVA	100	0.95	0	0.0	1.2555047607421874	bos_eos
seed_43	1_1_intran_V_form	01_1_1_intran_V_form	fig:heatmap-1-intran-v-form	1.1 Intransitive finite verb form	39_svo_gn_ac_d_no	svo	gn	nom-acc	deranking	nomn	svo	SV	AVP	100	0.98	0	0.0	1.3012985682487488	bos_eos
seed_43	1_1_intran_V_form	01_1_1_intran_V_form	fig:heatmap-1-intran-v-form	1.1 Intransitive finite verb form	40_svo_gn_er_b_se	svo	gn	erg-abs	balancing	sent	svo	SV	AVP	100	1.0	0	0.0	3.143930058479309	bos_eos
seed_43	1_1_intran_V_form	01_1_1_intran_V_form	fig:heatmap-1-intran-v-form	1.1 Intransitive finite verb form	41_svo_gn_er_b_pa	svo	gn	erg-abs	balancing	poss-acc	svo	SV	AVP	100	1.0	0	0.0	3.268536477088928	bos_eos
seed_43	1_1_intran_V_form	01_1_1_intran_V_form	fig:heatmap-1-intran-v-form	1.1 Intransitive finite verb form	42_svo_gn_er_b_ep	svo	gn	erg-abs	balancing	erg-poss	sov	SV	PVA	100	1.0	0	0.0	3.4995056986808777	bos_eos
seed_43	1_1_intran_V_form	01_1_1_intran_V_form	fig:heatmap-1-intran-v-form	1.1 Intransitive finite verb form	43_svo_gn_er_b_no	svo	gn	erg-abs	balancing	nomn	svo	SV	AVP	100	0.99	0	0.0	3.339161674976349	bos_eos
seed_43	1_1_intran_V_form	01_1_1_intran_V_form	fig:heatmap-1-intran-v-form	1.1 Intransitive finite verb form	44_svo_gn_er_d_se	svo	gn	erg-abs	deranking	sent	svo	SV	AVP	100	0.98	0	0.0	1.4172482109069824	bos_eos
seed_43	1_1_intran_V_form	01_1_1_intran_V_form	fig:heatmap-1-intran-v-form	1.1 Intransitive finite verb form	45_svo_gn_er_d_pa	svo	gn	erg-abs	deranking	poss-acc	svo	SV	AVP	100	0.99	0	0.0	1.4363790988922118	bos_eos
seed_43	1_1_intran_V_form	01_1_1_intran_V_form	fig:heatmap-1-intran-v-form	1.1 Intransitive finite verb form	46_svo_gn_er_d_ep	svo	gn	erg-abs	deranking	erg-poss	sov	SV	PVA	100	0.96	0	0.0	1.368686900138855	bos_eos
seed_43	1_1_intran_V_form	01_1_1_intran_V_form	fig:heatmap-1-intran-v-form	1.1 Intransitive finite verb form	47_svo_gn_er_d_no	svo	gn	erg-abs	deranking	nomn	svo	SV	AVP	100	0.97	0	0.0	1.2928946709632874	bos_eos
seed_43	1_1_intran_V_form	01_1_1_intran_V_form	fig:heatmap-1-intran-v-form	1.1 Intransitive finite verb form	48_svo_ng_ac_b_se	svo	ng	nom-acc	balancing	sent	svo	SV	AVP	100	1.0	0	0.0	3.3716729497909546	bos_eos
seed_43	1_1_intran_V_form	01_1_1_intran_V_form	fig:heatmap-1-intran-v-form	1.1 Intransitive finite verb form	49_svo_ng_ac_b_pa	svo	ng	nom-acc	balancing	poss-acc	vos	VS	VPA	100	1.0	0	0.0	3.3951088643074034	bos_eos
seed_43	1_1_intran_V_form	01_1_1_intran_V_form	fig:heatmap-1-intran-v-form	1.1 Intransitive finite verb form	50_svo_ng_ac_b_ep	svo	ng	nom-acc	balancing	erg-poss	vos	VS	VPA	100	1.0	0	0.0	3.48012047290802	bos_eos
seed_43	1_1_intran_V_form	01_1_1_intran_V_form	fig:heatmap-1-intran-v-form	1.1 Intransitive finite verb form	51_svo_ng_ac_b_no	svo	ng	nom-acc	balancing	nomn	vos	VS	VPA	100	1.0	0	0.0	3.4741862344741823	bos_eos
seed_43	1_1_intran_V_form	01_1_1_intran_V_form	fig:heatmap-1-intran-v-form	1.1 Intransitive finite verb form	52_svo_ng_ac_d_se	svo	ng	nom-acc	deranking	sent	svo	SV	AVP	100	0.99	0	0.0	1.413723773956299	bos_eos
seed_43	1_1_intran_V_form	01_1_1_intran_V_form	fig:heatmap-1-intran-v-form	1.1 Intransitive finite verb form	53_svo_ng_ac_d_pa	svo	ng	nom-acc	deranking	poss-acc	vos	VS	VPA	100	0.98	0	0.0	1.3945077466964722	bos_eos
seed_43	1_1_intran_V_form	01_1_1_intran_V_form	fig:heatmap-1-intran-v-form	1.1 Intransitive finite verb form	54_svo_ng_ac_d_ep	svo	ng	nom-acc	deranking	erg-poss	vos	VS	VPA	100	1.0	0	0.0	1.3595859360694886	bos_eos
seed_43	1_1_intran_V_form	01_1_1_intran_V_form	fig:heatmap-1-intran-v-form	1.1 Intransitive finite verb form	55_svo_ng_ac_d_no	svo	ng	nom-acc	deranking	nomn	vos	VS	VPA	100	0.98	0	0.0	1.3197589135169983	bos_eos
seed_43	1_1_intran_V_form	01_1_1_intran_V_form	fig:heatmap-1-intran-v-form	1.1 Intransitive finite verb form	56_svo_ng_er_b_se	svo	ng	erg-abs	balancing	sent	svo	SV	AVP	100	1.0	0	0.0	3.1103196477890016	bos_eos
seed_43	1_1_intran_V_form	01_1_1_intran_V_form	fig:heatmap-1-intran-v-form	1.1 Intransitive finite verb form	57_svo_ng_er_b_pa	svo	ng	erg-abs	balancing	poss-acc	vos	VS	VPA	100	1.0	0	0.0	3.152406842708588	bos_eos
seed_43	1_1_intran_V_form	01_1_1_intran_V_form	fig:heatmap-1-intran-v-form	1.1 Intransitive finite verb form	58_svo_ng_er_b_ep	svo	ng	erg-abs	balancing	erg-poss	vos	VS	VPA	100	1.0	0	0.0	3.387166373729706	bos_eos
seed_43	1_1_intran_V_form	01_1_1_intran_V_form	fig:heatmap-1-intran-v-form	1.1 Intransitive finite verb form	59_svo_ng_er_b_no	svo	ng	erg-abs	balancing	nomn	vos	VS	VPA	100	1.0	0	0.0	3.3852060890197753	bos_eos
seed_43	1_1_intran_V_form	01_1_1_intran_V_form	fig:heatmap-1-intran-v-form	1.1 Intransitive finite verb form	60_svo_ng_er_d_se	svo	ng	erg-abs	deranking	sent	svo	SV	AVP	100	1.0	0	0.0	1.656897132396698	bos_eos
seed_43	1_1_intran_V_form	01_1_1_intran_V_form	fig:heatmap-1-intran-v-form	1.1 Intransitive finite verb form	61_svo_ng_er_d_pa	svo	ng	erg-abs	deranking	poss-acc	vos	VS	VPA	100	0.99	0	0.0	1.718511040210724	bos_eos
seed_43	1_1_intran_V_form	01_1_1_intran_V_form	fig:heatmap-1-intran-v-form	1.1 Intransitive finite verb form	62_svo_ng_er_d_ep	svo	ng	erg-abs	deranking	erg-poss	vos	VS	VPA	100	0.99	0	0.0	1.535341169834137	bos_eos
seed_43	1_1_intran_V_form	01_1_1_intran_V_form	fig:heatmap-1-intran-v-form	1.1 Intransitive finite verb form	63_svo_ng_er_d_no	svo	ng	erg-abs	deranking	nomn	vos	VS	VPA	100	0.95	0	0.0	1.4384539604187012	bos_eos
seed_43	1_1_intran_V_form	01_1_1_intran_V_form	fig:heatmap-1-intran-v-form	1.1 Intransitive finite verb form	64_vos_gn_ac_b_se	vos	gn	nom-acc	balancing	sent	vos	VS	VPA	100	1.0	0	0.0	2.7072015810012817	bos_eos
seed_43	1_1_intran_V_form	01_1_1_intran_V_form	fig:heatmap-1-intran-v-form	1.1 Intransitive finite verb form	65_vos_gn_ac_b_pa	vos	gn	nom-acc	balancing	poss-acc	svo	SV	AVP	100	1.0	0	0.0	3.1430426621437073	bos_eos
seed_43	1_1_intran_V_form	01_1_1_intran_V_form	fig:heatmap-1-intran-v-form	1.1 Intransitive finite verb form	66_vos_gn_ac_b_ep	vos	gn	nom-acc	balancing	erg-poss	sov	SV	PVA	100	1.0	0	0.0	3.0959656643867492	bos_eos
seed_43	1_1_intran_V_form	01_1_1_intran_V_form	fig:heatmap-1-intran-v-form	1.1 Intransitive finite verb form	67_vos_gn_ac_b_no	vos	gn	nom-acc	balancing	nomn	svo	SV	AVP	100	1.0	0	0.0	2.900395884513855	bos_eos
seed_43	1_1_intran_V_form	01_1_1_intran_V_form	fig:heatmap-1-intran-v-form	1.1 Intransitive finite verb form	68_vos_gn_ac_d_se	vos	gn	nom-acc	deranking	sent	vos	VS	VPA	100	0.98	0	0.0	2.470920033454895	bos_eos
seed_43	1_1_intran_V_form	01_1_1_intran_V_form	fig:heatmap-1-intran-v-form	1.1 Intransitive finite verb form	69_vos_gn_ac_d_pa	vos	gn	nom-acc	deranking	poss-acc	svo	SV	AVP	100	1.0	0	0.0	2.461512312889099	bos_eos
seed_43	1_1_intran_V_form	01_1_1_intran_V_form	fig:heatmap-1-intran-v-form	1.1 Intransitive finite verb form	70_vos_gn_ac_d_ep	vos	gn	nom-acc	deranking	erg-poss	sov	SV	PVA	100	1.0	0	0.0	2.579764859676361	bos_eos
seed_43	1_1_intran_V_form	01_1_1_intran_V_form	fig:heatmap-1-intran-v-form	1.1 Intransitive finite verb form	71_vos_gn_ac_d_no	vos	gn	nom-acc	deranking	nomn	svo	SV	AVP	100	0.99	0	0.0	2.4371438956260683	bos_eos
seed_43	1_1_intran_V_form	01_1_1_intran_V_form	fig:heatmap-1-intran-v-form	1.1 Intransitive finite verb form	72_vos_gn_er_b_se	vos	gn	erg-abs	balancing	sent	vos	VS	VPA	100	1.0	0	0.0	2.698985550403595	bos_eos
seed_43	1_1_intran_V_form	01_1_1_intran_V_form	fig:heatmap-1-intran-v-form	1.1 Intransitive finite verb form	73_vos_gn_er_b_pa	vos	gn	erg-abs	balancing	poss-acc	svo	SV	AVP	100	1.0	0	0.0	2.888862690925598	bos_eos
seed_43	1_1_intran_V_form	01_1_1_intran_V_form	fig:heatmap-1-intran-v-form	1.1 Intransitive finite verb form	74_vos_gn_er_b_ep	vos	gn	erg-abs	balancing	erg-poss	sov	SV	PVA	100	1.0	0	0.0	3.3596912527084353	bos_eos
seed_43	1_1_intran_V_form	01_1_1_intran_V_form	fig:heatmap-1-intran-v-form	1.1 Intransitive finite verb form	75_vos_gn_er_b_no	vos	gn	erg-abs	balancing	nomn	svo	SV	AVP	100	1.0	0	0.0	3.4470736742019654	bos_eos
seed_43	1_1_intran_V_form	01_1_1_intran_V_form	fig:heatmap-1-intran-v-form	1.1 Intransitive finite verb form	76_vos_gn_er_d_se	vos	gn	erg-abs	deranking	sent	vos	VS	VPA	100	1.0	0	0.0	2.6291249918937685	bos_eos
seed_43	1_1_intran_V_form	01_1_1_intran_V_form	fig:heatmap-1-intran-v-form	1.1 Intransitive finite verb form	77_vos_gn_er_d_pa	vos	gn	erg-abs	deranking	poss-acc	svo	SV	AVP	100	1.0	0	0.0	2.8011805200576783	bos_eos
seed_43	1_1_intran_V_form	01_1_1_intran_V_form	fig:heatmap-1-intran-v-form	1.1 Intransitive finite verb form	78_vos_gn_er_d_ep	vos	gn	erg-abs	deranking	erg-poss	sov	SV	PVA	100	1.0	0	0.0	2.6333615803718566	bos_eos
seed_43	1_1_intran_V_form	01_1_1_intran_V_form	fig:heatmap-1-intran-v-form	1.1 Intransitive finite verb form	79_vos_gn_er_d_no	vos	gn	erg-abs	deranking	nomn	svo	SV	AVP	100	1.0	0	0.0	2.727984149456024	bos_eos
seed_43	1_1_intran_V_form	01_1_1_intran_V_form	fig:heatmap-1-intran-v-form	1.1 Intransitive finite verb form	80_vos_ng_ac_b_se	vos	ng	nom-acc	balancing	sent	vos	VS	VPA	100	0.99	0	0.0	2.9043121361732482	bos_eos
seed_43	1_1_intran_V_form	01_1_1_intran_V_form	fig:heatmap-1-intran-v-form	1.1 Intransitive finite verb form	81_vos_ng_ac_b_pa	vos	ng	nom-acc	balancing	poss-acc	vos	VS	VPA	100	1.0	0	0.0	2.782565414905548	bos_eos
seed_43	1_1_intran_V_form	01_1_1_intran_V_form	fig:heatmap-1-intran-v-form	1.1 Intransitive finite verb form	82_vos_ng_ac_b_ep	vos	ng	nom-acc	balancing	erg-poss	vos	VS	VPA	100	1.0	0	0.0	2.8961752605438233	bos_eos
seed_43	1_1_intran_V_form	01_1_1_intran_V_form	fig:heatmap-1-intran-v-form	1.1 Intransitive finite verb form	83_vos_ng_ac_b_no	vos	ng	nom-acc	balancing	nomn	vos	VS	VPA	100	0.99	0	0.0	2.604096622467041	bos_eos
seed_43	1_1_intran_V_form	01_1_1_intran_V_form	fig:heatmap-1-intran-v-form	1.1 Intransitive finite verb form	84_vos_ng_ac_d_se	vos	ng	nom-acc	deranking	sent	vos	VS	VPA	100	0.99	0	0.0	2.429877598285675	bos_eos
seed_43	1_1_intran_V_form	01_1_1_intran_V_form	fig:heatmap-1-intran-v-form	1.1 Intransitive finite verb form	85_vos_ng_ac_d_pa	vos	ng	nom-acc	deranking	poss-acc	vos	VS	VPA	100	0.97	0	0.0	2.4966250038146973	bos_eos
seed_43	1_1_intran_V_form	01_1_1_intran_V_form	fig:heatmap-1-intran-v-form	1.1 Intransitive finite verb form	86_vos_ng_ac_d_ep	vos	ng	nom-acc	deranking	erg-poss	vos	VS	VPA	100	0.99	0	0.0	2.5772140431404114	bos_eos
seed_43	1_1_intran_V_form	01_1_1_intran_V_form	fig:heatmap-1-intran-v-form	1.1 Intransitive finite verb form	87_vos_ng_ac_d_no	vos	ng	nom-acc	deranking	nomn	vos	VS	VPA	100	0.97	0	0.0	2.4730697083473205	bos_eos
seed_43	1_1_intran_V_form	01_1_1_intran_V_form	fig:heatmap-1-intran-v-form	1.1 Intransitive finite verb form	88_vos_ng_er_b_se	vos	ng	erg-abs	balancing	sent	vos	VS	VPA	100	1.0	0	0.0	3.1059454917907714	bos_eos
seed_43	1_1_intran_V_form	01_1_1_intran_V_form	fig:heatmap-1-intran-v-form	1.1 Intransitive finite verb form	89_vos_ng_er_b_pa	vos	ng	erg-abs	balancing	poss-acc	vos	VS	VPA	100	1.0	0	0.0	2.9552154994010924	bos_eos
seed_43	1_1_intran_V_form	01_1_1_intran_V_form	fig:heatmap-1-intran-v-form	1.1 Intransitive finite verb form	90_vos_ng_er_b_ep	vos	ng	erg-abs	balancing	erg-poss	vos	VS	VPA	100	1.0	0	0.0	3.6352144861221314	bos_eos
seed_43	1_1_intran_V_form	01_1_1_intran_V_form	fig:heatmap-1-intran-v-form	1.1 Intransitive finite verb form	91_vos_ng_er_b_no	vos	ng	erg-abs	balancing	nomn	vos	VS	VPA	100	1.0	0	0.0	3.7222593331336977	bos_eos
seed_43	1_1_intran_V_form	01_1_1_intran_V_form	fig:heatmap-1-intran-v-form	1.1 Intransitive finite verb form	92_vos_ng_er_d_se	vos	ng	erg-abs	deranking	sent	vos	VS	VPA	100	1.0	0	0.0	2.767820801734924	bos_eos
seed_43	1_1_intran_V_form	01_1_1_intran_V_form	fig:heatmap-1-intran-v-form	1.1 Intransitive finite verb form	93_vos_ng_er_d_pa	vos	ng	erg-abs	deranking	poss-acc	vos	VS	VPA	100	1.0	0	0.0	2.6844733786582946	bos_eos
seed_43	1_1_intran_V_form	01_1_1_intran_V_form	fig:heatmap-1-intran-v-form	1.1 Intransitive finite verb form	94_vos_ng_er_d_ep	vos	ng	erg-abs	deranking	erg-poss	vos	VS	VPA	100	1.0	0	0.0	2.7044526290893556	bos_eos
seed_43	1_1_intran_V_form	01_1_1_intran_V_form	fig:heatmap-1-intran-v-form	1.1 Intransitive finite verb form	95_vos_ng_er_d_no	vos	ng	erg-abs	deranking	nomn	vos	VS	VPA	100	1.0	0	0.0	2.7808669352531434	bos_eos
seed_43	1_2_intran_S_marker	02_1_2_intran_S_marker	fig:heatmap-2-intran-s-marker	1.2 Intransitive S marker	00_sov_gn_ac_b_se	sov	gn	nom-acc	balancing	sent	sov	SV	APV	100	0.77	0	0.0	0.6068384623527527	bos_eos
seed_43	1_2_intran_S_marker	02_1_2_intran_S_marker	fig:heatmap-2-intran-s-marker	1.2 Intransitive S marker	01_sov_gn_ac_b_pa	sov	gn	nom-acc	balancing	poss-acc	sov	SV	APV	100	0.83	0	0.0	0.5639076685905456	bos_eos
seed_43	1_2_intran_S_marker	02_1_2_intran_S_marker	fig:heatmap-2-intran-s-marker	1.2 Intransitive S marker	02_sov_gn_ac_b_ep	sov	gn	nom-acc	balancing	erg-poss	sov	SV	APV	100	0.77	0	0.0	0.597864191532135	bos_eos
seed_43	1_2_intran_S_marker	02_1_2_intran_S_marker	fig:heatmap-2-intran-s-marker	1.2 Intransitive S marker	03_sov_gn_ac_b_no	sov	gn	nom-acc	balancing	nomn	sov	SV	APV	100	0.8	0	0.0	0.6102542710304261	bos_eos
seed_43	1_2_intran_S_marker	02_1_2_intran_S_marker	fig:heatmap-2-intran-s-marker	1.2 Intransitive S marker	04_sov_gn_ac_d_se	sov	gn	nom-acc	deranking	sent	sov	SV	APV	100	0.78	0	0.0	0.4810518741607666	bos_eos
seed_43	1_2_intran_S_marker	02_1_2_intran_S_marker	fig:heatmap-2-intran-s-marker	1.2 Intransitive S marker	05_sov_gn_ac_d_pa	sov	gn	nom-acc	deranking	poss-acc	sov	SV	APV	100	0.75	0	0.0	0.561078474521637	bos_eos
seed_43	1_2_intran_S_marker	02_1_2_intran_S_marker	fig:heatmap-2-intran-s-marker	1.2 Intransitive S marker	06_sov_gn_ac_d_ep	sov	gn	nom-acc	deranking	erg-poss	sov	SV	APV	100	0.78	0	0.0	0.6344817733764648	bos_eos
seed_43	1_2_intran_S_marker	02_1_2_intran_S_marker	fig:heatmap-2-intran-s-marker	1.2 Intransitive S marker	07_sov_gn_ac_d_no	sov	gn	nom-acc	deranking	nomn	sov	SV	APV	100	0.92	0	0.0	0.7940724849700928	bos_eos
seed_43	1_2_intran_S_marker	02_1_2_intran_S_marker	fig:heatmap-2-intran-s-marker	1.2 Intransitive S marker	08_sov_gn_er_b_se	sov	gn	erg-abs	balancing	sent	sov	SV	APV	100	0.81	0	0.0	0.40070122480392456	bos_eos
seed_43	1_2_intran_S_marker	02_1_2_intran_S_marker	fig:heatmap-2-intran-s-marker	1.2 Intransitive S marker	09_sov_gn_er_b_pa	sov	gn	erg-abs	balancing	poss-acc	sov	SV	APV	100	0.62	0	0.0	0.2979504156112671	bos_eos
seed_43	1_2_intran_S_marker	02_1_2_intran_S_marker	fig:heatmap-2-intran-s-marker	1.2 Intransitive S marker	10_sov_gn_er_b_ep	sov	gn	erg-abs	balancing	erg-poss	sov	SV	APV	100	0.81	0	0.0	0.44185335874557496	bos_eos
seed_43	1_2_intran_S_marker	02_1_2_intran_S_marker	fig:heatmap-2-intran-s-marker	1.2 Intransitive S marker	11_sov_gn_er_b_no	sov	gn	erg-abs	balancing	nomn	sov	SV	APV	100	0.85	0	0.0	0.42871063470840454	bos_eos
seed_43	1_2_intran_S_marker	02_1_2_intran_S_marker	fig:heatmap-2-intran-s-marker	1.2 Intransitive S marker	12_sov_gn_er_d_se	sov	gn	erg-abs	deranking	sent	sov	SV	APV	100	0.8	0	0.0	0.3880209994316101	bos_eos
seed_43	1_2_intran_S_marker	02_1_2_intran_S_marker	fig:heatmap-2-intran-s-marker	1.2 Intransitive S marker	13_sov_gn_er_d_pa	sov	gn	erg-abs	deranking	poss-acc	sov	SV	APV	100	0.65	0	0.0	0.25659316301345825	bos_eos
seed_43	1_2_intran_S_marker	02_1_2_intran_S_marker	fig:heatmap-2-intran-s-marker	1.2 Intransitive S marker	14_sov_gn_er_d_ep	sov	gn	erg-abs	deranking	erg-poss	sov	SV	APV	100	0.76	0	0.0	0.34819783926010134	bos_eos
seed_43	1_2_intran_S_marker	02_1_2_intran_S_marker	fig:heatmap-2-intran-s-marker	1.2 Intransitive S marker	15_sov_gn_er_d_no	sov	gn	erg-abs	deranking	nomn	sov	SV	APV	100	0.79	0	0.0	0.4085402011871338	bos_eos
seed_43	1_2_intran_S_marker	02_1_2_intran_S_marker	fig:heatmap-2-intran-s-marker	1.2 Intransitive S marker	16_sov_ng_ac_b_se	sov	ng	nom-acc	balancing	sent	sov	SV	APV	100	0.9	0	0.0	0.6422532844543457	bos_eos
seed_43	1_2_intran_S_marker	02_1_2_intran_S_marker	fig:heatmap-2-intran-s-marker	1.2 Intransitive S marker	17_sov_ng_ac_b_pa	sov	ng	nom-acc	balancing	poss-acc	ovs	VS	PVA	100	0.92	0	0.0	0.8638449954986572	bos_eos
seed_43	1_2_intran_S_marker	02_1_2_intran_S_marker	fig:heatmap-2-intran-s-marker	1.2 Intransitive S marker	18_sov_ng_ac_b_ep	sov	ng	nom-acc	balancing	erg-poss	vos	VS	AVP	100	0.94	0	0.0	0.866837146282196	bos_eos
seed_43	1_2_intran_S_marker	02_1_2_intran_S_marker	fig:heatmap-2-intran-s-marker	1.2 Intransitive S marker	19_sov_ng_ac_b_no	sov	ng	nom-acc	balancing	nomn	ovs	VS	PVA	100	0.93	0	0.0	0.8463553595542908	bos_eos
seed_43	1_2_intran_S_marker	02_1_2_intran_S_marker	fig:heatmap-2-intran-s-marker	1.2 Intransitive S marker	20_sov_ng_ac_d_se	sov	ng	nom-acc	deranking	sent	sov	SV	APV	100	0.96	0	0.0	0.9812349915504456	bos_eos
seed_43	1_2_intran_S_marker	02_1_2_intran_S_marker	fig:heatmap-2-intran-s-marker	1.2 Intransitive S marker	21_sov_ng_ac_d_pa	sov	ng	nom-acc	deranking	poss-acc	ovs	VS	PVA	100	0.9	0	0.0	0.7584767007827758	bos_eos
seed_43	1_2_intran_S_marker	02_1_2_intran_S_marker	fig:heatmap-2-intran-s-marker	1.2 Intransitive S marker	22_sov_ng_ac_d_ep	sov	ng	nom-acc	deranking	erg-poss	vos	VS	AVP	100	0.95	0	0.0	0.9022764039039611	bos_eos
seed_43	1_2_intran_S_marker	02_1_2_intran_S_marker	fig:heatmap-2-intran-s-marker	1.2 Intransitive S marker	23_sov_ng_ac_d_no	sov	ng	nom-acc	deranking	nomn	ovs	VS	PVA	100	0.93	0	0.0	0.8744422745704651	bos_eos
seed_43	1_2_intran_S_marker	02_1_2_intran_S_marker	fig:heatmap-2-intran-s-marker	1.2 Intransitive S marker	24_sov_ng_er_b_se	sov	ng	erg-abs	balancing	sent	sov	SV	APV	100	0.62	0	0.0	0.20007901191711425	bos_eos
seed_43	1_2_intran_S_marker	02_1_2_intran_S_marker	fig:heatmap-2-intran-s-marker	1.2 Intransitive S marker	25_sov_ng_er_b_pa	sov	ng	erg-abs	balancing	poss-acc	ovs	VS	PVA	100	0.55	0	0.0	0.23408624649047852	bos_eos
seed_43	1_2_intran_S_marker	02_1_2_intran_S_marker	fig:heatmap-2-intran-s-marker	1.2 Intransitive S marker	26_sov_ng_er_b_ep	sov	ng	erg-abs	balancing	erg-poss	vos	VS	AVP	100	0.65	0	0.0	0.23226277589797972	bos_eos
seed_43	1_2_intran_S_marker	02_1_2_intran_S_marker	fig:heatmap-2-intran-s-marker	1.2 Intransitive S marker	27_sov_ng_er_b_no	sov	ng	erg-abs	balancing	nomn	ovs	VS	PVA	100	0.55	0	0.0	0.12064647197723388	bos_eos
seed_43	1_2_intran_S_marker	02_1_2_intran_S_marker	fig:heatmap-2-intran-s-marker	1.2 Intransitive S marker	28_sov_ng_er_d_se	sov	ng	erg-abs	deranking	sent	sov	SV	APV	100	0.61	0	0.0	0.2719359087944031	bos_eos
seed_43	1_2_intran_S_marker	02_1_2_intran_S_marker	fig:heatmap-2-intran-s-marker	1.2 Intransitive S marker	29_sov_ng_er_d_pa	sov	ng	erg-abs	deranking	poss-acc	ovs	VS	PVA	100	0.55	0	0.0	0.2115825295448303	bos_eos
seed_43	1_2_intran_S_marker	02_1_2_intran_S_marker	fig:heatmap-2-intran-s-marker	1.2 Intransitive S marker	30_sov_ng_er_d_ep	sov	ng	erg-abs	deranking	erg-poss	vos	VS	AVP	100	0.57	0	0.0	0.19653436660766602	bos_eos
seed_43	1_2_intran_S_marker	02_1_2_intran_S_marker	fig:heatmap-2-intran-s-marker	1.2 Intransitive S marker	31_sov_ng_er_d_no	sov	ng	erg-abs	deranking	nomn	ovs	VS	PVA	100	0.55	0	0.0	0.16864020347595216	bos_eos
seed_43	1_2_intran_S_marker	02_1_2_intran_S_marker	fig:heatmap-2-intran-s-marker	1.2 Intransitive S marker	32_svo_gn_ac_b_se	svo	gn	nom-acc	balancing	sent	svo	SV	AVP	100	0.97	0	0.0	1.3568770456314088	bos_eos
seed_43	1_2_intran_S_marker	02_1_2_intran_S_marker	fig:heatmap-2-intran-s-marker	1.2 Intransitive S marker	33_svo_gn_ac_b_pa	svo	gn	nom-acc	balancing	poss-acc	svo	SV	AVP	100	0.97	0	0.0	1.4036223340034484	bos_eos
seed_43	1_2_intran_S_marker	02_1_2_intran_S_marker	fig:heatmap-2-intran-s-marker	1.2 Intransitive S marker	34_svo_gn_ac_b_ep	svo	gn	nom-acc	balancing	erg-poss	sov	SV	PVA	100	0.98	0	0.0	1.538120789527893	bos_eos
seed_43	1_2_intran_S_marker	02_1_2_intran_S_marker	fig:heatmap-2-intran-s-marker	1.2 Intransitive S marker	35_svo_gn_ac_b_no	svo	gn	nom-acc	balancing	nomn	svo	SV	AVP	100	0.96	0	0.0	1.5378755831718445	bos_eos
seed_43	1_2_intran_S_marker	02_1_2_intran_S_marker	fig:heatmap-2-intran-s-marker	1.2 Intransitive S marker	36_svo_gn_ac_d_se	svo	gn	nom-acc	deranking	sent	svo	SV	AVP	100	0.96	0	0.0	1.1594845843315125	bos_eos
seed_43	1_2_intran_S_marker	02_1_2_intran_S_marker	fig:heatmap-2-intran-s-marker	1.2 Intransitive S marker	37_svo_gn_ac_d_pa	svo	gn	nom-acc	deranking	poss-acc	svo	SV	AVP	100	0.98	0	0.0	1.1039544200897218	bos_eos
seed_43	1_2_intran_S_marker	02_1_2_intran_S_marker	fig:heatmap-2-intran-s-marker	1.2 Intransitive S marker	38_svo_gn_ac_d_ep	svo	gn	nom-acc	deranking	erg-poss	sov	SV	PVA	100	0.98	0	0.0	1.5867170643806459	bos_eos
seed_43	1_2_intran_S_marker	02_1_2_intran_S_marker	fig:heatmap-2-intran-s-marker	1.2 Intransitive S marker	39_svo_gn_ac_d_no	svo	gn	nom-acc	deranking	nomn	svo	SV	AVP	100	0.96	0	0.0	1.4483956813812255	bos_eos
seed_43	1_2_intran_S_marker	02_1_2_intran_S_marker	fig:heatmap-2-intran-s-marker	1.2 Intransitive S marker	40_svo_gn_er_b_se	svo	gn	erg-abs	balancing	sent	svo	SV	AVP	100	0.96	0	0.0	1.0024653625488282	bos_eos
seed_43	1_2_intran_S_marker	02_1_2_intran_S_marker	fig:heatmap-2-intran-s-marker	1.2 Intransitive S marker	41_svo_gn_er_b_pa	svo	gn	erg-abs	balancing	poss-acc	svo	SV	AVP	100	0.96	0	0.0	0.9931166410446167	bos_eos
seed_43	1_2_intran_S_marker	02_1_2_intran_S_marker	fig:heatmap-2-intran-s-marker	1.2 Intransitive S marker	42_svo_gn_er_b_ep	svo	gn	erg-abs	balancing	erg-poss	sov	SV	PVA	100	0.96	0	0.0	0.9638736081123352	bos_eos
seed_43	1_2_intran_S_marker	02_1_2_intran_S_marker	fig:heatmap-2-intran-s-marker	1.2 Intransitive S marker	43_svo_gn_er_b_no	svo	gn	erg-abs	balancing	nomn	svo	SV	AVP	100	0.96	0	0.0	0.970006799697876	bos_eos
seed_43	1_2_intran_S_marker	02_1_2_intran_S_marker	fig:heatmap-2-intran-s-marker	1.2 Intransitive S marker	44_svo_gn_er_d_se	svo	gn	erg-abs	deranking	sent	svo	SV	AVP	100	0.92	0	0.0	0.6506452918052673	bos_eos
seed_43	1_2_intran_S_marker	02_1_2_intran_S_marker	fig:heatmap-2-intran-s-marker	1.2 Intransitive S marker	45_svo_gn_er_d_pa	svo	gn	erg-abs	deranking	poss-acc	svo	SV	AVP	100	0.94	0	0.0	0.7419650077819824	bos_eos
seed_43	1_2_intran_S_marker	02_1_2_intran_S_marker	fig:heatmap-2-intran-s-marker	1.2 Intransitive S marker	46_svo_gn_er_d_ep	svo	gn	erg-abs	deranking	erg-poss	sov	SV	PVA	100	0.92	0	0.0	0.6891818213462829	bos_eos
seed_43	1_2_intran_S_marker	02_1_2_intran_S_marker	fig:heatmap-2-intran-s-marker	1.2 Intransitive S marker	47_svo_gn_er_d_no	svo	gn	erg-abs	deranking	nomn	svo	SV	AVP	100	0.9	0	0.0	0.6319843411445618	bos_eos
seed_43	1_2_intran_S_marker	02_1_2_intran_S_marker	fig:heatmap-2-intran-s-marker	1.2 Intransitive S marker	48_svo_ng_ac_b_se	svo	ng	nom-acc	balancing	sent	svo	SV	AVP	100	1.0	0	0.0	1.3642192935943604	bos_eos
seed_43	1_2_intran_S_marker	02_1_2_intran_S_marker	fig:heatmap-2-intran-s-marker	1.2 Intransitive S marker	49_svo_ng_ac_b_pa	svo	ng	nom-acc	balancing	poss-acc	vos	VS	VPA	100	0.99	0	0.0	1.2904609417915345	bos_eos
seed_43	1_2_intran_S_marker	02_1_2_intran_S_marker	fig:heatmap-2-intran-s-marker	1.2 Intransitive S marker	50_svo_ng_ac_b_ep	svo	ng	nom-acc	balancing	erg-poss	vos	VS	VPA	100	1.0	0	0.0	1.6920238661766052	bos_eos
seed_43	1_2_intran_S_marker	02_1_2_intran_S_marker	fig:heatmap-2-intran-s-marker	1.2 Intransitive S marker	51_svo_ng_ac_b_no	svo	ng	nom-acc	balancing	nomn	vos	VS	VPA	100	0.98	0	0.0	1.3027300977706908	bos_eos
seed_43	1_2_intran_S_marker	02_1_2_intran_S_marker	fig:heatmap-2-intran-s-marker	1.2 Intransitive S marker	52_svo_ng_ac_d_se	svo	ng	nom-acc	deranking	sent	svo	SV	AVP	100	0.97	0	0.0	1.155215301513672	bos_eos
seed_43	1_2_intran_S_marker	02_1_2_intran_S_marker	fig:heatmap-2-intran-s-marker	1.2 Intransitive S marker	53_svo_ng_ac_d_pa	svo	ng	nom-acc	deranking	poss-acc	vos	VS	VPA	100	0.97	0	0.0	1.279764060974121	bos_eos
seed_43	1_2_intran_S_marker	02_1_2_intran_S_marker	fig:heatmap-2-intran-s-marker	1.2 Intransitive S marker	54_svo_ng_ac_d_ep	svo	ng	nom-acc	deranking	erg-poss	vos	VS	VPA	100	0.98	0	0.0	1.2799123573303222	bos_eos
seed_43	1_2_intran_S_marker	02_1_2_intran_S_marker	fig:heatmap-2-intran-s-marker	1.2 Intransitive S marker	55_svo_ng_ac_d_no	svo	ng	nom-acc	deranking	nomn	vos	VS	VPA	100	0.99	0	0.0	1.3087322783470154	bos_eos
seed_43	1_2_intran_S_marker	02_1_2_intran_S_marker	fig:heatmap-2-intran-s-marker	1.2 Intransitive S marker	56_svo_ng_er_b_se	svo	ng	erg-abs	balancing	sent	svo	SV	AVP	100	0.98	0	0.0	0.7895547556877136	bos_eos
seed_43	1_2_intran_S_marker	02_1_2_intran_S_marker	fig:heatmap-2-intran-s-marker	1.2 Intransitive S marker	57_svo_ng_er_b_pa	svo	ng	erg-abs	balancing	poss-acc	vos	VS	VPA	100	0.92	0	0.0	0.7273808360099793	bos_eos
seed_43	1_2_intran_S_marker	02_1_2_intran_S_marker	fig:heatmap-2-intran-s-marker	1.2 Intransitive S marker	58_svo_ng_er_b_ep	svo	ng	erg-abs	balancing	erg-poss	vos	VS	VPA	100	0.92	0	0.0	0.7541374492645264	bos_eos
seed_43	1_2_intran_S_marker	02_1_2_intran_S_marker	fig:heatmap-2-intran-s-marker	1.2 Intransitive S marker	59_svo_ng_er_b_no	svo	ng	erg-abs	balancing	nomn	vos	VS	VPA	100	0.91	0	0.0	0.6890577864646912	bos_eos
seed_43	1_2_intran_S_marker	02_1_2_intran_S_marker	fig:heatmap-2-intran-s-marker	1.2 Intransitive S marker	60_svo_ng_er_d_se	svo	ng	erg-abs	deranking	sent	svo	SV	AVP	100	0.84	0	0.0	0.6910325455665588	bos_eos
seed_43	1_2_intran_S_marker	02_1_2_intran_S_marker	fig:heatmap-2-intran-s-marker	1.2 Intransitive S marker	61_svo_ng_er_d_pa	svo	ng	erg-abs	deranking	poss-acc	vos	VS	VPA	100	0.95	0	0.0	0.7589772510528564	bos_eos
seed_43	1_2_intran_S_marker	02_1_2_intran_S_marker	fig:heatmap-2-intran-s-marker	1.2 Intransitive S marker	62_svo_ng_er_d_ep	svo	ng	erg-abs	deranking	erg-poss	vos	VS	VPA	100	0.91	0	0.0	0.5891624689102173	bos_eos
seed_43	1_2_intran_S_marker	02_1_2_intran_S_marker	fig:heatmap-2-intran-s-marker	1.2 Intransitive S marker	63_svo_ng_er_d_no	svo	ng	erg-abs	deranking	nomn	vos	VS	VPA	100	0.93	0	0.0	0.7122565340995789	bos_eos
seed_43	1_2_intran_S_marker	02_1_2_intran_S_marker	fig:heatmap-2-intran-s-marker	1.2 Intransitive S marker	64_vos_gn_ac_b_se	vos	gn	nom-acc	balancing	sent	vos	VS	VPA	100	0.98	0	0.0	0.9478777098655701	bos_eos
seed_43	1_2_intran_S_marker	02_1_2_intran_S_marker	fig:heatmap-2-intran-s-marker	1.2 Intransitive S marker	65_vos_gn_ac_b_pa	vos	gn	nom-acc	balancing	poss-acc	svo	SV	AVP	100	0.98	0	0.0	0.9450781083106995	bos_eos
seed_43	1_2_intran_S_marker	02_1_2_intran_S_marker	fig:heatmap-2-intran-s-marker	1.2 Intransitive S marker	66_vos_gn_ac_b_ep	vos	gn	nom-acc	balancing	erg-poss	sov	SV	PVA	100	0.99	0	0.0	1.0240535998344422	bos_eos
seed_43	1_2_intran_S_marker	02_1_2_intran_S_marker	fig:heatmap-2-intran-s-marker	1.2 Intransitive S marker	67_vos_gn_ac_b_no	vos	gn	nom-acc	balancing	nomn	svo	SV	AVP	100	0.99	0	0.0	1.0784399366378785	bos_eos
seed_43	1_2_intran_S_marker	02_1_2_intran_S_marker	fig:heatmap-2-intran-s-marker	1.2 Intransitive S marker	68_vos_gn_ac_d_se	vos	gn	nom-acc	deranking	sent	vos	VS	VPA	100	0.99	0	0.0	1.0722440314292907	bos_eos
seed_43	1_2_intran_S_marker	02_1_2_intran_S_marker	fig:heatmap-2-intran-s-marker	1.2 Intransitive S marker	69_vos_gn_ac_d_pa	vos	gn	nom-acc	deranking	poss-acc	svo	SV	AVP	100	0.98	0	0.0	0.9744040060043335	bos_eos
seed_43	1_2_intran_S_marker	02_1_2_intran_S_marker	fig:heatmap-2-intran-s-marker	1.2 Intransitive S marker	70_vos_gn_ac_d_ep	vos	gn	nom-acc	deranking	erg-poss	sov	SV	PVA	100	0.99	0	0.0	1.0056203961372376	bos_eos
seed_43	1_2_intran_S_marker	02_1_2_intran_S_marker	fig:heatmap-2-intran-s-marker	1.2 Intransitive S marker	71_vos_gn_ac_d_no	vos	gn	nom-acc	deranking	nomn	svo	SV	AVP	100	0.98	0	0.0	1.1604538202285766	bos_eos
seed_43	1_2_intran_S_marker	02_1_2_intran_S_marker	fig:heatmap-2-intran-s-marker	1.2 Intransitive S marker	72_vos_gn_er_b_se	vos	gn	erg-abs	balancing	sent	vos	VS	VPA	100	0.91	0	0.0	0.7079312348365784	bos_eos
seed_43	1_2_intran_S_marker	02_1_2_intran_S_marker	fig:heatmap-2-intran-s-marker	1.2 Intransitive S marker	73_vos_gn_er_b_pa	vos	gn	erg-abs	balancing	poss-acc	svo	SV	AVP	100	0.92	0	0.0	0.8086579084396363	bos_eos
seed_43	1_2_intran_S_marker	02_1_2_intran_S_marker	fig:heatmap-2-intran-s-marker	1.2 Intransitive S marker	74_vos_gn_er_b_ep	vos	gn	erg-abs	balancing	erg-poss	sov	SV	PVA	100	0.95	0	0.0	0.7761019325256348	bos_eos
seed_43	1_2_intran_S_marker	02_1_2_intran_S_marker	fig:heatmap-2-intran-s-marker	1.2 Intransitive S marker	75_vos_gn_er_b_no	vos	gn	erg-abs	balancing	nomn	svo	SV	AVP	100	0.93	0	0.0	0.8341974544525147	bos_eos
seed_43	1_2_intran_S_marker	02_1_2_intran_S_marker	fig:heatmap-2-intran-s-marker	1.2 Intransitive S marker	76_vos_gn_er_d_se	vos	gn	erg-abs	deranking	sent	vos	VS	VPA	100	0.92	0	0.0	0.8313736653327942	bos_eos
seed_43	1_2_intran_S_marker	02_1_2_intran_S_marker	fig:heatmap-2-intran-s-marker	1.2 Intransitive S marker	77_vos_gn_er_d_pa	vos	gn	erg-abs	deranking	poss-acc	svo	SV	AVP	100	0.96	0	0.0	0.8347328782081604	bos_eos
seed_43	1_2_intran_S_marker	02_1_2_intran_S_marker	fig:heatmap-2-intran-s-marker	1.2 Intransitive S marker	78_vos_gn_er_d_ep	vos	gn	erg-abs	deranking	erg-poss	sov	SV	PVA	100	0.96	0	0.0	0.7986175203323365	bos_eos
seed_43	1_2_intran_S_marker	02_1_2_intran_S_marker	fig:heatmap-2-intran-s-marker	1.2 Intransitive S marker	79_vos_gn_er_d_no	vos	gn	erg-abs	deranking	nomn	svo	SV	AVP	100	0.92	0	0.0	0.761656048297882	bos_eos
seed_43	1_2_intran_S_marker	02_1_2_intran_S_marker	fig:heatmap-2-intran-s-marker	1.2 Intransitive S marker	80_vos_ng_ac_b_se	vos	ng	nom-acc	balancing	sent	vos	VS	VPA	100	0.68	0	0.0	0.24754980087280273	bos_eos
seed_43	1_2_intran_S_marker	02_1_2_intran_S_marker	fig:heatmap-2-intran-s-marker	1.2 Intransitive S marker	81_vos_ng_ac_b_pa	vos	ng	nom-acc	balancing	poss-acc	vos	VS	VPA	100	0.69	0	0.0	0.31023497104644776	bos_eos
seed_43	1_2_intran_S_marker	02_1_2_intran_S_marker	fig:heatmap-2-intran-s-marker	1.2 Intransitive S marker	82_vos_ng_ac_b_ep	vos	ng	nom-acc	balancing	erg-poss	vos	VS	VPA	100	0.68	0	0.0	0.3297315263748169	bos_eos
seed_43	1_2_intran_S_marker	02_1_2_intran_S_marker	fig:heatmap-2-intran-s-marker	1.2 Intransitive S marker	83_vos_ng_ac_b_no	vos	ng	nom-acc	balancing	nomn	vos	VS	VPA	100	0.68	0	0.0	0.24969457626342773	bos_eos
seed_43	1_2_intran_S_marker	02_1_2_intran_S_marker	fig:heatmap-2-intran-s-marker	1.2 Intransitive S marker	84_vos_ng_ac_d_se	vos	ng	nom-acc	deranking	sent	vos	VS	VPA	100	0.71	0	0.0	0.4469159698486328	bos_eos
seed_43	1_2_intran_S_marker	02_1_2_intran_S_marker	fig:heatmap-2-intran-s-marker	1.2 Intransitive S marker	85_vos_ng_ac_d_pa	vos	ng	nom-acc	deranking	poss-acc	vos	VS	VPA	100	0.69	0	0.0	0.3327630877494812	bos_eos
seed_43	1_2_intran_S_marker	02_1_2_intran_S_marker	fig:heatmap-2-intran-s-marker	1.2 Intransitive S marker	86_vos_ng_ac_d_ep	vos	ng	nom-acc	deranking	erg-poss	vos	VS	VPA	100	0.83	0	0.0	0.5327363657951355	bos_eos
seed_43	1_2_intran_S_marker	02_1_2_intran_S_marker	fig:heatmap-2-intran-s-marker	1.2 Intransitive S marker	87_vos_ng_ac_d_no	vos	ng	nom-acc	deranking	nomn	vos	VS	VPA	100	0.86	0	0.0	0.6033192420005798	bos_eos
seed_43	1_2_intran_S_marker	02_1_2_intran_S_marker	fig:heatmap-2-intran-s-marker	1.2 Intransitive S marker	88_vos_ng_er_b_se	vos	ng	erg-abs	balancing	sent	vos	VS	VPA	100	0.98	0	0.0	0.7773117351531983	bos_eos
seed_43	1_2_intran_S_marker	02_1_2_intran_S_marker	fig:heatmap-2-intran-s-marker	1.2 Intransitive S marker	89_vos_ng_er_b_pa	vos	ng	erg-abs	balancing	poss-acc	vos	VS	VPA	100	0.99	0	0.0	0.9279202532768249	bos_eos
seed_43	1_2_intran_S_marker	02_1_2_intran_S_marker	fig:heatmap-2-intran-s-marker	1.2 Intransitive S marker	90_vos_ng_er_b_ep	vos	ng	erg-abs	balancing	erg-poss	vos	VS	VPA	100	0.98	0	0.0	0.8056216049194336	bos_eos
seed_43	1_2_intran_S_marker	02_1_2_intran_S_marker	fig:heatmap-2-intran-s-marker	1.2 Intransitive S marker	91_vos_ng_er_b_no	vos	ng	erg-abs	balancing	nomn	vos	VS	VPA	100	0.99	0	0.0	0.8286825275421142	bos_eos
seed_43	1_2_intran_S_marker	02_1_2_intran_S_marker	fig:heatmap-2-intran-s-marker	1.2 Intransitive S marker	92_vos_ng_er_d_se	vos	ng	erg-abs	deranking	sent	vos	VS	VPA	100	0.99	0	0.0	0.8198720288276672	bos_eos
seed_43	1_2_intran_S_marker	02_1_2_intran_S_marker	fig:heatmap-2-intran-s-marker	1.2 Intransitive S marker	93_vos_ng_er_d_pa	vos	ng	erg-abs	deranking	poss-acc	vos	VS	VPA	100	0.99	0	0.0	0.8256934809684754	bos_eos
seed_43	1_2_intran_S_marker	02_1_2_intran_S_marker	fig:heatmap-2-intran-s-marker	1.2 Intransitive S marker	94_vos_ng_er_d_ep	vos	ng	erg-abs	deranking	erg-poss	vos	VS	VPA	100	0.99	0	0.0	0.9007028555870056	bos_eos
seed_43	1_2_intran_S_marker	02_1_2_intran_S_marker	fig:heatmap-2-intran-s-marker	1.2 Intransitive S marker	95_vos_ng_er_d_no	vos	ng	erg-abs	deranking	nomn	vos	VS	VPA	100	0.99	0	0.0	0.9011161184310913	bos_eos
seed_43	1_3_intran_SV_order	03_1_3_intran_SV_order	fig:heatmap-3-intran-sv-order	1.3 Intransitive S--V order	00_sov_gn_ac_b_se	sov	gn	nom-acc	balancing	sent	sov	SV	APV	100	1.0	0	0.0	3.7862739300727846	bos_eos
seed_43	1_3_intran_SV_order	03_1_3_intran_SV_order	fig:heatmap-3-intran-sv-order	1.3 Intransitive S--V order	01_sov_gn_ac_b_pa	sov	gn	nom-acc	balancing	poss-acc	sov	SV	APV	100	1.0	0	0.0	3.9003850531578066	bos_eos
seed_43	1_3_intran_SV_order	03_1_3_intran_SV_order	fig:heatmap-3-intran-sv-order	1.3 Intransitive S--V order	02_sov_gn_ac_b_ep	sov	gn	nom-acc	balancing	erg-poss	sov	SV	APV	100	1.0	0	0.0	4.068009080886841	bos_eos
seed_43	1_3_intran_SV_order	03_1_3_intran_SV_order	fig:heatmap-3-intran-sv-order	1.3 Intransitive S--V order	03_sov_gn_ac_b_no	sov	gn	nom-acc	balancing	nomn	sov	SV	APV	100	1.0	0	0.0	3.5755003786087034	bos_eos
seed_43	1_3_intran_SV_order	03_1_3_intran_SV_order	fig:heatmap-3-intran-sv-order	1.3 Intransitive S--V order	04_sov_gn_ac_d_se	sov	gn	nom-acc	deranking	sent	sov	SV	APV	100	1.0	0	0.0	3.8071575570106506	bos_eos
seed_43	1_3_intran_SV_order	03_1_3_intran_SV_order	fig:heatmap-3-intran-sv-order	1.3 Intransitive S--V order	05_sov_gn_ac_d_pa	sov	gn	nom-acc	deranking	poss-acc	sov	SV	APV	100	1.0	0	0.0	3.7337117552757264	bos_eos
seed_43	1_3_intran_SV_order	03_1_3_intran_SV_order	fig:heatmap-3-intran-sv-order	1.3 Intransitive S--V order	06_sov_gn_ac_d_ep	sov	gn	nom-acc	deranking	erg-poss	sov	SV	APV	100	1.0	0	0.0	3.844204671382904	bos_eos
seed_43	1_3_intran_SV_order	03_1_3_intran_SV_order	fig:heatmap-3-intran-sv-order	1.3 Intransitive S--V order	07_sov_gn_ac_d_no	sov	gn	nom-acc	deranking	nomn	sov	SV	APV	100	1.0	0	0.0	3.8402101016044616	bos_eos
seed_43	1_3_intran_SV_order	03_1_3_intran_SV_order	fig:heatmap-3-intran-sv-order	1.3 Intransitive S--V order	08_sov_gn_er_b_se	sov	gn	erg-abs	balancing	sent	sov	SV	APV	100	1.0	0	0.0	4.439437978267669	bos_eos
seed_43	1_3_intran_SV_order	03_1_3_intran_SV_order	fig:heatmap-3-intran-sv-order	1.3 Intransitive S--V order	09_sov_gn_er_b_pa	sov	gn	erg-abs	balancing	poss-acc	sov	SV	APV	100	1.0	0	0.0	4.360277507305145	bos_eos
seed_43	1_3_intran_SV_order	03_1_3_intran_SV_order	fig:heatmap-3-intran-sv-order	1.3 Intransitive S--V order	10_sov_gn_er_b_ep	sov	gn	erg-abs	balancing	erg-poss	sov	SV	APV	100	1.0	0	0.0	4.584084610939026	bos_eos
seed_43	1_3_intran_SV_order	03_1_3_intran_SV_order	fig:heatmap-3-intran-sv-order	1.3 Intransitive S--V order	11_sov_gn_er_b_no	sov	gn	erg-abs	balancing	nomn	sov	SV	APV	100	1.0	0	0.0	4.485988066196442	bos_eos
seed_43	1_3_intran_SV_order	03_1_3_intran_SV_order	fig:heatmap-3-intran-sv-order	1.3 Intransitive S--V order	12_sov_gn_er_d_se	sov	gn	erg-abs	deranking	sent	sov	SV	APV	100	1.0	0	0.0	4.467660019397735	bos_eos
seed_43	1_3_intran_SV_order	03_1_3_intran_SV_order	fig:heatmap-3-intran-sv-order	1.3 Intransitive S--V order	13_sov_gn_er_d_pa	sov	gn	erg-abs	deranking	poss-acc	sov	SV	APV	100	1.0	0	0.0	4.340749514102936	bos_eos
seed_43	1_3_intran_SV_order	03_1_3_intran_SV_order	fig:heatmap-3-intran-sv-order	1.3 Intransitive S--V order	14_sov_gn_er_d_ep	sov	gn	erg-abs	deranking	erg-poss	sov	SV	APV	100	1.0	0	0.0	4.460025618076324	bos_eos
seed_43	1_3_intran_SV_order	03_1_3_intran_SV_order	fig:heatmap-3-intran-sv-order	1.3 Intransitive S--V order	15_sov_gn_er_d_no	sov	gn	erg-abs	deranking	nomn	sov	SV	APV	100	1.0	0	0.0	4.718058848381043	bos_eos
seed_43	1_3_intran_SV_order	03_1_3_intran_SV_order	fig:heatmap-3-intran-sv-order	1.3 Intransitive S--V order	16_sov_ng_ac_b_se	sov	ng	nom-acc	balancing	sent	sov	SV	APV	100	1.0	0	0.0	3.777105007171631	bos_eos
seed_43	1_3_intran_SV_order	03_1_3_intran_SV_order	fig:heatmap-3-intran-sv-order	1.3 Intransitive S--V order	17_sov_ng_ac_b_pa	sov	ng	nom-acc	balancing	poss-acc	ovs	VS	PVA	100	1.0	0	0.0	3.989940700531006	bos_eos
seed_43	1_3_intran_SV_order	03_1_3_intran_SV_order	fig:heatmap-3-intran-sv-order	1.3 Intransitive S--V order	18_sov_ng_ac_b_ep	sov	ng	nom-acc	balancing	erg-poss	vos	VS	AVP	100	1.0	0	0.0	3.9665604710578917	bos_eos
seed_43	1_3_intran_SV_order	03_1_3_intran_SV_order	fig:heatmap-3-intran-sv-order	1.3 Intransitive S--V order	19_sov_ng_ac_b_no	sov	ng	nom-acc	balancing	nomn	ovs	VS	PVA	100	1.0	0	0.0	3.977691316604614	bos_eos
seed_43	1_3_intran_SV_order	03_1_3_intran_SV_order	fig:heatmap-3-intran-sv-order	1.3 Intransitive S--V order	20_sov_ng_ac_d_se	sov	ng	nom-acc	deranking	sent	sov	SV	APV	100	1.0	0	0.0	4.148989944458008	bos_eos
seed_43	1_3_intran_SV_order	03_1_3_intran_SV_order	fig:heatmap-3-intran-sv-order	1.3 Intransitive S--V order	21_sov_ng_ac_d_pa	sov	ng	nom-acc	deranking	poss-acc	ovs	VS	PVA	100	1.0	0	0.0	4.121893022060394	bos_eos
seed_43	1_3_intran_SV_order	03_1_3_intran_SV_order	fig:heatmap-3-intran-sv-order	1.3 Intransitive S--V order	22_sov_ng_ac_d_ep	sov	ng	nom-acc	deranking	erg-poss	vos	VS	AVP	100	1.0	0	0.0	3.964275379180908	bos_eos
seed_43	1_3_intran_SV_order	03_1_3_intran_SV_order	fig:heatmap-3-intran-sv-order	1.3 Intransitive S--V order	23_sov_ng_ac_d_no	sov	ng	nom-acc	deranking	nomn	ovs	VS	PVA	100	1.0	0	0.0	3.9617171573638914	bos_eos
seed_43	1_3_intran_SV_order	03_1_3_intran_SV_order	fig:heatmap-3-intran-sv-order	1.3 Intransitive S--V order	24_sov_ng_er_b_se	sov	ng	erg-abs	balancing	sent	sov	SV	APV	100	1.0	0	0.0	4.265208723545075	bos_eos
seed_43	1_3_intran_SV_order	03_1_3_intran_SV_order	fig:heatmap-3-intran-sv-order	1.3 Intransitive S--V order	25_sov_ng_er_b_pa	sov	ng	erg-abs	balancing	poss-acc	ovs	VS	PVA	100	1.0	0	0.0	4.357433989048004	bos_eos
seed_43	1_3_intran_SV_order	03_1_3_intran_SV_order	fig:heatmap-3-intran-sv-order	1.3 Intransitive S--V order	26_sov_ng_er_b_ep	sov	ng	erg-abs	balancing	erg-poss	vos	VS	AVP	100	1.0	0	0.0	4.5716169071197506	bos_eos
seed_43	1_3_intran_SV_order	03_1_3_intran_SV_order	fig:heatmap-3-intran-sv-order	1.3 Intransitive S--V order	27_sov_ng_er_b_no	sov	ng	erg-abs	balancing	nomn	ovs	VS	PVA	100	1.0	0	0.0	4.2970384502410885	bos_eos
seed_43	1_3_intran_SV_order	03_1_3_intran_SV_order	fig:heatmap-3-intran-sv-order	1.3 Intransitive S--V order	28_sov_ng_er_d_se	sov	ng	erg-abs	deranking	sent	sov	SV	APV	100	1.0	0	0.0	4.525771265029907	bos_eos
seed_43	1_3_intran_SV_order	03_1_3_intran_SV_order	fig:heatmap-3-intran-sv-order	1.3 Intransitive S--V order	29_sov_ng_er_d_pa	sov	ng	erg-abs	deranking	poss-acc	ovs	VS	PVA	100	1.0	0	0.0	4.288440225124359	bos_eos
seed_43	1_3_intran_SV_order	03_1_3_intran_SV_order	fig:heatmap-3-intran-sv-order	1.3 Intransitive S--V order	30_sov_ng_er_d_ep	sov	ng	erg-abs	deranking	erg-poss	vos	VS	AVP	100	1.0	0	0.0	4.531797194480896	bos_eos
seed_43	1_3_intran_SV_order	03_1_3_intran_SV_order	fig:heatmap-3-intran-sv-order	1.3 Intransitive S--V order	31_sov_ng_er_d_no	sov	ng	erg-abs	deranking	nomn	ovs	VS	PVA	100	1.0	0	0.0	4.482425401210785	bos_eos
seed_43	1_3_intran_SV_order	03_1_3_intran_SV_order	fig:heatmap-3-intran-sv-order	1.3 Intransitive S--V order	32_svo_gn_ac_b_se	svo	gn	nom-acc	balancing	sent	svo	SV	AVP	100	1.0	0	0.0	4.499795641899109	bos_eos
seed_43	1_3_intran_SV_order	03_1_3_intran_SV_order	fig:heatmap-3-intran-sv-order	1.3 Intransitive S--V order	33_svo_gn_ac_b_pa	svo	gn	nom-acc	balancing	poss-acc	svo	SV	AVP	100	1.0	0	0.0	4.612016000747681	bos_eos
seed_43	1_3_intran_SV_order	03_1_3_intran_SV_order	fig:heatmap-3-intran-sv-order	1.3 Intransitive S--V order	34_svo_gn_ac_b_ep	svo	gn	nom-acc	balancing	erg-poss	sov	SV	PVA	100	1.0	0	0.0	4.43759336233139	bos_eos
seed_43	1_3_intran_SV_order	03_1_3_intran_SV_order	fig:heatmap-3-intran-sv-order	1.3 Intransitive S--V order	35_svo_gn_ac_b_no	svo	gn	nom-acc	balancing	nomn	svo	SV	AVP	100	1.0	0	0.0	4.39722279548645	bos_eos
seed_43	1_3_intran_SV_order	03_1_3_intran_SV_order	fig:heatmap-3-intran-sv-order	1.3 Intransitive S--V order	36_svo_gn_ac_d_se	svo	gn	nom-acc	deranking	sent	svo	SV	AVP	100	1.0	0	0.0	4.336029732227326	bos_eos
seed_43	1_3_intran_SV_order	03_1_3_intran_SV_order	fig:heatmap-3-intran-sv-order	1.3 Intransitive S--V order	37_svo_gn_ac_d_pa	svo	gn	nom-acc	deranking	poss-acc	svo	SV	AVP	100	1.0	0	0.0	4.258004369735718	bos_eos
seed_43	1_3_intran_SV_order	03_1_3_intran_SV_order	fig:heatmap-3-intran-sv-order	1.3 Intransitive S--V order	38_svo_gn_ac_d_ep	svo	gn	nom-acc	deranking	erg-poss	sov	SV	PVA	100	1.0	0	0.0	4.5677469444274905	bos_eos
seed_43	1_3_intran_SV_order	03_1_3_intran_SV_order	fig:heatmap-3-intran-sv-order	1.3 Intransitive S--V order	39_svo_gn_ac_d_no	svo	gn	nom-acc	deranking	nomn	svo	SV	AVP	100	1.0	0	0.0	4.146856589317322	bos_eos
seed_43	1_3_intran_SV_order	03_1_3_intran_SV_order	fig:heatmap-3-intran-sv-order	1.3 Intransitive S--V order	40_svo_gn_er_b_se	svo	gn	erg-abs	balancing	sent	svo	SV	AVP	100	1.0	0	0.0	3.2887345290184022	bos_eos
seed_43	1_3_intran_SV_order	03_1_3_intran_SV_order	fig:heatmap-3-intran-sv-order	1.3 Intransitive S--V order	41_svo_gn_er_b_pa	svo	gn	erg-abs	balancing	poss-acc	svo	SV	AVP	100	1.0	0	0.0	3.467306528091431	bos_eos
seed_43	1_3_intran_SV_order	03_1_3_intran_SV_order	fig:heatmap-3-intran-sv-order	1.3 Intransitive S--V order	42_svo_gn_er_b_ep	svo	gn	erg-abs	balancing	erg-poss	sov	SV	PVA	100	1.0	0	0.0	3.3652347326278687	bos_eos
seed_43	1_3_intran_SV_order	03_1_3_intran_SV_order	fig:heatmap-3-intran-sv-order	1.3 Intransitive S--V order	43_svo_gn_er_b_no	svo	gn	erg-abs	balancing	nomn	svo	SV	AVP	100	1.0	0	0.0	2.979695665836334	bos_eos
seed_43	1_3_intran_SV_order	03_1_3_intran_SV_order	fig:heatmap-3-intran-sv-order	1.3 Intransitive S--V order	44_svo_gn_er_d_se	svo	gn	erg-abs	deranking	sent	svo	SV	AVP	100	1.0	0	0.0	3.099786126613617	bos_eos
seed_43	1_3_intran_SV_order	03_1_3_intran_SV_order	fig:heatmap-3-intran-sv-order	1.3 Intransitive S--V order	45_svo_gn_er_d_pa	svo	gn	erg-abs	deranking	poss-acc	svo	SV	AVP	100	1.0	0	0.0	3.1139211416244508	bos_eos
seed_43	1_3_intran_SV_order	03_1_3_intran_SV_order	fig:heatmap-3-intran-sv-order	1.3 Intransitive S--V order	46_svo_gn_er_d_ep	svo	gn	erg-abs	deranking	erg-poss	sov	SV	PVA	100	1.0	0	0.0	3.201924936771393	bos_eos
seed_43	1_3_intran_SV_order	03_1_3_intran_SV_order	fig:heatmap-3-intran-sv-order	1.3 Intransitive S--V order	47_svo_gn_er_d_no	svo	gn	erg-abs	deranking	nomn	svo	SV	AVP	100	1.0	0	0.0	3.138693161010742	bos_eos
seed_43	1_3_intran_SV_order	03_1_3_intran_SV_order	fig:heatmap-3-intran-sv-order	1.3 Intransitive S--V order	48_svo_ng_ac_b_se	svo	ng	nom-acc	balancing	sent	svo	SV	AVP	100	1.0	0	0.0	4.424163558483124	bos_eos
seed_43	1_3_intran_SV_order	03_1_3_intran_SV_order	fig:heatmap-3-intran-sv-order	1.3 Intransitive S--V order	49_svo_ng_ac_b_pa	svo	ng	nom-acc	balancing	poss-acc	vos	VS	VPA	100	1.0	0	0.0	4.4383410906791685	bos_eos
seed_43	1_3_intran_SV_order	03_1_3_intran_SV_order	fig:heatmap-3-intran-sv-order	1.3 Intransitive S--V order	50_svo_ng_ac_b_ep	svo	ng	nom-acc	balancing	erg-poss	vos	VS	VPA	100	1.0	0	0.0	4.397790386676788	bos_eos
seed_43	1_3_intran_SV_order	03_1_3_intran_SV_order	fig:heatmap-3-intran-sv-order	1.3 Intransitive S--V order	51_svo_ng_ac_b_no	svo	ng	nom-acc	balancing	nomn	vos	VS	VPA	100	1.0	0	0.0	4.443950736522675	bos_eos
seed_43	1_3_intran_SV_order	03_1_3_intran_SV_order	fig:heatmap-3-intran-sv-order	1.3 Intransitive S--V order	52_svo_ng_ac_d_se	svo	ng	nom-acc	deranking	sent	svo	SV	AVP	100	1.0	0	0.0	4.346855890750885	bos_eos
seed_43	1_3_intran_SV_order	03_1_3_intran_SV_order	fig:heatmap-3-intran-sv-order	1.3 Intransitive S--V order	53_svo_ng_ac_d_pa	svo	ng	nom-acc	deranking	poss-acc	vos	VS	VPA	100	1.0	0	0.0	4.273761813640594	bos_eos
seed_43	1_3_intran_SV_order	03_1_3_intran_SV_order	fig:heatmap-3-intran-sv-order	1.3 Intransitive S--V order	54_svo_ng_ac_d_ep	svo	ng	nom-acc	deranking	erg-poss	vos	VS	VPA	100	1.0	0	0.0	4.206285762786865	bos_eos
seed_43	1_3_intran_SV_order	03_1_3_intran_SV_order	fig:heatmap-3-intran-sv-order	1.3 Intransitive S--V order	55_svo_ng_ac_d_no	svo	ng	nom-acc	deranking	nomn	vos	VS	VPA	100	1.0	0	0.0	4.262627620697021	bos_eos
seed_43	1_3_intran_SV_order	03_1_3_intran_SV_order	fig:heatmap-3-intran-sv-order	1.3 Intransitive S--V order	56_svo_ng_er_b_se	svo	ng	erg-abs	balancing	sent	svo	SV	AVP	100	1.0	0	0.0	3.239493579864502	bos_eos
seed_43	1_3_intran_SV_order	03_1_3_intran_SV_order	fig:heatmap-3-intran-sv-order	1.3 Intransitive S--V order	57_svo_ng_er_b_pa	svo	ng	erg-abs	balancing	poss-acc	vos	VS	VPA	100	1.0	0	0.0	3.0219603300094606	bos_eos
seed_43	1_3_intran_SV_order	03_1_3_intran_SV_order	fig:heatmap-3-intran-sv-order	1.3 Intransitive S--V order	58_svo_ng_er_b_ep	svo	ng	erg-abs	balancing	erg-poss	vos	VS	VPA	100	1.0	0	0.0	3.2812641310691832	bos_eos
seed_43	1_3_intran_SV_order	03_1_3_intran_SV_order	fig:heatmap-3-intran-sv-order	1.3 Intransitive S--V order	59_svo_ng_er_b_no	svo	ng	erg-abs	balancing	nomn	vos	VS	VPA	100	1.0	0	0.0	3.6403157567977904	bos_eos
seed_43	1_3_intran_SV_order	03_1_3_intran_SV_order	fig:heatmap-3-intran-sv-order	1.3 Intransitive S--V order	60_svo_ng_er_d_se	svo	ng	erg-abs	deranking	sent	svo	SV	AVP	100	1.0	0	0.0	3.1458399176597593	bos_eos
seed_43	1_3_intran_SV_order	03_1_3_intran_SV_order	fig:heatmap-3-intran-sv-order	1.3 Intransitive S--V order	61_svo_ng_er_d_pa	svo	ng	erg-abs	deranking	poss-acc	vos	VS	VPA	100	1.0	0	0.0	3.583163959980011	bos_eos
seed_43	1_3_intran_SV_order	03_1_3_intran_SV_order	fig:heatmap-3-intran-sv-order	1.3 Intransitive S--V order	62_svo_ng_er_d_ep	svo	ng	erg-abs	deranking	erg-poss	vos	VS	VPA	100	1.0	0	0.0	3.3612316179275514	bos_eos
seed_43	1_3_intran_SV_order	03_1_3_intran_SV_order	fig:heatmap-3-intran-sv-order	1.3 Intransitive S--V order	63_svo_ng_er_d_no	svo	ng	erg-abs	deranking	nomn	vos	VS	VPA	100	1.0	0	0.0	3.2937817931175233	bos_eos
seed_43	1_3_intran_SV_order	03_1_3_intran_SV_order	fig:heatmap-3-intran-sv-order	1.3 Intransitive S--V order	64_vos_gn_ac_b_se	vos	gn	nom-acc	balancing	sent	vos	VS	VPA	100	1.0	0	0.0	5.139059915542602	bos_eos
seed_43	1_3_intran_SV_order	03_1_3_intran_SV_order	fig:heatmap-3-intran-sv-order	1.3 Intransitive S--V order	65_vos_gn_ac_b_pa	vos	gn	nom-acc	balancing	poss-acc	svo	SV	AVP	100	1.0	0	0.0	5.269428622722626	bos_eos
seed_43	1_3_intran_SV_order	03_1_3_intran_SV_order	fig:heatmap-3-intran-sv-order	1.3 Intransitive S--V order	66_vos_gn_ac_b_ep	vos	gn	nom-acc	balancing	erg-poss	sov	SV	PVA	100	1.0	0	0.0	5.316395764350891	bos_eos
seed_43	1_3_intran_SV_order	03_1_3_intran_SV_order	fig:heatmap-3-intran-sv-order	1.3 Intransitive S--V order	67_vos_gn_ac_b_no	vos	gn	nom-acc	balancing	nomn	svo	SV	AVP	100	1.0	0	0.0	5.02390702009201	bos_eos
seed_43	1_3_intran_SV_order	03_1_3_intran_SV_order	fig:heatmap-3-intran-sv-order	1.3 Intransitive S--V order	68_vos_gn_ac_d_se	vos	gn	nom-acc	deranking	sent	vos	VS	VPA	100	1.0	0	0.0	6.03643474817276	bos_eos
seed_43	1_3_intran_SV_order	03_1_3_intran_SV_order	fig:heatmap-3-intran-sv-order	1.3 Intransitive S--V order	69_vos_gn_ac_d_pa	vos	gn	nom-acc	deranking	poss-acc	svo	SV	AVP	100	1.0	0	0.0	5.7942990732193	bos_eos
seed_43	1_3_intran_SV_order	03_1_3_intran_SV_order	fig:heatmap-3-intran-sv-order	1.3 Intransitive S--V order	70_vos_gn_ac_d_ep	vos	gn	nom-acc	deranking	erg-poss	sov	SV	PVA	100	1.0	0	0.0	5.841371796131134	bos_eos
seed_43	1_3_intran_SV_order	03_1_3_intran_SV_order	fig:heatmap-3-intran-sv-order	1.3 Intransitive S--V order	71_vos_gn_ac_d_no	vos	gn	nom-acc	deranking	nomn	svo	SV	AVP	100	1.0	0	0.0	5.898533854484558	bos_eos
seed_43	1_3_intran_SV_order	03_1_3_intran_SV_order	fig:heatmap-3-intran-sv-order	1.3 Intransitive S--V order	72_vos_gn_er_b_se	vos	gn	erg-abs	balancing	sent	vos	VS	VPA	100	1.0	0	0.0	5.199138491153717	bos_eos
seed_43	1_3_intran_SV_order	03_1_3_intran_SV_order	fig:heatmap-3-intran-sv-order	1.3 Intransitive S--V order	73_vos_gn_er_b_pa	vos	gn	erg-abs	balancing	poss-acc	svo	SV	AVP	100	1.0	0	0.0	5.216229758262634	bos_eos
seed_43	1_3_intran_SV_order	03_1_3_intran_SV_order	fig:heatmap-3-intran-sv-order	1.3 Intransitive S--V order	74_vos_gn_er_b_ep	vos	gn	erg-abs	balancing	erg-poss	sov	SV	PVA	100	1.0	0	0.0	5.422741694450378	bos_eos
seed_43	1_3_intran_SV_order	03_1_3_intran_SV_order	fig:heatmap-3-intran-sv-order	1.3 Intransitive S--V order	75_vos_gn_er_b_no	vos	gn	erg-abs	balancing	nomn	svo	SV	AVP	100	1.0	0	0.0	5.504299652576447	bos_eos
seed_43	1_3_intran_SV_order	03_1_3_intran_SV_order	fig:heatmap-3-intran-sv-order	1.3 Intransitive S--V order	76_vos_gn_er_d_se	vos	gn	erg-abs	deranking	sent	vos	VS	VPA	100	1.0	0	0.0	5.736128699779511	bos_eos
seed_43	1_3_intran_SV_order	03_1_3_intran_SV_order	fig:heatmap-3-intran-sv-order	1.3 Intransitive S--V order	77_vos_gn_er_d_pa	vos	gn	erg-abs	deranking	poss-acc	svo	SV	AVP	100	1.0	0	0.0	6.186593217849731	bos_eos
seed_43	1_3_intran_SV_order	03_1_3_intran_SV_order	fig:heatmap-3-intran-sv-order	1.3 Intransitive S--V order	78_vos_gn_er_d_ep	vos	gn	erg-abs	deranking	erg-poss	sov	SV	PVA	100	1.0	0	0.0	6.0929482197761535	bos_eos
seed_43	1_3_intran_SV_order	03_1_3_intran_SV_order	fig:heatmap-3-intran-sv-order	1.3 Intransitive S--V order	79_vos_gn_er_d_no	vos	gn	erg-abs	deranking	nomn	svo	SV	AVP	100	1.0	0	0.0	5.900626716613769	bos_eos
seed_43	1_3_intran_SV_order	03_1_3_intran_SV_order	fig:heatmap-3-intran-sv-order	1.3 Intransitive S--V order	80_vos_ng_ac_b_se	vos	ng	nom-acc	balancing	sent	vos	VS	VPA	100	1.0	0	0.0	4.57378378868103	bos_eos
seed_43	1_3_intran_SV_order	03_1_3_intran_SV_order	fig:heatmap-3-intran-sv-order	1.3 Intransitive S--V order	81_vos_ng_ac_b_pa	vos	ng	nom-acc	balancing	poss-acc	vos	VS	VPA	100	1.0	0	0.0	4.472376656532288	bos_eos
seed_43	1_3_intran_SV_order	03_1_3_intran_SV_order	fig:heatmap-3-intran-sv-order	1.3 Intransitive S--V order	82_vos_ng_ac_b_ep	vos	ng	nom-acc	balancing	erg-poss	vos	VS	VPA	100	1.0	0	0.0	4.635872821807862	bos_eos
seed_43	1_3_intran_SV_order	03_1_3_intran_SV_order	fig:heatmap-3-intran-sv-order	1.3 Intransitive S--V order	83_vos_ng_ac_b_no	vos	ng	nom-acc	balancing	nomn	vos	VS	VPA	100	1.0	0	0.0	4.345727407932282	bos_eos
seed_43	1_3_intran_SV_order	03_1_3_intran_SV_order	fig:heatmap-3-intran-sv-order	1.3 Intransitive S--V order	84_vos_ng_ac_d_se	vos	ng	nom-acc	deranking	sent	vos	VS	VPA	100	1.0	0	0.0	5.32455374956131	bos_eos
seed_43	1_3_intran_SV_order	03_1_3_intran_SV_order	fig:heatmap-3-intran-sv-order	1.3 Intransitive S--V order	85_vos_ng_ac_d_pa	vos	ng	nom-acc	deranking	poss-acc	vos	VS	VPA	100	1.0	0	0.0	5.4216744589805606	bos_eos
seed_43	1_3_intran_SV_order	03_1_3_intran_SV_order	fig:heatmap-3-intran-sv-order	1.3 Intransitive S--V order	86_vos_ng_ac_d_ep	vos	ng	nom-acc	deranking	erg-poss	vos	VS	VPA	100	1.0	0	0.0	5.174910430908203	bos_eos
seed_43	1_3_intran_SV_order	03_1_3_intran_SV_order	fig:heatmap-3-intran-sv-order	1.3 Intransitive S--V order	87_vos_ng_ac_d_no	vos	ng	nom-acc	deranking	nomn	vos	VS	VPA	100	1.0	0	0.0	5.279412126541137	bos_eos
seed_43	1_3_intran_SV_order	03_1_3_intran_SV_order	fig:heatmap-3-intran-sv-order	1.3 Intransitive S--V order	88_vos_ng_er_b_se	vos	ng	erg-abs	balancing	sent	vos	VS	VPA	100	1.0	0	0.0	5.066896593570709	bos_eos
seed_43	1_3_intran_SV_order	03_1_3_intran_SV_order	fig:heatmap-3-intran-sv-order	1.3 Intransitive S--V order	89_vos_ng_er_b_pa	vos	ng	erg-abs	balancing	poss-acc	vos	VS	VPA	100	1.0	0	0.0	4.970144534111023	bos_eos
seed_43	1_3_intran_SV_order	03_1_3_intran_SV_order	fig:heatmap-3-intran-sv-order	1.3 Intransitive S--V order	90_vos_ng_er_b_ep	vos	ng	erg-abs	balancing	erg-poss	vos	VS	VPA	100	1.0	0	0.0	4.888605742454529	bos_eos
seed_43	1_3_intran_SV_order	03_1_3_intran_SV_order	fig:heatmap-3-intran-sv-order	1.3 Intransitive S--V order	91_vos_ng_er_b_no	vos	ng	erg-abs	balancing	nomn	vos	VS	VPA	100	1.0	0	0.0	5.091756587028503	bos_eos
seed_43	1_3_intran_SV_order	03_1_3_intran_SV_order	fig:heatmap-3-intran-sv-order	1.3 Intransitive S--V order	92_vos_ng_er_d_se	vos	ng	erg-abs	deranking	sent	vos	VS	VPA	100	1.0	0	0.0	5.696215081214905	bos_eos
seed_43	1_3_intran_SV_order	03_1_3_intran_SV_order	fig:heatmap-3-intran-sv-order	1.3 Intransitive S--V order	93_vos_ng_er_d_pa	vos	ng	erg-abs	deranking	poss-acc	vos	VS	VPA	100	1.0	0	0.0	5.779038405418396	bos_eos
seed_43	1_3_intran_SV_order	03_1_3_intran_SV_order	fig:heatmap-3-intran-sv-order	1.3 Intransitive S--V order	94_vos_ng_er_d_ep	vos	ng	erg-abs	deranking	erg-poss	vos	VS	VPA	100	1.0	0	0.0	5.813320784568787	bos_eos
seed_43	1_3_intran_SV_order	03_1_3_intran_SV_order	fig:heatmap-3-intran-sv-order	1.3 Intransitive S--V order	95_vos_ng_er_d_no	vos	ng	erg-abs	deranking	nomn	vos	VS	VPA	100	1.0	0	0.0	5.782825429439544	bos_eos
seed_43	1_4_tran_V_form	04_1_4_tran_V_form	fig:heatmap-4-tran-v-form	1.4 Transitive finite verb form	00_sov_gn_ac_b_se	sov	gn	nom-acc	balancing	sent	sov	SV	APV	100	1.0	0	0.0	1.8723640465736389	bos_eos
seed_43	1_4_tran_V_form	04_1_4_tran_V_form	fig:heatmap-4-tran-v-form	1.4 Transitive finite verb form	01_sov_gn_ac_b_pa	sov	gn	nom-acc	balancing	poss-acc	sov	SV	APV	100	1.0	0	0.0	1.9327349662780762	bos_eos
seed_43	1_4_tran_V_form	04_1_4_tran_V_form	fig:heatmap-4-tran-v-form	1.4 Transitive finite verb form	02_sov_gn_ac_b_ep	sov	gn	nom-acc	balancing	erg-poss	sov	SV	APV	100	1.0	0	0.0	2.018545939922333	bos_eos
seed_43	1_4_tran_V_form	04_1_4_tran_V_form	fig:heatmap-4-tran-v-form	1.4 Transitive finite verb form	03_sov_gn_ac_b_no	sov	gn	nom-acc	balancing	nomn	sov	SV	APV	100	1.0	0	0.0	2.056647045612335	bos_eos
seed_43	1_4_tran_V_form	04_1_4_tran_V_form	fig:heatmap-4-tran-v-form	1.4 Transitive finite verb form	04_sov_gn_ac_d_se	sov	gn	nom-acc	deranking	sent	sov	SV	APV	100	1.0	0	0.0	1.7780272078514099	bos_eos
seed_43	1_4_tran_V_form	04_1_4_tran_V_form	fig:heatmap-4-tran-v-form	1.4 Transitive finite verb form	05_sov_gn_ac_d_pa	sov	gn	nom-acc	deranking	poss-acc	sov	SV	APV	100	1.0	0	0.0	1.5847989058494567	bos_eos
seed_43	1_4_tran_V_form	04_1_4_tran_V_form	fig:heatmap-4-tran-v-form	1.4 Transitive finite verb form	06_sov_gn_ac_d_ep	sov	gn	nom-acc	deranking	erg-poss	sov	SV	APV	100	1.0	0	0.0	1.752594211101532	bos_eos
seed_43	1_4_tran_V_form	04_1_4_tran_V_form	fig:heatmap-4-tran-v-form	1.4 Transitive finite verb form	07_sov_gn_ac_d_no	sov	gn	nom-acc	deranking	nomn	sov	SV	APV	100	1.0	0	0.0	1.9365551161766053	bos_eos
seed_43	1_4_tran_V_form	04_1_4_tran_V_form	fig:heatmap-4-tran-v-form	1.4 Transitive finite verb form	08_sov_gn_er_b_se	sov	gn	erg-abs	balancing	sent	sov	SV	APV	100	1.0	0	0.0	1.9495428013801575	bos_eos
seed_43	1_4_tran_V_form	04_1_4_tran_V_form	fig:heatmap-4-tran-v-form	1.4 Transitive finite verb form	09_sov_gn_er_b_pa	sov	gn	erg-abs	balancing	poss-acc	sov	SV	APV	100	1.0	0	0.0	2.0421755170822142	bos_eos
seed_43	1_4_tran_V_form	04_1_4_tran_V_form	fig:heatmap-4-tran-v-form	1.4 Transitive finite verb form	10_sov_gn_er_b_ep	sov	gn	erg-abs	balancing	erg-poss	sov	SV	APV	100	1.0	0	0.0	2.0351288866996766	bos_eos
seed_43	1_4_tran_V_form	04_1_4_tran_V_form	fig:heatmap-4-tran-v-form	1.4 Transitive finite verb form	11_sov_gn_er_b_no	sov	gn	erg-abs	balancing	nomn	sov	SV	APV	100	1.0	0	0.0	2.0332229208946226	bos_eos
seed_43	1_4_tran_V_form	04_1_4_tran_V_form	fig:heatmap-4-tran-v-form	1.4 Transitive finite verb form	12_sov_gn_er_d_se	sov	gn	erg-abs	deranking	sent	sov	SV	APV	100	1.0	0	0.0	1.6823840951919555	bos_eos
seed_43	1_4_tran_V_form	04_1_4_tran_V_form	fig:heatmap-4-tran-v-form	1.4 Transitive finite verb form	13_sov_gn_er_d_pa	sov	gn	erg-abs	deranking	poss-acc	sov	SV	APV	100	1.0	0	0.0	1.57026216506958	bos_eos
seed_43	1_4_tran_V_form	04_1_4_tran_V_form	fig:heatmap-4-tran-v-form	1.4 Transitive finite verb form	14_sov_gn_er_d_ep	sov	gn	erg-abs	deranking	erg-poss	sov	SV	APV	100	1.0	0	0.0	1.5821520733833312	bos_eos
seed_43	1_4_tran_V_form	04_1_4_tran_V_form	fig:heatmap-4-tran-v-form	1.4 Transitive finite verb form	15_sov_gn_er_d_no	sov	gn	erg-abs	deranking	nomn	sov	SV	APV	100	1.0	0	0.0	1.6781527161598206	bos_eos
seed_43	1_4_tran_V_form	04_1_4_tran_V_form	fig:heatmap-4-tran-v-form	1.4 Transitive finite verb form	16_sov_ng_ac_b_se	sov	ng	nom-acc	balancing	sent	sov	SV	APV	100	1.0	0	0.0	1.8150974225997925	bos_eos
seed_43	1_4_tran_V_form	04_1_4_tran_V_form	fig:heatmap-4-tran-v-form	1.4 Transitive finite verb form	17_sov_ng_ac_b_pa	sov	ng	nom-acc	balancing	poss-acc	ovs	VS	PVA	100	1.0	0	0.0	1.9384452533721923	bos_eos
seed_43	1_4_tran_V_form	04_1_4_tran_V_form	fig:heatmap-4-tran-v-form	1.4 Transitive finite verb form	18_sov_ng_ac_b_ep	sov	ng	nom-acc	balancing	erg-poss	vos	VS	AVP	100	1.0	0	0.0	2.055472915172577	bos_eos
seed_43	1_4_tran_V_form	04_1_4_tran_V_form	fig:heatmap-4-tran-v-form	1.4 Transitive finite verb form	19_sov_ng_ac_b_no	sov	ng	nom-acc	balancing	nomn	ovs	VS	PVA	100	1.0	0	0.0	1.7605001974105834	bos_eos
seed_43	1_4_tran_V_form	04_1_4_tran_V_form	fig:heatmap-4-tran-v-form	1.4 Transitive finite verb form	20_sov_ng_ac_d_se	sov	ng	nom-acc	deranking	sent	sov	SV	APV	100	1.0	0	0.0	1.7224455404281616	bos_eos
seed_43	1_4_tran_V_form	04_1_4_tran_V_form	fig:heatmap-4-tran-v-form	1.4 Transitive finite verb form	21_sov_ng_ac_d_pa	sov	ng	nom-acc	deranking	poss-acc	ovs	VS	PVA	100	1.0	0	0.0	1.5386106944084168	bos_eos
seed_43	1_4_tran_V_form	04_1_4_tran_V_form	fig:heatmap-4-tran-v-form	1.4 Transitive finite verb form	22_sov_ng_ac_d_ep	sov	ng	nom-acc	deranking	erg-poss	vos	VS	AVP	100	1.0	0	0.0	1.6547172832489014	bos_eos
seed_43	1_4_tran_V_form	04_1_4_tran_V_form	fig:heatmap-4-tran-v-form	1.4 Transitive finite verb form	23_sov_ng_ac_d_no	sov	ng	nom-acc	deranking	nomn	ovs	VS	PVA	100	1.0	0	0.0	1.7578555345535278	bos_eos
seed_43	1_4_tran_V_form	04_1_4_tran_V_form	fig:heatmap-4-tran-v-form	1.4 Transitive finite verb form	24_sov_ng_er_b_se	sov	ng	erg-abs	balancing	sent	sov	SV	APV	100	1.0	0	0.0	1.7692630410194397	bos_eos
seed_43	1_4_tran_V_form	04_1_4_tran_V_form	fig:heatmap-4-tran-v-form	1.4 Transitive finite verb form	25_sov_ng_er_b_pa	sov	ng	erg-abs	balancing	poss-acc	ovs	VS	PVA	100	1.0	0	0.0	1.8368546152114869	bos_eos
seed_43	1_4_tran_V_form	04_1_4_tran_V_form	fig:heatmap-4-tran-v-form	1.4 Transitive finite verb form	26_sov_ng_er_b_ep	sov	ng	erg-abs	balancing	erg-poss	vos	VS	AVP	100	1.0	0	0.0	1.845949215888977	bos_eos
seed_43	1_4_tran_V_form	04_1_4_tran_V_form	fig:heatmap-4-tran-v-form	1.4 Transitive finite verb form	27_sov_ng_er_b_no	sov	ng	erg-abs	balancing	nomn	ovs	VS	PVA	100	1.0	0	0.0	1.8388617515563965	bos_eos
seed_43	1_4_tran_V_form	04_1_4_tran_V_form	fig:heatmap-4-tran-v-form	1.4 Transitive finite verb form	28_sov_ng_er_d_se	sov	ng	erg-abs	deranking	sent	sov	SV	APV	100	1.0	0	0.0	1.6258350586891175	bos_eos
seed_43	1_4_tran_V_form	04_1_4_tran_V_form	fig:heatmap-4-tran-v-form	1.4 Transitive finite verb form	29_sov_ng_er_d_pa	sov	ng	erg-abs	deranking	poss-acc	ovs	VS	PVA	100	1.0	0	0.0	1.4343506050109864	bos_eos
seed_43	1_4_tran_V_form	04_1_4_tran_V_form	fig:heatmap-4-tran-v-form	1.4 Transitive finite verb form	30_sov_ng_er_d_ep	sov	ng	erg-abs	deranking	erg-poss	vos	VS	AVP	100	1.0	0	0.0	1.7685319757461548	bos_eos
seed_43	1_4_tran_V_form	04_1_4_tran_V_form	fig:heatmap-4-tran-v-form	1.4 Transitive finite verb form	31_sov_ng_er_d_no	sov	ng	erg-abs	deranking	nomn	ovs	VS	PVA	100	1.0	0	0.0	1.7129912090301513	bos_eos
seed_43	1_4_tran_V_form	04_1_4_tran_V_form	fig:heatmap-4-tran-v-form	1.4 Transitive finite verb form	32_svo_gn_ac_b_se	svo	gn	nom-acc	balancing	sent	svo	SV	AVP	100	1.0	0	0.0	2.295288412570953	bos_eos
seed_43	1_4_tran_V_form	04_1_4_tran_V_form	fig:heatmap-4-tran-v-form	1.4 Transitive finite verb form	33_svo_gn_ac_b_pa	svo	gn	nom-acc	balancing	poss-acc	svo	SV	AVP	100	1.0	0	0.0	2.166516833305359	bos_eos
seed_43	1_4_tran_V_form	04_1_4_tran_V_form	fig:heatmap-4-tran-v-form	1.4 Transitive finite verb form	34_svo_gn_ac_b_ep	svo	gn	nom-acc	balancing	erg-poss	sov	SV	PVA	100	1.0	0	0.0	2.6015469455718994	bos_eos
seed_43	1_4_tran_V_form	04_1_4_tran_V_form	fig:heatmap-4-tran-v-form	1.4 Transitive finite verb form	35_svo_gn_ac_b_no	svo	gn	nom-acc	balancing	nomn	svo	SV	AVP	100	1.0	0	0.0	2.4527060437202453	bos_eos
seed_43	1_4_tran_V_form	04_1_4_tran_V_form	fig:heatmap-4-tran-v-form	1.4 Transitive finite verb form	36_svo_gn_ac_d_se	svo	gn	nom-acc	deranking	sent	svo	SV	AVP	100	0.98	0	0.0	0.7632154583930969	bos_eos
seed_43	1_4_tran_V_form	04_1_4_tran_V_form	fig:heatmap-4-tran-v-form	1.4 Transitive finite verb form	37_svo_gn_ac_d_pa	svo	gn	nom-acc	deranking	poss-acc	svo	SV	AVP	100	0.99	0	0.0	0.8693816113471985	bos_eos
seed_43	1_4_tran_V_form	04_1_4_tran_V_form	fig:heatmap-4-tran-v-form	1.4 Transitive finite verb form	38_svo_gn_ac_d_ep	svo	gn	nom-acc	deranking	erg-poss	sov	SV	PVA	100	0.99	0	0.0	0.8793282198905945	bos_eos
seed_43	1_4_tran_V_form	04_1_4_tran_V_form	fig:heatmap-4-tran-v-form	1.4 Transitive finite verb form	39_svo_gn_ac_d_no	svo	gn	nom-acc	deranking	nomn	svo	SV	AVP	100	0.99	0	0.0	0.8437939882278442	bos_eos
seed_43	1_4_tran_V_form	04_1_4_tran_V_form	fig:heatmap-4-tran-v-form	1.4 Transitive finite verb form	40_svo_gn_er_b_se	svo	gn	erg-abs	balancing	sent	svo	SV	AVP	100	1.0	0	0.0	1.6829427552223206	bos_eos
seed_43	1_4_tran_V_form	04_1_4_tran_V_form	fig:heatmap-4-tran-v-form	1.4 Transitive finite verb form	41_svo_gn_er_b_pa	svo	gn	erg-abs	balancing	poss-acc	svo	SV	AVP	100	1.0	0	0.0	1.7659353637695312	bos_eos
seed_43	1_4_tran_V_form	04_1_4_tran_V_form	fig:heatmap-4-tran-v-form	1.4 Transitive finite verb form	42_svo_gn_er_b_ep	svo	gn	erg-abs	balancing	erg-poss	sov	SV	PVA	100	1.0	0	0.0	2.233909771442413	bos_eos
seed_43	1_4_tran_V_form	04_1_4_tran_V_form	fig:heatmap-4-tran-v-form	1.4 Transitive finite verb form	43_svo_gn_er_b_no	svo	gn	erg-abs	balancing	nomn	svo	SV	AVP	100	1.0	0	0.0	2.046145794391632	bos_eos
seed_43	1_4_tran_V_form	04_1_4_tran_V_form	fig:heatmap-4-tran-v-form	1.4 Transitive finite verb form	44_svo_gn_er_d_se	svo	gn	erg-abs	deranking	sent	svo	SV	AVP	100	0.99	0	0.0	0.7152734422683715	bos_eos
seed_43	1_4_tran_V_form	04_1_4_tran_V_form	fig:heatmap-4-tran-v-form	1.4 Transitive finite verb form	45_svo_gn_er_d_pa	svo	gn	erg-abs	deranking	poss-acc	svo	SV	AVP	100	0.95	0	0.0	0.7290044975280762	bos_eos
seed_43	1_4_tran_V_form	04_1_4_tran_V_form	fig:heatmap-4-tran-v-form	1.4 Transitive finite verb form	46_svo_gn_er_d_ep	svo	gn	erg-abs	deranking	erg-poss	sov	SV	PVA	100	0.98	0	0.0	0.7143877959251403	bos_eos
seed_43	1_4_tran_V_form	04_1_4_tran_V_form	fig:heatmap-4-tran-v-form	1.4 Transitive finite verb form	47_svo_gn_er_d_no	svo	gn	erg-abs	deranking	nomn	svo	SV	AVP	100	0.99	0	0.0	0.6977271676063538	bos_eos
seed_43	1_4_tran_V_form	04_1_4_tran_V_form	fig:heatmap-4-tran-v-form	1.4 Transitive finite verb form	48_svo_ng_ac_b_se	svo	ng	nom-acc	balancing	sent	svo	SV	AVP	100	1.0	0	0.0	2.1337216019630434	bos_eos
seed_43	1_4_tran_V_form	04_1_4_tran_V_form	fig:heatmap-4-tran-v-form	1.4 Transitive finite verb form	49_svo_ng_ac_b_pa	svo	ng	nom-acc	balancing	poss-acc	vos	VS	VPA	100	1.0	0	0.0	2.3331759333610536	bos_eos
seed_43	1_4_tran_V_form	04_1_4_tran_V_form	fig:heatmap-4-tran-v-form	1.4 Transitive finite verb form	50_svo_ng_ac_b_ep	svo	ng	nom-acc	balancing	erg-poss	vos	VS	VPA	100	1.0	0	0.0	2.6521651673316957	bos_eos
seed_43	1_4_tran_V_form	04_1_4_tran_V_form	fig:heatmap-4-tran-v-form	1.4 Transitive finite verb form	51_svo_ng_ac_b_no	svo	ng	nom-acc	balancing	nomn	vos	VS	VPA	100	1.0	0	0.0	2.41458354473114	bos_eos
seed_43	1_4_tran_V_form	04_1_4_tran_V_form	fig:heatmap-4-tran-v-form	1.4 Transitive finite verb form	52_svo_ng_ac_d_se	svo	ng	nom-acc	deranking	sent	svo	SV	AVP	100	0.98	0	0.0	0.8738731479644776	bos_eos
seed_43	1_4_tran_V_form	04_1_4_tran_V_form	fig:heatmap-4-tran-v-form	1.4 Transitive finite verb form	53_svo_ng_ac_d_pa	svo	ng	nom-acc	deranking	poss-acc	vos	VS	VPA	100	1.0	0	0.0	0.8838980841636658	bos_eos
seed_43	1_4_tran_V_form	04_1_4_tran_V_form	fig:heatmap-4-tran-v-form	1.4 Transitive finite verb form	54_svo_ng_ac_d_ep	svo	ng	nom-acc	deranking	erg-poss	vos	VS	VPA	100	0.99	0	0.0	0.8968932175636292	bos_eos
seed_43	1_4_tran_V_form	04_1_4_tran_V_form	fig:heatmap-4-tran-v-form	1.4 Transitive finite verb form	55_svo_ng_ac_d_no	svo	ng	nom-acc	deranking	nomn	vos	VS	VPA	100	1.0	0	0.0	0.8387110567092896	bos_eos
seed_43	1_4_tran_V_form	04_1_4_tran_V_form	fig:heatmap-4-tran-v-form	1.4 Transitive finite verb form	56_svo_ng_er_b_se	svo	ng	erg-abs	balancing	sent	svo	SV	AVP	100	1.0	0	0.0	1.846054766178131	bos_eos
seed_43	1_4_tran_V_form	04_1_4_tran_V_form	fig:heatmap-4-tran-v-form	1.4 Transitive finite verb form	57_svo_ng_er_b_pa	svo	ng	erg-abs	balancing	poss-acc	vos	VS	VPA	100	1.0	0	0.0	1.8022269892692566	bos_eos
seed_43	1_4_tran_V_form	04_1_4_tran_V_form	fig:heatmap-4-tran-v-form	1.4 Transitive finite verb form	58_svo_ng_er_b_ep	svo	ng	erg-abs	balancing	erg-poss	vos	VS	VPA	100	1.0	0	0.0	1.9939654302597045	bos_eos
seed_43	1_4_tran_V_form	04_1_4_tran_V_form	fig:heatmap-4-tran-v-form	1.4 Transitive finite verb form	59_svo_ng_er_b_no	svo	ng	erg-abs	balancing	nomn	vos	VS	VPA	100	1.0	0	0.0	2.172498097419739	bos_eos
seed_43	1_4_tran_V_form	04_1_4_tran_V_form	fig:heatmap-4-tran-v-form	1.4 Transitive finite verb form	60_svo_ng_er_d_se	svo	ng	erg-abs	deranking	sent	svo	SV	AVP	100	1.0	0	0.0	0.7425690007209778	bos_eos
seed_43	1_4_tran_V_form	04_1_4_tran_V_form	fig:heatmap-4-tran-v-form	1.4 Transitive finite verb form	61_svo_ng_er_d_pa	svo	ng	erg-abs	deranking	poss-acc	vos	VS	VPA	100	0.99	0	0.0	0.7348993706703186	bos_eos
seed_43	1_4_tran_V_form	04_1_4_tran_V_form	fig:heatmap-4-tran-v-form	1.4 Transitive finite verb form	62_svo_ng_er_d_ep	svo	ng	erg-abs	deranking	erg-poss	vos	VS	VPA	100	0.98	0	0.0	0.6712237787246704	bos_eos
seed_43	1_4_tran_V_form	04_1_4_tran_V_form	fig:heatmap-4-tran-v-form	1.4 Transitive finite verb form	63_svo_ng_er_d_no	svo	ng	erg-abs	deranking	nomn	vos	VS	VPA	100	0.97	0	0.0	0.6756320428848267	bos_eos
seed_43	1_4_tran_V_form	04_1_4_tran_V_form	fig:heatmap-4-tran-v-form	1.4 Transitive finite verb form	64_vos_gn_ac_b_se	vos	gn	nom-acc	balancing	sent	vos	VS	VPA	100	1.0	0	0.0	2.18389080286026	bos_eos
seed_43	1_4_tran_V_form	04_1_4_tran_V_form	fig:heatmap-4-tran-v-form	1.4 Transitive finite verb form	65_vos_gn_ac_b_pa	vos	gn	nom-acc	balancing	poss-acc	svo	SV	AVP	100	1.0	0	0.0	2.3676491141319276	bos_eos
seed_43	1_4_tran_V_form	04_1_4_tran_V_form	fig:heatmap-4-tran-v-form	1.4 Transitive finite verb form	66_vos_gn_ac_b_ep	vos	gn	nom-acc	balancing	erg-poss	sov	SV	PVA	100	1.0	0	0.0	2.4272604894638063	bos_eos
seed_43	1_4_tran_V_form	04_1_4_tran_V_form	fig:heatmap-4-tran-v-form	1.4 Transitive finite verb form	67_vos_gn_ac_b_no	vos	gn	nom-acc	balancing	nomn	svo	SV	AVP	100	1.0	0	0.0	2.25539737701416	bos_eos
seed_43	1_4_tran_V_form	04_1_4_tran_V_form	fig:heatmap-4-tran-v-form	1.4 Transitive finite verb form	68_vos_gn_ac_d_se	vos	gn	nom-acc	deranking	sent	vos	VS	VPA	100	1.0	0	0.0	1.936981647014618	bos_eos
seed_43	1_4_tran_V_form	04_1_4_tran_V_form	fig:heatmap-4-tran-v-form	1.4 Transitive finite verb form	69_vos_gn_ac_d_pa	vos	gn	nom-acc	deranking	poss-acc	svo	SV	AVP	100	1.0	0	0.0	2.038232488632202	bos_eos
seed_43	1_4_tran_V_form	04_1_4_tran_V_form	fig:heatmap-4-tran-v-form	1.4 Transitive finite verb form	70_vos_gn_ac_d_ep	vos	gn	nom-acc	deranking	erg-poss	sov	SV	PVA	100	1.0	0	0.0	1.9452528500556945	bos_eos
seed_43	1_4_tran_V_form	04_1_4_tran_V_form	fig:heatmap-4-tran-v-form	1.4 Transitive finite verb form	71_vos_gn_ac_d_no	vos	gn	nom-acc	deranking	nomn	svo	SV	AVP	100	1.0	0	0.0	1.98098562002182	bos_eos
seed_43	1_4_tran_V_form	04_1_4_tran_V_form	fig:heatmap-4-tran-v-form	1.4 Transitive finite verb form	72_vos_gn_er_b_se	vos	gn	erg-abs	balancing	sent	vos	VS	VPA	100	1.0	0	0.0	1.9935659885406494	bos_eos
seed_43	1_4_tran_V_form	04_1_4_tran_V_form	fig:heatmap-4-tran-v-form	1.4 Transitive finite verb form	73_vos_gn_er_b_pa	vos	gn	erg-abs	balancing	poss-acc	svo	SV	AVP	100	1.0	0	0.0	2.0458464360237123	bos_eos
seed_43	1_4_tran_V_form	04_1_4_tran_V_form	fig:heatmap-4-tran-v-form	1.4 Transitive finite verb form	74_vos_gn_er_b_ep	vos	gn	erg-abs	balancing	erg-poss	sov	SV	PVA	100	1.0	0	0.0	2.413499345779419	bos_eos
seed_43	1_4_tran_V_form	04_1_4_tran_V_form	fig:heatmap-4-tran-v-form	1.4 Transitive finite verb form	75_vos_gn_er_b_no	vos	gn	erg-abs	balancing	nomn	svo	SV	AVP	100	1.0	0	0.0	2.412806510925293	bos_eos
seed_43	1_4_tran_V_form	04_1_4_tran_V_form	fig:heatmap-4-tran-v-form	1.4 Transitive finite verb form	76_vos_gn_er_d_se	vos	gn	erg-abs	deranking	sent	vos	VS	VPA	100	1.0	0	0.0	1.8273508644104004	bos_eos
seed_43	1_4_tran_V_form	04_1_4_tran_V_form	fig:heatmap-4-tran-v-form	1.4 Transitive finite verb form	77_vos_gn_er_d_pa	vos	gn	erg-abs	deranking	poss-acc	svo	SV	AVP	100	1.0	0	0.0	1.9242260909080506	bos_eos
seed_43	1_4_tran_V_form	04_1_4_tran_V_form	fig:heatmap-4-tran-v-form	1.4 Transitive finite verb form	78_vos_gn_er_d_ep	vos	gn	erg-abs	deranking	erg-poss	sov	SV	PVA	100	1.0	0	0.0	1.871228096485138	bos_eos
seed_43	1_4_tran_V_form	04_1_4_tran_V_form	fig:heatmap-4-tran-v-form	1.4 Transitive finite verb form	79_vos_gn_er_d_no	vos	gn	erg-abs	deranking	nomn	svo	SV	AVP	100	1.0	0	0.0	1.9223939394950866	bos_eos
seed_43	1_4_tran_V_form	04_1_4_tran_V_form	fig:heatmap-4-tran-v-form	1.4 Transitive finite verb form	80_vos_ng_ac_b_se	vos	ng	nom-acc	balancing	sent	vos	VS	VPA	100	1.0	0	0.0	2.152774193286896	bos_eos
seed_43	1_4_tran_V_form	04_1_4_tran_V_form	fig:heatmap-4-tran-v-form	1.4 Transitive finite verb form	81_vos_ng_ac_b_pa	vos	ng	nom-acc	balancing	poss-acc	vos	VS	VPA	100	1.0	0	0.0	2.3550129246711733	bos_eos
seed_43	1_4_tran_V_form	04_1_4_tran_V_form	fig:heatmap-4-tran-v-form	1.4 Transitive finite verb form	82_vos_ng_ac_b_ep	vos	ng	nom-acc	balancing	erg-poss	vos	VS	VPA	100	1.0	0	0.0	2.2311563229560853	bos_eos
seed_43	1_4_tran_V_form	04_1_4_tran_V_form	fig:heatmap-4-tran-v-form	1.4 Transitive finite verb form	83_vos_ng_ac_b_no	vos	ng	nom-acc	balancing	nomn	vos	VS	VPA	100	1.0	0	0.0	2.3413772320747377	bos_eos
seed_43	1_4_tran_V_form	04_1_4_tran_V_form	fig:heatmap-4-tran-v-form	1.4 Transitive finite verb form	84_vos_ng_ac_d_se	vos	ng	nom-acc	deranking	sent	vos	VS	VPA	100	1.0	0	0.0	2.0211973357200623	bos_eos
seed_43	1_4_tran_V_form	04_1_4_tran_V_form	fig:heatmap-4-tran-v-form	1.4 Transitive finite verb form	85_vos_ng_ac_d_pa	vos	ng	nom-acc	deranking	poss-acc	vos	VS	VPA	100	1.0	0	0.0	1.9748157906532287	bos_eos
seed_43	1_4_tran_V_form	04_1_4_tran_V_form	fig:heatmap-4-tran-v-form	1.4 Transitive finite verb form	86_vos_ng_ac_d_ep	vos	ng	nom-acc	deranking	erg-poss	vos	VS	VPA	100	1.0	0	0.0	1.9497025442123412	bos_eos
seed_43	1_4_tran_V_form	04_1_4_tran_V_form	fig:heatmap-4-tran-v-form	1.4 Transitive finite verb form	87_vos_ng_ac_d_no	vos	ng	nom-acc	deranking	nomn	vos	VS	VPA	100	0.98	0	0.0	1.9535062980651856	bos_eos
seed_43	1_4_tran_V_form	04_1_4_tran_V_form	fig:heatmap-4-tran-v-form	1.4 Transitive finite verb form	88_vos_ng_er_b_se	vos	ng	erg-abs	balancing	sent	vos	VS	VPA	100	1.0	0	0.0	2.2482152080535887	bos_eos
seed_43	1_4_tran_V_form	04_1_4_tran_V_form	fig:heatmap-4-tran-v-form	1.4 Transitive finite verb form	89_vos_ng_er_b_pa	vos	ng	erg-abs	balancing	poss-acc	vos	VS	VPA	100	1.0	0	0.0	2.1469032549858094	bos_eos
seed_43	1_4_tran_V_form	04_1_4_tran_V_form	fig:heatmap-4-tran-v-form	1.4 Transitive finite verb form	90_vos_ng_er_b_ep	vos	ng	erg-abs	balancing	erg-poss	vos	VS	VPA	100	1.0	0	0.0	2.3998334407806396	bos_eos
seed_43	1_4_tran_V_form	04_1_4_tran_V_form	fig:heatmap-4-tran-v-form	1.4 Transitive finite verb form	91_vos_ng_er_b_no	vos	ng	erg-abs	balancing	nomn	vos	VS	VPA	100	1.0	0	0.0	2.5479261112213134	bos_eos
seed_43	1_4_tran_V_form	04_1_4_tran_V_form	fig:heatmap-4-tran-v-form	1.4 Transitive finite verb form	92_vos_ng_er_d_se	vos	ng	erg-abs	deranking	sent	vos	VS	VPA	100	1.0	0	0.0	1.8282484078407288	bos_eos
seed_43	1_4_tran_V_form	04_1_4_tran_V_form	fig:heatmap-4-tran-v-form	1.4 Transitive finite verb form	93_vos_ng_er_d_pa	vos	ng	erg-abs	deranking	poss-acc	vos	VS	VPA	100	1.0	0	0.0	1.8280105519294738	bos_eos
seed_43	1_4_tran_V_form	04_1_4_tran_V_form	fig:heatmap-4-tran-v-form	1.4 Transitive finite verb form	94_vos_ng_er_d_ep	vos	ng	erg-abs	deranking	erg-poss	vos	VS	VPA	100	1.0	0	0.0	1.881150372028351	bos_eos
seed_43	1_4_tran_V_form	04_1_4_tran_V_form	fig:heatmap-4-tran-v-form	1.4 Transitive finite verb form	95_vos_ng_er_d_no	vos	ng	erg-abs	deranking	nomn	vos	VS	VPA	100	1.0	0	0.0	1.985541250705719	bos_eos
seed_43	1_5_tran_A_marker	05_1_5_tran_A_marker	fig:heatmap-5-tran-a-marker	1.5 Transitive A marker	00_sov_gn_ac_b_se	sov	gn	nom-acc	balancing	sent	sov	SV	APV	100	0.78	0	0.0	0.4466173982620239	bos_eos
seed_43	1_5_tran_A_marker	05_1_5_tran_A_marker	fig:heatmap-5-tran-a-marker	1.5 Transitive A marker	01_sov_gn_ac_b_pa	sov	gn	nom-acc	balancing	poss-acc	sov	SV	APV	100	0.83	0	0.0	0.4659166145324707	bos_eos
seed_43	1_5_tran_A_marker	05_1_5_tran_A_marker	fig:heatmap-5-tran-a-marker	1.5 Transitive A marker	02_sov_gn_ac_b_ep	sov	gn	nom-acc	balancing	erg-poss	sov	SV	APV	100	0.84	0	0.0	0.5165829229354858	bos_eos
seed_43	1_5_tran_A_marker	05_1_5_tran_A_marker	fig:heatmap-5-tran-a-marker	1.5 Transitive A marker	03_sov_gn_ac_b_no	sov	gn	nom-acc	balancing	nomn	sov	SV	APV	100	0.79	0	0.0	0.5461929035186768	bos_eos
seed_43	1_5_tran_A_marker	05_1_5_tran_A_marker	fig:heatmap-5-tran-a-marker	1.5 Transitive A marker	04_sov_gn_ac_d_se	sov	gn	nom-acc	deranking	sent	sov	SV	APV	100	0.75	0	0.0	0.4024854850769043	bos_eos
seed_43	1_5_tran_A_marker	05_1_5_tran_A_marker	fig:heatmap-5-tran-a-marker	1.5 Transitive A marker	05_sov_gn_ac_d_pa	sov	gn	nom-acc	deranking	poss-acc	sov	SV	APV	100	0.83	0	0.0	0.525076777935028	bos_eos
seed_43	1_5_tran_A_marker	05_1_5_tran_A_marker	fig:heatmap-5-tran-a-marker	1.5 Transitive A marker	06_sov_gn_ac_d_ep	sov	gn	nom-acc	deranking	erg-poss	sov	SV	APV	100	0.82	0	0.0	0.5560941004753113	bos_eos
seed_43	1_5_tran_A_marker	05_1_5_tran_A_marker	fig:heatmap-5-tran-a-marker	1.5 Transitive A marker	07_sov_gn_ac_d_no	sov	gn	nom-acc	deranking	nomn	sov	SV	APV	100	0.89	0	0.0	0.6677733922004699	bos_eos
seed_43	1_5_tran_A_marker	05_1_5_tran_A_marker	fig:heatmap-5-tran-a-marker	1.5 Transitive A marker	08_sov_gn_er_b_se	sov	gn	erg-abs	balancing	sent	sov	SV	APV	100	1.0	0	0.0	1.4333546209335326	bos_eos
seed_43	1_5_tran_A_marker	05_1_5_tran_A_marker	fig:heatmap-5-tran-a-marker	1.5 Transitive A marker	09_sov_gn_er_b_pa	sov	gn	erg-abs	balancing	poss-acc	sov	SV	APV	100	1.0	0	0.0	1.4861484241485596	bos_eos
seed_43	1_5_tran_A_marker	05_1_5_tran_A_marker	fig:heatmap-5-tran-a-marker	1.5 Transitive A marker	10_sov_gn_er_b_ep	sov	gn	erg-abs	balancing	erg-poss	sov	SV	APV	100	1.0	0	0.0	1.446398138999939	bos_eos
seed_43	1_5_tran_A_marker	05_1_5_tran_A_marker	fig:heatmap-5-tran-a-marker	1.5 Transitive A marker	11_sov_gn_er_b_no	sov	gn	erg-abs	balancing	nomn	sov	SV	APV	100	1.0	0	0.0	1.4047321581840515	bos_eos
seed_43	1_5_tran_A_marker	05_1_5_tran_A_marker	fig:heatmap-5-tran-a-marker	1.5 Transitive A marker	12_sov_gn_er_d_se	sov	gn	erg-abs	deranking	sent	sov	SV	APV	100	1.0	0	0.0	1.5099024844169617	bos_eos
seed_43	1_5_tran_A_marker	05_1_5_tran_A_marker	fig:heatmap-5-tran-a-marker	1.5 Transitive A marker	13_sov_gn_er_d_pa	sov	gn	erg-abs	deranking	poss-acc	sov	SV	APV	100	1.0	0	0.0	1.3438005709648133	bos_eos
seed_43	1_5_tran_A_marker	05_1_5_tran_A_marker	fig:heatmap-5-tran-a-marker	1.5 Transitive A marker	14_sov_gn_er_d_ep	sov	gn	erg-abs	deranking	erg-poss	sov	SV	APV	100	1.0	0	0.0	1.508606836795807	bos_eos
seed_43	1_5_tran_A_marker	05_1_5_tran_A_marker	fig:heatmap-5-tran-a-marker	1.5 Transitive A marker	15_sov_gn_er_d_no	sov	gn	erg-abs	deranking	nomn	sov	SV	APV	100	1.0	0	0.0	1.4650514674186708	bos_eos
seed_43	1_5_tran_A_marker	05_1_5_tran_A_marker	fig:heatmap-5-tran-a-marker	1.5 Transitive A marker	16_sov_ng_ac_b_se	sov	ng	nom-acc	balancing	sent	sov	SV	APV	100	1.0	0	0.0	0.582801923751831	bos_eos
seed_43	1_5_tran_A_marker	05_1_5_tran_A_marker	fig:heatmap-5-tran-a-marker	1.5 Transitive A marker	17_sov_ng_ac_b_pa	sov	ng	nom-acc	balancing	poss-acc	ovs	VS	PVA	100	0.97	0	0.0	0.6290176892280579	bos_eos
seed_43	1_5_tran_A_marker	05_1_5_tran_A_marker	fig:heatmap-5-tran-a-marker	1.5 Transitive A marker	18_sov_ng_ac_b_ep	sov	ng	nom-acc	balancing	erg-poss	vos	VS	AVP	100	0.99	0	0.0	0.7545889449119568	bos_eos
seed_43	1_5_tran_A_marker	05_1_5_tran_A_marker	fig:heatmap-5-tran-a-marker	1.5 Transitive A marker	19_sov_ng_ac_b_no	sov	ng	nom-acc	balancing	nomn	ovs	VS	PVA	100	0.99	0	0.0	0.8498420405387879	bos_eos
seed_43	1_5_tran_A_marker	05_1_5_tran_A_marker	fig:heatmap-5-tran-a-marker	1.5 Transitive A marker	20_sov_ng_ac_d_se	sov	ng	nom-acc	deranking	sent	sov	SV	APV	100	0.97	0	0.0	0.6840094351768493	bos_eos
seed_43	1_5_tran_A_marker	05_1_5_tran_A_marker	fig:heatmap-5-tran-a-marker	1.5 Transitive A marker	21_sov_ng_ac_d_pa	sov	ng	nom-acc	deranking	poss-acc	ovs	VS	PVA	100	1.0	0	0.0	0.6830272436141968	bos_eos
seed_43	1_5_tran_A_marker	05_1_5_tran_A_marker	fig:heatmap-5-tran-a-marker	1.5 Transitive A marker	22_sov_ng_ac_d_ep	sov	ng	nom-acc	deranking	erg-poss	vos	VS	AVP	100	0.99	0	0.0	0.7552960515022278	bos_eos
seed_43	1_5_tran_A_marker	05_1_5_tran_A_marker	fig:heatmap-5-tran-a-marker	1.5 Transitive A marker	23_sov_ng_ac_d_no	sov	ng	nom-acc	deranking	nomn	ovs	VS	PVA	100	0.99	0	0.0	0.8425878071784973	bos_eos
seed_43	1_5_tran_A_marker	05_1_5_tran_A_marker	fig:heatmap-5-tran-a-marker	1.5 Transitive A marker	24_sov_ng_er_b_se	sov	ng	erg-abs	balancing	sent	sov	SV	APV	100	1.0	0	0.0	1.7437634992599487	bos_eos
seed_43	1_5_tran_A_marker	05_1_5_tran_A_marker	fig:heatmap-5-tran-a-marker	1.5 Transitive A marker	25_sov_ng_er_b_pa	sov	ng	erg-abs	balancing	poss-acc	ovs	VS	PVA	100	1.0	0	0.0	1.5701392030715942	bos_eos
seed_43	1_5_tran_A_marker	05_1_5_tran_A_marker	fig:heatmap-5-tran-a-marker	1.5 Transitive A marker	26_sov_ng_er_b_ep	sov	ng	erg-abs	balancing	erg-poss	vos	VS	AVP	100	1.0	0	0.0	1.7925782489776612	bos_eos
seed_43	1_5_tran_A_marker	05_1_5_tran_A_marker	fig:heatmap-5-tran-a-marker	1.5 Transitive A marker	27_sov_ng_er_b_no	sov	ng	erg-abs	balancing	nomn	ovs	VS	PVA	100	1.0	0	0.0	1.6495114040374756	bos_eos
seed_43	1_5_tran_A_marker	05_1_5_tran_A_marker	fig:heatmap-5-tran-a-marker	1.5 Transitive A marker	28_sov_ng_er_d_se	sov	ng	erg-abs	deranking	sent	sov	SV	APV	100	1.0	0	0.0	1.8158130693435668	bos_eos
seed_43	1_5_tran_A_marker	05_1_5_tran_A_marker	fig:heatmap-5-tran-a-marker	1.5 Transitive A marker	29_sov_ng_er_d_pa	sov	ng	erg-abs	deranking	poss-acc	ovs	VS	PVA	100	1.0	0	0.0	1.7783281922340393	bos_eos
seed_43	1_5_tran_A_marker	05_1_5_tran_A_marker	fig:heatmap-5-tran-a-marker	1.5 Transitive A marker	30_sov_ng_er_d_ep	sov	ng	erg-abs	deranking	erg-poss	vos	VS	AVP	100	1.0	0	0.0	1.6474411058425904	bos_eos
seed_43	1_5_tran_A_marker	05_1_5_tran_A_marker	fig:heatmap-5-tran-a-marker	1.5 Transitive A marker	31_sov_ng_er_d_no	sov	ng	erg-abs	deranking	nomn	ovs	VS	PVA	100	1.0	0	0.0	1.6366497707366943	bos_eos
seed_43	1_5_tran_A_marker	05_1_5_tran_A_marker	fig:heatmap-5-tran-a-marker	1.5 Transitive A marker	32_svo_gn_ac_b_se	svo	gn	nom-acc	balancing	sent	svo	SV	AVP	100	0.95	0	0.0	0.715334575176239	bos_eos
seed_43	1_5_tran_A_marker	05_1_5_tran_A_marker	fig:heatmap-5-tran-a-marker	1.5 Transitive A marker	33_svo_gn_ac_b_pa	svo	gn	nom-acc	balancing	poss-acc	svo	SV	AVP	100	0.96	0	0.0	0.7409794211387635	bos_eos
seed_43	1_5_tran_A_marker	05_1_5_tran_A_marker	fig:heatmap-5-tran-a-marker	1.5 Transitive A marker	34_svo_gn_ac_b_ep	svo	gn	nom-acc	balancing	erg-poss	sov	SV	PVA	100	0.98	0	0.0	0.8286214542388916	bos_eos
seed_43	1_5_tran_A_marker	05_1_5_tran_A_marker	fig:heatmap-5-tran-a-marker	1.5 Transitive A marker	35_svo_gn_ac_b_no	svo	gn	nom-acc	balancing	nomn	svo	SV	AVP	100	0.99	0	0.0	0.847832818031311	bos_eos
seed_43	1_5_tran_A_marker	05_1_5_tran_A_marker	fig:heatmap-5-tran-a-marker	1.5 Transitive A marker	36_svo_gn_ac_d_se	svo	gn	nom-acc	deranking	sent	svo	SV	AVP	100	0.96	0	0.0	0.673333249092102	bos_eos
seed_43	1_5_tran_A_marker	05_1_5_tran_A_marker	fig:heatmap-5-tran-a-marker	1.5 Transitive A marker	37_svo_gn_ac_d_pa	svo	gn	nom-acc	deranking	poss-acc	svo	SV	AVP	100	0.94	0	0.0	0.6300385499000549	bos_eos
seed_43	1_5_tran_A_marker	05_1_5_tran_A_marker	fig:heatmap-5-tran-a-marker	1.5 Transitive A marker	38_svo_gn_ac_d_ep	svo	gn	nom-acc	deranking	erg-poss	sov	SV	PVA	100	0.96	0	0.0	0.7907456493377686	bos_eos
seed_43	1_5_tran_A_marker	05_1_5_tran_A_marker	fig:heatmap-5-tran-a-marker	1.5 Transitive A marker	39_svo_gn_ac_d_no	svo	gn	nom-acc	deranking	nomn	svo	SV	AVP	100	0.97	0	0.0	0.8073867988586426	bos_eos
seed_43	1_5_tran_A_marker	05_1_5_tran_A_marker	fig:heatmap-5-tran-a-marker	1.5 Transitive A marker	40_svo_gn_er_b_se	svo	gn	erg-abs	balancing	sent	svo	SV	AVP	100	1.0	0	0.0	2.4706100368499757	bos_eos
seed_43	1_5_tran_A_marker	05_1_5_tran_A_marker	fig:heatmap-5-tran-a-marker	1.5 Transitive A marker	41_svo_gn_er_b_pa	svo	gn	erg-abs	balancing	poss-acc	svo	SV	AVP	100	1.0	0	0.0	2.681409001350403	bos_eos
seed_43	1_5_tran_A_marker	05_1_5_tran_A_marker	fig:heatmap-5-tran-a-marker	1.5 Transitive A marker	42_svo_gn_er_b_ep	svo	gn	erg-abs	balancing	erg-poss	sov	SV	PVA	100	1.0	0	0.0	2.5942770409584046	bos_eos
seed_43	1_5_tran_A_marker	05_1_5_tran_A_marker	fig:heatmap-5-tran-a-marker	1.5 Transitive A marker	43_svo_gn_er_b_no	svo	gn	erg-abs	balancing	nomn	svo	SV	AVP	100	1.0	0	0.0	2.4866036009788512	bos_eos
seed_43	1_5_tran_A_marker	05_1_5_tran_A_marker	fig:heatmap-5-tran-a-marker	1.5 Transitive A marker	44_svo_gn_er_d_se	svo	gn	erg-abs	deranking	sent	svo	SV	AVP	100	1.0	0	0.0	2.3758263039588927	bos_eos
seed_43	1_5_tran_A_marker	05_1_5_tran_A_marker	fig:heatmap-5-tran-a-marker	1.5 Transitive A marker	45_svo_gn_er_d_pa	svo	gn	erg-abs	deranking	poss-acc	svo	SV	AVP	100	1.0	0	0.0	2.5763792634010314	bos_eos
seed_43	1_5_tran_A_marker	05_1_5_tran_A_marker	fig:heatmap-5-tran-a-marker	1.5 Transitive A marker	46_svo_gn_er_d_ep	svo	gn	erg-abs	deranking	erg-poss	sov	SV	PVA	100	1.0	0	0.0	2.3573400282859804	bos_eos
seed_43	1_5_tran_A_marker	05_1_5_tran_A_marker	fig:heatmap-5-tran-a-marker	1.5 Transitive A marker	47_svo_gn_er_d_no	svo	gn	erg-abs	deranking	nomn	svo	SV	AVP	100	1.0	0	0.0	2.3474802732467652	bos_eos
seed_43	1_5_tran_A_marker	05_1_5_tran_A_marker	fig:heatmap-5-tran-a-marker	1.5 Transitive A marker	48_svo_ng_ac_b_se	svo	ng	nom-acc	balancing	sent	svo	SV	AVP	100	0.99	0	0.0	0.8337333250045776	bos_eos
seed_43	1_5_tran_A_marker	05_1_5_tran_A_marker	fig:heatmap-5-tran-a-marker	1.5 Transitive A marker	49_svo_ng_ac_b_pa	svo	ng	nom-acc	balancing	poss-acc	vos	VS	VPA	100	0.99	0	0.0	0.8646970200538635	bos_eos
seed_43	1_5_tran_A_marker	05_1_5_tran_A_marker	fig:heatmap-5-tran-a-marker	1.5 Transitive A marker	50_svo_ng_ac_b_ep	svo	ng	nom-acc	balancing	erg-poss	vos	VS	VPA	100	1.0	0	0.0	1.008114628791809	bos_eos
seed_43	1_5_tran_A_marker	05_1_5_tran_A_marker	fig:heatmap-5-tran-a-marker	1.5 Transitive A marker	51_svo_ng_ac_b_no	svo	ng	nom-acc	balancing	nomn	vos	VS	VPA	100	1.0	0	0.0	0.896212010383606	bos_eos
seed_43	1_5_tran_A_marker	05_1_5_tran_A_marker	fig:heatmap-5-tran-a-marker	1.5 Transitive A marker	52_svo_ng_ac_d_se	svo	ng	nom-acc	deranking	sent	svo	SV	AVP	100	0.99	0	0.0	0.7997768664360047	bos_eos
seed_43	1_5_tran_A_marker	05_1_5_tran_A_marker	fig:heatmap-5-tran-a-marker	1.5 Transitive A marker	53_svo_ng_ac_d_pa	svo	ng	nom-acc	deranking	poss-acc	vos	VS	VPA	100	1.0	0	0.0	0.8535141110420227	bos_eos
seed_43	1_5_tran_A_marker	05_1_5_tran_A_marker	fig:heatmap-5-tran-a-marker	1.5 Transitive A marker	54_svo_ng_ac_d_ep	svo	ng	nom-acc	deranking	erg-poss	vos	VS	VPA	100	0.99	0	0.0	0.8188740849494934	bos_eos
seed_43	1_5_tran_A_marker	05_1_5_tran_A_marker	fig:heatmap-5-tran-a-marker	1.5 Transitive A marker	55_svo_ng_ac_d_no	svo	ng	nom-acc	deranking	nomn	vos	VS	VPA	100	1.0	0	0.0	0.9034585285186768	bos_eos
seed_43	1_5_tran_A_marker	05_1_5_tran_A_marker	fig:heatmap-5-tran-a-marker	1.5 Transitive A marker	56_svo_ng_er_b_se	svo	ng	erg-abs	balancing	sent	svo	SV	AVP	100	1.0	0	0.0	2.4366778135299683	bos_eos
seed_43	1_5_tran_A_marker	05_1_5_tran_A_marker	fig:heatmap-5-tran-a-marker	1.5 Transitive A marker	57_svo_ng_er_b_pa	svo	ng	erg-abs	balancing	poss-acc	vos	VS	VPA	100	1.0	0	0.0	2.217085347175598	bos_eos
seed_43	1_5_tran_A_marker	05_1_5_tran_A_marker	fig:heatmap-5-tran-a-marker	1.5 Transitive A marker	58_svo_ng_er_b_ep	svo	ng	erg-abs	balancing	erg-poss	vos	VS	VPA	100	1.0	0	0.0	2.138390622138977	bos_eos
seed_43	1_5_tran_A_marker	05_1_5_tran_A_marker	fig:heatmap-5-tran-a-marker	1.5 Transitive A marker	59_svo_ng_er_b_no	svo	ng	erg-abs	balancing	nomn	vos	VS	VPA	100	1.0	0	0.0	2.1871161103248595	bos_eos
seed_43	1_5_tran_A_marker	05_1_5_tran_A_marker	fig:heatmap-5-tran-a-marker	1.5 Transitive A marker	60_svo_ng_er_d_se	svo	ng	erg-abs	deranking	sent	svo	SV	AVP	100	1.0	0	0.0	2.1357734394073487	bos_eos
seed_43	1_5_tran_A_marker	05_1_5_tran_A_marker	fig:heatmap-5-tran-a-marker	1.5 Transitive A marker	61_svo_ng_er_d_pa	svo	ng	erg-abs	deranking	poss-acc	vos	VS	VPA	100	1.0	0	0.0	2.4125242757797243	bos_eos
seed_43	1_5_tran_A_marker	05_1_5_tran_A_marker	fig:heatmap-5-tran-a-marker	1.5 Transitive A marker	62_svo_ng_er_d_ep	svo	ng	erg-abs	deranking	erg-poss	vos	VS	VPA	100	1.0	0	0.0	2.1677464938163755	bos_eos
seed_43	1_5_tran_A_marker	05_1_5_tran_A_marker	fig:heatmap-5-tran-a-marker	1.5 Transitive A marker	63_svo_ng_er_d_no	svo	ng	erg-abs	deranking	nomn	vos	VS	VPA	100	1.0	0	0.0	2.2190600180625917	bos_eos
seed_43	1_5_tran_A_marker	05_1_5_tran_A_marker	fig:heatmap-5-tran-a-marker	1.5 Transitive A marker	64_vos_gn_ac_b_se	vos	gn	nom-acc	balancing	sent	vos	VS	VPA	100	0.99	0	0.0	0.9115336561203002	bos_eos
seed_43	1_5_tran_A_marker	05_1_5_tran_A_marker	fig:heatmap-5-tran-a-marker	1.5 Transitive A marker	65_vos_gn_ac_b_pa	vos	gn	nom-acc	balancing	poss-acc	svo	SV	AVP	100	0.97	0	0.0	0.811185507774353	bos_eos
seed_43	1_5_tran_A_marker	05_1_5_tran_A_marker	fig:heatmap-5-tran-a-marker	1.5 Transitive A marker	66_vos_gn_ac_b_ep	vos	gn	nom-acc	balancing	erg-poss	sov	SV	PVA	100	1.0	0	0.0	1.0760405731201172	bos_eos
seed_43	1_5_tran_A_marker	05_1_5_tran_A_marker	fig:heatmap-5-tran-a-marker	1.5 Transitive A marker	67_vos_gn_ac_b_no	vos	gn	nom-acc	balancing	nomn	svo	SV	AVP	100	1.0	0	0.0	1.0642416429519654	bos_eos
seed_43	1_5_tran_A_marker	05_1_5_tran_A_marker	fig:heatmap-5-tran-a-marker	1.5 Transitive A marker	68_vos_gn_ac_d_se	vos	gn	nom-acc	deranking	sent	vos	VS	VPA	100	0.99	0	0.0	1.078087260723114	bos_eos
seed_43	1_5_tran_A_marker	05_1_5_tran_A_marker	fig:heatmap-5-tran-a-marker	1.5 Transitive A marker	69_vos_gn_ac_d_pa	vos	gn	nom-acc	deranking	poss-acc	svo	SV	AVP	100	0.97	0	0.0	0.884247989654541	bos_eos
seed_43	1_5_tran_A_marker	05_1_5_tran_A_marker	fig:heatmap-5-tran-a-marker	1.5 Transitive A marker	70_vos_gn_ac_d_ep	vos	gn	nom-acc	deranking	erg-poss	sov	SV	PVA	100	0.99	0	0.0	1.1053541040420531	bos_eos
seed_43	1_5_tran_A_marker	05_1_5_tran_A_marker	fig:heatmap-5-tran-a-marker	1.5 Transitive A marker	71_vos_gn_ac_d_no	vos	gn	nom-acc	deranking	nomn	svo	SV	AVP	100	0.99	0	0.0	1.066582989692688	bos_eos
seed_43	1_5_tran_A_marker	05_1_5_tran_A_marker	fig:heatmap-5-tran-a-marker	1.5 Transitive A marker	72_vos_gn_er_b_se	vos	gn	erg-abs	balancing	sent	vos	VS	VPA	100	1.0	0	0.0	1.7186584544181824	bos_eos
seed_43	1_5_tran_A_marker	05_1_5_tran_A_marker	fig:heatmap-5-tran-a-marker	1.5 Transitive A marker	73_vos_gn_er_b_pa	vos	gn	erg-abs	balancing	poss-acc	svo	SV	AVP	100	1.0	0	0.0	1.7385714530944825	bos_eos
seed_43	1_5_tran_A_marker	05_1_5_tran_A_marker	fig:heatmap-5-tran-a-marker	1.5 Transitive A marker	74_vos_gn_er_b_ep	vos	gn	erg-abs	balancing	erg-poss	sov	SV	PVA	100	1.0	0	0.0	1.854995970726013	bos_eos
seed_43	1_5_tran_A_marker	05_1_5_tran_A_marker	fig:heatmap-5-tran-a-marker	1.5 Transitive A marker	75_vos_gn_er_b_no	vos	gn	erg-abs	balancing	nomn	svo	SV	AVP	100	1.0	0	0.0	1.8590544772148132	bos_eos
seed_43	1_5_tran_A_marker	05_1_5_tran_A_marker	fig:heatmap-5-tran-a-marker	1.5 Transitive A marker	76_vos_gn_er_d_se	vos	gn	erg-abs	deranking	sent	vos	VS	VPA	100	1.0	0	0.0	1.8129877829551697	bos_eos
seed_43	1_5_tran_A_marker	05_1_5_tran_A_marker	fig:heatmap-5-tran-a-marker	1.5 Transitive A marker	77_vos_gn_er_d_pa	vos	gn	erg-abs	deranking	poss-acc	svo	SV	AVP	100	1.0	0	0.0	1.7630993437767029	bos_eos
seed_43	1_5_tran_A_marker	05_1_5_tran_A_marker	fig:heatmap-5-tran-a-marker	1.5 Transitive A marker	78_vos_gn_er_d_ep	vos	gn	erg-abs	deranking	erg-poss	sov	SV	PVA	100	1.0	0	0.0	1.8827346324920655	bos_eos
seed_43	1_5_tran_A_marker	05_1_5_tran_A_marker	fig:heatmap-5-tran-a-marker	1.5 Transitive A marker	79_vos_gn_er_d_no	vos	gn	erg-abs	deranking	nomn	svo	SV	AVP	100	1.0	0	0.0	1.7729927802085876	bos_eos
seed_43	1_5_tran_A_marker	05_1_5_tran_A_marker	fig:heatmap-5-tran-a-marker	1.5 Transitive A marker	80_vos_ng_ac_b_se	vos	ng	nom-acc	balancing	sent	vos	VS	VPA	100	0.75	0	0.0	0.484478075504303	bos_eos
seed_43	1_5_tran_A_marker	05_1_5_tran_A_marker	fig:heatmap-5-tran-a-marker	1.5 Transitive A marker	81_vos_ng_ac_b_pa	vos	ng	nom-acc	balancing	poss-acc	vos	VS	VPA	100	0.78	0	0.0	0.404882173538208	bos_eos
seed_43	1_5_tran_A_marker	05_1_5_tran_A_marker	fig:heatmap-5-tran-a-marker	1.5 Transitive A marker	82_vos_ng_ac_b_ep	vos	ng	nom-acc	balancing	erg-poss	vos	VS	VPA	100	0.8	0	0.0	0.6081666851043701	bos_eos
seed_43	1_5_tran_A_marker	05_1_5_tran_A_marker	fig:heatmap-5-tran-a-marker	1.5 Transitive A marker	83_vos_ng_ac_b_no	vos	ng	nom-acc	balancing	nomn	vos	VS	VPA	100	0.79	0	0.0	0.5819333577156067	bos_eos
seed_43	1_5_tran_A_marker	05_1_5_tran_A_marker	fig:heatmap-5-tran-a-marker	1.5 Transitive A marker	84_vos_ng_ac_d_se	vos	ng	nom-acc	deranking	sent	vos	VS	VPA	100	0.91	0	0.0	0.7056330347061157	bos_eos
seed_43	1_5_tran_A_marker	05_1_5_tran_A_marker	fig:heatmap-5-tran-a-marker	1.5 Transitive A marker	85_vos_ng_ac_d_pa	vos	ng	nom-acc	deranking	poss-acc	vos	VS	VPA	100	0.82	0	0.0	0.5029580163955688	bos_eos
seed_43	1_5_tran_A_marker	05_1_5_tran_A_marker	fig:heatmap-5-tran-a-marker	1.5 Transitive A marker	86_vos_ng_ac_d_ep	vos	ng	nom-acc	deranking	erg-poss	vos	VS	VPA	100	0.88	0	0.0	0.7267016553878785	bos_eos
seed_43	1_5_tran_A_marker	05_1_5_tran_A_marker	fig:heatmap-5-tran-a-marker	1.5 Transitive A marker	87_vos_ng_ac_d_no	vos	ng	nom-acc	deranking	nomn	vos	VS	VPA	100	0.94	0	0.0	0.9056267237663269	bos_eos
seed_43	1_5_tran_A_marker	05_1_5_tran_A_marker	fig:heatmap-5-tran-a-marker	1.5 Transitive A marker	88_vos_ng_er_b_se	vos	ng	erg-abs	balancing	sent	vos	VS	VPA	100	1.0	0	0.0	1.5991921997070313	bos_eos
seed_43	1_5_tran_A_marker	05_1_5_tran_A_marker	fig:heatmap-5-tran-a-marker	1.5 Transitive A marker	89_vos_ng_er_b_pa	vos	ng	erg-abs	balancing	poss-acc	vos	VS	VPA	100	1.0	0	0.0	1.5099131178855896	bos_eos
seed_43	1_5_tran_A_marker	05_1_5_tran_A_marker	fig:heatmap-5-tran-a-marker	1.5 Transitive A marker	90_vos_ng_er_b_ep	vos	ng	erg-abs	balancing	erg-poss	vos	VS	VPA	100	1.0	0	0.0	1.6307460904121398	bos_eos
seed_43	1_5_tran_A_marker	05_1_5_tran_A_marker	fig:heatmap-5-tran-a-marker	1.5 Transitive A marker	91_vos_ng_er_b_no	vos	ng	erg-abs	balancing	nomn	vos	VS	VPA	100	1.0	0	0.0	1.663870553970337	bos_eos
seed_43	1_5_tran_A_marker	05_1_5_tran_A_marker	fig:heatmap-5-tran-a-marker	1.5 Transitive A marker	92_vos_ng_er_d_se	vos	ng	erg-abs	deranking	sent	vos	VS	VPA	100	1.0	0	0.0	1.593781259059906	bos_eos
seed_43	1_5_tran_A_marker	05_1_5_tran_A_marker	fig:heatmap-5-tran-a-marker	1.5 Transitive A marker	93_vos_ng_er_d_pa	vos	ng	erg-abs	deranking	poss-acc	vos	VS	VPA	100	1.0	0	0.0	1.5906573605537415	bos_eos
seed_43	1_5_tran_A_marker	05_1_5_tran_A_marker	fig:heatmap-5-tran-a-marker	1.5 Transitive A marker	94_vos_ng_er_d_ep	vos	ng	erg-abs	deranking	erg-poss	vos	VS	VPA	100	1.0	0	0.0	1.6352641296386718	bos_eos
seed_43	1_5_tran_A_marker	05_1_5_tran_A_marker	fig:heatmap-5-tran-a-marker	1.5 Transitive A marker	95_vos_ng_er_d_no	vos	ng	erg-abs	deranking	nomn	vos	VS	VPA	100	1.0	0	0.0	1.6756693398952485	bos_eos
seed_43	1_6_tran_P_marker	06_1_6_tran_P_marker	fig:heatmap-6-tran-p-marker	1.6 Transitive P marker	00_sov_gn_ac_b_se	sov	gn	nom-acc	balancing	sent	sov	SV	APV	100	1.0	0	0.0	1.811833324432373	bos_eos
seed_43	1_6_tran_P_marker	06_1_6_tran_P_marker	fig:heatmap-6-tran-p-marker	1.6 Transitive P marker	01_sov_gn_ac_b_pa	sov	gn	nom-acc	balancing	poss-acc	sov	SV	APV	100	1.0	0	0.0	1.7794809365272521	bos_eos
seed_43	1_6_tran_P_marker	06_1_6_tran_P_marker	fig:heatmap-6-tran-p-marker	1.6 Transitive P marker	02_sov_gn_ac_b_ep	sov	gn	nom-acc	balancing	erg-poss	sov	SV	APV	100	1.0	0	0.0	1.6006452775001525	bos_eos
seed_43	1_6_tran_P_marker	06_1_6_tran_P_marker	fig:heatmap-6-tran-p-marker	1.6 Transitive P marker	03_sov_gn_ac_b_no	sov	gn	nom-acc	balancing	nomn	sov	SV	APV	100	1.0	0	0.0	1.7249684405326844	bos_eos
seed_43	1_6_tran_P_marker	06_1_6_tran_P_marker	fig:heatmap-6-tran-p-marker	1.6 Transitive P marker	04_sov_gn_ac_d_se	sov	gn	nom-acc	deranking	sent	sov	SV	APV	100	1.0	0	0.0	1.7281963658332824	bos_eos
seed_43	1_6_tran_P_marker	06_1_6_tran_P_marker	fig:heatmap-6-tran-p-marker	1.6 Transitive P marker	05_sov_gn_ac_d_pa	sov	gn	nom-acc	deranking	poss-acc	sov	SV	APV	100	1.0	0	0.0	1.7074672889709472	bos_eos
seed_43	1_6_tran_P_marker	06_1_6_tran_P_marker	fig:heatmap-6-tran-p-marker	1.6 Transitive P marker	06_sov_gn_ac_d_ep	sov	gn	nom-acc	deranking	erg-poss	sov	SV	APV	100	1.0	0	0.0	1.6560039329528808	bos_eos
seed_43	1_6_tran_P_marker	06_1_6_tran_P_marker	fig:heatmap-6-tran-p-marker	1.6 Transitive P marker	07_sov_gn_ac_d_no	sov	gn	nom-acc	deranking	nomn	sov	SV	APV	100	1.0	0	0.0	1.879872808456421	bos_eos
seed_43	1_6_tran_P_marker	06_1_6_tran_P_marker	fig:heatmap-6-tran-p-marker	1.6 Transitive P marker	08_sov_gn_er_b_se	sov	gn	erg-abs	balancing	sent	sov	SV	APV	100	0.97	0	0.0	0.8844745492935181	bos_eos
seed_43	1_6_tran_P_marker	06_1_6_tran_P_marker	fig:heatmap-6-tran-p-marker	1.6 Transitive P marker	09_sov_gn_er_b_pa	sov	gn	erg-abs	balancing	poss-acc	sov	SV	APV	100	0.98	0	0.0	0.8361879324913025	bos_eos
seed_43	1_6_tran_P_marker	06_1_6_tran_P_marker	fig:heatmap-6-tran-p-marker	1.6 Transitive P marker	10_sov_gn_er_b_ep	sov	gn	erg-abs	balancing	erg-poss	sov	SV	APV	100	0.97	0	0.0	0.8450190114974976	bos_eos
seed_43	1_6_tran_P_marker	06_1_6_tran_P_marker	fig:heatmap-6-tran-p-marker	1.6 Transitive P marker	11_sov_gn_er_b_no	sov	gn	erg-abs	balancing	nomn	sov	SV	APV	100	0.98	0	0.0	0.8482096123695374	bos_eos
seed_43	1_6_tran_P_marker	06_1_6_tran_P_marker	fig:heatmap-6-tran-p-marker	1.6 Transitive P marker	12_sov_gn_er_d_se	sov	gn	erg-abs	deranking	sent	sov	SV	APV	100	0.99	0	0.0	0.8373450136184692	bos_eos
seed_43	1_6_tran_P_marker	06_1_6_tran_P_marker	fig:heatmap-6-tran-p-marker	1.6 Transitive P marker	13_sov_gn_er_d_pa	sov	gn	erg-abs	deranking	poss-acc	sov	SV	APV	100	0.95	0	0.0	0.7237922549247742	bos_eos
seed_43	1_6_tran_P_marker	06_1_6_tran_P_marker	fig:heatmap-6-tran-p-marker	1.6 Transitive P marker	14_sov_gn_er_d_ep	sov	gn	erg-abs	deranking	erg-poss	sov	SV	APV	100	0.96	0	0.0	0.718668794631958	bos_eos
seed_43	1_6_tran_P_marker	06_1_6_tran_P_marker	fig:heatmap-6-tran-p-marker	1.6 Transitive P marker	15_sov_gn_er_d_no	sov	gn	erg-abs	deranking	nomn	sov	SV	APV	100	0.98	0	0.0	0.8157834577560424	bos_eos
seed_43	1_6_tran_P_marker	06_1_6_tran_P_marker	fig:heatmap-6-tran-p-marker	1.6 Transitive P marker	16_sov_ng_ac_b_se	sov	ng	nom-acc	balancing	sent	sov	SV	APV	100	1.0	0	0.0	1.4321727991104125	bos_eos
seed_43	1_6_tran_P_marker	06_1_6_tran_P_marker	fig:heatmap-6-tran-p-marker	1.6 Transitive P marker	17_sov_ng_ac_b_pa	sov	ng	nom-acc	balancing	poss-acc	ovs	VS	PVA	100	1.0	0	0.0	1.5048925042152406	bos_eos
seed_43	1_6_tran_P_marker	06_1_6_tran_P_marker	fig:heatmap-6-tran-p-marker	1.6 Transitive P marker	18_sov_ng_ac_b_ep	sov	ng	nom-acc	balancing	erg-poss	vos	VS	AVP	100	1.0	0	0.0	1.4064608144760131	bos_eos
seed_43	1_6_tran_P_marker	06_1_6_tran_P_marker	fig:heatmap-6-tran-p-marker	1.6 Transitive P marker	19_sov_ng_ac_b_no	sov	ng	nom-acc	balancing	nomn	ovs	VS	PVA	100	1.0	0	0.0	1.5292489051818847	bos_eos
seed_43	1_6_tran_P_marker	06_1_6_tran_P_marker	fig:heatmap-6-tran-p-marker	1.6 Transitive P marker	20_sov_ng_ac_d_se	sov	ng	nom-acc	deranking	sent	sov	SV	APV	100	1.0	0	0.0	1.5876936721801758	bos_eos
seed_43	1_6_tran_P_marker	06_1_6_tran_P_marker	fig:heatmap-6-tran-p-marker	1.6 Transitive P marker	21_sov_ng_ac_d_pa	sov	ng	nom-acc	deranking	poss-acc	ovs	VS	PVA	100	1.0	0	0.0	1.5873113512992858	bos_eos
seed_43	1_6_tran_P_marker	06_1_6_tran_P_marker	fig:heatmap-6-tran-p-marker	1.6 Transitive P marker	22_sov_ng_ac_d_ep	sov	ng	nom-acc	deranking	erg-poss	vos	VS	AVP	100	1.0	0	0.0	1.4654821515083314	bos_eos
seed_43	1_6_tran_P_marker	06_1_6_tran_P_marker	fig:heatmap-6-tran-p-marker	1.6 Transitive P marker	23_sov_ng_ac_d_no	sov	ng	nom-acc	deranking	nomn	ovs	VS	PVA	100	1.0	0	0.0	1.5268164420127868	bos_eos
seed_43	1_6_tran_P_marker	06_1_6_tran_P_marker	fig:heatmap-6-tran-p-marker	1.6 Transitive P marker	24_sov_ng_er_b_se	sov	ng	erg-abs	balancing	sent	sov	SV	APV	100	0.78	0	0.0	0.3447156023979187	bos_eos
seed_43	1_6_tran_P_marker	06_1_6_tran_P_marker	fig:heatmap-6-tran-p-marker	1.6 Transitive P marker	25_sov_ng_er_b_pa	sov	ng	erg-abs	balancing	poss-acc	ovs	VS	PVA	100	0.82	0	0.0	0.4408303737640381	bos_eos
seed_43	1_6_tran_P_marker	06_1_6_tran_P_marker	fig:heatmap-6-tran-p-marker	1.6 Transitive P marker	26_sov_ng_er_b_ep	sov	ng	erg-abs	balancing	erg-poss	vos	VS	AVP	100	0.78	0	0.0	0.4123652243614197	bos_eos
seed_43	1_6_tran_P_marker	06_1_6_tran_P_marker	fig:heatmap-6-tran-p-marker	1.6 Transitive P marker	27_sov_ng_er_b_no	sov	ng	erg-abs	balancing	nomn	ovs	VS	PVA	100	0.89	0	0.0	0.5454920268058777	bos_eos
seed_43	1_6_tran_P_marker	06_1_6_tran_P_marker	fig:heatmap-6-tran-p-marker	1.6 Transitive P marker	28_sov_ng_er_d_se	sov	ng	erg-abs	deranking	sent	sov	SV	APV	100	0.9	0	0.0	0.4636827540397644	bos_eos
seed_43	1_6_tran_P_marker	06_1_6_tran_P_marker	fig:heatmap-6-tran-p-marker	1.6 Transitive P marker	29_sov_ng_er_d_pa	sov	ng	erg-abs	deranking	poss-acc	ovs	VS	PVA	100	0.83	0	0.0	0.3718179941177368	bos_eos
seed_43	1_6_tran_P_marker	06_1_6_tran_P_marker	fig:heatmap-6-tran-p-marker	1.6 Transitive P marker	30_sov_ng_er_d_ep	sov	ng	erg-abs	deranking	erg-poss	vos	VS	AVP	100	0.83	0	0.0	0.4115866494178772	bos_eos
seed_43	1_6_tran_P_marker	06_1_6_tran_P_marker	fig:heatmap-6-tran-p-marker	1.6 Transitive P marker	31_sov_ng_er_d_no	sov	ng	erg-abs	deranking	nomn	ovs	VS	PVA	100	0.85	0	0.0	0.42056410789489745	bos_eos
seed_43	1_6_tran_P_marker	06_1_6_tran_P_marker	fig:heatmap-6-tran-p-marker	1.6 Transitive P marker	32_svo_gn_ac_b_se	svo	gn	nom-acc	balancing	sent	svo	SV	AVP	100	1.0	0	0.0	2.667246313095093	bos_eos
seed_43	1_6_tran_P_marker	06_1_6_tran_P_marker	fig:heatmap-6-tran-p-marker	1.6 Transitive P marker	33_svo_gn_ac_b_pa	svo	gn	nom-acc	balancing	poss-acc	svo	SV	AVP	100	1.0	0	0.0	2.7479283165931703	bos_eos
seed_43	1_6_tran_P_marker	06_1_6_tran_P_marker	fig:heatmap-6-tran-p-marker	1.6 Transitive P marker	34_svo_gn_ac_b_ep	svo	gn	nom-acc	balancing	erg-poss	sov	SV	PVA	100	1.0	0	0.0	2.576491893529892	bos_eos
seed_43	1_6_tran_P_marker	06_1_6_tran_P_marker	fig:heatmap-6-tran-p-marker	1.6 Transitive P marker	35_svo_gn_ac_b_no	svo	gn	nom-acc	balancing	nomn	svo	SV	AVP	100	1.0	0	0.0	2.5874746584892274	bos_eos
seed_43	1_6_tran_P_marker	06_1_6_tran_P_marker	fig:heatmap-6-tran-p-marker	1.6 Transitive P marker	36_svo_gn_ac_d_se	svo	gn	nom-acc	deranking	sent	svo	SV	AVP	100	1.0	0	0.0	2.5250736355781553	bos_eos
seed_43	1_6_tran_P_marker	06_1_6_tran_P_marker	fig:heatmap-6-tran-p-marker	1.6 Transitive P marker	37_svo_gn_ac_d_pa	svo	gn	nom-acc	deranking	poss-acc	svo	SV	AVP	100	1.0	0	0.0	2.4356121373176576	bos_eos
seed_43	1_6_tran_P_marker	06_1_6_tran_P_marker	fig:heatmap-6-tran-p-marker	1.6 Transitive P marker	38_svo_gn_ac_d_ep	svo	gn	nom-acc	deranking	erg-poss	sov	SV	PVA	100	1.0	0	0.0	2.5574288392066955	bos_eos
seed_43	1_6_tran_P_marker	06_1_6_tran_P_marker	fig:heatmap-6-tran-p-marker	1.6 Transitive P marker	39_svo_gn_ac_d_no	svo	gn	nom-acc	deranking	nomn	svo	SV	AVP	100	1.0	0	0.0	2.555102825164795	bos_eos
seed_43	1_6_tran_P_marker	06_1_6_tran_P_marker	fig:heatmap-6-tran-p-marker	1.6 Transitive P marker	40_svo_gn_er_b_se	svo	gn	erg-abs	balancing	sent	svo	SV	AVP	100	1.0	0	0.0	1.0956208968162537	bos_eos
seed_43	1_6_tran_P_marker	06_1_6_tran_P_marker	fig:heatmap-6-tran-p-marker	1.6 Transitive P marker	41_svo_gn_er_b_pa	svo	gn	erg-abs	balancing	poss-acc	svo	SV	AVP	100	1.0	0	0.0	1.0854123067855834	bos_eos
seed_43	1_6_tran_P_marker	06_1_6_tran_P_marker	fig:heatmap-6-tran-p-marker	1.6 Transitive P marker	42_svo_gn_er_b_ep	svo	gn	erg-abs	balancing	erg-poss	sov	SV	PVA	100	1.0	0	0.0	1.0680580806732178	bos_eos
seed_43	1_6_tran_P_marker	06_1_6_tran_P_marker	fig:heatmap-6-tran-p-marker	1.6 Transitive P marker	43_svo_gn_er_b_no	svo	gn	erg-abs	balancing	nomn	svo	SV	AVP	100	1.0	0	0.0	1.1138065981864929	bos_eos
seed_43	1_6_tran_P_marker	06_1_6_tran_P_marker	fig:heatmap-6-tran-p-marker	1.6 Transitive P marker	44_svo_gn_er_d_se	svo	gn	erg-abs	deranking	sent	svo	SV	AVP	100	1.0	0	0.0	1.0866780662536621	bos_eos
seed_43	1_6_tran_P_marker	06_1_6_tran_P_marker	fig:heatmap-6-tran-p-marker	1.6 Transitive P marker	45_svo_gn_er_d_pa	svo	gn	erg-abs	deranking	poss-acc	svo	SV	AVP	100	1.0	0	0.0	1.0647812795639038	bos_eos
seed_43	1_6_tran_P_marker	06_1_6_tran_P_marker	fig:heatmap-6-tran-p-marker	1.6 Transitive P marker	46_svo_gn_er_d_ep	svo	gn	erg-abs	deranking	erg-poss	sov	SV	PVA	100	0.99	0	0.0	0.8815938758850098	bos_eos
seed_43	1_6_tran_P_marker	06_1_6_tran_P_marker	fig:heatmap-6-tran-p-marker	1.6 Transitive P marker	47_svo_gn_er_d_no	svo	gn	erg-abs	deranking	nomn	svo	SV	AVP	100	0.99	0	0.0	0.948454315662384	bos_eos
seed_43	1_6_tran_P_marker	06_1_6_tran_P_marker	fig:heatmap-6-tran-p-marker	1.6 Transitive P marker	48_svo_ng_ac_b_se	svo	ng	nom-acc	balancing	sent	svo	SV	AVP	100	1.0	0	0.0	2.453489443063736	bos_eos
seed_43	1_6_tran_P_marker	06_1_6_tran_P_marker	fig:heatmap-6-tran-p-marker	1.6 Transitive P marker	49_svo_ng_ac_b_pa	svo	ng	nom-acc	balancing	poss-acc	vos	VS	VPA	100	1.0	0	0.0	2.5070725905895235	bos_eos
seed_43	1_6_tran_P_marker	06_1_6_tran_P_marker	fig:heatmap-6-tran-p-marker	1.6 Transitive P marker	50_svo_ng_ac_b_ep	svo	ng	nom-acc	balancing	erg-poss	vos	VS	VPA	100	1.0	0	0.0	2.5233764016628264	bos_eos
seed_43	1_6_tran_P_marker	06_1_6_tran_P_marker	fig:heatmap-6-tran-p-marker	1.6 Transitive P marker	51_svo_ng_ac_b_no	svo	ng	nom-acc	balancing	nomn	vos	VS	VPA	100	1.0	0	0.0	2.7312689244747164	bos_eos
seed_43	1_6_tran_P_marker	06_1_6_tran_P_marker	fig:heatmap-6-tran-p-marker	1.6 Transitive P marker	52_svo_ng_ac_d_se	svo	ng	nom-acc	deranking	sent	svo	SV	AVP	100	1.0	0	0.0	2.2831552815437317	bos_eos
seed_43	1_6_tran_P_marker	06_1_6_tran_P_marker	fig:heatmap-6-tran-p-marker	1.6 Transitive P marker	53_svo_ng_ac_d_pa	svo	ng	nom-acc	deranking	poss-acc	vos	VS	VPA	100	1.0	0	0.0	2.374075255393982	bos_eos
seed_43	1_6_tran_P_marker	06_1_6_tran_P_marker	fig:heatmap-6-tran-p-marker	1.6 Transitive P marker	54_svo_ng_ac_d_ep	svo	ng	nom-acc	deranking	erg-poss	vos	VS	VPA	100	1.0	0	0.0	2.2680104398727416	bos_eos
seed_43	1_6_tran_P_marker	06_1_6_tran_P_marker	fig:heatmap-6-tran-p-marker	1.6 Transitive P marker	55_svo_ng_ac_d_no	svo	ng	nom-acc	deranking	nomn	vos	VS	VPA	100	1.0	0	0.0	2.3071208667755125	bos_eos
seed_43	1_6_tran_P_marker	06_1_6_tran_P_marker	fig:heatmap-6-tran-p-marker	1.6 Transitive P marker	56_svo_ng_er_b_se	svo	ng	erg-abs	balancing	sent	svo	SV	AVP	100	1.0	0	0.0	0.785908637046814	bos_eos
seed_43	1_6_tran_P_marker	06_1_6_tran_P_marker	fig:heatmap-6-tran-p-marker	1.6 Transitive P marker	57_svo_ng_er_b_pa	svo	ng	erg-abs	balancing	poss-acc	vos	VS	VPA	100	0.99	0	0.0	0.6658692955970764	bos_eos
seed_43	1_6_tran_P_marker	06_1_6_tran_P_marker	fig:heatmap-6-tran-p-marker	1.6 Transitive P marker	58_svo_ng_er_b_ep	svo	ng	erg-abs	balancing	erg-poss	vos	VS	VPA	100	0.99	0	0.0	0.7179971957206726	bos_eos
seed_43	1_6_tran_P_marker	06_1_6_tran_P_marker	fig:heatmap-6-tran-p-marker	1.6 Transitive P marker	59_svo_ng_er_b_no	svo	ng	erg-abs	balancing	nomn	vos	VS	VPA	100	1.0	0	0.0	0.7719535994529724	bos_eos
seed_43	1_6_tran_P_marker	06_1_6_tran_P_marker	fig:heatmap-6-tran-p-marker	1.6 Transitive P marker	60_svo_ng_er_d_se	svo	ng	erg-abs	deranking	sent	svo	SV	AVP	100	0.95	0	0.0	0.5321981763839722	bos_eos
seed_43	1_6_tran_P_marker	06_1_6_tran_P_marker	fig:heatmap-6-tran-p-marker	1.6 Transitive P marker	61_svo_ng_er_d_pa	svo	ng	erg-abs	deranking	poss-acc	vos	VS	VPA	100	0.96	0	0.0	0.6257212805747986	bos_eos
seed_43	1_6_tran_P_marker	06_1_6_tran_P_marker	fig:heatmap-6-tran-p-marker	1.6 Transitive P marker	62_svo_ng_er_d_ep	svo	ng	erg-abs	deranking	erg-poss	vos	VS	VPA	100	0.92	0	0.0	0.4777698254585266	bos_eos
seed_43	1_6_tran_P_marker	06_1_6_tran_P_marker	fig:heatmap-6-tran-p-marker	1.6 Transitive P marker	63_svo_ng_er_d_no	svo	ng	erg-abs	deranking	nomn	vos	VS	VPA	100	0.95	0	0.0	0.5810937762260437	bos_eos
seed_43	1_6_tran_P_marker	06_1_6_tran_P_marker	fig:heatmap-6-tran-p-marker	1.6 Transitive P marker	64_vos_gn_ac_b_se	vos	gn	nom-acc	balancing	sent	vos	VS	VPA	100	1.0	0	0.0	1.5286579275131225	bos_eos
seed_43	1_6_tran_P_marker	06_1_6_tran_P_marker	fig:heatmap-6-tran-p-marker	1.6 Transitive P marker	65_vos_gn_ac_b_pa	vos	gn	nom-acc	balancing	poss-acc	svo	SV	AVP	100	1.0	0	0.0	1.5843867397308349	bos_eos
seed_43	1_6_tran_P_marker	06_1_6_tran_P_marker	fig:heatmap-6-tran-p-marker	1.6 Transitive P marker	66_vos_gn_ac_b_ep	vos	gn	nom-acc	balancing	erg-poss	sov	SV	PVA	100	1.0	0	0.0	1.4901265001296997	bos_eos
seed_43	1_6_tran_P_marker	06_1_6_tran_P_marker	fig:heatmap-6-tran-p-marker	1.6 Transitive P marker	67_vos_gn_ac_b_no	vos	gn	nom-acc	balancing	nomn	svo	SV	AVP	100	1.0	0	0.0	1.5575211095809935	bos_eos
seed_43	1_6_tran_P_marker	06_1_6_tran_P_marker	fig:heatmap-6-tran-p-marker	1.6 Transitive P marker	68_vos_gn_ac_d_se	vos	gn	nom-acc	deranking	sent	vos	VS	VPA	100	1.0	0	0.0	1.6088435792922973	bos_eos
seed_43	1_6_tran_P_marker	06_1_6_tran_P_marker	fig:heatmap-6-tran-p-marker	1.6 Transitive P marker	69_vos_gn_ac_d_pa	vos	gn	nom-acc	deranking	poss-acc	svo	SV	AVP	100	1.0	0	0.0	1.6190520405769349	bos_eos
seed_43	1_6_tran_P_marker	06_1_6_tran_P_marker	fig:heatmap-6-tran-p-marker	1.6 Transitive P marker	70_vos_gn_ac_d_ep	vos	gn	nom-acc	deranking	erg-poss	sov	SV	PVA	100	1.0	0	0.0	1.5134566497802735	bos_eos
seed_43	1_6_tran_P_marker	06_1_6_tran_P_marker	fig:heatmap-6-tran-p-marker	1.6 Transitive P marker	71_vos_gn_ac_d_no	vos	gn	nom-acc	deranking	nomn	svo	SV	AVP	100	1.0	0	0.0	1.6222385239601136	bos_eos
seed_43	1_6_tran_P_marker	06_1_6_tran_P_marker	fig:heatmap-6-tran-p-marker	1.6 Transitive P marker	72_vos_gn_er_b_se	vos	gn	erg-abs	balancing	sent	vos	VS	VPA	100	0.95	0	0.0	0.7855783891677857	bos_eos
seed_43	1_6_tran_P_marker	06_1_6_tran_P_marker	fig:heatmap-6-tran-p-marker	1.6 Transitive P marker	73_vos_gn_er_b_pa	vos	gn	erg-abs	balancing	poss-acc	svo	SV	AVP	100	0.96	0	0.0	0.9112783002853394	bos_eos
seed_43	1_6_tran_P_marker	06_1_6_tran_P_marker	fig:heatmap-6-tran-p-marker	1.6 Transitive P marker	74_vos_gn_er_b_ep	vos	gn	erg-abs	balancing	erg-poss	sov	SV	PVA	100	0.98	0	0.0	0.917330060005188	bos_eos
seed_43	1_6_tran_P_marker	06_1_6_tran_P_marker	fig:heatmap-6-tran-p-marker	1.6 Transitive P marker	75_vos_gn_er_b_no	vos	gn	erg-abs	balancing	nomn	svo	SV	AVP	100	0.98	0	0.0	0.8829602146148682	bos_eos
seed_43	1_6_tran_P_marker	06_1_6_tran_P_marker	fig:heatmap-6-tran-p-marker	1.6 Transitive P marker	76_vos_gn_er_d_se	vos	gn	erg-abs	deranking	sent	vos	VS	VPA	100	0.97	0	0.0	0.9343110966682434	bos_eos
seed_43	1_6_tran_P_marker	06_1_6_tran_P_marker	fig:heatmap-6-tran-p-marker	1.6 Transitive P marker	77_vos_gn_er_d_pa	vos	gn	erg-abs	deranking	poss-acc	svo	SV	AVP	100	0.99	0	0.0	1.038625752925873	bos_eos
seed_43	1_6_tran_P_marker	06_1_6_tran_P_marker	fig:heatmap-6-tran-p-marker	1.6 Transitive P marker	78_vos_gn_er_d_ep	vos	gn	erg-abs	deranking	erg-poss	sov	SV	PVA	100	0.99	0	0.0	0.8954239892959595	bos_eos
seed_43	1_6_tran_P_marker	06_1_6_tran_P_marker	fig:heatmap-6-tran-p-marker	1.6 Transitive P marker	79_vos_gn_er_d_no	vos	gn	erg-abs	deranking	nomn	svo	SV	AVP	100	0.95	0	0.0	0.9497913575172424	bos_eos
seed_43	1_6_tran_P_marker	06_1_6_tran_P_marker	fig:heatmap-6-tran-p-marker	1.6 Transitive P marker	80_vos_ng_ac_b_se	vos	ng	nom-acc	balancing	sent	vos	VS	VPA	100	1.0	0	0.0	1.4585839104652405	bos_eos
seed_43	1_6_tran_P_marker	06_1_6_tran_P_marker	fig:heatmap-6-tran-p-marker	1.6 Transitive P marker	81_vos_ng_ac_b_pa	vos	ng	nom-acc	balancing	poss-acc	vos	VS	VPA	100	1.0	0	0.0	1.4950039196014404	bos_eos
seed_43	1_6_tran_P_marker	06_1_6_tran_P_marker	fig:heatmap-6-tran-p-marker	1.6 Transitive P marker	82_vos_ng_ac_b_ep	vos	ng	nom-acc	balancing	erg-poss	vos	VS	VPA	100	1.0	0	0.0	1.5200673866271972	bos_eos
seed_43	1_6_tran_P_marker	06_1_6_tran_P_marker	fig:heatmap-6-tran-p-marker	1.6 Transitive P marker	83_vos_ng_ac_b_no	vos	ng	nom-acc	balancing	nomn	vos	VS	VPA	100	1.0	0	0.0	1.5879139590263367	bos_eos
seed_43	1_6_tran_P_marker	06_1_6_tran_P_marker	fig:heatmap-6-tran-p-marker	1.6 Transitive P marker	84_vos_ng_ac_d_se	vos	ng	nom-acc	deranking	sent	vos	VS	VPA	100	1.0	0	0.0	1.535066978931427	bos_eos
seed_43	1_6_tran_P_marker	06_1_6_tran_P_marker	fig:heatmap-6-tran-p-marker	1.6 Transitive P marker	85_vos_ng_ac_d_pa	vos	ng	nom-acc	deranking	poss-acc	vos	VS	VPA	100	1.0	0	0.0	1.5130894374847412	bos_eos
seed_43	1_6_tran_P_marker	06_1_6_tran_P_marker	fig:heatmap-6-tran-p-marker	1.6 Transitive P marker	86_vos_ng_ac_d_ep	vos	ng	nom-acc	deranking	erg-poss	vos	VS	VPA	100	1.0	0	0.0	1.543802309036255	bos_eos
seed_43	1_6_tran_P_marker	06_1_6_tran_P_marker	fig:heatmap-6-tran-p-marker	1.6 Transitive P marker	87_vos_ng_ac_d_no	vos	ng	nom-acc	deranking	nomn	vos	VS	VPA	100	1.0	0	0.0	1.6991085314750671	bos_eos
seed_43	1_6_tran_P_marker	06_1_6_tran_P_marker	fig:heatmap-6-tran-p-marker	1.6 Transitive P marker	88_vos_ng_er_b_se	vos	ng	erg-abs	balancing	sent	vos	VS	VPA	100	1.0	0	0.0	0.870581157207489	bos_eos
seed_43	1_6_tran_P_marker	06_1_6_tran_P_marker	fig:heatmap-6-tran-p-marker	1.6 Transitive P marker	89_vos_ng_er_b_pa	vos	ng	erg-abs	balancing	poss-acc	vos	VS	VPA	100	1.0	0	0.0	0.9655524134635926	bos_eos
seed_43	1_6_tran_P_marker	06_1_6_tran_P_marker	fig:heatmap-6-tran-p-marker	1.6 Transitive P marker	90_vos_ng_er_b_ep	vos	ng	erg-abs	balancing	erg-poss	vos	VS	VPA	100	1.0	0	0.0	0.8671736335754394	bos_eos
seed_43	1_6_tran_P_marker	06_1_6_tran_P_marker	fig:heatmap-6-tran-p-marker	1.6 Transitive P marker	91_vos_ng_er_b_no	vos	ng	erg-abs	balancing	nomn	vos	VS	VPA	100	1.0	0	0.0	0.9673011040687561	bos_eos
seed_43	1_6_tran_P_marker	06_1_6_tran_P_marker	fig:heatmap-6-tran-p-marker	1.6 Transitive P marker	92_vos_ng_er_d_se	vos	ng	erg-abs	deranking	sent	vos	VS	VPA	100	1.0	0	0.0	0.9298296332359314	bos_eos
seed_43	1_6_tran_P_marker	06_1_6_tran_P_marker	fig:heatmap-6-tran-p-marker	1.6 Transitive P marker	93_vos_ng_er_d_pa	vos	ng	erg-abs	deranking	poss-acc	vos	VS	VPA	100	1.0	0	0.0	0.9667968869209289	bos_eos
seed_43	1_6_tran_P_marker	06_1_6_tran_P_marker	fig:heatmap-6-tran-p-marker	1.6 Transitive P marker	94_vos_ng_er_d_ep	vos	ng	erg-abs	deranking	erg-poss	vos	VS	VPA	100	1.0	0	0.0	0.9752486109733581	bos_eos
seed_43	1_6_tran_P_marker	06_1_6_tran_P_marker	fig:heatmap-6-tran-p-marker	1.6 Transitive P marker	95_vos_ng_er_d_no	vos	ng	erg-abs	deranking	nomn	vos	VS	VPA	100	1.0	0	0.0	1.0125675511360168	bos_eos
seed_43	1_7_tran_AV_order	07_1_7_tran_AV_order	fig:heatmap-7-tran-av-order	1.7 Transitive A--V order	00_sov_gn_ac_b_se	sov	gn	nom-acc	balancing	sent	sov	SV	APV	100	1.0	0	0.0	3.3441332376003263	bos_eos
seed_43	1_7_tran_AV_order	07_1_7_tran_AV_order	fig:heatmap-7-tran-av-order	1.7 Transitive A--V order	01_sov_gn_ac_b_pa	sov	gn	nom-acc	balancing	poss-acc	sov	SV	APV	100	1.0	0	0.0	3.501442848443985	bos_eos
seed_43	1_7_tran_AV_order	07_1_7_tran_AV_order	fig:heatmap-7-tran-av-order	1.7 Transitive A--V order	02_sov_gn_ac_b_ep	sov	gn	nom-acc	balancing	erg-poss	sov	SV	APV	100	1.0	0	0.0	3.5432124543190002	bos_eos
seed_43	1_7_tran_AV_order	07_1_7_tran_AV_order	fig:heatmap-7-tran-av-order	1.7 Transitive A--V order	03_sov_gn_ac_b_no	sov	gn	nom-acc	balancing	nomn	sov	SV	APV	100	1.0	0	0.0	3.447380607128143	bos_eos
seed_43	1_7_tran_AV_order	07_1_7_tran_AV_order	fig:heatmap-7-tran-av-order	1.7 Transitive A--V order	04_sov_gn_ac_d_se	sov	gn	nom-acc	deranking	sent	sov	SV	APV	100	1.0	0	0.0	3.6919983434677124	bos_eos
seed_43	1_7_tran_AV_order	07_1_7_tran_AV_order	fig:heatmap-7-tran-av-order	1.7 Transitive A--V order	05_sov_gn_ac_d_pa	sov	gn	nom-acc	deranking	poss-acc	sov	SV	APV	100	1.0	0	0.0	3.609674913883209	bos_eos
seed_43	1_7_tran_AV_order	07_1_7_tran_AV_order	fig:heatmap-7-tran-av-order	1.7 Transitive A--V order	06_sov_gn_ac_d_ep	sov	gn	nom-acc	deranking	erg-poss	sov	SV	APV	100	1.0	0	0.0	3.862365894317627	bos_eos
seed_43	1_7_tran_AV_order	07_1_7_tran_AV_order	fig:heatmap-7-tran-av-order	1.7 Transitive A--V order	07_sov_gn_ac_d_no	sov	gn	nom-acc	deranking	nomn	sov	SV	APV	100	1.0	0	0.0	4.099660711288452	bos_eos
seed_43	1_7_tran_AV_order	07_1_7_tran_AV_order	fig:heatmap-7-tran-av-order	1.7 Transitive A--V order	08_sov_gn_er_b_se	sov	gn	erg-abs	balancing	sent	sov	SV	APV	100	1.0	0	0.0	3.30807000875473	bos_eos
seed_43	1_7_tran_AV_order	07_1_7_tran_AV_order	fig:heatmap-7-tran-av-order	1.7 Transitive A--V order	09_sov_gn_er_b_pa	sov	gn	erg-abs	balancing	poss-acc	sov	SV	APV	100	1.0	0	0.0	3.2782584619522095	bos_eos
seed_43	1_7_tran_AV_order	07_1_7_tran_AV_order	fig:heatmap-7-tran-av-order	1.7 Transitive A--V order	10_sov_gn_er_b_ep	sov	gn	erg-abs	balancing	erg-poss	sov	SV	APV	100	1.0	0	0.0	3.3365811038017275	bos_eos
seed_43	1_7_tran_AV_order	07_1_7_tran_AV_order	fig:heatmap-7-tran-av-order	1.7 Transitive A--V order	11_sov_gn_er_b_no	sov	gn	erg-abs	balancing	nomn	sov	SV	APV	100	1.0	0	0.0	3.4859060287475585	bos_eos
seed_43	1_7_tran_AV_order	07_1_7_tran_AV_order	fig:heatmap-7-tran-av-order	1.7 Transitive A--V order	12_sov_gn_er_d_se	sov	gn	erg-abs	deranking	sent	sov	SV	APV	100	1.0	0	0.0	3.994419724941254	bos_eos
seed_43	1_7_tran_AV_order	07_1_7_tran_AV_order	fig:heatmap-7-tran-av-order	1.7 Transitive A--V order	13_sov_gn_er_d_pa	sov	gn	erg-abs	deranking	poss-acc	sov	SV	APV	100	1.0	0	0.0	3.8594527518749238	bos_eos
seed_43	1_7_tran_AV_order	07_1_7_tran_AV_order	fig:heatmap-7-tran-av-order	1.7 Transitive A--V order	14_sov_gn_er_d_ep	sov	gn	erg-abs	deranking	erg-poss	sov	SV	APV	100	1.0	0	0.0	3.837853651046753	bos_eos
seed_43	1_7_tran_AV_order	07_1_7_tran_AV_order	fig:heatmap-7-tran-av-order	1.7 Transitive A--V order	15_sov_gn_er_d_no	sov	gn	erg-abs	deranking	nomn	sov	SV	APV	100	1.0	0	0.0	4.265333248376846	bos_eos
seed_43	1_7_tran_AV_order	07_1_7_tran_AV_order	fig:heatmap-7-tran-av-order	1.7 Transitive A--V order	16_sov_ng_ac_b_se	sov	ng	nom-acc	balancing	sent	sov	SV	APV	100	1.0	0	0.0	3.669494642019272	bos_eos
seed_43	1_7_tran_AV_order	07_1_7_tran_AV_order	fig:heatmap-7-tran-av-order	1.7 Transitive A--V order	17_sov_ng_ac_b_pa	sov	ng	nom-acc	balancing	poss-acc	ovs	VS	PVA	100	1.0	0	0.0	3.7937336564064026	bos_eos
seed_43	1_7_tran_AV_order	07_1_7_tran_AV_order	fig:heatmap-7-tran-av-order	1.7 Transitive A--V order	18_sov_ng_ac_b_ep	sov	ng	nom-acc	balancing	erg-poss	vos	VS	AVP	100	1.0	0	0.0	4.045608042478562	bos_eos
seed_43	1_7_tran_AV_order	07_1_7_tran_AV_order	fig:heatmap-7-tran-av-order	1.7 Transitive A--V order	19_sov_ng_ac_b_no	sov	ng	nom-acc	balancing	nomn	ovs	VS	PVA	100	1.0	0	0.0	4.102415484189987	bos_eos
seed_43	1_7_tran_AV_order	07_1_7_tran_AV_order	fig:heatmap-7-tran-av-order	1.7 Transitive A--V order	20_sov_ng_ac_d_se	sov	ng	nom-acc	deranking	sent	sov	SV	APV	100	1.0	0	0.0	4.271217975616455	bos_eos
seed_43	1_7_tran_AV_order	07_1_7_tran_AV_order	fig:heatmap-7-tran-av-order	1.7 Transitive A--V order	21_sov_ng_ac_d_pa	sov	ng	nom-acc	deranking	poss-acc	ovs	VS	PVA	100	1.0	0	0.0	4.20041025519371	bos_eos
seed_43	1_7_tran_AV_order	07_1_7_tran_AV_order	fig:heatmap-7-tran-av-order	1.7 Transitive A--V order	22_sov_ng_ac_d_ep	sov	ng	nom-acc	deranking	erg-poss	vos	VS	AVP	100	1.0	0	0.0	4.286954120397568	bos_eos
seed_43	1_7_tran_AV_order	07_1_7_tran_AV_order	fig:heatmap-7-tran-av-order	1.7 Transitive A--V order	23_sov_ng_ac_d_no	sov	ng	nom-acc	deranking	nomn	ovs	VS	PVA	100	1.0	0	0.0	4.655742381811142	bos_eos
seed_43	1_7_tran_AV_order	07_1_7_tran_AV_order	fig:heatmap-7-tran-av-order	1.7 Transitive A--V order	24_sov_ng_er_b_se	sov	ng	erg-abs	balancing	sent	sov	SV	APV	100	1.0	0	0.0	3.68347357749939	bos_eos
seed_43	1_7_tran_AV_order	07_1_7_tran_AV_order	fig:heatmap-7-tran-av-order	1.7 Transitive A--V order	25_sov_ng_er_b_pa	sov	ng	erg-abs	balancing	poss-acc	ovs	VS	PVA	100	1.0	0	0.0	3.538878744840622	bos_eos
seed_43	1_7_tran_AV_order	07_1_7_tran_AV_order	fig:heatmap-7-tran-av-order	1.7 Transitive A--V order	26_sov_ng_er_b_ep	sov	ng	erg-abs	balancing	erg-poss	vos	VS	AVP	100	1.0	0	0.0	3.741401791572571	bos_eos
seed_43	1_7_tran_AV_order	07_1_7_tran_AV_order	fig:heatmap-7-tran-av-order	1.7 Transitive A--V order	27_sov_ng_er_b_no	sov	ng	erg-abs	balancing	nomn	ovs	VS	PVA	100	1.0	0	0.0	3.750442159175873	bos_eos
seed_43	1_7_tran_AV_order	07_1_7_tran_AV_order	fig:heatmap-7-tran-av-order	1.7 Transitive A--V order	28_sov_ng_er_d_se	sov	ng	erg-abs	deranking	sent	sov	SV	APV	100	1.0	0	0.0	3.9478675496578215	bos_eos
seed_43	1_7_tran_AV_order	07_1_7_tran_AV_order	fig:heatmap-7-tran-av-order	1.7 Transitive A--V order	29_sov_ng_er_d_pa	sov	ng	erg-abs	deranking	poss-acc	ovs	VS	PVA	100	1.0	0	0.0	3.612832109928131	bos_eos
seed_43	1_7_tran_AV_order	07_1_7_tran_AV_order	fig:heatmap-7-tran-av-order	1.7 Transitive A--V order	30_sov_ng_er_d_ep	sov	ng	erg-abs	deranking	erg-poss	vos	VS	AVP	100	1.0	0	0.0	4.006800990104676	bos_eos
seed_43	1_7_tran_AV_order	07_1_7_tran_AV_order	fig:heatmap-7-tran-av-order	1.7 Transitive A--V order	31_sov_ng_er_d_no	sov	ng	erg-abs	deranking	nomn	ovs	VS	PVA	100	1.0	0	0.0	4.209154912233353	bos_eos
seed_43	1_7_tran_AV_order	07_1_7_tran_AV_order	fig:heatmap-7-tran-av-order	1.7 Transitive A--V order	32_svo_gn_ac_b_se	svo	gn	nom-acc	balancing	sent	svo	SV	AVP	100	1.0	0	0.0	4.146343809366226	bos_eos
seed_43	1_7_tran_AV_order	07_1_7_tran_AV_order	fig:heatmap-7-tran-av-order	1.7 Transitive A--V order	33_svo_gn_ac_b_pa	svo	gn	nom-acc	balancing	poss-acc	svo	SV	AVP	100	1.0	0	0.0	4.133342624902725	bos_eos
seed_43	1_7_tran_AV_order	07_1_7_tran_AV_order	fig:heatmap-7-tran-av-order	1.7 Transitive A--V order	34_svo_gn_ac_b_ep	svo	gn	nom-acc	balancing	erg-poss	sov	SV	PVA	100	1.0	0	0.0	4.4247858381271366	bos_eos
seed_43	1_7_tran_AV_order	07_1_7_tran_AV_order	fig:heatmap-7-tran-av-order	1.7 Transitive A--V order	35_svo_gn_ac_b_no	svo	gn	nom-acc	balancing	nomn	svo	SV	AVP	100	1.0	0	0.0	4.362984540462494	bos_eos
seed_43	1_7_tran_AV_order	07_1_7_tran_AV_order	fig:heatmap-7-tran-av-order	1.7 Transitive A--V order	36_svo_gn_ac_d_se	svo	gn	nom-acc	deranking	sent	svo	SV	AVP	100	1.0	0	0.0	3.7950703072547913	bos_eos
seed_43	1_7_tran_AV_order	07_1_7_tran_AV_order	fig:heatmap-7-tran-av-order	1.7 Transitive A--V order	37_svo_gn_ac_d_pa	svo	gn	nom-acc	deranking	poss-acc	svo	SV	AVP	100	1.0	0	0.0	3.6749077677726745	bos_eos
seed_43	1_7_tran_AV_order	07_1_7_tran_AV_order	fig:heatmap-7-tran-av-order	1.7 Transitive A--V order	38_svo_gn_ac_d_ep	svo	gn	nom-acc	deranking	erg-poss	sov	SV	PVA	100	1.0	0	0.0	4.522922981977462	bos_eos
seed_43	1_7_tran_AV_order	07_1_7_tran_AV_order	fig:heatmap-7-tran-av-order	1.7 Transitive A--V order	39_svo_gn_ac_d_no	svo	gn	nom-acc	deranking	nomn	svo	SV	AVP	100	1.0	0	0.0	4.27002788066864	bos_eos
seed_43	1_7_tran_AV_order	07_1_7_tran_AV_order	fig:heatmap-7-tran-av-order	1.7 Transitive A--V order	40_svo_gn_er_b_se	svo	gn	erg-abs	balancing	sent	svo	SV	AVP	100	1.0	0	0.0	3.8933159828186037	bos_eos
seed_43	1_7_tran_AV_order	07_1_7_tran_AV_order	fig:heatmap-7-tran-av-order	1.7 Transitive A--V order	41_svo_gn_er_b_pa	svo	gn	erg-abs	balancing	poss-acc	svo	SV	AVP	100	1.0	0	0.0	3.983242921829224	bos_eos
seed_43	1_7_tran_AV_order	07_1_7_tran_AV_order	fig:heatmap-7-tran-av-order	1.7 Transitive A--V order	42_svo_gn_er_b_ep	svo	gn	erg-abs	balancing	erg-poss	sov	SV	PVA	100	1.0	0	0.0	3.963407977819443	bos_eos
seed_43	1_7_tran_AV_order	07_1_7_tran_AV_order	fig:heatmap-7-tran-av-order	1.7 Transitive A--V order	43_svo_gn_er_b_no	svo	gn	erg-abs	balancing	nomn	svo	SV	AVP	100	1.0	0	0.0	3.9084158933162687	bos_eos
seed_43	1_7_tran_AV_order	07_1_7_tran_AV_order	fig:heatmap-7-tran-av-order	1.7 Transitive A--V order	44_svo_gn_er_d_se	svo	gn	erg-abs	deranking	sent	svo	SV	AVP	100	1.0	0	0.0	3.710889308452606	bos_eos
seed_43	1_7_tran_AV_order	07_1_7_tran_AV_order	fig:heatmap-7-tran-av-order	1.7 Transitive A--V order	45_svo_gn_er_d_pa	svo	gn	erg-abs	deranking	poss-acc	svo	SV	AVP	100	1.0	0	0.0	3.8504752361774446	bos_eos
seed_43	1_7_tran_AV_order	07_1_7_tran_AV_order	fig:heatmap-7-tran-av-order	1.7 Transitive A--V order	46_svo_gn_er_d_ep	svo	gn	erg-abs	deranking	erg-poss	sov	SV	PVA	100	1.0	0	0.0	3.6822304797172545	bos_eos
seed_43	1_7_tran_AV_order	07_1_7_tran_AV_order	fig:heatmap-7-tran-av-order	1.7 Transitive A--V order	47_svo_gn_er_d_no	svo	gn	erg-abs	deranking	nomn	svo	SV	AVP	100	1.0	0	0.0	3.686365101337433	bos_eos
seed_43	1_7_tran_AV_order	07_1_7_tran_AV_order	fig:heatmap-7-tran-av-order	1.7 Transitive A--V order	48_svo_ng_ac_b_se	svo	ng	nom-acc	balancing	sent	svo	SV	AVP	100	1.0	0	0.0	3.7485908555984495	bos_eos
seed_43	1_7_tran_AV_order	07_1_7_tran_AV_order	fig:heatmap-7-tran-av-order	1.7 Transitive A--V order	49_svo_ng_ac_b_pa	svo	ng	nom-acc	balancing	poss-acc	vos	VS	VPA	100	1.0	0	0.0	3.817546467781067	bos_eos
seed_43	1_7_tran_AV_order	07_1_7_tran_AV_order	fig:heatmap-7-tran-av-order	1.7 Transitive A--V order	50_svo_ng_ac_b_ep	svo	ng	nom-acc	balancing	erg-poss	vos	VS	VPA	100	1.0	0	0.0	3.9207355046272276	bos_eos
seed_43	1_7_tran_AV_order	07_1_7_tran_AV_order	fig:heatmap-7-tran-av-order	1.7 Transitive A--V order	51_svo_ng_ac_b_no	svo	ng	nom-acc	balancing	nomn	vos	VS	VPA	100	1.0	0	0.0	3.954254539012909	bos_eos
seed_43	1_7_tran_AV_order	07_1_7_tran_AV_order	fig:heatmap-7-tran-av-order	1.7 Transitive A--V order	52_svo_ng_ac_d_se	svo	ng	nom-acc	deranking	sent	svo	SV	AVP	100	1.0	0	0.0	3.4394043505191805	bos_eos
seed_43	1_7_tran_AV_order	07_1_7_tran_AV_order	fig:heatmap-7-tran-av-order	1.7 Transitive A--V order	53_svo_ng_ac_d_pa	svo	ng	nom-acc	deranking	poss-acc	vos	VS	VPA	100	1.0	0	0.0	3.4208728075027466	bos_eos
seed_43	1_7_tran_AV_order	07_1_7_tran_AV_order	fig:heatmap-7-tran-av-order	1.7 Transitive A--V order	54_svo_ng_ac_d_ep	svo	ng	nom-acc	deranking	erg-poss	vos	VS	VPA	100	1.0	0	0.0	3.750525070428848	bos_eos
seed_43	1_7_tran_AV_order	07_1_7_tran_AV_order	fig:heatmap-7-tran-av-order	1.7 Transitive A--V order	55_svo_ng_ac_d_no	svo	ng	nom-acc	deranking	nomn	vos	VS	VPA	100	1.0	0	0.0	3.8612316572666168	bos_eos
seed_43	1_7_tran_AV_order	07_1_7_tran_AV_order	fig:heatmap-7-tran-av-order	1.7 Transitive A--V order	56_svo_ng_er_b_se	svo	ng	erg-abs	balancing	sent	svo	SV	AVP	100	1.0	0	0.0	4.147739019393921	bos_eos
seed_43	1_7_tran_AV_order	07_1_7_tran_AV_order	fig:heatmap-7-tran-av-order	1.7 Transitive A--V order	57_svo_ng_er_b_pa	svo	ng	erg-abs	balancing	poss-acc	vos	VS	VPA	100	1.0	0	0.0	3.868129539489746	bos_eos
seed_43	1_7_tran_AV_order	07_1_7_tran_AV_order	fig:heatmap-7-tran-av-order	1.7 Transitive A--V order	58_svo_ng_er_b_ep	svo	ng	erg-abs	balancing	erg-poss	vos	VS	VPA	100	1.0	0	0.0	4.176772495508194	bos_eos
seed_43	1_7_tran_AV_order	07_1_7_tran_AV_order	fig:heatmap-7-tran-av-order	1.7 Transitive A--V order	59_svo_ng_er_b_no	svo	ng	erg-abs	balancing	nomn	vos	VS	VPA	100	1.0	0	0.0	4.088420759439469	bos_eos
seed_43	1_7_tran_AV_order	07_1_7_tran_AV_order	fig:heatmap-7-tran-av-order	1.7 Transitive A--V order	60_svo_ng_er_d_se	svo	ng	erg-abs	deranking	sent	svo	SV	AVP	100	1.0	0	0.0	3.6240988063812254	bos_eos
seed_43	1_7_tran_AV_order	07_1_7_tran_AV_order	fig:heatmap-7-tran-av-order	1.7 Transitive A--V order	61_svo_ng_er_d_pa	svo	ng	erg-abs	deranking	poss-acc	vos	VS	VPA	100	1.0	0	0.0	4.090687096118927	bos_eos
seed_43	1_7_tran_AV_order	07_1_7_tran_AV_order	fig:heatmap-7-tran-av-order	1.7 Transitive A--V order	62_svo_ng_er_d_ep	svo	ng	erg-abs	deranking	erg-poss	vos	VS	VPA	100	1.0	0	0.0	3.7183766531944276	bos_eos
seed_43	1_7_tran_AV_order	07_1_7_tran_AV_order	fig:heatmap-7-tran-av-order	1.7 Transitive A--V order	63_svo_ng_er_d_no	svo	ng	erg-abs	deranking	nomn	vos	VS	VPA	100	1.0	0	0.0	3.764090070724487	bos_eos
seed_43	1_7_tran_AV_order	07_1_7_tran_AV_order	fig:heatmap-7-tran-av-order	1.7 Transitive A--V order	64_vos_gn_ac_b_se	vos	gn	nom-acc	balancing	sent	vos	VS	VPA	100	1.0	0	0.0	3.9142665100097656	bos_eos
seed_43	1_7_tran_AV_order	07_1_7_tran_AV_order	fig:heatmap-7-tran-av-order	1.7 Transitive A--V order	65_vos_gn_ac_b_pa	vos	gn	nom-acc	balancing	poss-acc	svo	SV	AVP	100	1.0	0	0.0	3.951205896139145	bos_eos
seed_43	1_7_tran_AV_order	07_1_7_tran_AV_order	fig:heatmap-7-tran-av-order	1.7 Transitive A--V order	66_vos_gn_ac_b_ep	vos	gn	nom-acc	balancing	erg-poss	sov	SV	PVA	100	1.0	0	0.0	4.012060462236405	bos_eos
seed_43	1_7_tran_AV_order	07_1_7_tran_AV_order	fig:heatmap-7-tran-av-order	1.7 Transitive A--V order	67_vos_gn_ac_b_no	vos	gn	nom-acc	balancing	nomn	svo	SV	AVP	100	1.0	0	0.0	4.051846153736115	bos_eos
seed_43	1_7_tran_AV_order	07_1_7_tran_AV_order	fig:heatmap-7-tran-av-order	1.7 Transitive A--V order	68_vos_gn_ac_d_se	vos	gn	nom-acc	deranking	sent	vos	VS	VPA	100	1.0	0	0.0	5.268329447507858	bos_eos
seed_43	1_7_tran_AV_order	07_1_7_tran_AV_order	fig:heatmap-7-tran-av-order	1.7 Transitive A--V order	69_vos_gn_ac_d_pa	vos	gn	nom-acc	deranking	poss-acc	svo	SV	AVP	100	1.0	0	0.0	5.062554929256439	bos_eos
seed_43	1_7_tran_AV_order	07_1_7_tran_AV_order	fig:heatmap-7-tran-av-order	1.7 Transitive A--V order	70_vos_gn_ac_d_ep	vos	gn	nom-acc	deranking	erg-poss	sov	SV	PVA	100	1.0	0	0.0	5.409982291460037	bos_eos
seed_43	1_7_tran_AV_order	07_1_7_tran_AV_order	fig:heatmap-7-tran-av-order	1.7 Transitive A--V order	71_vos_gn_ac_d_no	vos	gn	nom-acc	deranking	nomn	svo	SV	AVP	100	1.0	0	0.0	5.31401049375534	bos_eos
seed_43	1_7_tran_AV_order	07_1_7_tran_AV_order	fig:heatmap-7-tran-av-order	1.7 Transitive A--V order	72_vos_gn_er_b_se	vos	gn	erg-abs	balancing	sent	vos	VS	VPA	100	1.0	0	0.0	4.612164876461029	bos_eos
seed_43	1_7_tran_AV_order	07_1_7_tran_AV_order	fig:heatmap-7-tran-av-order	1.7 Transitive A--V order	73_vos_gn_er_b_pa	vos	gn	erg-abs	balancing	poss-acc	svo	SV	AVP	100	1.0	0	0.0	4.416963850259781	bos_eos
seed_43	1_7_tran_AV_order	07_1_7_tran_AV_order	fig:heatmap-7-tran-av-order	1.7 Transitive A--V order	74_vos_gn_er_b_ep	vos	gn	erg-abs	balancing	erg-poss	sov	SV	PVA	100	1.0	0	0.0	4.75708336353302	bos_eos
seed_43	1_7_tran_AV_order	07_1_7_tran_AV_order	fig:heatmap-7-tran-av-order	1.7 Transitive A--V order	75_vos_gn_er_b_no	vos	gn	erg-abs	balancing	nomn	svo	SV	AVP	100	1.0	0	0.0	4.4193656587600705	bos_eos
seed_43	1_7_tran_AV_order	07_1_7_tran_AV_order	fig:heatmap-7-tran-av-order	1.7 Transitive A--V order	76_vos_gn_er_d_se	vos	gn	erg-abs	deranking	sent	vos	VS	VPA	100	1.0	0	0.0	5.669739960432053	bos_eos
seed_43	1_7_tran_AV_order	07_1_7_tran_AV_order	fig:heatmap-7-tran-av-order	1.7 Transitive A--V order	77_vos_gn_er_d_pa	vos	gn	erg-abs	deranking	poss-acc	svo	SV	AVP	100	1.0	0	0.0	5.855706205368042	bos_eos
seed_43	1_7_tran_AV_order	07_1_7_tran_AV_order	fig:heatmap-7-tran-av-order	1.7 Transitive A--V order	78_vos_gn_er_d_ep	vos	gn	erg-abs	deranking	erg-poss	sov	SV	PVA	100	1.0	0	0.0	5.832848044633866	bos_eos
seed_43	1_7_tran_AV_order	07_1_7_tran_AV_order	fig:heatmap-7-tran-av-order	1.7 Transitive A--V order	79_vos_gn_er_d_no	vos	gn	erg-abs	deranking	nomn	svo	SV	AVP	100	1.0	0	0.0	5.874641301631928	bos_eos
seed_43	1_7_tran_AV_order	07_1_7_tran_AV_order	fig:heatmap-7-tran-av-order	1.7 Transitive A--V order	80_vos_ng_ac_b_se	vos	ng	nom-acc	balancing	sent	vos	VS	VPA	100	1.0	0	0.0	3.6906421852111815	bos_eos
seed_43	1_7_tran_AV_order	07_1_7_tran_AV_order	fig:heatmap-7-tran-av-order	1.7 Transitive A--V order	81_vos_ng_ac_b_pa	vos	ng	nom-acc	balancing	poss-acc	vos	VS	VPA	100	1.0	0	0.0	3.5309023547172544	bos_eos
seed_43	1_7_tran_AV_order	07_1_7_tran_AV_order	fig:heatmap-7-tran-av-order	1.7 Transitive A--V order	82_vos_ng_ac_b_ep	vos	ng	nom-acc	balancing	erg-poss	vos	VS	VPA	100	1.0	0	0.0	3.7293898248672486	bos_eos
seed_43	1_7_tran_AV_order	07_1_7_tran_AV_order	fig:heatmap-7-tran-av-order	1.7 Transitive A--V order	83_vos_ng_ac_b_no	vos	ng	nom-acc	balancing	nomn	vos	VS	VPA	100	1.0	0	0.0	3.7678076207637785	bos_eos
seed_43	1_7_tran_AV_order	07_1_7_tran_AV_order	fig:heatmap-7-tran-av-order	1.7 Transitive A--V order	84_vos_ng_ac_d_se	vos	ng	nom-acc	deranking	sent	vos	VS	VPA	100	1.0	0	0.0	4.985755596160889	bos_eos
seed_43	1_7_tran_AV_order	07_1_7_tran_AV_order	fig:heatmap-7-tran-av-order	1.7 Transitive A--V order	85_vos_ng_ac_d_pa	vos	ng	nom-acc	deranking	poss-acc	vos	VS	VPA	100	1.0	0	0.0	4.943998496532441	bos_eos
seed_43	1_7_tran_AV_order	07_1_7_tran_AV_order	fig:heatmap-7-tran-av-order	1.7 Transitive A--V order	86_vos_ng_ac_d_ep	vos	ng	nom-acc	deranking	erg-poss	vos	VS	VPA	100	1.0	0	0.0	4.952582217454911	bos_eos
seed_43	1_7_tran_AV_order	07_1_7_tran_AV_order	fig:heatmap-7-tran-av-order	1.7 Transitive A--V order	87_vos_ng_ac_d_no	vos	ng	nom-acc	deranking	nomn	vos	VS	VPA	100	1.0	0	0.0	5.048382633924485	bos_eos
seed_43	1_7_tran_AV_order	07_1_7_tran_AV_order	fig:heatmap-7-tran-av-order	1.7 Transitive A--V order	88_vos_ng_er_b_se	vos	ng	erg-abs	balancing	sent	vos	VS	VPA	100	1.0	0	0.0	4.24150599360466	bos_eos
seed_43	1_7_tran_AV_order	07_1_7_tran_AV_order	fig:heatmap-7-tran-av-order	1.7 Transitive A--V order	89_vos_ng_er_b_pa	vos	ng	erg-abs	balancing	poss-acc	vos	VS	VPA	100	1.0	0	0.0	4.393187022209167	bos_eos
seed_43	1_7_tran_AV_order	07_1_7_tran_AV_order	fig:heatmap-7-tran-av-order	1.7 Transitive A--V order	90_vos_ng_er_b_ep	vos	ng	erg-abs	balancing	erg-poss	vos	VS	VPA	100	1.0	0	0.0	4.200736819505692	bos_eos
seed_43	1_7_tran_AV_order	07_1_7_tran_AV_order	fig:heatmap-7-tran-av-order	1.7 Transitive A--V order	91_vos_ng_er_b_no	vos	ng	erg-abs	balancing	nomn	vos	VS	VPA	100	1.0	0	0.0	4.520679154396057	bos_eos
seed_43	1_7_tran_AV_order	07_1_7_tran_AV_order	fig:heatmap-7-tran-av-order	1.7 Transitive A--V order	92_vos_ng_er_d_se	vos	ng	erg-abs	deranking	sent	vos	VS	VPA	100	1.0	0	0.0	5.248742967844009	bos_eos
seed_43	1_7_tran_AV_order	07_1_7_tran_AV_order	fig:heatmap-7-tran-av-order	1.7 Transitive A--V order	93_vos_ng_er_d_pa	vos	ng	erg-abs	deranking	poss-acc	vos	VS	VPA	100	1.0	0	0.0	5.383822271823883	bos_eos
seed_43	1_7_tran_AV_order	07_1_7_tran_AV_order	fig:heatmap-7-tran-av-order	1.7 Transitive A--V order	94_vos_ng_er_d_ep	vos	ng	erg-abs	deranking	erg-poss	vos	VS	VPA	100	1.0	0	0.0	5.688449996709823	bos_eos
seed_43	1_7_tran_AV_order	07_1_7_tran_AV_order	fig:heatmap-7-tran-av-order	1.7 Transitive A--V order	95_vos_ng_er_d_no	vos	ng	erg-abs	deranking	nomn	vos	VS	VPA	100	1.0	0	0.0	5.382312774658203	bos_eos
seed_43	1_8_tran_VP_order	08_1_8_tran_VP_order	fig:heatmap-8-tran-vp-order	1.8 Transitive V--P order	00_sov_gn_ac_b_se	sov	gn	nom-acc	balancing	sent	sov	SV	APV	100	1.0	0	0.0	2.9359227085113524	bos_eos
seed_43	1_8_tran_VP_order	08_1_8_tran_VP_order	fig:heatmap-8-tran-vp-order	1.8 Transitive V--P order	01_sov_gn_ac_b_pa	sov	gn	nom-acc	balancing	poss-acc	sov	SV	APV	100	1.0	0	0.0	2.930615940093994	bos_eos
seed_43	1_8_tran_VP_order	08_1_8_tran_VP_order	fig:heatmap-8-tran-vp-order	1.8 Transitive V--P order	02_sov_gn_ac_b_ep	sov	gn	nom-acc	balancing	erg-poss	sov	SV	APV	100	1.0	0	0.0	2.692351768016815	bos_eos
seed_43	1_8_tran_VP_order	08_1_8_tran_VP_order	fig:heatmap-8-tran-vp-order	1.8 Transitive V--P order	03_sov_gn_ac_b_no	sov	gn	nom-acc	balancing	nomn	sov	SV	APV	100	1.0	0	0.0	2.6185407710075377	bos_eos
seed_43	1_8_tran_VP_order	08_1_8_tran_VP_order	fig:heatmap-8-tran-vp-order	1.8 Transitive V--P order	04_sov_gn_ac_d_se	sov	gn	nom-acc	deranking	sent	sov	SV	APV	100	1.0	0	0.0	3.011192774772644	bos_eos
seed_43	1_8_tran_VP_order	08_1_8_tran_VP_order	fig:heatmap-8-tran-vp-order	1.8 Transitive V--P order	05_sov_gn_ac_d_pa	sov	gn	nom-acc	deranking	poss-acc	sov	SV	APV	100	1.0	0	0.0	2.923026812076569	bos_eos
seed_43	1_8_tran_VP_order	08_1_8_tran_VP_order	fig:heatmap-8-tran-vp-order	1.8 Transitive V--P order	06_sov_gn_ac_d_ep	sov	gn	nom-acc	deranking	erg-poss	sov	SV	APV	100	1.0	0	0.0	2.9969471311569214	bos_eos
seed_43	1_8_tran_VP_order	08_1_8_tran_VP_order	fig:heatmap-8-tran-vp-order	1.8 Transitive V--P order	07_sov_gn_ac_d_no	sov	gn	nom-acc	deranking	nomn	sov	SV	APV	100	1.0	0	0.0	3.2590473914146423	bos_eos
seed_43	1_8_tran_VP_order	08_1_8_tran_VP_order	fig:heatmap-8-tran-vp-order	1.8 Transitive V--P order	08_sov_gn_er_b_se	sov	gn	erg-abs	balancing	sent	sov	SV	APV	100	1.0	0	0.0	3.0855775761604307	bos_eos
seed_43	1_8_tran_VP_order	08_1_8_tran_VP_order	fig:heatmap-8-tran-vp-order	1.8 Transitive V--P order	09_sov_gn_er_b_pa	sov	gn	erg-abs	balancing	poss-acc	sov	SV	APV	100	1.0	0	0.0	3.016110854148865	bos_eos
seed_43	1_8_tran_VP_order	08_1_8_tran_VP_order	fig:heatmap-8-tran-vp-order	1.8 Transitive V--P order	10_sov_gn_er_b_ep	sov	gn	erg-abs	balancing	erg-poss	sov	SV	APV	100	1.0	0	0.0	3.056253283023834	bos_eos
seed_43	1_8_tran_VP_order	08_1_8_tran_VP_order	fig:heatmap-8-tran-vp-order	1.8 Transitive V--P order	11_sov_gn_er_b_no	sov	gn	erg-abs	balancing	nomn	sov	SV	APV	100	1.0	0	0.0	2.9730089497566223	bos_eos
seed_43	1_8_tran_VP_order	08_1_8_tran_VP_order	fig:heatmap-8-tran-vp-order	1.8 Transitive V--P order	12_sov_gn_er_d_se	sov	gn	erg-abs	deranking	sent	sov	SV	APV	100	1.0	0	0.0	3.1190385389328004	bos_eos
seed_43	1_8_tran_VP_order	08_1_8_tran_VP_order	fig:heatmap-8-tran-vp-order	1.8 Transitive V--P order	13_sov_gn_er_d_pa	sov	gn	erg-abs	deranking	poss-acc	sov	SV	APV	100	1.0	0	0.0	2.99112957239151	bos_eos
seed_43	1_8_tran_VP_order	08_1_8_tran_VP_order	fig:heatmap-8-tran-vp-order	1.8 Transitive V--P order	14_sov_gn_er_d_ep	sov	gn	erg-abs	deranking	erg-poss	sov	SV	APV	100	1.0	0	0.0	3.155681245326996	bos_eos
seed_43	1_8_tran_VP_order	08_1_8_tran_VP_order	fig:heatmap-8-tran-vp-order	1.8 Transitive V--P order	15_sov_gn_er_d_no	sov	gn	erg-abs	deranking	nomn	sov	SV	APV	100	1.0	0	0.0	3.2698194098472597	bos_eos
seed_43	1_8_tran_VP_order	08_1_8_tran_VP_order	fig:heatmap-8-tran-vp-order	1.8 Transitive V--P order	16_sov_ng_ac_b_se	sov	ng	nom-acc	balancing	sent	sov	SV	APV	100	1.0	0	0.0	2.3709289622306824	bos_eos
seed_43	1_8_tran_VP_order	08_1_8_tran_VP_order	fig:heatmap-8-tran-vp-order	1.8 Transitive V--P order	17_sov_ng_ac_b_pa	sov	ng	nom-acc	balancing	poss-acc	ovs	VS	PVA	100	1.0	0	0.0	2.6432298183441163	bos_eos
seed_43	1_8_tran_VP_order	08_1_8_tran_VP_order	fig:heatmap-8-tran-vp-order	1.8 Transitive V--P order	18_sov_ng_ac_b_ep	sov	ng	nom-acc	balancing	erg-poss	vos	VS	AVP	100	1.0	0	0.0	2.6043063521385195	bos_eos
seed_43	1_8_tran_VP_order	08_1_8_tran_VP_order	fig:heatmap-8-tran-vp-order	1.8 Transitive V--P order	19_sov_ng_ac_b_no	sov	ng	nom-acc	balancing	nomn	ovs	VS	PVA	100	1.0	0	0.0	2.6323335719108583	bos_eos
seed_43	1_8_tran_VP_order	08_1_8_tran_VP_order	fig:heatmap-8-tran-vp-order	1.8 Transitive V--P order	20_sov_ng_ac_d_se	sov	ng	nom-acc	deranking	sent	sov	SV	APV	100	1.0	0	0.0	2.9471574902534483	bos_eos
seed_43	1_8_tran_VP_order	08_1_8_tran_VP_order	fig:heatmap-8-tran-vp-order	1.8 Transitive V--P order	21_sov_ng_ac_d_pa	sov	ng	nom-acc	deranking	poss-acc	ovs	VS	PVA	100	1.0	0	0.0	2.9915458083152773	bos_eos
seed_43	1_8_tran_VP_order	08_1_8_tran_VP_order	fig:heatmap-8-tran-vp-order	1.8 Transitive V--P order	22_sov_ng_ac_d_ep	sov	ng	nom-acc	deranking	erg-poss	vos	VS	AVP	100	1.0	0	0.0	2.8792208075523376	bos_eos
seed_43	1_8_tran_VP_order	08_1_8_tran_VP_order	fig:heatmap-8-tran-vp-order	1.8 Transitive V--P order	23_sov_ng_ac_d_no	sov	ng	nom-acc	deranking	nomn	ovs	VS	PVA	100	1.0	0	0.0	3.2650912499427793	bos_eos
seed_43	1_8_tran_VP_order	08_1_8_tran_VP_order	fig:heatmap-8-tran-vp-order	1.8 Transitive V--P order	24_sov_ng_er_b_se	sov	ng	erg-abs	balancing	sent	sov	SV	APV	100	1.0	0	0.0	2.5806599760055544	bos_eos
seed_43	1_8_tran_VP_order	08_1_8_tran_VP_order	fig:heatmap-8-tran-vp-order	1.8 Transitive V--P order	25_sov_ng_er_b_pa	sov	ng	erg-abs	balancing	poss-acc	ovs	VS	PVA	100	1.0	0	0.0	2.5349155497550964	bos_eos
seed_43	1_8_tran_VP_order	08_1_8_tran_VP_order	fig:heatmap-8-tran-vp-order	1.8 Transitive V--P order	26_sov_ng_er_b_ep	sov	ng	erg-abs	balancing	erg-poss	vos	VS	AVP	100	1.0	0	0.0	2.4861043000221255	bos_eos
seed_43	1_8_tran_VP_order	08_1_8_tran_VP_order	fig:heatmap-8-tran-vp-order	1.8 Transitive V--P order	27_sov_ng_er_b_no	sov	ng	erg-abs	balancing	nomn	ovs	VS	PVA	100	1.0	0	0.0	2.6596009635925295	bos_eos
seed_43	1_8_tran_VP_order	08_1_8_tran_VP_order	fig:heatmap-8-tran-vp-order	1.8 Transitive V--P order	28_sov_ng_er_d_se	sov	ng	erg-abs	deranking	sent	sov	SV	APV	100	1.0	0	0.0	2.8334119009971617	bos_eos
seed_43	1_8_tran_VP_order	08_1_8_tran_VP_order	fig:heatmap-8-tran-vp-order	1.8 Transitive V--P order	29_sov_ng_er_d_pa	sov	ng	erg-abs	deranking	poss-acc	ovs	VS	PVA	100	1.0	0	0.0	2.713304362297058	bos_eos
seed_43	1_8_tran_VP_order	08_1_8_tran_VP_order	fig:heatmap-8-tran-vp-order	1.8 Transitive V--P order	30_sov_ng_er_d_ep	sov	ng	erg-abs	deranking	erg-poss	vos	VS	AVP	100	1.0	0	0.0	2.8396648001670837	bos_eos
seed_43	1_8_tran_VP_order	08_1_8_tran_VP_order	fig:heatmap-8-tran-vp-order	1.8 Transitive V--P order	31_sov_ng_er_d_no	sov	ng	erg-abs	deranking	nomn	ovs	VS	PVA	100	1.0	0	0.0	2.8972588324546815	bos_eos
seed_43	1_8_tran_VP_order	08_1_8_tran_VP_order	fig:heatmap-8-tran-vp-order	1.8 Transitive V--P order	32_svo_gn_ac_b_se	svo	gn	nom-acc	balancing	sent	svo	SV	AVP	100	1.0	0	0.0	2.270855598449707	bos_eos
seed_43	1_8_tran_VP_order	08_1_8_tran_VP_order	fig:heatmap-8-tran-vp-order	1.8 Transitive V--P order	33_svo_gn_ac_b_pa	svo	gn	nom-acc	balancing	poss-acc	svo	SV	AVP	100	1.0	0	0.0	2.571873714923859	bos_eos
seed_43	1_8_tran_VP_order	08_1_8_tran_VP_order	fig:heatmap-8-tran-vp-order	1.8 Transitive V--P order	34_svo_gn_ac_b_ep	svo	gn	nom-acc	balancing	erg-poss	sov	SV	PVA	100	1.0	0	0.0	3.3613659286499025	bos_eos
seed_43	1_8_tran_VP_order	08_1_8_tran_VP_order	fig:heatmap-8-tran-vp-order	1.8 Transitive V--P order	35_svo_gn_ac_b_no	svo	gn	nom-acc	balancing	nomn	svo	SV	AVP	100	1.0	0	0.0	3.2695446705818174	bos_eos
seed_43	1_8_tran_VP_order	08_1_8_tran_VP_order	fig:heatmap-8-tran-vp-order	1.8 Transitive V--P order	36_svo_gn_ac_d_se	svo	gn	nom-acc	deranking	sent	svo	SV	AVP	100	1.0	0	0.0	2.2649345541000367	bos_eos
seed_43	1_8_tran_VP_order	08_1_8_tran_VP_order	fig:heatmap-8-tran-vp-order	1.8 Transitive V--P order	37_svo_gn_ac_d_pa	svo	gn	nom-acc	deranking	poss-acc	svo	SV	AVP	100	1.0	0	0.0	2.233927135467529	bos_eos
seed_43	1_8_tran_VP_order	08_1_8_tran_VP_order	fig:heatmap-8-tran-vp-order	1.8 Transitive V--P order	38_svo_gn_ac_d_ep	svo	gn	nom-acc	deranking	erg-poss	sov	SV	PVA	100	1.0	0	0.0	3.2506101155281066	bos_eos
seed_43	1_8_tran_VP_order	08_1_8_tran_VP_order	fig:heatmap-8-tran-vp-order	1.8 Transitive V--P order	39_svo_gn_ac_d_no	svo	gn	nom-acc	deranking	nomn	svo	SV	AVP	100	1.0	0	0.0	3.3046065402030944	bos_eos
seed_43	1_8_tran_VP_order	08_1_8_tran_VP_order	fig:heatmap-8-tran-vp-order	1.8 Transitive V--P order	40_svo_gn_er_b_se	svo	gn	erg-abs	balancing	sent	svo	SV	AVP	100	1.0	0	0.0	1.9002127075195312	bos_eos
seed_43	1_8_tran_VP_order	08_1_8_tran_VP_order	fig:heatmap-8-tran-vp-order	1.8 Transitive V--P order	41_svo_gn_er_b_pa	svo	gn	erg-abs	balancing	poss-acc	svo	SV	AVP	100	1.0	0	0.0	1.975412836074829	bos_eos
seed_43	1_8_tran_VP_order	08_1_8_tran_VP_order	fig:heatmap-8-tran-vp-order	1.8 Transitive V--P order	42_svo_gn_er_b_ep	svo	gn	erg-abs	balancing	erg-poss	sov	SV	PVA	100	1.0	0	0.0	2.0294765424728394	bos_eos
seed_43	1_8_tran_VP_order	08_1_8_tran_VP_order	fig:heatmap-8-tran-vp-order	1.8 Transitive V--P order	43_svo_gn_er_b_no	svo	gn	erg-abs	balancing	nomn	svo	SV	AVP	100	1.0	0	0.0	1.987341902256012	bos_eos
seed_43	1_8_tran_VP_order	08_1_8_tran_VP_order	fig:heatmap-8-tran-vp-order	1.8 Transitive V--P order	44_svo_gn_er_d_se	svo	gn	erg-abs	deranking	sent	svo	SV	AVP	100	1.0	0	0.0	2.094538791179657	bos_eos
seed_43	1_8_tran_VP_order	08_1_8_tran_VP_order	fig:heatmap-8-tran-vp-order	1.8 Transitive V--P order	45_svo_gn_er_d_pa	svo	gn	erg-abs	deranking	poss-acc	svo	SV	AVP	100	1.0	0	0.0	2.274139773845673	bos_eos
seed_43	1_8_tran_VP_order	08_1_8_tran_VP_order	fig:heatmap-8-tran-vp-order	1.8 Transitive V--P order	46_svo_gn_er_d_ep	svo	gn	erg-abs	deranking	erg-poss	sov	SV	PVA	100	1.0	0	0.0	2.326830461025238	bos_eos
seed_43	1_8_tran_VP_order	08_1_8_tran_VP_order	fig:heatmap-8-tran-vp-order	1.8 Transitive V--P order	47_svo_gn_er_d_no	svo	gn	erg-abs	deranking	nomn	svo	SV	AVP	100	1.0	0	0.0	2.2143893885612487	bos_eos
seed_43	1_8_tran_VP_order	08_1_8_tran_VP_order	fig:heatmap-8-tran-vp-order	1.8 Transitive V--P order	48_svo_ng_ac_b_se	svo	ng	nom-acc	balancing	sent	svo	SV	AVP	100	1.0	0	0.0	2.2879630279541017	bos_eos
seed_43	1_8_tran_VP_order	08_1_8_tran_VP_order	fig:heatmap-8-tran-vp-order	1.8 Transitive V--P order	49_svo_ng_ac_b_pa	svo	ng	nom-acc	balancing	poss-acc	vos	VS	VPA	100	1.0	0	0.0	2.2034450483322146	bos_eos
seed_43	1_8_tran_VP_order	08_1_8_tran_VP_order	fig:heatmap-8-tran-vp-order	1.8 Transitive V--P order	50_svo_ng_ac_b_ep	svo	ng	nom-acc	balancing	erg-poss	vos	VS	VPA	100	1.0	0	0.0	3.0018737506866455	bos_eos
seed_43	1_8_tran_VP_order	08_1_8_tran_VP_order	fig:heatmap-8-tran-vp-order	1.8 Transitive V--P order	51_svo_ng_ac_b_no	svo	ng	nom-acc	balancing	nomn	vos	VS	VPA	100	1.0	0	0.0	2.836661353111267	bos_eos
seed_43	1_8_tran_VP_order	08_1_8_tran_VP_order	fig:heatmap-8-tran-vp-order	1.8 Transitive V--P order	52_svo_ng_ac_d_se	svo	ng	nom-acc	deranking	sent	svo	SV	AVP	100	1.0	0	0.0	2.2862439441680906	bos_eos
seed_43	1_8_tran_VP_order	08_1_8_tran_VP_order	fig:heatmap-8-tran-vp-order	1.8 Transitive V--P order	53_svo_ng_ac_d_pa	svo	ng	nom-acc	deranking	poss-acc	vos	VS	VPA	100	1.0	0	0.0	2.256188979148865	bos_eos
seed_43	1_8_tran_VP_order	08_1_8_tran_VP_order	fig:heatmap-8-tran-vp-order	1.8 Transitive V--P order	54_svo_ng_ac_d_ep	svo	ng	nom-acc	deranking	erg-poss	vos	VS	VPA	100	1.0	0	0.0	2.7869065499305723	bos_eos
seed_43	1_8_tran_VP_order	08_1_8_tran_VP_order	fig:heatmap-8-tran-vp-order	1.8 Transitive V--P order	55_svo_ng_ac_d_no	svo	ng	nom-acc	deranking	nomn	vos	VS	VPA	100	1.0	0	0.0	2.8732522106170655	bos_eos
seed_43	1_8_tran_VP_order	08_1_8_tran_VP_order	fig:heatmap-8-tran-vp-order	1.8 Transitive V--P order	56_svo_ng_er_b_se	svo	ng	erg-abs	balancing	sent	svo	SV	AVP	100	1.0	0	0.0	1.9479508233070373	bos_eos
seed_43	1_8_tran_VP_order	08_1_8_tran_VP_order	fig:heatmap-8-tran-vp-order	1.8 Transitive V--P order	57_svo_ng_er_b_pa	svo	ng	erg-abs	balancing	poss-acc	vos	VS	VPA	100	1.0	0	0.0	1.8173433637619019	bos_eos
seed_43	1_8_tran_VP_order	08_1_8_tran_VP_order	fig:heatmap-8-tran-vp-order	1.8 Transitive V--P order	58_svo_ng_er_b_ep	svo	ng	erg-abs	balancing	erg-poss	vos	VS	VPA	100	1.0	0	0.0	2.119048674106598	bos_eos
seed_43	1_8_tran_VP_order	08_1_8_tran_VP_order	fig:heatmap-8-tran-vp-order	1.8 Transitive V--P order	59_svo_ng_er_b_no	svo	ng	erg-abs	balancing	nomn	vos	VS	VPA	100	1.0	0	0.0	2.208522329330444	bos_eos
seed_43	1_8_tran_VP_order	08_1_8_tran_VP_order	fig:heatmap-8-tran-vp-order	1.8 Transitive V--P order	60_svo_ng_er_d_se	svo	ng	erg-abs	deranking	sent	svo	SV	AVP	100	1.0	0	0.0	1.9152879953384399	bos_eos
seed_43	1_8_tran_VP_order	08_1_8_tran_VP_order	fig:heatmap-8-tran-vp-order	1.8 Transitive V--P order	61_svo_ng_er_d_pa	svo	ng	erg-abs	deranking	poss-acc	vos	VS	VPA	100	1.0	0	0.0	2.1287801814079286	bos_eos
seed_43	1_8_tran_VP_order	08_1_8_tran_VP_order	fig:heatmap-8-tran-vp-order	1.8 Transitive V--P order	62_svo_ng_er_d_ep	svo	ng	erg-abs	deranking	erg-poss	vos	VS	VPA	100	1.0	0	0.0	2.044445083141327	bos_eos
seed_43	1_8_tran_VP_order	08_1_8_tran_VP_order	fig:heatmap-8-tran-vp-order	1.8 Transitive V--P order	63_svo_ng_er_d_no	svo	ng	erg-abs	deranking	nomn	vos	VS	VPA	100	1.0	0	0.0	2.0605029129981993	bos_eos
seed_43	1_8_tran_VP_order	08_1_8_tran_VP_order	fig:heatmap-8-tran-vp-order	1.8 Transitive V--P order	64_vos_gn_ac_b_se	vos	gn	nom-acc	balancing	sent	vos	VS	VPA	100	1.0	0	0.0	3.3922482037544253	bos_eos
seed_43	1_8_tran_VP_order	08_1_8_tran_VP_order	fig:heatmap-8-tran-vp-order	1.8 Transitive V--P order	65_vos_gn_ac_b_pa	vos	gn	nom-acc	balancing	poss-acc	svo	SV	AVP	100	1.0	0	0.0	3.5311993384361267	bos_eos
seed_43	1_8_tran_VP_order	08_1_8_tran_VP_order	fig:heatmap-8-tran-vp-order	1.8 Transitive V--P order	66_vos_gn_ac_b_ep	vos	gn	nom-acc	balancing	erg-poss	sov	SV	PVA	100	1.0	0	0.0	3.1587945508956907	bos_eos
seed_43	1_8_tran_VP_order	08_1_8_tran_VP_order	fig:heatmap-8-tran-vp-order	1.8 Transitive V--P order	67_vos_gn_ac_b_no	vos	gn	nom-acc	balancing	nomn	svo	SV	AVP	100	1.0	0	0.0	3.2605362248420717	bos_eos
seed_43	1_8_tran_VP_order	08_1_8_tran_VP_order	fig:heatmap-8-tran-vp-order	1.8 Transitive V--P order	68_vos_gn_ac_d_se	vos	gn	nom-acc	deranking	sent	vos	VS	VPA	100	1.0	0	0.0	4.514877752065659	bos_eos
seed_43	1_8_tran_VP_order	08_1_8_tran_VP_order	fig:heatmap-8-tran-vp-order	1.8 Transitive V--P order	69_vos_gn_ac_d_pa	vos	gn	nom-acc	deranking	poss-acc	svo	SV	AVP	100	1.0	0	0.0	4.4392928373813625	bos_eos
seed_43	1_8_tran_VP_order	08_1_8_tran_VP_order	fig:heatmap-8-tran-vp-order	1.8 Transitive V--P order	70_vos_gn_ac_d_ep	vos	gn	nom-acc	deranking	erg-poss	sov	SV	PVA	100	1.0	0	0.0	4.424459451436997	bos_eos
seed_43	1_8_tran_VP_order	08_1_8_tran_VP_order	fig:heatmap-8-tran-vp-order	1.8 Transitive V--P order	71_vos_gn_ac_d_no	vos	gn	nom-acc	deranking	nomn	svo	SV	AVP	100	1.0	0	0.0	4.501198477745056	bos_eos
seed_43	1_8_tran_VP_order	08_1_8_tran_VP_order	fig:heatmap-8-tran-vp-order	1.8 Transitive V--P order	72_vos_gn_er_b_se	vos	gn	erg-abs	balancing	sent	vos	VS	VPA	100	1.0	0	0.0	3.3220889699459075	bos_eos
seed_43	1_8_tran_VP_order	08_1_8_tran_VP_order	fig:heatmap-8-tran-vp-order	1.8 Transitive V--P order	73_vos_gn_er_b_pa	vos	gn	erg-abs	balancing	poss-acc	svo	SV	AVP	100	1.0	0	0.0	3.2927541756629943	bos_eos
seed_43	1_8_tran_VP_order	08_1_8_tran_VP_order	fig:heatmap-8-tran-vp-order	1.8 Transitive V--P order	74_vos_gn_er_b_ep	vos	gn	erg-abs	balancing	erg-poss	sov	SV	PVA	100	1.0	0	0.0	3.4219874787330626	bos_eos
seed_43	1_8_tran_VP_order	08_1_8_tran_VP_order	fig:heatmap-8-tran-vp-order	1.8 Transitive V--P order	75_vos_gn_er_b_no	vos	gn	erg-abs	balancing	nomn	svo	SV	AVP	100	1.0	0	0.0	3.3613038539886473	bos_eos
seed_43	1_8_tran_VP_order	08_1_8_tran_VP_order	fig:heatmap-8-tran-vp-order	1.8 Transitive V--P order	76_vos_gn_er_d_se	vos	gn	erg-abs	deranking	sent	vos	VS	VPA	100	1.0	0	0.0	3.824258363246918	bos_eos
seed_43	1_8_tran_VP_order	08_1_8_tran_VP_order	fig:heatmap-8-tran-vp-order	1.8 Transitive V--P order	77_vos_gn_er_d_pa	vos	gn	erg-abs	deranking	poss-acc	svo	SV	AVP	100	1.0	0	0.0	3.932538479566574	bos_eos
seed_43	1_8_tran_VP_order	08_1_8_tran_VP_order	fig:heatmap-8-tran-vp-order	1.8 Transitive V--P order	78_vos_gn_er_d_ep	vos	gn	erg-abs	deranking	erg-poss	sov	SV	PVA	100	1.0	0	0.0	4.01564244389534	bos_eos
seed_43	1_8_tran_VP_order	08_1_8_tran_VP_order	fig:heatmap-8-tran-vp-order	1.8 Transitive V--P order	79_vos_gn_er_d_no	vos	gn	erg-abs	deranking	nomn	svo	SV	AVP	100	1.0	0	0.0	3.787287851572037	bos_eos
seed_43	1_8_tran_VP_order	08_1_8_tran_VP_order	fig:heatmap-8-tran-vp-order	1.8 Transitive V--P order	80_vos_ng_ac_b_se	vos	ng	nom-acc	balancing	sent	vos	VS	VPA	100	1.0	0	0.0	3.2214177095890046	bos_eos
seed_43	1_8_tran_VP_order	08_1_8_tran_VP_order	fig:heatmap-8-tran-vp-order	1.8 Transitive V--P order	81_vos_ng_ac_b_pa	vos	ng	nom-acc	balancing	poss-acc	vos	VS	VPA	100	1.0	0	0.0	3.0664867401123046	bos_eos
seed_43	1_8_tran_VP_order	08_1_8_tran_VP_order	fig:heatmap-8-tran-vp-order	1.8 Transitive V--P order	82_vos_ng_ac_b_ep	vos	ng	nom-acc	balancing	erg-poss	vos	VS	VPA	100	1.0	0	0.0	3.2584065544605254	bos_eos
seed_43	1_8_tran_VP_order	08_1_8_tran_VP_order	fig:heatmap-8-tran-vp-order	1.8 Transitive V--P order	83_vos_ng_ac_b_no	vos	ng	nom-acc	balancing	nomn	vos	VS	VPA	100	1.0	0	0.0	3.1184034299850465	bos_eos
seed_43	1_8_tran_VP_order	08_1_8_tran_VP_order	fig:heatmap-8-tran-vp-order	1.8 Transitive V--P order	84_vos_ng_ac_d_se	vos	ng	nom-acc	deranking	sent	vos	VS	VPA	100	1.0	0	0.0	4.415630563497543	bos_eos
seed_43	1_8_tran_VP_order	08_1_8_tran_VP_order	fig:heatmap-8-tran-vp-order	1.8 Transitive V--P order	85_vos_ng_ac_d_pa	vos	ng	nom-acc	deranking	poss-acc	vos	VS	VPA	100	1.0	0	0.0	4.282114517688751	bos_eos
seed_43	1_8_tran_VP_order	08_1_8_tran_VP_order	fig:heatmap-8-tran-vp-order	1.8 Transitive V--P order	86_vos_ng_ac_d_ep	vos	ng	nom-acc	deranking	erg-poss	vos	VS	VPA	100	1.0	0	0.0	4.276733212471008	bos_eos
seed_43	1_8_tran_VP_order	08_1_8_tran_VP_order	fig:heatmap-8-tran-vp-order	1.8 Transitive V--P order	87_vos_ng_ac_d_no	vos	ng	nom-acc	deranking	nomn	vos	VS	VPA	100	1.0	0	0.0	4.340193767547607	bos_eos
seed_43	1_8_tran_VP_order	08_1_8_tran_VP_order	fig:heatmap-8-tran-vp-order	1.8 Transitive V--P order	88_vos_ng_er_b_se	vos	ng	erg-abs	balancing	sent	vos	VS	VPA	100	1.0	0	0.0	3.4572616744041444	bos_eos
seed_43	1_8_tran_VP_order	08_1_8_tran_VP_order	fig:heatmap-8-tran-vp-order	1.8 Transitive V--P order	89_vos_ng_er_b_pa	vos	ng	erg-abs	balancing	poss-acc	vos	VS	VPA	100	1.0	0	0.0	3.486753360033035	bos_eos
seed_43	1_8_tran_VP_order	08_1_8_tran_VP_order	fig:heatmap-8-tran-vp-order	1.8 Transitive V--P order	90_vos_ng_er_b_ep	vos	ng	erg-abs	balancing	erg-poss	vos	VS	VPA	100	1.0	0	0.0	3.3935209989547728	bos_eos
seed_43	1_8_tran_VP_order	08_1_8_tran_VP_order	fig:heatmap-8-tran-vp-order	1.8 Transitive V--P order	91_vos_ng_er_b_no	vos	ng	erg-abs	balancing	nomn	vos	VS	VPA	100	1.0	0	0.0	3.581230319738388	bos_eos
seed_43	1_8_tran_VP_order	08_1_8_tran_VP_order	fig:heatmap-8-tran-vp-order	1.8 Transitive V--P order	92_vos_ng_er_d_se	vos	ng	erg-abs	deranking	sent	vos	VS	VPA	100	1.0	0	0.0	3.6964940083026887	bos_eos
seed_43	1_8_tran_VP_order	08_1_8_tran_VP_order	fig:heatmap-8-tran-vp-order	1.8 Transitive V--P order	93_vos_ng_er_d_pa	vos	ng	erg-abs	deranking	poss-acc	vos	VS	VPA	100	1.0	0	0.0	3.76512567281723	bos_eos
seed_43	1_8_tran_VP_order	08_1_8_tran_VP_order	fig:heatmap-8-tran-vp-order	1.8 Transitive V--P order	94_vos_ng_er_d_ep	vos	ng	erg-abs	deranking	erg-poss	vos	VS	VPA	100	1.0	0	0.0	3.8722747015953063	bos_eos
seed_43	1_8_tran_VP_order	08_1_8_tran_VP_order	fig:heatmap-8-tran-vp-order	1.8 Transitive V--P order	95_vos_ng_er_d_no	vos	ng	erg-abs	deranking	nomn	vos	VS	VPA	100	1.0	0	0.0	3.790701466798782	bos_eos
seed_43	1_9_intran_V_valency	09_1_9_intran_V_valency	fig:heatmap-9-intran-v-valency	1.9 Intransitive V valency	00_sov_gn_ac_b_se	sov	gn	nom-acc	balancing	sent	sov	SV	APV	100	0.75	0	0.0	0.5558301258087158	bos_eos
seed_43	1_9_intran_V_valency	09_1_9_intran_V_valency	fig:heatmap-9-intran-v-valency	1.9 Intransitive V valency	01_sov_gn_ac_b_pa	sov	gn	nom-acc	balancing	poss-acc	sov	SV	APV	100	0.72	0	0.0	0.5471701049804687	bos_eos
seed_43	1_9_intran_V_valency	09_1_9_intran_V_valency	fig:heatmap-9-intran-v-valency	1.9 Intransitive V valency	02_sov_gn_ac_b_ep	sov	gn	nom-acc	balancing	erg-poss	sov	SV	APV	100	0.74	0	0.0	0.4262841558456421	bos_eos
seed_43	1_9_intran_V_valency	09_1_9_intran_V_valency	fig:heatmap-9-intran-v-valency	1.9 Intransitive V valency	03_sov_gn_ac_b_no	sov	gn	nom-acc	balancing	nomn	sov	SV	APV	100	0.75	0	0.0	0.5874203562736511	bos_eos
seed_43	1_9_intran_V_valency	09_1_9_intran_V_valency	fig:heatmap-9-intran-v-valency	1.9 Intransitive V valency	04_sov_gn_ac_d_se	sov	gn	nom-acc	deranking	sent	sov	SV	APV	100	0.72	0	0.0	0.48278557777404785	bos_eos
seed_43	1_9_intran_V_valency	09_1_9_intran_V_valency	fig:heatmap-9-intran-v-valency	1.9 Intransitive V valency	05_sov_gn_ac_d_pa	sov	gn	nom-acc	deranking	poss-acc	sov	SV	APV	100	0.74	0	0.0	0.478287889957428	bos_eos
seed_43	1_9_intran_V_valency	09_1_9_intran_V_valency	fig:heatmap-9-intran-v-valency	1.9 Intransitive V valency	06_sov_gn_ac_d_ep	sov	gn	nom-acc	deranking	erg-poss	sov	SV	APV	100	0.73	0	0.0	0.5239762091636657	bos_eos
seed_43	1_9_intran_V_valency	09_1_9_intran_V_valency	fig:heatmap-9-intran-v-valency	1.9 Intransitive V valency	07_sov_gn_ac_d_no	sov	gn	nom-acc	deranking	nomn	sov	SV	APV	100	0.77	0	0.0	0.5423458862304688	bos_eos
seed_43	1_9_intran_V_valency	09_1_9_intran_V_valency	fig:heatmap-9-intran-v-valency	1.9 Intransitive V valency	08_sov_gn_er_b_se	sov	gn	erg-abs	balancing	sent	sov	SV	APV	100	0.64	0	0.0	0.2534437489509582	bos_eos
seed_43	1_9_intran_V_valency	09_1_9_intran_V_valency	fig:heatmap-9-intran-v-valency	1.9 Intransitive V valency	09_sov_gn_er_b_pa	sov	gn	erg-abs	balancing	poss-acc	sov	SV	APV	100	0.67	0	0.0	0.2580117392539978	bos_eos
seed_43	1_9_intran_V_valency	09_1_9_intran_V_valency	fig:heatmap-9-intran-v-valency	1.9 Intransitive V valency	10_sov_gn_er_b_ep	sov	gn	erg-abs	balancing	erg-poss	sov	SV	APV	100	0.66	0	0.0	0.28797532081604005	bos_eos
seed_43	1_9_intran_V_valency	09_1_9_intran_V_valency	fig:heatmap-9-intran-v-valency	1.9 Intransitive V valency	11_sov_gn_er_b_no	sov	gn	erg-abs	balancing	nomn	sov	SV	APV	100	0.66	0	0.0	0.2777380084991455	bos_eos
seed_43	1_9_intran_V_valency	09_1_9_intran_V_valency	fig:heatmap-9-intran-v-valency	1.9 Intransitive V valency	12_sov_gn_er_d_se	sov	gn	erg-abs	deranking	sent	sov	SV	APV	100	0.66	0	0.0	0.22861506938934326	bos_eos
seed_43	1_9_intran_V_valency	09_1_9_intran_V_valency	fig:heatmap-9-intran-v-valency	1.9 Intransitive V valency	13_sov_gn_er_d_pa	sov	gn	erg-abs	deranking	poss-acc	sov	SV	APV	100	0.61	0	0.0	0.19139452457427977	bos_eos
seed_43	1_9_intran_V_valency	09_1_9_intran_V_valency	fig:heatmap-9-intran-v-valency	1.9 Intransitive V valency	14_sov_gn_er_d_ep	sov	gn	erg-abs	deranking	erg-poss	sov	SV	APV	100	0.63	0	0.0	0.2687302374839783	bos_eos
seed_43	1_9_intran_V_valency	09_1_9_intran_V_valency	fig:heatmap-9-intran-v-valency	1.9 Intransitive V valency	15_sov_gn_er_d_no	sov	gn	erg-abs	deranking	nomn	sov	SV	APV	100	0.67	0	0.0	0.3287922215461731	bos_eos
seed_43	1_9_intran_V_valency	09_1_9_intran_V_valency	fig:heatmap-9-intran-v-valency	1.9 Intransitive V valency	16_sov_ng_ac_b_se	sov	ng	nom-acc	balancing	sent	sov	SV	APV	100	0.67	0	0.0	0.3622206449508667	bos_eos
seed_43	1_9_intran_V_valency	09_1_9_intran_V_valency	fig:heatmap-9-intran-v-valency	1.9 Intransitive V valency	17_sov_ng_ac_b_pa	sov	ng	nom-acc	balancing	poss-acc	ovs	VS	PVA	100	0.65	0	0.0	0.31935131072998046	bos_eos
seed_43	1_9_intran_V_valency	09_1_9_intran_V_valency	fig:heatmap-9-intran-v-valency	1.9 Intransitive V valency	18_sov_ng_ac_b_ep	sov	ng	nom-acc	balancing	erg-poss	vos	VS	AVP	100	0.66	0	0.0	0.36509650468826294	bos_eos
seed_43	1_9_intran_V_valency	09_1_9_intran_V_valency	fig:heatmap-9-intran-v-valency	1.9 Intransitive V valency	19_sov_ng_ac_b_no	sov	ng	nom-acc	balancing	nomn	ovs	VS	PVA	100	0.65	0	0.0	0.33891427993774415	bos_eos
seed_43	1_9_intran_V_valency	09_1_9_intran_V_valency	fig:heatmap-9-intran-v-valency	1.9 Intransitive V valency	20_sov_ng_ac_d_se	sov	ng	nom-acc	deranking	sent	sov	SV	APV	100	0.71	0	0.0	0.4173892951011658	bos_eos
seed_43	1_9_intran_V_valency	09_1_9_intran_V_valency	fig:heatmap-9-intran-v-valency	1.9 Intransitive V valency	21_sov_ng_ac_d_pa	sov	ng	nom-acc	deranking	poss-acc	ovs	VS	PVA	100	0.68	0	0.0	0.3255336952209473	bos_eos
seed_43	1_9_intran_V_valency	09_1_9_intran_V_valency	fig:heatmap-9-intran-v-valency	1.9 Intransitive V valency	22_sov_ng_ac_d_ep	sov	ng	nom-acc	deranking	erg-poss	vos	VS	AVP	100	0.71	0	0.0	0.38279362440109255	bos_eos
seed_43	1_9_intran_V_valency	09_1_9_intran_V_valency	fig:heatmap-9-intran-v-valency	1.9 Intransitive V valency	23_sov_ng_ac_d_no	sov	ng	nom-acc	deranking	nomn	ovs	VS	PVA	100	0.71	0	0.0	0.394005274772644	bos_eos
seed_43	1_9_intran_V_valency	09_1_9_intran_V_valency	fig:heatmap-9-intran-v-valency	1.9 Intransitive V valency	24_sov_ng_er_b_se	sov	ng	erg-abs	balancing	sent	sov	SV	APV	100	0.69	0	0.0	0.3059954833984375	bos_eos
seed_43	1_9_intran_V_valency	09_1_9_intran_V_valency	fig:heatmap-9-intran-v-valency	1.9 Intransitive V valency	25_sov_ng_er_b_pa	sov	ng	erg-abs	balancing	poss-acc	ovs	VS	PVA	100	0.66	0	0.0	0.17695422410964967	bos_eos
seed_43	1_9_intran_V_valency	09_1_9_intran_V_valency	fig:heatmap-9-intran-v-valency	1.9 Intransitive V valency	26_sov_ng_er_b_ep	sov	ng	erg-abs	balancing	erg-poss	vos	VS	AVP	100	0.64	0	0.0	0.3147540545463562	bos_eos
seed_43	1_9_intran_V_valency	09_1_9_intran_V_valency	fig:heatmap-9-intran-v-valency	1.9 Intransitive V valency	27_sov_ng_er_b_no	sov	ng	erg-abs	balancing	nomn	ovs	VS	PVA	100	0.63	0	0.0	0.24371623516082763	bos_eos
seed_43	1_9_intran_V_valency	09_1_9_intran_V_valency	fig:heatmap-9-intran-v-valency	1.9 Intransitive V valency	28_sov_ng_er_d_se	sov	ng	erg-abs	deranking	sent	sov	SV	APV	100	0.67	0	0.0	0.2415063977241516	bos_eos
seed_43	1_9_intran_V_valency	09_1_9_intran_V_valency	fig:heatmap-9-intran-v-valency	1.9 Intransitive V valency	29_sov_ng_er_d_pa	sov	ng	erg-abs	deranking	poss-acc	ovs	VS	PVA	100	0.64	0	0.0	0.22411240339279176	bos_eos
seed_43	1_9_intran_V_valency	09_1_9_intran_V_valency	fig:heatmap-9-intran-v-valency	1.9 Intransitive V valency	30_sov_ng_er_d_ep	sov	ng	erg-abs	deranking	erg-poss	vos	VS	AVP	100	0.65	0	0.0	0.2608777117729187	bos_eos
seed_43	1_9_intran_V_valency	09_1_9_intran_V_valency	fig:heatmap-9-intran-v-valency	1.9 Intransitive V valency	31_sov_ng_er_d_no	sov	ng	erg-abs	deranking	nomn	ovs	VS	PVA	100	0.63	0	0.0	0.26846322536468503	bos_eos
seed_43	1_9_intran_V_valency	09_1_9_intran_V_valency	fig:heatmap-9-intran-v-valency	1.9 Intransitive V valency	32_svo_gn_ac_b_se	svo	gn	nom-acc	balancing	sent	svo	SV	AVP	100	0.78	0	0.0	0.6643264698982239	bos_eos
seed_43	1_9_intran_V_valency	09_1_9_intran_V_valency	fig:heatmap-9-intran-v-valency	1.9 Intransitive V valency	33_svo_gn_ac_b_pa	svo	gn	nom-acc	balancing	poss-acc	svo	SV	AVP	100	0.76	0	0.0	0.6687244391441345	bos_eos
seed_43	1_9_intran_V_valency	09_1_9_intran_V_valency	fig:heatmap-9-intran-v-valency	1.9 Intransitive V valency	34_svo_gn_ac_b_ep	svo	gn	nom-acc	balancing	erg-poss	sov	SV	PVA	100	0.77	0	0.0	0.7298925137519836	bos_eos
seed_43	1_9_intran_V_valency	09_1_9_intran_V_valency	fig:heatmap-9-intran-v-valency	1.9 Intransitive V valency	35_svo_gn_ac_b_no	svo	gn	nom-acc	balancing	nomn	svo	SV	AVP	100	0.79	0	0.0	0.6827496695518493	bos_eos
seed_43	1_9_intran_V_valency	09_1_9_intran_V_valency	fig:heatmap-9-intran-v-valency	1.9 Intransitive V valency	36_svo_gn_ac_d_se	svo	gn	nom-acc	deranking	sent	svo	SV	AVP	100	0.74	0	0.0	0.5633640837669373	bos_eos
seed_43	1_9_intran_V_valency	09_1_9_intran_V_valency	fig:heatmap-9-intran-v-valency	1.9 Intransitive V valency	37_svo_gn_ac_d_pa	svo	gn	nom-acc	deranking	poss-acc	svo	SV	AVP	100	0.75	0	0.0	0.6067097568511963	bos_eos
seed_43	1_9_intran_V_valency	09_1_9_intran_V_valency	fig:heatmap-9-intran-v-valency	1.9 Intransitive V valency	38_svo_gn_ac_d_ep	svo	gn	nom-acc	deranking	erg-poss	sov	SV	PVA	100	0.76	0	0.0	0.606513979434967	bos_eos
seed_43	1_9_intran_V_valency	09_1_9_intran_V_valency	fig:heatmap-9-intran-v-valency	1.9 Intransitive V valency	39_svo_gn_ac_d_no	svo	gn	nom-acc	deranking	nomn	svo	SV	AVP	100	0.76	0	0.0	0.5807654023170471	bos_eos
seed_43	1_9_intran_V_valency	09_1_9_intran_V_valency	fig:heatmap-9-intran-v-valency	1.9 Intransitive V valency	40_svo_gn_er_b_se	svo	gn	erg-abs	balancing	sent	svo	SV	AVP	100	0.82	0	0.0	0.8759604263305664	bos_eos
seed_43	1_9_intran_V_valency	09_1_9_intran_V_valency	fig:heatmap-9-intran-v-valency	1.9 Intransitive V valency	41_svo_gn_er_b_pa	svo	gn	erg-abs	balancing	poss-acc	svo	SV	AVP	100	0.82	0	0.0	0.8241797113418579	bos_eos
seed_43	1_9_intran_V_valency	09_1_9_intran_V_valency	fig:heatmap-9-intran-v-valency	1.9 Intransitive V valency	42_svo_gn_er_b_ep	svo	gn	erg-abs	balancing	erg-poss	sov	SV	PVA	100	0.82	0	0.0	0.7943958640098572	bos_eos
seed_43	1_9_intran_V_valency	09_1_9_intran_V_valency	fig:heatmap-9-intran-v-valency	1.9 Intransitive V valency	43_svo_gn_er_b_no	svo	gn	erg-abs	balancing	nomn	svo	SV	AVP	100	0.8	0	0.0	0.7780401372909546	bos_eos
seed_43	1_9_intran_V_valency	09_1_9_intran_V_valency	fig:heatmap-9-intran-v-valency	1.9 Intransitive V valency	44_svo_gn_er_d_se	svo	gn	erg-abs	deranking	sent	svo	SV	AVP	100	0.76	0	0.0	0.5356319928169251	bos_eos
seed_43	1_9_intran_V_valency	09_1_9_intran_V_valency	fig:heatmap-9-intran-v-valency	1.9 Intransitive V valency	45_svo_gn_er_d_pa	svo	gn	erg-abs	deranking	poss-acc	svo	SV	AVP	100	0.77	0	0.0	0.652716851234436	bos_eos
seed_43	1_9_intran_V_valency	09_1_9_intran_V_valency	fig:heatmap-9-intran-v-valency	1.9 Intransitive V valency	46_svo_gn_er_d_ep	svo	gn	erg-abs	deranking	erg-poss	sov	SV	PVA	100	0.78	0	0.0	0.6062150597572327	bos_eos
seed_43	1_9_intran_V_valency	09_1_9_intran_V_valency	fig:heatmap-9-intran-v-valency	1.9 Intransitive V valency	47_svo_gn_er_d_no	svo	gn	erg-abs	deranking	nomn	svo	SV	AVP	100	0.8	0	0.0	0.6830991196632386	bos_eos
seed_43	1_9_intran_V_valency	09_1_9_intran_V_valency	fig:heatmap-9-intran-v-valency	1.9 Intransitive V valency	48_svo_ng_ac_b_se	svo	ng	nom-acc	balancing	sent	svo	SV	AVP	100	0.79	0	0.0	0.7223000025749207	bos_eos
seed_43	1_9_intran_V_valency	09_1_9_intran_V_valency	fig:heatmap-9-intran-v-valency	1.9 Intransitive V valency	49_svo_ng_ac_b_pa	svo	ng	nom-acc	balancing	poss-acc	vos	VS	VPA	100	0.79	0	0.0	0.7003903889656067	bos_eos
seed_43	1_9_intran_V_valency	09_1_9_intran_V_valency	fig:heatmap-9-intran-v-valency	1.9 Intransitive V valency	50_svo_ng_ac_b_ep	svo	ng	nom-acc	balancing	erg-poss	vos	VS	VPA	100	0.82	0	0.0	0.7160209751129151	bos_eos
seed_43	1_9_intran_V_valency	09_1_9_intran_V_valency	fig:heatmap-9-intran-v-valency	1.9 Intransitive V valency	51_svo_ng_ac_b_no	svo	ng	nom-acc	balancing	nomn	vos	VS	VPA	100	0.78	0	0.0	0.6788961577415467	bos_eos
seed_43	1_9_intran_V_valency	09_1_9_intran_V_valency	fig:heatmap-9-intran-v-valency	1.9 Intransitive V valency	52_svo_ng_ac_d_se	svo	ng	nom-acc	deranking	sent	svo	SV	AVP	100	0.76	0	0.0	0.5791859793663025	bos_eos
seed_43	1_9_intran_V_valency	09_1_9_intran_V_valency	fig:heatmap-9-intran-v-valency	1.9 Intransitive V valency	53_svo_ng_ac_d_pa	svo	ng	nom-acc	deranking	poss-acc	vos	VS	VPA	100	0.78	0	0.0	0.5997868323326111	bos_eos
seed_43	1_9_intran_V_valency	09_1_9_intran_V_valency	fig:heatmap-9-intran-v-valency	1.9 Intransitive V valency	54_svo_ng_ac_d_ep	svo	ng	nom-acc	deranking	erg-poss	vos	VS	VPA	100	0.77	0	0.0	0.5747885489463807	bos_eos
seed_43	1_9_intran_V_valency	09_1_9_intran_V_valency	fig:heatmap-9-intran-v-valency	1.9 Intransitive V valency	55_svo_ng_ac_d_no	svo	ng	nom-acc	deranking	nomn	vos	VS	VPA	100	0.75	0	0.0	0.5210522294044495	bos_eos
seed_43	1_9_intran_V_valency	09_1_9_intran_V_valency	fig:heatmap-9-intran-v-valency	1.9 Intransitive V valency	56_svo_ng_er_b_se	svo	ng	erg-abs	balancing	sent	svo	SV	AVP	100	0.78	0	0.0	0.6117117667198181	bos_eos
seed_43	1_9_intran_V_valency	09_1_9_intran_V_valency	fig:heatmap-9-intran-v-valency	1.9 Intransitive V valency	57_svo_ng_er_b_pa	svo	ng	erg-abs	balancing	poss-acc	vos	VS	VPA	100	0.77	0	0.0	0.6045035481452942	bos_eos
seed_43	1_9_intran_V_valency	09_1_9_intran_V_valency	fig:heatmap-9-intran-v-valency	1.9 Intransitive V valency	58_svo_ng_er_b_ep	svo	ng	erg-abs	balancing	erg-poss	vos	VS	VPA	100	0.79	0	0.0	0.5857808375358582	bos_eos
seed_43	1_9_intran_V_valency	09_1_9_intran_V_valency	fig:heatmap-9-intran-v-valency	1.9 Intransitive V valency	59_svo_ng_er_b_no	svo	ng	erg-abs	balancing	nomn	vos	VS	VPA	100	0.78	0	0.0	0.7331411719322205	bos_eos
seed_43	1_9_intran_V_valency	09_1_9_intran_V_valency	fig:heatmap-9-intran-v-valency	1.9 Intransitive V valency	60_svo_ng_er_d_se	svo	ng	erg-abs	deranking	sent	svo	SV	AVP	100	0.75	0	0.0	0.506967933177948	bos_eos
seed_43	1_9_intran_V_valency	09_1_9_intran_V_valency	fig:heatmap-9-intran-v-valency	1.9 Intransitive V valency	61_svo_ng_er_d_pa	svo	ng	erg-abs	deranking	poss-acc	vos	VS	VPA	100	0.78	0	0.0	0.527976644039154	bos_eos
seed_43	1_9_intran_V_valency	09_1_9_intran_V_valency	fig:heatmap-9-intran-v-valency	1.9 Intransitive V valency	62_svo_ng_er_d_ep	svo	ng	erg-abs	deranking	erg-poss	vos	VS	VPA	100	0.76	0	0.0	0.48080571413040163	bos_eos
seed_43	1_9_intran_V_valency	09_1_9_intran_V_valency	fig:heatmap-9-intran-v-valency	1.9 Intransitive V valency	63_svo_ng_er_d_no	svo	ng	erg-abs	deranking	nomn	vos	VS	VPA	100	0.7	0	0.0	0.4020319700241089	bos_eos
seed_43	1_9_intran_V_valency	09_1_9_intran_V_valency	fig:heatmap-9-intran-v-valency	1.9 Intransitive V valency	64_vos_gn_ac_b_se	vos	gn	nom-acc	balancing	sent	vos	VS	VPA	100	0.65	0	0.0	0.37447667837142945	bos_eos
seed_43	1_9_intran_V_valency	09_1_9_intran_V_valency	fig:heatmap-9-intran-v-valency	1.9 Intransitive V valency	65_vos_gn_ac_b_pa	vos	gn	nom-acc	balancing	poss-acc	svo	SV	AVP	100	0.62	0	0.0	0.3056482195854187	bos_eos
seed_43	1_9_intran_V_valency	09_1_9_intran_V_valency	fig:heatmap-9-intran-v-valency	1.9 Intransitive V valency	66_vos_gn_ac_b_ep	vos	gn	nom-acc	balancing	erg-poss	sov	SV	PVA	100	0.62	0	0.0	0.35688425540924074	bos_eos
seed_43	1_9_intran_V_valency	09_1_9_intran_V_valency	fig:heatmap-9-intran-v-valency	1.9 Intransitive V valency	67_vos_gn_ac_b_no	vos	gn	nom-acc	balancing	nomn	svo	SV	AVP	100	0.69	0	0.0	0.4094704723358154	bos_eos
seed_43	1_9_intran_V_valency	09_1_9_intran_V_valency	fig:heatmap-9-intran-v-valency	1.9 Intransitive V valency	68_vos_gn_ac_d_se	vos	gn	nom-acc	deranking	sent	vos	VS	VPA	100	0.67	0	0.0	0.36798031568527223	bos_eos
seed_43	1_9_intran_V_valency	09_1_9_intran_V_valency	fig:heatmap-9-intran-v-valency	1.9 Intransitive V valency	69_vos_gn_ac_d_pa	vos	gn	nom-acc	deranking	poss-acc	svo	SV	AVP	100	0.61	0	0.0	0.29848632097244265	bos_eos
seed_43	1_9_intran_V_valency	09_1_9_intran_V_valency	fig:heatmap-9-intran-v-valency	1.9 Intransitive V valency	70_vos_gn_ac_d_ep	vos	gn	nom-acc	deranking	erg-poss	sov	SV	PVA	100	0.6	0	0.0	0.27544182538986206	bos_eos
seed_43	1_9_intran_V_valency	09_1_9_intran_V_valency	fig:heatmap-9-intran-v-valency	1.9 Intransitive V valency	71_vos_gn_ac_d_no	vos	gn	nom-acc	deranking	nomn	svo	SV	AVP	100	0.66	0	0.0	0.39408336877822875	bos_eos
seed_43	1_9_intran_V_valency	09_1_9_intran_V_valency	fig:heatmap-9-intran-v-valency	1.9 Intransitive V valency	72_vos_gn_er_b_se	vos	gn	erg-abs	balancing	sent	vos	VS	VPA	100	0.68	0	0.0	0.3752054953575134	bos_eos
seed_43	1_9_intran_V_valency	09_1_9_intran_V_valency	fig:heatmap-9-intran-v-valency	1.9 Intransitive V valency	73_vos_gn_er_b_pa	vos	gn	erg-abs	balancing	poss-acc	svo	SV	AVP	100	0.71	0	0.0	0.41282043695449827	bos_eos
seed_43	1_9_intran_V_valency	09_1_9_intran_V_valency	fig:heatmap-9-intran-v-valency	1.9 Intransitive V valency	74_vos_gn_er_b_ep	vos	gn	erg-abs	balancing	erg-poss	sov	SV	PVA	100	0.68	0	0.0	0.40385653257369997	bos_eos
seed_43	1_9_intran_V_valency	09_1_9_intran_V_valency	fig:heatmap-9-intran-v-valency	1.9 Intransitive V valency	75_vos_gn_er_b_no	vos	gn	erg-abs	balancing	nomn	svo	SV	AVP	100	0.64	0	0.0	0.3400104475021362	bos_eos
seed_43	1_9_intran_V_valency	09_1_9_intran_V_valency	fig:heatmap-9-intran-v-valency	1.9 Intransitive V valency	76_vos_gn_er_d_se	vos	gn	erg-abs	deranking	sent	vos	VS	VPA	100	0.61	0	0.0	0.28188886642456057	bos_eos
seed_43	1_9_intran_V_valency	09_1_9_intran_V_valency	fig:heatmap-9-intran-v-valency	1.9 Intransitive V valency	77_vos_gn_er_d_pa	vos	gn	erg-abs	deranking	poss-acc	svo	SV	AVP	100	0.63	0	0.0	0.32598546266555783	bos_eos
seed_43	1_9_intran_V_valency	09_1_9_intran_V_valency	fig:heatmap-9-intran-v-valency	1.9 Intransitive V valency	78_vos_gn_er_d_ep	vos	gn	erg-abs	deranking	erg-poss	sov	SV	PVA	100	0.62	0	0.0	0.2534110140800476	bos_eos
seed_43	1_9_intran_V_valency	09_1_9_intran_V_valency	fig:heatmap-9-intran-v-valency	1.9 Intransitive V valency	79_vos_gn_er_d_no	vos	gn	erg-abs	deranking	nomn	svo	SV	AVP	100	0.66	0	0.0	0.3147763466835022	bos_eos
seed_43	1_9_intran_V_valency	09_1_9_intran_V_valency	fig:heatmap-9-intran-v-valency	1.9 Intransitive V valency	80_vos_ng_ac_b_se	vos	ng	nom-acc	balancing	sent	vos	VS	VPA	100	0.69	0	0.0	0.4977032947540283	bos_eos
seed_43	1_9_intran_V_valency	09_1_9_intran_V_valency	fig:heatmap-9-intran-v-valency	1.9 Intransitive V valency	81_vos_ng_ac_b_pa	vos	ng	nom-acc	balancing	poss-acc	vos	VS	VPA	100	0.68	0	0.0	0.4598748540878296	bos_eos
seed_43	1_9_intran_V_valency	09_1_9_intran_V_valency	fig:heatmap-9-intran-v-valency	1.9 Intransitive V valency	82_vos_ng_ac_b_ep	vos	ng	nom-acc	balancing	erg-poss	vos	VS	VPA	100	0.65	0	0.0	0.3731036639213562	bos_eos
seed_43	1_9_intran_V_valency	09_1_9_intran_V_valency	fig:heatmap-9-intran-v-valency	1.9 Intransitive V valency	83_vos_ng_ac_b_no	vos	ng	nom-acc	balancing	nomn	vos	VS	VPA	100	0.67	0	0.0	0.43185978174209594	bos_eos
seed_43	1_9_intran_V_valency	09_1_9_intran_V_valency	fig:heatmap-9-intran-v-valency	1.9 Intransitive V valency	84_vos_ng_ac_d_se	vos	ng	nom-acc	deranking	sent	vos	VS	VPA	100	0.64	0	0.0	0.4475883555412292	bos_eos
seed_43	1_9_intran_V_valency	09_1_9_intran_V_valency	fig:heatmap-9-intran-v-valency	1.9 Intransitive V valency	85_vos_ng_ac_d_pa	vos	ng	nom-acc	deranking	poss-acc	vos	VS	VPA	100	0.68	0	0.0	0.40529184341430663	bos_eos
seed_43	1_9_intran_V_valency	09_1_9_intran_V_valency	fig:heatmap-9-intran-v-valency	1.9 Intransitive V valency	86_vos_ng_ac_d_ep	vos	ng	nom-acc	deranking	erg-poss	vos	VS	VPA	100	0.7	0	0.0	0.4742277264595032	bos_eos
seed_43	1_9_intran_V_valency	09_1_9_intran_V_valency	fig:heatmap-9-intran-v-valency	1.9 Intransitive V valency	87_vos_ng_ac_d_no	vos	ng	nom-acc	deranking	nomn	vos	VS	VPA	100	0.63	0	0.0	0.3793676924705505	bos_eos
seed_43	1_9_intran_V_valency	09_1_9_intran_V_valency	fig:heatmap-9-intran-v-valency	1.9 Intransitive V valency	88_vos_ng_er_b_se	vos	ng	erg-abs	balancing	sent	vos	VS	VPA	100	0.64	0	0.0	0.4496779465675354	bos_eos
seed_43	1_9_intran_V_valency	09_1_9_intran_V_valency	fig:heatmap-9-intran-v-valency	1.9 Intransitive V valency	89_vos_ng_er_b_pa	vos	ng	erg-abs	balancing	poss-acc	vos	VS	VPA	100	0.72	0	0.0	0.44297401905059813	bos_eos
seed_43	1_9_intran_V_valency	09_1_9_intran_V_valency	fig:heatmap-9-intran-v-valency	1.9 Intransitive V valency	90_vos_ng_er_b_ep	vos	ng	erg-abs	balancing	erg-poss	vos	VS	VPA	100	0.64	0	0.0	0.4142996525764465	bos_eos
seed_43	1_9_intran_V_valency	09_1_9_intran_V_valency	fig:heatmap-9-intran-v-valency	1.9 Intransitive V valency	91_vos_ng_er_b_no	vos	ng	erg-abs	balancing	nomn	vos	VS	VPA	100	0.69	0	0.0	0.5448178672790527	bos_eos
seed_43	1_9_intran_V_valency	09_1_9_intran_V_valency	fig:heatmap-9-intran-v-valency	1.9 Intransitive V valency	92_vos_ng_er_d_se	vos	ng	erg-abs	deranking	sent	vos	VS	VPA	100	0.67	0	0.0	0.488757529258728	bos_eos
seed_43	1_9_intran_V_valency	09_1_9_intran_V_valency	fig:heatmap-9-intran-v-valency	1.9 Intransitive V valency	93_vos_ng_er_d_pa	vos	ng	erg-abs	deranking	poss-acc	vos	VS	VPA	100	0.67	0	0.0	0.44099280118942263	bos_eos
seed_43	1_9_intran_V_valency	09_1_9_intran_V_valency	fig:heatmap-9-intran-v-valency	1.9 Intransitive V valency	94_vos_ng_er_d_ep	vos	ng	erg-abs	deranking	erg-poss	vos	VS	VPA	100	0.72	0	0.0	0.49150426149368287	bos_eos
seed_43	1_9_intran_V_valency	09_1_9_intran_V_valency	fig:heatmap-9-intran-v-valency	1.9 Intransitive V valency	95_vos_ng_er_d_no	vos	ng	erg-abs	deranking	nomn	vos	VS	VPA	100	0.67	0	0.0	0.39794169187545775	bos_eos
seed_43	1_10_tran_V_valency	10_1_10_tran_V_valency	fig:heatmap-10-tran-v-valency	1.10 Transitive V valency	00_sov_gn_ac_b_se	sov	gn	nom-acc	balancing	sent	sov	SV	APV	100	0.78	0	0.0	0.49705705404281614	bos_eos
seed_43	1_10_tran_V_valency	10_1_10_tran_V_valency	fig:heatmap-10-tran-v-valency	1.10 Transitive V valency	01_sov_gn_ac_b_pa	sov	gn	nom-acc	balancing	poss-acc	sov	SV	APV	100	0.76	0	0.0	0.48849322557449343	bos_eos
seed_43	1_10_tran_V_valency	10_1_10_tran_V_valency	fig:heatmap-10-tran-v-valency	1.10 Transitive V valency	02_sov_gn_ac_b_ep	sov	gn	nom-acc	balancing	erg-poss	sov	SV	APV	100	0.79	0	0.0	0.5039455604553222	bos_eos
seed_43	1_10_tran_V_valency	10_1_10_tran_V_valency	fig:heatmap-10-tran-v-valency	1.10 Transitive V valency	03_sov_gn_ac_b_no	sov	gn	nom-acc	balancing	nomn	sov	SV	APV	100	0.78	0	0.0	0.4502209067344666	bos_eos
seed_43	1_10_tran_V_valency	10_1_10_tran_V_valency	fig:heatmap-10-tran-v-valency	1.10 Transitive V valency	04_sov_gn_ac_d_se	sov	gn	nom-acc	deranking	sent	sov	SV	APV	100	0.77	0	0.0	0.4770753216743469	bos_eos
seed_43	1_10_tran_V_valency	10_1_10_tran_V_valency	fig:heatmap-10-tran-v-valency	1.10 Transitive V valency	05_sov_gn_ac_d_pa	sov	gn	nom-acc	deranking	poss-acc	sov	SV	APV	100	0.76	0	0.0	0.5159766650199891	bos_eos
seed_43	1_10_tran_V_valency	10_1_10_tran_V_valency	fig:heatmap-10-tran-v-valency	1.10 Transitive V valency	06_sov_gn_ac_d_ep	sov	gn	nom-acc	deranking	erg-poss	sov	SV	APV	100	0.76	0	0.0	0.47444541931152345	bos_eos
seed_43	1_10_tran_V_valency	10_1_10_tran_V_valency	fig:heatmap-10-tran-v-valency	1.10 Transitive V valency	07_sov_gn_ac_d_no	sov	gn	nom-acc	deranking	nomn	sov	SV	APV	100	0.82	0	0.0	0.5634859418869018	bos_eos
seed_43	1_10_tran_V_valency	10_1_10_tran_V_valency	fig:heatmap-10-tran-v-valency	1.10 Transitive V valency	08_sov_gn_er_b_se	sov	gn	erg-abs	balancing	sent	sov	SV	APV	100	0.74	0	0.0	0.4772810173034668	bos_eos
seed_43	1_10_tran_V_valency	10_1_10_tran_V_valency	fig:heatmap-10-tran-v-valency	1.10 Transitive V valency	09_sov_gn_er_b_pa	sov	gn	erg-abs	balancing	poss-acc	sov	SV	APV	100	0.77	0	0.0	0.46700759649276735	bos_eos
seed_43	1_10_tran_V_valency	10_1_10_tran_V_valency	fig:heatmap-10-tran-v-valency	1.10 Transitive V valency	10_sov_gn_er_b_ep	sov	gn	erg-abs	balancing	erg-poss	sov	SV	APV	100	0.79	0	0.0	0.48561015605926516	bos_eos
seed_43	1_10_tran_V_valency	10_1_10_tran_V_valency	fig:heatmap-10-tran-v-valency	1.10 Transitive V valency	11_sov_gn_er_b_no	sov	gn	erg-abs	balancing	nomn	sov	SV	APV	100	0.78	0	0.0	0.4550493621826172	bos_eos
seed_43	1_10_tran_V_valency	10_1_10_tran_V_valency	fig:heatmap-10-tran-v-valency	1.10 Transitive V valency	12_sov_gn_er_d_se	sov	gn	erg-abs	deranking	sent	sov	SV	APV	100	0.79	0	0.0	0.46968425273895265	bos_eos
seed_43	1_10_tran_V_valency	10_1_10_tran_V_valency	fig:heatmap-10-tran-v-valency	1.10 Transitive V valency	13_sov_gn_er_d_pa	sov	gn	erg-abs	deranking	poss-acc	sov	SV	APV	100	0.8	0	0.0	0.44160561084747313	bos_eos
seed_43	1_10_tran_V_valency	10_1_10_tran_V_valency	fig:heatmap-10-tran-v-valency	1.10 Transitive V valency	14_sov_gn_er_d_ep	sov	gn	erg-abs	deranking	erg-poss	sov	SV	APV	100	0.77	0	0.0	0.48049374341964723	bos_eos
seed_43	1_10_tran_V_valency	10_1_10_tran_V_valency	fig:heatmap-10-tran-v-valency	1.10 Transitive V valency	15_sov_gn_er_d_no	sov	gn	erg-abs	deranking	nomn	sov	SV	APV	100	0.81	0	0.0	0.4943822455406189	bos_eos
seed_43	1_10_tran_V_valency	10_1_10_tran_V_valency	fig:heatmap-10-tran-v-valency	1.10 Transitive V valency	16_sov_ng_ac_b_se	sov	ng	nom-acc	balancing	sent	sov	SV	APV	100	0.69	0	0.0	0.4429732632637024	bos_eos
seed_43	1_10_tran_V_valency	10_1_10_tran_V_valency	fig:heatmap-10-tran-v-valency	1.10 Transitive V valency	17_sov_ng_ac_b_pa	sov	ng	nom-acc	balancing	poss-acc	ovs	VS	PVA	100	0.75	0	0.0	0.4761162281036377	bos_eos
seed_43	1_10_tran_V_valency	10_1_10_tran_V_valency	fig:heatmap-10-tran-v-valency	1.10 Transitive V valency	18_sov_ng_ac_b_ep	sov	ng	nom-acc	balancing	erg-poss	vos	VS	AVP	100	0.73	0	0.0	0.4612865495681763	bos_eos
seed_43	1_10_tran_V_valency	10_1_10_tran_V_valency	fig:heatmap-10-tran-v-valency	1.10 Transitive V valency	19_sov_ng_ac_b_no	sov	ng	nom-acc	balancing	nomn	ovs	VS	PVA	100	0.74	0	0.0	0.46956032514572144	bos_eos
seed_43	1_10_tran_V_valency	10_1_10_tran_V_valency	fig:heatmap-10-tran-v-valency	1.10 Transitive V valency	20_sov_ng_ac_d_se	sov	ng	nom-acc	deranking	sent	sov	SV	APV	100	0.75	0	0.0	0.5135423159599304	bos_eos
seed_43	1_10_tran_V_valency	10_1_10_tran_V_valency	fig:heatmap-10-tran-v-valency	1.10 Transitive V valency	21_sov_ng_ac_d_pa	sov	ng	nom-acc	deranking	poss-acc	ovs	VS	PVA	100	0.69	0	0.0	0.449258496761322	bos_eos
seed_43	1_10_tran_V_valency	10_1_10_tran_V_valency	fig:heatmap-10-tran-v-valency	1.10 Transitive V valency	22_sov_ng_ac_d_ep	sov	ng	nom-acc	deranking	erg-poss	vos	VS	AVP	100	0.73	0	0.0	0.42623893976211547	bos_eos
seed_43	1_10_tran_V_valency	10_1_10_tran_V_valency	fig:heatmap-10-tran-v-valency	1.10 Transitive V valency	23_sov_ng_ac_d_no	sov	ng	nom-acc	deranking	nomn	ovs	VS	PVA	100	0.76	0	0.0	0.4591316080093384	bos_eos
seed_43	1_10_tran_V_valency	10_1_10_tran_V_valency	fig:heatmap-10-tran-v-valency	1.10 Transitive V valency	24_sov_ng_er_b_se	sov	ng	erg-abs	balancing	sent	sov	SV	APV	100	0.66	0	0.0	0.39714468479156495	bos_eos
seed_43	1_10_tran_V_valency	10_1_10_tran_V_valency	fig:heatmap-10-tran-v-valency	1.10 Transitive V valency	25_sov_ng_er_b_pa	sov	ng	erg-abs	balancing	poss-acc	ovs	VS	PVA	100	0.7	0	0.0	0.4319784593582153	bos_eos
seed_43	1_10_tran_V_valency	10_1_10_tran_V_valency	fig:heatmap-10-tran-v-valency	1.10 Transitive V valency	26_sov_ng_er_b_ep	sov	ng	erg-abs	balancing	erg-poss	vos	VS	AVP	100	0.68	0	0.0	0.4259944772720337	bos_eos
seed_43	1_10_tran_V_valency	10_1_10_tran_V_valency	fig:heatmap-10-tran-v-valency	1.10 Transitive V valency	27_sov_ng_er_b_no	sov	ng	erg-abs	balancing	nomn	ovs	VS	PVA	100	0.72	0	0.0	0.42365149736404417	bos_eos
seed_43	1_10_tran_V_valency	10_1_10_tran_V_valency	fig:heatmap-10-tran-v-valency	1.10 Transitive V valency	28_sov_ng_er_d_se	sov	ng	erg-abs	deranking	sent	sov	SV	APV	100	0.73	0	0.0	0.41981122493743894	bos_eos
seed_43	1_10_tran_V_valency	10_1_10_tran_V_valency	fig:heatmap-10-tran-v-valency	1.10 Transitive V valency	29_sov_ng_er_d_pa	sov	ng	erg-abs	deranking	poss-acc	ovs	VS	PVA	100	0.7	0	0.0	0.4341286683082581	bos_eos
seed_43	1_10_tran_V_valency	10_1_10_tran_V_valency	fig:heatmap-10-tran-v-valency	1.10 Transitive V valency	30_sov_ng_er_d_ep	sov	ng	erg-abs	deranking	erg-poss	vos	VS	AVP	100	0.68	0	0.0	0.3953845429420471	bos_eos
seed_43	1_10_tran_V_valency	10_1_10_tran_V_valency	fig:heatmap-10-tran-v-valency	1.10 Transitive V valency	31_sov_ng_er_d_no	sov	ng	erg-abs	deranking	nomn	ovs	VS	PVA	100	0.69	0	0.0	0.40747281551361086	bos_eos
seed_43	1_10_tran_V_valency	10_1_10_tran_V_valency	fig:heatmap-10-tran-v-valency	1.10 Transitive V valency	32_svo_gn_ac_b_se	svo	gn	nom-acc	balancing	sent	svo	SV	AVP	100	0.83	0	0.0	0.641082592010498	bos_eos
seed_43	1_10_tran_V_valency	10_1_10_tran_V_valency	fig:heatmap-10-tran-v-valency	1.10 Transitive V valency	33_svo_gn_ac_b_pa	svo	gn	nom-acc	balancing	poss-acc	svo	SV	AVP	100	0.82	0	0.0	0.6384117531776429	bos_eos
seed_43	1_10_tran_V_valency	10_1_10_tran_V_valency	fig:heatmap-10-tran-v-valency	1.10 Transitive V valency	34_svo_gn_ac_b_ep	svo	gn	nom-acc	balancing	erg-poss	sov	SV	PVA	100	0.81	0	0.0	0.6654341411590576	bos_eos
seed_43	1_10_tran_V_valency	10_1_10_tran_V_valency	fig:heatmap-10-tran-v-valency	1.10 Transitive V valency	35_svo_gn_ac_b_no	svo	gn	nom-acc	balancing	nomn	svo	SV	AVP	100	0.82	0	0.0	0.672830228805542	bos_eos
seed_43	1_10_tran_V_valency	10_1_10_tran_V_valency	fig:heatmap-10-tran-v-valency	1.10 Transitive V valency	36_svo_gn_ac_d_se	svo	gn	nom-acc	deranking	sent	svo	SV	AVP	100	0.81	0	0.0	0.5746198868751526	bos_eos
seed_43	1_10_tran_V_valency	10_1_10_tran_V_valency	fig:heatmap-10-tran-v-valency	1.10 Transitive V valency	37_svo_gn_ac_d_pa	svo	gn	nom-acc	deranking	poss-acc	svo	SV	AVP	100	0.83	0	0.0	0.5919312024116516	bos_eos
seed_43	1_10_tran_V_valency	10_1_10_tran_V_valency	fig:heatmap-10-tran-v-valency	1.10 Transitive V valency	38_svo_gn_ac_d_ep	svo	gn	nom-acc	deranking	erg-poss	sov	SV	PVA	100	0.84	0	0.0	0.6048105669021606	bos_eos
seed_43	1_10_tran_V_valency	10_1_10_tran_V_valency	fig:heatmap-10-tran-v-valency	1.10 Transitive V valency	39_svo_gn_ac_d_no	svo	gn	nom-acc	deranking	nomn	svo	SV	AVP	100	0.82	0	0.0	0.573164496421814	bos_eos
seed_43	1_10_tran_V_valency	10_1_10_tran_V_valency	fig:heatmap-10-tran-v-valency	1.10 Transitive V valency	40_svo_gn_er_b_se	svo	gn	erg-abs	balancing	sent	svo	SV	AVP	100	0.81	0	0.0	0.5401981234550476	bos_eos
seed_43	1_10_tran_V_valency	10_1_10_tran_V_valency	fig:heatmap-10-tran-v-valency	1.10 Transitive V valency	41_svo_gn_er_b_pa	svo	gn	erg-abs	balancing	poss-acc	svo	SV	AVP	100	0.87	0	0.0	0.6013102507591248	bos_eos
seed_43	1_10_tran_V_valency	10_1_10_tran_V_valency	fig:heatmap-10-tran-v-valency	1.10 Transitive V valency	42_svo_gn_er_b_ep	svo	gn	erg-abs	balancing	erg-poss	sov	SV	PVA	100	0.8	0	0.0	0.5653691053390503	bos_eos
seed_43	1_10_tran_V_valency	10_1_10_tran_V_valency	fig:heatmap-10-tran-v-valency	1.10 Transitive V valency	43_svo_gn_er_b_no	svo	gn	erg-abs	balancing	nomn	svo	SV	AVP	100	0.81	0	0.0	0.5410674333572387	bos_eos
seed_43	1_10_tran_V_valency	10_1_10_tran_V_valency	fig:heatmap-10-tran-v-valency	1.10 Transitive V valency	44_svo_gn_er_d_se	svo	gn	erg-abs	deranking	sent	svo	SV	AVP	100	0.74	0	0.0	0.45283376932144165	bos_eos
seed_43	1_10_tran_V_valency	10_1_10_tran_V_valency	fig:heatmap-10-tran-v-valency	1.10 Transitive V valency	45_svo_gn_er_d_pa	svo	gn	erg-abs	deranking	poss-acc	svo	SV	AVP	100	0.77	0	0.0	0.43953661441802977	bos_eos
seed_43	1_10_tran_V_valency	10_1_10_tran_V_valency	fig:heatmap-10-tran-v-valency	1.10 Transitive V valency	46_svo_gn_er_d_ep	svo	gn	erg-abs	deranking	erg-poss	sov	SV	PVA	100	0.78	0	0.0	0.4701403832435608	bos_eos
seed_43	1_10_tran_V_valency	10_1_10_tran_V_valency	fig:heatmap-10-tran-v-valency	1.10 Transitive V valency	47_svo_gn_er_d_no	svo	gn	erg-abs	deranking	nomn	svo	SV	AVP	100	0.69	0	0.0	0.4183305239677429	bos_eos
seed_43	1_10_tran_V_valency	10_1_10_tran_V_valency	fig:heatmap-10-tran-v-valency	1.10 Transitive V valency	48_svo_ng_ac_b_se	svo	ng	nom-acc	balancing	sent	svo	SV	AVP	100	0.87	0	0.0	0.7092520451545715	bos_eos
seed_43	1_10_tran_V_valency	10_1_10_tran_V_valency	fig:heatmap-10-tran-v-valency	1.10 Transitive V valency	49_svo_ng_ac_b_pa	svo	ng	nom-acc	balancing	poss-acc	vos	VS	VPA	100	0.87	0	0.0	0.734903872013092	bos_eos
seed_43	1_10_tran_V_valency	10_1_10_tran_V_valency	fig:heatmap-10-tran-v-valency	1.10 Transitive V valency	50_svo_ng_ac_b_ep	svo	ng	nom-acc	balancing	erg-poss	vos	VS	VPA	100	0.88	0	0.0	0.7187606191635132	bos_eos
seed_43	1_10_tran_V_valency	10_1_10_tran_V_valency	fig:heatmap-10-tran-v-valency	1.10 Transitive V valency	51_svo_ng_ac_b_no	svo	ng	nom-acc	balancing	nomn	vos	VS	VPA	100	0.89	0	0.0	0.6963424801826477	bos_eos
seed_43	1_10_tran_V_valency	10_1_10_tran_V_valency	fig:heatmap-10-tran-v-valency	1.10 Transitive V valency	52_svo_ng_ac_d_se	svo	ng	nom-acc	deranking	sent	svo	SV	AVP	100	0.86	0	0.0	0.6009092092514038	bos_eos
seed_43	1_10_tran_V_valency	10_1_10_tran_V_valency	fig:heatmap-10-tran-v-valency	1.10 Transitive V valency	53_svo_ng_ac_d_pa	svo	ng	nom-acc	deranking	poss-acc	vos	VS	VPA	100	0.84	0	0.0	0.6496509099006653	bos_eos
seed_43	1_10_tran_V_valency	10_1_10_tran_V_valency	fig:heatmap-10-tran-v-valency	1.10 Transitive V valency	54_svo_ng_ac_d_ep	svo	ng	nom-acc	deranking	erg-poss	vos	VS	VPA	100	0.86	0	0.0	0.6129474234580994	bos_eos
seed_43	1_10_tran_V_valency	10_1_10_tran_V_valency	fig:heatmap-10-tran-v-valency	1.10 Transitive V valency	55_svo_ng_ac_d_no	svo	ng	nom-acc	deranking	nomn	vos	VS	VPA	100	0.84	0	0.0	0.6468541765213013	bos_eos
seed_43	1_10_tran_V_valency	10_1_10_tran_V_valency	fig:heatmap-10-tran-v-valency	1.10 Transitive V valency	56_svo_ng_er_b_se	svo	ng	erg-abs	balancing	sent	svo	SV	AVP	100	0.77	0	0.0	0.5499036574363708	bos_eos
seed_43	1_10_tran_V_valency	10_1_10_tran_V_valency	fig:heatmap-10-tran-v-valency	1.10 Transitive V valency	57_svo_ng_er_b_pa	svo	ng	erg-abs	balancing	poss-acc	vos	VS	VPA	100	0.77	0	0.0	0.5055967664718628	bos_eos
seed_43	1_10_tran_V_valency	10_1_10_tran_V_valency	fig:heatmap-10-tran-v-valency	1.10 Transitive V valency	58_svo_ng_er_b_ep	svo	ng	erg-abs	balancing	erg-poss	vos	VS	VPA	100	0.79	0	0.0	0.5673324799537659	bos_eos
seed_43	1_10_tran_V_valency	10_1_10_tran_V_valency	fig:heatmap-10-tran-v-valency	1.10 Transitive V valency	59_svo_ng_er_b_no	svo	ng	erg-abs	balancing	nomn	vos	VS	VPA	100	0.81	0	0.0	0.5754979610443115	bos_eos
seed_43	1_10_tran_V_valency	10_1_10_tran_V_valency	fig:heatmap-10-tran-v-valency	1.10 Transitive V valency	60_svo_ng_er_d_se	svo	ng	erg-abs	deranking	sent	svo	SV	AVP	100	0.72	0	0.0	0.4708957529067993	bos_eos
seed_43	1_10_tran_V_valency	10_1_10_tran_V_valency	fig:heatmap-10-tran-v-valency	1.10 Transitive V valency	61_svo_ng_er_d_pa	svo	ng	erg-abs	deranking	poss-acc	vos	VS	VPA	100	0.71	0	0.0	0.444361720085144	bos_eos
seed_43	1_10_tran_V_valency	10_1_10_tran_V_valency	fig:heatmap-10-tran-v-valency	1.10 Transitive V valency	62_svo_ng_er_d_ep	svo	ng	erg-abs	deranking	erg-poss	vos	VS	VPA	100	0.75	0	0.0	0.4135569882392883	bos_eos
seed_43	1_10_tran_V_valency	10_1_10_tran_V_valency	fig:heatmap-10-tran-v-valency	1.10 Transitive V valency	63_svo_ng_er_d_no	svo	ng	erg-abs	deranking	nomn	vos	VS	VPA	100	0.74	0	0.0	0.43567429304122923	bos_eos
seed_43	1_10_tran_V_valency	10_1_10_tran_V_valency	fig:heatmap-10-tran-v-valency	1.10 Transitive V valency	64_vos_gn_ac_b_se	vos	gn	nom-acc	balancing	sent	vos	VS	VPA	100	0.74	0	0.0	0.41628719568252565	bos_eos
seed_43	1_10_tran_V_valency	10_1_10_tran_V_valency	fig:heatmap-10-tran-v-valency	1.10 Transitive V valency	65_vos_gn_ac_b_pa	vos	gn	nom-acc	balancing	poss-acc	svo	SV	AVP	100	0.72	0	0.0	0.3628788423538208	bos_eos
seed_43	1_10_tran_V_valency	10_1_10_tran_V_valency	fig:heatmap-10-tran-v-valency	1.10 Transitive V valency	66_vos_gn_ac_b_ep	vos	gn	nom-acc	balancing	erg-poss	sov	SV	PVA	100	0.71	0	0.0	0.35592480659484865	bos_eos
seed_43	1_10_tran_V_valency	10_1_10_tran_V_valency	fig:heatmap-10-tran-v-valency	1.10 Transitive V valency	67_vos_gn_ac_b_no	vos	gn	nom-acc	balancing	nomn	svo	SV	AVP	100	0.76	0	0.0	0.391676619052887	bos_eos
seed_43	1_10_tran_V_valency	10_1_10_tran_V_valency	fig:heatmap-10-tran-v-valency	1.10 Transitive V valency	68_vos_gn_ac_d_se	vos	gn	nom-acc	deranking	sent	vos	VS	VPA	100	0.75	0	0.0	0.4276999878883362	bos_eos
seed_43	1_10_tran_V_valency	10_1_10_tran_V_valency	fig:heatmap-10-tran-v-valency	1.10 Transitive V valency	69_vos_gn_ac_d_pa	vos	gn	nom-acc	deranking	poss-acc	svo	SV	AVP	100	0.72	0	0.0	0.4109454536437988	bos_eos
seed_43	1_10_tran_V_valency	10_1_10_tran_V_valency	fig:heatmap-10-tran-v-valency	1.10 Transitive V valency	70_vos_gn_ac_d_ep	vos	gn	nom-acc	deranking	erg-poss	sov	SV	PVA	100	0.76	0	0.0	0.3592358469963074	bos_eos
seed_43	1_10_tran_V_valency	10_1_10_tran_V_valency	fig:heatmap-10-tran-v-valency	1.10 Transitive V valency	71_vos_gn_ac_d_no	vos	gn	nom-acc	deranking	nomn	svo	SV	AVP	100	0.73	0	0.0	0.4169840455055237	bos_eos
seed_43	1_10_tran_V_valency	10_1_10_tran_V_valency	fig:heatmap-10-tran-v-valency	1.10 Transitive V valency	72_vos_gn_er_b_se	vos	gn	erg-abs	balancing	sent	vos	VS	VPA	100	0.73	0	0.0	0.40325098276138305	bos_eos
seed_43	1_10_tran_V_valency	10_1_10_tran_V_valency	fig:heatmap-10-tran-v-valency	1.10 Transitive V valency	73_vos_gn_er_b_pa	vos	gn	erg-abs	balancing	poss-acc	svo	SV	AVP	100	0.76	0	0.0	0.41137555837631223	bos_eos
seed_43	1_10_tran_V_valency	10_1_10_tran_V_valency	fig:heatmap-10-tran-v-valency	1.10 Transitive V valency	74_vos_gn_er_b_ep	vos	gn	erg-abs	balancing	erg-poss	sov	SV	PVA	100	0.72	0	0.0	0.3942103385925293	bos_eos
seed_43	1_10_tran_V_valency	10_1_10_tran_V_valency	fig:heatmap-10-tran-v-valency	1.10 Transitive V valency	75_vos_gn_er_b_no	vos	gn	erg-abs	balancing	nomn	svo	SV	AVP	100	0.74	0	0.0	0.4042338824272156	bos_eos
seed_43	1_10_tran_V_valency	10_1_10_tran_V_valency	fig:heatmap-10-tran-v-valency	1.10 Transitive V valency	76_vos_gn_er_d_se	vos	gn	erg-abs	deranking	sent	vos	VS	VPA	100	0.74	0	0.0	0.41190165996551514	bos_eos
seed_43	1_10_tran_V_valency	10_1_10_tran_V_valency	fig:heatmap-10-tran-v-valency	1.10 Transitive V valency	77_vos_gn_er_d_pa	vos	gn	erg-abs	deranking	poss-acc	svo	SV	AVP	100	0.75	0	0.0	0.457638201713562	bos_eos
seed_43	1_10_tran_V_valency	10_1_10_tran_V_valency	fig:heatmap-10-tran-v-valency	1.10 Transitive V valency	78_vos_gn_er_d_ep	vos	gn	erg-abs	deranking	erg-poss	sov	SV	PVA	100	0.72	0	0.0	0.35257683038711546	bos_eos
seed_43	1_10_tran_V_valency	10_1_10_tran_V_valency	fig:heatmap-10-tran-v-valency	1.10 Transitive V valency	79_vos_gn_er_d_no	vos	gn	erg-abs	deranking	nomn	svo	SV	AVP	100	0.75	0	0.0	0.4513732051849365	bos_eos
seed_43	1_10_tran_V_valency	10_1_10_tran_V_valency	fig:heatmap-10-tran-v-valency	1.10 Transitive V valency	80_vos_ng_ac_b_se	vos	ng	nom-acc	balancing	sent	vos	VS	VPA	100	0.76	0	0.0	0.4142748188972473	bos_eos
seed_43	1_10_tran_V_valency	10_1_10_tran_V_valency	fig:heatmap-10-tran-v-valency	1.10 Transitive V valency	81_vos_ng_ac_b_pa	vos	ng	nom-acc	balancing	poss-acc	vos	VS	VPA	100	0.75	0	0.0	0.36843966245651244	bos_eos
seed_43	1_10_tran_V_valency	10_1_10_tran_V_valency	fig:heatmap-10-tran-v-valency	1.10 Transitive V valency	82_vos_ng_ac_b_ep	vos	ng	nom-acc	balancing	erg-poss	vos	VS	VPA	100	0.75	0	0.0	0.40246827602386476	bos_eos
seed_43	1_10_tran_V_valency	10_1_10_tran_V_valency	fig:heatmap-10-tran-v-valency	1.10 Transitive V valency	83_vos_ng_ac_b_no	vos	ng	nom-acc	balancing	nomn	vos	VS	VPA	100	0.73	0	0.0	0.3774340295791626	bos_eos
seed_43	1_10_tran_V_valency	10_1_10_tran_V_valency	fig:heatmap-10-tran-v-valency	1.10 Transitive V valency	84_vos_ng_ac_d_se	vos	ng	nom-acc	deranking	sent	vos	VS	VPA	100	0.78	0	0.0	0.4713259267807007	bos_eos
seed_43	1_10_tran_V_valency	10_1_10_tran_V_valency	fig:heatmap-10-tran-v-valency	1.10 Transitive V valency	85_vos_ng_ac_d_pa	vos	ng	nom-acc	deranking	poss-acc	vos	VS	VPA	100	0.73	0	0.0	0.41353276968002317	bos_eos
seed_43	1_10_tran_V_valency	10_1_10_tran_V_valency	fig:heatmap-10-tran-v-valency	1.10 Transitive V valency	86_vos_ng_ac_d_ep	vos	ng	nom-acc	deranking	erg-poss	vos	VS	VPA	100	0.72	0	0.0	0.4357118463516235	bos_eos
seed_43	1_10_tran_V_valency	10_1_10_tran_V_valency	fig:heatmap-10-tran-v-valency	1.10 Transitive V valency	87_vos_ng_ac_d_no	vos	ng	nom-acc	deranking	nomn	vos	VS	VPA	100	0.75	0	0.0	0.39608004570007327	bos_eos
seed_43	1_10_tran_V_valency	10_1_10_tran_V_valency	fig:heatmap-10-tran-v-valency	1.10 Transitive V valency	88_vos_ng_er_b_se	vos	ng	erg-abs	balancing	sent	vos	VS	VPA	100	0.77	0	0.0	0.4552261662483215	bos_eos
seed_43	1_10_tran_V_valency	10_1_10_tran_V_valency	fig:heatmap-10-tran-v-valency	1.10 Transitive V valency	89_vos_ng_er_b_pa	vos	ng	erg-abs	balancing	poss-acc	vos	VS	VPA	100	0.78	0	0.0	0.42952378749847414	bos_eos
seed_43	1_10_tran_V_valency	10_1_10_tran_V_valency	fig:heatmap-10-tran-v-valency	1.10 Transitive V valency	90_vos_ng_er_b_ep	vos	ng	erg-abs	balancing	erg-poss	vos	VS	VPA	100	0.76	0	0.0	0.4518678855895996	bos_eos
seed_43	1_10_tran_V_valency	10_1_10_tran_V_valency	fig:heatmap-10-tran-v-valency	1.10 Transitive V valency	91_vos_ng_er_b_no	vos	ng	erg-abs	balancing	nomn	vos	VS	VPA	100	0.76	0	0.0	0.4393314385414124	bos_eos
seed_43	1_10_tran_V_valency	10_1_10_tran_V_valency	fig:heatmap-10-tran-v-valency	1.10 Transitive V valency	92_vos_ng_er_d_se	vos	ng	erg-abs	deranking	sent	vos	VS	VPA	100	0.8	0	0.0	0.475881450176239	bos_eos
seed_43	1_10_tran_V_valency	10_1_10_tran_V_valency	fig:heatmap-10-tran-v-valency	1.10 Transitive V valency	93_vos_ng_er_d_pa	vos	ng	erg-abs	deranking	poss-acc	vos	VS	VPA	100	0.77	0	0.0	0.4353159761428833	bos_eos
seed_43	1_10_tran_V_valency	10_1_10_tran_V_valency	fig:heatmap-10-tran-v-valency	1.10 Transitive V valency	94_vos_ng_er_d_ep	vos	ng	erg-abs	deranking	erg-poss	vos	VS	VPA	100	0.8	0	0.0	0.4846234631538391	bos_eos
seed_43	1_10_tran_V_valency	10_1_10_tran_V_valency	fig:heatmap-10-tran-v-valency	1.10 Transitive V valency	95_vos_ng_er_d_no	vos	ng	erg-abs	deranking	nomn	vos	VS	VPA	100	0.77	0	0.0	0.44825388431549074	bos_eos
seed_43	2_1_intran_gen_marker	11_2_1_intran_gen_marker	fig:heatmap-11-intran-gen-marker	2.1 Intransitive genitive marker	00_sov_gn_ac_b_se	sov	gn	nom-acc	balancing	sent	sov	SV	APV	100	0.98	0	0.0	1.6632971215248107	bos_eos
seed_43	2_1_intran_gen_marker	11_2_1_intran_gen_marker	fig:heatmap-11-intran-gen-marker	2.1 Intransitive genitive marker	01_sov_gn_ac_b_pa	sov	gn	nom-acc	balancing	poss-acc	sov	SV	APV	100	0.96	0	0.0	1.5908979535102845	bos_eos
seed_43	2_1_intran_gen_marker	11_2_1_intran_gen_marker	fig:heatmap-11-intran-gen-marker	2.1 Intransitive genitive marker	02_sov_gn_ac_b_ep	sov	gn	nom-acc	balancing	erg-poss	sov	SV	APV	100	0.95	0	0.0	1.7195060920715333	bos_eos
seed_43	2_1_intran_gen_marker	11_2_1_intran_gen_marker	fig:heatmap-11-intran-gen-marker	2.1 Intransitive genitive marker	03_sov_gn_ac_b_no	sov	gn	nom-acc	balancing	nomn	sov	SV	APV	100	0.97	0	0.0	1.6449597215652465	bos_eos
seed_43	2_1_intran_gen_marker	11_2_1_intran_gen_marker	fig:heatmap-11-intran-gen-marker	2.1 Intransitive genitive marker	04_sov_gn_ac_d_se	sov	gn	nom-acc	deranking	sent	sov	SV	APV	100	0.97	0	0.0	1.6843223428726197	bos_eos
seed_43	2_1_intran_gen_marker	11_2_1_intran_gen_marker	fig:heatmap-11-intran-gen-marker	2.1 Intransitive genitive marker	05_sov_gn_ac_d_pa	sov	gn	nom-acc	deranking	poss-acc	sov	SV	APV	100	0.96	0	0.0	1.6733059096336365	bos_eos
seed_43	2_1_intran_gen_marker	11_2_1_intran_gen_marker	fig:heatmap-11-intran-gen-marker	2.1 Intransitive genitive marker	06_sov_gn_ac_d_ep	sov	gn	nom-acc	deranking	erg-poss	sov	SV	APV	100	0.96	0	0.0	1.9392695498466492	bos_eos
seed_43	2_1_intran_gen_marker	11_2_1_intran_gen_marker	fig:heatmap-11-intran-gen-marker	2.1 Intransitive genitive marker	07_sov_gn_ac_d_no	sov	gn	nom-acc	deranking	nomn	sov	SV	APV	100	0.97	0	0.0	1.9264075040817261	bos_eos
seed_43	2_1_intran_gen_marker	11_2_1_intran_gen_marker	fig:heatmap-11-intran-gen-marker	2.1 Intransitive genitive marker	08_sov_gn_er_b_se	sov	gn	erg-abs	balancing	sent	sov	SV	APV	100	0.76	0	0.0	1.098337550163269	bos_eos
seed_43	2_1_intran_gen_marker	11_2_1_intran_gen_marker	fig:heatmap-11-intran-gen-marker	2.1 Intransitive genitive marker	09_sov_gn_er_b_pa	sov	gn	erg-abs	balancing	poss-acc	sov	SV	APV	100	0.76	0	0.0	1.1981590914726257	bos_eos
seed_43	2_1_intran_gen_marker	11_2_1_intran_gen_marker	fig:heatmap-11-intran-gen-marker	2.1 Intransitive genitive marker	10_sov_gn_er_b_ep	sov	gn	erg-abs	balancing	erg-poss	sov	SV	APV	100	0.76	0	0.0	1.2120015788078309	bos_eos
seed_43	2_1_intran_gen_marker	11_2_1_intran_gen_marker	fig:heatmap-11-intran-gen-marker	2.1 Intransitive genitive marker	11_sov_gn_er_b_no	sov	gn	erg-abs	balancing	nomn	sov	SV	APV	100	0.74	0	0.0	1.211041944026947	bos_eos
seed_43	2_1_intran_gen_marker	11_2_1_intran_gen_marker	fig:heatmap-11-intran-gen-marker	2.1 Intransitive genitive marker	12_sov_gn_er_d_se	sov	gn	erg-abs	deranking	sent	sov	SV	APV	100	0.74	0	0.0	1.1216047739982604	bos_eos
seed_43	2_1_intran_gen_marker	11_2_1_intran_gen_marker	fig:heatmap-11-intran-gen-marker	2.1 Intransitive genitive marker	13_sov_gn_er_d_pa	sov	gn	erg-abs	deranking	poss-acc	sov	SV	APV	100	0.77	0	0.0	1.130550217628479	bos_eos
seed_43	2_1_intran_gen_marker	11_2_1_intran_gen_marker	fig:heatmap-11-intran-gen-marker	2.1 Intransitive genitive marker	14_sov_gn_er_d_ep	sov	gn	erg-abs	deranking	erg-poss	sov	SV	APV	100	0.75	0	0.0	1.3492198944091798	bos_eos
seed_43	2_1_intran_gen_marker	11_2_1_intran_gen_marker	fig:heatmap-11-intran-gen-marker	2.1 Intransitive genitive marker	15_sov_gn_er_d_no	sov	gn	erg-abs	deranking	nomn	sov	SV	APV	100	0.76	0	0.0	1.349531421661377	bos_eos
seed_43	2_1_intran_gen_marker	11_2_1_intran_gen_marker	fig:heatmap-11-intran-gen-marker	2.1 Intransitive genitive marker	16_sov_ng_ac_b_se	sov	ng	nom-acc	balancing	sent	sov	SV	APV	100	0.74	0	0.0	0.7538902473449707	bos_eos
seed_43	2_1_intran_gen_marker	11_2_1_intran_gen_marker	fig:heatmap-11-intran-gen-marker	2.1 Intransitive genitive marker	17_sov_ng_ac_b_pa	sov	ng	nom-acc	balancing	poss-acc	ovs	VS	PVA	100	0.75	0	0.0	0.8972243642807007	bos_eos
seed_43	2_1_intran_gen_marker	11_2_1_intran_gen_marker	fig:heatmap-11-intran-gen-marker	2.1 Intransitive genitive marker	18_sov_ng_ac_b_ep	sov	ng	nom-acc	balancing	erg-poss	vos	VS	AVP	100	0.77	0	0.0	0.8062382841110229	bos_eos
seed_43	2_1_intran_gen_marker	11_2_1_intran_gen_marker	fig:heatmap-11-intran-gen-marker	2.1 Intransitive genitive marker	19_sov_ng_ac_b_no	sov	ng	nom-acc	balancing	nomn	ovs	VS	PVA	100	0.73	0	0.0	0.8062512230873108	bos_eos
seed_43	2_1_intran_gen_marker	11_2_1_intran_gen_marker	fig:heatmap-11-intran-gen-marker	2.1 Intransitive genitive marker	20_sov_ng_ac_d_se	sov	ng	nom-acc	deranking	sent	sov	SV	APV	100	0.73	0	0.0	0.9566645503044129	bos_eos
seed_43	2_1_intran_gen_marker	11_2_1_intran_gen_marker	fig:heatmap-11-intran-gen-marker	2.1 Intransitive genitive marker	21_sov_ng_ac_d_pa	sov	ng	nom-acc	deranking	poss-acc	ovs	VS	PVA	100	0.77	0	0.0	0.9815110778808593	bos_eos
seed_43	2_1_intran_gen_marker	11_2_1_intran_gen_marker	fig:heatmap-11-intran-gen-marker	2.1 Intransitive genitive marker	22_sov_ng_ac_d_ep	sov	ng	nom-acc	deranking	erg-poss	vos	VS	AVP	100	0.76	0	0.0	1.0676457595825195	bos_eos
seed_43	2_1_intran_gen_marker	11_2_1_intran_gen_marker	fig:heatmap-11-intran-gen-marker	2.1 Intransitive genitive marker	23_sov_ng_ac_d_no	sov	ng	nom-acc	deranking	nomn	ovs	VS	PVA	100	0.75	0	0.0	0.9608141136169434	bos_eos
seed_43	2_1_intran_gen_marker	11_2_1_intran_gen_marker	fig:heatmap-11-intran-gen-marker	2.1 Intransitive genitive marker	24_sov_ng_er_b_se	sov	ng	erg-abs	balancing	sent	sov	SV	APV	100	0.84	0	0.0	1.353673415184021	bos_eos
seed_43	2_1_intran_gen_marker	11_2_1_intran_gen_marker	fig:heatmap-11-intran-gen-marker	2.1 Intransitive genitive marker	25_sov_ng_er_b_pa	sov	ng	erg-abs	balancing	poss-acc	ovs	VS	PVA	100	0.92	0	0.0	1.9546795558929444	bos_eos
seed_43	2_1_intran_gen_marker	11_2_1_intran_gen_marker	fig:heatmap-11-intran-gen-marker	2.1 Intransitive genitive marker	26_sov_ng_er_b_ep	sov	ng	erg-abs	balancing	erg-poss	vos	VS	AVP	100	0.94	0	0.0	1.7432925605773926	bos_eos
seed_43	2_1_intran_gen_marker	11_2_1_intran_gen_marker	fig:heatmap-11-intran-gen-marker	2.1 Intransitive genitive marker	27_sov_ng_er_b_no	sov	ng	erg-abs	balancing	nomn	ovs	VS	PVA	100	0.89	0	0.0	1.5448198986053467	bos_eos
seed_43	2_1_intran_gen_marker	11_2_1_intran_gen_marker	fig:heatmap-11-intran-gen-marker	2.1 Intransitive genitive marker	28_sov_ng_er_d_se	sov	ng	erg-abs	deranking	sent	sov	SV	APV	100	0.93	0	0.0	1.5930411267280578	bos_eos
seed_43	2_1_intran_gen_marker	11_2_1_intran_gen_marker	fig:heatmap-11-intran-gen-marker	2.1 Intransitive genitive marker	29_sov_ng_er_d_pa	sov	ng	erg-abs	deranking	poss-acc	ovs	VS	PVA	100	0.92	0	0.0	1.6493960452079772	bos_eos
seed_43	2_1_intran_gen_marker	11_2_1_intran_gen_marker	fig:heatmap-11-intran-gen-marker	2.1 Intransitive genitive marker	30_sov_ng_er_d_ep	sov	ng	erg-abs	deranking	erg-poss	vos	VS	AVP	100	0.94	0	0.0	1.7305693292617799	bos_eos
seed_43	2_1_intran_gen_marker	11_2_1_intran_gen_marker	fig:heatmap-11-intran-gen-marker	2.1 Intransitive genitive marker	31_sov_ng_er_d_no	sov	ng	erg-abs	deranking	nomn	ovs	VS	PVA	100	0.92	0	0.0	1.747984426021576	bos_eos
seed_43	2_1_intran_gen_marker	11_2_1_intran_gen_marker	fig:heatmap-11-intran-gen-marker	2.1 Intransitive genitive marker	32_svo_gn_ac_b_se	svo	gn	nom-acc	balancing	sent	svo	SV	AVP	100	0.99	0	0.0	2.18868999004364	bos_eos
seed_43	2_1_intran_gen_marker	11_2_1_intran_gen_marker	fig:heatmap-11-intran-gen-marker	2.1 Intransitive genitive marker	33_svo_gn_ac_b_pa	svo	gn	nom-acc	balancing	poss-acc	svo	SV	AVP	100	0.99	0	0.0	2.24018851518631	bos_eos
seed_43	2_1_intran_gen_marker	11_2_1_intran_gen_marker	fig:heatmap-11-intran-gen-marker	2.1 Intransitive genitive marker	34_svo_gn_ac_b_ep	svo	gn	nom-acc	balancing	erg-poss	sov	SV	PVA	100	1.0	0	0.0	2.478922562599182	bos_eos
seed_43	2_1_intran_gen_marker	11_2_1_intran_gen_marker	fig:heatmap-11-intran-gen-marker	2.1 Intransitive genitive marker	35_svo_gn_ac_b_no	svo	gn	nom-acc	balancing	nomn	svo	SV	AVP	100	0.99	0	0.0	2.295103223323822	bos_eos
seed_43	2_1_intran_gen_marker	11_2_1_intran_gen_marker	fig:heatmap-11-intran-gen-marker	2.1 Intransitive genitive marker	36_svo_gn_ac_d_se	svo	gn	nom-acc	deranking	sent	svo	SV	AVP	100	1.0	0	0.0	2.2042231941223145	bos_eos
seed_43	2_1_intran_gen_marker	11_2_1_intran_gen_marker	fig:heatmap-11-intran-gen-marker	2.1 Intransitive genitive marker	37_svo_gn_ac_d_pa	svo	gn	nom-acc	deranking	poss-acc	svo	SV	AVP	100	1.0	0	0.0	2.1425090646743774	bos_eos
seed_43	2_1_intran_gen_marker	11_2_1_intran_gen_marker	fig:heatmap-11-intran-gen-marker	2.1 Intransitive genitive marker	38_svo_gn_ac_d_ep	svo	gn	nom-acc	deranking	erg-poss	sov	SV	PVA	100	0.99	0	0.0	2.3271362471580503	bos_eos
seed_43	2_1_intran_gen_marker	11_2_1_intran_gen_marker	fig:heatmap-11-intran-gen-marker	2.1 Intransitive genitive marker	39_svo_gn_ac_d_no	svo	gn	nom-acc	deranking	nomn	svo	SV	AVP	100	0.99	0	0.0	2.252414860725403	bos_eos
seed_43	2_1_intran_gen_marker	11_2_1_intran_gen_marker	fig:heatmap-11-intran-gen-marker	2.1 Intransitive genitive marker	40_svo_gn_er_b_se	svo	gn	erg-abs	balancing	sent	svo	SV	AVP	100	0.99	0	0.0	1.7214551997184753	bos_eos
seed_43	2_1_intran_gen_marker	11_2_1_intran_gen_marker	fig:heatmap-11-intran-gen-marker	2.1 Intransitive genitive marker	41_svo_gn_er_b_pa	svo	gn	erg-abs	balancing	poss-acc	svo	SV	AVP	100	0.99	0	0.0	2.0930565786361695	bos_eos
seed_43	2_1_intran_gen_marker	11_2_1_intran_gen_marker	fig:heatmap-11-intran-gen-marker	2.1 Intransitive genitive marker	42_svo_gn_er_b_ep	svo	gn	erg-abs	balancing	erg-poss	sov	SV	PVA	100	1.0	0	0.0	2.150381016731262	bos_eos
seed_43	2_1_intran_gen_marker	11_2_1_intran_gen_marker	fig:heatmap-11-intran-gen-marker	2.1 Intransitive genitive marker	43_svo_gn_er_b_no	svo	gn	erg-abs	balancing	nomn	svo	SV	AVP	100	1.0	0	0.0	1.9059211492538453	bos_eos
seed_43	2_1_intran_gen_marker	11_2_1_intran_gen_marker	fig:heatmap-11-intran-gen-marker	2.1 Intransitive genitive marker	44_svo_gn_er_d_se	svo	gn	erg-abs	deranking	sent	svo	SV	AVP	100	1.0	0	0.0	1.9135850024223329	bos_eos
seed_43	2_1_intran_gen_marker	11_2_1_intran_gen_marker	fig:heatmap-11-intran-gen-marker	2.1 Intransitive genitive marker	45_svo_gn_er_d_pa	svo	gn	erg-abs	deranking	poss-acc	svo	SV	AVP	100	0.99	0	0.0	2.1779947590827944	bos_eos
seed_43	2_1_intran_gen_marker	11_2_1_intran_gen_marker	fig:heatmap-11-intran-gen-marker	2.1 Intransitive genitive marker	46_svo_gn_er_d_ep	svo	gn	erg-abs	deranking	erg-poss	sov	SV	PVA	100	0.99	0	0.0	2.2523923563957213	bos_eos
seed_43	2_1_intran_gen_marker	11_2_1_intran_gen_marker	fig:heatmap-11-intran-gen-marker	2.1 Intransitive genitive marker	47_svo_gn_er_d_no	svo	gn	erg-abs	deranking	nomn	svo	SV	AVP	100	0.99	0	0.0	2.161250846385956	bos_eos
seed_43	2_1_intran_gen_marker	11_2_1_intran_gen_marker	fig:heatmap-11-intran-gen-marker	2.1 Intransitive genitive marker	48_svo_ng_ac_b_se	svo	ng	nom-acc	balancing	sent	svo	SV	AVP	100	0.95	0	0.0	2.0863938117027283	bos_eos
seed_43	2_1_intran_gen_marker	11_2_1_intran_gen_marker	fig:heatmap-11-intran-gen-marker	2.1 Intransitive genitive marker	49_svo_ng_ac_b_pa	svo	ng	nom-acc	balancing	poss-acc	vos	VS	VPA	100	0.93	0	0.0	2.0013432788848875	bos_eos
seed_43	2_1_intran_gen_marker	11_2_1_intran_gen_marker	fig:heatmap-11-intran-gen-marker	2.1 Intransitive genitive marker	50_svo_ng_ac_b_ep	svo	ng	nom-acc	balancing	erg-poss	vos	VS	VPA	100	0.98	0	0.0	2.557803301811218	bos_eos
seed_43	2_1_intran_gen_marker	11_2_1_intran_gen_marker	fig:heatmap-11-intran-gen-marker	2.1 Intransitive genitive marker	51_svo_ng_ac_b_no	svo	ng	nom-acc	balancing	nomn	vos	VS	VPA	100	1.0	0	0.0	2.2546304726600646	bos_eos
seed_43	2_1_intran_gen_marker	11_2_1_intran_gen_marker	fig:heatmap-11-intran-gen-marker	2.1 Intransitive genitive marker	52_svo_ng_ac_d_se	svo	ng	nom-acc	deranking	sent	svo	SV	AVP	100	0.95	0	0.0	1.9668644905090331	bos_eos
seed_43	2_1_intran_gen_marker	11_2_1_intran_gen_marker	fig:heatmap-11-intran-gen-marker	2.1 Intransitive genitive marker	53_svo_ng_ac_d_pa	svo	ng	nom-acc	deranking	poss-acc	vos	VS	VPA	100	0.94	0	0.0	2.01381863117218	bos_eos
seed_43	2_1_intran_gen_marker	11_2_1_intran_gen_marker	fig:heatmap-11-intran-gen-marker	2.1 Intransitive genitive marker	54_svo_ng_ac_d_ep	svo	ng	nom-acc	deranking	erg-poss	vos	VS	VPA	100	0.95	0	0.0	2.3907971167564392	bos_eos
seed_43	2_1_intran_gen_marker	11_2_1_intran_gen_marker	fig:heatmap-11-intran-gen-marker	2.1 Intransitive genitive marker	55_svo_ng_ac_d_no	svo	ng	nom-acc	deranking	nomn	vos	VS	VPA	100	0.95	0	0.0	2.249374604225159	bos_eos
seed_43	2_1_intran_gen_marker	11_2_1_intran_gen_marker	fig:heatmap-11-intran-gen-marker	2.1 Intransitive genitive marker	56_svo_ng_er_b_se	svo	ng	erg-abs	balancing	sent	svo	SV	AVP	100	0.99	0	0.0	2.1876305818557737	bos_eos
seed_43	2_1_intran_gen_marker	11_2_1_intran_gen_marker	fig:heatmap-11-intran-gen-marker	2.1 Intransitive genitive marker	57_svo_ng_er_b_pa	svo	ng	erg-abs	balancing	poss-acc	vos	VS	VPA	100	0.97	0	0.0	2.034813413619995	bos_eos
seed_43	2_1_intran_gen_marker	11_2_1_intran_gen_marker	fig:heatmap-11-intran-gen-marker	2.1 Intransitive genitive marker	58_svo_ng_er_b_ep	svo	ng	erg-abs	balancing	erg-poss	vos	VS	VPA	100	1.0	0	0.0	2.4767440509796144	bos_eos
seed_43	2_1_intran_gen_marker	11_2_1_intran_gen_marker	fig:heatmap-11-intran-gen-marker	2.1 Intransitive genitive marker	59_svo_ng_er_b_no	svo	ng	erg-abs	balancing	nomn	vos	VS	VPA	100	0.98	0	0.0	2.1574856209754945	bos_eos
seed_43	2_1_intran_gen_marker	11_2_1_intran_gen_marker	fig:heatmap-11-intran-gen-marker	2.1 Intransitive genitive marker	60_svo_ng_er_d_se	svo	ng	erg-abs	deranking	sent	svo	SV	AVP	100	0.97	0	0.0	1.9530950093269348	bos_eos
seed_43	2_1_intran_gen_marker	11_2_1_intran_gen_marker	fig:heatmap-11-intran-gen-marker	2.1 Intransitive genitive marker	61_svo_ng_er_d_pa	svo	ng	erg-abs	deranking	poss-acc	vos	VS	VPA	100	0.98	0	0.0	2.267669529914856	bos_eos
seed_43	2_1_intran_gen_marker	11_2_1_intran_gen_marker	fig:heatmap-11-intran-gen-marker	2.1 Intransitive genitive marker	62_svo_ng_er_d_ep	svo	ng	erg-abs	deranking	erg-poss	vos	VS	VPA	100	0.98	0	0.0	2.111744086742401	bos_eos
seed_43	2_1_intran_gen_marker	11_2_1_intran_gen_marker	fig:heatmap-11-intran-gen-marker	2.1 Intransitive genitive marker	63_svo_ng_er_d_no	svo	ng	erg-abs	deranking	nomn	vos	VS	VPA	100	0.96	0	0.0	1.7996473455429076	bos_eos
seed_43	2_1_intran_gen_marker	11_2_1_intran_gen_marker	fig:heatmap-11-intran-gen-marker	2.1 Intransitive genitive marker	64_vos_gn_ac_b_se	vos	gn	nom-acc	balancing	sent	vos	VS	VPA	100	0.77	0	0.0	1.0785701084136963	bos_eos
seed_43	2_1_intran_gen_marker	11_2_1_intran_gen_marker	fig:heatmap-11-intran-gen-marker	2.1 Intransitive genitive marker	65_vos_gn_ac_b_pa	vos	gn	nom-acc	balancing	poss-acc	svo	SV	AVP	100	0.78	0	0.0	1.0783163332939147	bos_eos
seed_43	2_1_intran_gen_marker	11_2_1_intran_gen_marker	fig:heatmap-11-intran-gen-marker	2.1 Intransitive genitive marker	66_vos_gn_ac_b_ep	vos	gn	nom-acc	balancing	erg-poss	sov	SV	PVA	100	0.77	0	0.0	1.0565366744995117	bos_eos
seed_43	2_1_intran_gen_marker	11_2_1_intran_gen_marker	fig:heatmap-11-intran-gen-marker	2.1 Intransitive genitive marker	67_vos_gn_ac_b_no	vos	gn	nom-acc	balancing	nomn	svo	SV	AVP	100	0.79	0	0.0	1.126384744644165	bos_eos
seed_43	2_1_intran_gen_marker	11_2_1_intran_gen_marker	fig:heatmap-11-intran-gen-marker	2.1 Intransitive genitive marker	68_vos_gn_ac_d_se	vos	gn	nom-acc	deranking	sent	vos	VS	VPA	100	0.81	0	0.0	1.1523167634010314	bos_eos
seed_43	2_1_intran_gen_marker	11_2_1_intran_gen_marker	fig:heatmap-11-intran-gen-marker	2.1 Intransitive genitive marker	69_vos_gn_ac_d_pa	vos	gn	nom-acc	deranking	poss-acc	svo	SV	AVP	100	0.79	0	0.0	1.1050336575508117	bos_eos
seed_43	2_1_intran_gen_marker	11_2_1_intran_gen_marker	fig:heatmap-11-intran-gen-marker	2.1 Intransitive genitive marker	70_vos_gn_ac_d_ep	vos	gn	nom-acc	deranking	erg-poss	sov	SV	PVA	100	0.78	0	0.0	1.119756133556366	bos_eos
seed_43	2_1_intran_gen_marker	11_2_1_intran_gen_marker	fig:heatmap-11-intran-gen-marker	2.1 Intransitive genitive marker	71_vos_gn_ac_d_no	vos	gn	nom-acc	deranking	nomn	svo	SV	AVP	100	0.78	0	0.0	1.2197518277168273	bos_eos
seed_43	2_1_intran_gen_marker	11_2_1_intran_gen_marker	fig:heatmap-11-intran-gen-marker	2.1 Intransitive genitive marker	72_vos_gn_er_b_se	vos	gn	erg-abs	balancing	sent	vos	VS	VPA	100	0.97	0	0.0	1.8029951906204225	bos_eos
seed_43	2_1_intran_gen_marker	11_2_1_intran_gen_marker	fig:heatmap-11-intran-gen-marker	2.1 Intransitive genitive marker	73_vos_gn_er_b_pa	vos	gn	erg-abs	balancing	poss-acc	svo	SV	AVP	100	0.99	0	0.0	1.9338859176635743	bos_eos
seed_43	2_1_intran_gen_marker	11_2_1_intran_gen_marker	fig:heatmap-11-intran-gen-marker	2.1 Intransitive genitive marker	74_vos_gn_er_b_ep	vos	gn	erg-abs	balancing	erg-poss	sov	SV	PVA	100	0.99	0	0.0	2.0987993478775024	bos_eos
seed_43	2_1_intran_gen_marker	11_2_1_intran_gen_marker	fig:heatmap-11-intran-gen-marker	2.1 Intransitive genitive marker	75_vos_gn_er_b_no	vos	gn	erg-abs	balancing	nomn	svo	SV	AVP	100	0.98	0	0.0	1.9660620236396789	bos_eos
seed_43	2_1_intran_gen_marker	11_2_1_intran_gen_marker	fig:heatmap-11-intran-gen-marker	2.1 Intransitive genitive marker	76_vos_gn_er_d_se	vos	gn	erg-abs	deranking	sent	vos	VS	VPA	100	0.98	0	0.0	1.9621525263786317	bos_eos
seed_43	2_1_intran_gen_marker	11_2_1_intran_gen_marker	fig:heatmap-11-intran-gen-marker	2.1 Intransitive genitive marker	77_vos_gn_er_d_pa	vos	gn	erg-abs	deranking	poss-acc	svo	SV	AVP	100	0.99	0	0.0	2.1663995242118834	bos_eos
seed_43	2_1_intran_gen_marker	11_2_1_intran_gen_marker	fig:heatmap-11-intran-gen-marker	2.1 Intransitive genitive marker	78_vos_gn_er_d_ep	vos	gn	erg-abs	deranking	erg-poss	sov	SV	PVA	100	0.98	0	0.0	2.027472653388977	bos_eos
seed_43	2_1_intran_gen_marker	11_2_1_intran_gen_marker	fig:heatmap-11-intran-gen-marker	2.1 Intransitive genitive marker	79_vos_gn_er_d_no	vos	gn	erg-abs	deranking	nomn	svo	SV	AVP	100	0.97	0	0.0	2.192528760433197	bos_eos
seed_43	2_1_intran_gen_marker	11_2_1_intran_gen_marker	fig:heatmap-11-intran-gen-marker	2.1 Intransitive genitive marker	80_vos_ng_ac_b_se	vos	ng	nom-acc	balancing	sent	vos	VS	VPA	100	0.86	0	0.0	1.0654773283004761	bos_eos
seed_43	2_1_intran_gen_marker	11_2_1_intran_gen_marker	fig:heatmap-11-intran-gen-marker	2.1 Intransitive genitive marker	81_vos_ng_ac_b_pa	vos	ng	nom-acc	balancing	poss-acc	vos	VS	VPA	100	0.88	0	0.0	1.1408039236068725	bos_eos
seed_43	2_1_intran_gen_marker	11_2_1_intran_gen_marker	fig:heatmap-11-intran-gen-marker	2.1 Intransitive genitive marker	82_vos_ng_ac_b_ep	vos	ng	nom-acc	balancing	erg-poss	vos	VS	VPA	100	0.87	0	0.0	1.1863406848907472	bos_eos
seed_43	2_1_intran_gen_marker	11_2_1_intran_gen_marker	fig:heatmap-11-intran-gen-marker	2.1 Intransitive genitive marker	83_vos_ng_ac_b_no	vos	ng	nom-acc	balancing	nomn	vos	VS	VPA	100	0.86	0	0.0	1.1025683546066285	bos_eos
seed_43	2_1_intran_gen_marker	11_2_1_intran_gen_marker	fig:heatmap-11-intran-gen-marker	2.1 Intransitive genitive marker	84_vos_ng_ac_d_se	vos	ng	nom-acc	deranking	sent	vos	VS	VPA	100	0.86	0	0.0	1.319554214477539	bos_eos
seed_43	2_1_intran_gen_marker	11_2_1_intran_gen_marker	fig:heatmap-11-intran-gen-marker	2.1 Intransitive genitive marker	85_vos_ng_ac_d_pa	vos	ng	nom-acc	deranking	poss-acc	vos	VS	VPA	100	0.86	0	0.0	1.1870967960357666	bos_eos
seed_43	2_1_intran_gen_marker	11_2_1_intran_gen_marker	fig:heatmap-11-intran-gen-marker	2.1 Intransitive genitive marker	86_vos_ng_ac_d_ep	vos	ng	nom-acc	deranking	erg-poss	vos	VS	VPA	100	0.9	0	0.0	1.516688849925995	bos_eos
seed_43	2_1_intran_gen_marker	11_2_1_intran_gen_marker	fig:heatmap-11-intran-gen-marker	2.1 Intransitive genitive marker	87_vos_ng_ac_d_no	vos	ng	nom-acc	deranking	nomn	vos	VS	VPA	100	0.89	0	0.0	1.3482214856147765	bos_eos
seed_43	2_1_intran_gen_marker	11_2_1_intran_gen_marker	fig:heatmap-11-intran-gen-marker	2.1 Intransitive genitive marker	88_vos_ng_er_b_se	vos	ng	erg-abs	balancing	sent	vos	VS	VPA	100	0.77	0	0.0	1.266810896396637	bos_eos
seed_43	2_1_intran_gen_marker	11_2_1_intran_gen_marker	fig:heatmap-11-intran-gen-marker	2.1 Intransitive genitive marker	89_vos_ng_er_b_pa	vos	ng	erg-abs	balancing	poss-acc	vos	VS	VPA	100	0.8	0	0.0	1.210282382965088	bos_eos
seed_43	2_1_intran_gen_marker	11_2_1_intran_gen_marker	fig:heatmap-11-intran-gen-marker	2.1 Intransitive genitive marker	90_vos_ng_er_b_ep	vos	ng	erg-abs	balancing	erg-poss	vos	VS	VPA	100	0.75	0	0.0	1.3576190757751465	bos_eos
seed_43	2_1_intran_gen_marker	11_2_1_intran_gen_marker	fig:heatmap-11-intran-gen-marker	2.1 Intransitive genitive marker	91_vos_ng_er_b_no	vos	ng	erg-abs	balancing	nomn	vos	VS	VPA	100	0.79	0	0.0	1.367574610710144	bos_eos
seed_43	2_1_intran_gen_marker	11_2_1_intran_gen_marker	fig:heatmap-11-intran-gen-marker	2.1 Intransitive genitive marker	92_vos_ng_er_d_se	vos	ng	erg-abs	deranking	sent	vos	VS	VPA	100	0.77	0	0.0	1.2324004459381104	bos_eos
seed_43	2_1_intran_gen_marker	11_2_1_intran_gen_marker	fig:heatmap-11-intran-gen-marker	2.1 Intransitive genitive marker	93_vos_ng_er_d_pa	vos	ng	erg-abs	deranking	poss-acc	vos	VS	VPA	100	0.79	0	0.0	1.3336471104621888	bos_eos
seed_43	2_1_intran_gen_marker	11_2_1_intran_gen_marker	fig:heatmap-11-intran-gen-marker	2.1 Intransitive genitive marker	94_vos_ng_er_d_ep	vos	ng	erg-abs	deranking	erg-poss	vos	VS	VPA	100	0.77	0	0.0	1.4050914144515991	bos_eos
seed_43	2_1_intran_gen_marker	11_2_1_intran_gen_marker	fig:heatmap-11-intran-gen-marker	2.1 Intransitive genitive marker	95_vos_ng_er_d_no	vos	ng	erg-abs	deranking	nomn	vos	VS	VPA	100	0.75	0	0.0	1.4502258110046387	bos_eos
seed_43	2_2_tran_gen_marker	12_2_2_tran_gen_marker	fig:heatmap-12-tran-gen-marker	2.2 Transitive genitive marker	00_sov_gn_ac_b_se	sov	gn	nom-acc	balancing	sent	sov	SV	APV	100	0.94	0	0.0	0.9180494785308838	bos_eos
seed_43	2_2_tran_gen_marker	12_2_2_tran_gen_marker	fig:heatmap-12-tran-gen-marker	2.2 Transitive genitive marker	01_sov_gn_ac_b_pa	sov	gn	nom-acc	balancing	poss-acc	sov	SV	APV	100	0.93	0	0.0	0.9653053879737854	bos_eos
seed_43	2_2_tran_gen_marker	12_2_2_tran_gen_marker	fig:heatmap-12-tran-gen-marker	2.2 Transitive genitive marker	02_sov_gn_ac_b_ep	sov	gn	nom-acc	balancing	erg-poss	sov	SV	APV	100	0.96	0	0.0	1.0444938564300537	bos_eos
seed_43	2_2_tran_gen_marker	12_2_2_tran_gen_marker	fig:heatmap-12-tran-gen-marker	2.2 Transitive genitive marker	03_sov_gn_ac_b_no	sov	gn	nom-acc	balancing	nomn	sov	SV	APV	100	0.94	0	0.0	1.0937081170082092	bos_eos
seed_43	2_2_tran_gen_marker	12_2_2_tran_gen_marker	fig:heatmap-12-tran-gen-marker	2.2 Transitive genitive marker	04_sov_gn_ac_d_se	sov	gn	nom-acc	deranking	sent	sov	SV	APV	100	0.94	0	0.0	0.9849576997756958	bos_eos
seed_43	2_2_tran_gen_marker	12_2_2_tran_gen_marker	fig:heatmap-12-tran-gen-marker	2.2 Transitive genitive marker	05_sov_gn_ac_d_pa	sov	gn	nom-acc	deranking	poss-acc	sov	SV	APV	100	0.97	0	0.0	1.0759851050376892	bos_eos
seed_43	2_2_tran_gen_marker	12_2_2_tran_gen_marker	fig:heatmap-12-tran-gen-marker	2.2 Transitive genitive marker	06_sov_gn_ac_d_ep	sov	gn	nom-acc	deranking	erg-poss	sov	SV	APV	100	0.98	0	0.0	1.1363828015327453	bos_eos
seed_43	2_2_tran_gen_marker	12_2_2_tran_gen_marker	fig:heatmap-12-tran-gen-marker	2.2 Transitive genitive marker	07_sov_gn_ac_d_no	sov	gn	nom-acc	deranking	nomn	sov	SV	APV	100	0.98	0	0.0	1.1750665712356567	bos_eos
seed_43	2_2_tran_gen_marker	12_2_2_tran_gen_marker	fig:heatmap-12-tran-gen-marker	2.2 Transitive genitive marker	08_sov_gn_er_b_se	sov	gn	erg-abs	balancing	sent	sov	SV	APV	100	0.82	0	0.0	0.7105429935455322	bos_eos
seed_43	2_2_tran_gen_marker	12_2_2_tran_gen_marker	fig:heatmap-12-tran-gen-marker	2.2 Transitive genitive marker	09_sov_gn_er_b_pa	sov	gn	erg-abs	balancing	poss-acc	sov	SV	APV	100	0.82	0	0.0	0.867661578655243	bos_eos
seed_43	2_2_tran_gen_marker	12_2_2_tran_gen_marker	fig:heatmap-12-tran-gen-marker	2.2 Transitive genitive marker	10_sov_gn_er_b_ep	sov	gn	erg-abs	balancing	erg-poss	sov	SV	APV	100	0.87	0	0.0	0.9520371389389038	bos_eos
seed_43	2_2_tran_gen_marker	12_2_2_tran_gen_marker	fig:heatmap-12-tran-gen-marker	2.2 Transitive genitive marker	11_sov_gn_er_b_no	sov	gn	erg-abs	balancing	nomn	sov	SV	APV	100	0.81	0	0.0	0.8914027285575866	bos_eos
seed_43	2_2_tran_gen_marker	12_2_2_tran_gen_marker	fig:heatmap-12-tran-gen-marker	2.2 Transitive genitive marker	12_sov_gn_er_d_se	sov	gn	erg-abs	deranking	sent	sov	SV	APV	100	0.87	0	0.0	0.7930539298057556	bos_eos
seed_43	2_2_tran_gen_marker	12_2_2_tran_gen_marker	fig:heatmap-12-tran-gen-marker	2.2 Transitive genitive marker	13_sov_gn_er_d_pa	sov	gn	erg-abs	deranking	poss-acc	sov	SV	APV	100	0.78	0	0.0	0.8063048219680786	bos_eos
seed_43	2_2_tran_gen_marker	12_2_2_tran_gen_marker	fig:heatmap-12-tran-gen-marker	2.2 Transitive genitive marker	14_sov_gn_er_d_ep	sov	gn	erg-abs	deranking	erg-poss	sov	SV	APV	100	0.88	0	0.0	0.9728518486022949	bos_eos
seed_43	2_2_tran_gen_marker	12_2_2_tran_gen_marker	fig:heatmap-12-tran-gen-marker	2.2 Transitive genitive marker	15_sov_gn_er_d_no	sov	gn	erg-abs	deranking	nomn	sov	SV	APV	100	0.89	0	0.0	0.9686967611312867	bos_eos
seed_43	2_2_tran_gen_marker	12_2_2_tran_gen_marker	fig:heatmap-12-tran-gen-marker	2.2 Transitive genitive marker	16_sov_ng_ac_b_se	sov	ng	nom-acc	balancing	sent	sov	SV	APV	100	0.86	0	0.0	0.9598798775672912	bos_eos
seed_43	2_2_tran_gen_marker	12_2_2_tran_gen_marker	fig:heatmap-12-tran-gen-marker	2.2 Transitive genitive marker	17_sov_ng_ac_b_pa	sov	ng	nom-acc	balancing	poss-acc	ovs	VS	PVA	100	0.89	0	0.0	1.0781478834152223	bos_eos
seed_43	2_2_tran_gen_marker	12_2_2_tran_gen_marker	fig:heatmap-12-tran-gen-marker	2.2 Transitive genitive marker	18_sov_ng_ac_b_ep	sov	ng	nom-acc	balancing	erg-poss	vos	VS	AVP	100	0.9	0	0.0	1.104806396961212	bos_eos
seed_43	2_2_tran_gen_marker	12_2_2_tran_gen_marker	fig:heatmap-12-tran-gen-marker	2.2 Transitive genitive marker	19_sov_ng_ac_b_no	sov	ng	nom-acc	balancing	nomn	ovs	VS	PVA	100	0.9	0	0.0	1.1348701286315919	bos_eos
seed_43	2_2_tran_gen_marker	12_2_2_tran_gen_marker	fig:heatmap-12-tran-gen-marker	2.2 Transitive genitive marker	20_sov_ng_ac_d_se	sov	ng	nom-acc	deranking	sent	sov	SV	APV	100	0.89	0	0.0	1.1039388728141786	bos_eos
seed_43	2_2_tran_gen_marker	12_2_2_tran_gen_marker	fig:heatmap-12-tran-gen-marker	2.2 Transitive genitive marker	21_sov_ng_ac_d_pa	sov	ng	nom-acc	deranking	poss-acc	ovs	VS	PVA	100	0.91	0	0.0	1.101137752532959	bos_eos
seed_43	2_2_tran_gen_marker	12_2_2_tran_gen_marker	fig:heatmap-12-tran-gen-marker	2.2 Transitive genitive marker	22_sov_ng_ac_d_ep	sov	ng	nom-acc	deranking	erg-poss	vos	VS	AVP	100	0.91	0	0.0	1.1462665224075317	bos_eos
seed_43	2_2_tran_gen_marker	12_2_2_tran_gen_marker	fig:heatmap-12-tran-gen-marker	2.2 Transitive genitive marker	23_sov_ng_ac_d_no	sov	ng	nom-acc	deranking	nomn	ovs	VS	PVA	100	0.91	0	0.0	1.144366636276245	bos_eos
seed_43	2_2_tran_gen_marker	12_2_2_tran_gen_marker	fig:heatmap-12-tran-gen-marker	2.2 Transitive genitive marker	24_sov_ng_er_b_se	sov	ng	erg-abs	balancing	sent	sov	SV	APV	100	0.77	0	0.0	0.8448503470420837	bos_eos
seed_43	2_2_tran_gen_marker	12_2_2_tran_gen_marker	fig:heatmap-12-tran-gen-marker	2.2 Transitive genitive marker	25_sov_ng_er_b_pa	sov	ng	erg-abs	balancing	poss-acc	ovs	VS	PVA	100	0.79	0	0.0	1.082474353313446	bos_eos
seed_43	2_2_tran_gen_marker	12_2_2_tran_gen_marker	fig:heatmap-12-tran-gen-marker	2.2 Transitive genitive marker	26_sov_ng_er_b_ep	sov	ng	erg-abs	balancing	erg-poss	vos	VS	AVP	100	0.81	0	0.0	1.016810507774353	bos_eos
seed_43	2_2_tran_gen_marker	12_2_2_tran_gen_marker	fig:heatmap-12-tran-gen-marker	2.2 Transitive genitive marker	27_sov_ng_er_b_no	sov	ng	erg-abs	balancing	nomn	ovs	VS	PVA	100	0.81	0	0.0	1.0480998802185058	bos_eos
seed_43	2_2_tran_gen_marker	12_2_2_tran_gen_marker	fig:heatmap-12-tran-gen-marker	2.2 Transitive genitive marker	28_sov_ng_er_d_se	sov	ng	erg-abs	deranking	sent	sov	SV	APV	100	0.83	0	0.0	0.8708248567581177	bos_eos
seed_43	2_2_tran_gen_marker	12_2_2_tran_gen_marker	fig:heatmap-12-tran-gen-marker	2.2 Transitive genitive marker	29_sov_ng_er_d_pa	sov	ng	erg-abs	deranking	poss-acc	ovs	VS	PVA	100	0.82	0	0.0	0.9529157519340515	bos_eos
seed_43	2_2_tran_gen_marker	12_2_2_tran_gen_marker	fig:heatmap-12-tran-gen-marker	2.2 Transitive genitive marker	30_sov_ng_er_d_ep	sov	ng	erg-abs	deranking	erg-poss	vos	VS	AVP	100	0.77	0	0.0	0.9227557945251464	bos_eos
seed_43	2_2_tran_gen_marker	12_2_2_tran_gen_marker	fig:heatmap-12-tran-gen-marker	2.2 Transitive genitive marker	31_sov_ng_er_d_no	sov	ng	erg-abs	deranking	nomn	ovs	VS	PVA	100	0.87	0	0.0	1.0159557628631593	bos_eos
seed_43	2_2_tran_gen_marker	12_2_2_tran_gen_marker	fig:heatmap-12-tran-gen-marker	2.2 Transitive genitive marker	32_svo_gn_ac_b_se	svo	gn	nom-acc	balancing	sent	svo	SV	AVP	100	1.0	0	0.0	1.4175538420677185	bos_eos
seed_43	2_2_tran_gen_marker	12_2_2_tran_gen_marker	fig:heatmap-12-tran-gen-marker	2.2 Transitive genitive marker	33_svo_gn_ac_b_pa	svo	gn	nom-acc	balancing	poss-acc	svo	SV	AVP	100	1.0	0	0.0	1.5171101784706116	bos_eos
seed_43	2_2_tran_gen_marker	12_2_2_tran_gen_marker	fig:heatmap-12-tran-gen-marker	2.2 Transitive genitive marker	34_svo_gn_ac_b_ep	svo	gn	nom-acc	balancing	erg-poss	sov	SV	PVA	100	1.0	0	0.0	1.6390346837043763	bos_eos
seed_43	2_2_tran_gen_marker	12_2_2_tran_gen_marker	fig:heatmap-12-tran-gen-marker	2.2 Transitive genitive marker	35_svo_gn_ac_b_no	svo	gn	nom-acc	balancing	nomn	svo	SV	AVP	100	1.0	0	0.0	1.6538698840141297	bos_eos
seed_43	2_2_tran_gen_marker	12_2_2_tran_gen_marker	fig:heatmap-12-tran-gen-marker	2.2 Transitive genitive marker	36_svo_gn_ac_d_se	svo	gn	nom-acc	deranking	sent	svo	SV	AVP	100	1.0	0	0.0	1.3723682641983033	bos_eos
seed_43	2_2_tran_gen_marker	12_2_2_tran_gen_marker	fig:heatmap-12-tran-gen-marker	2.2 Transitive genitive marker	37_svo_gn_ac_d_pa	svo	gn	nom-acc	deranking	poss-acc	svo	SV	AVP	100	1.0	0	0.0	1.401610324382782	bos_eos
seed_43	2_2_tran_gen_marker	12_2_2_tran_gen_marker	fig:heatmap-12-tran-gen-marker	2.2 Transitive genitive marker	38_svo_gn_ac_d_ep	svo	gn	nom-acc	deranking	erg-poss	sov	SV	PVA	100	1.0	0	0.0	1.616149537563324	bos_eos
seed_43	2_2_tran_gen_marker	12_2_2_tran_gen_marker	fig:heatmap-12-tran-gen-marker	2.2 Transitive genitive marker	39_svo_gn_ac_d_no	svo	gn	nom-acc	deranking	nomn	svo	SV	AVP	100	1.0	0	0.0	1.554377760887146	bos_eos
seed_43	2_2_tran_gen_marker	12_2_2_tran_gen_marker	fig:heatmap-12-tran-gen-marker	2.2 Transitive genitive marker	40_svo_gn_er_b_se	svo	gn	erg-abs	balancing	sent	svo	SV	AVP	100	0.98	0	0.0	1.0988408946990966	bos_eos
seed_43	2_2_tran_gen_marker	12_2_2_tran_gen_marker	fig:heatmap-12-tran-gen-marker	2.2 Transitive genitive marker	41_svo_gn_er_b_pa	svo	gn	erg-abs	balancing	poss-acc	svo	SV	AVP	100	0.97	0	0.0	1.3494029021263123	bos_eos
seed_43	2_2_tran_gen_marker	12_2_2_tran_gen_marker	fig:heatmap-12-tran-gen-marker	2.2 Transitive genitive marker	42_svo_gn_er_b_ep	svo	gn	erg-abs	balancing	erg-poss	sov	SV	PVA	100	0.97	0	0.0	1.3413382411003112	bos_eos
seed_43	2_2_tran_gen_marker	12_2_2_tran_gen_marker	fig:heatmap-12-tran-gen-marker	2.2 Transitive genitive marker	43_svo_gn_er_b_no	svo	gn	erg-abs	balancing	nomn	svo	SV	AVP	100	0.96	0	0.0	1.339868357181549	bos_eos
seed_43	2_2_tran_gen_marker	12_2_2_tran_gen_marker	fig:heatmap-12-tran-gen-marker	2.2 Transitive genitive marker	44_svo_gn_er_d_se	svo	gn	erg-abs	deranking	sent	svo	SV	AVP	100	0.98	0	0.0	1.084989106655121	bos_eos
seed_43	2_2_tran_gen_marker	12_2_2_tran_gen_marker	fig:heatmap-12-tran-gen-marker	2.2 Transitive genitive marker	45_svo_gn_er_d_pa	svo	gn	erg-abs	deranking	poss-acc	svo	SV	AVP	100	0.99	0	0.0	1.2746056175231935	bos_eos
seed_43	2_2_tran_gen_marker	12_2_2_tran_gen_marker	fig:heatmap-12-tran-gen-marker	2.2 Transitive genitive marker	46_svo_gn_er_d_ep	svo	gn	erg-abs	deranking	erg-poss	sov	SV	PVA	100	0.96	0	0.0	1.2848647665977477	bos_eos
seed_43	2_2_tran_gen_marker	12_2_2_tran_gen_marker	fig:heatmap-12-tran-gen-marker	2.2 Transitive genitive marker	47_svo_gn_er_d_no	svo	gn	erg-abs	deranking	nomn	svo	SV	AVP	100	0.94	0	0.0	1.2852735304832459	bos_eos
seed_43	2_2_tran_gen_marker	12_2_2_tran_gen_marker	fig:heatmap-12-tran-gen-marker	2.2 Transitive genitive marker	48_svo_ng_ac_b_se	svo	ng	nom-acc	balancing	sent	svo	SV	AVP	100	0.93	0	0.0	1.498194136619568	bos_eos
seed_43	2_2_tran_gen_marker	12_2_2_tran_gen_marker	fig:heatmap-12-tran-gen-marker	2.2 Transitive genitive marker	49_svo_ng_ac_b_pa	svo	ng	nom-acc	balancing	poss-acc	vos	VS	VPA	100	0.9	0	0.0	1.4389448714256288	bos_eos
seed_43	2_2_tran_gen_marker	12_2_2_tran_gen_marker	fig:heatmap-12-tran-gen-marker	2.2 Transitive genitive marker	50_svo_ng_ac_b_ep	svo	ng	nom-acc	balancing	erg-poss	vos	VS	VPA	100	0.94	0	0.0	1.866488618850708	bos_eos
seed_43	2_2_tran_gen_marker	12_2_2_tran_gen_marker	fig:heatmap-12-tran-gen-marker	2.2 Transitive genitive marker	51_svo_ng_ac_b_no	svo	ng	nom-acc	balancing	nomn	vos	VS	VPA	100	0.96	0	0.0	1.6032907938957215	bos_eos
seed_43	2_2_tran_gen_marker	12_2_2_tran_gen_marker	fig:heatmap-12-tran-gen-marker	2.2 Transitive genitive marker	52_svo_ng_ac_d_se	svo	ng	nom-acc	deranking	sent	svo	SV	AVP	100	0.94	0	0.0	1.4413895750045775	bos_eos
seed_43	2_2_tran_gen_marker	12_2_2_tran_gen_marker	fig:heatmap-12-tran-gen-marker	2.2 Transitive genitive marker	53_svo_ng_ac_d_pa	svo	ng	nom-acc	deranking	poss-acc	vos	VS	VPA	100	0.91	0	0.0	1.4615966129302977	bos_eos
seed_43	2_2_tran_gen_marker	12_2_2_tran_gen_marker	fig:heatmap-12-tran-gen-marker	2.2 Transitive genitive marker	54_svo_ng_ac_d_ep	svo	ng	nom-acc	deranking	erg-poss	vos	VS	VPA	100	0.94	0	0.0	1.6593070340156555	bos_eos
seed_43	2_2_tran_gen_marker	12_2_2_tran_gen_marker	fig:heatmap-12-tran-gen-marker	2.2 Transitive genitive marker	55_svo_ng_ac_d_no	svo	ng	nom-acc	deranking	nomn	vos	VS	VPA	100	0.96	0	0.0	1.6595634984970093	bos_eos
seed_43	2_2_tran_gen_marker	12_2_2_tran_gen_marker	fig:heatmap-12-tran-gen-marker	2.2 Transitive genitive marker	56_svo_ng_er_b_se	svo	ng	erg-abs	balancing	sent	svo	SV	AVP	100	0.95	0	0.0	1.337346501350403	bos_eos
seed_43	2_2_tran_gen_marker	12_2_2_tran_gen_marker	fig:heatmap-12-tran-gen-marker	2.2 Transitive genitive marker	57_svo_ng_er_b_pa	svo	ng	erg-abs	balancing	poss-acc	vos	VS	VPA	100	0.93	0	0.0	1.2051071476936341	bos_eos
seed_43	2_2_tran_gen_marker	12_2_2_tran_gen_marker	fig:heatmap-12-tran-gen-marker	2.2 Transitive genitive marker	58_svo_ng_er_b_ep	svo	ng	erg-abs	balancing	erg-poss	vos	VS	VPA	100	0.92	0	0.0	1.471708767414093	bos_eos
seed_43	2_2_tran_gen_marker	12_2_2_tran_gen_marker	fig:heatmap-12-tran-gen-marker	2.2 Transitive genitive marker	59_svo_ng_er_b_no	svo	ng	erg-abs	balancing	nomn	vos	VS	VPA	100	0.96	0	0.0	1.428696014881134	bos_eos
seed_43	2_2_tran_gen_marker	12_2_2_tran_gen_marker	fig:heatmap-12-tran-gen-marker	2.2 Transitive genitive marker	60_svo_ng_er_d_se	svo	ng	erg-abs	deranking	sent	svo	SV	AVP	100	0.97	0	0.0	1.245210509300232	bos_eos
seed_43	2_2_tran_gen_marker	12_2_2_tran_gen_marker	fig:heatmap-12-tran-gen-marker	2.2 Transitive genitive marker	61_svo_ng_er_d_pa	svo	ng	erg-abs	deranking	poss-acc	vos	VS	VPA	100	0.92	0	0.0	1.2980718660354613	bos_eos
seed_43	2_2_tran_gen_marker	12_2_2_tran_gen_marker	fig:heatmap-12-tran-gen-marker	2.2 Transitive genitive marker	62_svo_ng_er_d_ep	svo	ng	erg-abs	deranking	erg-poss	vos	VS	VPA	100	0.9	0	0.0	1.2165177941322327	bos_eos
seed_43	2_2_tran_gen_marker	12_2_2_tran_gen_marker	fig:heatmap-12-tran-gen-marker	2.2 Transitive genitive marker	63_svo_ng_er_d_no	svo	ng	erg-abs	deranking	nomn	vos	VS	VPA	100	0.91	0	0.0	1.2699279713630676	bos_eos
seed_43	2_2_tran_gen_marker	12_2_2_tran_gen_marker	fig:heatmap-12-tran-gen-marker	2.2 Transitive genitive marker	64_vos_gn_ac_b_se	vos	gn	nom-acc	balancing	sent	vos	VS	VPA	100	0.93	0	0.0	1.0556967926025391	bos_eos
seed_43	2_2_tran_gen_marker	12_2_2_tran_gen_marker	fig:heatmap-12-tran-gen-marker	2.2 Transitive genitive marker	65_vos_gn_ac_b_pa	vos	gn	nom-acc	balancing	poss-acc	svo	SV	AVP	100	0.94	0	0.0	1.0804506874084472	bos_eos
seed_43	2_2_tran_gen_marker	12_2_2_tran_gen_marker	fig:heatmap-12-tran-gen-marker	2.2 Transitive genitive marker	66_vos_gn_ac_b_ep	vos	gn	nom-acc	balancing	erg-poss	sov	SV	PVA	100	0.97	0	0.0	1.1690692758560182	bos_eos
seed_43	2_2_tran_gen_marker	12_2_2_tran_gen_marker	fig:heatmap-12-tran-gen-marker	2.2 Transitive genitive marker	67_vos_gn_ac_b_no	vos	gn	nom-acc	balancing	nomn	svo	SV	AVP	100	0.95	0	0.0	1.1429852747917175	bos_eos
seed_43	2_2_tran_gen_marker	12_2_2_tran_gen_marker	fig:heatmap-12-tran-gen-marker	2.2 Transitive genitive marker	68_vos_gn_ac_d_se	vos	gn	nom-acc	deranking	sent	vos	VS	VPA	100	0.94	0	0.0	1.15555100440979	bos_eos
seed_43	2_2_tran_gen_marker	12_2_2_tran_gen_marker	fig:heatmap-12-tran-gen-marker	2.2 Transitive genitive marker	69_vos_gn_ac_d_pa	vos	gn	nom-acc	deranking	poss-acc	svo	SV	AVP	100	0.97	0	0.0	1.1282904720306397	bos_eos
seed_43	2_2_tran_gen_marker	12_2_2_tran_gen_marker	fig:heatmap-12-tran-gen-marker	2.2 Transitive genitive marker	70_vos_gn_ac_d_ep	vos	gn	nom-acc	deranking	erg-poss	sov	SV	PVA	100	0.93	0	0.0	1.2405247783660889	bos_eos
seed_43	2_2_tran_gen_marker	12_2_2_tran_gen_marker	fig:heatmap-12-tran-gen-marker	2.2 Transitive genitive marker	71_vos_gn_ac_d_no	vos	gn	nom-acc	deranking	nomn	svo	SV	AVP	100	0.93	0	0.0	1.2108157896995544	bos_eos
seed_43	2_2_tran_gen_marker	12_2_2_tran_gen_marker	fig:heatmap-12-tran-gen-marker	2.2 Transitive genitive marker	72_vos_gn_er_b_se	vos	gn	erg-abs	balancing	sent	vos	VS	VPA	100	0.98	0	0.0	1.1171186971664429	bos_eos
seed_43	2_2_tran_gen_marker	12_2_2_tran_gen_marker	fig:heatmap-12-tran-gen-marker	2.2 Transitive genitive marker	73_vos_gn_er_b_pa	vos	gn	erg-abs	balancing	poss-acc	svo	SV	AVP	100	0.97	0	0.0	1.2706196999549866	bos_eos
seed_43	2_2_tran_gen_marker	12_2_2_tran_gen_marker	fig:heatmap-12-tran-gen-marker	2.2 Transitive genitive marker	74_vos_gn_er_b_ep	vos	gn	erg-abs	balancing	erg-poss	sov	SV	PVA	100	0.97	0	0.0	1.2921226119995117	bos_eos
seed_43	2_2_tran_gen_marker	12_2_2_tran_gen_marker	fig:heatmap-12-tran-gen-marker	2.2 Transitive genitive marker	75_vos_gn_er_b_no	vos	gn	erg-abs	balancing	nomn	svo	SV	AVP	100	0.98	0	0.0	1.2459554004669189	bos_eos
seed_43	2_2_tran_gen_marker	12_2_2_tran_gen_marker	fig:heatmap-12-tran-gen-marker	2.2 Transitive genitive marker	76_vos_gn_er_d_se	vos	gn	erg-abs	deranking	sent	vos	VS	VPA	100	0.98	0	0.0	1.2566366600990295	bos_eos
seed_43	2_2_tran_gen_marker	12_2_2_tran_gen_marker	fig:heatmap-12-tran-gen-marker	2.2 Transitive genitive marker	77_vos_gn_er_d_pa	vos	gn	erg-abs	deranking	poss-acc	svo	SV	AVP	100	0.97	0	0.0	1.3170556712150574	bos_eos
seed_43	2_2_tran_gen_marker	12_2_2_tran_gen_marker	fig:heatmap-12-tran-gen-marker	2.2 Transitive genitive marker	78_vos_gn_er_d_ep	vos	gn	erg-abs	deranking	erg-poss	sov	SV	PVA	100	0.98	0	0.0	1.331082570552826	bos_eos
seed_43	2_2_tran_gen_marker	12_2_2_tran_gen_marker	fig:heatmap-12-tran-gen-marker	2.2 Transitive genitive marker	79_vos_gn_er_d_no	vos	gn	erg-abs	deranking	nomn	svo	SV	AVP	100	0.97	0	0.0	1.2863311576843262	bos_eos
seed_43	2_2_tran_gen_marker	12_2_2_tran_gen_marker	fig:heatmap-12-tran-gen-marker	2.2 Transitive genitive marker	80_vos_ng_ac_b_se	vos	ng	nom-acc	balancing	sent	vos	VS	VPA	100	0.83	0	0.0	0.7922160816192627	bos_eos
seed_43	2_2_tran_gen_marker	12_2_2_tran_gen_marker	fig:heatmap-12-tran-gen-marker	2.2 Transitive genitive marker	81_vos_ng_ac_b_pa	vos	ng	nom-acc	balancing	poss-acc	vos	VS	VPA	100	0.87	0	0.0	0.8816289114952087	bos_eos
seed_43	2_2_tran_gen_marker	12_2_2_tran_gen_marker	fig:heatmap-12-tran-gen-marker	2.2 Transitive genitive marker	82_vos_ng_ac_b_ep	vos	ng	nom-acc	balancing	erg-poss	vos	VS	VPA	100	0.86	0	0.0	1.003263099193573	bos_eos
seed_43	2_2_tran_gen_marker	12_2_2_tran_gen_marker	fig:heatmap-12-tran-gen-marker	2.2 Transitive genitive marker	83_vos_ng_ac_b_no	vos	ng	nom-acc	balancing	nomn	vos	VS	VPA	100	0.9	0	0.0	0.9756408715248108	bos_eos
seed_43	2_2_tran_gen_marker	12_2_2_tran_gen_marker	fig:heatmap-12-tran-gen-marker	2.2 Transitive genitive marker	84_vos_ng_ac_d_se	vos	ng	nom-acc	deranking	sent	vos	VS	VPA	100	0.89	0	0.0	0.9869170713424683	bos_eos
seed_43	2_2_tran_gen_marker	12_2_2_tran_gen_marker	fig:heatmap-12-tran-gen-marker	2.2 Transitive genitive marker	85_vos_ng_ac_d_pa	vos	ng	nom-acc	deranking	poss-acc	vos	VS	VPA	100	0.84	0	0.0	0.9467682266235351	bos_eos
seed_43	2_2_tran_gen_marker	12_2_2_tran_gen_marker	fig:heatmap-12-tran-gen-marker	2.2 Transitive genitive marker	86_vos_ng_ac_d_ep	vos	ng	nom-acc	deranking	erg-poss	vos	VS	VPA	100	0.9	0	0.0	1.0985665893554688	bos_eos
seed_43	2_2_tran_gen_marker	12_2_2_tran_gen_marker	fig:heatmap-12-tran-gen-marker	2.2 Transitive genitive marker	87_vos_ng_ac_d_no	vos	ng	nom-acc	deranking	nomn	vos	VS	VPA	100	0.94	0	0.0	1.115046226978302	bos_eos
seed_43	2_2_tran_gen_marker	12_2_2_tran_gen_marker	fig:heatmap-12-tran-gen-marker	2.2 Transitive genitive marker	88_vos_ng_er_b_se	vos	ng	erg-abs	balancing	sent	vos	VS	VPA	100	0.88	0	0.0	0.906096966266632	bos_eos
seed_43	2_2_tran_gen_marker	12_2_2_tran_gen_marker	fig:heatmap-12-tran-gen-marker	2.2 Transitive genitive marker	89_vos_ng_er_b_pa	vos	ng	erg-abs	balancing	poss-acc	vos	VS	VPA	100	0.84	0	0.0	1.0079317617416381	bos_eos
seed_43	2_2_tran_gen_marker	12_2_2_tran_gen_marker	fig:heatmap-12-tran-gen-marker	2.2 Transitive genitive marker	90_vos_ng_er_b_ep	vos	ng	erg-abs	balancing	erg-poss	vos	VS	VPA	100	0.86	0	0.0	1.1620864796638488	bos_eos
seed_43	2_2_tran_gen_marker	12_2_2_tran_gen_marker	fig:heatmap-12-tran-gen-marker	2.2 Transitive genitive marker	91_vos_ng_er_b_no	vos	ng	erg-abs	balancing	nomn	vos	VS	VPA	100	0.87	0	0.0	1.1763860559463502	bos_eos
seed_43	2_2_tran_gen_marker	12_2_2_tran_gen_marker	fig:heatmap-12-tran-gen-marker	2.2 Transitive genitive marker	92_vos_ng_er_d_se	vos	ng	erg-abs	deranking	sent	vos	VS	VPA	100	0.87	0	0.0	1.0151947808265687	bos_eos
seed_43	2_2_tran_gen_marker	12_2_2_tran_gen_marker	fig:heatmap-12-tran-gen-marker	2.2 Transitive genitive marker	93_vos_ng_er_d_pa	vos	ng	erg-abs	deranking	poss-acc	vos	VS	VPA	100	0.87	0	0.0	1.0918573093414308	bos_eos
seed_43	2_2_tran_gen_marker	12_2_2_tran_gen_marker	fig:heatmap-12-tran-gen-marker	2.2 Transitive genitive marker	94_vos_ng_er_d_ep	vos	ng	erg-abs	deranking	erg-poss	vos	VS	VPA	100	0.86	0	0.0	1.199337842464447	bos_eos
seed_43	2_2_tran_gen_marker	12_2_2_tran_gen_marker	fig:heatmap-12-tran-gen-marker	2.2 Transitive genitive marker	95_vos_ng_er_d_no	vos	ng	erg-abs	deranking	nomn	vos	VS	VPA	100	0.86	0	0.0	1.21679146528244	bos_eos
seed_43	2_3_gen_order	13_2_3_gen_order	fig:heatmap-13-gen-order	2.3 Genitive possessor--head order	00_sov_gn_ac_b_se	sov	gn	nom-acc	balancing	sent	sov	SV	APV	100	1.0	0	0.0	3.0136901783943175	bos_eos
seed_43	2_3_gen_order	13_2_3_gen_order	fig:heatmap-13-gen-order	2.3 Genitive possessor--head order	01_sov_gn_ac_b_pa	sov	gn	nom-acc	balancing	poss-acc	sov	SV	APV	100	1.0	0	0.0	3.05341477394104	bos_eos
seed_43	2_3_gen_order	13_2_3_gen_order	fig:heatmap-13-gen-order	2.3 Genitive possessor--head order	02_sov_gn_ac_b_ep	sov	gn	nom-acc	balancing	erg-poss	sov	SV	APV	100	1.0	0	0.0	2.9862890458106994	bos_eos
seed_43	2_3_gen_order	13_2_3_gen_order	fig:heatmap-13-gen-order	2.3 Genitive possessor--head order	03_sov_gn_ac_b_no	sov	gn	nom-acc	balancing	nomn	sov	SV	APV	100	1.0	0	0.0	3.081532447338104	bos_eos
seed_43	2_3_gen_order	13_2_3_gen_order	fig:heatmap-13-gen-order	2.3 Genitive possessor--head order	04_sov_gn_ac_d_se	sov	gn	nom-acc	deranking	sent	sov	SV	APV	100	1.0	0	0.0	3.1945243501663207	bos_eos
seed_43	2_3_gen_order	13_2_3_gen_order	fig:heatmap-13-gen-order	2.3 Genitive possessor--head order	05_sov_gn_ac_d_pa	sov	gn	nom-acc	deranking	poss-acc	sov	SV	APV	100	0.99	0	0.0	3.035411241054535	bos_eos
seed_43	2_3_gen_order	13_2_3_gen_order	fig:heatmap-13-gen-order	2.3 Genitive possessor--head order	06_sov_gn_ac_d_ep	sov	gn	nom-acc	deranking	erg-poss	sov	SV	APV	100	1.0	0	0.0	2.9924528646469115	bos_eos
seed_43	2_3_gen_order	13_2_3_gen_order	fig:heatmap-13-gen-order	2.3 Genitive possessor--head order	07_sov_gn_ac_d_no	sov	gn	nom-acc	deranking	nomn	sov	SV	APV	100	1.0	0	0.0	3.160473132133484	bos_eos
seed_43	2_3_gen_order	13_2_3_gen_order	fig:heatmap-13-gen-order	2.3 Genitive possessor--head order	08_sov_gn_er_b_se	sov	gn	erg-abs	balancing	sent	sov	SV	APV	100	1.0	0	0.0	3.1133435916900636	bos_eos
seed_43	2_3_gen_order	13_2_3_gen_order	fig:heatmap-13-gen-order	2.3 Genitive possessor--head order	09_sov_gn_er_b_pa	sov	gn	erg-abs	balancing	poss-acc	sov	SV	APV	100	1.0	0	0.0	3.082285599708557	bos_eos
seed_43	2_3_gen_order	13_2_3_gen_order	fig:heatmap-13-gen-order	2.3 Genitive possessor--head order	10_sov_gn_er_b_ep	sov	gn	erg-abs	balancing	erg-poss	sov	SV	APV	100	1.0	0	0.0	3.1244986915588377	bos_eos
seed_43	2_3_gen_order	13_2_3_gen_order	fig:heatmap-13-gen-order	2.3 Genitive possessor--head order	11_sov_gn_er_b_no	sov	gn	erg-abs	balancing	nomn	sov	SV	APV	100	1.0	0	0.0	3.2095857071876526	bos_eos
seed_43	2_3_gen_order	13_2_3_gen_order	fig:heatmap-13-gen-order	2.3 Genitive possessor--head order	12_sov_gn_er_d_se	sov	gn	erg-abs	deranking	sent	sov	SV	APV	100	1.0	0	0.0	3.1397964930534363	bos_eos
seed_43	2_3_gen_order	13_2_3_gen_order	fig:heatmap-13-gen-order	2.3 Genitive possessor--head order	13_sov_gn_er_d_pa	sov	gn	erg-abs	deranking	poss-acc	sov	SV	APV	100	1.0	0	0.0	3.0455212426185607	bos_eos
seed_43	2_3_gen_order	13_2_3_gen_order	fig:heatmap-13-gen-order	2.3 Genitive possessor--head order	14_sov_gn_er_d_ep	sov	gn	erg-abs	deranking	erg-poss	sov	SV	APV	100	1.0	0	0.0	3.1046746826171874	bos_eos
seed_43	2_3_gen_order	13_2_3_gen_order	fig:heatmap-13-gen-order	2.3 Genitive possessor--head order	15_sov_gn_er_d_no	sov	gn	erg-abs	deranking	nomn	sov	SV	APV	100	1.0	0	0.0	3.199941163063049	bos_eos
seed_43	2_3_gen_order	13_2_3_gen_order	fig:heatmap-13-gen-order	2.3 Genitive possessor--head order	16_sov_ng_ac_b_se	sov	ng	nom-acc	balancing	sent	sov	SV	APV	100	0.97	0	0.0	2.77137389421463	bos_eos
seed_43	2_3_gen_order	13_2_3_gen_order	fig:heatmap-13-gen-order	2.3 Genitive possessor--head order	17_sov_ng_ac_b_pa	sov	ng	nom-acc	balancing	poss-acc	ovs	VS	PVA	100	0.95	0	0.0	2.859180212020874	bos_eos
seed_43	2_3_gen_order	13_2_3_gen_order	fig:heatmap-13-gen-order	2.3 Genitive possessor--head order	18_sov_ng_ac_b_ep	sov	ng	nom-acc	balancing	erg-poss	vos	VS	AVP	100	0.97	0	0.0	2.805612077713013	bos_eos
seed_43	2_3_gen_order	13_2_3_gen_order	fig:heatmap-13-gen-order	2.3 Genitive possessor--head order	19_sov_ng_ac_b_no	sov	ng	nom-acc	balancing	nomn	ovs	VS	PVA	100	0.95	0	0.0	2.8434316682815552	bos_eos
seed_43	2_3_gen_order	13_2_3_gen_order	fig:heatmap-13-gen-order	2.3 Genitive possessor--head order	20_sov_ng_ac_d_se	sov	ng	nom-acc	deranking	sent	sov	SV	APV	100	0.95	0	0.0	3.0503962993621827	bos_eos
seed_43	2_3_gen_order	13_2_3_gen_order	fig:heatmap-13-gen-order	2.3 Genitive possessor--head order	21_sov_ng_ac_d_pa	sov	ng	nom-acc	deranking	poss-acc	ovs	VS	PVA	100	0.93	0	0.0	2.7282413911819456	bos_eos
seed_43	2_3_gen_order	13_2_3_gen_order	fig:heatmap-13-gen-order	2.3 Genitive possessor--head order	22_sov_ng_ac_d_ep	sov	ng	nom-acc	deranking	erg-poss	vos	VS	AVP	100	0.98	0	0.0	3.047813427448273	bos_eos
seed_43	2_3_gen_order	13_2_3_gen_order	fig:heatmap-13-gen-order	2.3 Genitive possessor--head order	23_sov_ng_ac_d_no	sov	ng	nom-acc	deranking	nomn	ovs	VS	PVA	100	0.96	0	0.0	2.9154766368865968	bos_eos
seed_43	2_3_gen_order	13_2_3_gen_order	fig:heatmap-13-gen-order	2.3 Genitive possessor--head order	24_sov_ng_er_b_se	sov	ng	erg-abs	balancing	sent	sov	SV	APV	100	0.89	0	0.0	2.7665086364746094	bos_eos
seed_43	2_3_gen_order	13_2_3_gen_order	fig:heatmap-13-gen-order	2.3 Genitive possessor--head order	25_sov_ng_er_b_pa	sov	ng	erg-abs	balancing	poss-acc	ovs	VS	PVA	100	0.92	0	0.0	2.8683446884155273	bos_eos
seed_43	2_3_gen_order	13_2_3_gen_order	fig:heatmap-13-gen-order	2.3 Genitive possessor--head order	26_sov_ng_er_b_ep	sov	ng	erg-abs	balancing	erg-poss	vos	VS	AVP	100	0.88	0	0.0	2.74346688747406	bos_eos
seed_43	2_3_gen_order	13_2_3_gen_order	fig:heatmap-13-gen-order	2.3 Genitive possessor--head order	27_sov_ng_er_b_no	sov	ng	erg-abs	balancing	nomn	ovs	VS	PVA	100	0.9	0	0.0	2.8936227917671205	bos_eos
seed_43	2_3_gen_order	13_2_3_gen_order	fig:heatmap-13-gen-order	2.3 Genitive possessor--head order	28_sov_ng_er_d_se	sov	ng	erg-abs	deranking	sent	sov	SV	APV	100	0.9	0	0.0	2.9109071922302245	bos_eos
seed_43	2_3_gen_order	13_2_3_gen_order	fig:heatmap-13-gen-order	2.3 Genitive possessor--head order	29_sov_ng_er_d_pa	sov	ng	erg-abs	deranking	poss-acc	ovs	VS	PVA	100	0.9	0	0.0	2.6797827649116517	bos_eos
seed_43	2_3_gen_order	13_2_3_gen_order	fig:heatmap-13-gen-order	2.3 Genitive possessor--head order	30_sov_ng_er_d_ep	sov	ng	erg-abs	deranking	erg-poss	vos	VS	AVP	100	0.88	0	0.0	2.834250111579895	bos_eos
seed_43	2_3_gen_order	13_2_3_gen_order	fig:heatmap-13-gen-order	2.3 Genitive possessor--head order	31_sov_ng_er_d_no	sov	ng	erg-abs	deranking	nomn	ovs	VS	PVA	100	0.88	0	0.0	2.8613749837875364	bos_eos
seed_43	2_3_gen_order	13_2_3_gen_order	fig:heatmap-13-gen-order	2.3 Genitive possessor--head order	32_svo_gn_ac_b_se	svo	gn	nom-acc	balancing	sent	svo	SV	AVP	100	1.0	0	0.0	4.135678222179413	bos_eos
seed_43	2_3_gen_order	13_2_3_gen_order	fig:heatmap-13-gen-order	2.3 Genitive possessor--head order	33_svo_gn_ac_b_pa	svo	gn	nom-acc	balancing	poss-acc	svo	SV	AVP	100	1.0	0	0.0	4.029735696315766	bos_eos
seed_43	2_3_gen_order	13_2_3_gen_order	fig:heatmap-13-gen-order	2.3 Genitive possessor--head order	34_svo_gn_ac_b_ep	svo	gn	nom-acc	balancing	erg-poss	sov	SV	PVA	100	1.0	0	0.0	3.98001469373703	bos_eos
seed_43	2_3_gen_order	13_2_3_gen_order	fig:heatmap-13-gen-order	2.3 Genitive possessor--head order	35_svo_gn_ac_b_no	svo	gn	nom-acc	balancing	nomn	svo	SV	AVP	100	1.0	0	0.0	4.017319645881653	bos_eos
seed_43	2_3_gen_order	13_2_3_gen_order	fig:heatmap-13-gen-order	2.3 Genitive possessor--head order	36_svo_gn_ac_d_se	svo	gn	nom-acc	deranking	sent	svo	SV	AVP	100	1.0	0	0.0	3.8868724489212036	bos_eos
seed_43	2_3_gen_order	13_2_3_gen_order	fig:heatmap-13-gen-order	2.3 Genitive possessor--head order	37_svo_gn_ac_d_pa	svo	gn	nom-acc	deranking	poss-acc	svo	SV	AVP	100	1.0	0	0.0	3.9820076417922974	bos_eos
seed_43	2_3_gen_order	13_2_3_gen_order	fig:heatmap-13-gen-order	2.3 Genitive possessor--head order	38_svo_gn_ac_d_ep	svo	gn	nom-acc	deranking	erg-poss	sov	SV	PVA	100	1.0	0	0.0	4.138492712974548	bos_eos
seed_43	2_3_gen_order	13_2_3_gen_order	fig:heatmap-13-gen-order	2.3 Genitive possessor--head order	39_svo_gn_ac_d_no	svo	gn	nom-acc	deranking	nomn	svo	SV	AVP	100	1.0	0	0.0	4.106883974075317	bos_eos
seed_43	2_3_gen_order	13_2_3_gen_order	fig:heatmap-13-gen-order	2.3 Genitive possessor--head order	40_svo_gn_er_b_se	svo	gn	erg-abs	balancing	sent	svo	SV	AVP	100	1.0	0	0.0	3.8671559643745423	bos_eos
seed_43	2_3_gen_order	13_2_3_gen_order	fig:heatmap-13-gen-order	2.3 Genitive possessor--head order	41_svo_gn_er_b_pa	svo	gn	erg-abs	balancing	poss-acc	svo	SV	AVP	100	1.0	0	0.0	3.982936508655548	bos_eos
seed_43	2_3_gen_order	13_2_3_gen_order	fig:heatmap-13-gen-order	2.3 Genitive possessor--head order	42_svo_gn_er_b_ep	svo	gn	erg-abs	balancing	erg-poss	sov	SV	PVA	100	1.0	0	0.0	3.9604056119918822	bos_eos
seed_43	2_3_gen_order	13_2_3_gen_order	fig:heatmap-13-gen-order	2.3 Genitive possessor--head order	43_svo_gn_er_b_no	svo	gn	erg-abs	balancing	nomn	svo	SV	AVP	100	1.0	0	0.0	3.768523690700531	bos_eos
seed_43	2_3_gen_order	13_2_3_gen_order	fig:heatmap-13-gen-order	2.3 Genitive possessor--head order	44_svo_gn_er_d_se	svo	gn	erg-abs	deranking	sent	svo	SV	AVP	100	1.0	0	0.0	3.6881090235710143	bos_eos
seed_43	2_3_gen_order	13_2_3_gen_order	fig:heatmap-13-gen-order	2.3 Genitive possessor--head order	45_svo_gn_er_d_pa	svo	gn	erg-abs	deranking	poss-acc	svo	SV	AVP	100	0.99	0	0.0	3.7317489838600157	bos_eos
seed_43	2_3_gen_order	13_2_3_gen_order	fig:heatmap-13-gen-order	2.3 Genitive possessor--head order	46_svo_gn_er_d_ep	svo	gn	erg-abs	deranking	erg-poss	sov	SV	PVA	100	1.0	0	0.0	3.606901183128357	bos_eos
seed_43	2_3_gen_order	13_2_3_gen_order	fig:heatmap-13-gen-order	2.3 Genitive possessor--head order	47_svo_gn_er_d_no	svo	gn	erg-abs	deranking	nomn	svo	SV	AVP	100	1.0	0	0.0	3.7531273698806764	bos_eos
seed_43	2_3_gen_order	13_2_3_gen_order	fig:heatmap-13-gen-order	2.3 Genitive possessor--head order	48_svo_ng_ac_b_se	svo	ng	nom-acc	balancing	sent	svo	SV	AVP	100	1.0	0	0.0	3.809567937850952	bos_eos
seed_43	2_3_gen_order	13_2_3_gen_order	fig:heatmap-13-gen-order	2.3 Genitive possessor--head order	49_svo_ng_ac_b_pa	svo	ng	nom-acc	balancing	poss-acc	vos	VS	VPA	100	1.0	0	0.0	3.9099967956542967	bos_eos
seed_43	2_3_gen_order	13_2_3_gen_order	fig:heatmap-13-gen-order	2.3 Genitive possessor--head order	50_svo_ng_ac_b_ep	svo	ng	nom-acc	balancing	erg-poss	vos	VS	VPA	100	1.0	0	0.0	3.9581157064437864	bos_eos
seed_43	2_3_gen_order	13_2_3_gen_order	fig:heatmap-13-gen-order	2.3 Genitive possessor--head order	51_svo_ng_ac_b_no	svo	ng	nom-acc	balancing	nomn	vos	VS	VPA	100	1.0	0	0.0	3.8962219834327696	bos_eos
seed_43	2_3_gen_order	13_2_3_gen_order	fig:heatmap-13-gen-order	2.3 Genitive possessor--head order	52_svo_ng_ac_d_se	svo	ng	nom-acc	deranking	sent	svo	SV	AVP	100	1.0	0	0.0	3.823935816287994	bos_eos
seed_43	2_3_gen_order	13_2_3_gen_order	fig:heatmap-13-gen-order	2.3 Genitive possessor--head order	53_svo_ng_ac_d_pa	svo	ng	nom-acc	deranking	poss-acc	vos	VS	VPA	100	1.0	0	0.0	3.8619570398330687	bos_eos
seed_43	2_3_gen_order	13_2_3_gen_order	fig:heatmap-13-gen-order	2.3 Genitive possessor--head order	54_svo_ng_ac_d_ep	svo	ng	nom-acc	deranking	erg-poss	vos	VS	VPA	100	1.0	0	0.0	3.7155737018585206	bos_eos
seed_43	2_3_gen_order	13_2_3_gen_order	fig:heatmap-13-gen-order	2.3 Genitive possessor--head order	55_svo_ng_ac_d_no	svo	ng	nom-acc	deranking	nomn	vos	VS	VPA	100	1.0	0	0.0	3.8758097076416016	bos_eos
seed_43	2_3_gen_order	13_2_3_gen_order	fig:heatmap-13-gen-order	2.3 Genitive possessor--head order	56_svo_ng_er_b_se	svo	ng	erg-abs	balancing	sent	svo	SV	AVP	100	0.99	0	0.0	3.528670697212219	bos_eos
seed_43	2_3_gen_order	13_2_3_gen_order	fig:heatmap-13-gen-order	2.3 Genitive possessor--head order	57_svo_ng_er_b_pa	svo	ng	erg-abs	balancing	poss-acc	vos	VS	VPA	100	1.0	0	0.0	3.4266597485542296	bos_eos
seed_43	2_3_gen_order	13_2_3_gen_order	fig:heatmap-13-gen-order	2.3 Genitive possessor--head order	58_svo_ng_er_b_ep	svo	ng	erg-abs	balancing	erg-poss	vos	VS	VPA	100	1.0	0	0.0	3.4768616199493407	bos_eos
seed_43	2_3_gen_order	13_2_3_gen_order	fig:heatmap-13-gen-order	2.3 Genitive possessor--head order	59_svo_ng_er_b_no	svo	ng	erg-abs	balancing	nomn	vos	VS	VPA	100	1.0	0	0.0	3.4580678296089173	bos_eos
seed_43	2_3_gen_order	13_2_3_gen_order	fig:heatmap-13-gen-order	2.3 Genitive possessor--head order	60_svo_ng_er_d_se	svo	ng	erg-abs	deranking	sent	svo	SV	AVP	100	1.0	0	0.0	3.2936476707458495	bos_eos
seed_43	2_3_gen_order	13_2_3_gen_order	fig:heatmap-13-gen-order	2.3 Genitive possessor--head order	61_svo_ng_er_d_pa	svo	ng	erg-abs	deranking	poss-acc	vos	VS	VPA	100	1.0	0	0.0	3.4288399243354797	bos_eos
seed_43	2_3_gen_order	13_2_3_gen_order	fig:heatmap-13-gen-order	2.3 Genitive possessor--head order	62_svo_ng_er_d_ep	svo	ng	erg-abs	deranking	erg-poss	vos	VS	VPA	100	1.0	0	0.0	3.071481018066406	bos_eos
seed_43	2_3_gen_order	13_2_3_gen_order	fig:heatmap-13-gen-order	2.3 Genitive possessor--head order	63_svo_ng_er_d_no	svo	ng	erg-abs	deranking	nomn	vos	VS	VPA	100	1.0	0	0.0	3.4983132600784304	bos_eos
seed_43	2_3_gen_order	13_2_3_gen_order	fig:heatmap-13-gen-order	2.3 Genitive possessor--head order	64_vos_gn_ac_b_se	vos	gn	nom-acc	balancing	sent	vos	VS	VPA	100	0.93	0	0.0	1.2718499875068665	bos_eos
seed_43	2_3_gen_order	13_2_3_gen_order	fig:heatmap-13-gen-order	2.3 Genitive possessor--head order	65_vos_gn_ac_b_pa	vos	gn	nom-acc	balancing	poss-acc	svo	SV	AVP	100	0.93	0	0.0	1.3385426139831542	bos_eos
seed_43	2_3_gen_order	13_2_3_gen_order	fig:heatmap-13-gen-order	2.3 Genitive possessor--head order	66_vos_gn_ac_b_ep	vos	gn	nom-acc	balancing	erg-poss	sov	SV	PVA	100	0.93	0	0.0	1.3065932536125182	bos_eos
seed_43	2_3_gen_order	13_2_3_gen_order	fig:heatmap-13-gen-order	2.3 Genitive possessor--head order	67_vos_gn_ac_b_no	vos	gn	nom-acc	balancing	nomn	svo	SV	AVP	100	0.92	0	0.0	1.3552825474739074	bos_eos
seed_43	2_3_gen_order	13_2_3_gen_order	fig:heatmap-13-gen-order	2.3 Genitive possessor--head order	68_vos_gn_ac_d_se	vos	gn	nom-acc	deranking	sent	vos	VS	VPA	100	0.94	0	0.0	1.3937642288208008	bos_eos
seed_43	2_3_gen_order	13_2_3_gen_order	fig:heatmap-13-gen-order	2.3 Genitive possessor--head order	69_vos_gn_ac_d_pa	vos	gn	nom-acc	deranking	poss-acc	svo	SV	AVP	100	0.94	0	0.0	1.3060380268096923	bos_eos
seed_43	2_3_gen_order	13_2_3_gen_order	fig:heatmap-13-gen-order	2.3 Genitive possessor--head order	70_vos_gn_ac_d_ep	vos	gn	nom-acc	deranking	erg-poss	sov	SV	PVA	100	0.92	0	0.0	1.3620171570777893	bos_eos
seed_43	2_3_gen_order	13_2_3_gen_order	fig:heatmap-13-gen-order	2.3 Genitive possessor--head order	71_vos_gn_ac_d_no	vos	gn	nom-acc	deranking	nomn	svo	SV	AVP	100	0.95	0	0.0	1.4511205267906189	bos_eos
seed_43	2_3_gen_order	13_2_3_gen_order	fig:heatmap-13-gen-order	2.3 Genitive possessor--head order	72_vos_gn_er_b_se	vos	gn	erg-abs	balancing	sent	vos	VS	VPA	100	0.95	0	0.0	1.238574492931366	bos_eos
seed_43	2_3_gen_order	13_2_3_gen_order	fig:heatmap-13-gen-order	2.3 Genitive possessor--head order	73_vos_gn_er_b_pa	vos	gn	erg-abs	balancing	poss-acc	svo	SV	AVP	100	0.95	0	0.0	1.3240631127357483	bos_eos
seed_43	2_3_gen_order	13_2_3_gen_order	fig:heatmap-13-gen-order	2.3 Genitive possessor--head order	74_vos_gn_er_b_ep	vos	gn	erg-abs	balancing	erg-poss	sov	SV	PVA	100	0.94	0	0.0	1.2469376397132874	bos_eos
seed_43	2_3_gen_order	13_2_3_gen_order	fig:heatmap-13-gen-order	2.3 Genitive possessor--head order	75_vos_gn_er_b_no	vos	gn	erg-abs	balancing	nomn	svo	SV	AVP	100	0.96	0	0.0	1.3040892553329468	bos_eos
seed_43	2_3_gen_order	13_2_3_gen_order	fig:heatmap-13-gen-order	2.3 Genitive possessor--head order	76_vos_gn_er_d_se	vos	gn	erg-abs	deranking	sent	vos	VS	VPA	100	0.95	0	0.0	1.384393844604492	bos_eos
seed_43	2_3_gen_order	13_2_3_gen_order	fig:heatmap-13-gen-order	2.3 Genitive possessor--head order	77_vos_gn_er_d_pa	vos	gn	erg-abs	deranking	poss-acc	svo	SV	AVP	100	0.96	0	0.0	1.3680999350547791	bos_eos
seed_43	2_3_gen_order	13_2_3_gen_order	fig:heatmap-13-gen-order	2.3 Genitive possessor--head order	78_vos_gn_er_d_ep	vos	gn	erg-abs	deranking	erg-poss	sov	SV	PVA	100	0.96	0	0.0	1.4930798292160035	bos_eos
seed_43	2_3_gen_order	13_2_3_gen_order	fig:heatmap-13-gen-order	2.3 Genitive possessor--head order	79_vos_gn_er_d_no	vos	gn	erg-abs	deranking	nomn	svo	SV	AVP	100	0.94	0	0.0	1.300404486656189	bos_eos
seed_43	2_3_gen_order	13_2_3_gen_order	fig:heatmap-13-gen-order	2.3 Genitive possessor--head order	80_vos_ng_ac_b_se	vos	ng	nom-acc	balancing	sent	vos	VS	VPA	100	0.68	0	0.0	0.5161677193641663	bos_eos
seed_43	2_3_gen_order	13_2_3_gen_order	fig:heatmap-13-gen-order	2.3 Genitive possessor--head order	81_vos_ng_ac_b_pa	vos	ng	nom-acc	balancing	poss-acc	vos	VS	VPA	100	0.77	0	0.0	0.6148089241981506	bos_eos
seed_43	2_3_gen_order	13_2_3_gen_order	fig:heatmap-13-gen-order	2.3 Genitive possessor--head order	82_vos_ng_ac_b_ep	vos	ng	nom-acc	balancing	erg-poss	vos	VS	VPA	100	0.77	0	0.0	0.7233001065254211	bos_eos
seed_43	2_3_gen_order	13_2_3_gen_order	fig:heatmap-13-gen-order	2.3 Genitive possessor--head order	83_vos_ng_ac_b_no	vos	ng	nom-acc	balancing	nomn	vos	VS	VPA	100	0.77	0	0.0	0.5714866852760315	bos_eos
seed_43	2_3_gen_order	13_2_3_gen_order	fig:heatmap-13-gen-order	2.3 Genitive possessor--head order	84_vos_ng_ac_d_se	vos	ng	nom-acc	deranking	sent	vos	VS	VPA	100	0.8	0	0.0	0.7421402502059936	bos_eos
seed_43	2_3_gen_order	13_2_3_gen_order	fig:heatmap-13-gen-order	2.3 Genitive possessor--head order	85_vos_ng_ac_d_pa	vos	ng	nom-acc	deranking	poss-acc	vos	VS	VPA	100	0.74	0	0.0	0.5246267056465149	bos_eos
seed_43	2_3_gen_order	13_2_3_gen_order	fig:heatmap-13-gen-order	2.3 Genitive possessor--head order	86_vos_ng_ac_d_ep	vos	ng	nom-acc	deranking	erg-poss	vos	VS	VPA	100	0.86	0	0.0	0.701832046508789	bos_eos
seed_43	2_3_gen_order	13_2_3_gen_order	fig:heatmap-13-gen-order	2.3 Genitive possessor--head order	87_vos_ng_ac_d_no	vos	ng	nom-acc	deranking	nomn	vos	VS	VPA	100	0.81	0	0.0	0.7518496227264404	bos_eos
seed_43	2_3_gen_order	13_2_3_gen_order	fig:heatmap-13-gen-order	2.3 Genitive possessor--head order	88_vos_ng_er_b_se	vos	ng	erg-abs	balancing	sent	vos	VS	VPA	100	0.86	0	0.0	1.4638386178016662	bos_eos
seed_43	2_3_gen_order	13_2_3_gen_order	fig:heatmap-13-gen-order	2.3 Genitive possessor--head order	89_vos_ng_er_b_pa	vos	ng	erg-abs	balancing	poss-acc	vos	VS	VPA	100	0.88	0	0.0	1.5374100518226623	bos_eos
seed_43	2_3_gen_order	13_2_3_gen_order	fig:heatmap-13-gen-order	2.3 Genitive possessor--head order	90_vos_ng_er_b_ep	vos	ng	erg-abs	balancing	erg-poss	vos	VS	VPA	100	0.92	0	0.0	1.5032211780548095	bos_eos
seed_43	2_3_gen_order	13_2_3_gen_order	fig:heatmap-13-gen-order	2.3 Genitive possessor--head order	91_vos_ng_er_b_no	vos	ng	erg-abs	balancing	nomn	vos	VS	VPA	100	0.87	0	0.0	1.4682410097122192	bos_eos
seed_43	2_3_gen_order	13_2_3_gen_order	fig:heatmap-13-gen-order	2.3 Genitive possessor--head order	92_vos_ng_er_d_se	vos	ng	erg-abs	deranking	sent	vos	VS	VPA	100	0.91	0	0.0	1.471944477558136	bos_eos
seed_43	2_3_gen_order	13_2_3_gen_order	fig:heatmap-13-gen-order	2.3 Genitive possessor--head order	93_vos_ng_er_d_pa	vos	ng	erg-abs	deranking	poss-acc	vos	VS	VPA	100	0.88	0	0.0	1.3464736700057984	bos_eos
seed_43	2_3_gen_order	13_2_3_gen_order	fig:heatmap-13-gen-order	2.3 Genitive possessor--head order	94_vos_ng_er_d_ep	vos	ng	erg-abs	deranking	erg-poss	vos	VS	VPA	100	0.87	0	0.0	1.6218822503089905	bos_eos
seed_43	2_3_gen_order	13_2_3_gen_order	fig:heatmap-13-gen-order	2.3 Genitive possessor--head order	95_vos_ng_er_d_no	vos	ng	erg-abs	deranking	nomn	vos	VS	VPA	100	0.88	0	0.0	1.6284557271003723	bos_eos
seed_43	3_1_clausal_V_form	14_3_1_clausal_V_form	fig:heatmap-14-clausal-v-form	3.1 Clausal complement verb form	00_sov_gn_ac_b_se	sov	gn	nom-acc	balancing	sent	sov	SV	APV	100	0.99	0	0.0	1.7993072414398192	bos_eos
seed_43	3_1_clausal_V_form	14_3_1_clausal_V_form	fig:heatmap-14-clausal-v-form	3.1 Clausal complement verb form	01_sov_gn_ac_b_pa	sov	gn	nom-acc	balancing	poss-acc	sov	SV	APV	100	0.99	0	0.0	1.875372474193573	bos_eos
seed_43	3_1_clausal_V_form	14_3_1_clausal_V_form	fig:heatmap-14-clausal-v-form	3.1 Clausal complement verb form	02_sov_gn_ac_b_ep	sov	gn	nom-acc	balancing	erg-poss	sov	SV	APV	100	0.99	0	0.0	1.9501223015785216	bos_eos
seed_43	3_1_clausal_V_form	14_3_1_clausal_V_form	fig:heatmap-14-clausal-v-form	3.1 Clausal complement verb form	03_sov_gn_ac_b_no	sov	gn	nom-acc	balancing	nomn	sov	SV	APV	100	0.99	0	0.0	1.9460238814353943	bos_eos
seed_43	3_1_clausal_V_form	14_3_1_clausal_V_form	fig:heatmap-14-clausal-v-form	3.1 Clausal complement verb form	04_sov_gn_ac_d_se	sov	gn	nom-acc	deranking	sent	sov	SV	APV	100	1.0	0	0.0	2.2949744153022764	bos_eos
seed_43	3_1_clausal_V_form	14_3_1_clausal_V_form	fig:heatmap-14-clausal-v-form	3.1 Clausal complement verb form	05_sov_gn_ac_d_pa	sov	gn	nom-acc	deranking	poss-acc	sov	SV	APV	100	1.0	0	0.0	2.1394740962982177	bos_eos
seed_43	3_1_clausal_V_form	14_3_1_clausal_V_form	fig:heatmap-14-clausal-v-form	3.1 Clausal complement verb form	06_sov_gn_ac_d_ep	sov	gn	nom-acc	deranking	erg-poss	sov	SV	APV	100	0.99	0	0.0	2.2775582575798037	bos_eos
seed_43	3_1_clausal_V_form	14_3_1_clausal_V_form	fig:heatmap-14-clausal-v-form	3.1 Clausal complement verb form	07_sov_gn_ac_d_no	sov	gn	nom-acc	deranking	nomn	sov	SV	APV	100	1.0	0	0.0	2.5211695718765257	bos_eos
seed_43	3_1_clausal_V_form	14_3_1_clausal_V_form	fig:heatmap-14-clausal-v-form	3.1 Clausal complement verb form	08_sov_gn_er_b_se	sov	gn	erg-abs	balancing	sent	sov	SV	APV	100	0.94	0	0.0	0.9027347683906555	bos_eos
seed_43	3_1_clausal_V_form	14_3_1_clausal_V_form	fig:heatmap-14-clausal-v-form	3.1 Clausal complement verb form	09_sov_gn_er_b_pa	sov	gn	erg-abs	balancing	poss-acc	sov	SV	APV	100	0.97	0	0.0	1.0082262134552002	bos_eos
seed_43	3_1_clausal_V_form	14_3_1_clausal_V_form	fig:heatmap-14-clausal-v-form	3.1 Clausal complement verb form	10_sov_gn_er_b_ep	sov	gn	erg-abs	balancing	erg-poss	sov	SV	APV	100	0.98	0	0.0	1.2413563680648805	bos_eos
seed_43	3_1_clausal_V_form	14_3_1_clausal_V_form	fig:heatmap-14-clausal-v-form	3.1 Clausal complement verb form	11_sov_gn_er_b_no	sov	gn	erg-abs	balancing	nomn	sov	SV	APV	100	0.97	0	0.0	1.235630235671997	bos_eos
seed_43	3_1_clausal_V_form	14_3_1_clausal_V_form	fig:heatmap-14-clausal-v-form	3.1 Clausal complement verb form	12_sov_gn_er_d_se	sov	gn	erg-abs	deranking	sent	sov	SV	APV	100	1.0	0	0.0	1.6461162853240967	bos_eos
seed_43	3_1_clausal_V_form	14_3_1_clausal_V_form	fig:heatmap-14-clausal-v-form	3.1 Clausal complement verb form	13_sov_gn_er_d_pa	sov	gn	erg-abs	deranking	poss-acc	sov	SV	APV	100	1.0	0	0.0	1.6075712084770202	bos_eos
seed_43	3_1_clausal_V_form	14_3_1_clausal_V_form	fig:heatmap-14-clausal-v-form	3.1 Clausal complement verb form	14_sov_gn_er_d_ep	sov	gn	erg-abs	deranking	erg-poss	sov	SV	APV	100	1.0	0	0.0	1.597593287229538	bos_eos
seed_43	3_1_clausal_V_form	14_3_1_clausal_V_form	fig:heatmap-14-clausal-v-form	3.1 Clausal complement verb form	15_sov_gn_er_d_no	sov	gn	erg-abs	deranking	nomn	sov	SV	APV	100	1.0	0	0.0	1.704952323436737	bos_eos
seed_43	3_1_clausal_V_form	14_3_1_clausal_V_form	fig:heatmap-14-clausal-v-form	3.1 Clausal complement verb form	16_sov_ng_ac_b_se	sov	ng	nom-acc	balancing	sent	sov	SV	APV	100	0.99	0	0.0	1.7264121079444885	bos_eos
seed_43	3_1_clausal_V_form	14_3_1_clausal_V_form	fig:heatmap-14-clausal-v-form	3.1 Clausal complement verb form	17_sov_ng_ac_b_pa	sov	ng	nom-acc	balancing	poss-acc	ovs	VS	PVA	100	0.99	0	0.0	1.8837258100509644	bos_eos
seed_43	3_1_clausal_V_form	14_3_1_clausal_V_form	fig:heatmap-14-clausal-v-form	3.1 Clausal complement verb form	18_sov_ng_ac_b_ep	sov	ng	nom-acc	balancing	erg-poss	vos	VS	AVP	100	0.99	0	0.0	1.8890046334266664	bos_eos
seed_43	3_1_clausal_V_form	14_3_1_clausal_V_form	fig:heatmap-14-clausal-v-form	3.1 Clausal complement verb form	19_sov_ng_ac_b_no	sov	ng	nom-acc	balancing	nomn	ovs	VS	PVA	100	0.99	0	0.0	1.8583859300613403	bos_eos
seed_43	3_1_clausal_V_form	14_3_1_clausal_V_form	fig:heatmap-14-clausal-v-form	3.1 Clausal complement verb form	20_sov_ng_ac_d_se	sov	ng	nom-acc	deranking	sent	sov	SV	APV	100	1.0	0	0.0	2.321780722141266	bos_eos
seed_43	3_1_clausal_V_form	14_3_1_clausal_V_form	fig:heatmap-14-clausal-v-form	3.1 Clausal complement verb form	21_sov_ng_ac_d_pa	sov	ng	nom-acc	deranking	poss-acc	ovs	VS	PVA	100	0.99	0	0.0	2.1634964084625246	bos_eos
seed_43	3_1_clausal_V_form	14_3_1_clausal_V_form	fig:heatmap-14-clausal-v-form	3.1 Clausal complement verb form	22_sov_ng_ac_d_ep	sov	ng	nom-acc	deranking	erg-poss	vos	VS	AVP	100	0.99	0	0.0	2.0689560699462892	bos_eos
seed_43	3_1_clausal_V_form	14_3_1_clausal_V_form	fig:heatmap-14-clausal-v-form	3.1 Clausal complement verb form	23_sov_ng_ac_d_no	sov	ng	nom-acc	deranking	nomn	ovs	VS	PVA	100	0.99	0	0.0	2.198722951412201	bos_eos
seed_43	3_1_clausal_V_form	14_3_1_clausal_V_form	fig:heatmap-14-clausal-v-form	3.1 Clausal complement verb form	24_sov_ng_er_b_se	sov	ng	erg-abs	balancing	sent	sov	SV	APV	100	0.93	0	0.0	0.9024410700798035	bos_eos
seed_43	3_1_clausal_V_form	14_3_1_clausal_V_form	fig:heatmap-14-clausal-v-form	3.1 Clausal complement verb form	25_sov_ng_er_b_pa	sov	ng	erg-abs	balancing	poss-acc	ovs	VS	PVA	100	0.96	0	0.0	1.0784293031692505	bos_eos
seed_43	3_1_clausal_V_form	14_3_1_clausal_V_form	fig:heatmap-14-clausal-v-form	3.1 Clausal complement verb form	26_sov_ng_er_b_ep	sov	ng	erg-abs	balancing	erg-poss	vos	VS	AVP	100	0.98	0	0.0	1.1535080456733704	bos_eos
seed_43	3_1_clausal_V_form	14_3_1_clausal_V_form	fig:heatmap-14-clausal-v-form	3.1 Clausal complement verb form	27_sov_ng_er_b_no	sov	ng	erg-abs	balancing	nomn	ovs	VS	PVA	100	0.98	0	0.0	1.2060086441040039	bos_eos
seed_43	3_1_clausal_V_form	14_3_1_clausal_V_form	fig:heatmap-14-clausal-v-form	3.1 Clausal complement verb form	28_sov_ng_er_d_se	sov	ng	erg-abs	deranking	sent	sov	SV	APV	100	1.0	0	0.0	1.7684721446037293	bos_eos
seed_43	3_1_clausal_V_form	14_3_1_clausal_V_form	fig:heatmap-14-clausal-v-form	3.1 Clausal complement verb form	29_sov_ng_er_d_pa	sov	ng	erg-abs	deranking	poss-acc	ovs	VS	PVA	100	1.0	0	0.0	1.482396136522293	bos_eos
seed_43	3_1_clausal_V_form	14_3_1_clausal_V_form	fig:heatmap-14-clausal-v-form	3.1 Clausal complement verb form	30_sov_ng_er_d_ep	sov	ng	erg-abs	deranking	erg-poss	vos	VS	AVP	100	1.0	0	0.0	1.5902556228637694	bos_eos
seed_43	3_1_clausal_V_form	14_3_1_clausal_V_form	fig:heatmap-14-clausal-v-form	3.1 Clausal complement verb form	31_sov_ng_er_d_no	sov	ng	erg-abs	deranking	nomn	ovs	VS	PVA	100	1.0	0	0.0	1.6337908363342286	bos_eos
seed_43	3_1_clausal_V_form	14_3_1_clausal_V_form	fig:heatmap-14-clausal-v-form	3.1 Clausal complement verb form	32_svo_gn_ac_b_se	svo	gn	nom-acc	balancing	sent	svo	SV	AVP	100	1.0	0	0.0	2.2137888288497924	bos_eos
seed_43	3_1_clausal_V_form	14_3_1_clausal_V_form	fig:heatmap-14-clausal-v-form	3.1 Clausal complement verb form	33_svo_gn_ac_b_pa	svo	gn	nom-acc	balancing	poss-acc	svo	SV	AVP	100	1.0	0	0.0	2.3550821924209595	bos_eos
seed_43	3_1_clausal_V_form	14_3_1_clausal_V_form	fig:heatmap-14-clausal-v-form	3.1 Clausal complement verb form	34_svo_gn_ac_b_ep	svo	gn	nom-acc	balancing	erg-poss	sov	SV	PVA	100	1.0	0	0.0	2.5735061717033387	bos_eos
seed_43	3_1_clausal_V_form	14_3_1_clausal_V_form	fig:heatmap-14-clausal-v-form	3.1 Clausal complement verb form	35_svo_gn_ac_b_no	svo	gn	nom-acc	balancing	nomn	svo	SV	AVP	100	1.0	0	0.0	2.5003760647773743	bos_eos
seed_43	3_1_clausal_V_form	14_3_1_clausal_V_form	fig:heatmap-14-clausal-v-form	3.1 Clausal complement verb form	36_svo_gn_ac_d_se	svo	gn	nom-acc	deranking	sent	svo	SV	AVP	100	0.96	0	0.0	0.7874486994743347	bos_eos
seed_43	3_1_clausal_V_form	14_3_1_clausal_V_form	fig:heatmap-14-clausal-v-form	3.1 Clausal complement verb form	37_svo_gn_ac_d_pa	svo	gn	nom-acc	deranking	poss-acc	svo	SV	AVP	100	0.94	0	0.0	0.7630120539665222	bos_eos
seed_43	3_1_clausal_V_form	14_3_1_clausal_V_form	fig:heatmap-14-clausal-v-form	3.1 Clausal complement verb form	38_svo_gn_ac_d_ep	svo	gn	nom-acc	deranking	erg-poss	sov	SV	PVA	100	0.97	0	0.0	0.7545236492156983	bos_eos
seed_43	3_1_clausal_V_form	14_3_1_clausal_V_form	fig:heatmap-14-clausal-v-form	3.1 Clausal complement verb form	39_svo_gn_ac_d_no	svo	gn	nom-acc	deranking	nomn	svo	SV	AVP	100	0.98	0	0.0	0.8148318219184876	bos_eos
seed_43	3_1_clausal_V_form	14_3_1_clausal_V_form	fig:heatmap-14-clausal-v-form	3.1 Clausal complement verb form	40_svo_gn_er_b_se	svo	gn	erg-abs	balancing	sent	svo	SV	AVP	100	0.98	0	0.0	1.3187263822555542	bos_eos
seed_43	3_1_clausal_V_form	14_3_1_clausal_V_form	fig:heatmap-14-clausal-v-form	3.1 Clausal complement verb form	41_svo_gn_er_b_pa	svo	gn	erg-abs	balancing	poss-acc	svo	SV	AVP	100	0.99	0	0.0	1.4385154342651367	bos_eos
seed_43	3_1_clausal_V_form	14_3_1_clausal_V_form	fig:heatmap-14-clausal-v-form	3.1 Clausal complement verb form	42_svo_gn_er_b_ep	svo	gn	erg-abs	balancing	erg-poss	sov	SV	PVA	100	0.98	0	0.0	1.8304752779006959	bos_eos
seed_43	3_1_clausal_V_form	14_3_1_clausal_V_form	fig:heatmap-14-clausal-v-form	3.1 Clausal complement verb form	43_svo_gn_er_b_no	svo	gn	erg-abs	balancing	nomn	svo	SV	AVP	100	1.0	0	0.0	1.6276764464378357	bos_eos
seed_43	3_1_clausal_V_form	14_3_1_clausal_V_form	fig:heatmap-14-clausal-v-form	3.1 Clausal complement verb form	44_svo_gn_er_d_se	svo	gn	erg-abs	deranking	sent	svo	SV	AVP	100	0.94	0	0.0	0.6185969007015228	bos_eos
seed_43	3_1_clausal_V_form	14_3_1_clausal_V_form	fig:heatmap-14-clausal-v-form	3.1 Clausal complement verb form	45_svo_gn_er_d_pa	svo	gn	erg-abs	deranking	poss-acc	svo	SV	AVP	100	0.95	0	0.0	0.6405836236476898	bos_eos
seed_43	3_1_clausal_V_form	14_3_1_clausal_V_form	fig:heatmap-14-clausal-v-form	3.1 Clausal complement verb form	46_svo_gn_er_d_ep	svo	gn	erg-abs	deranking	erg-poss	sov	SV	PVA	100	0.97	0	0.0	0.6714852595329285	bos_eos
seed_43	3_1_clausal_V_form	14_3_1_clausal_V_form	fig:heatmap-14-clausal-v-form	3.1 Clausal complement verb form	47_svo_gn_er_d_no	svo	gn	erg-abs	deranking	nomn	svo	SV	AVP	100	0.97	0	0.0	0.6621213102340698	bos_eos
seed_43	3_1_clausal_V_form	14_3_1_clausal_V_form	fig:heatmap-14-clausal-v-form	3.1 Clausal complement verb form	48_svo_ng_ac_b_se	svo	ng	nom-acc	balancing	sent	svo	SV	AVP	100	1.0	0	0.0	2.064710223674774	bos_eos
seed_43	3_1_clausal_V_form	14_3_1_clausal_V_form	fig:heatmap-14-clausal-v-form	3.1 Clausal complement verb form	49_svo_ng_ac_b_pa	svo	ng	nom-acc	balancing	poss-acc	vos	VS	VPA	100	1.0	0	0.0	2.303426516056061	bos_eos
seed_43	3_1_clausal_V_form	14_3_1_clausal_V_form	fig:heatmap-14-clausal-v-form	3.1 Clausal complement verb form	50_svo_ng_ac_b_ep	svo	ng	nom-acc	balancing	erg-poss	vos	VS	VPA	100	1.0	0	0.0	2.4914933800697328	bos_eos
seed_43	3_1_clausal_V_form	14_3_1_clausal_V_form	fig:heatmap-14-clausal-v-form	3.1 Clausal complement verb form	51_svo_ng_ac_b_no	svo	ng	nom-acc	balancing	nomn	vos	VS	VPA	100	1.0	0	0.0	2.4249435830116273	bos_eos
seed_43	3_1_clausal_V_form	14_3_1_clausal_V_form	fig:heatmap-14-clausal-v-form	3.1 Clausal complement verb form	52_svo_ng_ac_d_se	svo	ng	nom-acc	deranking	sent	svo	SV	AVP	100	0.97	0	0.0	0.79628493309021	bos_eos
seed_43	3_1_clausal_V_form	14_3_1_clausal_V_form	fig:heatmap-14-clausal-v-form	3.1 Clausal complement verb form	53_svo_ng_ac_d_pa	svo	ng	nom-acc	deranking	poss-acc	vos	VS	VPA	100	0.95	0	0.0	0.8051559138298034	bos_eos
seed_43	3_1_clausal_V_form	14_3_1_clausal_V_form	fig:heatmap-14-clausal-v-form	3.1 Clausal complement verb form	54_svo_ng_ac_d_ep	svo	ng	nom-acc	deranking	erg-poss	vos	VS	VPA	100	0.96	0	0.0	0.8019600129127502	bos_eos
seed_43	3_1_clausal_V_form	14_3_1_clausal_V_form	fig:heatmap-14-clausal-v-form	3.1 Clausal complement verb form	55_svo_ng_ac_d_no	svo	ng	nom-acc	deranking	nomn	vos	VS	VPA	100	0.97	0	0.0	0.7956004047393799	bos_eos
seed_43	3_1_clausal_V_form	14_3_1_clausal_V_form	fig:heatmap-14-clausal-v-form	3.1 Clausal complement verb form	56_svo_ng_er_b_se	svo	ng	erg-abs	balancing	sent	svo	SV	AVP	100	0.98	0	0.0	1.2457964897155762	bos_eos
seed_43	3_1_clausal_V_form	14_3_1_clausal_V_form	fig:heatmap-14-clausal-v-form	3.1 Clausal complement verb form	57_svo_ng_er_b_pa	svo	ng	erg-abs	balancing	poss-acc	vos	VS	VPA	100	0.99	0	0.0	1.411033139228821	bos_eos
seed_43	3_1_clausal_V_form	14_3_1_clausal_V_form	fig:heatmap-14-clausal-v-form	3.1 Clausal complement verb form	58_svo_ng_er_b_ep	svo	ng	erg-abs	balancing	erg-poss	vos	VS	VPA	100	1.0	0	0.0	1.5842232346534728	bos_eos
seed_43	3_1_clausal_V_form	14_3_1_clausal_V_form	fig:heatmap-14-clausal-v-form	3.1 Clausal complement verb form	59_svo_ng_er_b_no	svo	ng	erg-abs	balancing	nomn	vos	VS	VPA	100	0.99	0	0.0	1.6076292037963866	bos_eos
seed_43	3_1_clausal_V_form	14_3_1_clausal_V_form	fig:heatmap-14-clausal-v-form	3.1 Clausal complement verb form	60_svo_ng_er_d_se	svo	ng	erg-abs	deranking	sent	svo	SV	AVP	100	0.96	0	0.0	0.6261189293861389	bos_eos
seed_43	3_1_clausal_V_form	14_3_1_clausal_V_form	fig:heatmap-14-clausal-v-form	3.1 Clausal complement verb form	61_svo_ng_er_d_pa	svo	ng	erg-abs	deranking	poss-acc	vos	VS	VPA	100	0.98	0	0.0	0.6428680300712586	bos_eos
seed_43	3_1_clausal_V_form	14_3_1_clausal_V_form	fig:heatmap-14-clausal-v-form	3.1 Clausal complement verb form	62_svo_ng_er_d_ep	svo	ng	erg-abs	deranking	erg-poss	vos	VS	VPA	100	0.91	0	0.0	0.5566631007194519	bos_eos
seed_43	3_1_clausal_V_form	14_3_1_clausal_V_form	fig:heatmap-14-clausal-v-form	3.1 Clausal complement verb form	63_svo_ng_er_d_no	svo	ng	erg-abs	deranking	nomn	vos	VS	VPA	100	0.97	0	0.0	0.6098756408691406	bos_eos
seed_43	3_1_clausal_V_form	14_3_1_clausal_V_form	fig:heatmap-14-clausal-v-form	3.1 Clausal complement verb form	64_vos_gn_ac_b_se	vos	gn	nom-acc	balancing	sent	vos	VS	VPA	100	0.99	0	0.0	1.9050254249572753	bos_eos
seed_43	3_1_clausal_V_form	14_3_1_clausal_V_form	fig:heatmap-14-clausal-v-form	3.1 Clausal complement verb form	65_vos_gn_ac_b_pa	vos	gn	nom-acc	balancing	poss-acc	svo	SV	AVP	100	0.99	0	0.0	2.1753985238075257	bos_eos
seed_43	3_1_clausal_V_form	14_3_1_clausal_V_form	fig:heatmap-14-clausal-v-form	3.1 Clausal complement verb form	66_vos_gn_ac_b_ep	vos	gn	nom-acc	balancing	erg-poss	sov	SV	PVA	100	0.99	0	0.0	2.0499018359184267	bos_eos
seed_43	3_1_clausal_V_form	14_3_1_clausal_V_form	fig:heatmap-14-clausal-v-form	3.1 Clausal complement verb form	67_vos_gn_ac_b_no	vos	gn	nom-acc	balancing	nomn	svo	SV	AVP	100	0.99	0	0.0	1.9542076778411865	bos_eos
seed_43	3_1_clausal_V_form	14_3_1_clausal_V_form	fig:heatmap-14-clausal-v-form	3.1 Clausal complement verb form	68_vos_gn_ac_d_se	vos	gn	nom-acc	deranking	sent	vos	VS	VPA	100	1.0	0	0.0	2.569504294395447	bos_eos
seed_43	3_1_clausal_V_form	14_3_1_clausal_V_form	fig:heatmap-14-clausal-v-form	3.1 Clausal complement verb form	69_vos_gn_ac_d_pa	vos	gn	nom-acc	deranking	poss-acc	svo	SV	AVP	100	1.0	0	0.0	2.201567299365997	bos_eos
seed_43	3_1_clausal_V_form	14_3_1_clausal_V_form	fig:heatmap-14-clausal-v-form	3.1 Clausal complement verb form	70_vos_gn_ac_d_ep	vos	gn	nom-acc	deranking	erg-poss	sov	SV	PVA	100	1.0	0	0.0	2.5570943260192873	bos_eos
seed_43	3_1_clausal_V_form	14_3_1_clausal_V_form	fig:heatmap-14-clausal-v-form	3.1 Clausal complement verb form	71_vos_gn_ac_d_no	vos	gn	nom-acc	deranking	nomn	svo	SV	AVP	100	1.0	0	0.0	2.6910416984558108	bos_eos
seed_43	3_1_clausal_V_form	14_3_1_clausal_V_form	fig:heatmap-14-clausal-v-form	3.1 Clausal complement verb form	72_vos_gn_er_b_se	vos	gn	erg-abs	balancing	sent	vos	VS	VPA	100	0.98	0	0.0	1.1631942868232727	bos_eos
seed_43	3_1_clausal_V_form	14_3_1_clausal_V_form	fig:heatmap-14-clausal-v-form	3.1 Clausal complement verb form	73_vos_gn_er_b_pa	vos	gn	erg-abs	balancing	poss-acc	svo	SV	AVP	100	0.99	0	0.0	1.3961766386032104	bos_eos
seed_43	3_1_clausal_V_form	14_3_1_clausal_V_form	fig:heatmap-14-clausal-v-form	3.1 Clausal complement verb form	74_vos_gn_er_b_ep	vos	gn	erg-abs	balancing	erg-poss	sov	SV	PVA	100	0.99	0	0.0	1.7701918911933898	bos_eos
seed_43	3_1_clausal_V_form	14_3_1_clausal_V_form	fig:heatmap-14-clausal-v-form	3.1 Clausal complement verb form	75_vos_gn_er_b_no	vos	gn	erg-abs	balancing	nomn	svo	SV	AVP	100	0.99	0	0.0	1.7455332207679748	bos_eos
seed_43	3_1_clausal_V_form	14_3_1_clausal_V_form	fig:heatmap-14-clausal-v-form	3.1 Clausal complement verb form	76_vos_gn_er_d_se	vos	gn	erg-abs	deranking	sent	vos	VS	VPA	100	1.0	0	0.0	2.0325865066051483	bos_eos
seed_43	3_1_clausal_V_form	14_3_1_clausal_V_form	fig:heatmap-14-clausal-v-form	3.1 Clausal complement verb form	77_vos_gn_er_d_pa	vos	gn	erg-abs	deranking	poss-acc	svo	SV	AVP	100	1.0	0	0.0	1.8472095811367035	bos_eos
seed_43	3_1_clausal_V_form	14_3_1_clausal_V_form	fig:heatmap-14-clausal-v-form	3.1 Clausal complement verb form	78_vos_gn_er_d_ep	vos	gn	erg-abs	deranking	erg-poss	sov	SV	PVA	100	0.99	0	0.0	1.9207782816886902	bos_eos
seed_43	3_1_clausal_V_form	14_3_1_clausal_V_form	fig:heatmap-14-clausal-v-form	3.1 Clausal complement verb form	79_vos_gn_er_d_no	vos	gn	erg-abs	deranking	nomn	svo	SV	AVP	100	1.0	0	0.0	1.9482428216934204	bos_eos
seed_43	3_1_clausal_V_form	14_3_1_clausal_V_form	fig:heatmap-14-clausal-v-form	3.1 Clausal complement verb form	80_vos_ng_ac_b_se	vos	ng	nom-acc	balancing	sent	vos	VS	VPA	100	0.99	0	0.0	1.915031569004059	bos_eos
seed_43	3_1_clausal_V_form	14_3_1_clausal_V_form	fig:heatmap-14-clausal-v-form	3.1 Clausal complement verb form	81_vos_ng_ac_b_pa	vos	ng	nom-acc	balancing	poss-acc	vos	VS	VPA	100	0.99	0	0.0	1.892261824607849	bos_eos
seed_43	3_1_clausal_V_form	14_3_1_clausal_V_form	fig:heatmap-14-clausal-v-form	3.1 Clausal complement verb form	82_vos_ng_ac_b_ep	vos	ng	nom-acc	balancing	erg-poss	vos	VS	VPA	100	0.99	0	0.0	2.015136668682098	bos_eos
seed_43	3_1_clausal_V_form	14_3_1_clausal_V_form	fig:heatmap-14-clausal-v-form	3.1 Clausal complement verb form	83_vos_ng_ac_b_no	vos	ng	nom-acc	balancing	nomn	vos	VS	VPA	100	0.99	0	0.0	1.8494171285629273	bos_eos
seed_43	3_1_clausal_V_form	14_3_1_clausal_V_form	fig:heatmap-14-clausal-v-form	3.1 Clausal complement verb form	84_vos_ng_ac_d_se	vos	ng	nom-acc	deranking	sent	vos	VS	VPA	100	1.0	0	0.0	2.4822730469703673	bos_eos
seed_43	3_1_clausal_V_form	14_3_1_clausal_V_form	fig:heatmap-14-clausal-v-form	3.1 Clausal complement verb form	85_vos_ng_ac_d_pa	vos	ng	nom-acc	deranking	poss-acc	vos	VS	VPA	100	1.0	0	0.0	2.4265576171875	bos_eos
seed_43	3_1_clausal_V_form	14_3_1_clausal_V_form	fig:heatmap-14-clausal-v-form	3.1 Clausal complement verb form	86_vos_ng_ac_d_ep	vos	ng	nom-acc	deranking	erg-poss	vos	VS	VPA	100	1.0	0	0.0	2.2000981092453005	bos_eos
seed_43	3_1_clausal_V_form	14_3_1_clausal_V_form	fig:heatmap-14-clausal-v-form	3.1 Clausal complement verb form	87_vos_ng_ac_d_no	vos	ng	nom-acc	deranking	nomn	vos	VS	VPA	100	1.0	0	0.0	2.6003538250923155	bos_eos
seed_43	3_1_clausal_V_form	14_3_1_clausal_V_form	fig:heatmap-14-clausal-v-form	3.1 Clausal complement verb form	88_vos_ng_er_b_se	vos	ng	erg-abs	balancing	sent	vos	VS	VPA	100	0.98	0	0.0	1.1361292970180512	bos_eos
seed_43	3_1_clausal_V_form	14_3_1_clausal_V_form	fig:heatmap-14-clausal-v-form	3.1 Clausal complement verb form	89_vos_ng_er_b_pa	vos	ng	erg-abs	balancing	poss-acc	vos	VS	VPA	100	0.99	0	0.0	1.1866982090473175	bos_eos
seed_43	3_1_clausal_V_form	14_3_1_clausal_V_form	fig:heatmap-14-clausal-v-form	3.1 Clausal complement verb form	90_vos_ng_er_b_ep	vos	ng	erg-abs	balancing	erg-poss	vos	VS	VPA	100	0.99	0	0.0	1.7461529397964477	bos_eos
seed_43	3_1_clausal_V_form	14_3_1_clausal_V_form	fig:heatmap-14-clausal-v-form	3.1 Clausal complement verb form	91_vos_ng_er_b_no	vos	ng	erg-abs	balancing	nomn	vos	VS	VPA	100	0.99	0	0.0	1.8389595103263856	bos_eos
seed_43	3_1_clausal_V_form	14_3_1_clausal_V_form	fig:heatmap-14-clausal-v-form	3.1 Clausal complement verb form	92_vos_ng_er_d_se	vos	ng	erg-abs	deranking	sent	vos	VS	VPA	100	1.0	0	0.0	2.07287490606308	bos_eos
seed_43	3_1_clausal_V_form	14_3_1_clausal_V_form	fig:heatmap-14-clausal-v-form	3.1 Clausal complement verb form	93_vos_ng_er_d_pa	vos	ng	erg-abs	deranking	poss-acc	vos	VS	VPA	100	1.0	0	0.0	1.948143894672394	bos_eos
seed_43	3_1_clausal_V_form	14_3_1_clausal_V_form	fig:heatmap-14-clausal-v-form	3.1 Clausal complement verb form	94_vos_ng_er_d_ep	vos	ng	erg-abs	deranking	erg-poss	vos	VS	VPA	100	1.0	0	0.0	2.038065809011459	bos_eos
seed_43	3_1_clausal_V_form	14_3_1_clausal_V_form	fig:heatmap-14-clausal-v-form	3.1 Clausal complement verb form	95_vos_ng_er_d_no	vos	ng	erg-abs	deranking	nomn	vos	VS	VPA	100	1.0	0	0.0	2.1337619948387148	bos_eos
seed_43	3_2_clausal_S_marker	15_3_2_clausal_S_marker	fig:heatmap-15-clausal-s-marker	3.2 Clausal complement S marker	00_sov_gn_ac_b_se	sov	gn	nom-acc	balancing	sent	sov	SV	APV	100	0.86	0	0.0	0.37525416374206544	bos_eos
seed_43	3_2_clausal_S_marker	15_3_2_clausal_S_marker	fig:heatmap-15-clausal-s-marker	3.2 Clausal complement S marker	01_sov_gn_ac_b_pa	sov	gn	nom-acc	balancing	poss-acc	sov	SV	APV	100	0.66	0	0.0	0.1056895351409912	bos_eos
seed_43	3_2_clausal_S_marker	15_3_2_clausal_S_marker	fig:heatmap-15-clausal-s-marker	3.2 Clausal complement S marker	02_sov_gn_ac_b_ep	sov	gn	nom-acc	balancing	erg-poss	sov	SV	APV	100	0.68	0	0.0	0.17330833196640014	bos_eos
seed_43	3_2_clausal_S_marker	15_3_2_clausal_S_marker	fig:heatmap-15-clausal-s-marker	3.2 Clausal complement S marker	03_sov_gn_ac_b_no	sov	gn	nom-acc	balancing	nomn	sov	SV	APV	100	0.78	0	0.0	0.2719018816947937	bos_eos
seed_43	3_2_clausal_S_marker	15_3_2_clausal_S_marker	fig:heatmap-15-clausal-s-marker	3.2 Clausal complement S marker	04_sov_gn_ac_d_se	sov	gn	nom-acc	deranking	sent	sov	SV	APV	100	0.7	0	0.0	0.2345041799545288	bos_eos
seed_43	3_2_clausal_S_marker	15_3_2_clausal_S_marker	fig:heatmap-15-clausal-s-marker	3.2 Clausal complement S marker	05_sov_gn_ac_d_pa	sov	gn	nom-acc	deranking	poss-acc	sov	SV	APV	100	0.77	0	0.0	0.23348440170288087	bos_eos
seed_43	3_2_clausal_S_marker	15_3_2_clausal_S_marker	fig:heatmap-15-clausal-s-marker	3.2 Clausal complement S marker	06_sov_gn_ac_d_ep	sov	gn	nom-acc	deranking	erg-poss	sov	SV	APV	100	0.5	0	0.0	0.049967248439788815	bos_eos
seed_43	3_2_clausal_S_marker	15_3_2_clausal_S_marker	fig:heatmap-15-clausal-s-marker	3.2 Clausal complement S marker	07_sov_gn_ac_d_no	sov	gn	nom-acc	deranking	nomn	sov	SV	APV	100	0.91	0	0.0	0.41887516736984254	bos_eos
seed_43	3_2_clausal_S_marker	15_3_2_clausal_S_marker	fig:heatmap-15-clausal-s-marker	3.2 Clausal complement S marker	08_sov_gn_er_b_se	sov	gn	erg-abs	balancing	sent	sov	SV	APV	100	0.93	0	0.0	0.48331031560897825	bos_eos
seed_43	3_2_clausal_S_marker	15_3_2_clausal_S_marker	fig:heatmap-15-clausal-s-marker	3.2 Clausal complement S marker	09_sov_gn_er_b_pa	sov	gn	erg-abs	balancing	poss-acc	sov	SV	APV	100	0.91	0	0.0	0.5056128191947937	bos_eos
seed_43	3_2_clausal_S_marker	15_3_2_clausal_S_marker	fig:heatmap-15-clausal-s-marker	3.2 Clausal complement S marker	10_sov_gn_er_b_ep	sov	gn	erg-abs	balancing	erg-poss	sov	SV	APV	100	0.85	0	0.0	0.37125553607940676	bos_eos
seed_43	3_2_clausal_S_marker	15_3_2_clausal_S_marker	fig:heatmap-15-clausal-s-marker	3.2 Clausal complement S marker	11_sov_gn_er_b_no	sov	gn	erg-abs	balancing	nomn	sov	SV	APV	100	0.93	0	0.0	0.545374698638916	bos_eos
seed_43	3_2_clausal_S_marker	15_3_2_clausal_S_marker	fig:heatmap-15-clausal-s-marker	3.2 Clausal complement S marker	12_sov_gn_er_d_se	sov	gn	erg-abs	deranking	sent	sov	SV	APV	100	0.94	0	0.0	0.44296453714370726	bos_eos
seed_43	3_2_clausal_S_marker	15_3_2_clausal_S_marker	fig:heatmap-15-clausal-s-marker	3.2 Clausal complement S marker	13_sov_gn_er_d_pa	sov	gn	erg-abs	deranking	poss-acc	sov	SV	APV	100	0.83	0	0.0	0.2619328045845032	bos_eos
seed_43	3_2_clausal_S_marker	15_3_2_clausal_S_marker	fig:heatmap-15-clausal-s-marker	3.2 Clausal complement S marker	14_sov_gn_er_d_ep	sov	gn	erg-abs	deranking	erg-poss	sov	SV	APV	100	0.61	0	0.0	0.06219099164009094	bos_eos
seed_43	3_2_clausal_S_marker	15_3_2_clausal_S_marker	fig:heatmap-15-clausal-s-marker	3.2 Clausal complement S marker	15_sov_gn_er_d_no	sov	gn	erg-abs	deranking	nomn	sov	SV	APV	100	0.85	0	0.0	0.2973433482646942	bos_eos
seed_43	3_2_clausal_S_marker	15_3_2_clausal_S_marker	fig:heatmap-15-clausal-s-marker	3.2 Clausal complement S marker	16_sov_ng_ac_b_se	sov	ng	nom-acc	balancing	sent	sov	SV	APV	100	0.31	0	0.0	-0.2954717540740967	bos_eos
seed_43	3_2_clausal_S_marker	15_3_2_clausal_S_marker	fig:heatmap-15-clausal-s-marker	3.2 Clausal complement S marker	17_sov_ng_ac_b_pa	sov	ng	nom-acc	balancing	poss-acc	ovs	VS	PVA	100	0.25	0	0.0	-0.28455720901489256	bos_eos
seed_43	3_2_clausal_S_marker	15_3_2_clausal_S_marker	fig:heatmap-15-clausal-s-marker	3.2 Clausal complement S marker	18_sov_ng_ac_b_ep	sov	ng	nom-acc	balancing	erg-poss	vos	VS	AVP	100	0.3	0	0.0	-0.3302725052833557	bos_eos
seed_43	3_2_clausal_S_marker	15_3_2_clausal_S_marker	fig:heatmap-15-clausal-s-marker	3.2 Clausal complement S marker	19_sov_ng_ac_b_no	sov	ng	nom-acc	balancing	nomn	ovs	VS	PVA	100	0.43	0	0.0	-0.12831358909606932	bos_eos
seed_43	3_2_clausal_S_marker	15_3_2_clausal_S_marker	fig:heatmap-15-clausal-s-marker	3.2 Clausal complement S marker	20_sov_ng_ac_d_se	sov	ng	nom-acc	deranking	sent	sov	SV	APV	100	0.45	0	0.0	-0.011971516609191895	bos_eos
seed_43	3_2_clausal_S_marker	15_3_2_clausal_S_marker	fig:heatmap-15-clausal-s-marker	3.2 Clausal complement S marker	21_sov_ng_ac_d_pa	sov	ng	nom-acc	deranking	poss-acc	ovs	VS	PVA	100	0.35	0	0.0	-0.15063998937606812	bos_eos
seed_43	3_2_clausal_S_marker	15_3_2_clausal_S_marker	fig:heatmap-15-clausal-s-marker	3.2 Clausal complement S marker	22_sov_ng_ac_d_ep	sov	ng	nom-acc	deranking	erg-poss	vos	VS	AVP	100	0.33	0	0.0	-0.21539875030517577	bos_eos
seed_43	3_2_clausal_S_marker	15_3_2_clausal_S_marker	fig:heatmap-15-clausal-s-marker	3.2 Clausal complement S marker	23_sov_ng_ac_d_no	sov	ng	nom-acc	deranking	nomn	ovs	VS	PVA	100	0.31	0	0.0	-0.12643483877182007	bos_eos
seed_43	3_2_clausal_S_marker	15_3_2_clausal_S_marker	fig:heatmap-15-clausal-s-marker	3.2 Clausal complement S marker	24_sov_ng_er_b_se	sov	ng	erg-abs	balancing	sent	sov	SV	APV	100	0.5	0	0.0	0.050014891624450684	bos_eos
seed_43	3_2_clausal_S_marker	15_3_2_clausal_S_marker	fig:heatmap-15-clausal-s-marker	3.2 Clausal complement S marker	25_sov_ng_er_b_pa	sov	ng	erg-abs	balancing	poss-acc	ovs	VS	PVA	100	0.55	0	0.0	0.036839237213134764	bos_eos
seed_43	3_2_clausal_S_marker	15_3_2_clausal_S_marker	fig:heatmap-15-clausal-s-marker	3.2 Clausal complement S marker	26_sov_ng_er_b_ep	sov	ng	erg-abs	balancing	erg-poss	vos	VS	AVP	100	0.49	0	0.0	0.01111039638519287	bos_eos
seed_43	3_2_clausal_S_marker	15_3_2_clausal_S_marker	fig:heatmap-15-clausal-s-marker	3.2 Clausal complement S marker	27_sov_ng_er_b_no	sov	ng	erg-abs	balancing	nomn	ovs	VS	PVA	100	0.65	0	0.0	0.10670764684677124	bos_eos
seed_43	3_2_clausal_S_marker	15_3_2_clausal_S_marker	fig:heatmap-15-clausal-s-marker	3.2 Clausal complement S marker	28_sov_ng_er_d_se	sov	ng	erg-abs	deranking	sent	sov	SV	APV	100	0.73	0	0.0	0.20211981773376464	bos_eos
seed_43	3_2_clausal_S_marker	15_3_2_clausal_S_marker	fig:heatmap-15-clausal-s-marker	3.2 Clausal complement S marker	29_sov_ng_er_d_pa	sov	ng	erg-abs	deranking	poss-acc	ovs	VS	PVA	100	0.69	0	0.0	0.13310091495513915	bos_eos
seed_43	3_2_clausal_S_marker	15_3_2_clausal_S_marker	fig:heatmap-15-clausal-s-marker	3.2 Clausal complement S marker	30_sov_ng_er_d_ep	sov	ng	erg-abs	deranking	erg-poss	vos	VS	AVP	100	0.55	0	0.0	0.05523940920829773	bos_eos
seed_43	3_2_clausal_S_marker	15_3_2_clausal_S_marker	fig:heatmap-15-clausal-s-marker	3.2 Clausal complement S marker	31_sov_ng_er_d_no	sov	ng	erg-abs	deranking	nomn	ovs	VS	PVA	100	0.67	0	0.0	0.11215897917747497	bos_eos
seed_43	3_2_clausal_S_marker	15_3_2_clausal_S_marker	fig:heatmap-15-clausal-s-marker	3.2 Clausal complement S marker	32_svo_gn_ac_b_se	svo	gn	nom-acc	balancing	sent	svo	SV	AVP	100	0.99	0	0.0	0.7853176236152649	bos_eos
seed_43	3_2_clausal_S_marker	15_3_2_clausal_S_marker	fig:heatmap-15-clausal-s-marker	3.2 Clausal complement S marker	33_svo_gn_ac_b_pa	svo	gn	nom-acc	balancing	poss-acc	svo	SV	AVP	100	0.96	0	0.0	0.6136686277389526	bos_eos
seed_43	3_2_clausal_S_marker	15_3_2_clausal_S_marker	fig:heatmap-15-clausal-s-marker	3.2 Clausal complement S marker	34_svo_gn_ac_b_ep	svo	gn	nom-acc	balancing	erg-poss	sov	SV	PVA	100	0.9	0	0.0	0.5194801020622254	bos_eos
seed_43	3_2_clausal_S_marker	15_3_2_clausal_S_marker	fig:heatmap-15-clausal-s-marker	3.2 Clausal complement S marker	35_svo_gn_ac_b_no	svo	gn	nom-acc	balancing	nomn	svo	SV	AVP	100	0.96	0	0.0	0.6969255661964416	bos_eos
seed_43	3_2_clausal_S_marker	15_3_2_clausal_S_marker	fig:heatmap-15-clausal-s-marker	3.2 Clausal complement S marker	36_svo_gn_ac_d_se	svo	gn	nom-acc	deranking	sent	svo	SV	AVP	100	1.0	0	0.0	0.6577986049652099	bos_eos
seed_43	3_2_clausal_S_marker	15_3_2_clausal_S_marker	fig:heatmap-15-clausal-s-marker	3.2 Clausal complement S marker	37_svo_gn_ac_d_pa	svo	gn	nom-acc	deranking	poss-acc	svo	SV	AVP	100	0.99	0	0.0	0.700375964641571	bos_eos
seed_43	3_2_clausal_S_marker	15_3_2_clausal_S_marker	fig:heatmap-15-clausal-s-marker	3.2 Clausal complement S marker	38_svo_gn_ac_d_ep	svo	gn	nom-acc	deranking	erg-poss	sov	SV	PVA	100	0.97	0	0.0	0.6340860891342163	bos_eos
seed_43	3_2_clausal_S_marker	15_3_2_clausal_S_marker	fig:heatmap-15-clausal-s-marker	3.2 Clausal complement S marker	39_svo_gn_ac_d_no	svo	gn	nom-acc	deranking	nomn	svo	SV	AVP	100	1.0	0	0.0	0.7081601715087891	bos_eos
seed_43	3_2_clausal_S_marker	15_3_2_clausal_S_marker	fig:heatmap-15-clausal-s-marker	3.2 Clausal complement S marker	40_svo_gn_er_b_se	svo	gn	erg-abs	balancing	sent	svo	SV	AVP	100	0.96	0	0.0	0.5793486857414245	bos_eos
seed_43	3_2_clausal_S_marker	15_3_2_clausal_S_marker	fig:heatmap-15-clausal-s-marker	3.2 Clausal complement S marker	41_svo_gn_er_b_pa	svo	gn	erg-abs	balancing	poss-acc	svo	SV	AVP	100	0.94	0	0.0	0.5627742552757263	bos_eos
seed_43	3_2_clausal_S_marker	15_3_2_clausal_S_marker	fig:heatmap-15-clausal-s-marker	3.2 Clausal complement S marker	42_svo_gn_er_b_ep	svo	gn	erg-abs	balancing	erg-poss	sov	SV	PVA	100	0.92	0	0.0	0.4643567562103271	bos_eos
seed_43	3_2_clausal_S_marker	15_3_2_clausal_S_marker	fig:heatmap-15-clausal-s-marker	3.2 Clausal complement S marker	43_svo_gn_er_b_no	svo	gn	erg-abs	balancing	nomn	svo	SV	AVP	100	0.96	0	0.0	0.49012854814529416	bos_eos
seed_43	3_2_clausal_S_marker	15_3_2_clausal_S_marker	fig:heatmap-15-clausal-s-marker	3.2 Clausal complement S marker	44_svo_gn_er_d_se	svo	gn	erg-abs	deranking	sent	svo	SV	AVP	100	0.94	0	0.0	0.4449602937698364	bos_eos
seed_43	3_2_clausal_S_marker	15_3_2_clausal_S_marker	fig:heatmap-15-clausal-s-marker	3.2 Clausal complement S marker	45_svo_gn_er_d_pa	svo	gn	erg-abs	deranking	poss-acc	svo	SV	AVP	100	0.79	0	0.0	0.24718810319900514	bos_eos
seed_43	3_2_clausal_S_marker	15_3_2_clausal_S_marker	fig:heatmap-15-clausal-s-marker	3.2 Clausal complement S marker	46_svo_gn_er_d_ep	svo	gn	erg-abs	deranking	erg-poss	sov	SV	PVA	100	0.51	0	0.0	-0.01224104404449463	bos_eos
seed_43	3_2_clausal_S_marker	15_3_2_clausal_S_marker	fig:heatmap-15-clausal-s-marker	3.2 Clausal complement S marker	47_svo_gn_er_d_no	svo	gn	erg-abs	deranking	nomn	svo	SV	AVP	100	0.79	0	0.0	0.23811118602752684	bos_eos
seed_43	3_2_clausal_S_marker	15_3_2_clausal_S_marker	fig:heatmap-15-clausal-s-marker	3.2 Clausal complement S marker	48_svo_ng_ac_b_se	svo	ng	nom-acc	balancing	sent	svo	SV	AVP	100	0.99	0	0.0	0.5799838852882385	bos_eos
seed_43	3_2_clausal_S_marker	15_3_2_clausal_S_marker	fig:heatmap-15-clausal-s-marker	3.2 Clausal complement S marker	49_svo_ng_ac_b_pa	svo	ng	nom-acc	balancing	poss-acc	vos	VS	VPA	100	0.97	0	0.0	0.5127461194992066	bos_eos
seed_43	3_2_clausal_S_marker	15_3_2_clausal_S_marker	fig:heatmap-15-clausal-s-marker	3.2 Clausal complement S marker	50_svo_ng_ac_b_ep	svo	ng	nom-acc	balancing	erg-poss	vos	VS	VPA	100	0.9	0	0.0	0.3906849479675293	bos_eos
seed_43	3_2_clausal_S_marker	15_3_2_clausal_S_marker	fig:heatmap-15-clausal-s-marker	3.2 Clausal complement S marker	51_svo_ng_ac_b_no	svo	ng	nom-acc	balancing	nomn	vos	VS	VPA	100	0.97	0	0.0	0.5737132620811463	bos_eos
seed_43	3_2_clausal_S_marker	15_3_2_clausal_S_marker	fig:heatmap-15-clausal-s-marker	3.2 Clausal complement S marker	52_svo_ng_ac_d_se	svo	ng	nom-acc	deranking	sent	svo	SV	AVP	100	0.88	0	0.0	0.3341871905326843	bos_eos
seed_43	3_2_clausal_S_marker	15_3_2_clausal_S_marker	fig:heatmap-15-clausal-s-marker	3.2 Clausal complement S marker	53_svo_ng_ac_d_pa	svo	ng	nom-acc	deranking	poss-acc	vos	VS	VPA	100	0.85	0	0.0	0.28787782192230227	bos_eos
seed_43	3_2_clausal_S_marker	15_3_2_clausal_S_marker	fig:heatmap-15-clausal-s-marker	3.2 Clausal complement S marker	54_svo_ng_ac_d_ep	svo	ng	nom-acc	deranking	erg-poss	vos	VS	VPA	100	0.74	0	0.0	0.18920209646224975	bos_eos
seed_43	3_2_clausal_S_marker	15_3_2_clausal_S_marker	fig:heatmap-15-clausal-s-marker	3.2 Clausal complement S marker	55_svo_ng_ac_d_no	svo	ng	nom-acc	deranking	nomn	vos	VS	VPA	100	0.89	0	0.0	0.3053422784805298	bos_eos
seed_43	3_2_clausal_S_marker	15_3_2_clausal_S_marker	fig:heatmap-15-clausal-s-marker	3.2 Clausal complement S marker	56_svo_ng_er_b_se	svo	ng	erg-abs	balancing	sent	svo	SV	AVP	100	0.92	0	0.0	0.4017527270317078	bos_eos
seed_43	3_2_clausal_S_marker	15_3_2_clausal_S_marker	fig:heatmap-15-clausal-s-marker	3.2 Clausal complement S marker	57_svo_ng_er_b_pa	svo	ng	erg-abs	balancing	poss-acc	vos	VS	VPA	100	0.9	0	0.0	0.34662580966949463	bos_eos
seed_43	3_2_clausal_S_marker	15_3_2_clausal_S_marker	fig:heatmap-15-clausal-s-marker	3.2 Clausal complement S marker	58_svo_ng_er_b_ep	svo	ng	erg-abs	balancing	erg-poss	vos	VS	VPA	100	0.94	0	0.0	0.39895994424819947	bos_eos
seed_43	3_2_clausal_S_marker	15_3_2_clausal_S_marker	fig:heatmap-15-clausal-s-marker	3.2 Clausal complement S marker	59_svo_ng_er_b_no	svo	ng	erg-abs	balancing	nomn	vos	VS	VPA	100	0.93	0	0.0	0.37798729419708255	bos_eos
seed_43	3_2_clausal_S_marker	15_3_2_clausal_S_marker	fig:heatmap-15-clausal-s-marker	3.2 Clausal complement S marker	60_svo_ng_er_d_se	svo	ng	erg-abs	deranking	sent	svo	SV	AVP	100	0.91	0	0.0	0.2722122979164123	bos_eos
seed_43	3_2_clausal_S_marker	15_3_2_clausal_S_marker	fig:heatmap-15-clausal-s-marker	3.2 Clausal complement S marker	61_svo_ng_er_d_pa	svo	ng	erg-abs	deranking	poss-acc	vos	VS	VPA	100	0.87	0	0.0	0.2975469589233398	bos_eos
seed_43	3_2_clausal_S_marker	15_3_2_clausal_S_marker	fig:heatmap-15-clausal-s-marker	3.2 Clausal complement S marker	62_svo_ng_er_d_ep	svo	ng	erg-abs	deranking	erg-poss	vos	VS	VPA	100	0.72	0	0.0	0.12675397872924804	bos_eos
seed_43	3_2_clausal_S_marker	15_3_2_clausal_S_marker	fig:heatmap-15-clausal-s-marker	3.2 Clausal complement S marker	63_svo_ng_er_d_no	svo	ng	erg-abs	deranking	nomn	vos	VS	VPA	100	0.9	0	0.0	0.2649199414253235	bos_eos
seed_43	3_2_clausal_S_marker	15_3_2_clausal_S_marker	fig:heatmap-15-clausal-s-marker	3.2 Clausal complement S marker	64_vos_gn_ac_b_se	vos	gn	nom-acc	balancing	sent	vos	VS	VPA	100	0.4	0	0.0	-0.05719874858856201	bos_eos
seed_43	3_2_clausal_S_marker	15_3_2_clausal_S_marker	fig:heatmap-15-clausal-s-marker	3.2 Clausal complement S marker	65_vos_gn_ac_b_pa	vos	gn	nom-acc	balancing	poss-acc	svo	SV	AVP	100	0.48	0	0.0	0.0984611439704895	bos_eos
seed_43	3_2_clausal_S_marker	15_3_2_clausal_S_marker	fig:heatmap-15-clausal-s-marker	3.2 Clausal complement S marker	66_vos_gn_ac_b_ep	vos	gn	nom-acc	balancing	erg-poss	sov	SV	PVA	100	0.4	0	0.0	-0.07281403064727783	bos_eos
seed_43	3_2_clausal_S_marker	15_3_2_clausal_S_marker	fig:heatmap-15-clausal-s-marker	3.2 Clausal complement S marker	67_vos_gn_ac_b_no	vos	gn	nom-acc	balancing	nomn	svo	SV	AVP	100	0.54	0	0.0	0.058412315845489504	bos_eos
seed_43	3_2_clausal_S_marker	15_3_2_clausal_S_marker	fig:heatmap-15-clausal-s-marker	3.2 Clausal complement S marker	68_vos_gn_ac_d_se	vos	gn	nom-acc	deranking	sent	vos	VS	VPA	100	0.55	0	0.0	0.06903190851211548	bos_eos
seed_43	3_2_clausal_S_marker	15_3_2_clausal_S_marker	fig:heatmap-15-clausal-s-marker	3.2 Clausal complement S marker	69_vos_gn_ac_d_pa	vos	gn	nom-acc	deranking	poss-acc	svo	SV	AVP	100	0.57	0	0.0	0.1457066035270691	bos_eos
seed_43	3_2_clausal_S_marker	15_3_2_clausal_S_marker	fig:heatmap-15-clausal-s-marker	3.2 Clausal complement S marker	70_vos_gn_ac_d_ep	vos	gn	nom-acc	deranking	erg-poss	sov	SV	PVA	100	0.51	0	0.0	0.09371816396713256	bos_eos
seed_43	3_2_clausal_S_marker	15_3_2_clausal_S_marker	fig:heatmap-15-clausal-s-marker	3.2 Clausal complement S marker	71_vos_gn_ac_d_no	vos	gn	nom-acc	deranking	nomn	svo	SV	AVP	100	0.52	0	0.0	0.1288759756088257	bos_eos
seed_43	3_2_clausal_S_marker	15_3_2_clausal_S_marker	fig:heatmap-15-clausal-s-marker	3.2 Clausal complement S marker	72_vos_gn_er_b_se	vos	gn	erg-abs	balancing	sent	vos	VS	VPA	100	0.85	0	0.0	0.4947741150856018	bos_eos
seed_43	3_2_clausal_S_marker	15_3_2_clausal_S_marker	fig:heatmap-15-clausal-s-marker	3.2 Clausal complement S marker	73_vos_gn_er_b_pa	vos	gn	erg-abs	balancing	poss-acc	svo	SV	AVP	100	0.85	0	0.0	0.4374411928653717	bos_eos
seed_43	3_2_clausal_S_marker	15_3_2_clausal_S_marker	fig:heatmap-15-clausal-s-marker	3.2 Clausal complement S marker	74_vos_gn_er_b_ep	vos	gn	erg-abs	balancing	erg-poss	sov	SV	PVA	100	0.93	0	0.0	0.5199262285232544	bos_eos
seed_43	3_2_clausal_S_marker	15_3_2_clausal_S_marker	fig:heatmap-15-clausal-s-marker	3.2 Clausal complement S marker	75_vos_gn_er_b_no	vos	gn	erg-abs	balancing	nomn	svo	SV	AVP	100	0.93	0	0.0	0.6024826455116272	bos_eos
seed_43	3_2_clausal_S_marker	15_3_2_clausal_S_marker	fig:heatmap-15-clausal-s-marker	3.2 Clausal complement S marker	76_vos_gn_er_d_se	vos	gn	erg-abs	deranking	sent	vos	VS	VPA	100	0.93	0	0.0	0.5399546432495117	bos_eos
seed_43	3_2_clausal_S_marker	15_3_2_clausal_S_marker	fig:heatmap-15-clausal-s-marker	3.2 Clausal complement S marker	77_vos_gn_er_d_pa	vos	gn	erg-abs	deranking	poss-acc	svo	SV	AVP	100	0.92	0	0.0	0.4929560196399689	bos_eos
seed_43	3_2_clausal_S_marker	15_3_2_clausal_S_marker	fig:heatmap-15-clausal-s-marker	3.2 Clausal complement S marker	78_vos_gn_er_d_ep	vos	gn	erg-abs	deranking	erg-poss	sov	SV	PVA	100	0.78	0	0.0	0.3550017046928406	bos_eos
seed_43	3_2_clausal_S_marker	15_3_2_clausal_S_marker	fig:heatmap-15-clausal-s-marker	3.2 Clausal complement S marker	79_vos_gn_er_d_no	vos	gn	erg-abs	deranking	nomn	svo	SV	AVP	100	0.83	0	0.0	0.3849474382400513	bos_eos
seed_43	3_2_clausal_S_marker	15_3_2_clausal_S_marker	fig:heatmap-15-clausal-s-marker	3.2 Clausal complement S marker	80_vos_ng_ac_b_se	vos	ng	nom-acc	balancing	sent	vos	VS	VPA	100	0.4	0	0.0	-0.031846504211425784	bos_eos
seed_43	3_2_clausal_S_marker	15_3_2_clausal_S_marker	fig:heatmap-15-clausal-s-marker	3.2 Clausal complement S marker	81_vos_ng_ac_b_pa	vos	ng	nom-acc	balancing	poss-acc	vos	VS	VPA	100	0.33	0	0.0	-0.09731417417526245	bos_eos
seed_43	3_2_clausal_S_marker	15_3_2_clausal_S_marker	fig:heatmap-15-clausal-s-marker	3.2 Clausal complement S marker	82_vos_ng_ac_b_ep	vos	ng	nom-acc	balancing	erg-poss	vos	VS	VPA	100	0.74	0	0.0	0.16382054090499878	bos_eos
seed_43	3_2_clausal_S_marker	15_3_2_clausal_S_marker	fig:heatmap-15-clausal-s-marker	3.2 Clausal complement S marker	83_vos_ng_ac_b_no	vos	ng	nom-acc	balancing	nomn	vos	VS	VPA	100	0.31	0	0.0	-0.1048549199104309	bos_eos
seed_43	3_2_clausal_S_marker	15_3_2_clausal_S_marker	fig:heatmap-15-clausal-s-marker	3.2 Clausal complement S marker	84_vos_ng_ac_d_se	vos	ng	nom-acc	deranking	sent	vos	VS	VPA	100	0.9	0	0.0	0.4162298250198364	bos_eos
seed_43	3_2_clausal_S_marker	15_3_2_clausal_S_marker	fig:heatmap-15-clausal-s-marker	3.2 Clausal complement S marker	85_vos_ng_ac_d_pa	vos	ng	nom-acc	deranking	poss-acc	vos	VS	VPA	100	0.53	0	0.0	0.03726019620895386	bos_eos
seed_43	3_2_clausal_S_marker	15_3_2_clausal_S_marker	fig:heatmap-15-clausal-s-marker	3.2 Clausal complement S marker	86_vos_ng_ac_d_ep	vos	ng	nom-acc	deranking	erg-poss	vos	VS	VPA	100	0.56	0	0.0	0.07218390464782715	bos_eos
seed_43	3_2_clausal_S_marker	15_3_2_clausal_S_marker	fig:heatmap-15-clausal-s-marker	3.2 Clausal complement S marker	87_vos_ng_ac_d_no	vos	ng	nom-acc	deranking	nomn	vos	VS	VPA	100	0.77	0	0.0	0.22442130565643312	bos_eos
seed_43	3_2_clausal_S_marker	15_3_2_clausal_S_marker	fig:heatmap-15-clausal-s-marker	3.2 Clausal complement S marker	88_vos_ng_er_b_se	vos	ng	erg-abs	balancing	sent	vos	VS	VPA	100	0.99	0	0.0	0.6014071750640869	bos_eos
seed_43	3_2_clausal_S_marker	15_3_2_clausal_S_marker	fig:heatmap-15-clausal-s-marker	3.2 Clausal complement S marker	89_vos_ng_er_b_pa	vos	ng	erg-abs	balancing	poss-acc	vos	VS	VPA	100	0.98	0	0.0	0.6029170405864716	bos_eos
seed_43	3_2_clausal_S_marker	15_3_2_clausal_S_marker	fig:heatmap-15-clausal-s-marker	3.2 Clausal complement S marker	90_vos_ng_er_b_ep	vos	ng	erg-abs	balancing	erg-poss	vos	VS	VPA	100	0.99	0	0.0	0.485924596786499	bos_eos
seed_43	3_2_clausal_S_marker	15_3_2_clausal_S_marker	fig:heatmap-15-clausal-s-marker	3.2 Clausal complement S marker	91_vos_ng_er_b_no	vos	ng	erg-abs	balancing	nomn	vos	VS	VPA	100	0.98	0	0.0	0.542922854423523	bos_eos
seed_43	3_2_clausal_S_marker	15_3_2_clausal_S_marker	fig:heatmap-15-clausal-s-marker	3.2 Clausal complement S marker	92_vos_ng_er_d_se	vos	ng	erg-abs	deranking	sent	vos	VS	VPA	100	0.97	0	0.0	0.5479238939285278	bos_eos
seed_43	3_2_clausal_S_marker	15_3_2_clausal_S_marker	fig:heatmap-15-clausal-s-marker	3.2 Clausal complement S marker	93_vos_ng_er_d_pa	vos	ng	erg-abs	deranking	poss-acc	vos	VS	VPA	100	0.95	0	0.0	0.3143714451789856	bos_eos
seed_43	3_2_clausal_S_marker	15_3_2_clausal_S_marker	fig:heatmap-15-clausal-s-marker	3.2 Clausal complement S marker	94_vos_ng_er_d_ep	vos	ng	erg-abs	deranking	erg-poss	vos	VS	VPA	100	0.64	0	0.0	0.090479656457901	bos_eos
seed_43	3_2_clausal_S_marker	15_3_2_clausal_S_marker	fig:heatmap-15-clausal-s-marker	3.2 Clausal complement S marker	95_vos_ng_er_d_no	vos	ng	erg-abs	deranking	nomn	vos	VS	VPA	100	0.91	0	0.0	0.3435262799263	bos_eos
seed_43	3_3_clausal_A_marker	16_3_3_clausal_A_marker	fig:heatmap-16-clausal-a-marker	3.3 Clausal complement A marker	00_sov_gn_ac_b_se	sov	gn	nom-acc	balancing	sent	sov	SV	APV	100	0.35	0	0.0	-0.07869813919067382	bos_eos
seed_43	3_3_clausal_A_marker	16_3_3_clausal_A_marker	fig:heatmap-16-clausal-a-marker	3.3 Clausal complement A marker	01_sov_gn_ac_b_pa	sov	gn	nom-acc	balancing	poss-acc	sov	SV	APV	100	0.18	0	0.0	-0.2134704351425171	bos_eos
seed_43	3_3_clausal_A_marker	16_3_3_clausal_A_marker	fig:heatmap-16-clausal-a-marker	3.3 Clausal complement A marker	02_sov_gn_ac_b_ep	sov	gn	nom-acc	balancing	erg-poss	sov	SV	APV	100	0.92	0	0.0	0.3517906212806702	bos_eos
seed_43	3_3_clausal_A_marker	16_3_3_clausal_A_marker	fig:heatmap-16-clausal-a-marker	3.3 Clausal complement A marker	03_sov_gn_ac_b_no	sov	gn	nom-acc	balancing	nomn	sov	SV	APV	100	0.11	0	0.0	-0.25455445528030396	bos_eos
seed_43	3_3_clausal_A_marker	16_3_3_clausal_A_marker	fig:heatmap-16-clausal-a-marker	3.3 Clausal complement A marker	04_sov_gn_ac_d_se	sov	gn	nom-acc	deranking	sent	sov	SV	APV	100	0.31	0	0.0	-0.12025725364685058	bos_eos
seed_43	3_3_clausal_A_marker	16_3_3_clausal_A_marker	fig:heatmap-16-clausal-a-marker	3.3 Clausal complement A marker	05_sov_gn_ac_d_pa	sov	gn	nom-acc	deranking	poss-acc	sov	SV	APV	100	0.2	0	0.0	-0.2220786666870117	bos_eos
seed_43	3_3_clausal_A_marker	16_3_3_clausal_A_marker	fig:heatmap-16-clausal-a-marker	3.3 Clausal complement A marker	06_sov_gn_ac_d_ep	sov	gn	nom-acc	deranking	erg-poss	sov	SV	APV	100	0.97	0	0.0	0.47680469512939455	bos_eos
seed_43	3_3_clausal_A_marker	16_3_3_clausal_A_marker	fig:heatmap-16-clausal-a-marker	3.3 Clausal complement A marker	07_sov_gn_ac_d_no	sov	gn	nom-acc	deranking	nomn	sov	SV	APV	100	0.44	0	0.0	-0.03944203615188599	bos_eos
seed_43	3_3_clausal_A_marker	16_3_3_clausal_A_marker	fig:heatmap-16-clausal-a-marker	3.3 Clausal complement A marker	08_sov_gn_er_b_se	sov	gn	erg-abs	balancing	sent	sov	SV	APV	100	0.98	0	0.0	0.510458812713623	bos_eos
seed_43	3_3_clausal_A_marker	16_3_3_clausal_A_marker	fig:heatmap-16-clausal-a-marker	3.3 Clausal complement A marker	09_sov_gn_er_b_pa	sov	gn	erg-abs	balancing	poss-acc	sov	SV	APV	100	0.99	0	0.0	0.47174840450286865	bos_eos
seed_43	3_3_clausal_A_marker	16_3_3_clausal_A_marker	fig:heatmap-16-clausal-a-marker	3.3 Clausal complement A marker	10_sov_gn_er_b_ep	sov	gn	erg-abs	balancing	erg-poss	sov	SV	APV	100	1.0	0	0.0	1.2191189122200012	bos_eos
seed_43	3_3_clausal_A_marker	16_3_3_clausal_A_marker	fig:heatmap-16-clausal-a-marker	3.3 Clausal complement A marker	11_sov_gn_er_b_no	sov	gn	erg-abs	balancing	nomn	sov	SV	APV	100	0.98	0	0.0	0.5054058265686036	bos_eos
seed_43	3_3_clausal_A_marker	16_3_3_clausal_A_marker	fig:heatmap-16-clausal-a-marker	3.3 Clausal complement A marker	12_sov_gn_er_d_se	sov	gn	erg-abs	deranking	sent	sov	SV	APV	100	1.0	0	0.0	0.5677741932868957	bos_eos
seed_43	3_3_clausal_A_marker	16_3_3_clausal_A_marker	fig:heatmap-16-clausal-a-marker	3.3 Clausal complement A marker	13_sov_gn_er_d_pa	sov	gn	erg-abs	deranking	poss-acc	sov	SV	APV	100	0.96	0	0.0	0.41398216724395753	bos_eos
seed_43	3_3_clausal_A_marker	16_3_3_clausal_A_marker	fig:heatmap-16-clausal-a-marker	3.3 Clausal complement A marker	14_sov_gn_er_d_ep	sov	gn	erg-abs	deranking	erg-poss	sov	SV	APV	100	1.0	0	0.0	1.2543314337730407	bos_eos
seed_43	3_3_clausal_A_marker	16_3_3_clausal_A_marker	fig:heatmap-16-clausal-a-marker	3.3 Clausal complement A marker	15_sov_gn_er_d_no	sov	gn	erg-abs	deranking	nomn	sov	SV	APV	100	0.99	0	0.0	0.5297357273101807	bos_eos
seed_43	3_3_clausal_A_marker	16_3_3_clausal_A_marker	fig:heatmap-16-clausal-a-marker	3.3 Clausal complement A marker	16_sov_ng_ac_b_se	sov	ng	nom-acc	balancing	sent	sov	SV	APV	100	0.3	0	0.0	-0.1643049144744873	bos_eos
seed_43	3_3_clausal_A_marker	16_3_3_clausal_A_marker	fig:heatmap-16-clausal-a-marker	3.3 Clausal complement A marker	17_sov_ng_ac_b_pa	sov	ng	nom-acc	balancing	poss-acc	ovs	VS	PVA	100	0.24	0	0.0	-0.22539238452911378	bos_eos
seed_43	3_3_clausal_A_marker	16_3_3_clausal_A_marker	fig:heatmap-16-clausal-a-marker	3.3 Clausal complement A marker	18_sov_ng_ac_b_ep	sov	ng	nom-acc	balancing	erg-poss	vos	VS	AVP	100	0.87	0	0.0	0.32105792760849	bos_eos
seed_43	3_3_clausal_A_marker	16_3_3_clausal_A_marker	fig:heatmap-16-clausal-a-marker	3.3 Clausal complement A marker	19_sov_ng_ac_b_no	sov	ng	nom-acc	balancing	nomn	ovs	VS	PVA	100	0.42	0	0.0	-0.067253999710083	bos_eos
seed_43	3_3_clausal_A_marker	16_3_3_clausal_A_marker	fig:heatmap-16-clausal-a-marker	3.3 Clausal complement A marker	20_sov_ng_ac_d_se	sov	ng	nom-acc	deranking	sent	sov	SV	APV	100	0.58	0	0.0	0.03310811519622803	bos_eos
seed_43	3_3_clausal_A_marker	16_3_3_clausal_A_marker	fig:heatmap-16-clausal-a-marker	3.3 Clausal complement A marker	21_sov_ng_ac_d_pa	sov	ng	nom-acc	deranking	poss-acc	ovs	VS	PVA	100	0.3	0	0.0	-0.11227894783020019	bos_eos
seed_43	3_3_clausal_A_marker	16_3_3_clausal_A_marker	fig:heatmap-16-clausal-a-marker	3.3 Clausal complement A marker	22_sov_ng_ac_d_ep	sov	ng	nom-acc	deranking	erg-poss	vos	VS	AVP	100	0.9	0	0.0	0.30861146688461305	bos_eos
seed_43	3_3_clausal_A_marker	16_3_3_clausal_A_marker	fig:heatmap-16-clausal-a-marker	3.3 Clausal complement A marker	23_sov_ng_ac_d_no	sov	ng	nom-acc	deranking	nomn	ovs	VS	PVA	100	0.16	0	0.0	-0.24017026662826538	bos_eos
seed_43	3_3_clausal_A_marker	16_3_3_clausal_A_marker	fig:heatmap-16-clausal-a-marker	3.3 Clausal complement A marker	24_sov_ng_er_b_se	sov	ng	erg-abs	balancing	sent	sov	SV	APV	100	1.0	0	0.0	0.9562132596969605	bos_eos
seed_43	3_3_clausal_A_marker	16_3_3_clausal_A_marker	fig:heatmap-16-clausal-a-marker	3.3 Clausal complement A marker	25_sov_ng_er_b_pa	sov	ng	erg-abs	balancing	poss-acc	ovs	VS	PVA	100	1.0	0	0.0	0.9942758893966674	bos_eos
seed_43	3_3_clausal_A_marker	16_3_3_clausal_A_marker	fig:heatmap-16-clausal-a-marker	3.3 Clausal complement A marker	26_sov_ng_er_b_ep	sov	ng	erg-abs	balancing	erg-poss	vos	VS	AVP	100	1.0	0	0.0	1.5813047504425048	bos_eos
seed_43	3_3_clausal_A_marker	16_3_3_clausal_A_marker	fig:heatmap-16-clausal-a-marker	3.3 Clausal complement A marker	27_sov_ng_er_b_no	sov	ng	erg-abs	balancing	nomn	ovs	VS	PVA	100	1.0	0	0.0	0.9685825395584107	bos_eos
seed_43	3_3_clausal_A_marker	16_3_3_clausal_A_marker	fig:heatmap-16-clausal-a-marker	3.3 Clausal complement A marker	28_sov_ng_er_d_se	sov	ng	erg-abs	deranking	sent	sov	SV	APV	100	1.0	0	0.0	1.014489438533783	bos_eos
seed_43	3_3_clausal_A_marker	16_3_3_clausal_A_marker	fig:heatmap-16-clausal-a-marker	3.3 Clausal complement A marker	29_sov_ng_er_d_pa	sov	ng	erg-abs	deranking	poss-acc	ovs	VS	PVA	100	1.0	0	0.0	0.8481697869300843	bos_eos
seed_43	3_3_clausal_A_marker	16_3_3_clausal_A_marker	fig:heatmap-16-clausal-a-marker	3.3 Clausal complement A marker	30_sov_ng_er_d_ep	sov	ng	erg-abs	deranking	erg-poss	vos	VS	AVP	100	1.0	0	0.0	1.3730788207054139	bos_eos
seed_43	3_3_clausal_A_marker	16_3_3_clausal_A_marker	fig:heatmap-16-clausal-a-marker	3.3 Clausal complement A marker	31_sov_ng_er_d_no	sov	ng	erg-abs	deranking	nomn	ovs	VS	PVA	100	1.0	0	0.0	0.9037858057022095	bos_eos
seed_43	3_3_clausal_A_marker	16_3_3_clausal_A_marker	fig:heatmap-16-clausal-a-marker	3.3 Clausal complement A marker	32_svo_gn_ac_b_se	svo	gn	nom-acc	balancing	sent	svo	SV	AVP	100	0.97	0	0.0	0.5502922081947327	bos_eos
seed_43	3_3_clausal_A_marker	16_3_3_clausal_A_marker	fig:heatmap-16-clausal-a-marker	3.3 Clausal complement A marker	33_svo_gn_ac_b_pa	svo	gn	nom-acc	balancing	poss-acc	svo	SV	AVP	100	0.98	0	0.0	0.43527904987335203	bos_eos
seed_43	3_3_clausal_A_marker	16_3_3_clausal_A_marker	fig:heatmap-16-clausal-a-marker	3.3 Clausal complement A marker	34_svo_gn_ac_b_ep	svo	gn	nom-acc	balancing	erg-poss	sov	SV	PVA	100	1.0	0	0.0	0.8874614763259888	bos_eos
seed_43	3_3_clausal_A_marker	16_3_3_clausal_A_marker	fig:heatmap-16-clausal-a-marker	3.3 Clausal complement A marker	35_svo_gn_ac_b_no	svo	gn	nom-acc	balancing	nomn	svo	SV	AVP	100	0.93	0	0.0	0.5129278278350831	bos_eos
seed_43	3_3_clausal_A_marker	16_3_3_clausal_A_marker	fig:heatmap-16-clausal-a-marker	3.3 Clausal complement A marker	36_svo_gn_ac_d_se	svo	gn	nom-acc	deranking	sent	svo	SV	AVP	100	0.91	0	0.0	0.4059500455856323	bos_eos
seed_43	3_3_clausal_A_marker	16_3_3_clausal_A_marker	fig:heatmap-16-clausal-a-marker	3.3 Clausal complement A marker	37_svo_gn_ac_d_pa	svo	gn	nom-acc	deranking	poss-acc	svo	SV	AVP	100	0.92	0	0.0	0.3870964312553406	bos_eos
seed_43	3_3_clausal_A_marker	16_3_3_clausal_A_marker	fig:heatmap-16-clausal-a-marker	3.3 Clausal complement A marker	38_svo_gn_ac_d_ep	svo	gn	nom-acc	deranking	erg-poss	sov	SV	PVA	100	1.0	0	0.0	0.7892970252037048	bos_eos
seed_43	3_3_clausal_A_marker	16_3_3_clausal_A_marker	fig:heatmap-16-clausal-a-marker	3.3 Clausal complement A marker	39_svo_gn_ac_d_no	svo	gn	nom-acc	deranking	nomn	svo	SV	AVP	100	0.89	0	0.0	0.3570940232276916	bos_eos
seed_43	3_3_clausal_A_marker	16_3_3_clausal_A_marker	fig:heatmap-16-clausal-a-marker	3.3 Clausal complement A marker	40_svo_gn_er_b_se	svo	gn	erg-abs	balancing	sent	svo	SV	AVP	100	1.0	0	0.0	1.7678212690353394	bos_eos
seed_43	3_3_clausal_A_marker	16_3_3_clausal_A_marker	fig:heatmap-16-clausal-a-marker	3.3 Clausal complement A marker	41_svo_gn_er_b_pa	svo	gn	erg-abs	balancing	poss-acc	svo	SV	AVP	100	1.0	0	0.0	1.696567358970642	bos_eos
seed_43	3_3_clausal_A_marker	16_3_3_clausal_A_marker	fig:heatmap-16-clausal-a-marker	3.3 Clausal complement A marker	42_svo_gn_er_b_ep	svo	gn	erg-abs	balancing	erg-poss	sov	SV	PVA	100	1.0	0	0.0	2.409640748500824	bos_eos
seed_43	3_3_clausal_A_marker	16_3_3_clausal_A_marker	fig:heatmap-16-clausal-a-marker	3.3 Clausal complement A marker	43_svo_gn_er_b_no	svo	gn	erg-abs	balancing	nomn	svo	SV	AVP	100	1.0	0	0.0	1.8238688516616821	bos_eos
seed_43	3_3_clausal_A_marker	16_3_3_clausal_A_marker	fig:heatmap-16-clausal-a-marker	3.3 Clausal complement A marker	44_svo_gn_er_d_se	svo	gn	erg-abs	deranking	sent	svo	SV	AVP	100	1.0	0	0.0	1.5487162137031556	bos_eos
seed_43	3_3_clausal_A_marker	16_3_3_clausal_A_marker	fig:heatmap-16-clausal-a-marker	3.3 Clausal complement A marker	45_svo_gn_er_d_pa	svo	gn	erg-abs	deranking	poss-acc	svo	SV	AVP	100	1.0	0	0.0	1.3211378931999207	bos_eos
seed_43	3_3_clausal_A_marker	16_3_3_clausal_A_marker	fig:heatmap-16-clausal-a-marker	3.3 Clausal complement A marker	46_svo_gn_er_d_ep	svo	gn	erg-abs	deranking	erg-poss	sov	SV	PVA	100	1.0	0	0.0	2.004703586101532	bos_eos
seed_43	3_3_clausal_A_marker	16_3_3_clausal_A_marker	fig:heatmap-16-clausal-a-marker	3.3 Clausal complement A marker	47_svo_gn_er_d_no	svo	gn	erg-abs	deranking	nomn	svo	SV	AVP	100	1.0	0	0.0	1.4483439826965332	bos_eos
seed_43	3_3_clausal_A_marker	16_3_3_clausal_A_marker	fig:heatmap-16-clausal-a-marker	3.3 Clausal complement A marker	48_svo_ng_ac_b_se	svo	ng	nom-acc	balancing	sent	svo	SV	AVP	100	0.98	0	0.0	0.4893807506561279	bos_eos
seed_43	3_3_clausal_A_marker	16_3_3_clausal_A_marker	fig:heatmap-16-clausal-a-marker	3.3 Clausal complement A marker	49_svo_ng_ac_b_pa	svo	ng	nom-acc	balancing	poss-acc	vos	VS	VPA	100	0.97	0	0.0	0.4318760871887207	bos_eos
seed_43	3_3_clausal_A_marker	16_3_3_clausal_A_marker	fig:heatmap-16-clausal-a-marker	3.3 Clausal complement A marker	50_svo_ng_ac_b_ep	svo	ng	nom-acc	balancing	erg-poss	vos	VS	VPA	100	1.0	0	0.0	0.8194431948661804	bos_eos
seed_43	3_3_clausal_A_marker	16_3_3_clausal_A_marker	fig:heatmap-16-clausal-a-marker	3.3 Clausal complement A marker	51_svo_ng_ac_b_no	svo	ng	nom-acc	balancing	nomn	vos	VS	VPA	100	0.96	0	0.0	0.4350926899909973	bos_eos
seed_43	3_3_clausal_A_marker	16_3_3_clausal_A_marker	fig:heatmap-16-clausal-a-marker	3.3 Clausal complement A marker	52_svo_ng_ac_d_se	svo	ng	nom-acc	deranking	sent	svo	SV	AVP	100	0.91	0	0.0	0.2524037027359009	bos_eos
seed_43	3_3_clausal_A_marker	16_3_3_clausal_A_marker	fig:heatmap-16-clausal-a-marker	3.3 Clausal complement A marker	53_svo_ng_ac_d_pa	svo	ng	nom-acc	deranking	poss-acc	vos	VS	VPA	100	0.85	0	0.0	0.188643217086792	bos_eos
seed_43	3_3_clausal_A_marker	16_3_3_clausal_A_marker	fig:heatmap-16-clausal-a-marker	3.3 Clausal complement A marker	54_svo_ng_ac_d_ep	svo	ng	nom-acc	deranking	erg-poss	vos	VS	VPA	100	1.0	0	0.0	0.6003024220466614	bos_eos
seed_43	3_3_clausal_A_marker	16_3_3_clausal_A_marker	fig:heatmap-16-clausal-a-marker	3.3 Clausal complement A marker	55_svo_ng_ac_d_no	svo	ng	nom-acc	deranking	nomn	vos	VS	VPA	100	0.92	0	0.0	0.23740116357803345	bos_eos
seed_43	3_3_clausal_A_marker	16_3_3_clausal_A_marker	fig:heatmap-16-clausal-a-marker	3.3 Clausal complement A marker	56_svo_ng_er_b_se	svo	ng	erg-abs	balancing	sent	svo	SV	AVP	100	1.0	0	0.0	1.5340453338623048	bos_eos
seed_43	3_3_clausal_A_marker	16_3_3_clausal_A_marker	fig:heatmap-16-clausal-a-marker	3.3 Clausal complement A marker	57_svo_ng_er_b_pa	svo	ng	erg-abs	balancing	poss-acc	vos	VS	VPA	100	1.0	0	0.0	1.647876377105713	bos_eos
seed_43	3_3_clausal_A_marker	16_3_3_clausal_A_marker	fig:heatmap-16-clausal-a-marker	3.3 Clausal complement A marker	58_svo_ng_er_b_ep	svo	ng	erg-abs	balancing	erg-poss	vos	VS	VPA	100	1.0	0	0.0	2.0526856565475464	bos_eos
seed_43	3_3_clausal_A_marker	16_3_3_clausal_A_marker	fig:heatmap-16-clausal-a-marker	3.3 Clausal complement A marker	59_svo_ng_er_b_no	svo	ng	erg-abs	balancing	nomn	vos	VS	VPA	100	1.0	0	0.0	1.701965217590332	bos_eos
seed_43	3_3_clausal_A_marker	16_3_3_clausal_A_marker	fig:heatmap-16-clausal-a-marker	3.3 Clausal complement A marker	60_svo_ng_er_d_se	svo	ng	erg-abs	deranking	sent	svo	SV	AVP	100	1.0	0	0.0	1.6129110693931579	bos_eos
seed_43	3_3_clausal_A_marker	16_3_3_clausal_A_marker	fig:heatmap-16-clausal-a-marker	3.3 Clausal complement A marker	61_svo_ng_er_d_pa	svo	ng	erg-abs	deranking	poss-acc	vos	VS	VPA	100	1.0	0	0.0	1.4683187818527221	bos_eos
seed_43	3_3_clausal_A_marker	16_3_3_clausal_A_marker	fig:heatmap-16-clausal-a-marker	3.3 Clausal complement A marker	62_svo_ng_er_d_ep	svo	ng	erg-abs	deranking	erg-poss	vos	VS	VPA	100	1.0	0	0.0	1.9524916410446167	bos_eos
seed_43	3_3_clausal_A_marker	16_3_3_clausal_A_marker	fig:heatmap-16-clausal-a-marker	3.3 Clausal complement A marker	63_svo_ng_er_d_no	svo	ng	erg-abs	deranking	nomn	vos	VS	VPA	100	1.0	0	0.0	1.6015073370933532	bos_eos
seed_43	3_3_clausal_A_marker	16_3_3_clausal_A_marker	fig:heatmap-16-clausal-a-marker	3.3 Clausal complement A marker	64_vos_gn_ac_b_se	vos	gn	nom-acc	balancing	sent	vos	VS	VPA	100	0.68	0	0.0	0.19185832500457764	bos_eos
seed_43	3_3_clausal_A_marker	16_3_3_clausal_A_marker	fig:heatmap-16-clausal-a-marker	3.3 Clausal complement A marker	65_vos_gn_ac_b_pa	vos	gn	nom-acc	balancing	poss-acc	svo	SV	AVP	100	0.77	0	0.0	0.2989081883430481	bos_eos
seed_43	3_3_clausal_A_marker	16_3_3_clausal_A_marker	fig:heatmap-16-clausal-a-marker	3.3 Clausal complement A marker	66_vos_gn_ac_b_ep	vos	gn	nom-acc	balancing	erg-poss	sov	SV	PVA	100	0.96	0	0.0	0.4195949840545654	bos_eos
seed_43	3_3_clausal_A_marker	16_3_3_clausal_A_marker	fig:heatmap-16-clausal-a-marker	3.3 Clausal complement A marker	67_vos_gn_ac_b_no	vos	gn	nom-acc	balancing	nomn	svo	SV	AVP	100	0.73	0	0.0	0.2621617341041565	bos_eos
seed_43	3_3_clausal_A_marker	16_3_3_clausal_A_marker	fig:heatmap-16-clausal-a-marker	3.3 Clausal complement A marker	68_vos_gn_ac_d_se	vos	gn	nom-acc	deranking	sent	vos	VS	VPA	100	0.74	0	0.0	0.2852857279777527	bos_eos
seed_43	3_3_clausal_A_marker	16_3_3_clausal_A_marker	fig:heatmap-16-clausal-a-marker	3.3 Clausal complement A marker	69_vos_gn_ac_d_pa	vos	gn	nom-acc	deranking	poss-acc	svo	SV	AVP	100	0.7	0	0.0	0.2336166310310364	bos_eos
seed_43	3_3_clausal_A_marker	16_3_3_clausal_A_marker	fig:heatmap-16-clausal-a-marker	3.3 Clausal complement A marker	70_vos_gn_ac_d_ep	vos	gn	nom-acc	deranking	erg-poss	sov	SV	PVA	100	0.86	0	0.0	0.3558055424690247	bos_eos
seed_43	3_3_clausal_A_marker	16_3_3_clausal_A_marker	fig:heatmap-16-clausal-a-marker	3.3 Clausal complement A marker	71_vos_gn_ac_d_no	vos	gn	nom-acc	deranking	nomn	svo	SV	AVP	100	0.75	0	0.0	0.26766451835632327	bos_eos
seed_43	3_3_clausal_A_marker	16_3_3_clausal_A_marker	fig:heatmap-16-clausal-a-marker	3.3 Clausal complement A marker	72_vos_gn_er_b_se	vos	gn	erg-abs	balancing	sent	vos	VS	VPA	100	1.0	0	0.0	1.0474325919151306	bos_eos
seed_43	3_3_clausal_A_marker	16_3_3_clausal_A_marker	fig:heatmap-16-clausal-a-marker	3.3 Clausal complement A marker	73_vos_gn_er_b_pa	vos	gn	erg-abs	balancing	poss-acc	svo	SV	AVP	100	1.0	0	0.0	1.0295244646072388	bos_eos
seed_43	3_3_clausal_A_marker	16_3_3_clausal_A_marker	fig:heatmap-16-clausal-a-marker	3.3 Clausal complement A marker	74_vos_gn_er_b_ep	vos	gn	erg-abs	balancing	erg-poss	sov	SV	PVA	100	1.0	0	0.0	1.2476895880699157	bos_eos
seed_43	3_3_clausal_A_marker	16_3_3_clausal_A_marker	fig:heatmap-16-clausal-a-marker	3.3 Clausal complement A marker	75_vos_gn_er_b_no	vos	gn	erg-abs	balancing	nomn	svo	SV	AVP	100	1.0	0	0.0	1.1043498826026916	bos_eos
seed_43	3_3_clausal_A_marker	16_3_3_clausal_A_marker	fig:heatmap-16-clausal-a-marker	3.3 Clausal complement A marker	76_vos_gn_er_d_se	vos	gn	erg-abs	deranking	sent	vos	VS	VPA	100	1.0	0	0.0	1.09544828414917	bos_eos
seed_43	3_3_clausal_A_marker	16_3_3_clausal_A_marker	fig:heatmap-16-clausal-a-marker	3.3 Clausal complement A marker	77_vos_gn_er_d_pa	vos	gn	erg-abs	deranking	poss-acc	svo	SV	AVP	100	0.99	0	0.0	0.9982486844062806	bos_eos
seed_43	3_3_clausal_A_marker	16_3_3_clausal_A_marker	fig:heatmap-16-clausal-a-marker	3.3 Clausal complement A marker	78_vos_gn_er_d_ep	vos	gn	erg-abs	deranking	erg-poss	sov	SV	PVA	100	1.0	0	0.0	1.2158756136894227	bos_eos
seed_43	3_3_clausal_A_marker	16_3_3_clausal_A_marker	fig:heatmap-16-clausal-a-marker	3.3 Clausal complement A marker	79_vos_gn_er_d_no	vos	gn	erg-abs	deranking	nomn	svo	SV	AVP	100	0.99	0	0.0	0.9817738389968872	bos_eos
seed_43	3_3_clausal_A_marker	16_3_3_clausal_A_marker	fig:heatmap-16-clausal-a-marker	3.3 Clausal complement A marker	80_vos_ng_ac_b_se	vos	ng	nom-acc	balancing	sent	vos	VS	VPA	100	0.19	0	0.0	-0.18282235860824586	bos_eos
seed_43	3_3_clausal_A_marker	16_3_3_clausal_A_marker	fig:heatmap-16-clausal-a-marker	3.3 Clausal complement A marker	81_vos_ng_ac_b_pa	vos	ng	nom-acc	balancing	poss-acc	vos	VS	VPA	100	0.32	0	0.0	-0.06737374067306519	bos_eos
seed_43	3_3_clausal_A_marker	16_3_3_clausal_A_marker	fig:heatmap-16-clausal-a-marker	3.3 Clausal complement A marker	82_vos_ng_ac_b_ep	vos	ng	nom-acc	balancing	erg-poss	vos	VS	VPA	100	0.97	0	0.0	0.5082528853416443	bos_eos
seed_43	3_3_clausal_A_marker	16_3_3_clausal_A_marker	fig:heatmap-16-clausal-a-marker	3.3 Clausal complement A marker	83_vos_ng_ac_b_no	vos	ng	nom-acc	balancing	nomn	vos	VS	VPA	100	0.11	0	0.0	-0.2774951434135437	bos_eos
seed_43	3_3_clausal_A_marker	16_3_3_clausal_A_marker	fig:heatmap-16-clausal-a-marker	3.3 Clausal complement A marker	84_vos_ng_ac_d_se	vos	ng	nom-acc	deranking	sent	vos	VS	VPA	100	0.54	0	0.0	0.05296608448028564	bos_eos
seed_43	3_3_clausal_A_marker	16_3_3_clausal_A_marker	fig:heatmap-16-clausal-a-marker	3.3 Clausal complement A marker	85_vos_ng_ac_d_pa	vos	ng	nom-acc	deranking	poss-acc	vos	VS	VPA	100	0.38	0	0.0	-0.07059201002120971	bos_eos
seed_43	3_3_clausal_A_marker	16_3_3_clausal_A_marker	fig:heatmap-16-clausal-a-marker	3.3 Clausal complement A marker	86_vos_ng_ac_d_ep	vos	ng	nom-acc	deranking	erg-poss	vos	VS	VPA	100	0.93	0	0.0	0.36987308502197264	bos_eos
seed_43	3_3_clausal_A_marker	16_3_3_clausal_A_marker	fig:heatmap-16-clausal-a-marker	3.3 Clausal complement A marker	87_vos_ng_ac_d_no	vos	ng	nom-acc	deranking	nomn	vos	VS	VPA	100	0.64	0	0.0	0.08885018825531006	bos_eos
seed_43	3_3_clausal_A_marker	16_3_3_clausal_A_marker	fig:heatmap-16-clausal-a-marker	3.3 Clausal complement A marker	88_vos_ng_er_b_se	vos	ng	erg-abs	balancing	sent	vos	VS	VPA	100	0.99	0	0.0	0.6878460049629211	bos_eos
seed_43	3_3_clausal_A_marker	16_3_3_clausal_A_marker	fig:heatmap-16-clausal-a-marker	3.3 Clausal complement A marker	89_vos_ng_er_b_pa	vos	ng	erg-abs	balancing	poss-acc	vos	VS	VPA	100	1.0	0	0.0	0.6469384574890137	bos_eos
seed_43	3_3_clausal_A_marker	16_3_3_clausal_A_marker	fig:heatmap-16-clausal-a-marker	3.3 Clausal complement A marker	90_vos_ng_er_b_ep	vos	ng	erg-abs	balancing	erg-poss	vos	VS	VPA	100	1.0	0	0.0	1.2185661602020263	bos_eos
seed_43	3_3_clausal_A_marker	16_3_3_clausal_A_marker	fig:heatmap-16-clausal-a-marker	3.3 Clausal complement A marker	91_vos_ng_er_b_no	vos	ng	erg-abs	balancing	nomn	vos	VS	VPA	100	0.99	0	0.0	0.6795730566978455	bos_eos
seed_43	3_3_clausal_A_marker	16_3_3_clausal_A_marker	fig:heatmap-16-clausal-a-marker	3.3 Clausal complement A marker	92_vos_ng_er_d_se	vos	ng	erg-abs	deranking	sent	vos	VS	VPA	100	0.98	0	0.0	0.675853226184845	bos_eos
seed_43	3_3_clausal_A_marker	16_3_3_clausal_A_marker	fig:heatmap-16-clausal-a-marker	3.3 Clausal complement A marker	93_vos_ng_er_d_pa	vos	ng	erg-abs	deranking	poss-acc	vos	VS	VPA	100	0.99	0	0.0	0.5868625807762146	bos_eos
seed_43	3_3_clausal_A_marker	16_3_3_clausal_A_marker	fig:heatmap-16-clausal-a-marker	3.3 Clausal complement A marker	94_vos_ng_er_d_ep	vos	ng	erg-abs	deranking	erg-poss	vos	VS	VPA	100	1.0	0	0.0	1.2753331971168518	bos_eos
seed_43	3_3_clausal_A_marker	16_3_3_clausal_A_marker	fig:heatmap-16-clausal-a-marker	3.3 Clausal complement A marker	95_vos_ng_er_d_no	vos	ng	erg-abs	deranking	nomn	vos	VS	VPA	100	0.99	0	0.0	0.6562759184837341	bos_eos
seed_43	3_4_clausal_P_marker	17_3_4_clausal_P_marker	fig:heatmap-17-clausal-p-marker	3.4 Clausal complement P marker	00_sov_gn_ac_b_se	sov	gn	nom-acc	balancing	sent	sov	SV	APV	100	1.0	0	0.0	1.4835627222061156	bos_eos
seed_43	3_4_clausal_P_marker	17_3_4_clausal_P_marker	fig:heatmap-17-clausal-p-marker	3.4 Clausal complement P marker	01_sov_gn_ac_b_pa	sov	gn	nom-acc	balancing	poss-acc	sov	SV	APV	100	1.0	0	0.0	1.447226266860962	bos_eos
seed_43	3_4_clausal_P_marker	17_3_4_clausal_P_marker	fig:heatmap-17-clausal-p-marker	3.4 Clausal complement P marker	02_sov_gn_ac_b_ep	sov	gn	nom-acc	balancing	erg-poss	sov	SV	APV	100	1.0	0	0.0	1.3255884194374083	bos_eos
seed_43	3_4_clausal_P_marker	17_3_4_clausal_P_marker	fig:heatmap-17-clausal-p-marker	3.4 Clausal complement P marker	03_sov_gn_ac_b_no	sov	gn	nom-acc	balancing	nomn	sov	SV	APV	100	1.0	0	0.0	1.4477076864242553	bos_eos
seed_43	3_4_clausal_P_marker	17_3_4_clausal_P_marker	fig:heatmap-17-clausal-p-marker	3.4 Clausal complement P marker	04_sov_gn_ac_d_se	sov	gn	nom-acc	deranking	sent	sov	SV	APV	100	1.0	0	0.0	1.5877747631072998	bos_eos
seed_43	3_4_clausal_P_marker	17_3_4_clausal_P_marker	fig:heatmap-17-clausal-p-marker	3.4 Clausal complement P marker	05_sov_gn_ac_d_pa	sov	gn	nom-acc	deranking	poss-acc	sov	SV	APV	100	1.0	0	0.0	1.5046268200874329	bos_eos
seed_43	3_4_clausal_P_marker	17_3_4_clausal_P_marker	fig:heatmap-17-clausal-p-marker	3.4 Clausal complement P marker	06_sov_gn_ac_d_ep	sov	gn	nom-acc	deranking	erg-poss	sov	SV	APV	100	1.0	0	0.0	1.3780068230628968	bos_eos
seed_43	3_4_clausal_P_marker	17_3_4_clausal_P_marker	fig:heatmap-17-clausal-p-marker	3.4 Clausal complement P marker	07_sov_gn_ac_d_no	sov	gn	nom-acc	deranking	nomn	sov	SV	APV	100	1.0	0	0.0	1.6208201146125794	bos_eos
seed_43	3_4_clausal_P_marker	17_3_4_clausal_P_marker	fig:heatmap-17-clausal-p-marker	3.4 Clausal complement P marker	08_sov_gn_er_b_se	sov	gn	erg-abs	balancing	sent	sov	SV	APV	100	1.0	0	0.0	0.7594033503532409	bos_eos
seed_43	3_4_clausal_P_marker	17_3_4_clausal_P_marker	fig:heatmap-17-clausal-p-marker	3.4 Clausal complement P marker	09_sov_gn_er_b_pa	sov	gn	erg-abs	balancing	poss-acc	sov	SV	APV	100	0.98	0	0.0	0.7223815679550171	bos_eos
seed_43	3_4_clausal_P_marker	17_3_4_clausal_P_marker	fig:heatmap-17-clausal-p-marker	3.4 Clausal complement P marker	10_sov_gn_er_b_ep	sov	gn	erg-abs	balancing	erg-poss	sov	SV	APV	100	0.97	0	0.0	0.5855214357376098	bos_eos
seed_43	3_4_clausal_P_marker	17_3_4_clausal_P_marker	fig:heatmap-17-clausal-p-marker	3.4 Clausal complement P marker	11_sov_gn_er_b_no	sov	gn	erg-abs	balancing	nomn	sov	SV	APV	100	1.0	0	0.0	0.6631463623046875	bos_eos
seed_43	3_4_clausal_P_marker	17_3_4_clausal_P_marker	fig:heatmap-17-clausal-p-marker	3.4 Clausal complement P marker	12_sov_gn_er_d_se	sov	gn	erg-abs	deranking	sent	sov	SV	APV	100	1.0	0	0.0	0.7882134985923767	bos_eos
seed_43	3_4_clausal_P_marker	17_3_4_clausal_P_marker	fig:heatmap-17-clausal-p-marker	3.4 Clausal complement P marker	13_sov_gn_er_d_pa	sov	gn	erg-abs	deranking	poss-acc	sov	SV	APV	100	0.95	0	0.0	0.5287911677360535	bos_eos
seed_43	3_4_clausal_P_marker	17_3_4_clausal_P_marker	fig:heatmap-17-clausal-p-marker	3.4 Clausal complement P marker	14_sov_gn_er_d_ep	sov	gn	erg-abs	deranking	erg-poss	sov	SV	APV	100	0.94	0	0.0	0.4178577184677124	bos_eos
seed_43	3_4_clausal_P_marker	17_3_4_clausal_P_marker	fig:heatmap-17-clausal-p-marker	3.4 Clausal complement P marker	15_sov_gn_er_d_no	sov	gn	erg-abs	deranking	nomn	sov	SV	APV	100	0.93	0	0.0	0.4080832123756409	bos_eos
seed_43	3_4_clausal_P_marker	17_3_4_clausal_P_marker	fig:heatmap-17-clausal-p-marker	3.4 Clausal complement P marker	16_sov_ng_ac_b_se	sov	ng	nom-acc	balancing	sent	sov	SV	APV	100	1.0	0	0.0	1.0370472908020019	bos_eos
seed_43	3_4_clausal_P_marker	17_3_4_clausal_P_marker	fig:heatmap-17-clausal-p-marker	3.4 Clausal complement P marker	17_sov_ng_ac_b_pa	sov	ng	nom-acc	balancing	poss-acc	ovs	VS	PVA	100	0.99	0	0.0	0.982519154548645	bos_eos
seed_43	3_4_clausal_P_marker	17_3_4_clausal_P_marker	fig:heatmap-17-clausal-p-marker	3.4 Clausal complement P marker	18_sov_ng_ac_b_ep	sov	ng	nom-acc	balancing	erg-poss	vos	VS	AVP	100	1.0	0	0.0	0.9890814137458801	bos_eos
seed_43	3_4_clausal_P_marker	17_3_4_clausal_P_marker	fig:heatmap-17-clausal-p-marker	3.4 Clausal complement P marker	19_sov_ng_ac_b_no	sov	ng	nom-acc	balancing	nomn	ovs	VS	PVA	100	1.0	0	0.0	1.4302500915527343	bos_eos
seed_43	3_4_clausal_P_marker	17_3_4_clausal_P_marker	fig:heatmap-17-clausal-p-marker	3.4 Clausal complement P marker	20_sov_ng_ac_d_se	sov	ng	nom-acc	deranking	sent	sov	SV	APV	100	1.0	0	0.0	1.0843980884552002	bos_eos
seed_43	3_4_clausal_P_marker	17_3_4_clausal_P_marker	fig:heatmap-17-clausal-p-marker	3.4 Clausal complement P marker	21_sov_ng_ac_d_pa	sov	ng	nom-acc	deranking	poss-acc	ovs	VS	PVA	100	1.0	0	0.0	1.1335053467750549	bos_eos
seed_43	3_4_clausal_P_marker	17_3_4_clausal_P_marker	fig:heatmap-17-clausal-p-marker	3.4 Clausal complement P marker	22_sov_ng_ac_d_ep	sov	ng	nom-acc	deranking	erg-poss	vos	VS	AVP	100	1.0	0	0.0	1.0314245867729186	bos_eos
seed_43	3_4_clausal_P_marker	17_3_4_clausal_P_marker	fig:heatmap-17-clausal-p-marker	3.4 Clausal complement P marker	23_sov_ng_ac_d_no	sov	ng	nom-acc	deranking	nomn	ovs	VS	PVA	100	1.0	0	0.0	1.5998166823387145	bos_eos
seed_43	3_4_clausal_P_marker	17_3_4_clausal_P_marker	fig:heatmap-17-clausal-p-marker	3.4 Clausal complement P marker	24_sov_ng_er_b_se	sov	ng	erg-abs	balancing	sent	sov	SV	APV	100	0.76	0	0.0	0.1604789113998413	bos_eos
seed_43	3_4_clausal_P_marker	17_3_4_clausal_P_marker	fig:heatmap-17-clausal-p-marker	3.4 Clausal complement P marker	25_sov_ng_er_b_pa	sov	ng	erg-abs	balancing	poss-acc	ovs	VS	PVA	100	0.87	0	0.0	0.22733635902404786	bos_eos
seed_43	3_4_clausal_P_marker	17_3_4_clausal_P_marker	fig:heatmap-17-clausal-p-marker	3.4 Clausal complement P marker	26_sov_ng_er_b_ep	sov	ng	erg-abs	balancing	erg-poss	vos	VS	AVP	100	0.81	0	0.0	0.1638500213623047	bos_eos
seed_43	3_4_clausal_P_marker	17_3_4_clausal_P_marker	fig:heatmap-17-clausal-p-marker	3.4 Clausal complement P marker	27_sov_ng_er_b_no	sov	ng	erg-abs	balancing	nomn	ovs	VS	PVA	100	1.0	0	0.0	0.5784334969520569	bos_eos
seed_43	3_4_clausal_P_marker	17_3_4_clausal_P_marker	fig:heatmap-17-clausal-p-marker	3.4 Clausal complement P marker	28_sov_ng_er_d_se	sov	ng	erg-abs	deranking	sent	sov	SV	APV	100	0.9	0	0.0	0.29329474210739137	bos_eos
seed_43	3_4_clausal_P_marker	17_3_4_clausal_P_marker	fig:heatmap-17-clausal-p-marker	3.4 Clausal complement P marker	29_sov_ng_er_d_pa	sov	ng	erg-abs	deranking	poss-acc	ovs	VS	PVA	100	0.82	0	0.0	0.18165118932724	bos_eos
seed_43	3_4_clausal_P_marker	17_3_4_clausal_P_marker	fig:heatmap-17-clausal-p-marker	3.4 Clausal complement P marker	30_sov_ng_er_d_ep	sov	ng	erg-abs	deranking	erg-poss	vos	VS	AVP	100	0.85	0	0.0	0.19247151136398316	bos_eos
seed_43	3_4_clausal_P_marker	17_3_4_clausal_P_marker	fig:heatmap-17-clausal-p-marker	3.4 Clausal complement P marker	31_sov_ng_er_d_no	sov	ng	erg-abs	deranking	nomn	ovs	VS	PVA	100	0.96	0	0.0	0.34270153522491453	bos_eos
seed_43	3_4_clausal_P_marker	17_3_4_clausal_P_marker	fig:heatmap-17-clausal-p-marker	3.4 Clausal complement P marker	32_svo_gn_ac_b_se	svo	gn	nom-acc	balancing	sent	svo	SV	AVP	100	1.0	0	0.0	2.1287507390975953	bos_eos
seed_43	3_4_clausal_P_marker	17_3_4_clausal_P_marker	fig:heatmap-17-clausal-p-marker	3.4 Clausal complement P marker	33_svo_gn_ac_b_pa	svo	gn	nom-acc	balancing	poss-acc	svo	SV	AVP	100	1.0	0	0.0	2.0534456086158754	bos_eos
seed_43	3_4_clausal_P_marker	17_3_4_clausal_P_marker	fig:heatmap-17-clausal-p-marker	3.4 Clausal complement P marker	34_svo_gn_ac_b_ep	svo	gn	nom-acc	balancing	erg-poss	sov	SV	PVA	100	1.0	0	0.0	1.8591090369224548	bos_eos
seed_43	3_4_clausal_P_marker	17_3_4_clausal_P_marker	fig:heatmap-17-clausal-p-marker	3.4 Clausal complement P marker	35_svo_gn_ac_b_no	svo	gn	nom-acc	balancing	nomn	svo	SV	AVP	100	1.0	0	0.0	1.8609136199951173	bos_eos
seed_43	3_4_clausal_P_marker	17_3_4_clausal_P_marker	fig:heatmap-17-clausal-p-marker	3.4 Clausal complement P marker	36_svo_gn_ac_d_se	svo	gn	nom-acc	deranking	sent	svo	SV	AVP	100	1.0	0	0.0	1.9677288007736207	bos_eos
seed_43	3_4_clausal_P_marker	17_3_4_clausal_P_marker	fig:heatmap-17-clausal-p-marker	3.4 Clausal complement P marker	37_svo_gn_ac_d_pa	svo	gn	nom-acc	deranking	poss-acc	svo	SV	AVP	100	1.0	0	0.0	1.850500156879425	bos_eos
seed_43	3_4_clausal_P_marker	17_3_4_clausal_P_marker	fig:heatmap-17-clausal-p-marker	3.4 Clausal complement P marker	38_svo_gn_ac_d_ep	svo	gn	nom-acc	deranking	erg-poss	sov	SV	PVA	100	1.0	0	0.0	1.957449803352356	bos_eos
seed_43	3_4_clausal_P_marker	17_3_4_clausal_P_marker	fig:heatmap-17-clausal-p-marker	3.4 Clausal complement P marker	39_svo_gn_ac_d_no	svo	gn	nom-acc	deranking	nomn	svo	SV	AVP	100	1.0	0	0.0	1.7683080077171325	bos_eos
seed_43	3_4_clausal_P_marker	17_3_4_clausal_P_marker	fig:heatmap-17-clausal-p-marker	3.4 Clausal complement P marker	40_svo_gn_er_b_se	svo	gn	erg-abs	balancing	sent	svo	SV	AVP	100	1.0	0	0.0	0.946650857925415	bos_eos
seed_43	3_4_clausal_P_marker	17_3_4_clausal_P_marker	fig:heatmap-17-clausal-p-marker	3.4 Clausal complement P marker	41_svo_gn_er_b_pa	svo	gn	erg-abs	balancing	poss-acc	svo	SV	AVP	100	1.0	0	0.0	0.9570361661911011	bos_eos
seed_43	3_4_clausal_P_marker	17_3_4_clausal_P_marker	fig:heatmap-17-clausal-p-marker	3.4 Clausal complement P marker	42_svo_gn_er_b_ep	svo	gn	erg-abs	balancing	erg-poss	sov	SV	PVA	100	1.0	0	0.0	0.9430412244796753	bos_eos
seed_43	3_4_clausal_P_marker	17_3_4_clausal_P_marker	fig:heatmap-17-clausal-p-marker	3.4 Clausal complement P marker	43_svo_gn_er_b_no	svo	gn	erg-abs	balancing	nomn	svo	SV	AVP	100	1.0	0	0.0	0.7162019920349121	bos_eos
seed_43	3_4_clausal_P_marker	17_3_4_clausal_P_marker	fig:heatmap-17-clausal-p-marker	3.4 Clausal complement P marker	44_svo_gn_er_d_se	svo	gn	erg-abs	deranking	sent	svo	SV	AVP	100	1.0	0	0.0	1.0581015610694886	bos_eos
seed_43	3_4_clausal_P_marker	17_3_4_clausal_P_marker	fig:heatmap-17-clausal-p-marker	3.4 Clausal complement P marker	45_svo_gn_er_d_pa	svo	gn	erg-abs	deranking	poss-acc	svo	SV	AVP	100	1.0	0	0.0	1.0045477318763734	bos_eos
seed_43	3_4_clausal_P_marker	17_3_4_clausal_P_marker	fig:heatmap-17-clausal-p-marker	3.4 Clausal complement P marker	46_svo_gn_er_d_ep	svo	gn	erg-abs	deranking	erg-poss	sov	SV	PVA	100	1.0	0	0.0	0.705804500579834	bos_eos
seed_43	3_4_clausal_P_marker	17_3_4_clausal_P_marker	fig:heatmap-17-clausal-p-marker	3.4 Clausal complement P marker	47_svo_gn_er_d_no	svo	gn	erg-abs	deranking	nomn	svo	SV	AVP	100	0.94	0	0.0	0.3090152645111084	bos_eos
seed_43	3_4_clausal_P_marker	17_3_4_clausal_P_marker	fig:heatmap-17-clausal-p-marker	3.4 Clausal complement P marker	48_svo_ng_ac_b_se	svo	ng	nom-acc	balancing	sent	svo	SV	AVP	100	1.0	0	0.0	1.9047568821907044	bos_eos
seed_43	3_4_clausal_P_marker	17_3_4_clausal_P_marker	fig:heatmap-17-clausal-p-marker	3.4 Clausal complement P marker	49_svo_ng_ac_b_pa	svo	ng	nom-acc	balancing	poss-acc	vos	VS	VPA	100	1.0	0	0.0	1.9992967438697815	bos_eos
seed_43	3_4_clausal_P_marker	17_3_4_clausal_P_marker	fig:heatmap-17-clausal-p-marker	3.4 Clausal complement P marker	50_svo_ng_ac_b_ep	svo	ng	nom-acc	balancing	erg-poss	vos	VS	VPA	100	1.0	0	0.0	2.074814851284027	bos_eos
seed_43	3_4_clausal_P_marker	17_3_4_clausal_P_marker	fig:heatmap-17-clausal-p-marker	3.4 Clausal complement P marker	51_svo_ng_ac_b_no	svo	ng	nom-acc	balancing	nomn	vos	VS	VPA	100	1.0	0	0.0	2.189455692768097	bos_eos
seed_43	3_4_clausal_P_marker	17_3_4_clausal_P_marker	fig:heatmap-17-clausal-p-marker	3.4 Clausal complement P marker	52_svo_ng_ac_d_se	svo	ng	nom-acc	deranking	sent	svo	SV	AVP	100	1.0	0	0.0	1.9863779330253601	bos_eos
seed_43	3_4_clausal_P_marker	17_3_4_clausal_P_marker	fig:heatmap-17-clausal-p-marker	3.4 Clausal complement P marker	53_svo_ng_ac_d_pa	svo	ng	nom-acc	deranking	poss-acc	vos	VS	VPA	100	1.0	0	0.0	1.9458035397529603	bos_eos
seed_43	3_4_clausal_P_marker	17_3_4_clausal_P_marker	fig:heatmap-17-clausal-p-marker	3.4 Clausal complement P marker	54_svo_ng_ac_d_ep	svo	ng	nom-acc	deranking	erg-poss	vos	VS	VPA	100	1.0	0	0.0	1.7142032861709595	bos_eos
seed_43	3_4_clausal_P_marker	17_3_4_clausal_P_marker	fig:heatmap-17-clausal-p-marker	3.4 Clausal complement P marker	55_svo_ng_ac_d_no	svo	ng	nom-acc	deranking	nomn	vos	VS	VPA	100	1.0	0	0.0	1.8752818346023559	bos_eos
seed_43	3_4_clausal_P_marker	17_3_4_clausal_P_marker	fig:heatmap-17-clausal-p-marker	3.4 Clausal complement P marker	56_svo_ng_er_b_se	svo	ng	erg-abs	balancing	sent	svo	SV	AVP	100	0.98	0	0.0	0.5351541066169738	bos_eos
seed_43	3_4_clausal_P_marker	17_3_4_clausal_P_marker	fig:heatmap-17-clausal-p-marker	3.4 Clausal complement P marker	57_svo_ng_er_b_pa	svo	ng	erg-abs	balancing	poss-acc	vos	VS	VPA	100	0.99	0	0.0	0.4064377403259277	bos_eos
seed_43	3_4_clausal_P_marker	17_3_4_clausal_P_marker	fig:heatmap-17-clausal-p-marker	3.4 Clausal complement P marker	58_svo_ng_er_b_ep	svo	ng	erg-abs	balancing	erg-poss	vos	VS	VPA	100	0.98	0	0.0	0.44039578437805177	bos_eos
seed_43	3_4_clausal_P_marker	17_3_4_clausal_P_marker	fig:heatmap-17-clausal-p-marker	3.4 Clausal complement P marker	59_svo_ng_er_b_no	svo	ng	erg-abs	balancing	nomn	vos	VS	VPA	100	1.0	0	0.0	0.6645314025878907	bos_eos
seed_43	3_4_clausal_P_marker	17_3_4_clausal_P_marker	fig:heatmap-17-clausal-p-marker	3.4 Clausal complement P marker	60_svo_ng_er_d_se	svo	ng	erg-abs	deranking	sent	svo	SV	AVP	100	0.96	0	0.0	0.3661517190933228	bos_eos
seed_43	3_4_clausal_P_marker	17_3_4_clausal_P_marker	fig:heatmap-17-clausal-p-marker	3.4 Clausal complement P marker	61_svo_ng_er_d_pa	svo	ng	erg-abs	deranking	poss-acc	vos	VS	VPA	100	0.97	0	0.0	0.412749183177948	bos_eos
seed_43	3_4_clausal_P_marker	17_3_4_clausal_P_marker	fig:heatmap-17-clausal-p-marker	3.4 Clausal complement P marker	62_svo_ng_er_d_ep	svo	ng	erg-abs	deranking	erg-poss	vos	VS	VPA	100	0.89	0	0.0	0.19921165704727173	bos_eos
seed_43	3_4_clausal_P_marker	17_3_4_clausal_P_marker	fig:heatmap-17-clausal-p-marker	3.4 Clausal complement P marker	63_svo_ng_er_d_no	svo	ng	erg-abs	deranking	nomn	vos	VS	VPA	100	0.96	0	0.0	0.3591152238845825	bos_eos
seed_43	3_4_clausal_P_marker	17_3_4_clausal_P_marker	fig:heatmap-17-clausal-p-marker	3.4 Clausal complement P marker	64_vos_gn_ac_b_se	vos	gn	nom-acc	balancing	sent	vos	VS	VPA	100	1.0	0	0.0	1.0086910605430603	bos_eos
seed_43	3_4_clausal_P_marker	17_3_4_clausal_P_marker	fig:heatmap-17-clausal-p-marker	3.4 Clausal complement P marker	65_vos_gn_ac_b_pa	vos	gn	nom-acc	balancing	poss-acc	svo	SV	AVP	100	1.0	0	0.0	1.0006701683998107	bos_eos
seed_43	3_4_clausal_P_marker	17_3_4_clausal_P_marker	fig:heatmap-17-clausal-p-marker	3.4 Clausal complement P marker	66_vos_gn_ac_b_ep	vos	gn	nom-acc	balancing	erg-poss	sov	SV	PVA	100	1.0	0	0.0	0.8898588395118714	bos_eos
seed_43	3_4_clausal_P_marker	17_3_4_clausal_P_marker	fig:heatmap-17-clausal-p-marker	3.4 Clausal complement P marker	67_vos_gn_ac_b_no	vos	gn	nom-acc	balancing	nomn	svo	SV	AVP	100	1.0	0	0.0	1.2165218925476073	bos_eos
seed_43	3_4_clausal_P_marker	17_3_4_clausal_P_marker	fig:heatmap-17-clausal-p-marker	3.4 Clausal complement P marker	68_vos_gn_ac_d_se	vos	gn	nom-acc	deranking	sent	vos	VS	VPA	100	1.0	0	0.0	1.006907777786255	bos_eos
seed_43	3_4_clausal_P_marker	17_3_4_clausal_P_marker	fig:heatmap-17-clausal-p-marker	3.4 Clausal complement P marker	69_vos_gn_ac_d_pa	vos	gn	nom-acc	deranking	poss-acc	svo	SV	AVP	100	1.0	0	0.0	0.9312396907806396	bos_eos
seed_43	3_4_clausal_P_marker	17_3_4_clausal_P_marker	fig:heatmap-17-clausal-p-marker	3.4 Clausal complement P marker	70_vos_gn_ac_d_ep	vos	gn	nom-acc	deranking	erg-poss	sov	SV	PVA	100	1.0	0	0.0	0.9379001092910767	bos_eos
seed_43	3_4_clausal_P_marker	17_3_4_clausal_P_marker	fig:heatmap-17-clausal-p-marker	3.4 Clausal complement P marker	71_vos_gn_ac_d_no	vos	gn	nom-acc	deranking	nomn	svo	SV	AVP	100	1.0	0	0.0	1.1658106136322022	bos_eos
seed_43	3_4_clausal_P_marker	17_3_4_clausal_P_marker	fig:heatmap-17-clausal-p-marker	3.4 Clausal complement P marker	72_vos_gn_er_b_se	vos	gn	erg-abs	balancing	sent	vos	VS	VPA	100	0.96	0	0.0	0.4157525086402893	bos_eos
seed_43	3_4_clausal_P_marker	17_3_4_clausal_P_marker	fig:heatmap-17-clausal-p-marker	3.4 Clausal complement P marker	73_vos_gn_er_b_pa	vos	gn	erg-abs	balancing	poss-acc	svo	SV	AVP	100	0.97	0	0.0	0.4178024673461914	bos_eos
seed_43	3_4_clausal_P_marker	17_3_4_clausal_P_marker	fig:heatmap-17-clausal-p-marker	3.4 Clausal complement P marker	74_vos_gn_er_b_ep	vos	gn	erg-abs	balancing	erg-poss	sov	SV	PVA	100	0.98	0	0.0	0.45797860383987427	bos_eos
seed_43	3_4_clausal_P_marker	17_3_4_clausal_P_marker	fig:heatmap-17-clausal-p-marker	3.4 Clausal complement P marker	75_vos_gn_er_b_no	vos	gn	erg-abs	balancing	nomn	svo	SV	AVP	100	1.0	0	0.0	0.4719818067550659	bos_eos
seed_43	3_4_clausal_P_marker	17_3_4_clausal_P_marker	fig:heatmap-17-clausal-p-marker	3.4 Clausal complement P marker	76_vos_gn_er_d_se	vos	gn	erg-abs	deranking	sent	vos	VS	VPA	100	1.0	0	0.0	0.46416332960128787	bos_eos
seed_43	3_4_clausal_P_marker	17_3_4_clausal_P_marker	fig:heatmap-17-clausal-p-marker	3.4 Clausal complement P marker	77_vos_gn_er_d_pa	vos	gn	erg-abs	deranking	poss-acc	svo	SV	AVP	100	1.0	0	0.0	0.46950339317321776	bos_eos
seed_43	3_4_clausal_P_marker	17_3_4_clausal_P_marker	fig:heatmap-17-clausal-p-marker	3.4 Clausal complement P marker	78_vos_gn_er_d_ep	vos	gn	erg-abs	deranking	erg-poss	sov	SV	PVA	100	0.98	0	0.0	0.39862088441848753	bos_eos
seed_43	3_4_clausal_P_marker	17_3_4_clausal_P_marker	fig:heatmap-17-clausal-p-marker	3.4 Clausal complement P marker	79_vos_gn_er_d_no	vos	gn	erg-abs	deranking	nomn	svo	SV	AVP	100	0.96	0	0.0	0.40093537092208864	bos_eos
seed_43	3_4_clausal_P_marker	17_3_4_clausal_P_marker	fig:heatmap-17-clausal-p-marker	3.4 Clausal complement P marker	80_vos_ng_ac_b_se	vos	ng	nom-acc	balancing	sent	vos	VS	VPA	100	1.0	0	0.0	1.1501602554321289	bos_eos
seed_43	3_4_clausal_P_marker	17_3_4_clausal_P_marker	fig:heatmap-17-clausal-p-marker	3.4 Clausal complement P marker	81_vos_ng_ac_b_pa	vos	ng	nom-acc	balancing	poss-acc	vos	VS	VPA	100	1.0	0	0.0	1.1709076619148255	bos_eos
seed_43	3_4_clausal_P_marker	17_3_4_clausal_P_marker	fig:heatmap-17-clausal-p-marker	3.4 Clausal complement P marker	82_vos_ng_ac_b_ep	vos	ng	nom-acc	balancing	erg-poss	vos	VS	VPA	100	1.0	0	0.0	1.1105390167236329	bos_eos
seed_43	3_4_clausal_P_marker	17_3_4_clausal_P_marker	fig:heatmap-17-clausal-p-marker	3.4 Clausal complement P marker	83_vos_ng_ac_b_no	vos	ng	nom-acc	balancing	nomn	vos	VS	VPA	100	1.0	0	0.0	1.3234519171714783	bos_eos
seed_43	3_4_clausal_P_marker	17_3_4_clausal_P_marker	fig:heatmap-17-clausal-p-marker	3.4 Clausal complement P marker	84_vos_ng_ac_d_se	vos	ng	nom-acc	deranking	sent	vos	VS	VPA	100	1.0	0	0.0	1.1769887542724609	bos_eos
seed_43	3_4_clausal_P_marker	17_3_4_clausal_P_marker	fig:heatmap-17-clausal-p-marker	3.4 Clausal complement P marker	85_vos_ng_ac_d_pa	vos	ng	nom-acc	deranking	poss-acc	vos	VS	VPA	100	1.0	0	0.0	1.1125369882583618	bos_eos
seed_43	3_4_clausal_P_marker	17_3_4_clausal_P_marker	fig:heatmap-17-clausal-p-marker	3.4 Clausal complement P marker	86_vos_ng_ac_d_ep	vos	ng	nom-acc	deranking	erg-poss	vos	VS	VPA	100	1.0	0	0.0	1.0236394906044006	bos_eos
seed_43	3_4_clausal_P_marker	17_3_4_clausal_P_marker	fig:heatmap-17-clausal-p-marker	3.4 Clausal complement P marker	87_vos_ng_ac_d_no	vos	ng	nom-acc	deranking	nomn	vos	VS	VPA	100	1.0	0	0.0	1.1938342213630677	bos_eos
seed_43	3_4_clausal_P_marker	17_3_4_clausal_P_marker	fig:heatmap-17-clausal-p-marker	3.4 Clausal complement P marker	88_vos_ng_er_b_se	vos	ng	erg-abs	balancing	sent	vos	VS	VPA	100	1.0	0	0.0	0.5654453182220459	bos_eos
seed_43	3_4_clausal_P_marker	17_3_4_clausal_P_marker	fig:heatmap-17-clausal-p-marker	3.4 Clausal complement P marker	89_vos_ng_er_b_pa	vos	ng	erg-abs	balancing	poss-acc	vos	VS	VPA	100	1.0	0	0.0	0.594647364616394	bos_eos
seed_43	3_4_clausal_P_marker	17_3_4_clausal_P_marker	fig:heatmap-17-clausal-p-marker	3.4 Clausal complement P marker	90_vos_ng_er_b_ep	vos	ng	erg-abs	balancing	erg-poss	vos	VS	VPA	100	0.99	0	0.0	0.4703343439102173	bos_eos
seed_43	3_4_clausal_P_marker	17_3_4_clausal_P_marker	fig:heatmap-17-clausal-p-marker	3.4 Clausal complement P marker	91_vos_ng_er_b_no	vos	ng	erg-abs	balancing	nomn	vos	VS	VPA	100	1.0	0	0.0	0.5023628783226013	bos_eos
seed_43	3_4_clausal_P_marker	17_3_4_clausal_P_marker	fig:heatmap-17-clausal-p-marker	3.4 Clausal complement P marker	92_vos_ng_er_d_se	vos	ng	erg-abs	deranking	sent	vos	VS	VPA	100	0.99	0	0.0	0.5465028309822082	bos_eos
seed_43	3_4_clausal_P_marker	17_3_4_clausal_P_marker	fig:heatmap-17-clausal-p-marker	3.4 Clausal complement P marker	93_vos_ng_er_d_pa	vos	ng	erg-abs	deranking	poss-acc	vos	VS	VPA	100	0.96	0	0.0	0.37974962711334226	bos_eos
seed_43	3_4_clausal_P_marker	17_3_4_clausal_P_marker	fig:heatmap-17-clausal-p-marker	3.4 Clausal complement P marker	94_vos_ng_er_d_ep	vos	ng	erg-abs	deranking	erg-poss	vos	VS	VPA	100	0.86	0	0.0	0.20111294507980346	bos_eos
seed_43	3_4_clausal_P_marker	17_3_4_clausal_P_marker	fig:heatmap-17-clausal-p-marker	3.4 Clausal complement P marker	95_vos_ng_er_d_no	vos	ng	erg-abs	deranking	nomn	vos	VS	VPA	100	0.93	0	0.0	0.3587351894378662	bos_eos
seed_43	3_5_clausal_comp_V_order	18_3_5_clausal_comp_V_order	fig:heatmap-18-clausal-comp-v-order	3.5 Clausal complement--V order	00_sov_gn_ac_b_se	sov	gn	nom-acc	balancing	sent	sov	SV	APV	100	1.0	0	0.0	2.1566065096855165	bos_eos
seed_43	3_5_clausal_comp_V_order	18_3_5_clausal_comp_V_order	fig:heatmap-18-clausal-comp-v-order	3.5 Clausal complement--V order	01_sov_gn_ac_b_pa	sov	gn	nom-acc	balancing	poss-acc	sov	SV	APV	100	1.0	0	0.0	2.1454033708572386	bos_eos
seed_43	3_5_clausal_comp_V_order	18_3_5_clausal_comp_V_order	fig:heatmap-18-clausal-comp-v-order	3.5 Clausal complement--V order	02_sov_gn_ac_b_ep	sov	gn	nom-acc	balancing	erg-poss	sov	SV	APV	100	1.0	0	0.0	2.021205735206604	bos_eos
seed_43	3_5_clausal_comp_V_order	18_3_5_clausal_comp_V_order	fig:heatmap-18-clausal-comp-v-order	3.5 Clausal complement--V order	03_sov_gn_ac_b_no	sov	gn	nom-acc	balancing	nomn	sov	SV	APV	100	1.0	0	0.0	2.1720896005630492	bos_eos
seed_43	3_5_clausal_comp_V_order	18_3_5_clausal_comp_V_order	fig:heatmap-18-clausal-comp-v-order	3.5 Clausal complement--V order	04_sov_gn_ac_d_se	sov	gn	nom-acc	deranking	sent	sov	SV	APV	100	1.0	0	0.0	3.611908881664276	bos_eos
seed_43	3_5_clausal_comp_V_order	18_3_5_clausal_comp_V_order	fig:heatmap-18-clausal-comp-v-order	3.5 Clausal complement--V order	05_sov_gn_ac_d_pa	sov	gn	nom-acc	deranking	poss-acc	sov	SV	APV	100	1.0	0	0.0	3.3657664132118223	bos_eos
seed_43	3_5_clausal_comp_V_order	18_3_5_clausal_comp_V_order	fig:heatmap-18-clausal-comp-v-order	3.5 Clausal complement--V order	06_sov_gn_ac_d_ep	sov	gn	nom-acc	deranking	erg-poss	sov	SV	APV	100	1.0	0	0.0	3.5406295704841613	bos_eos
seed_43	3_5_clausal_comp_V_order	18_3_5_clausal_comp_V_order	fig:heatmap-18-clausal-comp-v-order	3.5 Clausal complement--V order	07_sov_gn_ac_d_no	sov	gn	nom-acc	deranking	nomn	sov	SV	APV	100	1.0	0	0.0	3.647628526687622	bos_eos
seed_43	3_5_clausal_comp_V_order	18_3_5_clausal_comp_V_order	fig:heatmap-18-clausal-comp-v-order	3.5 Clausal complement--V order	08_sov_gn_er_b_se	sov	gn	erg-abs	balancing	sent	sov	SV	APV	100	1.0	0	0.0	1.6642257046699525	bos_eos
seed_43	3_5_clausal_comp_V_order	18_3_5_clausal_comp_V_order	fig:heatmap-18-clausal-comp-v-order	3.5 Clausal complement--V order	09_sov_gn_er_b_pa	sov	gn	erg-abs	balancing	poss-acc	sov	SV	APV	100	1.0	0	0.0	1.69844806432724	bos_eos
seed_43	3_5_clausal_comp_V_order	18_3_5_clausal_comp_V_order	fig:heatmap-18-clausal-comp-v-order	3.5 Clausal complement--V order	10_sov_gn_er_b_ep	sov	gn	erg-abs	balancing	erg-poss	sov	SV	APV	100	1.0	0	0.0	1.8007686376571654	bos_eos
seed_43	3_5_clausal_comp_V_order	18_3_5_clausal_comp_V_order	fig:heatmap-18-clausal-comp-v-order	3.5 Clausal complement--V order	11_sov_gn_er_b_no	sov	gn	erg-abs	balancing	nomn	sov	SV	APV	100	1.0	0	0.0	1.8739871597290039	bos_eos
seed_43	3_5_clausal_comp_V_order	18_3_5_clausal_comp_V_order	fig:heatmap-18-clausal-comp-v-order	3.5 Clausal complement--V order	12_sov_gn_er_d_se	sov	gn	erg-abs	deranking	sent	sov	SV	APV	100	1.0	0	0.0	3.2838989424705507	bos_eos
seed_43	3_5_clausal_comp_V_order	18_3_5_clausal_comp_V_order	fig:heatmap-18-clausal-comp-v-order	3.5 Clausal complement--V order	13_sov_gn_er_d_pa	sov	gn	erg-abs	deranking	poss-acc	sov	SV	APV	100	1.0	0	0.0	3.1767078542709353	bos_eos
seed_43	3_5_clausal_comp_V_order	18_3_5_clausal_comp_V_order	fig:heatmap-18-clausal-comp-v-order	3.5 Clausal complement--V order	14_sov_gn_er_d_ep	sov	gn	erg-abs	deranking	erg-poss	sov	SV	APV	100	1.0	0	0.0	3.199131524562836	bos_eos
seed_43	3_5_clausal_comp_V_order	18_3_5_clausal_comp_V_order	fig:heatmap-18-clausal-comp-v-order	3.5 Clausal complement--V order	15_sov_gn_er_d_no	sov	gn	erg-abs	deranking	nomn	sov	SV	APV	100	1.0	0	0.0	3.0917523980140684	bos_eos
seed_43	3_5_clausal_comp_V_order	18_3_5_clausal_comp_V_order	fig:heatmap-18-clausal-comp-v-order	3.5 Clausal complement--V order	16_sov_ng_ac_b_se	sov	ng	nom-acc	balancing	sent	sov	SV	APV	100	1.0	0	0.0	1.7083525276184082	bos_eos
seed_43	3_5_clausal_comp_V_order	18_3_5_clausal_comp_V_order	fig:heatmap-18-clausal-comp-v-order	3.5 Clausal complement--V order	17_sov_ng_ac_b_pa	sov	ng	nom-acc	balancing	poss-acc	ovs	VS	PVA	100	1.0	0	0.0	2.1759870409965516	bos_eos
seed_43	3_5_clausal_comp_V_order	18_3_5_clausal_comp_V_order	fig:heatmap-18-clausal-comp-v-order	3.5 Clausal complement--V order	18_sov_ng_ac_b_ep	sov	ng	nom-acc	balancing	erg-poss	vos	VS	AVP	100	1.0	0	0.0	2.048793680667877	bos_eos
seed_43	3_5_clausal_comp_V_order	18_3_5_clausal_comp_V_order	fig:heatmap-18-clausal-comp-v-order	3.5 Clausal complement--V order	19_sov_ng_ac_b_no	sov	ng	nom-acc	balancing	nomn	ovs	VS	PVA	100	1.0	0	0.0	2.1469198083877563	bos_eos
seed_43	3_5_clausal_comp_V_order	18_3_5_clausal_comp_V_order	fig:heatmap-18-clausal-comp-v-order	3.5 Clausal complement--V order	20_sov_ng_ac_d_se	sov	ng	nom-acc	deranking	sent	sov	SV	APV	100	1.0	0	0.0	3.3471039819717405	bos_eos
seed_43	3_5_clausal_comp_V_order	18_3_5_clausal_comp_V_order	fig:heatmap-18-clausal-comp-v-order	3.5 Clausal complement--V order	21_sov_ng_ac_d_pa	sov	ng	nom-acc	deranking	poss-acc	ovs	VS	PVA	100	1.0	0	0.0	3.511755247116089	bos_eos
seed_43	3_5_clausal_comp_V_order	18_3_5_clausal_comp_V_order	fig:heatmap-18-clausal-comp-v-order	3.5 Clausal complement--V order	22_sov_ng_ac_d_ep	sov	ng	nom-acc	deranking	erg-poss	vos	VS	AVP	100	1.0	0	0.0	3.2291236329078674	bos_eos
seed_43	3_5_clausal_comp_V_order	18_3_5_clausal_comp_V_order	fig:heatmap-18-clausal-comp-v-order	3.5 Clausal complement--V order	23_sov_ng_ac_d_no	sov	ng	nom-acc	deranking	nomn	ovs	VS	PVA	100	1.0	0	0.0	3.651157820224762	bos_eos
seed_43	3_5_clausal_comp_V_order	18_3_5_clausal_comp_V_order	fig:heatmap-18-clausal-comp-v-order	3.5 Clausal complement--V order	24_sov_ng_er_b_se	sov	ng	erg-abs	balancing	sent	sov	SV	APV	100	1.0	0	0.0	1.482308428287506	bos_eos
seed_43	3_5_clausal_comp_V_order	18_3_5_clausal_comp_V_order	fig:heatmap-18-clausal-comp-v-order	3.5 Clausal complement--V order	25_sov_ng_er_b_pa	sov	ng	erg-abs	balancing	poss-acc	ovs	VS	PVA	100	1.0	0	0.0	1.7436223077774047	bos_eos
seed_43	3_5_clausal_comp_V_order	18_3_5_clausal_comp_V_order	fig:heatmap-18-clausal-comp-v-order	3.5 Clausal complement--V order	26_sov_ng_er_b_ep	sov	ng	erg-abs	balancing	erg-poss	vos	VS	AVP	100	1.0	0	0.0	1.6216996693611145	bos_eos
seed_43	3_5_clausal_comp_V_order	18_3_5_clausal_comp_V_order	fig:heatmap-18-clausal-comp-v-order	3.5 Clausal complement--V order	27_sov_ng_er_b_no	sov	ng	erg-abs	balancing	nomn	ovs	VS	PVA	100	1.0	0	0.0	1.7918384432792664	bos_eos
seed_43	3_5_clausal_comp_V_order	18_3_5_clausal_comp_V_order	fig:heatmap-18-clausal-comp-v-order	3.5 Clausal complement--V order	28_sov_ng_er_d_se	sov	ng	erg-abs	deranking	sent	sov	SV	APV	100	1.0	0	0.0	3.1407475590705873	bos_eos
seed_43	3_5_clausal_comp_V_order	18_3_5_clausal_comp_V_order	fig:heatmap-18-clausal-comp-v-order	3.5 Clausal complement--V order	29_sov_ng_er_d_pa	sov	ng	erg-abs	deranking	poss-acc	ovs	VS	PVA	100	1.0	0	0.0	2.9733903884887694	bos_eos
seed_43	3_5_clausal_comp_V_order	18_3_5_clausal_comp_V_order	fig:heatmap-18-clausal-comp-v-order	3.5 Clausal complement--V order	30_sov_ng_er_d_ep	sov	ng	erg-abs	deranking	erg-poss	vos	VS	AVP	100	1.0	0	0.0	3.024690134525299	bos_eos
seed_43	3_5_clausal_comp_V_order	18_3_5_clausal_comp_V_order	fig:heatmap-18-clausal-comp-v-order	3.5 Clausal complement--V order	31_sov_ng_er_d_no	sov	ng	erg-abs	deranking	nomn	ovs	VS	PVA	100	1.0	0	0.0	3.025497691631317	bos_eos
seed_43	3_5_clausal_comp_V_order	18_3_5_clausal_comp_V_order	fig:heatmap-18-clausal-comp-v-order	3.5 Clausal complement--V order	32_svo_gn_ac_b_se	svo	gn	nom-acc	balancing	sent	svo	SV	AVP	100	1.0	0	0.0	3.054093198776245	bos_eos
seed_43	3_5_clausal_comp_V_order	18_3_5_clausal_comp_V_order	fig:heatmap-18-clausal-comp-v-order	3.5 Clausal complement--V order	33_svo_gn_ac_b_pa	svo	gn	nom-acc	balancing	poss-acc	svo	SV	AVP	100	1.0	0	0.0	2.919860079288483	bos_eos
seed_43	3_5_clausal_comp_V_order	18_3_5_clausal_comp_V_order	fig:heatmap-18-clausal-comp-v-order	3.5 Clausal complement--V order	34_svo_gn_ac_b_ep	svo	gn	nom-acc	balancing	erg-poss	sov	SV	PVA	100	1.0	0	0.0	3.137547287940979	bos_eos
seed_43	3_5_clausal_comp_V_order	18_3_5_clausal_comp_V_order	fig:heatmap-18-clausal-comp-v-order	3.5 Clausal complement--V order	35_svo_gn_ac_b_no	svo	gn	nom-acc	balancing	nomn	svo	SV	AVP	100	1.0	0	0.0	3.1323307585716247	bos_eos
seed_43	3_5_clausal_comp_V_order	18_3_5_clausal_comp_V_order	fig:heatmap-18-clausal-comp-v-order	3.5 Clausal complement--V order	36_svo_gn_ac_d_se	svo	gn	nom-acc	deranking	sent	svo	SV	AVP	100	1.0	0	0.0	3.0238887667655945	bos_eos
seed_43	3_5_clausal_comp_V_order	18_3_5_clausal_comp_V_order	fig:heatmap-18-clausal-comp-v-order	3.5 Clausal complement--V order	37_svo_gn_ac_d_pa	svo	gn	nom-acc	deranking	poss-acc	svo	SV	AVP	100	1.0	0	0.0	3.146815626621246	bos_eos
seed_43	3_5_clausal_comp_V_order	18_3_5_clausal_comp_V_order	fig:heatmap-18-clausal-comp-v-order	3.5 Clausal complement--V order	38_svo_gn_ac_d_ep	svo	gn	nom-acc	deranking	erg-poss	sov	SV	PVA	100	1.0	0	0.0	3.588406686782837	bos_eos
seed_43	3_5_clausal_comp_V_order	18_3_5_clausal_comp_V_order	fig:heatmap-18-clausal-comp-v-order	3.5 Clausal complement--V order	39_svo_gn_ac_d_no	svo	gn	nom-acc	deranking	nomn	svo	SV	AVP	100	1.0	0	0.0	3.4855028629302978	bos_eos
seed_43	3_5_clausal_comp_V_order	18_3_5_clausal_comp_V_order	fig:heatmap-18-clausal-comp-v-order	3.5 Clausal complement--V order	40_svo_gn_er_b_se	svo	gn	erg-abs	balancing	sent	svo	SV	AVP	100	1.0	0	0.0	2.1123587608337404	bos_eos
seed_43	3_5_clausal_comp_V_order	18_3_5_clausal_comp_V_order	fig:heatmap-18-clausal-comp-v-order	3.5 Clausal complement--V order	41_svo_gn_er_b_pa	svo	gn	erg-abs	balancing	poss-acc	svo	SV	AVP	100	1.0	0	0.0	2.4151378440856934	bos_eos
seed_43	3_5_clausal_comp_V_order	18_3_5_clausal_comp_V_order	fig:heatmap-18-clausal-comp-v-order	3.5 Clausal complement--V order	42_svo_gn_er_b_ep	svo	gn	erg-abs	balancing	erg-poss	sov	SV	PVA	100	1.0	0	0.0	2.3842109656333923	bos_eos
seed_43	3_5_clausal_comp_V_order	18_3_5_clausal_comp_V_order	fig:heatmap-18-clausal-comp-v-order	3.5 Clausal complement--V order	43_svo_gn_er_b_no	svo	gn	erg-abs	balancing	nomn	svo	SV	AVP	100	1.0	0	0.0	2.490651774406433	bos_eos
seed_43	3_5_clausal_comp_V_order	18_3_5_clausal_comp_V_order	fig:heatmap-18-clausal-comp-v-order	3.5 Clausal complement--V order	44_svo_gn_er_d_se	svo	gn	erg-abs	deranking	sent	svo	SV	AVP	100	1.0	0	0.0	2.7411290049552917	bos_eos
seed_43	3_5_clausal_comp_V_order	18_3_5_clausal_comp_V_order	fig:heatmap-18-clausal-comp-v-order	3.5 Clausal complement--V order	45_svo_gn_er_d_pa	svo	gn	erg-abs	deranking	poss-acc	svo	SV	AVP	100	1.0	0	0.0	2.9924248313903807	bos_eos
seed_43	3_5_clausal_comp_V_order	18_3_5_clausal_comp_V_order	fig:heatmap-18-clausal-comp-v-order	3.5 Clausal complement--V order	46_svo_gn_er_d_ep	svo	gn	erg-abs	deranking	erg-poss	sov	SV	PVA	100	1.0	0	0.0	3.002015461921692	bos_eos
seed_43	3_5_clausal_comp_V_order	18_3_5_clausal_comp_V_order	fig:heatmap-18-clausal-comp-v-order	3.5 Clausal complement--V order	47_svo_gn_er_d_no	svo	gn	erg-abs	deranking	nomn	svo	SV	AVP	100	1.0	0	0.0	2.890801968574524	bos_eos
seed_43	3_5_clausal_comp_V_order	18_3_5_clausal_comp_V_order	fig:heatmap-18-clausal-comp-v-order	3.5 Clausal complement--V order	48_svo_ng_ac_b_se	svo	ng	nom-acc	balancing	sent	svo	SV	AVP	100	1.0	0	0.0	2.8533161592483522	bos_eos
seed_43	3_5_clausal_comp_V_order	18_3_5_clausal_comp_V_order	fig:heatmap-18-clausal-comp-v-order	3.5 Clausal complement--V order	49_svo_ng_ac_b_pa	svo	ng	nom-acc	balancing	poss-acc	vos	VS	VPA	100	1.0	0	0.0	2.863473937511444	bos_eos
seed_43	3_5_clausal_comp_V_order	18_3_5_clausal_comp_V_order	fig:heatmap-18-clausal-comp-v-order	3.5 Clausal complement--V order	50_svo_ng_ac_b_ep	svo	ng	nom-acc	balancing	erg-poss	vos	VS	VPA	100	1.0	0	0.0	3.020965430736542	bos_eos
seed_43	3_5_clausal_comp_V_order	18_3_5_clausal_comp_V_order	fig:heatmap-18-clausal-comp-v-order	3.5 Clausal complement--V order	51_svo_ng_ac_b_no	svo	ng	nom-acc	balancing	nomn	vos	VS	VPA	100	1.0	0	0.0	3.0066699147224427	bos_eos
seed_43	3_5_clausal_comp_V_order	18_3_5_clausal_comp_V_order	fig:heatmap-18-clausal-comp-v-order	3.5 Clausal complement--V order	52_svo_ng_ac_d_se	svo	ng	nom-acc	deranking	sent	svo	SV	AVP	100	1.0	0	0.0	2.9843960976600648	bos_eos
seed_43	3_5_clausal_comp_V_order	18_3_5_clausal_comp_V_order	fig:heatmap-18-clausal-comp-v-order	3.5 Clausal complement--V order	53_svo_ng_ac_d_pa	svo	ng	nom-acc	deranking	poss-acc	vos	VS	VPA	100	1.0	0	0.0	3.092630124092102	bos_eos
seed_43	3_5_clausal_comp_V_order	18_3_5_clausal_comp_V_order	fig:heatmap-18-clausal-comp-v-order	3.5 Clausal complement--V order	54_svo_ng_ac_d_ep	svo	ng	nom-acc	deranking	erg-poss	vos	VS	VPA	100	1.0	0	0.0	3.1144701504707335	bos_eos
seed_43	3_5_clausal_comp_V_order	18_3_5_clausal_comp_V_order	fig:heatmap-18-clausal-comp-v-order	3.5 Clausal complement--V order	55_svo_ng_ac_d_no	svo	ng	nom-acc	deranking	nomn	vos	VS	VPA	100	1.0	0	0.0	3.0256946206092836	bos_eos
seed_43	3_5_clausal_comp_V_order	18_3_5_clausal_comp_V_order	fig:heatmap-18-clausal-comp-v-order	3.5 Clausal complement--V order	56_svo_ng_er_b_se	svo	ng	erg-abs	balancing	sent	svo	SV	AVP	100	1.0	0	0.0	2.3127877521514892	bos_eos
seed_43	3_5_clausal_comp_V_order	18_3_5_clausal_comp_V_order	fig:heatmap-18-clausal-comp-v-order	3.5 Clausal complement--V order	57_svo_ng_er_b_pa	svo	ng	erg-abs	balancing	poss-acc	vos	VS	VPA	100	1.0	0	0.0	2.217411105632782	bos_eos
seed_43	3_5_clausal_comp_V_order	18_3_5_clausal_comp_V_order	fig:heatmap-18-clausal-comp-v-order	3.5 Clausal complement--V order	58_svo_ng_er_b_ep	svo	ng	erg-abs	balancing	erg-poss	vos	VS	VPA	100	1.0	0	0.0	2.4190761184692384	bos_eos
seed_43	3_5_clausal_comp_V_order	18_3_5_clausal_comp_V_order	fig:heatmap-18-clausal-comp-v-order	3.5 Clausal complement--V order	59_svo_ng_er_b_no	svo	ng	erg-abs	balancing	nomn	vos	VS	VPA	100	1.0	0	0.0	2.408550350666046	bos_eos
seed_43	3_5_clausal_comp_V_order	18_3_5_clausal_comp_V_order	fig:heatmap-18-clausal-comp-v-order	3.5 Clausal complement--V order	60_svo_ng_er_d_se	svo	ng	erg-abs	deranking	sent	svo	SV	AVP	100	1.0	0	0.0	2.6751385140419006	bos_eos
seed_43	3_5_clausal_comp_V_order	18_3_5_clausal_comp_V_order	fig:heatmap-18-clausal-comp-v-order	3.5 Clausal complement--V order	61_svo_ng_er_d_pa	svo	ng	erg-abs	deranking	poss-acc	vos	VS	VPA	100	1.0	0	0.0	2.8790117144584655	bos_eos
seed_43	3_5_clausal_comp_V_order	18_3_5_clausal_comp_V_order	fig:heatmap-18-clausal-comp-v-order	3.5 Clausal complement--V order	62_svo_ng_er_d_ep	svo	ng	erg-abs	deranking	erg-poss	vos	VS	VPA	100	1.0	0	0.0	2.888020260334015	bos_eos
seed_43	3_5_clausal_comp_V_order	18_3_5_clausal_comp_V_order	fig:heatmap-18-clausal-comp-v-order	3.5 Clausal complement--V order	63_svo_ng_er_d_no	svo	ng	erg-abs	deranking	nomn	vos	VS	VPA	100	1.0	0	0.0	2.7903868103027345	bos_eos
seed_43	3_5_clausal_comp_V_order	18_3_5_clausal_comp_V_order	fig:heatmap-18-clausal-comp-v-order	3.5 Clausal complement--V order	64_vos_gn_ac_b_se	vos	gn	nom-acc	balancing	sent	vos	VS	VPA	100	1.0	0	0.0	4.734742174148559	bos_eos
seed_43	3_5_clausal_comp_V_order	18_3_5_clausal_comp_V_order	fig:heatmap-18-clausal-comp-v-order	3.5 Clausal complement--V order	65_vos_gn_ac_b_pa	vos	gn	nom-acc	balancing	poss-acc	svo	SV	AVP	100	1.0	0	0.0	4.842148249149322	bos_eos
seed_43	3_5_clausal_comp_V_order	18_3_5_clausal_comp_V_order	fig:heatmap-18-clausal-comp-v-order	3.5 Clausal complement--V order	66_vos_gn_ac_b_ep	vos	gn	nom-acc	balancing	erg-poss	sov	SV	PVA	100	1.0	0	0.0	4.784838247299194	bos_eos
seed_43	3_5_clausal_comp_V_order	18_3_5_clausal_comp_V_order	fig:heatmap-18-clausal-comp-v-order	3.5 Clausal complement--V order	67_vos_gn_ac_b_no	vos	gn	nom-acc	balancing	nomn	svo	SV	AVP	100	1.0	0	0.0	4.83282781124115	bos_eos
seed_43	3_5_clausal_comp_V_order	18_3_5_clausal_comp_V_order	fig:heatmap-18-clausal-comp-v-order	3.5 Clausal complement--V order	68_vos_gn_ac_d_se	vos	gn	nom-acc	deranking	sent	vos	VS	VPA	100	1.0	0	0.0	5.250965685844421	bos_eos
seed_43	3_5_clausal_comp_V_order	18_3_5_clausal_comp_V_order	fig:heatmap-18-clausal-comp-v-order	3.5 Clausal complement--V order	69_vos_gn_ac_d_pa	vos	gn	nom-acc	deranking	poss-acc	svo	SV	AVP	100	1.0	0	0.0	5.084402940273285	bos_eos
seed_43	3_5_clausal_comp_V_order	18_3_5_clausal_comp_V_order	fig:heatmap-18-clausal-comp-v-order	3.5 Clausal complement--V order	70_vos_gn_ac_d_ep	vos	gn	nom-acc	deranking	erg-poss	sov	SV	PVA	100	1.0	0	0.0	5.3637766480445865	bos_eos
seed_43	3_5_clausal_comp_V_order	18_3_5_clausal_comp_V_order	fig:heatmap-18-clausal-comp-v-order	3.5 Clausal complement--V order	71_vos_gn_ac_d_no	vos	gn	nom-acc	deranking	nomn	svo	SV	AVP	100	1.0	0	0.0	5.25824022769928	bos_eos
seed_43	3_5_clausal_comp_V_order	18_3_5_clausal_comp_V_order	fig:heatmap-18-clausal-comp-v-order	3.5 Clausal complement--V order	72_vos_gn_er_b_se	vos	gn	erg-abs	balancing	sent	vos	VS	VPA	100	1.0	0	0.0	4.379715898036957	bos_eos
seed_43	3_5_clausal_comp_V_order	18_3_5_clausal_comp_V_order	fig:heatmap-18-clausal-comp-v-order	3.5 Clausal complement--V order	73_vos_gn_er_b_pa	vos	gn	erg-abs	balancing	poss-acc	svo	SV	AVP	100	1.0	0	0.0	4.484096033573151	bos_eos
seed_43	3_5_clausal_comp_V_order	18_3_5_clausal_comp_V_order	fig:heatmap-18-clausal-comp-v-order	3.5 Clausal complement--V order	74_vos_gn_er_b_ep	vos	gn	erg-abs	balancing	erg-poss	sov	SV	PVA	100	1.0	0	0.0	4.605432481765747	bos_eos
seed_43	3_5_clausal_comp_V_order	18_3_5_clausal_comp_V_order	fig:heatmap-18-clausal-comp-v-order	3.5 Clausal complement--V order	75_vos_gn_er_b_no	vos	gn	erg-abs	balancing	nomn	svo	SV	AVP	100	1.0	0	0.0	4.353400719165802	bos_eos
seed_43	3_5_clausal_comp_V_order	18_3_5_clausal_comp_V_order	fig:heatmap-18-clausal-comp-v-order	3.5 Clausal complement--V order	76_vos_gn_er_d_se	vos	gn	erg-abs	deranking	sent	vos	VS	VPA	100	1.0	0	0.0	4.806084084510803	bos_eos
seed_43	3_5_clausal_comp_V_order	18_3_5_clausal_comp_V_order	fig:heatmap-18-clausal-comp-v-order	3.5 Clausal complement--V order	77_vos_gn_er_d_pa	vos	gn	erg-abs	deranking	poss-acc	svo	SV	AVP	100	1.0	0	0.0	4.74720983505249	bos_eos
seed_43	3_5_clausal_comp_V_order	18_3_5_clausal_comp_V_order	fig:heatmap-18-clausal-comp-v-order	3.5 Clausal complement--V order	78_vos_gn_er_d_ep	vos	gn	erg-abs	deranking	erg-poss	sov	SV	PVA	100	1.0	0	0.0	4.752226955890656	bos_eos
seed_43	3_5_clausal_comp_V_order	18_3_5_clausal_comp_V_order	fig:heatmap-18-clausal-comp-v-order	3.5 Clausal complement--V order	79_vos_gn_er_d_no	vos	gn	erg-abs	deranking	nomn	svo	SV	AVP	100	1.0	0	0.0	4.696060743331909	bos_eos
seed_43	3_5_clausal_comp_V_order	18_3_5_clausal_comp_V_order	fig:heatmap-18-clausal-comp-v-order	3.5 Clausal complement--V order	80_vos_ng_ac_b_se	vos	ng	nom-acc	balancing	sent	vos	VS	VPA	100	1.0	0	0.0	4.737263576984406	bos_eos
seed_43	3_5_clausal_comp_V_order	18_3_5_clausal_comp_V_order	fig:heatmap-18-clausal-comp-v-order	3.5 Clausal complement--V order	81_vos_ng_ac_b_pa	vos	ng	nom-acc	balancing	poss-acc	vos	VS	VPA	100	1.0	0	0.0	4.71259752035141	bos_eos
seed_43	3_5_clausal_comp_V_order	18_3_5_clausal_comp_V_order	fig:heatmap-18-clausal-comp-v-order	3.5 Clausal complement--V order	82_vos_ng_ac_b_ep	vos	ng	nom-acc	balancing	erg-poss	vos	VS	VPA	100	1.0	0	0.0	4.959196538925171	bos_eos
seed_43	3_5_clausal_comp_V_order	18_3_5_clausal_comp_V_order	fig:heatmap-18-clausal-comp-v-order	3.5 Clausal complement--V order	83_vos_ng_ac_b_no	vos	ng	nom-acc	balancing	nomn	vos	VS	VPA	100	1.0	0	0.0	4.764786367416382	bos_eos
seed_43	3_5_clausal_comp_V_order	18_3_5_clausal_comp_V_order	fig:heatmap-18-clausal-comp-v-order	3.5 Clausal complement--V order	84_vos_ng_ac_d_se	vos	ng	nom-acc	deranking	sent	vos	VS	VPA	100	1.0	0	0.0	5.306930673122406	bos_eos
seed_43	3_5_clausal_comp_V_order	18_3_5_clausal_comp_V_order	fig:heatmap-18-clausal-comp-v-order	3.5 Clausal complement--V order	85_vos_ng_ac_d_pa	vos	ng	nom-acc	deranking	poss-acc	vos	VS	VPA	100	1.0	0	0.0	5.363295578956604	bos_eos
seed_43	3_5_clausal_comp_V_order	18_3_5_clausal_comp_V_order	fig:heatmap-18-clausal-comp-v-order	3.5 Clausal complement--V order	86_vos_ng_ac_d_ep	vos	ng	nom-acc	deranking	erg-poss	vos	VS	VPA	100	1.0	0	0.0	5.203113448619843	bos_eos
seed_43	3_5_clausal_comp_V_order	18_3_5_clausal_comp_V_order	fig:heatmap-18-clausal-comp-v-order	3.5 Clausal complement--V order	87_vos_ng_ac_d_no	vos	ng	nom-acc	deranking	nomn	vos	VS	VPA	100	1.0	0	0.0	5.48937156200409	bos_eos
seed_43	3_5_clausal_comp_V_order	18_3_5_clausal_comp_V_order	fig:heatmap-18-clausal-comp-v-order	3.5 Clausal complement--V order	88_vos_ng_er_b_se	vos	ng	erg-abs	balancing	sent	vos	VS	VPA	100	1.0	0	0.0	4.492099878787994	bos_eos
seed_43	3_5_clausal_comp_V_order	18_3_5_clausal_comp_V_order	fig:heatmap-18-clausal-comp-v-order	3.5 Clausal complement--V order	89_vos_ng_er_b_pa	vos	ng	erg-abs	balancing	poss-acc	vos	VS	VPA	100	1.0	0	0.0	4.384993598461151	bos_eos
seed_43	3_5_clausal_comp_V_order	18_3_5_clausal_comp_V_order	fig:heatmap-18-clausal-comp-v-order	3.5 Clausal complement--V order	90_vos_ng_er_b_ep	vos	ng	erg-abs	balancing	erg-poss	vos	VS	VPA	100	1.0	0	0.0	4.380992214679718	bos_eos
seed_43	3_5_clausal_comp_V_order	18_3_5_clausal_comp_V_order	fig:heatmap-18-clausal-comp-v-order	3.5 Clausal complement--V order	91_vos_ng_er_b_no	vos	ng	erg-abs	balancing	nomn	vos	VS	VPA	100	1.0	0	0.0	4.447620556354523	bos_eos
seed_43	3_5_clausal_comp_V_order	18_3_5_clausal_comp_V_order	fig:heatmap-18-clausal-comp-v-order	3.5 Clausal complement--V order	92_vos_ng_er_d_se	vos	ng	erg-abs	deranking	sent	vos	VS	VPA	100	1.0	0	0.0	4.956338379383087	bos_eos
seed_43	3_5_clausal_comp_V_order	18_3_5_clausal_comp_V_order	fig:heatmap-18-clausal-comp-v-order	3.5 Clausal complement--V order	93_vos_ng_er_d_pa	vos	ng	erg-abs	deranking	poss-acc	vos	VS	VPA	100	1.0	0	0.0	4.869441828727722	bos_eos
seed_43	3_5_clausal_comp_V_order	18_3_5_clausal_comp_V_order	fig:heatmap-18-clausal-comp-v-order	3.5 Clausal complement--V order	94_vos_ng_er_d_ep	vos	ng	erg-abs	deranking	erg-poss	vos	VS	VPA	100	1.0	0	0.0	5.393664274215698	bos_eos
seed_43	3_5_clausal_comp_V_order	18_3_5_clausal_comp_V_order	fig:heatmap-18-clausal-comp-v-order	3.5 Clausal complement--V order	95_vos_ng_er_d_no	vos	ng	erg-abs	deranking	nomn	vos	VS	VPA	100	1.0	0	0.0	4.992567331790924	bos_eos
seed_43	3_6_clausal_CV_valency	19_3_6_clausal_CV_valency	fig:heatmap-19-clausal-cv-valency	3.6 Clausal complement CV valency	00_sov_gn_ac_b_se	sov	gn	nom-acc	balancing	sent	sov	SV	APV	100	0.74	0	0.0	0.5435428285598755	bos_eos
seed_43	3_6_clausal_CV_valency	19_3_6_clausal_CV_valency	fig:heatmap-19-clausal-cv-valency	3.6 Clausal complement CV valency	01_sov_gn_ac_b_pa	sov	gn	nom-acc	balancing	poss-acc	sov	SV	APV	100	0.72	0	0.0	0.5408652639389038	bos_eos
seed_43	3_6_clausal_CV_valency	19_3_6_clausal_CV_valency	fig:heatmap-19-clausal-cv-valency	3.6 Clausal complement CV valency	02_sov_gn_ac_b_ep	sov	gn	nom-acc	balancing	erg-poss	sov	SV	APV	100	0.75	0	0.0	0.5517327690124512	bos_eos
seed_43	3_6_clausal_CV_valency	19_3_6_clausal_CV_valency	fig:heatmap-19-clausal-cv-valency	3.6 Clausal complement CV valency	03_sov_gn_ac_b_no	sov	gn	nom-acc	balancing	nomn	sov	SV	APV	100	0.74	0	0.0	0.5757845878601074	bos_eos
seed_43	3_6_clausal_CV_valency	19_3_6_clausal_CV_valency	fig:heatmap-19-clausal-cv-valency	3.6 Clausal complement CV valency	04_sov_gn_ac_d_se	sov	gn	nom-acc	deranking	sent	sov	SV	APV	100	0.74	0	0.0	0.5468331789970398	bos_eos
seed_43	3_6_clausal_CV_valency	19_3_6_clausal_CV_valency	fig:heatmap-19-clausal-cv-valency	3.6 Clausal complement CV valency	05_sov_gn_ac_d_pa	sov	gn	nom-acc	deranking	poss-acc	sov	SV	APV	100	0.79	0	0.0	0.5341705894470214	bos_eos
seed_43	3_6_clausal_CV_valency	19_3_6_clausal_CV_valency	fig:heatmap-19-clausal-cv-valency	3.6 Clausal complement CV valency	06_sov_gn_ac_d_ep	sov	gn	nom-acc	deranking	erg-poss	sov	SV	APV	100	0.77	0	0.0	0.505505805015564	bos_eos
seed_43	3_6_clausal_CV_valency	19_3_6_clausal_CV_valency	fig:heatmap-19-clausal-cv-valency	3.6 Clausal complement CV valency	07_sov_gn_ac_d_no	sov	gn	nom-acc	deranking	nomn	sov	SV	APV	100	0.71	0	0.0	0.5418159031867981	bos_eos
seed_43	3_6_clausal_CV_valency	19_3_6_clausal_CV_valency	fig:heatmap-19-clausal-cv-valency	3.6 Clausal complement CV valency	08_sov_gn_er_b_se	sov	gn	erg-abs	balancing	sent	sov	SV	APV	100	0.75	0	0.0	0.460841166973114	bos_eos
seed_43	3_6_clausal_CV_valency	19_3_6_clausal_CV_valency	fig:heatmap-19-clausal-cv-valency	3.6 Clausal complement CV valency	09_sov_gn_er_b_pa	sov	gn	erg-abs	balancing	poss-acc	sov	SV	APV	100	0.75	0	0.0	0.447367901802063	bos_eos
seed_43	3_6_clausal_CV_valency	19_3_6_clausal_CV_valency	fig:heatmap-19-clausal-cv-valency	3.6 Clausal complement CV valency	10_sov_gn_er_b_ep	sov	gn	erg-abs	balancing	erg-poss	sov	SV	APV	100	0.8	0	0.0	0.5094879627227783	bos_eos
seed_43	3_6_clausal_CV_valency	19_3_6_clausal_CV_valency	fig:heatmap-19-clausal-cv-valency	3.6 Clausal complement CV valency	11_sov_gn_er_b_no	sov	gn	erg-abs	balancing	nomn	sov	SV	APV	100	0.76	0	0.0	0.47131149530410765	bos_eos
seed_43	3_6_clausal_CV_valency	19_3_6_clausal_CV_valency	fig:heatmap-19-clausal-cv-valency	3.6 Clausal complement CV valency	12_sov_gn_er_d_se	sov	gn	erg-abs	deranking	sent	sov	SV	APV	100	0.75	0	0.0	0.4054574918746948	bos_eos
seed_43	3_6_clausal_CV_valency	19_3_6_clausal_CV_valency	fig:heatmap-19-clausal-cv-valency	3.6 Clausal complement CV valency	13_sov_gn_er_d_pa	sov	gn	erg-abs	deranking	poss-acc	sov	SV	APV	100	0.75	0	0.0	0.40761718988418577	bos_eos
seed_43	3_6_clausal_CV_valency	19_3_6_clausal_CV_valency	fig:heatmap-19-clausal-cv-valency	3.6 Clausal complement CV valency	14_sov_gn_er_d_ep	sov	gn	erg-abs	deranking	erg-poss	sov	SV	APV	100	0.77	0	0.0	0.404085648059845	bos_eos
seed_43	3_6_clausal_CV_valency	19_3_6_clausal_CV_valency	fig:heatmap-19-clausal-cv-valency	3.6 Clausal complement CV valency	15_sov_gn_er_d_no	sov	gn	erg-abs	deranking	nomn	sov	SV	APV	100	0.77	0	0.0	0.43367997646331785	bos_eos
seed_43	3_6_clausal_CV_valency	19_3_6_clausal_CV_valency	fig:heatmap-19-clausal-cv-valency	3.6 Clausal complement CV valency	16_sov_ng_ac_b_se	sov	ng	nom-acc	balancing	sent	sov	SV	APV	100	0.74	0	0.0	0.5500616884231567	bos_eos
seed_43	3_6_clausal_CV_valency	19_3_6_clausal_CV_valency	fig:heatmap-19-clausal-cv-valency	3.6 Clausal complement CV valency	17_sov_ng_ac_b_pa	sov	ng	nom-acc	balancing	poss-acc	ovs	VS	PVA	100	0.73	0	0.0	0.5767959594726563	bos_eos
seed_43	3_6_clausal_CV_valency	19_3_6_clausal_CV_valency	fig:heatmap-19-clausal-cv-valency	3.6 Clausal complement CV valency	18_sov_ng_ac_b_ep	sov	ng	nom-acc	balancing	erg-poss	vos	VS	AVP	100	0.76	0	0.0	0.5474634933471679	bos_eos
seed_43	3_6_clausal_CV_valency	19_3_6_clausal_CV_valency	fig:heatmap-19-clausal-cv-valency	3.6 Clausal complement CV valency	19_sov_ng_ac_b_no	sov	ng	nom-acc	balancing	nomn	ovs	VS	PVA	100	0.77	0	0.0	0.5767228960990906	bos_eos
seed_43	3_6_clausal_CV_valency	19_3_6_clausal_CV_valency	fig:heatmap-19-clausal-cv-valency	3.6 Clausal complement CV valency	20_sov_ng_ac_d_se	sov	ng	nom-acc	deranking	sent	sov	SV	APV	100	0.77	0	0.0	0.5202341079711914	bos_eos
seed_43	3_6_clausal_CV_valency	19_3_6_clausal_CV_valency	fig:heatmap-19-clausal-cv-valency	3.6 Clausal complement CV valency	21_sov_ng_ac_d_pa	sov	ng	nom-acc	deranking	poss-acc	ovs	VS	PVA	100	0.79	0	0.0	0.5206325435638428	bos_eos
seed_43	3_6_clausal_CV_valency	19_3_6_clausal_CV_valency	fig:heatmap-19-clausal-cv-valency	3.6 Clausal complement CV valency	22_sov_ng_ac_d_ep	sov	ng	nom-acc	deranking	erg-poss	vos	VS	AVP	100	0.75	0	0.0	0.5052341103553772	bos_eos
seed_43	3_6_clausal_CV_valency	19_3_6_clausal_CV_valency	fig:heatmap-19-clausal-cv-valency	3.6 Clausal complement CV valency	23_sov_ng_ac_d_no	sov	ng	nom-acc	deranking	nomn	ovs	VS	PVA	100	0.79	0	0.0	0.5053623199462891	bos_eos
seed_43	3_6_clausal_CV_valency	19_3_6_clausal_CV_valency	fig:heatmap-19-clausal-cv-valency	3.6 Clausal complement CV valency	24_sov_ng_er_b_se	sov	ng	erg-abs	balancing	sent	sov	SV	APV	100	0.75	0	0.0	0.47537864923477174	bos_eos
seed_43	3_6_clausal_CV_valency	19_3_6_clausal_CV_valency	fig:heatmap-19-clausal-cv-valency	3.6 Clausal complement CV valency	25_sov_ng_er_b_pa	sov	ng	erg-abs	balancing	poss-acc	ovs	VS	PVA	100	0.74	0	0.0	0.4868717503547668	bos_eos
seed_43	3_6_clausal_CV_valency	19_3_6_clausal_CV_valency	fig:heatmap-19-clausal-cv-valency	3.6 Clausal complement CV valency	26_sov_ng_er_b_ep	sov	ng	erg-abs	balancing	erg-poss	vos	VS	AVP	100	0.79	0	0.0	0.4755503487586975	bos_eos
seed_43	3_6_clausal_CV_valency	19_3_6_clausal_CV_valency	fig:heatmap-19-clausal-cv-valency	3.6 Clausal complement CV valency	27_sov_ng_er_b_no	sov	ng	erg-abs	balancing	nomn	ovs	VS	PVA	100	0.77	0	0.0	0.4412197017669678	bos_eos
seed_43	3_6_clausal_CV_valency	19_3_6_clausal_CV_valency	fig:heatmap-19-clausal-cv-valency	3.6 Clausal complement CV valency	28_sov_ng_er_d_se	sov	ng	erg-abs	deranking	sent	sov	SV	APV	100	0.74	0	0.0	0.4045118856430054	bos_eos
seed_43	3_6_clausal_CV_valency	19_3_6_clausal_CV_valency	fig:heatmap-19-clausal-cv-valency	3.6 Clausal complement CV valency	29_sov_ng_er_d_pa	sov	ng	erg-abs	deranking	poss-acc	ovs	VS	PVA	100	0.75	0	0.0	0.4463904619216919	bos_eos
seed_43	3_6_clausal_CV_valency	19_3_6_clausal_CV_valency	fig:heatmap-19-clausal-cv-valency	3.6 Clausal complement CV valency	30_sov_ng_er_d_ep	sov	ng	erg-abs	deranking	erg-poss	vos	VS	AVP	100	0.76	0	0.0	0.4152869701385498	bos_eos
seed_43	3_6_clausal_CV_valency	19_3_6_clausal_CV_valency	fig:heatmap-19-clausal-cv-valency	3.6 Clausal complement CV valency	31_sov_ng_er_d_no	sov	ng	erg-abs	deranking	nomn	ovs	VS	PVA	100	0.76	0	0.0	0.40329426527023315	bos_eos
seed_43	3_6_clausal_CV_valency	19_3_6_clausal_CV_valency	fig:heatmap-19-clausal-cv-valency	3.6 Clausal complement CV valency	32_svo_gn_ac_b_se	svo	gn	nom-acc	balancing	sent	svo	SV	AVP	100	0.72	0	0.0	0.4985750079154968	bos_eos
seed_43	3_6_clausal_CV_valency	19_3_6_clausal_CV_valency	fig:heatmap-19-clausal-cv-valency	3.6 Clausal complement CV valency	33_svo_gn_ac_b_pa	svo	gn	nom-acc	balancing	poss-acc	svo	SV	AVP	100	0.75	0	0.0	0.5328494310379028	bos_eos
seed_43	3_6_clausal_CV_valency	19_3_6_clausal_CV_valency	fig:heatmap-19-clausal-cv-valency	3.6 Clausal complement CV valency	34_svo_gn_ac_b_ep	svo	gn	nom-acc	balancing	erg-poss	sov	SV	PVA	100	0.74	0	0.0	0.5046093583106994	bos_eos
seed_43	3_6_clausal_CV_valency	19_3_6_clausal_CV_valency	fig:heatmap-19-clausal-cv-valency	3.6 Clausal complement CV valency	35_svo_gn_ac_b_no	svo	gn	nom-acc	balancing	nomn	svo	SV	AVP	100	0.74	0	0.0	0.5091352105140686	bos_eos
seed_43	3_6_clausal_CV_valency	19_3_6_clausal_CV_valency	fig:heatmap-19-clausal-cv-valency	3.6 Clausal complement CV valency	36_svo_gn_ac_d_se	svo	gn	nom-acc	deranking	sent	svo	SV	AVP	100	0.81	0	0.0	0.532104001045227	bos_eos
seed_43	3_6_clausal_CV_valency	19_3_6_clausal_CV_valency	fig:heatmap-19-clausal-cv-valency	3.6 Clausal complement CV valency	37_svo_gn_ac_d_pa	svo	gn	nom-acc	deranking	poss-acc	svo	SV	AVP	100	0.78	0	0.0	0.501789231300354	bos_eos
seed_43	3_6_clausal_CV_valency	19_3_6_clausal_CV_valency	fig:heatmap-19-clausal-cv-valency	3.6 Clausal complement CV valency	38_svo_gn_ac_d_ep	svo	gn	nom-acc	deranking	erg-poss	sov	SV	PVA	100	0.73	0	0.0	0.49374324321746826	bos_eos
seed_43	3_6_clausal_CV_valency	19_3_6_clausal_CV_valency	fig:heatmap-19-clausal-cv-valency	3.6 Clausal complement CV valency	39_svo_gn_ac_d_no	svo	gn	nom-acc	deranking	nomn	svo	SV	AVP	100	0.81	0	0.0	0.5396435475349426	bos_eos
seed_43	3_6_clausal_CV_valency	19_3_6_clausal_CV_valency	fig:heatmap-19-clausal-cv-valency	3.6 Clausal complement CV valency	40_svo_gn_er_b_se	svo	gn	erg-abs	balancing	sent	svo	SV	AVP	100	0.78	0	0.0	0.43567973852157593	bos_eos
seed_43	3_6_clausal_CV_valency	19_3_6_clausal_CV_valency	fig:heatmap-19-clausal-cv-valency	3.6 Clausal complement CV valency	41_svo_gn_er_b_pa	svo	gn	erg-abs	balancing	poss-acc	svo	SV	AVP	100	0.75	0	0.0	0.42388965845108034	bos_eos
seed_43	3_6_clausal_CV_valency	19_3_6_clausal_CV_valency	fig:heatmap-19-clausal-cv-valency	3.6 Clausal complement CV valency	42_svo_gn_er_b_ep	svo	gn	erg-abs	balancing	erg-poss	sov	SV	PVA	100	0.73	0	0.0	0.4250277256965637	bos_eos
seed_43	3_6_clausal_CV_valency	19_3_6_clausal_CV_valency	fig:heatmap-19-clausal-cv-valency	3.6 Clausal complement CV valency	43_svo_gn_er_b_no	svo	gn	erg-abs	balancing	nomn	svo	SV	AVP	100	0.75	0	0.0	0.4337163424491882	bos_eos
seed_43	3_6_clausal_CV_valency	19_3_6_clausal_CV_valency	fig:heatmap-19-clausal-cv-valency	3.6 Clausal complement CV valency	44_svo_gn_er_d_se	svo	gn	erg-abs	deranking	sent	svo	SV	AVP	100	0.81	0	0.0	0.4532376503944397	bos_eos
seed_43	3_6_clausal_CV_valency	19_3_6_clausal_CV_valency	fig:heatmap-19-clausal-cv-valency	3.6 Clausal complement CV valency	45_svo_gn_er_d_pa	svo	gn	erg-abs	deranking	poss-acc	svo	SV	AVP	100	0.75	0	0.0	0.44603151082992554	bos_eos
seed_43	3_6_clausal_CV_valency	19_3_6_clausal_CV_valency	fig:heatmap-19-clausal-cv-valency	3.6 Clausal complement CV valency	46_svo_gn_er_d_ep	svo	gn	erg-abs	deranking	erg-poss	sov	SV	PVA	100	0.75	0	0.0	0.3993056559562683	bos_eos
seed_43	3_6_clausal_CV_valency	19_3_6_clausal_CV_valency	fig:heatmap-19-clausal-cv-valency	3.6 Clausal complement CV valency	47_svo_gn_er_d_no	svo	gn	erg-abs	deranking	nomn	svo	SV	AVP	100	0.75	0	0.0	0.47911734104156495	bos_eos
seed_43	3_6_clausal_CV_valency	19_3_6_clausal_CV_valency	fig:heatmap-19-clausal-cv-valency	3.6 Clausal complement CV valency	48_svo_ng_ac_b_se	svo	ng	nom-acc	balancing	sent	svo	SV	AVP	100	0.76	0	0.0	0.5527078080177307	bos_eos
seed_43	3_6_clausal_CV_valency	19_3_6_clausal_CV_valency	fig:heatmap-19-clausal-cv-valency	3.6 Clausal complement CV valency	49_svo_ng_ac_b_pa	svo	ng	nom-acc	balancing	poss-acc	vos	VS	VPA	100	0.74	0	0.0	0.5159366369247437	bos_eos
seed_43	3_6_clausal_CV_valency	19_3_6_clausal_CV_valency	fig:heatmap-19-clausal-cv-valency	3.6 Clausal complement CV valency	50_svo_ng_ac_b_ep	svo	ng	nom-acc	balancing	erg-poss	vos	VS	VPA	100	0.74	0	0.0	0.498819534778595	bos_eos
seed_43	3_6_clausal_CV_valency	19_3_6_clausal_CV_valency	fig:heatmap-19-clausal-cv-valency	3.6 Clausal complement CV valency	51_svo_ng_ac_b_no	svo	ng	nom-acc	balancing	nomn	vos	VS	VPA	100	0.78	0	0.0	0.5663402771949768	bos_eos
seed_43	3_6_clausal_CV_valency	19_3_6_clausal_CV_valency	fig:heatmap-19-clausal-cv-valency	3.6 Clausal complement CV valency	52_svo_ng_ac_d_se	svo	ng	nom-acc	deranking	sent	svo	SV	AVP	100	0.76	0	0.0	0.5170357632637024	bos_eos
seed_43	3_6_clausal_CV_valency	19_3_6_clausal_CV_valency	fig:heatmap-19-clausal-cv-valency	3.6 Clausal complement CV valency	53_svo_ng_ac_d_pa	svo	ng	nom-acc	deranking	poss-acc	vos	VS	VPA	100	0.74	0	0.0	0.5090552115440369	bos_eos
seed_43	3_6_clausal_CV_valency	19_3_6_clausal_CV_valency	fig:heatmap-19-clausal-cv-valency	3.6 Clausal complement CV valency	54_svo_ng_ac_d_ep	svo	ng	nom-acc	deranking	erg-poss	vos	VS	VPA	100	0.77	0	0.0	0.5185093569755554	bos_eos
seed_43	3_6_clausal_CV_valency	19_3_6_clausal_CV_valency	fig:heatmap-19-clausal-cv-valency	3.6 Clausal complement CV valency	55_svo_ng_ac_d_no	svo	ng	nom-acc	deranking	nomn	vos	VS	VPA	100	0.75	0	0.0	0.5486356067657471	bos_eos
seed_43	3_6_clausal_CV_valency	19_3_6_clausal_CV_valency	fig:heatmap-19-clausal-cv-valency	3.6 Clausal complement CV valency	56_svo_ng_er_b_se	svo	ng	erg-abs	balancing	sent	svo	SV	AVP	100	0.78	0	0.0	0.4284868788719177	bos_eos
seed_43	3_6_clausal_CV_valency	19_3_6_clausal_CV_valency	fig:heatmap-19-clausal-cv-valency	3.6 Clausal complement CV valency	57_svo_ng_er_b_pa	svo	ng	erg-abs	balancing	poss-acc	vos	VS	VPA	100	0.79	0	0.0	0.4606468629837036	bos_eos
seed_43	3_6_clausal_CV_valency	19_3_6_clausal_CV_valency	fig:heatmap-19-clausal-cv-valency	3.6 Clausal complement CV valency	58_svo_ng_er_b_ep	svo	ng	erg-abs	balancing	erg-poss	vos	VS	VPA	100	0.75	0	0.0	0.4193162941932678	bos_eos
seed_43	3_6_clausal_CV_valency	19_3_6_clausal_CV_valency	fig:heatmap-19-clausal-cv-valency	3.6 Clausal complement CV valency	59_svo_ng_er_b_no	svo	ng	erg-abs	balancing	nomn	vos	VS	VPA	100	0.77	0	0.0	0.40395001649856566	bos_eos
seed_43	3_6_clausal_CV_valency	19_3_6_clausal_CV_valency	fig:heatmap-19-clausal-cv-valency	3.6 Clausal complement CV valency	60_svo_ng_er_d_se	svo	ng	erg-abs	deranking	sent	svo	SV	AVP	100	0.72	0	0.0	0.3769845151901245	bos_eos
seed_43	3_6_clausal_CV_valency	19_3_6_clausal_CV_valency	fig:heatmap-19-clausal-cv-valency	3.6 Clausal complement CV valency	61_svo_ng_er_d_pa	svo	ng	erg-abs	deranking	poss-acc	vos	VS	VPA	100	0.79	0	0.0	0.4269709062576294	bos_eos
seed_43	3_6_clausal_CV_valency	19_3_6_clausal_CV_valency	fig:heatmap-19-clausal-cv-valency	3.6 Clausal complement CV valency	62_svo_ng_er_d_ep	svo	ng	erg-abs	deranking	erg-poss	vos	VS	VPA	100	0.71	0	0.0	0.42152530670166016	bos_eos
seed_43	3_6_clausal_CV_valency	19_3_6_clausal_CV_valency	fig:heatmap-19-clausal-cv-valency	3.6 Clausal complement CV valency	63_svo_ng_er_d_no	svo	ng	erg-abs	deranking	nomn	vos	VS	VPA	100	0.72	0	0.0	0.42015774965286257	bos_eos
seed_43	3_6_clausal_CV_valency	19_3_6_clausal_CV_valency	fig:heatmap-19-clausal-cv-valency	3.6 Clausal complement CV valency	64_vos_gn_ac_b_se	vos	gn	nom-acc	balancing	sent	vos	VS	VPA	100	0.73	0	0.0	0.5095476388931275	bos_eos
seed_43	3_6_clausal_CV_valency	19_3_6_clausal_CV_valency	fig:heatmap-19-clausal-cv-valency	3.6 Clausal complement CV valency	65_vos_gn_ac_b_pa	vos	gn	nom-acc	balancing	poss-acc	svo	SV	AVP	100	0.75	0	0.0	0.5138406229019165	bos_eos
seed_43	3_6_clausal_CV_valency	19_3_6_clausal_CV_valency	fig:heatmap-19-clausal-cv-valency	3.6 Clausal complement CV valency	66_vos_gn_ac_b_ep	vos	gn	nom-acc	balancing	erg-poss	sov	SV	PVA	100	0.72	0	0.0	0.5042481446266174	bos_eos
seed_43	3_6_clausal_CV_valency	19_3_6_clausal_CV_valency	fig:heatmap-19-clausal-cv-valency	3.6 Clausal complement CV valency	67_vos_gn_ac_b_no	vos	gn	nom-acc	balancing	nomn	svo	SV	AVP	100	0.72	0	0.0	0.4803262710571289	bos_eos
seed_43	3_6_clausal_CV_valency	19_3_6_clausal_CV_valency	fig:heatmap-19-clausal-cv-valency	3.6 Clausal complement CV valency	68_vos_gn_ac_d_se	vos	gn	nom-acc	deranking	sent	vos	VS	VPA	100	0.71	0	0.0	0.4524920129776001	bos_eos
seed_43	3_6_clausal_CV_valency	19_3_6_clausal_CV_valency	fig:heatmap-19-clausal-cv-valency	3.6 Clausal complement CV valency	69_vos_gn_ac_d_pa	vos	gn	nom-acc	deranking	poss-acc	svo	SV	AVP	100	0.74	0	0.0	0.4897945237159729	bos_eos
seed_43	3_6_clausal_CV_valency	19_3_6_clausal_CV_valency	fig:heatmap-19-clausal-cv-valency	3.6 Clausal complement CV valency	70_vos_gn_ac_d_ep	vos	gn	nom-acc	deranking	erg-poss	sov	SV	PVA	100	0.71	0	0.0	0.4546645927429199	bos_eos
seed_43	3_6_clausal_CV_valency	19_3_6_clausal_CV_valency	fig:heatmap-19-clausal-cv-valency	3.6 Clausal complement CV valency	71_vos_gn_ac_d_no	vos	gn	nom-acc	deranking	nomn	svo	SV	AVP	100	0.71	0	0.0	0.4980105710029602	bos_eos
seed_43	3_6_clausal_CV_valency	19_3_6_clausal_CV_valency	fig:heatmap-19-clausal-cv-valency	3.6 Clausal complement CV valency	72_vos_gn_er_b_se	vos	gn	erg-abs	balancing	sent	vos	VS	VPA	100	0.74	0	0.0	0.41025045394897464	bos_eos
seed_43	3_6_clausal_CV_valency	19_3_6_clausal_CV_valency	fig:heatmap-19-clausal-cv-valency	3.6 Clausal complement CV valency	73_vos_gn_er_b_pa	vos	gn	erg-abs	balancing	poss-acc	svo	SV	AVP	100	0.7	0	0.0	0.38363027811050415	bos_eos
seed_43	3_6_clausal_CV_valency	19_3_6_clausal_CV_valency	fig:heatmap-19-clausal-cv-valency	3.6 Clausal complement CV valency	74_vos_gn_er_b_ep	vos	gn	erg-abs	balancing	erg-poss	sov	SV	PVA	100	0.73	0	0.0	0.4278812670707703	bos_eos
seed_43	3_6_clausal_CV_valency	19_3_6_clausal_CV_valency	fig:heatmap-19-clausal-cv-valency	3.6 Clausal complement CV valency	75_vos_gn_er_b_no	vos	gn	erg-abs	balancing	nomn	svo	SV	AVP	100	0.73	0	0.0	0.40249661445617674	bos_eos
seed_43	3_6_clausal_CV_valency	19_3_6_clausal_CV_valency	fig:heatmap-19-clausal-cv-valency	3.6 Clausal complement CV valency	76_vos_gn_er_d_se	vos	gn	erg-abs	deranking	sent	vos	VS	VPA	100	0.73	0	0.0	0.414693386554718	bos_eos
seed_43	3_6_clausal_CV_valency	19_3_6_clausal_CV_valency	fig:heatmap-19-clausal-cv-valency	3.6 Clausal complement CV valency	77_vos_gn_er_d_pa	vos	gn	erg-abs	deranking	poss-acc	svo	SV	AVP	100	0.72	0	0.0	0.4100063967704773	bos_eos
seed_43	3_6_clausal_CV_valency	19_3_6_clausal_CV_valency	fig:heatmap-19-clausal-cv-valency	3.6 Clausal complement CV valency	78_vos_gn_er_d_ep	vos	gn	erg-abs	deranking	erg-poss	sov	SV	PVA	100	0.72	0	0.0	0.42269296407699586	bos_eos
seed_43	3_6_clausal_CV_valency	19_3_6_clausal_CV_valency	fig:heatmap-19-clausal-cv-valency	3.6 Clausal complement CV valency	79_vos_gn_er_d_no	vos	gn	erg-abs	deranking	nomn	svo	SV	AVP	100	0.71	0	0.0	0.38702572107315064	bos_eos
seed_43	3_6_clausal_CV_valency	19_3_6_clausal_CV_valency	fig:heatmap-19-clausal-cv-valency	3.6 Clausal complement CV valency	80_vos_ng_ac_b_se	vos	ng	nom-acc	balancing	sent	vos	VS	VPA	100	0.72	0	0.0	0.4761142873764038	bos_eos
seed_43	3_6_clausal_CV_valency	19_3_6_clausal_CV_valency	fig:heatmap-19-clausal-cv-valency	3.6 Clausal complement CV valency	81_vos_ng_ac_b_pa	vos	ng	nom-acc	balancing	poss-acc	vos	VS	VPA	100	0.73	0	0.0	0.4986493492126465	bos_eos
seed_43	3_6_clausal_CV_valency	19_3_6_clausal_CV_valency	fig:heatmap-19-clausal-cv-valency	3.6 Clausal complement CV valency	82_vos_ng_ac_b_ep	vos	ng	nom-acc	balancing	erg-poss	vos	VS	VPA	100	0.73	0	0.0	0.46938862800598147	bos_eos
seed_43	3_6_clausal_CV_valency	19_3_6_clausal_CV_valency	fig:heatmap-19-clausal-cv-valency	3.6 Clausal complement CV valency	83_vos_ng_ac_b_no	vos	ng	nom-acc	balancing	nomn	vos	VS	VPA	100	0.71	0	0.0	0.5488815784454346	bos_eos
seed_43	3_6_clausal_CV_valency	19_3_6_clausal_CV_valency	fig:heatmap-19-clausal-cv-valency	3.6 Clausal complement CV valency	84_vos_ng_ac_d_se	vos	ng	nom-acc	deranking	sent	vos	VS	VPA	100	0.74	0	0.0	0.4787373948097229	bos_eos
seed_43	3_6_clausal_CV_valency	19_3_6_clausal_CV_valency	fig:heatmap-19-clausal-cv-valency	3.6 Clausal complement CV valency	85_vos_ng_ac_d_pa	vos	ng	nom-acc	deranking	poss-acc	vos	VS	VPA	100	0.75	0	0.0	0.5035377240180969	bos_eos
seed_43	3_6_clausal_CV_valency	19_3_6_clausal_CV_valency	fig:heatmap-19-clausal-cv-valency	3.6 Clausal complement CV valency	86_vos_ng_ac_d_ep	vos	ng	nom-acc	deranking	erg-poss	vos	VS	VPA	100	0.72	0	0.0	0.4970408344268799	bos_eos
seed_43	3_6_clausal_CV_valency	19_3_6_clausal_CV_valency	fig:heatmap-19-clausal-cv-valency	3.6 Clausal complement CV valency	87_vos_ng_ac_d_no	vos	ng	nom-acc	deranking	nomn	vos	VS	VPA	100	0.73	0	0.0	0.5035568523406982	bos_eos
seed_43	3_6_clausal_CV_valency	19_3_6_clausal_CV_valency	fig:heatmap-19-clausal-cv-valency	3.6 Clausal complement CV valency	88_vos_ng_er_b_se	vos	ng	erg-abs	balancing	sent	vos	VS	VPA	100	0.73	0	0.0	0.3893437361717224	bos_eos
seed_43	3_6_clausal_CV_valency	19_3_6_clausal_CV_valency	fig:heatmap-19-clausal-cv-valency	3.6 Clausal complement CV valency	89_vos_ng_er_b_pa	vos	ng	erg-abs	balancing	poss-acc	vos	VS	VPA	100	0.74	0	0.0	0.3966095590591431	bos_eos
seed_43	3_6_clausal_CV_valency	19_3_6_clausal_CV_valency	fig:heatmap-19-clausal-cv-valency	3.6 Clausal complement CV valency	90_vos_ng_er_b_ep	vos	ng	erg-abs	balancing	erg-poss	vos	VS	VPA	100	0.73	0	0.0	0.37980549097061156	bos_eos
seed_43	3_6_clausal_CV_valency	19_3_6_clausal_CV_valency	fig:heatmap-19-clausal-cv-valency	3.6 Clausal complement CV valency	91_vos_ng_er_b_no	vos	ng	erg-abs	balancing	nomn	vos	VS	VPA	100	0.73	0	0.0	0.42794620990753174	bos_eos
seed_43	3_6_clausal_CV_valency	19_3_6_clausal_CV_valency	fig:heatmap-19-clausal-cv-valency	3.6 Clausal complement CV valency	92_vos_ng_er_d_se	vos	ng	erg-abs	deranking	sent	vos	VS	VPA	100	0.75	0	0.0	0.3955364441871643	bos_eos
seed_43	3_6_clausal_CV_valency	19_3_6_clausal_CV_valency	fig:heatmap-19-clausal-cv-valency	3.6 Clausal complement CV valency	93_vos_ng_er_d_pa	vos	ng	erg-abs	deranking	poss-acc	vos	VS	VPA	100	0.71	0	0.0	0.40411914110183716	bos_eos
seed_43	3_6_clausal_CV_valency	19_3_6_clausal_CV_valency	fig:heatmap-19-clausal-cv-valency	3.6 Clausal complement CV valency	94_vos_ng_er_d_ep	vos	ng	erg-abs	deranking	erg-poss	vos	VS	VPA	100	0.75	0	0.0	0.40772175550460815	bos_eos
seed_43	3_6_clausal_CV_valency	19_3_6_clausal_CV_valency	fig:heatmap-19-clausal-cv-valency	3.6 Clausal complement CV valency	95_vos_ng_er_d_no	vos	ng	erg-abs	deranking	nomn	vos	VS	VPA	100	0.74	0	0.0	0.45052519559860227	bos_eos
seed_43	4_1_anc_V_form	20_4_1_anc_V_form	fig:heatmap-20-anc-v-form	4.1 ANC verb form	00_sov_gn_ac_b_se	sov	gn	nom-acc	balancing	sent	sov	SV	APV	100	0.86	0	0.0	0.966395754814148	bos_eos
seed_43	4_1_anc_V_form	20_4_1_anc_V_form	fig:heatmap-20-anc-v-form	4.1 ANC verb form	01_sov_gn_ac_b_pa	sov	gn	nom-acc	balancing	poss-acc	sov	SV	APV	100	0.88	0	0.0	0.9585489010810853	bos_eos
seed_43	4_1_anc_V_form	20_4_1_anc_V_form	fig:heatmap-20-anc-v-form	4.1 ANC verb form	02_sov_gn_ac_b_ep	sov	gn	nom-acc	balancing	erg-poss	sov	SV	APV	100	0.93	0	0.0	1.054146137237549	bos_eos
seed_43	4_1_anc_V_form	20_4_1_anc_V_form	fig:heatmap-20-anc-v-form	4.1 ANC verb form	03_sov_gn_ac_b_no	sov	gn	nom-acc	balancing	nomn	sov	SV	APV	100	0.94	0	0.0	1.1919083046913146	bos_eos
seed_43	4_1_anc_V_form	20_4_1_anc_V_form	fig:heatmap-20-anc-v-form	4.1 ANC verb form	04_sov_gn_ac_d_se	sov	gn	nom-acc	deranking	sent	sov	SV	APV	100	0.87	0	0.0	1.191615822315216	bos_eos
seed_43	4_1_anc_V_form	20_4_1_anc_V_form	fig:heatmap-20-anc-v-form	4.1 ANC verb form	05_sov_gn_ac_d_pa	sov	gn	nom-acc	deranking	poss-acc	sov	SV	APV	100	0.9	0	0.0	1.1275206398963928	bos_eos
seed_43	4_1_anc_V_form	20_4_1_anc_V_form	fig:heatmap-20-anc-v-form	4.1 ANC verb form	06_sov_gn_ac_d_ep	sov	gn	nom-acc	deranking	erg-poss	sov	SV	APV	100	0.94	0	0.0	1.2409884643554687	bos_eos
seed_43	4_1_anc_V_form	20_4_1_anc_V_form	fig:heatmap-20-anc-v-form	4.1 ANC verb form	07_sov_gn_ac_d_no	sov	gn	nom-acc	deranking	nomn	sov	SV	APV	100	0.98	0	0.0	1.2175121331214904	bos_eos
seed_43	4_1_anc_V_form	20_4_1_anc_V_form	fig:heatmap-20-anc-v-form	4.1 ANC verb form	08_sov_gn_er_b_se	sov	gn	erg-abs	balancing	sent	sov	SV	APV	100	0.82	0	0.0	0.6731768369674682	bos_eos
seed_43	4_1_anc_V_form	20_4_1_anc_V_form	fig:heatmap-20-anc-v-form	4.1 ANC verb form	09_sov_gn_er_b_pa	sov	gn	erg-abs	balancing	poss-acc	sov	SV	APV	100	0.84	0	0.0	0.7793212819099427	bos_eos
seed_43	4_1_anc_V_form	20_4_1_anc_V_form	fig:heatmap-20-anc-v-form	4.1 ANC verb form	10_sov_gn_er_b_ep	sov	gn	erg-abs	balancing	erg-poss	sov	SV	APV	100	0.88	0	0.0	0.9757664489746094	bos_eos
seed_43	4_1_anc_V_form	20_4_1_anc_V_form	fig:heatmap-20-anc-v-form	4.1 ANC verb form	11_sov_gn_er_b_no	sov	gn	erg-abs	balancing	nomn	sov	SV	APV	100	0.85	0	0.0	1.1024776887893677	bos_eos
seed_43	4_1_anc_V_form	20_4_1_anc_V_form	fig:heatmap-20-anc-v-form	4.1 ANC verb form	12_sov_gn_er_d_se	sov	gn	erg-abs	deranking	sent	sov	SV	APV	100	0.91	0	0.0	1.197605061531067	bos_eos
seed_43	4_1_anc_V_form	20_4_1_anc_V_form	fig:heatmap-20-anc-v-form	4.1 ANC verb form	13_sov_gn_er_d_pa	sov	gn	erg-abs	deranking	poss-acc	sov	SV	APV	100	0.89	0	0.0	1.0570688343048096	bos_eos
seed_43	4_1_anc_V_form	20_4_1_anc_V_form	fig:heatmap-20-anc-v-form	4.1 ANC verb form	14_sov_gn_er_d_ep	sov	gn	erg-abs	deranking	erg-poss	sov	SV	APV	100	0.93	0	0.0	1.2685284066200255	bos_eos
seed_43	4_1_anc_V_form	20_4_1_anc_V_form	fig:heatmap-20-anc-v-form	4.1 ANC verb form	15_sov_gn_er_d_no	sov	gn	erg-abs	deranking	nomn	sov	SV	APV	100	0.94	0	0.0	1.2832377982139587	bos_eos
seed_43	4_1_anc_V_form	20_4_1_anc_V_form	fig:heatmap-20-anc-v-form	4.1 ANC verb form	16_sov_ng_ac_b_se	sov	ng	nom-acc	balancing	sent	sov	SV	APV	100	0.82	0	0.0	0.854967873096466	bos_eos
seed_43	4_1_anc_V_form	20_4_1_anc_V_form	fig:heatmap-20-anc-v-form	4.1 ANC verb form	17_sov_ng_ac_b_pa	sov	ng	nom-acc	balancing	poss-acc	ovs	VS	PVA	100	0.9	0	0.0	1.068392744064331	bos_eos
seed_43	4_1_anc_V_form	20_4_1_anc_V_form	fig:heatmap-20-anc-v-form	4.1 ANC verb form	18_sov_ng_ac_b_ep	sov	ng	nom-acc	balancing	erg-poss	vos	VS	AVP	100	0.93	0	0.0	1.164685549736023	bos_eos
seed_43	4_1_anc_V_form	20_4_1_anc_V_form	fig:heatmap-20-anc-v-form	4.1 ANC verb form	19_sov_ng_ac_b_no	sov	ng	nom-acc	balancing	nomn	ovs	VS	PVA	100	0.93	0	0.0	1.2077868795394897	bos_eos
seed_43	4_1_anc_V_form	20_4_1_anc_V_form	fig:heatmap-20-anc-v-form	4.1 ANC verb form	20_sov_ng_ac_d_se	sov	ng	nom-acc	deranking	sent	sov	SV	APV	100	0.88	0	0.0	1.1186382627487184	bos_eos
seed_43	4_1_anc_V_form	20_4_1_anc_V_form	fig:heatmap-20-anc-v-form	4.1 ANC verb form	21_sov_ng_ac_d_pa	sov	ng	nom-acc	deranking	poss-acc	ovs	VS	PVA	100	0.9	0	0.0	1.11597806930542	bos_eos
seed_43	4_1_anc_V_form	20_4_1_anc_V_form	fig:heatmap-20-anc-v-form	4.1 ANC verb form	22_sov_ng_ac_d_ep	sov	ng	nom-acc	deranking	erg-poss	vos	VS	AVP	100	0.94	0	0.0	1.2232586812973023	bos_eos
seed_43	4_1_anc_V_form	20_4_1_anc_V_form	fig:heatmap-20-anc-v-form	4.1 ANC verb form	23_sov_ng_ac_d_no	sov	ng	nom-acc	deranking	nomn	ovs	VS	PVA	100	0.94	0	0.0	1.2419218492507935	bos_eos
seed_43	4_1_anc_V_form	20_4_1_anc_V_form	fig:heatmap-20-anc-v-form	4.1 ANC verb form	24_sov_ng_er_b_se	sov	ng	erg-abs	balancing	sent	sov	SV	APV	100	0.78	0	0.0	0.6616524863243103	bos_eos
seed_43	4_1_anc_V_form	20_4_1_anc_V_form	fig:heatmap-20-anc-v-form	4.1 ANC verb form	25_sov_ng_er_b_pa	sov	ng	erg-abs	balancing	poss-acc	ovs	VS	PVA	100	0.86	0	0.0	0.9377793407440186	bos_eos
seed_43	4_1_anc_V_form	20_4_1_anc_V_form	fig:heatmap-20-anc-v-form	4.1 ANC verb form	26_sov_ng_er_b_ep	sov	ng	erg-abs	balancing	erg-poss	vos	VS	AVP	100	0.92	0	0.0	1.1356925964355469	bos_eos
seed_43	4_1_anc_V_form	20_4_1_anc_V_form	fig:heatmap-20-anc-v-form	4.1 ANC verb form	27_sov_ng_er_b_no	sov	ng	erg-abs	balancing	nomn	ovs	VS	PVA	100	0.88	0	0.0	1.1336280083656312	bos_eos
seed_43	4_1_anc_V_form	20_4_1_anc_V_form	fig:heatmap-20-anc-v-form	4.1 ANC verb form	28_sov_ng_er_d_se	sov	ng	erg-abs	deranking	sent	sov	SV	APV	100	0.88	0	0.0	1.1633695244789124	bos_eos
seed_43	4_1_anc_V_form	20_4_1_anc_V_form	fig:heatmap-20-anc-v-form	4.1 ANC verb form	29_sov_ng_er_d_pa	sov	ng	erg-abs	deranking	poss-acc	ovs	VS	PVA	100	0.91	0	0.0	1.0448300385475158	bos_eos
seed_43	4_1_anc_V_form	20_4_1_anc_V_form	fig:heatmap-20-anc-v-form	4.1 ANC verb form	30_sov_ng_er_d_ep	sov	ng	erg-abs	deranking	erg-poss	vos	VS	AVP	100	0.9	0	0.0	1.2173671507835389	bos_eos
seed_43	4_1_anc_V_form	20_4_1_anc_V_form	fig:heatmap-20-anc-v-form	4.1 ANC verb form	31_sov_ng_er_d_no	sov	ng	erg-abs	deranking	nomn	ovs	VS	PVA	100	0.94	0	0.0	1.255100393295288	bos_eos
seed_43	4_1_anc_V_form	20_4_1_anc_V_form	fig:heatmap-20-anc-v-form	4.1 ANC verb form	32_svo_gn_ac_b_se	svo	gn	nom-acc	balancing	sent	svo	SV	AVP	100	0.89	0	0.0	1.2895872020721435	bos_eos
seed_43	4_1_anc_V_form	20_4_1_anc_V_form	fig:heatmap-20-anc-v-form	4.1 ANC verb form	33_svo_gn_ac_b_pa	svo	gn	nom-acc	balancing	poss-acc	svo	SV	AVP	100	0.95	0	0.0	1.3345915293693542	bos_eos
seed_43	4_1_anc_V_form	20_4_1_anc_V_form	fig:heatmap-20-anc-v-form	4.1 ANC verb form	34_svo_gn_ac_b_ep	svo	gn	nom-acc	balancing	erg-poss	sov	SV	PVA	100	0.97	0	0.0	1.3551866340637206	bos_eos
seed_43	4_1_anc_V_form	20_4_1_anc_V_form	fig:heatmap-20-anc-v-form	4.1 ANC verb form	35_svo_gn_ac_b_no	svo	gn	nom-acc	balancing	nomn	svo	SV	AVP	100	0.97	0	0.0	1.4957453513145447	bos_eos
seed_43	4_1_anc_V_form	20_4_1_anc_V_form	fig:heatmap-20-anc-v-form	4.1 ANC verb form	36_svo_gn_ac_d_se	svo	gn	nom-acc	deranking	sent	svo	SV	AVP	100	0.89	0	0.0	1.0733542323112488	bos_eos
seed_43	4_1_anc_V_form	20_4_1_anc_V_form	fig:heatmap-20-anc-v-form	4.1 ANC verb form	37_svo_gn_ac_d_pa	svo	gn	nom-acc	deranking	poss-acc	svo	SV	AVP	100	0.97	0	0.0	1.2230472493171691	bos_eos
seed_43	4_1_anc_V_form	20_4_1_anc_V_form	fig:heatmap-20-anc-v-form	4.1 ANC verb form	38_svo_gn_ac_d_ep	svo	gn	nom-acc	deranking	erg-poss	sov	SV	PVA	100	0.96	0	0.0	1.1350969576835632	bos_eos
seed_43	4_1_anc_V_form	20_4_1_anc_V_form	fig:heatmap-20-anc-v-form	4.1 ANC verb form	39_svo_gn_ac_d_no	svo	gn	nom-acc	deranking	nomn	svo	SV	AVP	100	0.96	0	0.0	1.3375359988212585	bos_eos
seed_43	4_1_anc_V_form	20_4_1_anc_V_form	fig:heatmap-20-anc-v-form	4.1 ANC verb form	40_svo_gn_er_b_se	svo	gn	erg-abs	balancing	sent	svo	SV	AVP	100	0.78	0	0.0	0.7736417412757873	bos_eos
seed_43	4_1_anc_V_form	20_4_1_anc_V_form	fig:heatmap-20-anc-v-form	4.1 ANC verb form	41_svo_gn_er_b_pa	svo	gn	erg-abs	balancing	poss-acc	svo	SV	AVP	100	0.9	0	0.0	0.9744778156280518	bos_eos
seed_43	4_1_anc_V_form	20_4_1_anc_V_form	fig:heatmap-20-anc-v-form	4.1 ANC verb form	42_svo_gn_er_b_ep	svo	gn	erg-abs	balancing	erg-poss	sov	SV	PVA	100	0.88	0	0.0	1.0403218793869018	bos_eos
seed_43	4_1_anc_V_form	20_4_1_anc_V_form	fig:heatmap-20-anc-v-form	4.1 ANC verb form	43_svo_gn_er_b_no	svo	gn	erg-abs	balancing	nomn	svo	SV	AVP	100	0.93	0	0.0	1.2254800033569335	bos_eos
seed_43	4_1_anc_V_form	20_4_1_anc_V_form	fig:heatmap-20-anc-v-form	4.1 ANC verb form	44_svo_gn_er_d_se	svo	gn	erg-abs	deranking	sent	svo	SV	AVP	100	0.82	0	0.0	0.8111715626716614	bos_eos
seed_43	4_1_anc_V_form	20_4_1_anc_V_form	fig:heatmap-20-anc-v-form	4.1 ANC verb form	45_svo_gn_er_d_pa	svo	gn	erg-abs	deranking	poss-acc	svo	SV	AVP	100	0.89	0	0.0	0.9482388687133789	bos_eos
seed_43	4_1_anc_V_form	20_4_1_anc_V_form	fig:heatmap-20-anc-v-form	4.1 ANC verb form	46_svo_gn_er_d_ep	svo	gn	erg-abs	deranking	erg-poss	sov	SV	PVA	100	0.92	0	0.0	1.0318842601776124	bos_eos
seed_43	4_1_anc_V_form	20_4_1_anc_V_form	fig:heatmap-20-anc-v-form	4.1 ANC verb form	47_svo_gn_er_d_no	svo	gn	erg-abs	deranking	nomn	svo	SV	AVP	100	0.95	0	0.0	1.0504345083236695	bos_eos
seed_43	4_1_anc_V_form	20_4_1_anc_V_form	fig:heatmap-20-anc-v-form	4.1 ANC verb form	48_svo_ng_ac_b_se	svo	ng	nom-acc	balancing	sent	svo	SV	AVP	100	0.87	0	0.0	1.1689188885688782	bos_eos
seed_43	4_1_anc_V_form	20_4_1_anc_V_form	fig:heatmap-20-anc-v-form	4.1 ANC verb form	49_svo_ng_ac_b_pa	svo	ng	nom-acc	balancing	poss-acc	vos	VS	VPA	100	1.0	0	0.0	1.552203915119171	bos_eos
seed_43	4_1_anc_V_form	20_4_1_anc_V_form	fig:heatmap-20-anc-v-form	4.1 ANC verb form	50_svo_ng_ac_b_ep	svo	ng	nom-acc	balancing	erg-poss	vos	VS	VPA	100	1.0	0	0.0	1.4780182600021363	bos_eos
seed_43	4_1_anc_V_form	20_4_1_anc_V_form	fig:heatmap-20-anc-v-form	4.1 ANC verb form	51_svo_ng_ac_b_no	svo	ng	nom-acc	balancing	nomn	vos	VS	VPA	100	1.0	0	0.0	1.6164961886405944	bos_eos
seed_43	4_1_anc_V_form	20_4_1_anc_V_form	fig:heatmap-20-anc-v-form	4.1 ANC verb form	52_svo_ng_ac_d_se	svo	ng	nom-acc	deranking	sent	svo	SV	AVP	100	0.87	0	0.0	1.0646360993385315	bos_eos
seed_43	4_1_anc_V_form	20_4_1_anc_V_form	fig:heatmap-20-anc-v-form	4.1 ANC verb form	53_svo_ng_ac_d_pa	svo	ng	nom-acc	deranking	poss-acc	vos	VS	VPA	100	0.99	0	0.0	1.2875971794128418	bos_eos
seed_43	4_1_anc_V_form	20_4_1_anc_V_form	fig:heatmap-20-anc-v-form	4.1 ANC verb form	54_svo_ng_ac_d_ep	svo	ng	nom-acc	deranking	erg-poss	vos	VS	VPA	100	0.99	0	0.0	1.3140741848945618	bos_eos
seed_43	4_1_anc_V_form	20_4_1_anc_V_form	fig:heatmap-20-anc-v-form	4.1 ANC verb form	55_svo_ng_ac_d_no	svo	ng	nom-acc	deranking	nomn	vos	VS	VPA	100	0.99	0	0.0	1.3266260075569152	bos_eos
seed_43	4_1_anc_V_form	20_4_1_anc_V_form	fig:heatmap-20-anc-v-form	4.1 ANC verb form	56_svo_ng_er_b_se	svo	ng	erg-abs	balancing	sent	svo	SV	AVP	100	0.74	0	0.0	0.6833126664161682	bos_eos
seed_43	4_1_anc_V_form	20_4_1_anc_V_form	fig:heatmap-20-anc-v-form	4.1 ANC verb form	57_svo_ng_er_b_pa	svo	ng	erg-abs	balancing	poss-acc	vos	VS	VPA	100	0.89	0	0.0	1.0318520975112915	bos_eos
seed_43	4_1_anc_V_form	20_4_1_anc_V_form	fig:heatmap-20-anc-v-form	4.1 ANC verb form	58_svo_ng_er_b_ep	svo	ng	erg-abs	balancing	erg-poss	vos	VS	VPA	100	0.97	0	0.0	1.254115056991577	bos_eos
seed_43	4_1_anc_V_form	20_4_1_anc_V_form	fig:heatmap-20-anc-v-form	4.1 ANC verb form	59_svo_ng_er_b_no	svo	ng	erg-abs	balancing	nomn	vos	VS	VPA	100	0.95	0	0.0	1.2910793662071227	bos_eos
seed_43	4_1_anc_V_form	20_4_1_anc_V_form	fig:heatmap-20-anc-v-form	4.1 ANC verb form	60_svo_ng_er_d_se	svo	ng	erg-abs	deranking	sent	svo	SV	AVP	100	0.84	0	0.0	0.8679461669921875	bos_eos
seed_43	4_1_anc_V_form	20_4_1_anc_V_form	fig:heatmap-20-anc-v-form	4.1 ANC verb form	61_svo_ng_er_d_pa	svo	ng	erg-abs	deranking	poss-acc	vos	VS	VPA	100	0.94	0	0.0	1.1580752992630006	bos_eos
seed_43	4_1_anc_V_form	20_4_1_anc_V_form	fig:heatmap-20-anc-v-form	4.1 ANC verb form	62_svo_ng_er_d_ep	svo	ng	erg-abs	deranking	erg-poss	vos	VS	VPA	100	0.95	0	0.0	1.1627042055130006	bos_eos
seed_43	4_1_anc_V_form	20_4_1_anc_V_form	fig:heatmap-20-anc-v-form	4.1 ANC verb form	63_svo_ng_er_d_no	svo	ng	erg-abs	deranking	nomn	vos	VS	VPA	100	0.93	0	0.0	1.098727662563324	bos_eos
seed_43	4_1_anc_V_form	20_4_1_anc_V_form	fig:heatmap-20-anc-v-form	4.1 ANC verb form	64_vos_gn_ac_b_se	vos	gn	nom-acc	balancing	sent	vos	VS	VPA	100	0.82	0	0.0	0.8186688041687011	bos_eos
seed_43	4_1_anc_V_form	20_4_1_anc_V_form	fig:heatmap-20-anc-v-form	4.1 ANC verb form	65_vos_gn_ac_b_pa	vos	gn	nom-acc	balancing	poss-acc	svo	SV	AVP	100	0.88	0	0.0	0.8216995167732238	bos_eos
seed_43	4_1_anc_V_form	20_4_1_anc_V_form	fig:heatmap-20-anc-v-form	4.1 ANC verb form	66_vos_gn_ac_b_ep	vos	gn	nom-acc	balancing	erg-poss	sov	SV	PVA	100	0.9	0	0.0	1.0231403493881226	bos_eos
seed_43	4_1_anc_V_form	20_4_1_anc_V_form	fig:heatmap-20-anc-v-form	4.1 ANC verb form	67_vos_gn_ac_b_no	vos	gn	nom-acc	balancing	nomn	svo	SV	AVP	100	0.9	0	0.0	0.9778192114830017	bos_eos
seed_43	4_1_anc_V_form	20_4_1_anc_V_form	fig:heatmap-20-anc-v-form	4.1 ANC verb form	68_vos_gn_ac_d_se	vos	gn	nom-acc	deranking	sent	vos	VS	VPA	100	1.0	0	0.0	1.6412283277511597	bos_eos
seed_43	4_1_anc_V_form	20_4_1_anc_V_form	fig:heatmap-20-anc-v-form	4.1 ANC verb form	69_vos_gn_ac_d_pa	vos	gn	nom-acc	deranking	poss-acc	svo	SV	AVP	100	1.0	0	0.0	1.4296542119979858	bos_eos
seed_43	4_1_anc_V_form	20_4_1_anc_V_form	fig:heatmap-20-anc-v-form	4.1 ANC verb form	70_vos_gn_ac_d_ep	vos	gn	nom-acc	deranking	erg-poss	sov	SV	PVA	100	1.0	0	0.0	1.4541006922721862	bos_eos
seed_43	4_1_anc_V_form	20_4_1_anc_V_form	fig:heatmap-20-anc-v-form	4.1 ANC verb form	71_vos_gn_ac_d_no	vos	gn	nom-acc	deranking	nomn	svo	SV	AVP	100	1.0	0	0.0	1.5612459874153137	bos_eos
seed_43	4_1_anc_V_form	20_4_1_anc_V_form	fig:heatmap-20-anc-v-form	4.1 ANC verb form	72_vos_gn_er_b_se	vos	gn	erg-abs	balancing	sent	vos	VS	VPA	100	0.79	0	0.0	0.73116206407547	bos_eos
seed_43	4_1_anc_V_form	20_4_1_anc_V_form	fig:heatmap-20-anc-v-form	4.1 ANC verb form	73_vos_gn_er_b_pa	vos	gn	erg-abs	balancing	poss-acc	svo	SV	AVP	100	0.88	0	0.0	0.9024302506446839	bos_eos
seed_43	4_1_anc_V_form	20_4_1_anc_V_form	fig:heatmap-20-anc-v-form	4.1 ANC verb form	74_vos_gn_er_b_ep	vos	gn	erg-abs	balancing	erg-poss	sov	SV	PVA	100	0.92	0	0.0	0.99252268075943	bos_eos
seed_43	4_1_anc_V_form	20_4_1_anc_V_form	fig:heatmap-20-anc-v-form	4.1 ANC verb form	75_vos_gn_er_b_no	vos	gn	erg-abs	balancing	nomn	svo	SV	AVP	100	0.93	0	0.0	0.9412311577796936	bos_eos
seed_43	4_1_anc_V_form	20_4_1_anc_V_form	fig:heatmap-20-anc-v-form	4.1 ANC verb form	76_vos_gn_er_d_se	vos	gn	erg-abs	deranking	sent	vos	VS	VPA	100	1.0	0	0.0	1.863834364414215	bos_eos
seed_43	4_1_anc_V_form	20_4_1_anc_V_form	fig:heatmap-20-anc-v-form	4.1 ANC verb form	77_vos_gn_er_d_pa	vos	gn	erg-abs	deranking	poss-acc	svo	SV	AVP	100	1.0	0	0.0	1.5296913003921508	bos_eos
seed_43	4_1_anc_V_form	20_4_1_anc_V_form	fig:heatmap-20-anc-v-form	4.1 ANC verb form	78_vos_gn_er_d_ep	vos	gn	erg-abs	deranking	erg-poss	sov	SV	PVA	100	1.0	0	0.0	1.4504054284095764	bos_eos
seed_43	4_1_anc_V_form	20_4_1_anc_V_form	fig:heatmap-20-anc-v-form	4.1 ANC verb form	79_vos_gn_er_d_no	vos	gn	erg-abs	deranking	nomn	svo	SV	AVP	100	1.0	0	0.0	1.6350714683532714	bos_eos
seed_43	4_1_anc_V_form	20_4_1_anc_V_form	fig:heatmap-20-anc-v-form	4.1 ANC verb form	80_vos_ng_ac_b_se	vos	ng	nom-acc	balancing	sent	vos	VS	VPA	100	0.81	0	0.0	0.7387052249908447	bos_eos
seed_43	4_1_anc_V_form	20_4_1_anc_V_form	fig:heatmap-20-anc-v-form	4.1 ANC verb form	81_vos_ng_ac_b_pa	vos	ng	nom-acc	balancing	poss-acc	vos	VS	VPA	100	0.91	0	0.0	0.8535536313056946	bos_eos
seed_43	4_1_anc_V_form	20_4_1_anc_V_form	fig:heatmap-20-anc-v-form	4.1 ANC verb form	82_vos_ng_ac_b_ep	vos	ng	nom-acc	balancing	erg-poss	vos	VS	VPA	100	0.89	0	0.0	0.9973612332344055	bos_eos
seed_43	4_1_anc_V_form	20_4_1_anc_V_form	fig:heatmap-20-anc-v-form	4.1 ANC verb form	83_vos_ng_ac_b_no	vos	ng	nom-acc	balancing	nomn	vos	VS	VPA	100	0.91	0	0.0	0.9662380695343018	bos_eos
seed_43	4_1_anc_V_form	20_4_1_anc_V_form	fig:heatmap-20-anc-v-form	4.1 ANC verb form	84_vos_ng_ac_d_se	vos	ng	nom-acc	deranking	sent	vos	VS	VPA	100	0.99	0	0.0	1.635641224384308	bos_eos
seed_43	4_1_anc_V_form	20_4_1_anc_V_form	fig:heatmap-20-anc-v-form	4.1 ANC verb form	85_vos_ng_ac_d_pa	vos	ng	nom-acc	deranking	poss-acc	vos	VS	VPA	100	1.0	0	0.0	1.493377184867859	bos_eos
seed_43	4_1_anc_V_form	20_4_1_anc_V_form	fig:heatmap-20-anc-v-form	4.1 ANC verb form	86_vos_ng_ac_d_ep	vos	ng	nom-acc	deranking	erg-poss	vos	VS	VPA	100	1.0	0	0.0	1.5019789338111877	bos_eos
seed_43	4_1_anc_V_form	20_4_1_anc_V_form	fig:heatmap-20-anc-v-form	4.1 ANC verb form	87_vos_ng_ac_d_no	vos	ng	nom-acc	deranking	nomn	vos	VS	VPA	100	1.0	0	0.0	1.5434139156341553	bos_eos
seed_43	4_1_anc_V_form	20_4_1_anc_V_form	fig:heatmap-20-anc-v-form	4.1 ANC verb form	88_vos_ng_er_b_se	vos	ng	erg-abs	balancing	sent	vos	VS	VPA	100	0.84	0	0.0	0.8551298451423645	bos_eos
seed_43	4_1_anc_V_form	20_4_1_anc_V_form	fig:heatmap-20-anc-v-form	4.1 ANC verb form	89_vos_ng_er_b_pa	vos	ng	erg-abs	balancing	poss-acc	vos	VS	VPA	100	0.87	0	0.0	0.8972516059875488	bos_eos
seed_43	4_1_anc_V_form	20_4_1_anc_V_form	fig:heatmap-20-anc-v-form	4.1 ANC verb form	90_vos_ng_er_b_ep	vos	ng	erg-abs	balancing	erg-poss	vos	VS	VPA	100	0.9	0	0.0	0.9830972027778625	bos_eos
seed_43	4_1_anc_V_form	20_4_1_anc_V_form	fig:heatmap-20-anc-v-form	4.1 ANC verb form	91_vos_ng_er_b_no	vos	ng	erg-abs	balancing	nomn	vos	VS	VPA	100	0.95	0	0.0	1.0512614822387696	bos_eos
seed_43	4_1_anc_V_form	20_4_1_anc_V_form	fig:heatmap-20-anc-v-form	4.1 ANC verb form	92_vos_ng_er_d_se	vos	ng	erg-abs	deranking	sent	vos	VS	VPA	100	0.99	0	0.0	1.896007511615753	bos_eos
seed_43	4_1_anc_V_form	20_4_1_anc_V_form	fig:heatmap-20-anc-v-form	4.1 ANC verb form	93_vos_ng_er_d_pa	vos	ng	erg-abs	deranking	poss-acc	vos	VS	VPA	100	1.0	0	0.0	1.4957169556617738	bos_eos
seed_43	4_1_anc_V_form	20_4_1_anc_V_form	fig:heatmap-20-anc-v-form	4.1 ANC verb form	94_vos_ng_er_d_ep	vos	ng	erg-abs	deranking	erg-poss	vos	VS	VPA	100	1.0	0	0.0	1.6322111678123474	bos_eos
seed_43	4_1_anc_V_form	20_4_1_anc_V_form	fig:heatmap-20-anc-v-form	4.1 ANC verb form	95_vos_ng_er_d_no	vos	ng	erg-abs	deranking	nomn	vos	VS	VPA	100	1.0	0	0.0	1.6383559536933898	bos_eos
seed_43	4_2_anc_S_marker	21_4_2_anc_S_marker	fig:heatmap-21-anc-s-marker	4.2 ANC S marker	00_sov_gn_ac_b_se	sov	gn	nom-acc	balancing	sent	sov	SV	APV	100	0.31	0	0.0	-0.16688762187957765	bos_eos
seed_43	4_2_anc_S_marker	21_4_2_anc_S_marker	fig:heatmap-21-anc-s-marker	4.2 ANC S marker	01_sov_gn_ac_b_pa	sov	gn	nom-acc	balancing	poss-acc	sov	SV	APV	100	0.95	0	0.0	0.6649563932418823	bos_eos
seed_43	4_2_anc_S_marker	21_4_2_anc_S_marker	fig:heatmap-21-anc-s-marker	4.2 ANC S marker	02_sov_gn_ac_b_ep	sov	gn	nom-acc	balancing	erg-poss	sov	SV	APV	100	0.99	0	0.0	0.834554705619812	bos_eos
seed_43	4_2_anc_S_marker	21_4_2_anc_S_marker	fig:heatmap-21-anc-s-marker	4.2 ANC S marker	03_sov_gn_ac_b_no	sov	gn	nom-acc	balancing	nomn	sov	SV	APV	100	0.96	0	0.0	0.5967620921134948	bos_eos
seed_43	4_2_anc_S_marker	21_4_2_anc_S_marker	fig:heatmap-21-anc-s-marker	4.2 ANC S marker	04_sov_gn_ac_d_se	sov	gn	nom-acc	deranking	sent	sov	SV	APV	100	0.24	0	0.0	-0.11600380420684814	bos_eos
seed_43	4_2_anc_S_marker	21_4_2_anc_S_marker	fig:heatmap-21-anc-s-marker	4.2 ANC S marker	05_sov_gn_ac_d_pa	sov	gn	nom-acc	deranking	poss-acc	sov	SV	APV	100	0.95	0	0.0	0.5387436437606812	bos_eos
seed_43	4_2_anc_S_marker	21_4_2_anc_S_marker	fig:heatmap-21-anc-s-marker	4.2 ANC S marker	06_sov_gn_ac_d_ep	sov	gn	nom-acc	deranking	erg-poss	sov	SV	APV	100	0.97	0	0.0	0.8393466687202453	bos_eos
seed_43	4_2_anc_S_marker	21_4_2_anc_S_marker	fig:heatmap-21-anc-s-marker	4.2 ANC S marker	07_sov_gn_ac_d_no	sov	gn	nom-acc	deranking	nomn	sov	SV	APV	100	0.97	0	0.0	0.780212197303772	bos_eos
seed_43	4_2_anc_S_marker	21_4_2_anc_S_marker	fig:heatmap-21-anc-s-marker	4.2 ANC S marker	08_sov_gn_er_b_se	sov	gn	erg-abs	balancing	sent	sov	SV	APV	100	0.52	0	0.0	0.040893003940582276	bos_eos
seed_43	4_2_anc_S_marker	21_4_2_anc_S_marker	fig:heatmap-21-anc-s-marker	4.2 ANC S marker	09_sov_gn_er_b_pa	sov	gn	erg-abs	balancing	poss-acc	sov	SV	APV	100	0.88	0	0.0	0.385721435546875	bos_eos
seed_43	4_2_anc_S_marker	21_4_2_anc_S_marker	fig:heatmap-21-anc-s-marker	4.2 ANC S marker	10_sov_gn_er_b_ep	sov	gn	erg-abs	balancing	erg-poss	sov	SV	APV	100	0.98	0	0.0	1.0641711163520813	bos_eos
seed_43	4_2_anc_S_marker	21_4_2_anc_S_marker	fig:heatmap-21-anc-s-marker	4.2 ANC S marker	11_sov_gn_er_b_no	sov	gn	erg-abs	balancing	nomn	sov	SV	APV	100	0.96	0	0.0	0.8965700936317443	bos_eos
seed_43	4_2_anc_S_marker	21_4_2_anc_S_marker	fig:heatmap-21-anc-s-marker	4.2 ANC S marker	12_sov_gn_er_d_se	sov	gn	erg-abs	deranking	sent	sov	SV	APV	100	0.67	0	0.0	0.07565166234970093	bos_eos
seed_43	4_2_anc_S_marker	21_4_2_anc_S_marker	fig:heatmap-21-anc-s-marker	4.2 ANC S marker	13_sov_gn_er_d_pa	sov	gn	erg-abs	deranking	poss-acc	sov	SV	APV	100	0.76	0	0.0	0.26447458267211915	bos_eos
seed_43	4_2_anc_S_marker	21_4_2_anc_S_marker	fig:heatmap-21-anc-s-marker	4.2 ANC S marker	14_sov_gn_er_d_ep	sov	gn	erg-abs	deranking	erg-poss	sov	SV	APV	100	0.94	0	0.0	0.6230739450454712	bos_eos
seed_43	4_2_anc_S_marker	21_4_2_anc_S_marker	fig:heatmap-21-anc-s-marker	4.2 ANC S marker	15_sov_gn_er_d_no	sov	gn	erg-abs	deranking	nomn	sov	SV	APV	100	0.8	0	0.0	0.4084893488883972	bos_eos
seed_43	4_2_anc_S_marker	21_4_2_anc_S_marker	fig:heatmap-21-anc-s-marker	4.2 ANC S marker	16_sov_ng_ac_b_se	sov	ng	nom-acc	balancing	sent	sov	SV	APV	100	0.15	0	0.0	-0.3323518300056458	bos_eos
seed_43	4_2_anc_S_marker	21_4_2_anc_S_marker	fig:heatmap-21-anc-s-marker	4.2 ANC S marker	17_sov_ng_ac_b_pa	sov	ng	nom-acc	balancing	poss-acc	ovs	VS	PVA	100	0.99	0	0.0	1.3028279089927672	bos_eos
seed_43	4_2_anc_S_marker	21_4_2_anc_S_marker	fig:heatmap-21-anc-s-marker	4.2 ANC S marker	18_sov_ng_ac_b_ep	sov	ng	nom-acc	balancing	erg-poss	vos	VS	AVP	100	1.0	0	0.0	1.4890425562858582	bos_eos
seed_43	4_2_anc_S_marker	21_4_2_anc_S_marker	fig:heatmap-21-anc-s-marker	4.2 ANC S marker	19_sov_ng_ac_b_no	sov	ng	nom-acc	balancing	nomn	ovs	VS	PVA	100	0.98	0	0.0	1.3611938881874084	bos_eos
seed_43	4_2_anc_S_marker	21_4_2_anc_S_marker	fig:heatmap-21-anc-s-marker	4.2 ANC S marker	20_sov_ng_ac_d_se	sov	ng	nom-acc	deranking	sent	sov	SV	APV	100	0.22	0	0.0	-0.2367777156829834	bos_eos
seed_43	4_2_anc_S_marker	21_4_2_anc_S_marker	fig:heatmap-21-anc-s-marker	4.2 ANC S marker	21_sov_ng_ac_d_pa	sov	ng	nom-acc	deranking	poss-acc	ovs	VS	PVA	100	1.0	0	0.0	1.473974540233612	bos_eos
seed_43	4_2_anc_S_marker	21_4_2_anc_S_marker	fig:heatmap-21-anc-s-marker	4.2 ANC S marker	22_sov_ng_ac_d_ep	sov	ng	nom-acc	deranking	erg-poss	vos	VS	AVP	100	1.0	0	0.0	1.5484531950950622	bos_eos
seed_43	4_2_anc_S_marker	21_4_2_anc_S_marker	fig:heatmap-21-anc-s-marker	4.2 ANC S marker	23_sov_ng_ac_d_no	sov	ng	nom-acc	deranking	nomn	ovs	VS	PVA	100	1.0	0	0.0	1.4840452289581298	bos_eos
seed_43	4_2_anc_S_marker	21_4_2_anc_S_marker	fig:heatmap-21-anc-s-marker	4.2 ANC S marker	24_sov_ng_er_b_se	sov	ng	erg-abs	balancing	sent	sov	SV	APV	100	0.36	0	0.0	-0.09335508108139039	bos_eos
seed_43	4_2_anc_S_marker	21_4_2_anc_S_marker	fig:heatmap-21-anc-s-marker	4.2 ANC S marker	25_sov_ng_er_b_pa	sov	ng	erg-abs	balancing	poss-acc	ovs	VS	PVA	100	0.98	0	0.0	0.8045631241798401	bos_eos
seed_43	4_2_anc_S_marker	21_4_2_anc_S_marker	fig:heatmap-21-anc-s-marker	4.2 ANC S marker	26_sov_ng_er_b_ep	sov	ng	erg-abs	balancing	erg-poss	vos	VS	AVP	100	0.99	0	0.0	1.06805579662323	bos_eos
seed_43	4_2_anc_S_marker	21_4_2_anc_S_marker	fig:heatmap-21-anc-s-marker	4.2 ANC S marker	27_sov_ng_er_b_no	sov	ng	erg-abs	balancing	nomn	ovs	VS	PVA	100	0.98	0	0.0	0.8970809888839721	bos_eos
seed_43	4_2_anc_S_marker	21_4_2_anc_S_marker	fig:heatmap-21-anc-s-marker	4.2 ANC S marker	28_sov_ng_er_d_se	sov	ng	erg-abs	deranking	sent	sov	SV	APV	100	0.46	0	0.0	0.007113490104675293	bos_eos
seed_43	4_2_anc_S_marker	21_4_2_anc_S_marker	fig:heatmap-21-anc-s-marker	4.2 ANC S marker	29_sov_ng_er_d_pa	sov	ng	erg-abs	deranking	poss-acc	ovs	VS	PVA	100	0.96	0	0.0	0.7293857121467591	bos_eos
seed_43	4_2_anc_S_marker	21_4_2_anc_S_marker	fig:heatmap-21-anc-s-marker	4.2 ANC S marker	30_sov_ng_er_d_ep	sov	ng	erg-abs	deranking	erg-poss	vos	VS	AVP	100	1.0	0	0.0	0.9885821008682251	bos_eos
seed_43	4_2_anc_S_marker	21_4_2_anc_S_marker	fig:heatmap-21-anc-s-marker	4.2 ANC S marker	31_sov_ng_er_d_no	sov	ng	erg-abs	deranking	nomn	ovs	VS	PVA	100	0.98	0	0.0	0.8777033734321594	bos_eos
seed_43	4_2_anc_S_marker	21_4_2_anc_S_marker	fig:heatmap-21-anc-s-marker	4.2 ANC S marker	32_svo_gn_ac_b_se	svo	gn	nom-acc	balancing	sent	svo	SV	AVP	100	0.19	0	0.0	-0.2611431169509888	bos_eos
seed_43	4_2_anc_S_marker	21_4_2_anc_S_marker	fig:heatmap-21-anc-s-marker	4.2 ANC S marker	33_svo_gn_ac_b_pa	svo	gn	nom-acc	balancing	poss-acc	svo	SV	AVP	100	0.98	0	0.0	1.1017558622360228	bos_eos
seed_43	4_2_anc_S_marker	21_4_2_anc_S_marker	fig:heatmap-21-anc-s-marker	4.2 ANC S marker	34_svo_gn_ac_b_ep	svo	gn	nom-acc	balancing	erg-poss	sov	SV	PVA	100	0.99	0	0.0	1.3124405026435852	bos_eos
seed_43	4_2_anc_S_marker	21_4_2_anc_S_marker	fig:heatmap-21-anc-s-marker	4.2 ANC S marker	35_svo_gn_ac_b_no	svo	gn	nom-acc	balancing	nomn	svo	SV	AVP	100	0.98	0	0.0	1.0861061000823975	bos_eos
seed_43	4_2_anc_S_marker	21_4_2_anc_S_marker	fig:heatmap-21-anc-s-marker	4.2 ANC S marker	36_svo_gn_ac_d_se	svo	gn	nom-acc	deranking	sent	svo	SV	AVP	100	0.24	0	0.0	-0.21477937698364258	bos_eos
seed_43	4_2_anc_S_marker	21_4_2_anc_S_marker	fig:heatmap-21-anc-s-marker	4.2 ANC S marker	37_svo_gn_ac_d_pa	svo	gn	nom-acc	deranking	poss-acc	svo	SV	AVP	100	0.97	0	0.0	0.9511533188819885	bos_eos
seed_43	4_2_anc_S_marker	21_4_2_anc_S_marker	fig:heatmap-21-anc-s-marker	4.2 ANC S marker	38_svo_gn_ac_d_ep	svo	gn	nom-acc	deranking	erg-poss	sov	SV	PVA	100	1.0	0	0.0	1.3291026163101196	bos_eos
seed_43	4_2_anc_S_marker	21_4_2_anc_S_marker	fig:heatmap-21-anc-s-marker	4.2 ANC S marker	39_svo_gn_ac_d_no	svo	gn	nom-acc	deranking	nomn	svo	SV	AVP	100	0.98	0	0.0	0.9051186299324036	bos_eos
seed_43	4_2_anc_S_marker	21_4_2_anc_S_marker	fig:heatmap-21-anc-s-marker	4.2 ANC S marker	40_svo_gn_er_b_se	svo	gn	erg-abs	balancing	sent	svo	SV	AVP	100	0.21	0	0.0	-0.3071859169006348	bos_eos
seed_43	4_2_anc_S_marker	21_4_2_anc_S_marker	fig:heatmap-21-anc-s-marker	4.2 ANC S marker	41_svo_gn_er_b_pa	svo	gn	erg-abs	balancing	poss-acc	svo	SV	AVP	100	0.98	0	0.0	1.0556094527244568	bos_eos
seed_43	4_2_anc_S_marker	21_4_2_anc_S_marker	fig:heatmap-21-anc-s-marker	4.2 ANC S marker	42_svo_gn_er_b_ep	svo	gn	erg-abs	balancing	erg-poss	sov	SV	PVA	100	0.99	0	0.0	1.2474884748458863	bos_eos
seed_43	4_2_anc_S_marker	21_4_2_anc_S_marker	fig:heatmap-21-anc-s-marker	4.2 ANC S marker	43_svo_gn_er_b_no	svo	gn	erg-abs	balancing	nomn	svo	SV	AVP	100	0.98	0	0.0	1.0649956226348878	bos_eos
seed_43	4_2_anc_S_marker	21_4_2_anc_S_marker	fig:heatmap-21-anc-s-marker	4.2 ANC S marker	44_svo_gn_er_d_se	svo	gn	erg-abs	deranking	sent	svo	SV	AVP	100	0.44	0	0.0	-0.08409373998641968	bos_eos
seed_43	4_2_anc_S_marker	21_4_2_anc_S_marker	fig:heatmap-21-anc-s-marker	4.2 ANC S marker	45_svo_gn_er_d_pa	svo	gn	erg-abs	deranking	poss-acc	svo	SV	AVP	100	0.9	0	0.0	0.47951491832733156	bos_eos
seed_43	4_2_anc_S_marker	21_4_2_anc_S_marker	fig:heatmap-21-anc-s-marker	4.2 ANC S marker	46_svo_gn_er_d_ep	svo	gn	erg-abs	deranking	erg-poss	sov	SV	PVA	100	0.94	0	0.0	0.7038468813896179	bos_eos
seed_43	4_2_anc_S_marker	21_4_2_anc_S_marker	fig:heatmap-21-anc-s-marker	4.2 ANC S marker	47_svo_gn_er_d_no	svo	gn	erg-abs	deranking	nomn	svo	SV	AVP	100	0.94	0	0.0	0.5383299160003662	bos_eos
seed_43	4_2_anc_S_marker	21_4_2_anc_S_marker	fig:heatmap-21-anc-s-marker	4.2 ANC S marker	48_svo_ng_ac_b_se	svo	ng	nom-acc	balancing	sent	svo	SV	AVP	100	0.89	0	0.0	0.32304868221282956	bos_eos
seed_43	4_2_anc_S_marker	21_4_2_anc_S_marker	fig:heatmap-21-anc-s-marker	4.2 ANC S marker	49_svo_ng_ac_b_pa	svo	ng	nom-acc	balancing	poss-acc	vos	VS	VPA	100	1.0	0	0.0	2.038087496757507	bos_eos
seed_43	4_2_anc_S_marker	21_4_2_anc_S_marker	fig:heatmap-21-anc-s-marker	4.2 ANC S marker	50_svo_ng_ac_b_ep	svo	ng	nom-acc	balancing	erg-poss	vos	VS	VPA	100	1.0	0	0.0	2.4471862936019897	bos_eos
seed_43	4_2_anc_S_marker	21_4_2_anc_S_marker	fig:heatmap-21-anc-s-marker	4.2 ANC S marker	51_svo_ng_ac_b_no	svo	ng	nom-acc	balancing	nomn	vos	VS	VPA	100	1.0	0	0.0	2.022550415992737	bos_eos
seed_43	4_2_anc_S_marker	21_4_2_anc_S_marker	fig:heatmap-21-anc-s-marker	4.2 ANC S marker	52_svo_ng_ac_d_se	svo	ng	nom-acc	deranking	sent	svo	SV	AVP	100	0.77	0	0.0	0.2342759895324707	bos_eos
seed_43	4_2_anc_S_marker	21_4_2_anc_S_marker	fig:heatmap-21-anc-s-marker	4.2 ANC S marker	53_svo_ng_ac_d_pa	svo	ng	nom-acc	deranking	poss-acc	vos	VS	VPA	100	1.0	0	0.0	1.9516518664360047	bos_eos
seed_43	4_2_anc_S_marker	21_4_2_anc_S_marker	fig:heatmap-21-anc-s-marker	4.2 ANC S marker	54_svo_ng_ac_d_ep	svo	ng	nom-acc	deranking	erg-poss	vos	VS	VPA	100	1.0	0	0.0	2.0931465458869933	bos_eos
seed_43	4_2_anc_S_marker	21_4_2_anc_S_marker	fig:heatmap-21-anc-s-marker	4.2 ANC S marker	55_svo_ng_ac_d_no	svo	ng	nom-acc	deranking	nomn	vos	VS	VPA	100	1.0	0	0.0	1.9982261085510253	bos_eos
seed_43	4_2_anc_S_marker	21_4_2_anc_S_marker	fig:heatmap-21-anc-s-marker	4.2 ANC S marker	56_svo_ng_er_b_se	svo	ng	erg-abs	balancing	sent	svo	SV	AVP	100	0.73	0	0.0	0.19712512493133544	bos_eos
seed_43	4_2_anc_S_marker	21_4_2_anc_S_marker	fig:heatmap-21-anc-s-marker	4.2 ANC S marker	57_svo_ng_er_b_pa	svo	ng	erg-abs	balancing	poss-acc	vos	VS	VPA	100	0.88	0	0.0	0.40226627349853517	bos_eos
seed_43	4_2_anc_S_marker	21_4_2_anc_S_marker	fig:heatmap-21-anc-s-marker	4.2 ANC S marker	58_svo_ng_er_b_ep	svo	ng	erg-abs	balancing	erg-poss	vos	VS	VPA	100	1.0	0	0.0	1.569840703010559	bos_eos
seed_43	4_2_anc_S_marker	21_4_2_anc_S_marker	fig:heatmap-21-anc-s-marker	4.2 ANC S marker	59_svo_ng_er_b_no	svo	ng	erg-abs	balancing	nomn	vos	VS	VPA	100	0.98	0	0.0	1.3289593291282653	bos_eos
seed_43	4_2_anc_S_marker	21_4_2_anc_S_marker	fig:heatmap-21-anc-s-marker	4.2 ANC S marker	60_svo_ng_er_d_se	svo	ng	erg-abs	deranking	sent	svo	SV	AVP	100	0.73	0	0.0	0.17255424737930297	bos_eos
seed_43	4_2_anc_S_marker	21_4_2_anc_S_marker	fig:heatmap-21-anc-s-marker	4.2 ANC S marker	61_svo_ng_er_d_pa	svo	ng	erg-abs	deranking	poss-acc	vos	VS	VPA	100	0.82	0	0.0	0.3416625928878784	bos_eos
seed_43	4_2_anc_S_marker	21_4_2_anc_S_marker	fig:heatmap-21-anc-s-marker	4.2 ANC S marker	62_svo_ng_er_d_ep	svo	ng	erg-abs	deranking	erg-poss	vos	VS	VPA	100	0.98	0	0.0	0.6074094986915588	bos_eos
seed_43	4_2_anc_S_marker	21_4_2_anc_S_marker	fig:heatmap-21-anc-s-marker	4.2 ANC S marker	63_svo_ng_er_d_no	svo	ng	erg-abs	deranking	nomn	vos	VS	VPA	100	0.93	0	0.0	0.6848629879951477	bos_eos
seed_43	4_2_anc_S_marker	21_4_2_anc_S_marker	fig:heatmap-21-anc-s-marker	4.2 ANC S marker	64_vos_gn_ac_b_se	vos	gn	nom-acc	balancing	sent	vos	VS	VPA	100	0.17	0	0.0	-0.35917383193969726	bos_eos
seed_43	4_2_anc_S_marker	21_4_2_anc_S_marker	fig:heatmap-21-anc-s-marker	4.2 ANC S marker	65_vos_gn_ac_b_pa	vos	gn	nom-acc	balancing	poss-acc	svo	SV	AVP	100	0.98	0	0.0	1.0150488114356995	bos_eos
seed_43	4_2_anc_S_marker	21_4_2_anc_S_marker	fig:heatmap-21-anc-s-marker	4.2 ANC S marker	66_vos_gn_ac_b_ep	vos	gn	nom-acc	balancing	erg-poss	sov	SV	PVA	100	0.98	0	0.0	1.1210257172584535	bos_eos
seed_43	4_2_anc_S_marker	21_4_2_anc_S_marker	fig:heatmap-21-anc-s-marker	4.2 ANC S marker	67_vos_gn_ac_b_no	vos	gn	nom-acc	balancing	nomn	svo	SV	AVP	100	0.98	0	0.0	0.9383405375480652	bos_eos
seed_43	4_2_anc_S_marker	21_4_2_anc_S_marker	fig:heatmap-21-anc-s-marker	4.2 ANC S marker	68_vos_gn_ac_d_se	vos	gn	nom-acc	deranking	sent	vos	VS	VPA	100	0.23	0	0.0	-0.25406077146530154	bos_eos
seed_43	4_2_anc_S_marker	21_4_2_anc_S_marker	fig:heatmap-21-anc-s-marker	4.2 ANC S marker	69_vos_gn_ac_d_pa	vos	gn	nom-acc	deranking	poss-acc	svo	SV	AVP	100	0.98	0	0.0	0.929389374256134	bos_eos
seed_43	4_2_anc_S_marker	21_4_2_anc_S_marker	fig:heatmap-21-anc-s-marker	4.2 ANC S marker	70_vos_gn_ac_d_ep	vos	gn	nom-acc	deranking	erg-poss	sov	SV	PVA	100	0.99	0	0.0	1.2086397552490233	bos_eos
seed_43	4_2_anc_S_marker	21_4_2_anc_S_marker	fig:heatmap-21-anc-s-marker	4.2 ANC S marker	71_vos_gn_ac_d_no	vos	gn	nom-acc	deranking	nomn	svo	SV	AVP	100	0.98	0	0.0	1.0478104853630066	bos_eos
seed_43	4_2_anc_S_marker	21_4_2_anc_S_marker	fig:heatmap-21-anc-s-marker	4.2 ANC S marker	72_vos_gn_er_b_se	vos	gn	erg-abs	balancing	sent	vos	VS	VPA	100	0.39	0	0.0	-0.047134215831756594	bos_eos
seed_43	4_2_anc_S_marker	21_4_2_anc_S_marker	fig:heatmap-21-anc-s-marker	4.2 ANC S marker	73_vos_gn_er_b_pa	vos	gn	erg-abs	balancing	poss-acc	svo	SV	AVP	100	0.96	0	0.0	0.7778952932357788	bos_eos
seed_43	4_2_anc_S_marker	21_4_2_anc_S_marker	fig:heatmap-21-anc-s-marker	4.2 ANC S marker	74_vos_gn_er_b_ep	vos	gn	erg-abs	balancing	erg-poss	sov	SV	PVA	100	0.98	0	0.0	1.0543138146400453	bos_eos
seed_43	4_2_anc_S_marker	21_4_2_anc_S_marker	fig:heatmap-21-anc-s-marker	4.2 ANC S marker	75_vos_gn_er_b_no	vos	gn	erg-abs	balancing	nomn	svo	SV	AVP	100	0.98	0	0.0	1.019515371322632	bos_eos
seed_43	4_2_anc_S_marker	21_4_2_anc_S_marker	fig:heatmap-21-anc-s-marker	4.2 ANC S marker	76_vos_gn_er_d_se	vos	gn	erg-abs	deranking	sent	vos	VS	VPA	100	0.63	0	0.0	0.1390479326248169	bos_eos
seed_43	4_2_anc_S_marker	21_4_2_anc_S_marker	fig:heatmap-21-anc-s-marker	4.2 ANC S marker	77_vos_gn_er_d_pa	vos	gn	erg-abs	deranking	poss-acc	svo	SV	AVP	100	0.98	0	0.0	0.9284868907928466	bos_eos
seed_43	4_2_anc_S_marker	21_4_2_anc_S_marker	fig:heatmap-21-anc-s-marker	4.2 ANC S marker	78_vos_gn_er_d_ep	vos	gn	erg-abs	deranking	erg-poss	sov	SV	PVA	100	1.0	0	0.0	1.2404242300987243	bos_eos
seed_43	4_2_anc_S_marker	21_4_2_anc_S_marker	fig:heatmap-21-anc-s-marker	4.2 ANC S marker	79_vos_gn_er_d_no	vos	gn	erg-abs	deranking	nomn	svo	SV	AVP	100	0.96	0	0.0	0.8330166411399841	bos_eos
seed_43	4_2_anc_S_marker	21_4_2_anc_S_marker	fig:heatmap-21-anc-s-marker	4.2 ANC S marker	80_vos_ng_ac_b_se	vos	ng	nom-acc	balancing	sent	vos	VS	VPA	100	0.1	0	0.0	-0.3432777786254883	bos_eos
seed_43	4_2_anc_S_marker	21_4_2_anc_S_marker	fig:heatmap-21-anc-s-marker	4.2 ANC S marker	81_vos_ng_ac_b_pa	vos	ng	nom-acc	balancing	poss-acc	vos	VS	VPA	100	0.95	0	0.0	0.576778564453125	bos_eos
seed_43	4_2_anc_S_marker	21_4_2_anc_S_marker	fig:heatmap-21-anc-s-marker	4.2 ANC S marker	82_vos_ng_ac_b_ep	vos	ng	nom-acc	balancing	erg-poss	vos	VS	VPA	100	0.98	0	0.0	0.8217259907722473	bos_eos
seed_43	4_2_anc_S_marker	21_4_2_anc_S_marker	fig:heatmap-21-anc-s-marker	4.2 ANC S marker	83_vos_ng_ac_b_no	vos	ng	nom-acc	balancing	nomn	vos	VS	VPA	100	0.95	0	0.0	0.5702192091941833	bos_eos
seed_43	4_2_anc_S_marker	21_4_2_anc_S_marker	fig:heatmap-21-anc-s-marker	4.2 ANC S marker	84_vos_ng_ac_d_se	vos	ng	nom-acc	deranking	sent	vos	VS	VPA	100	0.23	0	0.0	-0.15419642448425294	bos_eos
seed_43	4_2_anc_S_marker	21_4_2_anc_S_marker	fig:heatmap-21-anc-s-marker	4.2 ANC S marker	85_vos_ng_ac_d_pa	vos	ng	nom-acc	deranking	poss-acc	vos	VS	VPA	100	0.91	0	0.0	0.5293006300926208	bos_eos
seed_43	4_2_anc_S_marker	21_4_2_anc_S_marker	fig:heatmap-21-anc-s-marker	4.2 ANC S marker	86_vos_ng_ac_d_ep	vos	ng	nom-acc	deranking	erg-poss	vos	VS	VPA	100	0.98	0	0.0	0.7120330810546875	bos_eos
seed_43	4_2_anc_S_marker	21_4_2_anc_S_marker	fig:heatmap-21-anc-s-marker	4.2 ANC S marker	87_vos_ng_ac_d_no	vos	ng	nom-acc	deranking	nomn	vos	VS	VPA	100	0.95	0	0.0	0.6757837390899658	bos_eos
seed_43	4_2_anc_S_marker	21_4_2_anc_S_marker	fig:heatmap-21-anc-s-marker	4.2 ANC S marker	88_vos_ng_er_b_se	vos	ng	erg-abs	balancing	sent	vos	VS	VPA	100	0.47	0	0.0	-0.026436963081359864	bos_eos
seed_43	4_2_anc_S_marker	21_4_2_anc_S_marker	fig:heatmap-21-anc-s-marker	4.2 ANC S marker	89_vos_ng_er_b_pa	vos	ng	erg-abs	balancing	poss-acc	vos	VS	VPA	100	0.93	0	0.0	0.4567941451072693	bos_eos
seed_43	4_2_anc_S_marker	21_4_2_anc_S_marker	fig:heatmap-21-anc-s-marker	4.2 ANC S marker	90_vos_ng_er_b_ep	vos	ng	erg-abs	balancing	erg-poss	vos	VS	VPA	100	0.99	0	0.0	1.2617350697517395	bos_eos
seed_43	4_2_anc_S_marker	21_4_2_anc_S_marker	fig:heatmap-21-anc-s-marker	4.2 ANC S marker	91_vos_ng_er_b_no	vos	ng	erg-abs	balancing	nomn	vos	VS	VPA	100	0.98	0	0.0	1.1622032141685485	bos_eos
seed_43	4_2_anc_S_marker	21_4_2_anc_S_marker	fig:heatmap-21-anc-s-marker	4.2 ANC S marker	92_vos_ng_er_d_se	vos	ng	erg-abs	deranking	sent	vos	VS	VPA	100	0.85	0	0.0	0.2606473731994629	bos_eos
seed_43	4_2_anc_S_marker	21_4_2_anc_S_marker	fig:heatmap-21-anc-s-marker	4.2 ANC S marker	93_vos_ng_er_d_pa	vos	ng	erg-abs	deranking	poss-acc	vos	VS	VPA	100	0.77	0	0.0	0.1870883584022522	bos_eos
seed_43	4_2_anc_S_marker	21_4_2_anc_S_marker	fig:heatmap-21-anc-s-marker	4.2 ANC S marker	94_vos_ng_er_d_ep	vos	ng	erg-abs	deranking	erg-poss	vos	VS	VPA	100	0.93	0	0.0	0.5277566766738891	bos_eos
seed_43	4_2_anc_S_marker	21_4_2_anc_S_marker	fig:heatmap-21-anc-s-marker	4.2 ANC S marker	95_vos_ng_er_d_no	vos	ng	erg-abs	deranking	nomn	vos	VS	VPA	100	0.78	0	0.0	0.25508125066757203	bos_eos
seed_43	4_3_anc_A_marker	22_4_3_anc_A_marker	fig:heatmap-22-anc-a-marker	4.3 ANC A marker	00_sov_gn_ac_b_se	sov	gn	nom-acc	balancing	sent	sov	SV	APV	100	0.07	0	0.0	-0.43023930311203	bos_eos
seed_43	4_3_anc_A_marker	22_4_3_anc_A_marker	fig:heatmap-22-anc-a-marker	4.3 ANC A marker	01_sov_gn_ac_b_pa	sov	gn	nom-acc	balancing	poss-acc	sov	SV	APV	100	0.95	0	0.0	0.5413347673416138	bos_eos
seed_43	4_3_anc_A_marker	22_4_3_anc_A_marker	fig:heatmap-22-anc-a-marker	4.3 ANC A marker	02_sov_gn_ac_b_ep	sov	gn	nom-acc	balancing	erg-poss	sov	SV	APV	100	0.38	0	0.0	-0.0928354525566101	bos_eos
seed_43	4_3_anc_A_marker	22_4_3_anc_A_marker	fig:heatmap-22-anc-a-marker	4.3 ANC A marker	03_sov_gn_ac_b_no	sov	gn	nom-acc	balancing	nomn	sov	SV	APV	100	0.95	0	0.0	0.47129346370697023	bos_eos
seed_43	4_3_anc_A_marker	22_4_3_anc_A_marker	fig:heatmap-22-anc-a-marker	4.3 ANC A marker	04_sov_gn_ac_d_se	sov	gn	nom-acc	deranking	sent	sov	SV	APV	100	0.06	0	0.0	-0.35998854160308835	bos_eos
seed_43	4_3_anc_A_marker	22_4_3_anc_A_marker	fig:heatmap-22-anc-a-marker	4.3 ANC A marker	05_sov_gn_ac_d_pa	sov	gn	nom-acc	deranking	poss-acc	sov	SV	APV	100	0.97	0	0.0	0.5120912170410157	bos_eos
seed_43	4_3_anc_A_marker	22_4_3_anc_A_marker	fig:heatmap-22-anc-a-marker	4.3 ANC A marker	06_sov_gn_ac_d_ep	sov	gn	nom-acc	deranking	erg-poss	sov	SV	APV	100	0.39	0	0.0	-0.07167703151702881	bos_eos
seed_43	4_3_anc_A_marker	22_4_3_anc_A_marker	fig:heatmap-22-anc-a-marker	4.3 ANC A marker	07_sov_gn_ac_d_no	sov	gn	nom-acc	deranking	nomn	sov	SV	APV	100	0.95	0	0.0	0.554204273223877	bos_eos
seed_43	4_3_anc_A_marker	22_4_3_anc_A_marker	fig:heatmap-22-anc-a-marker	4.3 ANC A marker	08_sov_gn_er_b_se	sov	gn	erg-abs	balancing	sent	sov	SV	APV	100	0.69	0	0.0	0.17031389951705933	bos_eos
seed_43	4_3_anc_A_marker	22_4_3_anc_A_marker	fig:heatmap-22-anc-a-marker	4.3 ANC A marker	09_sov_gn_er_b_pa	sov	gn	erg-abs	balancing	poss-acc	sov	SV	APV	100	0.38	0	0.0	-0.13986639499664308	bos_eos
seed_43	4_3_anc_A_marker	22_4_3_anc_A_marker	fig:heatmap-22-anc-a-marker	4.3 ANC A marker	10_sov_gn_er_b_ep	sov	gn	erg-abs	balancing	erg-poss	sov	SV	APV	100	0.0	0	0.0	-0.636921317577362	bos_eos
seed_43	4_3_anc_A_marker	22_4_3_anc_A_marker	fig:heatmap-22-anc-a-marker	4.3 ANC A marker	11_sov_gn_er_b_no	sov	gn	erg-abs	balancing	nomn	sov	SV	APV	100	0.47	0	0.0	-0.05782425403594971	bos_eos
seed_43	4_3_anc_A_marker	22_4_3_anc_A_marker	fig:heatmap-22-anc-a-marker	4.3 ANC A marker	12_sov_gn_er_d_se	sov	gn	erg-abs	deranking	sent	sov	SV	APV	100	0.96	0	0.0	0.4232193183898926	bos_eos
seed_43	4_3_anc_A_marker	22_4_3_anc_A_marker	fig:heatmap-22-anc-a-marker	4.3 ANC A marker	13_sov_gn_er_d_pa	sov	gn	erg-abs	deranking	poss-acc	sov	SV	APV	100	0.07	0	0.0	-0.3665621280670166	bos_eos
seed_43	4_3_anc_A_marker	22_4_3_anc_A_marker	fig:heatmap-22-anc-a-marker	4.3 ANC A marker	14_sov_gn_er_d_ep	sov	gn	erg-abs	deranking	erg-poss	sov	SV	APV	100	0.0	0	0.0	-0.7296522760391235	bos_eos
seed_43	4_3_anc_A_marker	22_4_3_anc_A_marker	fig:heatmap-22-anc-a-marker	4.3 ANC A marker	15_sov_gn_er_d_no	sov	gn	erg-abs	deranking	nomn	sov	SV	APV	100	0.34	0	0.0	-0.13865526914596557	bos_eos
seed_43	4_3_anc_A_marker	22_4_3_anc_A_marker	fig:heatmap-22-anc-a-marker	4.3 ANC A marker	16_sov_ng_ac_b_se	sov	ng	nom-acc	balancing	sent	sov	SV	APV	100	0.17	0	0.0	-0.24114664077758788	bos_eos
seed_43	4_3_anc_A_marker	22_4_3_anc_A_marker	fig:heatmap-22-anc-a-marker	4.3 ANC A marker	17_sov_ng_ac_b_pa	sov	ng	nom-acc	balancing	poss-acc	ovs	VS	PVA	100	1.0	0	0.0	1.208430585861206	bos_eos
seed_43	4_3_anc_A_marker	22_4_3_anc_A_marker	fig:heatmap-22-anc-a-marker	4.3 ANC A marker	18_sov_ng_ac_b_ep	sov	ng	nom-acc	balancing	erg-poss	vos	VS	AVP	100	0.58	0	0.0	0.032725563049316404	bos_eos
seed_43	4_3_anc_A_marker	22_4_3_anc_A_marker	fig:heatmap-22-anc-a-marker	4.3 ANC A marker	19_sov_ng_ac_b_no	sov	ng	nom-acc	balancing	nomn	ovs	VS	PVA	100	1.0	0	0.0	1.2378569078445434	bos_eos
seed_43	4_3_anc_A_marker	22_4_3_anc_A_marker	fig:heatmap-22-anc-a-marker	4.3 ANC A marker	20_sov_ng_ac_d_se	sov	ng	nom-acc	deranking	sent	sov	SV	APV	100	0.25	0	0.0	-0.171499764919281	bos_eos
seed_43	4_3_anc_A_marker	22_4_3_anc_A_marker	fig:heatmap-22-anc-a-marker	4.3 ANC A marker	21_sov_ng_ac_d_pa	sov	ng	nom-acc	deranking	poss-acc	ovs	VS	PVA	100	1.0	0	0.0	1.1548832607269288	bos_eos
seed_43	4_3_anc_A_marker	22_4_3_anc_A_marker	fig:heatmap-22-anc-a-marker	4.3 ANC A marker	22_sov_ng_ac_d_ep	sov	ng	nom-acc	deranking	erg-poss	vos	VS	AVP	100	0.58	0	0.0	0.05412418603897095	bos_eos
seed_43	4_3_anc_A_marker	22_4_3_anc_A_marker	fig:heatmap-22-anc-a-marker	4.3 ANC A marker	23_sov_ng_ac_d_no	sov	ng	nom-acc	deranking	nomn	ovs	VS	PVA	100	1.0	0	0.0	1.1571415400505065	bos_eos
seed_43	4_3_anc_A_marker	22_4_3_anc_A_marker	fig:heatmap-22-anc-a-marker	4.3 ANC A marker	24_sov_ng_er_b_se	sov	ng	erg-abs	balancing	sent	sov	SV	APV	100	0.99	0	0.0	0.4767534112930298	bos_eos
seed_43	4_3_anc_A_marker	22_4_3_anc_A_marker	fig:heatmap-22-anc-a-marker	4.3 ANC A marker	25_sov_ng_er_b_pa	sov	ng	erg-abs	balancing	poss-acc	ovs	VS	PVA	100	0.95	0	0.0	0.946933765411377	bos_eos
seed_43	4_3_anc_A_marker	22_4_3_anc_A_marker	fig:heatmap-22-anc-a-marker	4.3 ANC A marker	26_sov_ng_er_b_ep	sov	ng	erg-abs	balancing	erg-poss	vos	VS	AVP	100	0.03	0	0.0	-0.6214108490943908	bos_eos
seed_43	4_3_anc_A_marker	22_4_3_anc_A_marker	fig:heatmap-22-anc-a-marker	4.3 ANC A marker	27_sov_ng_er_b_no	sov	ng	erg-abs	balancing	nomn	ovs	VS	PVA	100	0.91	0	0.0	0.7612836694717408	bos_eos
seed_43	4_3_anc_A_marker	22_4_3_anc_A_marker	fig:heatmap-22-anc-a-marker	4.3 ANC A marker	28_sov_ng_er_d_se	sov	ng	erg-abs	deranking	sent	sov	SV	APV	100	0.99	0	0.0	0.7861833453178406	bos_eos
seed_43	4_3_anc_A_marker	22_4_3_anc_A_marker	fig:heatmap-22-anc-a-marker	4.3 ANC A marker	29_sov_ng_er_d_pa	sov	ng	erg-abs	deranking	poss-acc	ovs	VS	PVA	100	0.9	0	0.0	0.757021210193634	bos_eos
seed_43	4_3_anc_A_marker	22_4_3_anc_A_marker	fig:heatmap-22-anc-a-marker	4.3 ANC A marker	30_sov_ng_er_d_ep	sov	ng	erg-abs	deranking	erg-poss	vos	VS	AVP	100	0.05	0	0.0	-0.5252109408378601	bos_eos
seed_43	4_3_anc_A_marker	22_4_3_anc_A_marker	fig:heatmap-22-anc-a-marker	4.3 ANC A marker	31_sov_ng_er_d_no	sov	ng	erg-abs	deranking	nomn	ovs	VS	PVA	100	0.9	0	0.0	0.5799036884307861	bos_eos
seed_43	4_3_anc_A_marker	22_4_3_anc_A_marker	fig:heatmap-22-anc-a-marker	4.3 ANC A marker	32_svo_gn_ac_b_se	svo	gn	nom-acc	balancing	sent	svo	SV	AVP	100	0.05	0	0.0	-0.37874717950820924	bos_eos
seed_43	4_3_anc_A_marker	22_4_3_anc_A_marker	fig:heatmap-22-anc-a-marker	4.3 ANC A marker	33_svo_gn_ac_b_pa	svo	gn	nom-acc	balancing	poss-acc	svo	SV	AVP	100	1.0	0	0.0	0.9427950167655945	bos_eos
seed_43	4_3_anc_A_marker	22_4_3_anc_A_marker	fig:heatmap-22-anc-a-marker	4.3 ANC A marker	34_svo_gn_ac_b_ep	svo	gn	nom-acc	balancing	erg-poss	sov	SV	PVA	100	1.0	0	0.0	1.7769324254989625	bos_eos
seed_43	4_3_anc_A_marker	22_4_3_anc_A_marker	fig:heatmap-22-anc-a-marker	4.3 ANC A marker	35_svo_gn_ac_b_no	svo	gn	nom-acc	balancing	nomn	svo	SV	AVP	100	1.0	0	0.0	0.8956895065307617	bos_eos
seed_43	4_3_anc_A_marker	22_4_3_anc_A_marker	fig:heatmap-22-anc-a-marker	4.3 ANC A marker	36_svo_gn_ac_d_se	svo	gn	nom-acc	deranking	sent	svo	SV	AVP	100	0.11	0	0.0	-0.2993767261505127	bos_eos
seed_43	4_3_anc_A_marker	22_4_3_anc_A_marker	fig:heatmap-22-anc-a-marker	4.3 ANC A marker	37_svo_gn_ac_d_pa	svo	gn	nom-acc	deranking	poss-acc	svo	SV	AVP	100	0.98	0	0.0	0.6677968668937683	bos_eos
seed_43	4_3_anc_A_marker	22_4_3_anc_A_marker	fig:heatmap-22-anc-a-marker	4.3 ANC A marker	38_svo_gn_ac_d_ep	svo	gn	nom-acc	deranking	erg-poss	sov	SV	PVA	100	1.0	0	0.0	1.6482655382156373	bos_eos
seed_43	4_3_anc_A_marker	22_4_3_anc_A_marker	fig:heatmap-22-anc-a-marker	4.3 ANC A marker	39_svo_gn_ac_d_no	svo	gn	nom-acc	deranking	nomn	svo	SV	AVP	100	1.0	0	0.0	0.8466397881507873	bos_eos
seed_43	4_3_anc_A_marker	22_4_3_anc_A_marker	fig:heatmap-22-anc-a-marker	4.3 ANC A marker	40_svo_gn_er_b_se	svo	gn	erg-abs	balancing	sent	svo	SV	AVP	100	0.72	0	0.0	0.22988126277923585	bos_eos
seed_43	4_3_anc_A_marker	22_4_3_anc_A_marker	fig:heatmap-22-anc-a-marker	4.3 ANC A marker	41_svo_gn_er_b_pa	svo	gn	erg-abs	balancing	poss-acc	svo	SV	AVP	100	0.62	0	0.0	0.12288480043411255	bos_eos
seed_43	4_3_anc_A_marker	22_4_3_anc_A_marker	fig:heatmap-22-anc-a-marker	4.3 ANC A marker	42_svo_gn_er_b_ep	svo	gn	erg-abs	balancing	erg-poss	sov	SV	PVA	100	0.9	0	0.0	0.535236406326294	bos_eos
seed_43	4_3_anc_A_marker	22_4_3_anc_A_marker	fig:heatmap-22-anc-a-marker	4.3 ANC A marker	43_svo_gn_er_b_no	svo	gn	erg-abs	balancing	nomn	svo	SV	AVP	100	0.82	0	0.0	0.3071138954162598	bos_eos
seed_43	4_3_anc_A_marker	22_4_3_anc_A_marker	fig:heatmap-22-anc-a-marker	4.3 ANC A marker	44_svo_gn_er_d_se	svo	gn	erg-abs	deranking	sent	svo	SV	AVP	100	1.0	0	0.0	1.0275020813941955	bos_eos
seed_43	4_3_anc_A_marker	22_4_3_anc_A_marker	fig:heatmap-22-anc-a-marker	4.3 ANC A marker	45_svo_gn_er_d_pa	svo	gn	erg-abs	deranking	poss-acc	svo	SV	AVP	100	0.0	0	0.0	-0.807420084476471	bos_eos
seed_43	4_3_anc_A_marker	22_4_3_anc_A_marker	fig:heatmap-22-anc-a-marker	4.3 ANC A marker	46_svo_gn_er_d_ep	svo	gn	erg-abs	deranking	erg-poss	sov	SV	PVA	100	0.78	0	0.0	0.17030848503112794	bos_eos
seed_43	4_3_anc_A_marker	22_4_3_anc_A_marker	fig:heatmap-22-anc-a-marker	4.3 ANC A marker	47_svo_gn_er_d_no	svo	gn	erg-abs	deranking	nomn	svo	SV	AVP	100	0.27	0	0.0	-0.235547513961792	bos_eos
seed_43	4_3_anc_A_marker	22_4_3_anc_A_marker	fig:heatmap-22-anc-a-marker	4.3 ANC A marker	48_svo_ng_ac_b_se	svo	ng	nom-acc	balancing	sent	svo	SV	AVP	100	0.91	0	0.0	0.22205085039138794	bos_eos
seed_43	4_3_anc_A_marker	22_4_3_anc_A_marker	fig:heatmap-22-anc-a-marker	4.3 ANC A marker	49_svo_ng_ac_b_pa	svo	ng	nom-acc	balancing	poss-acc	vos	VS	VPA	100	1.0	0	0.0	1.8098129034042358	bos_eos
seed_43	4_3_anc_A_marker	22_4_3_anc_A_marker	fig:heatmap-22-anc-a-marker	4.3 ANC A marker	50_svo_ng_ac_b_ep	svo	ng	nom-acc	balancing	erg-poss	vos	VS	VPA	100	1.0	0	0.0	1.5314989137649535	bos_eos
seed_43	4_3_anc_A_marker	22_4_3_anc_A_marker	fig:heatmap-22-anc-a-marker	4.3 ANC A marker	51_svo_ng_ac_b_no	svo	ng	nom-acc	balancing	nomn	vos	VS	VPA	100	1.0	0	0.0	1.611409080028534	bos_eos
seed_43	4_3_anc_A_marker	22_4_3_anc_A_marker	fig:heatmap-22-anc-a-marker	4.3 ANC A marker	52_svo_ng_ac_d_se	svo	ng	nom-acc	deranking	sent	svo	SV	AVP	100	0.64	0	0.0	0.08648745775222778	bos_eos
seed_43	4_3_anc_A_marker	22_4_3_anc_A_marker	fig:heatmap-22-anc-a-marker	4.3 ANC A marker	53_svo_ng_ac_d_pa	svo	ng	nom-acc	deranking	poss-acc	vos	VS	VPA	100	1.0	0	0.0	1.7143090748786927	bos_eos
seed_43	4_3_anc_A_marker	22_4_3_anc_A_marker	fig:heatmap-22-anc-a-marker	4.3 ANC A marker	54_svo_ng_ac_d_ep	svo	ng	nom-acc	deranking	erg-poss	vos	VS	VPA	100	0.99	0	0.0	1.2244785022735596	bos_eos
seed_43	4_3_anc_A_marker	22_4_3_anc_A_marker	fig:heatmap-22-anc-a-marker	4.3 ANC A marker	55_svo_ng_ac_d_no	svo	ng	nom-acc	deranking	nomn	vos	VS	VPA	100	1.0	0	0.0	1.6605778527259827	bos_eos
seed_43	4_3_anc_A_marker	22_4_3_anc_A_marker	fig:heatmap-22-anc-a-marker	4.3 ANC A marker	56_svo_ng_er_b_se	svo	ng	erg-abs	balancing	sent	svo	SV	AVP	100	0.98	0	0.0	0.7622641634941101	bos_eos
seed_43	4_3_anc_A_marker	22_4_3_anc_A_marker	fig:heatmap-22-anc-a-marker	4.3 ANC A marker	57_svo_ng_er_b_pa	svo	ng	erg-abs	balancing	poss-acc	vos	VS	VPA	100	0.94	0	0.0	0.963172926902771	bos_eos
seed_43	4_3_anc_A_marker	22_4_3_anc_A_marker	fig:heatmap-22-anc-a-marker	4.3 ANC A marker	58_svo_ng_er_b_ep	svo	ng	erg-abs	balancing	erg-poss	vos	VS	VPA	100	0.94	0	0.0	0.684798378944397	bos_eos
seed_43	4_3_anc_A_marker	22_4_3_anc_A_marker	fig:heatmap-22-anc-a-marker	4.3 ANC A marker	59_svo_ng_er_b_no	svo	ng	erg-abs	balancing	nomn	vos	VS	VPA	100	0.96	0	0.0	1.1173650622367859	bos_eos
seed_43	4_3_anc_A_marker	22_4_3_anc_A_marker	fig:heatmap-22-anc-a-marker	4.3 ANC A marker	60_svo_ng_er_d_se	svo	ng	erg-abs	deranking	sent	svo	SV	AVP	100	1.0	0	0.0	1.2884529256820678	bos_eos
seed_43	4_3_anc_A_marker	22_4_3_anc_A_marker	fig:heatmap-22-anc-a-marker	4.3 ANC A marker	61_svo_ng_er_d_pa	svo	ng	erg-abs	deranking	poss-acc	vos	VS	VPA	100	0.97	0	0.0	0.908836908340454	bos_eos
seed_43	4_3_anc_A_marker	22_4_3_anc_A_marker	fig:heatmap-22-anc-a-marker	4.3 ANC A marker	62_svo_ng_er_d_ep	svo	ng	erg-abs	deranking	erg-poss	vos	VS	VPA	100	0.73	0	0.0	0.25410033226013184	bos_eos
seed_43	4_3_anc_A_marker	22_4_3_anc_A_marker	fig:heatmap-22-anc-a-marker	4.3 ANC A marker	63_svo_ng_er_d_no	svo	ng	erg-abs	deranking	nomn	vos	VS	VPA	100	0.93	0	0.0	0.8418493413925171	bos_eos
seed_43	4_3_anc_A_marker	22_4_3_anc_A_marker	fig:heatmap-22-anc-a-marker	4.3 ANC A marker	64_vos_gn_ac_b_se	vos	gn	nom-acc	balancing	sent	vos	VS	VPA	100	0.19	0	0.0	-0.32209094524383547	bos_eos
seed_43	4_3_anc_A_marker	22_4_3_anc_A_marker	fig:heatmap-22-anc-a-marker	4.3 ANC A marker	65_vos_gn_ac_b_pa	vos	gn	nom-acc	balancing	poss-acc	svo	SV	AVP	100	0.98	0	0.0	0.9049368476867676	bos_eos
seed_43	4_3_anc_A_marker	22_4_3_anc_A_marker	fig:heatmap-22-anc-a-marker	4.3 ANC A marker	66_vos_gn_ac_b_ep	vos	gn	nom-acc	balancing	erg-poss	sov	SV	PVA	100	0.84	0	0.0	0.18673124313354492	bos_eos
seed_43	4_3_anc_A_marker	22_4_3_anc_A_marker	fig:heatmap-22-anc-a-marker	4.3 ANC A marker	67_vos_gn_ac_b_no	vos	gn	nom-acc	balancing	nomn	svo	SV	AVP	100	0.99	0	0.0	0.8510347938537598	bos_eos
seed_43	4_3_anc_A_marker	22_4_3_anc_A_marker	fig:heatmap-22-anc-a-marker	4.3 ANC A marker	68_vos_gn_ac_d_se	vos	gn	nom-acc	deranking	sent	vos	VS	VPA	100	0.34	0	0.0	-0.13994385957717895	bos_eos
seed_43	4_3_anc_A_marker	22_4_3_anc_A_marker	fig:heatmap-22-anc-a-marker	4.3 ANC A marker	69_vos_gn_ac_d_pa	vos	gn	nom-acc	deranking	poss-acc	svo	SV	AVP	100	0.99	0	0.0	0.8848792004585266	bos_eos
seed_43	4_3_anc_A_marker	22_4_3_anc_A_marker	fig:heatmap-22-anc-a-marker	4.3 ANC A marker	70_vos_gn_ac_d_ep	vos	gn	nom-acc	deranking	erg-poss	sov	SV	PVA	100	0.69	0	0.0	0.09506525993347167	bos_eos
seed_43	4_3_anc_A_marker	22_4_3_anc_A_marker	fig:heatmap-22-anc-a-marker	4.3 ANC A marker	71_vos_gn_ac_d_no	vos	gn	nom-acc	deranking	nomn	svo	SV	AVP	100	0.99	0	0.0	0.8939351511001586	bos_eos
seed_43	4_3_anc_A_marker	22_4_3_anc_A_marker	fig:heatmap-22-anc-a-marker	4.3 ANC A marker	72_vos_gn_er_b_se	vos	gn	erg-abs	balancing	sent	vos	VS	VPA	100	0.63	0	0.0	0.14957065105438233	bos_eos
seed_43	4_3_anc_A_marker	22_4_3_anc_A_marker	fig:heatmap-22-anc-a-marker	4.3 ANC A marker	73_vos_gn_er_b_pa	vos	gn	erg-abs	balancing	poss-acc	svo	SV	AVP	100	0.96	0	0.0	0.9548613834381103	bos_eos
seed_43	4_3_anc_A_marker	22_4_3_anc_A_marker	fig:heatmap-22-anc-a-marker	4.3 ANC A marker	74_vos_gn_er_b_ep	vos	gn	erg-abs	balancing	erg-poss	sov	SV	PVA	100	0.43	0	0.0	-0.12198957920074463	bos_eos
seed_43	4_3_anc_A_marker	22_4_3_anc_A_marker	fig:heatmap-22-anc-a-marker	4.3 ANC A marker	75_vos_gn_er_b_no	vos	gn	erg-abs	balancing	nomn	svo	SV	AVP	100	0.97	0	0.0	1.1722982597351075	bos_eos
seed_43	4_3_anc_A_marker	22_4_3_anc_A_marker	fig:heatmap-22-anc-a-marker	4.3 ANC A marker	76_vos_gn_er_d_se	vos	gn	erg-abs	deranking	sent	vos	VS	VPA	100	1.0	0	0.0	0.7454769563674927	bos_eos
seed_43	4_3_anc_A_marker	22_4_3_anc_A_marker	fig:heatmap-22-anc-a-marker	4.3 ANC A marker	77_vos_gn_er_d_pa	vos	gn	erg-abs	deranking	poss-acc	svo	SV	AVP	100	0.95	0	0.0	1.074953360557556	bos_eos
seed_43	4_3_anc_A_marker	22_4_3_anc_A_marker	fig:heatmap-22-anc-a-marker	4.3 ANC A marker	78_vos_gn_er_d_ep	vos	gn	erg-abs	deranking	erg-poss	sov	SV	PVA	100	0.18	0	0.0	-0.290700466632843	bos_eos
seed_43	4_3_anc_A_marker	22_4_3_anc_A_marker	fig:heatmap-22-anc-a-marker	4.3 ANC A marker	79_vos_gn_er_d_no	vos	gn	erg-abs	deranking	nomn	svo	SV	AVP	100	0.96	0	0.0	1.1186315417289734	bos_eos
seed_43	4_3_anc_A_marker	22_4_3_anc_A_marker	fig:heatmap-22-anc-a-marker	4.3 ANC A marker	80_vos_ng_ac_b_se	vos	ng	nom-acc	balancing	sent	vos	VS	VPA	100	0.03	0	0.0	-0.5063197517395019	bos_eos
seed_43	4_3_anc_A_marker	22_4_3_anc_A_marker	fig:heatmap-22-anc-a-marker	4.3 ANC A marker	81_vos_ng_ac_b_pa	vos	ng	nom-acc	balancing	poss-acc	vos	VS	VPA	100	0.99	0	0.0	0.6180729722976684	bos_eos
seed_43	4_3_anc_A_marker	22_4_3_anc_A_marker	fig:heatmap-22-anc-a-marker	4.3 ANC A marker	82_vos_ng_ac_b_ep	vos	ng	nom-acc	balancing	erg-poss	vos	VS	VPA	100	0.8	0	0.0	0.12537190437316895	bos_eos
seed_43	4_3_anc_A_marker	22_4_3_anc_A_marker	fig:heatmap-22-anc-a-marker	4.3 ANC A marker	83_vos_ng_ac_b_no	vos	ng	nom-acc	balancing	nomn	vos	VS	VPA	100	0.99	0	0.0	0.517927942276001	bos_eos
seed_43	4_3_anc_A_marker	22_4_3_anc_A_marker	fig:heatmap-22-anc-a-marker	4.3 ANC A marker	84_vos_ng_ac_d_se	vos	ng	nom-acc	deranking	sent	vos	VS	VPA	100	0.07	0	0.0	-0.2753947424888611	bos_eos
seed_43	4_3_anc_A_marker	22_4_3_anc_A_marker	fig:heatmap-22-anc-a-marker	4.3 ANC A marker	85_vos_ng_ac_d_pa	vos	ng	nom-acc	deranking	poss-acc	vos	VS	VPA	100	0.95	0	0.0	0.3915212607383728	bos_eos
seed_43	4_3_anc_A_marker	22_4_3_anc_A_marker	fig:heatmap-22-anc-a-marker	4.3 ANC A marker	86_vos_ng_ac_d_ep	vos	ng	nom-acc	deranking	erg-poss	vos	VS	VPA	100	0.73	0	0.0	0.12376466512680054	bos_eos
seed_43	4_3_anc_A_marker	22_4_3_anc_A_marker	fig:heatmap-22-anc-a-marker	4.3 ANC A marker	87_vos_ng_ac_d_no	vos	ng	nom-acc	deranking	nomn	vos	VS	VPA	100	0.97	0	0.0	0.5652141785621643	bos_eos
seed_43	4_3_anc_A_marker	22_4_3_anc_A_marker	fig:heatmap-22-anc-a-marker	4.3 ANC A marker	88_vos_ng_er_b_se	vos	ng	erg-abs	balancing	sent	vos	VS	VPA	100	0.33	0	0.0	-0.035055203437805174	bos_eos
seed_43	4_3_anc_A_marker	22_4_3_anc_A_marker	fig:heatmap-22-anc-a-marker	4.3 ANC A marker	89_vos_ng_er_b_pa	vos	ng	erg-abs	balancing	poss-acc	vos	VS	VPA	100	0.69	0	0.0	0.11557555437088013	bos_eos
seed_43	4_3_anc_A_marker	22_4_3_anc_A_marker	fig:heatmap-22-anc-a-marker	4.3 ANC A marker	90_vos_ng_er_b_ep	vos	ng	erg-abs	balancing	erg-poss	vos	VS	VPA	100	0.1	0	0.0	-0.3098434042930603	bos_eos
seed_43	4_3_anc_A_marker	22_4_3_anc_A_marker	fig:heatmap-22-anc-a-marker	4.3 ANC A marker	91_vos_ng_er_b_no	vos	ng	erg-abs	balancing	nomn	vos	VS	VPA	100	0.72	0	0.0	0.1575499129295349	bos_eos
seed_43	4_3_anc_A_marker	22_4_3_anc_A_marker	fig:heatmap-22-anc-a-marker	4.3 ANC A marker	92_vos_ng_er_d_se	vos	ng	erg-abs	deranking	sent	vos	VS	VPA	100	0.92	0	0.0	0.4546093130111694	bos_eos
seed_43	4_3_anc_A_marker	22_4_3_anc_A_marker	fig:heatmap-22-anc-a-marker	4.3 ANC A marker	93_vos_ng_er_d_pa	vos	ng	erg-abs	deranking	poss-acc	vos	VS	VPA	100	0.06	0	0.0	-0.3933527970314026	bos_eos
seed_43	4_3_anc_A_marker	22_4_3_anc_A_marker	fig:heatmap-22-anc-a-marker	4.3 ANC A marker	94_vos_ng_er_d_ep	vos	ng	erg-abs	deranking	erg-poss	vos	VS	VPA	100	0.02	0	0.0	-0.6084457588195801	bos_eos
seed_43	4_3_anc_A_marker	22_4_3_anc_A_marker	fig:heatmap-22-anc-a-marker	4.3 ANC A marker	95_vos_ng_er_d_no	vos	ng	erg-abs	deranking	nomn	vos	VS	VPA	100	0.48	0	0.0	-0.06330977439880371	bos_eos
seed_43	4_4_anc_P_marker	23_4_4_anc_P_marker	fig:heatmap-23-anc-p-marker	4.4 ANC P marker	00_sov_gn_ac_b_se	sov	gn	nom-acc	balancing	sent	sov	SV	APV	100	0.97	0	0.0	0.615166790485382	bos_eos
seed_43	4_4_anc_P_marker	23_4_4_anc_P_marker	fig:heatmap-23-anc-p-marker	4.4 ANC P marker	01_sov_gn_ac_b_pa	sov	gn	nom-acc	balancing	poss-acc	sov	SV	APV	100	0.93	0	0.0	0.36579529047012327	bos_eos
seed_43	4_4_anc_P_marker	23_4_4_anc_P_marker	fig:heatmap-23-anc-p-marker	4.4 ANC P marker	02_sov_gn_ac_b_ep	sov	gn	nom-acc	balancing	erg-poss	sov	SV	APV	100	0.97	0	0.0	0.6021998834609985	bos_eos
seed_43	4_4_anc_P_marker	23_4_4_anc_P_marker	fig:heatmap-23-anc-p-marker	4.4 ANC P marker	03_sov_gn_ac_b_no	sov	gn	nom-acc	balancing	nomn	sov	SV	APV	100	0.97	0	0.0	0.6727053785324096	bos_eos
seed_43	4_4_anc_P_marker	23_4_4_anc_P_marker	fig:heatmap-23-anc-p-marker	4.4 ANC P marker	04_sov_gn_ac_d_se	sov	gn	nom-acc	deranking	sent	sov	SV	APV	100	1.0	0	0.0	0.8172069430351258	bos_eos
seed_43	4_4_anc_P_marker	23_4_4_anc_P_marker	fig:heatmap-23-anc-p-marker	4.4 ANC P marker	05_sov_gn_ac_d_pa	sov	gn	nom-acc	deranking	poss-acc	sov	SV	APV	100	0.98	0	0.0	0.4598765158653259	bos_eos
seed_43	4_4_anc_P_marker	23_4_4_anc_P_marker	fig:heatmap-23-anc-p-marker	4.4 ANC P marker	06_sov_gn_ac_d_ep	sov	gn	nom-acc	deranking	erg-poss	sov	SV	APV	100	0.96	0	0.0	0.5581225228309631	bos_eos
seed_43	4_4_anc_P_marker	23_4_4_anc_P_marker	fig:heatmap-23-anc-p-marker	4.4 ANC P marker	07_sov_gn_ac_d_no	sov	gn	nom-acc	deranking	nomn	sov	SV	APV	100	0.94	0	0.0	0.4623146176338196	bos_eos
seed_43	4_4_anc_P_marker	23_4_4_anc_P_marker	fig:heatmap-23-anc-p-marker	4.4 ANC P marker	08_sov_gn_er_b_se	sov	gn	erg-abs	balancing	sent	sov	SV	APV	100	0.68	0	0.0	0.12687471151351928	bos_eos
seed_43	4_4_anc_P_marker	23_4_4_anc_P_marker	fig:heatmap-23-anc-p-marker	4.4 ANC P marker	09_sov_gn_er_b_pa	sov	gn	erg-abs	balancing	poss-acc	sov	SV	APV	100	0.3	0	0.0	-0.14935636520385742	bos_eos
seed_43	4_4_anc_P_marker	23_4_4_anc_P_marker	fig:heatmap-23-anc-p-marker	4.4 ANC P marker	10_sov_gn_er_b_ep	sov	gn	erg-abs	balancing	erg-poss	sov	SV	APV	100	1.0	0	0.0	0.7291444635391235	bos_eos
seed_43	4_4_anc_P_marker	23_4_4_anc_P_marker	fig:heatmap-23-anc-p-marker	4.4 ANC P marker	11_sov_gn_er_b_no	sov	gn	erg-abs	balancing	nomn	sov	SV	APV	100	1.0	0	0.0	0.7763508939743042	bos_eos
seed_43	4_4_anc_P_marker	23_4_4_anc_P_marker	fig:heatmap-23-anc-p-marker	4.4 ANC P marker	12_sov_gn_er_d_se	sov	gn	erg-abs	deranking	sent	sov	SV	APV	100	0.95	0	0.0	0.43280070066452025	bos_eos
seed_43	4_4_anc_P_marker	23_4_4_anc_P_marker	fig:heatmap-23-anc-p-marker	4.4 ANC P marker	13_sov_gn_er_d_pa	sov	gn	erg-abs	deranking	poss-acc	sov	SV	APV	100	0.59	0	0.0	0.029559991359710693	bos_eos
seed_43	4_4_anc_P_marker	23_4_4_anc_P_marker	fig:heatmap-23-anc-p-marker	4.4 ANC P marker	14_sov_gn_er_d_ep	sov	gn	erg-abs	deranking	erg-poss	sov	SV	APV	100	0.95	0	0.0	0.5141120767593383	bos_eos
seed_43	4_4_anc_P_marker	23_4_4_anc_P_marker	fig:heatmap-23-anc-p-marker	4.4 ANC P marker	15_sov_gn_er_d_no	sov	gn	erg-abs	deranking	nomn	sov	SV	APV	100	0.93	0	0.0	0.4618591928482056	bos_eos
seed_43	4_4_anc_P_marker	23_4_4_anc_P_marker	fig:heatmap-23-anc-p-marker	4.4 ANC P marker	16_sov_ng_ac_b_se	sov	ng	nom-acc	balancing	sent	sov	SV	APV	100	0.99	0	0.0	0.6565768957138062	bos_eos
seed_43	4_4_anc_P_marker	23_4_4_anc_P_marker	fig:heatmap-23-anc-p-marker	4.4 ANC P marker	17_sov_ng_ac_b_pa	sov	ng	nom-acc	balancing	poss-acc	ovs	VS	PVA	100	0.97	0	0.0	0.5487214207649231	bos_eos
seed_43	4_4_anc_P_marker	23_4_4_anc_P_marker	fig:heatmap-23-anc-p-marker	4.4 ANC P marker	18_sov_ng_ac_b_ep	sov	ng	nom-acc	balancing	erg-poss	vos	VS	AVP	100	0.96	0	0.0	0.6292410373687745	bos_eos
seed_43	4_4_anc_P_marker	23_4_4_anc_P_marker	fig:heatmap-23-anc-p-marker	4.4 ANC P marker	19_sov_ng_ac_b_no	sov	ng	nom-acc	balancing	nomn	ovs	VS	PVA	100	0.95	0	0.0	0.8122523188591003	bos_eos
seed_43	4_4_anc_P_marker	23_4_4_anc_P_marker	fig:heatmap-23-anc-p-marker	4.4 ANC P marker	20_sov_ng_ac_d_se	sov	ng	nom-acc	deranking	sent	sov	SV	APV	100	1.0	0	0.0	0.7069349837303162	bos_eos
seed_43	4_4_anc_P_marker	23_4_4_anc_P_marker	fig:heatmap-23-anc-p-marker	4.4 ANC P marker	21_sov_ng_ac_d_pa	sov	ng	nom-acc	deranking	poss-acc	ovs	VS	PVA	100	0.99	0	0.0	0.5813877868652344	bos_eos
seed_43	4_4_anc_P_marker	23_4_4_anc_P_marker	fig:heatmap-23-anc-p-marker	4.4 ANC P marker	22_sov_ng_ac_d_ep	sov	ng	nom-acc	deranking	erg-poss	vos	VS	AVP	100	0.96	0	0.0	0.7761548590660096	bos_eos
seed_43	4_4_anc_P_marker	23_4_4_anc_P_marker	fig:heatmap-23-anc-p-marker	4.4 ANC P marker	23_sov_ng_ac_d_no	sov	ng	nom-acc	deranking	nomn	ovs	VS	PVA	100	0.96	0	0.0	0.43988206148147585	bos_eos
seed_43	4_4_anc_P_marker	23_4_4_anc_P_marker	fig:heatmap-23-anc-p-marker	4.4 ANC P marker	24_sov_ng_er_b_se	sov	ng	erg-abs	balancing	sent	sov	SV	APV	100	0.34	0	0.0	-0.05737261533737183	bos_eos
seed_43	4_4_anc_P_marker	23_4_4_anc_P_marker	fig:heatmap-23-anc-p-marker	4.4 ANC P marker	25_sov_ng_er_b_pa	sov	ng	erg-abs	balancing	poss-acc	ovs	VS	PVA	100	0.74	0	0.0	0.15069208383560181	bos_eos
seed_43	4_4_anc_P_marker	23_4_4_anc_P_marker	fig:heatmap-23-anc-p-marker	4.4 ANC P marker	26_sov_ng_er_b_ep	sov	ng	erg-abs	balancing	erg-poss	vos	VS	AVP	100	1.0	0	0.0	0.7251790142059327	bos_eos
seed_43	4_4_anc_P_marker	23_4_4_anc_P_marker	fig:heatmap-23-anc-p-marker	4.4 ANC P marker	27_sov_ng_er_b_no	sov	ng	erg-abs	balancing	nomn	ovs	VS	PVA	100	0.97	0	0.0	0.6369039130210876	bos_eos
seed_43	4_4_anc_P_marker	23_4_4_anc_P_marker	fig:heatmap-23-anc-p-marker	4.4 ANC P marker	28_sov_ng_er_d_se	sov	ng	erg-abs	deranking	sent	sov	SV	APV	100	0.82	0	0.0	0.17019344568252565	bos_eos
seed_43	4_4_anc_P_marker	23_4_4_anc_P_marker	fig:heatmap-23-anc-p-marker	4.4 ANC P marker	29_sov_ng_er_d_pa	sov	ng	erg-abs	deranking	poss-acc	ovs	VS	PVA	100	0.71	0	0.0	0.13845420598983765	bos_eos
seed_43	4_4_anc_P_marker	23_4_4_anc_P_marker	fig:heatmap-23-anc-p-marker	4.4 ANC P marker	30_sov_ng_er_d_ep	sov	ng	erg-abs	deranking	erg-poss	vos	VS	AVP	100	1.0	0	0.0	0.8546744823455811	bos_eos
seed_43	4_4_anc_P_marker	23_4_4_anc_P_marker	fig:heatmap-23-anc-p-marker	4.4 ANC P marker	31_sov_ng_er_d_no	sov	ng	erg-abs	deranking	nomn	ovs	VS	PVA	100	0.94	0	0.0	0.4231409478187561	bos_eos
seed_43	4_4_anc_P_marker	23_4_4_anc_P_marker	fig:heatmap-23-anc-p-marker	4.4 ANC P marker	32_svo_gn_ac_b_se	svo	gn	nom-acc	balancing	sent	svo	SV	AVP	100	1.0	0	0.0	1.605332305431366	bos_eos
seed_43	4_4_anc_P_marker	23_4_4_anc_P_marker	fig:heatmap-23-anc-p-marker	4.4 ANC P marker	33_svo_gn_ac_b_pa	svo	gn	nom-acc	balancing	poss-acc	svo	SV	AVP	100	1.0	0	0.0	1.43732834815979	bos_eos
seed_43	4_4_anc_P_marker	23_4_4_anc_P_marker	fig:heatmap-23-anc-p-marker	4.4 ANC P marker	34_svo_gn_ac_b_ep	svo	gn	nom-acc	balancing	erg-poss	sov	SV	PVA	100	1.0	0	0.0	1.3073357081413268	bos_eos
seed_43	4_4_anc_P_marker	23_4_4_anc_P_marker	fig:heatmap-23-anc-p-marker	4.4 ANC P marker	35_svo_gn_ac_b_no	svo	gn	nom-acc	balancing	nomn	svo	SV	AVP	100	0.95	0	0.0	1.0499544024467469	bos_eos
seed_43	4_4_anc_P_marker	23_4_4_anc_P_marker	fig:heatmap-23-anc-p-marker	4.4 ANC P marker	36_svo_gn_ac_d_se	svo	gn	nom-acc	deranking	sent	svo	SV	AVP	100	1.0	0	0.0	1.588568012714386	bos_eos
seed_43	4_4_anc_P_marker	23_4_4_anc_P_marker	fig:heatmap-23-anc-p-marker	4.4 ANC P marker	37_svo_gn_ac_d_pa	svo	gn	nom-acc	deranking	poss-acc	svo	SV	AVP	100	1.0	0	0.0	1.3308566451072692	bos_eos
seed_43	4_4_anc_P_marker	23_4_4_anc_P_marker	fig:heatmap-23-anc-p-marker	4.4 ANC P marker	38_svo_gn_ac_d_ep	svo	gn	nom-acc	deranking	erg-poss	sov	SV	PVA	100	1.0	0	0.0	1.401885862350464	bos_eos
seed_43	4_4_anc_P_marker	23_4_4_anc_P_marker	fig:heatmap-23-anc-p-marker	4.4 ANC P marker	39_svo_gn_ac_d_no	svo	gn	nom-acc	deranking	nomn	svo	SV	AVP	100	0.96	0	0.0	0.7655178427696228	bos_eos
seed_43	4_4_anc_P_marker	23_4_4_anc_P_marker	fig:heatmap-23-anc-p-marker	4.4 ANC P marker	40_svo_gn_er_b_se	svo	gn	erg-abs	balancing	sent	svo	SV	AVP	100	1.0	0	0.0	0.7488193130493164	bos_eos
seed_43	4_4_anc_P_marker	23_4_4_anc_P_marker	fig:heatmap-23-anc-p-marker	4.4 ANC P marker	41_svo_gn_er_b_pa	svo	gn	erg-abs	balancing	poss-acc	svo	SV	AVP	100	1.0	0	0.0	0.6557022309303284	bos_eos
seed_43	4_4_anc_P_marker	23_4_4_anc_P_marker	fig:heatmap-23-anc-p-marker	4.4 ANC P marker	42_svo_gn_er_b_ep	svo	gn	erg-abs	balancing	erg-poss	sov	SV	PVA	100	0.99	0	0.0	1.2337982702255248	bos_eos
seed_43	4_4_anc_P_marker	23_4_4_anc_P_marker	fig:heatmap-23-anc-p-marker	4.4 ANC P marker	43_svo_gn_er_b_no	svo	gn	erg-abs	balancing	nomn	svo	SV	AVP	100	0.99	0	0.0	1.0875203561782838	bos_eos
seed_43	4_4_anc_P_marker	23_4_4_anc_P_marker	fig:heatmap-23-anc-p-marker	4.4 ANC P marker	44_svo_gn_er_d_se	svo	gn	erg-abs	deranking	sent	svo	SV	AVP	100	1.0	0	0.0	0.9129713487625122	bos_eos
seed_43	4_4_anc_P_marker	23_4_4_anc_P_marker	fig:heatmap-23-anc-p-marker	4.4 ANC P marker	45_svo_gn_er_d_pa	svo	gn	erg-abs	deranking	poss-acc	svo	SV	AVP	100	1.0	0	0.0	0.722974579334259	bos_eos
seed_43	4_4_anc_P_marker	23_4_4_anc_P_marker	fig:heatmap-23-anc-p-marker	4.4 ANC P marker	46_svo_gn_er_d_ep	svo	gn	erg-abs	deranking	erg-poss	sov	SV	PVA	100	1.0	0	0.0	0.9005637216567993	bos_eos
seed_43	4_4_anc_P_marker	23_4_4_anc_P_marker	fig:heatmap-23-anc-p-marker	4.4 ANC P marker	47_svo_gn_er_d_no	svo	gn	erg-abs	deranking	nomn	svo	SV	AVP	100	0.98	0	0.0	0.6410644936561585	bos_eos
seed_43	4_4_anc_P_marker	23_4_4_anc_P_marker	fig:heatmap-23-anc-p-marker	4.4 ANC P marker	48_svo_ng_ac_b_se	svo	ng	nom-acc	balancing	sent	svo	SV	AVP	100	0.92	0	0.0	0.7275645399093628	bos_eos
seed_43	4_4_anc_P_marker	23_4_4_anc_P_marker	fig:heatmap-23-anc-p-marker	4.4 ANC P marker	49_svo_ng_ac_b_pa	svo	ng	nom-acc	balancing	poss-acc	vos	VS	VPA	100	0.96	0	0.0	0.5322851014137268	bos_eos
seed_43	4_4_anc_P_marker	23_4_4_anc_P_marker	fig:heatmap-23-anc-p-marker	4.4 ANC P marker	50_svo_ng_ac_b_ep	svo	ng	nom-acc	balancing	erg-poss	vos	VS	VPA	100	0.98	0	0.0	1.2550660347938538	bos_eos
seed_43	4_4_anc_P_marker	23_4_4_anc_P_marker	fig:heatmap-23-anc-p-marker	4.4 ANC P marker	51_svo_ng_ac_b_no	svo	ng	nom-acc	balancing	nomn	vos	VS	VPA	100	0.96	0	0.0	1.0011952328681946	bos_eos
seed_43	4_4_anc_P_marker	23_4_4_anc_P_marker	fig:heatmap-23-anc-p-marker	4.4 ANC P marker	52_svo_ng_ac_d_se	svo	ng	nom-acc	deranking	sent	svo	SV	AVP	100	0.94	0	0.0	0.7928500699996949	bos_eos
seed_43	4_4_anc_P_marker	23_4_4_anc_P_marker	fig:heatmap-23-anc-p-marker	4.4 ANC P marker	53_svo_ng_ac_d_pa	svo	ng	nom-acc	deranking	poss-acc	vos	VS	VPA	100	0.99	0	0.0	0.5286569285392761	bos_eos
seed_43	4_4_anc_P_marker	23_4_4_anc_P_marker	fig:heatmap-23-anc-p-marker	4.4 ANC P marker	54_svo_ng_ac_d_ep	svo	ng	nom-acc	deranking	erg-poss	vos	VS	VPA	100	0.96	0	0.0	0.9604574298858642	bos_eos
seed_43	4_4_anc_P_marker	23_4_4_anc_P_marker	fig:heatmap-23-anc-p-marker	4.4 ANC P marker	55_svo_ng_ac_d_no	svo	ng	nom-acc	deranking	nomn	vos	VS	VPA	100	0.96	0	0.0	0.9221898889541627	bos_eos
seed_43	4_4_anc_P_marker	23_4_4_anc_P_marker	fig:heatmap-23-anc-p-marker	4.4 ANC P marker	56_svo_ng_er_b_se	svo	ng	erg-abs	balancing	sent	svo	SV	AVP	100	0.77	0	0.0	0.16393452644348144	bos_eos
seed_43	4_4_anc_P_marker	23_4_4_anc_P_marker	fig:heatmap-23-anc-p-marker	4.4 ANC P marker	57_svo_ng_er_b_pa	svo	ng	erg-abs	balancing	poss-acc	vos	VS	VPA	100	0.47	0	0.0	-0.031080868244171143	bos_eos
seed_43	4_4_anc_P_marker	23_4_4_anc_P_marker	fig:heatmap-23-anc-p-marker	4.4 ANC P marker	58_svo_ng_er_b_ep	svo	ng	erg-abs	balancing	erg-poss	vos	VS	VPA	100	0.99	0	0.0	0.7754156374931336	bos_eos
seed_43	4_4_anc_P_marker	23_4_4_anc_P_marker	fig:heatmap-23-anc-p-marker	4.4 ANC P marker	59_svo_ng_er_b_no	svo	ng	erg-abs	balancing	nomn	vos	VS	VPA	100	0.98	0	0.0	0.7088402700424195	bos_eos
seed_43	4_4_anc_P_marker	23_4_4_anc_P_marker	fig:heatmap-23-anc-p-marker	4.4 ANC P marker	60_svo_ng_er_d_se	svo	ng	erg-abs	deranking	sent	svo	SV	AVP	100	0.93	0	0.0	0.25003192663192747	bos_eos
seed_43	4_4_anc_P_marker	23_4_4_anc_P_marker	fig:heatmap-23-anc-p-marker	4.4 ANC P marker	61_svo_ng_er_d_pa	svo	ng	erg-abs	deranking	poss-acc	vos	VS	VPA	100	0.65	0	0.0	0.09758268833160401	bos_eos
seed_43	4_4_anc_P_marker	23_4_4_anc_P_marker	fig:heatmap-23-anc-p-marker	4.4 ANC P marker	62_svo_ng_er_d_ep	svo	ng	erg-abs	deranking	erg-poss	vos	VS	VPA	100	0.89	0	0.0	0.3817207479476929	bos_eos
seed_43	4_4_anc_P_marker	23_4_4_anc_P_marker	fig:heatmap-23-anc-p-marker	4.4 ANC P marker	63_svo_ng_er_d_no	svo	ng	erg-abs	deranking	nomn	vos	VS	VPA	100	0.91	0	0.0	0.42586225748062134	bos_eos
seed_43	4_4_anc_P_marker	23_4_4_anc_P_marker	fig:heatmap-23-anc-p-marker	4.4 ANC P marker	64_vos_gn_ac_b_se	vos	gn	nom-acc	balancing	sent	vos	VS	VPA	100	0.85	0	0.0	0.3152410864830017	bos_eos
seed_43	4_4_anc_P_marker	23_4_4_anc_P_marker	fig:heatmap-23-anc-p-marker	4.4 ANC P marker	65_vos_gn_ac_b_pa	vos	gn	nom-acc	balancing	poss-acc	svo	SV	AVP	100	0.94	0	0.0	0.571439733505249	bos_eos
seed_43	4_4_anc_P_marker	23_4_4_anc_P_marker	fig:heatmap-23-anc-p-marker	4.4 ANC P marker	66_vos_gn_ac_b_ep	vos	gn	nom-acc	balancing	erg-poss	sov	SV	PVA	100	0.98	0	0.0	0.5041356229782105	bos_eos
seed_43	4_4_anc_P_marker	23_4_4_anc_P_marker	fig:heatmap-23-anc-p-marker	4.4 ANC P marker	67_vos_gn_ac_b_no	vos	gn	nom-acc	balancing	nomn	svo	SV	AVP	100	0.93	0	0.0	0.5273712825775146	bos_eos
seed_43	4_4_anc_P_marker	23_4_4_anc_P_marker	fig:heatmap-23-anc-p-marker	4.4 ANC P marker	68_vos_gn_ac_d_se	vos	gn	nom-acc	deranking	sent	vos	VS	VPA	100	0.99	0	0.0	0.4381687068939209	bos_eos
seed_43	4_4_anc_P_marker	23_4_4_anc_P_marker	fig:heatmap-23-anc-p-marker	4.4 ANC P marker	69_vos_gn_ac_d_pa	vos	gn	nom-acc	deranking	poss-acc	svo	SV	AVP	100	0.94	0	0.0	0.645552191734314	bos_eos
seed_43	4_4_anc_P_marker	23_4_4_anc_P_marker	fig:heatmap-23-anc-p-marker	4.4 ANC P marker	70_vos_gn_ac_d_ep	vos	gn	nom-acc	deranking	erg-poss	sov	SV	PVA	100	0.97	0	0.0	0.633753457069397	bos_eos
seed_43	4_4_anc_P_marker	23_4_4_anc_P_marker	fig:heatmap-23-anc-p-marker	4.4 ANC P marker	71_vos_gn_ac_d_no	vos	gn	nom-acc	deranking	nomn	svo	SV	AVP	100	0.97	0	0.0	0.5447533583641052	bos_eos
seed_43	4_4_anc_P_marker	23_4_4_anc_P_marker	fig:heatmap-23-anc-p-marker	4.4 ANC P marker	72_vos_gn_er_b_se	vos	gn	erg-abs	balancing	sent	vos	VS	VPA	100	0.41	0	0.0	-0.06415435791015625	bos_eos
seed_43	4_4_anc_P_marker	23_4_4_anc_P_marker	fig:heatmap-23-anc-p-marker	4.4 ANC P marker	73_vos_gn_er_b_pa	vos	gn	erg-abs	balancing	poss-acc	svo	SV	AVP	100	0.69	0	0.0	0.1377558970451355	bos_eos
seed_43	4_4_anc_P_marker	23_4_4_anc_P_marker	fig:heatmap-23-anc-p-marker	4.4 ANC P marker	74_vos_gn_er_b_ep	vos	gn	erg-abs	balancing	erg-poss	sov	SV	PVA	100	1.0	0	0.0	0.956102933883667	bos_eos
seed_43	4_4_anc_P_marker	23_4_4_anc_P_marker	fig:heatmap-23-anc-p-marker	4.4 ANC P marker	75_vos_gn_er_b_no	vos	gn	erg-abs	balancing	nomn	svo	SV	AVP	100	0.99	0	0.0	0.805810809135437	bos_eos
seed_43	4_4_anc_P_marker	23_4_4_anc_P_marker	fig:heatmap-23-anc-p-marker	4.4 ANC P marker	76_vos_gn_er_d_se	vos	gn	erg-abs	deranking	sent	vos	VS	VPA	100	0.9	0	0.0	0.2728161859512329	bos_eos
seed_43	4_4_anc_P_marker	23_4_4_anc_P_marker	fig:heatmap-23-anc-p-marker	4.4 ANC P marker	77_vos_gn_er_d_pa	vos	gn	erg-abs	deranking	poss-acc	svo	SV	AVP	100	0.73	0	0.0	0.24678825139999389	bos_eos
seed_43	4_4_anc_P_marker	23_4_4_anc_P_marker	fig:heatmap-23-anc-p-marker	4.4 ANC P marker	78_vos_gn_er_d_ep	vos	gn	erg-abs	deranking	erg-poss	sov	SV	PVA	100	1.0	0	0.0	0.9585445594787597	bos_eos
seed_43	4_4_anc_P_marker	23_4_4_anc_P_marker	fig:heatmap-23-anc-p-marker	4.4 ANC P marker	79_vos_gn_er_d_no	vos	gn	erg-abs	deranking	nomn	svo	SV	AVP	100	0.99	0	0.0	0.504613618850708	bos_eos
seed_43	4_4_anc_P_marker	23_4_4_anc_P_marker	fig:heatmap-23-anc-p-marker	4.4 ANC P marker	80_vos_ng_ac_b_se	vos	ng	nom-acc	balancing	sent	vos	VS	VPA	100	0.92	0	0.0	0.3292758679389954	bos_eos
seed_43	4_4_anc_P_marker	23_4_4_anc_P_marker	fig:heatmap-23-anc-p-marker	4.4 ANC P marker	81_vos_ng_ac_b_pa	vos	ng	nom-acc	balancing	poss-acc	vos	VS	VPA	100	0.9	0	0.0	0.17850058794021606	bos_eos
seed_43	4_4_anc_P_marker	23_4_4_anc_P_marker	fig:heatmap-23-anc-p-marker	4.4 ANC P marker	82_vos_ng_ac_b_ep	vos	ng	nom-acc	balancing	erg-poss	vos	VS	VPA	100	0.97	0	0.0	0.5264663219451904	bos_eos
seed_43	4_4_anc_P_marker	23_4_4_anc_P_marker	fig:heatmap-23-anc-p-marker	4.4 ANC P marker	83_vos_ng_ac_b_no	vos	ng	nom-acc	balancing	nomn	vos	VS	VPA	100	0.93	0	0.0	0.46183128356933595	bos_eos
seed_43	4_4_anc_P_marker	23_4_4_anc_P_marker	fig:heatmap-23-anc-p-marker	4.4 ANC P marker	84_vos_ng_ac_d_se	vos	ng	nom-acc	deranking	sent	vos	VS	VPA	100	1.0	0	0.0	0.4980381202697754	bos_eos
seed_43	4_4_anc_P_marker	23_4_4_anc_P_marker	fig:heatmap-23-anc-p-marker	4.4 ANC P marker	85_vos_ng_ac_d_pa	vos	ng	nom-acc	deranking	poss-acc	vos	VS	VPA	100	0.96	0	0.0	0.30839643239974973	bos_eos
seed_43	4_4_anc_P_marker	23_4_4_anc_P_marker	fig:heatmap-23-anc-p-marker	4.4 ANC P marker	86_vos_ng_ac_d_ep	vos	ng	nom-acc	deranking	erg-poss	vos	VS	VPA	100	0.97	0	0.0	0.6399074721336365	bos_eos
seed_43	4_4_anc_P_marker	23_4_4_anc_P_marker	fig:heatmap-23-anc-p-marker	4.4 ANC P marker	87_vos_ng_ac_d_no	vos	ng	nom-acc	deranking	nomn	vos	VS	VPA	100	0.96	0	0.0	0.6354733467102051	bos_eos
seed_43	4_4_anc_P_marker	23_4_4_anc_P_marker	fig:heatmap-23-anc-p-marker	4.4 ANC P marker	88_vos_ng_er_b_se	vos	ng	erg-abs	balancing	sent	vos	VS	VPA	100	0.65	0	0.0	0.025331833362579347	bos_eos
seed_43	4_4_anc_P_marker	23_4_4_anc_P_marker	fig:heatmap-23-anc-p-marker	4.4 ANC P marker	89_vos_ng_er_b_pa	vos	ng	erg-abs	balancing	poss-acc	vos	VS	VPA	100	0.31	0	0.0	-0.1139613151550293	bos_eos
seed_43	4_4_anc_P_marker	23_4_4_anc_P_marker	fig:heatmap-23-anc-p-marker	4.4 ANC P marker	90_vos_ng_er_b_ep	vos	ng	erg-abs	balancing	erg-poss	vos	VS	VPA	100	1.0	0	0.0	0.8675031638145447	bos_eos
seed_43	4_4_anc_P_marker	23_4_4_anc_P_marker	fig:heatmap-23-anc-p-marker	4.4 ANC P marker	91_vos_ng_er_b_no	vos	ng	erg-abs	balancing	nomn	vos	VS	VPA	100	1.0	0	0.0	0.7994149541854858	bos_eos
seed_43	4_4_anc_P_marker	23_4_4_anc_P_marker	fig:heatmap-23-anc-p-marker	4.4 ANC P marker	92_vos_ng_er_d_se	vos	ng	erg-abs	deranking	sent	vos	VS	VPA	100	0.97	0	0.0	0.3429639196395874	bos_eos
seed_43	4_4_anc_P_marker	23_4_4_anc_P_marker	fig:heatmap-23-anc-p-marker	4.4 ANC P marker	93_vos_ng_er_d_pa	vos	ng	erg-abs	deranking	poss-acc	vos	VS	VPA	100	0.66	0	0.0	0.08592190027236939	bos_eos
seed_43	4_4_anc_P_marker	23_4_4_anc_P_marker	fig:heatmap-23-anc-p-marker	4.4 ANC P marker	94_vos_ng_er_d_ep	vos	ng	erg-abs	deranking	erg-poss	vos	VS	VPA	100	0.96	0	0.0	0.48689392805099485	bos_eos
seed_43	4_4_anc_P_marker	23_4_4_anc_P_marker	fig:heatmap-23-anc-p-marker	4.4 ANC P marker	95_vos_ng_er_d_no	vos	ng	erg-abs	deranking	nomn	vos	VS	VPA	100	0.97	0	0.0	0.43170706033706663	bos_eos
seed_43	4_5_anc_SV_order	24_4_5_anc_SV_order	fig:heatmap-24-anc-sv-order	4.5 ANC S--V order	00_sov_gn_ac_b_se	sov	gn	nom-acc	balancing	sent	sov	SV	APV	100	1.0	0	0.0	0.8448915600776672	bos_eos
seed_43	4_5_anc_SV_order	24_4_5_anc_SV_order	fig:heatmap-24-anc-sv-order	4.5 ANC S--V order	01_sov_gn_ac_b_pa	sov	gn	nom-acc	balancing	poss-acc	sov	SV	APV	100	1.0	0	0.0	1.2076259231567383	bos_eos
seed_43	4_5_anc_SV_order	24_4_5_anc_SV_order	fig:heatmap-24-anc-sv-order	4.5 ANC S--V order	02_sov_gn_ac_b_ep	sov	gn	nom-acc	balancing	erg-poss	sov	SV	APV	100	1.0	0	0.0	1.4997905254364015	bos_eos
seed_43	4_5_anc_SV_order	24_4_5_anc_SV_order	fig:heatmap-24-anc-sv-order	4.5 ANC S--V order	03_sov_gn_ac_b_no	sov	gn	nom-acc	balancing	nomn	sov	SV	APV	100	1.0	0	0.0	1.4431250500679016	bos_eos
seed_43	4_5_anc_SV_order	24_4_5_anc_SV_order	fig:heatmap-24-anc-sv-order	4.5 ANC S--V order	04_sov_gn_ac_d_se	sov	gn	nom-acc	deranking	sent	sov	SV	APV	100	1.0	0	0.0	0.9963479304313659	bos_eos
seed_43	4_5_anc_SV_order	24_4_5_anc_SV_order	fig:heatmap-24-anc-sv-order	4.5 ANC S--V order	05_sov_gn_ac_d_pa	sov	gn	nom-acc	deranking	poss-acc	sov	SV	APV	100	1.0	0	0.0	1.2370281863212584	bos_eos
seed_43	4_5_anc_SV_order	24_4_5_anc_SV_order	fig:heatmap-24-anc-sv-order	4.5 ANC S--V order	06_sov_gn_ac_d_ep	sov	gn	nom-acc	deranking	erg-poss	sov	SV	APV	100	1.0	0	0.0	1.3759859204292297	bos_eos
seed_43	4_5_anc_SV_order	24_4_5_anc_SV_order	fig:heatmap-24-anc-sv-order	4.5 ANC S--V order	07_sov_gn_ac_d_no	sov	gn	nom-acc	deranking	nomn	sov	SV	APV	100	1.0	0	0.0	1.436596040725708	bos_eos
seed_43	4_5_anc_SV_order	24_4_5_anc_SV_order	fig:heatmap-24-anc-sv-order	4.5 ANC S--V order	08_sov_gn_er_b_se	sov	gn	erg-abs	balancing	sent	sov	SV	APV	100	0.99	0	0.0	0.7938464713096619	bos_eos
seed_43	4_5_anc_SV_order	24_4_5_anc_SV_order	fig:heatmap-24-anc-sv-order	4.5 ANC S--V order	09_sov_gn_er_b_pa	sov	gn	erg-abs	balancing	poss-acc	sov	SV	APV	100	1.0	0	0.0	1.147131280899048	bos_eos
seed_43	4_5_anc_SV_order	24_4_5_anc_SV_order	fig:heatmap-24-anc-sv-order	4.5 ANC S--V order	10_sov_gn_er_b_ep	sov	gn	erg-abs	balancing	erg-poss	sov	SV	APV	100	1.0	0	0.0	1.3489727425575255	bos_eos
seed_43	4_5_anc_SV_order	24_4_5_anc_SV_order	fig:heatmap-24-anc-sv-order	4.5 ANC S--V order	11_sov_gn_er_b_no	sov	gn	erg-abs	balancing	nomn	sov	SV	APV	100	1.0	0	0.0	1.2199343276023864	bos_eos
seed_43	4_5_anc_SV_order	24_4_5_anc_SV_order	fig:heatmap-24-anc-sv-order	4.5 ANC S--V order	12_sov_gn_er_d_se	sov	gn	erg-abs	deranking	sent	sov	SV	APV	100	1.0	0	0.0	0.9951703691482544	bos_eos
seed_43	4_5_anc_SV_order	24_4_5_anc_SV_order	fig:heatmap-24-anc-sv-order	4.5 ANC S--V order	13_sov_gn_er_d_pa	sov	gn	erg-abs	deranking	poss-acc	sov	SV	APV	100	1.0	0	0.0	1.2521617126464843	bos_eos
seed_43	4_5_anc_SV_order	24_4_5_anc_SV_order	fig:heatmap-24-anc-sv-order	4.5 ANC S--V order	14_sov_gn_er_d_ep	sov	gn	erg-abs	deranking	erg-poss	sov	SV	APV	100	1.0	0	0.0	1.3644535326957703	bos_eos
seed_43	4_5_anc_SV_order	24_4_5_anc_SV_order	fig:heatmap-24-anc-sv-order	4.5 ANC S--V order	15_sov_gn_er_d_no	sov	gn	erg-abs	deranking	nomn	sov	SV	APV	100	1.0	0	0.0	1.3491095066070558	bos_eos
seed_43	4_5_anc_SV_order	24_4_5_anc_SV_order	fig:heatmap-24-anc-sv-order	4.5 ANC S--V order	16_sov_ng_ac_b_se	sov	ng	nom-acc	balancing	sent	sov	SV	APV	100	0.99	0	0.0	0.7791381096839904	bos_eos
seed_43	4_5_anc_SV_order	24_4_5_anc_SV_order	fig:heatmap-24-anc-sv-order	4.5 ANC S--V order	17_sov_ng_ac_b_pa	sov	ng	nom-acc	balancing	poss-acc	ovs	VS	PVA	100	0.72	0	0.0	0.13447362899780274	bos_eos
seed_43	4_5_anc_SV_order	24_4_5_anc_SV_order	fig:heatmap-24-anc-sv-order	4.5 ANC S--V order	18_sov_ng_ac_b_ep	sov	ng	nom-acc	balancing	erg-poss	vos	VS	AVP	100	0.88	0	0.0	0.3131705760955811	bos_eos
seed_43	4_5_anc_SV_order	24_4_5_anc_SV_order	fig:heatmap-24-anc-sv-order	4.5 ANC S--V order	19_sov_ng_ac_b_no	sov	ng	nom-acc	balancing	nomn	ovs	VS	PVA	100	0.62	0	0.0	0.11274758577346802	bos_eos
seed_43	4_5_anc_SV_order	24_4_5_anc_SV_order	fig:heatmap-24-anc-sv-order	4.5 ANC S--V order	20_sov_ng_ac_d_se	sov	ng	nom-acc	deranking	sent	sov	SV	APV	100	1.0	0	0.0	0.9872397518157959	bos_eos
seed_43	4_5_anc_SV_order	24_4_5_anc_SV_order	fig:heatmap-24-anc-sv-order	4.5 ANC S--V order	21_sov_ng_ac_d_pa	sov	ng	nom-acc	deranking	poss-acc	ovs	VS	PVA	100	0.71	0	0.0	0.17921286582946777	bos_eos
seed_43	4_5_anc_SV_order	24_4_5_anc_SV_order	fig:heatmap-24-anc-sv-order	4.5 ANC S--V order	22_sov_ng_ac_d_ep	sov	ng	nom-acc	deranking	erg-poss	vos	VS	AVP	100	0.89	0	0.0	0.3317930483818054	bos_eos
seed_43	4_5_anc_SV_order	24_4_5_anc_SV_order	fig:heatmap-24-anc-sv-order	4.5 ANC S--V order	23_sov_ng_ac_d_no	sov	ng	nom-acc	deranking	nomn	ovs	VS	PVA	100	0.75	0	0.0	0.20319960355758668	bos_eos
seed_43	4_5_anc_SV_order	24_4_5_anc_SV_order	fig:heatmap-24-anc-sv-order	4.5 ANC S--V order	24_sov_ng_er_b_se	sov	ng	erg-abs	balancing	sent	sov	SV	APV	100	1.0	0	0.0	0.6338859367370605	bos_eos
seed_43	4_5_anc_SV_order	24_4_5_anc_SV_order	fig:heatmap-24-anc-sv-order	4.5 ANC S--V order	25_sov_ng_er_b_pa	sov	ng	erg-abs	balancing	poss-acc	ovs	VS	PVA	100	0.66	0	0.0	0.1460382103919983	bos_eos
seed_43	4_5_anc_SV_order	24_4_5_anc_SV_order	fig:heatmap-24-anc-sv-order	4.5 ANC S--V order	26_sov_ng_er_b_ep	sov	ng	erg-abs	balancing	erg-poss	vos	VS	AVP	100	0.99	0	0.0	0.489504976272583	bos_eos
seed_43	4_5_anc_SV_order	24_4_5_anc_SV_order	fig:heatmap-24-anc-sv-order	4.5 ANC S--V order	27_sov_ng_er_b_no	sov	ng	erg-abs	balancing	nomn	ovs	VS	PVA	100	0.74	0	0.0	0.21032997131347655	bos_eos
seed_43	4_5_anc_SV_order	24_4_5_anc_SV_order	fig:heatmap-24-anc-sv-order	4.5 ANC S--V order	28_sov_ng_er_d_se	sov	ng	erg-abs	deranking	sent	sov	SV	APV	100	0.98	0	0.0	0.9102969670295715	bos_eos
seed_43	4_5_anc_SV_order	24_4_5_anc_SV_order	fig:heatmap-24-anc-sv-order	4.5 ANC S--V order	29_sov_ng_er_d_pa	sov	ng	erg-abs	deranking	poss-acc	ovs	VS	PVA	100	0.3	0	0.0	-0.13136276006698608	bos_eos
seed_43	4_5_anc_SV_order	24_4_5_anc_SV_order	fig:heatmap-24-anc-sv-order	4.5 ANC S--V order	30_sov_ng_er_d_ep	sov	ng	erg-abs	deranking	erg-poss	vos	VS	AVP	100	0.78	0	0.0	0.25305489540100096	bos_eos
seed_43	4_5_anc_SV_order	24_4_5_anc_SV_order	fig:heatmap-24-anc-sv-order	4.5 ANC S--V order	31_sov_ng_er_d_no	sov	ng	erg-abs	deranking	nomn	ovs	VS	PVA	100	0.47	0	0.0	-0.009058797359466552	bos_eos
seed_43	4_5_anc_SV_order	24_4_5_anc_SV_order	fig:heatmap-24-anc-sv-order	4.5 ANC S--V order	32_svo_gn_ac_b_se	svo	gn	nom-acc	balancing	sent	svo	SV	AVP	100	1.0	0	0.0	1.6351926112174988	bos_eos
seed_43	4_5_anc_SV_order	24_4_5_anc_SV_order	fig:heatmap-24-anc-sv-order	4.5 ANC S--V order	33_svo_gn_ac_b_pa	svo	gn	nom-acc	balancing	poss-acc	svo	SV	AVP	100	1.0	0	0.0	1.4098815631866455	bos_eos
seed_43	4_5_anc_SV_order	24_4_5_anc_SV_order	fig:heatmap-24-anc-sv-order	4.5 ANC S--V order	34_svo_gn_ac_b_ep	svo	gn	nom-acc	balancing	erg-poss	sov	SV	PVA	100	1.0	0	0.0	2.4661969780921935	bos_eos
seed_43	4_5_anc_SV_order	24_4_5_anc_SV_order	fig:heatmap-24-anc-sv-order	4.5 ANC S--V order	35_svo_gn_ac_b_no	svo	gn	nom-acc	balancing	nomn	svo	SV	AVP	100	1.0	0	0.0	1.253191728591919	bos_eos
seed_43	4_5_anc_SV_order	24_4_5_anc_SV_order	fig:heatmap-24-anc-sv-order	4.5 ANC S--V order	36_svo_gn_ac_d_se	svo	gn	nom-acc	deranking	sent	svo	SV	AVP	100	1.0	0	0.0	1.6306560516357422	bos_eos
seed_43	4_5_anc_SV_order	24_4_5_anc_SV_order	fig:heatmap-24-anc-sv-order	4.5 ANC S--V order	37_svo_gn_ac_d_pa	svo	gn	nom-acc	deranking	poss-acc	svo	SV	AVP	100	1.0	0	0.0	1.3021652388572693	bos_eos
seed_43	4_5_anc_SV_order	24_4_5_anc_SV_order	fig:heatmap-24-anc-sv-order	4.5 ANC S--V order	38_svo_gn_ac_d_ep	svo	gn	nom-acc	deranking	erg-poss	sov	SV	PVA	100	1.0	0	0.0	2.3641316509246826	bos_eos
seed_43	4_5_anc_SV_order	24_4_5_anc_SV_order	fig:heatmap-24-anc-sv-order	4.5 ANC S--V order	39_svo_gn_ac_d_no	svo	gn	nom-acc	deranking	nomn	svo	SV	AVP	100	1.0	0	0.0	1.290466706752777	bos_eos
seed_43	4_5_anc_SV_order	24_4_5_anc_SV_order	fig:heatmap-24-anc-sv-order	4.5 ANC S--V order	40_svo_gn_er_b_se	svo	gn	erg-abs	balancing	sent	svo	SV	AVP	100	0.26	0	0.0	-0.15986119985580444	bos_eos
seed_43	4_5_anc_SV_order	24_4_5_anc_SV_order	fig:heatmap-24-anc-sv-order	4.5 ANC S--V order	41_svo_gn_er_b_pa	svo	gn	erg-abs	balancing	poss-acc	svo	SV	AVP	100	0.99	0	0.0	0.9381070709228516	bos_eos
seed_43	4_5_anc_SV_order	24_4_5_anc_SV_order	fig:heatmap-24-anc-sv-order	4.5 ANC S--V order	42_svo_gn_er_b_ep	svo	gn	erg-abs	balancing	erg-poss	sov	SV	PVA	100	1.0	0	0.0	2.064430058002472	bos_eos
seed_43	4_5_anc_SV_order	24_4_5_anc_SV_order	fig:heatmap-24-anc-sv-order	4.5 ANC S--V order	43_svo_gn_er_b_no	svo	gn	erg-abs	balancing	nomn	svo	SV	AVP	100	1.0	0	0.0	1.167436819076538	bos_eos
seed_43	4_5_anc_SV_order	24_4_5_anc_SV_order	fig:heatmap-24-anc-sv-order	4.5 ANC S--V order	44_svo_gn_er_d_se	svo	gn	erg-abs	deranking	sent	svo	SV	AVP	100	0.73	0	0.0	0.22935567140579224	bos_eos
seed_43	4_5_anc_SV_order	24_4_5_anc_SV_order	fig:heatmap-24-anc-sv-order	4.5 ANC S--V order	45_svo_gn_er_d_pa	svo	gn	erg-abs	deranking	poss-acc	svo	SV	AVP	100	1.0	0	0.0	1.1960912442207337	bos_eos
seed_43	4_5_anc_SV_order	24_4_5_anc_SV_order	fig:heatmap-24-anc-sv-order	4.5 ANC S--V order	46_svo_gn_er_d_ep	svo	gn	erg-abs	deranking	erg-poss	sov	SV	PVA	100	1.0	0	0.0	1.6913790369033814	bos_eos
seed_43	4_5_anc_SV_order	24_4_5_anc_SV_order	fig:heatmap-24-anc-sv-order	4.5 ANC S--V order	47_svo_gn_er_d_no	svo	gn	erg-abs	deranking	nomn	svo	SV	AVP	100	1.0	0	0.0	1.2246569085121155	bos_eos
seed_43	4_5_anc_SV_order	24_4_5_anc_SV_order	fig:heatmap-24-anc-sv-order	4.5 ANC S--V order	48_svo_ng_ac_b_se	svo	ng	nom-acc	balancing	sent	svo	SV	AVP	100	1.0	0	0.0	1.5673833751678468	bos_eos
seed_43	4_5_anc_SV_order	24_4_5_anc_SV_order	fig:heatmap-24-anc-sv-order	4.5 ANC S--V order	49_svo_ng_ac_b_pa	svo	ng	nom-acc	balancing	poss-acc	vos	VS	VPA	100	1.0	0	0.0	1.3409469079971315	bos_eos
seed_43	4_5_anc_SV_order	24_4_5_anc_SV_order	fig:heatmap-24-anc-sv-order	4.5 ANC S--V order	50_svo_ng_ac_b_ep	svo	ng	nom-acc	balancing	erg-poss	vos	VS	VPA	100	1.0	0	0.0	1.6196494388580323	bos_eos
seed_43	4_5_anc_SV_order	24_4_5_anc_SV_order	fig:heatmap-24-anc-sv-order	4.5 ANC S--V order	51_svo_ng_ac_b_no	svo	ng	nom-acc	balancing	nomn	vos	VS	VPA	100	1.0	0	0.0	1.537788610458374	bos_eos
seed_43	4_5_anc_SV_order	24_4_5_anc_SV_order	fig:heatmap-24-anc-sv-order	4.5 ANC S--V order	52_svo_ng_ac_d_se	svo	ng	nom-acc	deranking	sent	svo	SV	AVP	100	1.0	0	0.0	1.31593816280365	bos_eos
seed_43	4_5_anc_SV_order	24_4_5_anc_SV_order	fig:heatmap-24-anc-sv-order	4.5 ANC S--V order	53_svo_ng_ac_d_pa	svo	ng	nom-acc	deranking	poss-acc	vos	VS	VPA	100	1.0	0	0.0	1.366194498538971	bos_eos
seed_43	4_5_anc_SV_order	24_4_5_anc_SV_order	fig:heatmap-24-anc-sv-order	4.5 ANC S--V order	54_svo_ng_ac_d_ep	svo	ng	nom-acc	deranking	erg-poss	vos	VS	VPA	100	1.0	0	0.0	1.2207393479347228	bos_eos
seed_43	4_5_anc_SV_order	24_4_5_anc_SV_order	fig:heatmap-24-anc-sv-order	4.5 ANC S--V order	55_svo_ng_ac_d_no	svo	ng	nom-acc	deranking	nomn	vos	VS	VPA	100	1.0	0	0.0	1.3404612398147584	bos_eos
seed_43	4_5_anc_SV_order	24_4_5_anc_SV_order	fig:heatmap-24-anc-sv-order	4.5 ANC S--V order	56_svo_ng_er_b_se	svo	ng	erg-abs	balancing	sent	svo	SV	AVP	100	0.3	0	0.0	-0.1700424075126648	bos_eos
seed_43	4_5_anc_SV_order	24_4_5_anc_SV_order	fig:heatmap-24-anc-sv-order	4.5 ANC S--V order	57_svo_ng_er_b_pa	svo	ng	erg-abs	balancing	poss-acc	vos	VS	VPA	100	1.0	0	0.0	0.9347095394134521	bos_eos
seed_43	4_5_anc_SV_order	24_4_5_anc_SV_order	fig:heatmap-24-anc-sv-order	4.5 ANC S--V order	58_svo_ng_er_b_ep	svo	ng	erg-abs	balancing	erg-poss	vos	VS	VPA	100	1.0	0	0.0	1.3428079319000243	bos_eos
seed_43	4_5_anc_SV_order	24_4_5_anc_SV_order	fig:heatmap-24-anc-sv-order	4.5 ANC S--V order	59_svo_ng_er_b_no	svo	ng	erg-abs	balancing	nomn	vos	VS	VPA	100	1.0	0	0.0	1.132694787979126	bos_eos
seed_43	4_5_anc_SV_order	24_4_5_anc_SV_order	fig:heatmap-24-anc-sv-order	4.5 ANC S--V order	60_svo_ng_er_d_se	svo	ng	erg-abs	deranking	sent	svo	SV	AVP	100	0.76	0	0.0	0.27239891290664675	bos_eos
seed_43	4_5_anc_SV_order	24_4_5_anc_SV_order	fig:heatmap-24-anc-sv-order	4.5 ANC S--V order	61_svo_ng_er_d_pa	svo	ng	erg-abs	deranking	poss-acc	vos	VS	VPA	100	0.81	0	0.0	0.3405876135826111	bos_eos
seed_43	4_5_anc_SV_order	24_4_5_anc_SV_order	fig:heatmap-24-anc-sv-order	4.5 ANC S--V order	62_svo_ng_er_d_ep	svo	ng	erg-abs	deranking	erg-poss	vos	VS	VPA	100	0.82	0	0.0	0.35984546899795533	bos_eos
seed_43	4_5_anc_SV_order	24_4_5_anc_SV_order	fig:heatmap-24-anc-sv-order	4.5 ANC S--V order	63_svo_ng_er_d_no	svo	ng	erg-abs	deranking	nomn	vos	VS	VPA	100	0.87	0	0.0	0.401522753238678	bos_eos
seed_43	4_5_anc_SV_order	24_4_5_anc_SV_order	fig:heatmap-24-anc-sv-order	4.5 ANC S--V order	64_vos_gn_ac_b_se	vos	gn	nom-acc	balancing	sent	vos	VS	VPA	100	0.91	0	0.0	0.4716053485870361	bos_eos
seed_43	4_5_anc_SV_order	24_4_5_anc_SV_order	fig:heatmap-24-anc-sv-order	4.5 ANC S--V order	65_vos_gn_ac_b_pa	vos	gn	nom-acc	balancing	poss-acc	svo	SV	AVP	100	0.77	0	0.0	0.2139532732963562	bos_eos
seed_43	4_5_anc_SV_order	24_4_5_anc_SV_order	fig:heatmap-24-anc-sv-order	4.5 ANC S--V order	66_vos_gn_ac_b_ep	vos	gn	nom-acc	balancing	erg-poss	sov	SV	PVA	100	0.91	0	0.0	0.38312262773513794	bos_eos
seed_43	4_5_anc_SV_order	24_4_5_anc_SV_order	fig:heatmap-24-anc-sv-order	4.5 ANC S--V order	67_vos_gn_ac_b_no	vos	gn	nom-acc	balancing	nomn	svo	SV	AVP	100	0.67	0	0.0	0.17328800916671752	bos_eos
seed_43	4_5_anc_SV_order	24_4_5_anc_SV_order	fig:heatmap-24-anc-sv-order	4.5 ANC S--V order	68_vos_gn_ac_d_se	vos	gn	nom-acc	deranking	sent	vos	VS	VPA	100	0.98	0	0.0	0.7202106356620789	bos_eos
seed_43	4_5_anc_SV_order	24_4_5_anc_SV_order	fig:heatmap-24-anc-sv-order	4.5 ANC S--V order	69_vos_gn_ac_d_pa	vos	gn	nom-acc	deranking	poss-acc	svo	SV	AVP	100	0.62	0	0.0	0.15737354040145873	bos_eos
seed_43	4_5_anc_SV_order	24_4_5_anc_SV_order	fig:heatmap-24-anc-sv-order	4.5 ANC S--V order	70_vos_gn_ac_d_ep	vos	gn	nom-acc	deranking	erg-poss	sov	SV	PVA	100	0.89	0	0.0	0.35132566928863523	bos_eos
seed_43	4_5_anc_SV_order	24_4_5_anc_SV_order	fig:heatmap-24-anc-sv-order	4.5 ANC S--V order	71_vos_gn_ac_d_no	vos	gn	nom-acc	deranking	nomn	svo	SV	AVP	100	0.64	0	0.0	0.15993337869644164	bos_eos
seed_43	4_5_anc_SV_order	24_4_5_anc_SV_order	fig:heatmap-24-anc-sv-order	4.5 ANC S--V order	72_vos_gn_er_b_se	vos	gn	erg-abs	balancing	sent	vos	VS	VPA	100	0.91	0	0.0	0.4572444224357605	bos_eos
seed_43	4_5_anc_SV_order	24_4_5_anc_SV_order	fig:heatmap-24-anc-sv-order	4.5 ANC S--V order	73_vos_gn_er_b_pa	vos	gn	erg-abs	balancing	poss-acc	svo	SV	AVP	100	0.78	0	0.0	0.23188859224319458	bos_eos
seed_43	4_5_anc_SV_order	24_4_5_anc_SV_order	fig:heatmap-24-anc-sv-order	4.5 ANC S--V order	74_vos_gn_er_b_ep	vos	gn	erg-abs	balancing	erg-poss	sov	SV	PVA	100	0.93	0	0.0	0.43113702297210693	bos_eos
seed_43	4_5_anc_SV_order	24_4_5_anc_SV_order	fig:heatmap-24-anc-sv-order	4.5 ANC S--V order	75_vos_gn_er_b_no	vos	gn	erg-abs	balancing	nomn	svo	SV	AVP	100	0.79	0	0.0	0.2520297145843506	bos_eos
seed_43	4_5_anc_SV_order	24_4_5_anc_SV_order	fig:heatmap-24-anc-sv-order	4.5 ANC S--V order	76_vos_gn_er_d_se	vos	gn	erg-abs	deranking	sent	vos	VS	VPA	100	1.0	0	0.0	0.8905661129951477	bos_eos
seed_43	4_5_anc_SV_order	24_4_5_anc_SV_order	fig:heatmap-24-anc-sv-order	4.5 ANC S--V order	77_vos_gn_er_d_pa	vos	gn	erg-abs	deranking	poss-acc	svo	SV	AVP	100	0.65	0	0.0	0.13950944900512696	bos_eos
seed_43	4_5_anc_SV_order	24_4_5_anc_SV_order	fig:heatmap-24-anc-sv-order	4.5 ANC S--V order	78_vos_gn_er_d_ep	vos	gn	erg-abs	deranking	erg-poss	sov	SV	PVA	100	0.88	0	0.0	0.35937574625015256	bos_eos
seed_43	4_5_anc_SV_order	24_4_5_anc_SV_order	fig:heatmap-24-anc-sv-order	4.5 ANC S--V order	79_vos_gn_er_d_no	vos	gn	erg-abs	deranking	nomn	svo	SV	AVP	100	0.48	0	0.0	0.06593600034713745	bos_eos
seed_43	4_5_anc_SV_order	24_4_5_anc_SV_order	fig:heatmap-24-anc-sv-order	4.5 ANC S--V order	80_vos_ng_ac_b_se	vos	ng	nom-acc	balancing	sent	vos	VS	VPA	100	0.95	0	0.0	0.49238267421722415	bos_eos
seed_43	4_5_anc_SV_order	24_4_5_anc_SV_order	fig:heatmap-24-anc-sv-order	4.5 ANC S--V order	81_vos_ng_ac_b_pa	vos	ng	nom-acc	balancing	poss-acc	vos	VS	VPA	100	0.99	0	0.0	0.8776058006286621	bos_eos
seed_43	4_5_anc_SV_order	24_4_5_anc_SV_order	fig:heatmap-24-anc-sv-order	4.5 ANC S--V order	82_vos_ng_ac_b_ep	vos	ng	nom-acc	balancing	erg-poss	vos	VS	VPA	100	1.0	0	0.0	1.3176908206939697	bos_eos
seed_43	4_5_anc_SV_order	24_4_5_anc_SV_order	fig:heatmap-24-anc-sv-order	4.5 ANC S--V order	83_vos_ng_ac_b_no	vos	ng	nom-acc	balancing	nomn	vos	VS	VPA	100	1.0	0	0.0	0.9920870423316955	bos_eos
seed_43	4_5_anc_SV_order	24_4_5_anc_SV_order	fig:heatmap-24-anc-sv-order	4.5 ANC S--V order	84_vos_ng_ac_d_se	vos	ng	nom-acc	deranking	sent	vos	VS	VPA	100	0.97	0	0.0	0.7091367793083191	bos_eos
seed_43	4_5_anc_SV_order	24_4_5_anc_SV_order	fig:heatmap-24-anc-sv-order	4.5 ANC S--V order	85_vos_ng_ac_d_pa	vos	ng	nom-acc	deranking	poss-acc	vos	VS	VPA	100	0.99	0	0.0	0.8779521703720092	bos_eos
seed_43	4_5_anc_SV_order	24_4_5_anc_SV_order	fig:heatmap-24-anc-sv-order	4.5 ANC S--V order	86_vos_ng_ac_d_ep	vos	ng	nom-acc	deranking	erg-poss	vos	VS	VPA	100	1.0	0	0.0	1.064816074371338	bos_eos
seed_43	4_5_anc_SV_order	24_4_5_anc_SV_order	fig:heatmap-24-anc-sv-order	4.5 ANC S--V order	87_vos_ng_ac_d_no	vos	ng	nom-acc	deranking	nomn	vos	VS	VPA	100	1.0	0	0.0	0.9586739110946655	bos_eos
seed_43	4_5_anc_SV_order	24_4_5_anc_SV_order	fig:heatmap-24-anc-sv-order	4.5 ANC S--V order	88_vos_ng_er_b_se	vos	ng	erg-abs	balancing	sent	vos	VS	VPA	100	0.98	0	0.0	0.6432928943634033	bos_eos
seed_43	4_5_anc_SV_order	24_4_5_anc_SV_order	fig:heatmap-24-anc-sv-order	4.5 ANC S--V order	89_vos_ng_er_b_pa	vos	ng	erg-abs	balancing	poss-acc	vos	VS	VPA	100	1.0	0	0.0	1.5197200775146484	bos_eos
seed_43	4_5_anc_SV_order	24_4_5_anc_SV_order	fig:heatmap-24-anc-sv-order	4.5 ANC S--V order	90_vos_ng_er_b_ep	vos	ng	erg-abs	balancing	erg-poss	vos	VS	VPA	100	1.0	0	0.0	1.583046054840088	bos_eos
seed_43	4_5_anc_SV_order	24_4_5_anc_SV_order	fig:heatmap-24-anc-sv-order	4.5 ANC S--V order	91_vos_ng_er_b_no	vos	ng	erg-abs	balancing	nomn	vos	VS	VPA	100	1.0	0	0.0	1.596439814567566	bos_eos
seed_43	4_5_anc_SV_order	24_4_5_anc_SV_order	fig:heatmap-24-anc-sv-order	4.5 ANC S--V order	92_vos_ng_er_d_se	vos	ng	erg-abs	deranking	sent	vos	VS	VPA	100	1.0	0	0.0	1.0586798405647277	bos_eos
seed_43	4_5_anc_SV_order	24_4_5_anc_SV_order	fig:heatmap-24-anc-sv-order	4.5 ANC S--V order	93_vos_ng_er_d_pa	vos	ng	erg-abs	deranking	poss-acc	vos	VS	VPA	100	1.0	0	0.0	1.4314631295204163	bos_eos
seed_43	4_5_anc_SV_order	24_4_5_anc_SV_order	fig:heatmap-24-anc-sv-order	4.5 ANC S--V order	94_vos_ng_er_d_ep	vos	ng	erg-abs	deranking	erg-poss	vos	VS	VPA	100	1.0	0	0.0	1.7756096386909486	bos_eos
seed_43	4_5_anc_SV_order	24_4_5_anc_SV_order	fig:heatmap-24-anc-sv-order	4.5 ANC S--V order	95_vos_ng_er_d_no	vos	ng	erg-abs	deranking	nomn	vos	VS	VPA	100	1.0	0	0.0	1.7877972984313966	bos_eos
seed_43	4_6_anc_AV_order	25_4_6_anc_AV_order	fig:heatmap-25-anc-av-order	4.6 ANC A--V order	00_sov_gn_ac_b_se	sov	gn	nom-acc	balancing	sent	sov	SV	APV	100	0.99	0	0.0	0.6699574542045593	bos_eos
seed_43	4_6_anc_AV_order	25_4_6_anc_AV_order	fig:heatmap-25-anc-av-order	4.6 ANC A--V order	01_sov_gn_ac_b_pa	sov	gn	nom-acc	balancing	poss-acc	sov	SV	APV	100	1.0	0	0.0	1.0232485628128052	bos_eos
seed_43	4_6_anc_AV_order	25_4_6_anc_AV_order	fig:heatmap-25-anc-av-order	4.6 ANC A--V order	02_sov_gn_ac_b_ep	sov	gn	nom-acc	balancing	erg-poss	sov	SV	APV	100	0.96	0	0.0	0.6645263957977295	bos_eos
seed_43	4_6_anc_AV_order	25_4_6_anc_AV_order	fig:heatmap-25-anc-av-order	4.6 ANC A--V order	03_sov_gn_ac_b_no	sov	gn	nom-acc	balancing	nomn	sov	SV	APV	100	1.0	0	0.0	1.0101817703247071	bos_eos
seed_43	4_6_anc_AV_order	25_4_6_anc_AV_order	fig:heatmap-25-anc-av-order	4.6 ANC A--V order	04_sov_gn_ac_d_se	sov	gn	nom-acc	deranking	sent	sov	SV	APV	100	0.99	0	0.0	0.7755789399147034	bos_eos
seed_43	4_6_anc_AV_order	25_4_6_anc_AV_order	fig:heatmap-25-anc-av-order	4.6 ANC A--V order	05_sov_gn_ac_d_pa	sov	gn	nom-acc	deranking	poss-acc	sov	SV	APV	100	1.0	0	0.0	1.011540608406067	bos_eos
seed_43	4_6_anc_AV_order	25_4_6_anc_AV_order	fig:heatmap-25-anc-av-order	4.6 ANC A--V order	06_sov_gn_ac_d_ep	sov	gn	nom-acc	deranking	erg-poss	sov	SV	APV	100	1.0	0	0.0	0.9702541637420654	bos_eos
seed_43	4_6_anc_AV_order	25_4_6_anc_AV_order	fig:heatmap-25-anc-av-order	4.6 ANC A--V order	07_sov_gn_ac_d_no	sov	gn	nom-acc	deranking	nomn	sov	SV	APV	100	1.0	0	0.0	1.0392549514770508	bos_eos
seed_43	4_6_anc_AV_order	25_4_6_anc_AV_order	fig:heatmap-25-anc-av-order	4.6 ANC A--V order	08_sov_gn_er_b_se	sov	gn	erg-abs	balancing	sent	sov	SV	APV	100	1.0	0	0.0	1.021133427619934	bos_eos
seed_43	4_6_anc_AV_order	25_4_6_anc_AV_order	fig:heatmap-25-anc-av-order	4.6 ANC A--V order	09_sov_gn_er_b_pa	sov	gn	erg-abs	balancing	poss-acc	sov	SV	APV	100	1.0	0	0.0	0.9513209676742553	bos_eos
seed_43	4_6_anc_AV_order	25_4_6_anc_AV_order	fig:heatmap-25-anc-av-order	4.6 ANC A--V order	10_sov_gn_er_b_ep	sov	gn	erg-abs	balancing	erg-poss	sov	SV	APV	100	1.0	0	0.0	0.7371472477912903	bos_eos
seed_43	4_6_anc_AV_order	25_4_6_anc_AV_order	fig:heatmap-25-anc-av-order	4.6 ANC A--V order	11_sov_gn_er_b_no	sov	gn	erg-abs	balancing	nomn	sov	SV	APV	100	1.0	0	0.0	0.9358262228965759	bos_eos
seed_43	4_6_anc_AV_order	25_4_6_anc_AV_order	fig:heatmap-25-anc-av-order	4.6 ANC A--V order	12_sov_gn_er_d_se	sov	gn	erg-abs	deranking	sent	sov	SV	APV	100	1.0	0	0.0	1.3413274812698364	bos_eos
seed_43	4_6_anc_AV_order	25_4_6_anc_AV_order	fig:heatmap-25-anc-av-order	4.6 ANC A--V order	13_sov_gn_er_d_pa	sov	gn	erg-abs	deranking	poss-acc	sov	SV	APV	100	1.0	0	0.0	1.1205337309837342	bos_eos
seed_43	4_6_anc_AV_order	25_4_6_anc_AV_order	fig:heatmap-25-anc-av-order	4.6 ANC A--V order	14_sov_gn_er_d_ep	sov	gn	erg-abs	deranking	erg-poss	sov	SV	APV	100	0.97	0	0.0	0.5966815686225891	bos_eos
seed_43	4_6_anc_AV_order	25_4_6_anc_AV_order	fig:heatmap-25-anc-av-order	4.6 ANC A--V order	15_sov_gn_er_d_no	sov	gn	erg-abs	deranking	nomn	sov	SV	APV	100	1.0	0	0.0	0.9932184100151062	bos_eos
seed_43	4_6_anc_AV_order	25_4_6_anc_AV_order	fig:heatmap-25-anc-av-order	4.6 ANC A--V order	16_sov_ng_ac_b_se	sov	ng	nom-acc	balancing	sent	sov	SV	APV	100	0.98	0	0.0	0.5568014597892761	bos_eos
seed_43	4_6_anc_AV_order	25_4_6_anc_AV_order	fig:heatmap-25-anc-av-order	4.6 ANC A--V order	17_sov_ng_ac_b_pa	sov	ng	nom-acc	balancing	poss-acc	ovs	VS	PVA	100	0.92	0	0.0	0.3250176119804382	bos_eos
seed_43	4_6_anc_AV_order	25_4_6_anc_AV_order	fig:heatmap-25-anc-av-order	4.6 ANC A--V order	18_sov_ng_ac_b_ep	sov	ng	nom-acc	balancing	erg-poss	vos	VS	AVP	100	0.99	0	0.0	0.575373330116272	bos_eos
seed_43	4_6_anc_AV_order	25_4_6_anc_AV_order	fig:heatmap-25-anc-av-order	4.6 ANC A--V order	19_sov_ng_ac_b_no	sov	ng	nom-acc	balancing	nomn	ovs	VS	PVA	100	0.82	0	0.0	0.22572184324264527	bos_eos
seed_43	4_6_anc_AV_order	25_4_6_anc_AV_order	fig:heatmap-25-anc-av-order	4.6 ANC A--V order	20_sov_ng_ac_d_se	sov	ng	nom-acc	deranking	sent	sov	SV	APV	100	0.99	0	0.0	0.7471955776214599	bos_eos
seed_43	4_6_anc_AV_order	25_4_6_anc_AV_order	fig:heatmap-25-anc-av-order	4.6 ANC A--V order	21_sov_ng_ac_d_pa	sov	ng	nom-acc	deranking	poss-acc	ovs	VS	PVA	100	0.76	0	0.0	0.23480517625808717	bos_eos
seed_43	4_6_anc_AV_order	25_4_6_anc_AV_order	fig:heatmap-25-anc-av-order	4.6 ANC A--V order	22_sov_ng_ac_d_ep	sov	ng	nom-acc	deranking	erg-poss	vos	VS	AVP	100	0.99	0	0.0	0.800875813961029	bos_eos
seed_43	4_6_anc_AV_order	25_4_6_anc_AV_order	fig:heatmap-25-anc-av-order	4.6 ANC A--V order	23_sov_ng_ac_d_no	sov	ng	nom-acc	deranking	nomn	ovs	VS	PVA	100	0.86	0	0.0	0.22629082918167115	bos_eos
seed_43	4_6_anc_AV_order	25_4_6_anc_AV_order	fig:heatmap-25-anc-av-order	4.6 ANC A--V order	24_sov_ng_er_b_se	sov	ng	erg-abs	balancing	sent	sov	SV	APV	100	1.0	0	0.0	1.0255760192871093	bos_eos
seed_43	4_6_anc_AV_order	25_4_6_anc_AV_order	fig:heatmap-25-anc-av-order	4.6 ANC A--V order	25_sov_ng_er_b_pa	sov	ng	erg-abs	balancing	poss-acc	ovs	VS	PVA	100	0.82	0	0.0	0.29005208015441897	bos_eos
seed_43	4_6_anc_AV_order	25_4_6_anc_AV_order	fig:heatmap-25-anc-av-order	4.6 ANC A--V order	26_sov_ng_er_b_ep	sov	ng	erg-abs	balancing	erg-poss	vos	VS	AVP	100	0.97	0	0.0	0.6115222644805908	bos_eos
seed_43	4_6_anc_AV_order	25_4_6_anc_AV_order	fig:heatmap-25-anc-av-order	4.6 ANC A--V order	27_sov_ng_er_b_no	sov	ng	erg-abs	balancing	nomn	ovs	VS	PVA	100	0.71	0	0.0	0.18947268009185791	bos_eos
seed_43	4_6_anc_AV_order	25_4_6_anc_AV_order	fig:heatmap-25-anc-av-order	4.6 ANC A--V order	28_sov_ng_er_d_se	sov	ng	erg-abs	deranking	sent	sov	SV	APV	100	1.0	0	0.0	1.4264633536338807	bos_eos
seed_43	4_6_anc_AV_order	25_4_6_anc_AV_order	fig:heatmap-25-anc-av-order	4.6 ANC A--V order	29_sov_ng_er_d_pa	sov	ng	erg-abs	deranking	poss-acc	ovs	VS	PVA	100	0.75	0	0.0	0.21343332529067993	bos_eos
seed_43	4_6_anc_AV_order	25_4_6_anc_AV_order	fig:heatmap-25-anc-av-order	4.6 ANC A--V order	30_sov_ng_er_d_ep	sov	ng	erg-abs	deranking	erg-poss	vos	VS	AVP	100	0.98	0	0.0	0.6604703211784363	bos_eos
seed_43	4_6_anc_AV_order	25_4_6_anc_AV_order	fig:heatmap-25-anc-av-order	4.6 ANC A--V order	31_sov_ng_er_d_no	sov	ng	erg-abs	deranking	nomn	ovs	VS	PVA	100	0.74	0	0.0	0.1893693470954895	bos_eos
seed_43	4_6_anc_AV_order	25_4_6_anc_AV_order	fig:heatmap-25-anc-av-order	4.6 ANC A--V order	32_svo_gn_ac_b_se	svo	gn	nom-acc	balancing	sent	svo	SV	AVP	100	1.0	0	0.0	1.892990128993988	bos_eos
seed_43	4_6_anc_AV_order	25_4_6_anc_AV_order	fig:heatmap-25-anc-av-order	4.6 ANC A--V order	33_svo_gn_ac_b_pa	svo	gn	nom-acc	balancing	poss-acc	svo	SV	AVP	100	1.0	0	0.0	1.745333206653595	bos_eos
seed_43	4_6_anc_AV_order	25_4_6_anc_AV_order	fig:heatmap-25-anc-av-order	4.6 ANC A--V order	34_svo_gn_ac_b_ep	svo	gn	nom-acc	balancing	erg-poss	sov	SV	PVA	100	0.94	0	0.0	0.6335385084152222	bos_eos
seed_43	4_6_anc_AV_order	25_4_6_anc_AV_order	fig:heatmap-25-anc-av-order	4.6 ANC A--V order	35_svo_gn_ac_b_no	svo	gn	nom-acc	balancing	nomn	svo	SV	AVP	100	1.0	0	0.0	1.7389741039276123	bos_eos
seed_43	4_6_anc_AV_order	25_4_6_anc_AV_order	fig:heatmap-25-anc-av-order	4.6 ANC A--V order	36_svo_gn_ac_d_se	svo	gn	nom-acc	deranking	sent	svo	SV	AVP	100	1.0	0	0.0	1.7427642464637756	bos_eos
seed_43	4_6_anc_AV_order	25_4_6_anc_AV_order	fig:heatmap-25-anc-av-order	4.6 ANC A--V order	37_svo_gn_ac_d_pa	svo	gn	nom-acc	deranking	poss-acc	svo	SV	AVP	100	1.0	0	0.0	1.5214954209327698	bos_eos
seed_43	4_6_anc_AV_order	25_4_6_anc_AV_order	fig:heatmap-25-anc-av-order	4.6 ANC A--V order	38_svo_gn_ac_d_ep	svo	gn	nom-acc	deranking	erg-poss	sov	SV	PVA	100	0.91	0	0.0	0.5106497144699097	bos_eos
seed_43	4_6_anc_AV_order	25_4_6_anc_AV_order	fig:heatmap-25-anc-av-order	4.6 ANC A--V order	39_svo_gn_ac_d_no	svo	gn	nom-acc	deranking	nomn	svo	SV	AVP	100	1.0	0	0.0	1.6307898879051208	bos_eos
seed_43	4_6_anc_AV_order	25_4_6_anc_AV_order	fig:heatmap-25-anc-av-order	4.6 ANC A--V order	40_svo_gn_er_b_se	svo	gn	erg-abs	balancing	sent	svo	SV	AVP	100	1.0	0	0.0	1.2788297510147095	bos_eos
seed_43	4_6_anc_AV_order	25_4_6_anc_AV_order	fig:heatmap-25-anc-av-order	4.6 ANC A--V order	41_svo_gn_er_b_pa	svo	gn	erg-abs	balancing	poss-acc	svo	SV	AVP	100	1.0	0	0.0	1.4111703896522523	bos_eos
seed_43	4_6_anc_AV_order	25_4_6_anc_AV_order	fig:heatmap-25-anc-av-order	4.6 ANC A--V order	42_svo_gn_er_b_ep	svo	gn	erg-abs	balancing	erg-poss	sov	SV	PVA	100	0.93	0	0.0	0.4726113700866699	bos_eos
seed_43	4_6_anc_AV_order	25_4_6_anc_AV_order	fig:heatmap-25-anc-av-order	4.6 ANC A--V order	43_svo_gn_er_b_no	svo	gn	erg-abs	balancing	nomn	svo	SV	AVP	100	1.0	0	0.0	1.504290542602539	bos_eos
seed_43	4_6_anc_AV_order	25_4_6_anc_AV_order	fig:heatmap-25-anc-av-order	4.6 ANC A--V order	44_svo_gn_er_d_se	svo	gn	erg-abs	deranking	sent	svo	SV	AVP	100	1.0	0	0.0	1.8694831013679505	bos_eos
seed_43	4_6_anc_AV_order	25_4_6_anc_AV_order	fig:heatmap-25-anc-av-order	4.6 ANC A--V order	45_svo_gn_er_d_pa	svo	gn	erg-abs	deranking	poss-acc	svo	SV	AVP	100	1.0	0	0.0	1.3298848319053649	bos_eos
seed_43	4_6_anc_AV_order	25_4_6_anc_AV_order	fig:heatmap-25-anc-av-order	4.6 ANC A--V order	46_svo_gn_er_d_ep	svo	gn	erg-abs	deranking	erg-poss	sov	SV	PVA	100	0.71	0	0.0	0.14442403554916383	bos_eos
seed_43	4_6_anc_AV_order	25_4_6_anc_AV_order	fig:heatmap-25-anc-av-order	4.6 ANC A--V order	47_svo_gn_er_d_no	svo	gn	erg-abs	deranking	nomn	svo	SV	AVP	100	1.0	0	0.0	1.229072072505951	bos_eos
seed_43	4_6_anc_AV_order	25_4_6_anc_AV_order	fig:heatmap-25-anc-av-order	4.6 ANC A--V order	48_svo_ng_ac_b_se	svo	ng	nom-acc	balancing	sent	svo	SV	AVP	100	1.0	0	0.0	1.204382927417755	bos_eos
seed_43	4_6_anc_AV_order	25_4_6_anc_AV_order	fig:heatmap-25-anc-av-order	4.6 ANC A--V order	49_svo_ng_ac_b_pa	svo	ng	nom-acc	balancing	poss-acc	vos	VS	VPA	100	1.0	0	0.0	0.9899963808059692	bos_eos
seed_43	4_6_anc_AV_order	25_4_6_anc_AV_order	fig:heatmap-25-anc-av-order	4.6 ANC A--V order	50_svo_ng_ac_b_ep	svo	ng	nom-acc	balancing	erg-poss	vos	VS	VPA	100	1.0	0	0.0	0.8406243085861206	bos_eos
seed_43	4_6_anc_AV_order	25_4_6_anc_AV_order	fig:heatmap-25-anc-av-order	4.6 ANC A--V order	51_svo_ng_ac_b_no	svo	ng	nom-acc	balancing	nomn	vos	VS	VPA	100	1.0	0	0.0	1.0210172057151794	bos_eos
seed_43	4_6_anc_AV_order	25_4_6_anc_AV_order	fig:heatmap-25-anc-av-order	4.6 ANC A--V order	52_svo_ng_ac_d_se	svo	ng	nom-acc	deranking	sent	svo	SV	AVP	100	1.0	0	0.0	0.9997855758666992	bos_eos
seed_43	4_6_anc_AV_order	25_4_6_anc_AV_order	fig:heatmap-25-anc-av-order	4.6 ANC A--V order	53_svo_ng_ac_d_pa	svo	ng	nom-acc	deranking	poss-acc	vos	VS	VPA	100	1.0	0	0.0	0.9991334414482117	bos_eos
seed_43	4_6_anc_AV_order	25_4_6_anc_AV_order	fig:heatmap-25-anc-av-order	4.6 ANC A--V order	54_svo_ng_ac_d_ep	svo	ng	nom-acc	deranking	erg-poss	vos	VS	VPA	100	0.98	0	0.0	0.6409732103347778	bos_eos
seed_43	4_6_anc_AV_order	25_4_6_anc_AV_order	fig:heatmap-25-anc-av-order	4.6 ANC A--V order	55_svo_ng_ac_d_no	svo	ng	nom-acc	deranking	nomn	vos	VS	VPA	100	1.0	0	0.0	0.9659655261039733	bos_eos
seed_43	4_6_anc_AV_order	25_4_6_anc_AV_order	fig:heatmap-25-anc-av-order	4.6 ANC A--V order	56_svo_ng_er_b_se	svo	ng	erg-abs	balancing	sent	svo	SV	AVP	100	1.0	0	0.0	1.0987206959724427	bos_eos
seed_43	4_6_anc_AV_order	25_4_6_anc_AV_order	fig:heatmap-25-anc-av-order	4.6 ANC A--V order	57_svo_ng_er_b_pa	svo	ng	erg-abs	balancing	poss-acc	vos	VS	VPA	100	0.98	0	0.0	0.8661467790603637	bos_eos
seed_43	4_6_anc_AV_order	25_4_6_anc_AV_order	fig:heatmap-25-anc-av-order	4.6 ANC A--V order	58_svo_ng_er_b_ep	svo	ng	erg-abs	balancing	erg-poss	vos	VS	VPA	100	0.96	0	0.0	0.5920283007621765	bos_eos
seed_43	4_6_anc_AV_order	25_4_6_anc_AV_order	fig:heatmap-25-anc-av-order	4.6 ANC A--V order	59_svo_ng_er_b_no	svo	ng	erg-abs	balancing	nomn	vos	VS	VPA	100	0.99	0	0.0	0.8165413975715637	bos_eos
seed_43	4_6_anc_AV_order	25_4_6_anc_AV_order	fig:heatmap-25-anc-av-order	4.6 ANC A--V order	60_svo_ng_er_d_se	svo	ng	erg-abs	deranking	sent	svo	SV	AVP	100	1.0	0	0.0	1.6618769550323487	bos_eos
seed_43	4_6_anc_AV_order	25_4_6_anc_AV_order	fig:heatmap-25-anc-av-order	4.6 ANC A--V order	61_svo_ng_er_d_pa	svo	ng	erg-abs	deranking	poss-acc	vos	VS	VPA	100	0.92	0	0.0	0.4850205135345459	bos_eos
seed_43	4_6_anc_AV_order	25_4_6_anc_AV_order	fig:heatmap-25-anc-av-order	4.6 ANC A--V order	62_svo_ng_er_d_ep	svo	ng	erg-abs	deranking	erg-poss	vos	VS	VPA	100	0.59	0	0.0	0.09801188230514526	bos_eos
seed_43	4_6_anc_AV_order	25_4_6_anc_AV_order	fig:heatmap-25-anc-av-order	4.6 ANC A--V order	63_svo_ng_er_d_no	svo	ng	erg-abs	deranking	nomn	vos	VS	VPA	100	0.83	0	0.0	0.35013025283813476	bos_eos
seed_43	4_6_anc_AV_order	25_4_6_anc_AV_order	fig:heatmap-25-anc-av-order	4.6 ANC A--V order	64_vos_gn_ac_b_se	vos	gn	nom-acc	balancing	sent	vos	VS	VPA	100	0.9	0	0.0	0.38891388654708864	bos_eos
seed_43	4_6_anc_AV_order	25_4_6_anc_AV_order	fig:heatmap-25-anc-av-order	4.6 ANC A--V order	65_vos_gn_ac_b_pa	vos	gn	nom-acc	balancing	poss-acc	svo	SV	AVP	100	0.63	0	0.0	0.15754366159439087	bos_eos
seed_43	4_6_anc_AV_order	25_4_6_anc_AV_order	fig:heatmap-25-anc-av-order	4.6 ANC A--V order	66_vos_gn_ac_b_ep	vos	gn	nom-acc	balancing	erg-poss	sov	SV	PVA	100	0.97	0	0.0	0.4840733623504639	bos_eos
seed_43	4_6_anc_AV_order	25_4_6_anc_AV_order	fig:heatmap-25-anc-av-order	4.6 ANC A--V order	67_vos_gn_ac_b_no	vos	gn	nom-acc	balancing	nomn	svo	SV	AVP	100	0.71	0	0.0	0.15839653491973876	bos_eos
seed_43	4_6_anc_AV_order	25_4_6_anc_AV_order	fig:heatmap-25-anc-av-order	4.6 ANC A--V order	68_vos_gn_ac_d_se	vos	gn	nom-acc	deranking	sent	vos	VS	VPA	100	0.99	0	0.0	0.7030467796325683	bos_eos
seed_43	4_6_anc_AV_order	25_4_6_anc_AV_order	fig:heatmap-25-anc-av-order	4.6 ANC A--V order	69_vos_gn_ac_d_pa	vos	gn	nom-acc	deranking	poss-acc	svo	SV	AVP	100	0.49	0	0.0	0.0119183087348938	bos_eos
seed_43	4_6_anc_AV_order	25_4_6_anc_AV_order	fig:heatmap-25-anc-av-order	4.6 ANC A--V order	70_vos_gn_ac_d_ep	vos	gn	nom-acc	deranking	erg-poss	sov	SV	PVA	100	1.0	0	0.0	0.6852152156829834	bos_eos
seed_43	4_6_anc_AV_order	25_4_6_anc_AV_order	fig:heatmap-25-anc-av-order	4.6 ANC A--V order	71_vos_gn_ac_d_no	vos	gn	nom-acc	deranking	nomn	svo	SV	AVP	100	0.73	0	0.0	0.1843183445930481	bos_eos
seed_43	4_6_anc_AV_order	25_4_6_anc_AV_order	fig:heatmap-25-anc-av-order	4.6 ANC A--V order	72_vos_gn_er_b_se	vos	gn	erg-abs	balancing	sent	vos	VS	VPA	100	1.0	0	0.0	0.8623724126815796	bos_eos
seed_43	4_6_anc_AV_order	25_4_6_anc_AV_order	fig:heatmap-25-anc-av-order	4.6 ANC A--V order	73_vos_gn_er_b_pa	vos	gn	erg-abs	balancing	poss-acc	svo	SV	AVP	100	0.7	0	0.0	0.23056495428085327	bos_eos
seed_43	4_6_anc_AV_order	25_4_6_anc_AV_order	fig:heatmap-25-anc-av-order	4.6 ANC A--V order	74_vos_gn_er_b_ep	vos	gn	erg-abs	balancing	erg-poss	sov	SV	PVA	100	0.99	0	0.0	0.7496372938156128	bos_eos
seed_43	4_6_anc_AV_order	25_4_6_anc_AV_order	fig:heatmap-25-anc-av-order	4.6 ANC A--V order	75_vos_gn_er_b_no	vos	gn	erg-abs	balancing	nomn	svo	SV	AVP	100	0.58	0	0.0	0.12003857612609864	bos_eos
seed_43	4_6_anc_AV_order	25_4_6_anc_AV_order	fig:heatmap-25-anc-av-order	4.6 ANC A--V order	76_vos_gn_er_d_se	vos	gn	erg-abs	deranking	sent	vos	VS	VPA	100	1.0	0	0.0	1.7871727561950683	bos_eos
seed_43	4_6_anc_AV_order	25_4_6_anc_AV_order	fig:heatmap-25-anc-av-order	4.6 ANC A--V order	77_vos_gn_er_d_pa	vos	gn	erg-abs	deranking	poss-acc	svo	SV	AVP	100	0.63	0	0.0	0.09561833143234252	bos_eos
seed_43	4_6_anc_AV_order	25_4_6_anc_AV_order	fig:heatmap-25-anc-av-order	4.6 ANC A--V order	78_vos_gn_er_d_ep	vos	gn	erg-abs	deranking	erg-poss	sov	SV	PVA	100	1.0	0	0.0	0.7957407855987548	bos_eos
seed_43	4_6_anc_AV_order	25_4_6_anc_AV_order	fig:heatmap-25-anc-av-order	4.6 ANC A--V order	79_vos_gn_er_d_no	vos	gn	erg-abs	deranking	nomn	svo	SV	AVP	100	0.67	0	0.0	0.1319002079963684	bos_eos
seed_43	4_6_anc_AV_order	25_4_6_anc_AV_order	fig:heatmap-25-anc-av-order	4.6 ANC A--V order	80_vos_ng_ac_b_se	vos	ng	nom-acc	balancing	sent	vos	VS	VPA	100	0.92	0	0.0	0.3874246311187744	bos_eos
seed_43	4_6_anc_AV_order	25_4_6_anc_AV_order	fig:heatmap-25-anc-av-order	4.6 ANC A--V order	81_vos_ng_ac_b_pa	vos	ng	nom-acc	balancing	poss-acc	vos	VS	VPA	100	1.0	0	0.0	0.8241708087921142	bos_eos
seed_43	4_6_anc_AV_order	25_4_6_anc_AV_order	fig:heatmap-25-anc-av-order	4.6 ANC A--V order	82_vos_ng_ac_b_ep	vos	ng	nom-acc	balancing	erg-poss	vos	VS	VPA	100	0.99	0	0.0	0.5875237274169922	bos_eos
seed_43	4_6_anc_AV_order	25_4_6_anc_AV_order	fig:heatmap-25-anc-av-order	4.6 ANC A--V order	83_vos_ng_ac_b_no	vos	ng	nom-acc	balancing	nomn	vos	VS	VPA	100	0.99	0	0.0	0.8450346779823303	bos_eos
seed_43	4_6_anc_AV_order	25_4_6_anc_AV_order	fig:heatmap-25-anc-av-order	4.6 ANC A--V order	84_vos_ng_ac_d_se	vos	ng	nom-acc	deranking	sent	vos	VS	VPA	100	0.99	0	0.0	0.7258696293830872	bos_eos
seed_43	4_6_anc_AV_order	25_4_6_anc_AV_order	fig:heatmap-25-anc-av-order	4.6 ANC A--V order	85_vos_ng_ac_d_pa	vos	ng	nom-acc	deranking	poss-acc	vos	VS	VPA	100	1.0	0	0.0	0.8469151997566223	bos_eos
seed_43	4_6_anc_AV_order	25_4_6_anc_AV_order	fig:heatmap-25-anc-av-order	4.6 ANC A--V order	86_vos_ng_ac_d_ep	vos	ng	nom-acc	deranking	erg-poss	vos	VS	VPA	100	1.0	0	0.0	0.787872564792633	bos_eos
seed_43	4_6_anc_AV_order	25_4_6_anc_AV_order	fig:heatmap-25-anc-av-order	4.6 ANC A--V order	87_vos_ng_ac_d_no	vos	ng	nom-acc	deranking	nomn	vos	VS	VPA	100	1.0	0	0.0	0.7915521025657654	bos_eos
seed_43	4_6_anc_AV_order	25_4_6_anc_AV_order	fig:heatmap-25-anc-av-order	4.6 ANC A--V order	88_vos_ng_er_b_se	vos	ng	erg-abs	balancing	sent	vos	VS	VPA	100	1.0	0	0.0	1.1456322979927063	bos_eos
seed_43	4_6_anc_AV_order	25_4_6_anc_AV_order	fig:heatmap-25-anc-av-order	4.6 ANC A--V order	89_vos_ng_er_b_pa	vos	ng	erg-abs	balancing	poss-acc	vos	VS	VPA	100	1.0	0	0.0	1.4486396360397338	bos_eos
seed_43	4_6_anc_AV_order	25_4_6_anc_AV_order	fig:heatmap-25-anc-av-order	4.6 ANC A--V order	90_vos_ng_er_b_ep	vos	ng	erg-abs	balancing	erg-poss	vos	VS	VPA	100	1.0	0	0.0	0.9482355165481567	bos_eos
seed_43	4_6_anc_AV_order	25_4_6_anc_AV_order	fig:heatmap-25-anc-av-order	4.6 ANC A--V order	91_vos_ng_er_b_no	vos	ng	erg-abs	balancing	nomn	vos	VS	VPA	100	1.0	0	0.0	1.2839308261871338	bos_eos
seed_43	4_6_anc_AV_order	25_4_6_anc_AV_order	fig:heatmap-25-anc-av-order	4.6 ANC A--V order	92_vos_ng_er_d_se	vos	ng	erg-abs	deranking	sent	vos	VS	VPA	100	1.0	0	0.0	1.6352416205406188	bos_eos
seed_43	4_6_anc_AV_order	25_4_6_anc_AV_order	fig:heatmap-25-anc-av-order	4.6 ANC A--V order	93_vos_ng_er_d_pa	vos	ng	erg-abs	deranking	poss-acc	vos	VS	VPA	100	1.0	0	0.0	1.3372254753112793	bos_eos
seed_43	4_6_anc_AV_order	25_4_6_anc_AV_order	fig:heatmap-25-anc-av-order	4.6 ANC A--V order	94_vos_ng_er_d_ep	vos	ng	erg-abs	deranking	erg-poss	vos	VS	VPA	100	1.0	0	0.0	0.8896872663497924	bos_eos
seed_43	4_6_anc_AV_order	25_4_6_anc_AV_order	fig:heatmap-25-anc-av-order	4.6 ANC A--V order	95_vos_ng_er_d_no	vos	ng	erg-abs	deranking	nomn	vos	VS	VPA	100	1.0	0	0.0	1.4284956359863281	bos_eos
seed_43	4_7_anc_VP_order	26_4_7_anc_VP_order	fig:heatmap-26-anc-vp-order	4.7 ANC V--P order	00_sov_gn_ac_b_se	sov	gn	nom-acc	balancing	sent	sov	SV	APV	100	0.95	0	0.0	0.5445654797554016	bos_eos
seed_43	4_7_anc_VP_order	26_4_7_anc_VP_order	fig:heatmap-26-anc-vp-order	4.7 ANC V--P order	01_sov_gn_ac_b_pa	sov	gn	nom-acc	balancing	poss-acc	sov	SV	APV	100	0.99	0	0.0	0.5376663923263549	bos_eos
seed_43	4_7_anc_VP_order	26_4_7_anc_VP_order	fig:heatmap-26-anc-vp-order	4.7 ANC V--P order	02_sov_gn_ac_b_ep	sov	gn	nom-acc	balancing	erg-poss	sov	SV	APV	100	1.0	0	0.0	0.942294716835022	bos_eos
seed_43	4_7_anc_VP_order	26_4_7_anc_VP_order	fig:heatmap-26-anc-vp-order	4.7 ANC V--P order	03_sov_gn_ac_b_no	sov	gn	nom-acc	balancing	nomn	sov	SV	APV	100	1.0	0	0.0	1.2068220090866089	bos_eos
seed_43	4_7_anc_VP_order	26_4_7_anc_VP_order	fig:heatmap-26-anc-vp-order	4.7 ANC V--P order	04_sov_gn_ac_d_se	sov	gn	nom-acc	deranking	sent	sov	SV	APV	100	1.0	0	0.0	0.9180285477638245	bos_eos
seed_43	4_7_anc_VP_order	26_4_7_anc_VP_order	fig:heatmap-26-anc-vp-order	4.7 ANC V--P order	05_sov_gn_ac_d_pa	sov	gn	nom-acc	deranking	poss-acc	sov	SV	APV	100	1.0	0	0.0	0.6381631803512573	bos_eos
seed_43	4_7_anc_VP_order	26_4_7_anc_VP_order	fig:heatmap-26-anc-vp-order	4.7 ANC V--P order	06_sov_gn_ac_d_ep	sov	gn	nom-acc	deranking	erg-poss	sov	SV	APV	100	1.0	0	0.0	0.9408369159698486	bos_eos
seed_43	4_7_anc_VP_order	26_4_7_anc_VP_order	fig:heatmap-26-anc-vp-order	4.7 ANC V--P order	07_sov_gn_ac_d_no	sov	gn	nom-acc	deranking	nomn	sov	SV	APV	100	1.0	0	0.0	1.312367558479309	bos_eos
seed_43	4_7_anc_VP_order	26_4_7_anc_VP_order	fig:heatmap-26-anc-vp-order	4.7 ANC V--P order	08_sov_gn_er_b_se	sov	gn	erg-abs	balancing	sent	sov	SV	APV	100	0.97	0	0.0	0.45430668354034426	bos_eos
seed_43	4_7_anc_VP_order	26_4_7_anc_VP_order	fig:heatmap-26-anc-vp-order	4.7 ANC V--P order	09_sov_gn_er_b_pa	sov	gn	erg-abs	balancing	poss-acc	sov	SV	APV	100	0.89	0	0.0	0.3416986227035522	bos_eos
seed_43	4_7_anc_VP_order	26_4_7_anc_VP_order	fig:heatmap-26-anc-vp-order	4.7 ANC V--P order	10_sov_gn_er_b_ep	sov	gn	erg-abs	balancing	erg-poss	sov	SV	APV	100	1.0	0	0.0	0.7701849246025085	bos_eos
seed_43	4_7_anc_VP_order	26_4_7_anc_VP_order	fig:heatmap-26-anc-vp-order	4.7 ANC V--P order	11_sov_gn_er_b_no	sov	gn	erg-abs	balancing	nomn	sov	SV	APV	100	1.0	0	0.0	0.9938833880424499	bos_eos
seed_43	4_7_anc_VP_order	26_4_7_anc_VP_order	fig:heatmap-26-anc-vp-order	4.7 ANC V--P order	12_sov_gn_er_d_se	sov	gn	erg-abs	deranking	sent	sov	SV	APV	100	1.0	0	0.0	0.9694543385505676	bos_eos
seed_43	4_7_anc_VP_order	26_4_7_anc_VP_order	fig:heatmap-26-anc-vp-order	4.7 ANC V--P order	13_sov_gn_er_d_pa	sov	gn	erg-abs	deranking	poss-acc	sov	SV	APV	100	0.97	0	0.0	0.6286866807937622	bos_eos
seed_43	4_7_anc_VP_order	26_4_7_anc_VP_order	fig:heatmap-26-anc-vp-order	4.7 ANC V--P order	14_sov_gn_er_d_ep	sov	gn	erg-abs	deranking	erg-poss	sov	SV	APV	100	1.0	0	0.0	0.8274090456962585	bos_eos
seed_43	4_7_anc_VP_order	26_4_7_anc_VP_order	fig:heatmap-26-anc-vp-order	4.7 ANC V--P order	15_sov_gn_er_d_no	sov	gn	erg-abs	deranking	nomn	sov	SV	APV	100	1.0	0	0.0	1.1053513884544373	bos_eos
seed_43	4_7_anc_VP_order	26_4_7_anc_VP_order	fig:heatmap-26-anc-vp-order	4.7 ANC V--P order	16_sov_ng_ac_b_se	sov	ng	nom-acc	balancing	sent	sov	SV	APV	100	0.94	0	0.0	0.46323864698410033	bos_eos
seed_43	4_7_anc_VP_order	26_4_7_anc_VP_order	fig:heatmap-26-anc-vp-order	4.7 ANC V--P order	17_sov_ng_ac_b_pa	sov	ng	nom-acc	balancing	poss-acc	ovs	VS	PVA	100	0.96	0	0.0	0.4860041546821594	bos_eos
seed_43	4_7_anc_VP_order	26_4_7_anc_VP_order	fig:heatmap-26-anc-vp-order	4.7 ANC V--P order	18_sov_ng_ac_b_ep	sov	ng	nom-acc	balancing	erg-poss	vos	VS	AVP	100	0.9	0	0.0	0.4188636016845703	bos_eos
seed_43	4_7_anc_VP_order	26_4_7_anc_VP_order	fig:heatmap-26-anc-vp-order	4.7 ANC V--P order	19_sov_ng_ac_b_no	sov	ng	nom-acc	balancing	nomn	ovs	VS	PVA	100	1.0	0	0.0	0.8672667694091797	bos_eos
seed_43	4_7_anc_VP_order	26_4_7_anc_VP_order	fig:heatmap-26-anc-vp-order	4.7 ANC V--P order	20_sov_ng_ac_d_se	sov	ng	nom-acc	deranking	sent	sov	SV	APV	100	1.0	0	0.0	0.8523296546936036	bos_eos
seed_43	4_7_anc_VP_order	26_4_7_anc_VP_order	fig:heatmap-26-anc-vp-order	4.7 ANC V--P order	21_sov_ng_ac_d_pa	sov	ng	nom-acc	deranking	poss-acc	ovs	VS	PVA	100	1.0	0	0.0	0.6575510334968567	bos_eos
seed_43	4_7_anc_VP_order	26_4_7_anc_VP_order	fig:heatmap-26-anc-vp-order	4.7 ANC V--P order	22_sov_ng_ac_d_ep	sov	ng	nom-acc	deranking	erg-poss	vos	VS	AVP	100	1.0	0	0.0	0.5499779868125916	bos_eos
seed_43	4_7_anc_VP_order	26_4_7_anc_VP_order	fig:heatmap-26-anc-vp-order	4.7 ANC V--P order	23_sov_ng_ac_d_no	sov	ng	nom-acc	deranking	nomn	ovs	VS	PVA	100	1.0	0	0.0	1.0222176909446716	bos_eos
seed_43	4_7_anc_VP_order	26_4_7_anc_VP_order	fig:heatmap-26-anc-vp-order	4.7 ANC V--P order	24_sov_ng_er_b_se	sov	ng	erg-abs	balancing	sent	sov	SV	APV	100	0.95	0	0.0	0.37695587635040284	bos_eos
seed_43	4_7_anc_VP_order	26_4_7_anc_VP_order	fig:heatmap-26-anc-vp-order	4.7 ANC V--P order	25_sov_ng_er_b_pa	sov	ng	erg-abs	balancing	poss-acc	ovs	VS	PVA	100	0.85	0	0.0	0.22303247451782227	bos_eos
seed_43	4_7_anc_VP_order	26_4_7_anc_VP_order	fig:heatmap-26-anc-vp-order	4.7 ANC V--P order	26_sov_ng_er_b_ep	sov	ng	erg-abs	balancing	erg-poss	vos	VS	AVP	100	0.86	0	0.0	0.3652550458908081	bos_eos
seed_43	4_7_anc_VP_order	26_4_7_anc_VP_order	fig:heatmap-26-anc-vp-order	4.7 ANC V--P order	27_sov_ng_er_b_no	sov	ng	erg-abs	balancing	nomn	ovs	VS	PVA	100	0.97	0	0.0	0.6568968296051025	bos_eos
seed_43	4_7_anc_VP_order	26_4_7_anc_VP_order	fig:heatmap-26-anc-vp-order	4.7 ANC V--P order	28_sov_ng_er_d_se	sov	ng	erg-abs	deranking	sent	sov	SV	APV	100	1.0	0	0.0	0.9625851035118103	bos_eos
seed_43	4_7_anc_VP_order	26_4_7_anc_VP_order	fig:heatmap-26-anc-vp-order	4.7 ANC V--P order	29_sov_ng_er_d_pa	sov	ng	erg-abs	deranking	poss-acc	ovs	VS	PVA	100	0.93	0	0.0	0.434257915019989	bos_eos
seed_43	4_7_anc_VP_order	26_4_7_anc_VP_order	fig:heatmap-26-anc-vp-order	4.7 ANC V--P order	30_sov_ng_er_d_ep	sov	ng	erg-abs	deranking	erg-poss	vos	VS	AVP	100	0.9	0	0.0	0.3619648337364197	bos_eos
seed_43	4_7_anc_VP_order	26_4_7_anc_VP_order	fig:heatmap-26-anc-vp-order	4.7 ANC V--P order	31_sov_ng_er_d_no	sov	ng	erg-abs	deranking	nomn	ovs	VS	PVA	100	0.98	0	0.0	0.7173942565917969	bos_eos
seed_43	4_7_anc_VP_order	26_4_7_anc_VP_order	fig:heatmap-26-anc-vp-order	4.7 ANC V--P order	32_svo_gn_ac_b_se	svo	gn	nom-acc	balancing	sent	svo	SV	AVP	100	0.99	0	0.0	0.970354082584381	bos_eos
seed_43	4_7_anc_VP_order	26_4_7_anc_VP_order	fig:heatmap-26-anc-vp-order	4.7 ANC V--P order	33_svo_gn_ac_b_pa	svo	gn	nom-acc	balancing	poss-acc	svo	SV	AVP	100	0.98	0	0.0	0.7161192154884338	bos_eos
seed_43	4_7_anc_VP_order	26_4_7_anc_VP_order	fig:heatmap-26-anc-vp-order	4.7 ANC V--P order	34_svo_gn_ac_b_ep	svo	gn	nom-acc	balancing	erg-poss	sov	SV	PVA	100	0.99	0	0.0	0.918107647895813	bos_eos
seed_43	4_7_anc_VP_order	26_4_7_anc_VP_order	fig:heatmap-26-anc-vp-order	4.7 ANC V--P order	35_svo_gn_ac_b_no	svo	gn	nom-acc	balancing	nomn	svo	SV	AVP	100	0.99	0	0.0	1.0586754417419433	bos_eos
seed_43	4_7_anc_VP_order	26_4_7_anc_VP_order	fig:heatmap-26-anc-vp-order	4.7 ANC V--P order	36_svo_gn_ac_d_se	svo	gn	nom-acc	deranking	sent	svo	SV	AVP	100	1.0	0	0.0	1.1441674733161926	bos_eos
seed_43	4_7_anc_VP_order	26_4_7_anc_VP_order	fig:heatmap-26-anc-vp-order	4.7 ANC V--P order	37_svo_gn_ac_d_pa	svo	gn	nom-acc	deranking	poss-acc	svo	SV	AVP	100	1.0	0	0.0	0.6509858584403991	bos_eos
seed_43	4_7_anc_VP_order	26_4_7_anc_VP_order	fig:heatmap-26-anc-vp-order	4.7 ANC V--P order	38_svo_gn_ac_d_ep	svo	gn	nom-acc	deranking	erg-poss	sov	SV	PVA	100	0.99	0	0.0	0.7069119930267334	bos_eos
seed_43	4_7_anc_VP_order	26_4_7_anc_VP_order	fig:heatmap-26-anc-vp-order	4.7 ANC V--P order	39_svo_gn_ac_d_no	svo	gn	nom-acc	deranking	nomn	svo	SV	AVP	100	1.0	0	0.0	0.9412024855613709	bos_eos
seed_43	4_7_anc_VP_order	26_4_7_anc_VP_order	fig:heatmap-26-anc-vp-order	4.7 ANC V--P order	40_svo_gn_er_b_se	svo	gn	erg-abs	balancing	sent	svo	SV	AVP	100	0.91	0	0.0	0.44689308166503905	bos_eos
seed_43	4_7_anc_VP_order	26_4_7_anc_VP_order	fig:heatmap-26-anc-vp-order	4.7 ANC V--P order	41_svo_gn_er_b_pa	svo	gn	erg-abs	balancing	poss-acc	svo	SV	AVP	100	0.91	0	0.0	0.4521599650382996	bos_eos
seed_43	4_7_anc_VP_order	26_4_7_anc_VP_order	fig:heatmap-26-anc-vp-order	4.7 ANC V--P order	42_svo_gn_er_b_ep	svo	gn	erg-abs	balancing	erg-poss	sov	SV	PVA	100	0.96	0	0.0	0.590482759475708	bos_eos
seed_43	4_7_anc_VP_order	26_4_7_anc_VP_order	fig:heatmap-26-anc-vp-order	4.7 ANC V--P order	43_svo_gn_er_b_no	svo	gn	erg-abs	balancing	nomn	svo	SV	AVP	100	0.99	0	0.0	0.989059510231018	bos_eos
seed_43	4_7_anc_VP_order	26_4_7_anc_VP_order	fig:heatmap-26-anc-vp-order	4.7 ANC V--P order	44_svo_gn_er_d_se	svo	gn	erg-abs	deranking	sent	svo	SV	AVP	100	1.0	0	0.0	1.222709424495697	bos_eos
seed_43	4_7_anc_VP_order	26_4_7_anc_VP_order	fig:heatmap-26-anc-vp-order	4.7 ANC V--P order	45_svo_gn_er_d_pa	svo	gn	erg-abs	deranking	poss-acc	svo	SV	AVP	100	0.5	0	0.0	-0.0277654504776001	bos_eos
seed_43	4_7_anc_VP_order	26_4_7_anc_VP_order	fig:heatmap-26-anc-vp-order	4.7 ANC V--P order	46_svo_gn_er_d_ep	svo	gn	erg-abs	deranking	erg-poss	sov	SV	PVA	100	0.71	0	0.0	0.16943336248397828	bos_eos
seed_43	4_7_anc_VP_order	26_4_7_anc_VP_order	fig:heatmap-26-anc-vp-order	4.7 ANC V--P order	47_svo_gn_er_d_no	svo	gn	erg-abs	deranking	nomn	svo	SV	AVP	100	0.93	0	0.0	0.5270252966880798	bos_eos
seed_43	4_7_anc_VP_order	26_4_7_anc_VP_order	fig:heatmap-26-anc-vp-order	4.7 ANC V--P order	48_svo_ng_ac_b_se	svo	ng	nom-acc	balancing	sent	svo	SV	AVP	100	0.99	0	0.0	0.8559244132041931	bos_eos
seed_43	4_7_anc_VP_order	26_4_7_anc_VP_order	fig:heatmap-26-anc-vp-order	4.7 ANC V--P order	49_svo_ng_ac_b_pa	svo	ng	nom-acc	balancing	poss-acc	vos	VS	VPA	100	0.92	0	0.0	0.32227043390274046	bos_eos
seed_43	4_7_anc_VP_order	26_4_7_anc_VP_order	fig:heatmap-26-anc-vp-order	4.7 ANC V--P order	50_svo_ng_ac_b_ep	svo	ng	nom-acc	balancing	erg-poss	vos	VS	VPA	100	1.0	0	0.0	1.18800705909729	bos_eos
seed_43	4_7_anc_VP_order	26_4_7_anc_VP_order	fig:heatmap-26-anc-vp-order	4.7 ANC V--P order	51_svo_ng_ac_b_no	svo	ng	nom-acc	balancing	nomn	vos	VS	VPA	100	1.0	0	0.0	1.1317091870307923	bos_eos
seed_43	4_7_anc_VP_order	26_4_7_anc_VP_order	fig:heatmap-26-anc-vp-order	4.7 ANC V--P order	52_svo_ng_ac_d_se	svo	ng	nom-acc	deranking	sent	svo	SV	AVP	100	1.0	0	0.0	1.0496364545822143	bos_eos
seed_43	4_7_anc_VP_order	26_4_7_anc_VP_order	fig:heatmap-26-anc-vp-order	4.7 ANC V--P order	53_svo_ng_ac_d_pa	svo	ng	nom-acc	deranking	poss-acc	vos	VS	VPA	100	0.99	0	0.0	0.49631930589675904	bos_eos
seed_43	4_7_anc_VP_order	26_4_7_anc_VP_order	fig:heatmap-26-anc-vp-order	4.7 ANC V--P order	54_svo_ng_ac_d_ep	svo	ng	nom-acc	deranking	erg-poss	vos	VS	VPA	100	0.98	0	0.0	0.906165542602539	bos_eos
seed_43	4_7_anc_VP_order	26_4_7_anc_VP_order	fig:heatmap-26-anc-vp-order	4.7 ANC V--P order	55_svo_ng_ac_d_no	svo	ng	nom-acc	deranking	nomn	vos	VS	VPA	100	1.0	0	0.0	0.9324851822853089	bos_eos
seed_43	4_7_anc_VP_order	26_4_7_anc_VP_order	fig:heatmap-26-anc-vp-order	4.7 ANC V--P order	56_svo_ng_er_b_se	svo	ng	erg-abs	balancing	sent	svo	SV	AVP	100	0.88	0	0.0	0.3521627616882324	bos_eos
seed_43	4_7_anc_VP_order	26_4_7_anc_VP_order	fig:heatmap-26-anc-vp-order	4.7 ANC V--P order	57_svo_ng_er_b_pa	svo	ng	erg-abs	balancing	poss-acc	vos	VS	VPA	100	0.73	0	0.0	0.14636423110961913	bos_eos
seed_43	4_7_anc_VP_order	26_4_7_anc_VP_order	fig:heatmap-26-anc-vp-order	4.7 ANC V--P order	58_svo_ng_er_b_ep	svo	ng	erg-abs	balancing	erg-poss	vos	VS	VPA	100	0.97	0	0.0	0.7272738480567932	bos_eos
seed_43	4_7_anc_VP_order	26_4_7_anc_VP_order	fig:heatmap-26-anc-vp-order	4.7 ANC V--P order	59_svo_ng_er_b_no	svo	ng	erg-abs	balancing	nomn	vos	VS	VPA	100	0.98	0	0.0	0.7668786311149597	bos_eos
seed_43	4_7_anc_VP_order	26_4_7_anc_VP_order	fig:heatmap-26-anc-vp-order	4.7 ANC V--P order	60_svo_ng_er_d_se	svo	ng	erg-abs	deranking	sent	svo	SV	AVP	100	1.0	0	0.0	1.1997524666786195	bos_eos
seed_43	4_7_anc_VP_order	26_4_7_anc_VP_order	fig:heatmap-26-anc-vp-order	4.7 ANC V--P order	61_svo_ng_er_d_pa	svo	ng	erg-abs	deranking	poss-acc	vos	VS	VPA	100	0.63	0	0.0	0.08841843843460083	bos_eos
seed_43	4_7_anc_VP_order	26_4_7_anc_VP_order	fig:heatmap-26-anc-vp-order	4.7 ANC V--P order	62_svo_ng_er_d_ep	svo	ng	erg-abs	deranking	erg-poss	vos	VS	VPA	100	0.72	0	0.0	0.15204105615615846	bos_eos
seed_43	4_7_anc_VP_order	26_4_7_anc_VP_order	fig:heatmap-26-anc-vp-order	4.7 ANC V--P order	63_svo_ng_er_d_no	svo	ng	erg-abs	deranking	nomn	vos	VS	VPA	100	0.9	0	0.0	0.4140418243408203	bos_eos
seed_43	4_7_anc_VP_order	26_4_7_anc_VP_order	fig:heatmap-26-anc-vp-order	4.7 ANC V--P order	64_vos_gn_ac_b_se	vos	gn	nom-acc	balancing	sent	vos	VS	VPA	100	0.79	0	0.0	0.15626720666885377	bos_eos
seed_43	4_7_anc_VP_order	26_4_7_anc_VP_order	fig:heatmap-26-anc-vp-order	4.7 ANC V--P order	65_vos_gn_ac_b_pa	vos	gn	nom-acc	balancing	poss-acc	svo	SV	AVP	100	0.68	0	0.0	0.07626034259796143	bos_eos
seed_43	4_7_anc_VP_order	26_4_7_anc_VP_order	fig:heatmap-26-anc-vp-order	4.7 ANC V--P order	66_vos_gn_ac_b_ep	vos	gn	nom-acc	balancing	erg-poss	sov	SV	PVA	100	0.89	0	0.0	0.28318224430084227	bos_eos
seed_43	4_7_anc_VP_order	26_4_7_anc_VP_order	fig:heatmap-26-anc-vp-order	4.7 ANC V--P order	67_vos_gn_ac_b_no	vos	gn	nom-acc	balancing	nomn	svo	SV	AVP	100	1.0	0	0.0	0.7273128032684326	bos_eos
seed_43	4_7_anc_VP_order	26_4_7_anc_VP_order	fig:heatmap-26-anc-vp-order	4.7 ANC V--P order	68_vos_gn_ac_d_se	vos	gn	nom-acc	deranking	sent	vos	VS	VPA	100	0.92	0	0.0	0.2733670520782471	bos_eos
seed_43	4_7_anc_VP_order	26_4_7_anc_VP_order	fig:heatmap-26-anc-vp-order	4.7 ANC V--P order	69_vos_gn_ac_d_pa	vos	gn	nom-acc	deranking	poss-acc	svo	SV	AVP	100	0.89	0	0.0	0.24914223432540894	bos_eos
seed_43	4_7_anc_VP_order	26_4_7_anc_VP_order	fig:heatmap-26-anc-vp-order	4.7 ANC V--P order	70_vos_gn_ac_d_ep	vos	gn	nom-acc	deranking	erg-poss	sov	SV	PVA	100	0.96	0	0.0	0.3245284366607666	bos_eos
seed_43	4_7_anc_VP_order	26_4_7_anc_VP_order	fig:heatmap-26-anc-vp-order	4.7 ANC V--P order	71_vos_gn_ac_d_no	vos	gn	nom-acc	deranking	nomn	svo	SV	AVP	100	0.99	0	0.0	0.8842809391021729	bos_eos
seed_43	4_7_anc_VP_order	26_4_7_anc_VP_order	fig:heatmap-26-anc-vp-order	4.7 ANC V--P order	72_vos_gn_er_b_se	vos	gn	erg-abs	balancing	sent	vos	VS	VPA	100	0.8	0	0.0	0.23501178741455078	bos_eos
seed_43	4_7_anc_VP_order	26_4_7_anc_VP_order	fig:heatmap-26-anc-vp-order	4.7 ANC V--P order	73_vos_gn_er_b_pa	vos	gn	erg-abs	balancing	poss-acc	svo	SV	AVP	100	0.73	0	0.0	0.13149746656417846	bos_eos
seed_43	4_7_anc_VP_order	26_4_7_anc_VP_order	fig:heatmap-26-anc-vp-order	4.7 ANC V--P order	74_vos_gn_er_b_ep	vos	gn	erg-abs	balancing	erg-poss	sov	SV	PVA	100	0.9	0	0.0	0.3632953071594238	bos_eos
seed_43	4_7_anc_VP_order	26_4_7_anc_VP_order	fig:heatmap-26-anc-vp-order	4.7 ANC V--P order	75_vos_gn_er_b_no	vos	gn	erg-abs	balancing	nomn	svo	SV	AVP	100	0.98	0	0.0	0.76224285364151	bos_eos
seed_43	4_7_anc_VP_order	26_4_7_anc_VP_order	fig:heatmap-26-anc-vp-order	4.7 ANC V--P order	76_vos_gn_er_d_se	vos	gn	erg-abs	deranking	sent	vos	VS	VPA	100	0.99	0	0.0	0.8636620259284973	bos_eos
seed_43	4_7_anc_VP_order	26_4_7_anc_VP_order	fig:heatmap-26-anc-vp-order	4.7 ANC V--P order	77_vos_gn_er_d_pa	vos	gn	erg-abs	deranking	poss-acc	svo	SV	AVP	100	0.98	0	0.0	0.5370625686645508	bos_eos
seed_43	4_7_anc_VP_order	26_4_7_anc_VP_order	fig:heatmap-26-anc-vp-order	4.7 ANC V--P order	78_vos_gn_er_d_ep	vos	gn	erg-abs	deranking	erg-poss	sov	SV	PVA	100	0.77	0	0.0	0.17638475179672242	bos_eos
seed_43	4_7_anc_VP_order	26_4_7_anc_VP_order	fig:heatmap-26-anc-vp-order	4.7 ANC V--P order	79_vos_gn_er_d_no	vos	gn	erg-abs	deranking	nomn	svo	SV	AVP	100	1.0	0	0.0	0.865975661277771	bos_eos
seed_43	4_7_anc_VP_order	26_4_7_anc_VP_order	fig:heatmap-26-anc-vp-order	4.7 ANC V--P order	80_vos_ng_ac_b_se	vos	ng	nom-acc	balancing	sent	vos	VS	VPA	100	0.64	0	0.0	0.10474036693572998	bos_eos
seed_43	4_7_anc_VP_order	26_4_7_anc_VP_order	fig:heatmap-26-anc-vp-order	4.7 ANC V--P order	81_vos_ng_ac_b_pa	vos	ng	nom-acc	balancing	poss-acc	vos	VS	VPA	100	0.76	0	0.0	0.10541006326675414	bos_eos
seed_43	4_7_anc_VP_order	26_4_7_anc_VP_order	fig:heatmap-26-anc-vp-order	4.7 ANC V--P order	82_vos_ng_ac_b_ep	vos	ng	nom-acc	balancing	erg-poss	vos	VS	VPA	100	1.0	0	0.0	0.9488409614562988	bos_eos
seed_43	4_7_anc_VP_order	26_4_7_anc_VP_order	fig:heatmap-26-anc-vp-order	4.7 ANC V--P order	83_vos_ng_ac_b_no	vos	ng	nom-acc	balancing	nomn	vos	VS	VPA	100	1.0	0	0.0	0.6643623661994934	bos_eos
seed_43	4_7_anc_VP_order	26_4_7_anc_VP_order	fig:heatmap-26-anc-vp-order	4.7 ANC V--P order	84_vos_ng_ac_d_se	vos	ng	nom-acc	deranking	sent	vos	VS	VPA	100	0.95	0	0.0	0.4407955193519592	bos_eos
seed_43	4_7_anc_VP_order	26_4_7_anc_VP_order	fig:heatmap-26-anc-vp-order	4.7 ANC V--P order	85_vos_ng_ac_d_pa	vos	ng	nom-acc	deranking	poss-acc	vos	VS	VPA	100	0.93	0	0.0	0.2632541918754578	bos_eos
seed_43	4_7_anc_VP_order	26_4_7_anc_VP_order	fig:heatmap-26-anc-vp-order	4.7 ANC V--P order	86_vos_ng_ac_d_ep	vos	ng	nom-acc	deranking	erg-poss	vos	VS	VPA	100	1.0	0	0.0	0.8518569540977478	bos_eos
seed_43	4_7_anc_VP_order	26_4_7_anc_VP_order	fig:heatmap-26-anc-vp-order	4.7 ANC V--P order	87_vos_ng_ac_d_no	vos	ng	nom-acc	deranking	nomn	vos	VS	VPA	100	1.0	0	0.0	0.9455070567131042	bos_eos
seed_43	4_7_anc_VP_order	26_4_7_anc_VP_order	fig:heatmap-26-anc-vp-order	4.7 ANC V--P order	88_vos_ng_er_b_se	vos	ng	erg-abs	balancing	sent	vos	VS	VPA	100	0.96	0	0.0	0.4141895961761475	bos_eos
seed_43	4_7_anc_VP_order	26_4_7_anc_VP_order	fig:heatmap-26-anc-vp-order	4.7 ANC V--P order	89_vos_ng_er_b_pa	vos	ng	erg-abs	balancing	poss-acc	vos	VS	VPA	100	0.78	0	0.0	0.2285064911842346	bos_eos
seed_43	4_7_anc_VP_order	26_4_7_anc_VP_order	fig:heatmap-26-anc-vp-order	4.7 ANC V--P order	90_vos_ng_er_b_ep	vos	ng	erg-abs	balancing	erg-poss	vos	VS	VPA	100	1.0	0	0.0	1.1040993309020997	bos_eos
seed_43	4_7_anc_VP_order	26_4_7_anc_VP_order	fig:heatmap-26-anc-vp-order	4.7 ANC V--P order	91_vos_ng_er_b_no	vos	ng	erg-abs	balancing	nomn	vos	VS	VPA	100	1.0	0	0.0	1.0756268525123596	bos_eos
seed_43	4_7_anc_VP_order	26_4_7_anc_VP_order	fig:heatmap-26-anc-vp-order	4.7 ANC V--P order	92_vos_ng_er_d_se	vos	ng	erg-abs	deranking	sent	vos	VS	VPA	100	1.0	0	0.0	1.0727417874336242	bos_eos
seed_43	4_7_anc_VP_order	26_4_7_anc_VP_order	fig:heatmap-26-anc-vp-order	4.7 ANC V--P order	93_vos_ng_er_d_pa	vos	ng	erg-abs	deranking	poss-acc	vos	VS	VPA	100	1.0	0	0.0	0.6405038833618164	bos_eos
seed_43	4_7_anc_VP_order	26_4_7_anc_VP_order	fig:heatmap-26-anc-vp-order	4.7 ANC V--P order	94_vos_ng_er_d_ep	vos	ng	erg-abs	deranking	erg-poss	vos	VS	VPA	100	1.0	0	0.0	1.2235603189468385	bos_eos
seed_43	4_7_anc_VP_order	26_4_7_anc_VP_order	fig:heatmap-26-anc-vp-order	4.7 ANC V--P order	95_vos_ng_er_d_no	vos	ng	erg-abs	deranking	nomn	vos	VS	VPA	100	1.0	0	0.0	1.3239765119552613	bos_eos
seed_43	5_1_anc_ext_S_marker	27_5_1_anc_ext_S_marker	fig:heatmap-27-anc-ext-s-marker	5.1 ANC external S marker	00_sov_gn_ac_b_se	sov	gn	nom-acc	balancing	sent	sov	SV	APV	100	0.5	0	0.0	-0.2593478083610535	bos_eos
seed_43	5_1_anc_ext_S_marker	27_5_1_anc_ext_S_marker	fig:heatmap-27-anc-ext-s-marker	5.1 ANC external S marker	01_sov_gn_ac_b_pa	sov	gn	nom-acc	balancing	poss-acc	sov	SV	APV	100	0.57	0	0.0	-0.03548872470855713	bos_eos
seed_43	5_1_anc_ext_S_marker	27_5_1_anc_ext_S_marker	fig:heatmap-27-anc-ext-s-marker	5.1 ANC external S marker	02_sov_gn_ac_b_ep	sov	gn	nom-acc	balancing	erg-poss	sov	SV	APV	100	0.42	0	0.0	-0.1783610224723816	bos_eos
seed_43	5_1_anc_ext_S_marker	27_5_1_anc_ext_S_marker	fig:heatmap-27-anc-ext-s-marker	5.1 ANC external S marker	03_sov_gn_ac_b_no	sov	gn	nom-acc	balancing	nomn	sov	SV	APV	100	0.58	0	0.0	-0.005402588844299316	bos_eos
seed_43	5_1_anc_ext_S_marker	27_5_1_anc_ext_S_marker	fig:heatmap-27-anc-ext-s-marker	5.1 ANC external S marker	04_sov_gn_ac_d_se	sov	gn	nom-acc	deranking	sent	sov	SV	APV	100	0.53	0	0.0	-0.05240873098373413	bos_eos
seed_43	5_1_anc_ext_S_marker	27_5_1_anc_ext_S_marker	fig:heatmap-27-anc-ext-s-marker	5.1 ANC external S marker	05_sov_gn_ac_d_pa	sov	gn	nom-acc	deranking	poss-acc	sov	SV	APV	100	0.55	0	0.0	0.00879286289215088	bos_eos
seed_43	5_1_anc_ext_S_marker	27_5_1_anc_ext_S_marker	fig:heatmap-27-anc-ext-s-marker	5.1 ANC external S marker	06_sov_gn_ac_d_ep	sov	gn	nom-acc	deranking	erg-poss	sov	SV	APV	100	0.57	0	0.0	0.02183112144470215	bos_eos
seed_43	5_1_anc_ext_S_marker	27_5_1_anc_ext_S_marker	fig:heatmap-27-anc-ext-s-marker	5.1 ANC external S marker	07_sov_gn_ac_d_no	sov	gn	nom-acc	deranking	nomn	sov	SV	APV	100	0.59	0	0.0	0.17125506401062013	bos_eos
seed_43	5_1_anc_ext_S_marker	27_5_1_anc_ext_S_marker	fig:heatmap-27-anc-ext-s-marker	5.1 ANC external S marker	08_sov_gn_er_b_se	sov	gn	erg-abs	balancing	sent	sov	SV	APV	100	0.61	0	0.0	0.10457036018371582	bos_eos
seed_43	5_1_anc_ext_S_marker	27_5_1_anc_ext_S_marker	fig:heatmap-27-anc-ext-s-marker	5.1 ANC external S marker	09_sov_gn_er_b_pa	sov	gn	erg-abs	balancing	poss-acc	sov	SV	APV	100	0.57	0	0.0	0.2276313877105713	bos_eos
seed_43	5_1_anc_ext_S_marker	27_5_1_anc_ext_S_marker	fig:heatmap-27-anc-ext-s-marker	5.1 ANC external S marker	10_sov_gn_er_b_ep	sov	gn	erg-abs	balancing	erg-poss	sov	SV	APV	100	0.66	0	0.0	0.17626401662826538	bos_eos
seed_43	5_1_anc_ext_S_marker	27_5_1_anc_ext_S_marker	fig:heatmap-27-anc-ext-s-marker	5.1 ANC external S marker	11_sov_gn_er_b_no	sov	gn	erg-abs	balancing	nomn	sov	SV	APV	100	0.68	0	0.0	0.2936842465400696	bos_eos
seed_43	5_1_anc_ext_S_marker	27_5_1_anc_ext_S_marker	fig:heatmap-27-anc-ext-s-marker	5.1 ANC external S marker	12_sov_gn_er_d_se	sov	gn	erg-abs	deranking	sent	sov	SV	APV	100	0.71	0	0.0	0.30479647636413576	bos_eos
seed_43	5_1_anc_ext_S_marker	27_5_1_anc_ext_S_marker	fig:heatmap-27-anc-ext-s-marker	5.1 ANC external S marker	13_sov_gn_er_d_pa	sov	gn	erg-abs	deranking	poss-acc	sov	SV	APV	100	0.66	0	0.0	0.23732272386550904	bos_eos
seed_43	5_1_anc_ext_S_marker	27_5_1_anc_ext_S_marker	fig:heatmap-27-anc-ext-s-marker	5.1 ANC external S marker	14_sov_gn_er_d_ep	sov	gn	erg-abs	deranking	erg-poss	sov	SV	APV	100	0.64	0	0.0	0.16105428457260132	bos_eos
seed_43	5_1_anc_ext_S_marker	27_5_1_anc_ext_S_marker	fig:heatmap-27-anc-ext-s-marker	5.1 ANC external S marker	15_sov_gn_er_d_no	sov	gn	erg-abs	deranking	nomn	sov	SV	APV	100	0.62	0	0.0	0.2946911239624023	bos_eos
seed_43	5_1_anc_ext_S_marker	27_5_1_anc_ext_S_marker	fig:heatmap-27-anc-ext-s-marker	5.1 ANC external S marker	16_sov_ng_ac_b_se	sov	ng	nom-acc	balancing	sent	sov	SV	APV	100	0.25	0	0.0	-0.44079373598098753	bos_eos
seed_43	5_1_anc_ext_S_marker	27_5_1_anc_ext_S_marker	fig:heatmap-27-anc-ext-s-marker	5.1 ANC external S marker	17_sov_ng_ac_b_pa	sov	ng	nom-acc	balancing	poss-acc	ovs	VS	PVA	100	0.48	0	0.0	-0.11282729148864747	bos_eos
seed_43	5_1_anc_ext_S_marker	27_5_1_anc_ext_S_marker	fig:heatmap-27-anc-ext-s-marker	5.1 ANC external S marker	18_sov_ng_ac_b_ep	sov	ng	nom-acc	balancing	erg-poss	vos	VS	AVP	100	0.49	0	0.0	-0.10682356357574463	bos_eos
seed_43	5_1_anc_ext_S_marker	27_5_1_anc_ext_S_marker	fig:heatmap-27-anc-ext-s-marker	5.1 ANC external S marker	19_sov_ng_ac_b_no	sov	ng	nom-acc	balancing	nomn	ovs	VS	PVA	100	0.42	0	0.0	-0.09813839197158813	bos_eos
seed_43	5_1_anc_ext_S_marker	27_5_1_anc_ext_S_marker	fig:heatmap-27-anc-ext-s-marker	5.1 ANC external S marker	20_sov_ng_ac_d_se	sov	ng	nom-acc	deranking	sent	sov	SV	APV	100	0.29	0	0.0	-0.27930750370025637	bos_eos
seed_43	5_1_anc_ext_S_marker	27_5_1_anc_ext_S_marker	fig:heatmap-27-anc-ext-s-marker	5.1 ANC external S marker	21_sov_ng_ac_d_pa	sov	ng	nom-acc	deranking	poss-acc	ovs	VS	PVA	100	0.45	0	0.0	-0.03942102432250977	bos_eos
seed_43	5_1_anc_ext_S_marker	27_5_1_anc_ext_S_marker	fig:heatmap-27-anc-ext-s-marker	5.1 ANC external S marker	22_sov_ng_ac_d_ep	sov	ng	nom-acc	deranking	erg-poss	vos	VS	AVP	100	0.57	0	0.0	0.034511644840240475	bos_eos
seed_43	5_1_anc_ext_S_marker	27_5_1_anc_ext_S_marker	fig:heatmap-27-anc-ext-s-marker	5.1 ANC external S marker	23_sov_ng_ac_d_no	sov	ng	nom-acc	deranking	nomn	ovs	VS	PVA	100	0.51	0	0.0	0.02909963607788086	bos_eos
seed_43	5_1_anc_ext_S_marker	27_5_1_anc_ext_S_marker	fig:heatmap-27-anc-ext-s-marker	5.1 ANC external S marker	24_sov_ng_er_b_se	sov	ng	erg-abs	balancing	sent	sov	SV	APV	100	0.38	0	0.0	-0.15612526178359987	bos_eos
seed_43	5_1_anc_ext_S_marker	27_5_1_anc_ext_S_marker	fig:heatmap-27-anc-ext-s-marker	5.1 ANC external S marker	25_sov_ng_er_b_pa	sov	ng	erg-abs	balancing	poss-acc	ovs	VS	PVA	100	0.28	0	0.0	-0.34151746273040773	bos_eos
seed_43	5_1_anc_ext_S_marker	27_5_1_anc_ext_S_marker	fig:heatmap-27-anc-ext-s-marker	5.1 ANC external S marker	26_sov_ng_er_b_ep	sov	ng	erg-abs	balancing	erg-poss	vos	VS	AVP	100	0.36	0	0.0	-0.26074800014495847	bos_eos
seed_43	5_1_anc_ext_S_marker	27_5_1_anc_ext_S_marker	fig:heatmap-27-anc-ext-s-marker	5.1 ANC external S marker	27_sov_ng_er_b_no	sov	ng	erg-abs	balancing	nomn	ovs	VS	PVA	100	0.3	0	0.0	-0.3180576395988464	bos_eos
seed_43	5_1_anc_ext_S_marker	27_5_1_anc_ext_S_marker	fig:heatmap-27-anc-ext-s-marker	5.1 ANC external S marker	28_sov_ng_er_d_se	sov	ng	erg-abs	deranking	sent	sov	SV	APV	100	0.51	0	0.0	0.007172996997833252	bos_eos
seed_43	5_1_anc_ext_S_marker	27_5_1_anc_ext_S_marker	fig:heatmap-27-anc-ext-s-marker	5.1 ANC external S marker	29_sov_ng_er_d_pa	sov	ng	erg-abs	deranking	poss-acc	ovs	VS	PVA	100	0.32	0	0.0	-0.29170951843261717	bos_eos
seed_43	5_1_anc_ext_S_marker	27_5_1_anc_ext_S_marker	fig:heatmap-27-anc-ext-s-marker	5.1 ANC external S marker	30_sov_ng_er_d_ep	sov	ng	erg-abs	deranking	erg-poss	vos	VS	AVP	100	0.28	0	0.0	-0.2940057897567749	bos_eos
seed_43	5_1_anc_ext_S_marker	27_5_1_anc_ext_S_marker	fig:heatmap-27-anc-ext-s-marker	5.1 ANC external S marker	31_sov_ng_er_d_no	sov	ng	erg-abs	deranking	nomn	ovs	VS	PVA	100	0.41	0	0.0	-0.1608533477783203	bos_eos
seed_43	5_1_anc_ext_S_marker	27_5_1_anc_ext_S_marker	fig:heatmap-27-anc-ext-s-marker	5.1 ANC external S marker	32_svo_gn_ac_b_se	svo	gn	nom-acc	balancing	sent	svo	SV	AVP	100	0.66	0	0.0	0.28735841512680055	bos_eos
seed_43	5_1_anc_ext_S_marker	27_5_1_anc_ext_S_marker	fig:heatmap-27-anc-ext-s-marker	5.1 ANC external S marker	33_svo_gn_ac_b_pa	svo	gn	nom-acc	balancing	poss-acc	svo	SV	AVP	100	0.79	0	0.0	0.39281387567520143	bos_eos
seed_43	5_1_anc_ext_S_marker	27_5_1_anc_ext_S_marker	fig:heatmap-27-anc-ext-s-marker	5.1 ANC external S marker	34_svo_gn_ac_b_ep	svo	gn	nom-acc	balancing	erg-poss	sov	SV	PVA	100	0.85	0	0.0	0.6446106362342835	bos_eos
seed_43	5_1_anc_ext_S_marker	27_5_1_anc_ext_S_marker	fig:heatmap-27-anc-ext-s-marker	5.1 ANC external S marker	35_svo_gn_ac_b_no	svo	gn	nom-acc	balancing	nomn	svo	SV	AVP	100	0.92	0	0.0	0.8026267838478088	bos_eos
seed_43	5_1_anc_ext_S_marker	27_5_1_anc_ext_S_marker	fig:heatmap-27-anc-ext-s-marker	5.1 ANC external S marker	36_svo_gn_ac_d_se	svo	gn	nom-acc	deranking	sent	svo	SV	AVP	100	0.72	0	0.0	0.34447097301483154	bos_eos
seed_43	5_1_anc_ext_S_marker	27_5_1_anc_ext_S_marker	fig:heatmap-27-anc-ext-s-marker	5.1 ANC external S marker	37_svo_gn_ac_d_pa	svo	gn	nom-acc	deranking	poss-acc	svo	SV	AVP	100	0.77	0	0.0	0.422773494720459	bos_eos
seed_43	5_1_anc_ext_S_marker	27_5_1_anc_ext_S_marker	fig:heatmap-27-anc-ext-s-marker	5.1 ANC external S marker	38_svo_gn_ac_d_ep	svo	gn	nom-acc	deranking	erg-poss	sov	SV	PVA	100	0.85	0	0.0	0.5955985450744629	bos_eos
seed_43	5_1_anc_ext_S_marker	27_5_1_anc_ext_S_marker	fig:heatmap-27-anc-ext-s-marker	5.1 ANC external S marker	39_svo_gn_ac_d_no	svo	gn	nom-acc	deranking	nomn	svo	SV	AVP	100	0.9	0	0.0	0.6788578128814697	bos_eos
seed_43	5_1_anc_ext_S_marker	27_5_1_anc_ext_S_marker	fig:heatmap-27-anc-ext-s-marker	5.1 ANC external S marker	40_svo_gn_er_b_se	svo	gn	erg-abs	balancing	sent	svo	SV	AVP	100	0.67	0	0.0	0.26649238348007204	bos_eos
seed_43	5_1_anc_ext_S_marker	27_5_1_anc_ext_S_marker	fig:heatmap-27-anc-ext-s-marker	5.1 ANC external S marker	41_svo_gn_er_b_pa	svo	gn	erg-abs	balancing	poss-acc	svo	SV	AVP	100	0.74	0	0.0	0.30705823421478273	bos_eos
seed_43	5_1_anc_ext_S_marker	27_5_1_anc_ext_S_marker	fig:heatmap-27-anc-ext-s-marker	5.1 ANC external S marker	42_svo_gn_er_b_ep	svo	gn	erg-abs	balancing	erg-poss	sov	SV	PVA	100	0.79	0	0.0	0.385266101360321	bos_eos
seed_43	5_1_anc_ext_S_marker	27_5_1_anc_ext_S_marker	fig:heatmap-27-anc-ext-s-marker	5.1 ANC external S marker	43_svo_gn_er_b_no	svo	gn	erg-abs	balancing	nomn	svo	SV	AVP	100	0.79	0	0.0	0.3457741570472717	bos_eos
seed_43	5_1_anc_ext_S_marker	27_5_1_anc_ext_S_marker	fig:heatmap-27-anc-ext-s-marker	5.1 ANC external S marker	44_svo_gn_er_d_se	svo	gn	erg-abs	deranking	sent	svo	SV	AVP	100	0.67	0	0.0	0.26995139360427856	bos_eos
seed_43	5_1_anc_ext_S_marker	27_5_1_anc_ext_S_marker	fig:heatmap-27-anc-ext-s-marker	5.1 ANC external S marker	45_svo_gn_er_d_pa	svo	gn	erg-abs	deranking	poss-acc	svo	SV	AVP	100	0.68	0	0.0	0.17970748662948607	bos_eos
seed_43	5_1_anc_ext_S_marker	27_5_1_anc_ext_S_marker	fig:heatmap-27-anc-ext-s-marker	5.1 ANC external S marker	46_svo_gn_er_d_ep	svo	gn	erg-abs	deranking	erg-poss	sov	SV	PVA	100	0.72	0	0.0	0.18971363067626953	bos_eos
seed_43	5_1_anc_ext_S_marker	27_5_1_anc_ext_S_marker	fig:heatmap-27-anc-ext-s-marker	5.1 ANC external S marker	47_svo_gn_er_d_no	svo	gn	erg-abs	deranking	nomn	svo	SV	AVP	100	0.58	0	0.0	0.14500352144241332	bos_eos
seed_43	5_1_anc_ext_S_marker	27_5_1_anc_ext_S_marker	fig:heatmap-27-anc-ext-s-marker	5.1 ANC external S marker	48_svo_ng_ac_b_se	svo	ng	nom-acc	balancing	sent	svo	SV	AVP	100	0.63	0	0.0	0.22647442817687988	bos_eos
seed_43	5_1_anc_ext_S_marker	27_5_1_anc_ext_S_marker	fig:heatmap-27-anc-ext-s-marker	5.1 ANC external S marker	49_svo_ng_ac_b_pa	svo	ng	nom-acc	balancing	poss-acc	vos	VS	VPA	100	0.92	0	0.0	0.6017092776298523	bos_eos
seed_43	5_1_anc_ext_S_marker	27_5_1_anc_ext_S_marker	fig:heatmap-27-anc-ext-s-marker	5.1 ANC external S marker	50_svo_ng_ac_b_ep	svo	ng	nom-acc	balancing	erg-poss	vos	VS	VPA	100	1.0	0	0.0	0.8053487610816955	bos_eos
seed_43	5_1_anc_ext_S_marker	27_5_1_anc_ext_S_marker	fig:heatmap-27-anc-ext-s-marker	5.1 ANC external S marker	51_svo_ng_ac_b_no	svo	ng	nom-acc	balancing	nomn	vos	VS	VPA	100	0.97	0	0.0	0.8693896579742432	bos_eos
seed_43	5_1_anc_ext_S_marker	27_5_1_anc_ext_S_marker	fig:heatmap-27-anc-ext-s-marker	5.1 ANC external S marker	52_svo_ng_ac_d_se	svo	ng	nom-acc	deranking	sent	svo	SV	AVP	100	0.68	0	0.0	0.20068540811538696	bos_eos
seed_43	5_1_anc_ext_S_marker	27_5_1_anc_ext_S_marker	fig:heatmap-27-anc-ext-s-marker	5.1 ANC external S marker	53_svo_ng_ac_d_pa	svo	ng	nom-acc	deranking	poss-acc	vos	VS	VPA	100	0.93	0	0.0	0.6415841841697693	bos_eos
seed_43	5_1_anc_ext_S_marker	27_5_1_anc_ext_S_marker	fig:heatmap-27-anc-ext-s-marker	5.1 ANC external S marker	54_svo_ng_ac_d_ep	svo	ng	nom-acc	deranking	erg-poss	vos	VS	VPA	100	0.97	0	0.0	0.6453196263313293	bos_eos
seed_43	5_1_anc_ext_S_marker	27_5_1_anc_ext_S_marker	fig:heatmap-27-anc-ext-s-marker	5.1 ANC external S marker	55_svo_ng_ac_d_no	svo	ng	nom-acc	deranking	nomn	vos	VS	VPA	100	1.0	0	0.0	0.9446729421615601	bos_eos
seed_43	5_1_anc_ext_S_marker	27_5_1_anc_ext_S_marker	fig:heatmap-27-anc-ext-s-marker	5.1 ANC external S marker	56_svo_ng_er_b_se	svo	ng	erg-abs	balancing	sent	svo	SV	AVP	100	0.63	0	0.0	0.16823371171951293	bos_eos
seed_43	5_1_anc_ext_S_marker	27_5_1_anc_ext_S_marker	fig:heatmap-27-anc-ext-s-marker	5.1 ANC external S marker	57_svo_ng_er_b_pa	svo	ng	erg-abs	balancing	poss-acc	vos	VS	VPA	100	0.67	0	0.0	0.2326502537727356	bos_eos
seed_43	5_1_anc_ext_S_marker	27_5_1_anc_ext_S_marker	fig:heatmap-27-anc-ext-s-marker	5.1 ANC external S marker	58_svo_ng_er_b_ep	svo	ng	erg-abs	balancing	erg-poss	vos	VS	VPA	100	0.72	0	0.0	0.21133644342422486	bos_eos
seed_43	5_1_anc_ext_S_marker	27_5_1_anc_ext_S_marker	fig:heatmap-27-anc-ext-s-marker	5.1 ANC external S marker	59_svo_ng_er_b_no	svo	ng	erg-abs	balancing	nomn	vos	VS	VPA	100	0.83	0	0.0	0.3909360384941101	bos_eos
seed_43	5_1_anc_ext_S_marker	27_5_1_anc_ext_S_marker	fig:heatmap-27-anc-ext-s-marker	5.1 ANC external S marker	60_svo_ng_er_d_se	svo	ng	erg-abs	deranking	sent	svo	SV	AVP	100	0.68	0	0.0	0.2390712308883667	bos_eos
seed_43	5_1_anc_ext_S_marker	27_5_1_anc_ext_S_marker	fig:heatmap-27-anc-ext-s-marker	5.1 ANC external S marker	61_svo_ng_er_d_pa	svo	ng	erg-abs	deranking	poss-acc	vos	VS	VPA	100	0.77	0	0.0	0.3231481671333313	bos_eos
seed_43	5_1_anc_ext_S_marker	27_5_1_anc_ext_S_marker	fig:heatmap-27-anc-ext-s-marker	5.1 ANC external S marker	62_svo_ng_er_d_ep	svo	ng	erg-abs	deranking	erg-poss	vos	VS	VPA	100	0.71	0	0.0	0.14797142028808594	bos_eos
seed_43	5_1_anc_ext_S_marker	27_5_1_anc_ext_S_marker	fig:heatmap-27-anc-ext-s-marker	5.1 ANC external S marker	63_svo_ng_er_d_no	svo	ng	erg-abs	deranking	nomn	vos	VS	VPA	100	0.64	0	0.0	0.26563267469406127	bos_eos
seed_43	5_1_anc_ext_S_marker	27_5_1_anc_ext_S_marker	fig:heatmap-27-anc-ext-s-marker	5.1 ANC external S marker	64_vos_gn_ac_b_se	vos	gn	nom-acc	balancing	sent	vos	VS	VPA	100	0.25	0	0.0	-0.4250841283798218	bos_eos
seed_43	5_1_anc_ext_S_marker	27_5_1_anc_ext_S_marker	fig:heatmap-27-anc-ext-s-marker	5.1 ANC external S marker	65_vos_gn_ac_b_pa	vos	gn	nom-acc	balancing	poss-acc	svo	SV	AVP	100	0.53	0	0.0	0.04367947816848755	bos_eos
seed_43	5_1_anc_ext_S_marker	27_5_1_anc_ext_S_marker	fig:heatmap-27-anc-ext-s-marker	5.1 ANC external S marker	66_vos_gn_ac_b_ep	vos	gn	nom-acc	balancing	erg-poss	sov	SV	PVA	100	0.79	0	0.0	0.3258333086967468	bos_eos
seed_43	5_1_anc_ext_S_marker	27_5_1_anc_ext_S_marker	fig:heatmap-27-anc-ext-s-marker	5.1 ANC external S marker	67_vos_gn_ac_b_no	vos	gn	nom-acc	balancing	nomn	svo	SV	AVP	100	0.69	0	0.0	0.22374622106552125	bos_eos
seed_43	5_1_anc_ext_S_marker	27_5_1_anc_ext_S_marker	fig:heatmap-27-anc-ext-s-marker	5.1 ANC external S marker	68_vos_gn_ac_d_se	vos	gn	nom-acc	deranking	sent	vos	VS	VPA	100	0.48	0	0.0	-0.01124802827835083	bos_eos
seed_43	5_1_anc_ext_S_marker	27_5_1_anc_ext_S_marker	fig:heatmap-27-anc-ext-s-marker	5.1 ANC external S marker	69_vos_gn_ac_d_pa	vos	gn	nom-acc	deranking	poss-acc	svo	SV	AVP	100	0.7	0	0.0	0.35081780910491944	bos_eos
seed_43	5_1_anc_ext_S_marker	27_5_1_anc_ext_S_marker	fig:heatmap-27-anc-ext-s-marker	5.1 ANC external S marker	70_vos_gn_ac_d_ep	vos	gn	nom-acc	deranking	erg-poss	sov	SV	PVA	100	0.79	0	0.0	0.43934877872467043	bos_eos
seed_43	5_1_anc_ext_S_marker	27_5_1_anc_ext_S_marker	fig:heatmap-27-anc-ext-s-marker	5.1 ANC external S marker	71_vos_gn_ac_d_no	vos	gn	nom-acc	deranking	nomn	svo	SV	AVP	100	0.76	0	0.0	0.4607799386978149	bos_eos
seed_43	5_1_anc_ext_S_marker	27_5_1_anc_ext_S_marker	fig:heatmap-27-anc-ext-s-marker	5.1 ANC external S marker	72_vos_gn_er_b_se	vos	gn	erg-abs	balancing	sent	vos	VS	VPA	100	0.5	0	0.0	0.08959837198257446	bos_eos
seed_43	5_1_anc_ext_S_marker	27_5_1_anc_ext_S_marker	fig:heatmap-27-anc-ext-s-marker	5.1 ANC external S marker	73_vos_gn_er_b_pa	vos	gn	erg-abs	balancing	poss-acc	svo	SV	AVP	100	0.47	0	0.0	0.18563639640808105	bos_eos
seed_43	5_1_anc_ext_S_marker	27_5_1_anc_ext_S_marker	fig:heatmap-27-anc-ext-s-marker	5.1 ANC external S marker	74_vos_gn_er_b_ep	vos	gn	erg-abs	balancing	erg-poss	sov	SV	PVA	100	0.66	0	0.0	0.31939030647277833	bos_eos
seed_43	5_1_anc_ext_S_marker	27_5_1_anc_ext_S_marker	fig:heatmap-27-anc-ext-s-marker	5.1 ANC external S marker	75_vos_gn_er_b_no	vos	gn	erg-abs	balancing	nomn	svo	SV	AVP	100	0.72	0	0.0	0.4160251808166504	bos_eos
seed_43	5_1_anc_ext_S_marker	27_5_1_anc_ext_S_marker	fig:heatmap-27-anc-ext-s-marker	5.1 ANC external S marker	76_vos_gn_er_d_se	vos	gn	erg-abs	deranking	sent	vos	VS	VPA	100	0.55	0	0.0	0.1718713140487671	bos_eos
seed_43	5_1_anc_ext_S_marker	27_5_1_anc_ext_S_marker	fig:heatmap-27-anc-ext-s-marker	5.1 ANC external S marker	77_vos_gn_er_d_pa	vos	gn	erg-abs	deranking	poss-acc	svo	SV	AVP	100	0.46	0	0.0	0.1523281764984131	bos_eos
seed_43	5_1_anc_ext_S_marker	27_5_1_anc_ext_S_marker	fig:heatmap-27-anc-ext-s-marker	5.1 ANC external S marker	78_vos_gn_er_d_ep	vos	gn	erg-abs	deranking	erg-poss	sov	SV	PVA	100	0.65	0	0.0	0.28340652465820315	bos_eos
seed_43	5_1_anc_ext_S_marker	27_5_1_anc_ext_S_marker	fig:heatmap-27-anc-ext-s-marker	5.1 ANC external S marker	79_vos_gn_er_d_no	vos	gn	erg-abs	deranking	nomn	svo	SV	AVP	100	0.51	0	0.0	0.15900442838668824	bos_eos
seed_43	5_1_anc_ext_S_marker	27_5_1_anc_ext_S_marker	fig:heatmap-27-anc-ext-s-marker	5.1 ANC external S marker	80_vos_ng_ac_b_se	vos	ng	nom-acc	balancing	sent	vos	VS	VPA	100	0.35	0	0.0	-0.42611799001693723	bos_eos
seed_43	5_1_anc_ext_S_marker	27_5_1_anc_ext_S_marker	fig:heatmap-27-anc-ext-s-marker	5.1 ANC external S marker	81_vos_ng_ac_b_pa	vos	ng	nom-acc	balancing	poss-acc	vos	VS	VPA	100	0.33	0	0.0	-0.3479444098472595	bos_eos
seed_43	5_1_anc_ext_S_marker	27_5_1_anc_ext_S_marker	fig:heatmap-27-anc-ext-s-marker	5.1 ANC external S marker	82_vos_ng_ac_b_ep	vos	ng	nom-acc	balancing	erg-poss	vos	VS	VPA	100	0.37	0	0.0	-0.3914568638801575	bos_eos
seed_43	5_1_anc_ext_S_marker	27_5_1_anc_ext_S_marker	fig:heatmap-27-anc-ext-s-marker	5.1 ANC external S marker	83_vos_ng_ac_b_no	vos	ng	nom-acc	balancing	nomn	vos	VS	VPA	100	0.38	0	0.0	-0.42698585510253906	bos_eos
seed_43	5_1_anc_ext_S_marker	27_5_1_anc_ext_S_marker	fig:heatmap-27-anc-ext-s-marker	5.1 ANC external S marker	84_vos_ng_ac_d_se	vos	ng	nom-acc	deranking	sent	vos	VS	VPA	100	0.51	0	0.0	-0.0816309905052185	bos_eos
seed_43	5_1_anc_ext_S_marker	27_5_1_anc_ext_S_marker	fig:heatmap-27-anc-ext-s-marker	5.1 ANC external S marker	85_vos_ng_ac_d_pa	vos	ng	nom-acc	deranking	poss-acc	vos	VS	VPA	100	0.48	0	0.0	-0.06622461795806885	bos_eos
seed_43	5_1_anc_ext_S_marker	27_5_1_anc_ext_S_marker	fig:heatmap-27-anc-ext-s-marker	5.1 ANC external S marker	86_vos_ng_ac_d_ep	vos	ng	nom-acc	deranking	erg-poss	vos	VS	VPA	100	0.43	0	0.0	-0.01272489309310913	bos_eos
seed_43	5_1_anc_ext_S_marker	27_5_1_anc_ext_S_marker	fig:heatmap-27-anc-ext-s-marker	5.1 ANC external S marker	87_vos_ng_ac_d_no	vos	ng	nom-acc	deranking	nomn	vos	VS	VPA	100	0.58	0	0.0	0.1935631012916565	bos_eos
seed_43	5_1_anc_ext_S_marker	27_5_1_anc_ext_S_marker	fig:heatmap-27-anc-ext-s-marker	5.1 ANC external S marker	88_vos_ng_er_b_se	vos	ng	erg-abs	balancing	sent	vos	VS	VPA	100	0.75	0	0.0	0.488124315738678	bos_eos
seed_43	5_1_anc_ext_S_marker	27_5_1_anc_ext_S_marker	fig:heatmap-27-anc-ext-s-marker	5.1 ANC external S marker	89_vos_ng_er_b_pa	vos	ng	erg-abs	balancing	poss-acc	vos	VS	VPA	100	0.77	0	0.0	0.40017592668533325	bos_eos
seed_43	5_1_anc_ext_S_marker	27_5_1_anc_ext_S_marker	fig:heatmap-27-anc-ext-s-marker	5.1 ANC external S marker	90_vos_ng_er_b_ep	vos	ng	erg-abs	balancing	erg-poss	vos	VS	VPA	100	0.82	0	0.0	0.28922065019607546	bos_eos
seed_43	5_1_anc_ext_S_marker	27_5_1_anc_ext_S_marker	fig:heatmap-27-anc-ext-s-marker	5.1 ANC external S marker	91_vos_ng_er_b_no	vos	ng	erg-abs	balancing	nomn	vos	VS	VPA	100	0.78	0	0.0	0.3677075004577637	bos_eos
seed_43	5_1_anc_ext_S_marker	27_5_1_anc_ext_S_marker	fig:heatmap-27-anc-ext-s-marker	5.1 ANC external S marker	92_vos_ng_er_d_se	vos	ng	erg-abs	deranking	sent	vos	VS	VPA	100	0.67	0	0.0	0.5193644618988037	bos_eos
seed_43	5_1_anc_ext_S_marker	27_5_1_anc_ext_S_marker	fig:heatmap-27-anc-ext-s-marker	5.1 ANC external S marker	93_vos_ng_er_d_pa	vos	ng	erg-abs	deranking	poss-acc	vos	VS	VPA	100	0.64	0	0.0	0.27655601501464844	bos_eos
seed_43	5_1_anc_ext_S_marker	27_5_1_anc_ext_S_marker	fig:heatmap-27-anc-ext-s-marker	5.1 ANC external S marker	94_vos_ng_er_d_ep	vos	ng	erg-abs	deranking	erg-poss	vos	VS	VPA	100	0.69	0	0.0	0.3105794620513916	bos_eos
seed_43	5_1_anc_ext_S_marker	27_5_1_anc_ext_S_marker	fig:heatmap-27-anc-ext-s-marker	5.1 ANC external S marker	95_vos_ng_er_d_no	vos	ng	erg-abs	deranking	nomn	vos	VS	VPA	100	0.75	0	0.0	0.4895670938491821	bos_eos
seed_43	5_2_anc_ext_A_marker	28_5_2_anc_ext_A_marker	fig:heatmap-28-anc-ext-a-marker	5.2 ANC external A marker	00_sov_gn_ac_b_se	sov	gn	nom-acc	balancing	sent	sov	SV	APV	100	0.28	0	0.0	-0.16788314580917357	bos_eos
seed_43	5_2_anc_ext_A_marker	28_5_2_anc_ext_A_marker	fig:heatmap-28-anc-ext-a-marker	5.2 ANC external A marker	01_sov_gn_ac_b_pa	sov	gn	nom-acc	balancing	poss-acc	sov	SV	APV	100	0.59	0	0.0	0.06726640939712525	bos_eos
seed_43	5_2_anc_ext_A_marker	28_5_2_anc_ext_A_marker	fig:heatmap-28-anc-ext-a-marker	5.2 ANC external A marker	02_sov_gn_ac_b_ep	sov	gn	nom-acc	balancing	erg-poss	sov	SV	APV	100	0.51	0	0.0	0.10780085563659668	bos_eos
seed_43	5_2_anc_ext_A_marker	28_5_2_anc_ext_A_marker	fig:heatmap-28-anc-ext-a-marker	5.2 ANC external A marker	03_sov_gn_ac_b_no	sov	gn	nom-acc	balancing	nomn	sov	SV	APV	100	0.5	0	0.0	0.09560724020004273	bos_eos
seed_43	5_2_anc_ext_A_marker	28_5_2_anc_ext_A_marker	fig:heatmap-28-anc-ext-a-marker	5.2 ANC external A marker	04_sov_gn_ac_d_se	sov	gn	nom-acc	deranking	sent	sov	SV	APV	100	0.39	0	0.0	-0.04715579986572266	bos_eos
seed_43	5_2_anc_ext_A_marker	28_5_2_anc_ext_A_marker	fig:heatmap-28-anc-ext-a-marker	5.2 ANC external A marker	05_sov_gn_ac_d_pa	sov	gn	nom-acc	deranking	poss-acc	sov	SV	APV	100	0.38	0	0.0	-0.028393483161926268	bos_eos
seed_43	5_2_anc_ext_A_marker	28_5_2_anc_ext_A_marker	fig:heatmap-28-anc-ext-a-marker	5.2 ANC external A marker	06_sov_gn_ac_d_ep	sov	gn	nom-acc	deranking	erg-poss	sov	SV	APV	100	0.67	0	0.0	0.25224348783493045	bos_eos
seed_43	5_2_anc_ext_A_marker	28_5_2_anc_ext_A_marker	fig:heatmap-28-anc-ext-a-marker	5.2 ANC external A marker	07_sov_gn_ac_d_no	sov	gn	nom-acc	deranking	nomn	sov	SV	APV	100	0.84	0	0.0	0.3646432065963745	bos_eos
seed_43	5_2_anc_ext_A_marker	28_5_2_anc_ext_A_marker	fig:heatmap-28-anc-ext-a-marker	5.2 ANC external A marker	08_sov_gn_er_b_se	sov	gn	erg-abs	balancing	sent	sov	SV	APV	100	0.99	0	0.0	1.2835256743431092	bos_eos
seed_43	5_2_anc_ext_A_marker	28_5_2_anc_ext_A_marker	fig:heatmap-28-anc-ext-a-marker	5.2 ANC external A marker	09_sov_gn_er_b_pa	sov	gn	erg-abs	balancing	poss-acc	sov	SV	APV	100	1.0	0	0.0	1.2586681818962098	bos_eos
seed_43	5_2_anc_ext_A_marker	28_5_2_anc_ext_A_marker	fig:heatmap-28-anc-ext-a-marker	5.2 ANC external A marker	10_sov_gn_er_b_ep	sov	gn	erg-abs	balancing	erg-poss	sov	SV	APV	100	1.0	0	0.0	1.1530906867980957	bos_eos
seed_43	5_2_anc_ext_A_marker	28_5_2_anc_ext_A_marker	fig:heatmap-28-anc-ext-a-marker	5.2 ANC external A marker	11_sov_gn_er_b_no	sov	gn	erg-abs	balancing	nomn	sov	SV	APV	100	1.0	0	0.0	1.1179768323898316	bos_eos
seed_43	5_2_anc_ext_A_marker	28_5_2_anc_ext_A_marker	fig:heatmap-28-anc-ext-a-marker	5.2 ANC external A marker	12_sov_gn_er_d_se	sov	gn	erg-abs	deranking	sent	sov	SV	APV	100	0.97	0	0.0	1.2668084597587586	bos_eos
seed_43	5_2_anc_ext_A_marker	28_5_2_anc_ext_A_marker	fig:heatmap-28-anc-ext-a-marker	5.2 ANC external A marker	13_sov_gn_er_d_pa	sov	gn	erg-abs	deranking	poss-acc	sov	SV	APV	100	1.0	0	0.0	1.2253053069114686	bos_eos
seed_43	5_2_anc_ext_A_marker	28_5_2_anc_ext_A_marker	fig:heatmap-28-anc-ext-a-marker	5.2 ANC external A marker	14_sov_gn_er_d_ep	sov	gn	erg-abs	deranking	erg-poss	sov	SV	APV	100	0.99	0	0.0	1.188499746322632	bos_eos
seed_43	5_2_anc_ext_A_marker	28_5_2_anc_ext_A_marker	fig:heatmap-28-anc-ext-a-marker	5.2 ANC external A marker	15_sov_gn_er_d_no	sov	gn	erg-abs	deranking	nomn	sov	SV	APV	100	1.0	0	0.0	1.1947016978263856	bos_eos
seed_43	5_2_anc_ext_A_marker	28_5_2_anc_ext_A_marker	fig:heatmap-28-anc-ext-a-marker	5.2 ANC external A marker	16_sov_ng_ac_b_se	sov	ng	nom-acc	balancing	sent	sov	SV	APV	100	0.45	0	0.0	-0.04545804977416992	bos_eos
seed_43	5_2_anc_ext_A_marker	28_5_2_anc_ext_A_marker	fig:heatmap-28-anc-ext-a-marker	5.2 ANC external A marker	17_sov_ng_ac_b_pa	sov	ng	nom-acc	balancing	poss-acc	ovs	VS	PVA	100	0.56	0	0.0	0.04386394739151001	bos_eos
seed_43	5_2_anc_ext_A_marker	28_5_2_anc_ext_A_marker	fig:heatmap-28-anc-ext-a-marker	5.2 ANC external A marker	18_sov_ng_ac_b_ep	sov	ng	nom-acc	balancing	erg-poss	vos	VS	AVP	100	0.73	0	0.0	0.29970363855361937	bos_eos
seed_43	5_2_anc_ext_A_marker	28_5_2_anc_ext_A_marker	fig:heatmap-28-anc-ext-a-marker	5.2 ANC external A marker	19_sov_ng_ac_b_no	sov	ng	nom-acc	balancing	nomn	ovs	VS	PVA	100	0.66	0	0.0	0.22414091348648071	bos_eos
seed_43	5_2_anc_ext_A_marker	28_5_2_anc_ext_A_marker	fig:heatmap-28-anc-ext-a-marker	5.2 ANC external A marker	20_sov_ng_ac_d_se	sov	ng	nom-acc	deranking	sent	sov	SV	APV	100	0.5	0	0.0	0.07409551620483398	bos_eos
seed_43	5_2_anc_ext_A_marker	28_5_2_anc_ext_A_marker	fig:heatmap-28-anc-ext-a-marker	5.2 ANC external A marker	21_sov_ng_ac_d_pa	sov	ng	nom-acc	deranking	poss-acc	ovs	VS	PVA	100	0.6	0	0.0	0.1366663694381714	bos_eos
seed_43	5_2_anc_ext_A_marker	28_5_2_anc_ext_A_marker	fig:heatmap-28-anc-ext-a-marker	5.2 ANC external A marker	22_sov_ng_ac_d_ep	sov	ng	nom-acc	deranking	erg-poss	vos	VS	AVP	100	0.79	0	0.0	0.3005749011039734	bos_eos
seed_43	5_2_anc_ext_A_marker	28_5_2_anc_ext_A_marker	fig:heatmap-28-anc-ext-a-marker	5.2 ANC external A marker	23_sov_ng_ac_d_no	sov	ng	nom-acc	deranking	nomn	ovs	VS	PVA	100	0.77	0	0.0	0.2930288791656494	bos_eos
seed_43	5_2_anc_ext_A_marker	28_5_2_anc_ext_A_marker	fig:heatmap-28-anc-ext-a-marker	5.2 ANC external A marker	24_sov_ng_er_b_se	sov	ng	erg-abs	balancing	sent	sov	SV	APV	100	0.99	0	0.0	1.5929404139518737	bos_eos
seed_43	5_2_anc_ext_A_marker	28_5_2_anc_ext_A_marker	fig:heatmap-28-anc-ext-a-marker	5.2 ANC external A marker	25_sov_ng_er_b_pa	sov	ng	erg-abs	balancing	poss-acc	ovs	VS	PVA	100	1.0	0	0.0	1.5538786149024963	bos_eos
seed_43	5_2_anc_ext_A_marker	28_5_2_anc_ext_A_marker	fig:heatmap-28-anc-ext-a-marker	5.2 ANC external A marker	26_sov_ng_er_b_ep	sov	ng	erg-abs	balancing	erg-poss	vos	VS	AVP	100	1.0	0	0.0	1.5808052802085877	bos_eos
seed_43	5_2_anc_ext_A_marker	28_5_2_anc_ext_A_marker	fig:heatmap-28-anc-ext-a-marker	5.2 ANC external A marker	27_sov_ng_er_b_no	sov	ng	erg-abs	balancing	nomn	ovs	VS	PVA	100	1.0	0	0.0	1.479489688873291	bos_eos
seed_43	5_2_anc_ext_A_marker	28_5_2_anc_ext_A_marker	fig:heatmap-28-anc-ext-a-marker	5.2 ANC external A marker	28_sov_ng_er_d_se	sov	ng	erg-abs	deranking	sent	sov	SV	APV	100	1.0	0	0.0	1.5733710098266602	bos_eos
seed_43	5_2_anc_ext_A_marker	28_5_2_anc_ext_A_marker	fig:heatmap-28-anc-ext-a-marker	5.2 ANC external A marker	29_sov_ng_er_d_pa	sov	ng	erg-abs	deranking	poss-acc	ovs	VS	PVA	100	1.0	0	0.0	1.7613289952278137	bos_eos
seed_43	5_2_anc_ext_A_marker	28_5_2_anc_ext_A_marker	fig:heatmap-28-anc-ext-a-marker	5.2 ANC external A marker	30_sov_ng_er_d_ep	sov	ng	erg-abs	deranking	erg-poss	vos	VS	AVP	100	1.0	0	0.0	1.4687227535247802	bos_eos
seed_43	5_2_anc_ext_A_marker	28_5_2_anc_ext_A_marker	fig:heatmap-28-anc-ext-a-marker	5.2 ANC external A marker	31_sov_ng_er_d_no	sov	ng	erg-abs	deranking	nomn	ovs	VS	PVA	100	1.0	0	0.0	1.4681545758247376	bos_eos
seed_43	5_2_anc_ext_A_marker	28_5_2_anc_ext_A_marker	fig:heatmap-28-anc-ext-a-marker	5.2 ANC external A marker	32_svo_gn_ac_b_se	svo	gn	nom-acc	balancing	sent	svo	SV	AVP	100	0.76	0	0.0	0.2754644727706909	bos_eos
seed_43	5_2_anc_ext_A_marker	28_5_2_anc_ext_A_marker	fig:heatmap-28-anc-ext-a-marker	5.2 ANC external A marker	33_svo_gn_ac_b_pa	svo	gn	nom-acc	balancing	poss-acc	svo	SV	AVP	100	0.81	0	0.0	0.31584956407547	bos_eos
seed_43	5_2_anc_ext_A_marker	28_5_2_anc_ext_A_marker	fig:heatmap-28-anc-ext-a-marker	5.2 ANC external A marker	34_svo_gn_ac_b_ep	svo	gn	nom-acc	balancing	erg-poss	sov	SV	PVA	100	0.85	0	0.0	0.5092138814926147	bos_eos
seed_43	5_2_anc_ext_A_marker	28_5_2_anc_ext_A_marker	fig:heatmap-28-anc-ext-a-marker	5.2 ANC external A marker	35_svo_gn_ac_b_no	svo	gn	nom-acc	balancing	nomn	svo	SV	AVP	100	0.97	0	0.0	0.585985357761383	bos_eos
seed_43	5_2_anc_ext_A_marker	28_5_2_anc_ext_A_marker	fig:heatmap-28-anc-ext-a-marker	5.2 ANC external A marker	36_svo_gn_ac_d_se	svo	gn	nom-acc	deranking	sent	svo	SV	AVP	100	0.74	0	0.0	0.22396111011505127	bos_eos
seed_43	5_2_anc_ext_A_marker	28_5_2_anc_ext_A_marker	fig:heatmap-28-anc-ext-a-marker	5.2 ANC external A marker	37_svo_gn_ac_d_pa	svo	gn	nom-acc	deranking	poss-acc	svo	SV	AVP	100	0.83	0	0.0	0.29210317373275757	bos_eos
seed_43	5_2_anc_ext_A_marker	28_5_2_anc_ext_A_marker	fig:heatmap-28-anc-ext-a-marker	5.2 ANC external A marker	38_svo_gn_ac_d_ep	svo	gn	nom-acc	deranking	erg-poss	sov	SV	PVA	100	0.86	0	0.0	0.4186973977088928	bos_eos
seed_43	5_2_anc_ext_A_marker	28_5_2_anc_ext_A_marker	fig:heatmap-28-anc-ext-a-marker	5.2 ANC external A marker	39_svo_gn_ac_d_no	svo	gn	nom-acc	deranking	nomn	svo	SV	AVP	100	0.9	0	0.0	0.4508440184593201	bos_eos
seed_43	5_2_anc_ext_A_marker	28_5_2_anc_ext_A_marker	fig:heatmap-28-anc-ext-a-marker	5.2 ANC external A marker	40_svo_gn_er_b_se	svo	gn	erg-abs	balancing	sent	svo	SV	AVP	100	1.0	0	0.0	1.7457548117637633	bos_eos
seed_43	5_2_anc_ext_A_marker	28_5_2_anc_ext_A_marker	fig:heatmap-28-anc-ext-a-marker	5.2 ANC external A marker	41_svo_gn_er_b_pa	svo	gn	erg-abs	balancing	poss-acc	svo	SV	AVP	100	1.0	0	0.0	1.995101547241211	bos_eos
seed_43	5_2_anc_ext_A_marker	28_5_2_anc_ext_A_marker	fig:heatmap-28-anc-ext-a-marker	5.2 ANC external A marker	42_svo_gn_er_b_ep	svo	gn	erg-abs	balancing	erg-poss	sov	SV	PVA	100	1.0	0	0.0	2.0576511311531065	bos_eos
seed_43	5_2_anc_ext_A_marker	28_5_2_anc_ext_A_marker	fig:heatmap-28-anc-ext-a-marker	5.2 ANC external A marker	43_svo_gn_er_b_no	svo	gn	erg-abs	balancing	nomn	svo	SV	AVP	100	1.0	0	0.0	1.842311017513275	bos_eos
seed_43	5_2_anc_ext_A_marker	28_5_2_anc_ext_A_marker	fig:heatmap-28-anc-ext-a-marker	5.2 ANC external A marker	44_svo_gn_er_d_se	svo	gn	erg-abs	deranking	sent	svo	SV	AVP	100	0.97	0	0.0	1.7599807929992677	bos_eos
seed_43	5_2_anc_ext_A_marker	28_5_2_anc_ext_A_marker	fig:heatmap-28-anc-ext-a-marker	5.2 ANC external A marker	45_svo_gn_er_d_pa	svo	gn	erg-abs	deranking	poss-acc	svo	SV	AVP	100	1.0	0	0.0	1.9247552967071533	bos_eos
seed_43	5_2_anc_ext_A_marker	28_5_2_anc_ext_A_marker	fig:heatmap-28-anc-ext-a-marker	5.2 ANC external A marker	46_svo_gn_er_d_ep	svo	gn	erg-abs	deranking	erg-poss	sov	SV	PVA	100	0.98	0	0.0	1.8567586636543274	bos_eos
seed_43	5_2_anc_ext_A_marker	28_5_2_anc_ext_A_marker	fig:heatmap-28-anc-ext-a-marker	5.2 ANC external A marker	47_svo_gn_er_d_no	svo	gn	erg-abs	deranking	nomn	svo	SV	AVP	100	1.0	0	0.0	1.823120310306549	bos_eos
seed_43	5_2_anc_ext_A_marker	28_5_2_anc_ext_A_marker	fig:heatmap-28-anc-ext-a-marker	5.2 ANC external A marker	48_svo_ng_ac_b_se	svo	ng	nom-acc	balancing	sent	svo	SV	AVP	100	0.7	0	0.0	0.21260257482528686	bos_eos
seed_43	5_2_anc_ext_A_marker	28_5_2_anc_ext_A_marker	fig:heatmap-28-anc-ext-a-marker	5.2 ANC external A marker	49_svo_ng_ac_b_pa	svo	ng	nom-acc	balancing	poss-acc	vos	VS	VPA	100	0.95	0	0.0	0.4574479866027832	bos_eos
seed_43	5_2_anc_ext_A_marker	28_5_2_anc_ext_A_marker	fig:heatmap-28-anc-ext-a-marker	5.2 ANC external A marker	50_svo_ng_ac_b_ep	svo	ng	nom-acc	balancing	erg-poss	vos	VS	VPA	100	1.0	0	0.0	0.5767722702026368	bos_eos
seed_43	5_2_anc_ext_A_marker	28_5_2_anc_ext_A_marker	fig:heatmap-28-anc-ext-a-marker	5.2 ANC external A marker	51_svo_ng_ac_b_no	svo	ng	nom-acc	balancing	nomn	vos	VS	VPA	100	0.99	0	0.0	0.6229640817642212	bos_eos
seed_43	5_2_anc_ext_A_marker	28_5_2_anc_ext_A_marker	fig:heatmap-28-anc-ext-a-marker	5.2 ANC external A marker	52_svo_ng_ac_d_se	svo	ng	nom-acc	deranking	sent	svo	SV	AVP	100	0.76	0	0.0	0.23567842721939086	bos_eos
seed_43	5_2_anc_ext_A_marker	28_5_2_anc_ext_A_marker	fig:heatmap-28-anc-ext-a-marker	5.2 ANC external A marker	53_svo_ng_ac_d_pa	svo	ng	nom-acc	deranking	poss-acc	vos	VS	VPA	100	0.95	0	0.0	0.47472639799118044	bos_eos
seed_43	5_2_anc_ext_A_marker	28_5_2_anc_ext_A_marker	fig:heatmap-28-anc-ext-a-marker	5.2 ANC external A marker	54_svo_ng_ac_d_ep	svo	ng	nom-acc	deranking	erg-poss	vos	VS	VPA	100	0.97	0	0.0	0.46282187938690184	bos_eos
seed_43	5_2_anc_ext_A_marker	28_5_2_anc_ext_A_marker	fig:heatmap-28-anc-ext-a-marker	5.2 ANC external A marker	55_svo_ng_ac_d_no	svo	ng	nom-acc	deranking	nomn	vos	VS	VPA	100	0.99	0	0.0	0.7019497776031494	bos_eos
seed_43	5_2_anc_ext_A_marker	28_5_2_anc_ext_A_marker	fig:heatmap-28-anc-ext-a-marker	5.2 ANC external A marker	56_svo_ng_er_b_se	svo	ng	erg-abs	balancing	sent	svo	SV	AVP	100	0.99	0	0.0	2.206561064720154	bos_eos
seed_43	5_2_anc_ext_A_marker	28_5_2_anc_ext_A_marker	fig:heatmap-28-anc-ext-a-marker	5.2 ANC external A marker	57_svo_ng_er_b_pa	svo	ng	erg-abs	balancing	poss-acc	vos	VS	VPA	100	1.0	0	0.0	2.034663507938385	bos_eos
seed_43	5_2_anc_ext_A_marker	28_5_2_anc_ext_A_marker	fig:heatmap-28-anc-ext-a-marker	5.2 ANC external A marker	58_svo_ng_er_b_ep	svo	ng	erg-abs	balancing	erg-poss	vos	VS	VPA	100	1.0	0	0.0	1.9911287546157836	bos_eos
seed_43	5_2_anc_ext_A_marker	28_5_2_anc_ext_A_marker	fig:heatmap-28-anc-ext-a-marker	5.2 ANC external A marker	59_svo_ng_er_b_no	svo	ng	erg-abs	balancing	nomn	vos	VS	VPA	100	1.0	0	0.0	1.9650856971740722	bos_eos
seed_43	5_2_anc_ext_A_marker	28_5_2_anc_ext_A_marker	fig:heatmap-28-anc-ext-a-marker	5.2 ANC external A marker	60_svo_ng_er_d_se	svo	ng	erg-abs	deranking	sent	svo	SV	AVP	100	0.97	0	0.0	1.7495059871673584	bos_eos
seed_43	5_2_anc_ext_A_marker	28_5_2_anc_ext_A_marker	fig:heatmap-28-anc-ext-a-marker	5.2 ANC external A marker	61_svo_ng_er_d_pa	svo	ng	erg-abs	deranking	poss-acc	vos	VS	VPA	100	1.0	0	0.0	2.2094197154045103	bos_eos
seed_43	5_2_anc_ext_A_marker	28_5_2_anc_ext_A_marker	fig:heatmap-28-anc-ext-a-marker	5.2 ANC external A marker	62_svo_ng_er_d_ep	svo	ng	erg-abs	deranking	erg-poss	vos	VS	VPA	100	1.0	0	0.0	1.6746004843711852	bos_eos
seed_43	5_2_anc_ext_A_marker	28_5_2_anc_ext_A_marker	fig:heatmap-28-anc-ext-a-marker	5.2 ANC external A marker	63_svo_ng_er_d_no	svo	ng	erg-abs	deranking	nomn	vos	VS	VPA	100	1.0	0	0.0	2.031159098148346	bos_eos
seed_43	5_2_anc_ext_A_marker	28_5_2_anc_ext_A_marker	fig:heatmap-28-anc-ext-a-marker	5.2 ANC external A marker	64_vos_gn_ac_b_se	vos	gn	nom-acc	balancing	sent	vos	VS	VPA	100	0.26	0	0.0	-0.14344435214996337	bos_eos
seed_43	5_2_anc_ext_A_marker	28_5_2_anc_ext_A_marker	fig:heatmap-28-anc-ext-a-marker	5.2 ANC external A marker	65_vos_gn_ac_b_pa	vos	gn	nom-acc	balancing	poss-acc	svo	SV	AVP	100	0.53	0	0.0	0.06884613275527954	bos_eos
seed_43	5_2_anc_ext_A_marker	28_5_2_anc_ext_A_marker	fig:heatmap-28-anc-ext-a-marker	5.2 ANC external A marker	66_vos_gn_ac_b_ep	vos	gn	nom-acc	balancing	erg-poss	sov	SV	PVA	100	0.78	0	0.0	0.6221226716041565	bos_eos
seed_43	5_2_anc_ext_A_marker	28_5_2_anc_ext_A_marker	fig:heatmap-28-anc-ext-a-marker	5.2 ANC external A marker	67_vos_gn_ac_b_no	vos	gn	nom-acc	balancing	nomn	svo	SV	AVP	100	0.62	0	0.0	0.45401888132095336	bos_eos
seed_43	5_2_anc_ext_A_marker	28_5_2_anc_ext_A_marker	fig:heatmap-28-anc-ext-a-marker	5.2 ANC external A marker	68_vos_gn_ac_d_se	vos	gn	nom-acc	deranking	sent	vos	VS	VPA	100	0.39	0	0.0	0.0561163067817688	bos_eos
seed_43	5_2_anc_ext_A_marker	28_5_2_anc_ext_A_marker	fig:heatmap-28-anc-ext-a-marker	5.2 ANC external A marker	69_vos_gn_ac_d_pa	vos	gn	nom-acc	deranking	poss-acc	svo	SV	AVP	100	0.62	0	0.0	0.25636823415756227	bos_eos
seed_43	5_2_anc_ext_A_marker	28_5_2_anc_ext_A_marker	fig:heatmap-28-anc-ext-a-marker	5.2 ANC external A marker	70_vos_gn_ac_d_ep	vos	gn	nom-acc	deranking	erg-poss	sov	SV	PVA	100	0.79	0	0.0	0.6694638681411743	bos_eos
seed_43	5_2_anc_ext_A_marker	28_5_2_anc_ext_A_marker	fig:heatmap-28-anc-ext-a-marker	5.2 ANC external A marker	71_vos_gn_ac_d_no	vos	gn	nom-acc	deranking	nomn	svo	SV	AVP	100	0.74	0	0.0	0.4924139904975891	bos_eos
seed_43	5_2_anc_ext_A_marker	28_5_2_anc_ext_A_marker	fig:heatmap-28-anc-ext-a-marker	5.2 ANC external A marker	72_vos_gn_er_b_se	vos	gn	erg-abs	balancing	sent	vos	VS	VPA	100	0.95	0	0.0	1.1912283492088318	bos_eos
seed_43	5_2_anc_ext_A_marker	28_5_2_anc_ext_A_marker	fig:heatmap-28-anc-ext-a-marker	5.2 ANC external A marker	73_vos_gn_er_b_pa	vos	gn	erg-abs	balancing	poss-acc	svo	SV	AVP	100	0.92	0	0.0	1.1778863716125487	bos_eos
seed_43	5_2_anc_ext_A_marker	28_5_2_anc_ext_A_marker	fig:heatmap-28-anc-ext-a-marker	5.2 ANC external A marker	74_vos_gn_er_b_ep	vos	gn	erg-abs	balancing	erg-poss	sov	SV	PVA	100	0.94	0	0.0	1.2607380366325378	bos_eos
seed_43	5_2_anc_ext_A_marker	28_5_2_anc_ext_A_marker	fig:heatmap-28-anc-ext-a-marker	5.2 ANC external A marker	75_vos_gn_er_b_no	vos	gn	erg-abs	balancing	nomn	svo	SV	AVP	100	0.95	0	0.0	1.3012461590766906	bos_eos
seed_43	5_2_anc_ext_A_marker	28_5_2_anc_ext_A_marker	fig:heatmap-28-anc-ext-a-marker	5.2 ANC external A marker	76_vos_gn_er_d_se	vos	gn	erg-abs	deranking	sent	vos	VS	VPA	100	0.99	0	0.0	1.2260885310173035	bos_eos
seed_43	5_2_anc_ext_A_marker	28_5_2_anc_ext_A_marker	fig:heatmap-28-anc-ext-a-marker	5.2 ANC external A marker	77_vos_gn_er_d_pa	vos	gn	erg-abs	deranking	poss-acc	svo	SV	AVP	100	1.0	0	0.0	1.314246003627777	bos_eos
seed_43	5_2_anc_ext_A_marker	28_5_2_anc_ext_A_marker	fig:heatmap-28-anc-ext-a-marker	5.2 ANC external A marker	78_vos_gn_er_d_ep	vos	gn	erg-abs	deranking	erg-poss	sov	SV	PVA	100	0.96	0	0.0	1.4274164319038392	bos_eos
seed_43	5_2_anc_ext_A_marker	28_5_2_anc_ext_A_marker	fig:heatmap-28-anc-ext-a-marker	5.2 ANC external A marker	79_vos_gn_er_d_no	vos	gn	erg-abs	deranking	nomn	svo	SV	AVP	100	0.97	0	0.0	1.2239400029182435	bos_eos
seed_43	5_2_anc_ext_A_marker	28_5_2_anc_ext_A_marker	fig:heatmap-28-anc-ext-a-marker	5.2 ANC external A marker	80_vos_ng_ac_b_se	vos	ng	nom-acc	balancing	sent	vos	VS	VPA	100	0.28	0	0.0	-0.24207788228988647	bos_eos
seed_43	5_2_anc_ext_A_marker	28_5_2_anc_ext_A_marker	fig:heatmap-28-anc-ext-a-marker	5.2 ANC external A marker	81_vos_ng_ac_b_pa	vos	ng	nom-acc	balancing	poss-acc	vos	VS	VPA	100	0.25	0	0.0	-0.18447572708129883	bos_eos
seed_43	5_2_anc_ext_A_marker	28_5_2_anc_ext_A_marker	fig:heatmap-28-anc-ext-a-marker	5.2 ANC external A marker	82_vos_ng_ac_b_ep	vos	ng	nom-acc	balancing	erg-poss	vos	VS	VPA	100	0.52	0	0.0	0.13144638538360595	bos_eos
seed_43	5_2_anc_ext_A_marker	28_5_2_anc_ext_A_marker	fig:heatmap-28-anc-ext-a-marker	5.2 ANC external A marker	83_vos_ng_ac_b_no	vos	ng	nom-acc	balancing	nomn	vos	VS	VPA	100	0.52	0	0.0	0.1353786087036133	bos_eos
seed_43	5_2_anc_ext_A_marker	28_5_2_anc_ext_A_marker	fig:heatmap-28-anc-ext-a-marker	5.2 ANC external A marker	84_vos_ng_ac_d_se	vos	ng	nom-acc	deranking	sent	vos	VS	VPA	100	0.47	0	0.0	0.0010299563407897949	bos_eos
seed_43	5_2_anc_ext_A_marker	28_5_2_anc_ext_A_marker	fig:heatmap-28-anc-ext-a-marker	5.2 ANC external A marker	85_vos_ng_ac_d_pa	vos	ng	nom-acc	deranking	poss-acc	vos	VS	VPA	100	0.49	0	0.0	0.03439739942550659	bos_eos
seed_43	5_2_anc_ext_A_marker	28_5_2_anc_ext_A_marker	fig:heatmap-28-anc-ext-a-marker	5.2 ANC external A marker	86_vos_ng_ac_d_ep	vos	ng	nom-acc	deranking	erg-poss	vos	VS	VPA	100	0.6	0	0.0	0.25100728750228885	bos_eos
seed_43	5_2_anc_ext_A_marker	28_5_2_anc_ext_A_marker	fig:heatmap-28-anc-ext-a-marker	5.2 ANC external A marker	87_vos_ng_ac_d_no	vos	ng	nom-acc	deranking	nomn	vos	VS	VPA	100	0.77	0	0.0	0.40625102758407594	bos_eos
seed_43	5_2_anc_ext_A_marker	28_5_2_anc_ext_A_marker	fig:heatmap-28-anc-ext-a-marker	5.2 ANC external A marker	88_vos_ng_er_b_se	vos	ng	erg-abs	balancing	sent	vos	VS	VPA	100	0.99	0	0.0	1.2705885553359986	bos_eos
seed_43	5_2_anc_ext_A_marker	28_5_2_anc_ext_A_marker	fig:heatmap-28-anc-ext-a-marker	5.2 ANC external A marker	89_vos_ng_er_b_pa	vos	ng	erg-abs	balancing	poss-acc	vos	VS	VPA	100	1.0	0	0.0	1.2285642623901367	bos_eos
seed_43	5_2_anc_ext_A_marker	28_5_2_anc_ext_A_marker	fig:heatmap-28-anc-ext-a-marker	5.2 ANC external A marker	90_vos_ng_er_b_ep	vos	ng	erg-abs	balancing	erg-poss	vos	VS	VPA	100	1.0	0	0.0	1.312722156047821	bos_eos
seed_43	5_2_anc_ext_A_marker	28_5_2_anc_ext_A_marker	fig:heatmap-28-anc-ext-a-marker	5.2 ANC external A marker	91_vos_ng_er_b_no	vos	ng	erg-abs	balancing	nomn	vos	VS	VPA	100	1.0	0	0.0	1.365313937664032	bos_eos
seed_43	5_2_anc_ext_A_marker	28_5_2_anc_ext_A_marker	fig:heatmap-28-anc-ext-a-marker	5.2 ANC external A marker	92_vos_ng_er_d_se	vos	ng	erg-abs	deranking	sent	vos	VS	VPA	100	0.99	0	0.0	1.2794789910316466	bos_eos
seed_43	5_2_anc_ext_A_marker	28_5_2_anc_ext_A_marker	fig:heatmap-28-anc-ext-a-marker	5.2 ANC external A marker	93_vos_ng_er_d_pa	vos	ng	erg-abs	deranking	poss-acc	vos	VS	VPA	100	1.0	0	0.0	1.3649030089378358	bos_eos
seed_43	5_2_anc_ext_A_marker	28_5_2_anc_ext_A_marker	fig:heatmap-28-anc-ext-a-marker	5.2 ANC external A marker	94_vos_ng_er_d_ep	vos	ng	erg-abs	deranking	erg-poss	vos	VS	VPA	100	1.0	0	0.0	1.2801325798034668	bos_eos
seed_43	5_2_anc_ext_A_marker	28_5_2_anc_ext_A_marker	fig:heatmap-28-anc-ext-a-marker	5.2 ANC external A marker	95_vos_ng_er_d_no	vos	ng	erg-abs	deranking	nomn	vos	VS	VPA	100	1.0	0	0.0	1.5204202032089233	bos_eos
seed_43	5_3_anc_ext_P_marker	29_5_3_anc_ext_P_marker	fig:heatmap-29-anc-ext-p-marker	5.3 ANC external P marker	00_sov_gn_ac_b_se	sov	gn	nom-acc	balancing	sent	sov	SV	APV	100	1.0	0	0.0	1.6786777138710023	bos_eos
seed_43	5_3_anc_ext_P_marker	29_5_3_anc_ext_P_marker	fig:heatmap-29-anc-ext-p-marker	5.3 ANC external P marker	01_sov_gn_ac_b_pa	sov	gn	nom-acc	balancing	poss-acc	sov	SV	APV	100	1.0	0	0.0	1.4260314226150512	bos_eos
seed_43	5_3_anc_ext_P_marker	29_5_3_anc_ext_P_marker	fig:heatmap-29-anc-ext-p-marker	5.3 ANC external P marker	02_sov_gn_ac_b_ep	sov	gn	nom-acc	balancing	erg-poss	sov	SV	APV	100	1.0	0	0.0	1.4140760898590088	bos_eos
seed_43	5_3_anc_ext_P_marker	29_5_3_anc_ext_P_marker	fig:heatmap-29-anc-ext-p-marker	5.3 ANC external P marker	03_sov_gn_ac_b_no	sov	gn	nom-acc	balancing	nomn	sov	SV	APV	100	1.0	0	0.0	1.4683910727500915	bos_eos
seed_43	5_3_anc_ext_P_marker	29_5_3_anc_ext_P_marker	fig:heatmap-29-anc-ext-p-marker	5.3 ANC external P marker	04_sov_gn_ac_d_se	sov	gn	nom-acc	deranking	sent	sov	SV	APV	100	0.99	0	0.0	1.1782501888275148	bos_eos
seed_43	5_3_anc_ext_P_marker	29_5_3_anc_ext_P_marker	fig:heatmap-29-anc-ext-p-marker	5.3 ANC external P marker	05_sov_gn_ac_d_pa	sov	gn	nom-acc	deranking	poss-acc	sov	SV	APV	100	0.99	0	0.0	1.2047260451316832	bos_eos
seed_43	5_3_anc_ext_P_marker	29_5_3_anc_ext_P_marker	fig:heatmap-29-anc-ext-p-marker	5.3 ANC external P marker	06_sov_gn_ac_d_ep	sov	gn	nom-acc	deranking	erg-poss	sov	SV	APV	100	1.0	0	0.0	1.2047884106636046	bos_eos
seed_43	5_3_anc_ext_P_marker	29_5_3_anc_ext_P_marker	fig:heatmap-29-anc-ext-p-marker	5.3 ANC external P marker	07_sov_gn_ac_d_no	sov	gn	nom-acc	deranking	nomn	sov	SV	APV	100	1.0	0	0.0	1.488715500831604	bos_eos
seed_43	5_3_anc_ext_P_marker	29_5_3_anc_ext_P_marker	fig:heatmap-29-anc-ext-p-marker	5.3 ANC external P marker	08_sov_gn_er_b_se	sov	gn	erg-abs	balancing	sent	sov	SV	APV	100	0.96	0	0.0	0.4061030697822571	bos_eos
seed_43	5_3_anc_ext_P_marker	29_5_3_anc_ext_P_marker	fig:heatmap-29-anc-ext-p-marker	5.3 ANC external P marker	09_sov_gn_er_b_pa	sov	gn	erg-abs	balancing	poss-acc	sov	SV	APV	100	0.91	0	0.0	0.3649663734436035	bos_eos
seed_43	5_3_anc_ext_P_marker	29_5_3_anc_ext_P_marker	fig:heatmap-29-anc-ext-p-marker	5.3 ANC external P marker	10_sov_gn_er_b_ep	sov	gn	erg-abs	balancing	erg-poss	sov	SV	APV	100	0.91	0	0.0	0.36834207773208616	bos_eos
seed_43	5_3_anc_ext_P_marker	29_5_3_anc_ext_P_marker	fig:heatmap-29-anc-ext-p-marker	5.3 ANC external P marker	11_sov_gn_er_b_no	sov	gn	erg-abs	balancing	nomn	sov	SV	APV	100	0.93	0	0.0	0.40879560708999635	bos_eos
seed_43	5_3_anc_ext_P_marker	29_5_3_anc_ext_P_marker	fig:heatmap-29-anc-ext-p-marker	5.3 ANC external P marker	12_sov_gn_er_d_se	sov	gn	erg-abs	deranking	sent	sov	SV	APV	100	0.99	0	0.0	0.6184739255905152	bos_eos
seed_43	5_3_anc_ext_P_marker	29_5_3_anc_ext_P_marker	fig:heatmap-29-anc-ext-p-marker	5.3 ANC external P marker	13_sov_gn_er_d_pa	sov	gn	erg-abs	deranking	poss-acc	sov	SV	APV	100	0.98	0	0.0	0.4564480757713318	bos_eos
seed_43	5_3_anc_ext_P_marker	29_5_3_anc_ext_P_marker	fig:heatmap-29-anc-ext-p-marker	5.3 ANC external P marker	14_sov_gn_er_d_ep	sov	gn	erg-abs	deranking	erg-poss	sov	SV	APV	100	0.98	0	0.0	0.36948720932006834	bos_eos
seed_43	5_3_anc_ext_P_marker	29_5_3_anc_ext_P_marker	fig:heatmap-29-anc-ext-p-marker	5.3 ANC external P marker	15_sov_gn_er_d_no	sov	gn	erg-abs	deranking	nomn	sov	SV	APV	100	0.96	0	0.0	0.4717996597290039	bos_eos
seed_43	5_3_anc_ext_P_marker	29_5_3_anc_ext_P_marker	fig:heatmap-29-anc-ext-p-marker	5.3 ANC external P marker	16_sov_ng_ac_b_se	sov	ng	nom-acc	balancing	sent	sov	SV	APV	100	0.94	0	0.0	1.2733059978485108	bos_eos
seed_43	5_3_anc_ext_P_marker	29_5_3_anc_ext_P_marker	fig:heatmap-29-anc-ext-p-marker	5.3 ANC external P marker	17_sov_ng_ac_b_pa	sov	ng	nom-acc	balancing	poss-acc	ovs	VS	PVA	100	0.94	0	0.0	1.1908377599716187	bos_eos
seed_43	5_3_anc_ext_P_marker	29_5_3_anc_ext_P_marker	fig:heatmap-29-anc-ext-p-marker	5.3 ANC external P marker	18_sov_ng_ac_b_ep	sov	ng	nom-acc	balancing	erg-poss	vos	VS	AVP	100	1.0	0	0.0	1.3684353923797608	bos_eos
seed_43	5_3_anc_ext_P_marker	29_5_3_anc_ext_P_marker	fig:heatmap-29-anc-ext-p-marker	5.3 ANC external P marker	19_sov_ng_ac_b_no	sov	ng	nom-acc	balancing	nomn	ovs	VS	PVA	100	1.0	0	0.0	1.2551379227638244	bos_eos
seed_43	5_3_anc_ext_P_marker	29_5_3_anc_ext_P_marker	fig:heatmap-29-anc-ext-p-marker	5.3 ANC external P marker	20_sov_ng_ac_d_se	sov	ng	nom-acc	deranking	sent	sov	SV	APV	100	0.97	0	0.0	0.8909012794494628	bos_eos
seed_43	5_3_anc_ext_P_marker	29_5_3_anc_ext_P_marker	fig:heatmap-29-anc-ext-p-marker	5.3 ANC external P marker	21_sov_ng_ac_d_pa	sov	ng	nom-acc	deranking	poss-acc	ovs	VS	PVA	100	1.0	0	0.0	1.059353964328766	bos_eos
seed_43	5_3_anc_ext_P_marker	29_5_3_anc_ext_P_marker	fig:heatmap-29-anc-ext-p-marker	5.3 ANC external P marker	22_sov_ng_ac_d_ep	sov	ng	nom-acc	deranking	erg-poss	vos	VS	AVP	100	1.0	0	0.0	1.1398345565795898	bos_eos
seed_43	5_3_anc_ext_P_marker	29_5_3_anc_ext_P_marker	fig:heatmap-29-anc-ext-p-marker	5.3 ANC external P marker	23_sov_ng_ac_d_no	sov	ng	nom-acc	deranking	nomn	ovs	VS	PVA	100	1.0	0	0.0	1.1908062434196471	bos_eos
seed_43	5_3_anc_ext_P_marker	29_5_3_anc_ext_P_marker	fig:heatmap-29-anc-ext-p-marker	5.3 ANC external P marker	24_sov_ng_er_b_se	sov	ng	erg-abs	balancing	sent	sov	SV	APV	100	0.71	0	0.0	0.08708930015563965	bos_eos
seed_43	5_3_anc_ext_P_marker	29_5_3_anc_ext_P_marker	fig:heatmap-29-anc-ext-p-marker	5.3 ANC external P marker	25_sov_ng_er_b_pa	sov	ng	erg-abs	balancing	poss-acc	ovs	VS	PVA	100	0.44	0	0.0	-0.059794530868530274	bos_eos
seed_43	5_3_anc_ext_P_marker	29_5_3_anc_ext_P_marker	fig:heatmap-29-anc-ext-p-marker	5.3 ANC external P marker	26_sov_ng_er_b_ep	sov	ng	erg-abs	balancing	erg-poss	vos	VS	AVP	100	0.35	0	0.0	-0.06508083581924438	bos_eos
seed_43	5_3_anc_ext_P_marker	29_5_3_anc_ext_P_marker	fig:heatmap-29-anc-ext-p-marker	5.3 ANC external P marker	27_sov_ng_er_b_no	sov	ng	erg-abs	balancing	nomn	ovs	VS	PVA	100	0.59	0	0.0	0.09455869436264037	bos_eos
seed_43	5_3_anc_ext_P_marker	29_5_3_anc_ext_P_marker	fig:heatmap-29-anc-ext-p-marker	5.3 ANC external P marker	28_sov_ng_er_d_se	sov	ng	erg-abs	deranking	sent	sov	SV	APV	100	0.85	0	0.0	0.25327715158462527	bos_eos
seed_43	5_3_anc_ext_P_marker	29_5_3_anc_ext_P_marker	fig:heatmap-29-anc-ext-p-marker	5.3 ANC external P marker	29_sov_ng_er_d_pa	sov	ng	erg-abs	deranking	poss-acc	ovs	VS	PVA	100	0.57	0	0.0	0.0307100510597229	bos_eos
seed_43	5_3_anc_ext_P_marker	29_5_3_anc_ext_P_marker	fig:heatmap-29-anc-ext-p-marker	5.3 ANC external P marker	30_sov_ng_er_d_ep	sov	ng	erg-abs	deranking	erg-poss	vos	VS	AVP	100	0.29	0	0.0	-0.07800255060195922	bos_eos
seed_43	5_3_anc_ext_P_marker	29_5_3_anc_ext_P_marker	fig:heatmap-29-anc-ext-p-marker	5.3 ANC external P marker	31_sov_ng_er_d_no	sov	ng	erg-abs	deranking	nomn	ovs	VS	PVA	100	0.51	0	0.0	0.028252794742584228	bos_eos
seed_43	5_3_anc_ext_P_marker	29_5_3_anc_ext_P_marker	fig:heatmap-29-anc-ext-p-marker	5.3 ANC external P marker	32_svo_gn_ac_b_se	svo	gn	nom-acc	balancing	sent	svo	SV	AVP	100	0.97	0	0.0	1.8994001841545105	bos_eos
seed_43	5_3_anc_ext_P_marker	29_5_3_anc_ext_P_marker	fig:heatmap-29-anc-ext-p-marker	5.3 ANC external P marker	33_svo_gn_ac_b_pa	svo	gn	nom-acc	balancing	poss-acc	svo	SV	AVP	100	0.96	0	0.0	1.893690390586853	bos_eos
seed_43	5_3_anc_ext_P_marker	29_5_3_anc_ext_P_marker	fig:heatmap-29-anc-ext-p-marker	5.3 ANC external P marker	34_svo_gn_ac_b_ep	svo	gn	nom-acc	balancing	erg-poss	sov	SV	PVA	100	0.96	0	0.0	2.0790024614334106	bos_eos
seed_43	5_3_anc_ext_P_marker	29_5_3_anc_ext_P_marker	fig:heatmap-29-anc-ext-p-marker	5.3 ANC external P marker	35_svo_gn_ac_b_no	svo	gn	nom-acc	balancing	nomn	svo	SV	AVP	100	1.0	0	0.0	1.979859206676483	bos_eos
seed_43	5_3_anc_ext_P_marker	29_5_3_anc_ext_P_marker	fig:heatmap-29-anc-ext-p-marker	5.3 ANC external P marker	36_svo_gn_ac_d_se	svo	gn	nom-acc	deranking	sent	svo	SV	AVP	100	0.94	0	0.0	1.3657081508636475	bos_eos
seed_43	5_3_anc_ext_P_marker	29_5_3_anc_ext_P_marker	fig:heatmap-29-anc-ext-p-marker	5.3 ANC external P marker	37_svo_gn_ac_d_pa	svo	gn	nom-acc	deranking	poss-acc	svo	SV	AVP	100	0.99	0	0.0	1.3984062433242799	bos_eos
seed_43	5_3_anc_ext_P_marker	29_5_3_anc_ext_P_marker	fig:heatmap-29-anc-ext-p-marker	5.3 ANC external P marker	38_svo_gn_ac_d_ep	svo	gn	nom-acc	deranking	erg-poss	sov	SV	PVA	100	0.98	0	0.0	1.7031581711769104	bos_eos
seed_43	5_3_anc_ext_P_marker	29_5_3_anc_ext_P_marker	fig:heatmap-29-anc-ext-p-marker	5.3 ANC external P marker	39_svo_gn_ac_d_no	svo	gn	nom-acc	deranking	nomn	svo	SV	AVP	100	1.0	0	0.0	1.7545772624015807	bos_eos
seed_43	5_3_anc_ext_P_marker	29_5_3_anc_ext_P_marker	fig:heatmap-29-anc-ext-p-marker	5.3 ANC external P marker	40_svo_gn_er_b_se	svo	gn	erg-abs	balancing	sent	svo	SV	AVP	100	0.8	0	0.0	0.4451624464988708	bos_eos
seed_43	5_3_anc_ext_P_marker	29_5_3_anc_ext_P_marker	fig:heatmap-29-anc-ext-p-marker	5.3 ANC external P marker	41_svo_gn_er_b_pa	svo	gn	erg-abs	balancing	poss-acc	svo	SV	AVP	100	0.79	0	0.0	0.4332911515235901	bos_eos
seed_43	5_3_anc_ext_P_marker	29_5_3_anc_ext_P_marker	fig:heatmap-29-anc-ext-p-marker	5.3 ANC external P marker	42_svo_gn_er_b_ep	svo	gn	erg-abs	balancing	erg-poss	sov	SV	PVA	100	0.86	0	0.0	0.6249240446090698	bos_eos
seed_43	5_3_anc_ext_P_marker	29_5_3_anc_ext_P_marker	fig:heatmap-29-anc-ext-p-marker	5.3 ANC external P marker	43_svo_gn_er_b_no	svo	gn	erg-abs	balancing	nomn	svo	SV	AVP	100	0.9	0	0.0	0.5414465951919556	bos_eos
seed_43	5_3_anc_ext_P_marker	29_5_3_anc_ext_P_marker	fig:heatmap-29-anc-ext-p-marker	5.3 ANC external P marker	44_svo_gn_er_d_se	svo	gn	erg-abs	deranking	sent	svo	SV	AVP	100	0.87	0	0.0	0.7219377303123474	bos_eos
seed_43	5_3_anc_ext_P_marker	29_5_3_anc_ext_P_marker	fig:heatmap-29-anc-ext-p-marker	5.3 ANC external P marker	45_svo_gn_er_d_pa	svo	gn	erg-abs	deranking	poss-acc	svo	SV	AVP	100	0.79	0	0.0	0.5495000505447387	bos_eos
seed_43	5_3_anc_ext_P_marker	29_5_3_anc_ext_P_marker	fig:heatmap-29-anc-ext-p-marker	5.3 ANC external P marker	46_svo_gn_er_d_ep	svo	gn	erg-abs	deranking	erg-poss	sov	SV	PVA	100	0.86	0	0.0	0.5376303339004517	bos_eos
seed_43	5_3_anc_ext_P_marker	29_5_3_anc_ext_P_marker	fig:heatmap-29-anc-ext-p-marker	5.3 ANC external P marker	47_svo_gn_er_d_no	svo	gn	erg-abs	deranking	nomn	svo	SV	AVP	100	0.86	0	0.0	0.5796861243247986	bos_eos
seed_43	5_3_anc_ext_P_marker	29_5_3_anc_ext_P_marker	fig:heatmap-29-anc-ext-p-marker	5.3 ANC external P marker	48_svo_ng_ac_b_se	svo	ng	nom-acc	balancing	sent	svo	SV	AVP	100	1.0	0	0.0	1.9739858531951904	bos_eos
seed_43	5_3_anc_ext_P_marker	29_5_3_anc_ext_P_marker	fig:heatmap-29-anc-ext-p-marker	5.3 ANC external P marker	49_svo_ng_ac_b_pa	svo	ng	nom-acc	balancing	poss-acc	vos	VS	VPA	100	1.0	0	0.0	1.8501826858520507	bos_eos
seed_43	5_3_anc_ext_P_marker	29_5_3_anc_ext_P_marker	fig:heatmap-29-anc-ext-p-marker	5.3 ANC external P marker	50_svo_ng_ac_b_ep	svo	ng	nom-acc	balancing	erg-poss	vos	VS	VPA	100	1.0	0	0.0	2.04991770029068	bos_eos
seed_43	5_3_anc_ext_P_marker	29_5_3_anc_ext_P_marker	fig:heatmap-29-anc-ext-p-marker	5.3 ANC external P marker	51_svo_ng_ac_b_no	svo	ng	nom-acc	balancing	nomn	vos	VS	VPA	100	1.0	0	0.0	2.112799127101898	bos_eos
seed_43	5_3_anc_ext_P_marker	29_5_3_anc_ext_P_marker	fig:heatmap-29-anc-ext-p-marker	5.3 ANC external P marker	52_svo_ng_ac_d_se	svo	ng	nom-acc	deranking	sent	svo	SV	AVP	100	0.93	0	0.0	1.2162705063819885	bos_eos
seed_43	5_3_anc_ext_P_marker	29_5_3_anc_ext_P_marker	fig:heatmap-29-anc-ext-p-marker	5.3 ANC external P marker	53_svo_ng_ac_d_pa	svo	ng	nom-acc	deranking	poss-acc	vos	VS	VPA	100	1.0	0	0.0	1.6808522248268127	bos_eos
seed_43	5_3_anc_ext_P_marker	29_5_3_anc_ext_P_marker	fig:heatmap-29-anc-ext-p-marker	5.3 ANC external P marker	54_svo_ng_ac_d_ep	svo	ng	nom-acc	deranking	erg-poss	vos	VS	VPA	100	1.0	0	0.0	1.8823687767982482	bos_eos
seed_43	5_3_anc_ext_P_marker	29_5_3_anc_ext_P_marker	fig:heatmap-29-anc-ext-p-marker	5.3 ANC external P marker	55_svo_ng_ac_d_no	svo	ng	nom-acc	deranking	nomn	vos	VS	VPA	100	1.0	0	0.0	1.8514432096481324	bos_eos
seed_43	5_3_anc_ext_P_marker	29_5_3_anc_ext_P_marker	fig:heatmap-29-anc-ext-p-marker	5.3 ANC external P marker	56_svo_ng_er_b_se	svo	ng	erg-abs	balancing	sent	svo	SV	AVP	100	0.84	0	0.0	0.35128390550613403	bos_eos
seed_43	5_3_anc_ext_P_marker	29_5_3_anc_ext_P_marker	fig:heatmap-29-anc-ext-p-marker	5.3 ANC external P marker	57_svo_ng_er_b_pa	svo	ng	erg-abs	balancing	poss-acc	vos	VS	VPA	100	0.86	0	0.0	0.32597520112991335	bos_eos
seed_43	5_3_anc_ext_P_marker	29_5_3_anc_ext_P_marker	fig:heatmap-29-anc-ext-p-marker	5.3 ANC external P marker	58_svo_ng_er_b_ep	svo	ng	erg-abs	balancing	erg-poss	vos	VS	VPA	100	0.88	0	0.0	0.30940783977508546	bos_eos
seed_43	5_3_anc_ext_P_marker	29_5_3_anc_ext_P_marker	fig:heatmap-29-anc-ext-p-marker	5.3 ANC external P marker	59_svo_ng_er_b_no	svo	ng	erg-abs	balancing	nomn	vos	VS	VPA	100	0.95	0	0.0	0.4491370129585266	bos_eos
seed_43	5_3_anc_ext_P_marker	29_5_3_anc_ext_P_marker	fig:heatmap-29-anc-ext-p-marker	5.3 ANC external P marker	60_svo_ng_er_d_se	svo	ng	erg-abs	deranking	sent	svo	SV	AVP	100	0.9	0	0.0	0.4790435123443604	bos_eos
seed_43	5_3_anc_ext_P_marker	29_5_3_anc_ext_P_marker	fig:heatmap-29-anc-ext-p-marker	5.3 ANC external P marker	61_svo_ng_er_d_pa	svo	ng	erg-abs	deranking	poss-acc	vos	VS	VPA	100	0.84	0	0.0	0.3424831223487854	bos_eos
seed_43	5_3_anc_ext_P_marker	29_5_3_anc_ext_P_marker	fig:heatmap-29-anc-ext-p-marker	5.3 ANC external P marker	62_svo_ng_er_d_ep	svo	ng	erg-abs	deranking	erg-poss	vos	VS	VPA	100	0.74	0	0.0	0.1791427779197693	bos_eos
seed_43	5_3_anc_ext_P_marker	29_5_3_anc_ext_P_marker	fig:heatmap-29-anc-ext-p-marker	5.3 ANC external P marker	63_svo_ng_er_d_no	svo	ng	erg-abs	deranking	nomn	vos	VS	VPA	100	0.93	0	0.0	0.3617394852638245	bos_eos
seed_43	5_3_anc_ext_P_marker	29_5_3_anc_ext_P_marker	fig:heatmap-29-anc-ext-p-marker	5.3 ANC external P marker	64_vos_gn_ac_b_se	vos	gn	nom-acc	balancing	sent	vos	VS	VPA	100	0.94	0	0.0	1.1913149380683898	bos_eos
seed_43	5_3_anc_ext_P_marker	29_5_3_anc_ext_P_marker	fig:heatmap-29-anc-ext-p-marker	5.3 ANC external P marker	65_vos_gn_ac_b_pa	vos	gn	nom-acc	balancing	poss-acc	svo	SV	AVP	100	0.95	0	0.0	1.094513761997223	bos_eos
seed_43	5_3_anc_ext_P_marker	29_5_3_anc_ext_P_marker	fig:heatmap-29-anc-ext-p-marker	5.3 ANC external P marker	66_vos_gn_ac_b_ep	vos	gn	nom-acc	balancing	erg-poss	sov	SV	PVA	100	1.0	0	0.0	1.297350859642029	bos_eos
seed_43	5_3_anc_ext_P_marker	29_5_3_anc_ext_P_marker	fig:heatmap-29-anc-ext-p-marker	5.3 ANC external P marker	67_vos_gn_ac_b_no	vos	gn	nom-acc	balancing	nomn	svo	SV	AVP	100	1.0	0	0.0	1.3636925935745239	bos_eos
seed_43	5_3_anc_ext_P_marker	29_5_3_anc_ext_P_marker	fig:heatmap-29-anc-ext-p-marker	5.3 ANC external P marker	68_vos_gn_ac_d_se	vos	gn	nom-acc	deranking	sent	vos	VS	VPA	100	0.96	0	0.0	0.7406009364128113	bos_eos
seed_43	5_3_anc_ext_P_marker	29_5_3_anc_ext_P_marker	fig:heatmap-29-anc-ext-p-marker	5.3 ANC external P marker	69_vos_gn_ac_d_pa	vos	gn	nom-acc	deranking	poss-acc	svo	SV	AVP	100	0.98	0	0.0	0.9047061324119567	bos_eos
seed_43	5_3_anc_ext_P_marker	29_5_3_anc_ext_P_marker	fig:heatmap-29-anc-ext-p-marker	5.3 ANC external P marker	70_vos_gn_ac_d_ep	vos	gn	nom-acc	deranking	erg-poss	sov	SV	PVA	100	1.0	0	0.0	1.1242534375190736	bos_eos
seed_43	5_3_anc_ext_P_marker	29_5_3_anc_ext_P_marker	fig:heatmap-29-anc-ext-p-marker	5.3 ANC external P marker	71_vos_gn_ac_d_no	vos	gn	nom-acc	deranking	nomn	svo	SV	AVP	100	1.0	0	0.0	1.2028937578201293	bos_eos
seed_43	5_3_anc_ext_P_marker	29_5_3_anc_ext_P_marker	fig:heatmap-29-anc-ext-p-marker	5.3 ANC external P marker	72_vos_gn_er_b_se	vos	gn	erg-abs	balancing	sent	vos	VS	VPA	100	0.77	0	0.0	0.26786420345306394	bos_eos
seed_43	5_3_anc_ext_P_marker	29_5_3_anc_ext_P_marker	fig:heatmap-29-anc-ext-p-marker	5.3 ANC external P marker	73_vos_gn_er_b_pa	vos	gn	erg-abs	balancing	poss-acc	svo	SV	AVP	100	0.74	0	0.0	0.3467168569564819	bos_eos
seed_43	5_3_anc_ext_P_marker	29_5_3_anc_ext_P_marker	fig:heatmap-29-anc-ext-p-marker	5.3 ANC external P marker	74_vos_gn_er_b_ep	vos	gn	erg-abs	balancing	erg-poss	sov	SV	PVA	100	0.93	0	0.0	0.5500998878479004	bos_eos
seed_43	5_3_anc_ext_P_marker	29_5_3_anc_ext_P_marker	fig:heatmap-29-anc-ext-p-marker	5.3 ANC external P marker	75_vos_gn_er_b_no	vos	gn	erg-abs	balancing	nomn	svo	SV	AVP	100	0.9	0	0.0	0.4105234169960022	bos_eos
seed_43	5_3_anc_ext_P_marker	29_5_3_anc_ext_P_marker	fig:heatmap-29-anc-ext-p-marker	5.3 ANC external P marker	76_vos_gn_er_d_se	vos	gn	erg-abs	deranking	sent	vos	VS	VPA	100	0.94	0	0.0	0.467988600730896	bos_eos
seed_43	5_3_anc_ext_P_marker	29_5_3_anc_ext_P_marker	fig:heatmap-29-anc-ext-p-marker	5.3 ANC external P marker	77_vos_gn_er_d_pa	vos	gn	erg-abs	deranking	poss-acc	svo	SV	AVP	100	0.89	0	0.0	0.33582014083862305	bos_eos
seed_43	5_3_anc_ext_P_marker	29_5_3_anc_ext_P_marker	fig:heatmap-29-anc-ext-p-marker	5.3 ANC external P marker	78_vos_gn_er_d_ep	vos	gn	erg-abs	deranking	erg-poss	sov	SV	PVA	100	0.86	0	0.0	0.39155637741088867	bos_eos
seed_43	5_3_anc_ext_P_marker	29_5_3_anc_ext_P_marker	fig:heatmap-29-anc-ext-p-marker	5.3 ANC external P marker	79_vos_gn_er_d_no	vos	gn	erg-abs	deranking	nomn	svo	SV	AVP	100	0.97	0	0.0	0.4500501418113709	bos_eos
seed_43	5_3_anc_ext_P_marker	29_5_3_anc_ext_P_marker	fig:heatmap-29-anc-ext-p-marker	5.3 ANC external P marker	80_vos_ng_ac_b_se	vos	ng	nom-acc	balancing	sent	vos	VS	VPA	100	1.0	0	0.0	1.407553915977478	bos_eos
seed_43	5_3_anc_ext_P_marker	29_5_3_anc_ext_P_marker	fig:heatmap-29-anc-ext-p-marker	5.3 ANC external P marker	81_vos_ng_ac_b_pa	vos	ng	nom-acc	balancing	poss-acc	vos	VS	VPA	100	1.0	0	0.0	1.369861888885498	bos_eos
seed_43	5_3_anc_ext_P_marker	29_5_3_anc_ext_P_marker	fig:heatmap-29-anc-ext-p-marker	5.3 ANC external P marker	82_vos_ng_ac_b_ep	vos	ng	nom-acc	balancing	erg-poss	vos	VS	VPA	100	1.0	0	0.0	1.5428255033493041	bos_eos
seed_43	5_3_anc_ext_P_marker	29_5_3_anc_ext_P_marker	fig:heatmap-29-anc-ext-p-marker	5.3 ANC external P marker	83_vos_ng_ac_b_no	vos	ng	nom-acc	balancing	nomn	vos	VS	VPA	100	1.0	0	0.0	1.5974195909500122	bos_eos
seed_43	5_3_anc_ext_P_marker	29_5_3_anc_ext_P_marker	fig:heatmap-29-anc-ext-p-marker	5.3 ANC external P marker	84_vos_ng_ac_d_se	vos	ng	nom-acc	deranking	sent	vos	VS	VPA	100	0.94	0	0.0	0.8716745829582214	bos_eos
seed_43	5_3_anc_ext_P_marker	29_5_3_anc_ext_P_marker	fig:heatmap-29-anc-ext-p-marker	5.3 ANC external P marker	85_vos_ng_ac_d_pa	vos	ng	nom-acc	deranking	poss-acc	vos	VS	VPA	100	0.97	0	0.0	0.8704760694503784	bos_eos
seed_43	5_3_anc_ext_P_marker	29_5_3_anc_ext_P_marker	fig:heatmap-29-anc-ext-p-marker	5.3 ANC external P marker	86_vos_ng_ac_d_ep	vos	ng	nom-acc	deranking	erg-poss	vos	VS	VPA	100	1.0	0	0.0	1.003779513835907	bos_eos
seed_43	5_3_anc_ext_P_marker	29_5_3_anc_ext_P_marker	fig:heatmap-29-anc-ext-p-marker	5.3 ANC external P marker	87_vos_ng_ac_d_no	vos	ng	nom-acc	deranking	nomn	vos	VS	VPA	100	1.0	0	0.0	1.2058484745025635	bos_eos
seed_43	5_3_anc_ext_P_marker	29_5_3_anc_ext_P_marker	fig:heatmap-29-anc-ext-p-marker	5.3 ANC external P marker	88_vos_ng_er_b_se	vos	ng	erg-abs	balancing	sent	vos	VS	VPA	100	0.99	0	0.0	0.6507406640052795	bos_eos
seed_43	5_3_anc_ext_P_marker	29_5_3_anc_ext_P_marker	fig:heatmap-29-anc-ext-p-marker	5.3 ANC external P marker	89_vos_ng_er_b_pa	vos	ng	erg-abs	balancing	poss-acc	vos	VS	VPA	100	1.0	0	0.0	0.6435663843154907	bos_eos
seed_43	5_3_anc_ext_P_marker	29_5_3_anc_ext_P_marker	fig:heatmap-29-anc-ext-p-marker	5.3 ANC external P marker	90_vos_ng_er_b_ep	vos	ng	erg-abs	balancing	erg-poss	vos	VS	VPA	100	1.0	0	0.0	0.5753924369812011	bos_eos
seed_43	5_3_anc_ext_P_marker	29_5_3_anc_ext_P_marker	fig:heatmap-29-anc-ext-p-marker	5.3 ANC external P marker	91_vos_ng_er_b_no	vos	ng	erg-abs	balancing	nomn	vos	VS	VPA	100	1.0	0	0.0	0.7136025977134705	bos_eos
seed_43	5_3_anc_ext_P_marker	29_5_3_anc_ext_P_marker	fig:heatmap-29-anc-ext-p-marker	5.3 ANC external P marker	92_vos_ng_er_d_se	vos	ng	erg-abs	deranking	sent	vos	VS	VPA	100	0.98	0	0.0	0.8353351807594299	bos_eos
seed_43	5_3_anc_ext_P_marker	29_5_3_anc_ext_P_marker	fig:heatmap-29-anc-ext-p-marker	5.3 ANC external P marker	93_vos_ng_er_d_pa	vos	ng	erg-abs	deranking	poss-acc	vos	VS	VPA	100	0.99	0	0.0	0.6846846556663513	bos_eos
seed_43	5_3_anc_ext_P_marker	29_5_3_anc_ext_P_marker	fig:heatmap-29-anc-ext-p-marker	5.3 ANC external P marker	94_vos_ng_er_d_ep	vos	ng	erg-abs	deranking	erg-poss	vos	VS	VPA	100	0.94	0	0.0	0.5755144834518433	bos_eos
seed_43	5_3_anc_ext_P_marker	29_5_3_anc_ext_P_marker	fig:heatmap-29-anc-ext-p-marker	5.3 ANC external P marker	95_vos_ng_er_d_no	vos	ng	erg-abs	deranking	nomn	vos	VS	VPA	100	0.96	0	0.0	0.716529848575592	bos_eos
seed_43	5_4_anc_ext_gen_marker	30_5_4_anc_ext_gen_marker	fig:heatmap-30-anc-ext-gen-marker	5.4 ANC external genitive marker	00_sov_gn_ac_b_se	sov	gn	nom-acc	balancing	sent	sov	SV	APV	100	0.9	0	0.0	0.3496383476257324	bos_eos
seed_43	5_4_anc_ext_gen_marker	30_5_4_anc_ext_gen_marker	fig:heatmap-30-anc-ext-gen-marker	5.4 ANC external genitive marker	01_sov_gn_ac_b_pa	sov	gn	nom-acc	balancing	poss-acc	sov	SV	APV	100	0.89	0	0.0	0.3069014120101929	bos_eos
seed_43	5_4_anc_ext_gen_marker	30_5_4_anc_ext_gen_marker	fig:heatmap-30-anc-ext-gen-marker	5.4 ANC external genitive marker	02_sov_gn_ac_b_ep	sov	gn	nom-acc	balancing	erg-poss	sov	SV	APV	100	0.97	0	0.0	0.627401418685913	bos_eos
seed_43	5_4_anc_ext_gen_marker	30_5_4_anc_ext_gen_marker	fig:heatmap-30-anc-ext-gen-marker	5.4 ANC external genitive marker	03_sov_gn_ac_b_no	sov	gn	nom-acc	balancing	nomn	sov	SV	APV	100	0.91	0	0.0	0.5337093019485474	bos_eos
seed_43	5_4_anc_ext_gen_marker	30_5_4_anc_ext_gen_marker	fig:heatmap-30-anc-ext-gen-marker	5.4 ANC external genitive marker	04_sov_gn_ac_d_se	sov	gn	nom-acc	deranking	sent	sov	SV	APV	100	0.97	0	0.0	0.4601263976097107	bos_eos
seed_43	5_4_anc_ext_gen_marker	30_5_4_anc_ext_gen_marker	fig:heatmap-30-anc-ext-gen-marker	5.4 ANC external genitive marker	05_sov_gn_ac_d_pa	sov	gn	nom-acc	deranking	poss-acc	sov	SV	APV	100	0.88	0	0.0	0.3421963691711426	bos_eos
seed_43	5_4_anc_ext_gen_marker	30_5_4_anc_ext_gen_marker	fig:heatmap-30-anc-ext-gen-marker	5.4 ANC external genitive marker	06_sov_gn_ac_d_ep	sov	gn	nom-acc	deranking	erg-poss	sov	SV	APV	100	0.97	0	0.0	0.5967100954055786	bos_eos
seed_43	5_4_anc_ext_gen_marker	30_5_4_anc_ext_gen_marker	fig:heatmap-30-anc-ext-gen-marker	5.4 ANC external genitive marker	07_sov_gn_ac_d_no	sov	gn	nom-acc	deranking	nomn	sov	SV	APV	100	0.99	0	0.0	0.6866504383087159	bos_eos
seed_43	5_4_anc_ext_gen_marker	30_5_4_anc_ext_gen_marker	fig:heatmap-30-anc-ext-gen-marker	5.4 ANC external genitive marker	08_sov_gn_er_b_se	sov	gn	erg-abs	balancing	sent	sov	SV	APV	100	0.49	0	0.0	0.22562235116958618	bos_eos
seed_43	5_4_anc_ext_gen_marker	30_5_4_anc_ext_gen_marker	fig:heatmap-30-anc-ext-gen-marker	5.4 ANC external genitive marker	09_sov_gn_er_b_pa	sov	gn	erg-abs	balancing	poss-acc	sov	SV	APV	100	0.47	0	0.0	0.15797662258148193	bos_eos
seed_43	5_4_anc_ext_gen_marker	30_5_4_anc_ext_gen_marker	fig:heatmap-30-anc-ext-gen-marker	5.4 ANC external genitive marker	10_sov_gn_er_b_ep	sov	gn	erg-abs	balancing	erg-poss	sov	SV	APV	100	0.59	0	0.0	0.3187391662597656	bos_eos
seed_43	5_4_anc_ext_gen_marker	30_5_4_anc_ext_gen_marker	fig:heatmap-30-anc-ext-gen-marker	5.4 ANC external genitive marker	11_sov_gn_er_b_no	sov	gn	erg-abs	balancing	nomn	sov	SV	APV	100	0.46	0	0.0	0.20670247077941895	bos_eos
seed_43	5_4_anc_ext_gen_marker	30_5_4_anc_ext_gen_marker	fig:heatmap-30-anc-ext-gen-marker	5.4 ANC external genitive marker	12_sov_gn_er_d_se	sov	gn	erg-abs	deranking	sent	sov	SV	APV	100	0.5	0	0.0	0.2570234537124634	bos_eos
seed_43	5_4_anc_ext_gen_marker	30_5_4_anc_ext_gen_marker	fig:heatmap-30-anc-ext-gen-marker	5.4 ANC external genitive marker	13_sov_gn_er_d_pa	sov	gn	erg-abs	deranking	poss-acc	sov	SV	APV	100	0.49	0	0.0	0.11404878616333008	bos_eos
seed_43	5_4_anc_ext_gen_marker	30_5_4_anc_ext_gen_marker	fig:heatmap-30-anc-ext-gen-marker	5.4 ANC external genitive marker	14_sov_gn_er_d_ep	sov	gn	erg-abs	deranking	erg-poss	sov	SV	APV	100	0.59	0	0.0	0.3581984329223633	bos_eos
seed_43	5_4_anc_ext_gen_marker	30_5_4_anc_ext_gen_marker	fig:heatmap-30-anc-ext-gen-marker	5.4 ANC external genitive marker	15_sov_gn_er_d_no	sov	gn	erg-abs	deranking	nomn	sov	SV	APV	100	0.53	0	0.0	0.2528961515426636	bos_eos
seed_43	5_4_anc_ext_gen_marker	30_5_4_anc_ext_gen_marker	fig:heatmap-30-anc-ext-gen-marker	5.4 ANC external genitive marker	16_sov_ng_ac_b_se	sov	ng	nom-acc	balancing	sent	sov	SV	APV	100	0.54	0	0.0	0.07453726768493653	bos_eos
seed_43	5_4_anc_ext_gen_marker	30_5_4_anc_ext_gen_marker	fig:heatmap-30-anc-ext-gen-marker	5.4 ANC external genitive marker	17_sov_ng_ac_b_pa	sov	ng	nom-acc	balancing	poss-acc	ovs	VS	PVA	100	0.74	0	0.0	0.1928364896774292	bos_eos
seed_43	5_4_anc_ext_gen_marker	30_5_4_anc_ext_gen_marker	fig:heatmap-30-anc-ext-gen-marker	5.4 ANC external genitive marker	18_sov_ng_ac_b_ep	sov	ng	nom-acc	balancing	erg-poss	vos	VS	AVP	100	0.97	0	0.0	0.45836318016052247	bos_eos
seed_43	5_4_anc_ext_gen_marker	30_5_4_anc_ext_gen_marker	fig:heatmap-30-anc-ext-gen-marker	5.4 ANC external genitive marker	19_sov_ng_ac_b_no	sov	ng	nom-acc	balancing	nomn	ovs	VS	PVA	100	0.88	0	0.0	0.3643712377548218	bos_eos
seed_43	5_4_anc_ext_gen_marker	30_5_4_anc_ext_gen_marker	fig:heatmap-30-anc-ext-gen-marker	5.4 ANC external genitive marker	20_sov_ng_ac_d_se	sov	ng	nom-acc	deranking	sent	sov	SV	APV	100	0.69	0	0.0	0.14751954078674318	bos_eos
seed_43	5_4_anc_ext_gen_marker	30_5_4_anc_ext_gen_marker	fig:heatmap-30-anc-ext-gen-marker	5.4 ANC external genitive marker	21_sov_ng_ac_d_pa	sov	ng	nom-acc	deranking	poss-acc	ovs	VS	PVA	100	0.69	0	0.0	0.08950161457061767	bos_eos
seed_43	5_4_anc_ext_gen_marker	30_5_4_anc_ext_gen_marker	fig:heatmap-30-anc-ext-gen-marker	5.4 ANC external genitive marker	22_sov_ng_ac_d_ep	sov	ng	nom-acc	deranking	erg-poss	vos	VS	AVP	100	0.88	0	0.0	0.37716758251190186	bos_eos
seed_43	5_4_anc_ext_gen_marker	30_5_4_anc_ext_gen_marker	fig:heatmap-30-anc-ext-gen-marker	5.4 ANC external genitive marker	23_sov_ng_ac_d_no	sov	ng	nom-acc	deranking	nomn	ovs	VS	PVA	100	0.84	0	0.0	0.22246578216552734	bos_eos
seed_43	5_4_anc_ext_gen_marker	30_5_4_anc_ext_gen_marker	fig:heatmap-30-anc-ext-gen-marker	5.4 ANC external genitive marker	24_sov_ng_er_b_se	sov	ng	erg-abs	balancing	sent	sov	SV	APV	100	0.45	0	0.0	-0.0446970272064209	bos_eos
seed_43	5_4_anc_ext_gen_marker	30_5_4_anc_ext_gen_marker	fig:heatmap-30-anc-ext-gen-marker	5.4 ANC external genitive marker	25_sov_ng_er_b_pa	sov	ng	erg-abs	balancing	poss-acc	ovs	VS	PVA	100	0.45	0	0.0	-0.019394521713256837	bos_eos
seed_43	5_4_anc_ext_gen_marker	30_5_4_anc_ext_gen_marker	fig:heatmap-30-anc-ext-gen-marker	5.4 ANC external genitive marker	26_sov_ng_er_b_ep	sov	ng	erg-abs	balancing	erg-poss	vos	VS	AVP	100	0.47	0	0.0	-0.01072366237640381	bos_eos
seed_43	5_4_anc_ext_gen_marker	30_5_4_anc_ext_gen_marker	fig:heatmap-30-anc-ext-gen-marker	5.4 ANC external genitive marker	27_sov_ng_er_b_no	sov	ng	erg-abs	balancing	nomn	ovs	VS	PVA	100	0.39	0	0.0	-0.09965620517730713	bos_eos
seed_43	5_4_anc_ext_gen_marker	30_5_4_anc_ext_gen_marker	fig:heatmap-30-anc-ext-gen-marker	5.4 ANC external genitive marker	28_sov_ng_er_d_se	sov	ng	erg-abs	deranking	sent	sov	SV	APV	100	0.49	0	0.0	-0.045780296325683596	bos_eos
seed_43	5_4_anc_ext_gen_marker	30_5_4_anc_ext_gen_marker	fig:heatmap-30-anc-ext-gen-marker	5.4 ANC external genitive marker	29_sov_ng_er_d_pa	sov	ng	erg-abs	deranking	poss-acc	ovs	VS	PVA	100	0.41	0	0.0	-0.13474623680114747	bos_eos
seed_43	5_4_anc_ext_gen_marker	30_5_4_anc_ext_gen_marker	fig:heatmap-30-anc-ext-gen-marker	5.4 ANC external genitive marker	30_sov_ng_er_d_ep	sov	ng	erg-abs	deranking	erg-poss	vos	VS	AVP	100	0.46	0	0.0	0.02818673610687256	bos_eos
seed_43	5_4_anc_ext_gen_marker	30_5_4_anc_ext_gen_marker	fig:heatmap-30-anc-ext-gen-marker	5.4 ANC external genitive marker	31_sov_ng_er_d_no	sov	ng	erg-abs	deranking	nomn	ovs	VS	PVA	100	0.42	0	0.0	-0.14480618000030518	bos_eos
seed_43	5_4_anc_ext_gen_marker	30_5_4_anc_ext_gen_marker	fig:heatmap-30-anc-ext-gen-marker	5.4 ANC external genitive marker	32_svo_gn_ac_b_se	svo	gn	nom-acc	balancing	sent	svo	SV	AVP	100	0.99	0	0.0	0.6123686552047729	bos_eos
seed_43	5_4_anc_ext_gen_marker	30_5_4_anc_ext_gen_marker	fig:heatmap-30-anc-ext-gen-marker	5.4 ANC external genitive marker	33_svo_gn_ac_b_pa	svo	gn	nom-acc	balancing	poss-acc	svo	SV	AVP	100	0.99	0	0.0	0.5935061311721802	bos_eos
seed_43	5_4_anc_ext_gen_marker	30_5_4_anc_ext_gen_marker	fig:heatmap-30-anc-ext-gen-marker	5.4 ANC external genitive marker	34_svo_gn_ac_b_ep	svo	gn	nom-acc	balancing	erg-poss	sov	SV	PVA	100	1.0	0	0.0	0.8609371876716614	bos_eos
seed_43	5_4_anc_ext_gen_marker	30_5_4_anc_ext_gen_marker	fig:heatmap-30-anc-ext-gen-marker	5.4 ANC external genitive marker	35_svo_gn_ac_b_no	svo	gn	nom-acc	balancing	nomn	svo	SV	AVP	100	1.0	0	0.0	0.9674471139907836	bos_eos
seed_43	5_4_anc_ext_gen_marker	30_5_4_anc_ext_gen_marker	fig:heatmap-30-anc-ext-gen-marker	5.4 ANC external genitive marker	36_svo_gn_ac_d_se	svo	gn	nom-acc	deranking	sent	svo	SV	AVP	100	0.82	0	0.0	0.38082605838775635	bos_eos
seed_43	5_4_anc_ext_gen_marker	30_5_4_anc_ext_gen_marker	fig:heatmap-30-anc-ext-gen-marker	5.4 ANC external genitive marker	37_svo_gn_ac_d_pa	svo	gn	nom-acc	deranking	poss-acc	svo	SV	AVP	100	0.96	0	0.0	0.5605594778060913	bos_eos
seed_43	5_4_anc_ext_gen_marker	30_5_4_anc_ext_gen_marker	fig:heatmap-30-anc-ext-gen-marker	5.4 ANC external genitive marker	38_svo_gn_ac_d_ep	svo	gn	nom-acc	deranking	erg-poss	sov	SV	PVA	100	1.0	0	0.0	0.7998579263687133	bos_eos
seed_43	5_4_anc_ext_gen_marker	30_5_4_anc_ext_gen_marker	fig:heatmap-30-anc-ext-gen-marker	5.4 ANC external genitive marker	39_svo_gn_ac_d_no	svo	gn	nom-acc	deranking	nomn	svo	SV	AVP	100	0.99	0	0.0	0.7488846921920777	bos_eos
seed_43	5_4_anc_ext_gen_marker	30_5_4_anc_ext_gen_marker	fig:heatmap-30-anc-ext-gen-marker	5.4 ANC external genitive marker	40_svo_gn_er_b_se	svo	gn	erg-abs	balancing	sent	svo	SV	AVP	100	0.96	0	0.0	0.5749013137817383	bos_eos
seed_43	5_4_anc_ext_gen_marker	30_5_4_anc_ext_gen_marker	fig:heatmap-30-anc-ext-gen-marker	5.4 ANC external genitive marker	41_svo_gn_er_b_pa	svo	gn	erg-abs	balancing	poss-acc	svo	SV	AVP	100	0.98	0	0.0	0.5448333311080933	bos_eos
seed_43	5_4_anc_ext_gen_marker	30_5_4_anc_ext_gen_marker	fig:heatmap-30-anc-ext-gen-marker	5.4 ANC external genitive marker	42_svo_gn_er_b_ep	svo	gn	erg-abs	balancing	erg-poss	sov	SV	PVA	100	1.0	0	0.0	0.8989014673233032	bos_eos
seed_43	5_4_anc_ext_gen_marker	30_5_4_anc_ext_gen_marker	fig:heatmap-30-anc-ext-gen-marker	5.4 ANC external genitive marker	43_svo_gn_er_b_no	svo	gn	erg-abs	balancing	nomn	svo	SV	AVP	100	0.98	0	0.0	0.6897324562072754	bos_eos
seed_43	5_4_anc_ext_gen_marker	30_5_4_anc_ext_gen_marker	fig:heatmap-30-anc-ext-gen-marker	5.4 ANC external genitive marker	44_svo_gn_er_d_se	svo	gn	erg-abs	deranking	sent	svo	SV	AVP	100	0.95	0	0.0	0.5370986890792847	bos_eos
seed_43	5_4_anc_ext_gen_marker	30_5_4_anc_ext_gen_marker	fig:heatmap-30-anc-ext-gen-marker	5.4 ANC external genitive marker	45_svo_gn_er_d_pa	svo	gn	erg-abs	deranking	poss-acc	svo	SV	AVP	100	0.97	0	0.0	0.5782811212539672	bos_eos
seed_43	5_4_anc_ext_gen_marker	30_5_4_anc_ext_gen_marker	fig:heatmap-30-anc-ext-gen-marker	5.4 ANC external genitive marker	46_svo_gn_er_d_ep	svo	gn	erg-abs	deranking	erg-poss	sov	SV	PVA	100	0.98	0	0.0	0.6418868494033814	bos_eos
seed_43	5_4_anc_ext_gen_marker	30_5_4_anc_ext_gen_marker	fig:heatmap-30-anc-ext-gen-marker	5.4 ANC external genitive marker	47_svo_gn_er_d_no	svo	gn	erg-abs	deranking	nomn	svo	SV	AVP	100	0.99	0	0.0	0.6389748764038086	bos_eos
seed_43	5_4_anc_ext_gen_marker	30_5_4_anc_ext_gen_marker	fig:heatmap-30-anc-ext-gen-marker	5.4 ANC external genitive marker	48_svo_ng_ac_b_se	svo	ng	nom-acc	balancing	sent	svo	SV	AVP	100	0.86	0	0.0	0.2837373352050781	bos_eos
seed_43	5_4_anc_ext_gen_marker	30_5_4_anc_ext_gen_marker	fig:heatmap-30-anc-ext-gen-marker	5.4 ANC external genitive marker	49_svo_ng_ac_b_pa	svo	ng	nom-acc	balancing	poss-acc	vos	VS	VPA	100	0.65	0	0.0	0.2563852024078369	bos_eos
seed_43	5_4_anc_ext_gen_marker	30_5_4_anc_ext_gen_marker	fig:heatmap-30-anc-ext-gen-marker	5.4 ANC external genitive marker	50_svo_ng_ac_b_ep	svo	ng	nom-acc	balancing	erg-poss	vos	VS	VPA	100	0.99	0	0.0	0.9724429798126221	bos_eos
seed_43	5_4_anc_ext_gen_marker	30_5_4_anc_ext_gen_marker	fig:heatmap-30-anc-ext-gen-marker	5.4 ANC external genitive marker	51_svo_ng_ac_b_no	svo	ng	nom-acc	balancing	nomn	vos	VS	VPA	100	0.96	0	0.0	0.6253844785690308	bos_eos
seed_43	5_4_anc_ext_gen_marker	30_5_4_anc_ext_gen_marker	fig:heatmap-30-anc-ext-gen-marker	5.4 ANC external genitive marker	52_svo_ng_ac_d_se	svo	ng	nom-acc	deranking	sent	svo	SV	AVP	100	0.79	0	0.0	0.26581907272338867	bos_eos
seed_43	5_4_anc_ext_gen_marker	30_5_4_anc_ext_gen_marker	fig:heatmap-30-anc-ext-gen-marker	5.4 ANC external genitive marker	53_svo_ng_ac_d_pa	svo	ng	nom-acc	deranking	poss-acc	vos	VS	VPA	100	0.85	0	0.0	0.3235286283493042	bos_eos
seed_43	5_4_anc_ext_gen_marker	30_5_4_anc_ext_gen_marker	fig:heatmap-30-anc-ext-gen-marker	5.4 ANC external genitive marker	54_svo_ng_ac_d_ep	svo	ng	nom-acc	deranking	erg-poss	vos	VS	VPA	100	0.97	0	0.0	0.6818776178359985	bos_eos
seed_43	5_4_anc_ext_gen_marker	30_5_4_anc_ext_gen_marker	fig:heatmap-30-anc-ext-gen-marker	5.4 ANC external genitive marker	55_svo_ng_ac_d_no	svo	ng	nom-acc	deranking	nomn	vos	VS	VPA	100	0.93	0	0.0	0.6826986932754516	bos_eos
seed_43	5_4_anc_ext_gen_marker	30_5_4_anc_ext_gen_marker	fig:heatmap-30-anc-ext-gen-marker	5.4 ANC external genitive marker	56_svo_ng_er_b_se	svo	ng	erg-abs	balancing	sent	svo	SV	AVP	100	0.67	0	0.0	0.25567409038543704	bos_eos
seed_43	5_4_anc_ext_gen_marker	30_5_4_anc_ext_gen_marker	fig:heatmap-30-anc-ext-gen-marker	5.4 ANC external genitive marker	57_svo_ng_er_b_pa	svo	ng	erg-abs	balancing	poss-acc	vos	VS	VPA	100	0.87	0	0.0	0.26391767024993895	bos_eos
seed_43	5_4_anc_ext_gen_marker	30_5_4_anc_ext_gen_marker	fig:heatmap-30-anc-ext-gen-marker	5.4 ANC external genitive marker	58_svo_ng_er_b_ep	svo	ng	erg-abs	balancing	erg-poss	vos	VS	VPA	100	0.95	0	0.0	0.6857854986190796	bos_eos
seed_43	5_4_anc_ext_gen_marker	30_5_4_anc_ext_gen_marker	fig:heatmap-30-anc-ext-gen-marker	5.4 ANC external genitive marker	59_svo_ng_er_b_no	svo	ng	erg-abs	balancing	nomn	vos	VS	VPA	100	0.95	0	0.0	0.6319282913208008	bos_eos
seed_43	5_4_anc_ext_gen_marker	30_5_4_anc_ext_gen_marker	fig:heatmap-30-anc-ext-gen-marker	5.4 ANC external genitive marker	60_svo_ng_er_d_se	svo	ng	erg-abs	deranking	sent	svo	SV	AVP	100	0.41	0	0.0	-0.14606441020965577	bos_eos
seed_43	5_4_anc_ext_gen_marker	30_5_4_anc_ext_gen_marker	fig:heatmap-30-anc-ext-gen-marker	5.4 ANC external genitive marker	61_svo_ng_er_d_pa	svo	ng	erg-abs	deranking	poss-acc	vos	VS	VPA	100	0.46	0	0.0	-0.05694819927215576	bos_eos
seed_43	5_4_anc_ext_gen_marker	30_5_4_anc_ext_gen_marker	fig:heatmap-30-anc-ext-gen-marker	5.4 ANC external genitive marker	62_svo_ng_er_d_ep	svo	ng	erg-abs	deranking	erg-poss	vos	VS	VPA	100	0.63	0	0.0	0.1572987651824951	bos_eos
seed_43	5_4_anc_ext_gen_marker	30_5_4_anc_ext_gen_marker	fig:heatmap-30-anc-ext-gen-marker	5.4 ANC external genitive marker	63_svo_ng_er_d_no	svo	ng	erg-abs	deranking	nomn	vos	VS	VPA	100	0.61	0	0.0	0.09994942665100098	bos_eos
seed_43	5_4_anc_ext_gen_marker	30_5_4_anc_ext_gen_marker	fig:heatmap-30-anc-ext-gen-marker	5.4 ANC external genitive marker	64_vos_gn_ac_b_se	vos	gn	nom-acc	balancing	sent	vos	VS	VPA	100	0.6	0	0.0	0.09498128890991211	bos_eos
seed_43	5_4_anc_ext_gen_marker	30_5_4_anc_ext_gen_marker	fig:heatmap-30-anc-ext-gen-marker	5.4 ANC external genitive marker	65_vos_gn_ac_b_pa	vos	gn	nom-acc	balancing	poss-acc	svo	SV	AVP	100	0.65	0	0.0	0.1696674966812134	bos_eos
seed_43	5_4_anc_ext_gen_marker	30_5_4_anc_ext_gen_marker	fig:heatmap-30-anc-ext-gen-marker	5.4 ANC external genitive marker	66_vos_gn_ac_b_ep	vos	gn	nom-acc	balancing	erg-poss	sov	SV	PVA	100	0.99	0	0.0	0.4703475332260132	bos_eos
seed_43	5_4_anc_ext_gen_marker	30_5_4_anc_ext_gen_marker	fig:heatmap-30-anc-ext-gen-marker	5.4 ANC external genitive marker	67_vos_gn_ac_b_no	vos	gn	nom-acc	balancing	nomn	svo	SV	AVP	100	0.97	0	0.0	0.3193228888511658	bos_eos
seed_43	5_4_anc_ext_gen_marker	30_5_4_anc_ext_gen_marker	fig:heatmap-30-anc-ext-gen-marker	5.4 ANC external genitive marker	68_vos_gn_ac_d_se	vos	gn	nom-acc	deranking	sent	vos	VS	VPA	100	0.26	0	0.0	-0.1587507176399231	bos_eos
seed_43	5_4_anc_ext_gen_marker	30_5_4_anc_ext_gen_marker	fig:heatmap-30-anc-ext-gen-marker	5.4 ANC external genitive marker	69_vos_gn_ac_d_pa	vos	gn	nom-acc	deranking	poss-acc	svo	SV	AVP	100	0.56	0	0.0	0.07479490756988526	bos_eos
seed_43	5_4_anc_ext_gen_marker	30_5_4_anc_ext_gen_marker	fig:heatmap-30-anc-ext-gen-marker	5.4 ANC external genitive marker	70_vos_gn_ac_d_ep	vos	gn	nom-acc	deranking	erg-poss	sov	SV	PVA	100	0.9	0	0.0	0.40245322942733763	bos_eos
seed_43	5_4_anc_ext_gen_marker	30_5_4_anc_ext_gen_marker	fig:heatmap-30-anc-ext-gen-marker	5.4 ANC external genitive marker	71_vos_gn_ac_d_no	vos	gn	nom-acc	deranking	nomn	svo	SV	AVP	100	0.85	0	0.0	0.22101687908172607	bos_eos
seed_43	5_4_anc_ext_gen_marker	30_5_4_anc_ext_gen_marker	fig:heatmap-30-anc-ext-gen-marker	5.4 ANC external genitive marker	72_vos_gn_er_b_se	vos	gn	erg-abs	balancing	sent	vos	VS	VPA	100	0.55	0	0.0	0.09584174156188965	bos_eos
seed_43	5_4_anc_ext_gen_marker	30_5_4_anc_ext_gen_marker	fig:heatmap-30-anc-ext-gen-marker	5.4 ANC external genitive marker	73_vos_gn_er_b_pa	vos	gn	erg-abs	balancing	poss-acc	svo	SV	AVP	100	0.85	0	0.0	0.2935024118423462	bos_eos
seed_43	5_4_anc_ext_gen_marker	30_5_4_anc_ext_gen_marker	fig:heatmap-30-anc-ext-gen-marker	5.4 ANC external genitive marker	74_vos_gn_er_b_ep	vos	gn	erg-abs	balancing	erg-poss	sov	SV	PVA	100	0.94	0	0.0	0.3915961980819702	bos_eos
seed_43	5_4_anc_ext_gen_marker	30_5_4_anc_ext_gen_marker	fig:heatmap-30-anc-ext-gen-marker	5.4 ANC external genitive marker	75_vos_gn_er_b_no	vos	gn	erg-abs	balancing	nomn	svo	SV	AVP	100	0.7	0	0.0	0.28934674739837646	bos_eos
seed_43	5_4_anc_ext_gen_marker	30_5_4_anc_ext_gen_marker	fig:heatmap-30-anc-ext-gen-marker	5.4 ANC external genitive marker	76_vos_gn_er_d_se	vos	gn	erg-abs	deranking	sent	vos	VS	VPA	100	0.5	0	0.0	0.05267816543579101	bos_eos
seed_43	5_4_anc_ext_gen_marker	30_5_4_anc_ext_gen_marker	fig:heatmap-30-anc-ext-gen-marker	5.4 ANC external genitive marker	77_vos_gn_er_d_pa	vos	gn	erg-abs	deranking	poss-acc	svo	SV	AVP	100	0.69	0	0.0	0.1759561014175415	bos_eos
seed_43	5_4_anc_ext_gen_marker	30_5_4_anc_ext_gen_marker	fig:heatmap-30-anc-ext-gen-marker	5.4 ANC external genitive marker	78_vos_gn_er_d_ep	vos	gn	erg-abs	deranking	erg-poss	sov	SV	PVA	100	0.88	0	0.0	0.3808085250854492	bos_eos
seed_43	5_4_anc_ext_gen_marker	30_5_4_anc_ext_gen_marker	fig:heatmap-30-anc-ext-gen-marker	5.4 ANC external genitive marker	79_vos_gn_er_d_no	vos	gn	erg-abs	deranking	nomn	svo	SV	AVP	100	0.47	0	0.0	0.047618012428283694	bos_eos
seed_43	5_4_anc_ext_gen_marker	30_5_4_anc_ext_gen_marker	fig:heatmap-30-anc-ext-gen-marker	5.4 ANC external genitive marker	80_vos_ng_ac_b_se	vos	ng	nom-acc	balancing	sent	vos	VS	VPA	100	0.66	0	0.0	0.12494458198547363	bos_eos
seed_43	5_4_anc_ext_gen_marker	30_5_4_anc_ext_gen_marker	fig:heatmap-30-anc-ext-gen-marker	5.4 ANC external genitive marker	81_vos_ng_ac_b_pa	vos	ng	nom-acc	balancing	poss-acc	vos	VS	VPA	100	0.8	0	0.0	0.15566794395446779	bos_eos
seed_43	5_4_anc_ext_gen_marker	30_5_4_anc_ext_gen_marker	fig:heatmap-30-anc-ext-gen-marker	5.4 ANC external genitive marker	82_vos_ng_ac_b_ep	vos	ng	nom-acc	balancing	erg-poss	vos	VS	VPA	100	0.97	0	0.0	0.6126466870307923	bos_eos
seed_43	5_4_anc_ext_gen_marker	30_5_4_anc_ext_gen_marker	fig:heatmap-30-anc-ext-gen-marker	5.4 ANC external genitive marker	83_vos_ng_ac_b_no	vos	ng	nom-acc	balancing	nomn	vos	VS	VPA	100	0.96	0	0.0	0.4745270109176636	bos_eos
seed_43	5_4_anc_ext_gen_marker	30_5_4_anc_ext_gen_marker	fig:heatmap-30-anc-ext-gen-marker	5.4 ANC external genitive marker	84_vos_ng_ac_d_se	vos	ng	nom-acc	deranking	sent	vos	VS	VPA	100	0.73	0	0.0	0.21613649845123292	bos_eos
seed_43	5_4_anc_ext_gen_marker	30_5_4_anc_ext_gen_marker	fig:heatmap-30-anc-ext-gen-marker	5.4 ANC external genitive marker	85_vos_ng_ac_d_pa	vos	ng	nom-acc	deranking	poss-acc	vos	VS	VPA	100	0.8	0	0.0	0.18503273963928224	bos_eos
seed_43	5_4_anc_ext_gen_marker	30_5_4_anc_ext_gen_marker	fig:heatmap-30-anc-ext-gen-marker	5.4 ANC external genitive marker	86_vos_ng_ac_d_ep	vos	ng	nom-acc	deranking	erg-poss	vos	VS	VPA	100	0.9	0	0.0	0.46344384670257566	bos_eos
seed_43	5_4_anc_ext_gen_marker	30_5_4_anc_ext_gen_marker	fig:heatmap-30-anc-ext-gen-marker	5.4 ANC external genitive marker	87_vos_ng_ac_d_no	vos	ng	nom-acc	deranking	nomn	vos	VS	VPA	100	0.86	0	0.0	0.46798473596572876	bos_eos
seed_43	5_4_anc_ext_gen_marker	30_5_4_anc_ext_gen_marker	fig:heatmap-30-anc-ext-gen-marker	5.4 ANC external genitive marker	88_vos_ng_er_b_se	vos	ng	erg-abs	balancing	sent	vos	VS	VPA	100	0.59	0	0.0	0.0981153678894043	bos_eos
seed_43	5_4_anc_ext_gen_marker	30_5_4_anc_ext_gen_marker	fig:heatmap-30-anc-ext-gen-marker	5.4 ANC external genitive marker	89_vos_ng_er_b_pa	vos	ng	erg-abs	balancing	poss-acc	vos	VS	VPA	100	0.64	0	0.0	0.18042997837066652	bos_eos
seed_43	5_4_anc_ext_gen_marker	30_5_4_anc_ext_gen_marker	fig:heatmap-30-anc-ext-gen-marker	5.4 ANC external genitive marker	90_vos_ng_er_b_ep	vos	ng	erg-abs	balancing	erg-poss	vos	VS	VPA	100	0.8	0	0.0	0.5443018388748169	bos_eos
seed_43	5_4_anc_ext_gen_marker	30_5_4_anc_ext_gen_marker	fig:heatmap-30-anc-ext-gen-marker	5.4 ANC external genitive marker	91_vos_ng_er_b_no	vos	ng	erg-abs	balancing	nomn	vos	VS	VPA	100	0.79	0	0.0	0.5014886379241943	bos_eos
seed_43	5_4_anc_ext_gen_marker	30_5_4_anc_ext_gen_marker	fig:heatmap-30-anc-ext-gen-marker	5.4 ANC external genitive marker	92_vos_ng_er_d_se	vos	ng	erg-abs	deranking	sent	vos	VS	VPA	100	0.61	0	0.0	0.27795509338378904	bos_eos
seed_43	5_4_anc_ext_gen_marker	30_5_4_anc_ext_gen_marker	fig:heatmap-30-anc-ext-gen-marker	5.4 ANC external genitive marker	93_vos_ng_er_d_pa	vos	ng	erg-abs	deranking	poss-acc	vos	VS	VPA	100	0.63	0	0.0	0.2574580669403076	bos_eos
seed_43	5_4_anc_ext_gen_marker	30_5_4_anc_ext_gen_marker	fig:heatmap-30-anc-ext-gen-marker	5.4 ANC external genitive marker	94_vos_ng_er_d_ep	vos	ng	erg-abs	deranking	erg-poss	vos	VS	VPA	100	0.69	0	0.0	0.5043850469589234	bos_eos
seed_43	5_4_anc_ext_gen_marker	30_5_4_anc_ext_gen_marker	fig:heatmap-30-anc-ext-gen-marker	5.4 ANC external genitive marker	95_vos_ng_er_d_no	vos	ng	erg-abs	deranking	nomn	vos	VS	VPA	100	0.55	0	0.0	0.2592231512069702	bos_eos
seed_43	6_1_anc_omit_S	31_6_1_anc_omit_S	fig:heatmap-31-anc-omit-s	6.1 ANC omitted S	00_sov_gn_ac_b_se	sov	gn	nom-acc	balancing	sent	sov	SV	APV	100	1.0	0	0.0	2.1420702505111695	bos_eos
seed_43	6_1_anc_omit_S	31_6_1_anc_omit_S	fig:heatmap-31-anc-omit-s	6.1 ANC omitted S	01_sov_gn_ac_b_pa	sov	gn	nom-acc	balancing	poss-acc	sov	SV	APV	100	1.0	0	0.0	2.126361165046692	bos_eos
seed_43	6_1_anc_omit_S	31_6_1_anc_omit_S	fig:heatmap-31-anc-omit-s	6.1 ANC omitted S	02_sov_gn_ac_b_ep	sov	gn	nom-acc	balancing	erg-poss	sov	SV	APV	100	1.0	0	0.0	2.190341982841492	bos_eos
seed_43	6_1_anc_omit_S	31_6_1_anc_omit_S	fig:heatmap-31-anc-omit-s	6.1 ANC omitted S	03_sov_gn_ac_b_no	sov	gn	nom-acc	balancing	nomn	sov	SV	APV	100	1.0	0	0.0	2.0049874639511107	bos_eos
seed_43	6_1_anc_omit_S	31_6_1_anc_omit_S	fig:heatmap-31-anc-omit-s	6.1 ANC omitted S	04_sov_gn_ac_d_se	sov	gn	nom-acc	deranking	sent	sov	SV	APV	100	1.0	0	0.0	3.3100861525535583	bos_eos
seed_43	6_1_anc_omit_S	31_6_1_anc_omit_S	fig:heatmap-31-anc-omit-s	6.1 ANC omitted S	05_sov_gn_ac_d_pa	sov	gn	nom-acc	deranking	poss-acc	sov	SV	APV	100	1.0	0	0.0	2.917607140541077	bos_eos
seed_43	6_1_anc_omit_S	31_6_1_anc_omit_S	fig:heatmap-31-anc-omit-s	6.1 ANC omitted S	06_sov_gn_ac_d_ep	sov	gn	nom-acc	deranking	erg-poss	sov	SV	APV	100	1.0	0	0.0	3.3230928564071656	bos_eos
seed_43	6_1_anc_omit_S	31_6_1_anc_omit_S	fig:heatmap-31-anc-omit-s	6.1 ANC omitted S	07_sov_gn_ac_d_no	sov	gn	nom-acc	deranking	nomn	sov	SV	APV	100	1.0	0	0.0	3.215230541229248	bos_eos
seed_43	6_1_anc_omit_S	31_6_1_anc_omit_S	fig:heatmap-31-anc-omit-s	6.1 ANC omitted S	08_sov_gn_er_b_se	sov	gn	erg-abs	balancing	sent	sov	SV	APV	100	0.92	0	0.0	0.8240279769897461	bos_eos
seed_43	6_1_anc_omit_S	31_6_1_anc_omit_S	fig:heatmap-31-anc-omit-s	6.1 ANC omitted S	09_sov_gn_er_b_pa	sov	gn	erg-abs	balancing	poss-acc	sov	SV	APV	100	0.96	0	0.0	0.804275279045105	bos_eos
seed_43	6_1_anc_omit_S	31_6_1_anc_omit_S	fig:heatmap-31-anc-omit-s	6.1 ANC omitted S	10_sov_gn_er_b_ep	sov	gn	erg-abs	balancing	erg-poss	sov	SV	APV	100	0.98	0	0.0	0.8593693685531616	bos_eos
seed_43	6_1_anc_omit_S	31_6_1_anc_omit_S	fig:heatmap-31-anc-omit-s	6.1 ANC omitted S	11_sov_gn_er_b_no	sov	gn	erg-abs	balancing	nomn	sov	SV	APV	100	0.87	0	0.0	0.7920304965972901	bos_eos
seed_43	6_1_anc_omit_S	31_6_1_anc_omit_S	fig:heatmap-31-anc-omit-s	6.1 ANC omitted S	12_sov_gn_er_d_se	sov	gn	erg-abs	deranking	sent	sov	SV	APV	100	0.98	0	0.0	1.0807688927650452	bos_eos
seed_43	6_1_anc_omit_S	31_6_1_anc_omit_S	fig:heatmap-31-anc-omit-s	6.1 ANC omitted S	13_sov_gn_er_d_pa	sov	gn	erg-abs	deranking	poss-acc	sov	SV	APV	100	0.98	0	0.0	1.3318684434890746	bos_eos
seed_43	6_1_anc_omit_S	31_6_1_anc_omit_S	fig:heatmap-31-anc-omit-s	6.1 ANC omitted S	14_sov_gn_er_d_ep	sov	gn	erg-abs	deranking	erg-poss	sov	SV	APV	100	0.99	0	0.0	1.3832007813453675	bos_eos
seed_43	6_1_anc_omit_S	31_6_1_anc_omit_S	fig:heatmap-31-anc-omit-s	6.1 ANC omitted S	15_sov_gn_er_d_no	sov	gn	erg-abs	deranking	nomn	sov	SV	APV	100	0.99	0	0.0	1.2682170248031617	bos_eos
seed_43	6_1_anc_omit_S	31_6_1_anc_omit_S	fig:heatmap-31-anc-omit-s	6.1 ANC omitted S	16_sov_ng_ac_b_se	sov	ng	nom-acc	balancing	sent	sov	SV	APV	100	1.0	0	0.0	2.0491281247138975	bos_eos
seed_43	6_1_anc_omit_S	31_6_1_anc_omit_S	fig:heatmap-31-anc-omit-s	6.1 ANC omitted S	17_sov_ng_ac_b_pa	sov	ng	nom-acc	balancing	poss-acc	ovs	VS	PVA	100	1.0	0	0.0	2.2558316087722776	bos_eos
seed_43	6_1_anc_omit_S	31_6_1_anc_omit_S	fig:heatmap-31-anc-omit-s	6.1 ANC omitted S	18_sov_ng_ac_b_ep	sov	ng	nom-acc	balancing	erg-poss	vos	VS	AVP	100	1.0	0	0.0	2.1706072950363158	bos_eos
seed_43	6_1_anc_omit_S	31_6_1_anc_omit_S	fig:heatmap-31-anc-omit-s	6.1 ANC omitted S	19_sov_ng_ac_b_no	sov	ng	nom-acc	balancing	nomn	ovs	VS	PVA	100	1.0	0	0.0	2.0993402910232546	bos_eos
seed_43	6_1_anc_omit_S	31_6_1_anc_omit_S	fig:heatmap-31-anc-omit-s	6.1 ANC omitted S	20_sov_ng_ac_d_se	sov	ng	nom-acc	deranking	sent	sov	SV	APV	100	1.0	0	0.0	3.024353256225586	bos_eos
seed_43	6_1_anc_omit_S	31_6_1_anc_omit_S	fig:heatmap-31-anc-omit-s	6.1 ANC omitted S	21_sov_ng_ac_d_pa	sov	ng	nom-acc	deranking	poss-acc	ovs	VS	PVA	100	1.0	0	0.0	3.169440898895264	bos_eos
seed_43	6_1_anc_omit_S	31_6_1_anc_omit_S	fig:heatmap-31-anc-omit-s	6.1 ANC omitted S	22_sov_ng_ac_d_ep	sov	ng	nom-acc	deranking	erg-poss	vos	VS	AVP	100	1.0	0	0.0	3.0279766273498536	bos_eos
seed_43	6_1_anc_omit_S	31_6_1_anc_omit_S	fig:heatmap-31-anc-omit-s	6.1 ANC omitted S	23_sov_ng_ac_d_no	sov	ng	nom-acc	deranking	nomn	ovs	VS	PVA	100	1.0	0	0.0	3.2585745215415955	bos_eos
seed_43	6_1_anc_omit_S	31_6_1_anc_omit_S	fig:heatmap-31-anc-omit-s	6.1 ANC omitted S	24_sov_ng_er_b_se	sov	ng	erg-abs	balancing	sent	sov	SV	APV	100	0.87	0	0.0	0.7455380296707154	bos_eos
seed_43	6_1_anc_omit_S	31_6_1_anc_omit_S	fig:heatmap-31-anc-omit-s	6.1 ANC omitted S	25_sov_ng_er_b_pa	sov	ng	erg-abs	balancing	poss-acc	ovs	VS	PVA	100	1.0	0	0.0	0.824124104976654	bos_eos
seed_43	6_1_anc_omit_S	31_6_1_anc_omit_S	fig:heatmap-31-anc-omit-s	6.1 ANC omitted S	26_sov_ng_er_b_ep	sov	ng	erg-abs	balancing	erg-poss	vos	VS	AVP	100	0.95	0	0.0	0.8737967681884765	bos_eos
seed_43	6_1_anc_omit_S	31_6_1_anc_omit_S	fig:heatmap-31-anc-omit-s	6.1 ANC omitted S	27_sov_ng_er_b_no	sov	ng	erg-abs	balancing	nomn	ovs	VS	PVA	100	0.91	0	0.0	0.8513195085525512	bos_eos
seed_43	6_1_anc_omit_S	31_6_1_anc_omit_S	fig:heatmap-31-anc-omit-s	6.1 ANC omitted S	28_sov_ng_er_d_se	sov	ng	erg-abs	deranking	sent	sov	SV	APV	100	0.96	0	0.0	1.190273413658142	bos_eos
seed_43	6_1_anc_omit_S	31_6_1_anc_omit_S	fig:heatmap-31-anc-omit-s	6.1 ANC omitted S	29_sov_ng_er_d_pa	sov	ng	erg-abs	deranking	poss-acc	ovs	VS	PVA	100	1.0	0	0.0	1.3754665422439576	bos_eos
seed_43	6_1_anc_omit_S	31_6_1_anc_omit_S	fig:heatmap-31-anc-omit-s	6.1 ANC omitted S	30_sov_ng_er_d_ep	sov	ng	erg-abs	deranking	erg-poss	vos	VS	AVP	100	0.99	0	0.0	1.3015652561187745	bos_eos
seed_43	6_1_anc_omit_S	31_6_1_anc_omit_S	fig:heatmap-31-anc-omit-s	6.1 ANC omitted S	31_sov_ng_er_d_no	sov	ng	erg-abs	deranking	nomn	ovs	VS	PVA	100	0.99	0	0.0	1.152577531337738	bos_eos
seed_43	6_1_anc_omit_S	31_6_1_anc_omit_S	fig:heatmap-31-anc-omit-s	6.1 ANC omitted S	32_svo_gn_ac_b_se	svo	gn	nom-acc	balancing	sent	svo	SV	AVP	100	1.0	0	0.0	2.3640506744384764	bos_eos
seed_43	6_1_anc_omit_S	31_6_1_anc_omit_S	fig:heatmap-31-anc-omit-s	6.1 ANC omitted S	33_svo_gn_ac_b_pa	svo	gn	nom-acc	balancing	poss-acc	svo	SV	AVP	100	1.0	0	0.0	2.3684674191474913	bos_eos
seed_43	6_1_anc_omit_S	31_6_1_anc_omit_S	fig:heatmap-31-anc-omit-s	6.1 ANC omitted S	34_svo_gn_ac_b_ep	svo	gn	nom-acc	balancing	erg-poss	sov	SV	PVA	100	1.0	0	0.0	2.256205358505249	bos_eos
seed_43	6_1_anc_omit_S	31_6_1_anc_omit_S	fig:heatmap-31-anc-omit-s	6.1 ANC omitted S	35_svo_gn_ac_b_no	svo	gn	nom-acc	balancing	nomn	svo	SV	AVP	100	1.0	0	0.0	2.373515660762787	bos_eos
seed_43	6_1_anc_omit_S	31_6_1_anc_omit_S	fig:heatmap-31-anc-omit-s	6.1 ANC omitted S	36_svo_gn_ac_d_se	svo	gn	nom-acc	deranking	sent	svo	SV	AVP	100	1.0	0	0.0	2.5123295068740843	bos_eos
seed_43	6_1_anc_omit_S	31_6_1_anc_omit_S	fig:heatmap-31-anc-omit-s	6.1 ANC omitted S	37_svo_gn_ac_d_pa	svo	gn	nom-acc	deranking	poss-acc	svo	SV	AVP	100	1.0	0	0.0	2.311865818500519	bos_eos
seed_43	6_1_anc_omit_S	31_6_1_anc_omit_S	fig:heatmap-31-anc-omit-s	6.1 ANC omitted S	38_svo_gn_ac_d_ep	svo	gn	nom-acc	deranking	erg-poss	sov	SV	PVA	100	1.0	0	0.0	2.650386745929718	bos_eos
seed_43	6_1_anc_omit_S	31_6_1_anc_omit_S	fig:heatmap-31-anc-omit-s	6.1 ANC omitted S	39_svo_gn_ac_d_no	svo	gn	nom-acc	deranking	nomn	svo	SV	AVP	100	1.0	0	0.0	2.6239595437049865	bos_eos
seed_43	6_1_anc_omit_S	31_6_1_anc_omit_S	fig:heatmap-31-anc-omit-s	6.1 ANC omitted S	40_svo_gn_er_b_se	svo	gn	erg-abs	balancing	sent	svo	SV	AVP	100	0.98	0	0.0	0.9836192774772644	bos_eos
seed_43	6_1_anc_omit_S	31_6_1_anc_omit_S	fig:heatmap-31-anc-omit-s	6.1 ANC omitted S	41_svo_gn_er_b_pa	svo	gn	erg-abs	balancing	poss-acc	svo	SV	AVP	100	0.95	0	0.0	0.9947466850280762	bos_eos
seed_43	6_1_anc_omit_S	31_6_1_anc_omit_S	fig:heatmap-31-anc-omit-s	6.1 ANC omitted S	42_svo_gn_er_b_ep	svo	gn	erg-abs	balancing	erg-poss	sov	SV	PVA	100	0.95	0	0.0	0.961487455368042	bos_eos
seed_43	6_1_anc_omit_S	31_6_1_anc_omit_S	fig:heatmap-31-anc-omit-s	6.1 ANC omitted S	43_svo_gn_er_b_no	svo	gn	erg-abs	balancing	nomn	svo	SV	AVP	100	0.95	0	0.0	1.176327838897705	bos_eos
seed_43	6_1_anc_omit_S	31_6_1_anc_omit_S	fig:heatmap-31-anc-omit-s	6.1 ANC omitted S	44_svo_gn_er_d_se	svo	gn	erg-abs	deranking	sent	svo	SV	AVP	100	0.95	0	0.0	1.1758922171592712	bos_eos
seed_43	6_1_anc_omit_S	31_6_1_anc_omit_S	fig:heatmap-31-anc-omit-s	6.1 ANC omitted S	45_svo_gn_er_d_pa	svo	gn	erg-abs	deranking	poss-acc	svo	SV	AVP	100	0.99	0	0.0	1.4493429851531983	bos_eos
seed_43	6_1_anc_omit_S	31_6_1_anc_omit_S	fig:heatmap-31-anc-omit-s	6.1 ANC omitted S	46_svo_gn_er_d_ep	svo	gn	erg-abs	deranking	erg-poss	sov	SV	PVA	100	0.98	0	0.0	1.0200706458091735	bos_eos
seed_43	6_1_anc_omit_S	31_6_1_anc_omit_S	fig:heatmap-31-anc-omit-s	6.1 ANC omitted S	47_svo_gn_er_d_no	svo	gn	erg-abs	deranking	nomn	svo	SV	AVP	100	0.99	0	0.0	1.3368154907226562	bos_eos
seed_43	6_1_anc_omit_S	31_6_1_anc_omit_S	fig:heatmap-31-anc-omit-s	6.1 ANC omitted S	48_svo_ng_ac_b_se	svo	ng	nom-acc	balancing	sent	svo	SV	AVP	100	1.0	0	0.0	2.298120939731598	bos_eos
seed_43	6_1_anc_omit_S	31_6_1_anc_omit_S	fig:heatmap-31-anc-omit-s	6.1 ANC omitted S	49_svo_ng_ac_b_pa	svo	ng	nom-acc	balancing	poss-acc	vos	VS	VPA	100	1.0	0	0.0	2.3776047348976137	bos_eos
seed_43	6_1_anc_omit_S	31_6_1_anc_omit_S	fig:heatmap-31-anc-omit-s	6.1 ANC omitted S	50_svo_ng_ac_b_ep	svo	ng	nom-acc	balancing	erg-poss	vos	VS	VPA	100	1.0	0	0.0	2.3223068714141846	bos_eos
seed_43	6_1_anc_omit_S	31_6_1_anc_omit_S	fig:heatmap-31-anc-omit-s	6.1 ANC omitted S	51_svo_ng_ac_b_no	svo	ng	nom-acc	balancing	nomn	vos	VS	VPA	100	1.0	0	0.0	2.361959900856018	bos_eos
seed_43	6_1_anc_omit_S	31_6_1_anc_omit_S	fig:heatmap-31-anc-omit-s	6.1 ANC omitted S	52_svo_ng_ac_d_se	svo	ng	nom-acc	deranking	sent	svo	SV	AVP	100	1.0	0	0.0	2.3092465662956236	bos_eos
seed_43	6_1_anc_omit_S	31_6_1_anc_omit_S	fig:heatmap-31-anc-omit-s	6.1 ANC omitted S	53_svo_ng_ac_d_pa	svo	ng	nom-acc	deranking	poss-acc	vos	VS	VPA	100	1.0	0	0.0	2.564972257614136	bos_eos
seed_43	6_1_anc_omit_S	31_6_1_anc_omit_S	fig:heatmap-31-anc-omit-s	6.1 ANC omitted S	54_svo_ng_ac_d_ep	svo	ng	nom-acc	deranking	erg-poss	vos	VS	VPA	100	1.0	0	0.0	2.486107223033905	bos_eos
seed_43	6_1_anc_omit_S	31_6_1_anc_omit_S	fig:heatmap-31-anc-omit-s	6.1 ANC omitted S	55_svo_ng_ac_d_no	svo	ng	nom-acc	deranking	nomn	vos	VS	VPA	100	1.0	0	0.0	2.4912987399101256	bos_eos
seed_43	6_1_anc_omit_S	31_6_1_anc_omit_S	fig:heatmap-31-anc-omit-s	6.1 ANC omitted S	56_svo_ng_er_b_se	svo	ng	erg-abs	balancing	sent	svo	SV	AVP	100	0.91	0	0.0	0.9188938665390015	bos_eos
seed_43	6_1_anc_omit_S	31_6_1_anc_omit_S	fig:heatmap-31-anc-omit-s	6.1 ANC omitted S	57_svo_ng_er_b_pa	svo	ng	erg-abs	balancing	poss-acc	vos	VS	VPA	100	0.92	0	0.0	0.8924753069877625	bos_eos
seed_43	6_1_anc_omit_S	31_6_1_anc_omit_S	fig:heatmap-31-anc-omit-s	6.1 ANC omitted S	58_svo_ng_er_b_ep	svo	ng	erg-abs	balancing	erg-poss	vos	VS	VPA	100	0.95	0	0.0	1.0733848595619202	bos_eos
seed_43	6_1_anc_omit_S	31_6_1_anc_omit_S	fig:heatmap-31-anc-omit-s	6.1 ANC omitted S	59_svo_ng_er_b_no	svo	ng	erg-abs	balancing	nomn	vos	VS	VPA	100	0.94	0	0.0	1.1023561882972717	bos_eos
seed_43	6_1_anc_omit_S	31_6_1_anc_omit_S	fig:heatmap-31-anc-omit-s	6.1 ANC omitted S	60_svo_ng_er_d_se	svo	ng	erg-abs	deranking	sent	svo	SV	AVP	100	0.96	0	0.0	1.200359263420105	bos_eos
seed_43	6_1_anc_omit_S	31_6_1_anc_omit_S	fig:heatmap-31-anc-omit-s	6.1 ANC omitted S	61_svo_ng_er_d_pa	svo	ng	erg-abs	deranking	poss-acc	vos	VS	VPA	100	0.99	0	0.0	1.2289661502838134	bos_eos
seed_43	6_1_anc_omit_S	31_6_1_anc_omit_S	fig:heatmap-31-anc-omit-s	6.1 ANC omitted S	62_svo_ng_er_d_ep	svo	ng	erg-abs	deranking	erg-poss	vos	VS	VPA	100	0.95	0	0.0	1.3930734300613403	bos_eos
seed_43	6_1_anc_omit_S	31_6_1_anc_omit_S	fig:heatmap-31-anc-omit-s	6.1 ANC omitted S	63_svo_ng_er_d_no	svo	ng	erg-abs	deranking	nomn	vos	VS	VPA	100	0.92	0	0.0	1.1593641304969788	bos_eos
seed_43	6_1_anc_omit_S	31_6_1_anc_omit_S	fig:heatmap-31-anc-omit-s	6.1 ANC omitted S	64_vos_gn_ac_b_se	vos	gn	nom-acc	balancing	sent	vos	VS	VPA	100	0.99	0	0.0	1.4119352388381958	bos_eos
seed_43	6_1_anc_omit_S	31_6_1_anc_omit_S	fig:heatmap-31-anc-omit-s	6.1 ANC omitted S	65_vos_gn_ac_b_pa	vos	gn	nom-acc	balancing	poss-acc	svo	SV	AVP	100	1.0	0	0.0	1.6487873387336731	bos_eos
seed_43	6_1_anc_omit_S	31_6_1_anc_omit_S	fig:heatmap-31-anc-omit-s	6.1 ANC omitted S	66_vos_gn_ac_b_ep	vos	gn	nom-acc	balancing	erg-poss	sov	SV	PVA	100	1.0	0	0.0	1.3965771198272705	bos_eos
seed_43	6_1_anc_omit_S	31_6_1_anc_omit_S	fig:heatmap-31-anc-omit-s	6.1 ANC omitted S	67_vos_gn_ac_b_no	vos	gn	nom-acc	balancing	nomn	svo	SV	AVP	100	1.0	0	0.0	1.4850955820083618	bos_eos
seed_43	6_1_anc_omit_S	31_6_1_anc_omit_S	fig:heatmap-31-anc-omit-s	6.1 ANC omitted S	68_vos_gn_ac_d_se	vos	gn	nom-acc	deranking	sent	vos	VS	VPA	100	1.0	0	0.0	3.2655999279022216	bos_eos
seed_43	6_1_anc_omit_S	31_6_1_anc_omit_S	fig:heatmap-31-anc-omit-s	6.1 ANC omitted S	69_vos_gn_ac_d_pa	vos	gn	nom-acc	deranking	poss-acc	svo	SV	AVP	100	1.0	0	0.0	3.0351578259468077	bos_eos
seed_43	6_1_anc_omit_S	31_6_1_anc_omit_S	fig:heatmap-31-anc-omit-s	6.1 ANC omitted S	70_vos_gn_ac_d_ep	vos	gn	nom-acc	deranking	erg-poss	sov	SV	PVA	100	1.0	0	0.0	3.3175612831115724	bos_eos
seed_43	6_1_anc_omit_S	31_6_1_anc_omit_S	fig:heatmap-31-anc-omit-s	6.1 ANC omitted S	71_vos_gn_ac_d_no	vos	gn	nom-acc	deranking	nomn	svo	SV	AVP	100	1.0	0	0.0	3.3954494976997376	bos_eos
seed_43	6_1_anc_omit_S	31_6_1_anc_omit_S	fig:heatmap-31-anc-omit-s	6.1 ANC omitted S	72_vos_gn_er_b_se	vos	gn	erg-abs	balancing	sent	vos	VS	VPA	100	0.99	0	0.0	0.9509671974182129	bos_eos
seed_43	6_1_anc_omit_S	31_6_1_anc_omit_S	fig:heatmap-31-anc-omit-s	6.1 ANC omitted S	73_vos_gn_er_b_pa	vos	gn	erg-abs	balancing	poss-acc	svo	SV	AVP	100	0.97	0	0.0	0.9223245739936828	bos_eos
seed_43	6_1_anc_omit_S	31_6_1_anc_omit_S	fig:heatmap-31-anc-omit-s	6.1 ANC omitted S	74_vos_gn_er_b_ep	vos	gn	erg-abs	balancing	erg-poss	sov	SV	PVA	100	0.96	0	0.0	0.8597425055503846	bos_eos
seed_43	6_1_anc_omit_S	31_6_1_anc_omit_S	fig:heatmap-31-anc-omit-s	6.1 ANC omitted S	75_vos_gn_er_b_no	vos	gn	erg-abs	balancing	nomn	svo	SV	AVP	100	0.99	0	0.0	0.9286207365989685	bos_eos
seed_43	6_1_anc_omit_S	31_6_1_anc_omit_S	fig:heatmap-31-anc-omit-s	6.1 ANC omitted S	76_vos_gn_er_d_se	vos	gn	erg-abs	deranking	sent	vos	VS	VPA	100	0.99	0	0.0	1.446332540512085	bos_eos
seed_43	6_1_anc_omit_S	31_6_1_anc_omit_S	fig:heatmap-31-anc-omit-s	6.1 ANC omitted S	77_vos_gn_er_d_pa	vos	gn	erg-abs	deranking	poss-acc	svo	SV	AVP	100	1.0	0	0.0	1.5192364263534546	bos_eos
seed_43	6_1_anc_omit_S	31_6_1_anc_omit_S	fig:heatmap-31-anc-omit-s	6.1 ANC omitted S	78_vos_gn_er_d_ep	vos	gn	erg-abs	deranking	erg-poss	sov	SV	PVA	100	1.0	0	0.0	1.4882579040527344	bos_eos
seed_43	6_1_anc_omit_S	31_6_1_anc_omit_S	fig:heatmap-31-anc-omit-s	6.1 ANC omitted S	79_vos_gn_er_d_no	vos	gn	erg-abs	deranking	nomn	svo	SV	AVP	100	1.0	0	0.0	1.5059035181999207	bos_eos
seed_43	6_1_anc_omit_S	31_6_1_anc_omit_S	fig:heatmap-31-anc-omit-s	6.1 ANC omitted S	80_vos_ng_ac_b_se	vos	ng	nom-acc	balancing	sent	vos	VS	VPA	100	1.0	0	0.0	1.5022723388671875	bos_eos
seed_43	6_1_anc_omit_S	31_6_1_anc_omit_S	fig:heatmap-31-anc-omit-s	6.1 ANC omitted S	81_vos_ng_ac_b_pa	vos	ng	nom-acc	balancing	poss-acc	vos	VS	VPA	100	1.0	0	0.0	1.4479436564445496	bos_eos
seed_43	6_1_anc_omit_S	31_6_1_anc_omit_S	fig:heatmap-31-anc-omit-s	6.1 ANC omitted S	82_vos_ng_ac_b_ep	vos	ng	nom-acc	balancing	erg-poss	vos	VS	VPA	100	1.0	0	0.0	1.6477282309532166	bos_eos
seed_43	6_1_anc_omit_S	31_6_1_anc_omit_S	fig:heatmap-31-anc-omit-s	6.1 ANC omitted S	83_vos_ng_ac_b_no	vos	ng	nom-acc	balancing	nomn	vos	VS	VPA	100	1.0	0	0.0	1.3451433753967286	bos_eos
seed_43	6_1_anc_omit_S	31_6_1_anc_omit_S	fig:heatmap-31-anc-omit-s	6.1 ANC omitted S	84_vos_ng_ac_d_se	vos	ng	nom-acc	deranking	sent	vos	VS	VPA	100	1.0	0	0.0	3.2455730056762695	bos_eos
seed_43	6_1_anc_omit_S	31_6_1_anc_omit_S	fig:heatmap-31-anc-omit-s	6.1 ANC omitted S	85_vos_ng_ac_d_pa	vos	ng	nom-acc	deranking	poss-acc	vos	VS	VPA	100	1.0	0	0.0	3.19362211227417	bos_eos
seed_43	6_1_anc_omit_S	31_6_1_anc_omit_S	fig:heatmap-31-anc-omit-s	6.1 ANC omitted S	86_vos_ng_ac_d_ep	vos	ng	nom-acc	deranking	erg-poss	vos	VS	VPA	100	1.0	0	0.0	3.125453858375549	bos_eos
seed_43	6_1_anc_omit_S	31_6_1_anc_omit_S	fig:heatmap-31-anc-omit-s	6.1 ANC omitted S	87_vos_ng_ac_d_no	vos	ng	nom-acc	deranking	nomn	vos	VS	VPA	100	1.0	0	0.0	3.3162682366371157	bos_eos
seed_43	6_1_anc_omit_S	31_6_1_anc_omit_S	fig:heatmap-31-anc-omit-s	6.1 ANC omitted S	88_vos_ng_er_b_se	vos	ng	erg-abs	balancing	sent	vos	VS	VPA	100	0.99	0	0.0	0.9804577469825745	bos_eos
seed_43	6_1_anc_omit_S	31_6_1_anc_omit_S	fig:heatmap-31-anc-omit-s	6.1 ANC omitted S	89_vos_ng_er_b_pa	vos	ng	erg-abs	balancing	poss-acc	vos	VS	VPA	100	0.99	0	0.0	1.129904155731201	bos_eos
seed_43	6_1_anc_omit_S	31_6_1_anc_omit_S	fig:heatmap-31-anc-omit-s	6.1 ANC omitted S	90_vos_ng_er_b_ep	vos	ng	erg-abs	balancing	erg-poss	vos	VS	VPA	100	0.99	0	0.0	1.0494375395774842	bos_eos
seed_43	6_1_anc_omit_S	31_6_1_anc_omit_S	fig:heatmap-31-anc-omit-s	6.1 ANC omitted S	91_vos_ng_er_b_no	vos	ng	erg-abs	balancing	nomn	vos	VS	VPA	100	0.98	0	0.0	1.0243609523773194	bos_eos
seed_43	6_1_anc_omit_S	31_6_1_anc_omit_S	fig:heatmap-31-anc-omit-s	6.1 ANC omitted S	92_vos_ng_er_d_se	vos	ng	erg-abs	deranking	sent	vos	VS	VPA	100	1.0	0	0.0	1.5255783772468567	bos_eos
seed_43	6_1_anc_omit_S	31_6_1_anc_omit_S	fig:heatmap-31-anc-omit-s	6.1 ANC omitted S	93_vos_ng_er_d_pa	vos	ng	erg-abs	deranking	poss-acc	vos	VS	VPA	100	1.0	0	0.0	1.501520791053772	bos_eos
seed_43	6_1_anc_omit_S	31_6_1_anc_omit_S	fig:heatmap-31-anc-omit-s	6.1 ANC omitted S	94_vos_ng_er_d_ep	vos	ng	erg-abs	deranking	erg-poss	vos	VS	VPA	100	1.0	0	0.0	1.5547621107101441	bos_eos
seed_43	6_1_anc_omit_S	31_6_1_anc_omit_S	fig:heatmap-31-anc-omit-s	6.1 ANC omitted S	95_vos_ng_er_d_no	vos	ng	erg-abs	deranking	nomn	vos	VS	VPA	100	1.0	0	0.0	1.6268671822547913	bos_eos
seed_43	6_2_anc_omit_A	32_6_2_anc_omit_A	fig:heatmap-32-anc-omit-a	6.2 ANC omitted A	00_sov_gn_ac_b_se	sov	gn	nom-acc	balancing	sent	sov	SV	APV	100	0.78	0	0.0	0.5142389941215515	bos_eos
seed_43	6_2_anc_omit_A	32_6_2_anc_omit_A	fig:heatmap-32-anc-omit-a	6.2 ANC omitted A	01_sov_gn_ac_b_pa	sov	gn	nom-acc	balancing	poss-acc	sov	SV	APV	100	0.75	0	0.0	0.5134818911552429	bos_eos
seed_43	6_2_anc_omit_A	32_6_2_anc_omit_A	fig:heatmap-32-anc-omit-a	6.2 ANC omitted A	02_sov_gn_ac_b_ep	sov	gn	nom-acc	balancing	erg-poss	sov	SV	APV	100	0.74	0	0.0	0.4183358192443848	bos_eos
seed_43	6_2_anc_omit_A	32_6_2_anc_omit_A	fig:heatmap-32-anc-omit-a	6.2 ANC omitted A	03_sov_gn_ac_b_no	sov	gn	nom-acc	balancing	nomn	sov	SV	APV	100	0.73	0	0.0	0.45005556821823123	bos_eos
seed_43	6_2_anc_omit_A	32_6_2_anc_omit_A	fig:heatmap-32-anc-omit-a	6.2 ANC omitted A	04_sov_gn_ac_d_se	sov	gn	nom-acc	deranking	sent	sov	SV	APV	100	1.0	0	0.0	1.9561471772193908	bos_eos
seed_43	6_2_anc_omit_A	32_6_2_anc_omit_A	fig:heatmap-32-anc-omit-a	6.2 ANC omitted A	05_sov_gn_ac_d_pa	sov	gn	nom-acc	deranking	poss-acc	sov	SV	APV	100	1.0	0	0.0	1.951362476348877	bos_eos
seed_43	6_2_anc_omit_A	32_6_2_anc_omit_A	fig:heatmap-32-anc-omit-a	6.2 ANC omitted A	06_sov_gn_ac_d_ep	sov	gn	nom-acc	deranking	erg-poss	sov	SV	APV	100	0.99	0	0.0	1.864753704071045	bos_eos
seed_43	6_2_anc_omit_A	32_6_2_anc_omit_A	fig:heatmap-32-anc-omit-a	6.2 ANC omitted A	07_sov_gn_ac_d_no	sov	gn	nom-acc	deranking	nomn	sov	SV	APV	100	1.0	0	0.0	1.7703957200050353	bos_eos
seed_43	6_2_anc_omit_A	32_6_2_anc_omit_A	fig:heatmap-32-anc-omit-a	6.2 ANC omitted A	08_sov_gn_er_b_se	sov	gn	erg-abs	balancing	sent	sov	SV	APV	100	0.3	0	0.0	-0.277105975151062	bos_eos
seed_43	6_2_anc_omit_A	32_6_2_anc_omit_A	fig:heatmap-32-anc-omit-a	6.2 ANC omitted A	09_sov_gn_er_b_pa	sov	gn	erg-abs	balancing	poss-acc	sov	SV	APV	100	0.24	0	0.0	-0.442970814704895	bos_eos
seed_43	6_2_anc_omit_A	32_6_2_anc_omit_A	fig:heatmap-32-anc-omit-a	6.2 ANC omitted A	10_sov_gn_er_b_ep	sov	gn	erg-abs	balancing	erg-poss	sov	SV	APV	100	0.57	0	0.0	0.18490774631500245	bos_eos
seed_43	6_2_anc_omit_A	32_6_2_anc_omit_A	fig:heatmap-32-anc-omit-a	6.2 ANC omitted A	11_sov_gn_er_b_no	sov	gn	erg-abs	balancing	nomn	sov	SV	APV	100	0.64	0	0.0	0.20513041257858278	bos_eos
seed_43	6_2_anc_omit_A	32_6_2_anc_omit_A	fig:heatmap-32-anc-omit-a	6.2 ANC omitted A	12_sov_gn_er_d_se	sov	gn	erg-abs	deranking	sent	sov	SV	APV	100	0.96	0	0.0	1.173889558315277	bos_eos
seed_43	6_2_anc_omit_A	32_6_2_anc_omit_A	fig:heatmap-32-anc-omit-a	6.2 ANC omitted A	13_sov_gn_er_d_pa	sov	gn	erg-abs	deranking	poss-acc	sov	SV	APV	100	0.92	0	0.0	1.0748513746261597	bos_eos
seed_43	6_2_anc_omit_A	32_6_2_anc_omit_A	fig:heatmap-32-anc-omit-a	6.2 ANC omitted A	14_sov_gn_er_d_ep	sov	gn	erg-abs	deranking	erg-poss	sov	SV	APV	100	0.98	0	0.0	1.3020257806777955	bos_eos
seed_43	6_2_anc_omit_A	32_6_2_anc_omit_A	fig:heatmap-32-anc-omit-a	6.2 ANC omitted A	15_sov_gn_er_d_no	sov	gn	erg-abs	deranking	nomn	sov	SV	APV	100	1.0	0	0.0	1.4959250974655152	bos_eos
seed_43	6_2_anc_omit_A	32_6_2_anc_omit_A	fig:heatmap-32-anc-omit-a	6.2 ANC omitted A	16_sov_ng_ac_b_se	sov	ng	nom-acc	balancing	sent	sov	SV	APV	100	0.79	0	0.0	0.4808708667755127	bos_eos
seed_43	6_2_anc_omit_A	32_6_2_anc_omit_A	fig:heatmap-32-anc-omit-a	6.2 ANC omitted A	17_sov_ng_ac_b_pa	sov	ng	nom-acc	balancing	poss-acc	ovs	VS	PVA	100	0.84	0	0.0	0.6305794739723205	bos_eos
seed_43	6_2_anc_omit_A	32_6_2_anc_omit_A	fig:heatmap-32-anc-omit-a	6.2 ANC omitted A	18_sov_ng_ac_b_ep	sov	ng	nom-acc	balancing	erg-poss	vos	VS	AVP	100	0.92	0	0.0	1.0533173727989196	bos_eos
seed_43	6_2_anc_omit_A	32_6_2_anc_omit_A	fig:heatmap-32-anc-omit-a	6.2 ANC omitted A	19_sov_ng_ac_b_no	sov	ng	nom-acc	balancing	nomn	ovs	VS	PVA	100	0.78	0	0.0	0.49040555000305175	bos_eos
seed_43	6_2_anc_omit_A	32_6_2_anc_omit_A	fig:heatmap-32-anc-omit-a	6.2 ANC omitted A	20_sov_ng_ac_d_se	sov	ng	nom-acc	deranking	sent	sov	SV	APV	100	1.0	0	0.0	1.8092045307159423	bos_eos
seed_43	6_2_anc_omit_A	32_6_2_anc_omit_A	fig:heatmap-32-anc-omit-a	6.2 ANC omitted A	21_sov_ng_ac_d_pa	sov	ng	nom-acc	deranking	poss-acc	ovs	VS	PVA	100	1.0	0	0.0	1.7738967227935791	bos_eos
seed_43	6_2_anc_omit_A	32_6_2_anc_omit_A	fig:heatmap-32-anc-omit-a	6.2 ANC omitted A	22_sov_ng_ac_d_ep	sov	ng	nom-acc	deranking	erg-poss	vos	VS	AVP	100	0.92	0	0.0	1.2478871631622315	bos_eos
seed_43	6_2_anc_omit_A	32_6_2_anc_omit_A	fig:heatmap-32-anc-omit-a	6.2 ANC omitted A	23_sov_ng_ac_d_no	sov	ng	nom-acc	deranking	nomn	ovs	VS	PVA	100	1.0	0	0.0	1.7419087481498718	bos_eos
seed_43	6_2_anc_omit_A	32_6_2_anc_omit_A	fig:heatmap-32-anc-omit-a	6.2 ANC omitted A	24_sov_ng_er_b_se	sov	ng	erg-abs	balancing	sent	sov	SV	APV	100	0.29	0	0.0	-0.33621408224105837	bos_eos
seed_43	6_2_anc_omit_A	32_6_2_anc_omit_A	fig:heatmap-32-anc-omit-a	6.2 ANC omitted A	25_sov_ng_er_b_pa	sov	ng	erg-abs	balancing	poss-acc	ovs	VS	PVA	100	0.27	0	0.0	-0.41015387773513795	bos_eos
seed_43	6_2_anc_omit_A	32_6_2_anc_omit_A	fig:heatmap-32-anc-omit-a	6.2 ANC omitted A	26_sov_ng_er_b_ep	sov	ng	erg-abs	balancing	erg-poss	vos	VS	AVP	100	0.92	0	0.0	1.138975546360016	bos_eos
seed_43	6_2_anc_omit_A	32_6_2_anc_omit_A	fig:heatmap-32-anc-omit-a	6.2 ANC omitted A	27_sov_ng_er_b_no	sov	ng	erg-abs	balancing	nomn	ovs	VS	PVA	100	0.61	0	0.0	0.21167646408081053	bos_eos
seed_43	6_2_anc_omit_A	32_6_2_anc_omit_A	fig:heatmap-32-anc-omit-a	6.2 ANC omitted A	28_sov_ng_er_d_se	sov	ng	erg-abs	deranking	sent	sov	SV	APV	100	0.96	0	0.0	1.1941180968284606	bos_eos
seed_43	6_2_anc_omit_A	32_6_2_anc_omit_A	fig:heatmap-32-anc-omit-a	6.2 ANC omitted A	29_sov_ng_er_d_pa	sov	ng	erg-abs	deranking	poss-acc	ovs	VS	PVA	100	0.95	0	0.0	0.9772782754898072	bos_eos
seed_43	6_2_anc_omit_A	32_6_2_anc_omit_A	fig:heatmap-32-anc-omit-a	6.2 ANC omitted A	30_sov_ng_er_d_ep	sov	ng	erg-abs	deranking	erg-poss	vos	VS	AVP	100	0.96	0	0.0	1.23674302816391	bos_eos
seed_43	6_2_anc_omit_A	32_6_2_anc_omit_A	fig:heatmap-32-anc-omit-a	6.2 ANC omitted A	31_sov_ng_er_d_no	sov	ng	erg-abs	deranking	nomn	ovs	VS	PVA	100	0.99	0	0.0	1.2866790223121642	bos_eos
seed_43	6_2_anc_omit_A	32_6_2_anc_omit_A	fig:heatmap-32-anc-omit-a	6.2 ANC omitted A	32_svo_gn_ac_b_se	svo	gn	nom-acc	balancing	sent	svo	SV	AVP	100	0.66	0	0.0	0.40407663106918335	bos_eos
seed_43	6_2_anc_omit_A	32_6_2_anc_omit_A	fig:heatmap-32-anc-omit-a	6.2 ANC omitted A	33_svo_gn_ac_b_pa	svo	gn	nom-acc	balancing	poss-acc	svo	SV	AVP	100	0.67	0	0.0	0.3766860294342041	bos_eos
seed_43	6_2_anc_omit_A	32_6_2_anc_omit_A	fig:heatmap-32-anc-omit-a	6.2 ANC omitted A	34_svo_gn_ac_b_ep	svo	gn	nom-acc	balancing	erg-poss	sov	SV	PVA	100	1.0	0	0.0	2.0537524247169494	bos_eos
seed_43	6_2_anc_omit_A	32_6_2_anc_omit_A	fig:heatmap-32-anc-omit-a	6.2 ANC omitted A	35_svo_gn_ac_b_no	svo	gn	nom-acc	balancing	nomn	svo	SV	AVP	100	0.72	0	0.0	0.4581452226638794	bos_eos
seed_43	6_2_anc_omit_A	32_6_2_anc_omit_A	fig:heatmap-32-anc-omit-a	6.2 ANC omitted A	36_svo_gn_ac_d_se	svo	gn	nom-acc	deranking	sent	svo	SV	AVP	100	0.95	0	0.0	0.7689387178421021	bos_eos
seed_43	6_2_anc_omit_A	32_6_2_anc_omit_A	fig:heatmap-32-anc-omit-a	6.2 ANC omitted A	37_svo_gn_ac_d_pa	svo	gn	nom-acc	deranking	poss-acc	svo	SV	AVP	100	0.87	0	0.0	0.6545794177055358	bos_eos
seed_43	6_2_anc_omit_A	32_6_2_anc_omit_A	fig:heatmap-32-anc-omit-a	6.2 ANC omitted A	38_svo_gn_ac_d_ep	svo	gn	nom-acc	deranking	erg-poss	sov	SV	PVA	100	1.0	0	0.0	2.4149594116210937	bos_eos
seed_43	6_2_anc_omit_A	32_6_2_anc_omit_A	fig:heatmap-32-anc-omit-a	6.2 ANC omitted A	39_svo_gn_ac_d_no	svo	gn	nom-acc	deranking	nomn	svo	SV	AVP	100	0.91	0	0.0	0.7909834694862365	bos_eos
seed_43	6_2_anc_omit_A	32_6_2_anc_omit_A	fig:heatmap-32-anc-omit-a	6.2 ANC omitted A	40_svo_gn_er_b_se	svo	gn	erg-abs	balancing	sent	svo	SV	AVP	100	0.39	0	0.0	-0.07768285989761353	bos_eos
seed_43	6_2_anc_omit_A	32_6_2_anc_omit_A	fig:heatmap-32-anc-omit-a	6.2 ANC omitted A	41_svo_gn_er_b_pa	svo	gn	erg-abs	balancing	poss-acc	svo	SV	AVP	100	0.43	0	0.0	-0.03918384552001953	bos_eos
seed_43	6_2_anc_omit_A	32_6_2_anc_omit_A	fig:heatmap-32-anc-omit-a	6.2 ANC omitted A	42_svo_gn_er_b_ep	svo	gn	erg-abs	balancing	erg-poss	sov	SV	PVA	100	0.73	0	0.0	0.49887895345687866	bos_eos
seed_43	6_2_anc_omit_A	32_6_2_anc_omit_A	fig:heatmap-32-anc-omit-a	6.2 ANC omitted A	43_svo_gn_er_b_no	svo	gn	erg-abs	balancing	nomn	svo	SV	AVP	100	0.67	0	0.0	0.37760104417800905	bos_eos
seed_43	6_2_anc_omit_A	32_6_2_anc_omit_A	fig:heatmap-32-anc-omit-a	6.2 ANC omitted A	44_svo_gn_er_d_se	svo	gn	erg-abs	deranking	sent	svo	SV	AVP	100	0.6	0	0.0	0.13477737188339234	bos_eos
seed_43	6_2_anc_omit_A	32_6_2_anc_omit_A	fig:heatmap-32-anc-omit-a	6.2 ANC omitted A	45_svo_gn_er_d_pa	svo	gn	erg-abs	deranking	poss-acc	svo	SV	AVP	100	0.52	0	0.0	0.11381563425064087	bos_eos
seed_43	6_2_anc_omit_A	32_6_2_anc_omit_A	fig:heatmap-32-anc-omit-a	6.2 ANC omitted A	46_svo_gn_er_d_ep	svo	gn	erg-abs	deranking	erg-poss	sov	SV	PVA	100	0.95	0	0.0	1.074833059310913	bos_eos
seed_43	6_2_anc_omit_A	32_6_2_anc_omit_A	fig:heatmap-32-anc-omit-a	6.2 ANC omitted A	47_svo_gn_er_d_no	svo	gn	erg-abs	deranking	nomn	svo	SV	AVP	100	0.84	0	0.0	0.5208926367759704	bos_eos
seed_43	6_2_anc_omit_A	32_6_2_anc_omit_A	fig:heatmap-32-anc-omit-a	6.2 ANC omitted A	48_svo_ng_ac_b_se	svo	ng	nom-acc	balancing	sent	svo	SV	AVP	100	0.68	0	0.0	0.4219917178153992	bos_eos
seed_43	6_2_anc_omit_A	32_6_2_anc_omit_A	fig:heatmap-32-anc-omit-a	6.2 ANC omitted A	49_svo_ng_ac_b_pa	svo	ng	nom-acc	balancing	poss-acc	vos	VS	VPA	100	0.7	0	0.0	0.39496574878692625	bos_eos
seed_43	6_2_anc_omit_A	32_6_2_anc_omit_A	fig:heatmap-32-anc-omit-a	6.2 ANC omitted A	50_svo_ng_ac_b_ep	svo	ng	nom-acc	balancing	erg-poss	vos	VS	VPA	100	0.69	0	0.0	0.44264413595199587	bos_eos
seed_43	6_2_anc_omit_A	32_6_2_anc_omit_A	fig:heatmap-32-anc-omit-a	6.2 ANC omitted A	51_svo_ng_ac_b_no	svo	ng	nom-acc	balancing	nomn	vos	VS	VPA	100	0.68	0	0.0	0.4033568978309631	bos_eos
seed_43	6_2_anc_omit_A	32_6_2_anc_omit_A	fig:heatmap-32-anc-omit-a	6.2 ANC omitted A	52_svo_ng_ac_d_se	svo	ng	nom-acc	deranking	sent	svo	SV	AVP	100	0.9	0	0.0	0.5987372946739197	bos_eos
seed_43	6_2_anc_omit_A	32_6_2_anc_omit_A	fig:heatmap-32-anc-omit-a	6.2 ANC omitted A	53_svo_ng_ac_d_pa	svo	ng	nom-acc	deranking	poss-acc	vos	VS	VPA	100	0.9	0	0.0	0.7994187617301941	bos_eos
seed_43	6_2_anc_omit_A	32_6_2_anc_omit_A	fig:heatmap-32-anc-omit-a	6.2 ANC omitted A	54_svo_ng_ac_d_ep	svo	ng	nom-acc	deranking	erg-poss	vos	VS	VPA	100	0.88	0	0.0	0.6505516600608826	bos_eos
seed_43	6_2_anc_omit_A	32_6_2_anc_omit_A	fig:heatmap-32-anc-omit-a	6.2 ANC omitted A	55_svo_ng_ac_d_no	svo	ng	nom-acc	deranking	nomn	vos	VS	VPA	100	0.93	0	0.0	0.7486198019981384	bos_eos
seed_43	6_2_anc_omit_A	32_6_2_anc_omit_A	fig:heatmap-32-anc-omit-a	6.2 ANC omitted A	56_svo_ng_er_b_se	svo	ng	erg-abs	balancing	sent	svo	SV	AVP	100	0.43	0	0.0	-0.05028712749481201	bos_eos
seed_43	6_2_anc_omit_A	32_6_2_anc_omit_A	fig:heatmap-32-anc-omit-a	6.2 ANC omitted A	57_svo_ng_er_b_pa	svo	ng	erg-abs	balancing	poss-acc	vos	VS	VPA	100	0.4	0	0.0	-0.12394723176956177	bos_eos
seed_43	6_2_anc_omit_A	32_6_2_anc_omit_A	fig:heatmap-32-anc-omit-a	6.2 ANC omitted A	58_svo_ng_er_b_ep	svo	ng	erg-abs	balancing	erg-poss	vos	VS	VPA	100	0.74	0	0.0	0.5162850403785706	bos_eos
seed_43	6_2_anc_omit_A	32_6_2_anc_omit_A	fig:heatmap-32-anc-omit-a	6.2 ANC omitted A	59_svo_ng_er_b_no	svo	ng	erg-abs	balancing	nomn	vos	VS	VPA	100	0.67	0	0.0	0.40566221237182615	bos_eos
seed_43	6_2_anc_omit_A	32_6_2_anc_omit_A	fig:heatmap-32-anc-omit-a	6.2 ANC omitted A	60_svo_ng_er_d_se	svo	ng	erg-abs	deranking	sent	svo	SV	AVP	100	0.67	0	0.0	0.15294645547866823	bos_eos
seed_43	6_2_anc_omit_A	32_6_2_anc_omit_A	fig:heatmap-32-anc-omit-a	6.2 ANC omitted A	61_svo_ng_er_d_pa	svo	ng	erg-abs	deranking	poss-acc	vos	VS	VPA	100	0.73	0	0.0	0.21254370212554932	bos_eos
seed_43	6_2_anc_omit_A	32_6_2_anc_omit_A	fig:heatmap-32-anc-omit-a	6.2 ANC omitted A	62_svo_ng_er_d_ep	svo	ng	erg-abs	deranking	erg-poss	vos	VS	VPA	100	0.77	0	0.0	0.37758085012435916	bos_eos
seed_43	6_2_anc_omit_A	32_6_2_anc_omit_A	fig:heatmap-32-anc-omit-a	6.2 ANC omitted A	63_svo_ng_er_d_no	svo	ng	erg-abs	deranking	nomn	vos	VS	VPA	100	0.81	0	0.0	0.5084696984291077	bos_eos
seed_43	6_2_anc_omit_A	32_6_2_anc_omit_A	fig:heatmap-32-anc-omit-a	6.2 ANC omitted A	64_vos_gn_ac_b_se	vos	gn	nom-acc	balancing	sent	vos	VS	VPA	100	0.55	0	0.0	0.1234286880493164	bos_eos
seed_43	6_2_anc_omit_A	32_6_2_anc_omit_A	fig:heatmap-32-anc-omit-a	6.2 ANC omitted A	65_vos_gn_ac_b_pa	vos	gn	nom-acc	balancing	poss-acc	svo	SV	AVP	100	0.66	0	0.0	0.31396357536315916	bos_eos
seed_43	6_2_anc_omit_A	32_6_2_anc_omit_A	fig:heatmap-32-anc-omit-a	6.2 ANC omitted A	66_vos_gn_ac_b_ep	vos	gn	nom-acc	balancing	erg-poss	sov	SV	PVA	100	0.88	0	0.0	0.814588508605957	bos_eos
seed_43	6_2_anc_omit_A	32_6_2_anc_omit_A	fig:heatmap-32-anc-omit-a	6.2 ANC omitted A	67_vos_gn_ac_b_no	vos	gn	nom-acc	balancing	nomn	svo	SV	AVP	100	0.55	0	0.0	0.124998779296875	bos_eos
seed_43	6_2_anc_omit_A	32_6_2_anc_omit_A	fig:heatmap-32-anc-omit-a	6.2 ANC omitted A	68_vos_gn_ac_d_se	vos	gn	nom-acc	deranking	sent	vos	VS	VPA	100	1.0	0	0.0	1.5984431648254394	bos_eos
seed_43	6_2_anc_omit_A	32_6_2_anc_omit_A	fig:heatmap-32-anc-omit-a	6.2 ANC omitted A	69_vos_gn_ac_d_pa	vos	gn	nom-acc	deranking	poss-acc	svo	SV	AVP	100	1.0	0	0.0	1.4475750756263732	bos_eos
seed_43	6_2_anc_omit_A	32_6_2_anc_omit_A	fig:heatmap-32-anc-omit-a	6.2 ANC omitted A	70_vos_gn_ac_d_ep	vos	gn	nom-acc	deranking	erg-poss	sov	SV	PVA	100	1.0	0	0.0	1.7482429194450377	bos_eos
seed_43	6_2_anc_omit_A	32_6_2_anc_omit_A	fig:heatmap-32-anc-omit-a	6.2 ANC omitted A	71_vos_gn_ac_d_no	vos	gn	nom-acc	deranking	nomn	svo	SV	AVP	100	0.99	0	0.0	1.5222804045677185	bos_eos
seed_43	6_2_anc_omit_A	32_6_2_anc_omit_A	fig:heatmap-32-anc-omit-a	6.2 ANC omitted A	72_vos_gn_er_b_se	vos	gn	erg-abs	balancing	sent	vos	VS	VPA	100	0.3	0	0.0	-0.34064056634902956	bos_eos
seed_43	6_2_anc_omit_A	32_6_2_anc_omit_A	fig:heatmap-32-anc-omit-a	6.2 ANC omitted A	73_vos_gn_er_b_pa	vos	gn	erg-abs	balancing	poss-acc	svo	SV	AVP	100	0.19	0	0.0	-0.5600249075889587	bos_eos
seed_43	6_2_anc_omit_A	32_6_2_anc_omit_A	fig:heatmap-32-anc-omit-a	6.2 ANC omitted A	74_vos_gn_er_b_ep	vos	gn	erg-abs	balancing	erg-poss	sov	SV	PVA	100	0.93	0	0.0	1.1695360469818115	bos_eos
seed_43	6_2_anc_omit_A	32_6_2_anc_omit_A	fig:heatmap-32-anc-omit-a	6.2 ANC omitted A	75_vos_gn_er_b_no	vos	gn	erg-abs	balancing	nomn	svo	SV	AVP	100	0.52	0	0.0	0.1193725085258484	bos_eos
seed_43	6_2_anc_omit_A	32_6_2_anc_omit_A	fig:heatmap-32-anc-omit-a	6.2 ANC omitted A	76_vos_gn_er_d_se	vos	gn	erg-abs	deranking	sent	vos	VS	VPA	100	0.96	0	0.0	1.2734091806411743	bos_eos
seed_43	6_2_anc_omit_A	32_6_2_anc_omit_A	fig:heatmap-32-anc-omit-a	6.2 ANC omitted A	77_vos_gn_er_d_pa	vos	gn	erg-abs	deranking	poss-acc	svo	SV	AVP	100	0.98	0	0.0	1.2077863883972169	bos_eos
seed_43	6_2_anc_omit_A	32_6_2_anc_omit_A	fig:heatmap-32-anc-omit-a	6.2 ANC omitted A	78_vos_gn_er_d_ep	vos	gn	erg-abs	deranking	erg-poss	sov	SV	PVA	100	1.0	0	0.0	1.6190748262405394	bos_eos
seed_43	6_2_anc_omit_A	32_6_2_anc_omit_A	fig:heatmap-32-anc-omit-a	6.2 ANC omitted A	79_vos_gn_er_d_no	vos	gn	erg-abs	deranking	nomn	svo	SV	AVP	100	1.0	0	0.0	1.5561134123802185	bos_eos
seed_43	6_2_anc_omit_A	32_6_2_anc_omit_A	fig:heatmap-32-anc-omit-a	6.2 ANC omitted A	80_vos_ng_ac_b_se	vos	ng	nom-acc	balancing	sent	vos	VS	VPA	100	0.46	0	0.0	-0.05631256103515625	bos_eos
seed_43	6_2_anc_omit_A	32_6_2_anc_omit_A	fig:heatmap-32-anc-omit-a	6.2 ANC omitted A	81_vos_ng_ac_b_pa	vos	ng	nom-acc	balancing	poss-acc	vos	VS	VPA	100	0.49	0	0.0	-0.026958308219909667	bos_eos
seed_43	6_2_anc_omit_A	32_6_2_anc_omit_A	fig:heatmap-32-anc-omit-a	6.2 ANC omitted A	82_vos_ng_ac_b_ep	vos	ng	nom-acc	balancing	erg-poss	vos	VS	VPA	100	0.57	0	0.0	0.12776169538497925	bos_eos
seed_43	6_2_anc_omit_A	32_6_2_anc_omit_A	fig:heatmap-32-anc-omit-a	6.2 ANC omitted A	83_vos_ng_ac_b_no	vos	ng	nom-acc	balancing	nomn	vos	VS	VPA	100	0.43	0	0.0	-0.06268364429473877	bos_eos
seed_43	6_2_anc_omit_A	32_6_2_anc_omit_A	fig:heatmap-32-anc-omit-a	6.2 ANC omitted A	84_vos_ng_ac_d_se	vos	ng	nom-acc	deranking	sent	vos	VS	VPA	100	1.0	0	0.0	1.5882194662094116	bos_eos
seed_43	6_2_anc_omit_A	32_6_2_anc_omit_A	fig:heatmap-32-anc-omit-a	6.2 ANC omitted A	85_vos_ng_ac_d_pa	vos	ng	nom-acc	deranking	poss-acc	vos	VS	VPA	100	0.99	0	0.0	1.5184454774856568	bos_eos
seed_43	6_2_anc_omit_A	32_6_2_anc_omit_A	fig:heatmap-32-anc-omit-a	6.2 ANC omitted A	86_vos_ng_ac_d_ep	vos	ng	nom-acc	deranking	erg-poss	vos	VS	VPA	100	0.98	0	0.0	1.597960617542267	bos_eos
seed_43	6_2_anc_omit_A	32_6_2_anc_omit_A	fig:heatmap-32-anc-omit-a	6.2 ANC omitted A	87_vos_ng_ac_d_no	vos	ng	nom-acc	deranking	nomn	vos	VS	VPA	100	0.99	0	0.0	1.629594931602478	bos_eos
seed_43	6_2_anc_omit_A	32_6_2_anc_omit_A	fig:heatmap-32-anc-omit-a	6.2 ANC omitted A	88_vos_ng_er_b_se	vos	ng	erg-abs	balancing	sent	vos	VS	VPA	100	0.29	0	0.0	-0.32826766252517703	bos_eos
seed_43	6_2_anc_omit_A	32_6_2_anc_omit_A	fig:heatmap-32-anc-omit-a	6.2 ANC omitted A	89_vos_ng_er_b_pa	vos	ng	erg-abs	balancing	poss-acc	vos	VS	VPA	100	0.18	0	0.0	-0.5758457660675049	bos_eos
seed_43	6_2_anc_omit_A	32_6_2_anc_omit_A	fig:heatmap-32-anc-omit-a	6.2 ANC omitted A	90_vos_ng_er_b_ep	vos	ng	erg-abs	balancing	erg-poss	vos	VS	VPA	100	0.48	0	0.0	0.06897645235061646	bos_eos
seed_43	6_2_anc_omit_A	32_6_2_anc_omit_A	fig:heatmap-32-anc-omit-a	6.2 ANC omitted A	91_vos_ng_er_b_no	vos	ng	erg-abs	balancing	nomn	vos	VS	VPA	100	0.55	0	0.0	0.12221904039382935	bos_eos
seed_43	6_2_anc_omit_A	32_6_2_anc_omit_A	fig:heatmap-32-anc-omit-a	6.2 ANC omitted A	92_vos_ng_er_d_se	vos	ng	erg-abs	deranking	sent	vos	VS	VPA	100	0.97	0	0.0	1.3857233834266662	bos_eos
seed_43	6_2_anc_omit_A	32_6_2_anc_omit_A	fig:heatmap-32-anc-omit-a	6.2 ANC omitted A	93_vos_ng_er_d_pa	vos	ng	erg-abs	deranking	poss-acc	vos	VS	VPA	100	0.98	0	0.0	1.3373894476890564	bos_eos
seed_43	6_2_anc_omit_A	32_6_2_anc_omit_A	fig:heatmap-32-anc-omit-a	6.2 ANC omitted A	94_vos_ng_er_d_ep	vos	ng	erg-abs	deranking	erg-poss	vos	VS	VPA	100	0.99	0	0.0	1.6270466613769532	bos_eos
seed_43	6_2_anc_omit_A	32_6_2_anc_omit_A	fig:heatmap-32-anc-omit-a	6.2 ANC omitted A	95_vos_ng_er_d_no	vos	ng	erg-abs	deranking	nomn	vos	VS	VPA	100	0.99	0	0.0	1.745025269985199	bos_eos
seed_43	6_3_anc_omit_P	33_6_3_anc_omit_P	fig:heatmap-33-anc-omit-p	6.3 ANC omitted P	00_sov_gn_ac_b_se	sov	gn	nom-acc	balancing	sent	sov	SV	APV	100	0.79	0	0.0	0.823936378955841	bos_eos
seed_43	6_3_anc_omit_P	33_6_3_anc_omit_P	fig:heatmap-33-anc-omit-p	6.3 ANC omitted P	01_sov_gn_ac_b_pa	sov	gn	nom-acc	balancing	poss-acc	sov	SV	APV	100	0.89	0	0.0	1.3443767714500428	bos_eos
seed_43	6_3_anc_omit_P	33_6_3_anc_omit_P	fig:heatmap-33-anc-omit-p	6.3 ANC omitted P	02_sov_gn_ac_b_ep	sov	gn	nom-acc	balancing	erg-poss	sov	SV	APV	100	0.81	0	0.0	0.8359662008285522	bos_eos
seed_43	6_3_anc_omit_P	33_6_3_anc_omit_P	fig:heatmap-33-anc-omit-p	6.3 ANC omitted P	03_sov_gn_ac_b_no	sov	gn	nom-acc	balancing	nomn	sov	SV	APV	100	0.96	0	0.0	1.3502188968658446	bos_eos
seed_43	6_3_anc_omit_P	33_6_3_anc_omit_P	fig:heatmap-33-anc-omit-p	6.3 ANC omitted P	04_sov_gn_ac_d_se	sov	gn	nom-acc	deranking	sent	sov	SV	APV	100	1.0	0	0.0	2.5064616203308105	bos_eos
seed_43	6_3_anc_omit_P	33_6_3_anc_omit_P	fig:heatmap-33-anc-omit-p	6.3 ANC omitted P	05_sov_gn_ac_d_pa	sov	gn	nom-acc	deranking	poss-acc	sov	SV	APV	100	0.99	0	0.0	3.041818640232086	bos_eos
seed_43	6_3_anc_omit_P	33_6_3_anc_omit_P	fig:heatmap-33-anc-omit-p	6.3 ANC omitted P	06_sov_gn_ac_d_ep	sov	gn	nom-acc	deranking	erg-poss	sov	SV	APV	100	1.0	0	0.0	2.6661686944961547	bos_eos
seed_43	6_3_anc_omit_P	33_6_3_anc_omit_P	fig:heatmap-33-anc-omit-p	6.3 ANC omitted P	07_sov_gn_ac_d_no	sov	gn	nom-acc	deranking	nomn	sov	SV	APV	100	1.0	0	0.0	3.1202412486076354	bos_eos
seed_43	6_3_anc_omit_P	33_6_3_anc_omit_P	fig:heatmap-33-anc-omit-p	6.3 ANC omitted P	08_sov_gn_er_b_se	sov	gn	erg-abs	balancing	sent	sov	SV	APV	100	0.65	0	0.0	0.1492089605331421	bos_eos
seed_43	6_3_anc_omit_P	33_6_3_anc_omit_P	fig:heatmap-33-anc-omit-p	6.3 ANC omitted P	09_sov_gn_er_b_pa	sov	gn	erg-abs	balancing	poss-acc	sov	SV	APV	100	0.55	0	0.0	0.019202556610107422	bos_eos
seed_43	6_3_anc_omit_P	33_6_3_anc_omit_P	fig:heatmap-33-anc-omit-p	6.3 ANC omitted P	10_sov_gn_er_b_ep	sov	gn	erg-abs	balancing	erg-poss	sov	SV	APV	100	0.42	0	0.0	-0.40412107229232785	bos_eos
seed_43	6_3_anc_omit_P	33_6_3_anc_omit_P	fig:heatmap-33-anc-omit-p	6.3 ANC omitted P	11_sov_gn_er_b_no	sov	gn	erg-abs	balancing	nomn	sov	SV	APV	100	0.53	0	0.0	0.05160017728805542	bos_eos
seed_43	6_3_anc_omit_P	33_6_3_anc_omit_P	fig:heatmap-33-anc-omit-p	6.3 ANC omitted P	12_sov_gn_er_d_se	sov	gn	erg-abs	deranking	sent	sov	SV	APV	100	0.93	0	0.0	0.8406960153579712	bos_eos
seed_43	6_3_anc_omit_P	33_6_3_anc_omit_P	fig:heatmap-33-anc-omit-p	6.3 ANC omitted P	13_sov_gn_er_d_pa	sov	gn	erg-abs	deranking	poss-acc	sov	SV	APV	100	0.79	0	0.0	0.7178602814674377	bos_eos
seed_43	6_3_anc_omit_P	33_6_3_anc_omit_P	fig:heatmap-33-anc-omit-p	6.3 ANC omitted P	14_sov_gn_er_d_ep	sov	gn	erg-abs	deranking	erg-poss	sov	SV	APV	100	0.66	0	0.0	0.19524753332138062	bos_eos
seed_43	6_3_anc_omit_P	33_6_3_anc_omit_P	fig:heatmap-33-anc-omit-p	6.3 ANC omitted P	15_sov_gn_er_d_no	sov	gn	erg-abs	deranking	nomn	sov	SV	APV	100	0.78	0	0.0	0.6965521311759949	bos_eos
seed_43	6_3_anc_omit_P	33_6_3_anc_omit_P	fig:heatmap-33-anc-omit-p	6.3 ANC omitted P	16_sov_ng_ac_b_se	sov	ng	nom-acc	balancing	sent	sov	SV	APV	100	0.83	0	0.0	0.7852429461479187	bos_eos
seed_43	6_3_anc_omit_P	33_6_3_anc_omit_P	fig:heatmap-33-anc-omit-p	6.3 ANC omitted P	17_sov_ng_ac_b_pa	sov	ng	nom-acc	balancing	poss-acc	ovs	VS	PVA	100	1.0	0	0.0	2.7982504749298096	bos_eos
seed_43	6_3_anc_omit_P	33_6_3_anc_omit_P	fig:heatmap-33-anc-omit-p	6.3 ANC omitted P	18_sov_ng_ac_b_ep	sov	ng	nom-acc	balancing	erg-poss	vos	VS	AVP	100	0.8	0	0.0	0.7165786266326905	bos_eos
seed_43	6_3_anc_omit_P	33_6_3_anc_omit_P	fig:heatmap-33-anc-omit-p	6.3 ANC omitted P	19_sov_ng_ac_b_no	sov	ng	nom-acc	balancing	nomn	ovs	VS	PVA	100	1.0	0	0.0	2.954488253593445	bos_eos
seed_43	6_3_anc_omit_P	33_6_3_anc_omit_P	fig:heatmap-33-anc-omit-p	6.3 ANC omitted P	20_sov_ng_ac_d_se	sov	ng	nom-acc	deranking	sent	sov	SV	APV	100	1.0	0	0.0	2.529083948135376	bos_eos
seed_43	6_3_anc_omit_P	33_6_3_anc_omit_P	fig:heatmap-33-anc-omit-p	6.3 ANC omitted P	21_sov_ng_ac_d_pa	sov	ng	nom-acc	deranking	poss-acc	ovs	VS	PVA	100	1.0	0	0.0	3.1412812781333925	bos_eos
seed_43	6_3_anc_omit_P	33_6_3_anc_omit_P	fig:heatmap-33-anc-omit-p	6.3 ANC omitted P	22_sov_ng_ac_d_ep	sov	ng	nom-acc	deranking	erg-poss	vos	VS	AVP	100	1.0	0	0.0	2.3462647366523743	bos_eos
seed_43	6_3_anc_omit_P	33_6_3_anc_omit_P	fig:heatmap-33-anc-omit-p	6.3 ANC omitted P	23_sov_ng_ac_d_no	sov	ng	nom-acc	deranking	nomn	ovs	VS	PVA	100	1.0	0	0.0	3.15160617351532	bos_eos
seed_43	6_3_anc_omit_P	33_6_3_anc_omit_P	fig:heatmap-33-anc-omit-p	6.3 ANC omitted P	24_sov_ng_er_b_se	sov	ng	erg-abs	balancing	sent	sov	SV	APV	100	0.62	0	0.0	0.057932686805725095	bos_eos
seed_43	6_3_anc_omit_P	33_6_3_anc_omit_P	fig:heatmap-33-anc-omit-p	6.3 ANC omitted P	25_sov_ng_er_b_pa	sov	ng	erg-abs	balancing	poss-acc	ovs	VS	PVA	100	0.9	0	0.0	1.087708067893982	bos_eos
seed_43	6_3_anc_omit_P	33_6_3_anc_omit_P	fig:heatmap-33-anc-omit-p	6.3 ANC omitted P	26_sov_ng_er_b_ep	sov	ng	erg-abs	balancing	erg-poss	vos	VS	AVP	100	0.16	0	0.0	-0.7554534244537353	bos_eos
seed_43	6_3_anc_omit_P	33_6_3_anc_omit_P	fig:heatmap-33-anc-omit-p	6.3 ANC omitted P	27_sov_ng_er_b_no	sov	ng	erg-abs	balancing	nomn	ovs	VS	PVA	100	0.9	0	0.0	1.1112873005867003	bos_eos
seed_43	6_3_anc_omit_P	33_6_3_anc_omit_P	fig:heatmap-33-anc-omit-p	6.3 ANC omitted P	28_sov_ng_er_d_se	sov	ng	erg-abs	deranking	sent	sov	SV	APV	100	0.9	0	0.0	0.9825045585632324	bos_eos
seed_43	6_3_anc_omit_P	33_6_3_anc_omit_P	fig:heatmap-33-anc-omit-p	6.3 ANC omitted P	29_sov_ng_er_d_pa	sov	ng	erg-abs	deranking	poss-acc	ovs	VS	PVA	100	0.83	0	0.0	0.8462435817718506	bos_eos
seed_43	6_3_anc_omit_P	33_6_3_anc_omit_P	fig:heatmap-33-anc-omit-p	6.3 ANC omitted P	30_sov_ng_er_d_ep	sov	ng	erg-abs	deranking	erg-poss	vos	VS	AVP	100	0.57	0	0.0	0.08736188888549805	bos_eos
seed_43	6_3_anc_omit_P	33_6_3_anc_omit_P	fig:heatmap-33-anc-omit-p	6.3 ANC omitted P	31_sov_ng_er_d_no	sov	ng	erg-abs	deranking	nomn	ovs	VS	PVA	100	0.87	0	0.0	1.0483173823356629	bos_eos
seed_43	6_3_anc_omit_P	33_6_3_anc_omit_P	fig:heatmap-33-anc-omit-p	6.3 ANC omitted P	32_svo_gn_ac_b_se	svo	gn	nom-acc	balancing	sent	svo	SV	AVP	100	0.74	0	0.0	0.4909928798675537	bos_eos
seed_43	6_3_anc_omit_P	33_6_3_anc_omit_P	fig:heatmap-33-anc-omit-p	6.3 ANC omitted P	33_svo_gn_ac_b_pa	svo	gn	nom-acc	balancing	poss-acc	svo	SV	AVP	100	0.9	0	0.0	1.152644817829132	bos_eos
seed_43	6_3_anc_omit_P	33_6_3_anc_omit_P	fig:heatmap-33-anc-omit-p	6.3 ANC omitted P	34_svo_gn_ac_b_ep	svo	gn	nom-acc	balancing	erg-poss	sov	SV	PVA	100	0.99	0	0.0	2.434368257522583	bos_eos
seed_43	6_3_anc_omit_P	33_6_3_anc_omit_P	fig:heatmap-33-anc-omit-p	6.3 ANC omitted P	35_svo_gn_ac_b_no	svo	gn	nom-acc	balancing	nomn	svo	SV	AVP	100	0.92	0	0.0	1.2207207489013672	bos_eos
seed_43	6_3_anc_omit_P	33_6_3_anc_omit_P	fig:heatmap-33-anc-omit-p	6.3 ANC omitted P	36_svo_gn_ac_d_se	svo	gn	nom-acc	deranking	sent	svo	SV	AVP	100	0.99	0	0.0	1.475104489326477	bos_eos
seed_43	6_3_anc_omit_P	33_6_3_anc_omit_P	fig:heatmap-33-anc-omit-p	6.3 ANC omitted P	37_svo_gn_ac_d_pa	svo	gn	nom-acc	deranking	poss-acc	svo	SV	AVP	100	1.0	0	0.0	2.1060931992530825	bos_eos
seed_43	6_3_anc_omit_P	33_6_3_anc_omit_P	fig:heatmap-33-anc-omit-p	6.3 ANC omitted P	38_svo_gn_ac_d_ep	svo	gn	nom-acc	deranking	erg-poss	sov	SV	PVA	100	1.0	0	0.0	2.907353391647339	bos_eos
seed_43	6_3_anc_omit_P	33_6_3_anc_omit_P	fig:heatmap-33-anc-omit-p	6.3 ANC omitted P	39_svo_gn_ac_d_no	svo	gn	nom-acc	deranking	nomn	svo	SV	AVP	100	1.0	0	0.0	2.064015123844147	bos_eos
seed_43	6_3_anc_omit_P	33_6_3_anc_omit_P	fig:heatmap-33-anc-omit-p	6.3 ANC omitted P	40_svo_gn_er_b_se	svo	gn	erg-abs	balancing	sent	svo	SV	AVP	100	0.56	0	0.0	0.005231373310089112	bos_eos
seed_43	6_3_anc_omit_P	33_6_3_anc_omit_P	fig:heatmap-33-anc-omit-p	6.3 ANC omitted P	41_svo_gn_er_b_pa	svo	gn	erg-abs	balancing	poss-acc	svo	SV	AVP	100	0.72	0	0.0	0.425613431930542	bos_eos
seed_43	6_3_anc_omit_P	33_6_3_anc_omit_P	fig:heatmap-33-anc-omit-p	6.3 ANC omitted P	42_svo_gn_er_b_ep	svo	gn	erg-abs	balancing	erg-poss	sov	SV	PVA	100	0.51	0	0.0	0.0748256230354309	bos_eos
seed_43	6_3_anc_omit_P	33_6_3_anc_omit_P	fig:heatmap-33-anc-omit-p	6.3 ANC omitted P	43_svo_gn_er_b_no	svo	gn	erg-abs	balancing	nomn	svo	SV	AVP	100	0.71	0	0.0	0.39759881973266603	bos_eos
seed_43	6_3_anc_omit_P	33_6_3_anc_omit_P	fig:heatmap-33-anc-omit-p	6.3 ANC omitted P	44_svo_gn_er_d_se	svo	gn	erg-abs	deranking	sent	svo	SV	AVP	100	0.94	0	0.0	0.6816354417800903	bos_eos
seed_43	6_3_anc_omit_P	33_6_3_anc_omit_P	fig:heatmap-33-anc-omit-p	6.3 ANC omitted P	45_svo_gn_er_d_pa	svo	gn	erg-abs	deranking	poss-acc	svo	SV	AVP	100	0.89	0	0.0	0.8273235988616944	bos_eos
seed_43	6_3_anc_omit_P	33_6_3_anc_omit_P	fig:heatmap-33-anc-omit-p	6.3 ANC omitted P	46_svo_gn_er_d_ep	svo	gn	erg-abs	deranking	erg-poss	sov	SV	PVA	100	0.54	0	0.0	-0.012456645965576172	bos_eos
seed_43	6_3_anc_omit_P	33_6_3_anc_omit_P	fig:heatmap-33-anc-omit-p	6.3 ANC omitted P	47_svo_gn_er_d_no	svo	gn	erg-abs	deranking	nomn	svo	SV	AVP	100	0.87	0	0.0	0.7298631405830384	bos_eos
seed_43	6_3_anc_omit_P	33_6_3_anc_omit_P	fig:heatmap-33-anc-omit-p	6.3 ANC omitted P	48_svo_ng_ac_b_se	svo	ng	nom-acc	balancing	sent	svo	SV	AVP	100	0.77	0	0.0	0.5646498012542724	bos_eos
seed_43	6_3_anc_omit_P	33_6_3_anc_omit_P	fig:heatmap-33-anc-omit-p	6.3 ANC omitted P	49_svo_ng_ac_b_pa	svo	ng	nom-acc	balancing	poss-acc	vos	VS	VPA	100	1.0	0	0.0	3.7261165952682496	bos_eos
seed_43	6_3_anc_omit_P	33_6_3_anc_omit_P	fig:heatmap-33-anc-omit-p	6.3 ANC omitted P	50_svo_ng_ac_b_ep	svo	ng	nom-acc	balancing	erg-poss	vos	VS	VPA	100	1.0	0	0.0	3.1112378597259522	bos_eos
seed_43	6_3_anc_omit_P	33_6_3_anc_omit_P	fig:heatmap-33-anc-omit-p	6.3 ANC omitted P	51_svo_ng_ac_b_no	svo	ng	nom-acc	balancing	nomn	vos	VS	VPA	100	1.0	0	0.0	3.667816922664642	bos_eos
seed_43	6_3_anc_omit_P	33_6_3_anc_omit_P	fig:heatmap-33-anc-omit-p	6.3 ANC omitted P	52_svo_ng_ac_d_se	svo	ng	nom-acc	deranking	sent	svo	SV	AVP	100	0.98	0	0.0	1.4208500289916992	bos_eos
seed_43	6_3_anc_omit_P	33_6_3_anc_omit_P	fig:heatmap-33-anc-omit-p	6.3 ANC omitted P	53_svo_ng_ac_d_pa	svo	ng	nom-acc	deranking	poss-acc	vos	VS	VPA	100	1.0	0	0.0	3.6064307141304015	bos_eos
seed_43	6_3_anc_omit_P	33_6_3_anc_omit_P	fig:heatmap-33-anc-omit-p	6.3 ANC omitted P	54_svo_ng_ac_d_ep	svo	ng	nom-acc	deranking	erg-poss	vos	VS	VPA	100	1.0	0	0.0	3.043738317489624	bos_eos
seed_43	6_3_anc_omit_P	33_6_3_anc_omit_P	fig:heatmap-33-anc-omit-p	6.3 ANC omitted P	55_svo_ng_ac_d_no	svo	ng	nom-acc	deranking	nomn	vos	VS	VPA	100	1.0	0	0.0	3.5055454325675965	bos_eos
seed_43	6_3_anc_omit_P	33_6_3_anc_omit_P	fig:heatmap-33-anc-omit-p	6.3 ANC omitted P	56_svo_ng_er_b_se	svo	ng	erg-abs	balancing	sent	svo	SV	AVP	100	0.55	0	0.0	0.06316306352615357	bos_eos
seed_43	6_3_anc_omit_P	33_6_3_anc_omit_P	fig:heatmap-33-anc-omit-p	6.3 ANC omitted P	57_svo_ng_er_b_pa	svo	ng	erg-abs	balancing	poss-acc	vos	VS	VPA	100	0.84	0	0.0	0.856295382976532	bos_eos
seed_43	6_3_anc_omit_P	33_6_3_anc_omit_P	fig:heatmap-33-anc-omit-p	6.3 ANC omitted P	58_svo_ng_er_b_ep	svo	ng	erg-abs	balancing	erg-poss	vos	VS	VPA	100	0.75	0	0.0	0.5543626832962036	bos_eos
seed_43	6_3_anc_omit_P	33_6_3_anc_omit_P	fig:heatmap-33-anc-omit-p	6.3 ANC omitted P	59_svo_ng_er_b_no	svo	ng	erg-abs	balancing	nomn	vos	VS	VPA	100	0.9	0	0.0	1.0852487587928772	bos_eos
seed_43	6_3_anc_omit_P	33_6_3_anc_omit_P	fig:heatmap-33-anc-omit-p	6.3 ANC omitted P	60_svo_ng_er_d_se	svo	ng	erg-abs	deranking	sent	svo	SV	AVP	100	0.94	0	0.0	0.7886990642547608	bos_eos
seed_43	6_3_anc_omit_P	33_6_3_anc_omit_P	fig:heatmap-33-anc-omit-p	6.3 ANC omitted P	61_svo_ng_er_d_pa	svo	ng	erg-abs	deranking	poss-acc	vos	VS	VPA	100	0.88	0	0.0	0.7969278192520142	bos_eos
seed_43	6_3_anc_omit_P	33_6_3_anc_omit_P	fig:heatmap-33-anc-omit-p	6.3 ANC omitted P	62_svo_ng_er_d_ep	svo	ng	erg-abs	deranking	erg-poss	vos	VS	VPA	100	0.66	0	0.0	0.32835752964019777	bos_eos
seed_43	6_3_anc_omit_P	33_6_3_anc_omit_P	fig:heatmap-33-anc-omit-p	6.3 ANC omitted P	63_svo_ng_er_d_no	svo	ng	erg-abs	deranking	nomn	vos	VS	VPA	100	0.85	0	0.0	0.7381756424903869	bos_eos
seed_43	6_3_anc_omit_P	33_6_3_anc_omit_P	fig:heatmap-33-anc-omit-p	6.3 ANC omitted P	64_vos_gn_ac_b_se	vos	gn	nom-acc	balancing	sent	vos	VS	VPA	100	0.72	0	0.0	0.6129910588264466	bos_eos
seed_43	6_3_anc_omit_P	33_6_3_anc_omit_P	fig:heatmap-33-anc-omit-p	6.3 ANC omitted P	65_vos_gn_ac_b_pa	vos	gn	nom-acc	balancing	poss-acc	svo	SV	AVP	100	1.0	0	0.0	2.8233744072914124	bos_eos
seed_43	6_3_anc_omit_P	33_6_3_anc_omit_P	fig:heatmap-33-anc-omit-p	6.3 ANC omitted P	66_vos_gn_ac_b_ep	vos	gn	nom-acc	balancing	erg-poss	sov	SV	PVA	100	0.67	0	0.0	0.4900309324264526	bos_eos
seed_43	6_3_anc_omit_P	33_6_3_anc_omit_P	fig:heatmap-33-anc-omit-p	6.3 ANC omitted P	67_vos_gn_ac_b_no	vos	gn	nom-acc	balancing	nomn	svo	SV	AVP	100	1.0	0	0.0	2.50752170085907	bos_eos
seed_43	6_3_anc_omit_P	33_6_3_anc_omit_P	fig:heatmap-33-anc-omit-p	6.3 ANC omitted P	68_vos_gn_ac_d_se	vos	gn	nom-acc	deranking	sent	vos	VS	VPA	100	1.0	0	0.0	3.1132439732551576	bos_eos
seed_43	6_3_anc_omit_P	33_6_3_anc_omit_P	fig:heatmap-33-anc-omit-p	6.3 ANC omitted P	69_vos_gn_ac_d_pa	vos	gn	nom-acc	deranking	poss-acc	svo	SV	AVP	100	1.0	0	0.0	3.5342972326278685	bos_eos
seed_43	6_3_anc_omit_P	33_6_3_anc_omit_P	fig:heatmap-33-anc-omit-p	6.3 ANC omitted P	70_vos_gn_ac_d_ep	vos	gn	nom-acc	deranking	erg-poss	sov	SV	PVA	100	1.0	0	0.0	3.0870325922966004	bos_eos
seed_43	6_3_anc_omit_P	33_6_3_anc_omit_P	fig:heatmap-33-anc-omit-p	6.3 ANC omitted P	71_vos_gn_ac_d_no	vos	gn	nom-acc	deranking	nomn	svo	SV	AVP	100	1.0	0	0.0	3.746543107032776	bos_eos
seed_43	6_3_anc_omit_P	33_6_3_anc_omit_P	fig:heatmap-33-anc-omit-p	6.3 ANC omitted P	72_vos_gn_er_b_se	vos	gn	erg-abs	balancing	sent	vos	VS	VPA	100	0.51	0	0.0	-0.026731207370758056	bos_eos
seed_43	6_3_anc_omit_P	33_6_3_anc_omit_P	fig:heatmap-33-anc-omit-p	6.3 ANC omitted P	73_vos_gn_er_b_pa	vos	gn	erg-abs	balancing	poss-acc	svo	SV	AVP	100	0.98	0	0.0	1.6102849984169005	bos_eos
seed_43	6_3_anc_omit_P	33_6_3_anc_omit_P	fig:heatmap-33-anc-omit-p	6.3 ANC omitted P	74_vos_gn_er_b_ep	vos	gn	erg-abs	balancing	erg-poss	sov	SV	PVA	100	0.28	0	0.0	-0.5103148221969604	bos_eos
seed_43	6_3_anc_omit_P	33_6_3_anc_omit_P	fig:heatmap-33-anc-omit-p	6.3 ANC omitted P	75_vos_gn_er_b_no	vos	gn	erg-abs	balancing	nomn	svo	SV	AVP	100	0.95	0	0.0	1.3816229104995728	bos_eos
seed_43	6_3_anc_omit_P	33_6_3_anc_omit_P	fig:heatmap-33-anc-omit-p	6.3 ANC omitted P	76_vos_gn_er_d_se	vos	gn	erg-abs	deranking	sent	vos	VS	VPA	100	0.99	0	0.0	1.4451368999481202	bos_eos
seed_43	6_3_anc_omit_P	33_6_3_anc_omit_P	fig:heatmap-33-anc-omit-p	6.3 ANC omitted P	77_vos_gn_er_d_pa	vos	gn	erg-abs	deranking	poss-acc	svo	SV	AVP	100	0.99	0	0.0	2.115382890701294	bos_eos
seed_43	6_3_anc_omit_P	33_6_3_anc_omit_P	fig:heatmap-33-anc-omit-p	6.3 ANC omitted P	78_vos_gn_er_d_ep	vos	gn	erg-abs	deranking	erg-poss	sov	SV	PVA	100	0.95	0	0.0	0.950373420715332	bos_eos
seed_43	6_3_anc_omit_P	33_6_3_anc_omit_P	fig:heatmap-33-anc-omit-p	6.3 ANC omitted P	79_vos_gn_er_d_no	vos	gn	erg-abs	deranking	nomn	svo	SV	AVP	100	0.98	0	0.0	2.1916351985931395	bos_eos
seed_43	6_3_anc_omit_P	33_6_3_anc_omit_P	fig:heatmap-33-anc-omit-p	6.3 ANC omitted P	80_vos_ng_ac_b_se	vos	ng	nom-acc	balancing	sent	vos	VS	VPA	100	0.81	0	0.0	0.8316453003883362	bos_eos
seed_43	6_3_anc_omit_P	33_6_3_anc_omit_P	fig:heatmap-33-anc-omit-p	6.3 ANC omitted P	81_vos_ng_ac_b_pa	vos	ng	nom-acc	balancing	poss-acc	vos	VS	VPA	100	0.92	0	0.0	1.21347314119339	bos_eos
seed_43	6_3_anc_omit_P	33_6_3_anc_omit_P	fig:heatmap-33-anc-omit-p	6.3 ANC omitted P	82_vos_ng_ac_b_ep	vos	ng	nom-acc	balancing	erg-poss	vos	VS	VPA	100	0.77	0	0.0	0.6195230102539062	bos_eos
seed_43	6_3_anc_omit_P	33_6_3_anc_omit_P	fig:heatmap-33-anc-omit-p	6.3 ANC omitted P	83_vos_ng_ac_b_no	vos	ng	nom-acc	balancing	nomn	vos	VS	VPA	100	0.94	0	0.0	1.351519889831543	bos_eos
seed_43	6_3_anc_omit_P	33_6_3_anc_omit_P	fig:heatmap-33-anc-omit-p	6.3 ANC omitted P	84_vos_ng_ac_d_se	vos	ng	nom-acc	deranking	sent	vos	VS	VPA	100	1.0	0	0.0	2.9012261986732484	bos_eos
seed_43	6_3_anc_omit_P	33_6_3_anc_omit_P	fig:heatmap-33-anc-omit-p	6.3 ANC omitted P	85_vos_ng_ac_d_pa	vos	ng	nom-acc	deranking	poss-acc	vos	VS	VPA	100	1.0	0	0.0	3.3183253693580625	bos_eos
seed_43	6_3_anc_omit_P	33_6_3_anc_omit_P	fig:heatmap-33-anc-omit-p	6.3 ANC omitted P	86_vos_ng_ac_d_ep	vos	ng	nom-acc	deranking	erg-poss	vos	VS	VPA	100	1.0	0	0.0	2.8336627531051635	bos_eos
seed_43	6_3_anc_omit_P	33_6_3_anc_omit_P	fig:heatmap-33-anc-omit-p	6.3 ANC omitted P	87_vos_ng_ac_d_no	vos	ng	nom-acc	deranking	nomn	vos	VS	VPA	100	1.0	0	0.0	3.515895273685455	bos_eos
seed_43	6_3_anc_omit_P	33_6_3_anc_omit_P	fig:heatmap-33-anc-omit-p	6.3 ANC omitted P	88_vos_ng_er_b_se	vos	ng	erg-abs	balancing	sent	vos	VS	VPA	100	0.52	0	0.0	0.05395219087600708	bos_eos
seed_43	6_3_anc_omit_P	33_6_3_anc_omit_P	fig:heatmap-33-anc-omit-p	6.3 ANC omitted P	89_vos_ng_er_b_pa	vos	ng	erg-abs	balancing	poss-acc	vos	VS	VPA	100	0.68	0	0.0	0.27684409618377687	bos_eos
seed_43	6_3_anc_omit_P	33_6_3_anc_omit_P	fig:heatmap-33-anc-omit-p	6.3 ANC omitted P	90_vos_ng_er_b_ep	vos	ng	erg-abs	balancing	erg-poss	vos	VS	VPA	100	0.37	0	0.0	-0.3864038324356079	bos_eos
seed_43	6_3_anc_omit_P	33_6_3_anc_omit_P	fig:heatmap-33-anc-omit-p	6.3 ANC omitted P	91_vos_ng_er_b_no	vos	ng	erg-abs	balancing	nomn	vos	VS	VPA	100	0.63	0	0.0	0.20810294151306152	bos_eos
seed_43	6_3_anc_omit_P	33_6_3_anc_omit_P	fig:heatmap-33-anc-omit-p	6.3 ANC omitted P	92_vos_ng_er_d_se	vos	ng	erg-abs	deranking	sent	vos	VS	VPA	100	0.98	0	0.0	1.18757600069046	bos_eos
seed_43	6_3_anc_omit_P	33_6_3_anc_omit_P	fig:heatmap-33-anc-omit-p	6.3 ANC omitted P	93_vos_ng_er_d_pa	vos	ng	erg-abs	deranking	poss-acc	vos	VS	VPA	100	0.95	0	0.0	0.9916125679016113	bos_eos
seed_43	6_3_anc_omit_P	33_6_3_anc_omit_P	fig:heatmap-33-anc-omit-p	6.3 ANC omitted P	94_vos_ng_er_d_ep	vos	ng	erg-abs	deranking	erg-poss	vos	VS	VPA	100	0.88	0	0.0	0.7088441061973572	bos_eos
seed_43	6_3_anc_omit_P	33_6_3_anc_omit_P	fig:heatmap-33-anc-omit-p	6.3 ANC omitted P	95_vos_ng_er_d_no	vos	ng	erg-abs	deranking	nomn	vos	VS	VPA	100	0.98	0	0.0	1.1314329147338866	bos_eos
seed_43	6_4_anc_omit_A_P	34_6_4_anc_omit_A_P	fig:heatmap-34-anc-omit-a-p	6.4 ANC omitted A+P	00_sov_gn_ac_b_se	sov	gn	nom-acc	balancing	sent	sov	SV	APV	100	0.93	0	0.0	1.8064265871047973	bos_eos
seed_43	6_4_anc_omit_A_P	34_6_4_anc_omit_A_P	fig:heatmap-34-anc-omit-a-p	6.4 ANC omitted A+P	01_sov_gn_ac_b_pa	sov	gn	nom-acc	balancing	poss-acc	sov	SV	APV	100	0.92	0	0.0	1.8088034057617188	bos_eos
seed_43	6_4_anc_omit_A_P	34_6_4_anc_omit_A_P	fig:heatmap-34-anc-omit-a-p	6.4 ANC omitted A+P	02_sov_gn_ac_b_ep	sov	gn	nom-acc	balancing	erg-poss	sov	SV	APV	100	0.92	0	0.0	1.8827283120155334	bos_eos
seed_43	6_4_anc_omit_A_P	34_6_4_anc_omit_A_P	fig:heatmap-34-anc-omit-a-p	6.4 ANC omitted A+P	03_sov_gn_ac_b_no	sov	gn	nom-acc	balancing	nomn	sov	SV	APV	100	0.94	0	0.0	1.8141444540023803	bos_eos
seed_43	6_4_anc_omit_A_P	34_6_4_anc_omit_A_P	fig:heatmap-34-anc-omit-a-p	6.4 ANC omitted A+P	04_sov_gn_ac_d_se	sov	gn	nom-acc	deranking	sent	sov	SV	APV	100	1.0	0	0.0	2.663709275722504	bos_eos
seed_43	6_4_anc_omit_A_P	34_6_4_anc_omit_A_P	fig:heatmap-34-anc-omit-a-p	6.4 ANC omitted A+P	05_sov_gn_ac_d_pa	sov	gn	nom-acc	deranking	poss-acc	sov	SV	APV	100	0.99	0	0.0	2.67568288564682	bos_eos
seed_43	6_4_anc_omit_A_P	34_6_4_anc_omit_A_P	fig:heatmap-34-anc-omit-a-p	6.4 ANC omitted A+P	06_sov_gn_ac_d_ep	sov	gn	nom-acc	deranking	erg-poss	sov	SV	APV	100	1.0	0	0.0	2.793110575675964	bos_eos
seed_43	6_4_anc_omit_A_P	34_6_4_anc_omit_A_P	fig:heatmap-34-anc-omit-a-p	6.4 ANC omitted A+P	07_sov_gn_ac_d_no	sov	gn	nom-acc	deranking	nomn	sov	SV	APV	100	1.0	0	0.0	2.768795299530029	bos_eos
seed_43	6_4_anc_omit_A_P	34_6_4_anc_omit_A_P	fig:heatmap-34-anc-omit-a-p	6.4 ANC omitted A+P	08_sov_gn_er_b_se	sov	gn	erg-abs	balancing	sent	sov	SV	APV	100	0.75	0	0.0	0.5691850876808167	bos_eos
seed_43	6_4_anc_omit_A_P	34_6_4_anc_omit_A_P	fig:heatmap-34-anc-omit-a-p	6.4 ANC omitted A+P	09_sov_gn_er_b_pa	sov	gn	erg-abs	balancing	poss-acc	sov	SV	APV	100	0.77	0	0.0	0.5213447546958924	bos_eos
seed_43	6_4_anc_omit_A_P	34_6_4_anc_omit_A_P	fig:heatmap-34-anc-omit-a-p	6.4 ANC omitted A+P	10_sov_gn_er_b_ep	sov	gn	erg-abs	balancing	erg-poss	sov	SV	APV	100	0.75	0	0.0	0.5236307501792907	bos_eos
seed_43	6_4_anc_omit_A_P	34_6_4_anc_omit_A_P	fig:heatmap-34-anc-omit-a-p	6.4 ANC omitted A+P	11_sov_gn_er_b_no	sov	gn	erg-abs	balancing	nomn	sov	SV	APV	100	0.8	0	0.0	0.5169873404502868	bos_eos
seed_43	6_4_anc_omit_A_P	34_6_4_anc_omit_A_P	fig:heatmap-34-anc-omit-a-p	6.4 ANC omitted A+P	12_sov_gn_er_d_se	sov	gn	erg-abs	deranking	sent	sov	SV	APV	100	0.92	0	0.0	0.8675885939598084	bos_eos
seed_43	6_4_anc_omit_A_P	34_6_4_anc_omit_A_P	fig:heatmap-34-anc-omit-a-p	6.4 ANC omitted A+P	13_sov_gn_er_d_pa	sov	gn	erg-abs	deranking	poss-acc	sov	SV	APV	100	0.84	0	0.0	0.921086790561676	bos_eos
seed_43	6_4_anc_omit_A_P	34_6_4_anc_omit_A_P	fig:heatmap-34-anc-omit-a-p	6.4 ANC omitted A+P	14_sov_gn_er_d_ep	sov	gn	erg-abs	deranking	erg-poss	sov	SV	APV	100	0.89	0	0.0	0.9129621887207031	bos_eos
seed_43	6_4_anc_omit_A_P	34_6_4_anc_omit_A_P	fig:heatmap-34-anc-omit-a-p	6.4 ANC omitted A+P	15_sov_gn_er_d_no	sov	gn	erg-abs	deranking	nomn	sov	SV	APV	100	0.86	0	0.0	0.8689656686782837	bos_eos
seed_43	6_4_anc_omit_A_P	34_6_4_anc_omit_A_P	fig:heatmap-34-anc-omit-a-p	6.4 ANC omitted A+P	16_sov_ng_ac_b_se	sov	ng	nom-acc	balancing	sent	sov	SV	APV	100	0.93	0	0.0	1.8067184162139893	bos_eos
seed_43	6_4_anc_omit_A_P	34_6_4_anc_omit_A_P	fig:heatmap-34-anc-omit-a-p	6.4 ANC omitted A+P	17_sov_ng_ac_b_pa	sov	ng	nom-acc	balancing	poss-acc	ovs	VS	PVA	100	0.93	0	0.0	1.8942577505111695	bos_eos
seed_43	6_4_anc_omit_A_P	34_6_4_anc_omit_A_P	fig:heatmap-34-anc-omit-a-p	6.4 ANC omitted A+P	18_sov_ng_ac_b_ep	sov	ng	nom-acc	balancing	erg-poss	vos	VS	AVP	100	0.94	0	0.0	1.7995862579345703	bos_eos
seed_43	6_4_anc_omit_A_P	34_6_4_anc_omit_A_P	fig:heatmap-34-anc-omit-a-p	6.4 ANC omitted A+P	19_sov_ng_ac_b_no	sov	ng	nom-acc	balancing	nomn	ovs	VS	PVA	100	0.94	0	0.0	1.822161030769348	bos_eos
seed_43	6_4_anc_omit_A_P	34_6_4_anc_omit_A_P	fig:heatmap-34-anc-omit-a-p	6.4 ANC omitted A+P	20_sov_ng_ac_d_se	sov	ng	nom-acc	deranking	sent	sov	SV	APV	100	0.99	0	0.0	2.726350314617157	bos_eos
seed_43	6_4_anc_omit_A_P	34_6_4_anc_omit_A_P	fig:heatmap-34-anc-omit-a-p	6.4 ANC omitted A+P	21_sov_ng_ac_d_pa	sov	ng	nom-acc	deranking	poss-acc	ovs	VS	PVA	100	1.0	0	0.0	2.6134198260307313	bos_eos
seed_43	6_4_anc_omit_A_P	34_6_4_anc_omit_A_P	fig:heatmap-34-anc-omit-a-p	6.4 ANC omitted A+P	22_sov_ng_ac_d_ep	sov	ng	nom-acc	deranking	erg-poss	vos	VS	AVP	100	1.0	0	0.0	2.5253819680213927	bos_eos
seed_43	6_4_anc_omit_A_P	34_6_4_anc_omit_A_P	fig:heatmap-34-anc-omit-a-p	6.4 ANC omitted A+P	23_sov_ng_ac_d_no	sov	ng	nom-acc	deranking	nomn	ovs	VS	PVA	100	1.0	0	0.0	2.692806210517883	bos_eos
seed_43	6_4_anc_omit_A_P	34_6_4_anc_omit_A_P	fig:heatmap-34-anc-omit-a-p	6.4 ANC omitted A+P	24_sov_ng_er_b_se	sov	ng	erg-abs	balancing	sent	sov	SV	APV	100	0.74	0	0.0	0.5555264282226563	bos_eos
seed_43	6_4_anc_omit_A_P	34_6_4_anc_omit_A_P	fig:heatmap-34-anc-omit-a-p	6.4 ANC omitted A+P	25_sov_ng_er_b_pa	sov	ng	erg-abs	balancing	poss-acc	ovs	VS	PVA	100	0.8	0	0.0	0.5789674854278565	bos_eos
seed_43	6_4_anc_omit_A_P	34_6_4_anc_omit_A_P	fig:heatmap-34-anc-omit-a-p	6.4 ANC omitted A+P	26_sov_ng_er_b_ep	sov	ng	erg-abs	balancing	erg-poss	vos	VS	AVP	100	0.81	0	0.0	0.6446288537979126	bos_eos
seed_43	6_4_anc_omit_A_P	34_6_4_anc_omit_A_P	fig:heatmap-34-anc-omit-a-p	6.4 ANC omitted A+P	27_sov_ng_er_b_no	sov	ng	erg-abs	balancing	nomn	ovs	VS	PVA	100	0.73	0	0.0	0.47887301921844483	bos_eos
seed_43	6_4_anc_omit_A_P	34_6_4_anc_omit_A_P	fig:heatmap-34-anc-omit-a-p	6.4 ANC omitted A+P	28_sov_ng_er_d_se	sov	ng	erg-abs	deranking	sent	sov	SV	APV	100	0.82	0	0.0	0.8758483242988586	bos_eos
seed_43	6_4_anc_omit_A_P	34_6_4_anc_omit_A_P	fig:heatmap-34-anc-omit-a-p	6.4 ANC omitted A+P	29_sov_ng_er_d_pa	sov	ng	erg-abs	deranking	poss-acc	ovs	VS	PVA	100	0.9	0	0.0	0.8520155429840088	bos_eos
seed_43	6_4_anc_omit_A_P	34_6_4_anc_omit_A_P	fig:heatmap-34-anc-omit-a-p	6.4 ANC omitted A+P	30_sov_ng_er_d_ep	sov	ng	erg-abs	deranking	erg-poss	vos	VS	AVP	100	0.86	0	0.0	0.8595536327362061	bos_eos
seed_43	6_4_anc_omit_A_P	34_6_4_anc_omit_A_P	fig:heatmap-34-anc-omit-a-p	6.4 ANC omitted A+P	31_sov_ng_er_d_no	sov	ng	erg-abs	deranking	nomn	ovs	VS	PVA	100	0.86	0	0.0	0.8584809136390686	bos_eos
seed_43	6_4_anc_omit_A_P	34_6_4_anc_omit_A_P	fig:heatmap-34-anc-omit-a-p	6.4 ANC omitted A+P	32_svo_gn_ac_b_se	svo	gn	nom-acc	balancing	sent	svo	SV	AVP	100	0.99	0	0.0	1.9266429734230042	bos_eos
seed_43	6_4_anc_omit_A_P	34_6_4_anc_omit_A_P	fig:heatmap-34-anc-omit-a-p	6.4 ANC omitted A+P	33_svo_gn_ac_b_pa	svo	gn	nom-acc	balancing	poss-acc	svo	SV	AVP	100	0.99	0	0.0	1.9074227070808412	bos_eos
seed_43	6_4_anc_omit_A_P	34_6_4_anc_omit_A_P	fig:heatmap-34-anc-omit-a-p	6.4 ANC omitted A+P	34_svo_gn_ac_b_ep	svo	gn	nom-acc	balancing	erg-poss	sov	SV	PVA	100	0.97	0	0.0	1.8426240611076354	bos_eos
seed_43	6_4_anc_omit_A_P	34_6_4_anc_omit_A_P	fig:heatmap-34-anc-omit-a-p	6.4 ANC omitted A+P	35_svo_gn_ac_b_no	svo	gn	nom-acc	balancing	nomn	svo	SV	AVP	100	1.0	0	0.0	2.0290044474601747	bos_eos
seed_43	6_4_anc_omit_A_P	34_6_4_anc_omit_A_P	fig:heatmap-34-anc-omit-a-p	6.4 ANC omitted A+P	36_svo_gn_ac_d_se	svo	gn	nom-acc	deranking	sent	svo	SV	AVP	100	1.0	0	0.0	2.207136950492859	bos_eos
seed_43	6_4_anc_omit_A_P	34_6_4_anc_omit_A_P	fig:heatmap-34-anc-omit-a-p	6.4 ANC omitted A+P	37_svo_gn_ac_d_pa	svo	gn	nom-acc	deranking	poss-acc	svo	SV	AVP	100	0.98	0	0.0	1.9670011711120605	bos_eos
seed_43	6_4_anc_omit_A_P	34_6_4_anc_omit_A_P	fig:heatmap-34-anc-omit-a-p	6.4 ANC omitted A+P	38_svo_gn_ac_d_ep	svo	gn	nom-acc	deranking	erg-poss	sov	SV	PVA	100	1.0	0	0.0	2.3500759768486024	bos_eos
seed_43	6_4_anc_omit_A_P	34_6_4_anc_omit_A_P	fig:heatmap-34-anc-omit-a-p	6.4 ANC omitted A+P	39_svo_gn_ac_d_no	svo	gn	nom-acc	deranking	nomn	svo	SV	AVP	100	1.0	0	0.0	2.3553835678100588	bos_eos
seed_43	6_4_anc_omit_A_P	34_6_4_anc_omit_A_P	fig:heatmap-34-anc-omit-a-p	6.4 ANC omitted A+P	40_svo_gn_er_b_se	svo	gn	erg-abs	balancing	sent	svo	SV	AVP	100	0.8	0	0.0	0.6170772790908814	bos_eos
seed_43	6_4_anc_omit_A_P	34_6_4_anc_omit_A_P	fig:heatmap-34-anc-omit-a-p	6.4 ANC omitted A+P	41_svo_gn_er_b_pa	svo	gn	erg-abs	balancing	poss-acc	svo	SV	AVP	100	0.75	0	0.0	0.5143666362762451	bos_eos
seed_43	6_4_anc_omit_A_P	34_6_4_anc_omit_A_P	fig:heatmap-34-anc-omit-a-p	6.4 ANC omitted A+P	42_svo_gn_er_b_ep	svo	gn	erg-abs	balancing	erg-poss	sov	SV	PVA	100	0.78	0	0.0	0.5030863690376282	bos_eos
seed_43	6_4_anc_omit_A_P	34_6_4_anc_omit_A_P	fig:heatmap-34-anc-omit-a-p	6.4 ANC omitted A+P	43_svo_gn_er_b_no	svo	gn	erg-abs	balancing	nomn	svo	SV	AVP	100	0.75	0	0.0	0.6649281239509582	bos_eos
seed_43	6_4_anc_omit_A_P	34_6_4_anc_omit_A_P	fig:heatmap-34-anc-omit-a-p	6.4 ANC omitted A+P	44_svo_gn_er_d_se	svo	gn	erg-abs	deranking	sent	svo	SV	AVP	100	0.87	0	0.0	0.9332656502723694	bos_eos
seed_43	6_4_anc_omit_A_P	34_6_4_anc_omit_A_P	fig:heatmap-34-anc-omit-a-p	6.4 ANC omitted A+P	45_svo_gn_er_d_pa	svo	gn	erg-abs	deranking	poss-acc	svo	SV	AVP	100	0.83	0	0.0	1.012808258533478	bos_eos
seed_43	6_4_anc_omit_A_P	34_6_4_anc_omit_A_P	fig:heatmap-34-anc-omit-a-p	6.4 ANC omitted A+P	46_svo_gn_er_d_ep	svo	gn	erg-abs	deranking	erg-poss	sov	SV	PVA	100	0.88	0	0.0	0.7663733935356141	bos_eos
seed_43	6_4_anc_omit_A_P	34_6_4_anc_omit_A_P	fig:heatmap-34-anc-omit-a-p	6.4 ANC omitted A+P	47_svo_gn_er_d_no	svo	gn	erg-abs	deranking	nomn	svo	SV	AVP	100	0.87	0	0.0	0.9336576247215271	bos_eos
seed_43	6_4_anc_omit_A_P	34_6_4_anc_omit_A_P	fig:heatmap-34-anc-omit-a-p	6.4 ANC omitted A+P	48_svo_ng_ac_b_se	svo	ng	nom-acc	balancing	sent	svo	SV	AVP	100	0.99	0	0.0	1.8941681218147277	bos_eos
seed_43	6_4_anc_omit_A_P	34_6_4_anc_omit_A_P	fig:heatmap-34-anc-omit-a-p	6.4 ANC omitted A+P	49_svo_ng_ac_b_pa	svo	ng	nom-acc	balancing	poss-acc	vos	VS	VPA	100	0.97	0	0.0	1.9532208609580994	bos_eos
seed_43	6_4_anc_omit_A_P	34_6_4_anc_omit_A_P	fig:heatmap-34-anc-omit-a-p	6.4 ANC omitted A+P	50_svo_ng_ac_b_ep	svo	ng	nom-acc	balancing	erg-poss	vos	VS	VPA	100	0.97	0	0.0	1.9590942192077636	bos_eos
seed_43	6_4_anc_omit_A_P	34_6_4_anc_omit_A_P	fig:heatmap-34-anc-omit-a-p	6.4 ANC omitted A+P	51_svo_ng_ac_b_no	svo	ng	nom-acc	balancing	nomn	vos	VS	VPA	100	0.99	0	0.0	1.9791667652130127	bos_eos
seed_43	6_4_anc_omit_A_P	34_6_4_anc_omit_A_P	fig:heatmap-34-anc-omit-a-p	6.4 ANC omitted A+P	52_svo_ng_ac_d_se	svo	ng	nom-acc	deranking	sent	svo	SV	AVP	100	0.99	0	0.0	1.9820847725868225	bos_eos
seed_43	6_4_anc_omit_A_P	34_6_4_anc_omit_A_P	fig:heatmap-34-anc-omit-a-p	6.4 ANC omitted A+P	53_svo_ng_ac_d_pa	svo	ng	nom-acc	deranking	poss-acc	vos	VS	VPA	100	1.0	0	0.0	2.2774422407150268	bos_eos
seed_43	6_4_anc_omit_A_P	34_6_4_anc_omit_A_P	fig:heatmap-34-anc-omit-a-p	6.4 ANC omitted A+P	54_svo_ng_ac_d_ep	svo	ng	nom-acc	deranking	erg-poss	vos	VS	VPA	100	1.0	0	0.0	2.07054092168808	bos_eos
seed_43	6_4_anc_omit_A_P	34_6_4_anc_omit_A_P	fig:heatmap-34-anc-omit-a-p	6.4 ANC omitted A+P	55_svo_ng_ac_d_no	svo	ng	nom-acc	deranking	nomn	vos	VS	VPA	100	1.0	0	0.0	2.191062114238739	bos_eos
seed_43	6_4_anc_omit_A_P	34_6_4_anc_omit_A_P	fig:heatmap-34-anc-omit-a-p	6.4 ANC omitted A+P	56_svo_ng_er_b_se	svo	ng	erg-abs	balancing	sent	svo	SV	AVP	100	0.74	0	0.0	0.4805213642120361	bos_eos
seed_43	6_4_anc_omit_A_P	34_6_4_anc_omit_A_P	fig:heatmap-34-anc-omit-a-p	6.4 ANC omitted A+P	57_svo_ng_er_b_pa	svo	ng	erg-abs	balancing	poss-acc	vos	VS	VPA	100	0.76	0	0.0	0.6671446371078491	bos_eos
seed_43	6_4_anc_omit_A_P	34_6_4_anc_omit_A_P	fig:heatmap-34-anc-omit-a-p	6.4 ANC omitted A+P	58_svo_ng_er_b_ep	svo	ng	erg-abs	balancing	erg-poss	vos	VS	VPA	100	0.76	0	0.0	0.7176686453819275	bos_eos
seed_43	6_4_anc_omit_A_P	34_6_4_anc_omit_A_P	fig:heatmap-34-anc-omit-a-p	6.4 ANC omitted A+P	59_svo_ng_er_b_no	svo	ng	erg-abs	balancing	nomn	vos	VS	VPA	100	0.81	0	0.0	0.8168481397628784	bos_eos
seed_43	6_4_anc_omit_A_P	34_6_4_anc_omit_A_P	fig:heatmap-34-anc-omit-a-p	6.4 ANC omitted A+P	60_svo_ng_er_d_se	svo	ng	erg-abs	deranking	sent	svo	SV	AVP	100	0.85	0	0.0	0.8714422059059143	bos_eos
seed_43	6_4_anc_omit_A_P	34_6_4_anc_omit_A_P	fig:heatmap-34-anc-omit-a-p	6.4 ANC omitted A+P	61_svo_ng_er_d_pa	svo	ng	erg-abs	deranking	poss-acc	vos	VS	VPA	100	0.81	0	0.0	0.9024527740478515	bos_eos
seed_43	6_4_anc_omit_A_P	34_6_4_anc_omit_A_P	fig:heatmap-34-anc-omit-a-p	6.4 ANC omitted A+P	62_svo_ng_er_d_ep	svo	ng	erg-abs	deranking	erg-poss	vos	VS	VPA	100	0.83	0	0.0	0.9793266534805298	bos_eos
seed_43	6_4_anc_omit_A_P	34_6_4_anc_omit_A_P	fig:heatmap-34-anc-omit-a-p	6.4 ANC omitted A+P	63_svo_ng_er_d_no	svo	ng	erg-abs	deranking	nomn	vos	VS	VPA	100	0.87	0	0.0	1.0161156415939332	bos_eos
seed_43	6_4_anc_omit_A_P	34_6_4_anc_omit_A_P	fig:heatmap-34-anc-omit-a-p	6.4 ANC omitted A+P	64_vos_gn_ac_b_se	vos	gn	nom-acc	balancing	sent	vos	VS	VPA	100	0.88	0	0.0	1.1750674390792846	bos_eos
seed_43	6_4_anc_omit_A_P	34_6_4_anc_omit_A_P	fig:heatmap-34-anc-omit-a-p	6.4 ANC omitted A+P	65_vos_gn_ac_b_pa	vos	gn	nom-acc	balancing	poss-acc	svo	SV	AVP	100	0.91	0	0.0	1.4250789618492126	bos_eos
seed_43	6_4_anc_omit_A_P	34_6_4_anc_omit_A_P	fig:heatmap-34-anc-omit-a-p	6.4 ANC omitted A+P	66_vos_gn_ac_b_ep	vos	gn	nom-acc	balancing	erg-poss	sov	SV	PVA	100	0.9	0	0.0	1.187845437526703	bos_eos
seed_43	6_4_anc_omit_A_P	34_6_4_anc_omit_A_P	fig:heatmap-34-anc-omit-a-p	6.4 ANC omitted A+P	67_vos_gn_ac_b_no	vos	gn	nom-acc	balancing	nomn	svo	SV	AVP	100	0.91	0	0.0	1.1704181551933288	bos_eos
seed_43	6_4_anc_omit_A_P	34_6_4_anc_omit_A_P	fig:heatmap-34-anc-omit-a-p	6.4 ANC omitted A+P	68_vos_gn_ac_d_se	vos	gn	nom-acc	deranking	sent	vos	VS	VPA	100	1.0	0	0.0	2.867283277511597	bos_eos
seed_43	6_4_anc_omit_A_P	34_6_4_anc_omit_A_P	fig:heatmap-34-anc-omit-a-p	6.4 ANC omitted A+P	69_vos_gn_ac_d_pa	vos	gn	nom-acc	deranking	poss-acc	svo	SV	AVP	100	1.0	0	0.0	2.6914503359794617	bos_eos
seed_43	6_4_anc_omit_A_P	34_6_4_anc_omit_A_P	fig:heatmap-34-anc-omit-a-p	6.4 ANC omitted A+P	70_vos_gn_ac_d_ep	vos	gn	nom-acc	deranking	erg-poss	sov	SV	PVA	100	1.0	0	0.0	2.873852028846741	bos_eos
seed_43	6_4_anc_omit_A_P	34_6_4_anc_omit_A_P	fig:heatmap-34-anc-omit-a-p	6.4 ANC omitted A+P	71_vos_gn_ac_d_no	vos	gn	nom-acc	deranking	nomn	svo	SV	AVP	100	1.0	0	0.0	2.9564042234420778	bos_eos
seed_43	6_4_anc_omit_A_P	34_6_4_anc_omit_A_P	fig:heatmap-34-anc-omit-a-p	6.4 ANC omitted A+P	72_vos_gn_er_b_se	vos	gn	erg-abs	balancing	sent	vos	VS	VPA	100	0.79	0	0.0	0.7275484538078308	bos_eos
seed_43	6_4_anc_omit_A_P	34_6_4_anc_omit_A_P	fig:heatmap-34-anc-omit-a-p	6.4 ANC omitted A+P	73_vos_gn_er_b_pa	vos	gn	erg-abs	balancing	poss-acc	svo	SV	AVP	100	0.83	0	0.0	0.7271085429191589	bos_eos
seed_43	6_4_anc_omit_A_P	34_6_4_anc_omit_A_P	fig:heatmap-34-anc-omit-a-p	6.4 ANC omitted A+P	74_vos_gn_er_b_ep	vos	gn	erg-abs	balancing	erg-poss	sov	SV	PVA	100	0.78	0	0.0	0.6564900016784668	bos_eos
seed_43	6_4_anc_omit_A_P	34_6_4_anc_omit_A_P	fig:heatmap-34-anc-omit-a-p	6.4 ANC omitted A+P	75_vos_gn_er_b_no	vos	gn	erg-abs	balancing	nomn	svo	SV	AVP	100	0.83	0	0.0	0.7743425464630127	bos_eos
seed_43	6_4_anc_omit_A_P	34_6_4_anc_omit_A_P	fig:heatmap-34-anc-omit-a-p	6.4 ANC omitted A+P	76_vos_gn_er_d_se	vos	gn	erg-abs	deranking	sent	vos	VS	VPA	100	0.94	0	0.0	1.0402943992614746	bos_eos
seed_43	6_4_anc_omit_A_P	34_6_4_anc_omit_A_P	fig:heatmap-34-anc-omit-a-p	6.4 ANC omitted A+P	77_vos_gn_er_d_pa	vos	gn	erg-abs	deranking	poss-acc	svo	SV	AVP	100	0.96	0	0.0	1.0658513307571411	bos_eos
seed_43	6_4_anc_omit_A_P	34_6_4_anc_omit_A_P	fig:heatmap-34-anc-omit-a-p	6.4 ANC omitted A+P	78_vos_gn_er_d_ep	vos	gn	erg-abs	deranking	erg-poss	sov	SV	PVA	100	0.96	0	0.0	1.1329652905464171	bos_eos
seed_43	6_4_anc_omit_A_P	34_6_4_anc_omit_A_P	fig:heatmap-34-anc-omit-a-p	6.4 ANC omitted A+P	79_vos_gn_er_d_no	vos	gn	erg-abs	deranking	nomn	svo	SV	AVP	100	0.97	0	0.0	1.0728126525878907	bos_eos
seed_43	6_4_anc_omit_A_P	34_6_4_anc_omit_A_P	fig:heatmap-34-anc-omit-a-p	6.4 ANC omitted A+P	80_vos_ng_ac_b_se	vos	ng	nom-acc	balancing	sent	vos	VS	VPA	100	0.91	0	0.0	1.1590012526512146	bos_eos
seed_43	6_4_anc_omit_A_P	34_6_4_anc_omit_A_P	fig:heatmap-34-anc-omit-a-p	6.4 ANC omitted A+P	81_vos_ng_ac_b_pa	vos	ng	nom-acc	balancing	poss-acc	vos	VS	VPA	100	0.87	0	0.0	1.1277752685546876	bos_eos
seed_43	6_4_anc_omit_A_P	34_6_4_anc_omit_A_P	fig:heatmap-34-anc-omit-a-p	6.4 ANC omitted A+P	82_vos_ng_ac_b_ep	vos	ng	nom-acc	balancing	erg-poss	vos	VS	VPA	100	0.91	0	0.0	1.4014903163909913	bos_eos
seed_43	6_4_anc_omit_A_P	34_6_4_anc_omit_A_P	fig:heatmap-34-anc-omit-a-p	6.4 ANC omitted A+P	83_vos_ng_ac_b_no	vos	ng	nom-acc	balancing	nomn	vos	VS	VPA	100	0.88	0	0.0	1.1339499402046203	bos_eos
seed_43	6_4_anc_omit_A_P	34_6_4_anc_omit_A_P	fig:heatmap-34-anc-omit-a-p	6.4 ANC omitted A+P	84_vos_ng_ac_d_se	vos	ng	nom-acc	deranking	sent	vos	VS	VPA	100	1.0	0	0.0	2.836357882022858	bos_eos
seed_43	6_4_anc_omit_A_P	34_6_4_anc_omit_A_P	fig:heatmap-34-anc-omit-a-p	6.4 ANC omitted A+P	85_vos_ng_ac_d_pa	vos	ng	nom-acc	deranking	poss-acc	vos	VS	VPA	100	1.0	0	0.0	2.8529185366630556	bos_eos
seed_43	6_4_anc_omit_A_P	34_6_4_anc_omit_A_P	fig:heatmap-34-anc-omit-a-p	6.4 ANC omitted A+P	86_vos_ng_ac_d_ep	vos	ng	nom-acc	deranking	erg-poss	vos	VS	VPA	100	1.0	0	0.0	2.768735365867615	bos_eos
seed_43	6_4_anc_omit_A_P	34_6_4_anc_omit_A_P	fig:heatmap-34-anc-omit-a-p	6.4 ANC omitted A+P	87_vos_ng_ac_d_no	vos	ng	nom-acc	deranking	nomn	vos	VS	VPA	100	1.0	0	0.0	3.0706395411491396	bos_eos
seed_43	6_4_anc_omit_A_P	34_6_4_anc_omit_A_P	fig:heatmap-34-anc-omit-a-p	6.4 ANC omitted A+P	88_vos_ng_er_b_se	vos	ng	erg-abs	balancing	sent	vos	VS	VPA	100	0.87	0	0.0	0.9283473539352417	bos_eos
seed_43	6_4_anc_omit_A_P	34_6_4_anc_omit_A_P	fig:heatmap-34-anc-omit-a-p	6.4 ANC omitted A+P	89_vos_ng_er_b_pa	vos	ng	erg-abs	balancing	poss-acc	vos	VS	VPA	100	0.84	0	0.0	0.9311810064315796	bos_eos
seed_43	6_4_anc_omit_A_P	34_6_4_anc_omit_A_P	fig:heatmap-34-anc-omit-a-p	6.4 ANC omitted A+P	90_vos_ng_er_b_ep	vos	ng	erg-abs	balancing	erg-poss	vos	VS	VPA	100	0.81	0	0.0	0.8154783821105958	bos_eos
seed_43	6_4_anc_omit_A_P	34_6_4_anc_omit_A_P	fig:heatmap-34-anc-omit-a-p	6.4 ANC omitted A+P	91_vos_ng_er_b_no	vos	ng	erg-abs	balancing	nomn	vos	VS	VPA	100	0.85	0	0.0	0.9802216219902039	bos_eos
seed_43	6_4_anc_omit_A_P	34_6_4_anc_omit_A_P	fig:heatmap-34-anc-omit-a-p	6.4 ANC omitted A+P	92_vos_ng_er_d_se	vos	ng	erg-abs	deranking	sent	vos	VS	VPA	100	0.96	0	0.0	1.1050255346298217	bos_eos
seed_43	6_4_anc_omit_A_P	34_6_4_anc_omit_A_P	fig:heatmap-34-anc-omit-a-p	6.4 ANC omitted A+P	93_vos_ng_er_d_pa	vos	ng	erg-abs	deranking	poss-acc	vos	VS	VPA	100	0.97	0	0.0	1.0892217350006104	bos_eos
seed_43	6_4_anc_omit_A_P	34_6_4_anc_omit_A_P	fig:heatmap-34-anc-omit-a-p	6.4 ANC omitted A+P	94_vos_ng_er_d_ep	vos	ng	erg-abs	deranking	erg-poss	vos	VS	VPA	100	0.94	0	0.0	1.0625694632530212	bos_eos
seed_43	6_4_anc_omit_A_P	34_6_4_anc_omit_A_P	fig:heatmap-34-anc-omit-a-p	6.4 ANC omitted A+P	95_vos_ng_er_d_no	vos	ng	erg-abs	deranking	nomn	vos	VS	VPA	100	0.96	0	0.0	1.1515769004821776	bos_eos
