phenomenon	figure_stem	label	title	language	clause_wo	np_wo	alignment	comp_system	strategy	anc_choice_word_order	anc_iv_order	anc_tv_order	tau	accuracy_pct_seed_42	accuracy_pct_seed_43	accuracy_pct_seed_44	learning_score_seed_42	learning_score_seed_43	learning_score_seed_44	seed_disagreement
1_1_intran_V_form	01_1_1_intran_V_form	fig:heatmap-1-intran-v-form	1.1 Intransitive finite verb form	00_sov_gn_ac_b_se	sov	gn	nom-acc	balancing	sent	sov	SV	APV	5.0	100.0	100.0	100.0	1.0	1.0	1.0	0.0
1_1_intran_V_form	01_1_1_intran_V_form	fig:heatmap-1-intran-v-form	1.1 Intransitive finite verb form	01_sov_gn_ac_b_pa	sov	gn	nom-acc	balancing	poss-acc	sov	SV	APV	5.0	100.0	100.0	100.0	1.0	1.0	1.0	0.0
1_1_intran_V_form	01_1_1_intran_V_form	fig:heatmap-1-intran-v-form	1.1 Intransitive finite verb form	02_sov_gn_ac_b_ep	sov	gn	nom-acc	balancing	erg-poss	sov	SV	APV	5.0	100.0	100.0	100.0	1.0	1.0	1.0	0.0
1_1_intran_V_form	01_1_1_intran_V_form	fig:heatmap-1-intran-v-form	1.1 Intransitive finite verb form	03_sov_gn_ac_b_no	sov	gn	nom-acc	balancing	nomn	sov	SV	APV	5.0	100.0	100.0	100.0	1.0	1.0	1.0	0.0
1_1_intran_V_form	01_1_1_intran_V_form	fig:heatmap-1-intran-v-form	1.1 Intransitive finite verb form	04_sov_gn_ac_d_se	sov	gn	nom-acc	deranking	sent	sov	SV	APV	5.0	100.0	100.0	100.0	1.0	1.0	1.0	0.0
1_1_intran_V_form	01_1_1_intran_V_form	fig:heatmap-1-intran-v-form	1.1 Intransitive finite verb form	05_sov_gn_ac_d_pa	sov	gn	nom-acc	deranking	poss-acc	sov	SV	APV	5.0	100.0	100.0	100.0	1.0	1.0	1.0	0.0
1_1_intran_V_form	01_1_1_intran_V_form	fig:heatmap-1-intran-v-form	1.1 Intransitive finite verb form	06_sov_gn_ac_d_ep	sov	gn	nom-acc	deranking	erg-poss	sov	SV	APV	5.0	100.0	100.0	100.0	1.0	1.0	1.0	0.0
1_1_intran_V_form	01_1_1_intran_V_form	fig:heatmap-1-intran-v-form	1.1 Intransitive finite verb form	07_sov_gn_ac_d_no	sov	gn	nom-acc	deranking	nomn	sov	SV	APV	5.0	100.0	100.0	100.0	1.0	1.0	1.0	0.0
1_1_intran_V_form	01_1_1_intran_V_form	fig:heatmap-1-intran-v-form	1.1 Intransitive finite verb form	08_sov_gn_er_b_se	sov	gn	erg-abs	balancing	sent	sov	SV	APV	5.0	100.0	100.0	100.0	1.0	1.0	1.0	0.0
1_1_intran_V_form	01_1_1_intran_V_form	fig:heatmap-1-intran-v-form	1.1 Intransitive finite verb form	09_sov_gn_er_b_pa	sov	gn	erg-abs	balancing	poss-acc	sov	SV	APV	5.0	100.0	100.0	100.0	1.0	1.0	1.0	0.0
1_1_intran_V_form	01_1_1_intran_V_form	fig:heatmap-1-intran-v-form	1.1 Intransitive finite verb form	10_sov_gn_er_b_ep	sov	gn	erg-abs	balancing	erg-poss	sov	SV	APV	5.0	100.0	100.0	100.0	1.0	1.0	1.0	0.0
1_1_intran_V_form	01_1_1_intran_V_form	fig:heatmap-1-intran-v-form	1.1 Intransitive finite verb form	11_sov_gn_er_b_no	sov	gn	erg-abs	balancing	nomn	sov	SV	APV	5.0	100.0	100.0	100.0	1.0	1.0	1.0	0.0
1_1_intran_V_form	01_1_1_intran_V_form	fig:heatmap-1-intran-v-form	1.1 Intransitive finite verb form	12_sov_gn_er_d_se	sov	gn	erg-abs	deranking	sent	sov	SV	APV	5.0	100.0	100.0	99.0	1.0	1.0	0.9800010051162833	0.019998994883716703
1_1_intran_V_form	01_1_1_intran_V_form	fig:heatmap-1-intran-v-form	1.1 Intransitive finite verb form	13_sov_gn_er_d_pa	sov	gn	erg-abs	deranking	poss-acc	sov	SV	APV	5.0	100.0	100.0	100.0	1.0	1.0	1.0	0.0
1_1_intran_V_form	01_1_1_intran_V_form	fig:heatmap-1-intran-v-form	1.1 Intransitive finite verb form	14_sov_gn_er_d_ep	sov	gn	erg-abs	deranking	erg-poss	sov	SV	APV	5.0	100.0	100.0	100.0	1.0	1.0	1.0	0.0
1_1_intran_V_form	01_1_1_intran_V_form	fig:heatmap-1-intran-v-form	1.1 Intransitive finite verb form	15_sov_gn_er_d_no	sov	gn	erg-abs	deranking	nomn	sov	SV	APV	5.0	100.0	100.0	100.0	1.0	1.0	1.0	0.0
1_1_intran_V_form	01_1_1_intran_V_form	fig:heatmap-1-intran-v-form	1.1 Intransitive finite verb form	16_sov_ng_ac_b_se	sov	ng	nom-acc	balancing	sent	sov	SV	APV	5.0	100.0	100.0	100.0	1.0	1.0	1.0	0.0
1_1_intran_V_form	01_1_1_intran_V_form	fig:heatmap-1-intran-v-form	1.1 Intransitive finite verb form	17_sov_ng_ac_b_pa	sov	ng	nom-acc	balancing	poss-acc	ovs	VS	PVA	5.0	100.0	100.0	100.0	1.0	1.0	1.0	0.0
1_1_intran_V_form	01_1_1_intran_V_form	fig:heatmap-1-intran-v-form	1.1 Intransitive finite verb form	18_sov_ng_ac_b_ep	sov	ng	nom-acc	balancing	erg-poss	vos	VS	AVP	5.0	100.0	100.0	100.0	1.0	1.0	1.0	0.0
1_1_intran_V_form	01_1_1_intran_V_form	fig:heatmap-1-intran-v-form	1.1 Intransitive finite verb form	19_sov_ng_ac_b_no	sov	ng	nom-acc	balancing	nomn	ovs	VS	PVA	5.0	100.0	100.0	100.0	1.0	1.0	1.0	0.0
1_1_intran_V_form	01_1_1_intran_V_form	fig:heatmap-1-intran-v-form	1.1 Intransitive finite verb form	20_sov_ng_ac_d_se	sov	ng	nom-acc	deranking	sent	sov	SV	APV	5.0	100.0	100.0	100.0	1.0	1.0	1.0	0.0
1_1_intran_V_form	01_1_1_intran_V_form	fig:heatmap-1-intran-v-form	1.1 Intransitive finite verb form	21_sov_ng_ac_d_pa	sov	ng	nom-acc	deranking	poss-acc	ovs	VS	PVA	5.0	100.0	100.0	100.0	1.0	1.0	1.0	0.0
1_1_intran_V_form	01_1_1_intran_V_form	fig:heatmap-1-intran-v-form	1.1 Intransitive finite verb form	22_sov_ng_ac_d_ep	sov	ng	nom-acc	deranking	erg-poss	vos	VS	AVP	5.0	100.0	100.0	100.0	1.0	1.0	1.0	0.0
1_1_intran_V_form	01_1_1_intran_V_form	fig:heatmap-1-intran-v-form	1.1 Intransitive finite verb form	23_sov_ng_ac_d_no	sov	ng	nom-acc	deranking	nomn	ovs	VS	PVA	5.0	100.0	100.0	100.0	1.0	1.0	1.0	0.0
1_1_intran_V_form	01_1_1_intran_V_form	fig:heatmap-1-intran-v-form	1.1 Intransitive finite verb form	24_sov_ng_er_b_se	sov	ng	erg-abs	balancing	sent	sov	SV	APV	5.0	100.0	100.0	99.0	1.0	1.0	0.9800010051162833	0.019998994883716703
1_1_intran_V_form	01_1_1_intran_V_form	fig:heatmap-1-intran-v-form	1.1 Intransitive finite verb form	25_sov_ng_er_b_pa	sov	ng	erg-abs	balancing	poss-acc	ovs	VS	PVA	5.0	100.0	100.0	100.0	1.0	1.0	1.0	0.0
1_1_intran_V_form	01_1_1_intran_V_form	fig:heatmap-1-intran-v-form	1.1 Intransitive finite verb form	26_sov_ng_er_b_ep	sov	ng	erg-abs	balancing	erg-poss	vos	VS	AVP	5.0	100.0	100.0	100.0	1.0	1.0	1.0	0.0
1_1_intran_V_form	01_1_1_intran_V_form	fig:heatmap-1-intran-v-form	1.1 Intransitive finite verb form	27_sov_ng_er_b_no	sov	ng	erg-abs	balancing	nomn	ovs	VS	PVA	5.0	100.0	100.0	100.0	1.0	1.0	1.0	0.0
1_1_intran_V_form	01_1_1_intran_V_form	fig:heatmap-1-intran-v-form	1.1 Intransitive finite verb form	28_sov_ng_er_d_se	sov	ng	erg-abs	deranking	sent	sov	SV	APV	5.0	100.0	100.0	100.0	1.0	1.0	1.0	0.0
1_1_intran_V_form	01_1_1_intran_V_form	fig:heatmap-1-intran-v-form	1.1 Intransitive finite verb form	29_sov_ng_er_d_pa	sov	ng	erg-abs	deranking	poss-acc	ovs	VS	PVA	5.0	100.0	100.0	100.0	1.0	1.0	1.0	0.0
1_1_intran_V_form	01_1_1_intran_V_form	fig:heatmap-1-intran-v-form	1.1 Intransitive finite verb form	30_sov_ng_er_d_ep	sov	ng	erg-abs	deranking	erg-poss	vos	VS	AVP	5.0	100.0	100.0	100.0	1.0	1.0	1.0	0.0
1_1_intran_V_form	01_1_1_intran_V_form	fig:heatmap-1-intran-v-form	1.1 Intransitive finite verb form	31_sov_ng_er_d_no	sov	ng	erg-abs	deranking	nomn	ovs	VS	PVA	5.0	100.0	100.0	100.0	1.0	1.0	1.0	0.0
1_1_intran_V_form	01_1_1_intran_V_form	fig:heatmap-1-intran-v-form	1.1 Intransitive finite verb form	32_svo_gn_ac_b_se	svo	gn	nom-acc	balancing	sent	svo	SV	AVP	5.0	100.0	100.0	100.0	1.0	1.0	1.0	0.0
1_1_intran_V_form	01_1_1_intran_V_form	fig:heatmap-1-intran-v-form	1.1 Intransitive finite verb form	33_svo_gn_ac_b_pa	svo	gn	nom-acc	balancing	poss-acc	svo	SV	AVP	5.0	100.0	100.0	100.0	1.0	1.0	1.0	0.0
1_1_intran_V_form	01_1_1_intran_V_form	fig:heatmap-1-intran-v-form	1.1 Intransitive finite verb form	34_svo_gn_ac_b_ep	svo	gn	nom-acc	balancing	erg-poss	sov	SV	PVA	5.0	100.0	100.0	100.0	1.0	1.0	1.0	0.0
1_1_intran_V_form	01_1_1_intran_V_form	fig:heatmap-1-intran-v-form	1.1 Intransitive finite verb form	35_svo_gn_ac_b_no	svo	gn	nom-acc	balancing	nomn	svo	SV	AVP	5.0	100.0	100.0	100.0	1.0	1.0	1.0	0.0
1_1_intran_V_form	01_1_1_intran_V_form	fig:heatmap-1-intran-v-form	1.1 Intransitive finite verb form	36_svo_gn_ac_d_se	svo	gn	nom-acc	deranking	sent	svo	SV	AVP	5.0	95.0	93.0	100.0	0.9000078003290506	0.8600138689949057	1.0	0.13998613100509427
1_1_intran_V_form	01_1_1_intran_V_form	fig:heatmap-1-intran-v-form	1.1 Intransitive finite verb form	37_svo_gn_ac_d_pa	svo	gn	nom-acc	deranking	poss-acc	svo	SV	AVP	5.0	98.0	100.0	97.0	0.9600022327543785	1.0	0.9400037321744893	0.05999626782551071
1_1_intran_V_form	01_1_1_intran_V_form	fig:heatmap-1-intran-v-form	1.1 Intransitive finite verb form	38_svo_gn_ac_d_ep	svo	gn	nom-acc	deranking	erg-poss	sov	SV	PVA	5.0	95.0	95.0	96.0	0.9000078003290506	0.9000078003290506	0.9200055635398481	0.019997763210797492
1_1_intran_V_form	01_1_1_intran_V_form	fig:heatmap-1-intran-v-form	1.1 Intransitive finite verb form	39_svo_gn_ac_d_no	svo	gn	nom-acc	deranking	nomn	svo	SV	AVP	5.0	95.0	98.0	96.0	0.9000078003290506	0.9600022327543785	0.9200055635398481	0.05999443242532787
1_1_intran_V_form	01_1_1_intran_V_form	fig:heatmap-1-intran-v-form	1.1 Intransitive finite verb form	40_svo_gn_er_b_se	svo	gn	erg-abs	balancing	sent	svo	SV	AVP	5.0	100.0	100.0	100.0	1.0	1.0	1.0	0.0
1_1_intran_V_form	01_1_1_intran_V_form	fig:heatmap-1-intran-v-form	1.1 Intransitive finite verb form	41_svo_gn_er_b_pa	svo	gn	erg-abs	balancing	poss-acc	svo	SV	AVP	5.0	100.0	100.0	100.0	1.0	1.0	1.0	0.0
1_1_intran_V_form	01_1_1_intran_V_form	fig:heatmap-1-intran-v-form	1.1 Intransitive finite verb form	42_svo_gn_er_b_ep	svo	gn	erg-abs	balancing	erg-poss	sov	SV	PVA	5.0	100.0	100.0	100.0	1.0	1.0	1.0	0.0
1_1_intran_V_form	01_1_1_intran_V_form	fig:heatmap-1-intran-v-form	1.1 Intransitive finite verb form	43_svo_gn_er_b_no	svo	gn	erg-abs	balancing	nomn	svo	SV	AVP	5.0	100.0	99.0	100.0	1.0	0.9800010051162833	1.0	0.019998994883716703
1_1_intran_V_form	01_1_1_intran_V_form	fig:heatmap-1-intran-v-form	1.1 Intransitive finite verb form	44_svo_gn_er_d_se	svo	gn	erg-abs	deranking	sent	svo	SV	AVP	5.0	95.0	98.0	99.0	0.9000078003290506	0.9600022327543785	0.9800010051162833	0.07999320478723271
1_1_intran_V_form	01_1_1_intran_V_form	fig:heatmap-1-intran-v-form	1.1 Intransitive finite verb form	45_svo_gn_er_d_pa	svo	gn	erg-abs	deranking	poss-acc	svo	SV	AVP	5.0	96.0	99.0	97.0	0.9200055635398481	0.9800010051162833	0.9400037321744893	0.059995441576435216
1_1_intran_V_form	01_1_1_intran_V_form	fig:heatmap-1-intran-v-form	1.1 Intransitive finite verb form	46_svo_gn_er_d_ep	svo	gn	erg-abs	deranking	erg-poss	sov	SV	PVA	5.0	96.0	96.0	97.0	0.9200055635398481	0.9200055635398481	0.9400037321744893	0.01999816863464121
1_1_intran_V_form	01_1_1_intran_V_form	fig:heatmap-1-intran-v-form	1.1 Intransitive finite verb form	47_svo_gn_er_d_no	svo	gn	erg-abs	deranking	nomn	svo	SV	AVP	5.0	97.0	97.0	95.0	0.9400037321744893	0.9400037321744893	0.9000078003290506	0.039995931845438704
1_1_intran_V_form	01_1_1_intran_V_form	fig:heatmap-1-intran-v-form	1.1 Intransitive finite verb form	48_svo_ng_ac_b_se	svo	ng	nom-acc	balancing	sent	svo	SV	AVP	5.0	100.0	100.0	100.0	1.0	1.0	1.0	0.0
1_1_intran_V_form	01_1_1_intran_V_form	fig:heatmap-1-intran-v-form	1.1 Intransitive finite verb form	49_svo_ng_ac_b_pa	svo	ng	nom-acc	balancing	poss-acc	vos	VS	VPA	5.0	100.0	100.0	100.0	1.0	1.0	1.0	0.0
1_1_intran_V_form	01_1_1_intran_V_form	fig:heatmap-1-intran-v-form	1.1 Intransitive finite verb form	50_svo_ng_ac_b_ep	svo	ng	nom-acc	balancing	erg-poss	vos	VS	VPA	5.0	100.0	100.0	100.0	1.0	1.0	1.0	0.0
1_1_intran_V_form	01_1_1_intran_V_form	fig:heatmap-1-intran-v-form	1.1 Intransitive finite verb form	51_svo_ng_ac_b_no	svo	ng	nom-acc	balancing	nomn	vos	VS	VPA	5.0	100.0	100.0	100.0	1.0	1.0	1.0	0.0
1_1_intran_V_form	01_1_1_intran_V_form	fig:heatmap-1-intran-v-form	1.1 Intransitive finite verb form	52_svo_ng_ac_d_se	svo	ng	nom-acc	deranking	sent	svo	SV	AVP	5.0	99.0	99.0	94.0	0.9800010051162833	0.9800010051162833	0.880010532281679	0.09999047283460427
1_1_intran_V_form	01_1_1_intran_V_form	fig:heatmap-1-intran-v-form	1.1 Intransitive finite verb form	53_svo_ng_ac_d_pa	svo	ng	nom-acc	deranking	poss-acc	vos	VS	VPA	5.0	94.0	98.0	98.0	0.880010532281679	0.9600022327543785	0.9600022327543785	0.07999170047269943
1_1_intran_V_form	01_1_1_intran_V_form	fig:heatmap-1-intran-v-form	1.1 Intransitive finite verb form	54_svo_ng_ac_d_ep	svo	ng	nom-acc	deranking	erg-poss	vos	VS	VPA	5.0	99.0	100.0	97.0	0.9800010051162833	1.0	0.9400037321744893	0.05999626782551071
1_1_intran_V_form	01_1_1_intran_V_form	fig:heatmap-1-intran-v-form	1.1 Intransitive finite verb form	55_svo_ng_ac_d_no	svo	ng	nom-acc	deranking	nomn	vos	VS	VPA	5.0	97.0	98.0	98.0	0.9400037321744893	0.9600022327543785	0.9600022327543785	0.019998500579889167
1_1_intran_V_form	01_1_1_intran_V_form	fig:heatmap-1-intran-v-form	1.1 Intransitive finite verb form	56_svo_ng_er_b_se	svo	ng	erg-abs	balancing	sent	svo	SV	AVP	5.0	100.0	100.0	100.0	1.0	1.0	1.0	0.0
1_1_intran_V_form	01_1_1_intran_V_form	fig:heatmap-1-intran-v-form	1.1 Intransitive finite verb form	57_svo_ng_er_b_pa	svo	ng	erg-abs	balancing	poss-acc	vos	VS	VPA	5.0	100.0	100.0	100.0	1.0	1.0	1.0	0.0
1_1_intran_V_form	01_1_1_intran_V_form	fig:heatmap-1-intran-v-form	1.1 Intransitive finite verb form	58_svo_ng_er_b_ep	svo	ng	erg-abs	balancing	erg-poss	vos	VS	VPA	5.0	100.0	100.0	100.0	1.0	1.0	1.0	0.0
1_1_intran_V_form	01_1_1_intran_V_form	fig:heatmap-1-intran-v-form	1.1 Intransitive finite verb form	59_svo_ng_er_b_no	svo	ng	erg-abs	balancing	nomn	vos	VS	VPA	5.0	100.0	100.0	100.0	1.0	1.0	1.0	0.0
1_1_intran_V_form	01_1_1_intran_V_form	fig:heatmap-1-intran-v-form	1.1 Intransitive finite verb form	60_svo_ng_er_d_se	svo	ng	erg-abs	deranking	sent	svo	SV	AVP	5.0	99.0	100.0	98.0	0.9800010051162833	1.0	0.9600022327543785	0.03999776724562154
1_1_intran_V_form	01_1_1_intran_V_form	fig:heatmap-1-intran-v-form	1.1 Intransitive finite verb form	61_svo_ng_er_d_pa	svo	ng	erg-abs	deranking	poss-acc	vos	VS	VPA	5.0	99.0	99.0	100.0	0.9800010051162833	0.9800010051162833	1.0	0.019998994883716703
1_1_intran_V_form	01_1_1_intran_V_form	fig:heatmap-1-intran-v-form	1.1 Intransitive finite verb form	62_svo_ng_er_d_ep	svo	ng	erg-abs	deranking	erg-poss	vos	VS	VPA	5.0	99.0	99.0	98.0	0.9800010051162833	0.9800010051162833	0.9600022327543785	0.019998772361904837
1_1_intran_V_form	01_1_1_intran_V_form	fig:heatmap-1-intran-v-form	1.1 Intransitive finite verb form	63_svo_ng_er_d_no	svo	ng	erg-abs	deranking	nomn	vos	VS	VPA	5.0	98.0	95.0	98.0	0.9600022327543785	0.9000078003290506	0.9600022327543785	0.05999443242532787
1_1_intran_V_form	01_1_1_intran_V_form	fig:heatmap-1-intran-v-form	1.1 Intransitive finite verb form	64_vos_gn_ac_b_se	vos	gn	nom-acc	balancing	sent	vos	VS	VPA	5.0	100.0	100.0	100.0	1.0	1.0	1.0	0.0
1_1_intran_V_form	01_1_1_intran_V_form	fig:heatmap-1-intran-v-form	1.1 Intransitive finite verb form	65_vos_gn_ac_b_pa	vos	gn	nom-acc	balancing	poss-acc	svo	SV	AVP	5.0	100.0	100.0	100.0	1.0	1.0	1.0	0.0
1_1_intran_V_form	01_1_1_intran_V_form	fig:heatmap-1-intran-v-form	1.1 Intransitive finite verb form	66_vos_gn_ac_b_ep	vos	gn	nom-acc	balancing	erg-poss	sov	SV	PVA	5.0	100.0	100.0	100.0	1.0	1.0	1.0	0.0
1_1_intran_V_form	01_1_1_intran_V_form	fig:heatmap-1-intran-v-form	1.1 Intransitive finite verb form	67_vos_gn_ac_b_no	vos	gn	nom-acc	balancing	nomn	svo	SV	AVP	5.0	100.0	100.0	100.0	1.0	1.0	1.0	0.0
1_1_intran_V_form	01_1_1_intran_V_form	fig:heatmap-1-intran-v-form	1.1 Intransitive finite verb form	68_vos_gn_ac_d_se	vos	gn	nom-acc	deranking	sent	vos	VS	VPA	5.0	100.0	98.0	99.0	1.0	0.9600022327543785	0.9800010051162833	0.03999776724562154
1_1_intran_V_form	01_1_1_intran_V_form	fig:heatmap-1-intran-v-form	1.1 Intransitive finite verb form	69_vos_gn_ac_d_pa	vos	gn	nom-acc	deranking	poss-acc	svo	SV	AVP	5.0	98.0	100.0	99.0	0.9600022327543785	1.0	0.9800010051162833	0.03999776724562154
1_1_intran_V_form	01_1_1_intran_V_form	fig:heatmap-1-intran-v-form	1.1 Intransitive finite verb form	70_vos_gn_ac_d_ep	vos	gn	nom-acc	deranking	erg-poss	sov	SV	PVA	5.0	100.0	100.0	99.0	1.0	1.0	0.9800010051162833	0.019998994883716703
1_1_intran_V_form	01_1_1_intran_V_form	fig:heatmap-1-intran-v-form	1.1 Intransitive finite verb form	71_vos_gn_ac_d_no	vos	gn	nom-acc	deranking	nomn	svo	SV	AVP	5.0	99.0	99.0	98.0	0.9800010051162833	0.9800010051162833	0.9600022327543785	0.019998772361904837
1_1_intran_V_form	01_1_1_intran_V_form	fig:heatmap-1-intran-v-form	1.1 Intransitive finite verb form	72_vos_gn_er_b_se	vos	gn	erg-abs	balancing	sent	vos	VS	VPA	5.0	100.0	100.0	100.0	1.0	1.0	1.0	0.0
1_1_intran_V_form	01_1_1_intran_V_form	fig:heatmap-1-intran-v-form	1.1 Intransitive finite verb form	73_vos_gn_er_b_pa	vos	gn	erg-abs	balancing	poss-acc	svo	SV	AVP	5.0	100.0	100.0	100.0	1.0	1.0	1.0	0.0
1_1_intran_V_form	01_1_1_intran_V_form	fig:heatmap-1-intran-v-form	1.1 Intransitive finite verb form	74_vos_gn_er_b_ep	vos	gn	erg-abs	balancing	erg-poss	sov	SV	PVA	5.0	100.0	100.0	100.0	1.0	1.0	1.0	0.0
1_1_intran_V_form	01_1_1_intran_V_form	fig:heatmap-1-intran-v-form	1.1 Intransitive finite verb form	75_vos_gn_er_b_no	vos	gn	erg-abs	balancing	nomn	svo	SV	AVP	5.0	100.0	100.0	100.0	1.0	1.0	1.0	0.0
1_1_intran_V_form	01_1_1_intran_V_form	fig:heatmap-1-intran-v-form	1.1 Intransitive finite verb form	76_vos_gn_er_d_se	vos	gn	erg-abs	deranking	sent	vos	VS	VPA	5.0	100.0	100.0	100.0	1.0	1.0	1.0	0.0
1_1_intran_V_form	01_1_1_intran_V_form	fig:heatmap-1-intran-v-form	1.1 Intransitive finite verb form	77_vos_gn_er_d_pa	vos	gn	erg-abs	deranking	poss-acc	svo	SV	AVP	5.0	100.0	100.0	100.0	1.0	1.0	1.0	0.0
1_1_intran_V_form	01_1_1_intran_V_form	fig:heatmap-1-intran-v-form	1.1 Intransitive finite verb form	78_vos_gn_er_d_ep	vos	gn	erg-abs	deranking	erg-poss	sov	SV	PVA	5.0	100.0	100.0	100.0	1.0	1.0	1.0	0.0
1_1_intran_V_form	01_1_1_intran_V_form	fig:heatmap-1-intran-v-form	1.1 Intransitive finite verb form	79_vos_gn_er_d_no	vos	gn	erg-abs	deranking	nomn	svo	SV	AVP	5.0	100.0	100.0	100.0	1.0	1.0	1.0	0.0
1_1_intran_V_form	01_1_1_intran_V_form	fig:heatmap-1-intran-v-form	1.1 Intransitive finite verb form	80_vos_ng_ac_b_se	vos	ng	nom-acc	balancing	sent	vos	VS	VPA	5.0	99.0	99.0	100.0	0.9800010051162833	0.9800010051162833	1.0	0.019998994883716703
1_1_intran_V_form	01_1_1_intran_V_form	fig:heatmap-1-intran-v-form	1.1 Intransitive finite verb form	81_vos_ng_ac_b_pa	vos	ng	nom-acc	balancing	poss-acc	vos	VS	VPA	5.0	100.0	100.0	100.0	1.0	1.0	1.0	0.0
1_1_intran_V_form	01_1_1_intran_V_form	fig:heatmap-1-intran-v-form	1.1 Intransitive finite verb form	82_vos_ng_ac_b_ep	vos	ng	nom-acc	balancing	erg-poss	vos	VS	VPA	5.0	100.0	100.0	99.0	1.0	1.0	0.9800010051162833	0.019998994883716703
1_1_intran_V_form	01_1_1_intran_V_form	fig:heatmap-1-intran-v-form	1.1 Intransitive finite verb form	83_vos_ng_ac_b_no	vos	ng	nom-acc	balancing	nomn	vos	VS	VPA	5.0	99.0	99.0	98.0	0.9800010051162833	0.9800010051162833	0.9600022327543785	0.019998772361904837
1_1_intran_V_form	01_1_1_intran_V_form	fig:heatmap-1-intran-v-form	1.1 Intransitive finite verb form	84_vos_ng_ac_d_se	vos	ng	nom-acc	deranking	sent	vos	VS	VPA	5.0	97.0	99.0	96.0	0.9400037321744893	0.9800010051162833	0.9200055635398481	0.059995441576435216
1_1_intran_V_form	01_1_1_intran_V_form	fig:heatmap-1-intran-v-form	1.1 Intransitive finite verb form	85_vos_ng_ac_d_pa	vos	ng	nom-acc	deranking	poss-acc	vos	VS	VPA	5.0	99.0	97.0	97.0	0.9800010051162833	0.9400037321744893	0.9400037321744893	0.039997272941794004
1_1_intran_V_form	01_1_1_intran_V_form	fig:heatmap-1-intran-v-form	1.1 Intransitive finite verb form	86_vos_ng_ac_d_ep	vos	ng	nom-acc	deranking	erg-poss	vos	VS	VPA	5.0	96.0	99.0	95.0	0.9200055635398481	0.9800010051162833	0.9000078003290506	0.07999320478723271
1_1_intran_V_form	01_1_1_intran_V_form	fig:heatmap-1-intran-v-form	1.1 Intransitive finite verb form	87_vos_ng_ac_d_no	vos	ng	nom-acc	deranking	nomn	vos	VS	VPA	5.0	97.0	97.0	97.0	0.9400037321744893	0.9400037321744893	0.9400037321744893	0.0
1_1_intran_V_form	01_1_1_intran_V_form	fig:heatmap-1-intran-v-form	1.1 Intransitive finite verb form	88_vos_ng_er_b_se	vos	ng	erg-abs	balancing	sent	vos	VS	VPA	5.0	100.0	100.0	100.0	1.0	1.0	1.0	0.0
1_1_intran_V_form	01_1_1_intran_V_form	fig:heatmap-1-intran-v-form	1.1 Intransitive finite verb form	89_vos_ng_er_b_pa	vos	ng	erg-abs	balancing	poss-acc	vos	VS	VPA	5.0	100.0	100.0	100.0	1.0	1.0	1.0	0.0
1_1_intran_V_form	01_1_1_intran_V_form	fig:heatmap-1-intran-v-form	1.1 Intransitive finite verb form	90_vos_ng_er_b_ep	vos	ng	erg-abs	balancing	erg-poss	vos	VS	VPA	5.0	100.0	100.0	100.0	1.0	1.0	1.0	0.0
1_1_intran_V_form	01_1_1_intran_V_form	fig:heatmap-1-intran-v-form	1.1 Intransitive finite verb form	91_vos_ng_er_b_no	vos	ng	erg-abs	balancing	nomn	vos	VS	VPA	5.0	100.0	100.0	100.0	1.0	1.0	1.0	0.0
1_1_intran_V_form	01_1_1_intran_V_form	fig:heatmap-1-intran-v-form	1.1 Intransitive finite verb form	92_vos_ng_er_d_se	vos	ng	erg-abs	deranking	sent	vos	VS	VPA	5.0	100.0	100.0	100.0	1.0	1.0	1.0	0.0
1_1_intran_V_form	01_1_1_intran_V_form	fig:heatmap-1-intran-v-form	1.1 Intransitive finite verb form	93_vos_ng_er_d_pa	vos	ng	erg-abs	deranking	poss-acc	vos	VS	VPA	5.0	100.0	100.0	100.0	1.0	1.0	1.0	0.0
1_1_intran_V_form	01_1_1_intran_V_form	fig:heatmap-1-intran-v-form	1.1 Intransitive finite verb form	94_vos_ng_er_d_ep	vos	ng	erg-abs	deranking	erg-poss	vos	VS	VPA	5.0	100.0	100.0	99.0	1.0	1.0	0.9800010051162833	0.019998994883716703
1_1_intran_V_form	01_1_1_intran_V_form	fig:heatmap-1-intran-v-form	1.1 Intransitive finite verb form	95_vos_ng_er_d_no	vos	ng	erg-abs	deranking	nomn	vos	VS	VPA	5.0	100.0	100.0	100.0	1.0	1.0	1.0	0.0
1_2_intran_S_marker	02_1_2_intran_S_marker	fig:heatmap-2-intran-s-marker	1.2 Intransitive S marker	00_sov_gn_ac_b_se	sov	gn	nom-acc	balancing	sent	sov	SV	APV	5.0	85.0	77.0	72.0	0.7000866067554558	0.5404461012900033	0.44121571857084796	0.2588708881846078
1_2_intran_S_marker	02_1_2_intran_S_marker	fig:heatmap-2-intran-s-marker	1.2 Intransitive S marker	01_sov_gn_ac_b_pa	sov	gn	nom-acc	balancing	poss-acc	sov	SV	APV	5.0	77.0	83.0	87.0	0.5404461012900033	0.6601314044676043	0.7400565667123037	0.19961046542230043
1_2_intran_S_marker	02_1_2_intran_S_marker	fig:heatmap-2-intran-s-marker	1.2 Intransitive S marker	02_sov_gn_ac_b_ep	sov	gn	nom-acc	balancing	erg-poss	sov	SV	APV	5.0	85.0	77.0	70.0	0.7000866067554558	0.5404461012900033	0.40181045290185924	0.2982761538535965
1_2_intran_S_marker	02_1_2_intran_S_marker	fig:heatmap-2-intran-s-marker	1.2 Intransitive S marker	03_sov_gn_ac_b_no	sov	gn	nom-acc	balancing	nomn	sov	SV	APV	5.0	87.0	80.0	80.0	0.7400565667123037	0.6002430286238514	0.6002430286238514	0.13981353808845232
1_2_intran_S_marker	02_1_2_intran_S_marker	fig:heatmap-2-intran-s-marker	1.2 Intransitive S marker	04_sov_gn_ac_d_se	sov	gn	nom-acc	deranking	sent	sov	SV	APV	5.0	83.0	78.0	76.0	0.6601314044676043	0.5603645644527729	0.520545600501044	0.13958580396656028
1_2_intran_S_marker	02_1_2_intran_S_marker	fig:heatmap-2-intran-s-marker	1.2 Intransitive S marker	05_sov_gn_ac_d_pa	sov	gn	nom-acc	deranking	poss-acc	sov	SV	APV	5.0	90.0	75.0	78.0	0.8000290007473678	0.5006669949589901	0.5603645644527729	0.2993620057883777
1_2_intran_S_marker	02_1_2_intran_S_marker	fig:heatmap-2-intran-s-marker	1.2 Intransitive S marker	06_sov_gn_ac_d_ep	sov	gn	nom-acc	deranking	erg-poss	sov	SV	APV	5.0	76.0	78.0	76.0	0.520545600501044	0.5603645644527729	0.520545600501044	0.0398189639517289
1_2_intran_S_marker	02_1_2_intran_S_marker	fig:heatmap-2-intran-s-marker	1.2 Intransitive S marker	07_sov_gn_ac_d_no	sov	gn	nom-acc	deranking	nomn	sov	SV	APV	5.0	79.0	92.0	88.0	0.5802977582031614	0.8400179443146094	0.7600454927350169	0.259720186111448
1_2_intran_S_marker	02_1_2_intran_S_marker	fig:heatmap-2-intran-s-marker	1.2 Intransitive S marker	08_sov_gn_er_b_se	sov	gn	erg-abs	balancing	sent	sov	SV	APV	5.0	80.0	81.0	79.0	0.6002430286238514	0.6201981975224622	0.5802977582031614	0.03990043931930076
1_2_intran_S_marker	02_1_2_intran_S_marker	fig:heatmap-2-intran-s-marker	1.2 Intransitive S marker	09_sov_gn_er_b_pa	sov	gn	erg-abs	balancing	poss-acc	sov	SV	APV	5.0	79.0	62.0	83.0	0.5802977582031614	0.2486790753254733	0.6601314044676043	0.41145232914213103
1_2_intran_S_marker	02_1_2_intran_S_marker	fig:heatmap-2-intran-s-marker	1.2 Intransitive S marker	10_sov_gn_er_b_ep	sov	gn	erg-abs	balancing	erg-poss	sov	SV	APV	5.0	78.0	81.0	77.0	0.5603645644527729	0.6201981975224622	0.5404461012900033	0.07975209623245894
1_2_intran_S_marker	02_1_2_intran_S_marker	fig:heatmap-2-intran-s-marker	1.2 Intransitive S marker	11_sov_gn_er_b_no	sov	gn	erg-abs	balancing	nomn	sov	SV	APV	5.0	73.0	85.0	79.0	0.4609956253156435	0.7000866067554558	0.5802977582031614	0.23909098143981228
1_2_intran_S_marker	02_1_2_intran_S_marker	fig:heatmap-2-intran-s-marker	1.2 Intransitive S marker	12_sov_gn_er_d_se	sov	gn	erg-abs	deranking	sent	sov	SV	APV	5.0	76.0	80.0	73.0	0.520545600501044	0.6002430286238514	0.4609956253156435	0.1392474033082079
1_2_intran_S_marker	02_1_2_intran_S_marker	fig:heatmap-2-intran-s-marker	1.2 Intransitive S marker	13_sov_gn_er_d_pa	sov	gn	erg-abs	deranking	poss-acc	sov	SV	APV	5.0	79.0	65.0	72.0	0.5802977582031614	0.3048541952674525	0.44121571857084796	0.27544356293570893
1_2_intran_S_marker	02_1_2_intran_S_marker	fig:heatmap-2-intran-s-marker	1.2 Intransitive S marker	14_sov_gn_er_d_ep	sov	gn	erg-abs	deranking	erg-poss	sov	SV	APV	5.0	77.0	76.0	77.0	0.5404461012900033	0.520545600501044	0.5404461012900033	0.01990050078895922
1_2_intran_S_marker	02_1_2_intran_S_marker	fig:heatmap-2-intran-s-marker	1.2 Intransitive S marker	15_sov_gn_er_d_no	sov	gn	erg-abs	deranking	nomn	sov	SV	APV	5.0	65.0	79.0	74.0	0.3048541952674525	0.5802977582031614	0.4808150668439051	0.27544356293570893
1_2_intran_S_marker	02_1_2_intran_S_marker	fig:heatmap-2-intran-s-marker	1.2 Intransitive S marker	16_sov_ng_ac_b_se	sov	ng	nom-acc	balancing	sent	sov	SV	APV	5.0	89.0	90.0	90.0	0.7800364252161309	0.8000290007473678	0.8000290007473678	0.0199925755312369
1_2_intran_S_marker	02_1_2_intran_S_marker	fig:heatmap-2-intran-s-marker	1.2 Intransitive S marker	17_sov_ng_ac_b_pa	sov	ng	nom-acc	balancing	poss-acc	ovs	VS	PVA	5.0	92.0	92.0	88.0	0.8400179443146094	0.8400179443146094	0.7600454927350169	0.07997245157959254
1_2_intran_S_marker	02_1_2_intran_S_marker	fig:heatmap-2-intran-s-marker	1.2 Intransitive S marker	18_sov_ng_ac_b_ep	sov	ng	nom-acc	balancing	erg-poss	vos	VS	AVP	5.0	93.0	94.0	92.0	0.8600138689949057	0.880010532281679	0.8400179443146094	0.039992587967069615
1_2_intran_S_marker	02_1_2_intran_S_marker	fig:heatmap-2-intran-s-marker	1.2 Intransitive S marker	19_sov_ng_ac_b_no	sov	ng	nom-acc	balancing	nomn	ovs	VS	PVA	5.0	100.0	93.0	97.0	1.0	0.8600138689949057	0.9400037321744893	0.13998613100509427
1_2_intran_S_marker	02_1_2_intran_S_marker	fig:heatmap-2-intran-s-marker	1.2 Intransitive S marker	20_sov_ng_ac_d_se	sov	ng	nom-acc	deranking	sent	sov	SV	APV	5.0	95.0	96.0	94.0	0.9000078003290506	0.9200055635398481	0.880010532281679	0.039995031258169056
1_2_intran_S_marker	02_1_2_intran_S_marker	fig:heatmap-2-intran-s-marker	1.2 Intransitive S marker	21_sov_ng_ac_d_pa	sov	ng	nom-acc	deranking	poss-acc	ovs	VS	PVA	5.0	86.0	90.0	90.0	0.7200700908352611	0.8000290007473678	0.8000290007473678	0.07995890991210675
1_2_intran_S_marker	02_1_2_intran_S_marker	fig:heatmap-2-intran-s-marker	1.2 Intransitive S marker	22_sov_ng_ac_d_ep	sov	ng	nom-acc	deranking	erg-poss	vos	VS	AVP	5.0	98.0	95.0	92.0	0.9600022327543785	0.9000078003290506	0.8400179443146094	0.11998428843976905
1_2_intran_S_marker	02_1_2_intran_S_marker	fig:heatmap-2-intran-s-marker	1.2 Intransitive S marker	23_sov_ng_ac_d_no	sov	ng	nom-acc	deranking	nomn	ovs	VS	PVA	5.0	98.0	93.0	92.0	0.9600022327543785	0.8600138689949057	0.8400179443146094	0.11998428843976905
1_2_intran_S_marker	02_1_2_intran_S_marker	fig:heatmap-2-intran-s-marker	1.2 Intransitive S marker	24_sov_ng_er_b_se	sov	ng	erg-abs	balancing	sent	sov	SV	APV	5.0	56.99999999999999	62.0	65.0	0.1620372011019233	0.2486790753254733	0.3048541952674525	0.1428169941655292
1_2_intran_S_marker	02_1_2_intran_S_marker	fig:heatmap-2-intran-s-marker	1.2 Intransitive S marker	25_sov_ng_er_b_pa	sov	ng	erg-abs	balancing	poss-acc	ovs	VS	PVA	5.0	68.0	55.00000000000001	60.0	0.36269116941089913	0.1313216288619007	0.2126882612143756	0.23136954054899841
1_2_intran_S_marker	02_1_2_intran_S_marker	fig:heatmap-2-intran-s-marker	1.2 Intransitive S marker	26_sov_ng_er_b_ep	sov	ng	erg-abs	balancing	erg-poss	vos	VS	AVP	5.0	66.0	65.0	66.0	0.32399079342632137	0.3048541952674525	0.32399079342632137	0.019136598158868867
1_2_intran_S_marker	02_1_2_intran_S_marker	fig:heatmap-2-intran-s-marker	1.2 Intransitive S marker	27_sov_ng_er_b_no	sov	ng	erg-abs	balancing	nomn	ovs	VS	PVA	5.0	55.00000000000001	55.00000000000001	68.0	0.1313216288619007	0.1313216288619007	0.36269116941089913	0.23136954054899841
1_2_intran_S_marker	02_1_2_intran_S_marker	fig:heatmap-2-intran-s-marker	1.2 Intransitive S marker	28_sov_ng_er_d_se	sov	ng	erg-abs	deranking	sent	sov	SV	APV	5.0	51.0	61.0	62.0	0.0798093470482375	0.23050379208694793	0.2486790753254733	0.1688697282772358
1_2_intran_S_marker	02_1_2_intran_S_marker	fig:heatmap-2-intran-s-marker	1.2 Intransitive S marker	29_sov_ng_er_d_pa	sov	ng	erg-abs	deranking	poss-acc	ovs	VS	PVA	5.0	51.0	55.00000000000001	49.0	0.0798093470482375	0.1313216288619007	0.059809347048237496	0.07151228181366322
1_2_intran_S_marker	02_1_2_intran_S_marker	fig:heatmap-2-intran-s-marker	1.2 Intransitive S marker	30_sov_ng_er_d_ep	sov	ng	erg-abs	deranking	erg-poss	vos	VS	AVP	5.0	64.0	56.99999999999999	62.0	0.28589874273887544	0.1620372011019233	0.2486790753254733	0.12386154163695215
1_2_intran_S_marker	02_1_2_intran_S_marker	fig:heatmap-2-intran-s-marker	1.2 Intransitive S marker	31_sov_ng_er_d_no	sov	ng	erg-abs	deranking	nomn	ovs	VS	PVA	5.0	63.0	55.00000000000001	60.0	0.2671599293068453	0.1313216288619007	0.2126882612143756	0.13583830044494458
1_2_intran_S_marker	02_1_2_intran_S_marker	fig:heatmap-2-intran-s-marker	1.2 Intransitive S marker	32_svo_gn_ac_b_se	svo	gn	nom-acc	balancing	sent	svo	SV	AVP	5.0	97.0	97.0	98.0	0.9400037321744893	0.9400037321744893	0.9600022327543785	0.019998500579889167
1_2_intran_S_marker	02_1_2_intran_S_marker	fig:heatmap-2-intran-s-marker	1.2 Intransitive S marker	33_svo_gn_ac_b_pa	svo	gn	nom-acc	balancing	poss-acc	svo	SV	AVP	5.0	98.0	97.0	98.0	0.9600022327543785	0.9400037321744893	0.9600022327543785	0.019998500579889167
1_2_intran_S_marker	02_1_2_intran_S_marker	fig:heatmap-2-intran-s-marker	1.2 Intransitive S marker	34_svo_gn_ac_b_ep	svo	gn	nom-acc	balancing	erg-poss	sov	SV	PVA	5.0	96.0	98.0	98.0	0.9200055635398481	0.9600022327543785	0.9600022327543785	0.03999666921453038
1_2_intran_S_marker	02_1_2_intran_S_marker	fig:heatmap-2-intran-s-marker	1.2 Intransitive S marker	35_svo_gn_ac_b_no	svo	gn	nom-acc	balancing	nomn	svo	SV	AVP	5.0	97.0	96.0	97.0	0.9400037321744893	0.9200055635398481	0.9400037321744893	0.01999816863464121
1_2_intran_S_marker	02_1_2_intran_S_marker	fig:heatmap-2-intran-s-marker	1.2 Intransitive S marker	36_svo_gn_ac_d_se	svo	gn	nom-acc	deranking	sent	svo	SV	AVP	5.0	96.0	96.0	97.0	0.9200055635398481	0.9200055635398481	0.9400037321744893	0.01999816863464121
1_2_intran_S_marker	02_1_2_intran_S_marker	fig:heatmap-2-intran-s-marker	1.2 Intransitive S marker	37_svo_gn_ac_d_pa	svo	gn	nom-acc	deranking	poss-acc	svo	SV	AVP	5.0	95.0	98.0	96.0	0.9000078003290506	0.9600022327543785	0.9200055635398481	0.05999443242532787
1_2_intran_S_marker	02_1_2_intran_S_marker	fig:heatmap-2-intran-s-marker	1.2 Intransitive S marker	38_svo_gn_ac_d_ep	svo	gn	nom-acc	deranking	erg-poss	sov	SV	PVA	5.0	93.0	98.0	95.0	0.8600138689949057	0.9600022327543785	0.9000078003290506	0.09998836375947273
1_2_intran_S_marker	02_1_2_intran_S_marker	fig:heatmap-2-intran-s-marker	1.2 Intransitive S marker	39_svo_gn_ac_d_no	svo	gn	nom-acc	deranking	nomn	svo	SV	AVP	5.0	95.0	96.0	96.0	0.9000078003290506	0.9200055635398481	0.9200055635398481	0.019997763210797492
1_2_intran_S_marker	02_1_2_intran_S_marker	fig:heatmap-2-intran-s-marker	1.2 Intransitive S marker	40_svo_gn_er_b_se	svo	gn	erg-abs	balancing	sent	svo	SV	AVP	5.0	96.0	96.0	97.0	0.9200055635398481	0.9200055635398481	0.9400037321744893	0.01999816863464121
1_2_intran_S_marker	02_1_2_intran_S_marker	fig:heatmap-2-intran-s-marker	1.2 Intransitive S marker	41_svo_gn_er_b_pa	svo	gn	erg-abs	balancing	poss-acc	svo	SV	AVP	5.0	94.0	96.0	97.0	0.880010532281679	0.9200055635398481	0.9400037321744893	0.05999319989281027
1_2_intran_S_marker	02_1_2_intran_S_marker	fig:heatmap-2-intran-s-marker	1.2 Intransitive S marker	42_svo_gn_er_b_ep	svo	gn	erg-abs	balancing	erg-poss	sov	SV	PVA	5.0	90.0	96.0	95.0	0.8000290007473678	0.9200055635398481	0.9000078003290506	0.11997656279248026
1_2_intran_S_marker	02_1_2_intran_S_marker	fig:heatmap-2-intran-s-marker	1.2 Intransitive S marker	43_svo_gn_er_b_no	svo	gn	erg-abs	balancing	nomn	svo	SV	AVP	5.0	95.0	96.0	98.0	0.9000078003290506	0.9200055635398481	0.9600022327543785	0.05999443242532787
1_2_intran_S_marker	02_1_2_intran_S_marker	fig:heatmap-2-intran-s-marker	1.2 Intransitive S marker	44_svo_gn_er_d_se	svo	gn	erg-abs	deranking	sent	svo	SV	AVP	5.0	81.0	92.0	93.0	0.6201981975224622	0.8400179443146094	0.8600138689949057	0.23981567147244354
1_2_intran_S_marker	02_1_2_intran_S_marker	fig:heatmap-2-intran-s-marker	1.2 Intransitive S marker	45_svo_gn_er_d_pa	svo	gn	erg-abs	deranking	poss-acc	svo	SV	AVP	5.0	92.0	94.0	90.0	0.8400179443146094	0.880010532281679	0.8000290007473678	0.0799815315343112
1_2_intran_S_marker	02_1_2_intran_S_marker	fig:heatmap-2-intran-s-marker	1.2 Intransitive S marker	46_svo_gn_er_d_ep	svo	gn	erg-abs	deranking	erg-poss	sov	SV	PVA	5.0	95.0	92.0	96.0	0.9000078003290506	0.8400179443146094	0.9200055635398481	0.07998761922523867
1_2_intran_S_marker	02_1_2_intran_S_marker	fig:heatmap-2-intran-s-marker	1.2 Intransitive S marker	47_svo_gn_er_d_no	svo	gn	erg-abs	deranking	nomn	svo	SV	AVP	5.0	92.0	90.0	90.0	0.8400179443146094	0.8000290007473678	0.8000290007473678	0.039988943567241586
1_2_intran_S_marker	02_1_2_intran_S_marker	fig:heatmap-2-intran-s-marker	1.2 Intransitive S marker	48_svo_ng_ac_b_se	svo	ng	nom-acc	balancing	sent	svo	SV	AVP	5.0	99.0	100.0	100.0	0.9800010051162833	1.0	1.0	0.019998994883716703
1_2_intran_S_marker	02_1_2_intran_S_marker	fig:heatmap-2-intran-s-marker	1.2 Intransitive S marker	49_svo_ng_ac_b_pa	svo	ng	nom-acc	balancing	poss-acc	vos	VS	VPA	5.0	96.0	99.0	97.0	0.9200055635398481	0.9800010051162833	0.9400037321744893	0.059995441576435216
1_2_intran_S_marker	02_1_2_intran_S_marker	fig:heatmap-2-intran-s-marker	1.2 Intransitive S marker	50_svo_ng_ac_b_ep	svo	ng	nom-acc	balancing	erg-poss	vos	VS	VPA	5.0	100.0	100.0	98.0	1.0	1.0	0.9600022327543785	0.03999776724562154
1_2_intran_S_marker	02_1_2_intran_S_marker	fig:heatmap-2-intran-s-marker	1.2 Intransitive S marker	51_svo_ng_ac_b_no	svo	ng	nom-acc	balancing	nomn	vos	VS	VPA	5.0	98.0	98.0	98.0	0.9600022327543785	0.9600022327543785	0.9600022327543785	0.0
1_2_intran_S_marker	02_1_2_intran_S_marker	fig:heatmap-2-intran-s-marker	1.2 Intransitive S marker	52_svo_ng_ac_d_se	svo	ng	nom-acc	deranking	sent	svo	SV	AVP	5.0	98.0	97.0	98.0	0.9600022327543785	0.9400037321744893	0.9600022327543785	0.019998500579889167
1_2_intran_S_marker	02_1_2_intran_S_marker	fig:heatmap-2-intran-s-marker	1.2 Intransitive S marker	53_svo_ng_ac_d_pa	svo	ng	nom-acc	deranking	poss-acc	vos	VS	VPA	5.0	97.0	97.0	99.0	0.9400037321744893	0.9400037321744893	0.9800010051162833	0.039997272941794004
1_2_intran_S_marker	02_1_2_intran_S_marker	fig:heatmap-2-intran-s-marker	1.2 Intransitive S marker	54_svo_ng_ac_d_ep	svo	ng	nom-acc	deranking	erg-poss	vos	VS	VPA	5.0	99.0	98.0	100.0	0.9800010051162833	0.9600022327543785	1.0	0.03999776724562154
1_2_intran_S_marker	02_1_2_intran_S_marker	fig:heatmap-2-intran-s-marker	1.2 Intransitive S marker	55_svo_ng_ac_d_no	svo	ng	nom-acc	deranking	nomn	vos	VS	VPA	5.0	98.0	99.0	99.0	0.9600022327543785	0.9800010051162833	0.9800010051162833	0.019998772361904837
1_2_intran_S_marker	02_1_2_intran_S_marker	fig:heatmap-2-intran-s-marker	1.2 Intransitive S marker	56_svo_ng_er_b_se	svo	ng	erg-abs	balancing	sent	svo	SV	AVP	5.0	77.0	98.0	94.0	0.5404461012900033	0.9600022327543785	0.880010532281679	0.4195561314643752
1_2_intran_S_marker	02_1_2_intran_S_marker	fig:heatmap-2-intran-s-marker	1.2 Intransitive S marker	57_svo_ng_er_b_pa	svo	ng	erg-abs	balancing	poss-acc	vos	VS	VPA	5.0	93.0	92.0	98.0	0.8600138689949057	0.8400179443146094	0.9600022327543785	0.11998428843976905
1_2_intran_S_marker	02_1_2_intran_S_marker	fig:heatmap-2-intran-s-marker	1.2 Intransitive S marker	58_svo_ng_er_b_ep	svo	ng	erg-abs	balancing	erg-poss	vos	VS	VPA	5.0	87.0	92.0	90.0	0.7400565667123037	0.8400179443146094	0.8000290007473678	0.09996137760230572
1_2_intran_S_marker	02_1_2_intran_S_marker	fig:heatmap-2-intran-s-marker	1.2 Intransitive S marker	59_svo_ng_er_b_no	svo	ng	erg-abs	balancing	nomn	vos	VS	VPA	5.0	89.0	91.0	90.0	0.7800364252161309	0.8200229216960366	0.8000290007473678	0.03998649647990571
1_2_intran_S_marker	02_1_2_intran_S_marker	fig:heatmap-2-intran-s-marker	1.2 Intransitive S marker	60_svo_ng_er_d_se	svo	ng	erg-abs	deranking	sent	svo	SV	AVP	5.0	76.0	84.0	94.0	0.520545600501044	0.6801067756461248	0.880010532281679	0.359464931780635
1_2_intran_S_marker	02_1_2_intran_S_marker	fig:heatmap-2-intran-s-marker	1.2 Intransitive S marker	61_svo_ng_er_d_pa	svo	ng	erg-abs	deranking	poss-acc	vos	VS	VPA	5.0	82.0	95.0	95.0	0.6401614779514829	0.9000078003290506	0.9000078003290506	0.25984632237756766
1_2_intran_S_marker	02_1_2_intran_S_marker	fig:heatmap-2-intran-s-marker	1.2 Intransitive S marker	62_svo_ng_er_d_ep	svo	ng	erg-abs	deranking	erg-poss	vos	VS	VPA	5.0	72.0	91.0	84.0	0.44121571857084796	0.8200229216960366	0.6801067756461248	0.3788072031251887
1_2_intran_S_marker	02_1_2_intran_S_marker	fig:heatmap-2-intran-s-marker	1.2 Intransitive S marker	63_svo_ng_er_d_no	svo	ng	erg-abs	deranking	nomn	vos	VS	VPA	5.0	71.0	93.0	96.0	0.4214838855772702	0.8600138689949057	0.9200055635398481	0.4985216779625779
1_2_intran_S_marker	02_1_2_intran_S_marker	fig:heatmap-2-intran-s-marker	1.2 Intransitive S marker	64_vos_gn_ac_b_se	vos	gn	nom-acc	balancing	sent	vos	VS	VPA	5.0	98.0	98.0	99.0	0.9600022327543785	0.9600022327543785	0.9800010051162833	0.019998772361904837
1_2_intran_S_marker	02_1_2_intran_S_marker	fig:heatmap-2-intran-s-marker	1.2 Intransitive S marker	65_vos_gn_ac_b_pa	vos	gn	nom-acc	balancing	poss-acc	svo	SV	AVP	5.0	99.0	98.0	97.0	0.9800010051162833	0.9600022327543785	0.9400037321744893	0.039997272941794004
1_2_intran_S_marker	02_1_2_intran_S_marker	fig:heatmap-2-intran-s-marker	1.2 Intransitive S marker	66_vos_gn_ac_b_ep	vos	gn	nom-acc	balancing	erg-poss	sov	SV	PVA	5.0	99.0	99.0	99.0	0.9800010051162833	0.9800010051162833	0.9800010051162833	0.0
1_2_intran_S_marker	02_1_2_intran_S_marker	fig:heatmap-2-intran-s-marker	1.2 Intransitive S marker	67_vos_gn_ac_b_no	vos	gn	nom-acc	balancing	nomn	svo	SV	AVP	5.0	98.0	99.0	99.0	0.9600022327543785	0.9800010051162833	0.9800010051162833	0.019998772361904837
1_2_intran_S_marker	02_1_2_intran_S_marker	fig:heatmap-2-intran-s-marker	1.2 Intransitive S marker	68_vos_gn_ac_d_se	vos	gn	nom-acc	deranking	sent	vos	VS	VPA	5.0	98.0	99.0	99.0	0.9600022327543785	0.9800010051162833	0.9800010051162833	0.019998772361904837
1_2_intran_S_marker	02_1_2_intran_S_marker	fig:heatmap-2-intran-s-marker	1.2 Intransitive S marker	69_vos_gn_ac_d_pa	vos	gn	nom-acc	deranking	poss-acc	svo	SV	AVP	5.0	99.0	98.0	99.0	0.9800010051162833	0.9600022327543785	0.9800010051162833	0.019998772361904837
1_2_intran_S_marker	02_1_2_intran_S_marker	fig:heatmap-2-intran-s-marker	1.2 Intransitive S marker	70_vos_gn_ac_d_ep	vos	gn	nom-acc	deranking	erg-poss	sov	SV	PVA	5.0	99.0	99.0	99.0	0.9800010051162833	0.9800010051162833	0.9800010051162833	0.0
1_2_intran_S_marker	02_1_2_intran_S_marker	fig:heatmap-2-intran-s-marker	1.2 Intransitive S marker	71_vos_gn_ac_d_no	vos	gn	nom-acc	deranking	nomn	svo	SV	AVP	5.0	99.0	98.0	98.0	0.9800010051162833	0.9600022327543785	0.9600022327543785	0.019998772361904837
1_2_intran_S_marker	02_1_2_intran_S_marker	fig:heatmap-2-intran-s-marker	1.2 Intransitive S marker	72_vos_gn_er_b_se	vos	gn	erg-abs	balancing	sent	vos	VS	VPA	5.0	97.0	91.0	96.0	0.9400037321744893	0.8200229216960366	0.9200055635398481	0.11998081047845266
1_2_intran_S_marker	02_1_2_intran_S_marker	fig:heatmap-2-intran-s-marker	1.2 Intransitive S marker	73_vos_gn_er_b_pa	vos	gn	erg-abs	balancing	poss-acc	svo	SV	AVP	5.0	95.0	92.0	95.0	0.9000078003290506	0.8400179443146094	0.9000078003290506	0.05998985601444118
1_2_intran_S_marker	02_1_2_intran_S_marker	fig:heatmap-2-intran-s-marker	1.2 Intransitive S marker	74_vos_gn_er_b_ep	vos	gn	erg-abs	balancing	erg-poss	sov	SV	PVA	5.0	98.0	95.0	92.0	0.9600022327543785	0.9000078003290506	0.8400179443146094	0.11998428843976905
1_2_intran_S_marker	02_1_2_intran_S_marker	fig:heatmap-2-intran-s-marker	1.2 Intransitive S marker	75_vos_gn_er_b_no	vos	gn	erg-abs	balancing	nomn	svo	SV	AVP	5.0	98.0	93.0	97.0	0.9600022327543785	0.8600138689949057	0.9400037321744893	0.09998836375947273
1_2_intran_S_marker	02_1_2_intran_S_marker	fig:heatmap-2-intran-s-marker	1.2 Intransitive S marker	76_vos_gn_er_d_se	vos	gn	erg-abs	deranking	sent	vos	VS	VPA	5.0	97.0	92.0	94.0	0.9400037321744893	0.8400179443146094	0.880010532281679	0.09998578785987988
1_2_intran_S_marker	02_1_2_intran_S_marker	fig:heatmap-2-intran-s-marker	1.2 Intransitive S marker	77_vos_gn_er_d_pa	vos	gn	erg-abs	deranking	poss-acc	svo	SV	AVP	5.0	93.0	96.0	93.0	0.8600138689949057	0.9200055635398481	0.8600138689949057	0.05999169454494235
1_2_intran_S_marker	02_1_2_intran_S_marker	fig:heatmap-2-intran-s-marker	1.2 Intransitive S marker	78_vos_gn_er_d_ep	vos	gn	erg-abs	deranking	erg-poss	sov	SV	PVA	5.0	98.0	96.0	95.0	0.9600022327543785	0.9200055635398481	0.9000078003290506	0.05999443242532787
1_2_intran_S_marker	02_1_2_intran_S_marker	fig:heatmap-2-intran-s-marker	1.2 Intransitive S marker	79_vos_gn_er_d_no	vos	gn	erg-abs	deranking	nomn	svo	SV	AVP	5.0	92.0	92.0	97.0	0.8400179443146094	0.8400179443146094	0.9400037321744893	0.09998578785987988
1_2_intran_S_marker	02_1_2_intran_S_marker	fig:heatmap-2-intran-s-marker	1.2 Intransitive S marker	80_vos_ng_ac_b_se	vos	ng	nom-acc	balancing	sent	vos	VS	VPA	5.0	70.0	68.0	77.0	0.40181045290185924	0.36269116941089913	0.5404461012900033	0.17775493187910413
1_2_intran_S_marker	02_1_2_intran_S_marker	fig:heatmap-2-intran-s-marker	1.2 Intransitive S marker	81_vos_ng_ac_b_pa	vos	ng	nom-acc	balancing	poss-acc	vos	VS	VPA	5.0	82.0	69.0	59.0	0.6401614779514829	0.3822078817555662	0.19529322116268572	0.4448682567887972
1_2_intran_S_marker	02_1_2_intran_S_marker	fig:heatmap-2-intran-s-marker	1.2 Intransitive S marker	82_vos_ng_ac_b_ep	vos	ng	nom-acc	balancing	erg-poss	vos	VS	VPA	5.0	68.0	68.0	76.0	0.36269116941089913	0.36269116941089913	0.520545600501044	0.1578544310901449
1_2_intran_S_marker	02_1_2_intran_S_marker	fig:heatmap-2-intran-s-marker	1.2 Intransitive S marker	83_vos_ng_ac_b_no	vos	ng	nom-acc	balancing	nomn	vos	VS	VPA	5.0	80.0	68.0	69.0	0.6002430286238514	0.36269116941089913	0.3822078817555662	0.23755185921295224
1_2_intran_S_marker	02_1_2_intran_S_marker	fig:heatmap-2-intran-s-marker	1.2 Intransitive S marker	84_vos_ng_ac_d_se	vos	ng	nom-acc	deranking	sent	vos	VS	VPA	5.0	76.0	71.0	72.0	0.520545600501044	0.4214838855772702	0.44121571857084796	0.09906171492377386
1_2_intran_S_marker	02_1_2_intran_S_marker	fig:heatmap-2-intran-s-marker	1.2 Intransitive S marker	85_vos_ng_ac_d_pa	vos	ng	nom-acc	deranking	poss-acc	vos	VS	VPA	5.0	78.0	69.0	88.0	0.5603645644527729	0.3822078817555662	0.7600454927350169	0.3778376109794507
1_2_intran_S_marker	02_1_2_intran_S_marker	fig:heatmap-2-intran-s-marker	1.2 Intransitive S marker	86_vos_ng_ac_d_ep	vos	ng	nom-acc	deranking	erg-poss	vos	VS	VPA	5.0	73.0	83.0	81.0	0.4609956253156435	0.6601314044676043	0.6201981975224622	0.19913577915196085
1_2_intran_S_marker	02_1_2_intran_S_marker	fig:heatmap-2-intran-s-marker	1.2 Intransitive S marker	87_vos_ng_ac_d_no	vos	ng	nom-acc	deranking	nomn	vos	VS	VPA	5.0	75.0	86.0	83.0	0.5006669949589901	0.7200700908352611	0.6601314044676043	0.21940309587627094
1_2_intran_S_marker	02_1_2_intran_S_marker	fig:heatmap-2-intran-s-marker	1.2 Intransitive S marker	88_vos_ng_er_b_se	vos	ng	erg-abs	balancing	sent	vos	VS	VPA	5.0	99.0	98.0	98.0	0.9800010051162833	0.9600022327543785	0.9600022327543785	0.019998772361904837
1_2_intran_S_marker	02_1_2_intran_S_marker	fig:heatmap-2-intran-s-marker	1.2 Intransitive S marker	89_vos_ng_er_b_pa	vos	ng	erg-abs	balancing	poss-acc	vos	VS	VPA	5.0	99.0	99.0	94.0	0.9800010051162833	0.9800010051162833	0.880010532281679	0.09999047283460427
1_2_intran_S_marker	02_1_2_intran_S_marker	fig:heatmap-2-intran-s-marker	1.2 Intransitive S marker	90_vos_ng_er_b_ep	vos	ng	erg-abs	balancing	erg-poss	vos	VS	VPA	5.0	99.0	98.0	99.0	0.9800010051162833	0.9600022327543785	0.9800010051162833	0.019998772361904837
1_2_intran_S_marker	02_1_2_intran_S_marker	fig:heatmap-2-intran-s-marker	1.2 Intransitive S marker	91_vos_ng_er_b_no	vos	ng	erg-abs	balancing	nomn	vos	VS	VPA	5.0	98.0	99.0	98.0	0.9600022327543785	0.9800010051162833	0.9600022327543785	0.019998772361904837
1_2_intran_S_marker	02_1_2_intran_S_marker	fig:heatmap-2-intran-s-marker	1.2 Intransitive S marker	92_vos_ng_er_d_se	vos	ng	erg-abs	deranking	sent	vos	VS	VPA	5.0	99.0	99.0	97.0	0.9800010051162833	0.9800010051162833	0.9400037321744893	0.039997272941794004
1_2_intran_S_marker	02_1_2_intran_S_marker	fig:heatmap-2-intran-s-marker	1.2 Intransitive S marker	93_vos_ng_er_d_pa	vos	ng	erg-abs	deranking	poss-acc	vos	VS	VPA	5.0	99.0	99.0	98.0	0.9800010051162833	0.9800010051162833	0.9600022327543785	0.019998772361904837
1_2_intran_S_marker	02_1_2_intran_S_marker	fig:heatmap-2-intran-s-marker	1.2 Intransitive S marker	94_vos_ng_er_d_ep	vos	ng	erg-abs	deranking	erg-poss	vos	VS	VPA	5.0	99.0	99.0	97.0	0.9800010051162833	0.9800010051162833	0.9400037321744893	0.039997272941794004
1_2_intran_S_marker	02_1_2_intran_S_marker	fig:heatmap-2-intran-s-marker	1.2 Intransitive S marker	95_vos_ng_er_d_no	vos	ng	erg-abs	deranking	nomn	vos	VS	VPA	5.0	99.0	99.0	99.0	0.9800010051162833	0.9800010051162833	0.9800010051162833	0.0
1_3_intran_SV_order	03_1_3_intran_SV_order	fig:heatmap-3-intran-sv-order	1.3 Intransitive S--V order	00_sov_gn_ac_b_se	sov	gn	nom-acc	balancing	sent	sov	SV	APV	5.0	100.0	100.0	100.0	1.0	1.0	1.0	0.0
1_3_intran_SV_order	03_1_3_intran_SV_order	fig:heatmap-3-intran-sv-order	1.3 Intransitive S--V order	01_sov_gn_ac_b_pa	sov	gn	nom-acc	balancing	poss-acc	sov	SV	APV	5.0	100.0	100.0	100.0	1.0	1.0	1.0	0.0
1_3_intran_SV_order	03_1_3_intran_SV_order	fig:heatmap-3-intran-sv-order	1.3 Intransitive S--V order	02_sov_gn_ac_b_ep	sov	gn	nom-acc	balancing	erg-poss	sov	SV	APV	5.0	100.0	100.0	100.0	1.0	1.0	1.0	0.0
1_3_intran_SV_order	03_1_3_intran_SV_order	fig:heatmap-3-intran-sv-order	1.3 Intransitive S--V order	03_sov_gn_ac_b_no	sov	gn	nom-acc	balancing	nomn	sov	SV	APV	5.0	100.0	100.0	100.0	1.0	1.0	1.0	0.0
1_3_intran_SV_order	03_1_3_intran_SV_order	fig:heatmap-3-intran-sv-order	1.3 Intransitive S--V order	04_sov_gn_ac_d_se	sov	gn	nom-acc	deranking	sent	sov	SV	APV	5.0	100.0	100.0	100.0	1.0	1.0	1.0	0.0
1_3_intran_SV_order	03_1_3_intran_SV_order	fig:heatmap-3-intran-sv-order	1.3 Intransitive S--V order	05_sov_gn_ac_d_pa	sov	gn	nom-acc	deranking	poss-acc	sov	SV	APV	5.0	100.0	100.0	100.0	1.0	1.0	1.0	0.0
1_3_intran_SV_order	03_1_3_intran_SV_order	fig:heatmap-3-intran-sv-order	1.3 Intransitive S--V order	06_sov_gn_ac_d_ep	sov	gn	nom-acc	deranking	erg-poss	sov	SV	APV	5.0	100.0	100.0	100.0	1.0	1.0	1.0	0.0
1_3_intran_SV_order	03_1_3_intran_SV_order	fig:heatmap-3-intran-sv-order	1.3 Intransitive S--V order	07_sov_gn_ac_d_no	sov	gn	nom-acc	deranking	nomn	sov	SV	APV	5.0	100.0	100.0	100.0	1.0	1.0	1.0	0.0
1_3_intran_SV_order	03_1_3_intran_SV_order	fig:heatmap-3-intran-sv-order	1.3 Intransitive S--V order	08_sov_gn_er_b_se	sov	gn	erg-abs	balancing	sent	sov	SV	APV	5.0	100.0	100.0	100.0	1.0	1.0	1.0	0.0
1_3_intran_SV_order	03_1_3_intran_SV_order	fig:heatmap-3-intran-sv-order	1.3 Intransitive S--V order	09_sov_gn_er_b_pa	sov	gn	erg-abs	balancing	poss-acc	sov	SV	APV	5.0	100.0	100.0	100.0	1.0	1.0	1.0	0.0
1_3_intran_SV_order	03_1_3_intran_SV_order	fig:heatmap-3-intran-sv-order	1.3 Intransitive S--V order	10_sov_gn_er_b_ep	sov	gn	erg-abs	balancing	erg-poss	sov	SV	APV	5.0	100.0	100.0	100.0	1.0	1.0	1.0	0.0
1_3_intran_SV_order	03_1_3_intran_SV_order	fig:heatmap-3-intran-sv-order	1.3 Intransitive S--V order	11_sov_gn_er_b_no	sov	gn	erg-abs	balancing	nomn	sov	SV	APV	5.0	100.0	100.0	100.0	1.0	1.0	1.0	0.0
1_3_intran_SV_order	03_1_3_intran_SV_order	fig:heatmap-3-intran-sv-order	1.3 Intransitive S--V order	12_sov_gn_er_d_se	sov	gn	erg-abs	deranking	sent	sov	SV	APV	5.0	100.0	100.0	100.0	1.0	1.0	1.0	0.0
1_3_intran_SV_order	03_1_3_intran_SV_order	fig:heatmap-3-intran-sv-order	1.3 Intransitive S--V order	13_sov_gn_er_d_pa	sov	gn	erg-abs	deranking	poss-acc	sov	SV	APV	5.0	100.0	100.0	100.0	1.0	1.0	1.0	0.0
1_3_intran_SV_order	03_1_3_intran_SV_order	fig:heatmap-3-intran-sv-order	1.3 Intransitive S--V order	14_sov_gn_er_d_ep	sov	gn	erg-abs	deranking	erg-poss	sov	SV	APV	5.0	100.0	100.0	100.0	1.0	1.0	1.0	0.0
1_3_intran_SV_order	03_1_3_intran_SV_order	fig:heatmap-3-intran-sv-order	1.3 Intransitive S--V order	15_sov_gn_er_d_no	sov	gn	erg-abs	deranking	nomn	sov	SV	APV	5.0	100.0	100.0	100.0	1.0	1.0	1.0	0.0
1_3_intran_SV_order	03_1_3_intran_SV_order	fig:heatmap-3-intran-sv-order	1.3 Intransitive S--V order	16_sov_ng_ac_b_se	sov	ng	nom-acc	balancing	sent	sov	SV	APV	5.0	100.0	100.0	100.0	1.0	1.0	1.0	0.0
1_3_intran_SV_order	03_1_3_intran_SV_order	fig:heatmap-3-intran-sv-order	1.3 Intransitive S--V order	17_sov_ng_ac_b_pa	sov	ng	nom-acc	balancing	poss-acc	ovs	VS	PVA	5.0	100.0	100.0	100.0	1.0	1.0	1.0	0.0
1_3_intran_SV_order	03_1_3_intran_SV_order	fig:heatmap-3-intran-sv-order	1.3 Intransitive S--V order	18_sov_ng_ac_b_ep	sov	ng	nom-acc	balancing	erg-poss	vos	VS	AVP	5.0	100.0	100.0	100.0	1.0	1.0	1.0	0.0
1_3_intran_SV_order	03_1_3_intran_SV_order	fig:heatmap-3-intran-sv-order	1.3 Intransitive S--V order	19_sov_ng_ac_b_no	sov	ng	nom-acc	balancing	nomn	ovs	VS	PVA	5.0	100.0	100.0	100.0	1.0	1.0	1.0	0.0
1_3_intran_SV_order	03_1_3_intran_SV_order	fig:heatmap-3-intran-sv-order	1.3 Intransitive S--V order	20_sov_ng_ac_d_se	sov	ng	nom-acc	deranking	sent	sov	SV	APV	5.0	100.0	100.0	99.0	1.0	1.0	0.9800010051162833	0.019998994883716703
1_3_intran_SV_order	03_1_3_intran_SV_order	fig:heatmap-3-intran-sv-order	1.3 Intransitive S--V order	21_sov_ng_ac_d_pa	sov	ng	nom-acc	deranking	poss-acc	ovs	VS	PVA	5.0	100.0	100.0	100.0	1.0	1.0	1.0	0.0
1_3_intran_SV_order	03_1_3_intran_SV_order	fig:heatmap-3-intran-sv-order	1.3 Intransitive S--V order	22_sov_ng_ac_d_ep	sov	ng	nom-acc	deranking	erg-poss	vos	VS	AVP	5.0	100.0	100.0	100.0	1.0	1.0	1.0	0.0
1_3_intran_SV_order	03_1_3_intran_SV_order	fig:heatmap-3-intran-sv-order	1.3 Intransitive S--V order	23_sov_ng_ac_d_no	sov	ng	nom-acc	deranking	nomn	ovs	VS	PVA	5.0	100.0	100.0	100.0	1.0	1.0	1.0	0.0
1_3_intran_SV_order	03_1_3_intran_SV_order	fig:heatmap-3-intran-sv-order	1.3 Intransitive S--V order	24_sov_ng_er_b_se	sov	ng	erg-abs	balancing	sent	sov	SV	APV	5.0	100.0	100.0	100.0	1.0	1.0	1.0	0.0
1_3_intran_SV_order	03_1_3_intran_SV_order	fig:heatmap-3-intran-sv-order	1.3 Intransitive S--V order	25_sov_ng_er_b_pa	sov	ng	erg-abs	balancing	poss-acc	ovs	VS	PVA	5.0	100.0	100.0	100.0	1.0	1.0	1.0	0.0
1_3_intran_SV_order	03_1_3_intran_SV_order	fig:heatmap-3-intran-sv-order	1.3 Intransitive S--V order	26_sov_ng_er_b_ep	sov	ng	erg-abs	balancing	erg-poss	vos	VS	AVP	5.0	100.0	100.0	100.0	1.0	1.0	1.0	0.0
1_3_intran_SV_order	03_1_3_intran_SV_order	fig:heatmap-3-intran-sv-order	1.3 Intransitive S--V order	27_sov_ng_er_b_no	sov	ng	erg-abs	balancing	nomn	ovs	VS	PVA	5.0	100.0	100.0	100.0	1.0	1.0	1.0	0.0
1_3_intran_SV_order	03_1_3_intran_SV_order	fig:heatmap-3-intran-sv-order	1.3 Intransitive S--V order	28_sov_ng_er_d_se	sov	ng	erg-abs	deranking	sent	sov	SV	APV	5.0	100.0	100.0	100.0	1.0	1.0	1.0	0.0
1_3_intran_SV_order	03_1_3_intran_SV_order	fig:heatmap-3-intran-sv-order	1.3 Intransitive S--V order	29_sov_ng_er_d_pa	sov	ng	erg-abs	deranking	poss-acc	ovs	VS	PVA	5.0	100.0	100.0	100.0	1.0	1.0	1.0	0.0
1_3_intran_SV_order	03_1_3_intran_SV_order	fig:heatmap-3-intran-sv-order	1.3 Intransitive S--V order	30_sov_ng_er_d_ep	sov	ng	erg-abs	deranking	erg-poss	vos	VS	AVP	5.0	100.0	100.0	100.0	1.0	1.0	1.0	0.0
1_3_intran_SV_order	03_1_3_intran_SV_order	fig:heatmap-3-intran-sv-order	1.3 Intransitive S--V order	31_sov_ng_er_d_no	sov	ng	erg-abs	deranking	nomn	ovs	VS	PVA	5.0	100.0	100.0	100.0	1.0	1.0	1.0	0.0
1_3_intran_SV_order	03_1_3_intran_SV_order	fig:heatmap-3-intran-sv-order	1.3 Intransitive S--V order	32_svo_gn_ac_b_se	svo	gn	nom-acc	balancing	sent	svo	SV	AVP	5.0	100.0	100.0	100.0	1.0	1.0	1.0	0.0
1_3_intran_SV_order	03_1_3_intran_SV_order	fig:heatmap-3-intran-sv-order	1.3 Intransitive S--V order	33_svo_gn_ac_b_pa	svo	gn	nom-acc	balancing	poss-acc	svo	SV	AVP	5.0	100.0	100.0	100.0	1.0	1.0	1.0	0.0
1_3_intran_SV_order	03_1_3_intran_SV_order	fig:heatmap-3-intran-sv-order	1.3 Intransitive S--V order	34_svo_gn_ac_b_ep	svo	gn	nom-acc	balancing	erg-poss	sov	SV	PVA	5.0	100.0	100.0	100.0	1.0	1.0	1.0	0.0
1_3_intran_SV_order	03_1_3_intran_SV_order	fig:heatmap-3-intran-sv-order	1.3 Intransitive S--V order	35_svo_gn_ac_b_no	svo	gn	nom-acc	balancing	nomn	svo	SV	AVP	5.0	100.0	100.0	100.0	1.0	1.0	1.0	0.0
1_3_intran_SV_order	03_1_3_intran_SV_order	fig:heatmap-3-intran-sv-order	1.3 Intransitive S--V order	36_svo_gn_ac_d_se	svo	gn	nom-acc	deranking	sent	svo	SV	AVP	5.0	100.0	100.0	100.0	1.0	1.0	1.0	0.0
1_3_intran_SV_order	03_1_3_intran_SV_order	fig:heatmap-3-intran-sv-order	1.3 Intransitive S--V order	37_svo_gn_ac_d_pa	svo	gn	nom-acc	deranking	poss-acc	svo	SV	AVP	5.0	100.0	100.0	100.0	1.0	1.0	1.0	0.0
1_3_intran_SV_order	03_1_3_intran_SV_order	fig:heatmap-3-intran-sv-order	1.3 Intransitive S--V order	38_svo_gn_ac_d_ep	svo	gn	nom-acc	deranking	erg-poss	sov	SV	PVA	5.0	100.0	100.0	100.0	1.0	1.0	1.0	0.0
1_3_intran_SV_order	03_1_3_intran_SV_order	fig:heatmap-3-intran-sv-order	1.3 Intransitive S--V order	39_svo_gn_ac_d_no	svo	gn	nom-acc	deranking	nomn	svo	SV	AVP	5.0	100.0	100.0	100.0	1.0	1.0	1.0	0.0
1_3_intran_SV_order	03_1_3_intran_SV_order	fig:heatmap-3-intran-sv-order	1.3 Intransitive S--V order	40_svo_gn_er_b_se	svo	gn	erg-abs	balancing	sent	svo	SV	AVP	5.0	100.0	100.0	100.0	1.0	1.0	1.0	0.0
1_3_intran_SV_order	03_1_3_intran_SV_order	fig:heatmap-3-intran-sv-order	1.3 Intransitive S--V order	41_svo_gn_er_b_pa	svo	gn	erg-abs	balancing	poss-acc	svo	SV	AVP	5.0	100.0	100.0	100.0	1.0	1.0	1.0	0.0
1_3_intran_SV_order	03_1_3_intran_SV_order	fig:heatmap-3-intran-sv-order	1.3 Intransitive S--V order	42_svo_gn_er_b_ep	svo	gn	erg-abs	balancing	erg-poss	sov	SV	PVA	5.0	100.0	100.0	100.0	1.0	1.0	1.0	0.0
1_3_intran_SV_order	03_1_3_intran_SV_order	fig:heatmap-3-intran-sv-order	1.3 Intransitive S--V order	43_svo_gn_er_b_no	svo	gn	erg-abs	balancing	nomn	svo	SV	AVP	5.0	100.0	100.0	100.0	1.0	1.0	1.0	0.0
1_3_intran_SV_order	03_1_3_intran_SV_order	fig:heatmap-3-intran-sv-order	1.3 Intransitive S--V order	44_svo_gn_er_d_se	svo	gn	erg-abs	deranking	sent	svo	SV	AVP	5.0	100.0	100.0	100.0	1.0	1.0	1.0	0.0
1_3_intran_SV_order	03_1_3_intran_SV_order	fig:heatmap-3-intran-sv-order	1.3 Intransitive S--V order	45_svo_gn_er_d_pa	svo	gn	erg-abs	deranking	poss-acc	svo	SV	AVP	5.0	99.0	100.0	99.0	0.9800010051162833	1.0	0.9800010051162833	0.019998994883716703
1_3_intran_SV_order	03_1_3_intran_SV_order	fig:heatmap-3-intran-sv-order	1.3 Intransitive S--V order	46_svo_gn_er_d_ep	svo	gn	erg-abs	deranking	erg-poss	sov	SV	PVA	5.0	100.0	100.0	100.0	1.0	1.0	1.0	0.0
1_3_intran_SV_order	03_1_3_intran_SV_order	fig:heatmap-3-intran-sv-order	1.3 Intransitive S--V order	47_svo_gn_er_d_no	svo	gn	erg-abs	deranking	nomn	svo	SV	AVP	5.0	100.0	100.0	99.0	1.0	1.0	0.9800010051162833	0.019998994883716703
1_3_intran_SV_order	03_1_3_intran_SV_order	fig:heatmap-3-intran-sv-order	1.3 Intransitive S--V order	48_svo_ng_ac_b_se	svo	ng	nom-acc	balancing	sent	svo	SV	AVP	5.0	100.0	100.0	100.0	1.0	1.0	1.0	0.0
1_3_intran_SV_order	03_1_3_intran_SV_order	fig:heatmap-3-intran-sv-order	1.3 Intransitive S--V order	49_svo_ng_ac_b_pa	svo	ng	nom-acc	balancing	poss-acc	vos	VS	VPA	5.0	100.0	100.0	100.0	1.0	1.0	1.0	0.0
1_3_intran_SV_order	03_1_3_intran_SV_order	fig:heatmap-3-intran-sv-order	1.3 Intransitive S--V order	50_svo_ng_ac_b_ep	svo	ng	nom-acc	balancing	erg-poss	vos	VS	VPA	5.0	100.0	100.0	100.0	1.0	1.0	1.0	0.0
1_3_intran_SV_order	03_1_3_intran_SV_order	fig:heatmap-3-intran-sv-order	1.3 Intransitive S--V order	51_svo_ng_ac_b_no	svo	ng	nom-acc	balancing	nomn	vos	VS	VPA	5.0	100.0	100.0	100.0	1.0	1.0	1.0	0.0
1_3_intran_SV_order	03_1_3_intran_SV_order	fig:heatmap-3-intran-sv-order	1.3 Intransitive S--V order	52_svo_ng_ac_d_se	svo	ng	nom-acc	deranking	sent	svo	SV	AVP	5.0	100.0	100.0	100.0	1.0	1.0	1.0	0.0
1_3_intran_SV_order	03_1_3_intran_SV_order	fig:heatmap-3-intran-sv-order	1.3 Intransitive S--V order	53_svo_ng_ac_d_pa	svo	ng	nom-acc	deranking	poss-acc	vos	VS	VPA	5.0	100.0	100.0	100.0	1.0	1.0	1.0	0.0
1_3_intran_SV_order	03_1_3_intran_SV_order	fig:heatmap-3-intran-sv-order	1.3 Intransitive S--V order	54_svo_ng_ac_d_ep	svo	ng	nom-acc	deranking	erg-poss	vos	VS	VPA	5.0	100.0	100.0	100.0	1.0	1.0	1.0	0.0
1_3_intran_SV_order	03_1_3_intran_SV_order	fig:heatmap-3-intran-sv-order	1.3 Intransitive S--V order	55_svo_ng_ac_d_no	svo	ng	nom-acc	deranking	nomn	vos	VS	VPA	5.0	100.0	100.0	100.0	1.0	1.0	1.0	0.0
1_3_intran_SV_order	03_1_3_intran_SV_order	fig:heatmap-3-intran-sv-order	1.3 Intransitive S--V order	56_svo_ng_er_b_se	svo	ng	erg-abs	balancing	sent	svo	SV	AVP	5.0	100.0	100.0	100.0	1.0	1.0	1.0	0.0
1_3_intran_SV_order	03_1_3_intran_SV_order	fig:heatmap-3-intran-sv-order	1.3 Intransitive S--V order	57_svo_ng_er_b_pa	svo	ng	erg-abs	balancing	poss-acc	vos	VS	VPA	5.0	100.0	100.0	100.0	1.0	1.0	1.0	0.0
1_3_intran_SV_order	03_1_3_intran_SV_order	fig:heatmap-3-intran-sv-order	1.3 Intransitive S--V order	58_svo_ng_er_b_ep	svo	ng	erg-abs	balancing	erg-poss	vos	VS	VPA	5.0	100.0	100.0	100.0	1.0	1.0	1.0	0.0
1_3_intran_SV_order	03_1_3_intran_SV_order	fig:heatmap-3-intran-sv-order	1.3 Intransitive S--V order	59_svo_ng_er_b_no	svo	ng	erg-abs	balancing	nomn	vos	VS	VPA	5.0	100.0	100.0	100.0	1.0	1.0	1.0	0.0
1_3_intran_SV_order	03_1_3_intran_SV_order	fig:heatmap-3-intran-sv-order	1.3 Intransitive S--V order	60_svo_ng_er_d_se	svo	ng	erg-abs	deranking	sent	svo	SV	AVP	5.0	100.0	100.0	100.0	1.0	1.0	1.0	0.0
1_3_intran_SV_order	03_1_3_intran_SV_order	fig:heatmap-3-intran-sv-order	1.3 Intransitive S--V order	61_svo_ng_er_d_pa	svo	ng	erg-abs	deranking	poss-acc	vos	VS	VPA	5.0	100.0	100.0	100.0	1.0	1.0	1.0	0.0
1_3_intran_SV_order	03_1_3_intran_SV_order	fig:heatmap-3-intran-sv-order	1.3 Intransitive S--V order	62_svo_ng_er_d_ep	svo	ng	erg-abs	deranking	erg-poss	vos	VS	VPA	5.0	100.0	100.0	100.0	1.0	1.0	1.0	0.0
1_3_intran_SV_order	03_1_3_intran_SV_order	fig:heatmap-3-intran-sv-order	1.3 Intransitive S--V order	63_svo_ng_er_d_no	svo	ng	erg-abs	deranking	nomn	vos	VS	VPA	5.0	100.0	100.0	100.0	1.0	1.0	1.0	0.0
1_3_intran_SV_order	03_1_3_intran_SV_order	fig:heatmap-3-intran-sv-order	1.3 Intransitive S--V order	64_vos_gn_ac_b_se	vos	gn	nom-acc	balancing	sent	vos	VS	VPA	5.0	100.0	100.0	100.0	1.0	1.0	1.0	0.0
1_3_intran_SV_order	03_1_3_intran_SV_order	fig:heatmap-3-intran-sv-order	1.3 Intransitive S--V order	65_vos_gn_ac_b_pa	vos	gn	nom-acc	balancing	poss-acc	svo	SV	AVP	5.0	100.0	100.0	100.0	1.0	1.0	1.0	0.0
1_3_intran_SV_order	03_1_3_intran_SV_order	fig:heatmap-3-intran-sv-order	1.3 Intransitive S--V order	66_vos_gn_ac_b_ep	vos	gn	nom-acc	balancing	erg-poss	sov	SV	PVA	5.0	100.0	100.0	100.0	1.0	1.0	1.0	0.0
1_3_intran_SV_order	03_1_3_intran_SV_order	fig:heatmap-3-intran-sv-order	1.3 Intransitive S--V order	67_vos_gn_ac_b_no	vos	gn	nom-acc	balancing	nomn	svo	SV	AVP	5.0	100.0	100.0	100.0	1.0	1.0	1.0	0.0
1_3_intran_SV_order	03_1_3_intran_SV_order	fig:heatmap-3-intran-sv-order	1.3 Intransitive S--V order	68_vos_gn_ac_d_se	vos	gn	nom-acc	deranking	sent	vos	VS	VPA	5.0	100.0	100.0	100.0	1.0	1.0	1.0	0.0
1_3_intran_SV_order	03_1_3_intran_SV_order	fig:heatmap-3-intran-sv-order	1.3 Intransitive S--V order	69_vos_gn_ac_d_pa	vos	gn	nom-acc	deranking	poss-acc	svo	SV	AVP	5.0	100.0	100.0	100.0	1.0	1.0	1.0	0.0
1_3_intran_SV_order	03_1_3_intran_SV_order	fig:heatmap-3-intran-sv-order	1.3 Intransitive S--V order	70_vos_gn_ac_d_ep	vos	gn	nom-acc	deranking	erg-poss	sov	SV	PVA	5.0	100.0	100.0	100.0	1.0	1.0	1.0	0.0
1_3_intran_SV_order	03_1_3_intran_SV_order	fig:heatmap-3-intran-sv-order	1.3 Intransitive S--V order	71_vos_gn_ac_d_no	vos	gn	nom-acc	deranking	nomn	svo	SV	AVP	5.0	100.0	100.0	100.0	1.0	1.0	1.0	0.0
1_3_intran_SV_order	03_1_3_intran_SV_order	fig:heatmap-3-intran-sv-order	1.3 Intransitive S--V order	72_vos_gn_er_b_se	vos	gn	erg-abs	balancing	sent	vos	VS	VPA	5.0	100.0	100.0	100.0	1.0	1.0	1.0	0.0
1_3_intran_SV_order	03_1_3_intran_SV_order	fig:heatmap-3-intran-sv-order	1.3 Intransitive S--V order	73_vos_gn_er_b_pa	vos	gn	erg-abs	balancing	poss-acc	svo	SV	AVP	5.0	100.0	100.0	100.0	1.0	1.0	1.0	0.0
1_3_intran_SV_order	03_1_3_intran_SV_order	fig:heatmap-3-intran-sv-order	1.3 Intransitive S--V order	74_vos_gn_er_b_ep	vos	gn	erg-abs	balancing	erg-poss	sov	SV	PVA	5.0	100.0	100.0	100.0	1.0	1.0	1.0	0.0
1_3_intran_SV_order	03_1_3_intran_SV_order	fig:heatmap-3-intran-sv-order	1.3 Intransitive S--V order	75_vos_gn_er_b_no	vos	gn	erg-abs	balancing	nomn	svo	SV	AVP	5.0	100.0	100.0	100.0	1.0	1.0	1.0	0.0
1_3_intran_SV_order	03_1_3_intran_SV_order	fig:heatmap-3-intran-sv-order	1.3 Intransitive S--V order	76_vos_gn_er_d_se	vos	gn	erg-abs	deranking	sent	vos	VS	VPA	5.0	100.0	100.0	100.0	1.0	1.0	1.0	0.0
1_3_intran_SV_order	03_1_3_intran_SV_order	fig:heatmap-3-intran-sv-order	1.3 Intransitive S--V order	77_vos_gn_er_d_pa	vos	gn	erg-abs	deranking	poss-acc	svo	SV	AVP	5.0	100.0	100.0	100.0	1.0	1.0	1.0	0.0
1_3_intran_SV_order	03_1_3_intran_SV_order	fig:heatmap-3-intran-sv-order	1.3 Intransitive S--V order	78_vos_gn_er_d_ep	vos	gn	erg-abs	deranking	erg-poss	sov	SV	PVA	5.0	100.0	100.0	100.0	1.0	1.0	1.0	0.0
1_3_intran_SV_order	03_1_3_intran_SV_order	fig:heatmap-3-intran-sv-order	1.3 Intransitive S--V order	79_vos_gn_er_d_no	vos	gn	erg-abs	deranking	nomn	svo	SV	AVP	5.0	100.0	100.0	100.0	1.0	1.0	1.0	0.0
1_3_intran_SV_order	03_1_3_intran_SV_order	fig:heatmap-3-intran-sv-order	1.3 Intransitive S--V order	80_vos_ng_ac_b_se	vos	ng	nom-acc	balancing	sent	vos	VS	VPA	5.0	100.0	100.0	100.0	1.0	1.0	1.0	0.0
1_3_intran_SV_order	03_1_3_intran_SV_order	fig:heatmap-3-intran-sv-order	1.3 Intransitive S--V order	81_vos_ng_ac_b_pa	vos	ng	nom-acc	balancing	poss-acc	vos	VS	VPA	5.0	100.0	100.0	100.0	1.0	1.0	1.0	0.0
1_3_intran_SV_order	03_1_3_intran_SV_order	fig:heatmap-3-intran-sv-order	1.3 Intransitive S--V order	82_vos_ng_ac_b_ep	vos	ng	nom-acc	balancing	erg-poss	vos	VS	VPA	5.0	100.0	100.0	100.0	1.0	1.0	1.0	0.0
1_3_intran_SV_order	03_1_3_intran_SV_order	fig:heatmap-3-intran-sv-order	1.3 Intransitive S--V order	83_vos_ng_ac_b_no	vos	ng	nom-acc	balancing	nomn	vos	VS	VPA	5.0	100.0	100.0	100.0	1.0	1.0	1.0	0.0
1_3_intran_SV_order	03_1_3_intran_SV_order	fig:heatmap-3-intran-sv-order	1.3 Intransitive S--V order	84_vos_ng_ac_d_se	vos	ng	nom-acc	deranking	sent	vos	VS	VPA	5.0	100.0	100.0	100.0	1.0	1.0	1.0	0.0
1_3_intran_SV_order	03_1_3_intran_SV_order	fig:heatmap-3-intran-sv-order	1.3 Intransitive S--V order	85_vos_ng_ac_d_pa	vos	ng	nom-acc	deranking	poss-acc	vos	VS	VPA	5.0	100.0	100.0	100.0	1.0	1.0	1.0	0.0
1_3_intran_SV_order	03_1_3_intran_SV_order	fig:heatmap-3-intran-sv-order	1.3 Intransitive S--V order	86_vos_ng_ac_d_ep	vos	ng	nom-acc	deranking	erg-poss	vos	VS	VPA	5.0	100.0	100.0	100.0	1.0	1.0	1.0	0.0
1_3_intran_SV_order	03_1_3_intran_SV_order	fig:heatmap-3-intran-sv-order	1.3 Intransitive S--V order	87_vos_ng_ac_d_no	vos	ng	nom-acc	deranking	nomn	vos	VS	VPA	5.0	100.0	100.0	100.0	1.0	1.0	1.0	0.0
1_3_intran_SV_order	03_1_3_intran_SV_order	fig:heatmap-3-intran-sv-order	1.3 Intransitive S--V order	88_vos_ng_er_b_se	vos	ng	erg-abs	balancing	sent	vos	VS	VPA	5.0	100.0	100.0	100.0	1.0	1.0	1.0	0.0
1_3_intran_SV_order	03_1_3_intran_SV_order	fig:heatmap-3-intran-sv-order	1.3 Intransitive S--V order	89_vos_ng_er_b_pa	vos	ng	erg-abs	balancing	poss-acc	vos	VS	VPA	5.0	100.0	100.0	100.0	1.0	1.0	1.0	0.0
1_3_intran_SV_order	03_1_3_intran_SV_order	fig:heatmap-3-intran-sv-order	1.3 Intransitive S--V order	90_vos_ng_er_b_ep	vos	ng	erg-abs	balancing	erg-poss	vos	VS	VPA	5.0	100.0	100.0	100.0	1.0	1.0	1.0	0.0
1_3_intran_SV_order	03_1_3_intran_SV_order	fig:heatmap-3-intran-sv-order	1.3 Intransitive S--V order	91_vos_ng_er_b_no	vos	ng	erg-abs	balancing	nomn	vos	VS	VPA	5.0	100.0	100.0	100.0	1.0	1.0	1.0	0.0
1_3_intran_SV_order	03_1_3_intran_SV_order	fig:heatmap-3-intran-sv-order	1.3 Intransitive S--V order	92_vos_ng_er_d_se	vos	ng	erg-abs	deranking	sent	vos	VS	VPA	5.0	100.0	100.0	100.0	1.0	1.0	1.0	0.0
1_3_intran_SV_order	03_1_3_intran_SV_order	fig:heatmap-3-intran-sv-order	1.3 Intransitive S--V order	93_vos_ng_er_d_pa	vos	ng	erg-abs	deranking	poss-acc	vos	VS	VPA	5.0	100.0	100.0	100.0	1.0	1.0	1.0	0.0
1_3_intran_SV_order	03_1_3_intran_SV_order	fig:heatmap-3-intran-sv-order	1.3 Intransitive S--V order	94_vos_ng_er_d_ep	vos	ng	erg-abs	deranking	erg-poss	vos	VS	VPA	5.0	100.0	100.0	100.0	1.0	1.0	1.0	0.0
1_3_intran_SV_order	03_1_3_intran_SV_order	fig:heatmap-3-intran-sv-order	1.3 Intransitive S--V order	95_vos_ng_er_d_no	vos	ng	erg-abs	deranking	nomn	vos	VS	VPA	5.0	100.0	100.0	100.0	1.0	1.0	1.0	0.0
1_4_tran_V_form	04_1_4_tran_V_form	fig:heatmap-4-tran-v-form	1.4 Transitive finite verb form	00_sov_gn_ac_b_se	sov	gn	nom-acc	balancing	sent	sov	SV	APV	5.0	100.0	100.0	100.0	1.0	1.0	1.0	0.0
1_4_tran_V_form	04_1_4_tran_V_form	fig:heatmap-4-tran-v-form	1.4 Transitive finite verb form	01_sov_gn_ac_b_pa	sov	gn	nom-acc	balancing	poss-acc	sov	SV	APV	5.0	100.0	100.0	100.0	1.0	1.0	1.0	0.0
1_4_tran_V_form	04_1_4_tran_V_form	fig:heatmap-4-tran-v-form	1.4 Transitive finite verb form	02_sov_gn_ac_b_ep	sov	gn	nom-acc	balancing	erg-poss	sov	SV	APV	5.0	100.0	100.0	100.0	1.0	1.0	1.0	0.0
1_4_tran_V_form	04_1_4_tran_V_form	fig:heatmap-4-tran-v-form	1.4 Transitive finite verb form	03_sov_gn_ac_b_no	sov	gn	nom-acc	balancing	nomn	sov	SV	APV	5.0	100.0	100.0	100.0	1.0	1.0	1.0	0.0
1_4_tran_V_form	04_1_4_tran_V_form	fig:heatmap-4-tran-v-form	1.4 Transitive finite verb form	04_sov_gn_ac_d_se	sov	gn	nom-acc	deranking	sent	sov	SV	APV	5.0	100.0	100.0	100.0	1.0	1.0	1.0	0.0
1_4_tran_V_form	04_1_4_tran_V_form	fig:heatmap-4-tran-v-form	1.4 Transitive finite verb form	05_sov_gn_ac_d_pa	sov	gn	nom-acc	deranking	poss-acc	sov	SV	APV	5.0	100.0	100.0	100.0	1.0	1.0	1.0	0.0
1_4_tran_V_form	04_1_4_tran_V_form	fig:heatmap-4-tran-v-form	1.4 Transitive finite verb form	06_sov_gn_ac_d_ep	sov	gn	nom-acc	deranking	erg-poss	sov	SV	APV	5.0	100.0	100.0	100.0	1.0	1.0	1.0	0.0
1_4_tran_V_form	04_1_4_tran_V_form	fig:heatmap-4-tran-v-form	1.4 Transitive finite verb form	07_sov_gn_ac_d_no	sov	gn	nom-acc	deranking	nomn	sov	SV	APV	5.0	100.0	100.0	100.0	1.0	1.0	1.0	0.0
1_4_tran_V_form	04_1_4_tran_V_form	fig:heatmap-4-tran-v-form	1.4 Transitive finite verb form	08_sov_gn_er_b_se	sov	gn	erg-abs	balancing	sent	sov	SV	APV	5.0	100.0	100.0	100.0	1.0	1.0	1.0	0.0
1_4_tran_V_form	04_1_4_tran_V_form	fig:heatmap-4-tran-v-form	1.4 Transitive finite verb form	09_sov_gn_er_b_pa	sov	gn	erg-abs	balancing	poss-acc	sov	SV	APV	5.0	100.0	100.0	100.0	1.0	1.0	1.0	0.0
1_4_tran_V_form	04_1_4_tran_V_form	fig:heatmap-4-tran-v-form	1.4 Transitive finite verb form	10_sov_gn_er_b_ep	sov	gn	erg-abs	balancing	erg-poss	sov	SV	APV	5.0	100.0	100.0	100.0	1.0	1.0	1.0	0.0
1_4_tran_V_form	04_1_4_tran_V_form	fig:heatmap-4-tran-v-form	1.4 Transitive finite verb form	11_sov_gn_er_b_no	sov	gn	erg-abs	balancing	nomn	sov	SV	APV	5.0	100.0	100.0	100.0	1.0	1.0	1.0	0.0
1_4_tran_V_form	04_1_4_tran_V_form	fig:heatmap-4-tran-v-form	1.4 Transitive finite verb form	12_sov_gn_er_d_se	sov	gn	erg-abs	deranking	sent	sov	SV	APV	5.0	100.0	100.0	100.0	1.0	1.0	1.0	0.0
1_4_tran_V_form	04_1_4_tran_V_form	fig:heatmap-4-tran-v-form	1.4 Transitive finite verb form	13_sov_gn_er_d_pa	sov	gn	erg-abs	deranking	poss-acc	sov	SV	APV	5.0	100.0	100.0	100.0	1.0	1.0	1.0	0.0
1_4_tran_V_form	04_1_4_tran_V_form	fig:heatmap-4-tran-v-form	1.4 Transitive finite verb form	14_sov_gn_er_d_ep	sov	gn	erg-abs	deranking	erg-poss	sov	SV	APV	5.0	100.0	100.0	100.0	1.0	1.0	1.0	0.0
1_4_tran_V_form	04_1_4_tran_V_form	fig:heatmap-4-tran-v-form	1.4 Transitive finite verb form	15_sov_gn_er_d_no	sov	gn	erg-abs	deranking	nomn	sov	SV	APV	5.0	100.0	100.0	100.0	1.0	1.0	1.0	0.0
1_4_tran_V_form	04_1_4_tran_V_form	fig:heatmap-4-tran-v-form	1.4 Transitive finite verb form	16_sov_ng_ac_b_se	sov	ng	nom-acc	balancing	sent	sov	SV	APV	5.0	100.0	100.0	100.0	1.0	1.0	1.0	0.0
1_4_tran_V_form	04_1_4_tran_V_form	fig:heatmap-4-tran-v-form	1.4 Transitive finite verb form	17_sov_ng_ac_b_pa	sov	ng	nom-acc	balancing	poss-acc	ovs	VS	PVA	5.0	100.0	100.0	100.0	1.0	1.0	1.0	0.0
1_4_tran_V_form	04_1_4_tran_V_form	fig:heatmap-4-tran-v-form	1.4 Transitive finite verb form	18_sov_ng_ac_b_ep	sov	ng	nom-acc	balancing	erg-poss	vos	VS	AVP	5.0	100.0	100.0	100.0	1.0	1.0	1.0	0.0
1_4_tran_V_form	04_1_4_tran_V_form	fig:heatmap-4-tran-v-form	1.4 Transitive finite verb form	19_sov_ng_ac_b_no	sov	ng	nom-acc	balancing	nomn	ovs	VS	PVA	5.0	100.0	100.0	100.0	1.0	1.0	1.0	0.0
1_4_tran_V_form	04_1_4_tran_V_form	fig:heatmap-4-tran-v-form	1.4 Transitive finite verb form	20_sov_ng_ac_d_se	sov	ng	nom-acc	deranking	sent	sov	SV	APV	5.0	100.0	100.0	100.0	1.0	1.0	1.0	0.0
1_4_tran_V_form	04_1_4_tran_V_form	fig:heatmap-4-tran-v-form	1.4 Transitive finite verb form	21_sov_ng_ac_d_pa	sov	ng	nom-acc	deranking	poss-acc	ovs	VS	PVA	5.0	100.0	100.0	100.0	1.0	1.0	1.0	0.0
1_4_tran_V_form	04_1_4_tran_V_form	fig:heatmap-4-tran-v-form	1.4 Transitive finite verb form	22_sov_ng_ac_d_ep	sov	ng	nom-acc	deranking	erg-poss	vos	VS	AVP	5.0	100.0	100.0	100.0	1.0	1.0	1.0	0.0
1_4_tran_V_form	04_1_4_tran_V_form	fig:heatmap-4-tran-v-form	1.4 Transitive finite verb form	23_sov_ng_ac_d_no	sov	ng	nom-acc	deranking	nomn	ovs	VS	PVA	5.0	100.0	100.0	100.0	1.0	1.0	1.0	0.0
1_4_tran_V_form	04_1_4_tran_V_form	fig:heatmap-4-tran-v-form	1.4 Transitive finite verb form	24_sov_ng_er_b_se	sov	ng	erg-abs	balancing	sent	sov	SV	APV	5.0	100.0	100.0	100.0	1.0	1.0	1.0	0.0
1_4_tran_V_form	04_1_4_tran_V_form	fig:heatmap-4-tran-v-form	1.4 Transitive finite verb form	25_sov_ng_er_b_pa	sov	ng	erg-abs	balancing	poss-acc	ovs	VS	PVA	5.0	100.0	100.0	100.0	1.0	1.0	1.0	0.0
1_4_tran_V_form	04_1_4_tran_V_form	fig:heatmap-4-tran-v-form	1.4 Transitive finite verb form	26_sov_ng_er_b_ep	sov	ng	erg-abs	balancing	erg-poss	vos	VS	AVP	5.0	100.0	100.0	100.0	1.0	1.0	1.0	0.0
1_4_tran_V_form	04_1_4_tran_V_form	fig:heatmap-4-tran-v-form	1.4 Transitive finite verb form	27_sov_ng_er_b_no	sov	ng	erg-abs	balancing	nomn	ovs	VS	PVA	5.0	100.0	100.0	100.0	1.0	1.0	1.0	0.0
1_4_tran_V_form	04_1_4_tran_V_form	fig:heatmap-4-tran-v-form	1.4 Transitive finite verb form	28_sov_ng_er_d_se	sov	ng	erg-abs	deranking	sent	sov	SV	APV	5.0	100.0	100.0	100.0	1.0	1.0	1.0	0.0
1_4_tran_V_form	04_1_4_tran_V_form	fig:heatmap-4-tran-v-form	1.4 Transitive finite verb form	29_sov_ng_er_d_pa	sov	ng	erg-abs	deranking	poss-acc	ovs	VS	PVA	5.0	100.0	100.0	100.0	1.0	1.0	1.0	0.0
1_4_tran_V_form	04_1_4_tran_V_form	fig:heatmap-4-tran-v-form	1.4 Transitive finite verb form	30_sov_ng_er_d_ep	sov	ng	erg-abs	deranking	erg-poss	vos	VS	AVP	5.0	100.0	100.0	100.0	1.0	1.0	1.0	0.0
1_4_tran_V_form	04_1_4_tran_V_form	fig:heatmap-4-tran-v-form	1.4 Transitive finite verb form	31_sov_ng_er_d_no	sov	ng	erg-abs	deranking	nomn	ovs	VS	PVA	5.0	100.0	100.0	100.0	1.0	1.0	1.0	0.0
1_4_tran_V_form	04_1_4_tran_V_form	fig:heatmap-4-tran-v-form	1.4 Transitive finite verb form	32_svo_gn_ac_b_se	svo	gn	nom-acc	balancing	sent	svo	SV	AVP	5.0	100.0	100.0	100.0	1.0	1.0	1.0	0.0
1_4_tran_V_form	04_1_4_tran_V_form	fig:heatmap-4-tran-v-form	1.4 Transitive finite verb form	33_svo_gn_ac_b_pa	svo	gn	nom-acc	balancing	poss-acc	svo	SV	AVP	5.0	100.0	100.0	100.0	1.0	1.0	1.0	0.0
1_4_tran_V_form	04_1_4_tran_V_form	fig:heatmap-4-tran-v-form	1.4 Transitive finite verb form	34_svo_gn_ac_b_ep	svo	gn	nom-acc	balancing	erg-poss	sov	SV	PVA	5.0	100.0	100.0	100.0	1.0	1.0	1.0	0.0
1_4_tran_V_form	04_1_4_tran_V_form	fig:heatmap-4-tran-v-form	1.4 Transitive finite verb form	35_svo_gn_ac_b_no	svo	gn	nom-acc	balancing	nomn	svo	SV	AVP	5.0	100.0	100.0	100.0	1.0	1.0	1.0	0.0
1_4_tran_V_form	04_1_4_tran_V_form	fig:heatmap-4-tran-v-form	1.4 Transitive finite verb form	36_svo_gn_ac_d_se	svo	gn	nom-acc	deranking	sent	svo	SV	AVP	5.0	98.0	98.0	98.0	0.9600022327543785	0.9600022327543785	0.9600022327543785	0.0
1_4_tran_V_form	04_1_4_tran_V_form	fig:heatmap-4-tran-v-form	1.4 Transitive finite verb form	37_svo_gn_ac_d_pa	svo	gn	nom-acc	deranking	poss-acc	svo	SV	AVP	5.0	98.0	99.0	99.0	0.9600022327543785	0.9800010051162833	0.9800010051162833	0.019998772361904837
1_4_tran_V_form	04_1_4_tran_V_form	fig:heatmap-4-tran-v-form	1.4 Transitive finite verb form	38_svo_gn_ac_d_ep	svo	gn	nom-acc	deranking	erg-poss	sov	SV	PVA	5.0	96.0	99.0	100.0	0.9200055635398481	0.9800010051162833	1.0	0.07999443646015192
1_4_tran_V_form	04_1_4_tran_V_form	fig:heatmap-4-tran-v-form	1.4 Transitive finite verb form	39_svo_gn_ac_d_no	svo	gn	nom-acc	deranking	nomn	svo	SV	AVP	5.0	99.0	99.0	100.0	0.9800010051162833	0.9800010051162833	1.0	0.019998994883716703
1_4_tran_V_form	04_1_4_tran_V_form	fig:heatmap-4-tran-v-form	1.4 Transitive finite verb form	40_svo_gn_er_b_se	svo	gn	erg-abs	balancing	sent	svo	SV	AVP	5.0	100.0	100.0	100.0	1.0	1.0	1.0	0.0
1_4_tran_V_form	04_1_4_tran_V_form	fig:heatmap-4-tran-v-form	1.4 Transitive finite verb form	41_svo_gn_er_b_pa	svo	gn	erg-abs	balancing	poss-acc	svo	SV	AVP	5.0	100.0	100.0	100.0	1.0	1.0	1.0	0.0
1_4_tran_V_form	04_1_4_tran_V_form	fig:heatmap-4-tran-v-form	1.4 Transitive finite verb form	42_svo_gn_er_b_ep	svo	gn	erg-abs	balancing	erg-poss	sov	SV	PVA	5.0	100.0	100.0	100.0	1.0	1.0	1.0	0.0
1_4_tran_V_form	04_1_4_tran_V_form	fig:heatmap-4-tran-v-form	1.4 Transitive finite verb form	43_svo_gn_er_b_no	svo	gn	erg-abs	balancing	nomn	svo	SV	AVP	5.0	100.0	100.0	100.0	1.0	1.0	1.0	0.0
1_4_tran_V_form	04_1_4_tran_V_form	fig:heatmap-4-tran-v-form	1.4 Transitive finite verb form	44_svo_gn_er_d_se	svo	gn	erg-abs	deranking	sent	svo	SV	AVP	5.0	96.0	99.0	98.0	0.9200055635398481	0.9800010051162833	0.9600022327543785	0.059995441576435216
1_4_tran_V_form	04_1_4_tran_V_form	fig:heatmap-4-tran-v-form	1.4 Transitive finite verb form	45_svo_gn_er_d_pa	svo	gn	erg-abs	deranking	poss-acc	svo	SV	AVP	5.0	97.0	95.0	99.0	0.9400037321744893	0.9000078003290506	0.9800010051162833	0.07999320478723271
1_4_tran_V_form	04_1_4_tran_V_form	fig:heatmap-4-tran-v-form	1.4 Transitive finite verb form	46_svo_gn_er_d_ep	svo	gn	erg-abs	deranking	erg-poss	sov	SV	PVA	5.0	97.0	98.0	100.0	0.9400037321744893	0.9600022327543785	1.0	0.05999626782551071
1_4_tran_V_form	04_1_4_tran_V_form	fig:heatmap-4-tran-v-form	1.4 Transitive finite verb form	47_svo_gn_er_d_no	svo	gn	erg-abs	deranking	nomn	svo	SV	AVP	5.0	100.0	99.0	99.0	1.0	0.9800010051162833	0.9800010051162833	0.019998994883716703
1_4_tran_V_form	04_1_4_tran_V_form	fig:heatmap-4-tran-v-form	1.4 Transitive finite verb form	48_svo_ng_ac_b_se	svo	ng	nom-acc	balancing	sent	svo	SV	AVP	5.0	100.0	100.0	100.0	1.0	1.0	1.0	0.0
1_4_tran_V_form	04_1_4_tran_V_form	fig:heatmap-4-tran-v-form	1.4 Transitive finite verb form	49_svo_ng_ac_b_pa	svo	ng	nom-acc	balancing	poss-acc	vos	VS	VPA	5.0	100.0	100.0	100.0	1.0	1.0	1.0	0.0
1_4_tran_V_form	04_1_4_tran_V_form	fig:heatmap-4-tran-v-form	1.4 Transitive finite verb form	50_svo_ng_ac_b_ep	svo	ng	nom-acc	balancing	erg-poss	vos	VS	VPA	5.0	100.0	100.0	100.0	1.0	1.0	1.0	0.0
1_4_tran_V_form	04_1_4_tran_V_form	fig:heatmap-4-tran-v-form	1.4 Transitive finite verb form	51_svo_ng_ac_b_no	svo	ng	nom-acc	balancing	nomn	vos	VS	VPA	5.0	100.0	100.0	100.0	1.0	1.0	1.0	0.0
1_4_tran_V_form	04_1_4_tran_V_form	fig:heatmap-4-tran-v-form	1.4 Transitive finite verb form	52_svo_ng_ac_d_se	svo	ng	nom-acc	deranking	sent	svo	SV	AVP	5.0	99.0	98.0	96.0	0.9800010051162833	0.9600022327543785	0.9200055635398481	0.059995441576435216
1_4_tran_V_form	04_1_4_tran_V_form	fig:heatmap-4-tran-v-form	1.4 Transitive finite verb form	53_svo_ng_ac_d_pa	svo	ng	nom-acc	deranking	poss-acc	vos	VS	VPA	5.0	99.0	100.0	100.0	0.9800010051162833	1.0	1.0	0.019998994883716703
1_4_tran_V_form	04_1_4_tran_V_form	fig:heatmap-4-tran-v-form	1.4 Transitive finite verb form	54_svo_ng_ac_d_ep	svo	ng	nom-acc	deranking	erg-poss	vos	VS	VPA	5.0	98.0	99.0	100.0	0.9600022327543785	0.9800010051162833	1.0	0.03999776724562154
1_4_tran_V_form	04_1_4_tran_V_form	fig:heatmap-4-tran-v-form	1.4 Transitive finite verb form	55_svo_ng_ac_d_no	svo	ng	nom-acc	deranking	nomn	vos	VS	VPA	5.0	98.0	100.0	100.0	0.9600022327543785	1.0	1.0	0.03999776724562154
1_4_tran_V_form	04_1_4_tran_V_form	fig:heatmap-4-tran-v-form	1.4 Transitive finite verb form	56_svo_ng_er_b_se	svo	ng	erg-abs	balancing	sent	svo	SV	AVP	5.0	100.0	100.0	100.0	1.0	1.0	1.0	0.0
1_4_tran_V_form	04_1_4_tran_V_form	fig:heatmap-4-tran-v-form	1.4 Transitive finite verb form	57_svo_ng_er_b_pa	svo	ng	erg-abs	balancing	poss-acc	vos	VS	VPA	5.0	100.0	100.0	100.0	1.0	1.0	1.0	0.0
1_4_tran_V_form	04_1_4_tran_V_form	fig:heatmap-4-tran-v-form	1.4 Transitive finite verb form	58_svo_ng_er_b_ep	svo	ng	erg-abs	balancing	erg-poss	vos	VS	VPA	5.0	100.0	100.0	100.0	1.0	1.0	1.0	0.0
1_4_tran_V_form	04_1_4_tran_V_form	fig:heatmap-4-tran-v-form	1.4 Transitive finite verb form	59_svo_ng_er_b_no	svo	ng	erg-abs	balancing	nomn	vos	VS	VPA	5.0	100.0	100.0	100.0	1.0	1.0	1.0	0.0
1_4_tran_V_form	04_1_4_tran_V_form	fig:heatmap-4-tran-v-form	1.4 Transitive finite verb form	60_svo_ng_er_d_se	svo	ng	erg-abs	deranking	sent	svo	SV	AVP	5.0	96.0	100.0	100.0	0.9200055635398481	1.0	1.0	0.07999443646015192
1_4_tran_V_form	04_1_4_tran_V_form	fig:heatmap-4-tran-v-form	1.4 Transitive finite verb form	61_svo_ng_er_d_pa	svo	ng	erg-abs	deranking	poss-acc	vos	VS	VPA	5.0	98.0	99.0	98.0	0.9600022327543785	0.9800010051162833	0.9600022327543785	0.019998772361904837
1_4_tran_V_form	04_1_4_tran_V_form	fig:heatmap-4-tran-v-form	1.4 Transitive finite verb form	62_svo_ng_er_d_ep	svo	ng	erg-abs	deranking	erg-poss	vos	VS	VPA	5.0	98.0	98.0	95.0	0.9600022327543785	0.9600022327543785	0.9000078003290506	0.05999443242532787
1_4_tran_V_form	04_1_4_tran_V_form	fig:heatmap-4-tran-v-form	1.4 Transitive finite verb form	63_svo_ng_er_d_no	svo	ng	erg-abs	deranking	nomn	vos	VS	VPA	5.0	95.0	97.0	99.0	0.9000078003290506	0.9400037321744893	0.9800010051162833	0.07999320478723271
1_4_tran_V_form	04_1_4_tran_V_form	fig:heatmap-4-tran-v-form	1.4 Transitive finite verb form	64_vos_gn_ac_b_se	vos	gn	nom-acc	balancing	sent	vos	VS	VPA	5.0	100.0	100.0	100.0	1.0	1.0	1.0	0.0
1_4_tran_V_form	04_1_4_tran_V_form	fig:heatmap-4-tran-v-form	1.4 Transitive finite verb form	65_vos_gn_ac_b_pa	vos	gn	nom-acc	balancing	poss-acc	svo	SV	AVP	5.0	100.0	100.0	100.0	1.0	1.0	1.0	0.0
1_4_tran_V_form	04_1_4_tran_V_form	fig:heatmap-4-tran-v-form	1.4 Transitive finite verb form	66_vos_gn_ac_b_ep	vos	gn	nom-acc	balancing	erg-poss	sov	SV	PVA	5.0	100.0	100.0	100.0	1.0	1.0	1.0	0.0
1_4_tran_V_form	04_1_4_tran_V_form	fig:heatmap-4-tran-v-form	1.4 Transitive finite verb form	67_vos_gn_ac_b_no	vos	gn	nom-acc	balancing	nomn	svo	SV	AVP	5.0	100.0	100.0	100.0	1.0	1.0	1.0	0.0
1_4_tran_V_form	04_1_4_tran_V_form	fig:heatmap-4-tran-v-form	1.4 Transitive finite verb form	68_vos_gn_ac_d_se	vos	gn	nom-acc	deranking	sent	vos	VS	VPA	5.0	100.0	100.0	100.0	1.0	1.0	1.0	0.0
1_4_tran_V_form	04_1_4_tran_V_form	fig:heatmap-4-tran-v-form	1.4 Transitive finite verb form	69_vos_gn_ac_d_pa	vos	gn	nom-acc	deranking	poss-acc	svo	SV	AVP	5.0	100.0	100.0	100.0	1.0	1.0	1.0	0.0
1_4_tran_V_form	04_1_4_tran_V_form	fig:heatmap-4-tran-v-form	1.4 Transitive finite verb form	70_vos_gn_ac_d_ep	vos	gn	nom-acc	deranking	erg-poss	sov	SV	PVA	5.0	100.0	100.0	100.0	1.0	1.0	1.0	0.0
1_4_tran_V_form	04_1_4_tran_V_form	fig:heatmap-4-tran-v-form	1.4 Transitive finite verb form	71_vos_gn_ac_d_no	vos	gn	nom-acc	deranking	nomn	svo	SV	AVP	5.0	100.0	100.0	100.0	1.0	1.0	1.0	0.0
1_4_tran_V_form	04_1_4_tran_V_form	fig:heatmap-4-tran-v-form	1.4 Transitive finite verb form	72_vos_gn_er_b_se	vos	gn	erg-abs	balancing	sent	vos	VS	VPA	5.0	100.0	100.0	100.0	1.0	1.0	1.0	0.0
1_4_tran_V_form	04_1_4_tran_V_form	fig:heatmap-4-tran-v-form	1.4 Transitive finite verb form	73_vos_gn_er_b_pa	vos	gn	erg-abs	balancing	poss-acc	svo	SV	AVP	5.0	100.0	100.0	100.0	1.0	1.0	1.0	0.0
1_4_tran_V_form	04_1_4_tran_V_form	fig:heatmap-4-tran-v-form	1.4 Transitive finite verb form	74_vos_gn_er_b_ep	vos	gn	erg-abs	balancing	erg-poss	sov	SV	PVA	5.0	100.0	100.0	100.0	1.0	1.0	1.0	0.0
1_4_tran_V_form	04_1_4_tran_V_form	fig:heatmap-4-tran-v-form	1.4 Transitive finite verb form	75_vos_gn_er_b_no	vos	gn	erg-abs	balancing	nomn	svo	SV	AVP	5.0	100.0	100.0	100.0	1.0	1.0	1.0	0.0
1_4_tran_V_form	04_1_4_tran_V_form	fig:heatmap-4-tran-v-form	1.4 Transitive finite verb form	76_vos_gn_er_d_se	vos	gn	erg-abs	deranking	sent	vos	VS	VPA	5.0	100.0	100.0	100.0	1.0	1.0	1.0	0.0
1_4_tran_V_form	04_1_4_tran_V_form	fig:heatmap-4-tran-v-form	1.4 Transitive finite verb form	77_vos_gn_er_d_pa	vos	gn	erg-abs	deranking	poss-acc	svo	SV	AVP	5.0	100.0	100.0	100.0	1.0	1.0	1.0	0.0
1_4_tran_V_form	04_1_4_tran_V_form	fig:heatmap-4-tran-v-form	1.4 Transitive finite verb form	78_vos_gn_er_d_ep	vos	gn	erg-abs	deranking	erg-poss	sov	SV	PVA	5.0	100.0	100.0	100.0	1.0	1.0	1.0	0.0
1_4_tran_V_form	04_1_4_tran_V_form	fig:heatmap-4-tran-v-form	1.4 Transitive finite verb form	79_vos_gn_er_d_no	vos	gn	erg-abs	deranking	nomn	svo	SV	AVP	5.0	100.0	100.0	100.0	1.0	1.0	1.0	0.0
1_4_tran_V_form	04_1_4_tran_V_form	fig:heatmap-4-tran-v-form	1.4 Transitive finite verb form	80_vos_ng_ac_b_se	vos	ng	nom-acc	balancing	sent	vos	VS	VPA	5.0	100.0	100.0	100.0	1.0	1.0	1.0	0.0
1_4_tran_V_form	04_1_4_tran_V_form	fig:heatmap-4-tran-v-form	1.4 Transitive finite verb form	81_vos_ng_ac_b_pa	vos	ng	nom-acc	balancing	poss-acc	vos	VS	VPA	5.0	100.0	100.0	100.0	1.0	1.0	1.0	0.0
1_4_tran_V_form	04_1_4_tran_V_form	fig:heatmap-4-tran-v-form	1.4 Transitive finite verb form	82_vos_ng_ac_b_ep	vos	ng	nom-acc	balancing	erg-poss	vos	VS	VPA	5.0	100.0	100.0	100.0	1.0	1.0	1.0	0.0
1_4_tran_V_form	04_1_4_tran_V_form	fig:heatmap-4-tran-v-form	1.4 Transitive finite verb form	83_vos_ng_ac_b_no	vos	ng	nom-acc	balancing	nomn	vos	VS	VPA	5.0	100.0	100.0	100.0	1.0	1.0	1.0	0.0
1_4_tran_V_form	04_1_4_tran_V_form	fig:heatmap-4-tran-v-form	1.4 Transitive finite verb form	84_vos_ng_ac_d_se	vos	ng	nom-acc	deranking	sent	vos	VS	VPA	5.0	99.0	100.0	100.0	0.9800010051162833	1.0	1.0	0.019998994883716703
1_4_tran_V_form	04_1_4_tran_V_form	fig:heatmap-4-tran-v-form	1.4 Transitive finite verb form	85_vos_ng_ac_d_pa	vos	ng	nom-acc	deranking	poss-acc	vos	VS	VPA	5.0	100.0	100.0	100.0	1.0	1.0	1.0	0.0
1_4_tran_V_form	04_1_4_tran_V_form	fig:heatmap-4-tran-v-form	1.4 Transitive finite verb form	86_vos_ng_ac_d_ep	vos	ng	nom-acc	deranking	erg-poss	vos	VS	VPA	5.0	99.0	100.0	100.0	0.9800010051162833	1.0	1.0	0.019998994883716703
1_4_tran_V_form	04_1_4_tran_V_form	fig:heatmap-4-tran-v-form	1.4 Transitive finite verb form	87_vos_ng_ac_d_no	vos	ng	nom-acc	deranking	nomn	vos	VS	VPA	5.0	100.0	98.0	100.0	1.0	0.9600022327543785	1.0	0.03999776724562154
1_4_tran_V_form	04_1_4_tran_V_form	fig:heatmap-4-tran-v-form	1.4 Transitive finite verb form	88_vos_ng_er_b_se	vos	ng	erg-abs	balancing	sent	vos	VS	VPA	5.0	100.0	100.0	100.0	1.0	1.0	1.0	0.0
1_4_tran_V_form	04_1_4_tran_V_form	fig:heatmap-4-tran-v-form	1.4 Transitive finite verb form	89_vos_ng_er_b_pa	vos	ng	erg-abs	balancing	poss-acc	vos	VS	VPA	5.0	100.0	100.0	100.0	1.0	1.0	1.0	0.0
1_4_tran_V_form	04_1_4_tran_V_form	fig:heatmap-4-tran-v-form	1.4 Transitive finite verb form	90_vos_ng_er_b_ep	vos	ng	erg-abs	balancing	erg-poss	vos	VS	VPA	5.0	100.0	100.0	100.0	1.0	1.0	1.0	0.0
1_4_tran_V_form	04_1_4_tran_V_form	fig:heatmap-4-tran-v-form	1.4 Transitive finite verb form	91_vos_ng_er_b_no	vos	ng	erg-abs	balancing	nomn	vos	VS	VPA	5.0	100.0	100.0	100.0	1.0	1.0	1.0	0.0
1_4_tran_V_form	04_1_4_tran_V_form	fig:heatmap-4-tran-v-form	1.4 Transitive finite verb form	92_vos_ng_er_d_se	vos	ng	erg-abs	deranking	sent	vos	VS	VPA	5.0	100.0	100.0	100.0	1.0	1.0	1.0	0.0
1_4_tran_V_form	04_1_4_tran_V_form	fig:heatmap-4-tran-v-form	1.4 Transitive finite verb form	93_vos_ng_er_d_pa	vos	ng	erg-abs	deranking	poss-acc	vos	VS	VPA	5.0	100.0	100.0	100.0	1.0	1.0	1.0	0.0
1_4_tran_V_form	04_1_4_tran_V_form	fig:heatmap-4-tran-v-form	1.4 Transitive finite verb form	94_vos_ng_er_d_ep	vos	ng	erg-abs	deranking	erg-poss	vos	VS	VPA	5.0	100.0	100.0	100.0	1.0	1.0	1.0	0.0
1_4_tran_V_form	04_1_4_tran_V_form	fig:heatmap-4-tran-v-form	1.4 Transitive finite verb form	95_vos_ng_er_d_no	vos	ng	erg-abs	deranking	nomn	vos	VS	VPA	5.0	100.0	100.0	100.0	1.0	1.0	1.0	0.0
1_5_tran_A_marker	05_1_5_tran_A_marker	fig:heatmap-5-tran-a-marker	1.5 Transitive A marker	00_sov_gn_ac_b_se	sov	gn	nom-acc	balancing	sent	sov	SV	APV	5.0	79.0	78.0	77.0	0.5802977582031614	0.5603645644527729	0.5404461012900033	0.03985165691315817
1_5_tran_A_marker	05_1_5_tran_A_marker	fig:heatmap-5-tran-a-marker	1.5 Transitive A marker	01_sov_gn_ac_b_pa	sov	gn	nom-acc	balancing	poss-acc	sov	SV	APV	5.0	79.0	83.0	81.0	0.5802977582031614	0.6601314044676043	0.6201981975224622	0.07983364626444289
1_5_tran_A_marker	05_1_5_tran_A_marker	fig:heatmap-5-tran-a-marker	1.5 Transitive A marker	02_sov_gn_ac_b_ep	sov	gn	nom-acc	balancing	erg-poss	sov	SV	APV	5.0	87.0	84.0	82.0	0.7400565667123037	0.6801067756461248	0.6401614779514829	0.09989508876082076
1_5_tran_A_marker	05_1_5_tran_A_marker	fig:heatmap-5-tran-a-marker	1.5 Transitive A marker	03_sov_gn_ac_b_no	sov	gn	nom-acc	balancing	nomn	sov	SV	APV	5.0	81.0	79.0	87.0	0.6201981975224622	0.5802977582031614	0.7400565667123037	0.15975880850914226
1_5_tran_A_marker	05_1_5_tran_A_marker	fig:heatmap-5-tran-a-marker	1.5 Transitive A marker	04_sov_gn_ac_d_se	sov	gn	nom-acc	deranking	sent	sov	SV	APV	5.0	85.0	75.0	79.0	0.7000866067554558	0.5006669949589901	0.5802977582031614	0.1994196117964656
1_5_tran_A_marker	05_1_5_tran_A_marker	fig:heatmap-5-tran-a-marker	1.5 Transitive A marker	05_sov_gn_ac_d_pa	sov	gn	nom-acc	deranking	poss-acc	sov	SV	APV	5.0	86.0	83.0	83.0	0.7200700908352611	0.6601314044676043	0.6601314044676043	0.05993868636765676
1_5_tran_A_marker	05_1_5_tran_A_marker	fig:heatmap-5-tran-a-marker	1.5 Transitive A marker	06_sov_gn_ac_d_ep	sov	gn	nom-acc	deranking	erg-poss	sov	SV	APV	5.0	79.0	82.0	81.0	0.5802977582031614	0.6401614779514829	0.6201981975224622	0.0598637197483215
1_5_tran_A_marker	05_1_5_tran_A_marker	fig:heatmap-5-tran-a-marker	1.5 Transitive A marker	07_sov_gn_ac_d_no	sov	gn	nom-acc	deranking	nomn	sov	SV	APV	5.0	83.0	89.0	83.0	0.6601314044676043	0.7800364252161309	0.6601314044676043	0.1199050207485266
1_5_tran_A_marker	05_1_5_tran_A_marker	fig:heatmap-5-tran-a-marker	1.5 Transitive A marker	08_sov_gn_er_b_se	sov	gn	erg-abs	balancing	sent	sov	SV	APV	5.0	100.0	100.0	100.0	1.0	1.0	1.0	0.0
1_5_tran_A_marker	05_1_5_tran_A_marker	fig:heatmap-5-tran-a-marker	1.5 Transitive A marker	09_sov_gn_er_b_pa	sov	gn	erg-abs	balancing	poss-acc	sov	SV	APV	5.0	100.0	100.0	100.0	1.0	1.0	1.0	0.0
1_5_tran_A_marker	05_1_5_tran_A_marker	fig:heatmap-5-tran-a-marker	1.5 Transitive A marker	10_sov_gn_er_b_ep	sov	gn	erg-abs	balancing	erg-poss	sov	SV	APV	5.0	100.0	100.0	100.0	1.0	1.0	1.0	0.0
1_5_tran_A_marker	05_1_5_tran_A_marker	fig:heatmap-5-tran-a-marker	1.5 Transitive A marker	11_sov_gn_er_b_no	sov	gn	erg-abs	balancing	nomn	sov	SV	APV	5.0	100.0	100.0	100.0	1.0	1.0	1.0	0.0
1_5_tran_A_marker	05_1_5_tran_A_marker	fig:heatmap-5-tran-a-marker	1.5 Transitive A marker	12_sov_gn_er_d_se	sov	gn	erg-abs	deranking	sent	sov	SV	APV	5.0	100.0	100.0	100.0	1.0	1.0	1.0	0.0
1_5_tran_A_marker	05_1_5_tran_A_marker	fig:heatmap-5-tran-a-marker	1.5 Transitive A marker	13_sov_gn_er_d_pa	sov	gn	erg-abs	deranking	poss-acc	sov	SV	APV	5.0	100.0	100.0	100.0	1.0	1.0	1.0	0.0
1_5_tran_A_marker	05_1_5_tran_A_marker	fig:heatmap-5-tran-a-marker	1.5 Transitive A marker	14_sov_gn_er_d_ep	sov	gn	erg-abs	deranking	erg-poss	sov	SV	APV	5.0	100.0	100.0	100.0	1.0	1.0	1.0	0.0
1_5_tran_A_marker	05_1_5_tran_A_marker	fig:heatmap-5-tran-a-marker	1.5 Transitive A marker	15_sov_gn_er_d_no	sov	gn	erg-abs	deranking	nomn	sov	SV	APV	5.0	100.0	100.0	100.0	1.0	1.0	1.0	0.0
1_5_tran_A_marker	05_1_5_tran_A_marker	fig:heatmap-5-tran-a-marker	1.5 Transitive A marker	16_sov_ng_ac_b_se	sov	ng	nom-acc	balancing	sent	sov	SV	APV	5.0	98.0	100.0	98.0	0.9600022327543785	1.0	0.9600022327543785	0.03999776724562154
1_5_tran_A_marker	05_1_5_tran_A_marker	fig:heatmap-5-tran-a-marker	1.5 Transitive A marker	17_sov_ng_ac_b_pa	sov	ng	nom-acc	balancing	poss-acc	ovs	VS	PVA	5.0	95.0	97.0	98.0	0.9000078003290506	0.9400037321744893	0.9600022327543785	0.05999443242532787
1_5_tran_A_marker	05_1_5_tran_A_marker	fig:heatmap-5-tran-a-marker	1.5 Transitive A marker	18_sov_ng_ac_b_ep	sov	ng	nom-acc	balancing	erg-poss	vos	VS	AVP	5.0	99.0	99.0	99.0	0.9800010051162833	0.9800010051162833	0.9800010051162833	0.0
1_5_tran_A_marker	05_1_5_tran_A_marker	fig:heatmap-5-tran-a-marker	1.5 Transitive A marker	19_sov_ng_ac_b_no	sov	ng	nom-acc	balancing	nomn	ovs	VS	PVA	5.0	99.0	99.0	99.0	0.9800010051162833	0.9800010051162833	0.9800010051162833	0.0
1_5_tran_A_marker	05_1_5_tran_A_marker	fig:heatmap-5-tran-a-marker	1.5 Transitive A marker	20_sov_ng_ac_d_se	sov	ng	nom-acc	deranking	sent	sov	SV	APV	5.0	98.0	97.0	97.0	0.9600022327543785	0.9400037321744893	0.9400037321744893	0.019998500579889167
1_5_tran_A_marker	05_1_5_tran_A_marker	fig:heatmap-5-tran-a-marker	1.5 Transitive A marker	21_sov_ng_ac_d_pa	sov	ng	nom-acc	deranking	poss-acc	ovs	VS	PVA	5.0	97.0	100.0	100.0	0.9400037321744893	1.0	1.0	0.05999626782551071
1_5_tran_A_marker	05_1_5_tran_A_marker	fig:heatmap-5-tran-a-marker	1.5 Transitive A marker	22_sov_ng_ac_d_ep	sov	ng	nom-acc	deranking	erg-poss	vos	VS	AVP	5.0	100.0	99.0	98.0	1.0	0.9800010051162833	0.9600022327543785	0.03999776724562154
1_5_tran_A_marker	05_1_5_tran_A_marker	fig:heatmap-5-tran-a-marker	1.5 Transitive A marker	23_sov_ng_ac_d_no	sov	ng	nom-acc	deranking	nomn	ovs	VS	PVA	5.0	100.0	99.0	100.0	1.0	0.9800010051162833	1.0	0.019998994883716703
1_5_tran_A_marker	05_1_5_tran_A_marker	fig:heatmap-5-tran-a-marker	1.5 Transitive A marker	24_sov_ng_er_b_se	sov	ng	erg-abs	balancing	sent	sov	SV	APV	5.0	100.0	100.0	100.0	1.0	1.0	1.0	0.0
1_5_tran_A_marker	05_1_5_tran_A_marker	fig:heatmap-5-tran-a-marker	1.5 Transitive A marker	25_sov_ng_er_b_pa	sov	ng	erg-abs	balancing	poss-acc	ovs	VS	PVA	5.0	100.0	100.0	100.0	1.0	1.0	1.0	0.0
1_5_tran_A_marker	05_1_5_tran_A_marker	fig:heatmap-5-tran-a-marker	1.5 Transitive A marker	26_sov_ng_er_b_ep	sov	ng	erg-abs	balancing	erg-poss	vos	VS	AVP	5.0	100.0	100.0	100.0	1.0	1.0	1.0	0.0
1_5_tran_A_marker	05_1_5_tran_A_marker	fig:heatmap-5-tran-a-marker	1.5 Transitive A marker	27_sov_ng_er_b_no	sov	ng	erg-abs	balancing	nomn	ovs	VS	PVA	5.0	100.0	100.0	100.0	1.0	1.0	1.0	0.0
1_5_tran_A_marker	05_1_5_tran_A_marker	fig:heatmap-5-tran-a-marker	1.5 Transitive A marker	28_sov_ng_er_d_se	sov	ng	erg-abs	deranking	sent	sov	SV	APV	5.0	100.0	100.0	100.0	1.0	1.0	1.0	0.0
1_5_tran_A_marker	05_1_5_tran_A_marker	fig:heatmap-5-tran-a-marker	1.5 Transitive A marker	29_sov_ng_er_d_pa	sov	ng	erg-abs	deranking	poss-acc	ovs	VS	PVA	5.0	100.0	100.0	100.0	1.0	1.0	1.0	0.0
1_5_tran_A_marker	05_1_5_tran_A_marker	fig:heatmap-5-tran-a-marker	1.5 Transitive A marker	30_sov_ng_er_d_ep	sov	ng	erg-abs	deranking	erg-poss	vos	VS	AVP	5.0	100.0	100.0	100.0	1.0	1.0	1.0	0.0
1_5_tran_A_marker	05_1_5_tran_A_marker	fig:heatmap-5-tran-a-marker	1.5 Transitive A marker	31_sov_ng_er_d_no	sov	ng	erg-abs	deranking	nomn	ovs	VS	PVA	5.0	100.0	100.0	100.0	1.0	1.0	1.0	0.0
1_5_tran_A_marker	05_1_5_tran_A_marker	fig:heatmap-5-tran-a-marker	1.5 Transitive A marker	32_svo_gn_ac_b_se	svo	gn	nom-acc	balancing	sent	svo	SV	AVP	5.0	98.0	95.0	98.0	0.9600022327543785	0.9000078003290506	0.9600022327543785	0.05999443242532787
1_5_tran_A_marker	05_1_5_tran_A_marker	fig:heatmap-5-tran-a-marker	1.5 Transitive A marker	33_svo_gn_ac_b_pa	svo	gn	nom-acc	balancing	poss-acc	svo	SV	AVP	5.0	95.0	96.0	99.0	0.9000078003290506	0.9200055635398481	0.9800010051162833	0.07999320478723271
1_5_tran_A_marker	05_1_5_tran_A_marker	fig:heatmap-5-tran-a-marker	1.5 Transitive A marker	34_svo_gn_ac_b_ep	svo	gn	nom-acc	balancing	erg-poss	sov	SV	PVA	5.0	95.0	98.0	97.0	0.9000078003290506	0.9600022327543785	0.9400037321744893	0.05999443242532787
1_5_tran_A_marker	05_1_5_tran_A_marker	fig:heatmap-5-tran-a-marker	1.5 Transitive A marker	35_svo_gn_ac_b_no	svo	gn	nom-acc	balancing	nomn	svo	SV	AVP	5.0	100.0	99.0	99.0	1.0	0.9800010051162833	0.9800010051162833	0.019998994883716703
1_5_tran_A_marker	05_1_5_tran_A_marker	fig:heatmap-5-tran-a-marker	1.5 Transitive A marker	36_svo_gn_ac_d_se	svo	gn	nom-acc	deranking	sent	svo	SV	AVP	5.0	96.0	96.0	97.0	0.9200055635398481	0.9200055635398481	0.9400037321744893	0.01999816863464121
1_5_tran_A_marker	05_1_5_tran_A_marker	fig:heatmap-5-tran-a-marker	1.5 Transitive A marker	37_svo_gn_ac_d_pa	svo	gn	nom-acc	deranking	poss-acc	svo	SV	AVP	5.0	95.0	94.0	98.0	0.9000078003290506	0.880010532281679	0.9600022327543785	0.07999170047269943
1_5_tran_A_marker	05_1_5_tran_A_marker	fig:heatmap-5-tran-a-marker	1.5 Transitive A marker	38_svo_gn_ac_d_ep	svo	gn	nom-acc	deranking	erg-poss	sov	SV	PVA	5.0	98.0	96.0	96.0	0.9600022327543785	0.9200055635398481	0.9200055635398481	0.03999666921453038
1_5_tran_A_marker	05_1_5_tran_A_marker	fig:heatmap-5-tran-a-marker	1.5 Transitive A marker	39_svo_gn_ac_d_no	svo	gn	nom-acc	deranking	nomn	svo	SV	AVP	5.0	97.0	97.0	97.0	0.9400037321744893	0.9400037321744893	0.9400037321744893	0.0
1_5_tran_A_marker	05_1_5_tran_A_marker	fig:heatmap-5-tran-a-marker	1.5 Transitive A marker	40_svo_gn_er_b_se	svo	gn	erg-abs	balancing	sent	svo	SV	AVP	5.0	100.0	100.0	100.0	1.0	1.0	1.0	0.0
1_5_tran_A_marker	05_1_5_tran_A_marker	fig:heatmap-5-tran-a-marker	1.5 Transitive A marker	41_svo_gn_er_b_pa	svo	gn	erg-abs	balancing	poss-acc	svo	SV	AVP	5.0	100.0	100.0	100.0	1.0	1.0	1.0	0.0
1_5_tran_A_marker	05_1_5_tran_A_marker	fig:heatmap-5-tran-a-marker	1.5 Transitive A marker	42_svo_gn_er_b_ep	svo	gn	erg-abs	balancing	erg-poss	sov	SV	PVA	5.0	100.0	100.0	100.0	1.0	1.0	1.0	0.0
1_5_tran_A_marker	05_1_5_tran_A_marker	fig:heatmap-5-tran-a-marker	1.5 Transitive A marker	43_svo_gn_er_b_no	svo	gn	erg-abs	balancing	nomn	svo	SV	AVP	5.0	100.0	100.0	100.0	1.0	1.0	1.0	0.0
1_5_tran_A_marker	05_1_5_tran_A_marker	fig:heatmap-5-tran-a-marker	1.5 Transitive A marker	44_svo_gn_er_d_se	svo	gn	erg-abs	deranking	sent	svo	SV	AVP	5.0	100.0	100.0	100.0	1.0	1.0	1.0	0.0
1_5_tran_A_marker	05_1_5_tran_A_marker	fig:heatmap-5-tran-a-marker	1.5 Transitive A marker	45_svo_gn_er_d_pa	svo	gn	erg-abs	deranking	poss-acc	svo	SV	AVP	5.0	100.0	100.0	100.0	1.0	1.0	1.0	0.0
1_5_tran_A_marker	05_1_5_tran_A_marker	fig:heatmap-5-tran-a-marker	1.5 Transitive A marker	46_svo_gn_er_d_ep	svo	gn	erg-abs	deranking	erg-poss	sov	SV	PVA	5.0	100.0	100.0	100.0	1.0	1.0	1.0	0.0
1_5_tran_A_marker	05_1_5_tran_A_marker	fig:heatmap-5-tran-a-marker	1.5 Transitive A marker	47_svo_gn_er_d_no	svo	gn	erg-abs	deranking	nomn	svo	SV	AVP	5.0	100.0	100.0	100.0	1.0	1.0	1.0	0.0
1_5_tran_A_marker	05_1_5_tran_A_marker	fig:heatmap-5-tran-a-marker	1.5 Transitive A marker	48_svo_ng_ac_b_se	svo	ng	nom-acc	balancing	sent	svo	SV	AVP	5.0	100.0	99.0	97.0	1.0	0.9800010051162833	0.9400037321744893	0.05999626782551071
1_5_tran_A_marker	05_1_5_tran_A_marker	fig:heatmap-5-tran-a-marker	1.5 Transitive A marker	49_svo_ng_ac_b_pa	svo	ng	nom-acc	balancing	poss-acc	vos	VS	VPA	5.0	98.0	99.0	99.0	0.9600022327543785	0.9800010051162833	0.9800010051162833	0.019998772361904837
1_5_tran_A_marker	05_1_5_tran_A_marker	fig:heatmap-5-tran-a-marker	1.5 Transitive A marker	50_svo_ng_ac_b_ep	svo	ng	nom-acc	balancing	erg-poss	vos	VS	VPA	5.0	99.0	100.0	100.0	0.9800010051162833	1.0	1.0	0.019998994883716703
1_5_tran_A_marker	05_1_5_tran_A_marker	fig:heatmap-5-tran-a-marker	1.5 Transitive A marker	51_svo_ng_ac_b_no	svo	ng	nom-acc	balancing	nomn	vos	VS	VPA	5.0	100.0	100.0	100.0	1.0	1.0	1.0	0.0
1_5_tran_A_marker	05_1_5_tran_A_marker	fig:heatmap-5-tran-a-marker	1.5 Transitive A marker	52_svo_ng_ac_d_se	svo	ng	nom-acc	deranking	sent	svo	SV	AVP	5.0	98.0	99.0	99.0	0.9600022327543785	0.9800010051162833	0.9800010051162833	0.019998772361904837
1_5_tran_A_marker	05_1_5_tran_A_marker	fig:heatmap-5-tran-a-marker	1.5 Transitive A marker	53_svo_ng_ac_d_pa	svo	ng	nom-acc	deranking	poss-acc	vos	VS	VPA	5.0	98.0	100.0	100.0	0.9600022327543785	1.0	1.0	0.03999776724562154
1_5_tran_A_marker	05_1_5_tran_A_marker	fig:heatmap-5-tran-a-marker	1.5 Transitive A marker	54_svo_ng_ac_d_ep	svo	ng	nom-acc	deranking	erg-poss	vos	VS	VPA	5.0	100.0	99.0	100.0	1.0	0.9800010051162833	1.0	0.019998994883716703
1_5_tran_A_marker	05_1_5_tran_A_marker	fig:heatmap-5-tran-a-marker	1.5 Transitive A marker	55_svo_ng_ac_d_no	svo	ng	nom-acc	deranking	nomn	vos	VS	VPA	5.0	99.0	100.0	100.0	0.9800010051162833	1.0	1.0	0.019998994883716703
1_5_tran_A_marker	05_1_5_tran_A_marker	fig:heatmap-5-tran-a-marker	1.5 Transitive A marker	56_svo_ng_er_b_se	svo	ng	erg-abs	balancing	sent	svo	SV	AVP	5.0	100.0	100.0	100.0	1.0	1.0	1.0	0.0
1_5_tran_A_marker	05_1_5_tran_A_marker	fig:heatmap-5-tran-a-marker	1.5 Transitive A marker	57_svo_ng_er_b_pa	svo	ng	erg-abs	balancing	poss-acc	vos	VS	VPA	5.0	100.0	100.0	100.0	1.0	1.0	1.0	0.0
1_5_tran_A_marker	05_1_5_tran_A_marker	fig:heatmap-5-tran-a-marker	1.5 Transitive A marker	58_svo_ng_er_b_ep	svo	ng	erg-abs	balancing	erg-poss	vos	VS	VPA	5.0	100.0	100.0	100.0	1.0	1.0	1.0	0.0
1_5_tran_A_marker	05_1_5_tran_A_marker	fig:heatmap-5-tran-a-marker	1.5 Transitive A marker	59_svo_ng_er_b_no	svo	ng	erg-abs	balancing	nomn	vos	VS	VPA	5.0	100.0	100.0	100.0	1.0	1.0	1.0	0.0
1_5_tran_A_marker	05_1_5_tran_A_marker	fig:heatmap-5-tran-a-marker	1.5 Transitive A marker	60_svo_ng_er_d_se	svo	ng	erg-abs	deranking	sent	svo	SV	AVP	5.0	100.0	100.0	100.0	1.0	1.0	1.0	0.0
1_5_tran_A_marker	05_1_5_tran_A_marker	fig:heatmap-5-tran-a-marker	1.5 Transitive A marker	61_svo_ng_er_d_pa	svo	ng	erg-abs	deranking	poss-acc	vos	VS	VPA	5.0	100.0	100.0	100.0	1.0	1.0	1.0	0.0
1_5_tran_A_marker	05_1_5_tran_A_marker	fig:heatmap-5-tran-a-marker	1.5 Transitive A marker	62_svo_ng_er_d_ep	svo	ng	erg-abs	deranking	erg-poss	vos	VS	VPA	5.0	100.0	100.0	100.0	1.0	1.0	1.0	0.0
1_5_tran_A_marker	05_1_5_tran_A_marker	fig:heatmap-5-tran-a-marker	1.5 Transitive A marker	63_svo_ng_er_d_no	svo	ng	erg-abs	deranking	nomn	vos	VS	VPA	5.0	100.0	100.0	100.0	1.0	1.0	1.0	0.0
1_5_tran_A_marker	05_1_5_tran_A_marker	fig:heatmap-5-tran-a-marker	1.5 Transitive A marker	64_vos_gn_ac_b_se	vos	gn	nom-acc	balancing	sent	vos	VS	VPA	5.0	96.0	99.0	96.0	0.9200055635398481	0.9800010051162833	0.9200055635398481	0.059995441576435216
1_5_tran_A_marker	05_1_5_tran_A_marker	fig:heatmap-5-tran-a-marker	1.5 Transitive A marker	65_vos_gn_ac_b_pa	vos	gn	nom-acc	balancing	poss-acc	svo	SV	AVP	5.0	99.0	97.0	95.0	0.9800010051162833	0.9400037321744893	0.9000078003290506	0.07999320478723271
1_5_tran_A_marker	05_1_5_tran_A_marker	fig:heatmap-5-tran-a-marker	1.5 Transitive A marker	66_vos_gn_ac_b_ep	vos	gn	nom-acc	balancing	erg-poss	sov	SV	PVA	5.0	100.0	100.0	98.0	1.0	1.0	0.9600022327543785	0.03999776724562154
1_5_tran_A_marker	05_1_5_tran_A_marker	fig:heatmap-5-tran-a-marker	1.5 Transitive A marker	67_vos_gn_ac_b_no	vos	gn	nom-acc	balancing	nomn	svo	SV	AVP	5.0	100.0	100.0	100.0	1.0	1.0	1.0	0.0
1_5_tran_A_marker	05_1_5_tran_A_marker	fig:heatmap-5-tran-a-marker	1.5 Transitive A marker	68_vos_gn_ac_d_se	vos	gn	nom-acc	deranking	sent	vos	VS	VPA	5.0	99.0	99.0	98.0	0.9800010051162833	0.9800010051162833	0.9600022327543785	0.019998772361904837
1_5_tran_A_marker	05_1_5_tran_A_marker	fig:heatmap-5-tran-a-marker	1.5 Transitive A marker	69_vos_gn_ac_d_pa	vos	gn	nom-acc	deranking	poss-acc	svo	SV	AVP	5.0	99.0	97.0	98.0	0.9800010051162833	0.9400037321744893	0.9600022327543785	0.039997272941794004
1_5_tran_A_marker	05_1_5_tran_A_marker	fig:heatmap-5-tran-a-marker	1.5 Transitive A marker	70_vos_gn_ac_d_ep	vos	gn	nom-acc	deranking	erg-poss	sov	SV	PVA	5.0	97.0	99.0	100.0	0.9400037321744893	0.9800010051162833	1.0	0.05999626782551071
1_5_tran_A_marker	05_1_5_tran_A_marker	fig:heatmap-5-tran-a-marker	1.5 Transitive A marker	71_vos_gn_ac_d_no	vos	gn	nom-acc	deranking	nomn	svo	SV	AVP	5.0	100.0	99.0	99.0	1.0	0.9800010051162833	0.9800010051162833	0.019998994883716703
1_5_tran_A_marker	05_1_5_tran_A_marker	fig:heatmap-5-tran-a-marker	1.5 Transitive A marker	72_vos_gn_er_b_se	vos	gn	erg-abs	balancing	sent	vos	VS	VPA	5.0	100.0	100.0	100.0	1.0	1.0	1.0	0.0
1_5_tran_A_marker	05_1_5_tran_A_marker	fig:heatmap-5-tran-a-marker	1.5 Transitive A marker	73_vos_gn_er_b_pa	vos	gn	erg-abs	balancing	poss-acc	svo	SV	AVP	5.0	100.0	100.0	100.0	1.0	1.0	1.0	0.0
1_5_tran_A_marker	05_1_5_tran_A_marker	fig:heatmap-5-tran-a-marker	1.5 Transitive A marker	74_vos_gn_er_b_ep	vos	gn	erg-abs	balancing	erg-poss	sov	SV	PVA	5.0	100.0	100.0	100.0	1.0	1.0	1.0	0.0
1_5_tran_A_marker	05_1_5_tran_A_marker	fig:heatmap-5-tran-a-marker	1.5 Transitive A marker	75_vos_gn_er_b_no	vos	gn	erg-abs	balancing	nomn	svo	SV	AVP	5.0	100.0	100.0	100.0	1.0	1.0	1.0	0.0
1_5_tran_A_marker	05_1_5_tran_A_marker	fig:heatmap-5-tran-a-marker	1.5 Transitive A marker	76_vos_gn_er_d_se	vos	gn	erg-abs	deranking	sent	vos	VS	VPA	5.0	100.0	100.0	100.0	1.0	1.0	1.0	0.0
1_5_tran_A_marker	05_1_5_tran_A_marker	fig:heatmap-5-tran-a-marker	1.5 Transitive A marker	77_vos_gn_er_d_pa	vos	gn	erg-abs	deranking	poss-acc	svo	SV	AVP	5.0	100.0	100.0	100.0	1.0	1.0	1.0	0.0
1_5_tran_A_marker	05_1_5_tran_A_marker	fig:heatmap-5-tran-a-marker	1.5 Transitive A marker	78_vos_gn_er_d_ep	vos	gn	erg-abs	deranking	erg-poss	sov	SV	PVA	5.0	100.0	100.0	100.0	1.0	1.0	1.0	0.0
1_5_tran_A_marker	05_1_5_tran_A_marker	fig:heatmap-5-tran-a-marker	1.5 Transitive A marker	79_vos_gn_er_d_no	vos	gn	erg-abs	deranking	nomn	svo	SV	AVP	5.0	100.0	100.0	100.0	1.0	1.0	1.0	0.0
1_5_tran_A_marker	05_1_5_tran_A_marker	fig:heatmap-5-tran-a-marker	1.5 Transitive A marker	80_vos_ng_ac_b_se	vos	ng	nom-acc	balancing	sent	vos	VS	VPA	5.0	79.0	75.0	71.0	0.5802977582031614	0.5006669949589901	0.4214838855772702	0.15881387262589125
1_5_tran_A_marker	05_1_5_tran_A_marker	fig:heatmap-5-tran-a-marker	1.5 Transitive A marker	81_vos_ng_ac_b_pa	vos	ng	nom-acc	balancing	poss-acc	vos	VS	VPA	5.0	86.0	78.0	78.0	0.7200700908352611	0.5603645644527729	0.5603645644527729	0.15970552638248814
1_5_tran_A_marker	05_1_5_tran_A_marker	fig:heatmap-5-tran-a-marker	1.5 Transitive A marker	82_vos_ng_ac_b_ep	vos	ng	nom-acc	balancing	erg-poss	vos	VS	VPA	5.0	84.0	80.0	82.0	0.6801067756461248	0.6002430286238514	0.6401614779514829	0.07986374702227339
1_5_tran_A_marker	05_1_5_tran_A_marker	fig:heatmap-5-tran-a-marker	1.5 Transitive A marker	83_vos_ng_ac_b_no	vos	ng	nom-acc	balancing	nomn	vos	VS	VPA	5.0	84.0	79.0	83.0	0.6801067756461248	0.5802977582031614	0.6601314044676043	0.09980901744296333
1_5_tran_A_marker	05_1_5_tran_A_marker	fig:heatmap-5-tran-a-marker	1.5 Transitive A marker	84_vos_ng_ac_d_se	vos	ng	nom-acc	deranking	sent	vos	VS	VPA	5.0	80.0	91.0	84.0	0.6002430286238514	0.8200229216960366	0.6801067756461248	0.21977989307218526
1_5_tran_A_marker	05_1_5_tran_A_marker	fig:heatmap-5-tran-a-marker	1.5 Transitive A marker	85_vos_ng_ac_d_pa	vos	ng	nom-acc	deranking	poss-acc	vos	VS	VPA	5.0	87.0	82.0	95.0	0.7400565667123037	0.6401614779514829	0.9000078003290506	0.25984632237756766
1_5_tran_A_marker	05_1_5_tran_A_marker	fig:heatmap-5-tran-a-marker	1.5 Transitive A marker	86_vos_ng_ac_d_ep	vos	ng	nom-acc	deranking	erg-poss	vos	VS	VPA	5.0	79.0	88.0	94.0	0.5802977582031614	0.7600454927350169	0.880010532281679	0.2997127740785176
1_5_tran_A_marker	05_1_5_tran_A_marker	fig:heatmap-5-tran-a-marker	1.5 Transitive A marker	87_vos_ng_ac_d_no	vos	ng	nom-acc	deranking	nomn	vos	VS	VPA	5.0	88.0	94.0	90.0	0.7600454927350169	0.880010532281679	0.8000290007473678	0.11996503954666216
1_5_tran_A_marker	05_1_5_tran_A_marker	fig:heatmap-5-tran-a-marker	1.5 Transitive A marker	88_vos_ng_er_b_se	vos	ng	erg-abs	balancing	sent	vos	VS	VPA	5.0	100.0	100.0	100.0	1.0	1.0	1.0	0.0
1_5_tran_A_marker	05_1_5_tran_A_marker	fig:heatmap-5-tran-a-marker	1.5 Transitive A marker	89_vos_ng_er_b_pa	vos	ng	erg-abs	balancing	poss-acc	vos	VS	VPA	5.0	100.0	100.0	100.0	1.0	1.0	1.0	0.0
1_5_tran_A_marker	05_1_5_tran_A_marker	fig:heatmap-5-tran-a-marker	1.5 Transitive A marker	90_vos_ng_er_b_ep	vos	ng	erg-abs	balancing	erg-poss	vos	VS	VPA	5.0	100.0	100.0	100.0	1.0	1.0	1.0	0.0
1_5_tran_A_marker	05_1_5_tran_A_marker	fig:heatmap-5-tran-a-marker	1.5 Transitive A marker	91_vos_ng_er_b_no	vos	ng	erg-abs	balancing	nomn	vos	VS	VPA	5.0	100.0	100.0	100.0	1.0	1.0	1.0	0.0
1_5_tran_A_marker	05_1_5_tran_A_marker	fig:heatmap-5-tran-a-marker	1.5 Transitive A marker	92_vos_ng_er_d_se	vos	ng	erg-abs	deranking	sent	vos	VS	VPA	5.0	100.0	100.0	100.0	1.0	1.0	1.0	0.0
1_5_tran_A_marker	05_1_5_tran_A_marker	fig:heatmap-5-tran-a-marker	1.5 Transitive A marker	93_vos_ng_er_d_pa	vos	ng	erg-abs	deranking	poss-acc	vos	VS	VPA	5.0	100.0	100.0	100.0	1.0	1.0	1.0	0.0
1_5_tran_A_marker	05_1_5_tran_A_marker	fig:heatmap-5-tran-a-marker	1.5 Transitive A marker	94_vos_ng_er_d_ep	vos	ng	erg-abs	deranking	erg-poss	vos	VS	VPA	5.0	100.0	100.0	100.0	1.0	1.0	1.0	0.0
1_5_tran_A_marker	05_1_5_tran_A_marker	fig:heatmap-5-tran-a-marker	1.5 Transitive A marker	95_vos_ng_er_d_no	vos	ng	erg-abs	deranking	nomn	vos	VS	VPA	5.0	100.0	100.0	100.0	1.0	1.0	1.0	0.0
1_6_tran_P_marker	06_1_6_tran_P_marker	fig:heatmap-6-tran-p-marker	1.6 Transitive P marker	00_sov_gn_ac_b_se	sov	gn	nom-acc	balancing	sent	sov	SV	APV	5.0	100.0	100.0	100.0	1.0	1.0	1.0	0.0
1_6_tran_P_marker	06_1_6_tran_P_marker	fig:heatmap-6-tran-p-marker	1.6 Transitive P marker	01_sov_gn_ac_b_pa	sov	gn	nom-acc	balancing	poss-acc	sov	SV	APV	5.0	100.0	100.0	100.0	1.0	1.0	1.0	0.0
1_6_tran_P_marker	06_1_6_tran_P_marker	fig:heatmap-6-tran-p-marker	1.6 Transitive P marker	02_sov_gn_ac_b_ep	sov	gn	nom-acc	balancing	erg-poss	sov	SV	APV	5.0	100.0	100.0	100.0	1.0	1.0	1.0	0.0
1_6_tran_P_marker	06_1_6_tran_P_marker	fig:heatmap-6-tran-p-marker	1.6 Transitive P marker	03_sov_gn_ac_b_no	sov	gn	nom-acc	balancing	nomn	sov	SV	APV	5.0	100.0	100.0	100.0	1.0	1.0	1.0	0.0
1_6_tran_P_marker	06_1_6_tran_P_marker	fig:heatmap-6-tran-p-marker	1.6 Transitive P marker	04_sov_gn_ac_d_se	sov	gn	nom-acc	deranking	sent	sov	SV	APV	5.0	100.0	100.0	100.0	1.0	1.0	1.0	0.0
1_6_tran_P_marker	06_1_6_tran_P_marker	fig:heatmap-6-tran-p-marker	1.6 Transitive P marker	05_sov_gn_ac_d_pa	sov	gn	nom-acc	deranking	poss-acc	sov	SV	APV	5.0	100.0	100.0	100.0	1.0	1.0	1.0	0.0
1_6_tran_P_marker	06_1_6_tran_P_marker	fig:heatmap-6-tran-p-marker	1.6 Transitive P marker	06_sov_gn_ac_d_ep	sov	gn	nom-acc	deranking	erg-poss	sov	SV	APV	5.0	100.0	100.0	100.0	1.0	1.0	1.0	0.0
1_6_tran_P_marker	06_1_6_tran_P_marker	fig:heatmap-6-tran-p-marker	1.6 Transitive P marker	07_sov_gn_ac_d_no	sov	gn	nom-acc	deranking	nomn	sov	SV	APV	5.0	100.0	100.0	100.0	1.0	1.0	1.0	0.0
1_6_tran_P_marker	06_1_6_tran_P_marker	fig:heatmap-6-tran-p-marker	1.6 Transitive P marker	08_sov_gn_er_b_se	sov	gn	erg-abs	balancing	sent	sov	SV	APV	5.0	98.0	97.0	97.0	0.9600022327543785	0.9400037321744893	0.9400037321744893	0.019998500579889167
1_6_tran_P_marker	06_1_6_tran_P_marker	fig:heatmap-6-tran-p-marker	1.6 Transitive P marker	09_sov_gn_er_b_pa	sov	gn	erg-abs	balancing	poss-acc	sov	SV	APV	5.0	95.0	98.0	97.0	0.9000078003290506	0.9600022327543785	0.9400037321744893	0.05999443242532787
1_6_tran_P_marker	06_1_6_tran_P_marker	fig:heatmap-6-tran-p-marker	1.6 Transitive P marker	10_sov_gn_er_b_ep	sov	gn	erg-abs	balancing	erg-poss	sov	SV	APV	5.0	98.0	97.0	98.0	0.9600022327543785	0.9400037321744893	0.9600022327543785	0.019998500579889167
1_6_tran_P_marker	06_1_6_tran_P_marker	fig:heatmap-6-tran-p-marker	1.6 Transitive P marker	11_sov_gn_er_b_no	sov	gn	erg-abs	balancing	nomn	sov	SV	APV	5.0	97.0	98.0	98.0	0.9400037321744893	0.9600022327543785	0.9600022327543785	0.019998500579889167
1_6_tran_P_marker	06_1_6_tran_P_marker	fig:heatmap-6-tran-p-marker	1.6 Transitive P marker	12_sov_gn_er_d_se	sov	gn	erg-abs	deranking	sent	sov	SV	APV	5.0	97.0	99.0	98.0	0.9400037321744893	0.9800010051162833	0.9600022327543785	0.039997272941794004
1_6_tran_P_marker	06_1_6_tran_P_marker	fig:heatmap-6-tran-p-marker	1.6 Transitive P marker	13_sov_gn_er_d_pa	sov	gn	erg-abs	deranking	poss-acc	sov	SV	APV	5.0	98.0	95.0	96.0	0.9600022327543785	0.9000078003290506	0.9200055635398481	0.05999443242532787
1_6_tran_P_marker	06_1_6_tran_P_marker	fig:heatmap-6-tran-p-marker	1.6 Transitive P marker	14_sov_gn_er_d_ep	sov	gn	erg-abs	deranking	erg-poss	sov	SV	APV	5.0	99.0	96.0	97.0	0.9800010051162833	0.9200055635398481	0.9400037321744893	0.059995441576435216
1_6_tran_P_marker	06_1_6_tran_P_marker	fig:heatmap-6-tran-p-marker	1.6 Transitive P marker	15_sov_gn_er_d_no	sov	gn	erg-abs	deranking	nomn	sov	SV	APV	5.0	97.0	98.0	97.0	0.9400037321744893	0.9600022327543785	0.9400037321744893	0.019998500579889167
1_6_tran_P_marker	06_1_6_tran_P_marker	fig:heatmap-6-tran-p-marker	1.6 Transitive P marker	16_sov_ng_ac_b_se	sov	ng	nom-acc	balancing	sent	sov	SV	APV	5.0	100.0	100.0	100.0	1.0	1.0	1.0	0.0
1_6_tran_P_marker	06_1_6_tran_P_marker	fig:heatmap-6-tran-p-marker	1.6 Transitive P marker	17_sov_ng_ac_b_pa	sov	ng	nom-acc	balancing	poss-acc	ovs	VS	PVA	5.0	100.0	100.0	100.0	1.0	1.0	1.0	0.0
1_6_tran_P_marker	06_1_6_tran_P_marker	fig:heatmap-6-tran-p-marker	1.6 Transitive P marker	18_sov_ng_ac_b_ep	sov	ng	nom-acc	balancing	erg-poss	vos	VS	AVP	5.0	100.0	100.0	100.0	1.0	1.0	1.0	0.0
1_6_tran_P_marker	06_1_6_tran_P_marker	fig:heatmap-6-tran-p-marker	1.6 Transitive P marker	19_sov_ng_ac_b_no	sov	ng	nom-acc	balancing	nomn	ovs	VS	PVA	5.0	100.0	100.0	100.0	1.0	1.0	1.0	0.0
1_6_tran_P_marker	06_1_6_tran_P_marker	fig:heatmap-6-tran-p-marker	1.6 Transitive P marker	20_sov_ng_ac_d_se	sov	ng	nom-acc	deranking	sent	sov	SV	APV	5.0	100.0	100.0	100.0	1.0	1.0	1.0	0.0
1_6_tran_P_marker	06_1_6_tran_P_marker	fig:heatmap-6-tran-p-marker	1.6 Transitive P marker	21_sov_ng_ac_d_pa	sov	ng	nom-acc	deranking	poss-acc	ovs	VS	PVA	5.0	100.0	100.0	100.0	1.0	1.0	1.0	0.0
1_6_tran_P_marker	06_1_6_tran_P_marker	fig:heatmap-6-tran-p-marker	1.6 Transitive P marker	22_sov_ng_ac_d_ep	sov	ng	nom-acc	deranking	erg-poss	vos	VS	AVP	5.0	100.0	100.0	100.0	1.0	1.0	1.0	0.0
1_6_tran_P_marker	06_1_6_tran_P_marker	fig:heatmap-6-tran-p-marker	1.6 Transitive P marker	23_sov_ng_ac_d_no	sov	ng	nom-acc	deranking	nomn	ovs	VS	PVA	5.0	100.0	100.0	100.0	1.0	1.0	1.0	0.0
1_6_tran_P_marker	06_1_6_tran_P_marker	fig:heatmap-6-tran-p-marker	1.6 Transitive P marker	24_sov_ng_er_b_se	sov	ng	erg-abs	balancing	sent	sov	SV	APV	5.0	86.0	78.0	85.0	0.7200700908352611	0.5603645644527729	0.7000866067554558	0.15970552638248814
1_6_tran_P_marker	06_1_6_tran_P_marker	fig:heatmap-6-tran-p-marker	1.6 Transitive P marker	25_sov_ng_er_b_pa	sov	ng	erg-abs	balancing	poss-acc	ovs	VS	PVA	5.0	90.0	82.0	82.0	0.8000290007473678	0.6401614779514829	0.6401614779514829	0.1598675227958849
1_6_tran_P_marker	06_1_6_tran_P_marker	fig:heatmap-6-tran-p-marker	1.6 Transitive P marker	26_sov_ng_er_b_ep	sov	ng	erg-abs	balancing	erg-poss	vos	VS	AVP	5.0	87.0	78.0	80.0	0.7400565667123037	0.5603645644527729	0.6002430286238514	0.17969200225953075
1_6_tran_P_marker	06_1_6_tran_P_marker	fig:heatmap-6-tran-p-marker	1.6 Transitive P marker	27_sov_ng_er_b_no	sov	ng	erg-abs	balancing	nomn	ovs	VS	PVA	5.0	88.0	89.0	89.0	0.7600454927350169	0.7800364252161309	0.7800364252161309	0.019990932481114054
1_6_tran_P_marker	06_1_6_tran_P_marker	fig:heatmap-6-tran-p-marker	1.6 Transitive P marker	28_sov_ng_er_d_se	sov	ng	erg-abs	deranking	sent	sov	SV	APV	5.0	79.0	90.0	88.0	0.5802977582031614	0.8000290007473678	0.7600454927350169	0.2197312425442064
1_6_tran_P_marker	06_1_6_tran_P_marker	fig:heatmap-6-tran-p-marker	1.6 Transitive P marker	29_sov_ng_er_d_pa	sov	ng	erg-abs	deranking	poss-acc	ovs	VS	PVA	5.0	82.0	83.0	80.0	0.6401614779514829	0.6601314044676043	0.6002430286238514	0.05988837584375295
1_6_tran_P_marker	06_1_6_tran_P_marker	fig:heatmap-6-tran-p-marker	1.6 Transitive P marker	30_sov_ng_er_d_ep	sov	ng	erg-abs	deranking	erg-poss	vos	VS	AVP	5.0	84.0	83.0	88.0	0.6801067756461248	0.6601314044676043	0.7600454927350169	0.09991408826741255
1_6_tran_P_marker	06_1_6_tran_P_marker	fig:heatmap-6-tran-p-marker	1.6 Transitive P marker	31_sov_ng_er_d_no	sov	ng	erg-abs	deranking	nomn	ovs	VS	PVA	5.0	91.0	85.0	84.0	0.8200229216960366	0.7000866067554558	0.6801067756461248	0.13991614604991187
1_6_tran_P_marker	06_1_6_tran_P_marker	fig:heatmap-6-tran-p-marker	1.6 Transitive P marker	32_svo_gn_ac_b_se	svo	gn	nom-acc	balancing	sent	svo	SV	AVP	5.0	100.0	100.0	100.0	1.0	1.0	1.0	0.0
1_6_tran_P_marker	06_1_6_tran_P_marker	fig:heatmap-6-tran-p-marker	1.6 Transitive P marker	33_svo_gn_ac_b_pa	svo	gn	nom-acc	balancing	poss-acc	svo	SV	AVP	5.0	100.0	100.0	100.0	1.0	1.0	1.0	0.0
1_6_tran_P_marker	06_1_6_tran_P_marker	fig:heatmap-6-tran-p-marker	1.6 Transitive P marker	34_svo_gn_ac_b_ep	svo	gn	nom-acc	balancing	erg-poss	sov	SV	PVA	5.0	100.0	100.0	100.0	1.0	1.0	1.0	0.0
1_6_tran_P_marker	06_1_6_tran_P_marker	fig:heatmap-6-tran-p-marker	1.6 Transitive P marker	35_svo_gn_ac_b_no	svo	gn	nom-acc	balancing	nomn	svo	SV	AVP	5.0	100.0	100.0	100.0	1.0	1.0	1.0	0.0
1_6_tran_P_marker	06_1_6_tran_P_marker	fig:heatmap-6-tran-p-marker	1.6 Transitive P marker	36_svo_gn_ac_d_se	svo	gn	nom-acc	deranking	sent	svo	SV	AVP	5.0	100.0	100.0	100.0	1.0	1.0	1.0	0.0
1_6_tran_P_marker	06_1_6_tran_P_marker	fig:heatmap-6-tran-p-marker	1.6 Transitive P marker	37_svo_gn_ac_d_pa	svo	gn	nom-acc	deranking	poss-acc	svo	SV	AVP	5.0	100.0	100.0	100.0	1.0	1.0	1.0	0.0
1_6_tran_P_marker	06_1_6_tran_P_marker	fig:heatmap-6-tran-p-marker	1.6 Transitive P marker	38_svo_gn_ac_d_ep	svo	gn	nom-acc	deranking	erg-poss	sov	SV	PVA	5.0	100.0	100.0	100.0	1.0	1.0	1.0	0.0
1_6_tran_P_marker	06_1_6_tran_P_marker	fig:heatmap-6-tran-p-marker	1.6 Transitive P marker	39_svo_gn_ac_d_no	svo	gn	nom-acc	deranking	nomn	svo	SV	AVP	5.0	100.0	100.0	100.0	1.0	1.0	1.0	0.0
1_6_tran_P_marker	06_1_6_tran_P_marker	fig:heatmap-6-tran-p-marker	1.6 Transitive P marker	40_svo_gn_er_b_se	svo	gn	erg-abs	balancing	sent	svo	SV	AVP	5.0	100.0	100.0	100.0	1.0	1.0	1.0	0.0
1_6_tran_P_marker	06_1_6_tran_P_marker	fig:heatmap-6-tran-p-marker	1.6 Transitive P marker	41_svo_gn_er_b_pa	svo	gn	erg-abs	balancing	poss-acc	svo	SV	AVP	5.0	99.0	100.0	100.0	0.9800010051162833	1.0	1.0	0.019998994883716703
1_6_tran_P_marker	06_1_6_tran_P_marker	fig:heatmap-6-tran-p-marker	1.6 Transitive P marker	42_svo_gn_er_b_ep	svo	gn	erg-abs	balancing	erg-poss	sov	SV	PVA	5.0	99.0	100.0	100.0	0.9800010051162833	1.0	1.0	0.019998994883716703
1_6_tran_P_marker	06_1_6_tran_P_marker	fig:heatmap-6-tran-p-marker	1.6 Transitive P marker	43_svo_gn_er_b_no	svo	gn	erg-abs	balancing	nomn	svo	SV	AVP	5.0	100.0	100.0	100.0	1.0	1.0	1.0	0.0
1_6_tran_P_marker	06_1_6_tran_P_marker	fig:heatmap-6-tran-p-marker	1.6 Transitive P marker	44_svo_gn_er_d_se	svo	gn	erg-abs	deranking	sent	svo	SV	AVP	5.0	99.0	100.0	100.0	0.9800010051162833	1.0	1.0	0.019998994883716703
1_6_tran_P_marker	06_1_6_tran_P_marker	fig:heatmap-6-tran-p-marker	1.6 Transitive P marker	45_svo_gn_er_d_pa	svo	gn	erg-abs	deranking	poss-acc	svo	SV	AVP	5.0	99.0	100.0	99.0	0.9800010051162833	1.0	0.9800010051162833	0.019998994883716703
1_6_tran_P_marker	06_1_6_tran_P_marker	fig:heatmap-6-tran-p-marker	1.6 Transitive P marker	46_svo_gn_er_d_ep	svo	gn	erg-abs	deranking	erg-poss	sov	SV	PVA	5.0	99.0	99.0	100.0	0.9800010051162833	0.9800010051162833	1.0	0.019998994883716703
1_6_tran_P_marker	06_1_6_tran_P_marker	fig:heatmap-6-tran-p-marker	1.6 Transitive P marker	47_svo_gn_er_d_no	svo	gn	erg-abs	deranking	nomn	svo	SV	AVP	5.0	99.0	99.0	100.0	0.9800010051162833	0.9800010051162833	1.0	0.019998994883716703
1_6_tran_P_marker	06_1_6_tran_P_marker	fig:heatmap-6-tran-p-marker	1.6 Transitive P marker	48_svo_ng_ac_b_se	svo	ng	nom-acc	balancing	sent	svo	SV	AVP	5.0	100.0	100.0	100.0	1.0	1.0	1.0	0.0
1_6_tran_P_marker	06_1_6_tran_P_marker	fig:heatmap-6-tran-p-marker	1.6 Transitive P marker	49_svo_ng_ac_b_pa	svo	ng	nom-acc	balancing	poss-acc	vos	VS	VPA	5.0	100.0	100.0	100.0	1.0	1.0	1.0	0.0
1_6_tran_P_marker	06_1_6_tran_P_marker	fig:heatmap-6-tran-p-marker	1.6 Transitive P marker	50_svo_ng_ac_b_ep	svo	ng	nom-acc	balancing	erg-poss	vos	VS	VPA	5.0	100.0	100.0	100.0	1.0	1.0	1.0	0.0
1_6_tran_P_marker	06_1_6_tran_P_marker	fig:heatmap-6-tran-p-marker	1.6 Transitive P marker	51_svo_ng_ac_b_no	svo	ng	nom-acc	balancing	nomn	vos	VS	VPA	5.0	100.0	100.0	100.0	1.0	1.0	1.0	0.0
1_6_tran_P_marker	06_1_6_tran_P_marker	fig:heatmap-6-tran-p-marker	1.6 Transitive P marker	52_svo_ng_ac_d_se	svo	ng	nom-acc	deranking	sent	svo	SV	AVP	5.0	100.0	100.0	100.0	1.0	1.0	1.0	0.0
1_6_tran_P_marker	06_1_6_tran_P_marker	fig:heatmap-6-tran-p-marker	1.6 Transitive P marker	53_svo_ng_ac_d_pa	svo	ng	nom-acc	deranking	poss-acc	vos	VS	VPA	5.0	100.0	100.0	100.0	1.0	1.0	1.0	0.0
1_6_tran_P_marker	06_1_6_tran_P_marker	fig:heatmap-6-tran-p-marker	1.6 Transitive P marker	54_svo_ng_ac_d_ep	svo	ng	nom-acc	deranking	erg-poss	vos	VS	VPA	5.0	100.0	100.0	100.0	1.0	1.0	1.0	0.0
1_6_tran_P_marker	06_1_6_tran_P_marker	fig:heatmap-6-tran-p-marker	1.6 Transitive P marker	55_svo_ng_ac_d_no	svo	ng	nom-acc	deranking	nomn	vos	VS	VPA	5.0	100.0	100.0	100.0	1.0	1.0	1.0	0.0
1_6_tran_P_marker	06_1_6_tran_P_marker	fig:heatmap-6-tran-p-marker	1.6 Transitive P marker	56_svo_ng_er_b_se	svo	ng	erg-abs	balancing	sent	svo	SV	AVP	5.0	98.0	100.0	98.0	0.9600022327543785	1.0	0.9600022327543785	0.03999776724562154
1_6_tran_P_marker	06_1_6_tran_P_marker	fig:heatmap-6-tran-p-marker	1.6 Transitive P marker	57_svo_ng_er_b_pa	svo	ng	erg-abs	balancing	poss-acc	vos	VS	VPA	5.0	96.0	99.0	97.0	0.9200055635398481	0.9800010051162833	0.9400037321744893	0.059995441576435216
1_6_tran_P_marker	06_1_6_tran_P_marker	fig:heatmap-6-tran-p-marker	1.6 Transitive P marker	58_svo_ng_er_b_ep	svo	ng	erg-abs	balancing	erg-poss	vos	VS	VPA	5.0	97.0	99.0	100.0	0.9400037321744893	0.9800010051162833	1.0	0.05999626782551071
1_6_tran_P_marker	06_1_6_tran_P_marker	fig:heatmap-6-tran-p-marker	1.6 Transitive P marker	59_svo_ng_er_b_no	svo	ng	erg-abs	balancing	nomn	vos	VS	VPA	5.0	98.0	100.0	99.0	0.9600022327543785	1.0	0.9800010051162833	0.03999776724562154
1_6_tran_P_marker	06_1_6_tran_P_marker	fig:heatmap-6-tran-p-marker	1.6 Transitive P marker	60_svo_ng_er_d_se	svo	ng	erg-abs	deranking	sent	svo	SV	AVP	5.0	94.0	95.0	96.0	0.880010532281679	0.9000078003290506	0.9200055635398481	0.039995031258169056
1_6_tran_P_marker	06_1_6_tran_P_marker	fig:heatmap-6-tran-p-marker	1.6 Transitive P marker	61_svo_ng_er_d_pa	svo	ng	erg-abs	deranking	poss-acc	vos	VS	VPA	5.0	89.0	96.0	99.0	0.7800364252161309	0.9200055635398481	0.9800010051162833	0.19996457990015237
1_6_tran_P_marker	06_1_6_tran_P_marker	fig:heatmap-6-tran-p-marker	1.6 Transitive P marker	62_svo_ng_er_d_ep	svo	ng	erg-abs	deranking	erg-poss	vos	VS	VPA	5.0	88.0	92.0	86.0	0.7600454927350169	0.8400179443146094	0.7200700908352611	0.11994785347934833
1_6_tran_P_marker	06_1_6_tran_P_marker	fig:heatmap-6-tran-p-marker	1.6 Transitive P marker	63_svo_ng_er_d_no	svo	ng	erg-abs	deranking	nomn	vos	VS	VPA	5.0	91.0	95.0	100.0	0.8200229216960366	0.9000078003290506	1.0	0.17997707830396337
1_6_tran_P_marker	06_1_6_tran_P_marker	fig:heatmap-6-tran-p-marker	1.6 Transitive P marker	64_vos_gn_ac_b_se	vos	gn	nom-acc	balancing	sent	vos	VS	VPA	5.0	100.0	100.0	100.0	1.0	1.0	1.0	0.0
1_6_tran_P_marker	06_1_6_tran_P_marker	fig:heatmap-6-tran-p-marker	1.6 Transitive P marker	65_vos_gn_ac_b_pa	vos	gn	nom-acc	balancing	poss-acc	svo	SV	AVP	5.0	100.0	100.0	100.0	1.0	1.0	1.0	0.0
1_6_tran_P_marker	06_1_6_tran_P_marker	fig:heatmap-6-tran-p-marker	1.6 Transitive P marker	66_vos_gn_ac_b_ep	vos	gn	nom-acc	balancing	erg-poss	sov	SV	PVA	5.0	100.0	100.0	100.0	1.0	1.0	1.0	0.0
1_6_tran_P_marker	06_1_6_tran_P_marker	fig:heatmap-6-tran-p-marker	1.6 Transitive P marker	67_vos_gn_ac_b_no	vos	gn	nom-acc	balancing	nomn	svo	SV	AVP	5.0	100.0	100.0	100.0	1.0	1.0	1.0	0.0
1_6_tran_P_marker	06_1_6_tran_P_marker	fig:heatmap-6-tran-p-marker	1.6 Transitive P marker	68_vos_gn_ac_d_se	vos	gn	nom-acc	deranking	sent	vos	VS	VPA	5.0	100.0	100.0	100.0	1.0	1.0	1.0	0.0
1_6_tran_P_marker	06_1_6_tran_P_marker	fig:heatmap-6-tran-p-marker	1.6 Transitive P marker	69_vos_gn_ac_d_pa	vos	gn	nom-acc	deranking	poss-acc	svo	SV	AVP	5.0	100.0	100.0	100.0	1.0	1.0	1.0	0.0
1_6_tran_P_marker	06_1_6_tran_P_marker	fig:heatmap-6-tran-p-marker	1.6 Transitive P marker	70_vos_gn_ac_d_ep	vos	gn	nom-acc	deranking	erg-poss	sov	SV	PVA	5.0	100.0	100.0	100.0	1.0	1.0	1.0	0.0
1_6_tran_P_marker	06_1_6_tran_P_marker	fig:heatmap-6-tran-p-marker	1.6 Transitive P marker	71_vos_gn_ac_d_no	vos	gn	nom-acc	deranking	nomn	svo	SV	AVP	5.0	100.0	100.0	100.0	1.0	1.0	1.0	0.0
1_6_tran_P_marker	06_1_6_tran_P_marker	fig:heatmap-6-tran-p-marker	1.6 Transitive P marker	72_vos_gn_er_b_se	vos	gn	erg-abs	balancing	sent	vos	VS	VPA	5.0	99.0	95.0	99.0	0.9800010051162833	0.9000078003290506	0.9800010051162833	0.07999320478723271
1_6_tran_P_marker	06_1_6_tran_P_marker	fig:heatmap-6-tran-p-marker	1.6 Transitive P marker	73_vos_gn_er_b_pa	vos	gn	erg-abs	balancing	poss-acc	svo	SV	AVP	5.0	100.0	96.0	97.0	1.0	0.9200055635398481	0.9400037321744893	0.07999443646015192
1_6_tran_P_marker	06_1_6_tran_P_marker	fig:heatmap-6-tran-p-marker	1.6 Transitive P marker	74_vos_gn_er_b_ep	vos	gn	erg-abs	balancing	erg-poss	sov	SV	PVA	5.0	100.0	98.0	93.0	1.0	0.9600022327543785	0.8600138689949057	0.13998613100509427
1_6_tran_P_marker	06_1_6_tran_P_marker	fig:heatmap-6-tran-p-marker	1.6 Transitive P marker	75_vos_gn_er_b_no	vos	gn	erg-abs	balancing	nomn	svo	SV	AVP	5.0	98.0	98.0	98.0	0.9600022327543785	0.9600022327543785	0.9600022327543785	0.0
1_6_tran_P_marker	06_1_6_tran_P_marker	fig:heatmap-6-tran-p-marker	1.6 Transitive P marker	76_vos_gn_er_d_se	vos	gn	erg-abs	deranking	sent	vos	VS	VPA	5.0	99.0	97.0	100.0	0.9800010051162833	0.9400037321744893	1.0	0.05999626782551071
1_6_tran_P_marker	06_1_6_tran_P_marker	fig:heatmap-6-tran-p-marker	1.6 Transitive P marker	77_vos_gn_er_d_pa	vos	gn	erg-abs	deranking	poss-acc	svo	SV	AVP	5.0	99.0	99.0	97.0	0.9800010051162833	0.9800010051162833	0.9400037321744893	0.039997272941794004
1_6_tran_P_marker	06_1_6_tran_P_marker	fig:heatmap-6-tran-p-marker	1.6 Transitive P marker	78_vos_gn_er_d_ep	vos	gn	erg-abs	deranking	erg-poss	sov	SV	PVA	5.0	99.0	99.0	95.0	0.9800010051162833	0.9800010051162833	0.9000078003290506	0.07999320478723271
1_6_tran_P_marker	06_1_6_tran_P_marker	fig:heatmap-6-tran-p-marker	1.6 Transitive P marker	79_vos_gn_er_d_no	vos	gn	erg-abs	deranking	nomn	svo	SV	AVP	5.0	97.0	95.0	97.0	0.9400037321744893	0.9000078003290506	0.9400037321744893	0.039995931845438704
1_6_tran_P_marker	06_1_6_tran_P_marker	fig:heatmap-6-tran-p-marker	1.6 Transitive P marker	80_vos_ng_ac_b_se	vos	ng	nom-acc	balancing	sent	vos	VS	VPA	5.0	100.0	100.0	100.0	1.0	1.0	1.0	0.0
1_6_tran_P_marker	06_1_6_tran_P_marker	fig:heatmap-6-tran-p-marker	1.6 Transitive P marker	81_vos_ng_ac_b_pa	vos	ng	nom-acc	balancing	poss-acc	vos	VS	VPA	5.0	100.0	100.0	100.0	1.0	1.0	1.0	0.0
1_6_tran_P_marker	06_1_6_tran_P_marker	fig:heatmap-6-tran-p-marker	1.6 Transitive P marker	82_vos_ng_ac_b_ep	vos	ng	nom-acc	balancing	erg-poss	vos	VS	VPA	5.0	100.0	100.0	100.0	1.0	1.0	1.0	0.0
1_6_tran_P_marker	06_1_6_tran_P_marker	fig:heatmap-6-tran-p-marker	1.6 Transitive P marker	83_vos_ng_ac_b_no	vos	ng	nom-acc	balancing	nomn	vos	VS	VPA	5.0	100.0	100.0	100.0	1.0	1.0	1.0	0.0
1_6_tran_P_marker	06_1_6_tran_P_marker	fig:heatmap-6-tran-p-marker	1.6 Transitive P marker	84_vos_ng_ac_d_se	vos	ng	nom-acc	deranking	sent	vos	VS	VPA	5.0	100.0	100.0	100.0	1.0	1.0	1.0	0.0
1_6_tran_P_marker	06_1_6_tran_P_marker	fig:heatmap-6-tran-p-marker	1.6 Transitive P marker	85_vos_ng_ac_d_pa	vos	ng	nom-acc	deranking	poss-acc	vos	VS	VPA	5.0	100.0	100.0	100.0	1.0	1.0	1.0	0.0
1_6_tran_P_marker	06_1_6_tran_P_marker	fig:heatmap-6-tran-p-marker	1.6 Transitive P marker	86_vos_ng_ac_d_ep	vos	ng	nom-acc	deranking	erg-poss	vos	VS	VPA	5.0	100.0	100.0	100.0	1.0	1.0	1.0	0.0
1_6_tran_P_marker	06_1_6_tran_P_marker	fig:heatmap-6-tran-p-marker	1.6 Transitive P marker	87_vos_ng_ac_d_no	vos	ng	nom-acc	deranking	nomn	vos	VS	VPA	5.0	100.0	100.0	100.0	1.0	1.0	1.0	0.0
1_6_tran_P_marker	06_1_6_tran_P_marker	fig:heatmap-6-tran-p-marker	1.6 Transitive P marker	88_vos_ng_er_b_se	vos	ng	erg-abs	balancing	sent	vos	VS	VPA	5.0	100.0	100.0	99.0	1.0	1.0	0.9800010051162833	0.019998994883716703
1_6_tran_P_marker	06_1_6_tran_P_marker	fig:heatmap-6-tran-p-marker	1.6 Transitive P marker	89_vos_ng_er_b_pa	vos	ng	erg-abs	balancing	poss-acc	vos	VS	VPA	5.0	100.0	100.0	100.0	1.0	1.0	1.0	0.0
1_6_tran_P_marker	06_1_6_tran_P_marker	fig:heatmap-6-tran-p-marker	1.6 Transitive P marker	90_vos_ng_er_b_ep	vos	ng	erg-abs	balancing	erg-poss	vos	VS	VPA	5.0	100.0	100.0	100.0	1.0	1.0	1.0	0.0
1_6_tran_P_marker	06_1_6_tran_P_marker	fig:heatmap-6-tran-p-marker	1.6 Transitive P marker	91_vos_ng_er_b_no	vos	ng	erg-abs	balancing	nomn	vos	VS	VPA	5.0	100.0	100.0	100.0	1.0	1.0	1.0	0.0
1_6_tran_P_marker	06_1_6_tran_P_marker	fig:heatmap-6-tran-p-marker	1.6 Transitive P marker	92_vos_ng_er_d_se	vos	ng	erg-abs	deranking	sent	vos	VS	VPA	5.0	100.0	100.0	100.0	1.0	1.0	1.0	0.0
1_6_tran_P_marker	06_1_6_tran_P_marker	fig:heatmap-6-tran-p-marker	1.6 Transitive P marker	93_vos_ng_er_d_pa	vos	ng	erg-abs	deranking	poss-acc	vos	VS	VPA	5.0	100.0	100.0	100.0	1.0	1.0	1.0	0.0
1_6_tran_P_marker	06_1_6_tran_P_marker	fig:heatmap-6-tran-p-marker	1.6 Transitive P marker	94_vos_ng_er_d_ep	vos	ng	erg-abs	deranking	erg-poss	vos	VS	VPA	5.0	100.0	100.0	100.0	1.0	1.0	1.0	0.0
1_6_tran_P_marker	06_1_6_tran_P_marker	fig:heatmap-6-tran-p-marker	1.6 Transitive P marker	95_vos_ng_er_d_no	vos	ng	erg-abs	deranking	nomn	vos	VS	VPA	5.0	100.0	100.0	100.0	1.0	1.0	1.0	0.0
1_7_tran_AV_order	07_1_7_tran_AV_order	fig:heatmap-7-tran-av-order	1.7 Transitive A--V order	00_sov_gn_ac_b_se	sov	gn	nom-acc	balancing	sent	sov	SV	APV	5.0	100.0	100.0	100.0	1.0	1.0	1.0	0.0
1_7_tran_AV_order	07_1_7_tran_AV_order	fig:heatmap-7-tran-av-order	1.7 Transitive A--V order	01_sov_gn_ac_b_pa	sov	gn	nom-acc	balancing	poss-acc	sov	SV	APV	5.0	100.0	100.0	100.0	1.0	1.0	1.0	0.0
1_7_tran_AV_order	07_1_7_tran_AV_order	fig:heatmap-7-tran-av-order	1.7 Transitive A--V order	02_sov_gn_ac_b_ep	sov	gn	nom-acc	balancing	erg-poss	sov	SV	APV	5.0	100.0	100.0	100.0	1.0	1.0	1.0	0.0
1_7_tran_AV_order	07_1_7_tran_AV_order	fig:heatmap-7-tran-av-order	1.7 Transitive A--V order	03_sov_gn_ac_b_no	sov	gn	nom-acc	balancing	nomn	sov	SV	APV	5.0	100.0	100.0	100.0	1.0	1.0	1.0	0.0
1_7_tran_AV_order	07_1_7_tran_AV_order	fig:heatmap-7-tran-av-order	1.7 Transitive A--V order	04_sov_gn_ac_d_se	sov	gn	nom-acc	deranking	sent	sov	SV	APV	5.0	100.0	100.0	100.0	1.0	1.0	1.0	0.0
1_7_tran_AV_order	07_1_7_tran_AV_order	fig:heatmap-7-tran-av-order	1.7 Transitive A--V order	05_sov_gn_ac_d_pa	sov	gn	nom-acc	deranking	poss-acc	sov	SV	APV	5.0	100.0	100.0	100.0	1.0	1.0	1.0	0.0
1_7_tran_AV_order	07_1_7_tran_AV_order	fig:heatmap-7-tran-av-order	1.7 Transitive A--V order	06_sov_gn_ac_d_ep	sov	gn	nom-acc	deranking	erg-poss	sov	SV	APV	5.0	100.0	100.0	100.0	1.0	1.0	1.0	0.0
1_7_tran_AV_order	07_1_7_tran_AV_order	fig:heatmap-7-tran-av-order	1.7 Transitive A--V order	07_sov_gn_ac_d_no	sov	gn	nom-acc	deranking	nomn	sov	SV	APV	5.0	100.0	100.0	100.0	1.0	1.0	1.0	0.0
1_7_tran_AV_order	07_1_7_tran_AV_order	fig:heatmap-7-tran-av-order	1.7 Transitive A--V order	08_sov_gn_er_b_se	sov	gn	erg-abs	balancing	sent	sov	SV	APV	5.0	100.0	100.0	100.0	1.0	1.0	1.0	0.0
1_7_tran_AV_order	07_1_7_tran_AV_order	fig:heatmap-7-tran-av-order	1.7 Transitive A--V order	09_sov_gn_er_b_pa	sov	gn	erg-abs	balancing	poss-acc	sov	SV	APV	5.0	100.0	100.0	100.0	1.0	1.0	1.0	0.0
1_7_tran_AV_order	07_1_7_tran_AV_order	fig:heatmap-7-tran-av-order	1.7 Transitive A--V order	10_sov_gn_er_b_ep	sov	gn	erg-abs	balancing	erg-poss	sov	SV	APV	5.0	100.0	100.0	100.0	1.0	1.0	1.0	0.0
1_7_tran_AV_order	07_1_7_tran_AV_order	fig:heatmap-7-tran-av-order	1.7 Transitive A--V order	11_sov_gn_er_b_no	sov	gn	erg-abs	balancing	nomn	sov	SV	APV	5.0	100.0	100.0	100.0	1.0	1.0	1.0	0.0
1_7_tran_AV_order	07_1_7_tran_AV_order	fig:heatmap-7-tran-av-order	1.7 Transitive A--V order	12_sov_gn_er_d_se	sov	gn	erg-abs	deranking	sent	sov	SV	APV	5.0	100.0	100.0	100.0	1.0	1.0	1.0	0.0
1_7_tran_AV_order	07_1_7_tran_AV_order	fig:heatmap-7-tran-av-order	1.7 Transitive A--V order	13_sov_gn_er_d_pa	sov	gn	erg-abs	deranking	poss-acc	sov	SV	APV	5.0	100.0	100.0	100.0	1.0	1.0	1.0	0.0
1_7_tran_AV_order	07_1_7_tran_AV_order	fig:heatmap-7-tran-av-order	1.7 Transitive A--V order	14_sov_gn_er_d_ep	sov	gn	erg-abs	deranking	erg-poss	sov	SV	APV	5.0	100.0	100.0	100.0	1.0	1.0	1.0	0.0
1_7_tran_AV_order	07_1_7_tran_AV_order	fig:heatmap-7-tran-av-order	1.7 Transitive A--V order	15_sov_gn_er_d_no	sov	gn	erg-abs	deranking	nomn	sov	SV	APV	5.0	100.0	100.0	100.0	1.0	1.0	1.0	0.0
1_7_tran_AV_order	07_1_7_tran_AV_order	fig:heatmap-7-tran-av-order	1.7 Transitive A--V order	16_sov_ng_ac_b_se	sov	ng	nom-acc	balancing	sent	sov	SV	APV	5.0	100.0	100.0	100.0	1.0	1.0	1.0	0.0
1_7_tran_AV_order	07_1_7_tran_AV_order	fig:heatmap-7-tran-av-order	1.7 Transitive A--V order	17_sov_ng_ac_b_pa	sov	ng	nom-acc	balancing	poss-acc	ovs	VS	PVA	5.0	100.0	100.0	100.0	1.0	1.0	1.0	0.0
1_7_tran_AV_order	07_1_7_tran_AV_order	fig:heatmap-7-tran-av-order	1.7 Transitive A--V order	18_sov_ng_ac_b_ep	sov	ng	nom-acc	balancing	erg-poss	vos	VS	AVP	5.0	100.0	100.0	100.0	1.0	1.0	1.0	0.0
1_7_tran_AV_order	07_1_7_tran_AV_order	fig:heatmap-7-tran-av-order	1.7 Transitive A--V order	19_sov_ng_ac_b_no	sov	ng	nom-acc	balancing	nomn	ovs	VS	PVA	5.0	100.0	100.0	100.0	1.0	1.0	1.0	0.0
1_7_tran_AV_order	07_1_7_tran_AV_order	fig:heatmap-7-tran-av-order	1.7 Transitive A--V order	20_sov_ng_ac_d_se	sov	ng	nom-acc	deranking	sent	sov	SV	APV	5.0	100.0	100.0	100.0	1.0	1.0	1.0	0.0
1_7_tran_AV_order	07_1_7_tran_AV_order	fig:heatmap-7-tran-av-order	1.7 Transitive A--V order	21_sov_ng_ac_d_pa	sov	ng	nom-acc	deranking	poss-acc	ovs	VS	PVA	5.0	100.0	100.0	100.0	1.0	1.0	1.0	0.0
1_7_tran_AV_order	07_1_7_tran_AV_order	fig:heatmap-7-tran-av-order	1.7 Transitive A--V order	22_sov_ng_ac_d_ep	sov	ng	nom-acc	deranking	erg-poss	vos	VS	AVP	5.0	100.0	100.0	100.0	1.0	1.0	1.0	0.0
1_7_tran_AV_order	07_1_7_tran_AV_order	fig:heatmap-7-tran-av-order	1.7 Transitive A--V order	23_sov_ng_ac_d_no	sov	ng	nom-acc	deranking	nomn	ovs	VS	PVA	5.0	100.0	100.0	100.0	1.0	1.0	1.0	0.0
1_7_tran_AV_order	07_1_7_tran_AV_order	fig:heatmap-7-tran-av-order	1.7 Transitive A--V order	24_sov_ng_er_b_se	sov	ng	erg-abs	balancing	sent	sov	SV	APV	5.0	100.0	100.0	100.0	1.0	1.0	1.0	0.0
1_7_tran_AV_order	07_1_7_tran_AV_order	fig:heatmap-7-tran-av-order	1.7 Transitive A--V order	25_sov_ng_er_b_pa	sov	ng	erg-abs	balancing	poss-acc	ovs	VS	PVA	5.0	100.0	100.0	100.0	1.0	1.0	1.0	0.0
1_7_tran_AV_order	07_1_7_tran_AV_order	fig:heatmap-7-tran-av-order	1.7 Transitive A--V order	26_sov_ng_er_b_ep	sov	ng	erg-abs	balancing	erg-poss	vos	VS	AVP	5.0	100.0	100.0	100.0	1.0	1.0	1.0	0.0
1_7_tran_AV_order	07_1_7_tran_AV_order	fig:heatmap-7-tran-av-order	1.7 Transitive A--V order	27_sov_ng_er_b_no	sov	ng	erg-abs	balancing	nomn	ovs	VS	PVA	5.0	100.0	100.0	100.0	1.0	1.0	1.0	0.0
1_7_tran_AV_order	07_1_7_tran_AV_order	fig:heatmap-7-tran-av-order	1.7 Transitive A--V order	28_sov_ng_er_d_se	sov	ng	erg-abs	deranking	sent	sov	SV	APV	5.0	100.0	100.0	100.0	1.0	1.0	1.0	0.0
1_7_tran_AV_order	07_1_7_tran_AV_order	fig:heatmap-7-tran-av-order	1.7 Transitive A--V order	29_sov_ng_er_d_pa	sov	ng	erg-abs	deranking	poss-acc	ovs	VS	PVA	5.0	100.0	100.0	100.0	1.0	1.0	1.0	0.0
1_7_tran_AV_order	07_1_7_tran_AV_order	fig:heatmap-7-tran-av-order	1.7 Transitive A--V order	30_sov_ng_er_d_ep	sov	ng	erg-abs	deranking	erg-poss	vos	VS	AVP	5.0	100.0	100.0	100.0	1.0	1.0	1.0	0.0
1_7_tran_AV_order	07_1_7_tran_AV_order	fig:heatmap-7-tran-av-order	1.7 Transitive A--V order	31_sov_ng_er_d_no	sov	ng	erg-abs	deranking	nomn	ovs	VS	PVA	5.0	100.0	100.0	100.0	1.0	1.0	1.0	0.0
1_7_tran_AV_order	07_1_7_tran_AV_order	fig:heatmap-7-tran-av-order	1.7 Transitive A--V order	32_svo_gn_ac_b_se	svo	gn	nom-acc	balancing	sent	svo	SV	AVP	5.0	100.0	100.0	100.0	1.0	1.0	1.0	0.0
1_7_tran_AV_order	07_1_7_tran_AV_order	fig:heatmap-7-tran-av-order	1.7 Transitive A--V order	33_svo_gn_ac_b_pa	svo	gn	nom-acc	balancing	poss-acc	svo	SV	AVP	5.0	100.0	100.0	100.0	1.0	1.0	1.0	0.0
1_7_tran_AV_order	07_1_7_tran_AV_order	fig:heatmap-7-tran-av-order	1.7 Transitive A--V order	34_svo_gn_ac_b_ep	svo	gn	nom-acc	balancing	erg-poss	sov	SV	PVA	5.0	100.0	100.0	100.0	1.0	1.0	1.0	0.0
1_7_tran_AV_order	07_1_7_tran_AV_order	fig:heatmap-7-tran-av-order	1.7 Transitive A--V order	35_svo_gn_ac_b_no	svo	gn	nom-acc	balancing	nomn	svo	SV	AVP	5.0	100.0	100.0	100.0	1.0	1.0	1.0	0.0
1_7_tran_AV_order	07_1_7_tran_AV_order	fig:heatmap-7-tran-av-order	1.7 Transitive A--V order	36_svo_gn_ac_d_se	svo	gn	nom-acc	deranking	sent	svo	SV	AVP	5.0	100.0	100.0	100.0	1.0	1.0	1.0	0.0
1_7_tran_AV_order	07_1_7_tran_AV_order	fig:heatmap-7-tran-av-order	1.7 Transitive A--V order	37_svo_gn_ac_d_pa	svo	gn	nom-acc	deranking	poss-acc	svo	SV	AVP	5.0	100.0	100.0	100.0	1.0	1.0	1.0	0.0
1_7_tran_AV_order	07_1_7_tran_AV_order	fig:heatmap-7-tran-av-order	1.7 Transitive A--V order	38_svo_gn_ac_d_ep	svo	gn	nom-acc	deranking	erg-poss	sov	SV	PVA	5.0	100.0	100.0	100.0	1.0	1.0	1.0	0.0
1_7_tran_AV_order	07_1_7_tran_AV_order	fig:heatmap-7-tran-av-order	1.7 Transitive A--V order	39_svo_gn_ac_d_no	svo	gn	nom-acc	deranking	nomn	svo	SV	AVP	5.0	100.0	100.0	100.0	1.0	1.0	1.0	0.0
1_7_tran_AV_order	07_1_7_tran_AV_order	fig:heatmap-7-tran-av-order	1.7 Transitive A--V order	40_svo_gn_er_b_se	svo	gn	erg-abs	balancing	sent	svo	SV	AVP	5.0	100.0	100.0	100.0	1.0	1.0	1.0	0.0
1_7_tran_AV_order	07_1_7_tran_AV_order	fig:heatmap-7-tran-av-order	1.7 Transitive A--V order	41_svo_gn_er_b_pa	svo	gn	erg-abs	balancing	poss-acc	svo	SV	AVP	5.0	100.0	100.0	100.0	1.0	1.0	1.0	0.0
1_7_tran_AV_order	07_1_7_tran_AV_order	fig:heatmap-7-tran-av-order	1.7 Transitive A--V order	42_svo_gn_er_b_ep	svo	gn	erg-abs	balancing	erg-poss	sov	SV	PVA	5.0	100.0	100.0	100.0	1.0	1.0	1.0	0.0
1_7_tran_AV_order	07_1_7_tran_AV_order	fig:heatmap-7-tran-av-order	1.7 Transitive A--V order	43_svo_gn_er_b_no	svo	gn	erg-abs	balancing	nomn	svo	SV	AVP	5.0	100.0	100.0	100.0	1.0	1.0	1.0	0.0
1_7_tran_AV_order	07_1_7_tran_AV_order	fig:heatmap-7-tran-av-order	1.7 Transitive A--V order	44_svo_gn_er_d_se	svo	gn	erg-abs	deranking	sent	svo	SV	AVP	5.0	100.0	100.0	100.0	1.0	1.0	1.0	0.0
1_7_tran_AV_order	07_1_7_tran_AV_order	fig:heatmap-7-tran-av-order	1.7 Transitive A--V order	45_svo_gn_er_d_pa	svo	gn	erg-abs	deranking	poss-acc	svo	SV	AVP	5.0	100.0	100.0	100.0	1.0	1.0	1.0	0.0
1_7_tran_AV_order	07_1_7_tran_AV_order	fig:heatmap-7-tran-av-order	1.7 Transitive A--V order	46_svo_gn_er_d_ep	svo	gn	erg-abs	deranking	erg-poss	sov	SV	PVA	5.0	100.0	100.0	100.0	1.0	1.0	1.0	0.0
1_7_tran_AV_order	07_1_7_tran_AV_order	fig:heatmap-7-tran-av-order	1.7 Transitive A--V order	47_svo_gn_er_d_no	svo	gn	erg-abs	deranking	nomn	svo	SV	AVP	5.0	100.0	100.0	100.0	1.0	1.0	1.0	0.0
1_7_tran_AV_order	07_1_7_tran_AV_order	fig:heatmap-7-tran-av-order	1.7 Transitive A--V order	48_svo_ng_ac_b_se	svo	ng	nom-acc	balancing	sent	svo	SV	AVP	5.0	100.0	100.0	100.0	1.0	1.0	1.0	0.0
1_7_tran_AV_order	07_1_7_tran_AV_order	fig:heatmap-7-tran-av-order	1.7 Transitive A--V order	49_svo_ng_ac_b_pa	svo	ng	nom-acc	balancing	poss-acc	vos	VS	VPA	5.0	100.0	100.0	100.0	1.0	1.0	1.0	0.0
1_7_tran_AV_order	07_1_7_tran_AV_order	fig:heatmap-7-tran-av-order	1.7 Transitive A--V order	50_svo_ng_ac_b_ep	svo	ng	nom-acc	balancing	erg-poss	vos	VS	VPA	5.0	100.0	100.0	100.0	1.0	1.0	1.0	0.0
1_7_tran_AV_order	07_1_7_tran_AV_order	fig:heatmap-7-tran-av-order	1.7 Transitive A--V order	51_svo_ng_ac_b_no	svo	ng	nom-acc	balancing	nomn	vos	VS	VPA	5.0	100.0	100.0	100.0	1.0	1.0	1.0	0.0
1_7_tran_AV_order	07_1_7_tran_AV_order	fig:heatmap-7-tran-av-order	1.7 Transitive A--V order	52_svo_ng_ac_d_se	svo	ng	nom-acc	deranking	sent	svo	SV	AVP	5.0	100.0	100.0	100.0	1.0	1.0	1.0	0.0
1_7_tran_AV_order	07_1_7_tran_AV_order	fig:heatmap-7-tran-av-order	1.7 Transitive A--V order	53_svo_ng_ac_d_pa	svo	ng	nom-acc	deranking	poss-acc	vos	VS	VPA	5.0	100.0	100.0	100.0	1.0	1.0	1.0	0.0
1_7_tran_AV_order	07_1_7_tran_AV_order	fig:heatmap-7-tran-av-order	1.7 Transitive A--V order	54_svo_ng_ac_d_ep	svo	ng	nom-acc	deranking	erg-poss	vos	VS	VPA	5.0	100.0	100.0	100.0	1.0	1.0	1.0	0.0
1_7_tran_AV_order	07_1_7_tran_AV_order	fig:heatmap-7-tran-av-order	1.7 Transitive A--V order	55_svo_ng_ac_d_no	svo	ng	nom-acc	deranking	nomn	vos	VS	VPA	5.0	100.0	100.0	100.0	1.0	1.0	1.0	0.0
1_7_tran_AV_order	07_1_7_tran_AV_order	fig:heatmap-7-tran-av-order	1.7 Transitive A--V order	56_svo_ng_er_b_se	svo	ng	erg-abs	balancing	sent	svo	SV	AVP	5.0	100.0	100.0	100.0	1.0	1.0	1.0	0.0
1_7_tran_AV_order	07_1_7_tran_AV_order	fig:heatmap-7-tran-av-order	1.7 Transitive A--V order	57_svo_ng_er_b_pa	svo	ng	erg-abs	balancing	poss-acc	vos	VS	VPA	5.0	100.0	100.0	100.0	1.0	1.0	1.0	0.0
1_7_tran_AV_order	07_1_7_tran_AV_order	fig:heatmap-7-tran-av-order	1.7 Transitive A--V order	58_svo_ng_er_b_ep	svo	ng	erg-abs	balancing	erg-poss	vos	VS	VPA	5.0	100.0	100.0	100.0	1.0	1.0	1.0	0.0
1_7_tran_AV_order	07_1_7_tran_AV_order	fig:heatmap-7-tran-av-order	1.7 Transitive A--V order	59_svo_ng_er_b_no	svo	ng	erg-abs	balancing	nomn	vos	VS	VPA	5.0	100.0	100.0	100.0	1.0	1.0	1.0	0.0
1_7_tran_AV_order	07_1_7_tran_AV_order	fig:heatmap-7-tran-av-order	1.7 Transitive A--V order	60_svo_ng_er_d_se	svo	ng	erg-abs	deranking	sent	svo	SV	AVP	5.0	100.0	100.0	100.0	1.0	1.0	1.0	0.0
1_7_tran_AV_order	07_1_7_tran_AV_order	fig:heatmap-7-tran-av-order	1.7 Transitive A--V order	61_svo_ng_er_d_pa	svo	ng	erg-abs	deranking	poss-acc	vos	VS	VPA	5.0	100.0	100.0	100.0	1.0	1.0	1.0	0.0
1_7_tran_AV_order	07_1_7_tran_AV_order	fig:heatmap-7-tran-av-order	1.7 Transitive A--V order	62_svo_ng_er_d_ep	svo	ng	erg-abs	deranking	erg-poss	vos	VS	VPA	5.0	100.0	100.0	100.0	1.0	1.0	1.0	0.0
1_7_tran_AV_order	07_1_7_tran_AV_order	fig:heatmap-7-tran-av-order	1.7 Transitive A--V order	63_svo_ng_er_d_no	svo	ng	erg-abs	deranking	nomn	vos	VS	VPA	5.0	100.0	100.0	100.0	1.0	1.0	1.0	0.0
1_7_tran_AV_order	07_1_7_tran_AV_order	fig:heatmap-7-tran-av-order	1.7 Transitive A--V order	64_vos_gn_ac_b_se	vos	gn	nom-acc	balancing	sent	vos	VS	VPA	5.0	100.0	100.0	100.0	1.0	1.0	1.0	0.0
1_7_tran_AV_order	07_1_7_tran_AV_order	fig:heatmap-7-tran-av-order	1.7 Transitive A--V order	65_vos_gn_ac_b_pa	vos	gn	nom-acc	balancing	poss-acc	svo	SV	AVP	5.0	100.0	100.0	100.0	1.0	1.0	1.0	0.0
1_7_tran_AV_order	07_1_7_tran_AV_order	fig:heatmap-7-tran-av-order	1.7 Transitive A--V order	66_vos_gn_ac_b_ep	vos	gn	nom-acc	balancing	erg-poss	sov	SV	PVA	5.0	100.0	100.0	100.0	1.0	1.0	1.0	0.0
1_7_tran_AV_order	07_1_7_tran_AV_order	fig:heatmap-7-tran-av-order	1.7 Transitive A--V order	67_vos_gn_ac_b_no	vos	gn	nom-acc	balancing	nomn	svo	SV	AVP	5.0	100.0	100.0	100.0	1.0	1.0	1.0	0.0
1_7_tran_AV_order	07_1_7_tran_AV_order	fig:heatmap-7-tran-av-order	1.7 Transitive A--V order	68_vos_gn_ac_d_se	vos	gn	nom-acc	deranking	sent	vos	VS	VPA	5.0	100.0	100.0	100.0	1.0	1.0	1.0	0.0
1_7_tran_AV_order	07_1_7_tran_AV_order	fig:heatmap-7-tran-av-order	1.7 Transitive A--V order	69_vos_gn_ac_d_pa	vos	gn	nom-acc	deranking	poss-acc	svo	SV	AVP	5.0	100.0	100.0	100.0	1.0	1.0	1.0	0.0
1_7_tran_AV_order	07_1_7_tran_AV_order	fig:heatmap-7-tran-av-order	1.7 Transitive A--V order	70_vos_gn_ac_d_ep	vos	gn	nom-acc	deranking	erg-poss	sov	SV	PVA	5.0	100.0	100.0	100.0	1.0	1.0	1.0	0.0
1_7_tran_AV_order	07_1_7_tran_AV_order	fig:heatmap-7-tran-av-order	1.7 Transitive A--V order	71_vos_gn_ac_d_no	vos	gn	nom-acc	deranking	nomn	svo	SV	AVP	5.0	100.0	100.0	100.0	1.0	1.0	1.0	0.0
1_7_tran_AV_order	07_1_7_tran_AV_order	fig:heatmap-7-tran-av-order	1.7 Transitive A--V order	72_vos_gn_er_b_se	vos	gn	erg-abs	balancing	sent	vos	VS	VPA	5.0	100.0	100.0	100.0	1.0	1.0	1.0	0.0
1_7_tran_AV_order	07_1_7_tran_AV_order	fig:heatmap-7-tran-av-order	1.7 Transitive A--V order	73_vos_gn_er_b_pa	vos	gn	erg-abs	balancing	poss-acc	svo	SV	AVP	5.0	100.0	100.0	100.0	1.0	1.0	1.0	0.0
1_7_tran_AV_order	07_1_7_tran_AV_order	fig:heatmap-7-tran-av-order	1.7 Transitive A--V order	74_vos_gn_er_b_ep	vos	gn	erg-abs	balancing	erg-poss	sov	SV	PVA	5.0	100.0	100.0	100.0	1.0	1.0	1.0	0.0
1_7_tran_AV_order	07_1_7_tran_AV_order	fig:heatmap-7-tran-av-order	1.7 Transitive A--V order	75_vos_gn_er_b_no	vos	gn	erg-abs	balancing	nomn	svo	SV	AVP	5.0	100.0	100.0	100.0	1.0	1.0	1.0	0.0
1_7_tran_AV_order	07_1_7_tran_AV_order	fig:heatmap-7-tran-av-order	1.7 Transitive A--V order	76_vos_gn_er_d_se	vos	gn	erg-abs	deranking	sent	vos	VS	VPA	5.0	100.0	100.0	100.0	1.0	1.0	1.0	0.0
1_7_tran_AV_order	07_1_7_tran_AV_order	fig:heatmap-7-tran-av-order	1.7 Transitive A--V order	77_vos_gn_er_d_pa	vos	gn	erg-abs	deranking	poss-acc	svo	SV	AVP	5.0	100.0	100.0	100.0	1.0	1.0	1.0	0.0
1_7_tran_AV_order	07_1_7_tran_AV_order	fig:heatmap-7-tran-av-order	1.7 Transitive A--V order	78_vos_gn_er_d_ep	vos	gn	erg-abs	deranking	erg-poss	sov	SV	PVA	5.0	100.0	100.0	100.0	1.0	1.0	1.0	0.0
1_7_tran_AV_order	07_1_7_tran_AV_order	fig:heatmap-7-tran-av-order	1.7 Transitive A--V order	79_vos_gn_er_d_no	vos	gn	erg-abs	deranking	nomn	svo	SV	AVP	5.0	100.0	100.0	100.0	1.0	1.0	1.0	0.0
1_7_tran_AV_order	07_1_7_tran_AV_order	fig:heatmap-7-tran-av-order	1.7 Transitive A--V order	80_vos_ng_ac_b_se	vos	ng	nom-acc	balancing	sent	vos	VS	VPA	5.0	100.0	100.0	100.0	1.0	1.0	1.0	0.0
1_7_tran_AV_order	07_1_7_tran_AV_order	fig:heatmap-7-tran-av-order	1.7 Transitive A--V order	81_vos_ng_ac_b_pa	vos	ng	nom-acc	balancing	poss-acc	vos	VS	VPA	5.0	100.0	100.0	100.0	1.0	1.0	1.0	0.0
1_7_tran_AV_order	07_1_7_tran_AV_order	fig:heatmap-7-tran-av-order	1.7 Transitive A--V order	82_vos_ng_ac_b_ep	vos	ng	nom-acc	balancing	erg-poss	vos	VS	VPA	5.0	100.0	100.0	100.0	1.0	1.0	1.0	0.0
1_7_tran_AV_order	07_1_7_tran_AV_order	fig:heatmap-7-tran-av-order	1.7 Transitive A--V order	83_vos_ng_ac_b_no	vos	ng	nom-acc	balancing	nomn	vos	VS	VPA	5.0	100.0	100.0	100.0	1.0	1.0	1.0	0.0
1_7_tran_AV_order	07_1_7_tran_AV_order	fig:heatmap-7-tran-av-order	1.7 Transitive A--V order	84_vos_ng_ac_d_se	vos	ng	nom-acc	deranking	sent	vos	VS	VPA	5.0	100.0	100.0	100.0	1.0	1.0	1.0	0.0
1_7_tran_AV_order	07_1_7_tran_AV_order	fig:heatmap-7-tran-av-order	1.7 Transitive A--V order	85_vos_ng_ac_d_pa	vos	ng	nom-acc	deranking	poss-acc	vos	VS	VPA	5.0	100.0	100.0	100.0	1.0	1.0	1.0	0.0
1_7_tran_AV_order	07_1_7_tran_AV_order	fig:heatmap-7-tran-av-order	1.7 Transitive A--V order	86_vos_ng_ac_d_ep	vos	ng	nom-acc	deranking	erg-poss	vos	VS	VPA	5.0	100.0	100.0	100.0	1.0	1.0	1.0	0.0
1_7_tran_AV_order	07_1_7_tran_AV_order	fig:heatmap-7-tran-av-order	1.7 Transitive A--V order	87_vos_ng_ac_d_no	vos	ng	nom-acc	deranking	nomn	vos	VS	VPA	5.0	100.0	100.0	100.0	1.0	1.0	1.0	0.0
1_7_tran_AV_order	07_1_7_tran_AV_order	fig:heatmap-7-tran-av-order	1.7 Transitive A--V order	88_vos_ng_er_b_se	vos	ng	erg-abs	balancing	sent	vos	VS	VPA	5.0	100.0	100.0	100.0	1.0	1.0	1.0	0.0
1_7_tran_AV_order	07_1_7_tran_AV_order	fig:heatmap-7-tran-av-order	1.7 Transitive A--V order	89_vos_ng_er_b_pa	vos	ng	erg-abs	balancing	poss-acc	vos	VS	VPA	5.0	100.0	100.0	100.0	1.0	1.0	1.0	0.0
1_7_tran_AV_order	07_1_7_tran_AV_order	fig:heatmap-7-tran-av-order	1.7 Transitive A--V order	90_vos_ng_er_b_ep	vos	ng	erg-abs	balancing	erg-poss	vos	VS	VPA	5.0	100.0	100.0	100.0	1.0	1.0	1.0	0.0
1_7_tran_AV_order	07_1_7_tran_AV_order	fig:heatmap-7-tran-av-order	1.7 Transitive A--V order	91_vos_ng_er_b_no	vos	ng	erg-abs	balancing	nomn	vos	VS	VPA	5.0	100.0	100.0	100.0	1.0	1.0	1.0	0.0
1_7_tran_AV_order	07_1_7_tran_AV_order	fig:heatmap-7-tran-av-order	1.7 Transitive A--V order	92_vos_ng_er_d_se	vos	ng	erg-abs	deranking	sent	vos	VS	VPA	5.0	100.0	100.0	100.0	1.0	1.0	1.0	0.0
1_7_tran_AV_order	07_1_7_tran_AV_order	fig:heatmap-7-tran-av-order	1.7 Transitive A--V order	93_vos_ng_er_d_pa	vos	ng	erg-abs	deranking	poss-acc	vos	VS	VPA	5.0	100.0	100.0	100.0	1.0	1.0	1.0	0.0
1_7_tran_AV_order	07_1_7_tran_AV_order	fig:heatmap-7-tran-av-order	1.7 Transitive A--V order	94_vos_ng_er_d_ep	vos	ng	erg-abs	deranking	erg-poss	vos	VS	VPA	5.0	100.0	100.0	100.0	1.0	1.0	1.0	0.0
1_7_tran_AV_order	07_1_7_tran_AV_order	fig:heatmap-7-tran-av-order	1.7 Transitive A--V order	95_vos_ng_er_d_no	vos	ng	erg-abs	deranking	nomn	vos	VS	VPA	5.0	100.0	100.0	100.0	1.0	1.0	1.0	0.0
1_8_tran_VP_order	08_1_8_tran_VP_order	fig:heatmap-8-tran-vp-order	1.8 Transitive V--P order	00_sov_gn_ac_b_se	sov	gn	nom-acc	balancing	sent	sov	SV	APV	5.0	100.0	100.0	100.0	1.0	1.0	1.0	0.0
1_8_tran_VP_order	08_1_8_tran_VP_order	fig:heatmap-8-tran-vp-order	1.8 Transitive V--P order	01_sov_gn_ac_b_pa	sov	gn	nom-acc	balancing	poss-acc	sov	SV	APV	5.0	100.0	100.0	100.0	1.0	1.0	1.0	0.0
1_8_tran_VP_order	08_1_8_tran_VP_order	fig:heatmap-8-tran-vp-order	1.8 Transitive V--P order	02_sov_gn_ac_b_ep	sov	gn	nom-acc	balancing	erg-poss	sov	SV	APV	5.0	100.0	100.0	100.0	1.0	1.0	1.0	0.0
1_8_tran_VP_order	08_1_8_tran_VP_order	fig:heatmap-8-tran-vp-order	1.8 Transitive V--P order	03_sov_gn_ac_b_no	sov	gn	nom-acc	balancing	nomn	sov	SV	APV	5.0	100.0	100.0	100.0	1.0	1.0	1.0	0.0
1_8_tran_VP_order	08_1_8_tran_VP_order	fig:heatmap-8-tran-vp-order	1.8 Transitive V--P order	04_sov_gn_ac_d_se	sov	gn	nom-acc	deranking	sent	sov	SV	APV	5.0	100.0	100.0	100.0	1.0	1.0	1.0	0.0
1_8_tran_VP_order	08_1_8_tran_VP_order	fig:heatmap-8-tran-vp-order	1.8 Transitive V--P order	05_sov_gn_ac_d_pa	sov	gn	nom-acc	deranking	poss-acc	sov	SV	APV	5.0	100.0	100.0	100.0	1.0	1.0	1.0	0.0
1_8_tran_VP_order	08_1_8_tran_VP_order	fig:heatmap-8-tran-vp-order	1.8 Transitive V--P order	06_sov_gn_ac_d_ep	sov	gn	nom-acc	deranking	erg-poss	sov	SV	APV	5.0	100.0	100.0	100.0	1.0	1.0	1.0	0.0
1_8_tran_VP_order	08_1_8_tran_VP_order	fig:heatmap-8-tran-vp-order	1.8 Transitive V--P order	07_sov_gn_ac_d_no	sov	gn	nom-acc	deranking	nomn	sov	SV	APV	5.0	100.0	100.0	100.0	1.0	1.0	1.0	0.0
1_8_tran_VP_order	08_1_8_tran_VP_order	fig:heatmap-8-tran-vp-order	1.8 Transitive V--P order	08_sov_gn_er_b_se	sov	gn	erg-abs	balancing	sent	sov	SV	APV	5.0	100.0	100.0	100.0	1.0	1.0	1.0	0.0
1_8_tran_VP_order	08_1_8_tran_VP_order	fig:heatmap-8-tran-vp-order	1.8 Transitive V--P order	09_sov_gn_er_b_pa	sov	gn	erg-abs	balancing	poss-acc	sov	SV	APV	5.0	100.0	100.0	100.0	1.0	1.0	1.0	0.0
1_8_tran_VP_order	08_1_8_tran_VP_order	fig:heatmap-8-tran-vp-order	1.8 Transitive V--P order	10_sov_gn_er_b_ep	sov	gn	erg-abs	balancing	erg-poss	sov	SV	APV	5.0	100.0	100.0	100.0	1.0	1.0	1.0	0.0
1_8_tran_VP_order	08_1_8_tran_VP_order	fig:heatmap-8-tran-vp-order	1.8 Transitive V--P order	11_sov_gn_er_b_no	sov	gn	erg-abs	balancing	nomn	sov	SV	APV	5.0	100.0	100.0	100.0	1.0	1.0	1.0	0.0
1_8_tran_VP_order	08_1_8_tran_VP_order	fig:heatmap-8-tran-vp-order	1.8 Transitive V--P order	12_sov_gn_er_d_se	sov	gn	erg-abs	deranking	sent	sov	SV	APV	5.0	100.0	100.0	100.0	1.0	1.0	1.0	0.0
1_8_tran_VP_order	08_1_8_tran_VP_order	fig:heatmap-8-tran-vp-order	1.8 Transitive V--P order	13_sov_gn_er_d_pa	sov	gn	erg-abs	deranking	poss-acc	sov	SV	APV	5.0	100.0	100.0	100.0	1.0	1.0	1.0	0.0
1_8_tran_VP_order	08_1_8_tran_VP_order	fig:heatmap-8-tran-vp-order	1.8 Transitive V--P order	14_sov_gn_er_d_ep	sov	gn	erg-abs	deranking	erg-poss	sov	SV	APV	5.0	100.0	100.0	100.0	1.0	1.0	1.0	0.0
1_8_tran_VP_order	08_1_8_tran_VP_order	fig:heatmap-8-tran-vp-order	1.8 Transitive V--P order	15_sov_gn_er_d_no	sov	gn	erg-abs	deranking	nomn	sov	SV	APV	5.0	100.0	100.0	100.0	1.0	1.0	1.0	0.0
1_8_tran_VP_order	08_1_8_tran_VP_order	fig:heatmap-8-tran-vp-order	1.8 Transitive V--P order	16_sov_ng_ac_b_se	sov	ng	nom-acc	balancing	sent	sov	SV	APV	5.0	100.0	100.0	100.0	1.0	1.0	1.0	0.0
1_8_tran_VP_order	08_1_8_tran_VP_order	fig:heatmap-8-tran-vp-order	1.8 Transitive V--P order	17_sov_ng_ac_b_pa	sov	ng	nom-acc	balancing	poss-acc	ovs	VS	PVA	5.0	100.0	100.0	100.0	1.0	1.0	1.0	0.0
1_8_tran_VP_order	08_1_8_tran_VP_order	fig:heatmap-8-tran-vp-order	1.8 Transitive V--P order	18_sov_ng_ac_b_ep	sov	ng	nom-acc	balancing	erg-poss	vos	VS	AVP	5.0	100.0	100.0	100.0	1.0	1.0	1.0	0.0
1_8_tran_VP_order	08_1_8_tran_VP_order	fig:heatmap-8-tran-vp-order	1.8 Transitive V--P order	19_sov_ng_ac_b_no	sov	ng	nom-acc	balancing	nomn	ovs	VS	PVA	5.0	100.0	100.0	100.0	1.0	1.0	1.0	0.0
1_8_tran_VP_order	08_1_8_tran_VP_order	fig:heatmap-8-tran-vp-order	1.8 Transitive V--P order	20_sov_ng_ac_d_se	sov	ng	nom-acc	deranking	sent	sov	SV	APV	5.0	100.0	100.0	100.0	1.0	1.0	1.0	0.0
1_8_tran_VP_order	08_1_8_tran_VP_order	fig:heatmap-8-tran-vp-order	1.8 Transitive V--P order	21_sov_ng_ac_d_pa	sov	ng	nom-acc	deranking	poss-acc	ovs	VS	PVA	5.0	100.0	100.0	100.0	1.0	1.0	1.0	0.0
1_8_tran_VP_order	08_1_8_tran_VP_order	fig:heatmap-8-tran-vp-order	1.8 Transitive V--P order	22_sov_ng_ac_d_ep	sov	ng	nom-acc	deranking	erg-poss	vos	VS	AVP	5.0	100.0	100.0	100.0	1.0	1.0	1.0	0.0
1_8_tran_VP_order	08_1_8_tran_VP_order	fig:heatmap-8-tran-vp-order	1.8 Transitive V--P order	23_sov_ng_ac_d_no	sov	ng	nom-acc	deranking	nomn	ovs	VS	PVA	5.0	100.0	100.0	100.0	1.0	1.0	1.0	0.0
1_8_tran_VP_order	08_1_8_tran_VP_order	fig:heatmap-8-tran-vp-order	1.8 Transitive V--P order	24_sov_ng_er_b_se	sov	ng	erg-abs	balancing	sent	sov	SV	APV	5.0	100.0	100.0	100.0	1.0	1.0	1.0	0.0
1_8_tran_VP_order	08_1_8_tran_VP_order	fig:heatmap-8-tran-vp-order	1.8 Transitive V--P order	25_sov_ng_er_b_pa	sov	ng	erg-abs	balancing	poss-acc	ovs	VS	PVA	5.0	100.0	100.0	100.0	1.0	1.0	1.0	0.0
1_8_tran_VP_order	08_1_8_tran_VP_order	fig:heatmap-8-tran-vp-order	1.8 Transitive V--P order	26_sov_ng_er_b_ep	sov	ng	erg-abs	balancing	erg-poss	vos	VS	AVP	5.0	100.0	100.0	100.0	1.0	1.0	1.0	0.0
1_8_tran_VP_order	08_1_8_tran_VP_order	fig:heatmap-8-tran-vp-order	1.8 Transitive V--P order	27_sov_ng_er_b_no	sov	ng	erg-abs	balancing	nomn	ovs	VS	PVA	5.0	100.0	100.0	100.0	1.0	1.0	1.0	0.0
1_8_tran_VP_order	08_1_8_tran_VP_order	fig:heatmap-8-tran-vp-order	1.8 Transitive V--P order	28_sov_ng_er_d_se	sov	ng	erg-abs	deranking	sent	sov	SV	APV	5.0	100.0	100.0	100.0	1.0	1.0	1.0	0.0
1_8_tran_VP_order	08_1_8_tran_VP_order	fig:heatmap-8-tran-vp-order	1.8 Transitive V--P order	29_sov_ng_er_d_pa	sov	ng	erg-abs	deranking	poss-acc	ovs	VS	PVA	5.0	100.0	100.0	100.0	1.0	1.0	1.0	0.0
1_8_tran_VP_order	08_1_8_tran_VP_order	fig:heatmap-8-tran-vp-order	1.8 Transitive V--P order	30_sov_ng_er_d_ep	sov	ng	erg-abs	deranking	erg-poss	vos	VS	AVP	5.0	100.0	100.0	100.0	1.0	1.0	1.0	0.0
1_8_tran_VP_order	08_1_8_tran_VP_order	fig:heatmap-8-tran-vp-order	1.8 Transitive V--P order	31_sov_ng_er_d_no	sov	ng	erg-abs	deranking	nomn	ovs	VS	PVA	5.0	100.0	100.0	100.0	1.0	1.0	1.0	0.0
1_8_tran_VP_order	08_1_8_tran_VP_order	fig:heatmap-8-tran-vp-order	1.8 Transitive V--P order	32_svo_gn_ac_b_se	svo	gn	nom-acc	balancing	sent	svo	SV	AVP	5.0	100.0	100.0	100.0	1.0	1.0	1.0	0.0
1_8_tran_VP_order	08_1_8_tran_VP_order	fig:heatmap-8-tran-vp-order	1.8 Transitive V--P order	33_svo_gn_ac_b_pa	svo	gn	nom-acc	balancing	poss-acc	svo	SV	AVP	5.0	100.0	100.0	100.0	1.0	1.0	1.0	0.0
1_8_tran_VP_order	08_1_8_tran_VP_order	fig:heatmap-8-tran-vp-order	1.8 Transitive V--P order	34_svo_gn_ac_b_ep	svo	gn	nom-acc	balancing	erg-poss	sov	SV	PVA	5.0	100.0	100.0	100.0	1.0	1.0	1.0	0.0
1_8_tran_VP_order	08_1_8_tran_VP_order	fig:heatmap-8-tran-vp-order	1.8 Transitive V--P order	35_svo_gn_ac_b_no	svo	gn	nom-acc	balancing	nomn	svo	SV	AVP	5.0	100.0	100.0	100.0	1.0	1.0	1.0	0.0
1_8_tran_VP_order	08_1_8_tran_VP_order	fig:heatmap-8-tran-vp-order	1.8 Transitive V--P order	36_svo_gn_ac_d_se	svo	gn	nom-acc	deranking	sent	svo	SV	AVP	5.0	100.0	100.0	100.0	1.0	1.0	1.0	0.0
1_8_tran_VP_order	08_1_8_tran_VP_order	fig:heatmap-8-tran-vp-order	1.8 Transitive V--P order	37_svo_gn_ac_d_pa	svo	gn	nom-acc	deranking	poss-acc	svo	SV	AVP	5.0	100.0	100.0	100.0	1.0	1.0	1.0	0.0
1_8_tran_VP_order	08_1_8_tran_VP_order	fig:heatmap-8-tran-vp-order	1.8 Transitive V--P order	38_svo_gn_ac_d_ep	svo	gn	nom-acc	deranking	erg-poss	sov	SV	PVA	5.0	100.0	100.0	100.0	1.0	1.0	1.0	0.0
1_8_tran_VP_order	08_1_8_tran_VP_order	fig:heatmap-8-tran-vp-order	1.8 Transitive V--P order	39_svo_gn_ac_d_no	svo	gn	nom-acc	deranking	nomn	svo	SV	AVP	5.0	100.0	100.0	100.0	1.0	1.0	1.0	0.0
1_8_tran_VP_order	08_1_8_tran_VP_order	fig:heatmap-8-tran-vp-order	1.8 Transitive V--P order	40_svo_gn_er_b_se	svo	gn	erg-abs	balancing	sent	svo	SV	AVP	5.0	100.0	100.0	100.0	1.0	1.0	1.0	0.0
1_8_tran_VP_order	08_1_8_tran_VP_order	fig:heatmap-8-tran-vp-order	1.8 Transitive V--P order	41_svo_gn_er_b_pa	svo	gn	erg-abs	balancing	poss-acc	svo	SV	AVP	5.0	100.0	100.0	100.0	1.0	1.0	1.0	0.0
1_8_tran_VP_order	08_1_8_tran_VP_order	fig:heatmap-8-tran-vp-order	1.8 Transitive V--P order	42_svo_gn_er_b_ep	svo	gn	erg-abs	balancing	erg-poss	sov	SV	PVA	5.0	100.0	100.0	100.0	1.0	1.0	1.0	0.0
1_8_tran_VP_order	08_1_8_tran_VP_order	fig:heatmap-8-tran-vp-order	1.8 Transitive V--P order	43_svo_gn_er_b_no	svo	gn	erg-abs	balancing	nomn	svo	SV	AVP	5.0	100.0	100.0	100.0	1.0	1.0	1.0	0.0
1_8_tran_VP_order	08_1_8_tran_VP_order	fig:heatmap-8-tran-vp-order	1.8 Transitive V--P order	44_svo_gn_er_d_se	svo	gn	erg-abs	deranking	sent	svo	SV	AVP	5.0	100.0	100.0	100.0	1.0	1.0	1.0	0.0
1_8_tran_VP_order	08_1_8_tran_VP_order	fig:heatmap-8-tran-vp-order	1.8 Transitive V--P order	45_svo_gn_er_d_pa	svo	gn	erg-abs	deranking	poss-acc	svo	SV	AVP	5.0	100.0	100.0	100.0	1.0	1.0	1.0	0.0
1_8_tran_VP_order	08_1_8_tran_VP_order	fig:heatmap-8-tran-vp-order	1.8 Transitive V--P order	46_svo_gn_er_d_ep	svo	gn	erg-abs	deranking	erg-poss	sov	SV	PVA	5.0	100.0	100.0	100.0	1.0	1.0	1.0	0.0
1_8_tran_VP_order	08_1_8_tran_VP_order	fig:heatmap-8-tran-vp-order	1.8 Transitive V--P order	47_svo_gn_er_d_no	svo	gn	erg-abs	deranking	nomn	svo	SV	AVP	5.0	100.0	100.0	100.0	1.0	1.0	1.0	0.0
1_8_tran_VP_order	08_1_8_tran_VP_order	fig:heatmap-8-tran-vp-order	1.8 Transitive V--P order	48_svo_ng_ac_b_se	svo	ng	nom-acc	balancing	sent	svo	SV	AVP	5.0	100.0	100.0	100.0	1.0	1.0	1.0	0.0
1_8_tran_VP_order	08_1_8_tran_VP_order	fig:heatmap-8-tran-vp-order	1.8 Transitive V--P order	49_svo_ng_ac_b_pa	svo	ng	nom-acc	balancing	poss-acc	vos	VS	VPA	5.0	100.0	100.0	100.0	1.0	1.0	1.0	0.0
1_8_tran_VP_order	08_1_8_tran_VP_order	fig:heatmap-8-tran-vp-order	1.8 Transitive V--P order	50_svo_ng_ac_b_ep	svo	ng	nom-acc	balancing	erg-poss	vos	VS	VPA	5.0	100.0	100.0	100.0	1.0	1.0	1.0	0.0
1_8_tran_VP_order	08_1_8_tran_VP_order	fig:heatmap-8-tran-vp-order	1.8 Transitive V--P order	51_svo_ng_ac_b_no	svo	ng	nom-acc	balancing	nomn	vos	VS	VPA	5.0	100.0	100.0	100.0	1.0	1.0	1.0	0.0
1_8_tran_VP_order	08_1_8_tran_VP_order	fig:heatmap-8-tran-vp-order	1.8 Transitive V--P order	52_svo_ng_ac_d_se	svo	ng	nom-acc	deranking	sent	svo	SV	AVP	5.0	100.0	100.0	100.0	1.0	1.0	1.0	0.0
1_8_tran_VP_order	08_1_8_tran_VP_order	fig:heatmap-8-tran-vp-order	1.8 Transitive V--P order	53_svo_ng_ac_d_pa	svo	ng	nom-acc	deranking	poss-acc	vos	VS	VPA	5.0	100.0	100.0	100.0	1.0	1.0	1.0	0.0
1_8_tran_VP_order	08_1_8_tran_VP_order	fig:heatmap-8-tran-vp-order	1.8 Transitive V--P order	54_svo_ng_ac_d_ep	svo	ng	nom-acc	deranking	erg-poss	vos	VS	VPA	5.0	100.0	100.0	100.0	1.0	1.0	1.0	0.0
1_8_tran_VP_order	08_1_8_tran_VP_order	fig:heatmap-8-tran-vp-order	1.8 Transitive V--P order	55_svo_ng_ac_d_no	svo	ng	nom-acc	deranking	nomn	vos	VS	VPA	5.0	100.0	100.0	100.0	1.0	1.0	1.0	0.0
1_8_tran_VP_order	08_1_8_tran_VP_order	fig:heatmap-8-tran-vp-order	1.8 Transitive V--P order	56_svo_ng_er_b_se	svo	ng	erg-abs	balancing	sent	svo	SV	AVP	5.0	100.0	100.0	100.0	1.0	1.0	1.0	0.0
1_8_tran_VP_order	08_1_8_tran_VP_order	fig:heatmap-8-tran-vp-order	1.8 Transitive V--P order	57_svo_ng_er_b_pa	svo	ng	erg-abs	balancing	poss-acc	vos	VS	VPA	5.0	100.0	100.0	100.0	1.0	1.0	1.0	0.0
1_8_tran_VP_order	08_1_8_tran_VP_order	fig:heatmap-8-tran-vp-order	1.8 Transitive V--P order	58_svo_ng_er_b_ep	svo	ng	erg-abs	balancing	erg-poss	vos	VS	VPA	5.0	100.0	100.0	100.0	1.0	1.0	1.0	0.0
1_8_tran_VP_order	08_1_8_tran_VP_order	fig:heatmap-8-tran-vp-order	1.8 Transitive V--P order	59_svo_ng_er_b_no	svo	ng	erg-abs	balancing	nomn	vos	VS	VPA	5.0	100.0	100.0	100.0	1.0	1.0	1.0	0.0
1_8_tran_VP_order	08_1_8_tran_VP_order	fig:heatmap-8-tran-vp-order	1.8 Transitive V--P order	60_svo_ng_er_d_se	svo	ng	erg-abs	deranking	sent	svo	SV	AVP	5.0	100.0	100.0	100.0	1.0	1.0	1.0	0.0
1_8_tran_VP_order	08_1_8_tran_VP_order	fig:heatmap-8-tran-vp-order	1.8 Transitive V--P order	61_svo_ng_er_d_pa	svo	ng	erg-abs	deranking	poss-acc	vos	VS	VPA	5.0	100.0	100.0	100.0	1.0	1.0	1.0	0.0
1_8_tran_VP_order	08_1_8_tran_VP_order	fig:heatmap-8-tran-vp-order	1.8 Transitive V--P order	62_svo_ng_er_d_ep	svo	ng	erg-abs	deranking	erg-poss	vos	VS	VPA	5.0	100.0	100.0	100.0	1.0	1.0	1.0	0.0
1_8_tran_VP_order	08_1_8_tran_VP_order	fig:heatmap-8-tran-vp-order	1.8 Transitive V--P order	63_svo_ng_er_d_no	svo	ng	erg-abs	deranking	nomn	vos	VS	VPA	5.0	100.0	100.0	100.0	1.0	1.0	1.0	0.0
1_8_tran_VP_order	08_1_8_tran_VP_order	fig:heatmap-8-tran-vp-order	1.8 Transitive V--P order	64_vos_gn_ac_b_se	vos	gn	nom-acc	balancing	sent	vos	VS	VPA	5.0	100.0	100.0	100.0	1.0	1.0	1.0	0.0
1_8_tran_VP_order	08_1_8_tran_VP_order	fig:heatmap-8-tran-vp-order	1.8 Transitive V--P order	65_vos_gn_ac_b_pa	vos	gn	nom-acc	balancing	poss-acc	svo	SV	AVP	5.0	100.0	100.0	100.0	1.0	1.0	1.0	0.0
1_8_tran_VP_order	08_1_8_tran_VP_order	fig:heatmap-8-tran-vp-order	1.8 Transitive V--P order	66_vos_gn_ac_b_ep	vos	gn	nom-acc	balancing	erg-poss	sov	SV	PVA	5.0	100.0	100.0	100.0	1.0	1.0	1.0	0.0
1_8_tran_VP_order	08_1_8_tran_VP_order	fig:heatmap-8-tran-vp-order	1.8 Transitive V--P order	67_vos_gn_ac_b_no	vos	gn	nom-acc	balancing	nomn	svo	SV	AVP	5.0	100.0	100.0	100.0	1.0	1.0	1.0	0.0
1_8_tran_VP_order	08_1_8_tran_VP_order	fig:heatmap-8-tran-vp-order	1.8 Transitive V--P order	68_vos_gn_ac_d_se	vos	gn	nom-acc	deranking	sent	vos	VS	VPA	5.0	100.0	100.0	100.0	1.0	1.0	1.0	0.0
1_8_tran_VP_order	08_1_8_tran_VP_order	fig:heatmap-8-tran-vp-order	1.8 Transitive V--P order	69_vos_gn_ac_d_pa	vos	gn	nom-acc	deranking	poss-acc	svo	SV	AVP	5.0	100.0	100.0	100.0	1.0	1.0	1.0	0.0
1_8_tran_VP_order	08_1_8_tran_VP_order	fig:heatmap-8-tran-vp-order	1.8 Transitive V--P order	70_vos_gn_ac_d_ep	vos	gn	nom-acc	deranking	erg-poss	sov	SV	PVA	5.0	100.0	100.0	100.0	1.0	1.0	1.0	0.0
1_8_tran_VP_order	08_1_8_tran_VP_order	fig:heatmap-8-tran-vp-order	1.8 Transitive V--P order	71_vos_gn_ac_d_no	vos	gn	nom-acc	deranking	nomn	svo	SV	AVP	5.0	100.0	100.0	100.0	1.0	1.0	1.0	0.0
1_8_tran_VP_order	08_1_8_tran_VP_order	fig:heatmap-8-tran-vp-order	1.8 Transitive V--P order	72_vos_gn_er_b_se	vos	gn	erg-abs	balancing	sent	vos	VS	VPA	5.0	100.0	100.0	100.0	1.0	1.0	1.0	0.0
1_8_tran_VP_order	08_1_8_tran_VP_order	fig:heatmap-8-tran-vp-order	1.8 Transitive V--P order	73_vos_gn_er_b_pa	vos	gn	erg-abs	balancing	poss-acc	svo	SV	AVP	5.0	100.0	100.0	100.0	1.0	1.0	1.0	0.0
1_8_tran_VP_order	08_1_8_tran_VP_order	fig:heatmap-8-tran-vp-order	1.8 Transitive V--P order	74_vos_gn_er_b_ep	vos	gn	erg-abs	balancing	erg-poss	sov	SV	PVA	5.0	100.0	100.0	100.0	1.0	1.0	1.0	0.0
1_8_tran_VP_order	08_1_8_tran_VP_order	fig:heatmap-8-tran-vp-order	1.8 Transitive V--P order	75_vos_gn_er_b_no	vos	gn	erg-abs	balancing	nomn	svo	SV	AVP	5.0	100.0	100.0	100.0	1.0	1.0	1.0	0.0
1_8_tran_VP_order	08_1_8_tran_VP_order	fig:heatmap-8-tran-vp-order	1.8 Transitive V--P order	76_vos_gn_er_d_se	vos	gn	erg-abs	deranking	sent	vos	VS	VPA	5.0	100.0	100.0	100.0	1.0	1.0	1.0	0.0
1_8_tran_VP_order	08_1_8_tran_VP_order	fig:heatmap-8-tran-vp-order	1.8 Transitive V--P order	77_vos_gn_er_d_pa	vos	gn	erg-abs	deranking	poss-acc	svo	SV	AVP	5.0	100.0	100.0	100.0	1.0	1.0	1.0	0.0
1_8_tran_VP_order	08_1_8_tran_VP_order	fig:heatmap-8-tran-vp-order	1.8 Transitive V--P order	78_vos_gn_er_d_ep	vos	gn	erg-abs	deranking	erg-poss	sov	SV	PVA	5.0	100.0	100.0	100.0	1.0	1.0	1.0	0.0
1_8_tran_VP_order	08_1_8_tran_VP_order	fig:heatmap-8-tran-vp-order	1.8 Transitive V--P order	79_vos_gn_er_d_no	vos	gn	erg-abs	deranking	nomn	svo	SV	AVP	5.0	100.0	100.0	100.0	1.0	1.0	1.0	0.0
1_8_tran_VP_order	08_1_8_tran_VP_order	fig:heatmap-8-tran-vp-order	1.8 Transitive V--P order	80_vos_ng_ac_b_se	vos	ng	nom-acc	balancing	sent	vos	VS	VPA	5.0	100.0	100.0	100.0	1.0	1.0	1.0	0.0
1_8_tran_VP_order	08_1_8_tran_VP_order	fig:heatmap-8-tran-vp-order	1.8 Transitive V--P order	81_vos_ng_ac_b_pa	vos	ng	nom-acc	balancing	poss-acc	vos	VS	VPA	5.0	100.0	100.0	100.0	1.0	1.0	1.0	0.0
1_8_tran_VP_order	08_1_8_tran_VP_order	fig:heatmap-8-tran-vp-order	1.8 Transitive V--P order	82_vos_ng_ac_b_ep	vos	ng	nom-acc	balancing	erg-poss	vos	VS	VPA	5.0	100.0	100.0	100.0	1.0	1.0	1.0	0.0
1_8_tran_VP_order	08_1_8_tran_VP_order	fig:heatmap-8-tran-vp-order	1.8 Transitive V--P order	83_vos_ng_ac_b_no	vos	ng	nom-acc	balancing	nomn	vos	VS	VPA	5.0	100.0	100.0	100.0	1.0	1.0	1.0	0.0
1_8_tran_VP_order	08_1_8_tran_VP_order	fig:heatmap-8-tran-vp-order	1.8 Transitive V--P order	84_vos_ng_ac_d_se	vos	ng	nom-acc	deranking	sent	vos	VS	VPA	5.0	100.0	100.0	100.0	1.0	1.0	1.0	0.0
1_8_tran_VP_order	08_1_8_tran_VP_order	fig:heatmap-8-tran-vp-order	1.8 Transitive V--P order	85_vos_ng_ac_d_pa	vos	ng	nom-acc	deranking	poss-acc	vos	VS	VPA	5.0	100.0	100.0	100.0	1.0	1.0	1.0	0.0
1_8_tran_VP_order	08_1_8_tran_VP_order	fig:heatmap-8-tran-vp-order	1.8 Transitive V--P order	86_vos_ng_ac_d_ep	vos	ng	nom-acc	deranking	erg-poss	vos	VS	VPA	5.0	100.0	100.0	100.0	1.0	1.0	1.0	0.0
1_8_tran_VP_order	08_1_8_tran_VP_order	fig:heatmap-8-tran-vp-order	1.8 Transitive V--P order	87_vos_ng_ac_d_no	vos	ng	nom-acc	deranking	nomn	vos	VS	VPA	5.0	100.0	100.0	100.0	1.0	1.0	1.0	0.0
1_8_tran_VP_order	08_1_8_tran_VP_order	fig:heatmap-8-tran-vp-order	1.8 Transitive V--P order	88_vos_ng_er_b_se	vos	ng	erg-abs	balancing	sent	vos	VS	VPA	5.0	100.0	100.0	100.0	1.0	1.0	1.0	0.0
1_8_tran_VP_order	08_1_8_tran_VP_order	fig:heatmap-8-tran-vp-order	1.8 Transitive V--P order	89_vos_ng_er_b_pa	vos	ng	erg-abs	balancing	poss-acc	vos	VS	VPA	5.0	100.0	100.0	100.0	1.0	1.0	1.0	0.0
1_8_tran_VP_order	08_1_8_tran_VP_order	fig:heatmap-8-tran-vp-order	1.8 Transitive V--P order	90_vos_ng_er_b_ep	vos	ng	erg-abs	balancing	erg-poss	vos	VS	VPA	5.0	100.0	100.0	100.0	1.0	1.0	1.0	0.0
1_8_tran_VP_order	08_1_8_tran_VP_order	fig:heatmap-8-tran-vp-order	1.8 Transitive V--P order	91_vos_ng_er_b_no	vos	ng	erg-abs	balancing	nomn	vos	VS	VPA	5.0	100.0	100.0	100.0	1.0	1.0	1.0	0.0
1_8_tran_VP_order	08_1_8_tran_VP_order	fig:heatmap-8-tran-vp-order	1.8 Transitive V--P order	92_vos_ng_er_d_se	vos	ng	erg-abs	deranking	sent	vos	VS	VPA	5.0	100.0	100.0	100.0	1.0	1.0	1.0	0.0
1_8_tran_VP_order	08_1_8_tran_VP_order	fig:heatmap-8-tran-vp-order	1.8 Transitive V--P order	93_vos_ng_er_d_pa	vos	ng	erg-abs	deranking	poss-acc	vos	VS	VPA	5.0	100.0	100.0	100.0	1.0	1.0	1.0	0.0
1_8_tran_VP_order	08_1_8_tran_VP_order	fig:heatmap-8-tran-vp-order	1.8 Transitive V--P order	94_vos_ng_er_d_ep	vos	ng	erg-abs	deranking	erg-poss	vos	VS	VPA	5.0	100.0	100.0	100.0	1.0	1.0	1.0	0.0
1_8_tran_VP_order	08_1_8_tran_VP_order	fig:heatmap-8-tran-vp-order	1.8 Transitive V--P order	95_vos_ng_er_d_no	vos	ng	erg-abs	deranking	nomn	vos	VS	VPA	5.0	100.0	100.0	100.0	1.0	1.0	1.0	0.0
1_9_intran_V_valency	09_1_9_intran_V_valency	fig:heatmap-9-intran-v-valency	1.9 Intransitive V valency	00_sov_gn_ac_b_se	sov	gn	nom-acc	balancing	sent	sov	SV	APV	5.0	73.0	75.0	74.0	0.4609956253156435	0.5006669949589901	0.4808150668439051	0.039671369643346666
1_9_intran_V_valency	09_1_9_intran_V_valency	fig:heatmap-9-intran-v-valency	1.9 Intransitive V valency	01_sov_gn_ac_b_pa	sov	gn	nom-acc	balancing	poss-acc	sov	SV	APV	5.0	72.0	72.0	73.0	0.44121571857084796	0.44121571857084796	0.4609956253156435	0.019779906744795517
1_9_intran_V_valency	09_1_9_intran_V_valency	fig:heatmap-9-intran-v-valency	1.9 Intransitive V valency	02_sov_gn_ac_b_ep	sov	gn	nom-acc	balancing	erg-poss	sov	SV	APV	5.0	71.0	74.0	74.0	0.4214838855772702	0.4808150668439051	0.4808150668439051	0.05933118126663495
1_9_intran_V_valency	09_1_9_intran_V_valency	fig:heatmap-9-intran-v-valency	1.9 Intransitive V valency	03_sov_gn_ac_b_no	sov	gn	nom-acc	balancing	nomn	sov	SV	APV	5.0	73.0	75.0	72.0	0.4609956253156435	0.5006669949589901	0.44121571857084796	0.05945127638814218
1_9_intran_V_valency	09_1_9_intran_V_valency	fig:heatmap-9-intran-v-valency	1.9 Intransitive V valency	04_sov_gn_ac_d_se	sov	gn	nom-acc	deranking	sent	sov	SV	APV	5.0	72.0	72.0	72.0	0.44121571857084796	0.44121571857084796	0.44121571857084796	0.0
1_9_intran_V_valency	09_1_9_intran_V_valency	fig:heatmap-9-intran-v-valency	1.9 Intransitive V valency	05_sov_gn_ac_d_pa	sov	gn	nom-acc	deranking	poss-acc	sov	SV	APV	5.0	72.0	74.0	72.0	0.44121571857084796	0.4808150668439051	0.44121571857084796	0.03959934827305717
1_9_intran_V_valency	09_1_9_intran_V_valency	fig:heatmap-9-intran-v-valency	1.9 Intransitive V valency	06_sov_gn_ac_d_ep	sov	gn	nom-acc	deranking	erg-poss	sov	SV	APV	5.0	73.0	73.0	76.0	0.4609956253156435	0.4609956253156435	0.520545600501044	0.05954997518540056
1_9_intran_V_valency	09_1_9_intran_V_valency	fig:heatmap-9-intran-v-valency	1.9 Intransitive V valency	07_sov_gn_ac_d_no	sov	gn	nom-acc	deranking	nomn	sov	SV	APV	5.0	74.0	77.0	74.0	0.4808150668439051	0.5404461012900033	0.4808150668439051	0.05963103444609813
1_9_intran_V_valency	09_1_9_intran_V_valency	fig:heatmap-9-intran-v-valency	1.9 Intransitive V valency	08_sov_gn_er_b_se	sov	gn	erg-abs	balancing	sent	sov	SV	APV	5.0	65.0	64.0	66.0	0.3048541952674525	0.28589874273887544	0.32399079342632137	0.03809205068744592
1_9_intran_V_valency	09_1_9_intran_V_valency	fig:heatmap-9-intran-v-valency	1.9 Intransitive V valency	09_sov_gn_er_b_pa	sov	gn	erg-abs	balancing	poss-acc	sov	SV	APV	5.0	70.0	67.0	64.0	0.40181045290185924	0.3432783071525648	0.28589874273887544	0.1159117101629838
1_9_intran_V_valency	09_1_9_intran_V_valency	fig:heatmap-9-intran-v-valency	1.9 Intransitive V valency	10_sov_gn_er_b_ep	sov	gn	erg-abs	balancing	erg-poss	sov	SV	APV	5.0	63.0	66.0	65.0	0.2671599293068453	0.32399079342632137	0.3048541952674525	0.05683086411947608
1_9_intran_V_valency	09_1_9_intran_V_valency	fig:heatmap-9-intran-v-valency	1.9 Intransitive V valency	11_sov_gn_er_b_no	sov	gn	erg-abs	balancing	nomn	sov	SV	APV	5.0	65.0	66.0	65.0	0.3048541952674525	0.32399079342632137	0.3048541952674525	0.019136598158868867
1_9_intran_V_valency	09_1_9_intran_V_valency	fig:heatmap-9-intran-v-valency	1.9 Intransitive V valency	12_sov_gn_er_d_se	sov	gn	erg-abs	deranking	sent	sov	SV	APV	5.0	66.0	66.0	66.0	0.32399079342632137	0.32399079342632137	0.32399079342632137	0.0
1_9_intran_V_valency	09_1_9_intran_V_valency	fig:heatmap-9-intran-v-valency	1.9 Intransitive V valency	13_sov_gn_er_d_pa	sov	gn	erg-abs	deranking	poss-acc	sov	SV	APV	5.0	65.0	61.0	68.0	0.3048541952674525	0.23050379208694793	0.36269116941089913	0.1321873773239512
1_9_intran_V_valency	09_1_9_intran_V_valency	fig:heatmap-9-intran-v-valency	1.9 Intransitive V valency	14_sov_gn_er_d_ep	sov	gn	erg-abs	deranking	erg-poss	sov	SV	APV	5.0	62.0	63.0	66.0	0.2486790753254733	0.2671599293068453	0.32399079342632137	0.07531171810084808
1_9_intran_V_valency	09_1_9_intran_V_valency	fig:heatmap-9-intran-v-valency	1.9 Intransitive V valency	15_sov_gn_er_d_no	sov	gn	erg-abs	deranking	nomn	sov	SV	APV	5.0	65.0	67.0	65.0	0.3048541952674525	0.3432783071525648	0.3048541952674525	0.0384241118851123
1_9_intran_V_valency	09_1_9_intran_V_valency	fig:heatmap-9-intran-v-valency	1.9 Intransitive V valency	16_sov_ng_ac_b_se	sov	ng	nom-acc	balancing	sent	sov	SV	APV	5.0	66.0	67.0	71.0	0.32399079342632137	0.3432783071525648	0.4214838855772702	0.09749309215094881
1_9_intran_V_valency	09_1_9_intran_V_valency	fig:heatmap-9-intran-v-valency	1.9 Intransitive V valency	17_sov_ng_ac_b_pa	sov	ng	nom-acc	balancing	poss-acc	ovs	VS	PVA	5.0	74.0	65.0	68.0	0.4808150668439051	0.3048541952674525	0.36269116941089913	0.17596087157645263
1_9_intran_V_valency	09_1_9_intran_V_valency	fig:heatmap-9-intran-v-valency	1.9 Intransitive V valency	18_sov_ng_ac_b_ep	sov	ng	nom-acc	balancing	erg-poss	vos	VS	AVP	5.0	69.0	66.0	68.0	0.3822078817555662	0.32399079342632137	0.36269116941089913	0.058217088329244826
1_9_intran_V_valency	09_1_9_intran_V_valency	fig:heatmap-9-intran-v-valency	1.9 Intransitive V valency	19_sov_ng_ac_b_no	sov	ng	nom-acc	balancing	nomn	ovs	VS	PVA	5.0	69.0	65.0	71.0	0.3822078817555662	0.3048541952674525	0.4214838855772702	0.11662969030981768
1_9_intran_V_valency	09_1_9_intran_V_valency	fig:heatmap-9-intran-v-valency	1.9 Intransitive V valency	20_sov_ng_ac_d_se	sov	ng	nom-acc	deranking	sent	sov	SV	APV	5.0	72.0	71.0	71.0	0.44121571857084796	0.4214838855772702	0.4214838855772702	0.01973183299357778
1_9_intran_V_valency	09_1_9_intran_V_valency	fig:heatmap-9-intran-v-valency	1.9 Intransitive V valency	21_sov_ng_ac_d_pa	sov	ng	nom-acc	deranking	poss-acc	ovs	VS	PVA	5.0	67.0	68.0	66.0	0.3432783071525648	0.36269116941089913	0.32399079342632137	0.03870037598457776
1_9_intran_V_valency	09_1_9_intran_V_valency	fig:heatmap-9-intran-v-valency	1.9 Intransitive V valency	22_sov_ng_ac_d_ep	sov	ng	nom-acc	deranking	erg-poss	vos	VS	AVP	5.0	71.0	71.0	68.0	0.4214838855772702	0.4214838855772702	0.36269116941089913	0.05879271616637105
1_9_intran_V_valency	09_1_9_intran_V_valency	fig:heatmap-9-intran-v-valency	1.9 Intransitive V valency	23_sov_ng_ac_d_no	sov	ng	nom-acc	deranking	nomn	ovs	VS	PVA	5.0	72.0	71.0	66.0	0.44121571857084796	0.4214838855772702	0.32399079342632137	0.11722492514452659
1_9_intran_V_valency	09_1_9_intran_V_valency	fig:heatmap-9-intran-v-valency	1.9 Intransitive V valency	24_sov_ng_er_b_se	sov	ng	erg-abs	balancing	sent	sov	SV	APV	5.0	63.0	69.0	66.0	0.2671599293068453	0.3822078817555662	0.32399079342632137	0.1150479524487209
1_9_intran_V_valency	09_1_9_intran_V_valency	fig:heatmap-9-intran-v-valency	1.9 Intransitive V valency	25_sov_ng_er_b_pa	sov	ng	erg-abs	balancing	poss-acc	ovs	VS	PVA	5.0	68.0	66.0	63.0	0.36269116941089913	0.32399079342632137	0.2671599293068453	0.09553124010405384
1_9_intran_V_valency	09_1_9_intran_V_valency	fig:heatmap-9-intran-v-valency	1.9 Intransitive V valency	26_sov_ng_er_b_ep	sov	ng	erg-abs	balancing	erg-poss	vos	VS	AVP	5.0	67.0	64.0	64.0	0.3432783071525648	0.28589874273887544	0.28589874273887544	0.057379564413689355
1_9_intran_V_valency	09_1_9_intran_V_valency	fig:heatmap-9-intran-v-valency	1.9 Intransitive V valency	27_sov_ng_er_b_no	sov	ng	erg-abs	balancing	nomn	ovs	VS	PVA	5.0	62.0	63.0	65.0	0.2486790753254733	0.2671599293068453	0.3048541952674525	0.05617511994197921
1_9_intran_V_valency	09_1_9_intran_V_valency	fig:heatmap-9-intran-v-valency	1.9 Intransitive V valency	28_sov_ng_er_d_se	sov	ng	erg-abs	deranking	sent	sov	SV	APV	5.0	63.0	67.0	65.0	0.2671599293068453	0.3432783071525648	0.3048541952674525	0.07611837784571951
1_9_intran_V_valency	09_1_9_intran_V_valency	fig:heatmap-9-intran-v-valency	1.9 Intransitive V valency	29_sov_ng_er_d_pa	sov	ng	erg-abs	deranking	poss-acc	ovs	VS	PVA	5.0	69.0	64.0	62.0	0.3822078817555662	0.28589874273887544	0.2486790753254733	0.1335288064300929
1_9_intran_V_valency	09_1_9_intran_V_valency	fig:heatmap-9-intran-v-valency	1.9 Intransitive V valency	30_sov_ng_er_d_ep	sov	ng	erg-abs	deranking	erg-poss	vos	VS	AVP	5.0	65.0	65.0	70.0	0.3048541952674525	0.3048541952674525	0.40181045290185924	0.09695625763440674
1_9_intran_V_valency	09_1_9_intran_V_valency	fig:heatmap-9-intran-v-valency	1.9 Intransitive V valency	31_sov_ng_er_d_no	sov	ng	erg-abs	deranking	nomn	ovs	VS	PVA	5.0	64.0	63.0	67.0	0.28589874273887544	0.2671599293068453	0.3432783071525648	0.07611837784571951
1_9_intran_V_valency	09_1_9_intran_V_valency	fig:heatmap-9-intran-v-valency	1.9 Intransitive V valency	32_svo_gn_ac_b_se	svo	gn	nom-acc	balancing	sent	svo	SV	AVP	5.0	75.0	78.0	76.0	0.5006669949589901	0.5603645644527729	0.520545600501044	0.0596975694937828
1_9_intran_V_valency	09_1_9_intran_V_valency	fig:heatmap-9-intran-v-valency	1.9 Intransitive V valency	33_svo_gn_ac_b_pa	svo	gn	nom-acc	balancing	poss-acc	svo	SV	AVP	5.0	75.0	76.0	77.0	0.5006669949589901	0.520545600501044	0.5404461012900033	0.039779106331013114
1_9_intran_V_valency	09_1_9_intran_V_valency	fig:heatmap-9-intran-v-valency	1.9 Intransitive V valency	34_svo_gn_ac_b_ep	svo	gn	nom-acc	balancing	erg-poss	sov	SV	PVA	5.0	76.0	77.0	79.0	0.520545600501044	0.5404461012900033	0.5802977582031614	0.05975215770211739
1_9_intran_V_valency	09_1_9_intran_V_valency	fig:heatmap-9-intran-v-valency	1.9 Intransitive V valency	35_svo_gn_ac_b_no	svo	gn	nom-acc	balancing	nomn	svo	SV	AVP	5.0	76.0	79.0	78.0	0.520545600501044	0.5802977582031614	0.5603645644527729	0.05975215770211739
1_9_intran_V_valency	09_1_9_intran_V_valency	fig:heatmap-9-intran-v-valency	1.9 Intransitive V valency	36_svo_gn_ac_d_se	svo	gn	nom-acc	deranking	sent	svo	SV	AVP	5.0	70.0	74.0	73.0	0.40181045290185924	0.4808150668439051	0.4609956253156435	0.07900461394204589
1_9_intran_V_valency	09_1_9_intran_V_valency	fig:heatmap-9-intran-v-valency	1.9 Intransitive V valency	37_svo_gn_ac_d_pa	svo	gn	nom-acc	deranking	poss-acc	svo	SV	AVP	5.0	73.0	75.0	73.0	0.4609956253156435	0.5006669949589901	0.4609956253156435	0.039671369643346666
1_9_intran_V_valency	09_1_9_intran_V_valency	fig:heatmap-9-intran-v-valency	1.9 Intransitive V valency	38_svo_gn_ac_d_ep	svo	gn	nom-acc	deranking	erg-poss	sov	SV	PVA	5.0	67.0	76.0	79.0	0.3432783071525648	0.520545600501044	0.5802977582031614	0.23701945105059663
1_9_intran_V_valency	09_1_9_intran_V_valency	fig:heatmap-9-intran-v-valency	1.9 Intransitive V valency	39_svo_gn_ac_d_no	svo	gn	nom-acc	deranking	nomn	svo	SV	AVP	5.0	71.0	76.0	75.0	0.4214838855772702	0.520545600501044	0.5006669949589901	0.09906171492377386
1_9_intran_V_valency	09_1_9_intran_V_valency	fig:heatmap-9-intran-v-valency	1.9 Intransitive V valency	40_svo_gn_er_b_se	svo	gn	erg-abs	balancing	sent	svo	SV	AVP	5.0	77.0	82.0	83.0	0.5404461012900033	0.6401614779514829	0.6601314044676043	0.11968530317760107
1_9_intran_V_valency	09_1_9_intran_V_valency	fig:heatmap-9-intran-v-valency	1.9 Intransitive V valency	41_svo_gn_er_b_pa	svo	gn	erg-abs	balancing	poss-acc	svo	SV	AVP	5.0	80.0	82.0	82.0	0.6002430286238514	0.6401614779514829	0.6401614779514829	0.039918449327631556
1_9_intran_V_valency	09_1_9_intran_V_valency	fig:heatmap-9-intran-v-valency	1.9 Intransitive V valency	42_svo_gn_er_b_ep	svo	gn	erg-abs	balancing	erg-poss	sov	SV	PVA	5.0	72.0	82.0	88.0	0.44121571857084796	0.6401614779514829	0.7600454927350169	0.3188297741641689
1_9_intran_V_valency	09_1_9_intran_V_valency	fig:heatmap-9-intran-v-valency	1.9 Intransitive V valency	43_svo_gn_er_b_no	svo	gn	erg-abs	balancing	nomn	svo	SV	AVP	5.0	75.0	80.0	81.0	0.5006669949589901	0.6002430286238514	0.6201981975224622	0.11953120256347205
1_9_intran_V_valency	09_1_9_intran_V_valency	fig:heatmap-9-intran-v-valency	1.9 Intransitive V valency	44_svo_gn_er_d_se	svo	gn	erg-abs	deranking	sent	svo	SV	AVP	5.0	73.0	76.0	81.0	0.4609956253156435	0.520545600501044	0.6201981975224622	0.15920257220681872
1_9_intran_V_valency	09_1_9_intran_V_valency	fig:heatmap-9-intran-v-valency	1.9 Intransitive V valency	45_svo_gn_er_d_pa	svo	gn	erg-abs	deranking	poss-acc	svo	SV	AVP	5.0	72.0	77.0	76.0	0.44121571857084796	0.5404461012900033	0.520545600501044	0.0992303827191553
1_9_intran_V_valency	09_1_9_intran_V_valency	fig:heatmap-9-intran-v-valency	1.9 Intransitive V valency	46_svo_gn_er_d_ep	svo	gn	erg-abs	deranking	erg-poss	sov	SV	PVA	5.0	76.0	78.0	79.0	0.520545600501044	0.5603645644527729	0.5802977582031614	0.05975215770211739
1_9_intran_V_valency	09_1_9_intran_V_valency	fig:heatmap-9-intran-v-valency	1.9 Intransitive V valency	47_svo_gn_er_d_no	svo	gn	erg-abs	deranking	nomn	svo	SV	AVP	5.0	76.0	80.0	80.0	0.520545600501044	0.6002430286238514	0.6002430286238514	0.07969742812280733
1_9_intran_V_valency	09_1_9_intran_V_valency	fig:heatmap-9-intran-v-valency	1.9 Intransitive V valency	48_svo_ng_ac_b_se	svo	ng	nom-acc	balancing	sent	svo	SV	AVP	5.0	78.0	79.0	76.0	0.5603645644527729	0.5802977582031614	0.520545600501044	0.05975215770211739
1_9_intran_V_valency	09_1_9_intran_V_valency	fig:heatmap-9-intran-v-valency	1.9 Intransitive V valency	49_svo_ng_ac_b_pa	svo	ng	nom-acc	balancing	poss-acc	vos	VS	VPA	5.0	79.0	79.0	79.0	0.5802977582031614	0.5802977582031614	0.5802977582031614	0.0
1_9_intran_V_valency	09_1_9_intran_V_valency	fig:heatmap-9-intran-v-valency	1.9 Intransitive V valency	50_svo_ng_ac_b_ep	svo	ng	nom-acc	balancing	erg-poss	vos	VS	VPA	5.0	79.0	82.0	80.0	0.5802977582031614	0.6401614779514829	0.6002430286238514	0.0598637197483215
1_9_intran_V_valency	09_1_9_intran_V_valency	fig:heatmap-9-intran-v-valency	1.9 Intransitive V valency	51_svo_ng_ac_b_no	svo	ng	nom-acc	balancing	nomn	vos	VS	VPA	5.0	77.0	78.0	79.0	0.5404461012900033	0.5603645644527729	0.5802977582031614	0.03985165691315817
1_9_intran_V_valency	09_1_9_intran_V_valency	fig:heatmap-9-intran-v-valency	1.9 Intransitive V valency	52_svo_ng_ac_d_se	svo	ng	nom-acc	deranking	sent	svo	SV	AVP	5.0	76.0	76.0	75.0	0.520545600501044	0.520545600501044	0.5006669949589901	0.019878605542053895
1_9_intran_V_valency	09_1_9_intran_V_valency	fig:heatmap-9-intran-v-valency	1.9 Intransitive V valency	53_svo_ng_ac_d_pa	svo	ng	nom-acc	deranking	poss-acc	vos	VS	VPA	5.0	72.0	78.0	76.0	0.44121571857084796	0.5603645644527729	0.520545600501044	0.11914884588192498
1_9_intran_V_valency	09_1_9_intran_V_valency	fig:heatmap-9-intran-v-valency	1.9 Intransitive V valency	54_svo_ng_ac_d_ep	svo	ng	nom-acc	deranking	erg-poss	vos	VS	VPA	5.0	76.0	77.0	72.0	0.520545600501044	0.5404461012900033	0.44121571857084796	0.0992303827191553
1_9_intran_V_valency	09_1_9_intran_V_valency	fig:heatmap-9-intran-v-valency	1.9 Intransitive V valency	55_svo_ng_ac_d_no	svo	ng	nom-acc	deranking	nomn	vos	VS	VPA	5.0	75.0	75.0	74.0	0.5006669949589901	0.5006669949589901	0.4808150668439051	0.019851928115085016
1_9_intran_V_valency	09_1_9_intran_V_valency	fig:heatmap-9-intran-v-valency	1.9 Intransitive V valency	56_svo_ng_er_b_se	svo	ng	erg-abs	balancing	sent	svo	SV	AVP	5.0	78.0	78.0	76.0	0.5603645644527729	0.5603645644527729	0.520545600501044	0.0398189639517289
1_9_intran_V_valency	09_1_9_intran_V_valency	fig:heatmap-9-intran-v-valency	1.9 Intransitive V valency	57_svo_ng_er_b_pa	svo	ng	erg-abs	balancing	poss-acc	vos	VS	VPA	5.0	72.0	77.0	84.0	0.44121571857084796	0.5404461012900033	0.6801067756461248	0.2388910570752768
1_9_intran_V_valency	09_1_9_intran_V_valency	fig:heatmap-9-intran-v-valency	1.9 Intransitive V valency	58_svo_ng_er_b_ep	svo	ng	erg-abs	balancing	erg-poss	vos	VS	VPA	5.0	79.0	79.0	83.0	0.5802977582031614	0.5802977582031614	0.6601314044676043	0.07983364626444289
1_9_intran_V_valency	09_1_9_intran_V_valency	fig:heatmap-9-intran-v-valency	1.9 Intransitive V valency	59_svo_ng_er_b_no	svo	ng	erg-abs	balancing	nomn	vos	VS	VPA	5.0	73.0	78.0	74.0	0.4609956253156435	0.5603645644527729	0.4808150668439051	0.09936893913712946
1_9_intran_V_valency	09_1_9_intran_V_valency	fig:heatmap-9-intran-v-valency	1.9 Intransitive V valency	60_svo_ng_er_d_se	svo	ng	erg-abs	deranking	sent	svo	SV	AVP	5.0	73.0	75.0	73.0	0.4609956253156435	0.5006669949589901	0.4609956253156435	0.039671369643346666
1_9_intran_V_valency	09_1_9_intran_V_valency	fig:heatmap-9-intran-v-valency	1.9 Intransitive V valency	61_svo_ng_er_d_pa	svo	ng	erg-abs	deranking	poss-acc	vos	VS	VPA	5.0	69.0	78.0	79.0	0.3822078817555662	0.5603645644527729	0.5802977582031614	0.19808987644759524
1_9_intran_V_valency	09_1_9_intran_V_valency	fig:heatmap-9-intran-v-valency	1.9 Intransitive V valency	62_svo_ng_er_d_ep	svo	ng	erg-abs	deranking	erg-poss	vos	VS	VPA	5.0	69.0	76.0	74.0	0.3822078817555662	0.520545600501044	0.4808150668439051	0.13833771874547784
1_9_intran_V_valency	09_1_9_intran_V_valency	fig:heatmap-9-intran-v-valency	1.9 Intransitive V valency	63_svo_ng_er_d_no	svo	ng	erg-abs	deranking	nomn	vos	VS	VPA	5.0	69.0	70.0	74.0	0.3822078817555662	0.40181045290185924	0.4808150668439051	0.09860718508833893
1_9_intran_V_valency	09_1_9_intran_V_valency	fig:heatmap-9-intran-v-valency	1.9 Intransitive V valency	64_vos_gn_ac_b_se	vos	gn	nom-acc	balancing	sent	vos	VS	VPA	5.0	62.0	65.0	61.0	0.2486790753254733	0.3048541952674525	0.23050379208694793	0.07435040318050457
1_9_intran_V_valency	09_1_9_intran_V_valency	fig:heatmap-9-intran-v-valency	1.9 Intransitive V valency	65_vos_gn_ac_b_pa	vos	gn	nom-acc	balancing	poss-acc	svo	SV	AVP	5.0	57.99999999999999	62.0	66.0	0.17838553419891207	0.2486790753254733	0.32399079342632137	0.1456052592274093
1_9_intran_V_valency	09_1_9_intran_V_valency	fig:heatmap-9-intran-v-valency	1.9 Intransitive V valency	66_vos_gn_ac_b_ep	vos	gn	nom-acc	balancing	erg-poss	sov	SV	PVA	5.0	64.0	62.0	53.0	0.28589874273887544	0.2486790753254733	0.10374425515866688	0.18215448758020858
1_9_intran_V_valency	09_1_9_intran_V_valency	fig:heatmap-9-intran-v-valency	1.9 Intransitive V valency	67_vos_gn_ac_b_no	vos	gn	nom-acc	balancing	nomn	svo	SV	AVP	5.0	64.0	69.0	61.0	0.28589874273887544	0.3822078817555662	0.23050379208694793	0.15170408966861826
1_9_intran_V_valency	09_1_9_intran_V_valency	fig:heatmap-9-intran-v-valency	1.9 Intransitive V valency	68_vos_gn_ac_d_se	vos	gn	nom-acc	deranking	sent	vos	VS	VPA	5.0	67.0	67.0	60.0	0.3432783071525648	0.3432783071525648	0.2126882612143756	0.1305900459381892
1_9_intran_V_valency	09_1_9_intran_V_valency	fig:heatmap-9-intran-v-valency	1.9 Intransitive V valency	69_vos_gn_ac_d_pa	vos	gn	nom-acc	deranking	poss-acc	svo	SV	AVP	5.0	65.0	61.0	68.0	0.3048541952674525	0.23050379208694793	0.36269116941089913	0.1321873773239512
1_9_intran_V_valency	09_1_9_intran_V_valency	fig:heatmap-9-intran-v-valency	1.9 Intransitive V valency	70_vos_gn_ac_d_ep	vos	gn	nom-acc	deranking	erg-poss	sov	SV	PVA	5.0	71.0	60.0	66.0	0.4214838855772702	0.2126882612143756	0.32399079342632137	0.2087956243628946
1_9_intran_V_valency	09_1_9_intran_V_valency	fig:heatmap-9-intran-v-valency	1.9 Intransitive V valency	71_vos_gn_ac_d_no	vos	gn	nom-acc	deranking	nomn	svo	SV	AVP	5.0	67.0	66.0	66.0	0.3432783071525648	0.32399079342632137	0.32399079342632137	0.019287513726243433
1_9_intran_V_valency	09_1_9_intran_V_valency	fig:heatmap-9-intran-v-valency	1.9 Intransitive V valency	72_vos_gn_er_b_se	vos	gn	erg-abs	balancing	sent	vos	VS	VPA	5.0	69.0	68.0	71.0	0.3822078817555662	0.36269116941089913	0.4214838855772702	0.05879271616637105
1_9_intran_V_valency	09_1_9_intran_V_valency	fig:heatmap-9-intran-v-valency	1.9 Intransitive V valency	73_vos_gn_er_b_pa	vos	gn	erg-abs	balancing	poss-acc	svo	SV	AVP	5.0	68.0	71.0	64.0	0.36269116941089913	0.4214838855772702	0.28589874273887544	0.13558514283839473
1_9_intran_V_valency	09_1_9_intran_V_valency	fig:heatmap-9-intran-v-valency	1.9 Intransitive V valency	74_vos_gn_er_b_ep	vos	gn	erg-abs	balancing	erg-poss	sov	SV	PVA	5.0	71.0	68.0	66.0	0.4214838855772702	0.36269116941089913	0.32399079342632137	0.09749309215094881
1_9_intran_V_valency	09_1_9_intran_V_valency	fig:heatmap-9-intran-v-valency	1.9 Intransitive V valency	75_vos_gn_er_b_no	vos	gn	erg-abs	balancing	nomn	svo	SV	AVP	5.0	69.0	64.0	65.0	0.3822078817555662	0.28589874273887544	0.3048541952674525	0.09630913901669075
1_9_intran_V_valency	09_1_9_intran_V_valency	fig:heatmap-9-intran-v-valency	1.9 Intransitive V valency	76_vos_gn_er_d_se	vos	gn	erg-abs	deranking	sent	vos	VS	VPA	5.0	65.0	61.0	65.0	0.3048541952674525	0.23050379208694793	0.3048541952674525	0.07435040318050457
1_9_intran_V_valency	09_1_9_intran_V_valency	fig:heatmap-9-intran-v-valency	1.9 Intransitive V valency	77_vos_gn_er_d_pa	vos	gn	erg-abs	deranking	poss-acc	svo	SV	AVP	5.0	70.0	63.0	67.0	0.40181045290185924	0.2671599293068453	0.3432783071525648	0.13465052359501395
1_9_intran_V_valency	09_1_9_intran_V_valency	fig:heatmap-9-intran-v-valency	1.9 Intransitive V valency	78_vos_gn_er_d_ep	vos	gn	erg-abs	deranking	erg-poss	sov	SV	PVA	5.0	69.0	62.0	70.0	0.3822078817555662	0.2486790753254733	0.40181045290185924	0.15313137757638595
1_9_intran_V_valency	09_1_9_intran_V_valency	fig:heatmap-9-intran-v-valency	1.9 Intransitive V valency	79_vos_gn_er_d_no	vos	gn	erg-abs	deranking	nomn	svo	SV	AVP	5.0	66.0	66.0	67.0	0.32399079342632137	0.32399079342632137	0.3432783071525648	0.019287513726243433
1_9_intran_V_valency	09_1_9_intran_V_valency	fig:heatmap-9-intran-v-valency	1.9 Intransitive V valency	80_vos_ng_ac_b_se	vos	ng	nom-acc	balancing	sent	vos	VS	VPA	5.0	71.0	69.0	69.0	0.4214838855772702	0.3822078817555662	0.3822078817555662	0.039276003821703986
1_9_intran_V_valency	09_1_9_intran_V_valency	fig:heatmap-9-intran-v-valency	1.9 Intransitive V valency	81_vos_ng_ac_b_pa	vos	ng	nom-acc	balancing	poss-acc	vos	VS	VPA	5.0	63.0	68.0	60.0	0.2671599293068453	0.36269116941089913	0.2126882612143756	0.15000290819652354
1_9_intran_V_valency	09_1_9_intran_V_valency	fig:heatmap-9-intran-v-valency	1.9 Intransitive V valency	82_vos_ng_ac_b_ep	vos	ng	nom-acc	balancing	erg-poss	vos	VS	VPA	5.0	65.0	65.0	67.0	0.3048541952674525	0.3048541952674525	0.3432783071525648	0.0384241118851123
1_9_intran_V_valency	09_1_9_intran_V_valency	fig:heatmap-9-intran-v-valency	1.9 Intransitive V valency	83_vos_ng_ac_b_no	vos	ng	nom-acc	balancing	nomn	vos	VS	VPA	5.0	76.0	67.0	68.0	0.520545600501044	0.3432783071525648	0.36269116941089913	0.17726729334847924
1_9_intran_V_valency	09_1_9_intran_V_valency	fig:heatmap-9-intran-v-valency	1.9 Intransitive V valency	84_vos_ng_ac_d_se	vos	ng	nom-acc	deranking	sent	vos	VS	VPA	5.0	68.0	64.0	69.0	0.36269116941089913	0.28589874273887544	0.3822078817555662	0.09630913901669075
1_9_intran_V_valency	09_1_9_intran_V_valency	fig:heatmap-9-intran-v-valency	1.9 Intransitive V valency	85_vos_ng_ac_d_pa	vos	ng	nom-acc	deranking	poss-acc	vos	VS	VPA	5.0	64.0	68.0	71.0	0.28589874273887544	0.36269116941089913	0.4214838855772702	0.13558514283839473
1_9_intran_V_valency	09_1_9_intran_V_valency	fig:heatmap-9-intran-v-valency	1.9 Intransitive V valency	86_vos_ng_ac_d_ep	vos	ng	nom-acc	deranking	erg-poss	vos	VS	VPA	5.0	70.0	70.0	70.0	0.40181045290185924	0.40181045290185924	0.40181045290185924	0.0
1_9_intran_V_valency	09_1_9_intran_V_valency	fig:heatmap-9-intran-v-valency	1.9 Intransitive V valency	87_vos_ng_ac_d_no	vos	ng	nom-acc	deranking	nomn	vos	VS	VPA	5.0	69.0	63.0	72.0	0.3822078817555662	0.2671599293068453	0.44121571857084796	0.17405578926400267
1_9_intran_V_valency	09_1_9_intran_V_valency	fig:heatmap-9-intran-v-valency	1.9 Intransitive V valency	88_vos_ng_er_b_se	vos	ng	erg-abs	balancing	sent	vos	VS	VPA	5.0	65.0	64.0	65.0	0.3048541952674525	0.28589874273887544	0.3048541952674525	0.018955452528577055
1_9_intran_V_valency	09_1_9_intran_V_valency	fig:heatmap-9-intran-v-valency	1.9 Intransitive V valency	89_vos_ng_er_b_pa	vos	ng	erg-abs	balancing	poss-acc	vos	VS	VPA	5.0	66.0	72.0	68.0	0.32399079342632137	0.44121571857084796	0.36269116941089913	0.11722492514452659
1_9_intran_V_valency	09_1_9_intran_V_valency	fig:heatmap-9-intran-v-valency	1.9 Intransitive V valency	90_vos_ng_er_b_ep	vos	ng	erg-abs	balancing	erg-poss	vos	VS	VPA	5.0	62.0	64.0	68.0	0.2486790753254733	0.28589874273887544	0.36269116941089913	0.11401209408542584
1_9_intran_V_valency	09_1_9_intran_V_valency	fig:heatmap-9-intran-v-valency	1.9 Intransitive V valency	91_vos_ng_er_b_no	vos	ng	erg-abs	balancing	nomn	vos	VS	VPA	5.0	64.0	69.0	67.0	0.28589874273887544	0.3822078817555662	0.3432783071525648	0.09630913901669075
1_9_intran_V_valency	09_1_9_intran_V_valency	fig:heatmap-9-intran-v-valency	1.9 Intransitive V valency	92_vos_ng_er_d_se	vos	ng	erg-abs	deranking	sent	vos	VS	VPA	5.0	62.0	67.0	66.0	0.2486790753254733	0.3432783071525648	0.32399079342632137	0.09459923182709151
1_9_intran_V_valency	09_1_9_intran_V_valency	fig:heatmap-9-intran-v-valency	1.9 Intransitive V valency	93_vos_ng_er_d_pa	vos	ng	erg-abs	deranking	poss-acc	vos	VS	VPA	5.0	68.0	67.0	70.0	0.36269116941089913	0.3432783071525648	0.40181045290185924	0.05853214574929444
1_9_intran_V_valency	09_1_9_intran_V_valency	fig:heatmap-9-intran-v-valency	1.9 Intransitive V valency	94_vos_ng_er_d_ep	vos	ng	erg-abs	deranking	erg-poss	vos	VS	VPA	5.0	67.0	72.0	67.0	0.3432783071525648	0.44121571857084796	0.3432783071525648	0.09793741141828316
1_9_intran_V_valency	09_1_9_intran_V_valency	fig:heatmap-9-intran-v-valency	1.9 Intransitive V valency	95_vos_ng_er_d_no	vos	ng	erg-abs	deranking	nomn	vos	VS	VPA	5.0	71.0	67.0	73.0	0.4214838855772702	0.3432783071525648	0.4609956253156435	0.11771731816307868
1_10_tran_V_valency	10_1_10_tran_V_valency	fig:heatmap-10-tran-v-valency	1.10 Transitive V valency	00_sov_gn_ac_b_se	sov	gn	nom-acc	balancing	sent	sov	SV	APV	5.0	75.0	78.0	76.0	0.5006669949589901	0.5603645644527729	0.520545600501044	0.0596975694937828
1_10_tran_V_valency	10_1_10_tran_V_valency	fig:heatmap-10-tran-v-valency	1.10 Transitive V valency	01_sov_gn_ac_b_pa	sov	gn	nom-acc	balancing	poss-acc	sov	SV	APV	5.0	76.0	76.0	76.0	0.520545600501044	0.520545600501044	0.520545600501044	0.0
1_10_tran_V_valency	10_1_10_tran_V_valency	fig:heatmap-10-tran-v-valency	1.10 Transitive V valency	02_sov_gn_ac_b_ep	sov	gn	nom-acc	balancing	erg-poss	sov	SV	APV	5.0	75.0	79.0	80.0	0.5006669949589901	0.5802977582031614	0.6002430286238514	0.09957603366486123
1_10_tran_V_valency	10_1_10_tran_V_valency	fig:heatmap-10-tran-v-valency	1.10 Transitive V valency	03_sov_gn_ac_b_no	sov	gn	nom-acc	balancing	nomn	sov	SV	APV	5.0	77.0	78.0	77.0	0.5404461012900033	0.5603645644527729	0.5404461012900033	0.019918463162769684
1_10_tran_V_valency	10_1_10_tran_V_valency	fig:heatmap-10-tran-v-valency	1.10 Transitive V valency	04_sov_gn_ac_d_se	sov	gn	nom-acc	deranking	sent	sov	SV	APV	5.0	76.0	77.0	75.0	0.520545600501044	0.5404461012900033	0.5006669949589901	0.039779106331013114
1_10_tran_V_valency	10_1_10_tran_V_valency	fig:heatmap-10-tran-v-valency	1.10 Transitive V valency	05_sov_gn_ac_d_pa	sov	gn	nom-acc	deranking	poss-acc	sov	SV	APV	5.0	79.0	76.0	76.0	0.5802977582031614	0.520545600501044	0.520545600501044	0.05975215770211739
1_10_tran_V_valency	10_1_10_tran_V_valency	fig:heatmap-10-tran-v-valency	1.10 Transitive V valency	06_sov_gn_ac_d_ep	sov	gn	nom-acc	deranking	erg-poss	sov	SV	APV	5.0	73.0	76.0	77.0	0.4609956253156435	0.520545600501044	0.5404461012900033	0.07945047597435978
1_10_tran_V_valency	10_1_10_tran_V_valency	fig:heatmap-10-tran-v-valency	1.10 Transitive V valency	07_sov_gn_ac_d_no	sov	gn	nom-acc	deranking	nomn	sov	SV	APV	5.0	75.0	82.0	80.0	0.5006669949589901	0.6401614779514829	0.6002430286238514	0.13949448299249279
1_10_tran_V_valency	10_1_10_tran_V_valency	fig:heatmap-10-tran-v-valency	1.10 Transitive V valency	08_sov_gn_er_b_se	sov	gn	erg-abs	balancing	sent	sov	SV	APV	5.0	73.0	74.0	76.0	0.4609956253156435	0.4808150668439051	0.520545600501044	0.05954997518540056
1_10_tran_V_valency	10_1_10_tran_V_valency	fig:heatmap-10-tran-v-valency	1.10 Transitive V valency	09_sov_gn_er_b_pa	sov	gn	erg-abs	balancing	poss-acc	sov	SV	APV	5.0	77.0	77.0	77.0	0.5404461012900033	0.5404461012900033	0.5404461012900033	0.0
1_10_tran_V_valency	10_1_10_tran_V_valency	fig:heatmap-10-tran-v-valency	1.10 Transitive V valency	10_sov_gn_er_b_ep	sov	gn	erg-abs	balancing	erg-poss	sov	SV	APV	5.0	77.0	79.0	78.0	0.5404461012900033	0.5802977582031614	0.5603645644527729	0.03985165691315817
1_10_tran_V_valency	10_1_10_tran_V_valency	fig:heatmap-10-tran-v-valency	1.10 Transitive V valency	11_sov_gn_er_b_no	sov	gn	erg-abs	balancing	nomn	sov	SV	APV	5.0	80.0	78.0	74.0	0.6002430286238514	0.5603645644527729	0.4808150668439051	0.11942796177994625
1_10_tran_V_valency	10_1_10_tran_V_valency	fig:heatmap-10-tran-v-valency	1.10 Transitive V valency	12_sov_gn_er_d_se	sov	gn	erg-abs	deranking	sent	sov	SV	APV	5.0	79.0	79.0	79.0	0.5802977582031614	0.5802977582031614	0.5802977582031614	0.0
1_10_tran_V_valency	10_1_10_tran_V_valency	fig:heatmap-10-tran-v-valency	1.10 Transitive V valency	13_sov_gn_er_d_pa	sov	gn	erg-abs	deranking	poss-acc	sov	SV	APV	5.0	75.0	80.0	80.0	0.5006669949589901	0.6002430286238514	0.6002430286238514	0.09957603366486123
1_10_tran_V_valency	10_1_10_tran_V_valency	fig:heatmap-10-tran-v-valency	1.10 Transitive V valency	14_sov_gn_er_d_ep	sov	gn	erg-abs	deranking	erg-poss	sov	SV	APV	5.0	79.0	77.0	76.0	0.5802977582031614	0.5404461012900033	0.520545600501044	0.05975215770211739
1_10_tran_V_valency	10_1_10_tran_V_valency	fig:heatmap-10-tran-v-valency	1.10 Transitive V valency	15_sov_gn_er_d_no	sov	gn	erg-abs	deranking	nomn	sov	SV	APV	5.0	79.0	81.0	82.0	0.5802977582031614	0.6201981975224622	0.6401614779514829	0.0598637197483215
1_10_tran_V_valency	10_1_10_tran_V_valency	fig:heatmap-10-tran-v-valency	1.10 Transitive V valency	16_sov_ng_ac_b_se	sov	ng	nom-acc	balancing	sent	sov	SV	APV	5.0	73.0	69.0	76.0	0.4609956253156435	0.3822078817555662	0.520545600501044	0.13833771874547784
1_10_tran_V_valency	10_1_10_tran_V_valency	fig:heatmap-10-tran-v-valency	1.10 Transitive V valency	17_sov_ng_ac_b_pa	sov	ng	nom-acc	balancing	poss-acc	ovs	VS	PVA	5.0	72.0	75.0	73.0	0.44121571857084796	0.5006669949589901	0.4609956253156435	0.05945127638814218
1_10_tran_V_valency	10_1_10_tran_V_valency	fig:heatmap-10-tran-v-valency	1.10 Transitive V valency	18_sov_ng_ac_b_ep	sov	ng	nom-acc	balancing	erg-poss	vos	VS	AVP	5.0	75.0	73.0	75.0	0.5006669949589901	0.4609956253156435	0.5006669949589901	0.039671369643346666
1_10_tran_V_valency	10_1_10_tran_V_valency	fig:heatmap-10-tran-v-valency	1.10 Transitive V valency	19_sov_ng_ac_b_no	sov	ng	nom-acc	balancing	nomn	ovs	VS	PVA	5.0	74.0	74.0	77.0	0.4808150668439051	0.4808150668439051	0.5404461012900033	0.05963103444609813
1_10_tran_V_valency	10_1_10_tran_V_valency	fig:heatmap-10-tran-v-valency	1.10 Transitive V valency	20_sov_ng_ac_d_se	sov	ng	nom-acc	deranking	sent	sov	SV	APV	5.0	73.0	75.0	69.0	0.4609956253156435	0.5006669949589901	0.3822078817555662	0.11845911320342395
1_10_tran_V_valency	10_1_10_tran_V_valency	fig:heatmap-10-tran-v-valency	1.10 Transitive V valency	21_sov_ng_ac_d_pa	sov	ng	nom-acc	deranking	poss-acc	ovs	VS	PVA	5.0	72.0	69.0	77.0	0.44121571857084796	0.3822078817555662	0.5404461012900033	0.15823821953443706
1_10_tran_V_valency	10_1_10_tran_V_valency	fig:heatmap-10-tran-v-valency	1.10 Transitive V valency	22_sov_ng_ac_d_ep	sov	ng	nom-acc	deranking	erg-poss	vos	VS	AVP	5.0	75.0	73.0	72.0	0.5006669949589901	0.4609956253156435	0.44121571857084796	0.05945127638814218
1_10_tran_V_valency	10_1_10_tran_V_valency	fig:heatmap-10-tran-v-valency	1.10 Transitive V valency	23_sov_ng_ac_d_no	sov	ng	nom-acc	deranking	nomn	ovs	VS	PVA	5.0	75.0	76.0	71.0	0.5006669949589901	0.520545600501044	0.4214838855772702	0.09906171492377386
1_10_tran_V_valency	10_1_10_tran_V_valency	fig:heatmap-10-tran-v-valency	1.10 Transitive V valency	24_sov_ng_er_b_se	sov	ng	erg-abs	balancing	sent	sov	SV	APV	5.0	71.0	66.0	66.0	0.4214838855772702	0.32399079342632137	0.32399079342632137	0.09749309215094881
1_10_tran_V_valency	10_1_10_tran_V_valency	fig:heatmap-10-tran-v-valency	1.10 Transitive V valency	25_sov_ng_er_b_pa	sov	ng	erg-abs	balancing	poss-acc	ovs	VS	PVA	5.0	71.0	70.0	67.0	0.4214838855772702	0.40181045290185924	0.3432783071525648	0.07820557842470538
1_10_tran_V_valency	10_1_10_tran_V_valency	fig:heatmap-10-tran-v-valency	1.10 Transitive V valency	26_sov_ng_er_b_ep	sov	ng	erg-abs	balancing	erg-poss	vos	VS	AVP	5.0	72.0	68.0	70.0	0.44121571857084796	0.36269116941089913	0.40181045290185924	0.07852454915994883
1_10_tran_V_valency	10_1_10_tran_V_valency	fig:heatmap-10-tran-v-valency	1.10 Transitive V valency	27_sov_ng_er_b_no	sov	ng	erg-abs	balancing	nomn	ovs	VS	PVA	5.0	71.0	72.0	71.0	0.4214838855772702	0.44121571857084796	0.4214838855772702	0.01973183299357778
1_10_tran_V_valency	10_1_10_tran_V_valency	fig:heatmap-10-tran-v-valency	1.10 Transitive V valency	28_sov_ng_er_d_se	sov	ng	erg-abs	deranking	sent	sov	SV	APV	5.0	66.0	73.0	67.0	0.32399079342632137	0.4609956253156435	0.3432783071525648	0.1370048318893221
1_10_tran_V_valency	10_1_10_tran_V_valency	fig:heatmap-10-tran-v-valency	1.10 Transitive V valency	29_sov_ng_er_d_pa	sov	ng	erg-abs	deranking	poss-acc	ovs	VS	PVA	5.0	71.0	70.0	68.0	0.4214838855772702	0.40181045290185924	0.36269116941089913	0.05879271616637105
1_10_tran_V_valency	10_1_10_tran_V_valency	fig:heatmap-10-tran-v-valency	1.10 Transitive V valency	30_sov_ng_er_d_ep	sov	ng	erg-abs	deranking	erg-poss	vos	VS	AVP	5.0	71.0	68.0	74.0	0.4214838855772702	0.36269116941089913	0.4808150668439051	0.118123897433006
1_10_tran_V_valency	10_1_10_tran_V_valency	fig:heatmap-10-tran-v-valency	1.10 Transitive V valency	31_sov_ng_er_d_no	sov	ng	erg-abs	deranking	nomn	ovs	VS	PVA	5.0	68.0	69.0	70.0	0.36269116941089913	0.3822078817555662	0.40181045290185924	0.03911928349096011
1_10_tran_V_valency	10_1_10_tran_V_valency	fig:heatmap-10-tran-v-valency	1.10 Transitive V valency	32_svo_gn_ac_b_se	svo	gn	nom-acc	balancing	sent	svo	SV	AVP	5.0	85.0	83.0	86.0	0.7000866067554558	0.6601314044676043	0.7200700908352611	0.05993868636765676
1_10_tran_V_valency	10_1_10_tran_V_valency	fig:heatmap-10-tran-v-valency	1.10 Transitive V valency	33_svo_gn_ac_b_pa	svo	gn	nom-acc	balancing	poss-acc	svo	SV	AVP	5.0	80.0	82.0	81.0	0.6002430286238514	0.6401614779514829	0.6201981975224622	0.039918449327631556
1_10_tran_V_valency	10_1_10_tran_V_valency	fig:heatmap-10-tran-v-valency	1.10 Transitive V valency	34_svo_gn_ac_b_ep	svo	gn	nom-acc	balancing	erg-poss	sov	SV	PVA	5.0	81.0	81.0	84.0	0.6201981975224622	0.6201981975224622	0.6801067756461248	0.05990857812366257
1_10_tran_V_valency	10_1_10_tran_V_valency	fig:heatmap-10-tran-v-valency	1.10 Transitive V valency	35_svo_gn_ac_b_no	svo	gn	nom-acc	balancing	nomn	svo	SV	AVP	5.0	82.0	82.0	84.0	0.6401614779514829	0.6401614779514829	0.6801067756461248	0.039945297694641835
1_10_tran_V_valency	10_1_10_tran_V_valency	fig:heatmap-10-tran-v-valency	1.10 Transitive V valency	36_svo_gn_ac_d_se	svo	gn	nom-acc	deranking	sent	svo	SV	AVP	5.0	79.0	81.0	80.0	0.5802977582031614	0.6201981975224622	0.6002430286238514	0.03990043931930076
1_10_tran_V_valency	10_1_10_tran_V_valency	fig:heatmap-10-tran-v-valency	1.10 Transitive V valency	37_svo_gn_ac_d_pa	svo	gn	nom-acc	deranking	poss-acc	svo	SV	AVP	5.0	78.0	83.0	80.0	0.5603645644527729	0.6601314044676043	0.6002430286238514	0.09976684001483138
1_10_tran_V_valency	10_1_10_tran_V_valency	fig:heatmap-10-tran-v-valency	1.10 Transitive V valency	38_svo_gn_ac_d_ep	svo	gn	nom-acc	deranking	erg-poss	sov	SV	PVA	5.0	74.0	84.0	83.0	0.4808150668439051	0.6801067756461248	0.6601314044676043	0.19929170880221964
1_10_tran_V_valency	10_1_10_tran_V_valency	fig:heatmap-10-tran-v-valency	1.10 Transitive V valency	39_svo_gn_ac_d_no	svo	gn	nom-acc	deranking	nomn	svo	SV	AVP	5.0	73.0	82.0	79.0	0.4609956253156435	0.6401614779514829	0.5802977582031614	0.17916585263583945
1_10_tran_V_valency	10_1_10_tran_V_valency	fig:heatmap-10-tran-v-valency	1.10 Transitive V valency	40_svo_gn_er_b_se	svo	gn	erg-abs	balancing	sent	svo	SV	AVP	5.0	77.0	81.0	82.0	0.5404461012900033	0.6201981975224622	0.6401614779514829	0.09971537666147967
1_10_tran_V_valency	10_1_10_tran_V_valency	fig:heatmap-10-tran-v-valency	1.10 Transitive V valency	41_svo_gn_er_b_pa	svo	gn	erg-abs	balancing	poss-acc	svo	SV	AVP	5.0	81.0	87.0	86.0	0.6201981975224622	0.7400565667123037	0.7200700908352611	0.1198583691898415
1_10_tran_V_valency	10_1_10_tran_V_valency	fig:heatmap-10-tran-v-valency	1.10 Transitive V valency	42_svo_gn_er_b_ep	svo	gn	erg-abs	balancing	erg-poss	sov	SV	PVA	5.0	74.0	80.0	81.0	0.4808150668439051	0.6002430286238514	0.6201981975224622	0.13938313067855707
1_10_tran_V_valency	10_1_10_tran_V_valency	fig:heatmap-10-tran-v-valency	1.10 Transitive V valency	43_svo_gn_er_b_no	svo	gn	erg-abs	balancing	nomn	svo	SV	AVP	5.0	79.0	81.0	86.0	0.5802977582031614	0.6201981975224622	0.7200700908352611	0.13977233263209965
1_10_tran_V_valency	10_1_10_tran_V_valency	fig:heatmap-10-tran-v-valency	1.10 Transitive V valency	44_svo_gn_er_d_se	svo	gn	erg-abs	deranking	sent	svo	SV	AVP	5.0	70.0	74.0	76.0	0.40181045290185924	0.4808150668439051	0.520545600501044	0.1187351475991848
1_10_tran_V_valency	10_1_10_tran_V_valency	fig:heatmap-10-tran-v-valency	1.10 Transitive V valency	45_svo_gn_er_d_pa	svo	gn	erg-abs	deranking	poss-acc	svo	SV	AVP	5.0	72.0	77.0	78.0	0.44121571857084796	0.5404461012900033	0.5603645644527729	0.11914884588192498
1_10_tran_V_valency	10_1_10_tran_V_valency	fig:heatmap-10-tran-v-valency	1.10 Transitive V valency	46_svo_gn_er_d_ep	svo	gn	erg-abs	deranking	erg-poss	sov	SV	PVA	5.0	71.0	78.0	82.0	0.4214838855772702	0.5603645644527729	0.6401614779514829	0.21867759237421275
1_10_tran_V_valency	10_1_10_tran_V_valency	fig:heatmap-10-tran-v-valency	1.10 Transitive V valency	47_svo_gn_er_d_no	svo	gn	erg-abs	deranking	nomn	svo	SV	AVP	5.0	73.0	69.0	76.0	0.4609956253156435	0.3822078817555662	0.520545600501044	0.13833771874547784
1_10_tran_V_valency	10_1_10_tran_V_valency	fig:heatmap-10-tran-v-valency	1.10 Transitive V valency	48_svo_ng_ac_b_se	svo	ng	nom-acc	balancing	sent	svo	SV	AVP	5.0	83.0	87.0	83.0	0.6601314044676043	0.7400565667123037	0.6601314044676043	0.07992516224469937
1_10_tran_V_valency	10_1_10_tran_V_valency	fig:heatmap-10-tran-v-valency	1.10 Transitive V valency	49_svo_ng_ac_b_pa	svo	ng	nom-acc	balancing	poss-acc	vos	VS	VPA	5.0	83.0	87.0	83.0	0.6601314044676043	0.7400565667123037	0.6601314044676043	0.07992516224469937
1_10_tran_V_valency	10_1_10_tran_V_valency	fig:heatmap-10-tran-v-valency	1.10 Transitive V valency	50_svo_ng_ac_b_ep	svo	ng	nom-acc	balancing	erg-poss	vos	VS	VPA	5.0	85.0	88.0	85.0	0.7000866067554558	0.7600454927350169	0.7000866067554558	0.059958885979561116
1_10_tran_V_valency	10_1_10_tran_V_valency	fig:heatmap-10-tran-v-valency	1.10 Transitive V valency	51_svo_ng_ac_b_no	svo	ng	nom-acc	balancing	nomn	vos	VS	VPA	5.0	86.0	89.0	85.0	0.7200700908352611	0.7800364252161309	0.7000866067554558	0.07994981846067517
1_10_tran_V_valency	10_1_10_tran_V_valency	fig:heatmap-10-tran-v-valency	1.10 Transitive V valency	52_svo_ng_ac_d_se	svo	ng	nom-acc	deranking	sent	svo	SV	AVP	5.0	83.0	86.0	82.0	0.6601314044676043	0.7200700908352611	0.6401614779514829	0.07990861288377815
1_10_tran_V_valency	10_1_10_tran_V_valency	fig:heatmap-10-tran-v-valency	1.10 Transitive V valency	53_svo_ng_ac_d_pa	svo	ng	nom-acc	deranking	poss-acc	vos	VS	VPA	5.0	81.0	84.0	79.0	0.6201981975224622	0.6801067756461248	0.5802977582031614	0.09980901744296333
1_10_tran_V_valency	10_1_10_tran_V_valency	fig:heatmap-10-tran-v-valency	1.10 Transitive V valency	54_svo_ng_ac_d_ep	svo	ng	nom-acc	deranking	erg-poss	vos	VS	VPA	5.0	82.0	86.0	82.0	0.6401614779514829	0.7200700908352611	0.6401614779514829	0.07990861288377815
1_10_tran_V_valency	10_1_10_tran_V_valency	fig:heatmap-10-tran-v-valency	1.10 Transitive V valency	55_svo_ng_ac_d_no	svo	ng	nom-acc	deranking	nomn	vos	VS	VPA	5.0	80.0	84.0	83.0	0.6002430286238514	0.6801067756461248	0.6601314044676043	0.07986374702227339
1_10_tran_V_valency	10_1_10_tran_V_valency	fig:heatmap-10-tran-v-valency	1.10 Transitive V valency	56_svo_ng_er_b_se	svo	ng	erg-abs	balancing	sent	svo	SV	AVP	5.0	77.0	77.0	76.0	0.5404461012900033	0.5404461012900033	0.520545600501044	0.01990050078895922
1_10_tran_V_valency	10_1_10_tran_V_valency	fig:heatmap-10-tran-v-valency	1.10 Transitive V valency	57_svo_ng_er_b_pa	svo	ng	erg-abs	balancing	poss-acc	vos	VS	VPA	5.0	73.0	77.0	79.0	0.4609956253156435	0.5404461012900033	0.5802977582031614	0.11930213288751795
1_10_tran_V_valency	10_1_10_tran_V_valency	fig:heatmap-10-tran-v-valency	1.10 Transitive V valency	58_svo_ng_er_b_ep	svo	ng	erg-abs	balancing	erg-poss	vos	VS	VPA	5.0	71.0	79.0	82.0	0.4214838855772702	0.5802977582031614	0.6401614779514829	0.21867759237421275
1_10_tran_V_valency	10_1_10_tran_V_valency	fig:heatmap-10-tran-v-valency	1.10 Transitive V valency	59_svo_ng_er_b_no	svo	ng	erg-abs	balancing	nomn	vos	VS	VPA	5.0	76.0	81.0	78.0	0.520545600501044	0.6201981975224622	0.5603645644527729	0.09965259702141815
1_10_tran_V_valency	10_1_10_tran_V_valency	fig:heatmap-10-tran-v-valency	1.10 Transitive V valency	60_svo_ng_er_d_se	svo	ng	erg-abs	deranking	sent	svo	SV	AVP	5.0	71.0	72.0	69.0	0.4214838855772702	0.44121571857084796	0.3822078817555662	0.05900783681528177
1_10_tran_V_valency	10_1_10_tran_V_valency	fig:heatmap-10-tran-v-valency	1.10 Transitive V valency	61_svo_ng_er_d_pa	svo	ng	erg-abs	deranking	poss-acc	vos	VS	VPA	5.0	70.0	71.0	77.0	0.40181045290185924	0.4214838855772702	0.5404461012900033	0.13863564838814402
1_10_tran_V_valency	10_1_10_tran_V_valency	fig:heatmap-10-tran-v-valency	1.10 Transitive V valency	62_svo_ng_er_d_ep	svo	ng	erg-abs	deranking	erg-poss	vos	VS	VPA	5.0	68.0	75.0	72.0	0.36269116941089913	0.5006669949589901	0.44121571857084796	0.137975825548091
1_10_tran_V_valency	10_1_10_tran_V_valency	fig:heatmap-10-tran-v-valency	1.10 Transitive V valency	63_svo_ng_er_d_no	svo	ng	erg-abs	deranking	nomn	vos	VS	VPA	5.0	66.0	74.0	78.0	0.32399079342632137	0.4808150668439051	0.5603645644527729	0.23637377102645157
1_10_tran_V_valency	10_1_10_tran_V_valency	fig:heatmap-10-tran-v-valency	1.10 Transitive V valency	64_vos_gn_ac_b_se	vos	gn	nom-acc	balancing	sent	vos	VS	VPA	5.0	73.0	74.0	70.0	0.4609956253156435	0.4808150668439051	0.40181045290185924	0.07900461394204589
1_10_tran_V_valency	10_1_10_tran_V_valency	fig:heatmap-10-tran-v-valency	1.10 Transitive V valency	65_vos_gn_ac_b_pa	vos	gn	nom-acc	balancing	poss-acc	svo	SV	AVP	5.0	71.0	72.0	70.0	0.4214838855772702	0.44121571857084796	0.40181045290185924	0.03940526566898872
1_10_tran_V_valency	10_1_10_tran_V_valency	fig:heatmap-10-tran-v-valency	1.10 Transitive V valency	66_vos_gn_ac_b_ep	vos	gn	nom-acc	balancing	erg-poss	sov	SV	PVA	5.0	72.0	71.0	73.0	0.44121571857084796	0.4214838855772702	0.4609956253156435	0.0395117397383733
1_10_tran_V_valency	10_1_10_tran_V_valency	fig:heatmap-10-tran-v-valency	1.10 Transitive V valency	67_vos_gn_ac_b_no	vos	gn	nom-acc	balancing	nomn	svo	SV	AVP	5.0	72.0	76.0	70.0	0.44121571857084796	0.520545600501044	0.40181045290185924	0.1187351475991848
1_10_tran_V_valency	10_1_10_tran_V_valency	fig:heatmap-10-tran-v-valency	1.10 Transitive V valency	68_vos_gn_ac_d_se	vos	gn	nom-acc	deranking	sent	vos	VS	VPA	5.0	69.0	75.0	69.0	0.3822078817555662	0.5006669949589901	0.3822078817555662	0.11845911320342395
1_10_tran_V_valency	10_1_10_tran_V_valency	fig:heatmap-10-tran-v-valency	1.10 Transitive V valency	69_vos_gn_ac_d_pa	vos	gn	nom-acc	deranking	poss-acc	svo	SV	AVP	5.0	74.0	72.0	73.0	0.4808150668439051	0.44121571857084796	0.4609956253156435	0.03959934827305717
1_10_tran_V_valency	10_1_10_tran_V_valency	fig:heatmap-10-tran-v-valency	1.10 Transitive V valency	70_vos_gn_ac_d_ep	vos	gn	nom-acc	deranking	erg-poss	sov	SV	PVA	5.0	75.0	76.0	71.0	0.5006669949589901	0.520545600501044	0.4214838855772702	0.09906171492377386
1_10_tran_V_valency	10_1_10_tran_V_valency	fig:heatmap-10-tran-v-valency	1.10 Transitive V valency	71_vos_gn_ac_d_no	vos	gn	nom-acc	deranking	nomn	svo	SV	AVP	5.0	72.0	73.0	75.0	0.44121571857084796	0.4609956253156435	0.5006669949589901	0.05945127638814218
1_10_tran_V_valency	10_1_10_tran_V_valency	fig:heatmap-10-tran-v-valency	1.10 Transitive V valency	72_vos_gn_er_b_se	vos	gn	erg-abs	balancing	sent	vos	VS	VPA	5.0	73.0	73.0	79.0	0.4609956253156435	0.4609956253156435	0.5802977582031614	0.11930213288751795
1_10_tran_V_valency	10_1_10_tran_V_valency	fig:heatmap-10-tran-v-valency	1.10 Transitive V valency	73_vos_gn_er_b_pa	vos	gn	erg-abs	balancing	poss-acc	svo	SV	AVP	5.0	73.0	76.0	74.0	0.4609956253156435	0.520545600501044	0.4808150668439051	0.05954997518540056
1_10_tran_V_valency	10_1_10_tran_V_valency	fig:heatmap-10-tran-v-valency	1.10 Transitive V valency	74_vos_gn_er_b_ep	vos	gn	erg-abs	balancing	erg-poss	sov	SV	PVA	5.0	75.0	72.0	73.0	0.5006669949589901	0.44121571857084796	0.4609956253156435	0.05945127638814218
1_10_tran_V_valency	10_1_10_tran_V_valency	fig:heatmap-10-tran-v-valency	1.10 Transitive V valency	75_vos_gn_er_b_no	vos	gn	erg-abs	balancing	nomn	svo	SV	AVP	5.0	78.0	74.0	74.0	0.5603645644527729	0.4808150668439051	0.4808150668439051	0.07954949760886781
1_10_tran_V_valency	10_1_10_tran_V_valency	fig:heatmap-10-tran-v-valency	1.10 Transitive V valency	76_vos_gn_er_d_se	vos	gn	erg-abs	deranking	sent	vos	VS	VPA	5.0	77.0	74.0	77.0	0.5404461012900033	0.4808150668439051	0.5404461012900033	0.05963103444609813
1_10_tran_V_valency	10_1_10_tran_V_valency	fig:heatmap-10-tran-v-valency	1.10 Transitive V valency	77_vos_gn_er_d_pa	vos	gn	erg-abs	deranking	poss-acc	svo	SV	AVP	5.0	74.0	75.0	79.0	0.4808150668439051	0.5006669949589901	0.5802977582031614	0.0994826913592563
1_10_tran_V_valency	10_1_10_tran_V_valency	fig:heatmap-10-tran-v-valency	1.10 Transitive V valency	78_vos_gn_er_d_ep	vos	gn	erg-abs	deranking	erg-poss	sov	SV	PVA	5.0	78.0	72.0	71.0	0.5603645644527729	0.44121571857084796	0.4214838855772702	0.13888067887550276
1_10_tran_V_valency	10_1_10_tran_V_valency	fig:heatmap-10-tran-v-valency	1.10 Transitive V valency	79_vos_gn_er_d_no	vos	gn	erg-abs	deranking	nomn	svo	SV	AVP	5.0	73.0	75.0	77.0	0.4609956253156435	0.5006669949589901	0.5404461012900033	0.07945047597435978
1_10_tran_V_valency	10_1_10_tran_V_valency	fig:heatmap-10-tran-v-valency	1.10 Transitive V valency	80_vos_ng_ac_b_se	vos	ng	nom-acc	balancing	sent	vos	VS	VPA	5.0	73.0	76.0	74.0	0.4609956253156435	0.520545600501044	0.4808150668439051	0.05954997518540056
1_10_tran_V_valency	10_1_10_tran_V_valency	fig:heatmap-10-tran-v-valency	1.10 Transitive V valency	81_vos_ng_ac_b_pa	vos	ng	nom-acc	balancing	poss-acc	vos	VS	VPA	5.0	72.0	75.0	70.0	0.44121571857084796	0.5006669949589901	0.40181045290185924	0.0988565420571309
1_10_tran_V_valency	10_1_10_tran_V_valency	fig:heatmap-10-tran-v-valency	1.10 Transitive V valency	82_vos_ng_ac_b_ep	vos	ng	nom-acc	balancing	erg-poss	vos	VS	VPA	5.0	71.0	75.0	74.0	0.4214838855772702	0.5006669949589901	0.4808150668439051	0.07918310938171996
1_10_tran_V_valency	10_1_10_tran_V_valency	fig:heatmap-10-tran-v-valency	1.10 Transitive V valency	83_vos_ng_ac_b_no	vos	ng	nom-acc	balancing	nomn	vos	VS	VPA	5.0	73.0	73.0	74.0	0.4609956253156435	0.4609956253156435	0.4808150668439051	0.01981944152826165
1_10_tran_V_valency	10_1_10_tran_V_valency	fig:heatmap-10-tran-v-valency	1.10 Transitive V valency	84_vos_ng_ac_d_se	vos	ng	nom-acc	deranking	sent	vos	VS	VPA	5.0	74.0	78.0	73.0	0.4808150668439051	0.5603645644527729	0.4609956253156435	0.09936893913712946
1_10_tran_V_valency	10_1_10_tran_V_valency	fig:heatmap-10-tran-v-valency	1.10 Transitive V valency	85_vos_ng_ac_d_pa	vos	ng	nom-acc	deranking	poss-acc	vos	VS	VPA	5.0	76.0	73.0	82.0	0.520545600501044	0.4609956253156435	0.6401614779514829	0.17916585263583945
1_10_tran_V_valency	10_1_10_tran_V_valency	fig:heatmap-10-tran-v-valency	1.10 Transitive V valency	86_vos_ng_ac_d_ep	vos	ng	nom-acc	deranking	erg-poss	vos	VS	VPA	5.0	71.0	72.0	77.0	0.4214838855772702	0.44121571857084796	0.5404461012900033	0.11896221571273308
1_10_tran_V_valency	10_1_10_tran_V_valency	fig:heatmap-10-tran-v-valency	1.10 Transitive V valency	87_vos_ng_ac_d_no	vos	ng	nom-acc	deranking	nomn	vos	VS	VPA	5.0	75.0	75.0	74.0	0.5006669949589901	0.5006669949589901	0.4808150668439051	0.019851928115085016
1_10_tran_V_valency	10_1_10_tran_V_valency	fig:heatmap-10-tran-v-valency	1.10 Transitive V valency	88_vos_ng_er_b_se	vos	ng	erg-abs	balancing	sent	vos	VS	VPA	5.0	74.0	77.0	75.0	0.4808150668439051	0.5404461012900033	0.5006669949589901	0.05963103444609813
1_10_tran_V_valency	10_1_10_tran_V_valency	fig:heatmap-10-tran-v-valency	1.10 Transitive V valency	89_vos_ng_er_b_pa	vos	ng	erg-abs	balancing	poss-acc	vos	VS	VPA	5.0	80.0	78.0	75.0	0.6002430286238514	0.5603645644527729	0.5006669949589901	0.09957603366486123
1_10_tran_V_valency	10_1_10_tran_V_valency	fig:heatmap-10-tran-v-valency	1.10 Transitive V valency	90_vos_ng_er_b_ep	vos	ng	erg-abs	balancing	erg-poss	vos	VS	VPA	5.0	80.0	76.0	78.0	0.6002430286238514	0.520545600501044	0.5603645644527729	0.07969742812280733
1_10_tran_V_valency	10_1_10_tran_V_valency	fig:heatmap-10-tran-v-valency	1.10 Transitive V valency	91_vos_ng_er_b_no	vos	ng	erg-abs	balancing	nomn	vos	VS	VPA	5.0	81.0	76.0	74.0	0.6201981975224622	0.520545600501044	0.4808150668439051	0.13938313067855707
1_10_tran_V_valency	10_1_10_tran_V_valency	fig:heatmap-10-tran-v-valency	1.10 Transitive V valency	92_vos_ng_er_d_se	vos	ng	erg-abs	deranking	sent	vos	VS	VPA	5.0	78.0	80.0	77.0	0.5603645644527729	0.6002430286238514	0.5404461012900033	0.059796927333848116
1_10_tran_V_valency	10_1_10_tran_V_valency	fig:heatmap-10-tran-v-valency	1.10 Transitive V valency	93_vos_ng_er_d_pa	vos	ng	erg-abs	deranking	poss-acc	vos	VS	VPA	5.0	79.0	77.0	80.0	0.5802977582031614	0.5404461012900033	0.6002430286238514	0.059796927333848116
1_10_tran_V_valency	10_1_10_tran_V_valency	fig:heatmap-10-tran-v-valency	1.10 Transitive V valency	94_vos_ng_er_d_ep	vos	ng	erg-abs	deranking	erg-poss	vos	VS	VPA	5.0	80.0	80.0	77.0	0.6002430286238514	0.6002430286238514	0.5404461012900033	0.059796927333848116
1_10_tran_V_valency	10_1_10_tran_V_valency	fig:heatmap-10-tran-v-valency	1.10 Transitive V valency	95_vos_ng_er_d_no	vos	ng	erg-abs	deranking	nomn	vos	VS	VPA	5.0	77.0	77.0	77.0	0.5404461012900033	0.5404461012900033	0.5404461012900033	0.0
2_1_intran_gen_marker	11_2_1_intran_gen_marker	fig:heatmap-11-intran-gen-marker	2.1 Intransitive genitive marker	00_sov_gn_ac_b_se	sov	gn	nom-acc	balancing	sent	sov	SV	APV	5.0	98.0	98.0	97.0	0.9600022327543785	0.9600022327543785	0.9400037321744893	0.019998500579889167
2_1_intran_gen_marker	11_2_1_intran_gen_marker	fig:heatmap-11-intran-gen-marker	2.1 Intransitive genitive marker	01_sov_gn_ac_b_pa	sov	gn	nom-acc	balancing	poss-acc	sov	SV	APV	5.0	99.0	96.0	97.0	0.9800010051162833	0.9200055635398481	0.9400037321744893	0.059995441576435216
2_1_intran_gen_marker	11_2_1_intran_gen_marker	fig:heatmap-11-intran-gen-marker	2.1 Intransitive genitive marker	02_sov_gn_ac_b_ep	sov	gn	nom-acc	balancing	erg-poss	sov	SV	APV	5.0	98.0	95.0	98.0	0.9600022327543785	0.9000078003290506	0.9600022327543785	0.05999443242532787
2_1_intran_gen_marker	11_2_1_intran_gen_marker	fig:heatmap-11-intran-gen-marker	2.1 Intransitive genitive marker	03_sov_gn_ac_b_no	sov	gn	nom-acc	balancing	nomn	sov	SV	APV	5.0	97.0	97.0	98.0	0.9400037321744893	0.9400037321744893	0.9600022327543785	0.019998500579889167
2_1_intran_gen_marker	11_2_1_intran_gen_marker	fig:heatmap-11-intran-gen-marker	2.1 Intransitive genitive marker	04_sov_gn_ac_d_se	sov	gn	nom-acc	deranking	sent	sov	SV	APV	5.0	99.0	97.0	97.0	0.9800010051162833	0.9400037321744893	0.9400037321744893	0.039997272941794004
2_1_intran_gen_marker	11_2_1_intran_gen_marker	fig:heatmap-11-intran-gen-marker	2.1 Intransitive genitive marker	05_sov_gn_ac_d_pa	sov	gn	nom-acc	deranking	poss-acc	sov	SV	APV	5.0	100.0	96.0	98.0	1.0	0.9200055635398481	0.9600022327543785	0.07999443646015192
2_1_intran_gen_marker	11_2_1_intran_gen_marker	fig:heatmap-11-intran-gen-marker	2.1 Intransitive genitive marker	06_sov_gn_ac_d_ep	sov	gn	nom-acc	deranking	erg-poss	sov	SV	APV	5.0	97.0	96.0	99.0	0.9400037321744893	0.9200055635398481	0.9800010051162833	0.059995441576435216
2_1_intran_gen_marker	11_2_1_intran_gen_marker	fig:heatmap-11-intran-gen-marker	2.1 Intransitive genitive marker	07_sov_gn_ac_d_no	sov	gn	nom-acc	deranking	nomn	sov	SV	APV	5.0	98.0	97.0	98.0	0.9600022327543785	0.9400037321744893	0.9600022327543785	0.019998500579889167
2_1_intran_gen_marker	11_2_1_intran_gen_marker	fig:heatmap-11-intran-gen-marker	2.1 Intransitive genitive marker	08_sov_gn_er_b_se	sov	gn	erg-abs	balancing	sent	sov	SV	APV	5.0	74.0	76.0	75.0	0.4808150668439051	0.520545600501044	0.5006669949589901	0.03973053365713891
2_1_intran_gen_marker	11_2_1_intran_gen_marker	fig:heatmap-11-intran-gen-marker	2.1 Intransitive genitive marker	09_sov_gn_er_b_pa	sov	gn	erg-abs	balancing	poss-acc	sov	SV	APV	5.0	76.0	76.0	74.0	0.520545600501044	0.520545600501044	0.4808150668439051	0.03973053365713891
2_1_intran_gen_marker	11_2_1_intran_gen_marker	fig:heatmap-11-intran-gen-marker	2.1 Intransitive genitive marker	10_sov_gn_er_b_ep	sov	gn	erg-abs	balancing	erg-poss	sov	SV	APV	5.0	74.0	76.0	76.0	0.4808150668439051	0.520545600501044	0.520545600501044	0.03973053365713891
2_1_intran_gen_marker	11_2_1_intran_gen_marker	fig:heatmap-11-intran-gen-marker	2.1 Intransitive genitive marker	11_sov_gn_er_b_no	sov	gn	erg-abs	balancing	nomn	sov	SV	APV	5.0	76.0	74.0	76.0	0.520545600501044	0.4808150668439051	0.520545600501044	0.03973053365713891
2_1_intran_gen_marker	11_2_1_intran_gen_marker	fig:heatmap-11-intran-gen-marker	2.1 Intransitive genitive marker	12_sov_gn_er_d_se	sov	gn	erg-abs	deranking	sent	sov	SV	APV	5.0	78.0	74.0	75.0	0.5603645644527729	0.4808150668439051	0.5006669949589901	0.07954949760886781
2_1_intran_gen_marker	11_2_1_intran_gen_marker	fig:heatmap-11-intran-gen-marker	2.1 Intransitive genitive marker	13_sov_gn_er_d_pa	sov	gn	erg-abs	deranking	poss-acc	sov	SV	APV	5.0	78.0	77.0	75.0	0.5603645644527729	0.5404461012900033	0.5006669949589901	0.0596975694937828
2_1_intran_gen_marker	11_2_1_intran_gen_marker	fig:heatmap-11-intran-gen-marker	2.1 Intransitive genitive marker	14_sov_gn_er_d_ep	sov	gn	erg-abs	deranking	erg-poss	sov	SV	APV	5.0	78.0	75.0	78.0	0.5603645644527729	0.5006669949589901	0.5603645644527729	0.0596975694937828
2_1_intran_gen_marker	11_2_1_intran_gen_marker	fig:heatmap-11-intran-gen-marker	2.1 Intransitive genitive marker	15_sov_gn_er_d_no	sov	gn	erg-abs	deranking	nomn	sov	SV	APV	5.0	77.0	76.0	77.0	0.5404461012900033	0.520545600501044	0.5404461012900033	0.01990050078895922
2_1_intran_gen_marker	11_2_1_intran_gen_marker	fig:heatmap-11-intran-gen-marker	2.1 Intransitive genitive marker	16_sov_ng_ac_b_se	sov	ng	nom-acc	balancing	sent	sov	SV	APV	5.0	74.0	74.0	72.0	0.4808150668439051	0.4808150668439051	0.44121571857084796	0.03959934827305717
2_1_intran_gen_marker	11_2_1_intran_gen_marker	fig:heatmap-11-intran-gen-marker	2.1 Intransitive genitive marker	17_sov_ng_ac_b_pa	sov	ng	nom-acc	balancing	poss-acc	ovs	VS	PVA	5.0	74.0	75.0	73.0	0.4808150668439051	0.5006669949589901	0.4609956253156435	0.039671369643346666
2_1_intran_gen_marker	11_2_1_intran_gen_marker	fig:heatmap-11-intran-gen-marker	2.1 Intransitive genitive marker	18_sov_ng_ac_b_ep	sov	ng	nom-acc	balancing	erg-poss	vos	VS	AVP	5.0	77.0	77.0	74.0	0.5404461012900033	0.5404461012900033	0.4808150668439051	0.05963103444609813
2_1_intran_gen_marker	11_2_1_intran_gen_marker	fig:heatmap-11-intran-gen-marker	2.1 Intransitive genitive marker	19_sov_ng_ac_b_no	sov	ng	nom-acc	balancing	nomn	ovs	VS	PVA	5.0	78.0	73.0	73.0	0.5603645644527729	0.4609956253156435	0.4609956253156435	0.09936893913712946
2_1_intran_gen_marker	11_2_1_intran_gen_marker	fig:heatmap-11-intran-gen-marker	2.1 Intransitive genitive marker	20_sov_ng_ac_d_se	sov	ng	nom-acc	deranking	sent	sov	SV	APV	5.0	72.0	73.0	77.0	0.44121571857084796	0.4609956253156435	0.5404461012900033	0.0992303827191553
2_1_intran_gen_marker	11_2_1_intran_gen_marker	fig:heatmap-11-intran-gen-marker	2.1 Intransitive genitive marker	21_sov_ng_ac_d_pa	sov	ng	nom-acc	deranking	poss-acc	ovs	VS	PVA	5.0	71.0	77.0	79.0	0.4214838855772702	0.5404461012900033	0.5802977582031614	0.15881387262589125
2_1_intran_gen_marker	11_2_1_intran_gen_marker	fig:heatmap-11-intran-gen-marker	2.1 Intransitive genitive marker	22_sov_ng_ac_d_ep	sov	ng	nom-acc	deranking	erg-poss	vos	VS	AVP	5.0	79.0	76.0	75.0	0.5802977582031614	0.520545600501044	0.5006669949589901	0.07963076324417129
2_1_intran_gen_marker	11_2_1_intran_gen_marker	fig:heatmap-11-intran-gen-marker	2.1 Intransitive genitive marker	23_sov_ng_ac_d_no	sov	ng	nom-acc	deranking	nomn	ovs	VS	PVA	5.0	77.0	75.0	77.0	0.5404461012900033	0.5006669949589901	0.5404461012900033	0.039779106331013114
2_1_intran_gen_marker	11_2_1_intran_gen_marker	fig:heatmap-11-intran-gen-marker	2.1 Intransitive genitive marker	24_sov_ng_er_b_se	sov	ng	erg-abs	balancing	sent	sov	SV	APV	5.0	91.0	84.0	90.0	0.8200229216960366	0.6801067756461248	0.8000290007473678	0.13991614604991187
2_1_intran_gen_marker	11_2_1_intran_gen_marker	fig:heatmap-11-intran-gen-marker	2.1 Intransitive genitive marker	25_sov_ng_er_b_pa	sov	ng	erg-abs	balancing	poss-acc	ovs	VS	PVA	5.0	95.0	92.0	90.0	0.9000078003290506	0.8400179443146094	0.8000290007473678	0.09997879958168276
2_1_intran_gen_marker	11_2_1_intran_gen_marker	fig:heatmap-11-intran-gen-marker	2.1 Intransitive genitive marker	26_sov_ng_er_b_ep	sov	ng	erg-abs	balancing	erg-poss	vos	VS	AVP	5.0	92.0	94.0	91.0	0.8400179443146094	0.880010532281679	0.8200229216960366	0.05998761058564239
2_1_intran_gen_marker	11_2_1_intran_gen_marker	fig:heatmap-11-intran-gen-marker	2.1 Intransitive genitive marker	27_sov_ng_er_b_no	sov	ng	erg-abs	balancing	nomn	ovs	VS	PVA	5.0	91.0	89.0	93.0	0.8200229216960366	0.7800364252161309	0.8600138689949057	0.0799774437787748
2_1_intran_gen_marker	11_2_1_intran_gen_marker	fig:heatmap-11-intran-gen-marker	2.1 Intransitive genitive marker	28_sov_ng_er_d_se	sov	ng	erg-abs	deranking	sent	sov	SV	APV	5.0	87.0	93.0	89.0	0.7400565667123037	0.8600138689949057	0.7800364252161309	0.11995730228260204
2_1_intran_gen_marker	11_2_1_intran_gen_marker	fig:heatmap-11-intran-gen-marker	2.1 Intransitive genitive marker	29_sov_ng_er_d_pa	sov	ng	erg-abs	deranking	poss-acc	ovs	VS	PVA	5.0	91.0	92.0	90.0	0.8200229216960366	0.8400179443146094	0.8000290007473678	0.039988943567241586
2_1_intran_gen_marker	11_2_1_intran_gen_marker	fig:heatmap-11-intran-gen-marker	2.1 Intransitive genitive marker	30_sov_ng_er_d_ep	sov	ng	erg-abs	deranking	erg-poss	vos	VS	AVP	5.0	91.0	94.0	95.0	0.8200229216960366	0.880010532281679	0.9000078003290506	0.07998487863301396
2_1_intran_gen_marker	11_2_1_intran_gen_marker	fig:heatmap-11-intran-gen-marker	2.1 Intransitive genitive marker	31_sov_ng_er_d_no	sov	ng	erg-abs	deranking	nomn	ovs	VS	PVA	5.0	93.0	92.0	93.0	0.8600138689949057	0.8400179443146094	0.8600138689949057	0.019995924680296318
2_1_intran_gen_marker	11_2_1_intran_gen_marker	fig:heatmap-11-intran-gen-marker	2.1 Intransitive genitive marker	32_svo_gn_ac_b_se	svo	gn	nom-acc	balancing	sent	svo	SV	AVP	5.0	100.0	99.0	100.0	1.0	0.9800010051162833	1.0	0.019998994883716703
2_1_intran_gen_marker	11_2_1_intran_gen_marker	fig:heatmap-11-intran-gen-marker	2.1 Intransitive genitive marker	33_svo_gn_ac_b_pa	svo	gn	nom-acc	balancing	poss-acc	svo	SV	AVP	5.0	99.0	99.0	100.0	0.9800010051162833	0.9800010051162833	1.0	0.019998994883716703
2_1_intran_gen_marker	11_2_1_intran_gen_marker	fig:heatmap-11-intran-gen-marker	2.1 Intransitive genitive marker	34_svo_gn_ac_b_ep	svo	gn	nom-acc	balancing	erg-poss	sov	SV	PVA	5.0	100.0	100.0	100.0	1.0	1.0	1.0	0.0
2_1_intran_gen_marker	11_2_1_intran_gen_marker	fig:heatmap-11-intran-gen-marker	2.1 Intransitive genitive marker	35_svo_gn_ac_b_no	svo	gn	nom-acc	balancing	nomn	svo	SV	AVP	5.0	99.0	99.0	100.0	0.9800010051162833	0.9800010051162833	1.0	0.019998994883716703
2_1_intran_gen_marker	11_2_1_intran_gen_marker	fig:heatmap-11-intran-gen-marker	2.1 Intransitive genitive marker	36_svo_gn_ac_d_se	svo	gn	nom-acc	deranking	sent	svo	SV	AVP	5.0	99.0	100.0	98.0	0.9800010051162833	1.0	0.9600022327543785	0.03999776724562154
2_1_intran_gen_marker	11_2_1_intran_gen_marker	fig:heatmap-11-intran-gen-marker	2.1 Intransitive genitive marker	37_svo_gn_ac_d_pa	svo	gn	nom-acc	deranking	poss-acc	svo	SV	AVP	5.0	100.0	100.0	99.0	1.0	1.0	0.9800010051162833	0.019998994883716703
2_1_intran_gen_marker	11_2_1_intran_gen_marker	fig:heatmap-11-intran-gen-marker	2.1 Intransitive genitive marker	38_svo_gn_ac_d_ep	svo	gn	nom-acc	deranking	erg-poss	sov	SV	PVA	5.0	100.0	99.0	100.0	1.0	0.9800010051162833	1.0	0.019998994883716703
2_1_intran_gen_marker	11_2_1_intran_gen_marker	fig:heatmap-11-intran-gen-marker	2.1 Intransitive genitive marker	39_svo_gn_ac_d_no	svo	gn	nom-acc	deranking	nomn	svo	SV	AVP	5.0	99.0	99.0	100.0	0.9800010051162833	0.9800010051162833	1.0	0.019998994883716703
2_1_intran_gen_marker	11_2_1_intran_gen_marker	fig:heatmap-11-intran-gen-marker	2.1 Intransitive genitive marker	40_svo_gn_er_b_se	svo	gn	erg-abs	balancing	sent	svo	SV	AVP	5.0	99.0	99.0	94.0	0.9800010051162833	0.9800010051162833	0.880010532281679	0.09999047283460427
2_1_intran_gen_marker	11_2_1_intran_gen_marker	fig:heatmap-11-intran-gen-marker	2.1 Intransitive genitive marker	41_svo_gn_er_b_pa	svo	gn	erg-abs	balancing	poss-acc	svo	SV	AVP	5.0	99.0	99.0	100.0	0.9800010051162833	0.9800010051162833	1.0	0.019998994883716703
2_1_intran_gen_marker	11_2_1_intran_gen_marker	fig:heatmap-11-intran-gen-marker	2.1 Intransitive genitive marker	42_svo_gn_er_b_ep	svo	gn	erg-abs	balancing	erg-poss	sov	SV	PVA	5.0	98.0	100.0	99.0	0.9600022327543785	1.0	0.9800010051162833	0.03999776724562154
2_1_intran_gen_marker	11_2_1_intran_gen_marker	fig:heatmap-11-intran-gen-marker	2.1 Intransitive genitive marker	43_svo_gn_er_b_no	svo	gn	erg-abs	balancing	nomn	svo	SV	AVP	5.0	100.0	100.0	98.0	1.0	1.0	0.9600022327543785	0.03999776724562154
2_1_intran_gen_marker	11_2_1_intran_gen_marker	fig:heatmap-11-intran-gen-marker	2.1 Intransitive genitive marker	44_svo_gn_er_d_se	svo	gn	erg-abs	deranking	sent	svo	SV	AVP	5.0	99.0	100.0	100.0	0.9800010051162833	1.0	1.0	0.019998994883716703
2_1_intran_gen_marker	11_2_1_intran_gen_marker	fig:heatmap-11-intran-gen-marker	2.1 Intransitive genitive marker	45_svo_gn_er_d_pa	svo	gn	erg-abs	deranking	poss-acc	svo	SV	AVP	5.0	99.0	99.0	100.0	0.9800010051162833	0.9800010051162833	1.0	0.019998994883716703
2_1_intran_gen_marker	11_2_1_intran_gen_marker	fig:heatmap-11-intran-gen-marker	2.1 Intransitive genitive marker	46_svo_gn_er_d_ep	svo	gn	erg-abs	deranking	erg-poss	sov	SV	PVA	5.0	99.0	99.0	100.0	0.9800010051162833	0.9800010051162833	1.0	0.019998994883716703
2_1_intran_gen_marker	11_2_1_intran_gen_marker	fig:heatmap-11-intran-gen-marker	2.1 Intransitive genitive marker	47_svo_gn_er_d_no	svo	gn	erg-abs	deranking	nomn	svo	SV	AVP	5.0	99.0	99.0	100.0	0.9800010051162833	0.9800010051162833	1.0	0.019998994883716703
2_1_intran_gen_marker	11_2_1_intran_gen_marker	fig:heatmap-11-intran-gen-marker	2.1 Intransitive genitive marker	48_svo_ng_ac_b_se	svo	ng	nom-acc	balancing	sent	svo	SV	AVP	5.0	95.0	95.0	95.0	0.9000078003290506	0.9000078003290506	0.9000078003290506	0.0
2_1_intran_gen_marker	11_2_1_intran_gen_marker	fig:heatmap-11-intran-gen-marker	2.1 Intransitive genitive marker	49_svo_ng_ac_b_pa	svo	ng	nom-acc	balancing	poss-acc	vos	VS	VPA	5.0	91.0	93.0	95.0	0.8200229216960366	0.8600138689949057	0.9000078003290506	0.07998487863301396
2_1_intran_gen_marker	11_2_1_intran_gen_marker	fig:heatmap-11-intran-gen-marker	2.1 Intransitive genitive marker	50_svo_ng_ac_b_ep	svo	ng	nom-acc	balancing	erg-poss	vos	VS	VPA	5.0	96.0	98.0	97.0	0.9200055635398481	0.9600022327543785	0.9400037321744893	0.03999666921453038
2_1_intran_gen_marker	11_2_1_intran_gen_marker	fig:heatmap-11-intran-gen-marker	2.1 Intransitive genitive marker	51_svo_ng_ac_b_no	svo	ng	nom-acc	balancing	nomn	vos	VS	VPA	5.0	96.0	100.0	94.0	0.9200055635398481	1.0	0.880010532281679	0.11998946771832097
2_1_intran_gen_marker	11_2_1_intran_gen_marker	fig:heatmap-11-intran-gen-marker	2.1 Intransitive genitive marker	52_svo_ng_ac_d_se	svo	ng	nom-acc	deranking	sent	svo	SV	AVP	5.0	93.0	95.0	95.0	0.8600138689949057	0.9000078003290506	0.9000078003290506	0.03999393133414486
2_1_intran_gen_marker	11_2_1_intran_gen_marker	fig:heatmap-11-intran-gen-marker	2.1 Intransitive genitive marker	53_svo_ng_ac_d_pa	svo	ng	nom-acc	deranking	poss-acc	vos	VS	VPA	5.0	95.0	94.0	94.0	0.9000078003290506	0.880010532281679	0.880010532281679	0.019997268047371564
2_1_intran_gen_marker	11_2_1_intran_gen_marker	fig:heatmap-11-intran-gen-marker	2.1 Intransitive genitive marker	54_svo_ng_ac_d_ep	svo	ng	nom-acc	deranking	erg-poss	vos	VS	VPA	5.0	96.0	95.0	94.0	0.9200055635398481	0.9000078003290506	0.880010532281679	0.039995031258169056
2_1_intran_gen_marker	11_2_1_intran_gen_marker	fig:heatmap-11-intran-gen-marker	2.1 Intransitive genitive marker	55_svo_ng_ac_d_no	svo	ng	nom-acc	deranking	nomn	vos	VS	VPA	5.0	95.0	95.0	97.0	0.9000078003290506	0.9000078003290506	0.9400037321744893	0.039995931845438704
2_1_intran_gen_marker	11_2_1_intran_gen_marker	fig:heatmap-11-intran-gen-marker	2.1 Intransitive genitive marker	56_svo_ng_er_b_se	svo	ng	erg-abs	balancing	sent	svo	SV	AVP	5.0	94.0	99.0	98.0	0.880010532281679	0.9800010051162833	0.9600022327543785	0.09999047283460427
2_1_intran_gen_marker	11_2_1_intran_gen_marker	fig:heatmap-11-intran-gen-marker	2.1 Intransitive genitive marker	57_svo_ng_er_b_pa	svo	ng	erg-abs	balancing	poss-acc	vos	VS	VPA	5.0	97.0	97.0	97.0	0.9400037321744893	0.9400037321744893	0.9400037321744893	0.0
2_1_intran_gen_marker	11_2_1_intran_gen_marker	fig:heatmap-11-intran-gen-marker	2.1 Intransitive genitive marker	58_svo_ng_er_b_ep	svo	ng	erg-abs	balancing	erg-poss	vos	VS	VPA	5.0	98.0	100.0	96.0	0.9600022327543785	1.0	0.9200055635398481	0.07999443646015192
2_1_intran_gen_marker	11_2_1_intran_gen_marker	fig:heatmap-11-intran-gen-marker	2.1 Intransitive genitive marker	59_svo_ng_er_b_no	svo	ng	erg-abs	balancing	nomn	vos	VS	VPA	5.0	92.0	98.0	99.0	0.8400179443146094	0.9600022327543785	0.9800010051162833	0.1399830608016739
2_1_intran_gen_marker	11_2_1_intran_gen_marker	fig:heatmap-11-intran-gen-marker	2.1 Intransitive genitive marker	60_svo_ng_er_d_se	svo	ng	erg-abs	deranking	sent	svo	SV	AVP	5.0	93.0	97.0	97.0	0.8600138689949057	0.9400037321744893	0.9400037321744893	0.07998986317958356
2_1_intran_gen_marker	11_2_1_intran_gen_marker	fig:heatmap-11-intran-gen-marker	2.1 Intransitive genitive marker	61_svo_ng_er_d_pa	svo	ng	erg-abs	deranking	poss-acc	vos	VS	VPA	5.0	99.0	98.0	96.0	0.9800010051162833	0.9600022327543785	0.9200055635398481	0.059995441576435216
2_1_intran_gen_marker	11_2_1_intran_gen_marker	fig:heatmap-11-intran-gen-marker	2.1 Intransitive genitive marker	62_svo_ng_er_d_ep	svo	ng	erg-abs	deranking	erg-poss	vos	VS	VPA	5.0	91.0	98.0	96.0	0.8200229216960366	0.9600022327543785	0.9200055635398481	0.13997931105834183
2_1_intran_gen_marker	11_2_1_intran_gen_marker	fig:heatmap-11-intran-gen-marker	2.1 Intransitive genitive marker	63_svo_ng_er_d_no	svo	ng	erg-abs	deranking	nomn	vos	VS	VPA	5.0	91.0	96.0	99.0	0.8200229216960366	0.9200055635398481	0.9800010051162833	0.15997808342024666
2_1_intran_gen_marker	11_2_1_intran_gen_marker	fig:heatmap-11-intran-gen-marker	2.1 Intransitive genitive marker	64_vos_gn_ac_b_se	vos	gn	nom-acc	balancing	sent	vos	VS	VPA	5.0	74.0	77.0	79.0	0.4808150668439051	0.5404461012900033	0.5802977582031614	0.0994826913592563
2_1_intran_gen_marker	11_2_1_intran_gen_marker	fig:heatmap-11-intran-gen-marker	2.1 Intransitive genitive marker	65_vos_gn_ac_b_pa	vos	gn	nom-acc	balancing	poss-acc	svo	SV	AVP	5.0	80.0	78.0	77.0	0.6002430286238514	0.5603645644527729	0.5404461012900033	0.059796927333848116
2_1_intran_gen_marker	11_2_1_intran_gen_marker	fig:heatmap-11-intran-gen-marker	2.1 Intransitive genitive marker	66_vos_gn_ac_b_ep	vos	gn	nom-acc	balancing	erg-poss	sov	SV	PVA	5.0	76.0	77.0	76.0	0.520545600501044	0.5404461012900033	0.520545600501044	0.01990050078895922
2_1_intran_gen_marker	11_2_1_intran_gen_marker	fig:heatmap-11-intran-gen-marker	2.1 Intransitive genitive marker	67_vos_gn_ac_b_no	vos	gn	nom-acc	balancing	nomn	svo	SV	AVP	5.0	78.0	79.0	79.0	0.5603645644527729	0.5802977582031614	0.5802977582031614	0.01993319375038849
2_1_intran_gen_marker	11_2_1_intran_gen_marker	fig:heatmap-11-intran-gen-marker	2.1 Intransitive genitive marker	68_vos_gn_ac_d_se	vos	gn	nom-acc	deranking	sent	vos	VS	VPA	5.0	76.0	81.0	78.0	0.520545600501044	0.6201981975224622	0.5603645644527729	0.09965259702141815
2_1_intran_gen_marker	11_2_1_intran_gen_marker	fig:heatmap-11-intran-gen-marker	2.1 Intransitive genitive marker	69_vos_gn_ac_d_pa	vos	gn	nom-acc	deranking	poss-acc	svo	SV	AVP	5.0	78.0	79.0	79.0	0.5603645644527729	0.5802977582031614	0.5802977582031614	0.01993319375038849
2_1_intran_gen_marker	11_2_1_intran_gen_marker	fig:heatmap-11-intran-gen-marker	2.1 Intransitive genitive marker	70_vos_gn_ac_d_ep	vos	gn	nom-acc	deranking	erg-poss	sov	SV	PVA	5.0	78.0	78.0	78.0	0.5603645644527729	0.5603645644527729	0.5603645644527729	0.0
2_1_intran_gen_marker	11_2_1_intran_gen_marker	fig:heatmap-11-intran-gen-marker	2.1 Intransitive genitive marker	71_vos_gn_ac_d_no	vos	gn	nom-acc	deranking	nomn	svo	SV	AVP	5.0	77.0	78.0	79.0	0.5404461012900033	0.5603645644527729	0.5802977582031614	0.03985165691315817
2_1_intran_gen_marker	11_2_1_intran_gen_marker	fig:heatmap-11-intran-gen-marker	2.1 Intransitive genitive marker	72_vos_gn_er_b_se	vos	gn	erg-abs	balancing	sent	vos	VS	VPA	5.0	97.0	97.0	98.0	0.9400037321744893	0.9400037321744893	0.9600022327543785	0.019998500579889167
2_1_intran_gen_marker	11_2_1_intran_gen_marker	fig:heatmap-11-intran-gen-marker	2.1 Intransitive genitive marker	73_vos_gn_er_b_pa	vos	gn	erg-abs	balancing	poss-acc	svo	SV	AVP	5.0	97.0	99.0	97.0	0.9400037321744893	0.9800010051162833	0.9400037321744893	0.039997272941794004
2_1_intran_gen_marker	11_2_1_intran_gen_marker	fig:heatmap-11-intran-gen-marker	2.1 Intransitive genitive marker	74_vos_gn_er_b_ep	vos	gn	erg-abs	balancing	erg-poss	sov	SV	PVA	5.0	100.0	99.0	100.0	1.0	0.9800010051162833	1.0	0.019998994883716703
2_1_intran_gen_marker	11_2_1_intran_gen_marker	fig:heatmap-11-intran-gen-marker	2.1 Intransitive genitive marker	75_vos_gn_er_b_no	vos	gn	erg-abs	balancing	nomn	svo	SV	AVP	5.0	100.0	98.0	100.0	1.0	0.9600022327543785	1.0	0.03999776724562154
2_1_intran_gen_marker	11_2_1_intran_gen_marker	fig:heatmap-11-intran-gen-marker	2.1 Intransitive genitive marker	76_vos_gn_er_d_se	vos	gn	erg-abs	deranking	sent	vos	VS	VPA	5.0	99.0	98.0	97.0	0.9800010051162833	0.9600022327543785	0.9400037321744893	0.039997272941794004
2_1_intran_gen_marker	11_2_1_intran_gen_marker	fig:heatmap-11-intran-gen-marker	2.1 Intransitive genitive marker	77_vos_gn_er_d_pa	vos	gn	erg-abs	deranking	poss-acc	svo	SV	AVP	5.0	99.0	99.0	99.0	0.9800010051162833	0.9800010051162833	0.9800010051162833	0.0
2_1_intran_gen_marker	11_2_1_intran_gen_marker	fig:heatmap-11-intran-gen-marker	2.1 Intransitive genitive marker	78_vos_gn_er_d_ep	vos	gn	erg-abs	deranking	erg-poss	sov	SV	PVA	5.0	99.0	98.0	97.0	0.9800010051162833	0.9600022327543785	0.9400037321744893	0.039997272941794004
2_1_intran_gen_marker	11_2_1_intran_gen_marker	fig:heatmap-11-intran-gen-marker	2.1 Intransitive genitive marker	79_vos_gn_er_d_no	vos	gn	erg-abs	deranking	nomn	svo	SV	AVP	5.0	100.0	97.0	100.0	1.0	0.9400037321744893	1.0	0.05999626782551071
2_1_intran_gen_marker	11_2_1_intran_gen_marker	fig:heatmap-11-intran-gen-marker	2.1 Intransitive genitive marker	80_vos_ng_ac_b_se	vos	ng	nom-acc	balancing	sent	vos	VS	VPA	5.0	88.0	86.0	84.0	0.7600454927350169	0.7200700908352611	0.6801067756461248	0.07993871708889211
2_1_intran_gen_marker	11_2_1_intran_gen_marker	fig:heatmap-11-intran-gen-marker	2.1 Intransitive genitive marker	81_vos_ng_ac_b_pa	vos	ng	nom-acc	balancing	poss-acc	vos	VS	VPA	5.0	86.0	88.0	89.0	0.7200700908352611	0.7600454927350169	0.7800364252161309	0.059966334380869846
2_1_intran_gen_marker	11_2_1_intran_gen_marker	fig:heatmap-11-intran-gen-marker	2.1 Intransitive genitive marker	82_vos_ng_ac_b_ep	vos	ng	nom-acc	balancing	erg-poss	vos	VS	VPA	5.0	87.0	87.0	85.0	0.7400565667123037	0.7400565667123037	0.7000866067554558	0.039969959956847934
2_1_intran_gen_marker	11_2_1_intran_gen_marker	fig:heatmap-11-intran-gen-marker	2.1 Intransitive genitive marker	83_vos_ng_ac_b_no	vos	ng	nom-acc	balancing	nomn	vos	VS	VPA	5.0	87.0	86.0	88.0	0.7400565667123037	0.7200700908352611	0.7600454927350169	0.03997540189975579
2_1_intran_gen_marker	11_2_1_intran_gen_marker	fig:heatmap-11-intran-gen-marker	2.1 Intransitive genitive marker	84_vos_ng_ac_d_se	vos	ng	nom-acc	deranking	sent	vos	VS	VPA	5.0	88.0	86.0	89.0	0.7600454927350169	0.7200700908352611	0.7800364252161309	0.059966334380869846
2_1_intran_gen_marker	11_2_1_intran_gen_marker	fig:heatmap-11-intran-gen-marker	2.1 Intransitive genitive marker	85_vos_ng_ac_d_pa	vos	ng	nom-acc	deranking	poss-acc	vos	VS	VPA	5.0	86.0	86.0	92.0	0.7200700908352611	0.7200700908352611	0.8400179443146094	0.11994785347934833
2_1_intran_gen_marker	11_2_1_intran_gen_marker	fig:heatmap-11-intran-gen-marker	2.1 Intransitive genitive marker	86_vos_ng_ac_d_ep	vos	ng	nom-acc	deranking	erg-poss	vos	VS	VPA	5.0	89.0	90.0	91.0	0.7800364252161309	0.8000290007473678	0.8200229216960366	0.03998649647990571
2_1_intran_gen_marker	11_2_1_intran_gen_marker	fig:heatmap-11-intran-gen-marker	2.1 Intransitive genitive marker	87_vos_ng_ac_d_no	vos	ng	nom-acc	deranking	nomn	vos	VS	VPA	5.0	88.0	89.0	88.0	0.7600454927350169	0.7800364252161309	0.7600454927350169	0.019990932481114054
2_1_intran_gen_marker	11_2_1_intran_gen_marker	fig:heatmap-11-intran-gen-marker	2.1 Intransitive genitive marker	88_vos_ng_er_b_se	vos	ng	erg-abs	balancing	sent	vos	VS	VPA	5.0	79.0	77.0	75.0	0.5802977582031614	0.5404461012900033	0.5006669949589901	0.07963076324417129
2_1_intran_gen_marker	11_2_1_intran_gen_marker	fig:heatmap-11-intran-gen-marker	2.1 Intransitive genitive marker	89_vos_ng_er_b_pa	vos	ng	erg-abs	balancing	poss-acc	vos	VS	VPA	5.0	81.0	80.0	80.0	0.6201981975224622	0.6002430286238514	0.6002430286238514	0.01995516889861082
2_1_intran_gen_marker	11_2_1_intran_gen_marker	fig:heatmap-11-intran-gen-marker	2.1 Intransitive genitive marker	90_vos_ng_er_b_ep	vos	ng	erg-abs	balancing	erg-poss	vos	VS	VPA	5.0	77.0	75.0	74.0	0.5404461012900033	0.5006669949589901	0.4808150668439051	0.05963103444609813
2_1_intran_gen_marker	11_2_1_intran_gen_marker	fig:heatmap-11-intran-gen-marker	2.1 Intransitive genitive marker	91_vos_ng_er_b_no	vos	ng	erg-abs	balancing	nomn	vos	VS	VPA	5.0	78.0	79.0	79.0	0.5603645644527729	0.5802977582031614	0.5802977582031614	0.01993319375038849
2_1_intran_gen_marker	11_2_1_intran_gen_marker	fig:heatmap-11-intran-gen-marker	2.1 Intransitive genitive marker	92_vos_ng_er_d_se	vos	ng	erg-abs	deranking	sent	vos	VS	VPA	5.0	76.0	77.0	76.0	0.520545600501044	0.5404461012900033	0.520545600501044	0.01990050078895922
2_1_intran_gen_marker	11_2_1_intran_gen_marker	fig:heatmap-11-intran-gen-marker	2.1 Intransitive genitive marker	93_vos_ng_er_d_pa	vos	ng	erg-abs	deranking	poss-acc	vos	VS	VPA	5.0	77.0	79.0	78.0	0.5404461012900033	0.5802977582031614	0.5603645644527729	0.03985165691315817
2_1_intran_gen_marker	11_2_1_intran_gen_marker	fig:heatmap-11-intran-gen-marker	2.1 Intransitive genitive marker	94_vos_ng_er_d_ep	vos	ng	erg-abs	deranking	erg-poss	vos	VS	VPA	5.0	80.0	77.0	78.0	0.6002430286238514	0.5404461012900033	0.5603645644527729	0.059796927333848116
2_1_intran_gen_marker	11_2_1_intran_gen_marker	fig:heatmap-11-intran-gen-marker	2.1 Intransitive genitive marker	95_vos_ng_er_d_no	vos	ng	erg-abs	deranking	nomn	vos	VS	VPA	5.0	79.0	75.0	81.0	0.5802977582031614	0.5006669949589901	0.6201981975224622	0.11953120256347205
2_2_tran_gen_marker	12_2_2_tran_gen_marker	fig:heatmap-12-tran-gen-marker	2.2 Transitive genitive marker	00_sov_gn_ac_b_se	sov	gn	nom-acc	balancing	sent	sov	SV	APV	5.0	95.0	94.0	97.0	0.9000078003290506	0.880010532281679	0.9400037321744893	0.05999319989281027
2_2_tran_gen_marker	12_2_2_tran_gen_marker	fig:heatmap-12-tran-gen-marker	2.2 Transitive genitive marker	01_sov_gn_ac_b_pa	sov	gn	nom-acc	balancing	poss-acc	sov	SV	APV	5.0	92.0	93.0	94.0	0.8400179443146094	0.8600138689949057	0.880010532281679	0.039992587967069615
2_2_tran_gen_marker	12_2_2_tran_gen_marker	fig:heatmap-12-tran-gen-marker	2.2 Transitive genitive marker	02_sov_gn_ac_b_ep	sov	gn	nom-acc	balancing	erg-poss	sov	SV	APV	5.0	98.0	96.0	98.0	0.9600022327543785	0.9200055635398481	0.9600022327543785	0.03999666921453038
2_2_tran_gen_marker	12_2_2_tran_gen_marker	fig:heatmap-12-tran-gen-marker	2.2 Transitive genitive marker	03_sov_gn_ac_b_no	sov	gn	nom-acc	balancing	nomn	sov	SV	APV	5.0	95.0	94.0	100.0	0.9000078003290506	0.880010532281679	1.0	0.11998946771832097
2_2_tran_gen_marker	12_2_2_tran_gen_marker	fig:heatmap-12-tran-gen-marker	2.2 Transitive genitive marker	04_sov_gn_ac_d_se	sov	gn	nom-acc	deranking	sent	sov	SV	APV	5.0	94.0	94.0	94.0	0.880010532281679	0.880010532281679	0.880010532281679	0.0
2_2_tran_gen_marker	12_2_2_tran_gen_marker	fig:heatmap-12-tran-gen-marker	2.2 Transitive genitive marker	05_sov_gn_ac_d_pa	sov	gn	nom-acc	deranking	poss-acc	sov	SV	APV	5.0	93.0	97.0	93.0	0.8600138689949057	0.9400037321744893	0.8600138689949057	0.07998986317958356
2_2_tran_gen_marker	12_2_2_tran_gen_marker	fig:heatmap-12-tran-gen-marker	2.2 Transitive genitive marker	06_sov_gn_ac_d_ep	sov	gn	nom-acc	deranking	erg-poss	sov	SV	APV	5.0	94.0	98.0	97.0	0.880010532281679	0.9600022327543785	0.9400037321744893	0.07999170047269943
2_2_tran_gen_marker	12_2_2_tran_gen_marker	fig:heatmap-12-tran-gen-marker	2.2 Transitive genitive marker	07_sov_gn_ac_d_no	sov	gn	nom-acc	deranking	nomn	sov	SV	APV	5.0	99.0	98.0	99.0	0.9800010051162833	0.9600022327543785	0.9800010051162833	0.019998772361904837
2_2_tran_gen_marker	12_2_2_tran_gen_marker	fig:heatmap-12-tran-gen-marker	2.2 Transitive genitive marker	08_sov_gn_er_b_se	sov	gn	erg-abs	balancing	sent	sov	SV	APV	5.0	84.0	82.0	85.0	0.6801067756461248	0.6401614779514829	0.7000866067554558	0.05992512880397283
2_2_tran_gen_marker	12_2_2_tran_gen_marker	fig:heatmap-12-tran-gen-marker	2.2 Transitive genitive marker	09_sov_gn_er_b_pa	sov	gn	erg-abs	balancing	poss-acc	sov	SV	APV	5.0	85.0	82.0	81.0	0.7000866067554558	0.6401614779514829	0.6201981975224622	0.07988840923299356
2_2_tran_gen_marker	12_2_2_tran_gen_marker	fig:heatmap-12-tran-gen-marker	2.2 Transitive genitive marker	10_sov_gn_er_b_ep	sov	gn	erg-abs	balancing	erg-poss	sov	SV	APV	5.0	84.0	87.0	82.0	0.6801067756461248	0.7400565667123037	0.6401614779514829	0.09989508876082076
2_2_tran_gen_marker	12_2_2_tran_gen_marker	fig:heatmap-12-tran-gen-marker	2.2 Transitive genitive marker	11_sov_gn_er_b_no	sov	gn	erg-abs	balancing	nomn	sov	SV	APV	5.0	81.0	81.0	85.0	0.6201981975224622	0.6201981975224622	0.7000866067554558	0.07988840923299356
2_2_tran_gen_marker	12_2_2_tran_gen_marker	fig:heatmap-12-tran-gen-marker	2.2 Transitive genitive marker	12_sov_gn_er_d_se	sov	gn	erg-abs	deranking	sent	sov	SV	APV	5.0	82.0	87.0	84.0	0.6401614779514829	0.7400565667123037	0.6801067756461248	0.09989508876082076
2_2_tran_gen_marker	12_2_2_tran_gen_marker	fig:heatmap-12-tran-gen-marker	2.2 Transitive genitive marker	13_sov_gn_er_d_pa	sov	gn	erg-abs	deranking	poss-acc	sov	SV	APV	5.0	87.0	78.0	85.0	0.7400565667123037	0.5603645644527729	0.7000866067554558	0.17969200225953075
2_2_tran_gen_marker	12_2_2_tran_gen_marker	fig:heatmap-12-tran-gen-marker	2.2 Transitive genitive marker	14_sov_gn_er_d_ep	sov	gn	erg-abs	deranking	erg-poss	sov	SV	APV	5.0	90.0	88.0	87.0	0.8000290007473678	0.7600454927350169	0.7400565667123037	0.05997243403506414
2_2_tran_gen_marker	12_2_2_tran_gen_marker	fig:heatmap-12-tran-gen-marker	2.2 Transitive genitive marker	15_sov_gn_er_d_no	sov	gn	erg-abs	deranking	nomn	sov	SV	APV	5.0	81.0	89.0	86.0	0.6201981975224622	0.7800364252161309	0.7200700908352611	0.15983822769366873
2_2_tran_gen_marker	12_2_2_tran_gen_marker	fig:heatmap-12-tran-gen-marker	2.2 Transitive genitive marker	16_sov_ng_ac_b_se	sov	ng	nom-acc	balancing	sent	sov	SV	APV	5.0	88.0	86.0	89.0	0.7600454927350169	0.7200700908352611	0.7800364252161309	0.059966334380869846
2_2_tran_gen_marker	12_2_2_tran_gen_marker	fig:heatmap-12-tran-gen-marker	2.2 Transitive genitive marker	17_sov_ng_ac_b_pa	sov	ng	nom-acc	balancing	poss-acc	ovs	VS	PVA	5.0	88.0	89.0	87.0	0.7600454927350169	0.7800364252161309	0.7400565667123037	0.03997985850382724
2_2_tran_gen_marker	12_2_2_tran_gen_marker	fig:heatmap-12-tran-gen-marker	2.2 Transitive genitive marker	18_sov_ng_ac_b_ep	sov	ng	nom-acc	balancing	erg-poss	vos	VS	AVP	5.0	91.0	90.0	90.0	0.8200229216960366	0.8000290007473678	0.8000290007473678	0.01999392094866881
2_2_tran_gen_marker	12_2_2_tran_gen_marker	fig:heatmap-12-tran-gen-marker	2.2 Transitive genitive marker	19_sov_ng_ac_b_no	sov	ng	nom-acc	balancing	nomn	ovs	VS	PVA	5.0	93.0	90.0	92.0	0.8600138689949057	0.8000290007473678	0.8400179443146094	0.059984868247537904
2_2_tran_gen_marker	12_2_2_tran_gen_marker	fig:heatmap-12-tran-gen-marker	2.2 Transitive genitive marker	20_sov_ng_ac_d_se	sov	ng	nom-acc	deranking	sent	sov	SV	APV	5.0	91.0	89.0	89.0	0.8200229216960366	0.7800364252161309	0.7800364252161309	0.03998649647990571
2_2_tran_gen_marker	12_2_2_tran_gen_marker	fig:heatmap-12-tran-gen-marker	2.2 Transitive genitive marker	21_sov_ng_ac_d_pa	sov	ng	nom-acc	deranking	poss-acc	ovs	VS	PVA	5.0	88.0	91.0	93.0	0.7600454927350169	0.8200229216960366	0.8600138689949057	0.09996837625988886
2_2_tran_gen_marker	12_2_2_tran_gen_marker	fig:heatmap-12-tran-gen-marker	2.2 Transitive genitive marker	22_sov_ng_ac_d_ep	sov	ng	nom-acc	deranking	erg-poss	vos	VS	AVP	5.0	90.0	91.0	92.0	0.8000290007473678	0.8200229216960366	0.8400179443146094	0.039988943567241586
2_2_tran_gen_marker	12_2_2_tran_gen_marker	fig:heatmap-12-tran-gen-marker	2.2 Transitive genitive marker	23_sov_ng_ac_d_no	sov	ng	nom-acc	deranking	nomn	ovs	VS	PVA	5.0	95.0	91.0	92.0	0.9000078003290506	0.8200229216960366	0.8400179443146094	0.07998487863301396
2_2_tran_gen_marker	12_2_2_tran_gen_marker	fig:heatmap-12-tran-gen-marker	2.2 Transitive genitive marker	24_sov_ng_er_b_se	sov	ng	erg-abs	balancing	sent	sov	SV	APV	5.0	78.0	77.0	83.0	0.5603645644527729	0.5404461012900033	0.6601314044676043	0.11968530317760107
2_2_tran_gen_marker	12_2_2_tran_gen_marker	fig:heatmap-12-tran-gen-marker	2.2 Transitive genitive marker	25_sov_ng_er_b_pa	sov	ng	erg-abs	balancing	poss-acc	ovs	VS	PVA	5.0	80.0	79.0	80.0	0.6002430286238514	0.5802977582031614	0.6002430286238514	0.019945270420689942
2_2_tran_gen_marker	12_2_2_tran_gen_marker	fig:heatmap-12-tran-gen-marker	2.2 Transitive genitive marker	26_sov_ng_er_b_ep	sov	ng	erg-abs	balancing	erg-poss	vos	VS	AVP	5.0	84.0	81.0	82.0	0.6801067756461248	0.6201981975224622	0.6401614779514829	0.05990857812366257
2_2_tran_gen_marker	12_2_2_tran_gen_marker	fig:heatmap-12-tran-gen-marker	2.2 Transitive genitive marker	27_sov_ng_er_b_no	sov	ng	erg-abs	balancing	nomn	ovs	VS	PVA	5.0	79.0	81.0	84.0	0.5802977582031614	0.6201981975224622	0.6801067756461248	0.09980901744296333
2_2_tran_gen_marker	12_2_2_tran_gen_marker	fig:heatmap-12-tran-gen-marker	2.2 Transitive genitive marker	28_sov_ng_er_d_se	sov	ng	erg-abs	deranking	sent	sov	SV	APV	5.0	79.0	83.0	84.0	0.5802977582031614	0.6601314044676043	0.6801067756461248	0.09980901744296333
2_2_tran_gen_marker	12_2_2_tran_gen_marker	fig:heatmap-12-tran-gen-marker	2.2 Transitive genitive marker	29_sov_ng_er_d_pa	sov	ng	erg-abs	deranking	poss-acc	ovs	VS	PVA	5.0	84.0	82.0	77.0	0.6801067756461248	0.6401614779514829	0.5404461012900033	0.1396606743561215
2_2_tran_gen_marker	12_2_2_tran_gen_marker	fig:heatmap-12-tran-gen-marker	2.2 Transitive genitive marker	30_sov_ng_er_d_ep	sov	ng	erg-abs	deranking	erg-poss	vos	VS	AVP	5.0	87.0	77.0	82.0	0.7400565667123037	0.5404461012900033	0.6401614779514829	0.19961046542230043
2_2_tran_gen_marker	12_2_2_tran_gen_marker	fig:heatmap-12-tran-gen-marker	2.2 Transitive genitive marker	31_sov_ng_er_d_no	sov	ng	erg-abs	deranking	nomn	ovs	VS	PVA	5.0	84.0	87.0	83.0	0.6801067756461248	0.7400565667123037	0.6601314044676043	0.07992516224469937
2_2_tran_gen_marker	12_2_2_tran_gen_marker	fig:heatmap-12-tran-gen-marker	2.2 Transitive genitive marker	32_svo_gn_ac_b_se	svo	gn	nom-acc	balancing	sent	svo	SV	AVP	5.0	100.0	100.0	100.0	1.0	1.0	1.0	0.0
2_2_tran_gen_marker	12_2_2_tran_gen_marker	fig:heatmap-12-tran-gen-marker	2.2 Transitive genitive marker	33_svo_gn_ac_b_pa	svo	gn	nom-acc	balancing	poss-acc	svo	SV	AVP	5.0	100.0	100.0	100.0	1.0	1.0	1.0	0.0
2_2_tran_gen_marker	12_2_2_tran_gen_marker	fig:heatmap-12-tran-gen-marker	2.2 Transitive genitive marker	34_svo_gn_ac_b_ep	svo	gn	nom-acc	balancing	erg-poss	sov	SV	PVA	5.0	100.0	100.0	100.0	1.0	1.0	1.0	0.0
2_2_tran_gen_marker	12_2_2_tran_gen_marker	fig:heatmap-12-tran-gen-marker	2.2 Transitive genitive marker	35_svo_gn_ac_b_no	svo	gn	nom-acc	balancing	nomn	svo	SV	AVP	5.0	100.0	100.0	100.0	1.0	1.0	1.0	0.0
2_2_tran_gen_marker	12_2_2_tran_gen_marker	fig:heatmap-12-tran-gen-marker	2.2 Transitive genitive marker	36_svo_gn_ac_d_se	svo	gn	nom-acc	deranking	sent	svo	SV	AVP	5.0	100.0	100.0	100.0	1.0	1.0	1.0	0.0
2_2_tran_gen_marker	12_2_2_tran_gen_marker	fig:heatmap-12-tran-gen-marker	2.2 Transitive genitive marker	37_svo_gn_ac_d_pa	svo	gn	nom-acc	deranking	poss-acc	svo	SV	AVP	5.0	100.0	100.0	100.0	1.0	1.0	1.0	0.0
2_2_tran_gen_marker	12_2_2_tran_gen_marker	fig:heatmap-12-tran-gen-marker	2.2 Transitive genitive marker	38_svo_gn_ac_d_ep	svo	gn	nom-acc	deranking	erg-poss	sov	SV	PVA	5.0	100.0	100.0	100.0	1.0	1.0	1.0	0.0
2_2_tran_gen_marker	12_2_2_tran_gen_marker	fig:heatmap-12-tran-gen-marker	2.2 Transitive genitive marker	39_svo_gn_ac_d_no	svo	gn	nom-acc	deranking	nomn	svo	SV	AVP	5.0	96.0	100.0	100.0	0.9200055635398481	1.0	1.0	0.07999443646015192
2_2_tran_gen_marker	12_2_2_tran_gen_marker	fig:heatmap-12-tran-gen-marker	2.2 Transitive genitive marker	40_svo_gn_er_b_se	svo	gn	erg-abs	balancing	sent	svo	SV	AVP	5.0	97.0	98.0	98.0	0.9400037321744893	0.9600022327543785	0.9600022327543785	0.019998500579889167
2_2_tran_gen_marker	12_2_2_tran_gen_marker	fig:heatmap-12-tran-gen-marker	2.2 Transitive genitive marker	41_svo_gn_er_b_pa	svo	gn	erg-abs	balancing	poss-acc	svo	SV	AVP	5.0	98.0	97.0	99.0	0.9600022327543785	0.9400037321744893	0.9800010051162833	0.039997272941794004
2_2_tran_gen_marker	12_2_2_tran_gen_marker	fig:heatmap-12-tran-gen-marker	2.2 Transitive genitive marker	42_svo_gn_er_b_ep	svo	gn	erg-abs	balancing	erg-poss	sov	SV	PVA	5.0	95.0	97.0	98.0	0.9000078003290506	0.9400037321744893	0.9600022327543785	0.05999443242532787
2_2_tran_gen_marker	12_2_2_tran_gen_marker	fig:heatmap-12-tran-gen-marker	2.2 Transitive genitive marker	43_svo_gn_er_b_no	svo	gn	erg-abs	balancing	nomn	svo	SV	AVP	5.0	96.0	96.0	100.0	0.9200055635398481	0.9200055635398481	1.0	0.07999443646015192
2_2_tran_gen_marker	12_2_2_tran_gen_marker	fig:heatmap-12-tran-gen-marker	2.2 Transitive genitive marker	44_svo_gn_er_d_se	svo	gn	erg-abs	deranking	sent	svo	SV	AVP	5.0	93.0	98.0	98.0	0.8600138689949057	0.9600022327543785	0.9600022327543785	0.09998836375947273
2_2_tran_gen_marker	12_2_2_tran_gen_marker	fig:heatmap-12-tran-gen-marker	2.2 Transitive genitive marker	45_svo_gn_er_d_pa	svo	gn	erg-abs	deranking	poss-acc	svo	SV	AVP	5.0	94.0	99.0	94.0	0.880010532281679	0.9800010051162833	0.880010532281679	0.09999047283460427
2_2_tran_gen_marker	12_2_2_tran_gen_marker	fig:heatmap-12-tran-gen-marker	2.2 Transitive genitive marker	46_svo_gn_er_d_ep	svo	gn	erg-abs	deranking	erg-poss	sov	SV	PVA	5.0	93.0	96.0	96.0	0.8600138689949057	0.9200055635398481	0.9200055635398481	0.05999169454494235
2_2_tran_gen_marker	12_2_2_tran_gen_marker	fig:heatmap-12-tran-gen-marker	2.2 Transitive genitive marker	47_svo_gn_er_d_no	svo	gn	erg-abs	deranking	nomn	svo	SV	AVP	5.0	95.0	94.0	98.0	0.9000078003290506	0.880010532281679	0.9600022327543785	0.07999170047269943
2_2_tran_gen_marker	12_2_2_tran_gen_marker	fig:heatmap-12-tran-gen-marker	2.2 Transitive genitive marker	48_svo_ng_ac_b_se	svo	ng	nom-acc	balancing	sent	svo	SV	AVP	5.0	93.0	93.0	92.0	0.8600138689949057	0.8600138689949057	0.8400179443146094	0.019995924680296318
2_2_tran_gen_marker	12_2_2_tran_gen_marker	fig:heatmap-12-tran-gen-marker	2.2 Transitive genitive marker	49_svo_ng_ac_b_pa	svo	ng	nom-acc	balancing	poss-acc	vos	VS	VPA	5.0	91.0	90.0	90.0	0.8200229216960366	0.8000290007473678	0.8000290007473678	0.01999392094866881
2_2_tran_gen_marker	12_2_2_tran_gen_marker	fig:heatmap-12-tran-gen-marker	2.2 Transitive genitive marker	50_svo_ng_ac_b_ep	svo	ng	nom-acc	balancing	erg-poss	vos	VS	VPA	5.0	93.0	94.0	95.0	0.8600138689949057	0.880010532281679	0.9000078003290506	0.03999393133414486
2_2_tran_gen_marker	12_2_2_tran_gen_marker	fig:heatmap-12-tran-gen-marker	2.2 Transitive genitive marker	51_svo_ng_ac_b_no	svo	ng	nom-acc	balancing	nomn	vos	VS	VPA	5.0	94.0	96.0	95.0	0.880010532281679	0.9200055635398481	0.9000078003290506	0.039995031258169056
2_2_tran_gen_marker	12_2_2_tran_gen_marker	fig:heatmap-12-tran-gen-marker	2.2 Transitive genitive marker	52_svo_ng_ac_d_se	svo	ng	nom-acc	deranking	sent	svo	SV	AVP	5.0	94.0	94.0	92.0	0.880010532281679	0.880010532281679	0.8400179443146094	0.039992587967069615
2_2_tran_gen_marker	12_2_2_tran_gen_marker	fig:heatmap-12-tran-gen-marker	2.2 Transitive genitive marker	53_svo_ng_ac_d_pa	svo	ng	nom-acc	deranking	poss-acc	vos	VS	VPA	5.0	90.0	91.0	91.0	0.8000290007473678	0.8200229216960366	0.8200229216960366	0.01999392094866881
2_2_tran_gen_marker	12_2_2_tran_gen_marker	fig:heatmap-12-tran-gen-marker	2.2 Transitive genitive marker	54_svo_ng_ac_d_ep	svo	ng	nom-acc	deranking	erg-poss	vos	VS	VPA	5.0	94.0	94.0	92.0	0.880010532281679	0.880010532281679	0.8400179443146094	0.039992587967069615
2_2_tran_gen_marker	12_2_2_tran_gen_marker	fig:heatmap-12-tran-gen-marker	2.2 Transitive genitive marker	55_svo_ng_ac_d_no	svo	ng	nom-acc	deranking	nomn	vos	VS	VPA	5.0	96.0	96.0	95.0	0.9200055635398481	0.9200055635398481	0.9000078003290506	0.019997763210797492
2_2_tran_gen_marker	12_2_2_tran_gen_marker	fig:heatmap-12-tran-gen-marker	2.2 Transitive genitive marker	56_svo_ng_er_b_se	svo	ng	erg-abs	balancing	sent	svo	SV	AVP	5.0	91.0	95.0	91.0	0.8200229216960366	0.9000078003290506	0.8200229216960366	0.07998487863301396
2_2_tran_gen_marker	12_2_2_tran_gen_marker	fig:heatmap-12-tran-gen-marker	2.2 Transitive genitive marker	57_svo_ng_er_b_pa	svo	ng	erg-abs	balancing	poss-acc	vos	VS	VPA	5.0	90.0	93.0	91.0	0.8000290007473678	0.8600138689949057	0.8200229216960366	0.059984868247537904
2_2_tran_gen_marker	12_2_2_tran_gen_marker	fig:heatmap-12-tran-gen-marker	2.2 Transitive genitive marker	58_svo_ng_er_b_ep	svo	ng	erg-abs	balancing	erg-poss	vos	VS	VPA	5.0	94.0	92.0	93.0	0.880010532281679	0.8400179443146094	0.8600138689949057	0.039992587967069615
2_2_tran_gen_marker	12_2_2_tran_gen_marker	fig:heatmap-12-tran-gen-marker	2.2 Transitive genitive marker	59_svo_ng_er_b_no	svo	ng	erg-abs	balancing	nomn	vos	VS	VPA	5.0	94.0	96.0	93.0	0.880010532281679	0.9200055635398481	0.8600138689949057	0.05999169454494235
2_2_tran_gen_marker	12_2_2_tran_gen_marker	fig:heatmap-12-tran-gen-marker	2.2 Transitive genitive marker	60_svo_ng_er_d_se	svo	ng	erg-abs	deranking	sent	svo	SV	AVP	5.0	90.0	97.0	92.0	0.8000290007473678	0.9400037321744893	0.8400179443146094	0.13997473142712147
2_2_tran_gen_marker	12_2_2_tran_gen_marker	fig:heatmap-12-tran-gen-marker	2.2 Transitive genitive marker	61_svo_ng_er_d_pa	svo	ng	erg-abs	deranking	poss-acc	vos	VS	VPA	5.0	90.0	92.0	92.0	0.8000290007473678	0.8400179443146094	0.8400179443146094	0.039988943567241586
2_2_tran_gen_marker	12_2_2_tran_gen_marker	fig:heatmap-12-tran-gen-marker	2.2 Transitive genitive marker	62_svo_ng_er_d_ep	svo	ng	erg-abs	deranking	erg-poss	vos	VS	VPA	5.0	88.0	90.0	87.0	0.7600454927350169	0.8000290007473678	0.7400565667123037	0.05997243403506414
2_2_tran_gen_marker	12_2_2_tran_gen_marker	fig:heatmap-12-tran-gen-marker	2.2 Transitive genitive marker	63_svo_ng_er_d_no	svo	ng	erg-abs	deranking	nomn	vos	VS	VPA	5.0	88.0	91.0	94.0	0.7600454927350169	0.8200229216960366	0.880010532281679	0.11996503954666216
2_2_tran_gen_marker	12_2_2_tran_gen_marker	fig:heatmap-12-tran-gen-marker	2.2 Transitive genitive marker	64_vos_gn_ac_b_se	vos	gn	nom-acc	balancing	sent	vos	VS	VPA	5.0	95.0	93.0	93.0	0.9000078003290506	0.8600138689949057	0.8600138689949057	0.03999393133414486
2_2_tran_gen_marker	12_2_2_tran_gen_marker	fig:heatmap-12-tran-gen-marker	2.2 Transitive genitive marker	65_vos_gn_ac_b_pa	vos	gn	nom-acc	balancing	poss-acc	svo	SV	AVP	5.0	91.0	94.0	93.0	0.8200229216960366	0.880010532281679	0.8600138689949057	0.05998761058564239
2_2_tran_gen_marker	12_2_2_tran_gen_marker	fig:heatmap-12-tran-gen-marker	2.2 Transitive genitive marker	66_vos_gn_ac_b_ep	vos	gn	nom-acc	balancing	erg-poss	sov	SV	PVA	5.0	98.0	97.0	95.0	0.9600022327543785	0.9400037321744893	0.9000078003290506	0.05999443242532787
2_2_tran_gen_marker	12_2_2_tran_gen_marker	fig:heatmap-12-tran-gen-marker	2.2 Transitive genitive marker	67_vos_gn_ac_b_no	vos	gn	nom-acc	balancing	nomn	svo	SV	AVP	5.0	96.0	95.0	92.0	0.9200055635398481	0.9000078003290506	0.8400179443146094	0.07998761922523867
2_2_tran_gen_marker	12_2_2_tran_gen_marker	fig:heatmap-12-tran-gen-marker	2.2 Transitive genitive marker	68_vos_gn_ac_d_se	vos	gn	nom-acc	deranking	sent	vos	VS	VPA	5.0	96.0	94.0	95.0	0.9200055635398481	0.880010532281679	0.9000078003290506	0.039995031258169056
2_2_tran_gen_marker	12_2_2_tran_gen_marker	fig:heatmap-12-tran-gen-marker	2.2 Transitive genitive marker	69_vos_gn_ac_d_pa	vos	gn	nom-acc	deranking	poss-acc	svo	SV	AVP	5.0	95.0	97.0	95.0	0.9000078003290506	0.9400037321744893	0.9000078003290506	0.039995931845438704
2_2_tran_gen_marker	12_2_2_tran_gen_marker	fig:heatmap-12-tran-gen-marker	2.2 Transitive genitive marker	70_vos_gn_ac_d_ep	vos	gn	nom-acc	deranking	erg-poss	sov	SV	PVA	5.0	95.0	93.0	97.0	0.9000078003290506	0.8600138689949057	0.9400037321744893	0.07998986317958356
2_2_tran_gen_marker	12_2_2_tran_gen_marker	fig:heatmap-12-tran-gen-marker	2.2 Transitive genitive marker	71_vos_gn_ac_d_no	vos	gn	nom-acc	deranking	nomn	svo	SV	AVP	5.0	95.0	93.0	97.0	0.9000078003290506	0.8600138689949057	0.9400037321744893	0.07998986317958356
2_2_tran_gen_marker	12_2_2_tran_gen_marker	fig:heatmap-12-tran-gen-marker	2.2 Transitive genitive marker	72_vos_gn_er_b_se	vos	gn	erg-abs	balancing	sent	vos	VS	VPA	5.0	98.0	98.0	98.0	0.9600022327543785	0.9600022327543785	0.9600022327543785	0.0
2_2_tran_gen_marker	12_2_2_tran_gen_marker	fig:heatmap-12-tran-gen-marker	2.2 Transitive genitive marker	73_vos_gn_er_b_pa	vos	gn	erg-abs	balancing	poss-acc	svo	SV	AVP	5.0	97.0	97.0	97.0	0.9400037321744893	0.9400037321744893	0.9400037321744893	0.0
2_2_tran_gen_marker	12_2_2_tran_gen_marker	fig:heatmap-12-tran-gen-marker	2.2 Transitive genitive marker	74_vos_gn_er_b_ep	vos	gn	erg-abs	balancing	erg-poss	sov	SV	PVA	5.0	98.0	97.0	98.0	0.9600022327543785	0.9400037321744893	0.9600022327543785	0.019998500579889167
2_2_tran_gen_marker	12_2_2_tran_gen_marker	fig:heatmap-12-tran-gen-marker	2.2 Transitive genitive marker	75_vos_gn_er_b_no	vos	gn	erg-abs	balancing	nomn	svo	SV	AVP	5.0	95.0	98.0	98.0	0.9000078003290506	0.9600022327543785	0.9600022327543785	0.05999443242532787
2_2_tran_gen_marker	12_2_2_tran_gen_marker	fig:heatmap-12-tran-gen-marker	2.2 Transitive genitive marker	76_vos_gn_er_d_se	vos	gn	erg-abs	deranking	sent	vos	VS	VPA	5.0	98.0	98.0	98.0	0.9600022327543785	0.9600022327543785	0.9600022327543785	0.0
2_2_tran_gen_marker	12_2_2_tran_gen_marker	fig:heatmap-12-tran-gen-marker	2.2 Transitive genitive marker	77_vos_gn_er_d_pa	vos	gn	erg-abs	deranking	poss-acc	svo	SV	AVP	5.0	98.0	97.0	98.0	0.9600022327543785	0.9400037321744893	0.9600022327543785	0.019998500579889167
2_2_tran_gen_marker	12_2_2_tran_gen_marker	fig:heatmap-12-tran-gen-marker	2.2 Transitive genitive marker	78_vos_gn_er_d_ep	vos	gn	erg-abs	deranking	erg-poss	sov	SV	PVA	5.0	98.0	98.0	98.0	0.9600022327543785	0.9600022327543785	0.9600022327543785	0.0
2_2_tran_gen_marker	12_2_2_tran_gen_marker	fig:heatmap-12-tran-gen-marker	2.2 Transitive genitive marker	79_vos_gn_er_d_no	vos	gn	erg-abs	deranking	nomn	svo	SV	AVP	5.0	98.0	97.0	100.0	0.9600022327543785	0.9400037321744893	1.0	0.05999626782551071
2_2_tran_gen_marker	12_2_2_tran_gen_marker	fig:heatmap-12-tran-gen-marker	2.2 Transitive genitive marker	80_vos_ng_ac_b_se	vos	ng	nom-acc	balancing	sent	vos	VS	VPA	5.0	85.0	83.0	86.0	0.7000866067554558	0.6601314044676043	0.7200700908352611	0.05993868636765676
2_2_tran_gen_marker	12_2_2_tran_gen_marker	fig:heatmap-12-tran-gen-marker	2.2 Transitive genitive marker	81_vos_ng_ac_b_pa	vos	ng	nom-acc	balancing	poss-acc	vos	VS	VPA	5.0	87.0	87.0	88.0	0.7400565667123037	0.7400565667123037	0.7600454927350169	0.019988926022713183
2_2_tran_gen_marker	12_2_2_tran_gen_marker	fig:heatmap-12-tran-gen-marker	2.2 Transitive genitive marker	82_vos_ng_ac_b_ep	vos	ng	nom-acc	balancing	erg-poss	vos	VS	VPA	5.0	90.0	86.0	89.0	0.8000290007473678	0.7200700908352611	0.7800364252161309	0.07995890991210675
2_2_tran_gen_marker	12_2_2_tran_gen_marker	fig:heatmap-12-tran-gen-marker	2.2 Transitive genitive marker	83_vos_ng_ac_b_no	vos	ng	nom-acc	balancing	nomn	vos	VS	VPA	5.0	89.0	90.0	89.0	0.7800364252161309	0.8000290007473678	0.7800364252161309	0.0199925755312369
2_2_tran_gen_marker	12_2_2_tran_gen_marker	fig:heatmap-12-tran-gen-marker	2.2 Transitive genitive marker	84_vos_ng_ac_d_se	vos	ng	nom-acc	deranking	sent	vos	VS	VPA	5.0	86.0	89.0	86.0	0.7200700908352611	0.7800364252161309	0.7200700908352611	0.059966334380869846
2_2_tran_gen_marker	12_2_2_tran_gen_marker	fig:heatmap-12-tran-gen-marker	2.2 Transitive genitive marker	85_vos_ng_ac_d_pa	vos	ng	nom-acc	deranking	poss-acc	vos	VS	VPA	5.0	86.0	84.0	86.0	0.7200700908352611	0.6801067756461248	0.7200700908352611	0.03996331518913632
2_2_tran_gen_marker	12_2_2_tran_gen_marker	fig:heatmap-12-tran-gen-marker	2.2 Transitive genitive marker	86_vos_ng_ac_d_ep	vos	ng	nom-acc	deranking	erg-poss	vos	VS	VPA	5.0	84.0	90.0	88.0	0.6801067756461248	0.8000290007473678	0.7600454927350169	0.11992222510124306
2_2_tran_gen_marker	12_2_2_tran_gen_marker	fig:heatmap-12-tran-gen-marker	2.2 Transitive genitive marker	87_vos_ng_ac_d_no	vos	ng	nom-acc	deranking	nomn	vos	VS	VPA	5.0	88.0	94.0	91.0	0.7600454927350169	0.880010532281679	0.8200229216960366	0.11996503954666216
2_2_tran_gen_marker	12_2_2_tran_gen_marker	fig:heatmap-12-tran-gen-marker	2.2 Transitive genitive marker	88_vos_ng_er_b_se	vos	ng	erg-abs	balancing	sent	vos	VS	VPA	5.0	86.0	88.0	86.0	0.7200700908352611	0.7600454927350169	0.7200700908352611	0.03997540189975579
2_2_tran_gen_marker	12_2_2_tran_gen_marker	fig:heatmap-12-tran-gen-marker	2.2 Transitive genitive marker	89_vos_ng_er_b_pa	vos	ng	erg-abs	balancing	poss-acc	vos	VS	VPA	5.0	85.0	84.0	84.0	0.7000866067554558	0.6801067756461248	0.6801067756461248	0.019979831109330992
2_2_tran_gen_marker	12_2_2_tran_gen_marker	fig:heatmap-12-tran-gen-marker	2.2 Transitive genitive marker	90_vos_ng_er_b_ep	vos	ng	erg-abs	balancing	erg-poss	vos	VS	VPA	5.0	86.0	86.0	81.0	0.7200700908352611	0.7200700908352611	0.6201981975224622	0.09987189331279889
2_2_tran_gen_marker	12_2_2_tran_gen_marker	fig:heatmap-12-tran-gen-marker	2.2 Transitive genitive marker	91_vos_ng_er_b_no	vos	ng	erg-abs	balancing	nomn	vos	VS	VPA	5.0	87.0	87.0	84.0	0.7400565667123037	0.7400565667123037	0.6801067756461248	0.059949791066178926
2_2_tran_gen_marker	12_2_2_tran_gen_marker	fig:heatmap-12-tran-gen-marker	2.2 Transitive genitive marker	92_vos_ng_er_d_se	vos	ng	erg-abs	deranking	sent	vos	VS	VPA	5.0	88.0	87.0	88.0	0.7600454927350169	0.7400565667123037	0.7600454927350169	0.019988926022713183
2_2_tran_gen_marker	12_2_2_tran_gen_marker	fig:heatmap-12-tran-gen-marker	2.2 Transitive genitive marker	93_vos_ng_er_d_pa	vos	ng	erg-abs	deranking	poss-acc	vos	VS	VPA	5.0	86.0	87.0	87.0	0.7200700908352611	0.7400565667123037	0.7400565667123037	0.01998647587704261
2_2_tran_gen_marker	12_2_2_tran_gen_marker	fig:heatmap-12-tran-gen-marker	2.2 Transitive genitive marker	94_vos_ng_er_d_ep	vos	ng	erg-abs	deranking	erg-poss	vos	VS	VPA	5.0	85.0	86.0	87.0	0.7000866067554558	0.7200700908352611	0.7400565667123037	0.039969959956847934
2_2_tran_gen_marker	12_2_2_tran_gen_marker	fig:heatmap-12-tran-gen-marker	2.2 Transitive genitive marker	95_vos_ng_er_d_no	vos	ng	erg-abs	deranking	nomn	vos	VS	VPA	5.0	86.0	86.0	84.0	0.7200700908352611	0.7200700908352611	0.6801067756461248	0.03996331518913632
2_3_gen_order	13_2_3_gen_order	fig:heatmap-13-gen-order	2.3 Genitive possessor--head order	00_sov_gn_ac_b_se	sov	gn	nom-acc	balancing	sent	sov	SV	APV	5.0	100.0	100.0	100.0	1.0	1.0	1.0	0.0
2_3_gen_order	13_2_3_gen_order	fig:heatmap-13-gen-order	2.3 Genitive possessor--head order	01_sov_gn_ac_b_pa	sov	gn	nom-acc	balancing	poss-acc	sov	SV	APV	5.0	100.0	100.0	100.0	1.0	1.0	1.0	0.0
2_3_gen_order	13_2_3_gen_order	fig:heatmap-13-gen-order	2.3 Genitive possessor--head order	02_sov_gn_ac_b_ep	sov	gn	nom-acc	balancing	erg-poss	sov	SV	APV	5.0	100.0	100.0	100.0	1.0	1.0	1.0	0.0
2_3_gen_order	13_2_3_gen_order	fig:heatmap-13-gen-order	2.3 Genitive possessor--head order	03_sov_gn_ac_b_no	sov	gn	nom-acc	balancing	nomn	sov	SV	APV	5.0	100.0	100.0	100.0	1.0	1.0	1.0	0.0
2_3_gen_order	13_2_3_gen_order	fig:heatmap-13-gen-order	2.3 Genitive possessor--head order	04_sov_gn_ac_d_se	sov	gn	nom-acc	deranking	sent	sov	SV	APV	5.0	100.0	100.0	100.0	1.0	1.0	1.0	0.0
2_3_gen_order	13_2_3_gen_order	fig:heatmap-13-gen-order	2.3 Genitive possessor--head order	05_sov_gn_ac_d_pa	sov	gn	nom-acc	deranking	poss-acc	sov	SV	APV	5.0	100.0	99.0	100.0	1.0	0.9800010051162833	1.0	0.019998994883716703
2_3_gen_order	13_2_3_gen_order	fig:heatmap-13-gen-order	2.3 Genitive possessor--head order	06_sov_gn_ac_d_ep	sov	gn	nom-acc	deranking	erg-poss	sov	SV	APV	5.0	100.0	100.0	100.0	1.0	1.0	1.0	0.0
2_3_gen_order	13_2_3_gen_order	fig:heatmap-13-gen-order	2.3 Genitive possessor--head order	07_sov_gn_ac_d_no	sov	gn	nom-acc	deranking	nomn	sov	SV	APV	5.0	100.0	100.0	100.0	1.0	1.0	1.0	0.0
2_3_gen_order	13_2_3_gen_order	fig:heatmap-13-gen-order	2.3 Genitive possessor--head order	08_sov_gn_er_b_se	sov	gn	erg-abs	balancing	sent	sov	SV	APV	5.0	100.0	100.0	100.0	1.0	1.0	1.0	0.0
2_3_gen_order	13_2_3_gen_order	fig:heatmap-13-gen-order	2.3 Genitive possessor--head order	09_sov_gn_er_b_pa	sov	gn	erg-abs	balancing	poss-acc	sov	SV	APV	5.0	100.0	100.0	100.0	1.0	1.0	1.0	0.0
2_3_gen_order	13_2_3_gen_order	fig:heatmap-13-gen-order	2.3 Genitive possessor--head order	10_sov_gn_er_b_ep	sov	gn	erg-abs	balancing	erg-poss	sov	SV	APV	5.0	100.0	100.0	100.0	1.0	1.0	1.0	0.0
2_3_gen_order	13_2_3_gen_order	fig:heatmap-13-gen-order	2.3 Genitive possessor--head order	11_sov_gn_er_b_no	sov	gn	erg-abs	balancing	nomn	sov	SV	APV	5.0	100.0	100.0	100.0	1.0	1.0	1.0	0.0
2_3_gen_order	13_2_3_gen_order	fig:heatmap-13-gen-order	2.3 Genitive possessor--head order	12_sov_gn_er_d_se	sov	gn	erg-abs	deranking	sent	sov	SV	APV	5.0	100.0	100.0	100.0	1.0	1.0	1.0	0.0
2_3_gen_order	13_2_3_gen_order	fig:heatmap-13-gen-order	2.3 Genitive possessor--head order	13_sov_gn_er_d_pa	sov	gn	erg-abs	deranking	poss-acc	sov	SV	APV	5.0	100.0	100.0	100.0	1.0	1.0	1.0	0.0
2_3_gen_order	13_2_3_gen_order	fig:heatmap-13-gen-order	2.3 Genitive possessor--head order	14_sov_gn_er_d_ep	sov	gn	erg-abs	deranking	erg-poss	sov	SV	APV	5.0	100.0	100.0	100.0	1.0	1.0	1.0	0.0
2_3_gen_order	13_2_3_gen_order	fig:heatmap-13-gen-order	2.3 Genitive possessor--head order	15_sov_gn_er_d_no	sov	gn	erg-abs	deranking	nomn	sov	SV	APV	5.0	100.0	100.0	100.0	1.0	1.0	1.0	0.0
2_3_gen_order	13_2_3_gen_order	fig:heatmap-13-gen-order	2.3 Genitive possessor--head order	16_sov_ng_ac_b_se	sov	ng	nom-acc	balancing	sent	sov	SV	APV	5.0	95.0	97.0	94.0	0.9000078003290506	0.9400037321744893	0.880010532281679	0.05999319989281027
2_3_gen_order	13_2_3_gen_order	fig:heatmap-13-gen-order	2.3 Genitive possessor--head order	17_sov_ng_ac_b_pa	sov	ng	nom-acc	balancing	poss-acc	ovs	VS	PVA	5.0	93.0	95.0	95.0	0.8600138689949057	0.9000078003290506	0.9000078003290506	0.03999393133414486
2_3_gen_order	13_2_3_gen_order	fig:heatmap-13-gen-order	2.3 Genitive possessor--head order	18_sov_ng_ac_b_ep	sov	ng	nom-acc	balancing	erg-poss	vos	VS	AVP	5.0	97.0	97.0	93.0	0.9400037321744893	0.9400037321744893	0.8600138689949057	0.07998986317958356
2_3_gen_order	13_2_3_gen_order	fig:heatmap-13-gen-order	2.3 Genitive possessor--head order	19_sov_ng_ac_b_no	sov	ng	nom-acc	balancing	nomn	ovs	VS	PVA	5.0	96.0	95.0	93.0	0.9200055635398481	0.9000078003290506	0.8600138689949057	0.05999169454494235
2_3_gen_order	13_2_3_gen_order	fig:heatmap-13-gen-order	2.3 Genitive possessor--head order	20_sov_ng_ac_d_se	sov	ng	nom-acc	deranking	sent	sov	SV	APV	5.0	97.0	95.0	96.0	0.9400037321744893	0.9000078003290506	0.9200055635398481	0.039995931845438704
2_3_gen_order	13_2_3_gen_order	fig:heatmap-13-gen-order	2.3 Genitive possessor--head order	21_sov_ng_ac_d_pa	sov	ng	nom-acc	deranking	poss-acc	ovs	VS	PVA	5.0	97.0	93.0	98.0	0.9400037321744893	0.8600138689949057	0.9600022327543785	0.09998836375947273
2_3_gen_order	13_2_3_gen_order	fig:heatmap-13-gen-order	2.3 Genitive possessor--head order	22_sov_ng_ac_d_ep	sov	ng	nom-acc	deranking	erg-poss	vos	VS	AVP	5.0	95.0	98.0	93.0	0.9000078003290506	0.9600022327543785	0.8600138689949057	0.09998836375947273
2_3_gen_order	13_2_3_gen_order	fig:heatmap-13-gen-order	2.3 Genitive possessor--head order	23_sov_ng_ac_d_no	sov	ng	nom-acc	deranking	nomn	ovs	VS	PVA	5.0	92.0	96.0	96.0	0.8400179443146094	0.9200055635398481	0.9200055635398481	0.07998761922523867
2_3_gen_order	13_2_3_gen_order	fig:heatmap-13-gen-order	2.3 Genitive possessor--head order	24_sov_ng_er_b_se	sov	ng	erg-abs	balancing	sent	sov	SV	APV	5.0	92.0	89.0	89.0	0.8400179443146094	0.7800364252161309	0.7800364252161309	0.059981519098478486
2_3_gen_order	13_2_3_gen_order	fig:heatmap-13-gen-order	2.3 Genitive possessor--head order	25_sov_ng_er_b_pa	sov	ng	erg-abs	balancing	poss-acc	ovs	VS	PVA	5.0	90.0	92.0	92.0	0.8000290007473678	0.8400179443146094	0.8400179443146094	0.039988943567241586
2_3_gen_order	13_2_3_gen_order	fig:heatmap-13-gen-order	2.3 Genitive possessor--head order	26_sov_ng_er_b_ep	sov	ng	erg-abs	balancing	erg-poss	vos	VS	AVP	5.0	87.0	88.0	91.0	0.7400565667123037	0.7600454927350169	0.8200229216960366	0.07996635498373295
2_3_gen_order	13_2_3_gen_order	fig:heatmap-13-gen-order	2.3 Genitive possessor--head order	27_sov_ng_er_b_no	sov	ng	erg-abs	balancing	nomn	ovs	VS	PVA	5.0	87.0	90.0	86.0	0.7400565667123037	0.8000290007473678	0.7200700908352611	0.07995890991210675
2_3_gen_order	13_2_3_gen_order	fig:heatmap-13-gen-order	2.3 Genitive possessor--head order	28_sov_ng_er_d_se	sov	ng	erg-abs	deranking	sent	sov	SV	APV	5.0	89.0	90.0	93.0	0.7800364252161309	0.8000290007473678	0.8600138689949057	0.0799774437787748
2_3_gen_order	13_2_3_gen_order	fig:heatmap-13-gen-order	2.3 Genitive possessor--head order	29_sov_ng_er_d_pa	sov	ng	erg-abs	deranking	poss-acc	ovs	VS	PVA	5.0	90.0	90.0	90.0	0.8000290007473678	0.8000290007473678	0.8000290007473678	0.0
2_3_gen_order	13_2_3_gen_order	fig:heatmap-13-gen-order	2.3 Genitive possessor--head order	30_sov_ng_er_d_ep	sov	ng	erg-abs	deranking	erg-poss	vos	VS	AVP	5.0	87.0	88.0	94.0	0.7400565667123037	0.7600454927350169	0.880010532281679	0.13995396556937534
2_3_gen_order	13_2_3_gen_order	fig:heatmap-13-gen-order	2.3 Genitive possessor--head order	31_sov_ng_er_d_no	sov	ng	erg-abs	deranking	nomn	ovs	VS	PVA	5.0	89.0	88.0	89.0	0.7800364252161309	0.7600454927350169	0.7800364252161309	0.019990932481114054
2_3_gen_order	13_2_3_gen_order	fig:heatmap-13-gen-order	2.3 Genitive possessor--head order	32_svo_gn_ac_b_se	svo	gn	nom-acc	balancing	sent	svo	SV	AVP	5.0	100.0	100.0	100.0	1.0	1.0	1.0	0.0
2_3_gen_order	13_2_3_gen_order	fig:heatmap-13-gen-order	2.3 Genitive possessor--head order	33_svo_gn_ac_b_pa	svo	gn	nom-acc	balancing	poss-acc	svo	SV	AVP	5.0	100.0	100.0	100.0	1.0	1.0	1.0	0.0
2_3_gen_order	13_2_3_gen_order	fig:heatmap-13-gen-order	2.3 Genitive possessor--head order	34_svo_gn_ac_b_ep	svo	gn	nom-acc	balancing	erg-poss	sov	SV	PVA	5.0	100.0	100.0	100.0	1.0	1.0	1.0	0.0
2_3_gen_order	13_2_3_gen_order	fig:heatmap-13-gen-order	2.3 Genitive possessor--head order	35_svo_gn_ac_b_no	svo	gn	nom-acc	balancing	nomn	svo	SV	AVP	5.0	100.0	100.0	100.0	1.0	1.0	1.0	0.0
2_3_gen_order	13_2_3_gen_order	fig:heatmap-13-gen-order	2.3 Genitive possessor--head order	36_svo_gn_ac_d_se	svo	gn	nom-acc	deranking	sent	svo	SV	AVP	5.0	100.0	100.0	100.0	1.0	1.0	1.0	0.0
2_3_gen_order	13_2_3_gen_order	fig:heatmap-13-gen-order	2.3 Genitive possessor--head order	37_svo_gn_ac_d_pa	svo	gn	nom-acc	deranking	poss-acc	svo	SV	AVP	5.0	100.0	100.0	100.0	1.0	1.0	1.0	0.0
2_3_gen_order	13_2_3_gen_order	fig:heatmap-13-gen-order	2.3 Genitive possessor--head order	38_svo_gn_ac_d_ep	svo	gn	nom-acc	deranking	erg-poss	sov	SV	PVA	5.0	100.0	100.0	100.0	1.0	1.0	1.0	0.0
2_3_gen_order	13_2_3_gen_order	fig:heatmap-13-gen-order	2.3 Genitive possessor--head order	39_svo_gn_ac_d_no	svo	gn	nom-acc	deranking	nomn	svo	SV	AVP	5.0	100.0	100.0	100.0	1.0	1.0	1.0	0.0
2_3_gen_order	13_2_3_gen_order	fig:heatmap-13-gen-order	2.3 Genitive possessor--head order	40_svo_gn_er_b_se	svo	gn	erg-abs	balancing	sent	svo	SV	AVP	5.0	100.0	100.0	100.0	1.0	1.0	1.0	0.0
2_3_gen_order	13_2_3_gen_order	fig:heatmap-13-gen-order	2.3 Genitive possessor--head order	41_svo_gn_er_b_pa	svo	gn	erg-abs	balancing	poss-acc	svo	SV	AVP	5.0	100.0	100.0	100.0	1.0	1.0	1.0	0.0
2_3_gen_order	13_2_3_gen_order	fig:heatmap-13-gen-order	2.3 Genitive possessor--head order	42_svo_gn_er_b_ep	svo	gn	erg-abs	balancing	erg-poss	sov	SV	PVA	5.0	100.0	100.0	100.0	1.0	1.0	1.0	0.0
2_3_gen_order	13_2_3_gen_order	fig:heatmap-13-gen-order	2.3 Genitive possessor--head order	43_svo_gn_er_b_no	svo	gn	erg-abs	balancing	nomn	svo	SV	AVP	5.0	100.0	100.0	100.0	1.0	1.0	1.0	0.0
2_3_gen_order	13_2_3_gen_order	fig:heatmap-13-gen-order	2.3 Genitive possessor--head order	44_svo_gn_er_d_se	svo	gn	erg-abs	deranking	sent	svo	SV	AVP	5.0	100.0	100.0	100.0	1.0	1.0	1.0	0.0
2_3_gen_order	13_2_3_gen_order	fig:heatmap-13-gen-order	2.3 Genitive possessor--head order	45_svo_gn_er_d_pa	svo	gn	erg-abs	deranking	poss-acc	svo	SV	AVP	5.0	100.0	99.0	100.0	1.0	0.9800010051162833	1.0	0.019998994883716703
2_3_gen_order	13_2_3_gen_order	fig:heatmap-13-gen-order	2.3 Genitive possessor--head order	46_svo_gn_er_d_ep	svo	gn	erg-abs	deranking	erg-poss	sov	SV	PVA	5.0	100.0	100.0	100.0	1.0	1.0	1.0	0.0
2_3_gen_order	13_2_3_gen_order	fig:heatmap-13-gen-order	2.3 Genitive possessor--head order	47_svo_gn_er_d_no	svo	gn	erg-abs	deranking	nomn	svo	SV	AVP	5.0	100.0	100.0	100.0	1.0	1.0	1.0	0.0
2_3_gen_order	13_2_3_gen_order	fig:heatmap-13-gen-order	2.3 Genitive possessor--head order	48_svo_ng_ac_b_se	svo	ng	nom-acc	balancing	sent	svo	SV	AVP	5.0	100.0	100.0	100.0	1.0	1.0	1.0	0.0
2_3_gen_order	13_2_3_gen_order	fig:heatmap-13-gen-order	2.3 Genitive possessor--head order	49_svo_ng_ac_b_pa	svo	ng	nom-acc	balancing	poss-acc	vos	VS	VPA	5.0	100.0	100.0	100.0	1.0	1.0	1.0	0.0
2_3_gen_order	13_2_3_gen_order	fig:heatmap-13-gen-order	2.3 Genitive possessor--head order	50_svo_ng_ac_b_ep	svo	ng	nom-acc	balancing	erg-poss	vos	VS	VPA	5.0	100.0	100.0	100.0	1.0	1.0	1.0	0.0
2_3_gen_order	13_2_3_gen_order	fig:heatmap-13-gen-order	2.3 Genitive possessor--head order	51_svo_ng_ac_b_no	svo	ng	nom-acc	balancing	nomn	vos	VS	VPA	5.0	100.0	100.0	100.0	1.0	1.0	1.0	0.0
2_3_gen_order	13_2_3_gen_order	fig:heatmap-13-gen-order	2.3 Genitive possessor--head order	52_svo_ng_ac_d_se	svo	ng	nom-acc	deranking	sent	svo	SV	AVP	5.0	100.0	100.0	100.0	1.0	1.0	1.0	0.0
2_3_gen_order	13_2_3_gen_order	fig:heatmap-13-gen-order	2.3 Genitive possessor--head order	53_svo_ng_ac_d_pa	svo	ng	nom-acc	deranking	poss-acc	vos	VS	VPA	5.0	100.0	100.0	100.0	1.0	1.0	1.0	0.0
2_3_gen_order	13_2_3_gen_order	fig:heatmap-13-gen-order	2.3 Genitive possessor--head order	54_svo_ng_ac_d_ep	svo	ng	nom-acc	deranking	erg-poss	vos	VS	VPA	5.0	100.0	100.0	100.0	1.0	1.0	1.0	0.0
2_3_gen_order	13_2_3_gen_order	fig:heatmap-13-gen-order	2.3 Genitive possessor--head order	55_svo_ng_ac_d_no	svo	ng	nom-acc	deranking	nomn	vos	VS	VPA	5.0	100.0	100.0	100.0	1.0	1.0	1.0	0.0
2_3_gen_order	13_2_3_gen_order	fig:heatmap-13-gen-order	2.3 Genitive possessor--head order	56_svo_ng_er_b_se	svo	ng	erg-abs	balancing	sent	svo	SV	AVP	5.0	100.0	99.0	100.0	1.0	0.9800010051162833	1.0	0.019998994883716703
2_3_gen_order	13_2_3_gen_order	fig:heatmap-13-gen-order	2.3 Genitive possessor--head order	57_svo_ng_er_b_pa	svo	ng	erg-abs	balancing	poss-acc	vos	VS	VPA	5.0	100.0	100.0	100.0	1.0	1.0	1.0	0.0
2_3_gen_order	13_2_3_gen_order	fig:heatmap-13-gen-order	2.3 Genitive possessor--head order	58_svo_ng_er_b_ep	svo	ng	erg-abs	balancing	erg-poss	vos	VS	VPA	5.0	99.0	100.0	100.0	0.9800010051162833	1.0	1.0	0.019998994883716703
2_3_gen_order	13_2_3_gen_order	fig:heatmap-13-gen-order	2.3 Genitive possessor--head order	59_svo_ng_er_b_no	svo	ng	erg-abs	balancing	nomn	vos	VS	VPA	5.0	100.0	100.0	100.0	1.0	1.0	1.0	0.0
2_3_gen_order	13_2_3_gen_order	fig:heatmap-13-gen-order	2.3 Genitive possessor--head order	60_svo_ng_er_d_se	svo	ng	erg-abs	deranking	sent	svo	SV	AVP	5.0	100.0	100.0	100.0	1.0	1.0	1.0	0.0
2_3_gen_order	13_2_3_gen_order	fig:heatmap-13-gen-order	2.3 Genitive possessor--head order	61_svo_ng_er_d_pa	svo	ng	erg-abs	deranking	poss-acc	vos	VS	VPA	5.0	100.0	100.0	100.0	1.0	1.0	1.0	0.0
2_3_gen_order	13_2_3_gen_order	fig:heatmap-13-gen-order	2.3 Genitive possessor--head order	62_svo_ng_er_d_ep	svo	ng	erg-abs	deranking	erg-poss	vos	VS	VPA	5.0	100.0	100.0	100.0	1.0	1.0	1.0	0.0
2_3_gen_order	13_2_3_gen_order	fig:heatmap-13-gen-order	2.3 Genitive possessor--head order	63_svo_ng_er_d_no	svo	ng	erg-abs	deranking	nomn	vos	VS	VPA	5.0	100.0	100.0	100.0	1.0	1.0	1.0	0.0
2_3_gen_order	13_2_3_gen_order	fig:heatmap-13-gen-order	2.3 Genitive possessor--head order	64_vos_gn_ac_b_se	vos	gn	nom-acc	balancing	sent	vos	VS	VPA	5.0	93.0	93.0	92.0	0.8600138689949057	0.8600138689949057	0.8400179443146094	0.019995924680296318
2_3_gen_order	13_2_3_gen_order	fig:heatmap-13-gen-order	2.3 Genitive possessor--head order	65_vos_gn_ac_b_pa	vos	gn	nom-acc	balancing	poss-acc	svo	SV	AVP	5.0	95.0	93.0	92.0	0.9000078003290506	0.8600138689949057	0.8400179443146094	0.05998985601444118
2_3_gen_order	13_2_3_gen_order	fig:heatmap-13-gen-order	2.3 Genitive possessor--head order	66_vos_gn_ac_b_ep	vos	gn	nom-acc	balancing	erg-poss	sov	SV	PVA	5.0	96.0	93.0	96.0	0.9200055635398481	0.8600138689949057	0.9200055635398481	0.05999169454494235
2_3_gen_order	13_2_3_gen_order	fig:heatmap-13-gen-order	2.3 Genitive possessor--head order	67_vos_gn_ac_b_no	vos	gn	nom-acc	balancing	nomn	svo	SV	AVP	5.0	93.0	92.0	97.0	0.8600138689949057	0.8400179443146094	0.9400037321744893	0.09998578785987988
2_3_gen_order	13_2_3_gen_order	fig:heatmap-13-gen-order	2.3 Genitive possessor--head order	68_vos_gn_ac_d_se	vos	gn	nom-acc	deranking	sent	vos	VS	VPA	5.0	95.0	94.0	92.0	0.9000078003290506	0.880010532281679	0.8400179443146094	0.05998985601444118
2_3_gen_order	13_2_3_gen_order	fig:heatmap-13-gen-order	2.3 Genitive possessor--head order	69_vos_gn_ac_d_pa	vos	gn	nom-acc	deranking	poss-acc	svo	SV	AVP	5.0	94.0	94.0	96.0	0.880010532281679	0.880010532281679	0.9200055635398481	0.039995031258169056
2_3_gen_order	13_2_3_gen_order	fig:heatmap-13-gen-order	2.3 Genitive possessor--head order	70_vos_gn_ac_d_ep	vos	gn	nom-acc	deranking	erg-poss	sov	SV	PVA	5.0	93.0	92.0	96.0	0.8600138689949057	0.8400179443146094	0.9200055635398481	0.07998761922523867
2_3_gen_order	13_2_3_gen_order	fig:heatmap-13-gen-order	2.3 Genitive possessor--head order	71_vos_gn_ac_d_no	vos	gn	nom-acc	deranking	nomn	svo	SV	AVP	5.0	95.0	95.0	94.0	0.9000078003290506	0.9000078003290506	0.880010532281679	0.019997268047371564
2_3_gen_order	13_2_3_gen_order	fig:heatmap-13-gen-order	2.3 Genitive possessor--head order	72_vos_gn_er_b_se	vos	gn	erg-abs	balancing	sent	vos	VS	VPA	5.0	94.0	95.0	95.0	0.880010532281679	0.9000078003290506	0.9000078003290506	0.019997268047371564
2_3_gen_order	13_2_3_gen_order	fig:heatmap-13-gen-order	2.3 Genitive possessor--head order	73_vos_gn_er_b_pa	vos	gn	erg-abs	balancing	poss-acc	svo	SV	AVP	5.0	98.0	95.0	97.0	0.9600022327543785	0.9000078003290506	0.9400037321744893	0.05999443242532787
2_3_gen_order	13_2_3_gen_order	fig:heatmap-13-gen-order	2.3 Genitive possessor--head order	74_vos_gn_er_b_ep	vos	gn	erg-abs	balancing	erg-poss	sov	SV	PVA	5.0	94.0	94.0	98.0	0.880010532281679	0.880010532281679	0.9600022327543785	0.07999170047269943
2_3_gen_order	13_2_3_gen_order	fig:heatmap-13-gen-order	2.3 Genitive possessor--head order	75_vos_gn_er_b_no	vos	gn	erg-abs	balancing	nomn	svo	SV	AVP	5.0	98.0	96.0	98.0	0.9600022327543785	0.9200055635398481	0.9600022327543785	0.03999666921453038
2_3_gen_order	13_2_3_gen_order	fig:heatmap-13-gen-order	2.3 Genitive possessor--head order	76_vos_gn_er_d_se	vos	gn	erg-abs	deranking	sent	vos	VS	VPA	5.0	95.0	95.0	95.0	0.9000078003290506	0.9000078003290506	0.9000078003290506	0.0
2_3_gen_order	13_2_3_gen_order	fig:heatmap-13-gen-order	2.3 Genitive possessor--head order	77_vos_gn_er_d_pa	vos	gn	erg-abs	deranking	poss-acc	svo	SV	AVP	5.0	94.0	96.0	97.0	0.880010532281679	0.9200055635398481	0.9400037321744893	0.05999319989281027
2_3_gen_order	13_2_3_gen_order	fig:heatmap-13-gen-order	2.3 Genitive possessor--head order	78_vos_gn_er_d_ep	vos	gn	erg-abs	deranking	erg-poss	sov	SV	PVA	5.0	100.0	96.0	96.0	1.0	0.9200055635398481	0.9200055635398481	0.07999443646015192
2_3_gen_order	13_2_3_gen_order	fig:heatmap-13-gen-order	2.3 Genitive possessor--head order	79_vos_gn_er_d_no	vos	gn	erg-abs	deranking	nomn	svo	SV	AVP	5.0	94.0	94.0	98.0	0.880010532281679	0.880010532281679	0.9600022327543785	0.07999170047269943
2_3_gen_order	13_2_3_gen_order	fig:heatmap-13-gen-order	2.3 Genitive possessor--head order	80_vos_ng_ac_b_se	vos	ng	nom-acc	balancing	sent	vos	VS	VPA	5.0	73.0	68.0	74.0	0.4609956253156435	0.36269116941089913	0.4808150668439051	0.118123897433006
2_3_gen_order	13_2_3_gen_order	fig:heatmap-13-gen-order	2.3 Genitive possessor--head order	81_vos_ng_ac_b_pa	vos	ng	nom-acc	balancing	poss-acc	vos	VS	VPA	5.0	71.0	77.0	76.0	0.4214838855772702	0.5404461012900033	0.520545600501044	0.11896221571273308
2_3_gen_order	13_2_3_gen_order	fig:heatmap-13-gen-order	2.3 Genitive possessor--head order	82_vos_ng_ac_b_ep	vos	ng	nom-acc	balancing	erg-poss	vos	VS	VPA	5.0	72.0	77.0	72.0	0.44121571857084796	0.5404461012900033	0.44121571857084796	0.0992303827191553
2_3_gen_order	13_2_3_gen_order	fig:heatmap-13-gen-order	2.3 Genitive possessor--head order	83_vos_ng_ac_b_no	vos	ng	nom-acc	balancing	nomn	vos	VS	VPA	5.0	77.0	77.0	75.0	0.5404461012900033	0.5404461012900033	0.5006669949589901	0.039779106331013114
2_3_gen_order	13_2_3_gen_order	fig:heatmap-13-gen-order	2.3 Genitive possessor--head order	84_vos_ng_ac_d_se	vos	ng	nom-acc	deranking	sent	vos	VS	VPA	5.0	78.0	80.0	70.0	0.5603645644527729	0.6002430286238514	0.40181045290185924	0.19843257572199213
2_3_gen_order	13_2_3_gen_order	fig:heatmap-13-gen-order	2.3 Genitive possessor--head order	85_vos_ng_ac_d_pa	vos	ng	nom-acc	deranking	poss-acc	vos	VS	VPA	5.0	75.0	74.0	78.0	0.5006669949589901	0.4808150668439051	0.5603645644527729	0.07954949760886781
2_3_gen_order	13_2_3_gen_order	fig:heatmap-13-gen-order	2.3 Genitive possessor--head order	86_vos_ng_ac_d_ep	vos	ng	nom-acc	deranking	erg-poss	vos	VS	VPA	5.0	79.0	86.0	79.0	0.5802977582031614	0.7200700908352611	0.5802977582031614	0.13977233263209965
2_3_gen_order	13_2_3_gen_order	fig:heatmap-13-gen-order	2.3 Genitive possessor--head order	87_vos_ng_ac_d_no	vos	ng	nom-acc	deranking	nomn	vos	VS	VPA	5.0	73.0	81.0	83.0	0.4609956253156435	0.6201981975224622	0.6601314044676043	0.19913577915196085
2_3_gen_order	13_2_3_gen_order	fig:heatmap-13-gen-order	2.3 Genitive possessor--head order	88_vos_ng_er_b_se	vos	ng	erg-abs	balancing	sent	vos	VS	VPA	5.0	89.0	86.0	85.0	0.7800364252161309	0.7200700908352611	0.7000866067554558	0.07994981846067517
2_3_gen_order	13_2_3_gen_order	fig:heatmap-13-gen-order	2.3 Genitive possessor--head order	89_vos_ng_er_b_pa	vos	ng	erg-abs	balancing	poss-acc	vos	VS	VPA	5.0	90.0	88.0	88.0	0.8000290007473678	0.7600454927350169	0.7600454927350169	0.039983508012350955
2_3_gen_order	13_2_3_gen_order	fig:heatmap-13-gen-order	2.3 Genitive possessor--head order	90_vos_ng_er_b_ep	vos	ng	erg-abs	balancing	erg-poss	vos	VS	VPA	5.0	88.0	92.0	84.0	0.7600454927350169	0.8400179443146094	0.6801067756461248	0.15991116866848465
2_3_gen_order	13_2_3_gen_order	fig:heatmap-13-gen-order	2.3 Genitive possessor--head order	91_vos_ng_er_b_no	vos	ng	erg-abs	balancing	nomn	vos	VS	VPA	5.0	89.0	87.0	89.0	0.7800364252161309	0.7400565667123037	0.7800364252161309	0.03997985850382724
2_3_gen_order	13_2_3_gen_order	fig:heatmap-13-gen-order	2.3 Genitive possessor--head order	92_vos_ng_er_d_se	vos	ng	erg-abs	deranking	sent	vos	VS	VPA	5.0	93.0	91.0	86.0	0.8600138689949057	0.8200229216960366	0.7200700908352611	0.13994377815964465
2_3_gen_order	13_2_3_gen_order	fig:heatmap-13-gen-order	2.3 Genitive possessor--head order	93_vos_ng_er_d_pa	vos	ng	erg-abs	deranking	poss-acc	vos	VS	VPA	5.0	90.0	88.0	89.0	0.8000290007473678	0.7600454927350169	0.7800364252161309	0.039983508012350955
2_3_gen_order	13_2_3_gen_order	fig:heatmap-13-gen-order	2.3 Genitive possessor--head order	94_vos_ng_er_d_ep	vos	ng	erg-abs	deranking	erg-poss	vos	VS	VPA	5.0	91.0	87.0	89.0	0.8200229216960366	0.7400565667123037	0.7800364252161309	0.07996635498373295
2_3_gen_order	13_2_3_gen_order	fig:heatmap-13-gen-order	2.3 Genitive possessor--head order	95_vos_ng_er_d_no	vos	ng	erg-abs	deranking	nomn	vos	VS	VPA	5.0	88.0	88.0	91.0	0.7600454927350169	0.7600454927350169	0.8200229216960366	0.05997742896101976
3_1_clausal_V_form	14_3_1_clausal_V_form	fig:heatmap-14-clausal-v-form	3.1 Clausal complement verb form	00_sov_gn_ac_b_se	sov	gn	nom-acc	balancing	sent	sov	SV	APV	5.0	99.0	99.0	99.0	0.9800010051162833	0.9800010051162833	0.9800010051162833	0.0
3_1_clausal_V_form	14_3_1_clausal_V_form	fig:heatmap-14-clausal-v-form	3.1 Clausal complement verb form	01_sov_gn_ac_b_pa	sov	gn	nom-acc	balancing	poss-acc	sov	SV	APV	5.0	100.0	99.0	100.0	1.0	0.9800010051162833	1.0	0.019998994883716703
3_1_clausal_V_form	14_3_1_clausal_V_form	fig:heatmap-14-clausal-v-form	3.1 Clausal complement verb form	02_sov_gn_ac_b_ep	sov	gn	nom-acc	balancing	erg-poss	sov	SV	APV	5.0	99.0	99.0	99.0	0.9800010051162833	0.9800010051162833	0.9800010051162833	0.0
3_1_clausal_V_form	14_3_1_clausal_V_form	fig:heatmap-14-clausal-v-form	3.1 Clausal complement verb form	03_sov_gn_ac_b_no	sov	gn	nom-acc	balancing	nomn	sov	SV	APV	5.0	99.0	99.0	100.0	0.9800010051162833	0.9800010051162833	1.0	0.019998994883716703
3_1_clausal_V_form	14_3_1_clausal_V_form	fig:heatmap-14-clausal-v-form	3.1 Clausal complement verb form	04_sov_gn_ac_d_se	sov	gn	nom-acc	deranking	sent	sov	SV	APV	5.0	100.0	100.0	99.0	1.0	1.0	0.9800010051162833	0.019998994883716703
3_1_clausal_V_form	14_3_1_clausal_V_form	fig:heatmap-14-clausal-v-form	3.1 Clausal complement verb form	05_sov_gn_ac_d_pa	sov	gn	nom-acc	deranking	poss-acc	sov	SV	APV	5.0	99.0	100.0	99.0	0.9800010051162833	1.0	0.9800010051162833	0.019998994883716703
3_1_clausal_V_form	14_3_1_clausal_V_form	fig:heatmap-14-clausal-v-form	3.1 Clausal complement verb form	06_sov_gn_ac_d_ep	sov	gn	nom-acc	deranking	erg-poss	sov	SV	APV	5.0	100.0	99.0	100.0	1.0	0.9800010051162833	1.0	0.019998994883716703
3_1_clausal_V_form	14_3_1_clausal_V_form	fig:heatmap-14-clausal-v-form	3.1 Clausal complement verb form	07_sov_gn_ac_d_no	sov	gn	nom-acc	deranking	nomn	sov	SV	APV	5.0	100.0	100.0	99.0	1.0	1.0	0.9800010051162833	0.019998994883716703
3_1_clausal_V_form	14_3_1_clausal_V_form	fig:heatmap-14-clausal-v-form	3.1 Clausal complement verb form	08_sov_gn_er_b_se	sov	gn	erg-abs	balancing	sent	sov	SV	APV	5.0	94.0	94.0	94.0	0.880010532281679	0.880010532281679	0.880010532281679	0.0
3_1_clausal_V_form	14_3_1_clausal_V_form	fig:heatmap-14-clausal-v-form	3.1 Clausal complement verb form	09_sov_gn_er_b_pa	sov	gn	erg-abs	balancing	poss-acc	sov	SV	APV	5.0	95.0	97.0	92.0	0.9000078003290506	0.9400037321744893	0.8400179443146094	0.09998578785987988
3_1_clausal_V_form	14_3_1_clausal_V_form	fig:heatmap-14-clausal-v-form	3.1 Clausal complement verb form	10_sov_gn_er_b_ep	sov	gn	erg-abs	balancing	erg-poss	sov	SV	APV	5.0	98.0	98.0	99.0	0.9600022327543785	0.9600022327543785	0.9800010051162833	0.019998772361904837
3_1_clausal_V_form	14_3_1_clausal_V_form	fig:heatmap-14-clausal-v-form	3.1 Clausal complement verb form	11_sov_gn_er_b_no	sov	gn	erg-abs	balancing	nomn	sov	SV	APV	5.0	99.0	97.0	99.0	0.9800010051162833	0.9400037321744893	0.9800010051162833	0.039997272941794004
3_1_clausal_V_form	14_3_1_clausal_V_form	fig:heatmap-14-clausal-v-form	3.1 Clausal complement verb form	12_sov_gn_er_d_se	sov	gn	erg-abs	deranking	sent	sov	SV	APV	5.0	100.0	100.0	100.0	1.0	1.0	1.0	0.0
3_1_clausal_V_form	14_3_1_clausal_V_form	fig:heatmap-14-clausal-v-form	3.1 Clausal complement verb form	13_sov_gn_er_d_pa	sov	gn	erg-abs	deranking	poss-acc	sov	SV	APV	5.0	100.0	100.0	100.0	1.0	1.0	1.0	0.0
3_1_clausal_V_form	14_3_1_clausal_V_form	fig:heatmap-14-clausal-v-form	3.1 Clausal complement verb form	14_sov_gn_er_d_ep	sov	gn	erg-abs	deranking	erg-poss	sov	SV	APV	5.0	100.0	100.0	100.0	1.0	1.0	1.0	0.0
3_1_clausal_V_form	14_3_1_clausal_V_form	fig:heatmap-14-clausal-v-form	3.1 Clausal complement verb form	15_sov_gn_er_d_no	sov	gn	erg-abs	deranking	nomn	sov	SV	APV	5.0	100.0	100.0	100.0	1.0	1.0	1.0	0.0
3_1_clausal_V_form	14_3_1_clausal_V_form	fig:heatmap-14-clausal-v-form	3.1 Clausal complement verb form	16_sov_ng_ac_b_se	sov	ng	nom-acc	balancing	sent	sov	SV	APV	5.0	100.0	99.0	100.0	1.0	0.9800010051162833	1.0	0.019998994883716703
3_1_clausal_V_form	14_3_1_clausal_V_form	fig:heatmap-14-clausal-v-form	3.1 Clausal complement verb form	17_sov_ng_ac_b_pa	sov	ng	nom-acc	balancing	poss-acc	ovs	VS	PVA	5.0	99.0	99.0	99.0	0.9800010051162833	0.9800010051162833	0.9800010051162833	0.0
3_1_clausal_V_form	14_3_1_clausal_V_form	fig:heatmap-14-clausal-v-form	3.1 Clausal complement verb form	18_sov_ng_ac_b_ep	sov	ng	nom-acc	balancing	erg-poss	vos	VS	AVP	5.0	99.0	99.0	99.0	0.9800010051162833	0.9800010051162833	0.9800010051162833	0.0
3_1_clausal_V_form	14_3_1_clausal_V_form	fig:heatmap-14-clausal-v-form	3.1 Clausal complement verb form	19_sov_ng_ac_b_no	sov	ng	nom-acc	balancing	nomn	ovs	VS	PVA	5.0	99.0	99.0	100.0	0.9800010051162833	0.9800010051162833	1.0	0.019998994883716703
3_1_clausal_V_form	14_3_1_clausal_V_form	fig:heatmap-14-clausal-v-form	3.1 Clausal complement verb form	20_sov_ng_ac_d_se	sov	ng	nom-acc	deranking	sent	sov	SV	APV	5.0	99.0	100.0	99.0	0.9800010051162833	1.0	0.9800010051162833	0.019998994883716703
3_1_clausal_V_form	14_3_1_clausal_V_form	fig:heatmap-14-clausal-v-form	3.1 Clausal complement verb form	21_sov_ng_ac_d_pa	sov	ng	nom-acc	deranking	poss-acc	ovs	VS	PVA	5.0	100.0	99.0	100.0	1.0	0.9800010051162833	1.0	0.019998994883716703
3_1_clausal_V_form	14_3_1_clausal_V_form	fig:heatmap-14-clausal-v-form	3.1 Clausal complement verb form	22_sov_ng_ac_d_ep	sov	ng	nom-acc	deranking	erg-poss	vos	VS	AVP	5.0	100.0	99.0	100.0	1.0	0.9800010051162833	1.0	0.019998994883716703
3_1_clausal_V_form	14_3_1_clausal_V_form	fig:heatmap-14-clausal-v-form	3.1 Clausal complement verb form	23_sov_ng_ac_d_no	sov	ng	nom-acc	deranking	nomn	ovs	VS	PVA	5.0	100.0	99.0	100.0	1.0	0.9800010051162833	1.0	0.019998994883716703
3_1_clausal_V_form	14_3_1_clausal_V_form	fig:heatmap-14-clausal-v-form	3.1 Clausal complement verb form	24_sov_ng_er_b_se	sov	ng	erg-abs	balancing	sent	sov	SV	APV	5.0	96.0	93.0	96.0	0.9200055635398481	0.8600138689949057	0.9200055635398481	0.05999169454494235
3_1_clausal_V_form	14_3_1_clausal_V_form	fig:heatmap-14-clausal-v-form	3.1 Clausal complement verb form	25_sov_ng_er_b_pa	sov	ng	erg-abs	balancing	poss-acc	ovs	VS	PVA	5.0	95.0	96.0	97.0	0.9000078003290506	0.9200055635398481	0.9400037321744893	0.039995931845438704
3_1_clausal_V_form	14_3_1_clausal_V_form	fig:heatmap-14-clausal-v-form	3.1 Clausal complement verb form	26_sov_ng_er_b_ep	sov	ng	erg-abs	balancing	erg-poss	vos	VS	AVP	5.0	98.0	98.0	99.0	0.9600022327543785	0.9600022327543785	0.9800010051162833	0.019998772361904837
3_1_clausal_V_form	14_3_1_clausal_V_form	fig:heatmap-14-clausal-v-form	3.1 Clausal complement verb form	27_sov_ng_er_b_no	sov	ng	erg-abs	balancing	nomn	ovs	VS	PVA	5.0	97.0	98.0	97.0	0.9400037321744893	0.9600022327543785	0.9400037321744893	0.019998500579889167
3_1_clausal_V_form	14_3_1_clausal_V_form	fig:heatmap-14-clausal-v-form	3.1 Clausal complement verb form	28_sov_ng_er_d_se	sov	ng	erg-abs	deranking	sent	sov	SV	APV	5.0	100.0	100.0	100.0	1.0	1.0	1.0	0.0
3_1_clausal_V_form	14_3_1_clausal_V_form	fig:heatmap-14-clausal-v-form	3.1 Clausal complement verb form	29_sov_ng_er_d_pa	sov	ng	erg-abs	deranking	poss-acc	ovs	VS	PVA	5.0	100.0	100.0	100.0	1.0	1.0	1.0	0.0
3_1_clausal_V_form	14_3_1_clausal_V_form	fig:heatmap-14-clausal-v-form	3.1 Clausal complement verb form	30_sov_ng_er_d_ep	sov	ng	erg-abs	deranking	erg-poss	vos	VS	AVP	5.0	100.0	100.0	100.0	1.0	1.0	1.0	0.0
3_1_clausal_V_form	14_3_1_clausal_V_form	fig:heatmap-14-clausal-v-form	3.1 Clausal complement verb form	31_sov_ng_er_d_no	sov	ng	erg-abs	deranking	nomn	ovs	VS	PVA	5.0	100.0	100.0	100.0	1.0	1.0	1.0	0.0
3_1_clausal_V_form	14_3_1_clausal_V_form	fig:heatmap-14-clausal-v-form	3.1 Clausal complement verb form	32_svo_gn_ac_b_se	svo	gn	nom-acc	balancing	sent	svo	SV	AVP	5.0	100.0	100.0	100.0	1.0	1.0	1.0	0.0
3_1_clausal_V_form	14_3_1_clausal_V_form	fig:heatmap-14-clausal-v-form	3.1 Clausal complement verb form	33_svo_gn_ac_b_pa	svo	gn	nom-acc	balancing	poss-acc	svo	SV	AVP	5.0	100.0	100.0	100.0	1.0	1.0	1.0	0.0
3_1_clausal_V_form	14_3_1_clausal_V_form	fig:heatmap-14-clausal-v-form	3.1 Clausal complement verb form	34_svo_gn_ac_b_ep	svo	gn	nom-acc	balancing	erg-poss	sov	SV	PVA	5.0	100.0	100.0	100.0	1.0	1.0	1.0	0.0
3_1_clausal_V_form	14_3_1_clausal_V_form	fig:heatmap-14-clausal-v-form	3.1 Clausal complement verb form	35_svo_gn_ac_b_no	svo	gn	nom-acc	balancing	nomn	svo	SV	AVP	5.0	100.0	100.0	99.0	1.0	1.0	0.9800010051162833	0.019998994883716703
3_1_clausal_V_form	14_3_1_clausal_V_form	fig:heatmap-14-clausal-v-form	3.1 Clausal complement verb form	36_svo_gn_ac_d_se	svo	gn	nom-acc	deranking	sent	svo	SV	AVP	5.0	94.0	96.0	97.0	0.880010532281679	0.9200055635398481	0.9400037321744893	0.05999319989281027
3_1_clausal_V_form	14_3_1_clausal_V_form	fig:heatmap-14-clausal-v-form	3.1 Clausal complement verb form	37_svo_gn_ac_d_pa	svo	gn	nom-acc	deranking	poss-acc	svo	SV	AVP	5.0	97.0	94.0	95.0	0.9400037321744893	0.880010532281679	0.9000078003290506	0.05999319989281027
3_1_clausal_V_form	14_3_1_clausal_V_form	fig:heatmap-14-clausal-v-form	3.1 Clausal complement verb form	38_svo_gn_ac_d_ep	svo	gn	nom-acc	deranking	erg-poss	sov	SV	PVA	5.0	95.0	97.0	97.0	0.9000078003290506	0.9400037321744893	0.9400037321744893	0.039995931845438704
3_1_clausal_V_form	14_3_1_clausal_V_form	fig:heatmap-14-clausal-v-form	3.1 Clausal complement verb form	39_svo_gn_ac_d_no	svo	gn	nom-acc	deranking	nomn	svo	SV	AVP	5.0	92.0	98.0	97.0	0.8400179443146094	0.9600022327543785	0.9400037321744893	0.11998428843976905
3_1_clausal_V_form	14_3_1_clausal_V_form	fig:heatmap-14-clausal-v-form	3.1 Clausal complement verb form	40_svo_gn_er_b_se	svo	gn	erg-abs	balancing	sent	svo	SV	AVP	5.0	98.0	98.0	99.0	0.9600022327543785	0.9600022327543785	0.9800010051162833	0.019998772361904837
3_1_clausal_V_form	14_3_1_clausal_V_form	fig:heatmap-14-clausal-v-form	3.1 Clausal complement verb form	41_svo_gn_er_b_pa	svo	gn	erg-abs	balancing	poss-acc	svo	SV	AVP	5.0	99.0	99.0	99.0	0.9800010051162833	0.9800010051162833	0.9800010051162833	0.0
3_1_clausal_V_form	14_3_1_clausal_V_form	fig:heatmap-14-clausal-v-form	3.1 Clausal complement verb form	42_svo_gn_er_b_ep	svo	gn	erg-abs	balancing	erg-poss	sov	SV	PVA	5.0	99.0	98.0	100.0	0.9800010051162833	0.9600022327543785	1.0	0.03999776724562154
3_1_clausal_V_form	14_3_1_clausal_V_form	fig:heatmap-14-clausal-v-form	3.1 Clausal complement verb form	43_svo_gn_er_b_no	svo	gn	erg-abs	balancing	nomn	svo	SV	AVP	5.0	99.0	100.0	99.0	0.9800010051162833	1.0	0.9800010051162833	0.019998994883716703
3_1_clausal_V_form	14_3_1_clausal_V_form	fig:heatmap-14-clausal-v-form	3.1 Clausal complement verb form	44_svo_gn_er_d_se	svo	gn	erg-abs	deranking	sent	svo	SV	AVP	5.0	92.0	94.0	93.0	0.8400179443146094	0.880010532281679	0.8600138689949057	0.039992587967069615
3_1_clausal_V_form	14_3_1_clausal_V_form	fig:heatmap-14-clausal-v-form	3.1 Clausal complement verb form	45_svo_gn_er_d_pa	svo	gn	erg-abs	deranking	poss-acc	svo	SV	AVP	5.0	95.0	95.0	95.0	0.9000078003290506	0.9000078003290506	0.9000078003290506	0.0
3_1_clausal_V_form	14_3_1_clausal_V_form	fig:heatmap-14-clausal-v-form	3.1 Clausal complement verb form	46_svo_gn_er_d_ep	svo	gn	erg-abs	deranking	erg-poss	sov	SV	PVA	5.0	94.0	97.0	97.0	0.880010532281679	0.9400037321744893	0.9400037321744893	0.05999319989281027
3_1_clausal_V_form	14_3_1_clausal_V_form	fig:heatmap-14-clausal-v-form	3.1 Clausal complement verb form	47_svo_gn_er_d_no	svo	gn	erg-abs	deranking	nomn	svo	SV	AVP	5.0	96.0	97.0	94.0	0.9200055635398481	0.9400037321744893	0.880010532281679	0.05999319989281027
3_1_clausal_V_form	14_3_1_clausal_V_form	fig:heatmap-14-clausal-v-form	3.1 Clausal complement verb form	48_svo_ng_ac_b_se	svo	ng	nom-acc	balancing	sent	svo	SV	AVP	5.0	100.0	100.0	100.0	1.0	1.0	1.0	0.0
3_1_clausal_V_form	14_3_1_clausal_V_form	fig:heatmap-14-clausal-v-form	3.1 Clausal complement verb form	49_svo_ng_ac_b_pa	svo	ng	nom-acc	balancing	poss-acc	vos	VS	VPA	5.0	100.0	100.0	100.0	1.0	1.0	1.0	0.0
3_1_clausal_V_form	14_3_1_clausal_V_form	fig:heatmap-14-clausal-v-form	3.1 Clausal complement verb form	50_svo_ng_ac_b_ep	svo	ng	nom-acc	balancing	erg-poss	vos	VS	VPA	5.0	100.0	100.0	100.0	1.0	1.0	1.0	0.0
3_1_clausal_V_form	14_3_1_clausal_V_form	fig:heatmap-14-clausal-v-form	3.1 Clausal complement verb form	51_svo_ng_ac_b_no	svo	ng	nom-acc	balancing	nomn	vos	VS	VPA	5.0	100.0	100.0	100.0	1.0	1.0	1.0	0.0
3_1_clausal_V_form	14_3_1_clausal_V_form	fig:heatmap-14-clausal-v-form	3.1 Clausal complement verb form	52_svo_ng_ac_d_se	svo	ng	nom-acc	deranking	sent	svo	SV	AVP	5.0	98.0	97.0	96.0	0.9600022327543785	0.9400037321744893	0.9200055635398481	0.03999666921453038
3_1_clausal_V_form	14_3_1_clausal_V_form	fig:heatmap-14-clausal-v-form	3.1 Clausal complement verb form	53_svo_ng_ac_d_pa	svo	ng	nom-acc	deranking	poss-acc	vos	VS	VPA	5.0	97.0	95.0	96.0	0.9400037321744893	0.9000078003290506	0.9200055635398481	0.039995931845438704
3_1_clausal_V_form	14_3_1_clausal_V_form	fig:heatmap-14-clausal-v-form	3.1 Clausal complement verb form	54_svo_ng_ac_d_ep	svo	ng	nom-acc	deranking	erg-poss	vos	VS	VPA	5.0	95.0	96.0	97.0	0.9000078003290506	0.9200055635398481	0.9400037321744893	0.039995931845438704
3_1_clausal_V_form	14_3_1_clausal_V_form	fig:heatmap-14-clausal-v-form	3.1 Clausal complement verb form	55_svo_ng_ac_d_no	svo	ng	nom-acc	deranking	nomn	vos	VS	VPA	5.0	98.0	97.0	98.0	0.9600022327543785	0.9400037321744893	0.9600022327543785	0.019998500579889167
3_1_clausal_V_form	14_3_1_clausal_V_form	fig:heatmap-14-clausal-v-form	3.1 Clausal complement verb form	56_svo_ng_er_b_se	svo	ng	erg-abs	balancing	sent	svo	SV	AVP	5.0	98.0	98.0	97.0	0.9600022327543785	0.9600022327543785	0.9400037321744893	0.019998500579889167
3_1_clausal_V_form	14_3_1_clausal_V_form	fig:heatmap-14-clausal-v-form	3.1 Clausal complement verb form	57_svo_ng_er_b_pa	svo	ng	erg-abs	balancing	poss-acc	vos	VS	VPA	5.0	99.0	99.0	100.0	0.9800010051162833	0.9800010051162833	1.0	0.019998994883716703
3_1_clausal_V_form	14_3_1_clausal_V_form	fig:heatmap-14-clausal-v-form	3.1 Clausal complement verb form	58_svo_ng_er_b_ep	svo	ng	erg-abs	balancing	erg-poss	vos	VS	VPA	5.0	99.0	100.0	99.0	0.9800010051162833	1.0	0.9800010051162833	0.019998994883716703
3_1_clausal_V_form	14_3_1_clausal_V_form	fig:heatmap-14-clausal-v-form	3.1 Clausal complement verb form	59_svo_ng_er_b_no	svo	ng	erg-abs	balancing	nomn	vos	VS	VPA	5.0	98.0	99.0	100.0	0.9600022327543785	0.9800010051162833	1.0	0.03999776724562154
3_1_clausal_V_form	14_3_1_clausal_V_form	fig:heatmap-14-clausal-v-form	3.1 Clausal complement verb form	60_svo_ng_er_d_se	svo	ng	erg-abs	deranking	sent	svo	SV	AVP	5.0	93.0	96.0	98.0	0.8600138689949057	0.9200055635398481	0.9600022327543785	0.09998836375947273
3_1_clausal_V_form	14_3_1_clausal_V_form	fig:heatmap-14-clausal-v-form	3.1 Clausal complement verb form	61_svo_ng_er_d_pa	svo	ng	erg-abs	deranking	poss-acc	vos	VS	VPA	5.0	95.0	98.0	97.0	0.9000078003290506	0.9600022327543785	0.9400037321744893	0.05999443242532787
3_1_clausal_V_form	14_3_1_clausal_V_form	fig:heatmap-14-clausal-v-form	3.1 Clausal complement verb form	62_svo_ng_er_d_ep	svo	ng	erg-abs	deranking	erg-poss	vos	VS	VPA	5.0	94.0	91.0	93.0	0.880010532281679	0.8200229216960366	0.8600138689949057	0.05998761058564239
3_1_clausal_V_form	14_3_1_clausal_V_form	fig:heatmap-14-clausal-v-form	3.1 Clausal complement verb form	63_svo_ng_er_d_no	svo	ng	erg-abs	deranking	nomn	vos	VS	VPA	5.0	91.0	97.0	97.0	0.8200229216960366	0.9400037321744893	0.9400037321744893	0.11998081047845266
3_1_clausal_V_form	14_3_1_clausal_V_form	fig:heatmap-14-clausal-v-form	3.1 Clausal complement verb form	64_vos_gn_ac_b_se	vos	gn	nom-acc	balancing	sent	vos	VS	VPA	5.0	99.0	99.0	99.0	0.9800010051162833	0.9800010051162833	0.9800010051162833	0.0
3_1_clausal_V_form	14_3_1_clausal_V_form	fig:heatmap-14-clausal-v-form	3.1 Clausal complement verb form	65_vos_gn_ac_b_pa	vos	gn	nom-acc	balancing	poss-acc	svo	SV	AVP	5.0	99.0	99.0	100.0	0.9800010051162833	0.9800010051162833	1.0	0.019998994883716703
3_1_clausal_V_form	14_3_1_clausal_V_form	fig:heatmap-14-clausal-v-form	3.1 Clausal complement verb form	66_vos_gn_ac_b_ep	vos	gn	nom-acc	balancing	erg-poss	sov	SV	PVA	5.0	99.0	99.0	99.0	0.9800010051162833	0.9800010051162833	0.9800010051162833	0.0
3_1_clausal_V_form	14_3_1_clausal_V_form	fig:heatmap-14-clausal-v-form	3.1 Clausal complement verb form	67_vos_gn_ac_b_no	vos	gn	nom-acc	balancing	nomn	svo	SV	AVP	5.0	99.0	99.0	99.0	0.9800010051162833	0.9800010051162833	0.9800010051162833	0.0
3_1_clausal_V_form	14_3_1_clausal_V_form	fig:heatmap-14-clausal-v-form	3.1 Clausal complement verb form	68_vos_gn_ac_d_se	vos	gn	nom-acc	deranking	sent	vos	VS	VPA	5.0	100.0	100.0	100.0	1.0	1.0	1.0	0.0
3_1_clausal_V_form	14_3_1_clausal_V_form	fig:heatmap-14-clausal-v-form	3.1 Clausal complement verb form	69_vos_gn_ac_d_pa	vos	gn	nom-acc	deranking	poss-acc	svo	SV	AVP	5.0	100.0	100.0	100.0	1.0	1.0	1.0	0.0
3_1_clausal_V_form	14_3_1_clausal_V_form	fig:heatmap-14-clausal-v-form	3.1 Clausal complement verb form	70_vos_gn_ac_d_ep	vos	gn	nom-acc	deranking	erg-poss	sov	SV	PVA	5.0	100.0	100.0	99.0	1.0	1.0	0.9800010051162833	0.019998994883716703
3_1_clausal_V_form	14_3_1_clausal_V_form	fig:heatmap-14-clausal-v-form	3.1 Clausal complement verb form	71_vos_gn_ac_d_no	vos	gn	nom-acc	deranking	nomn	svo	SV	AVP	5.0	100.0	100.0	100.0	1.0	1.0	1.0	0.0
3_1_clausal_V_form	14_3_1_clausal_V_form	fig:heatmap-14-clausal-v-form	3.1 Clausal complement verb form	72_vos_gn_er_b_se	vos	gn	erg-abs	balancing	sent	vos	VS	VPA	5.0	96.0	98.0	97.0	0.9200055635398481	0.9600022327543785	0.9400037321744893	0.03999666921453038
3_1_clausal_V_form	14_3_1_clausal_V_form	fig:heatmap-14-clausal-v-form	3.1 Clausal complement verb form	73_vos_gn_er_b_pa	vos	gn	erg-abs	balancing	poss-acc	svo	SV	AVP	5.0	97.0	99.0	98.0	0.9400037321744893	0.9800010051162833	0.9600022327543785	0.039997272941794004
3_1_clausal_V_form	14_3_1_clausal_V_form	fig:heatmap-14-clausal-v-form	3.1 Clausal complement verb form	74_vos_gn_er_b_ep	vos	gn	erg-abs	balancing	erg-poss	sov	SV	PVA	5.0	99.0	99.0	99.0	0.9800010051162833	0.9800010051162833	0.9800010051162833	0.0
3_1_clausal_V_form	14_3_1_clausal_V_form	fig:heatmap-14-clausal-v-form	3.1 Clausal complement verb form	75_vos_gn_er_b_no	vos	gn	erg-abs	balancing	nomn	svo	SV	AVP	5.0	100.0	99.0	99.0	1.0	0.9800010051162833	0.9800010051162833	0.019998994883716703
3_1_clausal_V_form	14_3_1_clausal_V_form	fig:heatmap-14-clausal-v-form	3.1 Clausal complement verb form	76_vos_gn_er_d_se	vos	gn	erg-abs	deranking	sent	vos	VS	VPA	5.0	100.0	100.0	100.0	1.0	1.0	1.0	0.0
3_1_clausal_V_form	14_3_1_clausal_V_form	fig:heatmap-14-clausal-v-form	3.1 Clausal complement verb form	77_vos_gn_er_d_pa	vos	gn	erg-abs	deranking	poss-acc	svo	SV	AVP	5.0	100.0	100.0	99.0	1.0	1.0	0.9800010051162833	0.019998994883716703
3_1_clausal_V_form	14_3_1_clausal_V_form	fig:heatmap-14-clausal-v-form	3.1 Clausal complement verb form	78_vos_gn_er_d_ep	vos	gn	erg-abs	deranking	erg-poss	sov	SV	PVA	5.0	100.0	99.0	100.0	1.0	0.9800010051162833	1.0	0.019998994883716703
3_1_clausal_V_form	14_3_1_clausal_V_form	fig:heatmap-14-clausal-v-form	3.1 Clausal complement verb form	79_vos_gn_er_d_no	vos	gn	erg-abs	deranking	nomn	svo	SV	AVP	5.0	100.0	100.0	100.0	1.0	1.0	1.0	0.0
3_1_clausal_V_form	14_3_1_clausal_V_form	fig:heatmap-14-clausal-v-form	3.1 Clausal complement verb form	80_vos_ng_ac_b_se	vos	ng	nom-acc	balancing	sent	vos	VS	VPA	5.0	99.0	99.0	99.0	0.9800010051162833	0.9800010051162833	0.9800010051162833	0.0
3_1_clausal_V_form	14_3_1_clausal_V_form	fig:heatmap-14-clausal-v-form	3.1 Clausal complement verb form	81_vos_ng_ac_b_pa	vos	ng	nom-acc	balancing	poss-acc	vos	VS	VPA	5.0	99.0	99.0	99.0	0.9800010051162833	0.9800010051162833	0.9800010051162833	0.0
3_1_clausal_V_form	14_3_1_clausal_V_form	fig:heatmap-14-clausal-v-form	3.1 Clausal complement verb form	82_vos_ng_ac_b_ep	vos	ng	nom-acc	balancing	erg-poss	vos	VS	VPA	5.0	99.0	99.0	99.0	0.9800010051162833	0.9800010051162833	0.9800010051162833	0.0
3_1_clausal_V_form	14_3_1_clausal_V_form	fig:heatmap-14-clausal-v-form	3.1 Clausal complement verb form	83_vos_ng_ac_b_no	vos	ng	nom-acc	balancing	nomn	vos	VS	VPA	5.0	99.0	99.0	99.0	0.9800010051162833	0.9800010051162833	0.9800010051162833	0.0
3_1_clausal_V_form	14_3_1_clausal_V_form	fig:heatmap-14-clausal-v-form	3.1 Clausal complement verb form	84_vos_ng_ac_d_se	vos	ng	nom-acc	deranking	sent	vos	VS	VPA	5.0	100.0	100.0	100.0	1.0	1.0	1.0	0.0
3_1_clausal_V_form	14_3_1_clausal_V_form	fig:heatmap-14-clausal-v-form	3.1 Clausal complement verb form	85_vos_ng_ac_d_pa	vos	ng	nom-acc	deranking	poss-acc	vos	VS	VPA	5.0	100.0	100.0	100.0	1.0	1.0	1.0	0.0
3_1_clausal_V_form	14_3_1_clausal_V_form	fig:heatmap-14-clausal-v-form	3.1 Clausal complement verb form	86_vos_ng_ac_d_ep	vos	ng	nom-acc	deranking	erg-poss	vos	VS	VPA	5.0	100.0	100.0	100.0	1.0	1.0	1.0	0.0
3_1_clausal_V_form	14_3_1_clausal_V_form	fig:heatmap-14-clausal-v-form	3.1 Clausal complement verb form	87_vos_ng_ac_d_no	vos	ng	nom-acc	deranking	nomn	vos	VS	VPA	5.0	100.0	100.0	100.0	1.0	1.0	1.0	0.0
3_1_clausal_V_form	14_3_1_clausal_V_form	fig:heatmap-14-clausal-v-form	3.1 Clausal complement verb form	88_vos_ng_er_b_se	vos	ng	erg-abs	balancing	sent	vos	VS	VPA	5.0	98.0	98.0	98.0	0.9600022327543785	0.9600022327543785	0.9600022327543785	0.0
3_1_clausal_V_form	14_3_1_clausal_V_form	fig:heatmap-14-clausal-v-form	3.1 Clausal complement verb form	89_vos_ng_er_b_pa	vos	ng	erg-abs	balancing	poss-acc	vos	VS	VPA	5.0	97.0	99.0	97.0	0.9400037321744893	0.9800010051162833	0.9400037321744893	0.039997272941794004
3_1_clausal_V_form	14_3_1_clausal_V_form	fig:heatmap-14-clausal-v-form	3.1 Clausal complement verb form	90_vos_ng_er_b_ep	vos	ng	erg-abs	balancing	erg-poss	vos	VS	VPA	5.0	99.0	99.0	99.0	0.9800010051162833	0.9800010051162833	0.9800010051162833	0.0
3_1_clausal_V_form	14_3_1_clausal_V_form	fig:heatmap-14-clausal-v-form	3.1 Clausal complement verb form	91_vos_ng_er_b_no	vos	ng	erg-abs	balancing	nomn	vos	VS	VPA	5.0	100.0	99.0	99.0	1.0	0.9800010051162833	0.9800010051162833	0.019998994883716703
3_1_clausal_V_form	14_3_1_clausal_V_form	fig:heatmap-14-clausal-v-form	3.1 Clausal complement verb form	92_vos_ng_er_d_se	vos	ng	erg-abs	deranking	sent	vos	VS	VPA	5.0	100.0	100.0	100.0	1.0	1.0	1.0	0.0
3_1_clausal_V_form	14_3_1_clausal_V_form	fig:heatmap-14-clausal-v-form	3.1 Clausal complement verb form	93_vos_ng_er_d_pa	vos	ng	erg-abs	deranking	poss-acc	vos	VS	VPA	5.0	100.0	100.0	100.0	1.0	1.0	1.0	0.0
3_1_clausal_V_form	14_3_1_clausal_V_form	fig:heatmap-14-clausal-v-form	3.1 Clausal complement verb form	94_vos_ng_er_d_ep	vos	ng	erg-abs	deranking	erg-poss	vos	VS	VPA	5.0	100.0	100.0	100.0	1.0	1.0	1.0	0.0
3_1_clausal_V_form	14_3_1_clausal_V_form	fig:heatmap-14-clausal-v-form	3.1 Clausal complement verb form	95_vos_ng_er_d_no	vos	ng	erg-abs	deranking	nomn	vos	VS	VPA	5.0	100.0	100.0	100.0	1.0	1.0	1.0	0.0
3_2_clausal_S_marker	15_3_2_clausal_S_marker	fig:heatmap-15-clausal-s-marker	3.2 Clausal complement S marker	00_sov_gn_ac_b_se	sov	gn	nom-acc	balancing	sent	sov	SV	APV	5.0	81.0	86.0	80.0	0.6201981975224622	0.7200700908352611	0.6002430286238514	0.11982706221140971
3_2_clausal_S_marker	15_3_2_clausal_S_marker	fig:heatmap-15-clausal-s-marker	3.2 Clausal complement S marker	01_sov_gn_ac_b_pa	sov	gn	nom-acc	balancing	poss-acc	sov	SV	APV	5.0	62.0	66.0	77.0	0.2486790753254733	0.32399079342632137	0.5404461012900033	0.29176702596452997
3_2_clausal_S_marker	15_3_2_clausal_S_marker	fig:heatmap-15-clausal-s-marker	3.2 Clausal complement S marker	02_sov_gn_ac_b_ep	sov	gn	nom-acc	balancing	erg-poss	sov	SV	APV	5.0	67.0	68.0	57.99999999999999	0.3432783071525648	0.36269116941089913	0.17838553419891207	0.18430563521198706
3_2_clausal_S_marker	15_3_2_clausal_S_marker	fig:heatmap-15-clausal-s-marker	3.2 Clausal complement S marker	03_sov_gn_ac_b_no	sov	gn	nom-acc	balancing	nomn	sov	SV	APV	5.0	76.0	78.0	77.0	0.520545600501044	0.5603645644527729	0.5404461012900033	0.0398189639517289
3_2_clausal_S_marker	15_3_2_clausal_S_marker	fig:heatmap-15-clausal-s-marker	3.2 Clausal complement S marker	04_sov_gn_ac_d_se	sov	gn	nom-acc	deranking	sent	sov	SV	APV	5.0	86.0	70.0	63.0	0.7200700908352611	0.40181045290185924	0.2671599293068453	0.4529101615284158
3_2_clausal_S_marker	15_3_2_clausal_S_marker	fig:heatmap-15-clausal-s-marker	3.2 Clausal complement S marker	05_sov_gn_ac_d_pa	sov	gn	nom-acc	deranking	poss-acc	sov	SV	APV	5.0	85.0	77.0	73.0	0.7000866067554558	0.5404461012900033	0.4609956253156435	0.23909098143981228
3_2_clausal_S_marker	15_3_2_clausal_S_marker	fig:heatmap-15-clausal-s-marker	3.2 Clausal complement S marker	06_sov_gn_ac_d_ep	sov	gn	nom-acc	deranking	erg-poss	sov	SV	APV	5.0	46.0	50.0	48.0	0.03710552670485608	0.06931017816607285	0.05129698535007358	0.03220465146121677
3_2_clausal_S_marker	15_3_2_clausal_S_marker	fig:heatmap-15-clausal-s-marker	3.2 Clausal complement S marker	07_sov_gn_ac_d_no	sov	gn	nom-acc	deranking	nomn	sov	SV	APV	5.0	69.0	91.0	74.0	0.3822078817555662	0.8200229216960366	0.4808150668439051	0.43781503994047044
3_2_clausal_S_marker	15_3_2_clausal_S_marker	fig:heatmap-15-clausal-s-marker	3.2 Clausal complement S marker	08_sov_gn_er_b_se	sov	gn	erg-abs	balancing	sent	sov	SV	APV	5.0	94.0	93.0	91.0	0.880010532281679	0.8600138689949057	0.8200229216960366	0.05998761058564239
3_2_clausal_S_marker	15_3_2_clausal_S_marker	fig:heatmap-15-clausal-s-marker	3.2 Clausal complement S marker	09_sov_gn_er_b_pa	sov	gn	erg-abs	balancing	poss-acc	sov	SV	APV	5.0	94.0	91.0	93.0	0.880010532281679	0.8200229216960366	0.8600138689949057	0.05998761058564239
3_2_clausal_S_marker	15_3_2_clausal_S_marker	fig:heatmap-15-clausal-s-marker	3.2 Clausal complement S marker	10_sov_gn_er_b_ep	sov	gn	erg-abs	balancing	erg-poss	sov	SV	APV	5.0	85.0	85.0	88.0	0.7000866067554558	0.7000866067554558	0.7600454927350169	0.059958885979561116
3_2_clausal_S_marker	15_3_2_clausal_S_marker	fig:heatmap-15-clausal-s-marker	3.2 Clausal complement S marker	11_sov_gn_er_b_no	sov	gn	erg-abs	balancing	nomn	sov	SV	APV	5.0	90.0	93.0	91.0	0.8000290007473678	0.8600138689949057	0.8200229216960366	0.059984868247537904
3_2_clausal_S_marker	15_3_2_clausal_S_marker	fig:heatmap-15-clausal-s-marker	3.2 Clausal complement S marker	12_sov_gn_er_d_se	sov	gn	erg-abs	deranking	sent	sov	SV	APV	5.0	88.0	94.0	91.0	0.7600454927350169	0.880010532281679	0.8200229216960366	0.11996503954666216
3_2_clausal_S_marker	15_3_2_clausal_S_marker	fig:heatmap-15-clausal-s-marker	3.2 Clausal complement S marker	13_sov_gn_er_d_pa	sov	gn	erg-abs	deranking	poss-acc	sov	SV	APV	5.0	86.0	83.0	78.0	0.7200700908352611	0.6601314044676043	0.5603645644527729	0.15970552638248814
3_2_clausal_S_marker	15_3_2_clausal_S_marker	fig:heatmap-15-clausal-s-marker	3.2 Clausal complement S marker	14_sov_gn_er_d_ep	sov	gn	erg-abs	deranking	erg-poss	sov	SV	APV	5.0	56.00000000000001	61.0	63.0	0.14632370684388155	0.23050379208694793	0.2671599293068453	0.12083622246296374
3_2_clausal_S_marker	15_3_2_clausal_S_marker	fig:heatmap-15-clausal-s-marker	3.2 Clausal complement S marker	15_sov_gn_er_d_no	sov	gn	erg-abs	deranking	nomn	sov	SV	APV	5.0	79.0	85.0	87.0	0.5802977582031614	0.7000866067554558	0.7400565667123037	0.15975880850914226
3_2_clausal_S_marker	15_3_2_clausal_S_marker	fig:heatmap-15-clausal-s-marker	3.2 Clausal complement S marker	16_sov_ng_ac_b_se	sov	ng	nom-acc	balancing	sent	sov	SV	APV	5.0	30.0	31.0	31.0	0.001810452901859287	0.0022078817555662334	0.0022078817555662334	0.0003974288537069463
3_2_clausal_S_marker	15_3_2_clausal_S_marker	fig:heatmap-15-clausal-s-marker	3.2 Clausal complement S marker	17_sov_ng_ac_b_pa	sov	ng	nom-acc	balancing	poss-acc	ovs	VS	PVA	5.0	35.0	25.0	32.0	0.00485419526745252	0.0006669949589901204	0.002691169410899119	0.004187200308462399
3_2_clausal_S_marker	15_3_2_clausal_S_marker	fig:heatmap-15-clausal-s-marker	3.2 Clausal complement S marker	18_sov_ng_ac_b_ep	sov	ng	nom-acc	balancing	erg-poss	vos	VS	AVP	5.0	31.0	30.0	26.0	0.0022078817555662334	0.001810452901859287	0.000815066843905091	0.0013928149116611424
3_2_clausal_S_marker	15_3_2_clausal_S_marker	fig:heatmap-15-clausal-s-marker	3.2 Clausal complement S marker	19_sov_ng_ac_b_no	sov	ng	nom-acc	balancing	nomn	ovs	VS	PVA	5.0	50.0	43.0	56.00000000000001	0.06931017816607285	0.022037201101923407	0.14632370684388155	0.12428650574195814
3_2_clausal_S_marker	15_3_2_clausal_S_marker	fig:heatmap-15-clausal-s-marker	3.2 Clausal complement S marker	20_sov_ng_ac_d_se	sov	ng	nom-acc	deranking	sent	sov	SV	APV	5.0	34.0	45.0	35.0	0.003990793426321349	0.031321628861900604	0.00485419526745252	0.027330835435579254
3_2_clausal_S_marker	15_3_2_clausal_S_marker	fig:heatmap-15-clausal-s-marker	3.2 Clausal complement S marker	21_sov_ng_ac_d_pa	sov	ng	nom-acc	deranking	poss-acc	ovs	VS	PVA	5.0	30.0	35.0	33.0	0.001810452901859287	0.00485419526745252	0.003278307152564848	0.0030437423655932327
3_2_clausal_S_marker	15_3_2_clausal_S_marker	fig:heatmap-15-clausal-s-marker	3.2 Clausal complement S marker	22_sov_ng_ac_d_ep	sov	ng	nom-acc	deranking	erg-poss	vos	VS	AVP	5.0	35.0	33.0	28.999999999999996	0.00485419526745252	0.003278307152564848	0.0014838855772701248	0.003370309690182395
3_2_clausal_S_marker	15_3_2_clausal_S_marker	fig:heatmap-15-clausal-s-marker	3.2 Clausal complement S marker	23_sov_ng_ac_d_no	sov	ng	nom-acc	deranking	nomn	ovs	VS	PVA	5.0	43.0	31.0	39.0	0.022037201101923407	0.0022078817555662334	0.010503792086947903	0.019829319346357174
3_2_clausal_S_marker	15_3_2_clausal_S_marker	fig:heatmap-15-clausal-s-marker	3.2 Clausal complement S marker	24_sov_ng_er_b_se	sov	ng	erg-abs	balancing	sent	sov	SV	APV	5.0	63.0	50.0	69.0	0.2671599293068453	0.06931017816607285	0.3822078817555662	0.3128977035894933
3_2_clausal_S_marker	15_3_2_clausal_S_marker	fig:heatmap-15-clausal-s-marker	3.2 Clausal complement S marker	25_sov_ng_er_b_pa	sov	ng	erg-abs	balancing	poss-acc	ovs	VS	PVA	5.0	71.0	55.00000000000001	68.0	0.4214838855772702	0.1313216288619007	0.36269116941089913	0.29016225671536944
3_2_clausal_S_marker	15_3_2_clausal_S_marker	fig:heatmap-15-clausal-s-marker	3.2 Clausal complement S marker	26_sov_ng_er_b_ep	sov	ng	erg-abs	balancing	erg-poss	vos	VS	AVP	5.0	56.00000000000001	49.0	60.0	0.14632370684388155	0.059809347048237496	0.2126882612143756	0.15287891416613808
3_2_clausal_S_marker	15_3_2_clausal_S_marker	fig:heatmap-15-clausal-s-marker	3.2 Clausal complement S marker	27_sov_ng_er_b_no	sov	ng	erg-abs	balancing	nomn	ovs	VS	PVA	5.0	66.0	65.0	73.0	0.32399079342632137	0.3048541952674525	0.4609956253156435	0.15614143004819098
3_2_clausal_S_marker	15_3_2_clausal_S_marker	fig:heatmap-15-clausal-s-marker	3.2 Clausal complement S marker	28_sov_ng_er_d_se	sov	ng	erg-abs	deranking	sent	sov	SV	APV	5.0	60.0	73.0	73.0	0.2126882612143756	0.4609956253156435	0.4609956253156435	0.24830736410126789
3_2_clausal_S_marker	15_3_2_clausal_S_marker	fig:heatmap-15-clausal-s-marker	3.2 Clausal complement S marker	29_sov_ng_er_d_pa	sov	ng	erg-abs	deranking	poss-acc	ovs	VS	PVA	5.0	66.0	69.0	65.0	0.32399079342632137	0.3822078817555662	0.3048541952674525	0.0773536864881137
3_2_clausal_S_marker	15_3_2_clausal_S_marker	fig:heatmap-15-clausal-s-marker	3.2 Clausal complement S marker	30_sov_ng_er_d_ep	sov	ng	erg-abs	deranking	erg-poss	vos	VS	AVP	5.0	56.99999999999999	55.00000000000001	79.0	0.1620372011019233	0.1313216288619007	0.5802977582031614	0.44897612934126074
3_2_clausal_S_marker	15_3_2_clausal_S_marker	fig:heatmap-15-clausal-s-marker	3.2 Clausal complement S marker	31_sov_ng_er_d_no	sov	ng	erg-abs	deranking	nomn	ovs	VS	PVA	5.0	65.0	67.0	65.0	0.3048541952674525	0.3432783071525648	0.3048541952674525	0.0384241118851123
3_2_clausal_S_marker	15_3_2_clausal_S_marker	fig:heatmap-15-clausal-s-marker	3.2 Clausal complement S marker	32_svo_gn_ac_b_se	svo	gn	nom-acc	balancing	sent	svo	SV	AVP	5.0	98.0	99.0	99.0	0.9600022327543785	0.9800010051162833	0.9800010051162833	0.019998772361904837
3_2_clausal_S_marker	15_3_2_clausal_S_marker	fig:heatmap-15-clausal-s-marker	3.2 Clausal complement S marker	33_svo_gn_ac_b_pa	svo	gn	nom-acc	balancing	poss-acc	svo	SV	AVP	5.0	100.0	96.0	98.0	1.0	0.9200055635398481	0.9600022327543785	0.07999443646015192
3_2_clausal_S_marker	15_3_2_clausal_S_marker	fig:heatmap-15-clausal-s-marker	3.2 Clausal complement S marker	34_svo_gn_ac_b_ep	svo	gn	nom-acc	balancing	erg-poss	sov	SV	PVA	5.0	86.0	90.0	95.0	0.7200700908352611	0.8000290007473678	0.9000078003290506	0.1799377094937895
3_2_clausal_S_marker	15_3_2_clausal_S_marker	fig:heatmap-15-clausal-s-marker	3.2 Clausal complement S marker	35_svo_gn_ac_b_no	svo	gn	nom-acc	balancing	nomn	svo	SV	AVP	5.0	97.0	96.0	95.0	0.9400037321744893	0.9200055635398481	0.9000078003290506	0.039995931845438704
3_2_clausal_S_marker	15_3_2_clausal_S_marker	fig:heatmap-15-clausal-s-marker	3.2 Clausal complement S marker	36_svo_gn_ac_d_se	svo	gn	nom-acc	deranking	sent	svo	SV	AVP	5.0	94.0	100.0	99.0	0.880010532281679	1.0	0.9800010051162833	0.11998946771832097
3_2_clausal_S_marker	15_3_2_clausal_S_marker	fig:heatmap-15-clausal-s-marker	3.2 Clausal complement S marker	37_svo_gn_ac_d_pa	svo	gn	nom-acc	deranking	poss-acc	svo	SV	AVP	5.0	88.0	99.0	97.0	0.7600454927350169	0.9800010051162833	0.9400037321744893	0.21995551238126643
3_2_clausal_S_marker	15_3_2_clausal_S_marker	fig:heatmap-15-clausal-s-marker	3.2 Clausal complement S marker	38_svo_gn_ac_d_ep	svo	gn	nom-acc	deranking	erg-poss	sov	SV	PVA	5.0	71.0	97.0	85.0	0.4214838855772702	0.9400037321744893	0.7000866067554558	0.5185198465972192
3_2_clausal_S_marker	15_3_2_clausal_S_marker	fig:heatmap-15-clausal-s-marker	3.2 Clausal complement S marker	39_svo_gn_ac_d_no	svo	gn	nom-acc	deranking	nomn	svo	SV	AVP	5.0	84.0	100.0	96.0	0.6801067756461248	1.0	0.9200055635398481	0.31989322435387524
3_2_clausal_S_marker	15_3_2_clausal_S_marker	fig:heatmap-15-clausal-s-marker	3.2 Clausal complement S marker	40_svo_gn_er_b_se	svo	gn	erg-abs	balancing	sent	svo	SV	AVP	5.0	94.0	96.0	99.0	0.880010532281679	0.9200055635398481	0.9800010051162833	0.09999047283460427
3_2_clausal_S_marker	15_3_2_clausal_S_marker	fig:heatmap-15-clausal-s-marker	3.2 Clausal complement S marker	41_svo_gn_er_b_pa	svo	gn	erg-abs	balancing	poss-acc	svo	SV	AVP	5.0	88.0	94.0	95.0	0.7600454927350169	0.880010532281679	0.9000078003290506	0.13996230759403372
3_2_clausal_S_marker	15_3_2_clausal_S_marker	fig:heatmap-15-clausal-s-marker	3.2 Clausal complement S marker	42_svo_gn_er_b_ep	svo	gn	erg-abs	balancing	erg-poss	sov	SV	PVA	5.0	84.0	92.0	92.0	0.6801067756461248	0.8400179443146094	0.8400179443146094	0.15991116866848465
3_2_clausal_S_marker	15_3_2_clausal_S_marker	fig:heatmap-15-clausal-s-marker	3.2 Clausal complement S marker	43_svo_gn_er_b_no	svo	gn	erg-abs	balancing	nomn	svo	SV	AVP	5.0	93.0	96.0	98.0	0.8600138689949057	0.9200055635398481	0.9600022327543785	0.09998836375947273
3_2_clausal_S_marker	15_3_2_clausal_S_marker	fig:heatmap-15-clausal-s-marker	3.2 Clausal complement S marker	44_svo_gn_er_d_se	svo	gn	erg-abs	deranking	sent	svo	SV	AVP	5.0	84.0	94.0	94.0	0.6801067756461248	0.880010532281679	0.880010532281679	0.19990375663555426
3_2_clausal_S_marker	15_3_2_clausal_S_marker	fig:heatmap-15-clausal-s-marker	3.2 Clausal complement S marker	45_svo_gn_er_d_pa	svo	gn	erg-abs	deranking	poss-acc	svo	SV	AVP	5.0	73.0	79.0	81.0	0.4609956253156435	0.5802977582031614	0.6201981975224622	0.15920257220681872
3_2_clausal_S_marker	15_3_2_clausal_S_marker	fig:heatmap-15-clausal-s-marker	3.2 Clausal complement S marker	46_svo_gn_er_d_ep	svo	gn	erg-abs	deranking	erg-poss	sov	SV	PVA	5.0	53.0	51.0	64.0	0.10374425515866688	0.0798093470482375	0.28589874273887544	0.20608939569063794
3_2_clausal_S_marker	15_3_2_clausal_S_marker	fig:heatmap-15-clausal-s-marker	3.2 Clausal complement S marker	47_svo_gn_er_d_no	svo	gn	erg-abs	deranking	nomn	svo	SV	AVP	5.0	81.0	79.0	77.0	0.6201981975224622	0.5802977582031614	0.5404461012900033	0.07975209623245894
3_2_clausal_S_marker	15_3_2_clausal_S_marker	fig:heatmap-15-clausal-s-marker	3.2 Clausal complement S marker	48_svo_ng_ac_b_se	svo	ng	nom-acc	balancing	sent	svo	SV	AVP	5.0	94.0	99.0	93.0	0.880010532281679	0.9800010051162833	0.8600138689949057	0.11998713612137757
3_2_clausal_S_marker	15_3_2_clausal_S_marker	fig:heatmap-15-clausal-s-marker	3.2 Clausal complement S marker	49_svo_ng_ac_b_pa	svo	ng	nom-acc	balancing	poss-acc	vos	VS	VPA	5.0	98.0	97.0	94.0	0.9600022327543785	0.9400037321744893	0.880010532281679	0.07999170047269943
3_2_clausal_S_marker	15_3_2_clausal_S_marker	fig:heatmap-15-clausal-s-marker	3.2 Clausal complement S marker	50_svo_ng_ac_b_ep	svo	ng	nom-acc	balancing	erg-poss	vos	VS	VPA	5.0	95.0	90.0	94.0	0.9000078003290506	0.8000290007473678	0.880010532281679	0.09997879958168276
3_2_clausal_S_marker	15_3_2_clausal_S_marker	fig:heatmap-15-clausal-s-marker	3.2 Clausal complement S marker	51_svo_ng_ac_b_no	svo	ng	nom-acc	balancing	nomn	vos	VS	VPA	5.0	98.0	97.0	99.0	0.9600022327543785	0.9400037321744893	0.9800010051162833	0.039997272941794004
3_2_clausal_S_marker	15_3_2_clausal_S_marker	fig:heatmap-15-clausal-s-marker	3.2 Clausal complement S marker	52_svo_ng_ac_d_se	svo	ng	nom-acc	deranking	sent	svo	SV	AVP	5.0	95.0	88.0	78.0	0.9000078003290506	0.7600454927350169	0.5603645644527729	0.33964323587627765
3_2_clausal_S_marker	15_3_2_clausal_S_marker	fig:heatmap-15-clausal-s-marker	3.2 Clausal complement S marker	53_svo_ng_ac_d_pa	svo	ng	nom-acc	deranking	poss-acc	vos	VS	VPA	5.0	50.0	85.0	79.0	0.06931017816607285	0.7000866067554558	0.5802977582031614	0.6307764285893829
3_2_clausal_S_marker	15_3_2_clausal_S_marker	fig:heatmap-15-clausal-s-marker	3.2 Clausal complement S marker	54_svo_ng_ac_d_ep	svo	ng	nom-acc	deranking	erg-poss	vos	VS	VPA	5.0	61.0	74.0	57.99999999999999	0.23050379208694793	0.4808150668439051	0.17838553419891207	0.30242953264499306
3_2_clausal_S_marker	15_3_2_clausal_S_marker	fig:heatmap-15-clausal-s-marker	3.2 Clausal complement S marker	55_svo_ng_ac_d_no	svo	ng	nom-acc	deranking	nomn	vos	VS	VPA	5.0	86.0	89.0	83.0	0.7200700908352611	0.7800364252161309	0.6601314044676043	0.1199050207485266
3_2_clausal_S_marker	15_3_2_clausal_S_marker	fig:heatmap-15-clausal-s-marker	3.2 Clausal complement S marker	56_svo_ng_er_b_se	svo	ng	erg-abs	balancing	sent	svo	SV	AVP	5.0	99.0	92.0	82.0	0.9800010051162833	0.8400179443146094	0.6401614779514829	0.33983952716480037
3_2_clausal_S_marker	15_3_2_clausal_S_marker	fig:heatmap-15-clausal-s-marker	3.2 Clausal complement S marker	57_svo_ng_er_b_pa	svo	ng	erg-abs	balancing	poss-acc	vos	VS	VPA	5.0	82.0	90.0	93.0	0.6401614779514829	0.8000290007473678	0.8600138689949057	0.2198523910434228
3_2_clausal_S_marker	15_3_2_clausal_S_marker	fig:heatmap-15-clausal-s-marker	3.2 Clausal complement S marker	58_svo_ng_er_b_ep	svo	ng	erg-abs	balancing	erg-poss	vos	VS	VPA	5.0	91.0	94.0	93.0	0.8200229216960366	0.880010532281679	0.8600138689949057	0.05998761058564239
3_2_clausal_S_marker	15_3_2_clausal_S_marker	fig:heatmap-15-clausal-s-marker	3.2 Clausal complement S marker	59_svo_ng_er_b_no	svo	ng	erg-abs	balancing	nomn	vos	VS	VPA	5.0	97.0	93.0	91.0	0.9400037321744893	0.8600138689949057	0.8200229216960366	0.11998081047845266
3_2_clausal_S_marker	15_3_2_clausal_S_marker	fig:heatmap-15-clausal-s-marker	3.2 Clausal complement S marker	60_svo_ng_er_d_se	svo	ng	erg-abs	deranking	sent	svo	SV	AVP	5.0	66.0	91.0	88.0	0.32399079342632137	0.8200229216960366	0.7600454927350169	0.49603212826971527
3_2_clausal_S_marker	15_3_2_clausal_S_marker	fig:heatmap-15-clausal-s-marker	3.2 Clausal complement S marker	61_svo_ng_er_d_pa	svo	ng	erg-abs	deranking	poss-acc	vos	VS	VPA	5.0	85.0	87.0	87.0	0.7000866067554558	0.7400565667123037	0.7400565667123037	0.039969959956847934
3_2_clausal_S_marker	15_3_2_clausal_S_marker	fig:heatmap-15-clausal-s-marker	3.2 Clausal complement S marker	62_svo_ng_er_d_ep	svo	ng	erg-abs	deranking	erg-poss	vos	VS	VPA	5.0	53.0	72.0	57.99999999999999	0.10374425515866688	0.44121571857084796	0.17838553419891207	0.3374714634121811
3_2_clausal_S_marker	15_3_2_clausal_S_marker	fig:heatmap-15-clausal-s-marker	3.2 Clausal complement S marker	63_svo_ng_er_d_no	svo	ng	erg-abs	deranking	nomn	vos	VS	VPA	5.0	73.0	90.0	95.0	0.4609956253156435	0.8000290007473678	0.9000078003290506	0.4390121750134071
3_2_clausal_S_marker	15_3_2_clausal_S_marker	fig:heatmap-15-clausal-s-marker	3.2 Clausal complement S marker	64_vos_gn_ac_b_se	vos	gn	nom-acc	balancing	sent	vos	VS	VPA	5.0	49.0	40.0	46.0	0.059809347048237496	0.012688261214375562	0.03710552670485608	0.04712108583386193
3_2_clausal_S_marker	15_3_2_clausal_S_marker	fig:heatmap-15-clausal-s-marker	3.2 Clausal complement S marker	65_vos_gn_ac_b_pa	vos	gn	nom-acc	balancing	poss-acc	svo	SV	AVP	5.0	42.0	48.0	40.0	0.018385534198912194	0.05129698535007358	0.012688261214375562	0.03860872413569802
3_2_clausal_S_marker	15_3_2_clausal_S_marker	fig:heatmap-15-clausal-s-marker	3.2 Clausal complement S marker	66_vos_gn_ac_b_ep	vos	gn	nom-acc	balancing	erg-poss	sov	SV	PVA	5.0	53.0	40.0	42.0	0.10374425515866688	0.012688261214375562	0.018385534198912194	0.09105599394429131
3_2_clausal_S_marker	15_3_2_clausal_S_marker	fig:heatmap-15-clausal-s-marker	3.2 Clausal complement S marker	67_vos_gn_ac_b_no	vos	gn	nom-acc	balancing	nomn	svo	SV	AVP	5.0	53.0	54.0	38.0	0.10374425515866688	0.1171055267048561	0.008679075325473282	0.10842645137938282
3_2_clausal_S_marker	15_3_2_clausal_S_marker	fig:heatmap-15-clausal-s-marker	3.2 Clausal complement S marker	68_vos_gn_ac_d_se	vos	gn	nom-acc	deranking	sent	vos	VS	VPA	5.0	56.00000000000001	55.00000000000001	53.0	0.14632370684388155	0.1313216288619007	0.10374425515866688	0.04257945168521467
3_2_clausal_S_marker	15_3_2_clausal_S_marker	fig:heatmap-15-clausal-s-marker	3.2 Clausal complement S marker	69_vos_gn_ac_d_pa	vos	gn	nom-acc	deranking	poss-acc	svo	SV	AVP	5.0	56.99999999999999	56.99999999999999	50.0	0.1620372011019233	0.1620372011019233	0.06931017816607285	0.09272702293585044
3_2_clausal_S_marker	15_3_2_clausal_S_marker	fig:heatmap-15-clausal-s-marker	3.2 Clausal complement S marker	70_vos_gn_ac_d_ep	vos	gn	nom-acc	deranking	erg-poss	sov	SV	PVA	5.0	56.99999999999999	51.0	63.0	0.1620372011019233	0.0798093470482375	0.2671599293068453	0.1873505822586078
3_2_clausal_S_marker	15_3_2_clausal_S_marker	fig:heatmap-15-clausal-s-marker	3.2 Clausal complement S marker	71_vos_gn_ac_d_no	vos	gn	nom-acc	deranking	nomn	svo	SV	AVP	5.0	54.0	52.0	46.0	0.1171055267048561	0.09129698535007358	0.03710552670485608	0.08000000000000002
3_2_clausal_S_marker	15_3_2_clausal_S_marker	fig:heatmap-15-clausal-s-marker	3.2 Clausal complement S marker	72_vos_gn_er_b_se	vos	gn	erg-abs	balancing	sent	vos	VS	VPA	5.0	96.0	85.0	94.0	0.9200055635398481	0.7000866067554558	0.880010532281679	0.21991895678439233
3_2_clausal_S_marker	15_3_2_clausal_S_marker	fig:heatmap-15-clausal-s-marker	3.2 Clausal complement S marker	73_vos_gn_er_b_pa	vos	gn	erg-abs	balancing	poss-acc	svo	SV	AVP	5.0	97.0	85.0	95.0	0.9400037321744893	0.7000866067554558	0.9000078003290506	0.23991712541903354
3_2_clausal_S_marker	15_3_2_clausal_S_marker	fig:heatmap-15-clausal-s-marker	3.2 Clausal complement S marker	74_vos_gn_er_b_ep	vos	gn	erg-abs	balancing	erg-poss	sov	SV	PVA	5.0	99.0	93.0	90.0	0.9800010051162833	0.8600138689949057	0.8000290007473678	0.17997200436891547
3_2_clausal_S_marker	15_3_2_clausal_S_marker	fig:heatmap-15-clausal-s-marker	3.2 Clausal complement S marker	75_vos_gn_er_b_no	vos	gn	erg-abs	balancing	nomn	svo	SV	AVP	5.0	96.0	93.0	96.0	0.9200055635398481	0.8600138689949057	0.9200055635398481	0.05999169454494235
3_2_clausal_S_marker	15_3_2_clausal_S_marker	fig:heatmap-15-clausal-s-marker	3.2 Clausal complement S marker	76_vos_gn_er_d_se	vos	gn	erg-abs	deranking	sent	vos	VS	VPA	5.0	97.0	93.0	92.0	0.9400037321744893	0.8600138689949057	0.8400179443146094	0.09998578785987988
3_2_clausal_S_marker	15_3_2_clausal_S_marker	fig:heatmap-15-clausal-s-marker	3.2 Clausal complement S marker	77_vos_gn_er_d_pa	vos	gn	erg-abs	deranking	poss-acc	svo	SV	AVP	5.0	92.0	92.0	85.0	0.8400179443146094	0.8400179443146094	0.7000866067554558	0.13993133755915366
3_2_clausal_S_marker	15_3_2_clausal_S_marker	fig:heatmap-15-clausal-s-marker	3.2 Clausal complement S marker	78_vos_gn_er_d_ep	vos	gn	erg-abs	deranking	erg-poss	sov	SV	PVA	5.0	90.0	78.0	84.0	0.8000290007473678	0.5603645644527729	0.6801067756461248	0.23966443629459488
3_2_clausal_S_marker	15_3_2_clausal_S_marker	fig:heatmap-15-clausal-s-marker	3.2 Clausal complement S marker	79_vos_gn_er_d_no	vos	gn	erg-abs	deranking	nomn	svo	SV	AVP	5.0	86.0	83.0	90.0	0.7200700908352611	0.6601314044676043	0.8000290007473678	0.1398975962797635
3_2_clausal_S_marker	15_3_2_clausal_S_marker	fig:heatmap-15-clausal-s-marker	3.2 Clausal complement S marker	80_vos_ng_ac_b_se	vos	ng	nom-acc	balancing	sent	vos	VS	VPA	5.0	61.0	40.0	70.0	0.23050379208694793	0.012688261214375562	0.40181045290185924	0.3891221916874837
3_2_clausal_S_marker	15_3_2_clausal_S_marker	fig:heatmap-15-clausal-s-marker	3.2 Clausal complement S marker	81_vos_ng_ac_b_pa	vos	ng	nom-acc	balancing	poss-acc	vos	VS	VPA	5.0	65.0	33.0	62.0	0.3048541952674525	0.003278307152564848	0.2486790753254733	0.30157588811488767
3_2_clausal_S_marker	15_3_2_clausal_S_marker	fig:heatmap-15-clausal-s-marker	3.2 Clausal complement S marker	82_vos_ng_ac_b_ep	vos	ng	nom-acc	balancing	erg-poss	vos	VS	VPA	5.0	54.0	74.0	43.0	0.1171055267048561	0.4808150668439051	0.022037201101923407	0.4587778657419817
3_2_clausal_S_marker	15_3_2_clausal_S_marker	fig:heatmap-15-clausal-s-marker	3.2 Clausal complement S marker	83_vos_ng_ac_b_no	vos	ng	nom-acc	balancing	nomn	vos	VS	VPA	5.0	81.0	31.0	49.0	0.6201981975224622	0.0022078817555662334	0.059809347048237496	0.617990315766896
3_2_clausal_S_marker	15_3_2_clausal_S_marker	fig:heatmap-15-clausal-s-marker	3.2 Clausal complement S marker	84_vos_ng_ac_d_se	vos	ng	nom-acc	deranking	sent	vos	VS	VPA	5.0	84.0	90.0	78.0	0.6801067756461248	0.8000290007473678	0.5603645644527729	0.23966443629459488
3_2_clausal_S_marker	15_3_2_clausal_S_marker	fig:heatmap-15-clausal-s-marker	3.2 Clausal complement S marker	85_vos_ng_ac_d_pa	vos	ng	nom-acc	deranking	poss-acc	vos	VS	VPA	5.0	88.0	53.0	87.0	0.7600454927350169	0.10374425515866688	0.7400565667123037	0.65630123757635
3_2_clausal_S_marker	15_3_2_clausal_S_marker	fig:heatmap-15-clausal-s-marker	3.2 Clausal complement S marker	86_vos_ng_ac_d_ep	vos	ng	nom-acc	deranking	erg-poss	vos	VS	VPA	5.0	32.0	56.00000000000001	71.0	0.002691169410899119	0.14632370684388155	0.4214838855772702	0.41879271616637104
3_2_clausal_S_marker	15_3_2_clausal_S_marker	fig:heatmap-15-clausal-s-marker	3.2 Clausal complement S marker	87_vos_ng_ac_d_no	vos	ng	nom-acc	deranking	nomn	vos	VS	VPA	5.0	64.0	77.0	82.0	0.28589874273887544	0.5404461012900033	0.6401614779514829	0.3542627352126075
3_2_clausal_S_marker	15_3_2_clausal_S_marker	fig:heatmap-15-clausal-s-marker	3.2 Clausal complement S marker	88_vos_ng_er_b_se	vos	ng	erg-abs	balancing	sent	vos	VS	VPA	5.0	99.0	99.0	94.0	0.9800010051162833	0.9800010051162833	0.880010532281679	0.09999047283460427
3_2_clausal_S_marker	15_3_2_clausal_S_marker	fig:heatmap-15-clausal-s-marker	3.2 Clausal complement S marker	89_vos_ng_er_b_pa	vos	ng	erg-abs	balancing	poss-acc	vos	VS	VPA	5.0	99.0	98.0	100.0	0.9800010051162833	0.9600022327543785	1.0	0.03999776724562154
3_2_clausal_S_marker	15_3_2_clausal_S_marker	fig:heatmap-15-clausal-s-marker	3.2 Clausal complement S marker	90_vos_ng_er_b_ep	vos	ng	erg-abs	balancing	erg-poss	vos	VS	VPA	5.0	98.0	99.0	99.0	0.9600022327543785	0.9800010051162833	0.9800010051162833	0.019998772361904837
3_2_clausal_S_marker	15_3_2_clausal_S_marker	fig:heatmap-15-clausal-s-marker	3.2 Clausal complement S marker	91_vos_ng_er_b_no	vos	ng	erg-abs	balancing	nomn	vos	VS	VPA	5.0	100.0	98.0	98.0	1.0	0.9600022327543785	0.9600022327543785	0.03999776724562154
3_2_clausal_S_marker	15_3_2_clausal_S_marker	fig:heatmap-15-clausal-s-marker	3.2 Clausal complement S marker	92_vos_ng_er_d_se	vos	ng	erg-abs	deranking	sent	vos	VS	VPA	5.0	99.0	97.0	99.0	0.9800010051162833	0.9400037321744893	0.9800010051162833	0.039997272941794004
3_2_clausal_S_marker	15_3_2_clausal_S_marker	fig:heatmap-15-clausal-s-marker	3.2 Clausal complement S marker	93_vos_ng_er_d_pa	vos	ng	erg-abs	deranking	poss-acc	vos	VS	VPA	5.0	87.0	95.0	92.0	0.7400565667123037	0.9000078003290506	0.8400179443146094	0.1599512336167469
3_2_clausal_S_marker	15_3_2_clausal_S_marker	fig:heatmap-15-clausal-s-marker	3.2 Clausal complement S marker	94_vos_ng_er_d_ep	vos	ng	erg-abs	deranking	erg-poss	vos	VS	VPA	5.0	68.0	64.0	64.0	0.36269116941089913	0.28589874273887544	0.28589874273887544	0.07679242667202368
3_2_clausal_S_marker	15_3_2_clausal_S_marker	fig:heatmap-15-clausal-s-marker	3.2 Clausal complement S marker	95_vos_ng_er_d_no	vos	ng	erg-abs	deranking	nomn	vos	VS	VPA	5.0	86.0	91.0	89.0	0.7200700908352611	0.8200229216960366	0.7800364252161309	0.09995283086077555
3_3_clausal_A_marker	16_3_3_clausal_A_marker	fig:heatmap-16-clausal-a-marker	3.3 Clausal complement A marker	00_sov_gn_ac_b_se	sov	gn	nom-acc	balancing	sent	sov	SV	APV	5.0	28.999999999999996	35.0	12.0	0.0014838855772701248	0.00485419526745252	4.5492735016908155e-05	0.004808702532435612
3_3_clausal_A_marker	16_3_3_clausal_A_marker	fig:heatmap-16-clausal-a-marker	3.3 Clausal complement A marker	01_sov_gn_ac_b_pa	sov	gn	nom-acc	balancing	poss-acc	sov	SV	APV	5.0	11.0	18.0	11.0	3.6425216130852396e-05	0.00016147795148286958	3.6425216130852396e-05	0.0001250527353520172
3_3_clausal_A_marker	16_3_3_clausal_A_marker	fig:heatmap-16-clausal-a-marker	3.3 Clausal complement A marker	02_sov_gn_ac_b_ep	sov	gn	nom-acc	balancing	erg-poss	sov	SV	APV	5.0	95.0	92.0	92.0	0.9000078003290506	0.8400179443146094	0.8400179443146094	0.05998985601444118
3_3_clausal_A_marker	16_3_3_clausal_A_marker	fig:heatmap-16-clausal-a-marker	3.3 Clausal complement A marker	03_sov_gn_ac_b_no	sov	gn	nom-acc	balancing	nomn	sov	SV	APV	5.0	18.0	11.0	39.0	0.00016147795148286958	3.6425216130852396e-05	0.010503792086947903	0.010467366870817051
3_3_clausal_A_marker	16_3_3_clausal_A_marker	fig:heatmap-16-clausal-a-marker	3.3 Clausal complement A marker	04_sov_gn_ac_d_se	sov	gn	nom-acc	deranking	sent	sov	SV	APV	5.0	25.0	31.0	13.0	0.0006669949589901204	0.0022078817555662334	5.6566712303627425e-05	0.0021513150432626057
3_3_clausal_A_marker	16_3_3_clausal_A_marker	fig:heatmap-16-clausal-a-marker	3.3 Clausal complement A marker	05_sov_gn_ac_d_pa	sov	gn	nom-acc	deranking	poss-acc	sov	SV	APV	5.0	23.0	20.0	15.0	0.0004461012900032559	0.0002430286238513585	8.660675545573801e-05	0.00035949453454751793
3_3_clausal_A_marker	16_3_3_clausal_A_marker	fig:heatmap-16-clausal-a-marker	3.3 Clausal complement A marker	06_sov_gn_ac_d_ep	sov	gn	nom-acc	deranking	erg-poss	sov	SV	APV	5.0	94.0	97.0	96.0	0.880010532281679	0.9400037321744893	0.9200055635398481	0.05999319989281027
3_3_clausal_A_marker	16_3_3_clausal_A_marker	fig:heatmap-16-clausal-a-marker	3.3 Clausal complement A marker	07_sov_gn_ac_d_no	sov	gn	nom-acc	deranking	nomn	sov	SV	APV	5.0	19.0	44.0	12.0	0.00019819752246213155	0.02632370684388144	4.5492735016908155e-05	0.02627821410886453
3_3_clausal_A_marker	16_3_3_clausal_A_marker	fig:heatmap-16-clausal-a-marker	3.3 Clausal complement A marker	08_sov_gn_er_b_se	sov	gn	erg-abs	balancing	sent	sov	SV	APV	5.0	100.0	98.0	100.0	1.0	0.9600022327543785	1.0	0.03999776724562154
3_3_clausal_A_marker	16_3_3_clausal_A_marker	fig:heatmap-16-clausal-a-marker	3.3 Clausal complement A marker	09_sov_gn_er_b_pa	sov	gn	erg-abs	balancing	poss-acc	sov	SV	APV	5.0	100.0	99.0	99.0	1.0	0.9800010051162833	0.9800010051162833	0.019998994883716703
3_3_clausal_A_marker	16_3_3_clausal_A_marker	fig:heatmap-16-clausal-a-marker	3.3 Clausal complement A marker	10_sov_gn_er_b_ep	sov	gn	erg-abs	balancing	erg-poss	sov	SV	APV	5.0	100.0	100.0	100.0	1.0	1.0	1.0	0.0
3_3_clausal_A_marker	16_3_3_clausal_A_marker	fig:heatmap-16-clausal-a-marker	3.3 Clausal complement A marker	11_sov_gn_er_b_no	sov	gn	erg-abs	balancing	nomn	sov	SV	APV	5.0	99.0	98.0	100.0	0.9800010051162833	0.9600022327543785	1.0	0.03999776724562154
3_3_clausal_A_marker	16_3_3_clausal_A_marker	fig:heatmap-16-clausal-a-marker	3.3 Clausal complement A marker	12_sov_gn_er_d_se	sov	gn	erg-abs	deranking	sent	sov	SV	APV	5.0	99.0	100.0	99.0	0.9800010051162833	1.0	0.9800010051162833	0.019998994883716703
3_3_clausal_A_marker	16_3_3_clausal_A_marker	fig:heatmap-16-clausal-a-marker	3.3 Clausal complement A marker	13_sov_gn_er_d_pa	sov	gn	erg-abs	deranking	poss-acc	sov	SV	APV	5.0	100.0	96.0	99.0	1.0	0.9200055635398481	0.9800010051162833	0.07999443646015192
3_3_clausal_A_marker	16_3_3_clausal_A_marker	fig:heatmap-16-clausal-a-marker	3.3 Clausal complement A marker	14_sov_gn_er_d_ep	sov	gn	erg-abs	deranking	erg-poss	sov	SV	APV	5.0	100.0	100.0	100.0	1.0	1.0	1.0	0.0
3_3_clausal_A_marker	16_3_3_clausal_A_marker	fig:heatmap-16-clausal-a-marker	3.3 Clausal complement A marker	15_sov_gn_er_d_no	sov	gn	erg-abs	deranking	nomn	sov	SV	APV	5.0	97.0	99.0	99.0	0.9400037321744893	0.9800010051162833	0.9800010051162833	0.039997272941794004
3_3_clausal_A_marker	16_3_3_clausal_A_marker	fig:heatmap-16-clausal-a-marker	3.3 Clausal complement A marker	16_sov_ng_ac_b_se	sov	ng	nom-acc	balancing	sent	sov	SV	APV	5.0	43.0	30.0	24.0	0.022037201101923407	0.001810452901859287	0.0005456005010440509	0.021491600600879356
3_3_clausal_A_marker	16_3_3_clausal_A_marker	fig:heatmap-16-clausal-a-marker	3.3 Clausal complement A marker	17_sov_ng_ac_b_pa	sov	ng	nom-acc	balancing	poss-acc	ovs	VS	PVA	5.0	31.0	24.0	28.000000000000004	0.0022078817555662334	0.0005456005010440509	0.0012157185708479242	0.0016622812545221825
3_3_clausal_A_marker	16_3_3_clausal_A_marker	fig:heatmap-16-clausal-a-marker	3.3 Clausal complement A marker	18_sov_ng_ac_b_ep	sov	ng	nom-acc	balancing	erg-poss	vos	VS	AVP	5.0	90.0	87.0	84.0	0.8000290007473678	0.7400565667123037	0.6801067756461248	0.11992222510124306
3_3_clausal_A_marker	16_3_3_clausal_A_marker	fig:heatmap-16-clausal-a-marker	3.3 Clausal complement A marker	19_sov_ng_ac_b_no	sov	ng	nom-acc	balancing	nomn	ovs	VS	PVA	5.0	67.0	42.0	55.00000000000001	0.3432783071525648	0.018385534198912194	0.1313216288619007	0.3248927729536526
3_3_clausal_A_marker	16_3_3_clausal_A_marker	fig:heatmap-16-clausal-a-marker	3.3 Clausal complement A marker	20_sov_ng_ac_d_se	sov	ng	nom-acc	deranking	sent	sov	SV	APV	5.0	15.0	57.99999999999999	32.0	8.660675545573801e-05	0.17838553419891207	0.002691169410899119	0.17829892744345632
3_3_clausal_A_marker	16_3_3_clausal_A_marker	fig:heatmap-16-clausal-a-marker	3.3 Clausal complement A marker	21_sov_ng_ac_d_pa	sov	ng	nom-acc	deranking	poss-acc	ovs	VS	PVA	5.0	20.0	30.0	23.0	0.0002430286238513585	0.001810452901859287	0.0004461012900032559	0.0015674242780079285
3_3_clausal_A_marker	16_3_3_clausal_A_marker	fig:heatmap-16-clausal-a-marker	3.3 Clausal complement A marker	22_sov_ng_ac_d_ep	sov	ng	nom-acc	deranking	erg-poss	vos	VS	AVP	5.0	88.0	90.0	87.0	0.7600454927350169	0.8000290007473678	0.7400565667123037	0.05997243403506414
3_3_clausal_A_marker	16_3_3_clausal_A_marker	fig:heatmap-16-clausal-a-marker	3.3 Clausal complement A marker	23_sov_ng_ac_d_no	sov	ng	nom-acc	deranking	nomn	ovs	VS	PVA	5.0	66.0	16.0	39.0	0.32399079342632137	0.00010677564612477928	0.010503792086947903	0.3238840177801966
3_3_clausal_A_marker	16_3_3_clausal_A_marker	fig:heatmap-16-clausal-a-marker	3.3 Clausal complement A marker	24_sov_ng_er_b_se	sov	ng	erg-abs	balancing	sent	sov	SV	APV	5.0	100.0	100.0	100.0	1.0	1.0	1.0	0.0
3_3_clausal_A_marker	16_3_3_clausal_A_marker	fig:heatmap-16-clausal-a-marker	3.3 Clausal complement A marker	25_sov_ng_er_b_pa	sov	ng	erg-abs	balancing	poss-acc	ovs	VS	PVA	5.0	100.0	100.0	100.0	1.0	1.0	1.0	0.0
3_3_clausal_A_marker	16_3_3_clausal_A_marker	fig:heatmap-16-clausal-a-marker	3.3 Clausal complement A marker	26_sov_ng_er_b_ep	sov	ng	erg-abs	balancing	erg-poss	vos	VS	AVP	5.0	100.0	100.0	100.0	1.0	1.0	1.0	0.0
3_3_clausal_A_marker	16_3_3_clausal_A_marker	fig:heatmap-16-clausal-a-marker	3.3 Clausal complement A marker	27_sov_ng_er_b_no	sov	ng	erg-abs	balancing	nomn	ovs	VS	PVA	5.0	100.0	100.0	100.0	1.0	1.0	1.0	0.0
3_3_clausal_A_marker	16_3_3_clausal_A_marker	fig:heatmap-16-clausal-a-marker	3.3 Clausal complement A marker	28_sov_ng_er_d_se	sov	ng	erg-abs	deranking	sent	sov	SV	APV	5.0	100.0	100.0	100.0	1.0	1.0	1.0	0.0
3_3_clausal_A_marker	16_3_3_clausal_A_marker	fig:heatmap-16-clausal-a-marker	3.3 Clausal complement A marker	29_sov_ng_er_d_pa	sov	ng	erg-abs	deranking	poss-acc	ovs	VS	PVA	5.0	99.0	100.0	100.0	0.9800010051162833	1.0	1.0	0.019998994883716703
3_3_clausal_A_marker	16_3_3_clausal_A_marker	fig:heatmap-16-clausal-a-marker	3.3 Clausal complement A marker	30_sov_ng_er_d_ep	sov	ng	erg-abs	deranking	erg-poss	vos	VS	AVP	5.0	100.0	100.0	100.0	1.0	1.0	1.0	0.0
3_3_clausal_A_marker	16_3_3_clausal_A_marker	fig:heatmap-16-clausal-a-marker	3.3 Clausal complement A marker	31_sov_ng_er_d_no	sov	ng	erg-abs	deranking	nomn	ovs	VS	PVA	5.0	99.0	100.0	99.0	0.9800010051162833	1.0	0.9800010051162833	0.019998994883716703
3_3_clausal_A_marker	16_3_3_clausal_A_marker	fig:heatmap-16-clausal-a-marker	3.3 Clausal complement A marker	32_svo_gn_ac_b_se	svo	gn	nom-acc	balancing	sent	svo	SV	AVP	5.0	97.0	97.0	98.0	0.9400037321744893	0.9400037321744893	0.9600022327543785	0.019998500579889167
3_3_clausal_A_marker	16_3_3_clausal_A_marker	fig:heatmap-16-clausal-a-marker	3.3 Clausal complement A marker	33_svo_gn_ac_b_pa	svo	gn	nom-acc	balancing	poss-acc	svo	SV	AVP	5.0	97.0	98.0	97.0	0.9400037321744893	0.9600022327543785	0.9400037321744893	0.019998500579889167
3_3_clausal_A_marker	16_3_3_clausal_A_marker	fig:heatmap-16-clausal-a-marker	3.3 Clausal complement A marker	34_svo_gn_ac_b_ep	svo	gn	nom-acc	balancing	erg-poss	sov	SV	PVA	5.0	100.0	100.0	100.0	1.0	1.0	1.0	0.0
3_3_clausal_A_marker	16_3_3_clausal_A_marker	fig:heatmap-16-clausal-a-marker	3.3 Clausal complement A marker	35_svo_gn_ac_b_no	svo	gn	nom-acc	balancing	nomn	svo	SV	AVP	5.0	98.0	93.0	96.0	0.9600022327543785	0.8600138689949057	0.9200055635398481	0.09998836375947273
3_3_clausal_A_marker	16_3_3_clausal_A_marker	fig:heatmap-16-clausal-a-marker	3.3 Clausal complement A marker	36_svo_gn_ac_d_se	svo	gn	nom-acc	deranking	sent	svo	SV	AVP	5.0	91.0	91.0	98.0	0.8200229216960366	0.8200229216960366	0.9600022327543785	0.13997931105834183
3_3_clausal_A_marker	16_3_3_clausal_A_marker	fig:heatmap-16-clausal-a-marker	3.3 Clausal complement A marker	37_svo_gn_ac_d_pa	svo	gn	nom-acc	deranking	poss-acc	svo	SV	AVP	5.0	92.0	92.0	87.0	0.8400179443146094	0.8400179443146094	0.7400565667123037	0.09996137760230572
3_3_clausal_A_marker	16_3_3_clausal_A_marker	fig:heatmap-16-clausal-a-marker	3.3 Clausal complement A marker	38_svo_gn_ac_d_ep	svo	gn	nom-acc	deranking	erg-poss	sov	SV	PVA	5.0	100.0	100.0	99.0	1.0	1.0	0.9800010051162833	0.019998994883716703
3_3_clausal_A_marker	16_3_3_clausal_A_marker	fig:heatmap-16-clausal-a-marker	3.3 Clausal complement A marker	39_svo_gn_ac_d_no	svo	gn	nom-acc	deranking	nomn	svo	SV	AVP	5.0	83.0	89.0	88.0	0.6601314044676043	0.7800364252161309	0.7600454927350169	0.1199050207485266
3_3_clausal_A_marker	16_3_3_clausal_A_marker	fig:heatmap-16-clausal-a-marker	3.3 Clausal complement A marker	40_svo_gn_er_b_se	svo	gn	erg-abs	balancing	sent	svo	SV	AVP	5.0	100.0	100.0	100.0	1.0	1.0	1.0	0.0
3_3_clausal_A_marker	16_3_3_clausal_A_marker	fig:heatmap-16-clausal-a-marker	3.3 Clausal complement A marker	41_svo_gn_er_b_pa	svo	gn	erg-abs	balancing	poss-acc	svo	SV	AVP	5.0	100.0	100.0	100.0	1.0	1.0	1.0	0.0
3_3_clausal_A_marker	16_3_3_clausal_A_marker	fig:heatmap-16-clausal-a-marker	3.3 Clausal complement A marker	42_svo_gn_er_b_ep	svo	gn	erg-abs	balancing	erg-poss	sov	SV	PVA	5.0	100.0	100.0	100.0	1.0	1.0	1.0	0.0
3_3_clausal_A_marker	16_3_3_clausal_A_marker	fig:heatmap-16-clausal-a-marker	3.3 Clausal complement A marker	43_svo_gn_er_b_no	svo	gn	erg-abs	balancing	nomn	svo	SV	AVP	5.0	100.0	100.0	100.0	1.0	1.0	1.0	0.0
3_3_clausal_A_marker	16_3_3_clausal_A_marker	fig:heatmap-16-clausal-a-marker	3.3 Clausal complement A marker	44_svo_gn_er_d_se	svo	gn	erg-abs	deranking	sent	svo	SV	AVP	5.0	100.0	100.0	100.0	1.0	1.0	1.0	0.0
3_3_clausal_A_marker	16_3_3_clausal_A_marker	fig:heatmap-16-clausal-a-marker	3.3 Clausal complement A marker	45_svo_gn_er_d_pa	svo	gn	erg-abs	deranking	poss-acc	svo	SV	AVP	5.0	100.0	100.0	99.0	1.0	1.0	0.9800010051162833	0.019998994883716703
3_3_clausal_A_marker	16_3_3_clausal_A_marker	fig:heatmap-16-clausal-a-marker	3.3 Clausal complement A marker	46_svo_gn_er_d_ep	svo	gn	erg-abs	deranking	erg-poss	sov	SV	PVA	5.0	100.0	100.0	100.0	1.0	1.0	1.0	0.0
3_3_clausal_A_marker	16_3_3_clausal_A_marker	fig:heatmap-16-clausal-a-marker	3.3 Clausal complement A marker	47_svo_gn_er_d_no	svo	gn	erg-abs	deranking	nomn	svo	SV	AVP	5.0	99.0	100.0	100.0	0.9800010051162833	1.0	1.0	0.019998994883716703
3_3_clausal_A_marker	16_3_3_clausal_A_marker	fig:heatmap-16-clausal-a-marker	3.3 Clausal complement A marker	48_svo_ng_ac_b_se	svo	ng	nom-acc	balancing	sent	svo	SV	AVP	5.0	98.0	98.0	95.0	0.9600022327543785	0.9600022327543785	0.9000078003290506	0.05999443242532787
3_3_clausal_A_marker	16_3_3_clausal_A_marker	fig:heatmap-16-clausal-a-marker	3.3 Clausal complement A marker	49_svo_ng_ac_b_pa	svo	ng	nom-acc	balancing	poss-acc	vos	VS	VPA	5.0	95.0	97.0	95.0	0.9000078003290506	0.9400037321744893	0.9000078003290506	0.039995931845438704
3_3_clausal_A_marker	16_3_3_clausal_A_marker	fig:heatmap-16-clausal-a-marker	3.3 Clausal complement A marker	50_svo_ng_ac_b_ep	svo	ng	nom-acc	balancing	erg-poss	vos	VS	VPA	5.0	100.0	100.0	100.0	1.0	1.0	1.0	0.0
3_3_clausal_A_marker	16_3_3_clausal_A_marker	fig:heatmap-16-clausal-a-marker	3.3 Clausal complement A marker	51_svo_ng_ac_b_no	svo	ng	nom-acc	balancing	nomn	vos	VS	VPA	5.0	97.0	96.0	95.0	0.9400037321744893	0.9200055635398481	0.9000078003290506	0.039995931845438704
3_3_clausal_A_marker	16_3_3_clausal_A_marker	fig:heatmap-16-clausal-a-marker	3.3 Clausal complement A marker	52_svo_ng_ac_d_se	svo	ng	nom-acc	deranking	sent	svo	SV	AVP	5.0	96.0	91.0	69.0	0.9200055635398481	0.8200229216960366	0.3822078817555662	0.5377976817842819
3_3_clausal_A_marker	16_3_3_clausal_A_marker	fig:heatmap-16-clausal-a-marker	3.3 Clausal complement A marker	53_svo_ng_ac_d_pa	svo	ng	nom-acc	deranking	poss-acc	vos	VS	VPA	5.0	55.00000000000001	85.0	88.0	0.1313216288619007	0.7000866067554558	0.7600454927350169	0.6287238638731162
3_3_clausal_A_marker	16_3_3_clausal_A_marker	fig:heatmap-16-clausal-a-marker	3.3 Clausal complement A marker	54_svo_ng_ac_d_ep	svo	ng	nom-acc	deranking	erg-poss	vos	VS	VPA	5.0	100.0	100.0	98.0	1.0	1.0	0.9600022327543785	0.03999776724562154
3_3_clausal_A_marker	16_3_3_clausal_A_marker	fig:heatmap-16-clausal-a-marker	3.3 Clausal complement A marker	55_svo_ng_ac_d_no	svo	ng	nom-acc	deranking	nomn	vos	VS	VPA	5.0	88.0	92.0	81.0	0.7600454927350169	0.8400179443146094	0.6201981975224622	0.21981974679214722
3_3_clausal_A_marker	16_3_3_clausal_A_marker	fig:heatmap-16-clausal-a-marker	3.3 Clausal complement A marker	56_svo_ng_er_b_se	svo	ng	erg-abs	balancing	sent	svo	SV	AVP	5.0	100.0	100.0	100.0	1.0	1.0	1.0	0.0
3_3_clausal_A_marker	16_3_3_clausal_A_marker	fig:heatmap-16-clausal-a-marker	3.3 Clausal complement A marker	57_svo_ng_er_b_pa	svo	ng	erg-abs	balancing	poss-acc	vos	VS	VPA	5.0	100.0	100.0	100.0	1.0	1.0	1.0	0.0
3_3_clausal_A_marker	16_3_3_clausal_A_marker	fig:heatmap-16-clausal-a-marker	3.3 Clausal complement A marker	58_svo_ng_er_b_ep	svo	ng	erg-abs	balancing	erg-poss	vos	VS	VPA	5.0	100.0	100.0	100.0	1.0	1.0	1.0	0.0
3_3_clausal_A_marker	16_3_3_clausal_A_marker	fig:heatmap-16-clausal-a-marker	3.3 Clausal complement A marker	59_svo_ng_er_b_no	svo	ng	erg-abs	balancing	nomn	vos	VS	VPA	5.0	100.0	100.0	100.0	1.0	1.0	1.0	0.0
3_3_clausal_A_marker	16_3_3_clausal_A_marker	fig:heatmap-16-clausal-a-marker	3.3 Clausal complement A marker	60_svo_ng_er_d_se	svo	ng	erg-abs	deranking	sent	svo	SV	AVP	5.0	100.0	100.0	100.0	1.0	1.0	1.0	0.0
3_3_clausal_A_marker	16_3_3_clausal_A_marker	fig:heatmap-16-clausal-a-marker	3.3 Clausal complement A marker	61_svo_ng_er_d_pa	svo	ng	erg-abs	deranking	poss-acc	vos	VS	VPA	5.0	100.0	100.0	100.0	1.0	1.0	1.0	0.0
3_3_clausal_A_marker	16_3_3_clausal_A_marker	fig:heatmap-16-clausal-a-marker	3.3 Clausal complement A marker	62_svo_ng_er_d_ep	svo	ng	erg-abs	deranking	erg-poss	vos	VS	VPA	5.0	100.0	100.0	100.0	1.0	1.0	1.0	0.0
3_3_clausal_A_marker	16_3_3_clausal_A_marker	fig:heatmap-16-clausal-a-marker	3.3 Clausal complement A marker	63_svo_ng_er_d_no	svo	ng	erg-abs	deranking	nomn	vos	VS	VPA	5.0	100.0	100.0	100.0	1.0	1.0	1.0	0.0
3_3_clausal_A_marker	16_3_3_clausal_A_marker	fig:heatmap-16-clausal-a-marker	3.3 Clausal complement A marker	64_vos_gn_ac_b_se	vos	gn	nom-acc	balancing	sent	vos	VS	VPA	5.0	71.0	68.0	68.0	0.4214838855772702	0.36269116941089913	0.36269116941089913	0.05879271616637105
3_3_clausal_A_marker	16_3_3_clausal_A_marker	fig:heatmap-16-clausal-a-marker	3.3 Clausal complement A marker	65_vos_gn_ac_b_pa	vos	gn	nom-acc	balancing	poss-acc	svo	SV	AVP	5.0	61.0	77.0	66.0	0.23050379208694793	0.5404461012900033	0.32399079342632137	0.3099423092030553
3_3_clausal_A_marker	16_3_3_clausal_A_marker	fig:heatmap-16-clausal-a-marker	3.3 Clausal complement A marker	66_vos_gn_ac_b_ep	vos	gn	nom-acc	balancing	erg-poss	sov	SV	PVA	5.0	93.0	96.0	98.0	0.8600138689949057	0.9200055635398481	0.9600022327543785	0.09998836375947273
3_3_clausal_A_marker	16_3_3_clausal_A_marker	fig:heatmap-16-clausal-a-marker	3.3 Clausal complement A marker	67_vos_gn_ac_b_no	vos	gn	nom-acc	balancing	nomn	svo	SV	AVP	5.0	69.0	73.0	67.0	0.3822078817555662	0.4609956253156435	0.3432783071525648	0.11771731816307868
3_3_clausal_A_marker	16_3_3_clausal_A_marker	fig:heatmap-16-clausal-a-marker	3.3 Clausal complement A marker	68_vos_gn_ac_d_se	vos	gn	nom-acc	deranking	sent	vos	VS	VPA	5.0	71.0	74.0	69.0	0.4214838855772702	0.4808150668439051	0.3822078817555662	0.09860718508833893
3_3_clausal_A_marker	16_3_3_clausal_A_marker	fig:heatmap-16-clausal-a-marker	3.3 Clausal complement A marker	69_vos_gn_ac_d_pa	vos	gn	nom-acc	deranking	poss-acc	svo	SV	AVP	5.0	72.0	70.0	73.0	0.44121571857084796	0.40181045290185924	0.4609956253156435	0.05918517241378424
3_3_clausal_A_marker	16_3_3_clausal_A_marker	fig:heatmap-16-clausal-a-marker	3.3 Clausal complement A marker	70_vos_gn_ac_d_ep	vos	gn	nom-acc	deranking	erg-poss	sov	SV	PVA	5.0	93.0	86.0	95.0	0.8600138689949057	0.7200700908352611	0.9000078003290506	0.1799377094937895
3_3_clausal_A_marker	16_3_3_clausal_A_marker	fig:heatmap-16-clausal-a-marker	3.3 Clausal complement A marker	71_vos_gn_ac_d_no	vos	gn	nom-acc	deranking	nomn	svo	SV	AVP	5.0	70.0	75.0	65.0	0.40181045290185924	0.5006669949589901	0.3048541952674525	0.19581279969153764
3_3_clausal_A_marker	16_3_3_clausal_A_marker	fig:heatmap-16-clausal-a-marker	3.3 Clausal complement A marker	72_vos_gn_er_b_se	vos	gn	erg-abs	balancing	sent	vos	VS	VPA	5.0	100.0	100.0	100.0	1.0	1.0	1.0	0.0
3_3_clausal_A_marker	16_3_3_clausal_A_marker	fig:heatmap-16-clausal-a-marker	3.3 Clausal complement A marker	73_vos_gn_er_b_pa	vos	gn	erg-abs	balancing	poss-acc	svo	SV	AVP	5.0	100.0	100.0	100.0	1.0	1.0	1.0	0.0
3_3_clausal_A_marker	16_3_3_clausal_A_marker	fig:heatmap-16-clausal-a-marker	3.3 Clausal complement A marker	74_vos_gn_er_b_ep	vos	gn	erg-abs	balancing	erg-poss	sov	SV	PVA	5.0	100.0	100.0	100.0	1.0	1.0	1.0	0.0
3_3_clausal_A_marker	16_3_3_clausal_A_marker	fig:heatmap-16-clausal-a-marker	3.3 Clausal complement A marker	75_vos_gn_er_b_no	vos	gn	erg-abs	balancing	nomn	svo	SV	AVP	5.0	100.0	100.0	100.0	1.0	1.0	1.0	0.0
3_3_clausal_A_marker	16_3_3_clausal_A_marker	fig:heatmap-16-clausal-a-marker	3.3 Clausal complement A marker	76_vos_gn_er_d_se	vos	gn	erg-abs	deranking	sent	vos	VS	VPA	5.0	100.0	100.0	100.0	1.0	1.0	1.0	0.0
3_3_clausal_A_marker	16_3_3_clausal_A_marker	fig:heatmap-16-clausal-a-marker	3.3 Clausal complement A marker	77_vos_gn_er_d_pa	vos	gn	erg-abs	deranking	poss-acc	svo	SV	AVP	5.0	99.0	99.0	99.0	0.9800010051162833	0.9800010051162833	0.9800010051162833	0.0
3_3_clausal_A_marker	16_3_3_clausal_A_marker	fig:heatmap-16-clausal-a-marker	3.3 Clausal complement A marker	78_vos_gn_er_d_ep	vos	gn	erg-abs	deranking	erg-poss	sov	SV	PVA	5.0	100.0	100.0	100.0	1.0	1.0	1.0	0.0
3_3_clausal_A_marker	16_3_3_clausal_A_marker	fig:heatmap-16-clausal-a-marker	3.3 Clausal complement A marker	79_vos_gn_er_d_no	vos	gn	erg-abs	deranking	nomn	svo	SV	AVP	5.0	100.0	99.0	100.0	1.0	0.9800010051162833	1.0	0.019998994883716703
3_3_clausal_A_marker	16_3_3_clausal_A_marker	fig:heatmap-16-clausal-a-marker	3.3 Clausal complement A marker	80_vos_ng_ac_b_se	vos	ng	nom-acc	balancing	sent	vos	VS	VPA	5.0	53.0	19.0	21.0	0.10374425515866688	0.00019819752246213155	0.00029775820316147556	0.10354605763620475
3_3_clausal_A_marker	16_3_3_clausal_A_marker	fig:heatmap-16-clausal-a-marker	3.3 Clausal complement A marker	81_vos_ng_ac_b_pa	vos	ng	nom-acc	balancing	poss-acc	vos	VS	VPA	5.0	30.0	32.0	19.0	0.001810452901859287	0.002691169410899119	0.00019819752246213155	0.0024929718884369877
3_3_clausal_A_marker	16_3_3_clausal_A_marker	fig:heatmap-16-clausal-a-marker	3.3 Clausal complement A marker	82_vos_ng_ac_b_ep	vos	ng	nom-acc	balancing	erg-poss	vos	VS	VPA	5.0	96.0	97.0	95.0	0.9200055635398481	0.9400037321744893	0.9000078003290506	0.039995931845438704
3_3_clausal_A_marker	16_3_3_clausal_A_marker	fig:heatmap-16-clausal-a-marker	3.3 Clausal complement A marker	83_vos_ng_ac_b_no	vos	ng	nom-acc	balancing	nomn	vos	VS	VPA	5.0	59.0	11.0	33.0	0.19529322116268572	3.6425216130852396e-05	0.003278307152564848	0.19525679594655487
3_3_clausal_A_marker	16_3_3_clausal_A_marker	fig:heatmap-16-clausal-a-marker	3.3 Clausal complement A marker	84_vos_ng_ac_d_se	vos	ng	nom-acc	deranking	sent	vos	VS	VPA	5.0	61.0	54.0	51.0	0.23050379208694793	0.1171055267048561	0.0798093470482375	0.15069444503871043
3_3_clausal_A_marker	16_3_3_clausal_A_marker	fig:heatmap-16-clausal-a-marker	3.3 Clausal complement A marker	85_vos_ng_ac_d_pa	vos	ng	nom-acc	deranking	poss-acc	vos	VS	VPA	5.0	66.0	38.0	76.0	0.32399079342632137	0.008679075325473282	0.520545600501044	0.5118665251755707
3_3_clausal_A_marker	16_3_3_clausal_A_marker	fig:heatmap-16-clausal-a-marker	3.3 Clausal complement A marker	86_vos_ng_ac_d_ep	vos	ng	nom-acc	deranking	erg-poss	vos	VS	VPA	5.0	97.0	93.0	94.0	0.9400037321744893	0.8600138689949057	0.880010532281679	0.07998986317958356
3_3_clausal_A_marker	16_3_3_clausal_A_marker	fig:heatmap-16-clausal-a-marker	3.3 Clausal complement A marker	87_vos_ng_ac_d_no	vos	ng	nom-acc	deranking	nomn	vos	VS	VPA	5.0	54.0	64.0	55.00000000000001	0.1171055267048561	0.28589874273887544	0.1313216288619007	0.16879321603401934
3_3_clausal_A_marker	16_3_3_clausal_A_marker	fig:heatmap-16-clausal-a-marker	3.3 Clausal complement A marker	88_vos_ng_er_b_se	vos	ng	erg-abs	balancing	sent	vos	VS	VPA	5.0	100.0	99.0	100.0	1.0	0.9800010051162833	1.0	0.019998994883716703
3_3_clausal_A_marker	16_3_3_clausal_A_marker	fig:heatmap-16-clausal-a-marker	3.3 Clausal complement A marker	89_vos_ng_er_b_pa	vos	ng	erg-abs	balancing	poss-acc	vos	VS	VPA	5.0	100.0	100.0	100.0	1.0	1.0	1.0	0.0
3_3_clausal_A_marker	16_3_3_clausal_A_marker	fig:heatmap-16-clausal-a-marker	3.3 Clausal complement A marker	90_vos_ng_er_b_ep	vos	ng	erg-abs	balancing	erg-poss	vos	VS	VPA	5.0	100.0	100.0	100.0	1.0	1.0	1.0	0.0
3_3_clausal_A_marker	16_3_3_clausal_A_marker	fig:heatmap-16-clausal-a-marker	3.3 Clausal complement A marker	91_vos_ng_er_b_no	vos	ng	erg-abs	balancing	nomn	vos	VS	VPA	5.0	100.0	99.0	100.0	1.0	0.9800010051162833	1.0	0.019998994883716703
3_3_clausal_A_marker	16_3_3_clausal_A_marker	fig:heatmap-16-clausal-a-marker	3.3 Clausal complement A marker	92_vos_ng_er_d_se	vos	ng	erg-abs	deranking	sent	vos	VS	VPA	5.0	100.0	98.0	100.0	1.0	0.9600022327543785	1.0	0.03999776724562154
3_3_clausal_A_marker	16_3_3_clausal_A_marker	fig:heatmap-16-clausal-a-marker	3.3 Clausal complement A marker	93_vos_ng_er_d_pa	vos	ng	erg-abs	deranking	poss-acc	vos	VS	VPA	5.0	96.0	99.0	99.0	0.9200055635398481	0.9800010051162833	0.9800010051162833	0.059995441576435216
3_3_clausal_A_marker	16_3_3_clausal_A_marker	fig:heatmap-16-clausal-a-marker	3.3 Clausal complement A marker	94_vos_ng_er_d_ep	vos	ng	erg-abs	deranking	erg-poss	vos	VS	VPA	5.0	100.0	100.0	100.0	1.0	1.0	1.0	0.0
3_3_clausal_A_marker	16_3_3_clausal_A_marker	fig:heatmap-16-clausal-a-marker	3.3 Clausal complement A marker	95_vos_ng_er_d_no	vos	ng	erg-abs	deranking	nomn	vos	VS	VPA	5.0	98.0	99.0	99.0	0.9600022327543785	0.9800010051162833	0.9800010051162833	0.019998772361904837
3_4_clausal_P_marker	17_3_4_clausal_P_marker	fig:heatmap-17-clausal-p-marker	3.4 Clausal complement P marker	00_sov_gn_ac_b_se	sov	gn	nom-acc	balancing	sent	sov	SV	APV	5.0	100.0	100.0	100.0	1.0	1.0	1.0	0.0
3_4_clausal_P_marker	17_3_4_clausal_P_marker	fig:heatmap-17-clausal-p-marker	3.4 Clausal complement P marker	01_sov_gn_ac_b_pa	sov	gn	nom-acc	balancing	poss-acc	sov	SV	APV	5.0	100.0	100.0	100.0	1.0	1.0	1.0	0.0
3_4_clausal_P_marker	17_3_4_clausal_P_marker	fig:heatmap-17-clausal-p-marker	3.4 Clausal complement P marker	02_sov_gn_ac_b_ep	sov	gn	nom-acc	balancing	erg-poss	sov	SV	APV	5.0	100.0	100.0	100.0	1.0	1.0	1.0	0.0
3_4_clausal_P_marker	17_3_4_clausal_P_marker	fig:heatmap-17-clausal-p-marker	3.4 Clausal complement P marker	03_sov_gn_ac_b_no	sov	gn	nom-acc	balancing	nomn	sov	SV	APV	5.0	100.0	100.0	100.0	1.0	1.0	1.0	0.0
3_4_clausal_P_marker	17_3_4_clausal_P_marker	fig:heatmap-17-clausal-p-marker	3.4 Clausal complement P marker	04_sov_gn_ac_d_se	sov	gn	nom-acc	deranking	sent	sov	SV	APV	5.0	100.0	100.0	100.0	1.0	1.0	1.0	0.0
3_4_clausal_P_marker	17_3_4_clausal_P_marker	fig:heatmap-17-clausal-p-marker	3.4 Clausal complement P marker	05_sov_gn_ac_d_pa	sov	gn	nom-acc	deranking	poss-acc	sov	SV	APV	5.0	100.0	100.0	100.0	1.0	1.0	1.0	0.0
3_4_clausal_P_marker	17_3_4_clausal_P_marker	fig:heatmap-17-clausal-p-marker	3.4 Clausal complement P marker	06_sov_gn_ac_d_ep	sov	gn	nom-acc	deranking	erg-poss	sov	SV	APV	5.0	100.0	100.0	100.0	1.0	1.0	1.0	0.0
3_4_clausal_P_marker	17_3_4_clausal_P_marker	fig:heatmap-17-clausal-p-marker	3.4 Clausal complement P marker	07_sov_gn_ac_d_no	sov	gn	nom-acc	deranking	nomn	sov	SV	APV	5.0	100.0	100.0	100.0	1.0	1.0	1.0	0.0
3_4_clausal_P_marker	17_3_4_clausal_P_marker	fig:heatmap-17-clausal-p-marker	3.4 Clausal complement P marker	08_sov_gn_er_b_se	sov	gn	erg-abs	balancing	sent	sov	SV	APV	5.0	99.0	100.0	100.0	0.9800010051162833	1.0	1.0	0.019998994883716703
3_4_clausal_P_marker	17_3_4_clausal_P_marker	fig:heatmap-17-clausal-p-marker	3.4 Clausal complement P marker	09_sov_gn_er_b_pa	sov	gn	erg-abs	balancing	poss-acc	sov	SV	APV	5.0	100.0	98.0	98.0	1.0	0.9600022327543785	0.9600022327543785	0.03999776724562154
3_4_clausal_P_marker	17_3_4_clausal_P_marker	fig:heatmap-17-clausal-p-marker	3.4 Clausal complement P marker	10_sov_gn_er_b_ep	sov	gn	erg-abs	balancing	erg-poss	sov	SV	APV	5.0	98.0	97.0	100.0	0.9600022327543785	0.9400037321744893	1.0	0.05999626782551071
3_4_clausal_P_marker	17_3_4_clausal_P_marker	fig:heatmap-17-clausal-p-marker	3.4 Clausal complement P marker	11_sov_gn_er_b_no	sov	gn	erg-abs	balancing	nomn	sov	SV	APV	5.0	100.0	100.0	100.0	1.0	1.0	1.0	0.0
3_4_clausal_P_marker	17_3_4_clausal_P_marker	fig:heatmap-17-clausal-p-marker	3.4 Clausal complement P marker	12_sov_gn_er_d_se	sov	gn	erg-abs	deranking	sent	sov	SV	APV	5.0	100.0	100.0	100.0	1.0	1.0	1.0	0.0
3_4_clausal_P_marker	17_3_4_clausal_P_marker	fig:heatmap-17-clausal-p-marker	3.4 Clausal complement P marker	13_sov_gn_er_d_pa	sov	gn	erg-abs	deranking	poss-acc	sov	SV	APV	5.0	98.0	95.0	99.0	0.9600022327543785	0.9000078003290506	0.9800010051162833	0.07999320478723271
3_4_clausal_P_marker	17_3_4_clausal_P_marker	fig:heatmap-17-clausal-p-marker	3.4 Clausal complement P marker	14_sov_gn_er_d_ep	sov	gn	erg-abs	deranking	erg-poss	sov	SV	APV	5.0	92.0	94.0	95.0	0.8400179443146094	0.880010532281679	0.9000078003290506	0.05998985601444118
3_4_clausal_P_marker	17_3_4_clausal_P_marker	fig:heatmap-17-clausal-p-marker	3.4 Clausal complement P marker	15_sov_gn_er_d_no	sov	gn	erg-abs	deranking	nomn	sov	SV	APV	5.0	90.0	93.0	93.0	0.8000290007473678	0.8600138689949057	0.8600138689949057	0.059984868247537904
3_4_clausal_P_marker	17_3_4_clausal_P_marker	fig:heatmap-17-clausal-p-marker	3.4 Clausal complement P marker	16_sov_ng_ac_b_se	sov	ng	nom-acc	balancing	sent	sov	SV	APV	5.0	100.0	100.0	100.0	1.0	1.0	1.0	0.0
3_4_clausal_P_marker	17_3_4_clausal_P_marker	fig:heatmap-17-clausal-p-marker	3.4 Clausal complement P marker	17_sov_ng_ac_b_pa	sov	ng	nom-acc	balancing	poss-acc	ovs	VS	PVA	5.0	100.0	99.0	100.0	1.0	0.9800010051162833	1.0	0.019998994883716703
3_4_clausal_P_marker	17_3_4_clausal_P_marker	fig:heatmap-17-clausal-p-marker	3.4 Clausal complement P marker	18_sov_ng_ac_b_ep	sov	ng	nom-acc	balancing	erg-poss	vos	VS	AVP	5.0	100.0	100.0	100.0	1.0	1.0	1.0	0.0
3_4_clausal_P_marker	17_3_4_clausal_P_marker	fig:heatmap-17-clausal-p-marker	3.4 Clausal complement P marker	19_sov_ng_ac_b_no	sov	ng	nom-acc	balancing	nomn	ovs	VS	PVA	5.0	100.0	100.0	100.0	1.0	1.0	1.0	0.0
3_4_clausal_P_marker	17_3_4_clausal_P_marker	fig:heatmap-17-clausal-p-marker	3.4 Clausal complement P marker	20_sov_ng_ac_d_se	sov	ng	nom-acc	deranking	sent	sov	SV	APV	5.0	100.0	100.0	100.0	1.0	1.0	1.0	0.0
3_4_clausal_P_marker	17_3_4_clausal_P_marker	fig:heatmap-17-clausal-p-marker	3.4 Clausal complement P marker	21_sov_ng_ac_d_pa	sov	ng	nom-acc	deranking	poss-acc	ovs	VS	PVA	5.0	100.0	100.0	100.0	1.0	1.0	1.0	0.0
3_4_clausal_P_marker	17_3_4_clausal_P_marker	fig:heatmap-17-clausal-p-marker	3.4 Clausal complement P marker	22_sov_ng_ac_d_ep	sov	ng	nom-acc	deranking	erg-poss	vos	VS	AVP	5.0	100.0	100.0	100.0	1.0	1.0	1.0	0.0
3_4_clausal_P_marker	17_3_4_clausal_P_marker	fig:heatmap-17-clausal-p-marker	3.4 Clausal complement P marker	23_sov_ng_ac_d_no	sov	ng	nom-acc	deranking	nomn	ovs	VS	PVA	5.0	100.0	100.0	100.0	1.0	1.0	1.0	0.0
3_4_clausal_P_marker	17_3_4_clausal_P_marker	fig:heatmap-17-clausal-p-marker	3.4 Clausal complement P marker	24_sov_ng_er_b_se	sov	ng	erg-abs	balancing	sent	sov	SV	APV	5.0	92.0	76.0	78.0	0.8400179443146094	0.520545600501044	0.5603645644527729	0.3194723438135654
3_4_clausal_P_marker	17_3_4_clausal_P_marker	fig:heatmap-17-clausal-p-marker	3.4 Clausal complement P marker	25_sov_ng_er_b_pa	sov	ng	erg-abs	balancing	poss-acc	ovs	VS	PVA	5.0	91.0	87.0	84.0	0.8200229216960366	0.7400565667123037	0.6801067756461248	0.13991614604991187
3_4_clausal_P_marker	17_3_4_clausal_P_marker	fig:heatmap-17-clausal-p-marker	3.4 Clausal complement P marker	26_sov_ng_er_b_ep	sov	ng	erg-abs	balancing	erg-poss	vos	VS	AVP	5.0	86.0	81.0	77.0	0.7200700908352611	0.6201981975224622	0.5404461012900033	0.17962398954525782
3_4_clausal_P_marker	17_3_4_clausal_P_marker	fig:heatmap-17-clausal-p-marker	3.4 Clausal complement P marker	27_sov_ng_er_b_no	sov	ng	erg-abs	balancing	nomn	ovs	VS	PVA	5.0	100.0	100.0	100.0	1.0	1.0	1.0	0.0
3_4_clausal_P_marker	17_3_4_clausal_P_marker	fig:heatmap-17-clausal-p-marker	3.4 Clausal complement P marker	28_sov_ng_er_d_se	sov	ng	erg-abs	deranking	sent	sov	SV	APV	5.0	81.0	90.0	87.0	0.6201981975224622	0.8000290007473678	0.7400565667123037	0.17983080322490563
3_4_clausal_P_marker	17_3_4_clausal_P_marker	fig:heatmap-17-clausal-p-marker	3.4 Clausal complement P marker	29_sov_ng_er_d_pa	sov	ng	erg-abs	deranking	poss-acc	ovs	VS	PVA	5.0	86.0	82.0	84.0	0.7200700908352611	0.6401614779514829	0.6801067756461248	0.07990861288377815
3_4_clausal_P_marker	17_3_4_clausal_P_marker	fig:heatmap-17-clausal-p-marker	3.4 Clausal complement P marker	30_sov_ng_er_d_ep	sov	ng	erg-abs	deranking	erg-poss	vos	VS	AVP	5.0	77.0	85.0	77.0	0.5404461012900033	0.7000866067554558	0.5404461012900033	0.1596405054654525
3_4_clausal_P_marker	17_3_4_clausal_P_marker	fig:heatmap-17-clausal-p-marker	3.4 Clausal complement P marker	31_sov_ng_er_d_no	sov	ng	erg-abs	deranking	nomn	ovs	VS	PVA	5.0	96.0	96.0	92.0	0.9200055635398481	0.9200055635398481	0.8400179443146094	0.07998761922523867
3_4_clausal_P_marker	17_3_4_clausal_P_marker	fig:heatmap-17-clausal-p-marker	3.4 Clausal complement P marker	32_svo_gn_ac_b_se	svo	gn	nom-acc	balancing	sent	svo	SV	AVP	5.0	100.0	100.0	100.0	1.0	1.0	1.0	0.0
3_4_clausal_P_marker	17_3_4_clausal_P_marker	fig:heatmap-17-clausal-p-marker	3.4 Clausal complement P marker	33_svo_gn_ac_b_pa	svo	gn	nom-acc	balancing	poss-acc	svo	SV	AVP	5.0	100.0	100.0	100.0	1.0	1.0	1.0	0.0
3_4_clausal_P_marker	17_3_4_clausal_P_marker	fig:heatmap-17-clausal-p-marker	3.4 Clausal complement P marker	34_svo_gn_ac_b_ep	svo	gn	nom-acc	balancing	erg-poss	sov	SV	PVA	5.0	100.0	100.0	100.0	1.0	1.0	1.0	0.0
3_4_clausal_P_marker	17_3_4_clausal_P_marker	fig:heatmap-17-clausal-p-marker	3.4 Clausal complement P marker	35_svo_gn_ac_b_no	svo	gn	nom-acc	balancing	nomn	svo	SV	AVP	5.0	100.0	100.0	100.0	1.0	1.0	1.0	0.0
3_4_clausal_P_marker	17_3_4_clausal_P_marker	fig:heatmap-17-clausal-p-marker	3.4 Clausal complement P marker	36_svo_gn_ac_d_se	svo	gn	nom-acc	deranking	sent	svo	SV	AVP	5.0	100.0	100.0	100.0	1.0	1.0	1.0	0.0
3_4_clausal_P_marker	17_3_4_clausal_P_marker	fig:heatmap-17-clausal-p-marker	3.4 Clausal complement P marker	37_svo_gn_ac_d_pa	svo	gn	nom-acc	deranking	poss-acc	svo	SV	AVP	5.0	100.0	100.0	100.0	1.0	1.0	1.0	0.0
3_4_clausal_P_marker	17_3_4_clausal_P_marker	fig:heatmap-17-clausal-p-marker	3.4 Clausal complement P marker	38_svo_gn_ac_d_ep	svo	gn	nom-acc	deranking	erg-poss	sov	SV	PVA	5.0	100.0	100.0	100.0	1.0	1.0	1.0	0.0
3_4_clausal_P_marker	17_3_4_clausal_P_marker	fig:heatmap-17-clausal-p-marker	3.4 Clausal complement P marker	39_svo_gn_ac_d_no	svo	gn	nom-acc	deranking	nomn	svo	SV	AVP	5.0	100.0	100.0	100.0	1.0	1.0	1.0	0.0
3_4_clausal_P_marker	17_3_4_clausal_P_marker	fig:heatmap-17-clausal-p-marker	3.4 Clausal complement P marker	40_svo_gn_er_b_se	svo	gn	erg-abs	balancing	sent	svo	SV	AVP	5.0	100.0	100.0	99.0	1.0	1.0	0.9800010051162833	0.019998994883716703
3_4_clausal_P_marker	17_3_4_clausal_P_marker	fig:heatmap-17-clausal-p-marker	3.4 Clausal complement P marker	41_svo_gn_er_b_pa	svo	gn	erg-abs	balancing	poss-acc	svo	SV	AVP	5.0	100.0	100.0	100.0	1.0	1.0	1.0	0.0
3_4_clausal_P_marker	17_3_4_clausal_P_marker	fig:heatmap-17-clausal-p-marker	3.4 Clausal complement P marker	42_svo_gn_er_b_ep	svo	gn	erg-abs	balancing	erg-poss	sov	SV	PVA	5.0	100.0	100.0	99.0	1.0	1.0	0.9800010051162833	0.019998994883716703
3_4_clausal_P_marker	17_3_4_clausal_P_marker	fig:heatmap-17-clausal-p-marker	3.4 Clausal complement P marker	43_svo_gn_er_b_no	svo	gn	erg-abs	balancing	nomn	svo	SV	AVP	5.0	98.0	100.0	100.0	0.9600022327543785	1.0	1.0	0.03999776724562154
3_4_clausal_P_marker	17_3_4_clausal_P_marker	fig:heatmap-17-clausal-p-marker	3.4 Clausal complement P marker	44_svo_gn_er_d_se	svo	gn	erg-abs	deranking	sent	svo	SV	AVP	5.0	100.0	100.0	100.0	1.0	1.0	1.0	0.0
3_4_clausal_P_marker	17_3_4_clausal_P_marker	fig:heatmap-17-clausal-p-marker	3.4 Clausal complement P marker	45_svo_gn_er_d_pa	svo	gn	erg-abs	deranking	poss-acc	svo	SV	AVP	5.0	100.0	100.0	100.0	1.0	1.0	1.0	0.0
3_4_clausal_P_marker	17_3_4_clausal_P_marker	fig:heatmap-17-clausal-p-marker	3.4 Clausal complement P marker	46_svo_gn_er_d_ep	svo	gn	erg-abs	deranking	erg-poss	sov	SV	PVA	5.0	100.0	100.0	100.0	1.0	1.0	1.0	0.0
3_4_clausal_P_marker	17_3_4_clausal_P_marker	fig:heatmap-17-clausal-p-marker	3.4 Clausal complement P marker	47_svo_gn_er_d_no	svo	gn	erg-abs	deranking	nomn	svo	SV	AVP	5.0	94.0	94.0	97.0	0.880010532281679	0.880010532281679	0.9400037321744893	0.05999319989281027
3_4_clausal_P_marker	17_3_4_clausal_P_marker	fig:heatmap-17-clausal-p-marker	3.4 Clausal complement P marker	48_svo_ng_ac_b_se	svo	ng	nom-acc	balancing	sent	svo	SV	AVP	5.0	100.0	100.0	100.0	1.0	1.0	1.0	0.0
3_4_clausal_P_marker	17_3_4_clausal_P_marker	fig:heatmap-17-clausal-p-marker	3.4 Clausal complement P marker	49_svo_ng_ac_b_pa	svo	ng	nom-acc	balancing	poss-acc	vos	VS	VPA	5.0	100.0	100.0	100.0	1.0	1.0	1.0	0.0
3_4_clausal_P_marker	17_3_4_clausal_P_marker	fig:heatmap-17-clausal-p-marker	3.4 Clausal complement P marker	50_svo_ng_ac_b_ep	svo	ng	nom-acc	balancing	erg-poss	vos	VS	VPA	5.0	100.0	100.0	100.0	1.0	1.0	1.0	0.0
3_4_clausal_P_marker	17_3_4_clausal_P_marker	fig:heatmap-17-clausal-p-marker	3.4 Clausal complement P marker	51_svo_ng_ac_b_no	svo	ng	nom-acc	balancing	nomn	vos	VS	VPA	5.0	100.0	100.0	100.0	1.0	1.0	1.0	0.0
3_4_clausal_P_marker	17_3_4_clausal_P_marker	fig:heatmap-17-clausal-p-marker	3.4 Clausal complement P marker	52_svo_ng_ac_d_se	svo	ng	nom-acc	deranking	sent	svo	SV	AVP	5.0	100.0	100.0	100.0	1.0	1.0	1.0	0.0
3_4_clausal_P_marker	17_3_4_clausal_P_marker	fig:heatmap-17-clausal-p-marker	3.4 Clausal complement P marker	53_svo_ng_ac_d_pa	svo	ng	nom-acc	deranking	poss-acc	vos	VS	VPA	5.0	100.0	100.0	100.0	1.0	1.0	1.0	0.0
3_4_clausal_P_marker	17_3_4_clausal_P_marker	fig:heatmap-17-clausal-p-marker	3.4 Clausal complement P marker	54_svo_ng_ac_d_ep	svo	ng	nom-acc	deranking	erg-poss	vos	VS	VPA	5.0	100.0	100.0	100.0	1.0	1.0	1.0	0.0
3_4_clausal_P_marker	17_3_4_clausal_P_marker	fig:heatmap-17-clausal-p-marker	3.4 Clausal complement P marker	55_svo_ng_ac_d_no	svo	ng	nom-acc	deranking	nomn	vos	VS	VPA	5.0	100.0	100.0	100.0	1.0	1.0	1.0	0.0
3_4_clausal_P_marker	17_3_4_clausal_P_marker	fig:heatmap-17-clausal-p-marker	3.4 Clausal complement P marker	56_svo_ng_er_b_se	svo	ng	erg-abs	balancing	sent	svo	SV	AVP	5.0	99.0	98.0	98.0	0.9800010051162833	0.9600022327543785	0.9600022327543785	0.019998772361904837
3_4_clausal_P_marker	17_3_4_clausal_P_marker	fig:heatmap-17-clausal-p-marker	3.4 Clausal complement P marker	57_svo_ng_er_b_pa	svo	ng	erg-abs	balancing	poss-acc	vos	VS	VPA	5.0	89.0	99.0	100.0	0.7800364252161309	0.9800010051162833	1.0	0.21996357478386908
3_4_clausal_P_marker	17_3_4_clausal_P_marker	fig:heatmap-17-clausal-p-marker	3.4 Clausal complement P marker	58_svo_ng_er_b_ep	svo	ng	erg-abs	balancing	erg-poss	vos	VS	VPA	5.0	98.0	98.0	98.0	0.9600022327543785	0.9600022327543785	0.9600022327543785	0.0
3_4_clausal_P_marker	17_3_4_clausal_P_marker	fig:heatmap-17-clausal-p-marker	3.4 Clausal complement P marker	59_svo_ng_er_b_no	svo	ng	erg-abs	balancing	nomn	vos	VS	VPA	5.0	99.0	100.0	100.0	0.9800010051162833	1.0	1.0	0.019998994883716703
3_4_clausal_P_marker	17_3_4_clausal_P_marker	fig:heatmap-17-clausal-p-marker	3.4 Clausal complement P marker	60_svo_ng_er_d_se	svo	ng	erg-abs	deranking	sent	svo	SV	AVP	5.0	93.0	96.0	99.0	0.8600138689949057	0.9200055635398481	0.9800010051162833	0.11998713612137757
3_4_clausal_P_marker	17_3_4_clausal_P_marker	fig:heatmap-17-clausal-p-marker	3.4 Clausal complement P marker	61_svo_ng_er_d_pa	svo	ng	erg-abs	deranking	poss-acc	vos	VS	VPA	5.0	96.0	97.0	93.0	0.9200055635398481	0.9400037321744893	0.8600138689949057	0.07998986317958356
3_4_clausal_P_marker	17_3_4_clausal_P_marker	fig:heatmap-17-clausal-p-marker	3.4 Clausal complement P marker	62_svo_ng_er_d_ep	svo	ng	erg-abs	deranking	erg-poss	vos	VS	VPA	5.0	75.0	89.0	88.0	0.5006669949589901	0.7800364252161309	0.7600454927350169	0.2793694302571408
3_4_clausal_P_marker	17_3_4_clausal_P_marker	fig:heatmap-17-clausal-p-marker	3.4 Clausal complement P marker	63_svo_ng_er_d_no	svo	ng	erg-abs	deranking	nomn	vos	VS	VPA	5.0	93.0	96.0	100.0	0.8600138689949057	0.9200055635398481	1.0	0.13998613100509427
3_4_clausal_P_marker	17_3_4_clausal_P_marker	fig:heatmap-17-clausal-p-marker	3.4 Clausal complement P marker	64_vos_gn_ac_b_se	vos	gn	nom-acc	balancing	sent	vos	VS	VPA	5.0	100.0	100.0	100.0	1.0	1.0	1.0	0.0
3_4_clausal_P_marker	17_3_4_clausal_P_marker	fig:heatmap-17-clausal-p-marker	3.4 Clausal complement P marker	65_vos_gn_ac_b_pa	vos	gn	nom-acc	balancing	poss-acc	svo	SV	AVP	5.0	100.0	100.0	100.0	1.0	1.0	1.0	0.0
3_4_clausal_P_marker	17_3_4_clausal_P_marker	fig:heatmap-17-clausal-p-marker	3.4 Clausal complement P marker	66_vos_gn_ac_b_ep	vos	gn	nom-acc	balancing	erg-poss	sov	SV	PVA	5.0	100.0	100.0	100.0	1.0	1.0	1.0	0.0
3_4_clausal_P_marker	17_3_4_clausal_P_marker	fig:heatmap-17-clausal-p-marker	3.4 Clausal complement P marker	67_vos_gn_ac_b_no	vos	gn	nom-acc	balancing	nomn	svo	SV	AVP	5.0	100.0	100.0	100.0	1.0	1.0	1.0	0.0
3_4_clausal_P_marker	17_3_4_clausal_P_marker	fig:heatmap-17-clausal-p-marker	3.4 Clausal complement P marker	68_vos_gn_ac_d_se	vos	gn	nom-acc	deranking	sent	vos	VS	VPA	5.0	100.0	100.0	100.0	1.0	1.0	1.0	0.0
3_4_clausal_P_marker	17_3_4_clausal_P_marker	fig:heatmap-17-clausal-p-marker	3.4 Clausal complement P marker	69_vos_gn_ac_d_pa	vos	gn	nom-acc	deranking	poss-acc	svo	SV	AVP	5.0	100.0	100.0	100.0	1.0	1.0	1.0	0.0
3_4_clausal_P_marker	17_3_4_clausal_P_marker	fig:heatmap-17-clausal-p-marker	3.4 Clausal complement P marker	70_vos_gn_ac_d_ep	vos	gn	nom-acc	deranking	erg-poss	sov	SV	PVA	5.0	100.0	100.0	100.0	1.0	1.0	1.0	0.0
3_4_clausal_P_marker	17_3_4_clausal_P_marker	fig:heatmap-17-clausal-p-marker	3.4 Clausal complement P marker	71_vos_gn_ac_d_no	vos	gn	nom-acc	deranking	nomn	svo	SV	AVP	5.0	100.0	100.0	100.0	1.0	1.0	1.0	0.0
3_4_clausal_P_marker	17_3_4_clausal_P_marker	fig:heatmap-17-clausal-p-marker	3.4 Clausal complement P marker	72_vos_gn_er_b_se	vos	gn	erg-abs	balancing	sent	vos	VS	VPA	5.0	100.0	96.0	98.0	1.0	0.9200055635398481	0.9600022327543785	0.07999443646015192
3_4_clausal_P_marker	17_3_4_clausal_P_marker	fig:heatmap-17-clausal-p-marker	3.4 Clausal complement P marker	73_vos_gn_er_b_pa	vos	gn	erg-abs	balancing	poss-acc	svo	SV	AVP	5.0	100.0	97.0	98.0	1.0	0.9400037321744893	0.9600022327543785	0.05999626782551071
3_4_clausal_P_marker	17_3_4_clausal_P_marker	fig:heatmap-17-clausal-p-marker	3.4 Clausal complement P marker	74_vos_gn_er_b_ep	vos	gn	erg-abs	balancing	erg-poss	sov	SV	PVA	5.0	100.0	98.0	94.0	1.0	0.9600022327543785	0.880010532281679	0.11998946771832097
3_4_clausal_P_marker	17_3_4_clausal_P_marker	fig:heatmap-17-clausal-p-marker	3.4 Clausal complement P marker	75_vos_gn_er_b_no	vos	gn	erg-abs	balancing	nomn	svo	SV	AVP	5.0	100.0	100.0	100.0	1.0	1.0	1.0	0.0
3_4_clausal_P_marker	17_3_4_clausal_P_marker	fig:heatmap-17-clausal-p-marker	3.4 Clausal complement P marker	76_vos_gn_er_d_se	vos	gn	erg-abs	deranking	sent	vos	VS	VPA	5.0	100.0	100.0	100.0	1.0	1.0	1.0	0.0
3_4_clausal_P_marker	17_3_4_clausal_P_marker	fig:heatmap-17-clausal-p-marker	3.4 Clausal complement P marker	77_vos_gn_er_d_pa	vos	gn	erg-abs	deranking	poss-acc	svo	SV	AVP	5.0	99.0	100.0	93.0	0.9800010051162833	1.0	0.8600138689949057	0.13998613100509427
3_4_clausal_P_marker	17_3_4_clausal_P_marker	fig:heatmap-17-clausal-p-marker	3.4 Clausal complement P marker	78_vos_gn_er_d_ep	vos	gn	erg-abs	deranking	erg-poss	sov	SV	PVA	5.0	99.0	98.0	96.0	0.9800010051162833	0.9600022327543785	0.9200055635398481	0.059995441576435216
3_4_clausal_P_marker	17_3_4_clausal_P_marker	fig:heatmap-17-clausal-p-marker	3.4 Clausal complement P marker	79_vos_gn_er_d_no	vos	gn	erg-abs	deranking	nomn	svo	SV	AVP	5.0	94.0	96.0	93.0	0.880010532281679	0.9200055635398481	0.8600138689949057	0.05999169454494235
3_4_clausal_P_marker	17_3_4_clausal_P_marker	fig:heatmap-17-clausal-p-marker	3.4 Clausal complement P marker	80_vos_ng_ac_b_se	vos	ng	nom-acc	balancing	sent	vos	VS	VPA	5.0	100.0	100.0	100.0	1.0	1.0	1.0	0.0
3_4_clausal_P_marker	17_3_4_clausal_P_marker	fig:heatmap-17-clausal-p-marker	3.4 Clausal complement P marker	81_vos_ng_ac_b_pa	vos	ng	nom-acc	balancing	poss-acc	vos	VS	VPA	5.0	100.0	100.0	99.0	1.0	1.0	0.9800010051162833	0.019998994883716703
3_4_clausal_P_marker	17_3_4_clausal_P_marker	fig:heatmap-17-clausal-p-marker	3.4 Clausal complement P marker	82_vos_ng_ac_b_ep	vos	ng	nom-acc	balancing	erg-poss	vos	VS	VPA	5.0	100.0	100.0	100.0	1.0	1.0	1.0	0.0
3_4_clausal_P_marker	17_3_4_clausal_P_marker	fig:heatmap-17-clausal-p-marker	3.4 Clausal complement P marker	83_vos_ng_ac_b_no	vos	ng	nom-acc	balancing	nomn	vos	VS	VPA	5.0	100.0	100.0	100.0	1.0	1.0	1.0	0.0
3_4_clausal_P_marker	17_3_4_clausal_P_marker	fig:heatmap-17-clausal-p-marker	3.4 Clausal complement P marker	84_vos_ng_ac_d_se	vos	ng	nom-acc	deranking	sent	vos	VS	VPA	5.0	100.0	100.0	100.0	1.0	1.0	1.0	0.0
3_4_clausal_P_marker	17_3_4_clausal_P_marker	fig:heatmap-17-clausal-p-marker	3.4 Clausal complement P marker	85_vos_ng_ac_d_pa	vos	ng	nom-acc	deranking	poss-acc	vos	VS	VPA	5.0	100.0	100.0	100.0	1.0	1.0	1.0	0.0
3_4_clausal_P_marker	17_3_4_clausal_P_marker	fig:heatmap-17-clausal-p-marker	3.4 Clausal complement P marker	86_vos_ng_ac_d_ep	vos	ng	nom-acc	deranking	erg-poss	vos	VS	VPA	5.0	100.0	100.0	100.0	1.0	1.0	1.0	0.0
3_4_clausal_P_marker	17_3_4_clausal_P_marker	fig:heatmap-17-clausal-p-marker	3.4 Clausal complement P marker	87_vos_ng_ac_d_no	vos	ng	nom-acc	deranking	nomn	vos	VS	VPA	5.0	100.0	100.0	100.0	1.0	1.0	1.0	0.0
3_4_clausal_P_marker	17_3_4_clausal_P_marker	fig:heatmap-17-clausal-p-marker	3.4 Clausal complement P marker	88_vos_ng_er_b_se	vos	ng	erg-abs	balancing	sent	vos	VS	VPA	5.0	100.0	100.0	100.0	1.0	1.0	1.0	0.0
3_4_clausal_P_marker	17_3_4_clausal_P_marker	fig:heatmap-17-clausal-p-marker	3.4 Clausal complement P marker	89_vos_ng_er_b_pa	vos	ng	erg-abs	balancing	poss-acc	vos	VS	VPA	5.0	100.0	100.0	98.0	1.0	1.0	0.9600022327543785	0.03999776724562154
3_4_clausal_P_marker	17_3_4_clausal_P_marker	fig:heatmap-17-clausal-p-marker	3.4 Clausal complement P marker	90_vos_ng_er_b_ep	vos	ng	erg-abs	balancing	erg-poss	vos	VS	VPA	5.0	100.0	99.0	99.0	1.0	0.9800010051162833	0.9800010051162833	0.019998994883716703
3_4_clausal_P_marker	17_3_4_clausal_P_marker	fig:heatmap-17-clausal-p-marker	3.4 Clausal complement P marker	91_vos_ng_er_b_no	vos	ng	erg-abs	balancing	nomn	vos	VS	VPA	5.0	100.0	100.0	100.0	1.0	1.0	1.0	0.0
3_4_clausal_P_marker	17_3_4_clausal_P_marker	fig:heatmap-17-clausal-p-marker	3.4 Clausal complement P marker	92_vos_ng_er_d_se	vos	ng	erg-abs	deranking	sent	vos	VS	VPA	5.0	100.0	99.0	98.0	1.0	0.9800010051162833	0.9600022327543785	0.03999776724562154
3_4_clausal_P_marker	17_3_4_clausal_P_marker	fig:heatmap-17-clausal-p-marker	3.4 Clausal complement P marker	93_vos_ng_er_d_pa	vos	ng	erg-abs	deranking	poss-acc	vos	VS	VPA	5.0	94.0	96.0	98.0	0.880010532281679	0.9200055635398481	0.9600022327543785	0.07999170047269943
3_4_clausal_P_marker	17_3_4_clausal_P_marker	fig:heatmap-17-clausal-p-marker	3.4 Clausal complement P marker	94_vos_ng_er_d_ep	vos	ng	erg-abs	deranking	erg-poss	vos	VS	VPA	5.0	72.0	86.0	84.0	0.44121571857084796	0.7200700908352611	0.6801067756461248	0.2788543722644131
3_4_clausal_P_marker	17_3_4_clausal_P_marker	fig:heatmap-17-clausal-p-marker	3.4 Clausal complement P marker	95_vos_ng_er_d_no	vos	ng	erg-abs	deranking	nomn	vos	VS	VPA	5.0	90.0	93.0	91.0	0.8000290007473678	0.8600138689949057	0.8200229216960366	0.059984868247537904
3_5_clausal_comp_V_order	18_3_5_clausal_comp_V_order	fig:heatmap-18-clausal-comp-v-order	3.5 Clausal complement--V order	00_sov_gn_ac_b_se	sov	gn	nom-acc	balancing	sent	sov	SV	APV	5.0	100.0	100.0	100.0	1.0	1.0	1.0	0.0
3_5_clausal_comp_V_order	18_3_5_clausal_comp_V_order	fig:heatmap-18-clausal-comp-v-order	3.5 Clausal complement--V order	01_sov_gn_ac_b_pa	sov	gn	nom-acc	balancing	poss-acc	sov	SV	APV	5.0	100.0	100.0	100.0	1.0	1.0	1.0	0.0
3_5_clausal_comp_V_order	18_3_5_clausal_comp_V_order	fig:heatmap-18-clausal-comp-v-order	3.5 Clausal complement--V order	02_sov_gn_ac_b_ep	sov	gn	nom-acc	balancing	erg-poss	sov	SV	APV	5.0	100.0	100.0	100.0	1.0	1.0	1.0	0.0
3_5_clausal_comp_V_order	18_3_5_clausal_comp_V_order	fig:heatmap-18-clausal-comp-v-order	3.5 Clausal complement--V order	03_sov_gn_ac_b_no	sov	gn	nom-acc	balancing	nomn	sov	SV	APV	5.0	100.0	100.0	100.0	1.0	1.0	1.0	0.0
3_5_clausal_comp_V_order	18_3_5_clausal_comp_V_order	fig:heatmap-18-clausal-comp-v-order	3.5 Clausal complement--V order	04_sov_gn_ac_d_se	sov	gn	nom-acc	deranking	sent	sov	SV	APV	5.0	100.0	100.0	100.0	1.0	1.0	1.0	0.0
3_5_clausal_comp_V_order	18_3_5_clausal_comp_V_order	fig:heatmap-18-clausal-comp-v-order	3.5 Clausal complement--V order	05_sov_gn_ac_d_pa	sov	gn	nom-acc	deranking	poss-acc	sov	SV	APV	5.0	100.0	100.0	100.0	1.0	1.0	1.0	0.0
3_5_clausal_comp_V_order	18_3_5_clausal_comp_V_order	fig:heatmap-18-clausal-comp-v-order	3.5 Clausal complement--V order	06_sov_gn_ac_d_ep	sov	gn	nom-acc	deranking	erg-poss	sov	SV	APV	5.0	100.0	100.0	100.0	1.0	1.0	1.0	0.0
3_5_clausal_comp_V_order	18_3_5_clausal_comp_V_order	fig:heatmap-18-clausal-comp-v-order	3.5 Clausal complement--V order	07_sov_gn_ac_d_no	sov	gn	nom-acc	deranking	nomn	sov	SV	APV	5.0	100.0	100.0	100.0	1.0	1.0	1.0	0.0
3_5_clausal_comp_V_order	18_3_5_clausal_comp_V_order	fig:heatmap-18-clausal-comp-v-order	3.5 Clausal complement--V order	08_sov_gn_er_b_se	sov	gn	erg-abs	balancing	sent	sov	SV	APV	5.0	100.0	100.0	100.0	1.0	1.0	1.0	0.0
3_5_clausal_comp_V_order	18_3_5_clausal_comp_V_order	fig:heatmap-18-clausal-comp-v-order	3.5 Clausal complement--V order	09_sov_gn_er_b_pa	sov	gn	erg-abs	balancing	poss-acc	sov	SV	APV	5.0	100.0	100.0	100.0	1.0	1.0	1.0	0.0
3_5_clausal_comp_V_order	18_3_5_clausal_comp_V_order	fig:heatmap-18-clausal-comp-v-order	3.5 Clausal complement--V order	10_sov_gn_er_b_ep	sov	gn	erg-abs	balancing	erg-poss	sov	SV	APV	5.0	100.0	100.0	100.0	1.0	1.0	1.0	0.0
3_5_clausal_comp_V_order	18_3_5_clausal_comp_V_order	fig:heatmap-18-clausal-comp-v-order	3.5 Clausal complement--V order	11_sov_gn_er_b_no	sov	gn	erg-abs	balancing	nomn	sov	SV	APV	5.0	100.0	100.0	100.0	1.0	1.0	1.0	0.0
3_5_clausal_comp_V_order	18_3_5_clausal_comp_V_order	fig:heatmap-18-clausal-comp-v-order	3.5 Clausal complement--V order	12_sov_gn_er_d_se	sov	gn	erg-abs	deranking	sent	sov	SV	APV	5.0	100.0	100.0	100.0	1.0	1.0	1.0	0.0
3_5_clausal_comp_V_order	18_3_5_clausal_comp_V_order	fig:heatmap-18-clausal-comp-v-order	3.5 Clausal complement--V order	13_sov_gn_er_d_pa	sov	gn	erg-abs	deranking	poss-acc	sov	SV	APV	5.0	100.0	100.0	100.0	1.0	1.0	1.0	0.0
3_5_clausal_comp_V_order	18_3_5_clausal_comp_V_order	fig:heatmap-18-clausal-comp-v-order	3.5 Clausal complement--V order	14_sov_gn_er_d_ep	sov	gn	erg-abs	deranking	erg-poss	sov	SV	APV	5.0	100.0	100.0	100.0	1.0	1.0	1.0	0.0
3_5_clausal_comp_V_order	18_3_5_clausal_comp_V_order	fig:heatmap-18-clausal-comp-v-order	3.5 Clausal complement--V order	15_sov_gn_er_d_no	sov	gn	erg-abs	deranking	nomn	sov	SV	APV	5.0	100.0	100.0	100.0	1.0	1.0	1.0	0.0
3_5_clausal_comp_V_order	18_3_5_clausal_comp_V_order	fig:heatmap-18-clausal-comp-v-order	3.5 Clausal complement--V order	16_sov_ng_ac_b_se	sov	ng	nom-acc	balancing	sent	sov	SV	APV	5.0	100.0	100.0	100.0	1.0	1.0	1.0	0.0
3_5_clausal_comp_V_order	18_3_5_clausal_comp_V_order	fig:heatmap-18-clausal-comp-v-order	3.5 Clausal complement--V order	17_sov_ng_ac_b_pa	sov	ng	nom-acc	balancing	poss-acc	ovs	VS	PVA	5.0	100.0	100.0	100.0	1.0	1.0	1.0	0.0
3_5_clausal_comp_V_order	18_3_5_clausal_comp_V_order	fig:heatmap-18-clausal-comp-v-order	3.5 Clausal complement--V order	18_sov_ng_ac_b_ep	sov	ng	nom-acc	balancing	erg-poss	vos	VS	AVP	5.0	100.0	100.0	100.0	1.0	1.0	1.0	0.0
3_5_clausal_comp_V_order	18_3_5_clausal_comp_V_order	fig:heatmap-18-clausal-comp-v-order	3.5 Clausal complement--V order	19_sov_ng_ac_b_no	sov	ng	nom-acc	balancing	nomn	ovs	VS	PVA	5.0	100.0	100.0	100.0	1.0	1.0	1.0	0.0
3_5_clausal_comp_V_order	18_3_5_clausal_comp_V_order	fig:heatmap-18-clausal-comp-v-order	3.5 Clausal complement--V order	20_sov_ng_ac_d_se	sov	ng	nom-acc	deranking	sent	sov	SV	APV	5.0	100.0	100.0	100.0	1.0	1.0	1.0	0.0
3_5_clausal_comp_V_order	18_3_5_clausal_comp_V_order	fig:heatmap-18-clausal-comp-v-order	3.5 Clausal complement--V order	21_sov_ng_ac_d_pa	sov	ng	nom-acc	deranking	poss-acc	ovs	VS	PVA	5.0	100.0	100.0	100.0	1.0	1.0	1.0	0.0
3_5_clausal_comp_V_order	18_3_5_clausal_comp_V_order	fig:heatmap-18-clausal-comp-v-order	3.5 Clausal complement--V order	22_sov_ng_ac_d_ep	sov	ng	nom-acc	deranking	erg-poss	vos	VS	AVP	5.0	100.0	100.0	100.0	1.0	1.0	1.0	0.0
3_5_clausal_comp_V_order	18_3_5_clausal_comp_V_order	fig:heatmap-18-clausal-comp-v-order	3.5 Clausal complement--V order	23_sov_ng_ac_d_no	sov	ng	nom-acc	deranking	nomn	ovs	VS	PVA	5.0	100.0	100.0	100.0	1.0	1.0	1.0	0.0
3_5_clausal_comp_V_order	18_3_5_clausal_comp_V_order	fig:heatmap-18-clausal-comp-v-order	3.5 Clausal complement--V order	24_sov_ng_er_b_se	sov	ng	erg-abs	balancing	sent	sov	SV	APV	5.0	100.0	100.0	100.0	1.0	1.0	1.0	0.0
3_5_clausal_comp_V_order	18_3_5_clausal_comp_V_order	fig:heatmap-18-clausal-comp-v-order	3.5 Clausal complement--V order	25_sov_ng_er_b_pa	sov	ng	erg-abs	balancing	poss-acc	ovs	VS	PVA	5.0	100.0	100.0	100.0	1.0	1.0	1.0	0.0
3_5_clausal_comp_V_order	18_3_5_clausal_comp_V_order	fig:heatmap-18-clausal-comp-v-order	3.5 Clausal complement--V order	26_sov_ng_er_b_ep	sov	ng	erg-abs	balancing	erg-poss	vos	VS	AVP	5.0	100.0	100.0	100.0	1.0	1.0	1.0	0.0
3_5_clausal_comp_V_order	18_3_5_clausal_comp_V_order	fig:heatmap-18-clausal-comp-v-order	3.5 Clausal complement--V order	27_sov_ng_er_b_no	sov	ng	erg-abs	balancing	nomn	ovs	VS	PVA	5.0	100.0	100.0	100.0	1.0	1.0	1.0	0.0
3_5_clausal_comp_V_order	18_3_5_clausal_comp_V_order	fig:heatmap-18-clausal-comp-v-order	3.5 Clausal complement--V order	28_sov_ng_er_d_se	sov	ng	erg-abs	deranking	sent	sov	SV	APV	5.0	100.0	100.0	100.0	1.0	1.0	1.0	0.0
3_5_clausal_comp_V_order	18_3_5_clausal_comp_V_order	fig:heatmap-18-clausal-comp-v-order	3.5 Clausal complement--V order	29_sov_ng_er_d_pa	sov	ng	erg-abs	deranking	poss-acc	ovs	VS	PVA	5.0	100.0	100.0	100.0	1.0	1.0	1.0	0.0
3_5_clausal_comp_V_order	18_3_5_clausal_comp_V_order	fig:heatmap-18-clausal-comp-v-order	3.5 Clausal complement--V order	30_sov_ng_er_d_ep	sov	ng	erg-abs	deranking	erg-poss	vos	VS	AVP	5.0	100.0	100.0	100.0	1.0	1.0	1.0	0.0
3_5_clausal_comp_V_order	18_3_5_clausal_comp_V_order	fig:heatmap-18-clausal-comp-v-order	3.5 Clausal complement--V order	31_sov_ng_er_d_no	sov	ng	erg-abs	deranking	nomn	ovs	VS	PVA	5.0	100.0	100.0	100.0	1.0	1.0	1.0	0.0
3_5_clausal_comp_V_order	18_3_5_clausal_comp_V_order	fig:heatmap-18-clausal-comp-v-order	3.5 Clausal complement--V order	32_svo_gn_ac_b_se	svo	gn	nom-acc	balancing	sent	svo	SV	AVP	5.0	100.0	100.0	100.0	1.0	1.0	1.0	0.0
3_5_clausal_comp_V_order	18_3_5_clausal_comp_V_order	fig:heatmap-18-clausal-comp-v-order	3.5 Clausal complement--V order	33_svo_gn_ac_b_pa	svo	gn	nom-acc	balancing	poss-acc	svo	SV	AVP	5.0	100.0	100.0	100.0	1.0	1.0	1.0	0.0
3_5_clausal_comp_V_order	18_3_5_clausal_comp_V_order	fig:heatmap-18-clausal-comp-v-order	3.5 Clausal complement--V order	34_svo_gn_ac_b_ep	svo	gn	nom-acc	balancing	erg-poss	sov	SV	PVA	5.0	100.0	100.0	100.0	1.0	1.0	1.0	0.0
3_5_clausal_comp_V_order	18_3_5_clausal_comp_V_order	fig:heatmap-18-clausal-comp-v-order	3.5 Clausal complement--V order	35_svo_gn_ac_b_no	svo	gn	nom-acc	balancing	nomn	svo	SV	AVP	5.0	100.0	100.0	100.0	1.0	1.0	1.0	0.0
3_5_clausal_comp_V_order	18_3_5_clausal_comp_V_order	fig:heatmap-18-clausal-comp-v-order	3.5 Clausal complement--V order	36_svo_gn_ac_d_se	svo	gn	nom-acc	deranking	sent	svo	SV	AVP	5.0	100.0	100.0	100.0	1.0	1.0	1.0	0.0
3_5_clausal_comp_V_order	18_3_5_clausal_comp_V_order	fig:heatmap-18-clausal-comp-v-order	3.5 Clausal complement--V order	37_svo_gn_ac_d_pa	svo	gn	nom-acc	deranking	poss-acc	svo	SV	AVP	5.0	100.0	100.0	100.0	1.0	1.0	1.0	0.0
3_5_clausal_comp_V_order	18_3_5_clausal_comp_V_order	fig:heatmap-18-clausal-comp-v-order	3.5 Clausal complement--V order	38_svo_gn_ac_d_ep	svo	gn	nom-acc	deranking	erg-poss	sov	SV	PVA	5.0	100.0	100.0	100.0	1.0	1.0	1.0	0.0
3_5_clausal_comp_V_order	18_3_5_clausal_comp_V_order	fig:heatmap-18-clausal-comp-v-order	3.5 Clausal complement--V order	39_svo_gn_ac_d_no	svo	gn	nom-acc	deranking	nomn	svo	SV	AVP	5.0	100.0	100.0	100.0	1.0	1.0	1.0	0.0
3_5_clausal_comp_V_order	18_3_5_clausal_comp_V_order	fig:heatmap-18-clausal-comp-v-order	3.5 Clausal complement--V order	40_svo_gn_er_b_se	svo	gn	erg-abs	balancing	sent	svo	SV	AVP	5.0	100.0	100.0	100.0	1.0	1.0	1.0	0.0
3_5_clausal_comp_V_order	18_3_5_clausal_comp_V_order	fig:heatmap-18-clausal-comp-v-order	3.5 Clausal complement--V order	41_svo_gn_er_b_pa	svo	gn	erg-abs	balancing	poss-acc	svo	SV	AVP	5.0	100.0	100.0	100.0	1.0	1.0	1.0	0.0
3_5_clausal_comp_V_order	18_3_5_clausal_comp_V_order	fig:heatmap-18-clausal-comp-v-order	3.5 Clausal complement--V order	42_svo_gn_er_b_ep	svo	gn	erg-abs	balancing	erg-poss	sov	SV	PVA	5.0	100.0	100.0	100.0	1.0	1.0	1.0	0.0
3_5_clausal_comp_V_order	18_3_5_clausal_comp_V_order	fig:heatmap-18-clausal-comp-v-order	3.5 Clausal complement--V order	43_svo_gn_er_b_no	svo	gn	erg-abs	balancing	nomn	svo	SV	AVP	5.0	100.0	100.0	100.0	1.0	1.0	1.0	0.0
3_5_clausal_comp_V_order	18_3_5_clausal_comp_V_order	fig:heatmap-18-clausal-comp-v-order	3.5 Clausal complement--V order	44_svo_gn_er_d_se	svo	gn	erg-abs	deranking	sent	svo	SV	AVP	5.0	100.0	100.0	100.0	1.0	1.0	1.0	0.0
3_5_clausal_comp_V_order	18_3_5_clausal_comp_V_order	fig:heatmap-18-clausal-comp-v-order	3.5 Clausal complement--V order	45_svo_gn_er_d_pa	svo	gn	erg-abs	deranking	poss-acc	svo	SV	AVP	5.0	100.0	100.0	100.0	1.0	1.0	1.0	0.0
3_5_clausal_comp_V_order	18_3_5_clausal_comp_V_order	fig:heatmap-18-clausal-comp-v-order	3.5 Clausal complement--V order	46_svo_gn_er_d_ep	svo	gn	erg-abs	deranking	erg-poss	sov	SV	PVA	5.0	100.0	100.0	100.0	1.0	1.0	1.0	0.0
3_5_clausal_comp_V_order	18_3_5_clausal_comp_V_order	fig:heatmap-18-clausal-comp-v-order	3.5 Clausal complement--V order	47_svo_gn_er_d_no	svo	gn	erg-abs	deranking	nomn	svo	SV	AVP	5.0	100.0	100.0	100.0	1.0	1.0	1.0	0.0
3_5_clausal_comp_V_order	18_3_5_clausal_comp_V_order	fig:heatmap-18-clausal-comp-v-order	3.5 Clausal complement--V order	48_svo_ng_ac_b_se	svo	ng	nom-acc	balancing	sent	svo	SV	AVP	5.0	100.0	100.0	100.0	1.0	1.0	1.0	0.0
3_5_clausal_comp_V_order	18_3_5_clausal_comp_V_order	fig:heatmap-18-clausal-comp-v-order	3.5 Clausal complement--V order	49_svo_ng_ac_b_pa	svo	ng	nom-acc	balancing	poss-acc	vos	VS	VPA	5.0	100.0	100.0	100.0	1.0	1.0	1.0	0.0
3_5_clausal_comp_V_order	18_3_5_clausal_comp_V_order	fig:heatmap-18-clausal-comp-v-order	3.5 Clausal complement--V order	50_svo_ng_ac_b_ep	svo	ng	nom-acc	balancing	erg-poss	vos	VS	VPA	5.0	100.0	100.0	100.0	1.0	1.0	1.0	0.0
3_5_clausal_comp_V_order	18_3_5_clausal_comp_V_order	fig:heatmap-18-clausal-comp-v-order	3.5 Clausal complement--V order	51_svo_ng_ac_b_no	svo	ng	nom-acc	balancing	nomn	vos	VS	VPA	5.0	100.0	100.0	100.0	1.0	1.0	1.0	0.0
3_5_clausal_comp_V_order	18_3_5_clausal_comp_V_order	fig:heatmap-18-clausal-comp-v-order	3.5 Clausal complement--V order	52_svo_ng_ac_d_se	svo	ng	nom-acc	deranking	sent	svo	SV	AVP	5.0	100.0	100.0	100.0	1.0	1.0	1.0	0.0
3_5_clausal_comp_V_order	18_3_5_clausal_comp_V_order	fig:heatmap-18-clausal-comp-v-order	3.5 Clausal complement--V order	53_svo_ng_ac_d_pa	svo	ng	nom-acc	deranking	poss-acc	vos	VS	VPA	5.0	100.0	100.0	100.0	1.0	1.0	1.0	0.0
3_5_clausal_comp_V_order	18_3_5_clausal_comp_V_order	fig:heatmap-18-clausal-comp-v-order	3.5 Clausal complement--V order	54_svo_ng_ac_d_ep	svo	ng	nom-acc	deranking	erg-poss	vos	VS	VPA	5.0	100.0	100.0	100.0	1.0	1.0	1.0	0.0
3_5_clausal_comp_V_order	18_3_5_clausal_comp_V_order	fig:heatmap-18-clausal-comp-v-order	3.5 Clausal complement--V order	55_svo_ng_ac_d_no	svo	ng	nom-acc	deranking	nomn	vos	VS	VPA	5.0	100.0	100.0	100.0	1.0	1.0	1.0	0.0
3_5_clausal_comp_V_order	18_3_5_clausal_comp_V_order	fig:heatmap-18-clausal-comp-v-order	3.5 Clausal complement--V order	56_svo_ng_er_b_se	svo	ng	erg-abs	balancing	sent	svo	SV	AVP	5.0	100.0	100.0	100.0	1.0	1.0	1.0	0.0
3_5_clausal_comp_V_order	18_3_5_clausal_comp_V_order	fig:heatmap-18-clausal-comp-v-order	3.5 Clausal complement--V order	57_svo_ng_er_b_pa	svo	ng	erg-abs	balancing	poss-acc	vos	VS	VPA	5.0	100.0	100.0	100.0	1.0	1.0	1.0	0.0
3_5_clausal_comp_V_order	18_3_5_clausal_comp_V_order	fig:heatmap-18-clausal-comp-v-order	3.5 Clausal complement--V order	58_svo_ng_er_b_ep	svo	ng	erg-abs	balancing	erg-poss	vos	VS	VPA	5.0	100.0	100.0	100.0	1.0	1.0	1.0	0.0
3_5_clausal_comp_V_order	18_3_5_clausal_comp_V_order	fig:heatmap-18-clausal-comp-v-order	3.5 Clausal complement--V order	59_svo_ng_er_b_no	svo	ng	erg-abs	balancing	nomn	vos	VS	VPA	5.0	100.0	100.0	100.0	1.0	1.0	1.0	0.0
3_5_clausal_comp_V_order	18_3_5_clausal_comp_V_order	fig:heatmap-18-clausal-comp-v-order	3.5 Clausal complement--V order	60_svo_ng_er_d_se	svo	ng	erg-abs	deranking	sent	svo	SV	AVP	5.0	100.0	100.0	100.0	1.0	1.0	1.0	0.0
3_5_clausal_comp_V_order	18_3_5_clausal_comp_V_order	fig:heatmap-18-clausal-comp-v-order	3.5 Clausal complement--V order	61_svo_ng_er_d_pa	svo	ng	erg-abs	deranking	poss-acc	vos	VS	VPA	5.0	100.0	100.0	100.0	1.0	1.0	1.0	0.0
3_5_clausal_comp_V_order	18_3_5_clausal_comp_V_order	fig:heatmap-18-clausal-comp-v-order	3.5 Clausal complement--V order	62_svo_ng_er_d_ep	svo	ng	erg-abs	deranking	erg-poss	vos	VS	VPA	5.0	100.0	100.0	100.0	1.0	1.0	1.0	0.0
3_5_clausal_comp_V_order	18_3_5_clausal_comp_V_order	fig:heatmap-18-clausal-comp-v-order	3.5 Clausal complement--V order	63_svo_ng_er_d_no	svo	ng	erg-abs	deranking	nomn	vos	VS	VPA	5.0	100.0	100.0	100.0	1.0	1.0	1.0	0.0
3_5_clausal_comp_V_order	18_3_5_clausal_comp_V_order	fig:heatmap-18-clausal-comp-v-order	3.5 Clausal complement--V order	64_vos_gn_ac_b_se	vos	gn	nom-acc	balancing	sent	vos	VS	VPA	5.0	100.0	100.0	100.0	1.0	1.0	1.0	0.0
3_5_clausal_comp_V_order	18_3_5_clausal_comp_V_order	fig:heatmap-18-clausal-comp-v-order	3.5 Clausal complement--V order	65_vos_gn_ac_b_pa	vos	gn	nom-acc	balancing	poss-acc	svo	SV	AVP	5.0	100.0	100.0	100.0	1.0	1.0	1.0	0.0
3_5_clausal_comp_V_order	18_3_5_clausal_comp_V_order	fig:heatmap-18-clausal-comp-v-order	3.5 Clausal complement--V order	66_vos_gn_ac_b_ep	vos	gn	nom-acc	balancing	erg-poss	sov	SV	PVA	5.0	100.0	100.0	100.0	1.0	1.0	1.0	0.0
3_5_clausal_comp_V_order	18_3_5_clausal_comp_V_order	fig:heatmap-18-clausal-comp-v-order	3.5 Clausal complement--V order	67_vos_gn_ac_b_no	vos	gn	nom-acc	balancing	nomn	svo	SV	AVP	5.0	100.0	100.0	100.0	1.0	1.0	1.0	0.0
3_5_clausal_comp_V_order	18_3_5_clausal_comp_V_order	fig:heatmap-18-clausal-comp-v-order	3.5 Clausal complement--V order	68_vos_gn_ac_d_se	vos	gn	nom-acc	deranking	sent	vos	VS	VPA	5.0	100.0	100.0	100.0	1.0	1.0	1.0	0.0
3_5_clausal_comp_V_order	18_3_5_clausal_comp_V_order	fig:heatmap-18-clausal-comp-v-order	3.5 Clausal complement--V order	69_vos_gn_ac_d_pa	vos	gn	nom-acc	deranking	poss-acc	svo	SV	AVP	5.0	100.0	100.0	100.0	1.0	1.0	1.0	0.0
3_5_clausal_comp_V_order	18_3_5_clausal_comp_V_order	fig:heatmap-18-clausal-comp-v-order	3.5 Clausal complement--V order	70_vos_gn_ac_d_ep	vos	gn	nom-acc	deranking	erg-poss	sov	SV	PVA	5.0	100.0	100.0	100.0	1.0	1.0	1.0	0.0
3_5_clausal_comp_V_order	18_3_5_clausal_comp_V_order	fig:heatmap-18-clausal-comp-v-order	3.5 Clausal complement--V order	71_vos_gn_ac_d_no	vos	gn	nom-acc	deranking	nomn	svo	SV	AVP	5.0	100.0	100.0	100.0	1.0	1.0	1.0	0.0
3_5_clausal_comp_V_order	18_3_5_clausal_comp_V_order	fig:heatmap-18-clausal-comp-v-order	3.5 Clausal complement--V order	72_vos_gn_er_b_se	vos	gn	erg-abs	balancing	sent	vos	VS	VPA	5.0	100.0	100.0	100.0	1.0	1.0	1.0	0.0
3_5_clausal_comp_V_order	18_3_5_clausal_comp_V_order	fig:heatmap-18-clausal-comp-v-order	3.5 Clausal complement--V order	73_vos_gn_er_b_pa	vos	gn	erg-abs	balancing	poss-acc	svo	SV	AVP	5.0	100.0	100.0	100.0	1.0	1.0	1.0	0.0
3_5_clausal_comp_V_order	18_3_5_clausal_comp_V_order	fig:heatmap-18-clausal-comp-v-order	3.5 Clausal complement--V order	74_vos_gn_er_b_ep	vos	gn	erg-abs	balancing	erg-poss	sov	SV	PVA	5.0	100.0	100.0	100.0	1.0	1.0	1.0	0.0
3_5_clausal_comp_V_order	18_3_5_clausal_comp_V_order	fig:heatmap-18-clausal-comp-v-order	3.5 Clausal complement--V order	75_vos_gn_er_b_no	vos	gn	erg-abs	balancing	nomn	svo	SV	AVP	5.0	100.0	100.0	100.0	1.0	1.0	1.0	0.0
3_5_clausal_comp_V_order	18_3_5_clausal_comp_V_order	fig:heatmap-18-clausal-comp-v-order	3.5 Clausal complement--V order	76_vos_gn_er_d_se	vos	gn	erg-abs	deranking	sent	vos	VS	VPA	5.0	100.0	100.0	100.0	1.0	1.0	1.0	0.0
3_5_clausal_comp_V_order	18_3_5_clausal_comp_V_order	fig:heatmap-18-clausal-comp-v-order	3.5 Clausal complement--V order	77_vos_gn_er_d_pa	vos	gn	erg-abs	deranking	poss-acc	svo	SV	AVP	5.0	100.0	100.0	100.0	1.0	1.0	1.0	0.0
3_5_clausal_comp_V_order	18_3_5_clausal_comp_V_order	fig:heatmap-18-clausal-comp-v-order	3.5 Clausal complement--V order	78_vos_gn_er_d_ep	vos	gn	erg-abs	deranking	erg-poss	sov	SV	PVA	5.0	100.0	100.0	100.0	1.0	1.0	1.0	0.0
3_5_clausal_comp_V_order	18_3_5_clausal_comp_V_order	fig:heatmap-18-clausal-comp-v-order	3.5 Clausal complement--V order	79_vos_gn_er_d_no	vos	gn	erg-abs	deranking	nomn	svo	SV	AVP	5.0	100.0	100.0	100.0	1.0	1.0	1.0	0.0
3_5_clausal_comp_V_order	18_3_5_clausal_comp_V_order	fig:heatmap-18-clausal-comp-v-order	3.5 Clausal complement--V order	80_vos_ng_ac_b_se	vos	ng	nom-acc	balancing	sent	vos	VS	VPA	5.0	100.0	100.0	100.0	1.0	1.0	1.0	0.0
3_5_clausal_comp_V_order	18_3_5_clausal_comp_V_order	fig:heatmap-18-clausal-comp-v-order	3.5 Clausal complement--V order	81_vos_ng_ac_b_pa	vos	ng	nom-acc	balancing	poss-acc	vos	VS	VPA	5.0	100.0	100.0	100.0	1.0	1.0	1.0	0.0
3_5_clausal_comp_V_order	18_3_5_clausal_comp_V_order	fig:heatmap-18-clausal-comp-v-order	3.5 Clausal complement--V order	82_vos_ng_ac_b_ep	vos	ng	nom-acc	balancing	erg-poss	vos	VS	VPA	5.0	100.0	100.0	100.0	1.0	1.0	1.0	0.0
3_5_clausal_comp_V_order	18_3_5_clausal_comp_V_order	fig:heatmap-18-clausal-comp-v-order	3.5 Clausal complement--V order	83_vos_ng_ac_b_no	vos	ng	nom-acc	balancing	nomn	vos	VS	VPA	5.0	100.0	100.0	100.0	1.0	1.0	1.0	0.0
3_5_clausal_comp_V_order	18_3_5_clausal_comp_V_order	fig:heatmap-18-clausal-comp-v-order	3.5 Clausal complement--V order	84_vos_ng_ac_d_se	vos	ng	nom-acc	deranking	sent	vos	VS	VPA	5.0	100.0	100.0	100.0	1.0	1.0	1.0	0.0
3_5_clausal_comp_V_order	18_3_5_clausal_comp_V_order	fig:heatmap-18-clausal-comp-v-order	3.5 Clausal complement--V order	85_vos_ng_ac_d_pa	vos	ng	nom-acc	deranking	poss-acc	vos	VS	VPA	5.0	100.0	100.0	100.0	1.0	1.0	1.0	0.0
3_5_clausal_comp_V_order	18_3_5_clausal_comp_V_order	fig:heatmap-18-clausal-comp-v-order	3.5 Clausal complement--V order	86_vos_ng_ac_d_ep	vos	ng	nom-acc	deranking	erg-poss	vos	VS	VPA	5.0	100.0	100.0	100.0	1.0	1.0	1.0	0.0
3_5_clausal_comp_V_order	18_3_5_clausal_comp_V_order	fig:heatmap-18-clausal-comp-v-order	3.5 Clausal complement--V order	87_vos_ng_ac_d_no	vos	ng	nom-acc	deranking	nomn	vos	VS	VPA	5.0	100.0	100.0	100.0	1.0	1.0	1.0	0.0
3_5_clausal_comp_V_order	18_3_5_clausal_comp_V_order	fig:heatmap-18-clausal-comp-v-order	3.5 Clausal complement--V order	88_vos_ng_er_b_se	vos	ng	erg-abs	balancing	sent	vos	VS	VPA	5.0	100.0	100.0	100.0	1.0	1.0	1.0	0.0
3_5_clausal_comp_V_order	18_3_5_clausal_comp_V_order	fig:heatmap-18-clausal-comp-v-order	3.5 Clausal complement--V order	89_vos_ng_er_b_pa	vos	ng	erg-abs	balancing	poss-acc	vos	VS	VPA	5.0	100.0	100.0	100.0	1.0	1.0	1.0	0.0
3_5_clausal_comp_V_order	18_3_5_clausal_comp_V_order	fig:heatmap-18-clausal-comp-v-order	3.5 Clausal complement--V order	90_vos_ng_er_b_ep	vos	ng	erg-abs	balancing	erg-poss	vos	VS	VPA	5.0	100.0	100.0	100.0	1.0	1.0	1.0	0.0
3_5_clausal_comp_V_order	18_3_5_clausal_comp_V_order	fig:heatmap-18-clausal-comp-v-order	3.5 Clausal complement--V order	91_vos_ng_er_b_no	vos	ng	erg-abs	balancing	nomn	vos	VS	VPA	5.0	100.0	100.0	100.0	1.0	1.0	1.0	0.0
3_5_clausal_comp_V_order	18_3_5_clausal_comp_V_order	fig:heatmap-18-clausal-comp-v-order	3.5 Clausal complement--V order	92_vos_ng_er_d_se	vos	ng	erg-abs	deranking	sent	vos	VS	VPA	5.0	100.0	100.0	100.0	1.0	1.0	1.0	0.0
3_5_clausal_comp_V_order	18_3_5_clausal_comp_V_order	fig:heatmap-18-clausal-comp-v-order	3.5 Clausal complement--V order	93_vos_ng_er_d_pa	vos	ng	erg-abs	deranking	poss-acc	vos	VS	VPA	5.0	100.0	100.0	100.0	1.0	1.0	1.0	0.0
3_5_clausal_comp_V_order	18_3_5_clausal_comp_V_order	fig:heatmap-18-clausal-comp-v-order	3.5 Clausal complement--V order	94_vos_ng_er_d_ep	vos	ng	erg-abs	deranking	erg-poss	vos	VS	VPA	5.0	100.0	100.0	100.0	1.0	1.0	1.0	0.0
3_5_clausal_comp_V_order	18_3_5_clausal_comp_V_order	fig:heatmap-18-clausal-comp-v-order	3.5 Clausal complement--V order	95_vos_ng_er_d_no	vos	ng	erg-abs	deranking	nomn	vos	VS	VPA	5.0	100.0	100.0	100.0	1.0	1.0	1.0	0.0
3_6_clausal_CV_valency	19_3_6_clausal_CV_valency	fig:heatmap-19-clausal-cv-valency	3.6 Clausal complement CV valency	00_sov_gn_ac_b_se	sov	gn	nom-acc	balancing	sent	sov	SV	APV	5.0	78.0	74.0	78.0	0.5603645644527729	0.4808150668439051	0.5603645644527729	0.07954949760886781
3_6_clausal_CV_valency	19_3_6_clausal_CV_valency	fig:heatmap-19-clausal-cv-valency	3.6 Clausal complement CV valency	01_sov_gn_ac_b_pa	sov	gn	nom-acc	balancing	poss-acc	sov	SV	APV	5.0	78.0	72.0	75.0	0.5603645644527729	0.44121571857084796	0.5006669949589901	0.11914884588192498
3_6_clausal_CV_valency	19_3_6_clausal_CV_valency	fig:heatmap-19-clausal-cv-valency	3.6 Clausal complement CV valency	02_sov_gn_ac_b_ep	sov	gn	nom-acc	balancing	erg-poss	sov	SV	APV	5.0	77.0	75.0	73.0	0.5404461012900033	0.5006669949589901	0.4609956253156435	0.07945047597435978
3_6_clausal_CV_valency	19_3_6_clausal_CV_valency	fig:heatmap-19-clausal-cv-valency	3.6 Clausal complement CV valency	03_sov_gn_ac_b_no	sov	gn	nom-acc	balancing	nomn	sov	SV	APV	5.0	80.0	74.0	75.0	0.6002430286238514	0.4808150668439051	0.5006669949589901	0.11942796177994625
3_6_clausal_CV_valency	19_3_6_clausal_CV_valency	fig:heatmap-19-clausal-cv-valency	3.6 Clausal complement CV valency	04_sov_gn_ac_d_se	sov	gn	nom-acc	deranking	sent	sov	SV	APV	5.0	76.0	74.0	76.0	0.520545600501044	0.4808150668439051	0.520545600501044	0.03973053365713891
3_6_clausal_CV_valency	19_3_6_clausal_CV_valency	fig:heatmap-19-clausal-cv-valency	3.6 Clausal complement CV valency	05_sov_gn_ac_d_pa	sov	gn	nom-acc	deranking	poss-acc	sov	SV	APV	5.0	74.0	79.0	75.0	0.4808150668439051	0.5802977582031614	0.5006669949589901	0.0994826913592563
3_6_clausal_CV_valency	19_3_6_clausal_CV_valency	fig:heatmap-19-clausal-cv-valency	3.6 Clausal complement CV valency	06_sov_gn_ac_d_ep	sov	gn	nom-acc	deranking	erg-poss	sov	SV	APV	5.0	75.0	77.0	74.0	0.5006669949589901	0.5404461012900033	0.4808150668439051	0.05963103444609813
3_6_clausal_CV_valency	19_3_6_clausal_CV_valency	fig:heatmap-19-clausal-cv-valency	3.6 Clausal complement CV valency	07_sov_gn_ac_d_no	sov	gn	nom-acc	deranking	nomn	sov	SV	APV	5.0	72.0	71.0	78.0	0.44121571857084796	0.4214838855772702	0.5603645644527729	0.13888067887550276
3_6_clausal_CV_valency	19_3_6_clausal_CV_valency	fig:heatmap-19-clausal-cv-valency	3.6 Clausal complement CV valency	08_sov_gn_er_b_se	sov	gn	erg-abs	balancing	sent	sov	SV	APV	5.0	76.0	75.0	79.0	0.520545600501044	0.5006669949589901	0.5802977582031614	0.07963076324417129
3_6_clausal_CV_valency	19_3_6_clausal_CV_valency	fig:heatmap-19-clausal-cv-valency	3.6 Clausal complement CV valency	09_sov_gn_er_b_pa	sov	gn	erg-abs	balancing	poss-acc	sov	SV	APV	5.0	79.0	75.0	77.0	0.5802977582031614	0.5006669949589901	0.5404461012900033	0.07963076324417129
3_6_clausal_CV_valency	19_3_6_clausal_CV_valency	fig:heatmap-19-clausal-cv-valency	3.6 Clausal complement CV valency	10_sov_gn_er_b_ep	sov	gn	erg-abs	balancing	erg-poss	sov	SV	APV	5.0	78.0	80.0	78.0	0.5603645644527729	0.6002430286238514	0.5603645644527729	0.03987846417107843
3_6_clausal_CV_valency	19_3_6_clausal_CV_valency	fig:heatmap-19-clausal-cv-valency	3.6 Clausal complement CV valency	11_sov_gn_er_b_no	sov	gn	erg-abs	balancing	nomn	sov	SV	APV	5.0	79.0	76.0	78.0	0.5802977582031614	0.520545600501044	0.5603645644527729	0.05975215770211739
3_6_clausal_CV_valency	19_3_6_clausal_CV_valency	fig:heatmap-19-clausal-cv-valency	3.6 Clausal complement CV valency	12_sov_gn_er_d_se	sov	gn	erg-abs	deranking	sent	sov	SV	APV	5.0	73.0	75.0	77.0	0.4609956253156435	0.5006669949589901	0.5404461012900033	0.07945047597435978
3_6_clausal_CV_valency	19_3_6_clausal_CV_valency	fig:heatmap-19-clausal-cv-valency	3.6 Clausal complement CV valency	13_sov_gn_er_d_pa	sov	gn	erg-abs	deranking	poss-acc	sov	SV	APV	5.0	73.0	75.0	78.0	0.4609956253156435	0.5006669949589901	0.5603645644527729	0.09936893913712946
3_6_clausal_CV_valency	19_3_6_clausal_CV_valency	fig:heatmap-19-clausal-cv-valency	3.6 Clausal complement CV valency	14_sov_gn_er_d_ep	sov	gn	erg-abs	deranking	erg-poss	sov	SV	APV	5.0	78.0	77.0	80.0	0.5603645644527729	0.5404461012900033	0.6002430286238514	0.059796927333848116
3_6_clausal_CV_valency	19_3_6_clausal_CV_valency	fig:heatmap-19-clausal-cv-valency	3.6 Clausal complement CV valency	15_sov_gn_er_d_no	sov	gn	erg-abs	deranking	nomn	sov	SV	APV	5.0	76.0	77.0	81.0	0.520545600501044	0.5404461012900033	0.6201981975224622	0.09965259702141815
3_6_clausal_CV_valency	19_3_6_clausal_CV_valency	fig:heatmap-19-clausal-cv-valency	3.6 Clausal complement CV valency	16_sov_ng_ac_b_se	sov	ng	nom-acc	balancing	sent	sov	SV	APV	5.0	74.0	74.0	76.0	0.4808150668439051	0.4808150668439051	0.520545600501044	0.03973053365713891
3_6_clausal_CV_valency	19_3_6_clausal_CV_valency	fig:heatmap-19-clausal-cv-valency	3.6 Clausal complement CV valency	17_sov_ng_ac_b_pa	sov	ng	nom-acc	balancing	poss-acc	ovs	VS	PVA	5.0	76.0	73.0	80.0	0.520545600501044	0.4609956253156435	0.6002430286238514	0.1392474033082079
3_6_clausal_CV_valency	19_3_6_clausal_CV_valency	fig:heatmap-19-clausal-cv-valency	3.6 Clausal complement CV valency	18_sov_ng_ac_b_ep	sov	ng	nom-acc	balancing	erg-poss	vos	VS	AVP	5.0	75.0	76.0	78.0	0.5006669949589901	0.520545600501044	0.5603645644527729	0.0596975694937828
3_6_clausal_CV_valency	19_3_6_clausal_CV_valency	fig:heatmap-19-clausal-cv-valency	3.6 Clausal complement CV valency	19_sov_ng_ac_b_no	sov	ng	nom-acc	balancing	nomn	ovs	VS	PVA	5.0	76.0	77.0	74.0	0.520545600501044	0.5404461012900033	0.4808150668439051	0.05963103444609813
3_6_clausal_CV_valency	19_3_6_clausal_CV_valency	fig:heatmap-19-clausal-cv-valency	3.6 Clausal complement CV valency	20_sov_ng_ac_d_se	sov	ng	nom-acc	deranking	sent	sov	SV	APV	5.0	76.0	77.0	77.0	0.520545600501044	0.5404461012900033	0.5404461012900033	0.01990050078895922
3_6_clausal_CV_valency	19_3_6_clausal_CV_valency	fig:heatmap-19-clausal-cv-valency	3.6 Clausal complement CV valency	21_sov_ng_ac_d_pa	sov	ng	nom-acc	deranking	poss-acc	ovs	VS	PVA	5.0	78.0	79.0	77.0	0.5603645644527729	0.5802977582031614	0.5404461012900033	0.03985165691315817
3_6_clausal_CV_valency	19_3_6_clausal_CV_valency	fig:heatmap-19-clausal-cv-valency	3.6 Clausal complement CV valency	22_sov_ng_ac_d_ep	sov	ng	nom-acc	deranking	erg-poss	vos	VS	AVP	5.0	75.0	75.0	76.0	0.5006669949589901	0.5006669949589901	0.520545600501044	0.019878605542053895
3_6_clausal_CV_valency	19_3_6_clausal_CV_valency	fig:heatmap-19-clausal-cv-valency	3.6 Clausal complement CV valency	23_sov_ng_ac_d_no	sov	ng	nom-acc	deranking	nomn	ovs	VS	PVA	5.0	77.0	79.0	77.0	0.5404461012900033	0.5802977582031614	0.5404461012900033	0.03985165691315817
3_6_clausal_CV_valency	19_3_6_clausal_CV_valency	fig:heatmap-19-clausal-cv-valency	3.6 Clausal complement CV valency	24_sov_ng_er_b_se	sov	ng	erg-abs	balancing	sent	sov	SV	APV	5.0	81.0	75.0	77.0	0.6201981975224622	0.5006669949589901	0.5404461012900033	0.11953120256347205
3_6_clausal_CV_valency	19_3_6_clausal_CV_valency	fig:heatmap-19-clausal-cv-valency	3.6 Clausal complement CV valency	25_sov_ng_er_b_pa	sov	ng	erg-abs	balancing	poss-acc	ovs	VS	PVA	5.0	76.0	74.0	80.0	0.520545600501044	0.4808150668439051	0.6002430286238514	0.11942796177994625
3_6_clausal_CV_valency	19_3_6_clausal_CV_valency	fig:heatmap-19-clausal-cv-valency	3.6 Clausal complement CV valency	26_sov_ng_er_b_ep	sov	ng	erg-abs	balancing	erg-poss	vos	VS	AVP	5.0	77.0	79.0	79.0	0.5404461012900033	0.5802977582031614	0.5802977582031614	0.03985165691315817
3_6_clausal_CV_valency	19_3_6_clausal_CV_valency	fig:heatmap-19-clausal-cv-valency	3.6 Clausal complement CV valency	27_sov_ng_er_b_no	sov	ng	erg-abs	balancing	nomn	ovs	VS	PVA	5.0	77.0	77.0	75.0	0.5404461012900033	0.5404461012900033	0.5006669949589901	0.039779106331013114
3_6_clausal_CV_valency	19_3_6_clausal_CV_valency	fig:heatmap-19-clausal-cv-valency	3.6 Clausal complement CV valency	28_sov_ng_er_d_se	sov	ng	erg-abs	deranking	sent	sov	SV	APV	5.0	77.0	74.0	78.0	0.5404461012900033	0.4808150668439051	0.5603645644527729	0.07954949760886781
3_6_clausal_CV_valency	19_3_6_clausal_CV_valency	fig:heatmap-19-clausal-cv-valency	3.6 Clausal complement CV valency	29_sov_ng_er_d_pa	sov	ng	erg-abs	deranking	poss-acc	ovs	VS	PVA	5.0	76.0	75.0	79.0	0.520545600501044	0.5006669949589901	0.5802977582031614	0.07963076324417129
3_6_clausal_CV_valency	19_3_6_clausal_CV_valency	fig:heatmap-19-clausal-cv-valency	3.6 Clausal complement CV valency	30_sov_ng_er_d_ep	sov	ng	erg-abs	deranking	erg-poss	vos	VS	AVP	5.0	72.0	76.0	79.0	0.44121571857084796	0.520545600501044	0.5802977582031614	0.13908203963231347
3_6_clausal_CV_valency	19_3_6_clausal_CV_valency	fig:heatmap-19-clausal-cv-valency	3.6 Clausal complement CV valency	31_sov_ng_er_d_no	sov	ng	erg-abs	deranking	nomn	ovs	VS	PVA	5.0	76.0	76.0	78.0	0.520545600501044	0.520545600501044	0.5603645644527729	0.0398189639517289
3_6_clausal_CV_valency	19_3_6_clausal_CV_valency	fig:heatmap-19-clausal-cv-valency	3.6 Clausal complement CV valency	32_svo_gn_ac_b_se	svo	gn	nom-acc	balancing	sent	svo	SV	AVP	5.0	73.0	72.0	79.0	0.4609956253156435	0.44121571857084796	0.5802977582031614	0.13908203963231347
3_6_clausal_CV_valency	19_3_6_clausal_CV_valency	fig:heatmap-19-clausal-cv-valency	3.6 Clausal complement CV valency	33_svo_gn_ac_b_pa	svo	gn	nom-acc	balancing	poss-acc	svo	SV	AVP	5.0	79.0	75.0	78.0	0.5802977582031614	0.5006669949589901	0.5603645644527729	0.07963076324417129
3_6_clausal_CV_valency	19_3_6_clausal_CV_valency	fig:heatmap-19-clausal-cv-valency	3.6 Clausal complement CV valency	34_svo_gn_ac_b_ep	svo	gn	nom-acc	balancing	erg-poss	sov	SV	PVA	5.0	76.0	74.0	82.0	0.520545600501044	0.4808150668439051	0.6401614779514829	0.1593464111075778
3_6_clausal_CV_valency	19_3_6_clausal_CV_valency	fig:heatmap-19-clausal-cv-valency	3.6 Clausal complement CV valency	35_svo_gn_ac_b_no	svo	gn	nom-acc	balancing	nomn	svo	SV	AVP	5.0	74.0	74.0	79.0	0.4808150668439051	0.4808150668439051	0.5802977582031614	0.0994826913592563
3_6_clausal_CV_valency	19_3_6_clausal_CV_valency	fig:heatmap-19-clausal-cv-valency	3.6 Clausal complement CV valency	36_svo_gn_ac_d_se	svo	gn	nom-acc	deranking	sent	svo	SV	AVP	5.0	75.0	81.0	77.0	0.5006669949589901	0.6201981975224622	0.5404461012900033	0.11953120256347205
3_6_clausal_CV_valency	19_3_6_clausal_CV_valency	fig:heatmap-19-clausal-cv-valency	3.6 Clausal complement CV valency	37_svo_gn_ac_d_pa	svo	gn	nom-acc	deranking	poss-acc	svo	SV	AVP	5.0	76.0	78.0	79.0	0.520545600501044	0.5603645644527729	0.5802977582031614	0.05975215770211739
3_6_clausal_CV_valency	19_3_6_clausal_CV_valency	fig:heatmap-19-clausal-cv-valency	3.6 Clausal complement CV valency	38_svo_gn_ac_d_ep	svo	gn	nom-acc	deranking	erg-poss	sov	SV	PVA	5.0	78.0	73.0	75.0	0.5603645644527729	0.4609956253156435	0.5006669949589901	0.09936893913712946
3_6_clausal_CV_valency	19_3_6_clausal_CV_valency	fig:heatmap-19-clausal-cv-valency	3.6 Clausal complement CV valency	39_svo_gn_ac_d_no	svo	gn	nom-acc	deranking	nomn	svo	SV	AVP	5.0	81.0	81.0	77.0	0.6201981975224622	0.6201981975224622	0.5404461012900033	0.07975209623245894
3_6_clausal_CV_valency	19_3_6_clausal_CV_valency	fig:heatmap-19-clausal-cv-valency	3.6 Clausal complement CV valency	40_svo_gn_er_b_se	svo	gn	erg-abs	balancing	sent	svo	SV	AVP	5.0	78.0	78.0	78.0	0.5603645644527729	0.5603645644527729	0.5603645644527729	0.0
3_6_clausal_CV_valency	19_3_6_clausal_CV_valency	fig:heatmap-19-clausal-cv-valency	3.6 Clausal complement CV valency	41_svo_gn_er_b_pa	svo	gn	erg-abs	balancing	poss-acc	svo	SV	AVP	5.0	77.0	75.0	79.0	0.5404461012900033	0.5006669949589901	0.5802977582031614	0.07963076324417129
3_6_clausal_CV_valency	19_3_6_clausal_CV_valency	fig:heatmap-19-clausal-cv-valency	3.6 Clausal complement CV valency	42_svo_gn_er_b_ep	svo	gn	erg-abs	balancing	erg-poss	sov	SV	PVA	5.0	76.0	73.0	77.0	0.520545600501044	0.4609956253156435	0.5404461012900033	0.07945047597435978
3_6_clausal_CV_valency	19_3_6_clausal_CV_valency	fig:heatmap-19-clausal-cv-valency	3.6 Clausal complement CV valency	43_svo_gn_er_b_no	svo	gn	erg-abs	balancing	nomn	svo	SV	AVP	5.0	77.0	75.0	78.0	0.5404461012900033	0.5006669949589901	0.5603645644527729	0.0596975694937828
3_6_clausal_CV_valency	19_3_6_clausal_CV_valency	fig:heatmap-19-clausal-cv-valency	3.6 Clausal complement CV valency	44_svo_gn_er_d_se	svo	gn	erg-abs	deranking	sent	svo	SV	AVP	5.0	77.0	81.0	76.0	0.5404461012900033	0.6201981975224622	0.520545600501044	0.09965259702141815
3_6_clausal_CV_valency	19_3_6_clausal_CV_valency	fig:heatmap-19-clausal-cv-valency	3.6 Clausal complement CV valency	45_svo_gn_er_d_pa	svo	gn	erg-abs	deranking	poss-acc	svo	SV	AVP	5.0	74.0	75.0	75.0	0.4808150668439051	0.5006669949589901	0.5006669949589901	0.019851928115085016
3_6_clausal_CV_valency	19_3_6_clausal_CV_valency	fig:heatmap-19-clausal-cv-valency	3.6 Clausal complement CV valency	46_svo_gn_er_d_ep	svo	gn	erg-abs	deranking	erg-poss	sov	SV	PVA	5.0	73.0	75.0	73.0	0.4609956253156435	0.5006669949589901	0.4609956253156435	0.039671369643346666
3_6_clausal_CV_valency	19_3_6_clausal_CV_valency	fig:heatmap-19-clausal-cv-valency	3.6 Clausal complement CV valency	47_svo_gn_er_d_no	svo	gn	erg-abs	deranking	nomn	svo	SV	AVP	5.0	73.0	75.0	74.0	0.4609956253156435	0.5006669949589901	0.4808150668439051	0.039671369643346666
3_6_clausal_CV_valency	19_3_6_clausal_CV_valency	fig:heatmap-19-clausal-cv-valency	3.6 Clausal complement CV valency	48_svo_ng_ac_b_se	svo	ng	nom-acc	balancing	sent	svo	SV	AVP	5.0	75.0	76.0	75.0	0.5006669949589901	0.520545600501044	0.5006669949589901	0.019878605542053895
3_6_clausal_CV_valency	19_3_6_clausal_CV_valency	fig:heatmap-19-clausal-cv-valency	3.6 Clausal complement CV valency	49_svo_ng_ac_b_pa	svo	ng	nom-acc	balancing	poss-acc	vos	VS	VPA	5.0	76.0	74.0	77.0	0.520545600501044	0.4808150668439051	0.5404461012900033	0.05963103444609813
3_6_clausal_CV_valency	19_3_6_clausal_CV_valency	fig:heatmap-19-clausal-cv-valency	3.6 Clausal complement CV valency	50_svo_ng_ac_b_ep	svo	ng	nom-acc	balancing	erg-poss	vos	VS	VPA	5.0	80.0	74.0	80.0	0.6002430286238514	0.4808150668439051	0.6002430286238514	0.11942796177994625
3_6_clausal_CV_valency	19_3_6_clausal_CV_valency	fig:heatmap-19-clausal-cv-valency	3.6 Clausal complement CV valency	51_svo_ng_ac_b_no	svo	ng	nom-acc	balancing	nomn	vos	VS	VPA	5.0	77.0	78.0	77.0	0.5404461012900033	0.5603645644527729	0.5404461012900033	0.019918463162769684
3_6_clausal_CV_valency	19_3_6_clausal_CV_valency	fig:heatmap-19-clausal-cv-valency	3.6 Clausal complement CV valency	52_svo_ng_ac_d_se	svo	ng	nom-acc	deranking	sent	svo	SV	AVP	5.0	79.0	76.0	72.0	0.5802977582031614	0.520545600501044	0.44121571857084796	0.13908203963231347
3_6_clausal_CV_valency	19_3_6_clausal_CV_valency	fig:heatmap-19-clausal-cv-valency	3.6 Clausal complement CV valency	53_svo_ng_ac_d_pa	svo	ng	nom-acc	deranking	poss-acc	vos	VS	VPA	5.0	74.0	74.0	75.0	0.4808150668439051	0.4808150668439051	0.5006669949589901	0.019851928115085016
3_6_clausal_CV_valency	19_3_6_clausal_CV_valency	fig:heatmap-19-clausal-cv-valency	3.6 Clausal complement CV valency	54_svo_ng_ac_d_ep	svo	ng	nom-acc	deranking	erg-poss	vos	VS	VPA	5.0	75.0	77.0	73.0	0.5006669949589901	0.5404461012900033	0.4609956253156435	0.07945047597435978
3_6_clausal_CV_valency	19_3_6_clausal_CV_valency	fig:heatmap-19-clausal-cv-valency	3.6 Clausal complement CV valency	55_svo_ng_ac_d_no	svo	ng	nom-acc	deranking	nomn	vos	VS	VPA	5.0	74.0	75.0	76.0	0.4808150668439051	0.5006669949589901	0.520545600501044	0.03973053365713891
3_6_clausal_CV_valency	19_3_6_clausal_CV_valency	fig:heatmap-19-clausal-cv-valency	3.6 Clausal complement CV valency	56_svo_ng_er_b_se	svo	ng	erg-abs	balancing	sent	svo	SV	AVP	5.0	77.0	78.0	73.0	0.5404461012900033	0.5603645644527729	0.4609956253156435	0.09936893913712946
3_6_clausal_CV_valency	19_3_6_clausal_CV_valency	fig:heatmap-19-clausal-cv-valency	3.6 Clausal complement CV valency	57_svo_ng_er_b_pa	svo	ng	erg-abs	balancing	poss-acc	vos	VS	VPA	5.0	73.0	79.0	72.0	0.4609956253156435	0.5802977582031614	0.44121571857084796	0.13908203963231347
3_6_clausal_CV_valency	19_3_6_clausal_CV_valency	fig:heatmap-19-clausal-cv-valency	3.6 Clausal complement CV valency	58_svo_ng_er_b_ep	svo	ng	erg-abs	balancing	erg-poss	vos	VS	VPA	5.0	74.0	75.0	75.0	0.4808150668439051	0.5006669949589901	0.5006669949589901	0.019851928115085016
3_6_clausal_CV_valency	19_3_6_clausal_CV_valency	fig:heatmap-19-clausal-cv-valency	3.6 Clausal complement CV valency	59_svo_ng_er_b_no	svo	ng	erg-abs	balancing	nomn	vos	VS	VPA	5.0	74.0	77.0	82.0	0.4808150668439051	0.5404461012900033	0.6401614779514829	0.1593464111075778
3_6_clausal_CV_valency	19_3_6_clausal_CV_valency	fig:heatmap-19-clausal-cv-valency	3.6 Clausal complement CV valency	60_svo_ng_er_d_se	svo	ng	erg-abs	deranking	sent	svo	SV	AVP	5.0	75.0	72.0	72.0	0.5006669949589901	0.44121571857084796	0.44121571857084796	0.05945127638814218
3_6_clausal_CV_valency	19_3_6_clausal_CV_valency	fig:heatmap-19-clausal-cv-valency	3.6 Clausal complement CV valency	61_svo_ng_er_d_pa	svo	ng	erg-abs	deranking	poss-acc	vos	VS	VPA	5.0	68.0	79.0	75.0	0.36269116941089913	0.5802977582031614	0.5006669949589901	0.2176065887922623
3_6_clausal_CV_valency	19_3_6_clausal_CV_valency	fig:heatmap-19-clausal-cv-valency	3.6 Clausal complement CV valency	62_svo_ng_er_d_ep	svo	ng	erg-abs	deranking	erg-poss	vos	VS	VPA	5.0	73.0	71.0	77.0	0.4609956253156435	0.4214838855772702	0.5404461012900033	0.11896221571273308
3_6_clausal_CV_valency	19_3_6_clausal_CV_valency	fig:heatmap-19-clausal-cv-valency	3.6 Clausal complement CV valency	63_svo_ng_er_d_no	svo	ng	erg-abs	deranking	nomn	vos	VS	VPA	5.0	73.0	72.0	74.0	0.4609956253156435	0.44121571857084796	0.4808150668439051	0.03959934827305717
3_6_clausal_CV_valency	19_3_6_clausal_CV_valency	fig:heatmap-19-clausal-cv-valency	3.6 Clausal complement CV valency	64_vos_gn_ac_b_se	vos	gn	nom-acc	balancing	sent	vos	VS	VPA	5.0	71.0	73.0	75.0	0.4214838855772702	0.4609956253156435	0.5006669949589901	0.07918310938171996
3_6_clausal_CV_valency	19_3_6_clausal_CV_valency	fig:heatmap-19-clausal-cv-valency	3.6 Clausal complement CV valency	65_vos_gn_ac_b_pa	vos	gn	nom-acc	balancing	poss-acc	svo	SV	AVP	5.0	71.0	75.0	74.0	0.4214838855772702	0.5006669949589901	0.4808150668439051	0.07918310938171996
3_6_clausal_CV_valency	19_3_6_clausal_CV_valency	fig:heatmap-19-clausal-cv-valency	3.6 Clausal complement CV valency	66_vos_gn_ac_b_ep	vos	gn	nom-acc	balancing	erg-poss	sov	SV	PVA	5.0	73.0	72.0	69.0	0.4609956253156435	0.44121571857084796	0.3822078817555662	0.07878774356007728
3_6_clausal_CV_valency	19_3_6_clausal_CV_valency	fig:heatmap-19-clausal-cv-valency	3.6 Clausal complement CV valency	67_vos_gn_ac_b_no	vos	gn	nom-acc	balancing	nomn	svo	SV	AVP	5.0	74.0	72.0	71.0	0.4808150668439051	0.44121571857084796	0.4214838855772702	0.05933118126663495
3_6_clausal_CV_valency	19_3_6_clausal_CV_valency	fig:heatmap-19-clausal-cv-valency	3.6 Clausal complement CV valency	68_vos_gn_ac_d_se	vos	gn	nom-acc	deranking	sent	vos	VS	VPA	5.0	71.0	71.0	70.0	0.4214838855772702	0.4214838855772702	0.40181045290185924	0.01967343267541094
3_6_clausal_CV_valency	19_3_6_clausal_CV_valency	fig:heatmap-19-clausal-cv-valency	3.6 Clausal complement CV valency	69_vos_gn_ac_d_pa	vos	gn	nom-acc	deranking	poss-acc	svo	SV	AVP	5.0	71.0	74.0	69.0	0.4214838855772702	0.4808150668439051	0.3822078817555662	0.09860718508833893
3_6_clausal_CV_valency	19_3_6_clausal_CV_valency	fig:heatmap-19-clausal-cv-valency	3.6 Clausal complement CV valency	70_vos_gn_ac_d_ep	vos	gn	nom-acc	deranking	erg-poss	sov	SV	PVA	5.0	72.0	71.0	76.0	0.44121571857084796	0.4214838855772702	0.520545600501044	0.09906171492377386
3_6_clausal_CV_valency	19_3_6_clausal_CV_valency	fig:heatmap-19-clausal-cv-valency	3.6 Clausal complement CV valency	71_vos_gn_ac_d_no	vos	gn	nom-acc	deranking	nomn	svo	SV	AVP	5.0	73.0	71.0	71.0	0.4609956253156435	0.4214838855772702	0.4214838855772702	0.0395117397383733
3_6_clausal_CV_valency	19_3_6_clausal_CV_valency	fig:heatmap-19-clausal-cv-valency	3.6 Clausal complement CV valency	72_vos_gn_er_b_se	vos	gn	erg-abs	balancing	sent	vos	VS	VPA	5.0	75.0	74.0	68.0	0.5006669949589901	0.4808150668439051	0.36269116941089913	0.137975825548091
3_6_clausal_CV_valency	19_3_6_clausal_CV_valency	fig:heatmap-19-clausal-cv-valency	3.6 Clausal complement CV valency	73_vos_gn_er_b_pa	vos	gn	erg-abs	balancing	poss-acc	svo	SV	AVP	5.0	73.0	70.0	72.0	0.4609956253156435	0.40181045290185924	0.44121571857084796	0.05918517241378424
3_6_clausal_CV_valency	19_3_6_clausal_CV_valency	fig:heatmap-19-clausal-cv-valency	3.6 Clausal complement CV valency	74_vos_gn_er_b_ep	vos	gn	erg-abs	balancing	erg-poss	sov	SV	PVA	5.0	72.0	73.0	74.0	0.44121571857084796	0.4609956253156435	0.4808150668439051	0.03959934827305717
3_6_clausal_CV_valency	19_3_6_clausal_CV_valency	fig:heatmap-19-clausal-cv-valency	3.6 Clausal complement CV valency	75_vos_gn_er_b_no	vos	gn	erg-abs	balancing	nomn	svo	SV	AVP	5.0	67.0	73.0	71.0	0.3432783071525648	0.4609956253156435	0.4214838855772702	0.11771731816307868
3_6_clausal_CV_valency	19_3_6_clausal_CV_valency	fig:heatmap-19-clausal-cv-valency	3.6 Clausal complement CV valency	76_vos_gn_er_d_se	vos	gn	erg-abs	deranking	sent	vos	VS	VPA	5.0	74.0	73.0	73.0	0.4808150668439051	0.4609956253156435	0.4609956253156435	0.01981944152826165
3_6_clausal_CV_valency	19_3_6_clausal_CV_valency	fig:heatmap-19-clausal-cv-valency	3.6 Clausal complement CV valency	77_vos_gn_er_d_pa	vos	gn	erg-abs	deranking	poss-acc	svo	SV	AVP	5.0	73.0	72.0	73.0	0.4609956253156435	0.44121571857084796	0.4609956253156435	0.019779906744795517
3_6_clausal_CV_valency	19_3_6_clausal_CV_valency	fig:heatmap-19-clausal-cv-valency	3.6 Clausal complement CV valency	78_vos_gn_er_d_ep	vos	gn	erg-abs	deranking	erg-poss	sov	SV	PVA	5.0	71.0	72.0	71.0	0.4214838855772702	0.44121571857084796	0.4214838855772702	0.01973183299357778
3_6_clausal_CV_valency	19_3_6_clausal_CV_valency	fig:heatmap-19-clausal-cv-valency	3.6 Clausal complement CV valency	79_vos_gn_er_d_no	vos	gn	erg-abs	deranking	nomn	svo	SV	AVP	5.0	74.0	71.0	75.0	0.4808150668439051	0.4214838855772702	0.5006669949589901	0.07918310938171996
3_6_clausal_CV_valency	19_3_6_clausal_CV_valency	fig:heatmap-19-clausal-cv-valency	3.6 Clausal complement CV valency	80_vos_ng_ac_b_se	vos	ng	nom-acc	balancing	sent	vos	VS	VPA	5.0	72.0	72.0	70.0	0.44121571857084796	0.44121571857084796	0.40181045290185924	0.03940526566898872
3_6_clausal_CV_valency	19_3_6_clausal_CV_valency	fig:heatmap-19-clausal-cv-valency	3.6 Clausal complement CV valency	81_vos_ng_ac_b_pa	vos	ng	nom-acc	balancing	poss-acc	vos	VS	VPA	5.0	72.0	73.0	71.0	0.44121571857084796	0.4609956253156435	0.4214838855772702	0.0395117397383733
3_6_clausal_CV_valency	19_3_6_clausal_CV_valency	fig:heatmap-19-clausal-cv-valency	3.6 Clausal complement CV valency	82_vos_ng_ac_b_ep	vos	ng	nom-acc	balancing	erg-poss	vos	VS	VPA	5.0	74.0	73.0	72.0	0.4808150668439051	0.4609956253156435	0.44121571857084796	0.03959934827305717
3_6_clausal_CV_valency	19_3_6_clausal_CV_valency	fig:heatmap-19-clausal-cv-valency	3.6 Clausal complement CV valency	83_vos_ng_ac_b_no	vos	ng	nom-acc	balancing	nomn	vos	VS	VPA	5.0	76.0	71.0	72.0	0.520545600501044	0.4214838855772702	0.44121571857084796	0.09906171492377386
3_6_clausal_CV_valency	19_3_6_clausal_CV_valency	fig:heatmap-19-clausal-cv-valency	3.6 Clausal complement CV valency	84_vos_ng_ac_d_se	vos	ng	nom-acc	deranking	sent	vos	VS	VPA	5.0	75.0	74.0	71.0	0.5006669949589901	0.4808150668439051	0.4214838855772702	0.07918310938171996
3_6_clausal_CV_valency	19_3_6_clausal_CV_valency	fig:heatmap-19-clausal-cv-valency	3.6 Clausal complement CV valency	85_vos_ng_ac_d_pa	vos	ng	nom-acc	deranking	poss-acc	vos	VS	VPA	5.0	72.0	75.0	72.0	0.44121571857084796	0.5006669949589901	0.44121571857084796	0.05945127638814218
3_6_clausal_CV_valency	19_3_6_clausal_CV_valency	fig:heatmap-19-clausal-cv-valency	3.6 Clausal complement CV valency	86_vos_ng_ac_d_ep	vos	ng	nom-acc	deranking	erg-poss	vos	VS	VPA	5.0	74.0	72.0	71.0	0.4808150668439051	0.44121571857084796	0.4214838855772702	0.05933118126663495
3_6_clausal_CV_valency	19_3_6_clausal_CV_valency	fig:heatmap-19-clausal-cv-valency	3.6 Clausal complement CV valency	87_vos_ng_ac_d_no	vos	ng	nom-acc	deranking	nomn	vos	VS	VPA	5.0	68.0	73.0	73.0	0.36269116941089913	0.4609956253156435	0.4609956253156435	0.09830445590474435
3_6_clausal_CV_valency	19_3_6_clausal_CV_valency	fig:heatmap-19-clausal-cv-valency	3.6 Clausal complement CV valency	88_vos_ng_er_b_se	vos	ng	erg-abs	balancing	sent	vos	VS	VPA	5.0	70.0	73.0	73.0	0.40181045290185924	0.4609956253156435	0.4609956253156435	0.05918517241378424
3_6_clausal_CV_valency	19_3_6_clausal_CV_valency	fig:heatmap-19-clausal-cv-valency	3.6 Clausal complement CV valency	89_vos_ng_er_b_pa	vos	ng	erg-abs	balancing	poss-acc	vos	VS	VPA	5.0	71.0	74.0	71.0	0.4214838855772702	0.4808150668439051	0.4214838855772702	0.05933118126663495
3_6_clausal_CV_valency	19_3_6_clausal_CV_valency	fig:heatmap-19-clausal-cv-valency	3.6 Clausal complement CV valency	90_vos_ng_er_b_ep	vos	ng	erg-abs	balancing	erg-poss	vos	VS	VPA	5.0	74.0	73.0	72.0	0.4808150668439051	0.4609956253156435	0.44121571857084796	0.03959934827305717
3_6_clausal_CV_valency	19_3_6_clausal_CV_valency	fig:heatmap-19-clausal-cv-valency	3.6 Clausal complement CV valency	91_vos_ng_er_b_no	vos	ng	erg-abs	balancing	nomn	vos	VS	VPA	5.0	67.0	73.0	73.0	0.3432783071525648	0.4609956253156435	0.4609956253156435	0.11771731816307868
3_6_clausal_CV_valency	19_3_6_clausal_CV_valency	fig:heatmap-19-clausal-cv-valency	3.6 Clausal complement CV valency	92_vos_ng_er_d_se	vos	ng	erg-abs	deranking	sent	vos	VS	VPA	5.0	72.0	75.0	71.0	0.44121571857084796	0.5006669949589901	0.4214838855772702	0.07918310938171996
3_6_clausal_CV_valency	19_3_6_clausal_CV_valency	fig:heatmap-19-clausal-cv-valency	3.6 Clausal complement CV valency	93_vos_ng_er_d_pa	vos	ng	erg-abs	deranking	poss-acc	vos	VS	VPA	5.0	75.0	71.0	76.0	0.5006669949589901	0.4214838855772702	0.520545600501044	0.09906171492377386
3_6_clausal_CV_valency	19_3_6_clausal_CV_valency	fig:heatmap-19-clausal-cv-valency	3.6 Clausal complement CV valency	94_vos_ng_er_d_ep	vos	ng	erg-abs	deranking	erg-poss	vos	VS	VPA	5.0	73.0	75.0	75.0	0.4609956253156435	0.5006669949589901	0.5006669949589901	0.039671369643346666
3_6_clausal_CV_valency	19_3_6_clausal_CV_valency	fig:heatmap-19-clausal-cv-valency	3.6 Clausal complement CV valency	95_vos_ng_er_d_no	vos	ng	erg-abs	deranking	nomn	vos	VS	VPA	5.0	75.0	74.0	72.0	0.5006669949589901	0.4808150668439051	0.44121571857084796	0.05945127638814218
4_1_anc_V_form	20_4_1_anc_V_form	fig:heatmap-20-anc-v-form	4.1 ANC verb form	00_sov_gn_ac_b_se	sov	gn	nom-acc	balancing	sent	sov	SV	APV	5.0	85.0	86.0	84.0	0.7000866067554558	0.7200700908352611	0.6801067756461248	0.03996331518913632
4_1_anc_V_form	20_4_1_anc_V_form	fig:heatmap-20-anc-v-form	4.1 ANC verb form	01_sov_gn_ac_b_pa	sov	gn	nom-acc	balancing	poss-acc	sov	SV	APV	5.0	87.0	88.0	90.0	0.7400565667123037	0.7600454927350169	0.8000290007473678	0.05997243403506414
4_1_anc_V_form	20_4_1_anc_V_form	fig:heatmap-20-anc-v-form	4.1 ANC verb form	02_sov_gn_ac_b_ep	sov	gn	nom-acc	balancing	erg-poss	sov	SV	APV	5.0	93.0	93.0	91.0	0.8600138689949057	0.8600138689949057	0.8200229216960366	0.039990947298869095
4_1_anc_V_form	20_4_1_anc_V_form	fig:heatmap-20-anc-v-form	4.1 ANC verb form	03_sov_gn_ac_b_no	sov	gn	nom-acc	balancing	nomn	sov	SV	APV	5.0	90.0	94.0	94.0	0.8000290007473678	0.880010532281679	0.880010532281679	0.0799815315343112
4_1_anc_V_form	20_4_1_anc_V_form	fig:heatmap-20-anc-v-form	4.1 ANC verb form	04_sov_gn_ac_d_se	sov	gn	nom-acc	deranking	sent	sov	SV	APV	5.0	88.0	87.0	88.0	0.7600454927350169	0.7400565667123037	0.7600454927350169	0.019988926022713183
4_1_anc_V_form	20_4_1_anc_V_form	fig:heatmap-20-anc-v-form	4.1 ANC verb form	05_sov_gn_ac_d_pa	sov	gn	nom-acc	deranking	poss-acc	sov	SV	APV	5.0	90.0	90.0	89.0	0.8000290007473678	0.8000290007473678	0.7800364252161309	0.0199925755312369
4_1_anc_V_form	20_4_1_anc_V_form	fig:heatmap-20-anc-v-form	4.1 ANC verb form	06_sov_gn_ac_d_ep	sov	gn	nom-acc	deranking	erg-poss	sov	SV	APV	5.0	94.0	94.0	92.0	0.880010532281679	0.880010532281679	0.8400179443146094	0.039992587967069615
4_1_anc_V_form	20_4_1_anc_V_form	fig:heatmap-20-anc-v-form	4.1 ANC verb form	07_sov_gn_ac_d_no	sov	gn	nom-acc	deranking	nomn	sov	SV	APV	5.0	93.0	98.0	92.0	0.8600138689949057	0.9600022327543785	0.8400179443146094	0.11998428843976905
4_1_anc_V_form	20_4_1_anc_V_form	fig:heatmap-20-anc-v-form	4.1 ANC verb form	08_sov_gn_er_b_se	sov	gn	erg-abs	balancing	sent	sov	SV	APV	5.0	82.0	82.0	79.0	0.6401614779514829	0.6401614779514829	0.5802977582031614	0.0598637197483215
4_1_anc_V_form	20_4_1_anc_V_form	fig:heatmap-20-anc-v-form	4.1 ANC verb form	09_sov_gn_er_b_pa	sov	gn	erg-abs	balancing	poss-acc	sov	SV	APV	5.0	86.0	84.0	85.0	0.7200700908352611	0.6801067756461248	0.7000866067554558	0.03996331518913632
4_1_anc_V_form	20_4_1_anc_V_form	fig:heatmap-20-anc-v-form	4.1 ANC verb form	10_sov_gn_er_b_ep	sov	gn	erg-abs	balancing	erg-poss	sov	SV	APV	5.0	92.0	88.0	91.0	0.8400179443146094	0.7600454927350169	0.8200229216960366	0.07997245157959254
4_1_anc_V_form	20_4_1_anc_V_form	fig:heatmap-20-anc-v-form	4.1 ANC verb form	11_sov_gn_er_b_no	sov	gn	erg-abs	balancing	nomn	sov	SV	APV	5.0	92.0	85.0	91.0	0.8400179443146094	0.7000866067554558	0.8200229216960366	0.13993133755915366
4_1_anc_V_form	20_4_1_anc_V_form	fig:heatmap-20-anc-v-form	4.1 ANC verb form	12_sov_gn_er_d_se	sov	gn	erg-abs	deranking	sent	sov	SV	APV	5.0	91.0	91.0	89.0	0.8200229216960366	0.8200229216960366	0.7800364252161309	0.03998649647990571
4_1_anc_V_form	20_4_1_anc_V_form	fig:heatmap-20-anc-v-form	4.1 ANC verb form	13_sov_gn_er_d_pa	sov	gn	erg-abs	deranking	poss-acc	sov	SV	APV	5.0	92.0	89.0	93.0	0.8400179443146094	0.7800364252161309	0.8600138689949057	0.0799774437787748
4_1_anc_V_form	20_4_1_anc_V_form	fig:heatmap-20-anc-v-form	4.1 ANC verb form	14_sov_gn_er_d_ep	sov	gn	erg-abs	deranking	erg-poss	sov	SV	APV	5.0	92.0	93.0	92.0	0.8400179443146094	0.8600138689949057	0.8400179443146094	0.019995924680296318
4_1_anc_V_form	20_4_1_anc_V_form	fig:heatmap-20-anc-v-form	4.1 ANC verb form	15_sov_gn_er_d_no	sov	gn	erg-abs	deranking	nomn	sov	SV	APV	5.0	94.0	94.0	96.0	0.880010532281679	0.880010532281679	0.9200055635398481	0.039995031258169056
4_1_anc_V_form	20_4_1_anc_V_form	fig:heatmap-20-anc-v-form	4.1 ANC verb form	16_sov_ng_ac_b_se	sov	ng	nom-acc	balancing	sent	sov	SV	APV	5.0	84.0	82.0	86.0	0.6801067756461248	0.6401614779514829	0.7200700908352611	0.07990861288377815
4_1_anc_V_form	20_4_1_anc_V_form	fig:heatmap-20-anc-v-form	4.1 ANC verb form	17_sov_ng_ac_b_pa	sov	ng	nom-acc	balancing	poss-acc	ovs	VS	PVA	5.0	89.0	90.0	91.0	0.7800364252161309	0.8000290007473678	0.8200229216960366	0.03998649647990571
4_1_anc_V_form	20_4_1_anc_V_form	fig:heatmap-20-anc-v-form	4.1 ANC verb form	18_sov_ng_ac_b_ep	sov	ng	nom-acc	balancing	erg-poss	vos	VS	AVP	5.0	94.0	93.0	93.0	0.880010532281679	0.8600138689949057	0.8600138689949057	0.019996663286773297
4_1_anc_V_form	20_4_1_anc_V_form	fig:heatmap-20-anc-v-form	4.1 ANC verb form	19_sov_ng_ac_b_no	sov	ng	nom-acc	balancing	nomn	ovs	VS	PVA	5.0	93.0	93.0	92.0	0.8600138689949057	0.8600138689949057	0.8400179443146094	0.019995924680296318
4_1_anc_V_form	20_4_1_anc_V_form	fig:heatmap-20-anc-v-form	4.1 ANC verb form	20_sov_ng_ac_d_se	sov	ng	nom-acc	deranking	sent	sov	SV	APV	5.0	89.0	88.0	87.0	0.7800364252161309	0.7600454927350169	0.7400565667123037	0.03997985850382724
4_1_anc_V_form	20_4_1_anc_V_form	fig:heatmap-20-anc-v-form	4.1 ANC verb form	21_sov_ng_ac_d_pa	sov	ng	nom-acc	deranking	poss-acc	ovs	VS	PVA	5.0	90.0	90.0	91.0	0.8000290007473678	0.8000290007473678	0.8200229216960366	0.01999392094866881
4_1_anc_V_form	20_4_1_anc_V_form	fig:heatmap-20-anc-v-form	4.1 ANC verb form	22_sov_ng_ac_d_ep	sov	ng	nom-acc	deranking	erg-poss	vos	VS	AVP	5.0	93.0	94.0	94.0	0.8600138689949057	0.880010532281679	0.880010532281679	0.019996663286773297
4_1_anc_V_form	20_4_1_anc_V_form	fig:heatmap-20-anc-v-form	4.1 ANC verb form	23_sov_ng_ac_d_no	sov	ng	nom-acc	deranking	nomn	ovs	VS	PVA	5.0	91.0	94.0	94.0	0.8200229216960366	0.880010532281679	0.880010532281679	0.05998761058564239
4_1_anc_V_form	20_4_1_anc_V_form	fig:heatmap-20-anc-v-form	4.1 ANC verb form	24_sov_ng_er_b_se	sov	ng	erg-abs	balancing	sent	sov	SV	APV	5.0	73.0	78.0	79.0	0.4609956253156435	0.5603645644527729	0.5802977582031614	0.11930213288751795
4_1_anc_V_form	20_4_1_anc_V_form	fig:heatmap-20-anc-v-form	4.1 ANC verb form	25_sov_ng_er_b_pa	sov	ng	erg-abs	balancing	poss-acc	ovs	VS	PVA	5.0	85.0	86.0	85.0	0.7000866067554558	0.7200700908352611	0.7000866067554558	0.019983484079805325
4_1_anc_V_form	20_4_1_anc_V_form	fig:heatmap-20-anc-v-form	4.1 ANC verb form	26_sov_ng_er_b_ep	sov	ng	erg-abs	balancing	erg-poss	vos	VS	AVP	5.0	92.0	92.0	93.0	0.8400179443146094	0.8400179443146094	0.8600138689949057	0.019995924680296318
4_1_anc_V_form	20_4_1_anc_V_form	fig:heatmap-20-anc-v-form	4.1 ANC verb form	27_sov_ng_er_b_no	sov	ng	erg-abs	balancing	nomn	ovs	VS	PVA	5.0	89.0	88.0	92.0	0.7800364252161309	0.7600454927350169	0.8400179443146094	0.07997245157959254
4_1_anc_V_form	20_4_1_anc_V_form	fig:heatmap-20-anc-v-form	4.1 ANC verb form	28_sov_ng_er_d_se	sov	ng	erg-abs	deranking	sent	sov	SV	APV	5.0	88.0	88.0	90.0	0.7600454927350169	0.7600454927350169	0.8000290007473678	0.039983508012350955
4_1_anc_V_form	20_4_1_anc_V_form	fig:heatmap-20-anc-v-form	4.1 ANC verb form	29_sov_ng_er_d_pa	sov	ng	erg-abs	deranking	poss-acc	ovs	VS	PVA	5.0	89.0	91.0	90.0	0.7800364252161309	0.8200229216960366	0.8000290007473678	0.03998649647990571
4_1_anc_V_form	20_4_1_anc_V_form	fig:heatmap-20-anc-v-form	4.1 ANC verb form	30_sov_ng_er_d_ep	sov	ng	erg-abs	deranking	erg-poss	vos	VS	AVP	5.0	95.0	90.0	93.0	0.9000078003290506	0.8000290007473678	0.8600138689949057	0.09997879958168276
4_1_anc_V_form	20_4_1_anc_V_form	fig:heatmap-20-anc-v-form	4.1 ANC verb form	31_sov_ng_er_d_no	sov	ng	erg-abs	deranking	nomn	ovs	VS	PVA	5.0	96.0	94.0	96.0	0.9200055635398481	0.880010532281679	0.9200055635398481	0.039995031258169056
4_1_anc_V_form	20_4_1_anc_V_form	fig:heatmap-20-anc-v-form	4.1 ANC verb form	32_svo_gn_ac_b_se	svo	gn	nom-acc	balancing	sent	svo	SV	AVP	5.0	88.0	89.0	90.0	0.7600454927350169	0.7800364252161309	0.8000290007473678	0.039983508012350955
4_1_anc_V_form	20_4_1_anc_V_form	fig:heatmap-20-anc-v-form	4.1 ANC verb form	33_svo_gn_ac_b_pa	svo	gn	nom-acc	balancing	poss-acc	svo	SV	AVP	5.0	96.0	95.0	96.0	0.9200055635398481	0.9000078003290506	0.9200055635398481	0.019997763210797492
4_1_anc_V_form	20_4_1_anc_V_form	fig:heatmap-20-anc-v-form	4.1 ANC verb form	34_svo_gn_ac_b_ep	svo	gn	nom-acc	balancing	erg-poss	sov	SV	PVA	5.0	95.0	97.0	97.0	0.9000078003290506	0.9400037321744893	0.9400037321744893	0.039995931845438704
4_1_anc_V_form	20_4_1_anc_V_form	fig:heatmap-20-anc-v-form	4.1 ANC verb form	35_svo_gn_ac_b_no	svo	gn	nom-acc	balancing	nomn	svo	SV	AVP	5.0	97.0	97.0	96.0	0.9400037321744893	0.9400037321744893	0.9200055635398481	0.01999816863464121
4_1_anc_V_form	20_4_1_anc_V_form	fig:heatmap-20-anc-v-form	4.1 ANC verb form	36_svo_gn_ac_d_se	svo	gn	nom-acc	deranking	sent	svo	SV	AVP	5.0	86.0	89.0	89.0	0.7200700908352611	0.7800364252161309	0.7800364252161309	0.059966334380869846
4_1_anc_V_form	20_4_1_anc_V_form	fig:heatmap-20-anc-v-form	4.1 ANC verb form	37_svo_gn_ac_d_pa	svo	gn	nom-acc	deranking	poss-acc	svo	SV	AVP	5.0	91.0	97.0	95.0	0.8200229216960366	0.9400037321744893	0.9000078003290506	0.11998081047845266
4_1_anc_V_form	20_4_1_anc_V_form	fig:heatmap-20-anc-v-form	4.1 ANC verb form	38_svo_gn_ac_d_ep	svo	gn	nom-acc	deranking	erg-poss	sov	SV	PVA	5.0	91.0	96.0	95.0	0.8200229216960366	0.9200055635398481	0.9000078003290506	0.09998264184381145
4_1_anc_V_form	20_4_1_anc_V_form	fig:heatmap-20-anc-v-form	4.1 ANC verb form	39_svo_gn_ac_d_no	svo	gn	nom-acc	deranking	nomn	svo	SV	AVP	5.0	91.0	96.0	97.0	0.8200229216960366	0.9200055635398481	0.9400037321744893	0.11998081047845266
4_1_anc_V_form	20_4_1_anc_V_form	fig:heatmap-20-anc-v-form	4.1 ANC verb form	40_svo_gn_er_b_se	svo	gn	erg-abs	balancing	sent	svo	SV	AVP	5.0	78.0	78.0	73.0	0.5603645644527729	0.5603645644527729	0.4609956253156435	0.09936893913712946
4_1_anc_V_form	20_4_1_anc_V_form	fig:heatmap-20-anc-v-form	4.1 ANC verb form	41_svo_gn_er_b_pa	svo	gn	erg-abs	balancing	poss-acc	svo	SV	AVP	5.0	88.0	90.0	90.0	0.7600454927350169	0.8000290007473678	0.8000290007473678	0.039983508012350955
4_1_anc_V_form	20_4_1_anc_V_form	fig:heatmap-20-anc-v-form	4.1 ANC verb form	42_svo_gn_er_b_ep	svo	gn	erg-abs	balancing	erg-poss	sov	SV	PVA	5.0	89.0	88.0	90.0	0.7800364252161309	0.7600454927350169	0.8000290007473678	0.039983508012350955
4_1_anc_V_form	20_4_1_anc_V_form	fig:heatmap-20-anc-v-form	4.1 ANC verb form	43_svo_gn_er_b_no	svo	gn	erg-abs	balancing	nomn	svo	SV	AVP	5.0	90.0	93.0	94.0	0.8000290007473678	0.8600138689949057	0.880010532281679	0.0799815315343112
4_1_anc_V_form	20_4_1_anc_V_form	fig:heatmap-20-anc-v-form	4.1 ANC verb form	44_svo_gn_er_d_se	svo	gn	erg-abs	deranking	sent	svo	SV	AVP	5.0	83.0	82.0	87.0	0.6601314044676043	0.6401614779514829	0.7400565667123037	0.09989508876082076
4_1_anc_V_form	20_4_1_anc_V_form	fig:heatmap-20-anc-v-form	4.1 ANC verb form	45_svo_gn_er_d_pa	svo	gn	erg-abs	deranking	poss-acc	svo	SV	AVP	5.0	88.0	89.0	91.0	0.7600454927350169	0.7800364252161309	0.8200229216960366	0.05997742896101976
4_1_anc_V_form	20_4_1_anc_V_form	fig:heatmap-20-anc-v-form	4.1 ANC verb form	46_svo_gn_er_d_ep	svo	gn	erg-abs	deranking	erg-poss	sov	SV	PVA	5.0	92.0	92.0	92.0	0.8400179443146094	0.8400179443146094	0.8400179443146094	0.0
4_1_anc_V_form	20_4_1_anc_V_form	fig:heatmap-20-anc-v-form	4.1 ANC verb form	47_svo_gn_er_d_no	svo	gn	erg-abs	deranking	nomn	svo	SV	AVP	5.0	90.0	95.0	94.0	0.8000290007473678	0.9000078003290506	0.880010532281679	0.09997879958168276
4_1_anc_V_form	20_4_1_anc_V_form	fig:heatmap-20-anc-v-form	4.1 ANC verb form	48_svo_ng_ac_b_se	svo	ng	nom-acc	balancing	sent	svo	SV	AVP	5.0	87.0	87.0	86.0	0.7400565667123037	0.7400565667123037	0.7200700908352611	0.01998647587704261
4_1_anc_V_form	20_4_1_anc_V_form	fig:heatmap-20-anc-v-form	4.1 ANC verb form	49_svo_ng_ac_b_pa	svo	ng	nom-acc	balancing	poss-acc	vos	VS	VPA	5.0	99.0	100.0	100.0	0.9800010051162833	1.0	1.0	0.019998994883716703
4_1_anc_V_form	20_4_1_anc_V_form	fig:heatmap-20-anc-v-form	4.1 ANC verb form	50_svo_ng_ac_b_ep	svo	ng	nom-acc	balancing	erg-poss	vos	VS	VPA	5.0	100.0	100.0	100.0	1.0	1.0	1.0	0.0
4_1_anc_V_form	20_4_1_anc_V_form	fig:heatmap-20-anc-v-form	4.1 ANC verb form	51_svo_ng_ac_b_no	svo	ng	nom-acc	balancing	nomn	vos	VS	VPA	5.0	100.0	100.0	100.0	1.0	1.0	1.0	0.0
4_1_anc_V_form	20_4_1_anc_V_form	fig:heatmap-20-anc-v-form	4.1 ANC verb form	52_svo_ng_ac_d_se	svo	ng	nom-acc	deranking	sent	svo	SV	AVP	5.0	84.0	87.0	85.0	0.6801067756461248	0.7400565667123037	0.7000866067554558	0.059949791066178926
4_1_anc_V_form	20_4_1_anc_V_form	fig:heatmap-20-anc-v-form	4.1 ANC verb form	53_svo_ng_ac_d_pa	svo	ng	nom-acc	deranking	poss-acc	vos	VS	VPA	5.0	100.0	99.0	98.0	1.0	0.9800010051162833	0.9600022327543785	0.03999776724562154
4_1_anc_V_form	20_4_1_anc_V_form	fig:heatmap-20-anc-v-form	4.1 ANC verb form	54_svo_ng_ac_d_ep	svo	ng	nom-acc	deranking	erg-poss	vos	VS	VPA	5.0	99.0	99.0	99.0	0.9800010051162833	0.9800010051162833	0.9800010051162833	0.0
4_1_anc_V_form	20_4_1_anc_V_form	fig:heatmap-20-anc-v-form	4.1 ANC verb form	55_svo_ng_ac_d_no	svo	ng	nom-acc	deranking	nomn	vos	VS	VPA	5.0	100.0	99.0	99.0	1.0	0.9800010051162833	0.9800010051162833	0.019998994883716703
4_1_anc_V_form	20_4_1_anc_V_form	fig:heatmap-20-anc-v-form	4.1 ANC verb form	56_svo_ng_er_b_se	svo	ng	erg-abs	balancing	sent	svo	SV	AVP	5.0	70.0	74.0	74.0	0.40181045290185924	0.4808150668439051	0.4808150668439051	0.07900461394204589
4_1_anc_V_form	20_4_1_anc_V_form	fig:heatmap-20-anc-v-form	4.1 ANC verb form	57_svo_ng_er_b_pa	svo	ng	erg-abs	balancing	poss-acc	vos	VS	VPA	5.0	89.0	89.0	92.0	0.7800364252161309	0.7800364252161309	0.8400179443146094	0.059981519098478486
4_1_anc_V_form	20_4_1_anc_V_form	fig:heatmap-20-anc-v-form	4.1 ANC verb form	58_svo_ng_er_b_ep	svo	ng	erg-abs	balancing	erg-poss	vos	VS	VPA	5.0	94.0	97.0	97.0	0.880010532281679	0.9400037321744893	0.9400037321744893	0.05999319989281027
4_1_anc_V_form	20_4_1_anc_V_form	fig:heatmap-20-anc-v-form	4.1 ANC verb form	59_svo_ng_er_b_no	svo	ng	erg-abs	balancing	nomn	vos	VS	VPA	5.0	93.0	95.0	96.0	0.8600138689949057	0.9000078003290506	0.9200055635398481	0.05999169454494235
4_1_anc_V_form	20_4_1_anc_V_form	fig:heatmap-20-anc-v-form	4.1 ANC verb form	60_svo_ng_er_d_se	svo	ng	erg-abs	deranking	sent	svo	SV	AVP	5.0	85.0	84.0	84.0	0.7000866067554558	0.6801067756461248	0.6801067756461248	0.019979831109330992
4_1_anc_V_form	20_4_1_anc_V_form	fig:heatmap-20-anc-v-form	4.1 ANC verb form	61_svo_ng_er_d_pa	svo	ng	erg-abs	deranking	poss-acc	vos	VS	VPA	5.0	93.0	94.0	91.0	0.8600138689949057	0.880010532281679	0.8200229216960366	0.05998761058564239
4_1_anc_V_form	20_4_1_anc_V_form	fig:heatmap-20-anc-v-form	4.1 ANC verb form	62_svo_ng_er_d_ep	svo	ng	erg-abs	deranking	erg-poss	vos	VS	VPA	5.0	94.0	95.0	94.0	0.880010532281679	0.9000078003290506	0.880010532281679	0.019997268047371564
4_1_anc_V_form	20_4_1_anc_V_form	fig:heatmap-20-anc-v-form	4.1 ANC verb form	63_svo_ng_er_d_no	svo	ng	erg-abs	deranking	nomn	vos	VS	VPA	5.0	91.0	93.0	98.0	0.8200229216960366	0.8600138689949057	0.9600022327543785	0.13997931105834183
4_1_anc_V_form	20_4_1_anc_V_form	fig:heatmap-20-anc-v-form	4.1 ANC verb form	64_vos_gn_ac_b_se	vos	gn	nom-acc	balancing	sent	vos	VS	VPA	5.0	82.0	82.0	81.0	0.6401614779514829	0.6401614779514829	0.6201981975224622	0.019963280429020736
4_1_anc_V_form	20_4_1_anc_V_form	fig:heatmap-20-anc-v-form	4.1 ANC verb form	65_vos_gn_ac_b_pa	vos	gn	nom-acc	balancing	poss-acc	svo	SV	AVP	5.0	86.0	88.0	82.0	0.7200700908352611	0.7600454927350169	0.6401614779514829	0.11988401478353394
4_1_anc_V_form	20_4_1_anc_V_form	fig:heatmap-20-anc-v-form	4.1 ANC verb form	66_vos_gn_ac_b_ep	vos	gn	nom-acc	balancing	erg-poss	sov	SV	PVA	5.0	92.0	90.0	91.0	0.8400179443146094	0.8000290007473678	0.8200229216960366	0.039988943567241586
4_1_anc_V_form	20_4_1_anc_V_form	fig:heatmap-20-anc-v-form	4.1 ANC verb form	67_vos_gn_ac_b_no	vos	gn	nom-acc	balancing	nomn	svo	SV	AVP	5.0	92.0	90.0	90.0	0.8400179443146094	0.8000290007473678	0.8000290007473678	0.039988943567241586
4_1_anc_V_form	20_4_1_anc_V_form	fig:heatmap-20-anc-v-form	4.1 ANC verb form	68_vos_gn_ac_d_se	vos	gn	nom-acc	deranking	sent	vos	VS	VPA	5.0	100.0	100.0	100.0	1.0	1.0	1.0	0.0
4_1_anc_V_form	20_4_1_anc_V_form	fig:heatmap-20-anc-v-form	4.1 ANC verb form	69_vos_gn_ac_d_pa	vos	gn	nom-acc	deranking	poss-acc	svo	SV	AVP	5.0	99.0	100.0	100.0	0.9800010051162833	1.0	1.0	0.019998994883716703
4_1_anc_V_form	20_4_1_anc_V_form	fig:heatmap-20-anc-v-form	4.1 ANC verb form	70_vos_gn_ac_d_ep	vos	gn	nom-acc	deranking	erg-poss	sov	SV	PVA	5.0	100.0	100.0	100.0	1.0	1.0	1.0	0.0
4_1_anc_V_form	20_4_1_anc_V_form	fig:heatmap-20-anc-v-form	4.1 ANC verb form	71_vos_gn_ac_d_no	vos	gn	nom-acc	deranking	nomn	svo	SV	AVP	5.0	100.0	100.0	100.0	1.0	1.0	1.0	0.0
4_1_anc_V_form	20_4_1_anc_V_form	fig:heatmap-20-anc-v-form	4.1 ANC verb form	72_vos_gn_er_b_se	vos	gn	erg-abs	balancing	sent	vos	VS	VPA	5.0	81.0	79.0	79.0	0.6201981975224622	0.5802977582031614	0.5802977582031614	0.03990043931930076
4_1_anc_V_form	20_4_1_anc_V_form	fig:heatmap-20-anc-v-form	4.1 ANC verb form	73_vos_gn_er_b_pa	vos	gn	erg-abs	balancing	poss-acc	svo	SV	AVP	5.0	88.0	88.0	87.0	0.7600454927350169	0.7600454927350169	0.7400565667123037	0.019988926022713183
4_1_anc_V_form	20_4_1_anc_V_form	fig:heatmap-20-anc-v-form	4.1 ANC verb form	74_vos_gn_er_b_ep	vos	gn	erg-abs	balancing	erg-poss	sov	SV	PVA	5.0	93.0	92.0	93.0	0.8600138689949057	0.8400179443146094	0.8600138689949057	0.019995924680296318
4_1_anc_V_form	20_4_1_anc_V_form	fig:heatmap-20-anc-v-form	4.1 ANC verb form	75_vos_gn_er_b_no	vos	gn	erg-abs	balancing	nomn	svo	SV	AVP	5.0	93.0	93.0	93.0	0.8600138689949057	0.8600138689949057	0.8600138689949057	0.0
4_1_anc_V_form	20_4_1_anc_V_form	fig:heatmap-20-anc-v-form	4.1 ANC verb form	76_vos_gn_er_d_se	vos	gn	erg-abs	deranking	sent	vos	VS	VPA	5.0	100.0	100.0	100.0	1.0	1.0	1.0	0.0
4_1_anc_V_form	20_4_1_anc_V_form	fig:heatmap-20-anc-v-form	4.1 ANC verb form	77_vos_gn_er_d_pa	vos	gn	erg-abs	deranking	poss-acc	svo	SV	AVP	5.0	99.0	100.0	100.0	0.9800010051162833	1.0	1.0	0.019998994883716703
4_1_anc_V_form	20_4_1_anc_V_form	fig:heatmap-20-anc-v-form	4.1 ANC verb form	78_vos_gn_er_d_ep	vos	gn	erg-abs	deranking	erg-poss	sov	SV	PVA	5.0	100.0	100.0	100.0	1.0	1.0	1.0	0.0
4_1_anc_V_form	20_4_1_anc_V_form	fig:heatmap-20-anc-v-form	4.1 ANC verb form	79_vos_gn_er_d_no	vos	gn	erg-abs	deranking	nomn	svo	SV	AVP	5.0	100.0	100.0	100.0	1.0	1.0	1.0	0.0
4_1_anc_V_form	20_4_1_anc_V_form	fig:heatmap-20-anc-v-form	4.1 ANC verb form	80_vos_ng_ac_b_se	vos	ng	nom-acc	balancing	sent	vos	VS	VPA	5.0	88.0	81.0	87.0	0.7600454927350169	0.6201981975224622	0.7400565667123037	0.13984729521255468
4_1_anc_V_form	20_4_1_anc_V_form	fig:heatmap-20-anc-v-form	4.1 ANC verb form	81_vos_ng_ac_b_pa	vos	ng	nom-acc	balancing	poss-acc	vos	VS	VPA	5.0	90.0	91.0	84.0	0.8000290007473678	0.8200229216960366	0.6801067756461248	0.13991614604991187
4_1_anc_V_form	20_4_1_anc_V_form	fig:heatmap-20-anc-v-form	4.1 ANC verb form	82_vos_ng_ac_b_ep	vos	ng	nom-acc	balancing	erg-poss	vos	VS	VPA	5.0	90.0	89.0	90.0	0.8000290007473678	0.7800364252161309	0.8000290007473678	0.0199925755312369
4_1_anc_V_form	20_4_1_anc_V_form	fig:heatmap-20-anc-v-form	4.1 ANC verb form	83_vos_ng_ac_b_no	vos	ng	nom-acc	balancing	nomn	vos	VS	VPA	5.0	93.0	91.0	92.0	0.8600138689949057	0.8200229216960366	0.8400179443146094	0.039990947298869095
4_1_anc_V_form	20_4_1_anc_V_form	fig:heatmap-20-anc-v-form	4.1 ANC verb form	84_vos_ng_ac_d_se	vos	ng	nom-acc	deranking	sent	vos	VS	VPA	5.0	99.0	99.0	100.0	0.9800010051162833	0.9800010051162833	1.0	0.019998994883716703
4_1_anc_V_form	20_4_1_anc_V_form	fig:heatmap-20-anc-v-form	4.1 ANC verb form	85_vos_ng_ac_d_pa	vos	ng	nom-acc	deranking	poss-acc	vos	VS	VPA	5.0	100.0	100.0	100.0	1.0	1.0	1.0	0.0
4_1_anc_V_form	20_4_1_anc_V_form	fig:heatmap-20-anc-v-form	4.1 ANC verb form	86_vos_ng_ac_d_ep	vos	ng	nom-acc	deranking	erg-poss	vos	VS	VPA	5.0	100.0	100.0	100.0	1.0	1.0	1.0	0.0
4_1_anc_V_form	20_4_1_anc_V_form	fig:heatmap-20-anc-v-form	4.1 ANC verb form	87_vos_ng_ac_d_no	vos	ng	nom-acc	deranking	nomn	vos	VS	VPA	5.0	100.0	100.0	100.0	1.0	1.0	1.0	0.0
4_1_anc_V_form	20_4_1_anc_V_form	fig:heatmap-20-anc-v-form	4.1 ANC verb form	88_vos_ng_er_b_se	vos	ng	erg-abs	balancing	sent	vos	VS	VPA	5.0	79.0	84.0	79.0	0.5802977582031614	0.6801067756461248	0.5802977582031614	0.09980901744296333
4_1_anc_V_form	20_4_1_anc_V_form	fig:heatmap-20-anc-v-form	4.1 ANC verb form	89_vos_ng_er_b_pa	vos	ng	erg-abs	balancing	poss-acc	vos	VS	VPA	5.0	88.0	87.0	88.0	0.7600454927350169	0.7400565667123037	0.7600454927350169	0.019988926022713183
4_1_anc_V_form	20_4_1_anc_V_form	fig:heatmap-20-anc-v-form	4.1 ANC verb form	90_vos_ng_er_b_ep	vos	ng	erg-abs	balancing	erg-poss	vos	VS	VPA	5.0	94.0	90.0	93.0	0.880010532281679	0.8000290007473678	0.8600138689949057	0.0799815315343112
4_1_anc_V_form	20_4_1_anc_V_form	fig:heatmap-20-anc-v-form	4.1 ANC verb form	91_vos_ng_er_b_no	vos	ng	erg-abs	balancing	nomn	vos	VS	VPA	5.0	93.0	95.0	96.0	0.8600138689949057	0.9000078003290506	0.9200055635398481	0.05999169454494235
4_1_anc_V_form	20_4_1_anc_V_form	fig:heatmap-20-anc-v-form	4.1 ANC verb form	92_vos_ng_er_d_se	vos	ng	erg-abs	deranking	sent	vos	VS	VPA	5.0	100.0	99.0	98.0	1.0	0.9800010051162833	0.9600022327543785	0.03999776724562154
4_1_anc_V_form	20_4_1_anc_V_form	fig:heatmap-20-anc-v-form	4.1 ANC verb form	93_vos_ng_er_d_pa	vos	ng	erg-abs	deranking	poss-acc	vos	VS	VPA	5.0	100.0	100.0	99.0	1.0	1.0	0.9800010051162833	0.019998994883716703
4_1_anc_V_form	20_4_1_anc_V_form	fig:heatmap-20-anc-v-form	4.1 ANC verb form	94_vos_ng_er_d_ep	vos	ng	erg-abs	deranking	erg-poss	vos	VS	VPA	5.0	100.0	100.0	99.0	1.0	1.0	0.9800010051162833	0.019998994883716703
4_1_anc_V_form	20_4_1_anc_V_form	fig:heatmap-20-anc-v-form	4.1 ANC verb form	95_vos_ng_er_d_no	vos	ng	erg-abs	deranking	nomn	vos	VS	VPA	5.0	100.0	100.0	99.0	1.0	1.0	0.9800010051162833	0.019998994883716703
4_2_anc_S_marker	21_4_2_anc_S_marker	fig:heatmap-21-anc-s-marker	4.2 ANC S marker	00_sov_gn_ac_b_se	sov	gn	nom-acc	balancing	sent	sov	SV	APV	5.0	32.0	31.0	26.0	0.002691169410899119	0.0022078817555662334	0.000815066843905091	0.0018761025669940283
4_2_anc_S_marker	21_4_2_anc_S_marker	fig:heatmap-21-anc-s-marker	4.2 ANC S marker	01_sov_gn_ac_b_pa	sov	gn	nom-acc	balancing	poss-acc	sov	SV	APV	5.0	96.0	95.0	96.0	0.9200055635398481	0.9000078003290506	0.9200055635398481	0.019997763210797492
4_2_anc_S_marker	21_4_2_anc_S_marker	fig:heatmap-21-anc-s-marker	4.2 ANC S marker	02_sov_gn_ac_b_ep	sov	gn	nom-acc	balancing	erg-poss	sov	SV	APV	5.0	97.0	99.0	97.0	0.9400037321744893	0.9800010051162833	0.9400037321744893	0.039997272941794004
4_2_anc_S_marker	21_4_2_anc_S_marker	fig:heatmap-21-anc-s-marker	4.2 ANC S marker	03_sov_gn_ac_b_no	sov	gn	nom-acc	balancing	nomn	sov	SV	APV	5.0	97.0	96.0	97.0	0.9400037321744893	0.9200055635398481	0.9400037321744893	0.01999816863464121
4_2_anc_S_marker	21_4_2_anc_S_marker	fig:heatmap-21-anc-s-marker	4.2 ANC S marker	04_sov_gn_ac_d_se	sov	gn	nom-acc	deranking	sent	sov	SV	APV	5.0	38.0	24.0	30.0	0.008679075325473282	0.0005456005010440509	0.001810452901859287	0.008133474824429231
4_2_anc_S_marker	21_4_2_anc_S_marker	fig:heatmap-21-anc-s-marker	4.2 ANC S marker	05_sov_gn_ac_d_pa	sov	gn	nom-acc	deranking	poss-acc	sov	SV	APV	5.0	93.0	95.0	93.0	0.8600138689949057	0.9000078003290506	0.8600138689949057	0.03999393133414486
4_2_anc_S_marker	21_4_2_anc_S_marker	fig:heatmap-21-anc-s-marker	4.2 ANC S marker	06_sov_gn_ac_d_ep	sov	gn	nom-acc	deranking	erg-poss	sov	SV	APV	5.0	96.0	97.0	99.0	0.9200055635398481	0.9400037321744893	0.9800010051162833	0.059995441576435216
4_2_anc_S_marker	21_4_2_anc_S_marker	fig:heatmap-21-anc-s-marker	4.2 ANC S marker	07_sov_gn_ac_d_no	sov	gn	nom-acc	deranking	nomn	sov	SV	APV	5.0	94.0	97.0	93.0	0.880010532281679	0.9400037321744893	0.8600138689949057	0.07998986317958356
4_2_anc_S_marker	21_4_2_anc_S_marker	fig:heatmap-21-anc-s-marker	4.2 ANC S marker	08_sov_gn_er_b_se	sov	gn	erg-abs	balancing	sent	sov	SV	APV	5.0	36.0	52.0	43.0	0.005898742738875454	0.09129698535007358	0.022037201101923407	0.08539824261119812
4_2_anc_S_marker	21_4_2_anc_S_marker	fig:heatmap-21-anc-s-marker	4.2 ANC S marker	09_sov_gn_er_b_pa	sov	gn	erg-abs	balancing	poss-acc	sov	SV	APV	5.0	96.0	88.0	93.0	0.9200055635398481	0.7600454927350169	0.8600138689949057	0.1599600708048312
4_2_anc_S_marker	21_4_2_anc_S_marker	fig:heatmap-21-anc-s-marker	4.2 ANC S marker	10_sov_gn_er_b_ep	sov	gn	erg-abs	balancing	erg-poss	sov	SV	APV	5.0	97.0	98.0	99.0	0.9400037321744893	0.9600022327543785	0.9800010051162833	0.039997272941794004
4_2_anc_S_marker	21_4_2_anc_S_marker	fig:heatmap-21-anc-s-marker	4.2 ANC S marker	11_sov_gn_er_b_no	sov	gn	erg-abs	balancing	nomn	sov	SV	APV	5.0	97.0	96.0	93.0	0.9400037321744893	0.9200055635398481	0.8600138689949057	0.07998986317958356
4_2_anc_S_marker	21_4_2_anc_S_marker	fig:heatmap-21-anc-s-marker	4.2 ANC S marker	12_sov_gn_er_d_se	sov	gn	erg-abs	deranking	sent	sov	SV	APV	5.0	57.99999999999999	67.0	55.00000000000001	0.17838553419891207	0.3432783071525648	0.1313216288619007	0.21195667829066409
4_2_anc_S_marker	21_4_2_anc_S_marker	fig:heatmap-21-anc-s-marker	4.2 ANC S marker	13_sov_gn_er_d_pa	sov	gn	erg-abs	deranking	poss-acc	sov	SV	APV	5.0	76.0	76.0	75.0	0.520545600501044	0.520545600501044	0.5006669949589901	0.019878605542053895
4_2_anc_S_marker	21_4_2_anc_S_marker	fig:heatmap-21-anc-s-marker	4.2 ANC S marker	14_sov_gn_er_d_ep	sov	gn	erg-abs	deranking	erg-poss	sov	SV	APV	5.0	95.0	94.0	93.0	0.9000078003290506	0.880010532281679	0.8600138689949057	0.03999393133414486
4_2_anc_S_marker	21_4_2_anc_S_marker	fig:heatmap-21-anc-s-marker	4.2 ANC S marker	15_sov_gn_er_d_no	sov	gn	erg-abs	deranking	nomn	sov	SV	APV	5.0	80.0	80.0	76.0	0.6002430286238514	0.6002430286238514	0.520545600501044	0.07969742812280733
4_2_anc_S_marker	21_4_2_anc_S_marker	fig:heatmap-21-anc-s-marker	4.2 ANC S marker	16_sov_ng_ac_b_se	sov	ng	nom-acc	balancing	sent	sov	SV	APV	5.0	11.0	15.0	18.0	3.6425216130852396e-05	8.660675545573801e-05	0.00016147795148286958	0.0001250527353520172
4_2_anc_S_marker	21_4_2_anc_S_marker	fig:heatmap-21-anc-s-marker	4.2 ANC S marker	17_sov_ng_ac_b_pa	sov	ng	nom-acc	balancing	poss-acc	ovs	VS	PVA	5.0	99.0	99.0	100.0	0.9800010051162833	0.9800010051162833	1.0	0.019998994883716703
4_2_anc_S_marker	21_4_2_anc_S_marker	fig:heatmap-21-anc-s-marker	4.2 ANC S marker	18_sov_ng_ac_b_ep	sov	ng	nom-acc	balancing	erg-poss	vos	VS	AVP	5.0	100.0	100.0	100.0	1.0	1.0	1.0	0.0
4_2_anc_S_marker	21_4_2_anc_S_marker	fig:heatmap-21-anc-s-marker	4.2 ANC S marker	19_sov_ng_ac_b_no	sov	ng	nom-acc	balancing	nomn	ovs	VS	PVA	5.0	100.0	98.0	100.0	1.0	0.9600022327543785	1.0	0.03999776724562154
4_2_anc_S_marker	21_4_2_anc_S_marker	fig:heatmap-21-anc-s-marker	4.2 ANC S marker	20_sov_ng_ac_d_se	sov	ng	nom-acc	deranking	sent	sov	SV	APV	5.0	20.0	22.0	12.0	0.0002430286238513585	0.0003645644527729675	4.5492735016908155e-05	0.0003190717177560593
4_2_anc_S_marker	21_4_2_anc_S_marker	fig:heatmap-21-anc-s-marker	4.2 ANC S marker	21_sov_ng_ac_d_pa	sov	ng	nom-acc	deranking	poss-acc	ovs	VS	PVA	5.0	99.0	100.0	100.0	0.9800010051162833	1.0	1.0	0.019998994883716703
4_2_anc_S_marker	21_4_2_anc_S_marker	fig:heatmap-21-anc-s-marker	4.2 ANC S marker	22_sov_ng_ac_d_ep	sov	ng	nom-acc	deranking	erg-poss	vos	VS	AVP	5.0	100.0	100.0	100.0	1.0	1.0	1.0	0.0
4_2_anc_S_marker	21_4_2_anc_S_marker	fig:heatmap-21-anc-s-marker	4.2 ANC S marker	23_sov_ng_ac_d_no	sov	ng	nom-acc	deranking	nomn	ovs	VS	PVA	5.0	100.0	100.0	100.0	1.0	1.0	1.0	0.0
4_2_anc_S_marker	21_4_2_anc_S_marker	fig:heatmap-21-anc-s-marker	4.2 ANC S marker	24_sov_ng_er_b_se	sov	ng	erg-abs	balancing	sent	sov	SV	APV	5.0	30.0	36.0	28.000000000000004	0.001810452901859287	0.005898742738875454	0.0012157185708479242	0.00468302416802753
4_2_anc_S_marker	21_4_2_anc_S_marker	fig:heatmap-21-anc-s-marker	4.2 ANC S marker	25_sov_ng_er_b_pa	sov	ng	erg-abs	balancing	poss-acc	ovs	VS	PVA	5.0	99.0	98.0	96.0	0.9800010051162833	0.9600022327543785	0.9200055635398481	0.059995441576435216
4_2_anc_S_marker	21_4_2_anc_S_marker	fig:heatmap-21-anc-s-marker	4.2 ANC S marker	26_sov_ng_er_b_ep	sov	ng	erg-abs	balancing	erg-poss	vos	VS	AVP	5.0	99.0	99.0	100.0	0.9800010051162833	0.9800010051162833	1.0	0.019998994883716703
4_2_anc_S_marker	21_4_2_anc_S_marker	fig:heatmap-21-anc-s-marker	4.2 ANC S marker	27_sov_ng_er_b_no	sov	ng	erg-abs	balancing	nomn	ovs	VS	PVA	5.0	97.0	98.0	98.0	0.9400037321744893	0.9600022327543785	0.9600022327543785	0.019998500579889167
4_2_anc_S_marker	21_4_2_anc_S_marker	fig:heatmap-21-anc-s-marker	4.2 ANC S marker	28_sov_ng_er_d_se	sov	ng	erg-abs	deranking	sent	sov	SV	APV	5.0	28.999999999999996	46.0	33.0	0.0014838855772701248	0.03710552670485608	0.003278307152564848	0.03562164112758596
4_2_anc_S_marker	21_4_2_anc_S_marker	fig:heatmap-21-anc-s-marker	4.2 ANC S marker	29_sov_ng_er_d_pa	sov	ng	erg-abs	deranking	poss-acc	ovs	VS	PVA	5.0	93.0	96.0	94.0	0.8600138689949057	0.9200055635398481	0.880010532281679	0.05999169454494235
4_2_anc_S_marker	21_4_2_anc_S_marker	fig:heatmap-21-anc-s-marker	4.2 ANC S marker	30_sov_ng_er_d_ep	sov	ng	erg-abs	deranking	erg-poss	vos	VS	AVP	5.0	99.0	100.0	99.0	0.9800010051162833	1.0	0.9800010051162833	0.019998994883716703
4_2_anc_S_marker	21_4_2_anc_S_marker	fig:heatmap-21-anc-s-marker	4.2 ANC S marker	31_sov_ng_er_d_no	sov	ng	erg-abs	deranking	nomn	ovs	VS	PVA	5.0	99.0	98.0	97.0	0.9800010051162833	0.9600022327543785	0.9400037321744893	0.039997272941794004
4_2_anc_S_marker	21_4_2_anc_S_marker	fig:heatmap-21-anc-s-marker	4.2 ANC S marker	32_svo_gn_ac_b_se	svo	gn	nom-acc	balancing	sent	svo	SV	AVP	5.0	20.0	19.0	19.0	0.0002430286238513585	0.00019819752246213155	0.00019819752246213155	4.4831101389226934e-05
4_2_anc_S_marker	21_4_2_anc_S_marker	fig:heatmap-21-anc-s-marker	4.2 ANC S marker	33_svo_gn_ac_b_pa	svo	gn	nom-acc	balancing	poss-acc	svo	SV	AVP	5.0	98.0	98.0	98.0	0.9600022327543785	0.9600022327543785	0.9600022327543785	0.0
4_2_anc_S_marker	21_4_2_anc_S_marker	fig:heatmap-21-anc-s-marker	4.2 ANC S marker	34_svo_gn_ac_b_ep	svo	gn	nom-acc	balancing	erg-poss	sov	SV	PVA	5.0	98.0	99.0	100.0	0.9600022327543785	0.9800010051162833	1.0	0.03999776724562154
4_2_anc_S_marker	21_4_2_anc_S_marker	fig:heatmap-21-anc-s-marker	4.2 ANC S marker	35_svo_gn_ac_b_no	svo	gn	nom-acc	balancing	nomn	svo	SV	AVP	5.0	99.0	98.0	98.0	0.9800010051162833	0.9600022327543785	0.9600022327543785	0.019998772361904837
4_2_anc_S_marker	21_4_2_anc_S_marker	fig:heatmap-21-anc-s-marker	4.2 ANC S marker	36_svo_gn_ac_d_se	svo	gn	nom-acc	deranking	sent	svo	SV	AVP	5.0	38.0	24.0	39.0	0.008679075325473282	0.0005456005010440509	0.010503792086947903	0.009958191585903853
4_2_anc_S_marker	21_4_2_anc_S_marker	fig:heatmap-21-anc-s-marker	4.2 ANC S marker	37_svo_gn_ac_d_pa	svo	gn	nom-acc	deranking	poss-acc	svo	SV	AVP	5.0	92.0	97.0	98.0	0.8400179443146094	0.9400037321744893	0.9600022327543785	0.11998428843976905
4_2_anc_S_marker	21_4_2_anc_S_marker	fig:heatmap-21-anc-s-marker	4.2 ANC S marker	38_svo_gn_ac_d_ep	svo	gn	nom-acc	deranking	erg-poss	sov	SV	PVA	5.0	99.0	100.0	100.0	0.9800010051162833	1.0	1.0	0.019998994883716703
4_2_anc_S_marker	21_4_2_anc_S_marker	fig:heatmap-21-anc-s-marker	4.2 ANC S marker	39_svo_gn_ac_d_no	svo	gn	nom-acc	deranking	nomn	svo	SV	AVP	5.0	91.0	98.0	96.0	0.8200229216960366	0.9600022327543785	0.9200055635398481	0.13997931105834183
4_2_anc_S_marker	21_4_2_anc_S_marker	fig:heatmap-21-anc-s-marker	4.2 ANC S marker	40_svo_gn_er_b_se	svo	gn	erg-abs	balancing	sent	svo	SV	AVP	5.0	18.0	21.0	18.0	0.00016147795148286958	0.00029775820316147556	0.00016147795148286958	0.00013628025167860598
4_2_anc_S_marker	21_4_2_anc_S_marker	fig:heatmap-21-anc-s-marker	4.2 ANC S marker	41_svo_gn_er_b_pa	svo	gn	erg-abs	balancing	poss-acc	svo	SV	AVP	5.0	97.0	98.0	99.0	0.9400037321744893	0.9600022327543785	0.9800010051162833	0.039997272941794004
4_2_anc_S_marker	21_4_2_anc_S_marker	fig:heatmap-21-anc-s-marker	4.2 ANC S marker	42_svo_gn_er_b_ep	svo	gn	erg-abs	balancing	erg-poss	sov	SV	PVA	5.0	100.0	99.0	99.0	1.0	0.9800010051162833	0.9800010051162833	0.019998994883716703
4_2_anc_S_marker	21_4_2_anc_S_marker	fig:heatmap-21-anc-s-marker	4.2 ANC S marker	43_svo_gn_er_b_no	svo	gn	erg-abs	balancing	nomn	svo	SV	AVP	5.0	98.0	98.0	98.0	0.9600022327543785	0.9600022327543785	0.9600022327543785	0.0
4_2_anc_S_marker	21_4_2_anc_S_marker	fig:heatmap-21-anc-s-marker	4.2 ANC S marker	44_svo_gn_er_d_se	svo	gn	erg-abs	deranking	sent	svo	SV	AVP	5.0	36.0	44.0	50.0	0.005898742738875454	0.02632370684388144	0.06931017816607285	0.06341143542719739
4_2_anc_S_marker	21_4_2_anc_S_marker	fig:heatmap-21-anc-s-marker	4.2 ANC S marker	45_svo_gn_er_d_pa	svo	gn	erg-abs	deranking	poss-acc	svo	SV	AVP	5.0	89.0	90.0	90.0	0.7800364252161309	0.8000290007473678	0.8000290007473678	0.0199925755312369
4_2_anc_S_marker	21_4_2_anc_S_marker	fig:heatmap-21-anc-s-marker	4.2 ANC S marker	46_svo_gn_er_d_ep	svo	gn	erg-abs	deranking	erg-poss	sov	SV	PVA	5.0	93.0	94.0	97.0	0.8600138689949057	0.880010532281679	0.9400037321744893	0.07998986317958356
4_2_anc_S_marker	21_4_2_anc_S_marker	fig:heatmap-21-anc-s-marker	4.2 ANC S marker	47_svo_gn_er_d_no	svo	gn	erg-abs	deranking	nomn	svo	SV	AVP	5.0	85.0	94.0	91.0	0.7000866067554558	0.880010532281679	0.8200229216960366	0.17992392552622327
4_2_anc_S_marker	21_4_2_anc_S_marker	fig:heatmap-21-anc-s-marker	4.2 ANC S marker	48_svo_ng_ac_b_se	svo	ng	nom-acc	balancing	sent	svo	SV	AVP	5.0	89.0	89.0	75.0	0.7800364252161309	0.7800364252161309	0.5006669949589901	0.2793694302571408
4_2_anc_S_marker	21_4_2_anc_S_marker	fig:heatmap-21-anc-s-marker	4.2 ANC S marker	49_svo_ng_ac_b_pa	svo	ng	nom-acc	balancing	poss-acc	vos	VS	VPA	5.0	100.0	100.0	100.0	1.0	1.0	1.0	0.0
4_2_anc_S_marker	21_4_2_anc_S_marker	fig:heatmap-21-anc-s-marker	4.2 ANC S marker	50_svo_ng_ac_b_ep	svo	ng	nom-acc	balancing	erg-poss	vos	VS	VPA	5.0	100.0	100.0	100.0	1.0	1.0	1.0	0.0
4_2_anc_S_marker	21_4_2_anc_S_marker	fig:heatmap-21-anc-s-marker	4.2 ANC S marker	51_svo_ng_ac_b_no	svo	ng	nom-acc	balancing	nomn	vos	VS	VPA	5.0	100.0	100.0	100.0	1.0	1.0	1.0	0.0
4_2_anc_S_marker	21_4_2_anc_S_marker	fig:heatmap-21-anc-s-marker	4.2 ANC S marker	52_svo_ng_ac_d_se	svo	ng	nom-acc	deranking	sent	svo	SV	AVP	5.0	76.0	77.0	76.0	0.520545600501044	0.5404461012900033	0.520545600501044	0.01990050078895922
4_2_anc_S_marker	21_4_2_anc_S_marker	fig:heatmap-21-anc-s-marker	4.2 ANC S marker	53_svo_ng_ac_d_pa	svo	ng	nom-acc	deranking	poss-acc	vos	VS	VPA	5.0	100.0	100.0	100.0	1.0	1.0	1.0	0.0
4_2_anc_S_marker	21_4_2_anc_S_marker	fig:heatmap-21-anc-s-marker	4.2 ANC S marker	54_svo_ng_ac_d_ep	svo	ng	nom-acc	deranking	erg-poss	vos	VS	VPA	5.0	100.0	100.0	100.0	1.0	1.0	1.0	0.0
4_2_anc_S_marker	21_4_2_anc_S_marker	fig:heatmap-21-anc-s-marker	4.2 ANC S marker	55_svo_ng_ac_d_no	svo	ng	nom-acc	deranking	nomn	vos	VS	VPA	5.0	100.0	100.0	100.0	1.0	1.0	1.0	0.0
4_2_anc_S_marker	21_4_2_anc_S_marker	fig:heatmap-21-anc-s-marker	4.2 ANC S marker	56_svo_ng_er_b_se	svo	ng	erg-abs	balancing	sent	svo	SV	AVP	5.0	74.0	73.0	68.0	0.4808150668439051	0.4609956253156435	0.36269116941089913	0.118123897433006
4_2_anc_S_marker	21_4_2_anc_S_marker	fig:heatmap-21-anc-s-marker	4.2 ANC S marker	57_svo_ng_er_b_pa	svo	ng	erg-abs	balancing	poss-acc	vos	VS	VPA	5.0	92.0	88.0	92.0	0.8400179443146094	0.7600454927350169	0.8400179443146094	0.07997245157959254
4_2_anc_S_marker	21_4_2_anc_S_marker	fig:heatmap-21-anc-s-marker	4.2 ANC S marker	58_svo_ng_er_b_ep	svo	ng	erg-abs	balancing	erg-poss	vos	VS	VPA	5.0	98.0	100.0	100.0	0.9600022327543785	1.0	1.0	0.03999776724562154
4_2_anc_S_marker	21_4_2_anc_S_marker	fig:heatmap-21-anc-s-marker	4.2 ANC S marker	59_svo_ng_er_b_no	svo	ng	erg-abs	balancing	nomn	vos	VS	VPA	5.0	97.0	98.0	99.0	0.9400037321744893	0.9600022327543785	0.9800010051162833	0.039997272941794004
4_2_anc_S_marker	21_4_2_anc_S_marker	fig:heatmap-21-anc-s-marker	4.2 ANC S marker	60_svo_ng_er_d_se	svo	ng	erg-abs	deranking	sent	svo	SV	AVP	5.0	60.0	73.0	70.0	0.2126882612143756	0.4609956253156435	0.40181045290185924	0.24830736410126789
4_2_anc_S_marker	21_4_2_anc_S_marker	fig:heatmap-21-anc-s-marker	4.2 ANC S marker	61_svo_ng_er_d_pa	svo	ng	erg-abs	deranking	poss-acc	vos	VS	VPA	5.0	80.0	82.0	88.0	0.6002430286238514	0.6401614779514829	0.7600454927350169	0.1598024641111655
4_2_anc_S_marker	21_4_2_anc_S_marker	fig:heatmap-21-anc-s-marker	4.2 ANC S marker	62_svo_ng_er_d_ep	svo	ng	erg-abs	deranking	erg-poss	vos	VS	VPA	5.0	96.0	98.0	96.0	0.9200055635398481	0.9600022327543785	0.9200055635398481	0.03999666921453038
4_2_anc_S_marker	21_4_2_anc_S_marker	fig:heatmap-21-anc-s-marker	4.2 ANC S marker	63_svo_ng_er_d_no	svo	ng	erg-abs	deranking	nomn	vos	VS	VPA	5.0	89.0	93.0	98.0	0.7800364252161309	0.8600138689949057	0.9600022327543785	0.17996580753824754
4_2_anc_S_marker	21_4_2_anc_S_marker	fig:heatmap-21-anc-s-marker	4.2 ANC S marker	64_vos_gn_ac_b_se	vos	gn	nom-acc	balancing	sent	vos	VS	VPA	5.0	19.0	17.0	16.0	0.00019819752246213155	0.00013140446760432275	0.00010677564612477928	9.142187633735227e-05
4_2_anc_S_marker	21_4_2_anc_S_marker	fig:heatmap-21-anc-s-marker	4.2 ANC S marker	65_vos_gn_ac_b_pa	vos	gn	nom-acc	balancing	poss-acc	svo	SV	AVP	5.0	98.0	98.0	98.0	0.9600022327543785	0.9600022327543785	0.9600022327543785	0.0
4_2_anc_S_marker	21_4_2_anc_S_marker	fig:heatmap-21-anc-s-marker	4.2 ANC S marker	66_vos_gn_ac_b_ep	vos	gn	nom-acc	balancing	erg-poss	sov	SV	PVA	5.0	99.0	98.0	99.0	0.9800010051162833	0.9600022327543785	0.9800010051162833	0.019998772361904837
4_2_anc_S_marker	21_4_2_anc_S_marker	fig:heatmap-21-anc-s-marker	4.2 ANC S marker	67_vos_gn_ac_b_no	vos	gn	nom-acc	balancing	nomn	svo	SV	AVP	5.0	98.0	98.0	96.0	0.9600022327543785	0.9600022327543785	0.9200055635398481	0.03999666921453038
4_2_anc_S_marker	21_4_2_anc_S_marker	fig:heatmap-21-anc-s-marker	4.2 ANC S marker	68_vos_gn_ac_d_se	vos	gn	nom-acc	deranking	sent	vos	VS	VPA	5.0	21.0	23.0	25.0	0.00029775820316147556	0.0004461012900032559	0.0006669949589901204	0.0003692367558286448
4_2_anc_S_marker	21_4_2_anc_S_marker	fig:heatmap-21-anc-s-marker	4.2 ANC S marker	69_vos_gn_ac_d_pa	vos	gn	nom-acc	deranking	poss-acc	svo	SV	AVP	5.0	98.0	98.0	98.0	0.9600022327543785	0.9600022327543785	0.9600022327543785	0.0
4_2_anc_S_marker	21_4_2_anc_S_marker	fig:heatmap-21-anc-s-marker	4.2 ANC S marker	70_vos_gn_ac_d_ep	vos	gn	nom-acc	deranking	erg-poss	sov	SV	PVA	5.0	99.0	99.0	99.0	0.9800010051162833	0.9800010051162833	0.9800010051162833	0.0
4_2_anc_S_marker	21_4_2_anc_S_marker	fig:heatmap-21-anc-s-marker	4.2 ANC S marker	71_vos_gn_ac_d_no	vos	gn	nom-acc	deranking	nomn	svo	SV	AVP	5.0	98.0	98.0	98.0	0.9600022327543785	0.9600022327543785	0.9600022327543785	0.0
4_2_anc_S_marker	21_4_2_anc_S_marker	fig:heatmap-21-anc-s-marker	4.2 ANC S marker	72_vos_gn_er_b_se	vos	gn	erg-abs	balancing	sent	vos	VS	VPA	5.0	38.0	39.0	39.0	0.008679075325473282	0.010503792086947903	0.010503792086947903	0.0018247167614746217
4_2_anc_S_marker	21_4_2_anc_S_marker	fig:heatmap-21-anc-s-marker	4.2 ANC S marker	73_vos_gn_er_b_pa	vos	gn	erg-abs	balancing	poss-acc	svo	SV	AVP	5.0	97.0	96.0	96.0	0.9400037321744893	0.9200055635398481	0.9200055635398481	0.01999816863464121
4_2_anc_S_marker	21_4_2_anc_S_marker	fig:heatmap-21-anc-s-marker	4.2 ANC S marker	74_vos_gn_er_b_ep	vos	gn	erg-abs	balancing	erg-poss	sov	SV	PVA	5.0	98.0	98.0	99.0	0.9600022327543785	0.9600022327543785	0.9800010051162833	0.019998772361904837
4_2_anc_S_marker	21_4_2_anc_S_marker	fig:heatmap-21-anc-s-marker	4.2 ANC S marker	75_vos_gn_er_b_no	vos	gn	erg-abs	balancing	nomn	svo	SV	AVP	5.0	98.0	98.0	98.0	0.9600022327543785	0.9600022327543785	0.9600022327543785	0.0
4_2_anc_S_marker	21_4_2_anc_S_marker	fig:heatmap-21-anc-s-marker	4.2 ANC S marker	76_vos_gn_er_d_se	vos	gn	erg-abs	deranking	sent	vos	VS	VPA	5.0	57.99999999999999	63.0	61.0	0.17838553419891207	0.2671599293068453	0.23050379208694793	0.08877439510793322
4_2_anc_S_marker	21_4_2_anc_S_marker	fig:heatmap-21-anc-s-marker	4.2 ANC S marker	77_vos_gn_er_d_pa	vos	gn	erg-abs	deranking	poss-acc	svo	SV	AVP	5.0	99.0	98.0	97.0	0.9800010051162833	0.9600022327543785	0.9400037321744893	0.039997272941794004
4_2_anc_S_marker	21_4_2_anc_S_marker	fig:heatmap-21-anc-s-marker	4.2 ANC S marker	78_vos_gn_er_d_ep	vos	gn	erg-abs	deranking	erg-poss	sov	SV	PVA	5.0	99.0	100.0	99.0	0.9800010051162833	1.0	0.9800010051162833	0.019998994883716703
4_2_anc_S_marker	21_4_2_anc_S_marker	fig:heatmap-21-anc-s-marker	4.2 ANC S marker	79_vos_gn_er_d_no	vos	gn	erg-abs	deranking	nomn	svo	SV	AVP	5.0	97.0	96.0	98.0	0.9400037321744893	0.9200055635398481	0.9600022327543785	0.03999666921453038
4_2_anc_S_marker	21_4_2_anc_S_marker	fig:heatmap-21-anc-s-marker	4.2 ANC S marker	80_vos_ng_ac_b_se	vos	ng	nom-acc	balancing	sent	vos	VS	VPA	5.0	10.0	10.0	9.0	2.900074736789042e-05	2.900074736789042e-05	2.292169603682323e-05	6.0790513310671914e-06
4_2_anc_S_marker	21_4_2_anc_S_marker	fig:heatmap-21-anc-s-marker	4.2 ANC S marker	81_vos_ng_ac_b_pa	vos	ng	nom-acc	balancing	poss-acc	vos	VS	VPA	5.0	95.0	95.0	95.0	0.9000078003290506	0.9000078003290506	0.9000078003290506	0.0
4_2_anc_S_marker	21_4_2_anc_S_marker	fig:heatmap-21-anc-s-marker	4.2 ANC S marker	82_vos_ng_ac_b_ep	vos	ng	nom-acc	balancing	erg-poss	vos	VS	VPA	5.0	99.0	98.0	99.0	0.9800010051162833	0.9600022327543785	0.9800010051162833	0.019998772361904837
4_2_anc_S_marker	21_4_2_anc_S_marker	fig:heatmap-21-anc-s-marker	4.2 ANC S marker	83_vos_ng_ac_b_no	vos	ng	nom-acc	balancing	nomn	vos	VS	VPA	5.0	96.0	95.0	96.0	0.9200055635398481	0.9000078003290506	0.9200055635398481	0.019997763210797492
4_2_anc_S_marker	21_4_2_anc_S_marker	fig:heatmap-21-anc-s-marker	4.2 ANC S marker	84_vos_ng_ac_d_se	vos	ng	nom-acc	deranking	sent	vos	VS	VPA	5.0	26.0	23.0	17.0	0.000815066843905091	0.0004461012900032559	0.00013140446760432275	0.0006836623763007682
4_2_anc_S_marker	21_4_2_anc_S_marker	fig:heatmap-21-anc-s-marker	4.2 ANC S marker	85_vos_ng_ac_d_pa	vos	ng	nom-acc	deranking	poss-acc	vos	VS	VPA	5.0	97.0	91.0	96.0	0.9400037321744893	0.8200229216960366	0.9200055635398481	0.11998081047845266
4_2_anc_S_marker	21_4_2_anc_S_marker	fig:heatmap-21-anc-s-marker	4.2 ANC S marker	86_vos_ng_ac_d_ep	vos	ng	nom-acc	deranking	erg-poss	vos	VS	VPA	5.0	99.0	98.0	98.0	0.9800010051162833	0.9600022327543785	0.9600022327543785	0.019998772361904837
4_2_anc_S_marker	21_4_2_anc_S_marker	fig:heatmap-21-anc-s-marker	4.2 ANC S marker	87_vos_ng_ac_d_no	vos	ng	nom-acc	deranking	nomn	vos	VS	VPA	5.0	94.0	95.0	96.0	0.880010532281679	0.9000078003290506	0.9200055635398481	0.039995031258169056
4_2_anc_S_marker	21_4_2_anc_S_marker	fig:heatmap-21-anc-s-marker	4.2 ANC S marker	88_vos_ng_er_b_se	vos	ng	erg-abs	balancing	sent	vos	VS	VPA	5.0	41.0	47.0	36.0	0.015293221162685725	0.04374425515866688	0.005898742738875454	0.03784551241979143
4_2_anc_S_marker	21_4_2_anc_S_marker	fig:heatmap-21-anc-s-marker	4.2 ANC S marker	89_vos_ng_er_b_pa	vos	ng	erg-abs	balancing	poss-acc	vos	VS	VPA	5.0	94.0	93.0	92.0	0.880010532281679	0.8600138689949057	0.8400179443146094	0.039992587967069615
4_2_anc_S_marker	21_4_2_anc_S_marker	fig:heatmap-21-anc-s-marker	4.2 ANC S marker	90_vos_ng_er_b_ep	vos	ng	erg-abs	balancing	erg-poss	vos	VS	VPA	5.0	99.0	99.0	100.0	0.9800010051162833	0.9800010051162833	1.0	0.019998994883716703
4_2_anc_S_marker	21_4_2_anc_S_marker	fig:heatmap-21-anc-s-marker	4.2 ANC S marker	91_vos_ng_er_b_no	vos	ng	erg-abs	balancing	nomn	vos	VS	VPA	5.0	99.0	98.0	98.0	0.9800010051162833	0.9600022327543785	0.9600022327543785	0.019998772361904837
4_2_anc_S_marker	21_4_2_anc_S_marker	fig:heatmap-21-anc-s-marker	4.2 ANC S marker	92_vos_ng_er_d_se	vos	ng	erg-abs	deranking	sent	vos	VS	VPA	5.0	85.0	85.0	87.0	0.7000866067554558	0.7000866067554558	0.7400565667123037	0.039969959956847934
4_2_anc_S_marker	21_4_2_anc_S_marker	fig:heatmap-21-anc-s-marker	4.2 ANC S marker	93_vos_ng_er_d_pa	vos	ng	erg-abs	deranking	poss-acc	vos	VS	VPA	5.0	75.0	77.0	76.0	0.5006669949589901	0.5404461012900033	0.520545600501044	0.039779106331013114
4_2_anc_S_marker	21_4_2_anc_S_marker	fig:heatmap-21-anc-s-marker	4.2 ANC S marker	94_vos_ng_er_d_ep	vos	ng	erg-abs	deranking	erg-poss	vos	VS	VPA	5.0	92.0	93.0	89.0	0.8400179443146094	0.8600138689949057	0.7800364252161309	0.0799774437787748
4_2_anc_S_marker	21_4_2_anc_S_marker	fig:heatmap-21-anc-s-marker	4.2 ANC S marker	95_vos_ng_er_d_no	vos	ng	erg-abs	deranking	nomn	vos	VS	VPA	5.0	82.0	78.0	78.0	0.6401614779514829	0.5603645644527729	0.5603645644527729	0.07979691349870999
4_3_anc_A_marker	22_4_3_anc_A_marker	fig:heatmap-22-anc-a-marker	4.3 ANC A marker	00_sov_gn_ac_b_se	sov	gn	nom-acc	balancing	sent	sov	SV	APV	5.0	3.0	7.000000000000001	1.0	3.732174489294584e-06	1.3868994905888153e-05	1.0051162832205811e-06	1.2863878622667572e-05
4_3_anc_A_marker	22_4_3_anc_A_marker	fig:heatmap-22-anc-a-marker	4.3 ANC A marker	01_sov_gn_ac_b_pa	sov	gn	nom-acc	balancing	poss-acc	sov	SV	APV	5.0	95.0	95.0	99.0	0.9000078003290506	0.9000078003290506	0.9800010051162833	0.07999320478723271
4_3_anc_A_marker	22_4_3_anc_A_marker	fig:heatmap-22-anc-a-marker	4.3 ANC A marker	02_sov_gn_ac_b_ep	sov	gn	nom-acc	balancing	erg-poss	sov	SV	APV	5.0	43.0	38.0	22.0	0.022037201101923407	0.008679075325473282	0.0003645644527729675	0.02167263664915044
4_3_anc_A_marker	22_4_3_anc_A_marker	fig:heatmap-22-anc-a-marker	4.3 ANC A marker	03_sov_gn_ac_b_no	sov	gn	nom-acc	balancing	nomn	sov	SV	APV	5.0	98.0	95.0	98.0	0.9600022327543785	0.9000078003290506	0.9600022327543785	0.05999443242532787
4_3_anc_A_marker	22_4_3_anc_A_marker	fig:heatmap-22-anc-a-marker	4.3 ANC A marker	04_sov_gn_ac_d_se	sov	gn	nom-acc	deranking	sent	sov	SV	APV	5.0	8.0	6.0	5.0	1.79443146094765e-05	1.053228167900939e-05	7.800329050639419e-06	1.0143985558837082e-05
4_3_anc_A_marker	22_4_3_anc_A_marker	fig:heatmap-22-anc-a-marker	4.3 ANC A marker	05_sov_gn_ac_d_pa	sov	gn	nom-acc	deranking	poss-acc	sov	SV	APV	5.0	96.0	97.0	94.0	0.9200055635398481	0.9400037321744893	0.880010532281679	0.05999319989281027
4_3_anc_A_marker	22_4_3_anc_A_marker	fig:heatmap-22-anc-a-marker	4.3 ANC A marker	06_sov_gn_ac_d_ep	sov	gn	nom-acc	deranking	erg-poss	sov	SV	APV	5.0	9.0	39.0	28.000000000000004	2.292169603682323e-05	0.010503792086947903	0.0012157185708479242	0.01048087039091108
4_3_anc_A_marker	22_4_3_anc_A_marker	fig:heatmap-22-anc-a-marker	4.3 ANC A marker	07_sov_gn_ac_d_no	sov	gn	nom-acc	deranking	nomn	sov	SV	APV	5.0	98.0	95.0	94.0	0.9600022327543785	0.9000078003290506	0.880010532281679	0.07999170047269943
4_3_anc_A_marker	22_4_3_anc_A_marker	fig:heatmap-22-anc-a-marker	4.3 ANC A marker	08_sov_gn_er_b_se	sov	gn	erg-abs	balancing	sent	sov	SV	APV	5.0	62.0	69.0	65.0	0.2486790753254733	0.3822078817555662	0.3048541952674525	0.1335288064300929
4_3_anc_A_marker	22_4_3_anc_A_marker	fig:heatmap-22-anc-a-marker	4.3 ANC A marker	09_sov_gn_er_b_pa	sov	gn	erg-abs	balancing	poss-acc	sov	SV	APV	5.0	50.0	38.0	49.0	0.06931017816607285	0.008679075325473282	0.059809347048237496	0.06063110284059957
4_3_anc_A_marker	22_4_3_anc_A_marker	fig:heatmap-22-anc-a-marker	4.3 ANC A marker	10_sov_gn_er_b_ep	sov	gn	erg-abs	balancing	erg-poss	sov	SV	APV	5.0	0.0	0.0	0.0	0.0	0.0	0.0	0.0
4_3_anc_A_marker	22_4_3_anc_A_marker	fig:heatmap-22-anc-a-marker	4.3 ANC A marker	11_sov_gn_er_b_no	sov	gn	erg-abs	balancing	nomn	sov	SV	APV	5.0	50.0	47.0	45.0	0.06931017816607285	0.04374425515866688	0.031321628861900604	0.037988549304172246
4_3_anc_A_marker	22_4_3_anc_A_marker	fig:heatmap-22-anc-a-marker	4.3 ANC A marker	12_sov_gn_er_d_se	sov	gn	erg-abs	deranking	sent	sov	SV	APV	5.0	93.0	96.0	97.0	0.8600138689949057	0.9200055635398481	0.9400037321744893	0.07998986317958356
4_3_anc_A_marker	22_4_3_anc_A_marker	fig:heatmap-22-anc-a-marker	4.3 ANC A marker	13_sov_gn_er_d_pa	sov	gn	erg-abs	deranking	poss-acc	sov	SV	APV	5.0	7.000000000000001	7.000000000000001	6.0	1.3868994905888153e-05	1.3868994905888153e-05	1.053228167900939e-05	3.336713226878763e-06
4_3_anc_A_marker	22_4_3_anc_A_marker	fig:heatmap-22-anc-a-marker	4.3 ANC A marker	14_sov_gn_er_d_ep	sov	gn	erg-abs	deranking	erg-poss	sov	SV	APV	5.0	0.0	0.0	0.0	0.0	0.0	0.0	0.0
4_3_anc_A_marker	22_4_3_anc_A_marker	fig:heatmap-22-anc-a-marker	4.3 ANC A marker	15_sov_gn_er_d_no	sov	gn	erg-abs	deranking	nomn	sov	SV	APV	5.0	41.0	34.0	30.0	0.015293221162685725	0.003990793426321349	0.001810452901859287	0.013482768260826438
4_3_anc_A_marker	22_4_3_anc_A_marker	fig:heatmap-22-anc-a-marker	4.3 ANC A marker	16_sov_ng_ac_b_se	sov	ng	nom-acc	balancing	sent	sov	SV	APV	5.0	10.0	17.0	12.0	2.900074736789042e-05	0.00013140446760432275	4.5492735016908155e-05	0.00010240372023643233
4_3_anc_A_marker	22_4_3_anc_A_marker	fig:heatmap-22-anc-a-marker	4.3 ANC A marker	17_sov_ng_ac_b_pa	sov	ng	nom-acc	balancing	poss-acc	ovs	VS	PVA	5.0	99.0	100.0	100.0	0.9800010051162833	1.0	1.0	0.019998994883716703
4_3_anc_A_marker	22_4_3_anc_A_marker	fig:heatmap-22-anc-a-marker	4.3 ANC A marker	18_sov_ng_ac_b_ep	sov	ng	nom-acc	balancing	erg-poss	vos	VS	AVP	5.0	70.0	57.99999999999999	56.00000000000001	0.40181045290185924	0.17838553419891207	0.14632370684388155	0.2554867460579777
4_3_anc_A_marker	22_4_3_anc_A_marker	fig:heatmap-22-anc-a-marker	4.3 ANC A marker	19_sov_ng_ac_b_no	sov	ng	nom-acc	balancing	nomn	ovs	VS	PVA	5.0	100.0	100.0	100.0	1.0	1.0	1.0	0.0
4_3_anc_A_marker	22_4_3_anc_A_marker	fig:heatmap-22-anc-a-marker	4.3 ANC A marker	20_sov_ng_ac_d_se	sov	ng	nom-acc	deranking	sent	sov	SV	APV	5.0	19.0	25.0	15.0	0.00019819752246213155	0.0006669949589901204	8.660675545573801e-05	0.0005803882035343823
4_3_anc_A_marker	22_4_3_anc_A_marker	fig:heatmap-22-anc-a-marker	4.3 ANC A marker	21_sov_ng_ac_d_pa	sov	ng	nom-acc	deranking	poss-acc	ovs	VS	PVA	5.0	99.0	100.0	100.0	0.9800010051162833	1.0	1.0	0.019998994883716703
4_3_anc_A_marker	22_4_3_anc_A_marker	fig:heatmap-22-anc-a-marker	4.3 ANC A marker	22_sov_ng_ac_d_ep	sov	ng	nom-acc	deranking	erg-poss	vos	VS	AVP	5.0	64.0	57.99999999999999	59.0	0.28589874273887544	0.17838553419891207	0.19529322116268572	0.10751320853996338
4_3_anc_A_marker	22_4_3_anc_A_marker	fig:heatmap-22-anc-a-marker	4.3 ANC A marker	23_sov_ng_ac_d_no	sov	ng	nom-acc	deranking	nomn	ovs	VS	PVA	5.0	100.0	100.0	100.0	1.0	1.0	1.0	0.0
4_3_anc_A_marker	22_4_3_anc_A_marker	fig:heatmap-22-anc-a-marker	4.3 ANC A marker	24_sov_ng_er_b_se	sov	ng	erg-abs	balancing	sent	sov	SV	APV	5.0	90.0	99.0	86.0	0.8000290007473678	0.9800010051162833	0.7200700908352611	0.2599309142810222
4_3_anc_A_marker	22_4_3_anc_A_marker	fig:heatmap-22-anc-a-marker	4.3 ANC A marker	25_sov_ng_er_b_pa	sov	ng	erg-abs	balancing	poss-acc	ovs	VS	PVA	5.0	96.0	95.0	96.0	0.9200055635398481	0.9000078003290506	0.9200055635398481	0.019997763210797492
4_3_anc_A_marker	22_4_3_anc_A_marker	fig:heatmap-22-anc-a-marker	4.3 ANC A marker	26_sov_ng_er_b_ep	sov	ng	erg-abs	balancing	erg-poss	vos	VS	AVP	5.0	9.0	3.0	2.0	2.292169603682323e-05	3.732174489294584e-06	2.2327543786672006e-06	2.0688941658156028e-05
4_3_anc_A_marker	22_4_3_anc_A_marker	fig:heatmap-22-anc-a-marker	4.3 ANC A marker	27_sov_ng_er_b_no	sov	ng	erg-abs	balancing	nomn	ovs	VS	PVA	5.0	90.0	91.0	93.0	0.8000290007473678	0.8200229216960366	0.8600138689949057	0.059984868247537904
4_3_anc_A_marker	22_4_3_anc_A_marker	fig:heatmap-22-anc-a-marker	4.3 ANC A marker	28_sov_ng_er_d_se	sov	ng	erg-abs	deranking	sent	sov	SV	APV	5.0	100.0	99.0	99.0	1.0	0.9800010051162833	0.9800010051162833	0.019998994883716703
4_3_anc_A_marker	22_4_3_anc_A_marker	fig:heatmap-22-anc-a-marker	4.3 ANC A marker	29_sov_ng_er_d_pa	sov	ng	erg-abs	deranking	poss-acc	ovs	VS	PVA	5.0	92.0	90.0	93.0	0.8400179443146094	0.8000290007473678	0.8600138689949057	0.059984868247537904
4_3_anc_A_marker	22_4_3_anc_A_marker	fig:heatmap-22-anc-a-marker	4.3 ANC A marker	30_sov_ng_er_d_ep	sov	ng	erg-abs	deranking	erg-poss	vos	VS	AVP	5.0	4.0	5.0	3.0	5.563539848367668e-06	7.800329050639419e-06	3.732174489294584e-06	4.068154561344835e-06
4_3_anc_A_marker	22_4_3_anc_A_marker	fig:heatmap-22-anc-a-marker	4.3 ANC A marker	31_sov_ng_er_d_no	sov	ng	erg-abs	deranking	nomn	ovs	VS	PVA	5.0	96.0	90.0	88.0	0.9200055635398481	0.8000290007473678	0.7600454927350169	0.1599600708048312
4_3_anc_A_marker	22_4_3_anc_A_marker	fig:heatmap-22-anc-a-marker	4.3 ANC A marker	32_svo_gn_ac_b_se	svo	gn	nom-acc	balancing	sent	svo	SV	AVP	5.0	8.0	5.0	6.0	1.79443146094765e-05	7.800329050639419e-06	1.053228167900939e-05	1.0143985558837082e-05
4_3_anc_A_marker	22_4_3_anc_A_marker	fig:heatmap-22-anc-a-marker	4.3 ANC A marker	33_svo_gn_ac_b_pa	svo	gn	nom-acc	balancing	poss-acc	svo	SV	AVP	5.0	100.0	100.0	100.0	1.0	1.0	1.0	0.0
4_3_anc_A_marker	22_4_3_anc_A_marker	fig:heatmap-22-anc-a-marker	4.3 ANC A marker	34_svo_gn_ac_b_ep	svo	gn	nom-acc	balancing	erg-poss	sov	SV	PVA	5.0	100.0	100.0	100.0	1.0	1.0	1.0	0.0
4_3_anc_A_marker	22_4_3_anc_A_marker	fig:heatmap-22-anc-a-marker	4.3 ANC A marker	35_svo_gn_ac_b_no	svo	gn	nom-acc	balancing	nomn	svo	SV	AVP	5.0	99.0	100.0	100.0	0.9800010051162833	1.0	1.0	0.019998994883716703
4_3_anc_A_marker	22_4_3_anc_A_marker	fig:heatmap-22-anc-a-marker	4.3 ANC A marker	36_svo_gn_ac_d_se	svo	gn	nom-acc	deranking	sent	svo	SV	AVP	5.0	28.000000000000004	11.0	19.0	0.0012157185708479242	3.6425216130852396e-05	0.00019819752246213155	0.0011792933547170718
4_3_anc_A_marker	22_4_3_anc_A_marker	fig:heatmap-22-anc-a-marker	4.3 ANC A marker	37_svo_gn_ac_d_pa	svo	gn	nom-acc	deranking	poss-acc	svo	SV	AVP	5.0	96.0	98.0	99.0	0.9200055635398481	0.9600022327543785	0.9800010051162833	0.059995441576435216
4_3_anc_A_marker	22_4_3_anc_A_marker	fig:heatmap-22-anc-a-marker	4.3 ANC A marker	38_svo_gn_ac_d_ep	svo	gn	nom-acc	deranking	erg-poss	sov	SV	PVA	5.0	100.0	100.0	100.0	1.0	1.0	1.0	0.0
4_3_anc_A_marker	22_4_3_anc_A_marker	fig:heatmap-22-anc-a-marker	4.3 ANC A marker	39_svo_gn_ac_d_no	svo	gn	nom-acc	deranking	nomn	svo	SV	AVP	5.0	93.0	100.0	99.0	0.8600138689949057	1.0	0.9800010051162833	0.13998613100509427
4_3_anc_A_marker	22_4_3_anc_A_marker	fig:heatmap-22-anc-a-marker	4.3 ANC A marker	40_svo_gn_er_b_se	svo	gn	erg-abs	balancing	sent	svo	SV	AVP	5.0	89.0	72.0	83.0	0.7800364252161309	0.44121571857084796	0.6601314044676043	0.33882070664528297
4_3_anc_A_marker	22_4_3_anc_A_marker	fig:heatmap-22-anc-a-marker	4.3 ANC A marker	41_svo_gn_er_b_pa	svo	gn	erg-abs	balancing	poss-acc	svo	SV	AVP	5.0	57.99999999999999	62.0	60.0	0.17838553419891207	0.2486790753254733	0.2126882612143756	0.07029354112656122
4_3_anc_A_marker	22_4_3_anc_A_marker	fig:heatmap-22-anc-a-marker	4.3 ANC A marker	42_svo_gn_er_b_ep	svo	gn	erg-abs	balancing	erg-poss	sov	SV	PVA	5.0	81.0	90.0	93.0	0.6201981975224622	0.8000290007473678	0.8600138689949057	0.23981567147244354
4_3_anc_A_marker	22_4_3_anc_A_marker	fig:heatmap-22-anc-a-marker	4.3 ANC A marker	43_svo_gn_er_b_no	svo	gn	erg-abs	balancing	nomn	svo	SV	AVP	5.0	63.0	82.0	76.0	0.2671599293068453	0.6401614779514829	0.520545600501044	0.37300154864463764
4_3_anc_A_marker	22_4_3_anc_A_marker	fig:heatmap-22-anc-a-marker	4.3 ANC A marker	44_svo_gn_er_d_se	svo	gn	erg-abs	deranking	sent	svo	SV	AVP	5.0	100.0	100.0	100.0	1.0	1.0	1.0	0.0
4_3_anc_A_marker	22_4_3_anc_A_marker	fig:heatmap-22-anc-a-marker	4.3 ANC A marker	45_svo_gn_er_d_pa	svo	gn	erg-abs	deranking	poss-acc	svo	SV	AVP	5.0	1.0	0.0	0.0	1.0051162832205811e-06	0.0	0.0	1.0051162832205811e-06
4_3_anc_A_marker	22_4_3_anc_A_marker	fig:heatmap-22-anc-a-marker	4.3 ANC A marker	46_svo_gn_er_d_ep	svo	gn	erg-abs	deranking	erg-poss	sov	SV	PVA	5.0	63.0	78.0	83.0	0.2671599293068453	0.5603645644527729	0.6601314044676043	0.39297147516075903
4_3_anc_A_marker	22_4_3_anc_A_marker	fig:heatmap-22-anc-a-marker	4.3 ANC A marker	47_svo_gn_er_d_no	svo	gn	erg-abs	deranking	nomn	svo	SV	AVP	5.0	5.0	27.0	43.0	7.800329050639419e-06	0.000995625315643497	0.022037201101923407	0.022029400772872767
4_3_anc_A_marker	22_4_3_anc_A_marker	fig:heatmap-22-anc-a-marker	4.3 ANC A marker	48_svo_ng_ac_b_se	svo	ng	nom-acc	balancing	sent	svo	SV	AVP	5.0	81.0	91.0	67.0	0.6201981975224622	0.8200229216960366	0.3432783071525648	0.47674461454347183
4_3_anc_A_marker	22_4_3_anc_A_marker	fig:heatmap-22-anc-a-marker	4.3 ANC A marker	49_svo_ng_ac_b_pa	svo	ng	nom-acc	balancing	poss-acc	vos	VS	VPA	5.0	100.0	100.0	100.0	1.0	1.0	1.0	0.0
4_3_anc_A_marker	22_4_3_anc_A_marker	fig:heatmap-22-anc-a-marker	4.3 ANC A marker	50_svo_ng_ac_b_ep	svo	ng	nom-acc	balancing	erg-poss	vos	VS	VPA	5.0	100.0	100.0	100.0	1.0	1.0	1.0	0.0
4_3_anc_A_marker	22_4_3_anc_A_marker	fig:heatmap-22-anc-a-marker	4.3 ANC A marker	51_svo_ng_ac_b_no	svo	ng	nom-acc	balancing	nomn	vos	VS	VPA	5.0	100.0	100.0	100.0	1.0	1.0	1.0	0.0
4_3_anc_A_marker	22_4_3_anc_A_marker	fig:heatmap-22-anc-a-marker	4.3 ANC A marker	52_svo_ng_ac_d_se	svo	ng	nom-acc	deranking	sent	svo	SV	AVP	5.0	71.0	64.0	68.0	0.4214838855772702	0.28589874273887544	0.36269116941089913	0.13558514283839473
4_3_anc_A_marker	22_4_3_anc_A_marker	fig:heatmap-22-anc-a-marker	4.3 ANC A marker	53_svo_ng_ac_d_pa	svo	ng	nom-acc	deranking	poss-acc	vos	VS	VPA	5.0	100.0	100.0	100.0	1.0	1.0	1.0	0.0
4_3_anc_A_marker	22_4_3_anc_A_marker	fig:heatmap-22-anc-a-marker	4.3 ANC A marker	54_svo_ng_ac_d_ep	svo	ng	nom-acc	deranking	erg-poss	vos	VS	VPA	5.0	100.0	99.0	100.0	1.0	0.9800010051162833	1.0	0.019998994883716703
4_3_anc_A_marker	22_4_3_anc_A_marker	fig:heatmap-22-anc-a-marker	4.3 ANC A marker	55_svo_ng_ac_d_no	svo	ng	nom-acc	deranking	nomn	vos	VS	VPA	5.0	99.0	100.0	100.0	0.9800010051162833	1.0	1.0	0.019998994883716703
4_3_anc_A_marker	22_4_3_anc_A_marker	fig:heatmap-22-anc-a-marker	4.3 ANC A marker	56_svo_ng_er_b_se	svo	ng	erg-abs	balancing	sent	svo	SV	AVP	5.0	99.0	98.0	100.0	0.9800010051162833	0.9600022327543785	1.0	0.03999776724562154
4_3_anc_A_marker	22_4_3_anc_A_marker	fig:heatmap-22-anc-a-marker	4.3 ANC A marker	57_svo_ng_er_b_pa	svo	ng	erg-abs	balancing	poss-acc	vos	VS	VPA	5.0	93.0	94.0	95.0	0.8600138689949057	0.880010532281679	0.9000078003290506	0.03999393133414486
4_3_anc_A_marker	22_4_3_anc_A_marker	fig:heatmap-22-anc-a-marker	4.3 ANC A marker	58_svo_ng_er_b_ep	svo	ng	erg-abs	balancing	erg-poss	vos	VS	VPA	5.0	84.0	94.0	91.0	0.6801067756461248	0.880010532281679	0.8200229216960366	0.19990375663555426
4_3_anc_A_marker	22_4_3_anc_A_marker	fig:heatmap-22-anc-a-marker	4.3 ANC A marker	59_svo_ng_er_b_no	svo	ng	erg-abs	balancing	nomn	vos	VS	VPA	5.0	98.0	96.0	98.0	0.9600022327543785	0.9200055635398481	0.9600022327543785	0.03999666921453038
4_3_anc_A_marker	22_4_3_anc_A_marker	fig:heatmap-22-anc-a-marker	4.3 ANC A marker	60_svo_ng_er_d_se	svo	ng	erg-abs	deranking	sent	svo	SV	AVP	5.0	100.0	100.0	100.0	1.0	1.0	1.0	0.0
4_3_anc_A_marker	22_4_3_anc_A_marker	fig:heatmap-22-anc-a-marker	4.3 ANC A marker	61_svo_ng_er_d_pa	svo	ng	erg-abs	deranking	poss-acc	vos	VS	VPA	5.0	82.0	97.0	97.0	0.6401614779514829	0.9400037321744893	0.9400037321744893	0.29984225422300637
4_3_anc_A_marker	22_4_3_anc_A_marker	fig:heatmap-22-anc-a-marker	4.3 ANC A marker	62_svo_ng_er_d_ep	svo	ng	erg-abs	deranking	erg-poss	vos	VS	VPA	5.0	75.0	73.0	77.0	0.5006669949589901	0.4609956253156435	0.5404461012900033	0.07945047597435978
4_3_anc_A_marker	22_4_3_anc_A_marker	fig:heatmap-22-anc-a-marker	4.3 ANC A marker	63_svo_ng_er_d_no	svo	ng	erg-abs	deranking	nomn	vos	VS	VPA	5.0	86.0	93.0	97.0	0.7200700908352611	0.8600138689949057	0.9400037321744893	0.21993364133922821
4_3_anc_A_marker	22_4_3_anc_A_marker	fig:heatmap-22-anc-a-marker	4.3 ANC A marker	64_vos_gn_ac_b_se	vos	gn	nom-acc	balancing	sent	vos	VS	VPA	5.0	21.0	19.0	19.0	0.00029775820316147556	0.00019819752246213155	0.00019819752246213155	9.956068069934401e-05
4_3_anc_A_marker	22_4_3_anc_A_marker	fig:heatmap-22-anc-a-marker	4.3 ANC A marker	65_vos_gn_ac_b_pa	vos	gn	nom-acc	balancing	poss-acc	svo	SV	AVP	5.0	98.0	98.0	99.0	0.9600022327543785	0.9600022327543785	0.9800010051162833	0.019998772361904837
4_3_anc_A_marker	22_4_3_anc_A_marker	fig:heatmap-22-anc-a-marker	4.3 ANC A marker	66_vos_gn_ac_b_ep	vos	gn	nom-acc	balancing	erg-poss	sov	SV	PVA	5.0	96.0	84.0	90.0	0.9200055635398481	0.6801067756461248	0.8000290007473678	0.23989878789372332
4_3_anc_A_marker	22_4_3_anc_A_marker	fig:heatmap-22-anc-a-marker	4.3 ANC A marker	67_vos_gn_ac_b_no	vos	gn	nom-acc	balancing	nomn	svo	SV	AVP	5.0	99.0	99.0	99.0	0.9800010051162833	0.9800010051162833	0.9800010051162833	0.0
4_3_anc_A_marker	22_4_3_anc_A_marker	fig:heatmap-22-anc-a-marker	4.3 ANC A marker	68_vos_gn_ac_d_se	vos	gn	nom-acc	deranking	sent	vos	VS	VPA	5.0	32.0	34.0	40.0	0.002691169410899119	0.003990793426321349	0.012688261214375562	0.009997091803476443
4_3_anc_A_marker	22_4_3_anc_A_marker	fig:heatmap-22-anc-a-marker	4.3 ANC A marker	69_vos_gn_ac_d_pa	vos	gn	nom-acc	deranking	poss-acc	svo	SV	AVP	5.0	100.0	99.0	99.0	1.0	0.9800010051162833	0.9800010051162833	0.019998994883716703
4_3_anc_A_marker	22_4_3_anc_A_marker	fig:heatmap-22-anc-a-marker	4.3 ANC A marker	70_vos_gn_ac_d_ep	vos	gn	nom-acc	deranking	erg-poss	sov	SV	PVA	5.0	85.0	69.0	83.0	0.7000866067554558	0.3822078817555662	0.6601314044676043	0.31787872499988956
4_3_anc_A_marker	22_4_3_anc_A_marker	fig:heatmap-22-anc-a-marker	4.3 ANC A marker	71_vos_gn_ac_d_no	vos	gn	nom-acc	deranking	nomn	svo	SV	AVP	5.0	100.0	99.0	98.0	1.0	0.9800010051162833	0.9600022327543785	0.03999776724562154
4_3_anc_A_marker	22_4_3_anc_A_marker	fig:heatmap-22-anc-a-marker	4.3 ANC A marker	72_vos_gn_er_b_se	vos	gn	erg-abs	balancing	sent	vos	VS	VPA	5.0	45.0	63.0	53.0	0.031321628861900604	0.2671599293068453	0.10374425515866688	0.2358383004449447
4_3_anc_A_marker	22_4_3_anc_A_marker	fig:heatmap-22-anc-a-marker	4.3 ANC A marker	73_vos_gn_er_b_pa	vos	gn	erg-abs	balancing	poss-acc	svo	SV	AVP	5.0	97.0	96.0	96.0	0.9400037321744893	0.9200055635398481	0.9200055635398481	0.01999816863464121
4_3_anc_A_marker	22_4_3_anc_A_marker	fig:heatmap-22-anc-a-marker	4.3 ANC A marker	74_vos_gn_er_b_ep	vos	gn	erg-abs	balancing	erg-poss	sov	SV	PVA	5.0	43.0	43.0	48.0	0.022037201101923407	0.022037201101923407	0.05129698535007358	0.02925978424815017
4_3_anc_A_marker	22_4_3_anc_A_marker	fig:heatmap-22-anc-a-marker	4.3 ANC A marker	75_vos_gn_er_b_no	vos	gn	erg-abs	balancing	nomn	svo	SV	AVP	5.0	98.0	97.0	98.0	0.9600022327543785	0.9400037321744893	0.9600022327543785	0.019998500579889167
4_3_anc_A_marker	22_4_3_anc_A_marker	fig:heatmap-22-anc-a-marker	4.3 ANC A marker	76_vos_gn_er_d_se	vos	gn	erg-abs	deranking	sent	vos	VS	VPA	5.0	97.0	100.0	98.0	0.9400037321744893	1.0	0.9600022327543785	0.05999626782551071
4_3_anc_A_marker	22_4_3_anc_A_marker	fig:heatmap-22-anc-a-marker	4.3 ANC A marker	77_vos_gn_er_d_pa	vos	gn	erg-abs	deranking	poss-acc	svo	SV	AVP	5.0	98.0	95.0	94.0	0.9600022327543785	0.9000078003290506	0.880010532281679	0.07999170047269943
4_3_anc_A_marker	22_4_3_anc_A_marker	fig:heatmap-22-anc-a-marker	4.3 ANC A marker	78_vos_gn_er_d_ep	vos	gn	erg-abs	deranking	erg-poss	sov	SV	PVA	5.0	43.0	18.0	22.0	0.022037201101923407	0.00016147795148286958	0.0003645644527729675	0.021875723150440538
4_3_anc_A_marker	22_4_3_anc_A_marker	fig:heatmap-22-anc-a-marker	4.3 ANC A marker	79_vos_gn_er_d_no	vos	gn	erg-abs	deranking	nomn	svo	SV	AVP	5.0	98.0	96.0	97.0	0.9600022327543785	0.9200055635398481	0.9400037321744893	0.03999666921453038
4_3_anc_A_marker	22_4_3_anc_A_marker	fig:heatmap-22-anc-a-marker	4.3 ANC A marker	80_vos_ng_ac_b_se	vos	ng	nom-acc	balancing	sent	vos	VS	VPA	5.0	5.0	3.0	2.0	7.800329050639419e-06	3.732174489294584e-06	2.2327543786672006e-06	5.5675746719722185e-06
4_3_anc_A_marker	22_4_3_anc_A_marker	fig:heatmap-22-anc-a-marker	4.3 ANC A marker	81_vos_ng_ac_b_pa	vos	ng	nom-acc	balancing	poss-acc	vos	VS	VPA	5.0	99.0	99.0	99.0	0.9800010051162833	0.9800010051162833	0.9800010051162833	0.0
4_3_anc_A_marker	22_4_3_anc_A_marker	fig:heatmap-22-anc-a-marker	4.3 ANC A marker	82_vos_ng_ac_b_ep	vos	ng	nom-acc	balancing	erg-poss	vos	VS	VPA	5.0	76.0	80.0	85.0	0.520545600501044	0.6002430286238514	0.7000866067554558	0.17954100625441172
4_3_anc_A_marker	22_4_3_anc_A_marker	fig:heatmap-22-anc-a-marker	4.3 ANC A marker	83_vos_ng_ac_b_no	vos	ng	nom-acc	balancing	nomn	vos	VS	VPA	5.0	98.0	99.0	99.0	0.9600022327543785	0.9800010051162833	0.9800010051162833	0.019998772361904837
4_3_anc_A_marker	22_4_3_anc_A_marker	fig:heatmap-22-anc-a-marker	4.3 ANC A marker	84_vos_ng_ac_d_se	vos	ng	nom-acc	deranking	sent	vos	VS	VPA	5.0	10.0	7.000000000000001	7.000000000000001	2.900074736789042e-05	1.3868994905888153e-05	1.3868994905888153e-05	1.5131752462002268e-05
4_3_anc_A_marker	22_4_3_anc_A_marker	fig:heatmap-22-anc-a-marker	4.3 ANC A marker	85_vos_ng_ac_d_pa	vos	ng	nom-acc	deranking	poss-acc	vos	VS	VPA	5.0	96.0	95.0	96.0	0.9200055635398481	0.9000078003290506	0.9200055635398481	0.019997763210797492
4_3_anc_A_marker	22_4_3_anc_A_marker	fig:heatmap-22-anc-a-marker	4.3 ANC A marker	86_vos_ng_ac_d_ep	vos	ng	nom-acc	deranking	erg-poss	vos	VS	VPA	5.0	63.0	73.0	65.0	0.2671599293068453	0.4609956253156435	0.3048541952674525	0.1938356960087982
4_3_anc_A_marker	22_4_3_anc_A_marker	fig:heatmap-22-anc-a-marker	4.3 ANC A marker	87_vos_ng_ac_d_no	vos	ng	nom-acc	deranking	nomn	vos	VS	VPA	5.0	97.0	97.0	97.0	0.9400037321744893	0.9400037321744893	0.9400037321744893	0.0
4_3_anc_A_marker	22_4_3_anc_A_marker	fig:heatmap-22-anc-a-marker	4.3 ANC A marker	88_vos_ng_er_b_se	vos	ng	erg-abs	balancing	sent	vos	VS	VPA	5.0	32.0	33.0	52.0	0.002691169410899119	0.003278307152564848	0.09129698535007358	0.08860581593917446
4_3_anc_A_marker	22_4_3_anc_A_marker	fig:heatmap-22-anc-a-marker	4.3 ANC A marker	89_vos_ng_er_b_pa	vos	ng	erg-abs	balancing	poss-acc	vos	VS	VPA	5.0	77.0	69.0	71.0	0.5404461012900033	0.3822078817555662	0.4214838855772702	0.15823821953443706
4_3_anc_A_marker	22_4_3_anc_A_marker	fig:heatmap-22-anc-a-marker	4.3 ANC A marker	90_vos_ng_er_b_ep	vos	ng	erg-abs	balancing	erg-poss	vos	VS	VPA	5.0	11.0	10.0	8.0	3.6425216130852396e-05	2.900074736789042e-05	1.79443146094765e-05	1.8480901521375895e-05
4_3_anc_A_marker	22_4_3_anc_A_marker	fig:heatmap-22-anc-a-marker	4.3 ANC A marker	91_vos_ng_er_b_no	vos	ng	erg-abs	balancing	nomn	vos	VS	VPA	5.0	77.0	72.0	75.0	0.5404461012900033	0.44121571857084796	0.5006669949589901	0.0992303827191553
4_3_anc_A_marker	22_4_3_anc_A_marker	fig:heatmap-22-anc-a-marker	4.3 ANC A marker	92_vos_ng_er_d_se	vos	ng	erg-abs	deranking	sent	vos	VS	VPA	5.0	95.0	92.0	91.0	0.9000078003290506	0.8400179443146094	0.8200229216960366	0.07998487863301396
4_3_anc_A_marker	22_4_3_anc_A_marker	fig:heatmap-22-anc-a-marker	4.3 ANC A marker	93_vos_ng_er_d_pa	vos	ng	erg-abs	deranking	poss-acc	vos	VS	VPA	5.0	11.0	6.0	8.0	3.6425216130852396e-05	1.053228167900939e-05	1.79443146094765e-05	2.5892934451843007e-05
4_3_anc_A_marker	22_4_3_anc_A_marker	fig:heatmap-22-anc-a-marker	4.3 ANC A marker	94_vos_ng_er_d_ep	vos	ng	erg-abs	deranking	erg-poss	vos	VS	VPA	5.0	0.0	2.0	1.0	0.0	2.2327543786672006e-06	1.0051162832205811e-06	2.2327543786672006e-06
4_3_anc_A_marker	22_4_3_anc_A_marker	fig:heatmap-22-anc-a-marker	4.3 ANC A marker	95_vos_ng_er_d_no	vos	ng	erg-abs	deranking	nomn	vos	VS	VPA	5.0	26.0	48.0	33.0	0.000815066843905091	0.05129698535007358	0.003278307152564848	0.05048191850616849
4_4_anc_P_marker	23_4_4_anc_P_marker	fig:heatmap-23-anc-p-marker	4.4 ANC P marker	00_sov_gn_ac_b_se	sov	gn	nom-acc	balancing	sent	sov	SV	APV	5.0	98.0	97.0	92.0	0.9600022327543785	0.9400037321744893	0.8400179443146094	0.11998428843976905
4_4_anc_P_marker	23_4_4_anc_P_marker	fig:heatmap-23-anc-p-marker	4.4 ANC P marker	01_sov_gn_ac_b_pa	sov	gn	nom-acc	balancing	poss-acc	sov	SV	APV	5.0	96.0	93.0	94.0	0.9200055635398481	0.8600138689949057	0.880010532281679	0.05999169454494235
4_4_anc_P_marker	23_4_4_anc_P_marker	fig:heatmap-23-anc-p-marker	4.4 ANC P marker	02_sov_gn_ac_b_ep	sov	gn	nom-acc	balancing	erg-poss	sov	SV	APV	5.0	97.0	97.0	97.0	0.9400037321744893	0.9400037321744893	0.9400037321744893	0.0
4_4_anc_P_marker	23_4_4_anc_P_marker	fig:heatmap-23-anc-p-marker	4.4 ANC P marker	03_sov_gn_ac_b_no	sov	gn	nom-acc	balancing	nomn	sov	SV	APV	5.0	100.0	97.0	98.0	1.0	0.9400037321744893	0.9600022327543785	0.05999626782551071
4_4_anc_P_marker	23_4_4_anc_P_marker	fig:heatmap-23-anc-p-marker	4.4 ANC P marker	04_sov_gn_ac_d_se	sov	gn	nom-acc	deranking	sent	sov	SV	APV	5.0	99.0	100.0	100.0	0.9800010051162833	1.0	1.0	0.019998994883716703
4_4_anc_P_marker	23_4_4_anc_P_marker	fig:heatmap-23-anc-p-marker	4.4 ANC P marker	05_sov_gn_ac_d_pa	sov	gn	nom-acc	deranking	poss-acc	sov	SV	APV	5.0	97.0	98.0	95.0	0.9400037321744893	0.9600022327543785	0.9000078003290506	0.05999443242532787
4_4_anc_P_marker	23_4_4_anc_P_marker	fig:heatmap-23-anc-p-marker	4.4 ANC P marker	06_sov_gn_ac_d_ep	sov	gn	nom-acc	deranking	erg-poss	sov	SV	APV	5.0	87.0	96.0	87.0	0.7400565667123037	0.9200055635398481	0.7400565667123037	0.1799489968275444
4_4_anc_P_marker	23_4_4_anc_P_marker	fig:heatmap-23-anc-p-marker	4.4 ANC P marker	07_sov_gn_ac_d_no	sov	gn	nom-acc	deranking	nomn	sov	SV	APV	5.0	96.0	94.0	95.0	0.9200055635398481	0.880010532281679	0.9000078003290506	0.039995031258169056
4_4_anc_P_marker	23_4_4_anc_P_marker	fig:heatmap-23-anc-p-marker	4.4 ANC P marker	08_sov_gn_er_b_se	sov	gn	erg-abs	balancing	sent	sov	SV	APV	5.0	69.0	68.0	57.99999999999999	0.3822078817555662	0.36269116941089913	0.17838553419891207	0.20382234755665413
4_4_anc_P_marker	23_4_4_anc_P_marker	fig:heatmap-23-anc-p-marker	4.4 ANC P marker	09_sov_gn_er_b_pa	sov	gn	erg-abs	balancing	poss-acc	sov	SV	APV	5.0	20.0	30.0	34.0	0.0002430286238513585	0.001810452901859287	0.003990793426321349	0.003747764802469991
4_4_anc_P_marker	23_4_4_anc_P_marker	fig:heatmap-23-anc-p-marker	4.4 ANC P marker	10_sov_gn_er_b_ep	sov	gn	erg-abs	balancing	erg-poss	sov	SV	APV	5.0	100.0	100.0	99.0	1.0	1.0	0.9800010051162833	0.019998994883716703
4_4_anc_P_marker	23_4_4_anc_P_marker	fig:heatmap-23-anc-p-marker	4.4 ANC P marker	11_sov_gn_er_b_no	sov	gn	erg-abs	balancing	nomn	sov	SV	APV	5.0	99.0	100.0	98.0	0.9800010051162833	1.0	0.9600022327543785	0.03999776724562154
4_4_anc_P_marker	23_4_4_anc_P_marker	fig:heatmap-23-anc-p-marker	4.4 ANC P marker	12_sov_gn_er_d_se	sov	gn	erg-abs	deranking	sent	sov	SV	APV	5.0	93.0	95.0	90.0	0.8600138689949057	0.9000078003290506	0.8000290007473678	0.09997879958168276
4_4_anc_P_marker	23_4_4_anc_P_marker	fig:heatmap-23-anc-p-marker	4.4 ANC P marker	13_sov_gn_er_d_pa	sov	gn	erg-abs	deranking	poss-acc	sov	SV	APV	5.0	56.00000000000001	59.0	57.99999999999999	0.14632370684388155	0.19529322116268572	0.17838553419891207	0.04896951431880417
4_4_anc_P_marker	23_4_4_anc_P_marker	fig:heatmap-23-anc-p-marker	4.4 ANC P marker	14_sov_gn_er_d_ep	sov	gn	erg-abs	deranking	erg-poss	sov	SV	APV	5.0	95.0	95.0	98.0	0.9000078003290506	0.9000078003290506	0.9600022327543785	0.05999443242532787
4_4_anc_P_marker	23_4_4_anc_P_marker	fig:heatmap-23-anc-p-marker	4.4 ANC P marker	15_sov_gn_er_d_no	sov	gn	erg-abs	deranking	nomn	sov	SV	APV	5.0	95.0	93.0	90.0	0.9000078003290506	0.8600138689949057	0.8000290007473678	0.09997879958168276
4_4_anc_P_marker	23_4_4_anc_P_marker	fig:heatmap-23-anc-p-marker	4.4 ANC P marker	16_sov_ng_ac_b_se	sov	ng	nom-acc	balancing	sent	sov	SV	APV	5.0	95.0	99.0	97.0	0.9000078003290506	0.9800010051162833	0.9400037321744893	0.07999320478723271
4_4_anc_P_marker	23_4_4_anc_P_marker	fig:heatmap-23-anc-p-marker	4.4 ANC P marker	17_sov_ng_ac_b_pa	sov	ng	nom-acc	balancing	poss-acc	ovs	VS	PVA	5.0	97.0	97.0	98.0	0.9400037321744893	0.9400037321744893	0.9600022327543785	0.019998500579889167
4_4_anc_P_marker	23_4_4_anc_P_marker	fig:heatmap-23-anc-p-marker	4.4 ANC P marker	18_sov_ng_ac_b_ep	sov	ng	nom-acc	balancing	erg-poss	vos	VS	AVP	5.0	97.0	96.0	96.0	0.9400037321744893	0.9200055635398481	0.9200055635398481	0.01999816863464121
4_4_anc_P_marker	23_4_4_anc_P_marker	fig:heatmap-23-anc-p-marker	4.4 ANC P marker	19_sov_ng_ac_b_no	sov	ng	nom-acc	balancing	nomn	ovs	VS	PVA	5.0	99.0	95.0	99.0	0.9800010051162833	0.9000078003290506	0.9800010051162833	0.07999320478723271
4_4_anc_P_marker	23_4_4_anc_P_marker	fig:heatmap-23-anc-p-marker	4.4 ANC P marker	20_sov_ng_ac_d_se	sov	ng	nom-acc	deranking	sent	sov	SV	APV	5.0	100.0	100.0	100.0	1.0	1.0	1.0	0.0
4_4_anc_P_marker	23_4_4_anc_P_marker	fig:heatmap-23-anc-p-marker	4.4 ANC P marker	21_sov_ng_ac_d_pa	sov	ng	nom-acc	deranking	poss-acc	ovs	VS	PVA	5.0	100.0	99.0	99.0	1.0	0.9800010051162833	0.9800010051162833	0.019998994883716703
4_4_anc_P_marker	23_4_4_anc_P_marker	fig:heatmap-23-anc-p-marker	4.4 ANC P marker	22_sov_ng_ac_d_ep	sov	ng	nom-acc	deranking	erg-poss	vos	VS	AVP	5.0	96.0	96.0	96.0	0.9200055635398481	0.9200055635398481	0.9200055635398481	0.0
4_4_anc_P_marker	23_4_4_anc_P_marker	fig:heatmap-23-anc-p-marker	4.4 ANC P marker	23_sov_ng_ac_d_no	sov	ng	nom-acc	deranking	nomn	ovs	VS	PVA	5.0	92.0	96.0	95.0	0.8400179443146094	0.9200055635398481	0.9000078003290506	0.07998761922523867
4_4_anc_P_marker	23_4_4_anc_P_marker	fig:heatmap-23-anc-p-marker	4.4 ANC P marker	24_sov_ng_er_b_se	sov	ng	erg-abs	balancing	sent	sov	SV	APV	5.0	53.0	34.0	37.0	0.10374425515866688	0.003990793426321349	0.007159929306845295	0.09975346173234553
4_4_anc_P_marker	23_4_4_anc_P_marker	fig:heatmap-23-anc-p-marker	4.4 ANC P marker	25_sov_ng_er_b_pa	sov	ng	erg-abs	balancing	poss-acc	ovs	VS	PVA	5.0	67.0	74.0	60.0	0.3432783071525648	0.4808150668439051	0.2126882612143756	0.2681268056295295
4_4_anc_P_marker	23_4_4_anc_P_marker	fig:heatmap-23-anc-p-marker	4.4 ANC P marker	26_sov_ng_er_b_ep	sov	ng	erg-abs	balancing	erg-poss	vos	VS	AVP	5.0	100.0	100.0	100.0	1.0	1.0	1.0	0.0
4_4_anc_P_marker	23_4_4_anc_P_marker	fig:heatmap-23-anc-p-marker	4.4 ANC P marker	27_sov_ng_er_b_no	sov	ng	erg-abs	balancing	nomn	ovs	VS	PVA	5.0	99.0	97.0	99.0	0.9800010051162833	0.9400037321744893	0.9800010051162833	0.039997272941794004
4_4_anc_P_marker	23_4_4_anc_P_marker	fig:heatmap-23-anc-p-marker	4.4 ANC P marker	28_sov_ng_er_d_se	sov	ng	erg-abs	deranking	sent	sov	SV	APV	5.0	61.0	82.0	79.0	0.23050379208694793	0.6401614779514829	0.5802977582031614	0.409657685864535
4_4_anc_P_marker	23_4_4_anc_P_marker	fig:heatmap-23-anc-p-marker	4.4 ANC P marker	29_sov_ng_er_d_pa	sov	ng	erg-abs	deranking	poss-acc	ovs	VS	PVA	5.0	73.0	71.0	74.0	0.4609956253156435	0.4214838855772702	0.4808150668439051	0.05933118126663495
4_4_anc_P_marker	23_4_4_anc_P_marker	fig:heatmap-23-anc-p-marker	4.4 ANC P marker	30_sov_ng_er_d_ep	sov	ng	erg-abs	deranking	erg-poss	vos	VS	AVP	5.0	100.0	100.0	100.0	1.0	1.0	1.0	0.0
4_4_anc_P_marker	23_4_4_anc_P_marker	fig:heatmap-23-anc-p-marker	4.4 ANC P marker	31_sov_ng_er_d_no	sov	ng	erg-abs	deranking	nomn	ovs	VS	PVA	5.0	93.0	94.0	93.0	0.8600138689949057	0.880010532281679	0.8600138689949057	0.019996663286773297
4_4_anc_P_marker	23_4_4_anc_P_marker	fig:heatmap-23-anc-p-marker	4.4 ANC P marker	32_svo_gn_ac_b_se	svo	gn	nom-acc	balancing	sent	svo	SV	AVP	5.0	100.0	100.0	100.0	1.0	1.0	1.0	0.0
4_4_anc_P_marker	23_4_4_anc_P_marker	fig:heatmap-23-anc-p-marker	4.4 ANC P marker	33_svo_gn_ac_b_pa	svo	gn	nom-acc	balancing	poss-acc	svo	SV	AVP	5.0	100.0	100.0	100.0	1.0	1.0	1.0	0.0
4_4_anc_P_marker	23_4_4_anc_P_marker	fig:heatmap-23-anc-p-marker	4.4 ANC P marker	34_svo_gn_ac_b_ep	svo	gn	nom-acc	balancing	erg-poss	sov	SV	PVA	5.0	100.0	100.0	100.0	1.0	1.0	1.0	0.0
4_4_anc_P_marker	23_4_4_anc_P_marker	fig:heatmap-23-anc-p-marker	4.4 ANC P marker	35_svo_gn_ac_b_no	svo	gn	nom-acc	balancing	nomn	svo	SV	AVP	5.0	96.0	95.0	98.0	0.9200055635398481	0.9000078003290506	0.9600022327543785	0.05999443242532787
4_4_anc_P_marker	23_4_4_anc_P_marker	fig:heatmap-23-anc-p-marker	4.4 ANC P marker	36_svo_gn_ac_d_se	svo	gn	nom-acc	deranking	sent	svo	SV	AVP	5.0	100.0	100.0	100.0	1.0	1.0	1.0	0.0
4_4_anc_P_marker	23_4_4_anc_P_marker	fig:heatmap-23-anc-p-marker	4.4 ANC P marker	37_svo_gn_ac_d_pa	svo	gn	nom-acc	deranking	poss-acc	svo	SV	AVP	5.0	100.0	100.0	100.0	1.0	1.0	1.0	0.0
4_4_anc_P_marker	23_4_4_anc_P_marker	fig:heatmap-23-anc-p-marker	4.4 ANC P marker	38_svo_gn_ac_d_ep	svo	gn	nom-acc	deranking	erg-poss	sov	SV	PVA	5.0	100.0	100.0	99.0	1.0	1.0	0.9800010051162833	0.019998994883716703
4_4_anc_P_marker	23_4_4_anc_P_marker	fig:heatmap-23-anc-p-marker	4.4 ANC P marker	39_svo_gn_ac_d_no	svo	gn	nom-acc	deranking	nomn	svo	SV	AVP	5.0	94.0	96.0	98.0	0.880010532281679	0.9200055635398481	0.9600022327543785	0.07999170047269943
4_4_anc_P_marker	23_4_4_anc_P_marker	fig:heatmap-23-anc-p-marker	4.4 ANC P marker	40_svo_gn_er_b_se	svo	gn	erg-abs	balancing	sent	svo	SV	AVP	5.0	100.0	100.0	100.0	1.0	1.0	1.0	0.0
4_4_anc_P_marker	23_4_4_anc_P_marker	fig:heatmap-23-anc-p-marker	4.4 ANC P marker	41_svo_gn_er_b_pa	svo	gn	erg-abs	balancing	poss-acc	svo	SV	AVP	5.0	100.0	100.0	100.0	1.0	1.0	1.0	0.0
4_4_anc_P_marker	23_4_4_anc_P_marker	fig:heatmap-23-anc-p-marker	4.4 ANC P marker	42_svo_gn_er_b_ep	svo	gn	erg-abs	balancing	erg-poss	sov	SV	PVA	5.0	100.0	99.0	100.0	1.0	0.9800010051162833	1.0	0.019998994883716703
4_4_anc_P_marker	23_4_4_anc_P_marker	fig:heatmap-23-anc-p-marker	4.4 ANC P marker	43_svo_gn_er_b_no	svo	gn	erg-abs	balancing	nomn	svo	SV	AVP	5.0	95.0	99.0	99.0	0.9000078003290506	0.9800010051162833	0.9800010051162833	0.07999320478723271
4_4_anc_P_marker	23_4_4_anc_P_marker	fig:heatmap-23-anc-p-marker	4.4 ANC P marker	44_svo_gn_er_d_se	svo	gn	erg-abs	deranking	sent	svo	SV	AVP	5.0	100.0	100.0	100.0	1.0	1.0	1.0	0.0
4_4_anc_P_marker	23_4_4_anc_P_marker	fig:heatmap-23-anc-p-marker	4.4 ANC P marker	45_svo_gn_er_d_pa	svo	gn	erg-abs	deranking	poss-acc	svo	SV	AVP	5.0	100.0	100.0	100.0	1.0	1.0	1.0	0.0
4_4_anc_P_marker	23_4_4_anc_P_marker	fig:heatmap-23-anc-p-marker	4.4 ANC P marker	46_svo_gn_er_d_ep	svo	gn	erg-abs	deranking	erg-poss	sov	SV	PVA	5.0	100.0	100.0	100.0	1.0	1.0	1.0	0.0
4_4_anc_P_marker	23_4_4_anc_P_marker	fig:heatmap-23-anc-p-marker	4.4 ANC P marker	47_svo_gn_er_d_no	svo	gn	erg-abs	deranking	nomn	svo	SV	AVP	5.0	97.0	98.0	99.0	0.9400037321744893	0.9600022327543785	0.9800010051162833	0.039997272941794004
4_4_anc_P_marker	23_4_4_anc_P_marker	fig:heatmap-23-anc-p-marker	4.4 ANC P marker	48_svo_ng_ac_b_se	svo	ng	nom-acc	balancing	sent	svo	SV	AVP	5.0	91.0	92.0	90.0	0.8200229216960366	0.8400179443146094	0.8000290007473678	0.039988943567241586
4_4_anc_P_marker	23_4_4_anc_P_marker	fig:heatmap-23-anc-p-marker	4.4 ANC P marker	49_svo_ng_ac_b_pa	svo	ng	nom-acc	balancing	poss-acc	vos	VS	VPA	5.0	96.0	96.0	96.0	0.9200055635398481	0.9200055635398481	0.9200055635398481	0.0
4_4_anc_P_marker	23_4_4_anc_P_marker	fig:heatmap-23-anc-p-marker	4.4 ANC P marker	50_svo_ng_ac_b_ep	svo	ng	nom-acc	balancing	erg-poss	vos	VS	VPA	5.0	99.0	98.0	98.0	0.9800010051162833	0.9600022327543785	0.9600022327543785	0.019998772361904837
4_4_anc_P_marker	23_4_4_anc_P_marker	fig:heatmap-23-anc-p-marker	4.4 ANC P marker	51_svo_ng_ac_b_no	svo	ng	nom-acc	balancing	nomn	vos	VS	VPA	5.0	96.0	96.0	96.0	0.9200055635398481	0.9200055635398481	0.9200055635398481	0.0
4_4_anc_P_marker	23_4_4_anc_P_marker	fig:heatmap-23-anc-p-marker	4.4 ANC P marker	52_svo_ng_ac_d_se	svo	ng	nom-acc	deranking	sent	svo	SV	AVP	5.0	97.0	94.0	88.0	0.9400037321744893	0.880010532281679	0.7600454927350169	0.17995823943947242
4_4_anc_P_marker	23_4_4_anc_P_marker	fig:heatmap-23-anc-p-marker	4.4 ANC P marker	53_svo_ng_ac_d_pa	svo	ng	nom-acc	deranking	poss-acc	vos	VS	VPA	5.0	99.0	99.0	97.0	0.9800010051162833	0.9800010051162833	0.9400037321744893	0.039997272941794004
4_4_anc_P_marker	23_4_4_anc_P_marker	fig:heatmap-23-anc-p-marker	4.4 ANC P marker	54_svo_ng_ac_d_ep	svo	ng	nom-acc	deranking	erg-poss	vos	VS	VPA	5.0	97.0	96.0	97.0	0.9400037321744893	0.9200055635398481	0.9400037321744893	0.01999816863464121
4_4_anc_P_marker	23_4_4_anc_P_marker	fig:heatmap-23-anc-p-marker	4.4 ANC P marker	55_svo_ng_ac_d_no	svo	ng	nom-acc	deranking	nomn	vos	VS	VPA	5.0	95.0	96.0	95.0	0.9000078003290506	0.9200055635398481	0.9000078003290506	0.019997763210797492
4_4_anc_P_marker	23_4_4_anc_P_marker	fig:heatmap-23-anc-p-marker	4.4 ANC P marker	56_svo_ng_er_b_se	svo	ng	erg-abs	balancing	sent	svo	SV	AVP	5.0	77.0	77.0	54.0	0.5404461012900033	0.5404461012900033	0.1171055267048561	0.4233405745851472
4_4_anc_P_marker	23_4_4_anc_P_marker	fig:heatmap-23-anc-p-marker	4.4 ANC P marker	57_svo_ng_er_b_pa	svo	ng	erg-abs	balancing	poss-acc	vos	VS	VPA	5.0	51.0	47.0	43.0	0.0798093470482375	0.04374425515866688	0.022037201101923407	0.057772145946314094
4_4_anc_P_marker	23_4_4_anc_P_marker	fig:heatmap-23-anc-p-marker	4.4 ANC P marker	58_svo_ng_er_b_ep	svo	ng	erg-abs	balancing	erg-poss	vos	VS	VPA	5.0	95.0	99.0	99.0	0.9000078003290506	0.9800010051162833	0.9800010051162833	0.07999320478723271
4_4_anc_P_marker	23_4_4_anc_P_marker	fig:heatmap-23-anc-p-marker	4.4 ANC P marker	59_svo_ng_er_b_no	svo	ng	erg-abs	balancing	nomn	vos	VS	VPA	5.0	95.0	98.0	99.0	0.9000078003290506	0.9600022327543785	0.9800010051162833	0.07999320478723271
4_4_anc_P_marker	23_4_4_anc_P_marker	fig:heatmap-23-anc-p-marker	4.4 ANC P marker	60_svo_ng_er_d_se	svo	ng	erg-abs	deranking	sent	svo	SV	AVP	5.0	76.0	93.0	97.0	0.520545600501044	0.8600138689949057	0.9400037321744893	0.41945813167344526
4_4_anc_P_marker	23_4_4_anc_P_marker	fig:heatmap-23-anc-p-marker	4.4 ANC P marker	61_svo_ng_er_d_pa	svo	ng	erg-abs	deranking	poss-acc	vos	VS	VPA	5.0	60.0	65.0	39.0	0.2126882612143756	0.3048541952674525	0.010503792086947903	0.2943504031805046
4_4_anc_P_marker	23_4_4_anc_P_marker	fig:heatmap-23-anc-p-marker	4.4 ANC P marker	62_svo_ng_er_d_ep	svo	ng	erg-abs	deranking	erg-poss	vos	VS	VPA	5.0	90.0	89.0	88.0	0.8000290007473678	0.7800364252161309	0.7600454927350169	0.039983508012350955
4_4_anc_P_marker	23_4_4_anc_P_marker	fig:heatmap-23-anc-p-marker	4.4 ANC P marker	63_svo_ng_er_d_no	svo	ng	erg-abs	deranking	nomn	vos	VS	VPA	5.0	75.0	91.0	99.0	0.5006669949589901	0.8200229216960366	0.9800010051162833	0.47933401015729316
4_4_anc_P_marker	23_4_4_anc_P_marker	fig:heatmap-23-anc-p-marker	4.4 ANC P marker	64_vos_gn_ac_b_se	vos	gn	nom-acc	balancing	sent	vos	VS	VPA	5.0	84.0	85.0	80.0	0.6801067756461248	0.7000866067554558	0.6002430286238514	0.09984357813160438
4_4_anc_P_marker	23_4_4_anc_P_marker	fig:heatmap-23-anc-p-marker	4.4 ANC P marker	65_vos_gn_ac_b_pa	vos	gn	nom-acc	balancing	poss-acc	svo	SV	AVP	5.0	95.0	94.0	96.0	0.9000078003290506	0.880010532281679	0.9200055635398481	0.039995031258169056
4_4_anc_P_marker	23_4_4_anc_P_marker	fig:heatmap-23-anc-p-marker	4.4 ANC P marker	66_vos_gn_ac_b_ep	vos	gn	nom-acc	balancing	erg-poss	sov	SV	PVA	5.0	99.0	98.0	99.0	0.9800010051162833	0.9600022327543785	0.9800010051162833	0.019998772361904837
4_4_anc_P_marker	23_4_4_anc_P_marker	fig:heatmap-23-anc-p-marker	4.4 ANC P marker	67_vos_gn_ac_b_no	vos	gn	nom-acc	balancing	nomn	svo	SV	AVP	5.0	94.0	93.0	95.0	0.880010532281679	0.8600138689949057	0.9000078003290506	0.03999393133414486
4_4_anc_P_marker	23_4_4_anc_P_marker	fig:heatmap-23-anc-p-marker	4.4 ANC P marker	68_vos_gn_ac_d_se	vos	gn	nom-acc	deranking	sent	vos	VS	VPA	5.0	99.0	99.0	98.0	0.9800010051162833	0.9800010051162833	0.9600022327543785	0.019998772361904837
4_4_anc_P_marker	23_4_4_anc_P_marker	fig:heatmap-23-anc-p-marker	4.4 ANC P marker	69_vos_gn_ac_d_pa	vos	gn	nom-acc	deranking	poss-acc	svo	SV	AVP	5.0	98.0	94.0	95.0	0.9600022327543785	0.880010532281679	0.9000078003290506	0.07999170047269943
4_4_anc_P_marker	23_4_4_anc_P_marker	fig:heatmap-23-anc-p-marker	4.4 ANC P marker	70_vos_gn_ac_d_ep	vos	gn	nom-acc	deranking	erg-poss	sov	SV	PVA	5.0	99.0	97.0	99.0	0.9800010051162833	0.9400037321744893	0.9800010051162833	0.039997272941794004
4_4_anc_P_marker	23_4_4_anc_P_marker	fig:heatmap-23-anc-p-marker	4.4 ANC P marker	71_vos_gn_ac_d_no	vos	gn	nom-acc	deranking	nomn	svo	SV	AVP	5.0	99.0	97.0	99.0	0.9800010051162833	0.9400037321744893	0.9800010051162833	0.039997272941794004
4_4_anc_P_marker	23_4_4_anc_P_marker	fig:heatmap-23-anc-p-marker	4.4 ANC P marker	72_vos_gn_er_b_se	vos	gn	erg-abs	balancing	sent	vos	VS	VPA	5.0	46.0	41.0	42.0	0.03710552670485608	0.015293221162685725	0.018385534198912194	0.021812305542170358
4_4_anc_P_marker	23_4_4_anc_P_marker	fig:heatmap-23-anc-p-marker	4.4 ANC P marker	73_vos_gn_er_b_pa	vos	gn	erg-abs	balancing	poss-acc	svo	SV	AVP	5.0	67.0	69.0	67.0	0.3432783071525648	0.3822078817555662	0.3432783071525648	0.03892957460300139
4_4_anc_P_marker	23_4_4_anc_P_marker	fig:heatmap-23-anc-p-marker	4.4 ANC P marker	74_vos_gn_er_b_ep	vos	gn	erg-abs	balancing	erg-poss	sov	SV	PVA	5.0	100.0	100.0	100.0	1.0	1.0	1.0	0.0
4_4_anc_P_marker	23_4_4_anc_P_marker	fig:heatmap-23-anc-p-marker	4.4 ANC P marker	75_vos_gn_er_b_no	vos	gn	erg-abs	balancing	nomn	svo	SV	AVP	5.0	100.0	99.0	100.0	1.0	0.9800010051162833	1.0	0.019998994883716703
4_4_anc_P_marker	23_4_4_anc_P_marker	fig:heatmap-23-anc-p-marker	4.4 ANC P marker	76_vos_gn_er_d_se	vos	gn	erg-abs	deranking	sent	vos	VS	VPA	5.0	95.0	90.0	91.0	0.9000078003290506	0.8000290007473678	0.8200229216960366	0.09997879958168276
4_4_anc_P_marker	23_4_4_anc_P_marker	fig:heatmap-23-anc-p-marker	4.4 ANC P marker	77_vos_gn_er_d_pa	vos	gn	erg-abs	deranking	poss-acc	svo	SV	AVP	5.0	79.0	73.0	87.0	0.5802977582031614	0.4609956253156435	0.7400565667123037	0.2790609413966602
4_4_anc_P_marker	23_4_4_anc_P_marker	fig:heatmap-23-anc-p-marker	4.4 ANC P marker	78_vos_gn_er_d_ep	vos	gn	erg-abs	deranking	erg-poss	sov	SV	PVA	5.0	100.0	100.0	100.0	1.0	1.0	1.0	0.0
4_4_anc_P_marker	23_4_4_anc_P_marker	fig:heatmap-23-anc-p-marker	4.4 ANC P marker	79_vos_gn_er_d_no	vos	gn	erg-abs	deranking	nomn	svo	SV	AVP	5.0	100.0	99.0	100.0	1.0	0.9800010051162833	1.0	0.019998994883716703
4_4_anc_P_marker	23_4_4_anc_P_marker	fig:heatmap-23-anc-p-marker	4.4 ANC P marker	80_vos_ng_ac_b_se	vos	ng	nom-acc	balancing	sent	vos	VS	VPA	5.0	96.0	92.0	91.0	0.9200055635398481	0.8400179443146094	0.8200229216960366	0.09998264184381145
4_4_anc_P_marker	23_4_4_anc_P_marker	fig:heatmap-23-anc-p-marker	4.4 ANC P marker	81_vos_ng_ac_b_pa	vos	ng	nom-acc	balancing	poss-acc	vos	VS	VPA	5.0	93.0	90.0	87.0	0.8600138689949057	0.8000290007473678	0.7400565667123037	0.11995730228260204
4_4_anc_P_marker	23_4_4_anc_P_marker	fig:heatmap-23-anc-p-marker	4.4 ANC P marker	82_vos_ng_ac_b_ep	vos	ng	nom-acc	balancing	erg-poss	vos	VS	VPA	5.0	94.0	97.0	97.0	0.880010532281679	0.9400037321744893	0.9400037321744893	0.05999319989281027
4_4_anc_P_marker	23_4_4_anc_P_marker	fig:heatmap-23-anc-p-marker	4.4 ANC P marker	83_vos_ng_ac_b_no	vos	ng	nom-acc	balancing	nomn	vos	VS	VPA	5.0	93.0	93.0	94.0	0.8600138689949057	0.8600138689949057	0.880010532281679	0.019996663286773297
4_4_anc_P_marker	23_4_4_anc_P_marker	fig:heatmap-23-anc-p-marker	4.4 ANC P marker	84_vos_ng_ac_d_se	vos	ng	nom-acc	deranking	sent	vos	VS	VPA	5.0	99.0	100.0	99.0	0.9800010051162833	1.0	0.9800010051162833	0.019998994883716703
4_4_anc_P_marker	23_4_4_anc_P_marker	fig:heatmap-23-anc-p-marker	4.4 ANC P marker	85_vos_ng_ac_d_pa	vos	ng	nom-acc	deranking	poss-acc	vos	VS	VPA	5.0	97.0	96.0	99.0	0.9400037321744893	0.9200055635398481	0.9800010051162833	0.059995441576435216
4_4_anc_P_marker	23_4_4_anc_P_marker	fig:heatmap-23-anc-p-marker	4.4 ANC P marker	86_vos_ng_ac_d_ep	vos	ng	nom-acc	deranking	erg-poss	vos	VS	VPA	5.0	98.0	97.0	98.0	0.9600022327543785	0.9400037321744893	0.9600022327543785	0.019998500579889167
4_4_anc_P_marker	23_4_4_anc_P_marker	fig:heatmap-23-anc-p-marker	4.4 ANC P marker	87_vos_ng_ac_d_no	vos	ng	nom-acc	deranking	nomn	vos	VS	VPA	5.0	96.0	96.0	98.0	0.9200055635398481	0.9200055635398481	0.9600022327543785	0.03999666921453038
4_4_anc_P_marker	23_4_4_anc_P_marker	fig:heatmap-23-anc-p-marker	4.4 ANC P marker	88_vos_ng_er_b_se	vos	ng	erg-abs	balancing	sent	vos	VS	VPA	5.0	49.0	65.0	49.0	0.059809347048237496	0.3048541952674525	0.059809347048237496	0.24504484821921502
4_4_anc_P_marker	23_4_4_anc_P_marker	fig:heatmap-23-anc-p-marker	4.4 ANC P marker	89_vos_ng_er_b_pa	vos	ng	erg-abs	balancing	poss-acc	vos	VS	VPA	5.0	41.0	31.0	10.0	0.015293221162685725	0.0022078817555662334	2.900074736789042e-05	0.015264220415317834
4_4_anc_P_marker	23_4_4_anc_P_marker	fig:heatmap-23-anc-p-marker	4.4 ANC P marker	90_vos_ng_er_b_ep	vos	ng	erg-abs	balancing	erg-poss	vos	VS	VPA	5.0	100.0	100.0	100.0	1.0	1.0	1.0	0.0
4_4_anc_P_marker	23_4_4_anc_P_marker	fig:heatmap-23-anc-p-marker	4.4 ANC P marker	91_vos_ng_er_b_no	vos	ng	erg-abs	balancing	nomn	vos	VS	VPA	5.0	99.0	100.0	99.0	0.9800010051162833	1.0	0.9800010051162833	0.019998994883716703
4_4_anc_P_marker	23_4_4_anc_P_marker	fig:heatmap-23-anc-p-marker	4.4 ANC P marker	92_vos_ng_er_d_se	vos	ng	erg-abs	deranking	sent	vos	VS	VPA	5.0	93.0	97.0	92.0	0.8600138689949057	0.9400037321744893	0.8400179443146094	0.09998578785987988
4_4_anc_P_marker	23_4_4_anc_P_marker	fig:heatmap-23-anc-p-marker	4.4 ANC P marker	93_vos_ng_er_d_pa	vos	ng	erg-abs	deranking	poss-acc	vos	VS	VPA	5.0	72.0	66.0	72.0	0.44121571857084796	0.32399079342632137	0.44121571857084796	0.11722492514452659
4_4_anc_P_marker	23_4_4_anc_P_marker	fig:heatmap-23-anc-p-marker	4.4 ANC P marker	94_vos_ng_er_d_ep	vos	ng	erg-abs	deranking	erg-poss	vos	VS	VPA	5.0	98.0	96.0	96.0	0.9600022327543785	0.9200055635398481	0.9200055635398481	0.03999666921453038
4_4_anc_P_marker	23_4_4_anc_P_marker	fig:heatmap-23-anc-p-marker	4.4 ANC P marker	95_vos_ng_er_d_no	vos	ng	erg-abs	deranking	nomn	vos	VS	VPA	5.0	87.0	97.0	97.0	0.7400565667123037	0.9400037321744893	0.9400037321744893	0.1999471654621856
4_5_anc_SV_order	24_4_5_anc_SV_order	fig:heatmap-24-anc-sv-order	4.5 ANC S--V order	00_sov_gn_ac_b_se	sov	gn	nom-acc	balancing	sent	sov	SV	APV	5.0	100.0	100.0	100.0	1.0	1.0	1.0	0.0
4_5_anc_SV_order	24_4_5_anc_SV_order	fig:heatmap-24-anc-sv-order	4.5 ANC S--V order	01_sov_gn_ac_b_pa	sov	gn	nom-acc	balancing	poss-acc	sov	SV	APV	5.0	100.0	100.0	100.0	1.0	1.0	1.0	0.0
4_5_anc_SV_order	24_4_5_anc_SV_order	fig:heatmap-24-anc-sv-order	4.5 ANC S--V order	02_sov_gn_ac_b_ep	sov	gn	nom-acc	balancing	erg-poss	sov	SV	APV	5.0	100.0	100.0	100.0	1.0	1.0	1.0	0.0
4_5_anc_SV_order	24_4_5_anc_SV_order	fig:heatmap-24-anc-sv-order	4.5 ANC S--V order	03_sov_gn_ac_b_no	sov	gn	nom-acc	balancing	nomn	sov	SV	APV	5.0	100.0	100.0	100.0	1.0	1.0	1.0	0.0
4_5_anc_SV_order	24_4_5_anc_SV_order	fig:heatmap-24-anc-sv-order	4.5 ANC S--V order	04_sov_gn_ac_d_se	sov	gn	nom-acc	deranking	sent	sov	SV	APV	5.0	100.0	100.0	100.0	1.0	1.0	1.0	0.0
4_5_anc_SV_order	24_4_5_anc_SV_order	fig:heatmap-24-anc-sv-order	4.5 ANC S--V order	05_sov_gn_ac_d_pa	sov	gn	nom-acc	deranking	poss-acc	sov	SV	APV	5.0	100.0	100.0	100.0	1.0	1.0	1.0	0.0
4_5_anc_SV_order	24_4_5_anc_SV_order	fig:heatmap-24-anc-sv-order	4.5 ANC S--V order	06_sov_gn_ac_d_ep	sov	gn	nom-acc	deranking	erg-poss	sov	SV	APV	5.0	100.0	100.0	100.0	1.0	1.0	1.0	0.0
4_5_anc_SV_order	24_4_5_anc_SV_order	fig:heatmap-24-anc-sv-order	4.5 ANC S--V order	07_sov_gn_ac_d_no	sov	gn	nom-acc	deranking	nomn	sov	SV	APV	5.0	100.0	100.0	100.0	1.0	1.0	1.0	0.0
4_5_anc_SV_order	24_4_5_anc_SV_order	fig:heatmap-24-anc-sv-order	4.5 ANC S--V order	08_sov_gn_er_b_se	sov	gn	erg-abs	balancing	sent	sov	SV	APV	5.0	98.0	99.0	99.0	0.9600022327543785	0.9800010051162833	0.9800010051162833	0.019998772361904837
4_5_anc_SV_order	24_4_5_anc_SV_order	fig:heatmap-24-anc-sv-order	4.5 ANC S--V order	09_sov_gn_er_b_pa	sov	gn	erg-abs	balancing	poss-acc	sov	SV	APV	5.0	100.0	100.0	100.0	1.0	1.0	1.0	0.0
4_5_anc_SV_order	24_4_5_anc_SV_order	fig:heatmap-24-anc-sv-order	4.5 ANC S--V order	10_sov_gn_er_b_ep	sov	gn	erg-abs	balancing	erg-poss	sov	SV	APV	5.0	100.0	100.0	100.0	1.0	1.0	1.0	0.0
4_5_anc_SV_order	24_4_5_anc_SV_order	fig:heatmap-24-anc-sv-order	4.5 ANC S--V order	11_sov_gn_er_b_no	sov	gn	erg-abs	balancing	nomn	sov	SV	APV	5.0	100.0	100.0	100.0	1.0	1.0	1.0	0.0
4_5_anc_SV_order	24_4_5_anc_SV_order	fig:heatmap-24-anc-sv-order	4.5 ANC S--V order	12_sov_gn_er_d_se	sov	gn	erg-abs	deranking	sent	sov	SV	APV	5.0	99.0	100.0	99.0	0.9800010051162833	1.0	0.9800010051162833	0.019998994883716703
4_5_anc_SV_order	24_4_5_anc_SV_order	fig:heatmap-24-anc-sv-order	4.5 ANC S--V order	13_sov_gn_er_d_pa	sov	gn	erg-abs	deranking	poss-acc	sov	SV	APV	5.0	100.0	100.0	100.0	1.0	1.0	1.0	0.0
4_5_anc_SV_order	24_4_5_anc_SV_order	fig:heatmap-24-anc-sv-order	4.5 ANC S--V order	14_sov_gn_er_d_ep	sov	gn	erg-abs	deranking	erg-poss	sov	SV	APV	5.0	100.0	100.0	100.0	1.0	1.0	1.0	0.0
4_5_anc_SV_order	24_4_5_anc_SV_order	fig:heatmap-24-anc-sv-order	4.5 ANC S--V order	15_sov_gn_er_d_no	sov	gn	erg-abs	deranking	nomn	sov	SV	APV	5.0	100.0	100.0	100.0	1.0	1.0	1.0	0.0
4_5_anc_SV_order	24_4_5_anc_SV_order	fig:heatmap-24-anc-sv-order	4.5 ANC S--V order	16_sov_ng_ac_b_se	sov	ng	nom-acc	balancing	sent	sov	SV	APV	5.0	97.0	99.0	100.0	0.9400037321744893	0.9800010051162833	1.0	0.05999626782551071
4_5_anc_SV_order	24_4_5_anc_SV_order	fig:heatmap-24-anc-sv-order	4.5 ANC S--V order	17_sov_ng_ac_b_pa	sov	ng	nom-acc	balancing	poss-acc	ovs	VS	PVA	5.0	66.0	72.0	79.0	0.32399079342632137	0.44121571857084796	0.5802977582031614	0.25630696477684006
4_5_anc_SV_order	24_4_5_anc_SV_order	fig:heatmap-24-anc-sv-order	4.5 ANC S--V order	18_sov_ng_ac_b_ep	sov	ng	nom-acc	balancing	erg-poss	vos	VS	AVP	5.0	94.0	88.0	87.0	0.880010532281679	0.7600454927350169	0.7400565667123037	0.13995396556937534
4_5_anc_SV_order	24_4_5_anc_SV_order	fig:heatmap-24-anc-sv-order	4.5 ANC S--V order	19_sov_ng_ac_b_no	sov	ng	nom-acc	balancing	nomn	ovs	VS	PVA	5.0	64.0	62.0	72.0	0.28589874273887544	0.2486790753254733	0.44121571857084796	0.19253664324537467
4_5_anc_SV_order	24_4_5_anc_SV_order	fig:heatmap-24-anc-sv-order	4.5 ANC S--V order	20_sov_ng_ac_d_se	sov	ng	nom-acc	deranking	sent	sov	SV	APV	5.0	100.0	100.0	99.0	1.0	1.0	0.9800010051162833	0.019998994883716703
4_5_anc_SV_order	24_4_5_anc_SV_order	fig:heatmap-24-anc-sv-order	4.5 ANC S--V order	21_sov_ng_ac_d_pa	sov	ng	nom-acc	deranking	poss-acc	ovs	VS	PVA	5.0	70.0	71.0	73.0	0.40181045290185924	0.4214838855772702	0.4609956253156435	0.05918517241378424
4_5_anc_SV_order	24_4_5_anc_SV_order	fig:heatmap-24-anc-sv-order	4.5 ANC S--V order	22_sov_ng_ac_d_ep	sov	ng	nom-acc	deranking	erg-poss	vos	VS	AVP	5.0	90.0	89.0	91.0	0.8000290007473678	0.7800364252161309	0.8200229216960366	0.03998649647990571
4_5_anc_SV_order	24_4_5_anc_SV_order	fig:heatmap-24-anc-sv-order	4.5 ANC S--V order	23_sov_ng_ac_d_no	sov	ng	nom-acc	deranking	nomn	ovs	VS	PVA	5.0	76.0	75.0	74.0	0.520545600501044	0.5006669949589901	0.4808150668439051	0.03973053365713891
4_5_anc_SV_order	24_4_5_anc_SV_order	fig:heatmap-24-anc-sv-order	4.5 ANC S--V order	24_sov_ng_er_b_se	sov	ng	erg-abs	balancing	sent	sov	SV	APV	5.0	98.0	100.0	97.0	0.9600022327543785	1.0	0.9400037321744893	0.05999626782551071
4_5_anc_SV_order	24_4_5_anc_SV_order	fig:heatmap-24-anc-sv-order	4.5 ANC S--V order	25_sov_ng_er_b_pa	sov	ng	erg-abs	balancing	poss-acc	ovs	VS	PVA	5.0	70.0	66.0	63.0	0.40181045290185924	0.32399079342632137	0.2671599293068453	0.13465052359501395
4_5_anc_SV_order	24_4_5_anc_SV_order	fig:heatmap-24-anc-sv-order	4.5 ANC S--V order	26_sov_ng_er_b_ep	sov	ng	erg-abs	balancing	erg-poss	vos	VS	AVP	5.0	93.0	99.0	100.0	0.8600138689949057	0.9800010051162833	1.0	0.13998613100509427
4_5_anc_SV_order	24_4_5_anc_SV_order	fig:heatmap-24-anc-sv-order	4.5 ANC S--V order	27_sov_ng_er_b_no	sov	ng	erg-abs	balancing	nomn	ovs	VS	PVA	5.0	73.0	74.0	67.0	0.4609956253156435	0.4808150668439051	0.3432783071525648	0.13753675969134033
4_5_anc_SV_order	24_4_5_anc_SV_order	fig:heatmap-24-anc-sv-order	4.5 ANC S--V order	28_sov_ng_er_d_se	sov	ng	erg-abs	deranking	sent	sov	SV	APV	5.0	100.0	98.0	96.0	1.0	0.9600022327543785	0.9200055635398481	0.07999443646015192
4_5_anc_SV_order	24_4_5_anc_SV_order	fig:heatmap-24-anc-sv-order	4.5 ANC S--V order	29_sov_ng_er_d_pa	sov	ng	erg-abs	deranking	poss-acc	ovs	VS	PVA	5.0	37.0	30.0	34.0	0.007159929306845295	0.001810452901859287	0.003990793426321349	0.005349476404986007
4_5_anc_SV_order	24_4_5_anc_SV_order	fig:heatmap-24-anc-sv-order	4.5 ANC S--V order	30_sov_ng_er_d_ep	sov	ng	erg-abs	deranking	erg-poss	vos	VS	AVP	5.0	75.0	78.0	83.0	0.5006669949589901	0.5603645644527729	0.6601314044676043	0.15946440950861418
4_5_anc_SV_order	24_4_5_anc_SV_order	fig:heatmap-24-anc-sv-order	4.5 ANC S--V order	31_sov_ng_er_d_no	sov	ng	erg-abs	deranking	nomn	ovs	VS	PVA	5.0	56.00000000000001	47.0	47.0	0.14632370684388155	0.04374425515866688	0.04374425515866688	0.10257945168521466
4_5_anc_SV_order	24_4_5_anc_SV_order	fig:heatmap-24-anc-sv-order	4.5 ANC S--V order	32_svo_gn_ac_b_se	svo	gn	nom-acc	balancing	sent	svo	SV	AVP	5.0	100.0	100.0	100.0	1.0	1.0	1.0	0.0
4_5_anc_SV_order	24_4_5_anc_SV_order	fig:heatmap-24-anc-sv-order	4.5 ANC S--V order	33_svo_gn_ac_b_pa	svo	gn	nom-acc	balancing	poss-acc	svo	SV	AVP	5.0	100.0	100.0	100.0	1.0	1.0	1.0	0.0
4_5_anc_SV_order	24_4_5_anc_SV_order	fig:heatmap-24-anc-sv-order	4.5 ANC S--V order	34_svo_gn_ac_b_ep	svo	gn	nom-acc	balancing	erg-poss	sov	SV	PVA	5.0	100.0	100.0	100.0	1.0	1.0	1.0	0.0
4_5_anc_SV_order	24_4_5_anc_SV_order	fig:heatmap-24-anc-sv-order	4.5 ANC S--V order	35_svo_gn_ac_b_no	svo	gn	nom-acc	balancing	nomn	svo	SV	AVP	5.0	100.0	100.0	100.0	1.0	1.0	1.0	0.0
4_5_anc_SV_order	24_4_5_anc_SV_order	fig:heatmap-24-anc-sv-order	4.5 ANC S--V order	36_svo_gn_ac_d_se	svo	gn	nom-acc	deranking	sent	svo	SV	AVP	5.0	100.0	100.0	100.0	1.0	1.0	1.0	0.0
4_5_anc_SV_order	24_4_5_anc_SV_order	fig:heatmap-24-anc-sv-order	4.5 ANC S--V order	37_svo_gn_ac_d_pa	svo	gn	nom-acc	deranking	poss-acc	svo	SV	AVP	5.0	100.0	100.0	100.0	1.0	1.0	1.0	0.0
4_5_anc_SV_order	24_4_5_anc_SV_order	fig:heatmap-24-anc-sv-order	4.5 ANC S--V order	38_svo_gn_ac_d_ep	svo	gn	nom-acc	deranking	erg-poss	sov	SV	PVA	5.0	100.0	100.0	100.0	1.0	1.0	1.0	0.0
4_5_anc_SV_order	24_4_5_anc_SV_order	fig:heatmap-24-anc-sv-order	4.5 ANC S--V order	39_svo_gn_ac_d_no	svo	gn	nom-acc	deranking	nomn	svo	SV	AVP	5.0	100.0	100.0	100.0	1.0	1.0	1.0	0.0
4_5_anc_SV_order	24_4_5_anc_SV_order	fig:heatmap-24-anc-sv-order	4.5 ANC S--V order	40_svo_gn_er_b_se	svo	gn	erg-abs	balancing	sent	svo	SV	AVP	5.0	32.0	26.0	26.0	0.002691169410899119	0.000815066843905091	0.000815066843905091	0.0018761025669940283
4_5_anc_SV_order	24_4_5_anc_SV_order	fig:heatmap-24-anc-sv-order	4.5 ANC S--V order	41_svo_gn_er_b_pa	svo	gn	erg-abs	balancing	poss-acc	svo	SV	AVP	5.0	100.0	99.0	100.0	1.0	0.9800010051162833	1.0	0.019998994883716703
4_5_anc_SV_order	24_4_5_anc_SV_order	fig:heatmap-24-anc-sv-order	4.5 ANC S--V order	42_svo_gn_er_b_ep	svo	gn	erg-abs	balancing	erg-poss	sov	SV	PVA	5.0	100.0	100.0	100.0	1.0	1.0	1.0	0.0
4_5_anc_SV_order	24_4_5_anc_SV_order	fig:heatmap-24-anc-sv-order	4.5 ANC S--V order	43_svo_gn_er_b_no	svo	gn	erg-abs	balancing	nomn	svo	SV	AVP	5.0	100.0	100.0	99.0	1.0	1.0	0.9800010051162833	0.019998994883716703
4_5_anc_SV_order	24_4_5_anc_SV_order	fig:heatmap-24-anc-sv-order	4.5 ANC S--V order	44_svo_gn_er_d_se	svo	gn	erg-abs	deranking	sent	svo	SV	AVP	5.0	66.0	73.0	68.0	0.32399079342632137	0.4609956253156435	0.36269116941089913	0.1370048318893221
4_5_anc_SV_order	24_4_5_anc_SV_order	fig:heatmap-24-anc-sv-order	4.5 ANC S--V order	45_svo_gn_er_d_pa	svo	gn	erg-abs	deranking	poss-acc	svo	SV	AVP	5.0	100.0	100.0	99.0	1.0	1.0	0.9800010051162833	0.019998994883716703
4_5_anc_SV_order	24_4_5_anc_SV_order	fig:heatmap-24-anc-sv-order	4.5 ANC S--V order	46_svo_gn_er_d_ep	svo	gn	erg-abs	deranking	erg-poss	sov	SV	PVA	5.0	100.0	100.0	100.0	1.0	1.0	1.0	0.0
4_5_anc_SV_order	24_4_5_anc_SV_order	fig:heatmap-24-anc-sv-order	4.5 ANC S--V order	47_svo_gn_er_d_no	svo	gn	erg-abs	deranking	nomn	svo	SV	AVP	5.0	99.0	100.0	100.0	0.9800010051162833	1.0	1.0	0.019998994883716703
4_5_anc_SV_order	24_4_5_anc_SV_order	fig:heatmap-24-anc-sv-order	4.5 ANC S--V order	48_svo_ng_ac_b_se	svo	ng	nom-acc	balancing	sent	svo	SV	AVP	5.0	100.0	100.0	100.0	1.0	1.0	1.0	0.0
4_5_anc_SV_order	24_4_5_anc_SV_order	fig:heatmap-24-anc-sv-order	4.5 ANC S--V order	49_svo_ng_ac_b_pa	svo	ng	nom-acc	balancing	poss-acc	vos	VS	VPA	5.0	100.0	100.0	100.0	1.0	1.0	1.0	0.0
4_5_anc_SV_order	24_4_5_anc_SV_order	fig:heatmap-24-anc-sv-order	4.5 ANC S--V order	50_svo_ng_ac_b_ep	svo	ng	nom-acc	balancing	erg-poss	vos	VS	VPA	5.0	100.0	100.0	100.0	1.0	1.0	1.0	0.0
4_5_anc_SV_order	24_4_5_anc_SV_order	fig:heatmap-24-anc-sv-order	4.5 ANC S--V order	51_svo_ng_ac_b_no	svo	ng	nom-acc	balancing	nomn	vos	VS	VPA	5.0	100.0	100.0	100.0	1.0	1.0	1.0	0.0
4_5_anc_SV_order	24_4_5_anc_SV_order	fig:heatmap-24-anc-sv-order	4.5 ANC S--V order	52_svo_ng_ac_d_se	svo	ng	nom-acc	deranking	sent	svo	SV	AVP	5.0	100.0	100.0	100.0	1.0	1.0	1.0	0.0
4_5_anc_SV_order	24_4_5_anc_SV_order	fig:heatmap-24-anc-sv-order	4.5 ANC S--V order	53_svo_ng_ac_d_pa	svo	ng	nom-acc	deranking	poss-acc	vos	VS	VPA	5.0	100.0	100.0	100.0	1.0	1.0	1.0	0.0
4_5_anc_SV_order	24_4_5_anc_SV_order	fig:heatmap-24-anc-sv-order	4.5 ANC S--V order	54_svo_ng_ac_d_ep	svo	ng	nom-acc	deranking	erg-poss	vos	VS	VPA	5.0	100.0	100.0	100.0	1.0	1.0	1.0	0.0
4_5_anc_SV_order	24_4_5_anc_SV_order	fig:heatmap-24-anc-sv-order	4.5 ANC S--V order	55_svo_ng_ac_d_no	svo	ng	nom-acc	deranking	nomn	vos	VS	VPA	5.0	100.0	100.0	100.0	1.0	1.0	1.0	0.0
4_5_anc_SV_order	24_4_5_anc_SV_order	fig:heatmap-24-anc-sv-order	4.5 ANC S--V order	56_svo_ng_er_b_se	svo	ng	erg-abs	balancing	sent	svo	SV	AVP	5.0	32.0	30.0	35.0	0.002691169410899119	0.001810452901859287	0.00485419526745252	0.0030437423655932327
4_5_anc_SV_order	24_4_5_anc_SV_order	fig:heatmap-24-anc-sv-order	4.5 ANC S--V order	57_svo_ng_er_b_pa	svo	ng	erg-abs	balancing	poss-acc	vos	VS	VPA	5.0	99.0	100.0	100.0	0.9800010051162833	1.0	1.0	0.019998994883716703
4_5_anc_SV_order	24_4_5_anc_SV_order	fig:heatmap-24-anc-sv-order	4.5 ANC S--V order	58_svo_ng_er_b_ep	svo	ng	erg-abs	balancing	erg-poss	vos	VS	VPA	5.0	100.0	100.0	100.0	1.0	1.0	1.0	0.0
4_5_anc_SV_order	24_4_5_anc_SV_order	fig:heatmap-24-anc-sv-order	4.5 ANC S--V order	59_svo_ng_er_b_no	svo	ng	erg-abs	balancing	nomn	vos	VS	VPA	5.0	100.0	100.0	100.0	1.0	1.0	1.0	0.0
4_5_anc_SV_order	24_4_5_anc_SV_order	fig:heatmap-24-anc-sv-order	4.5 ANC S--V order	60_svo_ng_er_d_se	svo	ng	erg-abs	deranking	sent	svo	SV	AVP	5.0	61.0	76.0	71.0	0.23050379208694793	0.520545600501044	0.4214838855772702	0.2900418084140961
4_5_anc_SV_order	24_4_5_anc_SV_order	fig:heatmap-24-anc-sv-order	4.5 ANC S--V order	61_svo_ng_er_d_pa	svo	ng	erg-abs	deranking	poss-acc	vos	VS	VPA	5.0	63.0	81.0	86.0	0.2671599293068453	0.6201981975224622	0.7200700908352611	0.4529101615284158
4_5_anc_SV_order	24_4_5_anc_SV_order	fig:heatmap-24-anc-sv-order	4.5 ANC S--V order	62_svo_ng_er_d_ep	svo	ng	erg-abs	deranking	erg-poss	vos	VS	VPA	5.0	81.0	82.0	88.0	0.6201981975224622	0.6401614779514829	0.7600454927350169	0.13984729521255468
4_5_anc_SV_order	24_4_5_anc_SV_order	fig:heatmap-24-anc-sv-order	4.5 ANC S--V order	63_svo_ng_er_d_no	svo	ng	erg-abs	deranking	nomn	vos	VS	VPA	5.0	74.0	87.0	95.0	0.4808150668439051	0.7400565667123037	0.9000078003290506	0.41919273348514546
4_5_anc_SV_order	24_4_5_anc_SV_order	fig:heatmap-24-anc-sv-order	4.5 ANC S--V order	64_vos_gn_ac_b_se	vos	gn	nom-acc	balancing	sent	vos	VS	VPA	5.0	88.0	91.0	92.0	0.7600454927350169	0.8200229216960366	0.8400179443146094	0.07997245157959254
4_5_anc_SV_order	24_4_5_anc_SV_order	fig:heatmap-24-anc-sv-order	4.5 ANC S--V order	65_vos_gn_ac_b_pa	vos	gn	nom-acc	balancing	poss-acc	svo	SV	AVP	5.0	67.0	77.0	73.0	0.3432783071525648	0.5404461012900033	0.4609956253156435	0.19716779413743846
4_5_anc_SV_order	24_4_5_anc_SV_order	fig:heatmap-24-anc-sv-order	4.5 ANC S--V order	66_vos_gn_ac_b_ep	vos	gn	nom-acc	balancing	erg-poss	sov	SV	PVA	5.0	89.0	91.0	92.0	0.7800364252161309	0.8200229216960366	0.8400179443146094	0.059981519098478486
4_5_anc_SV_order	24_4_5_anc_SV_order	fig:heatmap-24-anc-sv-order	4.5 ANC S--V order	67_vos_gn_ac_b_no	vos	gn	nom-acc	balancing	nomn	svo	SV	AVP	5.0	74.0	67.0	73.0	0.4808150668439051	0.3432783071525648	0.4609956253156435	0.13753675969134033
4_5_anc_SV_order	24_4_5_anc_SV_order	fig:heatmap-24-anc-sv-order	4.5 ANC S--V order	68_vos_gn_ac_d_se	vos	gn	nom-acc	deranking	sent	vos	VS	VPA	5.0	96.0	98.0	94.0	0.9200055635398481	0.9600022327543785	0.880010532281679	0.07999170047269943
4_5_anc_SV_order	24_4_5_anc_SV_order	fig:heatmap-24-anc-sv-order	4.5 ANC S--V order	69_vos_gn_ac_d_pa	vos	gn	nom-acc	deranking	poss-acc	svo	SV	AVP	5.0	71.0	62.0	68.0	0.4214838855772702	0.2486790753254733	0.36269116941089913	0.1728048102517969
4_5_anc_SV_order	24_4_5_anc_SV_order	fig:heatmap-24-anc-sv-order	4.5 ANC S--V order	70_vos_gn_ac_d_ep	vos	gn	nom-acc	deranking	erg-poss	sov	SV	PVA	5.0	98.0	89.0	92.0	0.9600022327543785	0.7800364252161309	0.8400179443146094	0.17996580753824754
4_5_anc_SV_order	24_4_5_anc_SV_order	fig:heatmap-24-anc-sv-order	4.5 ANC S--V order	71_vos_gn_ac_d_no	vos	gn	nom-acc	deranking	nomn	svo	SV	AVP	5.0	44.0	64.0	62.0	0.02632370684388144	0.28589874273887544	0.2486790753254733	0.259575035894994
4_5_anc_SV_order	24_4_5_anc_SV_order	fig:heatmap-24-anc-sv-order	4.5 ANC S--V order	72_vos_gn_er_b_se	vos	gn	erg-abs	balancing	sent	vos	VS	VPA	5.0	96.0	91.0	97.0	0.9200055635398481	0.8200229216960366	0.9400037321744893	0.11998081047845266
4_5_anc_SV_order	24_4_5_anc_SV_order	fig:heatmap-24-anc-sv-order	4.5 ANC S--V order	73_vos_gn_er_b_pa	vos	gn	erg-abs	balancing	poss-acc	svo	SV	AVP	5.0	75.0	78.0	73.0	0.5006669949589901	0.5603645644527729	0.4609956253156435	0.09936893913712946
4_5_anc_SV_order	24_4_5_anc_SV_order	fig:heatmap-24-anc-sv-order	4.5 ANC S--V order	74_vos_gn_er_b_ep	vos	gn	erg-abs	balancing	erg-poss	sov	SV	PVA	5.0	90.0	93.0	94.0	0.8000290007473678	0.8600138689949057	0.880010532281679	0.0799815315343112
4_5_anc_SV_order	24_4_5_anc_SV_order	fig:heatmap-24-anc-sv-order	4.5 ANC S--V order	75_vos_gn_er_b_no	vos	gn	erg-abs	balancing	nomn	svo	SV	AVP	5.0	74.0	79.0	79.0	0.4808150668439051	0.5802977582031614	0.5802977582031614	0.0994826913592563
4_5_anc_SV_order	24_4_5_anc_SV_order	fig:heatmap-24-anc-sv-order	4.5 ANC S--V order	76_vos_gn_er_d_se	vos	gn	erg-abs	deranking	sent	vos	VS	VPA	5.0	100.0	100.0	100.0	1.0	1.0	1.0	0.0
4_5_anc_SV_order	24_4_5_anc_SV_order	fig:heatmap-24-anc-sv-order	4.5 ANC S--V order	77_vos_gn_er_d_pa	vos	gn	erg-abs	deranking	poss-acc	svo	SV	AVP	5.0	61.0	65.0	55.00000000000001	0.23050379208694793	0.3048541952674525	0.1313216288619007	0.17353256640555179
4_5_anc_SV_order	24_4_5_anc_SV_order	fig:heatmap-24-anc-sv-order	4.5 ANC S--V order	78_vos_gn_er_d_ep	vos	gn	erg-abs	deranking	erg-poss	sov	SV	PVA	5.0	91.0	88.0	88.0	0.8200229216960366	0.7600454927350169	0.7600454927350169	0.05997742896101976
4_5_anc_SV_order	24_4_5_anc_SV_order	fig:heatmap-24-anc-sv-order	4.5 ANC S--V order	79_vos_gn_er_d_no	vos	gn	erg-abs	deranking	nomn	svo	SV	AVP	5.0	56.99999999999999	48.0	68.0	0.1620372011019233	0.05129698535007358	0.36269116941089913	0.31139418406082553
4_5_anc_SV_order	24_4_5_anc_SV_order	fig:heatmap-24-anc-sv-order	4.5 ANC S--V order	80_vos_ng_ac_b_se	vos	ng	nom-acc	balancing	sent	vos	VS	VPA	5.0	93.0	95.0	90.0	0.8600138689949057	0.9000078003290506	0.8000290007473678	0.09997879958168276
4_5_anc_SV_order	24_4_5_anc_SV_order	fig:heatmap-24-anc-sv-order	4.5 ANC S--V order	81_vos_ng_ac_b_pa	vos	ng	nom-acc	balancing	poss-acc	vos	VS	VPA	5.0	100.0	99.0	100.0	1.0	0.9800010051162833	1.0	0.019998994883716703
4_5_anc_SV_order	24_4_5_anc_SV_order	fig:heatmap-24-anc-sv-order	4.5 ANC S--V order	82_vos_ng_ac_b_ep	vos	ng	nom-acc	balancing	erg-poss	vos	VS	VPA	5.0	100.0	100.0	100.0	1.0	1.0	1.0	0.0
4_5_anc_SV_order	24_4_5_anc_SV_order	fig:heatmap-24-anc-sv-order	4.5 ANC S--V order	83_vos_ng_ac_b_no	vos	ng	nom-acc	balancing	nomn	vos	VS	VPA	5.0	100.0	100.0	100.0	1.0	1.0	1.0	0.0
4_5_anc_SV_order	24_4_5_anc_SV_order	fig:heatmap-24-anc-sv-order	4.5 ANC S--V order	84_vos_ng_ac_d_se	vos	ng	nom-acc	deranking	sent	vos	VS	VPA	5.0	96.0	97.0	96.0	0.9200055635398481	0.9400037321744893	0.9200055635398481	0.01999816863464121
4_5_anc_SV_order	24_4_5_anc_SV_order	fig:heatmap-24-anc-sv-order	4.5 ANC S--V order	85_vos_ng_ac_d_pa	vos	ng	nom-acc	deranking	poss-acc	vos	VS	VPA	5.0	100.0	99.0	100.0	1.0	0.9800010051162833	1.0	0.019998994883716703
4_5_anc_SV_order	24_4_5_anc_SV_order	fig:heatmap-24-anc-sv-order	4.5 ANC S--V order	86_vos_ng_ac_d_ep	vos	ng	nom-acc	deranking	erg-poss	vos	VS	VPA	5.0	100.0	100.0	100.0	1.0	1.0	1.0	0.0
4_5_anc_SV_order	24_4_5_anc_SV_order	fig:heatmap-24-anc-sv-order	4.5 ANC S--V order	87_vos_ng_ac_d_no	vos	ng	nom-acc	deranking	nomn	vos	VS	VPA	5.0	100.0	100.0	100.0	1.0	1.0	1.0	0.0
4_5_anc_SV_order	24_4_5_anc_SV_order	fig:heatmap-24-anc-sv-order	4.5 ANC S--V order	88_vos_ng_er_b_se	vos	ng	erg-abs	balancing	sent	vos	VS	VPA	5.0	100.0	98.0	96.0	1.0	0.9600022327543785	0.9200055635398481	0.07999443646015192
4_5_anc_SV_order	24_4_5_anc_SV_order	fig:heatmap-24-anc-sv-order	4.5 ANC S--V order	89_vos_ng_er_b_pa	vos	ng	erg-abs	balancing	poss-acc	vos	VS	VPA	5.0	100.0	100.0	100.0	1.0	1.0	1.0	0.0
4_5_anc_SV_order	24_4_5_anc_SV_order	fig:heatmap-24-anc-sv-order	4.5 ANC S--V order	90_vos_ng_er_b_ep	vos	ng	erg-abs	balancing	erg-poss	vos	VS	VPA	5.0	100.0	100.0	100.0	1.0	1.0	1.0	0.0
4_5_anc_SV_order	24_4_5_anc_SV_order	fig:heatmap-24-anc-sv-order	4.5 ANC S--V order	91_vos_ng_er_b_no	vos	ng	erg-abs	balancing	nomn	vos	VS	VPA	5.0	100.0	100.0	100.0	1.0	1.0	1.0	0.0
4_5_anc_SV_order	24_4_5_anc_SV_order	fig:heatmap-24-anc-sv-order	4.5 ANC S--V order	92_vos_ng_er_d_se	vos	ng	erg-abs	deranking	sent	vos	VS	VPA	5.0	98.0	100.0	100.0	0.9600022327543785	1.0	1.0	0.03999776724562154
4_5_anc_SV_order	24_4_5_anc_SV_order	fig:heatmap-24-anc-sv-order	4.5 ANC S--V order	93_vos_ng_er_d_pa	vos	ng	erg-abs	deranking	poss-acc	vos	VS	VPA	5.0	100.0	100.0	100.0	1.0	1.0	1.0	0.0
4_5_anc_SV_order	24_4_5_anc_SV_order	fig:heatmap-24-anc-sv-order	4.5 ANC S--V order	94_vos_ng_er_d_ep	vos	ng	erg-abs	deranking	erg-poss	vos	VS	VPA	5.0	100.0	100.0	100.0	1.0	1.0	1.0	0.0
4_5_anc_SV_order	24_4_5_anc_SV_order	fig:heatmap-24-anc-sv-order	4.5 ANC S--V order	95_vos_ng_er_d_no	vos	ng	erg-abs	deranking	nomn	vos	VS	VPA	5.0	100.0	100.0	100.0	1.0	1.0	1.0	0.0
4_6_anc_AV_order	25_4_6_anc_AV_order	fig:heatmap-25-anc-av-order	4.6 ANC A--V order	00_sov_gn_ac_b_se	sov	gn	nom-acc	balancing	sent	sov	SV	APV	5.0	99.0	99.0	98.0	0.9800010051162833	0.9800010051162833	0.9600022327543785	0.019998772361904837
4_6_anc_AV_order	25_4_6_anc_AV_order	fig:heatmap-25-anc-av-order	4.6 ANC A--V order	01_sov_gn_ac_b_pa	sov	gn	nom-acc	balancing	poss-acc	sov	SV	APV	5.0	100.0	100.0	100.0	1.0	1.0	1.0	0.0
4_6_anc_AV_order	25_4_6_anc_AV_order	fig:heatmap-25-anc-av-order	4.6 ANC A--V order	02_sov_gn_ac_b_ep	sov	gn	nom-acc	balancing	erg-poss	sov	SV	APV	5.0	98.0	96.0	100.0	0.9600022327543785	0.9200055635398481	1.0	0.07999443646015192
4_6_anc_AV_order	25_4_6_anc_AV_order	fig:heatmap-25-anc-av-order	4.6 ANC A--V order	03_sov_gn_ac_b_no	sov	gn	nom-acc	balancing	nomn	sov	SV	APV	5.0	100.0	100.0	100.0	1.0	1.0	1.0	0.0
4_6_anc_AV_order	25_4_6_anc_AV_order	fig:heatmap-25-anc-av-order	4.6 ANC A--V order	04_sov_gn_ac_d_se	sov	gn	nom-acc	deranking	sent	sov	SV	APV	5.0	100.0	99.0	99.0	1.0	0.9800010051162833	0.9800010051162833	0.019998994883716703
4_6_anc_AV_order	25_4_6_anc_AV_order	fig:heatmap-25-anc-av-order	4.6 ANC A--V order	05_sov_gn_ac_d_pa	sov	gn	nom-acc	deranking	poss-acc	sov	SV	APV	5.0	100.0	100.0	100.0	1.0	1.0	1.0	0.0
4_6_anc_AV_order	25_4_6_anc_AV_order	fig:heatmap-25-anc-av-order	4.6 ANC A--V order	06_sov_gn_ac_d_ep	sov	gn	nom-acc	deranking	erg-poss	sov	SV	APV	5.0	99.0	100.0	100.0	0.9800010051162833	1.0	1.0	0.019998994883716703
4_6_anc_AV_order	25_4_6_anc_AV_order	fig:heatmap-25-anc-av-order	4.6 ANC A--V order	07_sov_gn_ac_d_no	sov	gn	nom-acc	deranking	nomn	sov	SV	APV	5.0	100.0	100.0	100.0	1.0	1.0	1.0	0.0
4_6_anc_AV_order	25_4_6_anc_AV_order	fig:heatmap-25-anc-av-order	4.6 ANC A--V order	08_sov_gn_er_b_se	sov	gn	erg-abs	balancing	sent	sov	SV	APV	5.0	100.0	100.0	100.0	1.0	1.0	1.0	0.0
4_6_anc_AV_order	25_4_6_anc_AV_order	fig:heatmap-25-anc-av-order	4.6 ANC A--V order	09_sov_gn_er_b_pa	sov	gn	erg-abs	balancing	poss-acc	sov	SV	APV	5.0	100.0	100.0	99.0	1.0	1.0	0.9800010051162833	0.019998994883716703
4_6_anc_AV_order	25_4_6_anc_AV_order	fig:heatmap-25-anc-av-order	4.6 ANC A--V order	10_sov_gn_er_b_ep	sov	gn	erg-abs	balancing	erg-poss	sov	SV	APV	5.0	100.0	100.0	100.0	1.0	1.0	1.0	0.0
4_6_anc_AV_order	25_4_6_anc_AV_order	fig:heatmap-25-anc-av-order	4.6 ANC A--V order	11_sov_gn_er_b_no	sov	gn	erg-abs	balancing	nomn	sov	SV	APV	5.0	99.0	100.0	100.0	0.9800010051162833	1.0	1.0	0.019998994883716703
4_6_anc_AV_order	25_4_6_anc_AV_order	fig:heatmap-25-anc-av-order	4.6 ANC A--V order	12_sov_gn_er_d_se	sov	gn	erg-abs	deranking	sent	sov	SV	APV	5.0	100.0	100.0	100.0	1.0	1.0	1.0	0.0
4_6_anc_AV_order	25_4_6_anc_AV_order	fig:heatmap-25-anc-av-order	4.6 ANC A--V order	13_sov_gn_er_d_pa	sov	gn	erg-abs	deranking	poss-acc	sov	SV	APV	5.0	100.0	100.0	100.0	1.0	1.0	1.0	0.0
4_6_anc_AV_order	25_4_6_anc_AV_order	fig:heatmap-25-anc-av-order	4.6 ANC A--V order	14_sov_gn_er_d_ep	sov	gn	erg-abs	deranking	erg-poss	sov	SV	APV	5.0	99.0	97.0	100.0	0.9800010051162833	0.9400037321744893	1.0	0.05999626782551071
4_6_anc_AV_order	25_4_6_anc_AV_order	fig:heatmap-25-anc-av-order	4.6 ANC A--V order	15_sov_gn_er_d_no	sov	gn	erg-abs	deranking	nomn	sov	SV	APV	5.0	100.0	100.0	100.0	1.0	1.0	1.0	0.0
4_6_anc_AV_order	25_4_6_anc_AV_order	fig:heatmap-25-anc-av-order	4.6 ANC A--V order	16_sov_ng_ac_b_se	sov	ng	nom-acc	balancing	sent	sov	SV	APV	5.0	99.0	98.0	98.0	0.9800010051162833	0.9600022327543785	0.9600022327543785	0.019998772361904837
4_6_anc_AV_order	25_4_6_anc_AV_order	fig:heatmap-25-anc-av-order	4.6 ANC A--V order	17_sov_ng_ac_b_pa	sov	ng	nom-acc	balancing	poss-acc	ovs	VS	PVA	5.0	87.0	92.0	83.0	0.7400565667123037	0.8400179443146094	0.6601314044676043	0.1798865398470051
4_6_anc_AV_order	25_4_6_anc_AV_order	fig:heatmap-25-anc-av-order	4.6 ANC A--V order	18_sov_ng_ac_b_ep	sov	ng	nom-acc	balancing	erg-poss	vos	VS	AVP	5.0	99.0	99.0	97.0	0.9800010051162833	0.9800010051162833	0.9400037321744893	0.039997272941794004
4_6_anc_AV_order	25_4_6_anc_AV_order	fig:heatmap-25-anc-av-order	4.6 ANC A--V order	19_sov_ng_ac_b_no	sov	ng	nom-acc	balancing	nomn	ovs	VS	PVA	5.0	84.0	82.0	83.0	0.6801067756461248	0.6401614779514829	0.6601314044676043	0.039945297694641835
4_6_anc_AV_order	25_4_6_anc_AV_order	fig:heatmap-25-anc-av-order	4.6 ANC A--V order	20_sov_ng_ac_d_se	sov	ng	nom-acc	deranking	sent	sov	SV	APV	5.0	99.0	99.0	100.0	0.9800010051162833	0.9800010051162833	1.0	0.019998994883716703
4_6_anc_AV_order	25_4_6_anc_AV_order	fig:heatmap-25-anc-av-order	4.6 ANC A--V order	21_sov_ng_ac_d_pa	sov	ng	nom-acc	deranking	poss-acc	ovs	VS	PVA	5.0	84.0	76.0	82.0	0.6801067756461248	0.520545600501044	0.6401614779514829	0.15956117514508072
4_6_anc_AV_order	25_4_6_anc_AV_order	fig:heatmap-25-anc-av-order	4.6 ANC A--V order	22_sov_ng_ac_d_ep	sov	ng	nom-acc	deranking	erg-poss	vos	VS	AVP	5.0	100.0	99.0	98.0	1.0	0.9800010051162833	0.9600022327543785	0.03999776724562154
4_6_anc_AV_order	25_4_6_anc_AV_order	fig:heatmap-25-anc-av-order	4.6 ANC A--V order	23_sov_ng_ac_d_no	sov	ng	nom-acc	deranking	nomn	ovs	VS	PVA	5.0	79.0	86.0	85.0	0.5802977582031614	0.7200700908352611	0.7000866067554558	0.13977233263209965
4_6_anc_AV_order	25_4_6_anc_AV_order	fig:heatmap-25-anc-av-order	4.6 ANC A--V order	24_sov_ng_er_b_se	sov	ng	erg-abs	balancing	sent	sov	SV	APV	5.0	100.0	100.0	100.0	1.0	1.0	1.0	0.0
4_6_anc_AV_order	25_4_6_anc_AV_order	fig:heatmap-25-anc-av-order	4.6 ANC A--V order	25_sov_ng_er_b_pa	sov	ng	erg-abs	balancing	poss-acc	ovs	VS	PVA	5.0	74.0	82.0	92.0	0.4808150668439051	0.6401614779514829	0.8400179443146094	0.3592028774707043
4_6_anc_AV_order	25_4_6_anc_AV_order	fig:heatmap-25-anc-av-order	4.6 ANC A--V order	26_sov_ng_er_b_ep	sov	ng	erg-abs	balancing	erg-poss	vos	VS	AVP	5.0	94.0	97.0	99.0	0.880010532281679	0.9400037321744893	0.9800010051162833	0.09999047283460427
4_6_anc_AV_order	25_4_6_anc_AV_order	fig:heatmap-25-anc-av-order	4.6 ANC A--V order	27_sov_ng_er_b_no	sov	ng	erg-abs	balancing	nomn	ovs	VS	PVA	5.0	64.0	71.0	71.0	0.28589874273887544	0.4214838855772702	0.4214838855772702	0.13558514283839473
4_6_anc_AV_order	25_4_6_anc_AV_order	fig:heatmap-25-anc-av-order	4.6 ANC A--V order	28_sov_ng_er_d_se	sov	ng	erg-abs	deranking	sent	sov	SV	APV	5.0	100.0	100.0	99.0	1.0	1.0	0.9800010051162833	0.019998994883716703
4_6_anc_AV_order	25_4_6_anc_AV_order	fig:heatmap-25-anc-av-order	4.6 ANC A--V order	29_sov_ng_er_d_pa	sov	ng	erg-abs	deranking	poss-acc	ovs	VS	PVA	5.0	70.0	75.0	71.0	0.40181045290185924	0.5006669949589901	0.4214838855772702	0.0988565420571309
4_6_anc_AV_order	25_4_6_anc_AV_order	fig:heatmap-25-anc-av-order	4.6 ANC A--V order	30_sov_ng_er_d_ep	sov	ng	erg-abs	deranking	erg-poss	vos	VS	AVP	5.0	99.0	98.0	95.0	0.9800010051162833	0.9600022327543785	0.9000078003290506	0.07999320478723271
4_6_anc_AV_order	25_4_6_anc_AV_order	fig:heatmap-25-anc-av-order	4.6 ANC A--V order	31_sov_ng_er_d_no	sov	ng	erg-abs	deranking	nomn	ovs	VS	PVA	5.0	84.0	74.0	71.0	0.6801067756461248	0.4808150668439051	0.4214838855772702	0.2586228900688546
4_6_anc_AV_order	25_4_6_anc_AV_order	fig:heatmap-25-anc-av-order	4.6 ANC A--V order	32_svo_gn_ac_b_se	svo	gn	nom-acc	balancing	sent	svo	SV	AVP	5.0	100.0	100.0	100.0	1.0	1.0	1.0	0.0
4_6_anc_AV_order	25_4_6_anc_AV_order	fig:heatmap-25-anc-av-order	4.6 ANC A--V order	33_svo_gn_ac_b_pa	svo	gn	nom-acc	balancing	poss-acc	svo	SV	AVP	5.0	100.0	100.0	100.0	1.0	1.0	1.0	0.0
4_6_anc_AV_order	25_4_6_anc_AV_order	fig:heatmap-25-anc-av-order	4.6 ANC A--V order	34_svo_gn_ac_b_ep	svo	gn	nom-acc	balancing	erg-poss	sov	SV	PVA	5.0	75.0	94.0	99.0	0.5006669949589901	0.880010532281679	0.9800010051162833	0.47933401015729316
4_6_anc_AV_order	25_4_6_anc_AV_order	fig:heatmap-25-anc-av-order	4.6 ANC A--V order	35_svo_gn_ac_b_no	svo	gn	nom-acc	balancing	nomn	svo	SV	AVP	5.0	100.0	100.0	100.0	1.0	1.0	1.0	0.0
4_6_anc_AV_order	25_4_6_anc_AV_order	fig:heatmap-25-anc-av-order	4.6 ANC A--V order	36_svo_gn_ac_d_se	svo	gn	nom-acc	deranking	sent	svo	SV	AVP	5.0	100.0	100.0	100.0	1.0	1.0	1.0	0.0
4_6_anc_AV_order	25_4_6_anc_AV_order	fig:heatmap-25-anc-av-order	4.6 ANC A--V order	37_svo_gn_ac_d_pa	svo	gn	nom-acc	deranking	poss-acc	svo	SV	AVP	5.0	100.0	100.0	100.0	1.0	1.0	1.0	0.0
4_6_anc_AV_order	25_4_6_anc_AV_order	fig:heatmap-25-anc-av-order	4.6 ANC A--V order	38_svo_gn_ac_d_ep	svo	gn	nom-acc	deranking	erg-poss	sov	SV	PVA	5.0	47.0	91.0	92.0	0.04374425515866688	0.8200229216960366	0.8400179443146094	0.7962736891559425
4_6_anc_AV_order	25_4_6_anc_AV_order	fig:heatmap-25-anc-av-order	4.6 ANC A--V order	39_svo_gn_ac_d_no	svo	gn	nom-acc	deranking	nomn	svo	SV	AVP	5.0	100.0	100.0	100.0	1.0	1.0	1.0	0.0
4_6_anc_AV_order	25_4_6_anc_AV_order	fig:heatmap-25-anc-av-order	4.6 ANC A--V order	40_svo_gn_er_b_se	svo	gn	erg-abs	balancing	sent	svo	SV	AVP	5.0	100.0	100.0	100.0	1.0	1.0	1.0	0.0
4_6_anc_AV_order	25_4_6_anc_AV_order	fig:heatmap-25-anc-av-order	4.6 ANC A--V order	41_svo_gn_er_b_pa	svo	gn	erg-abs	balancing	poss-acc	svo	SV	AVP	5.0	100.0	100.0	100.0	1.0	1.0	1.0	0.0
4_6_anc_AV_order	25_4_6_anc_AV_order	fig:heatmap-25-anc-av-order	4.6 ANC A--V order	42_svo_gn_er_b_ep	svo	gn	erg-abs	balancing	erg-poss	sov	SV	PVA	5.0	66.0	93.0	95.0	0.32399079342632137	0.8600138689949057	0.9000078003290506	0.5760170069027293
4_6_anc_AV_order	25_4_6_anc_AV_order	fig:heatmap-25-anc-av-order	4.6 ANC A--V order	43_svo_gn_er_b_no	svo	gn	erg-abs	balancing	nomn	svo	SV	AVP	5.0	100.0	100.0	100.0	1.0	1.0	1.0	0.0
4_6_anc_AV_order	25_4_6_anc_AV_order	fig:heatmap-25-anc-av-order	4.6 ANC A--V order	44_svo_gn_er_d_se	svo	gn	erg-abs	deranking	sent	svo	SV	AVP	5.0	100.0	100.0	100.0	1.0	1.0	1.0	0.0
4_6_anc_AV_order	25_4_6_anc_AV_order	fig:heatmap-25-anc-av-order	4.6 ANC A--V order	45_svo_gn_er_d_pa	svo	gn	erg-abs	deranking	poss-acc	svo	SV	AVP	5.0	100.0	100.0	100.0	1.0	1.0	1.0	0.0
4_6_anc_AV_order	25_4_6_anc_AV_order	fig:heatmap-25-anc-av-order	4.6 ANC A--V order	46_svo_gn_er_d_ep	svo	gn	erg-abs	deranking	erg-poss	sov	SV	PVA	5.0	28.999999999999996	71.0	82.0	0.0014838855772701248	0.4214838855772702	0.6401614779514829	0.6386775923742128
4_6_anc_AV_order	25_4_6_anc_AV_order	fig:heatmap-25-anc-av-order	4.6 ANC A--V order	47_svo_gn_er_d_no	svo	gn	erg-abs	deranking	nomn	svo	SV	AVP	5.0	100.0	100.0	100.0	1.0	1.0	1.0	0.0
4_6_anc_AV_order	25_4_6_anc_AV_order	fig:heatmap-25-anc-av-order	4.6 ANC A--V order	48_svo_ng_ac_b_se	svo	ng	nom-acc	balancing	sent	svo	SV	AVP	5.0	100.0	100.0	100.0	1.0	1.0	1.0	0.0
4_6_anc_AV_order	25_4_6_anc_AV_order	fig:heatmap-25-anc-av-order	4.6 ANC A--V order	49_svo_ng_ac_b_pa	svo	ng	nom-acc	balancing	poss-acc	vos	VS	VPA	5.0	100.0	100.0	100.0	1.0	1.0	1.0	0.0
4_6_anc_AV_order	25_4_6_anc_AV_order	fig:heatmap-25-anc-av-order	4.6 ANC A--V order	50_svo_ng_ac_b_ep	svo	ng	nom-acc	balancing	erg-poss	vos	VS	VPA	5.0	100.0	100.0	97.0	1.0	1.0	0.9400037321744893	0.05999626782551071
4_6_anc_AV_order	25_4_6_anc_AV_order	fig:heatmap-25-anc-av-order	4.6 ANC A--V order	51_svo_ng_ac_b_no	svo	ng	nom-acc	balancing	nomn	vos	VS	VPA	5.0	100.0	100.0	100.0	1.0	1.0	1.0	0.0
4_6_anc_AV_order	25_4_6_anc_AV_order	fig:heatmap-25-anc-av-order	4.6 ANC A--V order	52_svo_ng_ac_d_se	svo	ng	nom-acc	deranking	sent	svo	SV	AVP	5.0	100.0	100.0	99.0	1.0	1.0	0.9800010051162833	0.019998994883716703
4_6_anc_AV_order	25_4_6_anc_AV_order	fig:heatmap-25-anc-av-order	4.6 ANC A--V order	53_svo_ng_ac_d_pa	svo	ng	nom-acc	deranking	poss-acc	vos	VS	VPA	5.0	96.0	100.0	100.0	0.9200055635398481	1.0	1.0	0.07999443646015192
4_6_anc_AV_order	25_4_6_anc_AV_order	fig:heatmap-25-anc-av-order	4.6 ANC A--V order	54_svo_ng_ac_d_ep	svo	ng	nom-acc	deranking	erg-poss	vos	VS	VPA	5.0	95.0	98.0	97.0	0.9000078003290506	0.9600022327543785	0.9400037321744893	0.05999443242532787
4_6_anc_AV_order	25_4_6_anc_AV_order	fig:heatmap-25-anc-av-order	4.6 ANC A--V order	55_svo_ng_ac_d_no	svo	ng	nom-acc	deranking	nomn	vos	VS	VPA	5.0	99.0	100.0	100.0	0.9800010051162833	1.0	1.0	0.019998994883716703
4_6_anc_AV_order	25_4_6_anc_AV_order	fig:heatmap-25-anc-av-order	4.6 ANC A--V order	56_svo_ng_er_b_se	svo	ng	erg-abs	balancing	sent	svo	SV	AVP	5.0	100.0	100.0	100.0	1.0	1.0	1.0	0.0
4_6_anc_AV_order	25_4_6_anc_AV_order	fig:heatmap-25-anc-av-order	4.6 ANC A--V order	57_svo_ng_er_b_pa	svo	ng	erg-abs	balancing	poss-acc	vos	VS	VPA	5.0	98.0	98.0	99.0	0.9600022327543785	0.9600022327543785	0.9800010051162833	0.019998772361904837
4_6_anc_AV_order	25_4_6_anc_AV_order	fig:heatmap-25-anc-av-order	4.6 ANC A--V order	58_svo_ng_er_b_ep	svo	ng	erg-abs	balancing	erg-poss	vos	VS	VPA	5.0	92.0	96.0	96.0	0.8400179443146094	0.9200055635398481	0.9200055635398481	0.07998761922523867
4_6_anc_AV_order	25_4_6_anc_AV_order	fig:heatmap-25-anc-av-order	4.6 ANC A--V order	59_svo_ng_er_b_no	svo	ng	erg-abs	balancing	nomn	vos	VS	VPA	5.0	98.0	99.0	99.0	0.9600022327543785	0.9800010051162833	0.9800010051162833	0.019998772361904837
4_6_anc_AV_order	25_4_6_anc_AV_order	fig:heatmap-25-anc-av-order	4.6 ANC A--V order	60_svo_ng_er_d_se	svo	ng	erg-abs	deranking	sent	svo	SV	AVP	5.0	100.0	100.0	100.0	1.0	1.0	1.0	0.0
4_6_anc_AV_order	25_4_6_anc_AV_order	fig:heatmap-25-anc-av-order	4.6 ANC A--V order	61_svo_ng_er_d_pa	svo	ng	erg-abs	deranking	poss-acc	vos	VS	VPA	5.0	70.0	92.0	88.0	0.40181045290185924	0.8400179443146094	0.7600454927350169	0.43820749141275017
4_6_anc_AV_order	25_4_6_anc_AV_order	fig:heatmap-25-anc-av-order	4.6 ANC A--V order	62_svo_ng_er_d_ep	svo	ng	erg-abs	deranking	erg-poss	vos	VS	VPA	5.0	62.0	59.0	52.0	0.2486790753254733	0.19529322116268572	0.09129698535007358	0.1573820899753997
4_6_anc_AV_order	25_4_6_anc_AV_order	fig:heatmap-25-anc-av-order	4.6 ANC A--V order	63_svo_ng_er_d_no	svo	ng	erg-abs	deranking	nomn	vos	VS	VPA	5.0	54.0	83.0	100.0	0.1171055267048561	0.6601314044676043	1.0	0.8828944732951439
4_6_anc_AV_order	25_4_6_anc_AV_order	fig:heatmap-25-anc-av-order	4.6 ANC A--V order	64_vos_gn_ac_b_se	vos	gn	nom-acc	balancing	sent	vos	VS	VPA	5.0	87.0	90.0	87.0	0.7400565667123037	0.8000290007473678	0.7400565667123037	0.05997243403506414
4_6_anc_AV_order	25_4_6_anc_AV_order	fig:heatmap-25-anc-av-order	4.6 ANC A--V order	65_vos_gn_ac_b_pa	vos	gn	nom-acc	balancing	poss-acc	svo	SV	AVP	5.0	73.0	63.0	67.0	0.4609956253156435	0.2671599293068453	0.3432783071525648	0.1938356960087982
4_6_anc_AV_order	25_4_6_anc_AV_order	fig:heatmap-25-anc-av-order	4.6 ANC A--V order	66_vos_gn_ac_b_ep	vos	gn	nom-acc	balancing	erg-poss	sov	SV	PVA	5.0	98.0	97.0	95.0	0.9600022327543785	0.9400037321744893	0.9000078003290506	0.05999443242532787
4_6_anc_AV_order	25_4_6_anc_AV_order	fig:heatmap-25-anc-av-order	4.6 ANC A--V order	67_vos_gn_ac_b_no	vos	gn	nom-acc	balancing	nomn	svo	SV	AVP	5.0	71.0	71.0	76.0	0.4214838855772702	0.4214838855772702	0.520545600501044	0.09906171492377386
4_6_anc_AV_order	25_4_6_anc_AV_order	fig:heatmap-25-anc-av-order	4.6 ANC A--V order	68_vos_gn_ac_d_se	vos	gn	nom-acc	deranking	sent	vos	VS	VPA	5.0	99.0	99.0	97.0	0.9800010051162833	0.9800010051162833	0.9400037321744893	0.039997272941794004
4_6_anc_AV_order	25_4_6_anc_AV_order	fig:heatmap-25-anc-av-order	4.6 ANC A--V order	69_vos_gn_ac_d_pa	vos	gn	nom-acc	deranking	poss-acc	svo	SV	AVP	5.0	70.0	49.0	65.0	0.40181045290185924	0.059809347048237496	0.3048541952674525	0.34200110585362176
4_6_anc_AV_order	25_4_6_anc_AV_order	fig:heatmap-25-anc-av-order	4.6 ANC A--V order	70_vos_gn_ac_d_ep	vos	gn	nom-acc	deranking	erg-poss	sov	SV	PVA	5.0	100.0	100.0	100.0	1.0	1.0	1.0	0.0
4_6_anc_AV_order	25_4_6_anc_AV_order	fig:heatmap-25-anc-av-order	4.6 ANC A--V order	71_vos_gn_ac_d_no	vos	gn	nom-acc	deranking	nomn	svo	SV	AVP	5.0	63.0	73.0	67.0	0.2671599293068453	0.4609956253156435	0.3432783071525648	0.1938356960087982
4_6_anc_AV_order	25_4_6_anc_AV_order	fig:heatmap-25-anc-av-order	4.6 ANC A--V order	72_vos_gn_er_b_se	vos	gn	erg-abs	balancing	sent	vos	VS	VPA	5.0	100.0	100.0	99.0	1.0	1.0	0.9800010051162833	0.019998994883716703
4_6_anc_AV_order	25_4_6_anc_AV_order	fig:heatmap-25-anc-av-order	4.6 ANC A--V order	73_vos_gn_er_b_pa	vos	gn	erg-abs	balancing	poss-acc	svo	SV	AVP	5.0	65.0	70.0	71.0	0.3048541952674525	0.40181045290185924	0.4214838855772702	0.11662969030981768
4_6_anc_AV_order	25_4_6_anc_AV_order	fig:heatmap-25-anc-av-order	4.6 ANC A--V order	74_vos_gn_er_b_ep	vos	gn	erg-abs	balancing	erg-poss	sov	SV	PVA	5.0	99.0	99.0	98.0	0.9800010051162833	0.9800010051162833	0.9600022327543785	0.019998772361904837
4_6_anc_AV_order	25_4_6_anc_AV_order	fig:heatmap-25-anc-av-order	4.6 ANC A--V order	75_vos_gn_er_b_no	vos	gn	erg-abs	balancing	nomn	svo	SV	AVP	5.0	67.0	57.99999999999999	67.0	0.3432783071525648	0.17838553419891207	0.3432783071525648	0.16489277295365273
4_6_anc_AV_order	25_4_6_anc_AV_order	fig:heatmap-25-anc-av-order	4.6 ANC A--V order	76_vos_gn_er_d_se	vos	gn	erg-abs	deranking	sent	vos	VS	VPA	5.0	100.0	100.0	100.0	1.0	1.0	1.0	0.0
4_6_anc_AV_order	25_4_6_anc_AV_order	fig:heatmap-25-anc-av-order	4.6 ANC A--V order	77_vos_gn_er_d_pa	vos	gn	erg-abs	deranking	poss-acc	svo	SV	AVP	5.0	52.0	63.0	63.0	0.09129698535007358	0.2671599293068453	0.2671599293068453	0.1758629439567717
4_6_anc_AV_order	25_4_6_anc_AV_order	fig:heatmap-25-anc-av-order	4.6 ANC A--V order	78_vos_gn_er_d_ep	vos	gn	erg-abs	deranking	erg-poss	sov	SV	PVA	5.0	100.0	100.0	99.0	1.0	1.0	0.9800010051162833	0.019998994883716703
4_6_anc_AV_order	25_4_6_anc_AV_order	fig:heatmap-25-anc-av-order	4.6 ANC A--V order	79_vos_gn_er_d_no	vos	gn	erg-abs	deranking	nomn	svo	SV	AVP	5.0	75.0	67.0	72.0	0.5006669949589901	0.3432783071525648	0.44121571857084796	0.15738868780642534
4_6_anc_AV_order	25_4_6_anc_AV_order	fig:heatmap-25-anc-av-order	4.6 ANC A--V order	80_vos_ng_ac_b_se	vos	ng	nom-acc	balancing	sent	vos	VS	VPA	5.0	99.0	92.0	87.0	0.9800010051162833	0.8400179443146094	0.7400565667123037	0.2399444384039796
4_6_anc_AV_order	25_4_6_anc_AV_order	fig:heatmap-25-anc-av-order	4.6 ANC A--V order	81_vos_ng_ac_b_pa	vos	ng	nom-acc	balancing	poss-acc	vos	VS	VPA	5.0	100.0	100.0	100.0	1.0	1.0	1.0	0.0
4_6_anc_AV_order	25_4_6_anc_AV_order	fig:heatmap-25-anc-av-order	4.6 ANC A--V order	82_vos_ng_ac_b_ep	vos	ng	nom-acc	balancing	erg-poss	vos	VS	VPA	5.0	100.0	99.0	100.0	1.0	0.9800010051162833	1.0	0.019998994883716703
4_6_anc_AV_order	25_4_6_anc_AV_order	fig:heatmap-25-anc-av-order	4.6 ANC A--V order	83_vos_ng_ac_b_no	vos	ng	nom-acc	balancing	nomn	vos	VS	VPA	5.0	100.0	99.0	100.0	1.0	0.9800010051162833	1.0	0.019998994883716703
4_6_anc_AV_order	25_4_6_anc_AV_order	fig:heatmap-25-anc-av-order	4.6 ANC A--V order	84_vos_ng_ac_d_se	vos	ng	nom-acc	deranking	sent	vos	VS	VPA	5.0	99.0	99.0	99.0	0.9800010051162833	0.9800010051162833	0.9800010051162833	0.0
4_6_anc_AV_order	25_4_6_anc_AV_order	fig:heatmap-25-anc-av-order	4.6 ANC A--V order	85_vos_ng_ac_d_pa	vos	ng	nom-acc	deranking	poss-acc	vos	VS	VPA	5.0	100.0	100.0	100.0	1.0	1.0	1.0	0.0
4_6_anc_AV_order	25_4_6_anc_AV_order	fig:heatmap-25-anc-av-order	4.6 ANC A--V order	86_vos_ng_ac_d_ep	vos	ng	nom-acc	deranking	erg-poss	vos	VS	VPA	5.0	100.0	100.0	99.0	1.0	1.0	0.9800010051162833	0.019998994883716703
4_6_anc_AV_order	25_4_6_anc_AV_order	fig:heatmap-25-anc-av-order	4.6 ANC A--V order	87_vos_ng_ac_d_no	vos	ng	nom-acc	deranking	nomn	vos	VS	VPA	5.0	100.0	100.0	100.0	1.0	1.0	1.0	0.0
4_6_anc_AV_order	25_4_6_anc_AV_order	fig:heatmap-25-anc-av-order	4.6 ANC A--V order	88_vos_ng_er_b_se	vos	ng	erg-abs	balancing	sent	vos	VS	VPA	5.0	100.0	100.0	99.0	1.0	1.0	0.9800010051162833	0.019998994883716703
4_6_anc_AV_order	25_4_6_anc_AV_order	fig:heatmap-25-anc-av-order	4.6 ANC A--V order	89_vos_ng_er_b_pa	vos	ng	erg-abs	balancing	poss-acc	vos	VS	VPA	5.0	100.0	100.0	100.0	1.0	1.0	1.0	0.0
4_6_anc_AV_order	25_4_6_anc_AV_order	fig:heatmap-25-anc-av-order	4.6 ANC A--V order	90_vos_ng_er_b_ep	vos	ng	erg-abs	balancing	erg-poss	vos	VS	VPA	5.0	100.0	100.0	100.0	1.0	1.0	1.0	0.0
4_6_anc_AV_order	25_4_6_anc_AV_order	fig:heatmap-25-anc-av-order	4.6 ANC A--V order	91_vos_ng_er_b_no	vos	ng	erg-abs	balancing	nomn	vos	VS	VPA	5.0	100.0	100.0	100.0	1.0	1.0	1.0	0.0
4_6_anc_AV_order	25_4_6_anc_AV_order	fig:heatmap-25-anc-av-order	4.6 ANC A--V order	92_vos_ng_er_d_se	vos	ng	erg-abs	deranking	sent	vos	VS	VPA	5.0	100.0	100.0	100.0	1.0	1.0	1.0	0.0
4_6_anc_AV_order	25_4_6_anc_AV_order	fig:heatmap-25-anc-av-order	4.6 ANC A--V order	93_vos_ng_er_d_pa	vos	ng	erg-abs	deranking	poss-acc	vos	VS	VPA	5.0	100.0	100.0	100.0	1.0	1.0	1.0	0.0
4_6_anc_AV_order	25_4_6_anc_AV_order	fig:heatmap-25-anc-av-order	4.6 ANC A--V order	94_vos_ng_er_d_ep	vos	ng	erg-abs	deranking	erg-poss	vos	VS	VPA	5.0	100.0	100.0	99.0	1.0	1.0	0.9800010051162833	0.019998994883716703
4_6_anc_AV_order	25_4_6_anc_AV_order	fig:heatmap-25-anc-av-order	4.6 ANC A--V order	95_vos_ng_er_d_no	vos	ng	erg-abs	deranking	nomn	vos	VS	VPA	5.0	100.0	100.0	100.0	1.0	1.0	1.0	0.0
4_7_anc_VP_order	26_4_7_anc_VP_order	fig:heatmap-26-anc-vp-order	4.7 ANC V--P order	00_sov_gn_ac_b_se	sov	gn	nom-acc	balancing	sent	sov	SV	APV	5.0	95.0	95.0	92.0	0.9000078003290506	0.9000078003290506	0.8400179443146094	0.05998985601444118
4_7_anc_VP_order	26_4_7_anc_VP_order	fig:heatmap-26-anc-vp-order	4.7 ANC V--P order	01_sov_gn_ac_b_pa	sov	gn	nom-acc	balancing	poss-acc	sov	SV	APV	5.0	96.0	99.0	97.0	0.9200055635398481	0.9800010051162833	0.9400037321744893	0.059995441576435216
4_7_anc_VP_order	26_4_7_anc_VP_order	fig:heatmap-26-anc-vp-order	4.7 ANC V--P order	02_sov_gn_ac_b_ep	sov	gn	nom-acc	balancing	erg-poss	sov	SV	APV	5.0	100.0	100.0	100.0	1.0	1.0	1.0	0.0
4_7_anc_VP_order	26_4_7_anc_VP_order	fig:heatmap-26-anc-vp-order	4.7 ANC V--P order	03_sov_gn_ac_b_no	sov	gn	nom-acc	balancing	nomn	sov	SV	APV	5.0	100.0	100.0	100.0	1.0	1.0	1.0	0.0
4_7_anc_VP_order	26_4_7_anc_VP_order	fig:heatmap-26-anc-vp-order	4.7 ANC V--P order	04_sov_gn_ac_d_se	sov	gn	nom-acc	deranking	sent	sov	SV	APV	5.0	100.0	100.0	100.0	1.0	1.0	1.0	0.0
4_7_anc_VP_order	26_4_7_anc_VP_order	fig:heatmap-26-anc-vp-order	4.7 ANC V--P order	05_sov_gn_ac_d_pa	sov	gn	nom-acc	deranking	poss-acc	sov	SV	APV	5.0	99.0	100.0	100.0	0.9800010051162833	1.0	1.0	0.019998994883716703
4_7_anc_VP_order	26_4_7_anc_VP_order	fig:heatmap-26-anc-vp-order	4.7 ANC V--P order	06_sov_gn_ac_d_ep	sov	gn	nom-acc	deranking	erg-poss	sov	SV	APV	5.0	99.0	100.0	100.0	0.9800010051162833	1.0	1.0	0.019998994883716703
4_7_anc_VP_order	26_4_7_anc_VP_order	fig:heatmap-26-anc-vp-order	4.7 ANC V--P order	07_sov_gn_ac_d_no	sov	gn	nom-acc	deranking	nomn	sov	SV	APV	5.0	100.0	100.0	100.0	1.0	1.0	1.0	0.0
4_7_anc_VP_order	26_4_7_anc_VP_order	fig:heatmap-26-anc-vp-order	4.7 ANC V--P order	08_sov_gn_er_b_se	sov	gn	erg-abs	balancing	sent	sov	SV	APV	5.0	94.0	97.0	90.0	0.880010532281679	0.9400037321744893	0.8000290007473678	0.13997473142712147
4_7_anc_VP_order	26_4_7_anc_VP_order	fig:heatmap-26-anc-vp-order	4.7 ANC V--P order	09_sov_gn_er_b_pa	sov	gn	erg-abs	balancing	poss-acc	sov	SV	APV	5.0	92.0	89.0	91.0	0.8400179443146094	0.7800364252161309	0.8200229216960366	0.059981519098478486
4_7_anc_VP_order	26_4_7_anc_VP_order	fig:heatmap-26-anc-vp-order	4.7 ANC V--P order	10_sov_gn_er_b_ep	sov	gn	erg-abs	balancing	erg-poss	sov	SV	APV	5.0	99.0	100.0	100.0	0.9800010051162833	1.0	1.0	0.019998994883716703
4_7_anc_VP_order	26_4_7_anc_VP_order	fig:heatmap-26-anc-vp-order	4.7 ANC V--P order	11_sov_gn_er_b_no	sov	gn	erg-abs	balancing	nomn	sov	SV	APV	5.0	100.0	100.0	100.0	1.0	1.0	1.0	0.0
4_7_anc_VP_order	26_4_7_anc_VP_order	fig:heatmap-26-anc-vp-order	4.7 ANC V--P order	12_sov_gn_er_d_se	sov	gn	erg-abs	deranking	sent	sov	SV	APV	5.0	100.0	100.0	99.0	1.0	1.0	0.9800010051162833	0.019998994883716703
4_7_anc_VP_order	26_4_7_anc_VP_order	fig:heatmap-26-anc-vp-order	4.7 ANC V--P order	13_sov_gn_er_d_pa	sov	gn	erg-abs	deranking	poss-acc	sov	SV	APV	5.0	96.0	97.0	100.0	0.9200055635398481	0.9400037321744893	1.0	0.07999443646015192
4_7_anc_VP_order	26_4_7_anc_VP_order	fig:heatmap-26-anc-vp-order	4.7 ANC V--P order	14_sov_gn_er_d_ep	sov	gn	erg-abs	deranking	erg-poss	sov	SV	APV	5.0	100.0	100.0	99.0	1.0	1.0	0.9800010051162833	0.019998994883716703
4_7_anc_VP_order	26_4_7_anc_VP_order	fig:heatmap-26-anc-vp-order	4.7 ANC V--P order	15_sov_gn_er_d_no	sov	gn	erg-abs	deranking	nomn	sov	SV	APV	5.0	100.0	100.0	100.0	1.0	1.0	1.0	0.0
4_7_anc_VP_order	26_4_7_anc_VP_order	fig:heatmap-26-anc-vp-order	4.7 ANC V--P order	16_sov_ng_ac_b_se	sov	ng	nom-acc	balancing	sent	sov	SV	APV	5.0	97.0	94.0	96.0	0.9400037321744893	0.880010532281679	0.9200055635398481	0.05999319989281027
4_7_anc_VP_order	26_4_7_anc_VP_order	fig:heatmap-26-anc-vp-order	4.7 ANC V--P order	17_sov_ng_ac_b_pa	sov	ng	nom-acc	balancing	poss-acc	ovs	VS	PVA	5.0	93.0	96.0	93.0	0.8600138689949057	0.9200055635398481	0.8600138689949057	0.05999169454494235
4_7_anc_VP_order	26_4_7_anc_VP_order	fig:heatmap-26-anc-vp-order	4.7 ANC V--P order	18_sov_ng_ac_b_ep	sov	ng	nom-acc	balancing	erg-poss	vos	VS	AVP	5.0	96.0	90.0	93.0	0.9200055635398481	0.8000290007473678	0.8600138689949057	0.11997656279248026
4_7_anc_VP_order	26_4_7_anc_VP_order	fig:heatmap-26-anc-vp-order	4.7 ANC V--P order	19_sov_ng_ac_b_no	sov	ng	nom-acc	balancing	nomn	ovs	VS	PVA	5.0	100.0	100.0	100.0	1.0	1.0	1.0	0.0
4_7_anc_VP_order	26_4_7_anc_VP_order	fig:heatmap-26-anc-vp-order	4.7 ANC V--P order	20_sov_ng_ac_d_se	sov	ng	nom-acc	deranking	sent	sov	SV	APV	5.0	99.0	100.0	99.0	0.9800010051162833	1.0	0.9800010051162833	0.019998994883716703
4_7_anc_VP_order	26_4_7_anc_VP_order	fig:heatmap-26-anc-vp-order	4.7 ANC V--P order	21_sov_ng_ac_d_pa	sov	ng	nom-acc	deranking	poss-acc	ovs	VS	PVA	5.0	99.0	100.0	100.0	0.9800010051162833	1.0	1.0	0.019998994883716703
4_7_anc_VP_order	26_4_7_anc_VP_order	fig:heatmap-26-anc-vp-order	4.7 ANC V--P order	22_sov_ng_ac_d_ep	sov	ng	nom-acc	deranking	erg-poss	vos	VS	AVP	5.0	99.0	100.0	95.0	0.9800010051162833	1.0	0.9000078003290506	0.09999219967094941
4_7_anc_VP_order	26_4_7_anc_VP_order	fig:heatmap-26-anc-vp-order	4.7 ANC V--P order	23_sov_ng_ac_d_no	sov	ng	nom-acc	deranking	nomn	ovs	VS	PVA	5.0	100.0	100.0	100.0	1.0	1.0	1.0	0.0
4_7_anc_VP_order	26_4_7_anc_VP_order	fig:heatmap-26-anc-vp-order	4.7 ANC V--P order	24_sov_ng_er_b_se	sov	ng	erg-abs	balancing	sent	sov	SV	APV	5.0	92.0	95.0	93.0	0.8400179443146094	0.9000078003290506	0.8600138689949057	0.05998985601444118
4_7_anc_VP_order	26_4_7_anc_VP_order	fig:heatmap-26-anc-vp-order	4.7 ANC V--P order	25_sov_ng_er_b_pa	sov	ng	erg-abs	balancing	poss-acc	ovs	VS	PVA	5.0	76.0	85.0	83.0	0.520545600501044	0.7000866067554558	0.6601314044676043	0.17954100625441172
4_7_anc_VP_order	26_4_7_anc_VP_order	fig:heatmap-26-anc-vp-order	4.7 ANC V--P order	26_sov_ng_er_b_ep	sov	ng	erg-abs	balancing	erg-poss	vos	VS	AVP	5.0	87.0	86.0	91.0	0.7400565667123037	0.7200700908352611	0.8200229216960366	0.09995283086077555
4_7_anc_VP_order	26_4_7_anc_VP_order	fig:heatmap-26-anc-vp-order	4.7 ANC V--P order	27_sov_ng_er_b_no	sov	ng	erg-abs	balancing	nomn	ovs	VS	PVA	5.0	93.0	97.0	98.0	0.8600138689949057	0.9400037321744893	0.9600022327543785	0.09998836375947273
4_7_anc_VP_order	26_4_7_anc_VP_order	fig:heatmap-26-anc-vp-order	4.7 ANC V--P order	28_sov_ng_er_d_se	sov	ng	erg-abs	deranking	sent	sov	SV	APV	5.0	99.0	100.0	100.0	0.9800010051162833	1.0	1.0	0.019998994883716703
4_7_anc_VP_order	26_4_7_anc_VP_order	fig:heatmap-26-anc-vp-order	4.7 ANC V--P order	29_sov_ng_er_d_pa	sov	ng	erg-abs	deranking	poss-acc	ovs	VS	PVA	5.0	91.0	93.0	91.0	0.8200229216960366	0.8600138689949057	0.8200229216960366	0.039990947298869095
4_7_anc_VP_order	26_4_7_anc_VP_order	fig:heatmap-26-anc-vp-order	4.7 ANC V--P order	30_sov_ng_er_d_ep	sov	ng	erg-abs	deranking	erg-poss	vos	VS	AVP	5.0	67.0	90.0	72.0	0.3432783071525648	0.8000290007473678	0.44121571857084796	0.456750693594803
4_7_anc_VP_order	26_4_7_anc_VP_order	fig:heatmap-26-anc-vp-order	4.7 ANC V--P order	31_sov_ng_er_d_no	sov	ng	erg-abs	deranking	nomn	ovs	VS	PVA	5.0	100.0	98.0	98.0	1.0	0.9600022327543785	0.9600022327543785	0.03999776724562154
4_7_anc_VP_order	26_4_7_anc_VP_order	fig:heatmap-26-anc-vp-order	4.7 ANC V--P order	32_svo_gn_ac_b_se	svo	gn	nom-acc	balancing	sent	svo	SV	AVP	5.0	99.0	99.0	98.0	0.9800010051162833	0.9800010051162833	0.9600022327543785	0.019998772361904837
4_7_anc_VP_order	26_4_7_anc_VP_order	fig:heatmap-26-anc-vp-order	4.7 ANC V--P order	33_svo_gn_ac_b_pa	svo	gn	nom-acc	balancing	poss-acc	svo	SV	AVP	5.0	96.0	98.0	99.0	0.9200055635398481	0.9600022327543785	0.9800010051162833	0.059995441576435216
4_7_anc_VP_order	26_4_7_anc_VP_order	fig:heatmap-26-anc-vp-order	4.7 ANC V--P order	34_svo_gn_ac_b_ep	svo	gn	nom-acc	balancing	erg-poss	sov	SV	PVA	5.0	96.0	99.0	99.0	0.9200055635398481	0.9800010051162833	0.9800010051162833	0.059995441576435216
4_7_anc_VP_order	26_4_7_anc_VP_order	fig:heatmap-26-anc-vp-order	4.7 ANC V--P order	35_svo_gn_ac_b_no	svo	gn	nom-acc	balancing	nomn	svo	SV	AVP	5.0	98.0	99.0	100.0	0.9600022327543785	0.9800010051162833	1.0	0.03999776724562154
4_7_anc_VP_order	26_4_7_anc_VP_order	fig:heatmap-26-anc-vp-order	4.7 ANC V--P order	36_svo_gn_ac_d_se	svo	gn	nom-acc	deranking	sent	svo	SV	AVP	5.0	100.0	100.0	99.0	1.0	1.0	0.9800010051162833	0.019998994883716703
4_7_anc_VP_order	26_4_7_anc_VP_order	fig:heatmap-26-anc-vp-order	4.7 ANC V--P order	37_svo_gn_ac_d_pa	svo	gn	nom-acc	deranking	poss-acc	svo	SV	AVP	5.0	98.0	100.0	100.0	0.9600022327543785	1.0	1.0	0.03999776724562154
4_7_anc_VP_order	26_4_7_anc_VP_order	fig:heatmap-26-anc-vp-order	4.7 ANC V--P order	38_svo_gn_ac_d_ep	svo	gn	nom-acc	deranking	erg-poss	sov	SV	PVA	5.0	93.0	99.0	99.0	0.8600138689949057	0.9800010051162833	0.9800010051162833	0.11998713612137757
4_7_anc_VP_order	26_4_7_anc_VP_order	fig:heatmap-26-anc-vp-order	4.7 ANC V--P order	39_svo_gn_ac_d_no	svo	gn	nom-acc	deranking	nomn	svo	SV	AVP	5.0	92.0	100.0	99.0	0.8400179443146094	1.0	0.9800010051162833	0.1599820556853906
4_7_anc_VP_order	26_4_7_anc_VP_order	fig:heatmap-26-anc-vp-order	4.7 ANC V--P order	40_svo_gn_er_b_se	svo	gn	erg-abs	balancing	sent	svo	SV	AVP	5.0	90.0	91.0	94.0	0.8000290007473678	0.8200229216960366	0.880010532281679	0.0799815315343112
4_7_anc_VP_order	26_4_7_anc_VP_order	fig:heatmap-26-anc-vp-order	4.7 ANC V--P order	41_svo_gn_er_b_pa	svo	gn	erg-abs	balancing	poss-acc	svo	SV	AVP	5.0	87.0	91.0	89.0	0.7400565667123037	0.8200229216960366	0.7800364252161309	0.07996635498373295
4_7_anc_VP_order	26_4_7_anc_VP_order	fig:heatmap-26-anc-vp-order	4.7 ANC V--P order	42_svo_gn_er_b_ep	svo	gn	erg-abs	balancing	erg-poss	sov	SV	PVA	5.0	80.0	96.0	96.0	0.6002430286238514	0.9200055635398481	0.9200055635398481	0.3197625349159967
4_7_anc_VP_order	26_4_7_anc_VP_order	fig:heatmap-26-anc-vp-order	4.7 ANC V--P order	43_svo_gn_er_b_no	svo	gn	erg-abs	balancing	nomn	svo	SV	AVP	5.0	91.0	99.0	99.0	0.8200229216960366	0.9800010051162833	0.9800010051162833	0.15997808342024666
4_7_anc_VP_order	26_4_7_anc_VP_order	fig:heatmap-26-anc-vp-order	4.7 ANC V--P order	44_svo_gn_er_d_se	svo	gn	erg-abs	deranking	sent	svo	SV	AVP	5.0	100.0	100.0	100.0	1.0	1.0	1.0	0.0
4_7_anc_VP_order	26_4_7_anc_VP_order	fig:heatmap-26-anc-vp-order	4.7 ANC V--P order	45_svo_gn_er_d_pa	svo	gn	erg-abs	deranking	poss-acc	svo	SV	AVP	5.0	55.00000000000001	50.0	49.0	0.1313216288619007	0.06931017816607285	0.059809347048237496	0.07151228181366322
4_7_anc_VP_order	26_4_7_anc_VP_order	fig:heatmap-26-anc-vp-order	4.7 ANC V--P order	46_svo_gn_er_d_ep	svo	gn	erg-abs	deranking	erg-poss	sov	SV	PVA	5.0	55.00000000000001	71.0	85.0	0.1313216288619007	0.4214838855772702	0.7000866067554558	0.5687649778935551
4_7_anc_VP_order	26_4_7_anc_VP_order	fig:heatmap-26-anc-vp-order	4.7 ANC V--P order	47_svo_gn_er_d_no	svo	gn	erg-abs	deranking	nomn	svo	SV	AVP	5.0	70.0	93.0	93.0	0.40181045290185924	0.8600138689949057	0.8600138689949057	0.4582034160930465
4_7_anc_VP_order	26_4_7_anc_VP_order	fig:heatmap-26-anc-vp-order	4.7 ANC V--P order	48_svo_ng_ac_b_se	svo	ng	nom-acc	balancing	sent	svo	SV	AVP	5.0	96.0	99.0	96.0	0.9200055635398481	0.9800010051162833	0.9200055635398481	0.059995441576435216
4_7_anc_VP_order	26_4_7_anc_VP_order	fig:heatmap-26-anc-vp-order	4.7 ANC V--P order	49_svo_ng_ac_b_pa	svo	ng	nom-acc	balancing	poss-acc	vos	VS	VPA	5.0	89.0	92.0	87.0	0.7800364252161309	0.8400179443146094	0.7400565667123037	0.09996137760230572
4_7_anc_VP_order	26_4_7_anc_VP_order	fig:heatmap-26-anc-vp-order	4.7 ANC V--P order	50_svo_ng_ac_b_ep	svo	ng	nom-acc	balancing	erg-poss	vos	VS	VPA	5.0	100.0	100.0	99.0	1.0	1.0	0.9800010051162833	0.019998994883716703
4_7_anc_VP_order	26_4_7_anc_VP_order	fig:heatmap-26-anc-vp-order	4.7 ANC V--P order	51_svo_ng_ac_b_no	svo	ng	nom-acc	balancing	nomn	vos	VS	VPA	5.0	100.0	100.0	100.0	1.0	1.0	1.0	0.0
4_7_anc_VP_order	26_4_7_anc_VP_order	fig:heatmap-26-anc-vp-order	4.7 ANC V--P order	52_svo_ng_ac_d_se	svo	ng	nom-acc	deranking	sent	svo	SV	AVP	5.0	100.0	100.0	100.0	1.0	1.0	1.0	0.0
4_7_anc_VP_order	26_4_7_anc_VP_order	fig:heatmap-26-anc-vp-order	4.7 ANC V--P order	53_svo_ng_ac_d_pa	svo	ng	nom-acc	deranking	poss-acc	vos	VS	VPA	5.0	87.0	99.0	95.0	0.7400565667123037	0.9800010051162833	0.9000078003290506	0.2399444384039796
4_7_anc_VP_order	26_4_7_anc_VP_order	fig:heatmap-26-anc-vp-order	4.7 ANC V--P order	54_svo_ng_ac_d_ep	svo	ng	nom-acc	deranking	erg-poss	vos	VS	VPA	5.0	99.0	98.0	100.0	0.9800010051162833	0.9600022327543785	1.0	0.03999776724562154
4_7_anc_VP_order	26_4_7_anc_VP_order	fig:heatmap-26-anc-vp-order	4.7 ANC V--P order	55_svo_ng_ac_d_no	svo	ng	nom-acc	deranking	nomn	vos	VS	VPA	5.0	99.0	100.0	99.0	0.9800010051162833	1.0	0.9800010051162833	0.019998994883716703
4_7_anc_VP_order	26_4_7_anc_VP_order	fig:heatmap-26-anc-vp-order	4.7 ANC V--P order	56_svo_ng_er_b_se	svo	ng	erg-abs	balancing	sent	svo	SV	AVP	5.0	90.0	88.0	85.0	0.8000290007473678	0.7600454927350169	0.7000866067554558	0.09994239399191207
4_7_anc_VP_order	26_4_7_anc_VP_order	fig:heatmap-26-anc-vp-order	4.7 ANC V--P order	57_svo_ng_er_b_pa	svo	ng	erg-abs	balancing	poss-acc	vos	VS	VPA	5.0	63.0	73.0	71.0	0.2671599293068453	0.4609956253156435	0.4214838855772702	0.1938356960087982
4_7_anc_VP_order	26_4_7_anc_VP_order	fig:heatmap-26-anc-vp-order	4.7 ANC V--P order	58_svo_ng_er_b_ep	svo	ng	erg-abs	balancing	erg-poss	vos	VS	VPA	5.0	92.0	97.0	100.0	0.8400179443146094	0.9400037321744893	1.0	0.1599820556853906
4_7_anc_VP_order	26_4_7_anc_VP_order	fig:heatmap-26-anc-vp-order	4.7 ANC V--P order	59_svo_ng_er_b_no	svo	ng	erg-abs	balancing	nomn	vos	VS	VPA	5.0	96.0	98.0	98.0	0.9200055635398481	0.9600022327543785	0.9600022327543785	0.03999666921453038
4_7_anc_VP_order	26_4_7_anc_VP_order	fig:heatmap-26-anc-vp-order	4.7 ANC V--P order	60_svo_ng_er_d_se	svo	ng	erg-abs	deranking	sent	svo	SV	AVP	5.0	100.0	100.0	100.0	1.0	1.0	1.0	0.0
4_7_anc_VP_order	26_4_7_anc_VP_order	fig:heatmap-26-anc-vp-order	4.7 ANC V--P order	61_svo_ng_er_d_pa	svo	ng	erg-abs	deranking	poss-acc	vos	VS	VPA	5.0	41.0	63.0	74.0	0.015293221162685725	0.2671599293068453	0.4808150668439051	0.4655218456812194
4_7_anc_VP_order	26_4_7_anc_VP_order	fig:heatmap-26-anc-vp-order	4.7 ANC V--P order	62_svo_ng_er_d_ep	svo	ng	erg-abs	deranking	erg-poss	vos	VS	VPA	5.0	66.0	72.0	65.0	0.32399079342632137	0.44121571857084796	0.3048541952674525	0.13636152330339546
4_7_anc_VP_order	26_4_7_anc_VP_order	fig:heatmap-26-anc-vp-order	4.7 ANC V--P order	63_svo_ng_er_d_no	svo	ng	erg-abs	deranking	nomn	vos	VS	VPA	5.0	61.0	90.0	98.0	0.23050379208694793	0.8000290007473678	0.9600022327543785	0.7294984406674305
4_7_anc_VP_order	26_4_7_anc_VP_order	fig:heatmap-26-anc-vp-order	4.7 ANC V--P order	64_vos_gn_ac_b_se	vos	gn	nom-acc	balancing	sent	vos	VS	VPA	5.0	73.0	79.0	68.0	0.4609956253156435	0.5802977582031614	0.36269116941089913	0.2176065887922623
4_7_anc_VP_order	26_4_7_anc_VP_order	fig:heatmap-26-anc-vp-order	4.7 ANC V--P order	65_vos_gn_ac_b_pa	vos	gn	nom-acc	balancing	poss-acc	svo	SV	AVP	5.0	61.0	68.0	70.0	0.23050379208694793	0.36269116941089913	0.40181045290185924	0.1713066608149113
4_7_anc_VP_order	26_4_7_anc_VP_order	fig:heatmap-26-anc-vp-order	4.7 ANC V--P order	66_vos_gn_ac_b_ep	vos	gn	nom-acc	balancing	erg-poss	sov	SV	PVA	5.0	87.0	89.0	90.0	0.7400565667123037	0.7800364252161309	0.8000290007473678	0.05997243403506414
4_7_anc_VP_order	26_4_7_anc_VP_order	fig:heatmap-26-anc-vp-order	4.7 ANC V--P order	67_vos_gn_ac_b_no	vos	gn	nom-acc	balancing	nomn	svo	SV	AVP	5.0	100.0	100.0	97.0	1.0	1.0	0.9400037321744893	0.05999626782551071
4_7_anc_VP_order	26_4_7_anc_VP_order	fig:heatmap-26-anc-vp-order	4.7 ANC V--P order	68_vos_gn_ac_d_se	vos	gn	nom-acc	deranking	sent	vos	VS	VPA	5.0	88.0	92.0	99.0	0.7600454927350169	0.8400179443146094	0.9800010051162833	0.21995551238126643
4_7_anc_VP_order	26_4_7_anc_VP_order	fig:heatmap-26-anc-vp-order	4.7 ANC V--P order	69_vos_gn_ac_d_pa	vos	gn	nom-acc	deranking	poss-acc	svo	SV	AVP	5.0	92.0	89.0	96.0	0.8400179443146094	0.7800364252161309	0.9200055635398481	0.13996913832371716
4_7_anc_VP_order	26_4_7_anc_VP_order	fig:heatmap-26-anc-vp-order	4.7 ANC V--P order	70_vos_gn_ac_d_ep	vos	gn	nom-acc	deranking	erg-poss	sov	SV	PVA	5.0	94.0	96.0	96.0	0.880010532281679	0.9200055635398481	0.9200055635398481	0.039995031258169056
4_7_anc_VP_order	26_4_7_anc_VP_order	fig:heatmap-26-anc-vp-order	4.7 ANC V--P order	71_vos_gn_ac_d_no	vos	gn	nom-acc	deranking	nomn	svo	SV	AVP	5.0	100.0	99.0	100.0	1.0	0.9800010051162833	1.0	0.019998994883716703
4_7_anc_VP_order	26_4_7_anc_VP_order	fig:heatmap-26-anc-vp-order	4.7 ANC V--P order	72_vos_gn_er_b_se	vos	gn	erg-abs	balancing	sent	vos	VS	VPA	5.0	91.0	80.0	91.0	0.8200229216960366	0.6002430286238514	0.8200229216960366	0.21977989307218526
4_7_anc_VP_order	26_4_7_anc_VP_order	fig:heatmap-26-anc-vp-order	4.7 ANC V--P order	73_vos_gn_er_b_pa	vos	gn	erg-abs	balancing	poss-acc	svo	SV	AVP	5.0	74.0	73.0	70.0	0.4808150668439051	0.4609956253156435	0.40181045290185924	0.07900461394204589
4_7_anc_VP_order	26_4_7_anc_VP_order	fig:heatmap-26-anc-vp-order	4.7 ANC V--P order	74_vos_gn_er_b_ep	vos	gn	erg-abs	balancing	erg-poss	sov	SV	PVA	5.0	93.0	90.0	96.0	0.8600138689949057	0.8000290007473678	0.9200055635398481	0.11997656279248026
4_7_anc_VP_order	26_4_7_anc_VP_order	fig:heatmap-26-anc-vp-order	4.7 ANC V--P order	75_vos_gn_er_b_no	vos	gn	erg-abs	balancing	nomn	svo	SV	AVP	5.0	100.0	98.0	100.0	1.0	0.9600022327543785	1.0	0.03999776724562154
4_7_anc_VP_order	26_4_7_anc_VP_order	fig:heatmap-26-anc-vp-order	4.7 ANC V--P order	76_vos_gn_er_d_se	vos	gn	erg-abs	deranking	sent	vos	VS	VPA	5.0	100.0	99.0	100.0	1.0	0.9800010051162833	1.0	0.019998994883716703
4_7_anc_VP_order	26_4_7_anc_VP_order	fig:heatmap-26-anc-vp-order	4.7 ANC V--P order	77_vos_gn_er_d_pa	vos	gn	erg-abs	deranking	poss-acc	svo	SV	AVP	5.0	99.0	98.0	95.0	0.9800010051162833	0.9600022327543785	0.9000078003290506	0.07999320478723271
4_7_anc_VP_order	26_4_7_anc_VP_order	fig:heatmap-26-anc-vp-order	4.7 ANC V--P order	78_vos_gn_er_d_ep	vos	gn	erg-abs	deranking	erg-poss	sov	SV	PVA	5.0	75.0	77.0	86.0	0.5006669949589901	0.5404461012900033	0.7200700908352611	0.21940309587627094
4_7_anc_VP_order	26_4_7_anc_VP_order	fig:heatmap-26-anc-vp-order	4.7 ANC V--P order	79_vos_gn_er_d_no	vos	gn	erg-abs	deranking	nomn	svo	SV	AVP	5.0	100.0	100.0	100.0	1.0	1.0	1.0	0.0
4_7_anc_VP_order	26_4_7_anc_VP_order	fig:heatmap-26-anc-vp-order	4.7 ANC V--P order	80_vos_ng_ac_b_se	vos	ng	nom-acc	balancing	sent	vos	VS	VPA	5.0	83.0	64.0	76.0	0.6601314044676043	0.28589874273887544	0.520545600501044	0.3742326617287289
4_7_anc_VP_order	26_4_7_anc_VP_order	fig:heatmap-26-anc-vp-order	4.7 ANC V--P order	81_vos_ng_ac_b_pa	vos	ng	nom-acc	balancing	poss-acc	vos	VS	VPA	5.0	76.0	76.0	67.0	0.520545600501044	0.520545600501044	0.3432783071525648	0.17726729334847924
4_7_anc_VP_order	26_4_7_anc_VP_order	fig:heatmap-26-anc-vp-order	4.7 ANC V--P order	82_vos_ng_ac_b_ep	vos	ng	nom-acc	balancing	erg-poss	vos	VS	VPA	5.0	100.0	100.0	99.0	1.0	1.0	0.9800010051162833	0.019998994883716703
4_7_anc_VP_order	26_4_7_anc_VP_order	fig:heatmap-26-anc-vp-order	4.7 ANC V--P order	83_vos_ng_ac_b_no	vos	ng	nom-acc	balancing	nomn	vos	VS	VPA	5.0	100.0	100.0	100.0	1.0	1.0	1.0	0.0
4_7_anc_VP_order	26_4_7_anc_VP_order	fig:heatmap-26-anc-vp-order	4.7 ANC V--P order	84_vos_ng_ac_d_se	vos	ng	nom-acc	deranking	sent	vos	VS	VPA	5.0	98.0	95.0	86.0	0.9600022327543785	0.9000078003290506	0.7200700908352611	0.23993214191911738
4_7_anc_VP_order	26_4_7_anc_VP_order	fig:heatmap-26-anc-vp-order	4.7 ANC V--P order	85_vos_ng_ac_d_pa	vos	ng	nom-acc	deranking	poss-acc	vos	VS	VPA	5.0	99.0	93.0	100.0	0.9800010051162833	0.8600138689949057	1.0	0.13998613100509427
4_7_anc_VP_order	26_4_7_anc_VP_order	fig:heatmap-26-anc-vp-order	4.7 ANC V--P order	86_vos_ng_ac_d_ep	vos	ng	nom-acc	deranking	erg-poss	vos	VS	VPA	5.0	100.0	100.0	100.0	1.0	1.0	1.0	0.0
4_7_anc_VP_order	26_4_7_anc_VP_order	fig:heatmap-26-anc-vp-order	4.7 ANC V--P order	87_vos_ng_ac_d_no	vos	ng	nom-acc	deranking	nomn	vos	VS	VPA	5.0	100.0	100.0	100.0	1.0	1.0	1.0	0.0
4_7_anc_VP_order	26_4_7_anc_VP_order	fig:heatmap-26-anc-vp-order	4.7 ANC V--P order	88_vos_ng_er_b_se	vos	ng	erg-abs	balancing	sent	vos	VS	VPA	5.0	91.0	96.0	78.0	0.8200229216960366	0.9200055635398481	0.5603645644527729	0.35964099908707514
4_7_anc_VP_order	26_4_7_anc_VP_order	fig:heatmap-26-anc-vp-order	4.7 ANC V--P order	89_vos_ng_er_b_pa	vos	ng	erg-abs	balancing	poss-acc	vos	VS	VPA	5.0	85.0	78.0	72.0	0.7000866067554558	0.5603645644527729	0.44121571857084796	0.2588708881846078
4_7_anc_VP_order	26_4_7_anc_VP_order	fig:heatmap-26-anc-vp-order	4.7 ANC V--P order	90_vos_ng_er_b_ep	vos	ng	erg-abs	balancing	erg-poss	vos	VS	VPA	5.0	100.0	100.0	100.0	1.0	1.0	1.0	0.0
4_7_anc_VP_order	26_4_7_anc_VP_order	fig:heatmap-26-anc-vp-order	4.7 ANC V--P order	91_vos_ng_er_b_no	vos	ng	erg-abs	balancing	nomn	vos	VS	VPA	5.0	100.0	100.0	100.0	1.0	1.0	1.0	0.0
4_7_anc_VP_order	26_4_7_anc_VP_order	fig:heatmap-26-anc-vp-order	4.7 ANC V--P order	92_vos_ng_er_d_se	vos	ng	erg-abs	deranking	sent	vos	VS	VPA	5.0	100.0	100.0	100.0	1.0	1.0	1.0	0.0
4_7_anc_VP_order	26_4_7_anc_VP_order	fig:heatmap-26-anc-vp-order	4.7 ANC V--P order	93_vos_ng_er_d_pa	vos	ng	erg-abs	deranking	poss-acc	vos	VS	VPA	5.0	100.0	100.0	100.0	1.0	1.0	1.0	0.0
4_7_anc_VP_order	26_4_7_anc_VP_order	fig:heatmap-26-anc-vp-order	4.7 ANC V--P order	94_vos_ng_er_d_ep	vos	ng	erg-abs	deranking	erg-poss	vos	VS	VPA	5.0	100.0	100.0	100.0	1.0	1.0	1.0	0.0
4_7_anc_VP_order	26_4_7_anc_VP_order	fig:heatmap-26-anc-vp-order	4.7 ANC V--P order	95_vos_ng_er_d_no	vos	ng	erg-abs	deranking	nomn	vos	VS	VPA	5.0	100.0	100.0	100.0	1.0	1.0	1.0	0.0
5_1_anc_ext_S_marker	27_5_1_anc_ext_S_marker	fig:heatmap-27-anc-ext-s-marker	5.1 ANC external S marker	00_sov_gn_ac_b_se	sov	gn	nom-acc	balancing	sent	sov	SV	APV	5.0	51.0	50.0	50.0	0.0798093470482375	0.06931017816607285	0.06931017816607285	0.01049916888216465
5_1_anc_ext_S_marker	27_5_1_anc_ext_S_marker	fig:heatmap-27-anc-ext-s-marker	5.1 ANC external S marker	01_sov_gn_ac_b_pa	sov	gn	nom-acc	balancing	poss-acc	sov	SV	APV	5.0	55.00000000000001	56.99999999999999	56.00000000000001	0.1313216288619007	0.1620372011019233	0.14632370684388155	0.03071557224002258
5_1_anc_ext_S_marker	27_5_1_anc_ext_S_marker	fig:heatmap-27-anc-ext-s-marker	5.1 ANC external S marker	02_sov_gn_ac_b_ep	sov	gn	nom-acc	balancing	erg-poss	sov	SV	APV	5.0	54.0	42.0	34.0	0.1171055267048561	0.018385534198912194	0.003990793426321349	0.11311473327853476
5_1_anc_ext_S_marker	27_5_1_anc_ext_S_marker	fig:heatmap-27-anc-ext-s-marker	5.1 ANC external S marker	03_sov_gn_ac_b_no	sov	gn	nom-acc	balancing	nomn	sov	SV	APV	5.0	61.0	57.99999999999999	59.0	0.23050379208694793	0.17838553419891207	0.19529322116268572	0.05211825788803587
5_1_anc_ext_S_marker	27_5_1_anc_ext_S_marker	fig:heatmap-27-anc-ext-s-marker	5.1 ANC external S marker	04_sov_gn_ac_d_se	sov	gn	nom-acc	deranking	sent	sov	SV	APV	5.0	57.99999999999999	53.0	50.0	0.17838553419891207	0.10374425515866688	0.06931017816607285	0.10907535603283922
5_1_anc_ext_S_marker	27_5_1_anc_ext_S_marker	fig:heatmap-27-anc-ext-s-marker	5.1 ANC external S marker	05_sov_gn_ac_d_pa	sov	gn	nom-acc	deranking	poss-acc	sov	SV	APV	5.0	57.99999999999999	55.00000000000001	53.0	0.17838553419891207	0.1313216288619007	0.10374425515866688	0.07464127904024519
5_1_anc_ext_S_marker	27_5_1_anc_ext_S_marker	fig:heatmap-27-anc-ext-s-marker	5.1 ANC external S marker	06_sov_gn_ac_d_ep	sov	gn	nom-acc	deranking	erg-poss	sov	SV	APV	5.0	46.0	56.99999999999999	51.0	0.03710552670485608	0.1620372011019233	0.0798093470482375	0.1249316743970672
5_1_anc_ext_S_marker	27_5_1_anc_ext_S_marker	fig:heatmap-27-anc-ext-s-marker	5.1 ANC external S marker	07_sov_gn_ac_d_no	sov	gn	nom-acc	deranking	nomn	sov	SV	APV	5.0	61.0	59.0	60.0	0.23050379208694793	0.19529322116268572	0.2126882612143756	0.03521057092426222
5_1_anc_ext_S_marker	27_5_1_anc_ext_S_marker	fig:heatmap-27-anc-ext-s-marker	5.1 ANC external S marker	08_sov_gn_er_b_se	sov	gn	erg-abs	balancing	sent	sov	SV	APV	5.0	68.0	61.0	73.0	0.36269116941089913	0.23050379208694793	0.4609956253156435	0.23049183322869554
5_1_anc_ext_S_marker	27_5_1_anc_ext_S_marker	fig:heatmap-27-anc-ext-s-marker	5.1 ANC external S marker	09_sov_gn_er_b_pa	sov	gn	erg-abs	balancing	poss-acc	sov	SV	APV	5.0	70.0	56.99999999999999	67.0	0.40181045290185924	0.1620372011019233	0.3432783071525648	0.23977325179993594
5_1_anc_ext_S_marker	27_5_1_anc_ext_S_marker	fig:heatmap-27-anc-ext-s-marker	5.1 ANC external S marker	10_sov_gn_er_b_ep	sov	gn	erg-abs	balancing	erg-poss	sov	SV	APV	5.0	70.0	66.0	71.0	0.40181045290185924	0.32399079342632137	0.4214838855772702	0.09749309215094881
5_1_anc_ext_S_marker	27_5_1_anc_ext_S_marker	fig:heatmap-27-anc-ext-s-marker	5.1 ANC external S marker	11_sov_gn_er_b_no	sov	gn	erg-abs	balancing	nomn	sov	SV	APV	5.0	71.0	68.0	70.0	0.4214838855772702	0.36269116941089913	0.40181045290185924	0.05879271616637105
5_1_anc_ext_S_marker	27_5_1_anc_ext_S_marker	fig:heatmap-27-anc-ext-s-marker	5.1 ANC external S marker	12_sov_gn_er_d_se	sov	gn	erg-abs	deranking	sent	sov	SV	APV	5.0	78.0	71.0	69.0	0.5603645644527729	0.4214838855772702	0.3822078817555662	0.17815668269720675
5_1_anc_ext_S_marker	27_5_1_anc_ext_S_marker	fig:heatmap-27-anc-ext-s-marker	5.1 ANC external S marker	13_sov_gn_er_d_pa	sov	gn	erg-abs	deranking	poss-acc	sov	SV	APV	5.0	70.0	66.0	64.0	0.40181045290185924	0.32399079342632137	0.28589874273887544	0.1159117101629838
5_1_anc_ext_S_marker	27_5_1_anc_ext_S_marker	fig:heatmap-27-anc-ext-s-marker	5.1 ANC external S marker	14_sov_gn_er_d_ep	sov	gn	erg-abs	deranking	erg-poss	sov	SV	APV	5.0	71.0	64.0	74.0	0.4214838855772702	0.28589874273887544	0.4808150668439051	0.19491632410502968
5_1_anc_ext_S_marker	27_5_1_anc_ext_S_marker	fig:heatmap-27-anc-ext-s-marker	5.1 ANC external S marker	15_sov_gn_er_d_no	sov	gn	erg-abs	deranking	nomn	sov	SV	APV	5.0	75.0	62.0	72.0	0.5006669949589901	0.2486790753254733	0.44121571857084796	0.25198791963351685
5_1_anc_ext_S_marker	27_5_1_anc_ext_S_marker	fig:heatmap-27-anc-ext-s-marker	5.1 ANC external S marker	16_sov_ng_ac_b_se	sov	ng	nom-acc	balancing	sent	sov	SV	APV	5.0	25.0	25.0	28.000000000000004	0.0006669949589901204	0.0006669949589901204	0.0012157185708479242	0.0005487236118578039
5_1_anc_ext_S_marker	27_5_1_anc_ext_S_marker	fig:heatmap-27-anc-ext-s-marker	5.1 ANC external S marker	17_sov_ng_ac_b_pa	sov	ng	nom-acc	balancing	poss-acc	ovs	VS	PVA	5.0	50.0	48.0	46.0	0.06931017816607285	0.05129698535007358	0.03710552670485608	0.03220465146121677
5_1_anc_ext_S_marker	27_5_1_anc_ext_S_marker	fig:heatmap-27-anc-ext-s-marker	5.1 ANC external S marker	18_sov_ng_ac_b_ep	sov	ng	nom-acc	balancing	erg-poss	vos	VS	AVP	5.0	54.0	49.0	42.0	0.1171055267048561	0.059809347048237496	0.018385534198912194	0.0987199925059439
5_1_anc_ext_S_marker	27_5_1_anc_ext_S_marker	fig:heatmap-27-anc-ext-s-marker	5.1 ANC external S marker	19_sov_ng_ac_b_no	sov	ng	nom-acc	balancing	nomn	ovs	VS	PVA	5.0	51.0	42.0	56.99999999999999	0.0798093470482375	0.018385534198912194	0.1620372011019233	0.1436516669030111
5_1_anc_ext_S_marker	27_5_1_anc_ext_S_marker	fig:heatmap-27-anc-ext-s-marker	5.1 ANC external S marker	20_sov_ng_ac_d_se	sov	ng	nom-acc	deranking	sent	sov	SV	APV	5.0	32.0	28.999999999999996	33.0	0.002691169410899119	0.0014838855772701248	0.003278307152564848	0.0017944215752947234
5_1_anc_ext_S_marker	27_5_1_anc_ext_S_marker	fig:heatmap-27-anc-ext-s-marker	5.1 ANC external S marker	21_sov_ng_ac_d_pa	sov	ng	nom-acc	deranking	poss-acc	ovs	VS	PVA	5.0	44.0	45.0	42.0	0.02632370684388144	0.031321628861900604	0.018385534198912194	0.01293609466298841
5_1_anc_ext_S_marker	27_5_1_anc_ext_S_marker	fig:heatmap-27-anc-ext-s-marker	5.1 ANC external S marker	22_sov_ng_ac_d_ep	sov	ng	nom-acc	deranking	erg-poss	vos	VS	AVP	5.0	68.0	56.99999999999999	55.00000000000001	0.36269116941089913	0.1620372011019233	0.1313216288619007	0.23136954054899841
5_1_anc_ext_S_marker	27_5_1_anc_ext_S_marker	fig:heatmap-27-anc-ext-s-marker	5.1 ANC external S marker	23_sov_ng_ac_d_no	sov	ng	nom-acc	deranking	nomn	ovs	VS	PVA	5.0	59.0	51.0	49.0	0.19529322116268572	0.0798093470482375	0.059809347048237496	0.13548387411444823
5_1_anc_ext_S_marker	27_5_1_anc_ext_S_marker	fig:heatmap-27-anc-ext-s-marker	5.1 ANC external S marker	24_sov_ng_er_b_se	sov	ng	erg-abs	balancing	sent	sov	SV	APV	5.0	44.0	38.0	44.0	0.02632370684388144	0.008679075325473282	0.02632370684388144	0.017644631518408158
5_1_anc_ext_S_marker	27_5_1_anc_ext_S_marker	fig:heatmap-27-anc-ext-s-marker	5.1 ANC external S marker	25_sov_ng_er_b_pa	sov	ng	erg-abs	balancing	poss-acc	ovs	VS	PVA	5.0	40.0	28.000000000000004	46.0	0.012688261214375562	0.0012157185708479242	0.03710552670485608	0.03588980813400816
5_1_anc_ext_S_marker	27_5_1_anc_ext_S_marker	fig:heatmap-27-anc-ext-s-marker	5.1 ANC external S marker	26_sov_ng_er_b_ep	sov	ng	erg-abs	balancing	erg-poss	vos	VS	AVP	5.0	38.0	36.0	46.0	0.008679075325473282	0.005898742738875454	0.03710552670485608	0.03120678396598063
5_1_anc_ext_S_marker	27_5_1_anc_ext_S_marker	fig:heatmap-27-anc-ext-s-marker	5.1 ANC external S marker	27_sov_ng_er_b_no	sov	ng	erg-abs	balancing	nomn	ovs	VS	PVA	5.0	35.0	30.0	48.0	0.00485419526745252	0.001810452901859287	0.05129698535007358	0.04948653244821429
5_1_anc_ext_S_marker	27_5_1_anc_ext_S_marker	fig:heatmap-27-anc-ext-s-marker	5.1 ANC external S marker	28_sov_ng_er_d_se	sov	ng	erg-abs	deranking	sent	sov	SV	APV	5.0	42.0	51.0	51.0	0.018385534198912194	0.0798093470482375	0.0798093470482375	0.061423812849325306
5_1_anc_ext_S_marker	27_5_1_anc_ext_S_marker	fig:heatmap-27-anc-ext-s-marker	5.1 ANC external S marker	29_sov_ng_er_d_pa	sov	ng	erg-abs	deranking	poss-acc	ovs	VS	PVA	5.0	28.000000000000004	32.0	28.000000000000004	0.0012157185708479242	0.002691169410899119	0.0012157185708479242	0.001475450840051195
5_1_anc_ext_S_marker	27_5_1_anc_ext_S_marker	fig:heatmap-27-anc-ext-s-marker	5.1 ANC external S marker	30_sov_ng_er_d_ep	sov	ng	erg-abs	deranking	erg-poss	vos	VS	AVP	5.0	33.0	28.000000000000004	35.0	0.003278307152564848	0.0012157185708479242	0.00485419526745252	0.0036384766966045955
5_1_anc_ext_S_marker	27_5_1_anc_ext_S_marker	fig:heatmap-27-anc-ext-s-marker	5.1 ANC external S marker	31_sov_ng_er_d_no	sov	ng	erg-abs	deranking	nomn	ovs	VS	PVA	5.0	47.0	41.0	47.0	0.04374425515866688	0.015293221162685725	0.04374425515866688	0.028451033995981156
5_1_anc_ext_S_marker	27_5_1_anc_ext_S_marker	fig:heatmap-27-anc-ext-s-marker	5.1 ANC external S marker	32_svo_gn_ac_b_se	svo	gn	nom-acc	balancing	sent	svo	SV	AVP	5.0	68.0	66.0	73.0	0.36269116941089913	0.32399079342632137	0.4609956253156435	0.1370048318893221
5_1_anc_ext_S_marker	27_5_1_anc_ext_S_marker	fig:heatmap-27-anc-ext-s-marker	5.1 ANC external S marker	33_svo_gn_ac_b_pa	svo	gn	nom-acc	balancing	poss-acc	svo	SV	AVP	5.0	67.0	79.0	86.0	0.3432783071525648	0.5802977582031614	0.7200700908352611	0.3767917836826963
5_1_anc_ext_S_marker	27_5_1_anc_ext_S_marker	fig:heatmap-27-anc-ext-s-marker	5.1 ANC external S marker	34_svo_gn_ac_b_ep	svo	gn	nom-acc	balancing	erg-poss	sov	SV	PVA	5.0	84.0	85.0	88.0	0.6801067756461248	0.7000866067554558	0.7600454927350169	0.07993871708889211
5_1_anc_ext_S_marker	27_5_1_anc_ext_S_marker	fig:heatmap-27-anc-ext-s-marker	5.1 ANC external S marker	35_svo_gn_ac_b_no	svo	gn	nom-acc	balancing	nomn	svo	SV	AVP	5.0	89.0	92.0	86.0	0.7800364252161309	0.8400179443146094	0.7200700908352611	0.11994785347934833
5_1_anc_ext_S_marker	27_5_1_anc_ext_S_marker	fig:heatmap-27-anc-ext-s-marker	5.1 ANC external S marker	36_svo_gn_ac_d_se	svo	gn	nom-acc	deranking	sent	svo	SV	AVP	5.0	59.0	72.0	71.0	0.19529322116268572	0.44121571857084796	0.4214838855772702	0.24592249740816224
5_1_anc_ext_S_marker	27_5_1_anc_ext_S_marker	fig:heatmap-27-anc-ext-s-marker	5.1 ANC external S marker	37_svo_gn_ac_d_pa	svo	gn	nom-acc	deranking	poss-acc	svo	SV	AVP	5.0	70.0	77.0	66.0	0.40181045290185924	0.5404461012900033	0.32399079342632137	0.2164553078636819
5_1_anc_ext_S_marker	27_5_1_anc_ext_S_marker	fig:heatmap-27-anc-ext-s-marker	5.1 ANC external S marker	38_svo_gn_ac_d_ep	svo	gn	nom-acc	deranking	erg-poss	sov	SV	PVA	5.0	82.0	85.0	86.0	0.6401614779514829	0.7000866067554558	0.7200700908352611	0.07990861288377815
5_1_anc_ext_S_marker	27_5_1_anc_ext_S_marker	fig:heatmap-27-anc-ext-s-marker	5.1 ANC external S marker	39_svo_gn_ac_d_no	svo	gn	nom-acc	deranking	nomn	svo	SV	AVP	5.0	67.0	90.0	88.0	0.3432783071525648	0.8000290007473678	0.7600454927350169	0.456750693594803
5_1_anc_ext_S_marker	27_5_1_anc_ext_S_marker	fig:heatmap-27-anc-ext-s-marker	5.1 ANC external S marker	40_svo_gn_er_b_se	svo	gn	erg-abs	balancing	sent	svo	SV	AVP	5.0	75.0	67.0	70.0	0.5006669949589901	0.3432783071525648	0.40181045290185924	0.15738868780642534
5_1_anc_ext_S_marker	27_5_1_anc_ext_S_marker	fig:heatmap-27-anc-ext-s-marker	5.1 ANC external S marker	41_svo_gn_er_b_pa	svo	gn	erg-abs	balancing	poss-acc	svo	SV	AVP	5.0	72.0	74.0	75.0	0.44121571857084796	0.4808150668439051	0.5006669949589901	0.05945127638814218
5_1_anc_ext_S_marker	27_5_1_anc_ext_S_marker	fig:heatmap-27-anc-ext-s-marker	5.1 ANC external S marker	42_svo_gn_er_b_ep	svo	gn	erg-abs	balancing	erg-poss	sov	SV	PVA	5.0	69.0	79.0	82.0	0.3822078817555662	0.5802977582031614	0.6401614779514829	0.25795359619591673
5_1_anc_ext_S_marker	27_5_1_anc_ext_S_marker	fig:heatmap-27-anc-ext-s-marker	5.1 ANC external S marker	43_svo_gn_er_b_no	svo	gn	erg-abs	balancing	nomn	svo	SV	AVP	5.0	65.0	79.0	80.0	0.3048541952674525	0.5802977582031614	0.6002430286238514	0.29538883335639887
5_1_anc_ext_S_marker	27_5_1_anc_ext_S_marker	fig:heatmap-27-anc-ext-s-marker	5.1 ANC external S marker	44_svo_gn_er_d_se	svo	gn	erg-abs	deranking	sent	svo	SV	AVP	5.0	53.0	67.0	70.0	0.10374425515866688	0.3432783071525648	0.40181045290185924	0.2980661977431924
5_1_anc_ext_S_marker	27_5_1_anc_ext_S_marker	fig:heatmap-27-anc-ext-s-marker	5.1 ANC external S marker	45_svo_gn_er_d_pa	svo	gn	erg-abs	deranking	poss-acc	svo	SV	AVP	5.0	66.0	68.0	69.0	0.32399079342632137	0.36269116941089913	0.3822078817555662	0.058217088329244826
5_1_anc_ext_S_marker	27_5_1_anc_ext_S_marker	fig:heatmap-27-anc-ext-s-marker	5.1 ANC external S marker	46_svo_gn_er_d_ep	svo	gn	erg-abs	deranking	erg-poss	sov	SV	PVA	5.0	69.0	72.0	80.0	0.3822078817555662	0.44121571857084796	0.6002430286238514	0.21803514686828518
5_1_anc_ext_S_marker	27_5_1_anc_ext_S_marker	fig:heatmap-27-anc-ext-s-marker	5.1 ANC external S marker	47_svo_gn_er_d_no	svo	gn	erg-abs	deranking	nomn	svo	SV	AVP	5.0	53.0	57.99999999999999	73.0	0.10374425515866688	0.17838553419891207	0.4609956253156435	0.3572513701569766
5_1_anc_ext_S_marker	27_5_1_anc_ext_S_marker	fig:heatmap-27-anc-ext-s-marker	5.1 ANC external S marker	48_svo_ng_ac_b_se	svo	ng	nom-acc	balancing	sent	svo	SV	AVP	5.0	68.0	63.0	69.0	0.36269116941089913	0.2671599293068453	0.3822078817555662	0.1150479524487209
5_1_anc_ext_S_marker	27_5_1_anc_ext_S_marker	fig:heatmap-27-anc-ext-s-marker	5.1 ANC external S marker	49_svo_ng_ac_b_pa	svo	ng	nom-acc	balancing	poss-acc	vos	VS	VPA	5.0	89.0	92.0	92.0	0.7800364252161309	0.8400179443146094	0.8400179443146094	0.059981519098478486
5_1_anc_ext_S_marker	27_5_1_anc_ext_S_marker	fig:heatmap-27-anc-ext-s-marker	5.1 ANC external S marker	50_svo_ng_ac_b_ep	svo	ng	nom-acc	balancing	erg-poss	vos	VS	VPA	5.0	99.0	100.0	98.0	0.9800010051162833	1.0	0.9600022327543785	0.03999776724562154
5_1_anc_ext_S_marker	27_5_1_anc_ext_S_marker	fig:heatmap-27-anc-ext-s-marker	5.1 ANC external S marker	51_svo_ng_ac_b_no	svo	ng	nom-acc	balancing	nomn	vos	VS	VPA	5.0	100.0	97.0	98.0	1.0	0.9400037321744893	0.9600022327543785	0.05999626782551071
5_1_anc_ext_S_marker	27_5_1_anc_ext_S_marker	fig:heatmap-27-anc-ext-s-marker	5.1 ANC external S marker	52_svo_ng_ac_d_se	svo	ng	nom-acc	deranking	sent	svo	SV	AVP	5.0	66.0	68.0	57.99999999999999	0.32399079342632137	0.36269116941089913	0.17838553419891207	0.18430563521198706
5_1_anc_ext_S_marker	27_5_1_anc_ext_S_marker	fig:heatmap-27-anc-ext-s-marker	5.1 ANC external S marker	53_svo_ng_ac_d_pa	svo	ng	nom-acc	deranking	poss-acc	vos	VS	VPA	5.0	93.0	93.0	97.0	0.8600138689949057	0.8600138689949057	0.9400037321744893	0.07998986317958356
5_1_anc_ext_S_marker	27_5_1_anc_ext_S_marker	fig:heatmap-27-anc-ext-s-marker	5.1 ANC external S marker	54_svo_ng_ac_d_ep	svo	ng	nom-acc	deranking	erg-poss	vos	VS	VPA	5.0	100.0	97.0	99.0	1.0	0.9400037321744893	0.9800010051162833	0.05999626782551071
5_1_anc_ext_S_marker	27_5_1_anc_ext_S_marker	fig:heatmap-27-anc-ext-s-marker	5.1 ANC external S marker	55_svo_ng_ac_d_no	svo	ng	nom-acc	deranking	nomn	vos	VS	VPA	5.0	97.0	100.0	97.0	0.9400037321744893	1.0	0.9400037321744893	0.05999626782551071
5_1_anc_ext_S_marker	27_5_1_anc_ext_S_marker	fig:heatmap-27-anc-ext-s-marker	5.1 ANC external S marker	56_svo_ng_er_b_se	svo	ng	erg-abs	balancing	sent	svo	SV	AVP	5.0	65.0	63.0	66.0	0.3048541952674525	0.2671599293068453	0.32399079342632137	0.05683086411947608
5_1_anc_ext_S_marker	27_5_1_anc_ext_S_marker	fig:heatmap-27-anc-ext-s-marker	5.1 ANC external S marker	57_svo_ng_er_b_pa	svo	ng	erg-abs	balancing	poss-acc	vos	VS	VPA	5.0	66.0	67.0	74.0	0.32399079342632137	0.3432783071525648	0.4808150668439051	0.15682427341758376
5_1_anc_ext_S_marker	27_5_1_anc_ext_S_marker	fig:heatmap-27-anc-ext-s-marker	5.1 ANC external S marker	58_svo_ng_er_b_ep	svo	ng	erg-abs	balancing	erg-poss	vos	VS	VPA	5.0	70.0	72.0	70.0	0.40181045290185924	0.44121571857084796	0.40181045290185924	0.03940526566898872
5_1_anc_ext_S_marker	27_5_1_anc_ext_S_marker	fig:heatmap-27-anc-ext-s-marker	5.1 ANC external S marker	59_svo_ng_er_b_no	svo	ng	erg-abs	balancing	nomn	vos	VS	VPA	5.0	74.0	83.0	88.0	0.4808150668439051	0.6601314044676043	0.7600454927350169	0.27923042589111174
5_1_anc_ext_S_marker	27_5_1_anc_ext_S_marker	fig:heatmap-27-anc-ext-s-marker	5.1 ANC external S marker	60_svo_ng_er_d_se	svo	ng	erg-abs	deranking	sent	svo	SV	AVP	5.0	63.0	68.0	62.0	0.2671599293068453	0.36269116941089913	0.2486790753254733	0.11401209408542584
5_1_anc_ext_S_marker	27_5_1_anc_ext_S_marker	fig:heatmap-27-anc-ext-s-marker	5.1 ANC external S marker	61_svo_ng_er_d_pa	svo	ng	erg-abs	deranking	poss-acc	vos	VS	VPA	5.0	61.0	77.0	80.0	0.23050379208694793	0.5404461012900033	0.6002430286238514	0.36973923653690344
5_1_anc_ext_S_marker	27_5_1_anc_ext_S_marker	fig:heatmap-27-anc-ext-s-marker	5.1 ANC external S marker	62_svo_ng_er_d_ep	svo	ng	erg-abs	deranking	erg-poss	vos	VS	VPA	5.0	54.0	71.0	59.0	0.1171055267048561	0.4214838855772702	0.19529322116268572	0.30437835887241405
5_1_anc_ext_S_marker	27_5_1_anc_ext_S_marker	fig:heatmap-27-anc-ext-s-marker	5.1 ANC external S marker	63_svo_ng_er_d_no	svo	ng	erg-abs	deranking	nomn	vos	VS	VPA	5.0	57.99999999999999	64.0	97.0	0.17838553419891207	0.28589874273887544	0.9400037321744893	0.7616181979755772
5_1_anc_ext_S_marker	27_5_1_anc_ext_S_marker	fig:heatmap-27-anc-ext-s-marker	5.1 ANC external S marker	64_vos_gn_ac_b_se	vos	gn	nom-acc	balancing	sent	vos	VS	VPA	5.0	26.0	25.0	28.999999999999996	0.000815066843905091	0.0006669949589901204	0.0014838855772701248	0.0008168906182800045
5_1_anc_ext_S_marker	27_5_1_anc_ext_S_marker	fig:heatmap-27-anc-ext-s-marker	5.1 ANC external S marker	65_vos_gn_ac_b_pa	vos	gn	nom-acc	balancing	poss-acc	svo	SV	AVP	5.0	53.0	53.0	49.0	0.10374425515866688	0.10374425515866688	0.059809347048237496	0.04393490811042938
5_1_anc_ext_S_marker	27_5_1_anc_ext_S_marker	fig:heatmap-27-anc-ext-s-marker	5.1 ANC external S marker	66_vos_gn_ac_b_ep	vos	gn	nom-acc	balancing	erg-poss	sov	SV	PVA	5.0	79.0	79.0	76.0	0.5802977582031614	0.5802977582031614	0.520545600501044	0.05975215770211739
5_1_anc_ext_S_marker	27_5_1_anc_ext_S_marker	fig:heatmap-27-anc-ext-s-marker	5.1 ANC external S marker	67_vos_gn_ac_b_no	vos	gn	nom-acc	balancing	nomn	svo	SV	AVP	5.0	66.0	69.0	63.0	0.32399079342632137	0.3822078817555662	0.2671599293068453	0.1150479524487209
5_1_anc_ext_S_marker	27_5_1_anc_ext_S_marker	fig:heatmap-27-anc-ext-s-marker	5.1 ANC external S marker	68_vos_gn_ac_d_se	vos	gn	nom-acc	deranking	sent	vos	VS	VPA	5.0	45.0	48.0	41.0	0.031321628861900604	0.05129698535007358	0.015293221162685725	0.03600376418738785
5_1_anc_ext_S_marker	27_5_1_anc_ext_S_marker	fig:heatmap-27-anc-ext-s-marker	5.1 ANC external S marker	69_vos_gn_ac_d_pa	vos	gn	nom-acc	deranking	poss-acc	svo	SV	AVP	5.0	68.0	70.0	70.0	0.36269116941089913	0.40181045290185924	0.40181045290185924	0.03911928349096011
5_1_anc_ext_S_marker	27_5_1_anc_ext_S_marker	fig:heatmap-27-anc-ext-s-marker	5.1 ANC external S marker	70_vos_gn_ac_d_ep	vos	gn	nom-acc	deranking	erg-poss	sov	SV	PVA	5.0	80.0	79.0	80.0	0.6002430286238514	0.5802977582031614	0.6002430286238514	0.019945270420689942
5_1_anc_ext_S_marker	27_5_1_anc_ext_S_marker	fig:heatmap-27-anc-ext-s-marker	5.1 ANC external S marker	71_vos_gn_ac_d_no	vos	gn	nom-acc	deranking	nomn	svo	SV	AVP	5.0	73.0	76.0	75.0	0.4609956253156435	0.520545600501044	0.5006669949589901	0.05954997518540056
5_1_anc_ext_S_marker	27_5_1_anc_ext_S_marker	fig:heatmap-27-anc-ext-s-marker	5.1 ANC external S marker	72_vos_gn_er_b_se	vos	gn	erg-abs	balancing	sent	vos	VS	VPA	5.0	62.0	50.0	50.0	0.2486790753254733	0.06931017816607285	0.06931017816607285	0.17936889715940044
5_1_anc_ext_S_marker	27_5_1_anc_ext_S_marker	fig:heatmap-27-anc-ext-s-marker	5.1 ANC external S marker	73_vos_gn_er_b_pa	vos	gn	erg-abs	balancing	poss-acc	svo	SV	AVP	5.0	55.00000000000001	47.0	48.0	0.1313216288619007	0.04374425515866688	0.05129698535007358	0.08757737370323383
5_1_anc_ext_S_marker	27_5_1_anc_ext_S_marker	fig:heatmap-27-anc-ext-s-marker	5.1 ANC external S marker	74_vos_gn_er_b_ep	vos	gn	erg-abs	balancing	erg-poss	sov	SV	PVA	5.0	84.0	66.0	67.0	0.6801067756461248	0.32399079342632137	0.3432783071525648	0.3561159822198034
5_1_anc_ext_S_marker	27_5_1_anc_ext_S_marker	fig:heatmap-27-anc-ext-s-marker	5.1 ANC external S marker	75_vos_gn_er_b_no	vos	gn	erg-abs	balancing	nomn	svo	SV	AVP	5.0	62.0	72.0	77.0	0.2486790753254733	0.44121571857084796	0.5404461012900033	0.29176702596452997
5_1_anc_ext_S_marker	27_5_1_anc_ext_S_marker	fig:heatmap-27-anc-ext-s-marker	5.1 ANC external S marker	76_vos_gn_er_d_se	vos	gn	erg-abs	deranking	sent	vos	VS	VPA	5.0	54.0	55.00000000000001	50.0	0.1171055267048561	0.1313216288619007	0.06931017816607285	0.06201145069582786
5_1_anc_ext_S_marker	27_5_1_anc_ext_S_marker	fig:heatmap-27-anc-ext-s-marker	5.1 ANC external S marker	77_vos_gn_er_d_pa	vos	gn	erg-abs	deranking	poss-acc	svo	SV	AVP	5.0	43.0	46.0	43.0	0.022037201101923407	0.03710552670485608	0.022037201101923407	0.015068325602932676
5_1_anc_ext_S_marker	27_5_1_anc_ext_S_marker	fig:heatmap-27-anc-ext-s-marker	5.1 ANC external S marker	78_vos_gn_er_d_ep	vos	gn	erg-abs	deranking	erg-poss	sov	SV	PVA	5.0	64.0	65.0	59.0	0.28589874273887544	0.3048541952674525	0.19529322116268572	0.10956097410476678
5_1_anc_ext_S_marker	27_5_1_anc_ext_S_marker	fig:heatmap-27-anc-ext-s-marker	5.1 ANC external S marker	79_vos_gn_er_d_no	vos	gn	erg-abs	deranking	nomn	svo	SV	AVP	5.0	66.0	51.0	62.0	0.32399079342632137	0.0798093470482375	0.2486790753254733	0.24418144637808387
5_1_anc_ext_S_marker	27_5_1_anc_ext_S_marker	fig:heatmap-27-anc-ext-s-marker	5.1 ANC external S marker	80_vos_ng_ac_b_se	vos	ng	nom-acc	balancing	sent	vos	VS	VPA	5.0	43.0	35.0	39.0	0.022037201101923407	0.00485419526745252	0.010503792086947903	0.017183005834470886
5_1_anc_ext_S_marker	27_5_1_anc_ext_S_marker	fig:heatmap-27-anc-ext-s-marker	5.1 ANC external S marker	81_vos_ng_ac_b_pa	vos	ng	nom-acc	balancing	poss-acc	vos	VS	VPA	5.0	43.0	33.0	35.0	0.022037201101923407	0.003278307152564848	0.00485419526745252	0.01875889394935856
5_1_anc_ext_S_marker	27_5_1_anc_ext_S_marker	fig:heatmap-27-anc-ext-s-marker	5.1 ANC external S marker	82_vos_ng_ac_b_ep	vos	ng	nom-acc	balancing	erg-poss	vos	VS	VPA	5.0	32.0	37.0	37.0	0.002691169410899119	0.007159929306845295	0.007159929306845295	0.004468759895946176
5_1_anc_ext_S_marker	27_5_1_anc_ext_S_marker	fig:heatmap-27-anc-ext-s-marker	5.1 ANC external S marker	83_vos_ng_ac_b_no	vos	ng	nom-acc	balancing	nomn	vos	VS	VPA	5.0	53.0	38.0	47.0	0.10374425515866688	0.008679075325473282	0.04374425515866688	0.0950651798331936
5_1_anc_ext_S_marker	27_5_1_anc_ext_S_marker	fig:heatmap-27-anc-ext-s-marker	5.1 ANC external S marker	84_vos_ng_ac_d_se	vos	ng	nom-acc	deranking	sent	vos	VS	VPA	5.0	53.0	51.0	53.0	0.10374425515866688	0.0798093470482375	0.10374425515866688	0.02393490811042938
5_1_anc_ext_S_marker	27_5_1_anc_ext_S_marker	fig:heatmap-27-anc-ext-s-marker	5.1 ANC external S marker	85_vos_ng_ac_d_pa	vos	ng	nom-acc	deranking	poss-acc	vos	VS	VPA	5.0	61.0	48.0	68.0	0.23050379208694793	0.05129698535007358	0.36269116941089913	0.31139418406082553
5_1_anc_ext_S_marker	27_5_1_anc_ext_S_marker	fig:heatmap-27-anc-ext-s-marker	5.1 ANC external S marker	86_vos_ng_ac_d_ep	vos	ng	nom-acc	deranking	erg-poss	vos	VS	VPA	5.0	42.0	43.0	44.0	0.018385534198912194	0.022037201101923407	0.02632370684388144	0.007938172644969245
5_1_anc_ext_S_marker	27_5_1_anc_ext_S_marker	fig:heatmap-27-anc-ext-s-marker	5.1 ANC external S marker	87_vos_ng_ac_d_no	vos	ng	nom-acc	deranking	nomn	vos	VS	VPA	5.0	49.0	57.99999999999999	65.0	0.059809347048237496	0.17838553419891207	0.3048541952674525	0.24504484821921502
5_1_anc_ext_S_marker	27_5_1_anc_ext_S_marker	fig:heatmap-27-anc-ext-s-marker	5.1 ANC external S marker	88_vos_ng_er_b_se	vos	ng	erg-abs	balancing	sent	vos	VS	VPA	5.0	77.0	75.0	73.0	0.5404461012900033	0.5006669949589901	0.4609956253156435	0.07945047597435978
5_1_anc_ext_S_marker	27_5_1_anc_ext_S_marker	fig:heatmap-27-anc-ext-s-marker	5.1 ANC external S marker	89_vos_ng_er_b_pa	vos	ng	erg-abs	balancing	poss-acc	vos	VS	VPA	5.0	88.0	77.0	74.0	0.7600454927350169	0.5404461012900033	0.4808150668439051	0.27923042589111174
5_1_anc_ext_S_marker	27_5_1_anc_ext_S_marker	fig:heatmap-27-anc-ext-s-marker	5.1 ANC external S marker	90_vos_ng_er_b_ep	vos	ng	erg-abs	balancing	erg-poss	vos	VS	VPA	5.0	85.0	82.0	81.0	0.7000866067554558	0.6401614779514829	0.6201981975224622	0.07988840923299356
5_1_anc_ext_S_marker	27_5_1_anc_ext_S_marker	fig:heatmap-27-anc-ext-s-marker	5.1 ANC external S marker	91_vos_ng_er_b_no	vos	ng	erg-abs	balancing	nomn	vos	VS	VPA	5.0	86.0	78.0	92.0	0.7200700908352611	0.5603645644527729	0.8400179443146094	0.27965337986183647
5_1_anc_ext_S_marker	27_5_1_anc_ext_S_marker	fig:heatmap-27-anc-ext-s-marker	5.1 ANC external S marker	92_vos_ng_er_d_se	vos	ng	erg-abs	deranking	sent	vos	VS	VPA	5.0	78.0	67.0	65.0	0.5603645644527729	0.3432783071525648	0.3048541952674525	0.25551036918532044
5_1_anc_ext_S_marker	27_5_1_anc_ext_S_marker	fig:heatmap-27-anc-ext-s-marker	5.1 ANC external S marker	93_vos_ng_er_d_pa	vos	ng	erg-abs	deranking	poss-acc	vos	VS	VPA	5.0	64.0	64.0	71.0	0.28589874273887544	0.28589874273887544	0.4214838855772702	0.13558514283839473
5_1_anc_ext_S_marker	27_5_1_anc_ext_S_marker	fig:heatmap-27-anc-ext-s-marker	5.1 ANC external S marker	94_vos_ng_er_d_ep	vos	ng	erg-abs	deranking	erg-poss	vos	VS	VPA	5.0	73.0	69.0	63.0	0.4609956253156435	0.3822078817555662	0.2671599293068453	0.1938356960087982
5_1_anc_ext_S_marker	27_5_1_anc_ext_S_marker	fig:heatmap-27-anc-ext-s-marker	5.1 ANC external S marker	95_vos_ng_er_d_no	vos	ng	erg-abs	deranking	nomn	vos	VS	VPA	5.0	78.0	75.0	80.0	0.5603645644527729	0.5006669949589901	0.6002430286238514	0.09957603366486123
5_2_anc_ext_A_marker	28_5_2_anc_ext_A_marker	fig:heatmap-28-anc-ext-a-marker	5.2 ANC external A marker	00_sov_gn_ac_b_se	sov	gn	nom-acc	balancing	sent	sov	SV	APV	5.0	35.0	28.000000000000004	31.0	0.00485419526745252	0.0012157185708479242	0.0022078817555662334	0.0036384766966045955
5_2_anc_ext_A_marker	28_5_2_anc_ext_A_marker	fig:heatmap-28-anc-ext-a-marker	5.2 ANC external A marker	01_sov_gn_ac_b_pa	sov	gn	nom-acc	balancing	poss-acc	sov	SV	APV	5.0	44.0	59.0	52.0	0.02632370684388144	0.19529322116268572	0.09129698535007358	0.16896951431880428
5_2_anc_ext_A_marker	28_5_2_anc_ext_A_marker	fig:heatmap-28-anc-ext-a-marker	5.2 ANC external A marker	02_sov_gn_ac_b_ep	sov	gn	nom-acc	balancing	erg-poss	sov	SV	APV	5.0	56.99999999999999	51.0	49.0	0.1620372011019233	0.0798093470482375	0.059809347048237496	0.1022278540536858
5_2_anc_ext_A_marker	28_5_2_anc_ext_A_marker	fig:heatmap-28-anc-ext-a-marker	5.2 ANC external A marker	03_sov_gn_ac_b_no	sov	gn	nom-acc	balancing	nomn	sov	SV	APV	5.0	53.0	50.0	75.0	0.10374425515866688	0.06931017816607285	0.5006669949589901	0.43135681679291726
5_2_anc_ext_A_marker	28_5_2_anc_ext_A_marker	fig:heatmap-28-anc-ext-a-marker	5.2 ANC external A marker	04_sov_gn_ac_d_se	sov	gn	nom-acc	deranking	sent	sov	SV	APV	5.0	41.0	39.0	37.0	0.015293221162685725	0.010503792086947903	0.007159929306845295	0.00813329185584043
5_2_anc_ext_A_marker	28_5_2_anc_ext_A_marker	fig:heatmap-28-anc-ext-a-marker	5.2 ANC external A marker	05_sov_gn_ac_d_pa	sov	gn	nom-acc	deranking	poss-acc	sov	SV	APV	5.0	57.99999999999999	38.0	35.0	0.17838553419891207	0.008679075325473282	0.00485419526745252	0.17353133893145956
5_2_anc_ext_A_marker	28_5_2_anc_ext_A_marker	fig:heatmap-28-anc-ext-a-marker	5.2 ANC external A marker	06_sov_gn_ac_d_ep	sov	gn	nom-acc	deranking	erg-poss	sov	SV	APV	5.0	47.0	67.0	62.0	0.04374425515866688	0.3432783071525648	0.2486790753254733	0.29953405199389793
5_2_anc_ext_A_marker	28_5_2_anc_ext_A_marker	fig:heatmap-28-anc-ext-a-marker	5.2 ANC external A marker	07_sov_gn_ac_d_no	sov	gn	nom-acc	deranking	nomn	sov	SV	APV	5.0	65.0	84.0	66.0	0.3048541952674525	0.6801067756461248	0.32399079342632137	0.37525258037867226
5_2_anc_ext_A_marker	28_5_2_anc_ext_A_marker	fig:heatmap-28-anc-ext-a-marker	5.2 ANC external A marker	08_sov_gn_er_b_se	sov	gn	erg-abs	balancing	sent	sov	SV	APV	5.0	98.0	99.0	99.0	0.9600022327543785	0.9800010051162833	0.9800010051162833	0.019998772361904837
5_2_anc_ext_A_marker	28_5_2_anc_ext_A_marker	fig:heatmap-28-anc-ext-a-marker	5.2 ANC external A marker	09_sov_gn_er_b_pa	sov	gn	erg-abs	balancing	poss-acc	sov	SV	APV	5.0	100.0	100.0	100.0	1.0	1.0	1.0	0.0
5_2_anc_ext_A_marker	28_5_2_anc_ext_A_marker	fig:heatmap-28-anc-ext-a-marker	5.2 ANC external A marker	10_sov_gn_er_b_ep	sov	gn	erg-abs	balancing	erg-poss	sov	SV	APV	5.0	100.0	100.0	100.0	1.0	1.0	1.0	0.0
5_2_anc_ext_A_marker	28_5_2_anc_ext_A_marker	fig:heatmap-28-anc-ext-a-marker	5.2 ANC external A marker	11_sov_gn_er_b_no	sov	gn	erg-abs	balancing	nomn	sov	SV	APV	5.0	99.0	100.0	100.0	0.9800010051162833	1.0	1.0	0.019998994883716703
5_2_anc_ext_A_marker	28_5_2_anc_ext_A_marker	fig:heatmap-28-anc-ext-a-marker	5.2 ANC external A marker	12_sov_gn_er_d_se	sov	gn	erg-abs	deranking	sent	sov	SV	APV	5.0	100.0	97.0	99.0	1.0	0.9400037321744893	0.9800010051162833	0.05999626782551071
5_2_anc_ext_A_marker	28_5_2_anc_ext_A_marker	fig:heatmap-28-anc-ext-a-marker	5.2 ANC external A marker	13_sov_gn_er_d_pa	sov	gn	erg-abs	deranking	poss-acc	sov	SV	APV	5.0	100.0	100.0	100.0	1.0	1.0	1.0	0.0
5_2_anc_ext_A_marker	28_5_2_anc_ext_A_marker	fig:heatmap-28-anc-ext-a-marker	5.2 ANC external A marker	14_sov_gn_er_d_ep	sov	gn	erg-abs	deranking	erg-poss	sov	SV	APV	5.0	100.0	99.0	100.0	1.0	0.9800010051162833	1.0	0.019998994883716703
5_2_anc_ext_A_marker	28_5_2_anc_ext_A_marker	fig:heatmap-28-anc-ext-a-marker	5.2 ANC external A marker	15_sov_gn_er_d_no	sov	gn	erg-abs	deranking	nomn	sov	SV	APV	5.0	100.0	100.0	100.0	1.0	1.0	1.0	0.0
5_2_anc_ext_A_marker	28_5_2_anc_ext_A_marker	fig:heatmap-28-anc-ext-a-marker	5.2 ANC external A marker	16_sov_ng_ac_b_se	sov	ng	nom-acc	balancing	sent	sov	SV	APV	5.0	41.0	45.0	45.0	0.015293221162685725	0.031321628861900604	0.031321628861900604	0.01602840769921488
5_2_anc_ext_A_marker	28_5_2_anc_ext_A_marker	fig:heatmap-28-anc-ext-a-marker	5.2 ANC external A marker	17_sov_ng_ac_b_pa	sov	ng	nom-acc	balancing	poss-acc	ovs	VS	PVA	5.0	55.00000000000001	56.00000000000001	56.00000000000001	0.1313216288619007	0.14632370684388155	0.14632370684388155	0.015002077981980833
5_2_anc_ext_A_marker	28_5_2_anc_ext_A_marker	fig:heatmap-28-anc-ext-a-marker	5.2 ANC external A marker	18_sov_ng_ac_b_ep	sov	ng	nom-acc	balancing	erg-poss	vos	VS	AVP	5.0	80.0	73.0	70.0	0.6002430286238514	0.4609956253156435	0.40181045290185924	0.19843257572199213
5_2_anc_ext_A_marker	28_5_2_anc_ext_A_marker	fig:heatmap-28-anc-ext-a-marker	5.2 ANC external A marker	19_sov_ng_ac_b_no	sov	ng	nom-acc	balancing	nomn	ovs	VS	PVA	5.0	71.0	66.0	75.0	0.4214838855772702	0.32399079342632137	0.5006669949589901	0.17667620153266878
5_2_anc_ext_A_marker	28_5_2_anc_ext_A_marker	fig:heatmap-28-anc-ext-a-marker	5.2 ANC external A marker	20_sov_ng_ac_d_se	sov	ng	nom-acc	deranking	sent	sov	SV	APV	5.0	55.00000000000001	50.0	51.0	0.1313216288619007	0.06931017816607285	0.0798093470482375	0.06201145069582786
5_2_anc_ext_A_marker	28_5_2_anc_ext_A_marker	fig:heatmap-28-anc-ext-a-marker	5.2 ANC external A marker	21_sov_ng_ac_d_pa	sov	ng	nom-acc	deranking	poss-acc	ovs	VS	PVA	5.0	50.0	60.0	54.0	0.06931017816607285	0.2126882612143756	0.1171055267048561	0.14337808304830274
5_2_anc_ext_A_marker	28_5_2_anc_ext_A_marker	fig:heatmap-28-anc-ext-a-marker	5.2 ANC external A marker	22_sov_ng_ac_d_ep	sov	ng	nom-acc	deranking	erg-poss	vos	VS	AVP	5.0	78.0	79.0	72.0	0.5603645644527729	0.5802977582031614	0.44121571857084796	0.13908203963231347
5_2_anc_ext_A_marker	28_5_2_anc_ext_A_marker	fig:heatmap-28-anc-ext-a-marker	5.2 ANC external A marker	23_sov_ng_ac_d_no	sov	ng	nom-acc	deranking	nomn	ovs	VS	PVA	5.0	79.0	77.0	78.0	0.5802977582031614	0.5404461012900033	0.5603645644527729	0.03985165691315817
5_2_anc_ext_A_marker	28_5_2_anc_ext_A_marker	fig:heatmap-28-anc-ext-a-marker	5.2 ANC external A marker	24_sov_ng_er_b_se	sov	ng	erg-abs	balancing	sent	sov	SV	APV	5.0	99.0	99.0	100.0	0.9800010051162833	0.9800010051162833	1.0	0.019998994883716703
5_2_anc_ext_A_marker	28_5_2_anc_ext_A_marker	fig:heatmap-28-anc-ext-a-marker	5.2 ANC external A marker	25_sov_ng_er_b_pa	sov	ng	erg-abs	balancing	poss-acc	ovs	VS	PVA	5.0	100.0	100.0	100.0	1.0	1.0	1.0	0.0
5_2_anc_ext_A_marker	28_5_2_anc_ext_A_marker	fig:heatmap-28-anc-ext-a-marker	5.2 ANC external A marker	26_sov_ng_er_b_ep	sov	ng	erg-abs	balancing	erg-poss	vos	VS	AVP	5.0	100.0	100.0	100.0	1.0	1.0	1.0	0.0
5_2_anc_ext_A_marker	28_5_2_anc_ext_A_marker	fig:heatmap-28-anc-ext-a-marker	5.2 ANC external A marker	27_sov_ng_er_b_no	sov	ng	erg-abs	balancing	nomn	ovs	VS	PVA	5.0	100.0	100.0	100.0	1.0	1.0	1.0	0.0
5_2_anc_ext_A_marker	28_5_2_anc_ext_A_marker	fig:heatmap-28-anc-ext-a-marker	5.2 ANC external A marker	28_sov_ng_er_d_se	sov	ng	erg-abs	deranking	sent	sov	SV	APV	5.0	100.0	100.0	100.0	1.0	1.0	1.0	0.0
5_2_anc_ext_A_marker	28_5_2_anc_ext_A_marker	fig:heatmap-28-anc-ext-a-marker	5.2 ANC external A marker	29_sov_ng_er_d_pa	sov	ng	erg-abs	deranking	poss-acc	ovs	VS	PVA	5.0	100.0	100.0	100.0	1.0	1.0	1.0	0.0
5_2_anc_ext_A_marker	28_5_2_anc_ext_A_marker	fig:heatmap-28-anc-ext-a-marker	5.2 ANC external A marker	30_sov_ng_er_d_ep	sov	ng	erg-abs	deranking	erg-poss	vos	VS	AVP	5.0	100.0	100.0	100.0	1.0	1.0	1.0	0.0
5_2_anc_ext_A_marker	28_5_2_anc_ext_A_marker	fig:heatmap-28-anc-ext-a-marker	5.2 ANC external A marker	31_sov_ng_er_d_no	sov	ng	erg-abs	deranking	nomn	ovs	VS	PVA	5.0	100.0	100.0	100.0	1.0	1.0	1.0	0.0
5_2_anc_ext_A_marker	28_5_2_anc_ext_A_marker	fig:heatmap-28-anc-ext-a-marker	5.2 ANC external A marker	32_svo_gn_ac_b_se	svo	gn	nom-acc	balancing	sent	svo	SV	AVP	5.0	73.0	76.0	78.0	0.4609956253156435	0.520545600501044	0.5603645644527729	0.09936893913712946
5_2_anc_ext_A_marker	28_5_2_anc_ext_A_marker	fig:heatmap-28-anc-ext-a-marker	5.2 ANC external A marker	33_svo_gn_ac_b_pa	svo	gn	nom-acc	balancing	poss-acc	svo	SV	AVP	5.0	82.0	81.0	90.0	0.6401614779514829	0.6201981975224622	0.8000290007473678	0.17983080322490563
5_2_anc_ext_A_marker	28_5_2_anc_ext_A_marker	fig:heatmap-28-anc-ext-a-marker	5.2 ANC external A marker	34_svo_gn_ac_b_ep	svo	gn	nom-acc	balancing	erg-poss	sov	SV	PVA	5.0	83.0	85.0	83.0	0.6601314044676043	0.7000866067554558	0.6601314044676043	0.03995520228785143
5_2_anc_ext_A_marker	28_5_2_anc_ext_A_marker	fig:heatmap-28-anc-ext-a-marker	5.2 ANC external A marker	35_svo_gn_ac_b_no	svo	gn	nom-acc	balancing	nomn	svo	SV	AVP	5.0	90.0	97.0	89.0	0.8000290007473678	0.9400037321744893	0.7800364252161309	0.15996730695835837
5_2_anc_ext_A_marker	28_5_2_anc_ext_A_marker	fig:heatmap-28-anc-ext-a-marker	5.2 ANC external A marker	36_svo_gn_ac_d_se	svo	gn	nom-acc	deranking	sent	svo	SV	AVP	5.0	64.0	74.0	79.0	0.28589874273887544	0.4808150668439051	0.5802977582031614	0.294399015464286
5_2_anc_ext_A_marker	28_5_2_anc_ext_A_marker	fig:heatmap-28-anc-ext-a-marker	5.2 ANC external A marker	37_svo_gn_ac_d_pa	svo	gn	nom-acc	deranking	poss-acc	svo	SV	AVP	5.0	75.0	83.0	78.0	0.5006669949589901	0.6601314044676043	0.5603645644527729	0.15946440950861418
5_2_anc_ext_A_marker	28_5_2_anc_ext_A_marker	fig:heatmap-28-anc-ext-a-marker	5.2 ANC external A marker	38_svo_gn_ac_d_ep	svo	gn	nom-acc	deranking	erg-poss	sov	SV	PVA	5.0	75.0	86.0	85.0	0.5006669949589901	0.7200700908352611	0.7000866067554558	0.21940309587627094
5_2_anc_ext_A_marker	28_5_2_anc_ext_A_marker	fig:heatmap-28-anc-ext-a-marker	5.2 ANC external A marker	39_svo_gn_ac_d_no	svo	gn	nom-acc	deranking	nomn	svo	SV	AVP	5.0	67.0	90.0	86.0	0.3432783071525648	0.8000290007473678	0.7200700908352611	0.456750693594803
5_2_anc_ext_A_marker	28_5_2_anc_ext_A_marker	fig:heatmap-28-anc-ext-a-marker	5.2 ANC external A marker	40_svo_gn_er_b_se	svo	gn	erg-abs	balancing	sent	svo	SV	AVP	5.0	98.0	100.0	100.0	0.9600022327543785	1.0	1.0	0.03999776724562154
5_2_anc_ext_A_marker	28_5_2_anc_ext_A_marker	fig:heatmap-28-anc-ext-a-marker	5.2 ANC external A marker	41_svo_gn_er_b_pa	svo	gn	erg-abs	balancing	poss-acc	svo	SV	AVP	5.0	100.0	100.0	100.0	1.0	1.0	1.0	0.0
5_2_anc_ext_A_marker	28_5_2_anc_ext_A_marker	fig:heatmap-28-anc-ext-a-marker	5.2 ANC external A marker	42_svo_gn_er_b_ep	svo	gn	erg-abs	balancing	erg-poss	sov	SV	PVA	5.0	100.0	100.0	100.0	1.0	1.0	1.0	0.0
5_2_anc_ext_A_marker	28_5_2_anc_ext_A_marker	fig:heatmap-28-anc-ext-a-marker	5.2 ANC external A marker	43_svo_gn_er_b_no	svo	gn	erg-abs	balancing	nomn	svo	SV	AVP	5.0	100.0	100.0	100.0	1.0	1.0	1.0	0.0
5_2_anc_ext_A_marker	28_5_2_anc_ext_A_marker	fig:heatmap-28-anc-ext-a-marker	5.2 ANC external A marker	44_svo_gn_er_d_se	svo	gn	erg-abs	deranking	sent	svo	SV	AVP	5.0	94.0	97.0	96.0	0.880010532281679	0.9400037321744893	0.9200055635398481	0.05999319989281027
5_2_anc_ext_A_marker	28_5_2_anc_ext_A_marker	fig:heatmap-28-anc-ext-a-marker	5.2 ANC external A marker	45_svo_gn_er_d_pa	svo	gn	erg-abs	deranking	poss-acc	svo	SV	AVP	5.0	100.0	100.0	100.0	1.0	1.0	1.0	0.0
5_2_anc_ext_A_marker	28_5_2_anc_ext_A_marker	fig:heatmap-28-anc-ext-a-marker	5.2 ANC external A marker	46_svo_gn_er_d_ep	svo	gn	erg-abs	deranking	erg-poss	sov	SV	PVA	5.0	100.0	98.0	100.0	1.0	0.9600022327543785	1.0	0.03999776724562154
5_2_anc_ext_A_marker	28_5_2_anc_ext_A_marker	fig:heatmap-28-anc-ext-a-marker	5.2 ANC external A marker	47_svo_gn_er_d_no	svo	gn	erg-abs	deranking	nomn	svo	SV	AVP	5.0	100.0	100.0	100.0	1.0	1.0	1.0	0.0
5_2_anc_ext_A_marker	28_5_2_anc_ext_A_marker	fig:heatmap-28-anc-ext-a-marker	5.2 ANC external A marker	48_svo_ng_ac_b_se	svo	ng	nom-acc	balancing	sent	svo	SV	AVP	5.0	77.0	70.0	80.0	0.5404461012900033	0.40181045290185924	0.6002430286238514	0.19843257572199213
5_2_anc_ext_A_marker	28_5_2_anc_ext_A_marker	fig:heatmap-28-anc-ext-a-marker	5.2 ANC external A marker	49_svo_ng_ac_b_pa	svo	ng	nom-acc	balancing	poss-acc	vos	VS	VPA	5.0	89.0	95.0	96.0	0.7800364252161309	0.9000078003290506	0.9200055635398481	0.13996913832371716
5_2_anc_ext_A_marker	28_5_2_anc_ext_A_marker	fig:heatmap-28-anc-ext-a-marker	5.2 ANC external A marker	50_svo_ng_ac_b_ep	svo	ng	nom-acc	balancing	erg-poss	vos	VS	VPA	5.0	95.0	100.0	99.0	0.9000078003290506	1.0	0.9800010051162833	0.09999219967094941
5_2_anc_ext_A_marker	28_5_2_anc_ext_A_marker	fig:heatmap-28-anc-ext-a-marker	5.2 ANC external A marker	51_svo_ng_ac_b_no	svo	ng	nom-acc	balancing	nomn	vos	VS	VPA	5.0	100.0	99.0	100.0	1.0	0.9800010051162833	1.0	0.019998994883716703
5_2_anc_ext_A_marker	28_5_2_anc_ext_A_marker	fig:heatmap-28-anc-ext-a-marker	5.2 ANC external A marker	52_svo_ng_ac_d_se	svo	ng	nom-acc	deranking	sent	svo	SV	AVP	5.0	73.0	76.0	63.0	0.4609956253156435	0.520545600501044	0.2671599293068453	0.25338567119419875
5_2_anc_ext_A_marker	28_5_2_anc_ext_A_marker	fig:heatmap-28-anc-ext-a-marker	5.2 ANC external A marker	53_svo_ng_ac_d_pa	svo	ng	nom-acc	deranking	poss-acc	vos	VS	VPA	5.0	91.0	95.0	97.0	0.8200229216960366	0.9000078003290506	0.9400037321744893	0.11998081047845266
5_2_anc_ext_A_marker	28_5_2_anc_ext_A_marker	fig:heatmap-28-anc-ext-a-marker	5.2 ANC external A marker	54_svo_ng_ac_d_ep	svo	ng	nom-acc	deranking	erg-poss	vos	VS	VPA	5.0	100.0	97.0	99.0	1.0	0.9400037321744893	0.9800010051162833	0.05999626782551071
5_2_anc_ext_A_marker	28_5_2_anc_ext_A_marker	fig:heatmap-28-anc-ext-a-marker	5.2 ANC external A marker	55_svo_ng_ac_d_no	svo	ng	nom-acc	deranking	nomn	vos	VS	VPA	5.0	100.0	99.0	95.0	1.0	0.9800010051162833	0.9000078003290506	0.09999219967094941
5_2_anc_ext_A_marker	28_5_2_anc_ext_A_marker	fig:heatmap-28-anc-ext-a-marker	5.2 ANC external A marker	56_svo_ng_er_b_se	svo	ng	erg-abs	balancing	sent	svo	SV	AVP	5.0	95.0	99.0	98.0	0.9000078003290506	0.9800010051162833	0.9600022327543785	0.07999320478723271
5_2_anc_ext_A_marker	28_5_2_anc_ext_A_marker	fig:heatmap-28-anc-ext-a-marker	5.2 ANC external A marker	57_svo_ng_er_b_pa	svo	ng	erg-abs	balancing	poss-acc	vos	VS	VPA	5.0	100.0	100.0	100.0	1.0	1.0	1.0	0.0
5_2_anc_ext_A_marker	28_5_2_anc_ext_A_marker	fig:heatmap-28-anc-ext-a-marker	5.2 ANC external A marker	58_svo_ng_er_b_ep	svo	ng	erg-abs	balancing	erg-poss	vos	VS	VPA	5.0	100.0	100.0	100.0	1.0	1.0	1.0	0.0
5_2_anc_ext_A_marker	28_5_2_anc_ext_A_marker	fig:heatmap-28-anc-ext-a-marker	5.2 ANC external A marker	59_svo_ng_er_b_no	svo	ng	erg-abs	balancing	nomn	vos	VS	VPA	5.0	100.0	100.0	100.0	1.0	1.0	1.0	0.0
5_2_anc_ext_A_marker	28_5_2_anc_ext_A_marker	fig:heatmap-28-anc-ext-a-marker	5.2 ANC external A marker	60_svo_ng_er_d_se	svo	ng	erg-abs	deranking	sent	svo	SV	AVP	5.0	89.0	97.0	96.0	0.7800364252161309	0.9400037321744893	0.9200055635398481	0.15996730695835837
5_2_anc_ext_A_marker	28_5_2_anc_ext_A_marker	fig:heatmap-28-anc-ext-a-marker	5.2 ANC external A marker	61_svo_ng_er_d_pa	svo	ng	erg-abs	deranking	poss-acc	vos	VS	VPA	5.0	100.0	100.0	100.0	1.0	1.0	1.0	0.0
5_2_anc_ext_A_marker	28_5_2_anc_ext_A_marker	fig:heatmap-28-anc-ext-a-marker	5.2 ANC external A marker	62_svo_ng_er_d_ep	svo	ng	erg-abs	deranking	erg-poss	vos	VS	VPA	5.0	100.0	100.0	100.0	1.0	1.0	1.0	0.0
5_2_anc_ext_A_marker	28_5_2_anc_ext_A_marker	fig:heatmap-28-anc-ext-a-marker	5.2 ANC external A marker	63_svo_ng_er_d_no	svo	ng	erg-abs	deranking	nomn	vos	VS	VPA	5.0	100.0	100.0	100.0	1.0	1.0	1.0	0.0
5_2_anc_ext_A_marker	28_5_2_anc_ext_A_marker	fig:heatmap-28-anc-ext-a-marker	5.2 ANC external A marker	64_vos_gn_ac_b_se	vos	gn	nom-acc	balancing	sent	vos	VS	VPA	5.0	30.0	26.0	31.0	0.001810452901859287	0.000815066843905091	0.0022078817555662334	0.0013928149116611424
5_2_anc_ext_A_marker	28_5_2_anc_ext_A_marker	fig:heatmap-28-anc-ext-a-marker	5.2 ANC external A marker	65_vos_gn_ac_b_pa	vos	gn	nom-acc	balancing	poss-acc	svo	SV	AVP	5.0	54.0	53.0	55.00000000000001	0.1171055267048561	0.10374425515866688	0.1313216288619007	0.027577373703233835
5_2_anc_ext_A_marker	28_5_2_anc_ext_A_marker	fig:heatmap-28-anc-ext-a-marker	5.2 ANC external A marker	66_vos_gn_ac_b_ep	vos	gn	nom-acc	balancing	erg-poss	sov	SV	PVA	5.0	78.0	78.0	79.0	0.5603645644527729	0.5603645644527729	0.5802977582031614	0.01993319375038849
5_2_anc_ext_A_marker	28_5_2_anc_ext_A_marker	fig:heatmap-28-anc-ext-a-marker	5.2 ANC external A marker	67_vos_gn_ac_b_no	vos	gn	nom-acc	balancing	nomn	svo	SV	AVP	5.0	61.0	62.0	62.0	0.23050379208694793	0.2486790753254733	0.2486790753254733	0.018175283238525353
5_2_anc_ext_A_marker	28_5_2_anc_ext_A_marker	fig:heatmap-28-anc-ext-a-marker	5.2 ANC external A marker	68_vos_gn_ac_d_se	vos	gn	nom-acc	deranking	sent	vos	VS	VPA	5.0	40.0	39.0	46.0	0.012688261214375562	0.010503792086947903	0.03710552670485608	0.026601734617908178
5_2_anc_ext_A_marker	28_5_2_anc_ext_A_marker	fig:heatmap-28-anc-ext-a-marker	5.2 ANC external A marker	69_vos_gn_ac_d_pa	vos	gn	nom-acc	deranking	poss-acc	svo	SV	AVP	5.0	63.0	62.0	68.0	0.2671599293068453	0.2486790753254733	0.36269116941089913	0.11401209408542584
5_2_anc_ext_A_marker	28_5_2_anc_ext_A_marker	fig:heatmap-28-anc-ext-a-marker	5.2 ANC external A marker	70_vos_gn_ac_d_ep	vos	gn	nom-acc	deranking	erg-poss	sov	SV	PVA	5.0	78.0	79.0	79.0	0.5603645644527729	0.5802977582031614	0.5802977582031614	0.01993319375038849
5_2_anc_ext_A_marker	28_5_2_anc_ext_A_marker	fig:heatmap-28-anc-ext-a-marker	5.2 ANC external A marker	71_vos_gn_ac_d_no	vos	gn	nom-acc	deranking	nomn	svo	SV	AVP	5.0	78.0	74.0	73.0	0.5603645644527729	0.4808150668439051	0.4609956253156435	0.09936893913712946
5_2_anc_ext_A_marker	28_5_2_anc_ext_A_marker	fig:heatmap-28-anc-ext-a-marker	5.2 ANC external A marker	72_vos_gn_er_b_se	vos	gn	erg-abs	balancing	sent	vos	VS	VPA	5.0	93.0	95.0	96.0	0.8600138689949057	0.9000078003290506	0.9200055635398481	0.05999169454494235
5_2_anc_ext_A_marker	28_5_2_anc_ext_A_marker	fig:heatmap-28-anc-ext-a-marker	5.2 ANC external A marker	73_vos_gn_er_b_pa	vos	gn	erg-abs	balancing	poss-acc	svo	SV	AVP	5.0	97.0	92.0	96.0	0.9400037321744893	0.8400179443146094	0.9200055635398481	0.09998578785987988
5_2_anc_ext_A_marker	28_5_2_anc_ext_A_marker	fig:heatmap-28-anc-ext-a-marker	5.2 ANC external A marker	74_vos_gn_er_b_ep	vos	gn	erg-abs	balancing	erg-poss	sov	SV	PVA	5.0	99.0	94.0	97.0	0.9800010051162833	0.880010532281679	0.9400037321744893	0.09999047283460427
5_2_anc_ext_A_marker	28_5_2_anc_ext_A_marker	fig:heatmap-28-anc-ext-a-marker	5.2 ANC external A marker	75_vos_gn_er_b_no	vos	gn	erg-abs	balancing	nomn	svo	SV	AVP	5.0	99.0	95.0	98.0	0.9800010051162833	0.9000078003290506	0.9600022327543785	0.07999320478723271
5_2_anc_ext_A_marker	28_5_2_anc_ext_A_marker	fig:heatmap-28-anc-ext-a-marker	5.2 ANC external A marker	76_vos_gn_er_d_se	vos	gn	erg-abs	deranking	sent	vos	VS	VPA	5.0	97.0	99.0	99.0	0.9400037321744893	0.9800010051162833	0.9800010051162833	0.039997272941794004
5_2_anc_ext_A_marker	28_5_2_anc_ext_A_marker	fig:heatmap-28-anc-ext-a-marker	5.2 ANC external A marker	77_vos_gn_er_d_pa	vos	gn	erg-abs	deranking	poss-acc	svo	SV	AVP	5.0	99.0	100.0	100.0	0.9800010051162833	1.0	1.0	0.019998994883716703
5_2_anc_ext_A_marker	28_5_2_anc_ext_A_marker	fig:heatmap-28-anc-ext-a-marker	5.2 ANC external A marker	78_vos_gn_er_d_ep	vos	gn	erg-abs	deranking	erg-poss	sov	SV	PVA	5.0	90.0	96.0	94.0	0.8000290007473678	0.9200055635398481	0.880010532281679	0.11997656279248026
5_2_anc_ext_A_marker	28_5_2_anc_ext_A_marker	fig:heatmap-28-anc-ext-a-marker	5.2 ANC external A marker	79_vos_gn_er_d_no	vos	gn	erg-abs	deranking	nomn	svo	SV	AVP	5.0	100.0	97.0	100.0	1.0	0.9400037321744893	1.0	0.05999626782551071
5_2_anc_ext_A_marker	28_5_2_anc_ext_A_marker	fig:heatmap-28-anc-ext-a-marker	5.2 ANC external A marker	80_vos_ng_ac_b_se	vos	ng	nom-acc	balancing	sent	vos	VS	VPA	5.0	33.0	28.000000000000004	27.0	0.003278307152564848	0.0012157185708479242	0.000995625315643497	0.002282681836921351
5_2_anc_ext_A_marker	28_5_2_anc_ext_A_marker	fig:heatmap-28-anc-ext-a-marker	5.2 ANC external A marker	81_vos_ng_ac_b_pa	vos	ng	nom-acc	balancing	poss-acc	vos	VS	VPA	5.0	45.0	25.0	28.000000000000004	0.031321628861900604	0.0006669949589901204	0.0012157185708479242	0.030654633902910483
5_2_anc_ext_A_marker	28_5_2_anc_ext_A_marker	fig:heatmap-28-anc-ext-a-marker	5.2 ANC external A marker	82_vos_ng_ac_b_ep	vos	ng	nom-acc	balancing	erg-poss	vos	VS	VPA	5.0	40.0	52.0	45.0	0.012688261214375562	0.09129698535007358	0.031321628861900604	0.07860872413569801
5_2_anc_ext_A_marker	28_5_2_anc_ext_A_marker	fig:heatmap-28-anc-ext-a-marker	5.2 ANC external A marker	83_vos_ng_ac_b_no	vos	ng	nom-acc	balancing	nomn	vos	VS	VPA	5.0	51.0	52.0	66.0	0.0798093470482375	0.09129698535007358	0.32399079342632137	0.24418144637808387
5_2_anc_ext_A_marker	28_5_2_anc_ext_A_marker	fig:heatmap-28-anc-ext-a-marker	5.2 ANC external A marker	84_vos_ng_ac_d_se	vos	ng	nom-acc	deranking	sent	vos	VS	VPA	5.0	51.0	47.0	50.0	0.0798093470482375	0.04374425515866688	0.06931017816607285	0.03606509188957062
5_2_anc_ext_A_marker	28_5_2_anc_ext_A_marker	fig:heatmap-28-anc-ext-a-marker	5.2 ANC external A marker	85_vos_ng_ac_d_pa	vos	ng	nom-acc	deranking	poss-acc	vos	VS	VPA	5.0	69.0	49.0	82.0	0.3822078817555662	0.059809347048237496	0.6401614779514829	0.5803521309032454
5_2_anc_ext_A_marker	28_5_2_anc_ext_A_marker	fig:heatmap-28-anc-ext-a-marker	5.2 ANC external A marker	86_vos_ng_ac_d_ep	vos	ng	nom-acc	deranking	erg-poss	vos	VS	VPA	5.0	53.0	60.0	67.0	0.10374425515866688	0.2126882612143756	0.3432783071525648	0.23953405199389793
5_2_anc_ext_A_marker	28_5_2_anc_ext_A_marker	fig:heatmap-28-anc-ext-a-marker	5.2 ANC external A marker	87_vos_ng_ac_d_no	vos	ng	nom-acc	deranking	nomn	vos	VS	VPA	5.0	61.0	77.0	84.0	0.23050379208694793	0.5404461012900033	0.6801067756461248	0.4496029835591768
5_2_anc_ext_A_marker	28_5_2_anc_ext_A_marker	fig:heatmap-28-anc-ext-a-marker	5.2 ANC external A marker	88_vos_ng_er_b_se	vos	ng	erg-abs	balancing	sent	vos	VS	VPA	5.0	100.0	99.0	99.0	1.0	0.9800010051162833	0.9800010051162833	0.019998994883716703
5_2_anc_ext_A_marker	28_5_2_anc_ext_A_marker	fig:heatmap-28-anc-ext-a-marker	5.2 ANC external A marker	89_vos_ng_er_b_pa	vos	ng	erg-abs	balancing	poss-acc	vos	VS	VPA	5.0	100.0	100.0	100.0	1.0	1.0	1.0	0.0
5_2_anc_ext_A_marker	28_5_2_anc_ext_A_marker	fig:heatmap-28-anc-ext-a-marker	5.2 ANC external A marker	90_vos_ng_er_b_ep	vos	ng	erg-abs	balancing	erg-poss	vos	VS	VPA	5.0	100.0	100.0	100.0	1.0	1.0	1.0	0.0
5_2_anc_ext_A_marker	28_5_2_anc_ext_A_marker	fig:heatmap-28-anc-ext-a-marker	5.2 ANC external A marker	91_vos_ng_er_b_no	vos	ng	erg-abs	balancing	nomn	vos	VS	VPA	5.0	100.0	100.0	100.0	1.0	1.0	1.0	0.0
5_2_anc_ext_A_marker	28_5_2_anc_ext_A_marker	fig:heatmap-28-anc-ext-a-marker	5.2 ANC external A marker	92_vos_ng_er_d_se	vos	ng	erg-abs	deranking	sent	vos	VS	VPA	5.0	100.0	99.0	98.0	1.0	0.9800010051162833	0.9600022327543785	0.03999776724562154
5_2_anc_ext_A_marker	28_5_2_anc_ext_A_marker	fig:heatmap-28-anc-ext-a-marker	5.2 ANC external A marker	93_vos_ng_er_d_pa	vos	ng	erg-abs	deranking	poss-acc	vos	VS	VPA	5.0	100.0	100.0	100.0	1.0	1.0	1.0	0.0
5_2_anc_ext_A_marker	28_5_2_anc_ext_A_marker	fig:heatmap-28-anc-ext-a-marker	5.2 ANC external A marker	94_vos_ng_er_d_ep	vos	ng	erg-abs	deranking	erg-poss	vos	VS	VPA	5.0	100.0	100.0	100.0	1.0	1.0	1.0	0.0
5_2_anc_ext_A_marker	28_5_2_anc_ext_A_marker	fig:heatmap-28-anc-ext-a-marker	5.2 ANC external A marker	95_vos_ng_er_d_no	vos	ng	erg-abs	deranking	nomn	vos	VS	VPA	5.0	100.0	100.0	100.0	1.0	1.0	1.0	0.0
5_3_anc_ext_P_marker	29_5_3_anc_ext_P_marker	fig:heatmap-29-anc-ext-p-marker	5.3 ANC external P marker	00_sov_gn_ac_b_se	sov	gn	nom-acc	balancing	sent	sov	SV	APV	5.0	100.0	100.0	100.0	1.0	1.0	1.0	0.0
5_3_anc_ext_P_marker	29_5_3_anc_ext_P_marker	fig:heatmap-29-anc-ext-p-marker	5.3 ANC external P marker	01_sov_gn_ac_b_pa	sov	gn	nom-acc	balancing	poss-acc	sov	SV	APV	5.0	100.0	100.0	100.0	1.0	1.0	1.0	0.0
5_3_anc_ext_P_marker	29_5_3_anc_ext_P_marker	fig:heatmap-29-anc-ext-p-marker	5.3 ANC external P marker	02_sov_gn_ac_b_ep	sov	gn	nom-acc	balancing	erg-poss	sov	SV	APV	5.0	100.0	100.0	100.0	1.0	1.0	1.0	0.0
5_3_anc_ext_P_marker	29_5_3_anc_ext_P_marker	fig:heatmap-29-anc-ext-p-marker	5.3 ANC external P marker	03_sov_gn_ac_b_no	sov	gn	nom-acc	balancing	nomn	sov	SV	APV	5.0	100.0	100.0	100.0	1.0	1.0	1.0	0.0
5_3_anc_ext_P_marker	29_5_3_anc_ext_P_marker	fig:heatmap-29-anc-ext-p-marker	5.3 ANC external P marker	04_sov_gn_ac_d_se	sov	gn	nom-acc	deranking	sent	sov	SV	APV	5.0	97.0	99.0	98.0	0.9400037321744893	0.9800010051162833	0.9600022327543785	0.039997272941794004
5_3_anc_ext_P_marker	29_5_3_anc_ext_P_marker	fig:heatmap-29-anc-ext-p-marker	5.3 ANC external P marker	05_sov_gn_ac_d_pa	sov	gn	nom-acc	deranking	poss-acc	sov	SV	APV	5.0	100.0	99.0	100.0	1.0	0.9800010051162833	1.0	0.019998994883716703
5_3_anc_ext_P_marker	29_5_3_anc_ext_P_marker	fig:heatmap-29-anc-ext-p-marker	5.3 ANC external P marker	06_sov_gn_ac_d_ep	sov	gn	nom-acc	deranking	erg-poss	sov	SV	APV	5.0	100.0	100.0	100.0	1.0	1.0	1.0	0.0
5_3_anc_ext_P_marker	29_5_3_anc_ext_P_marker	fig:heatmap-29-anc-ext-p-marker	5.3 ANC external P marker	07_sov_gn_ac_d_no	sov	gn	nom-acc	deranking	nomn	sov	SV	APV	5.0	100.0	100.0	100.0	1.0	1.0	1.0	0.0
5_3_anc_ext_P_marker	29_5_3_anc_ext_P_marker	fig:heatmap-29-anc-ext-p-marker	5.3 ANC external P marker	08_sov_gn_er_b_se	sov	gn	erg-abs	balancing	sent	sov	SV	APV	5.0	96.0	96.0	95.0	0.9200055635398481	0.9200055635398481	0.9000078003290506	0.019997763210797492
5_3_anc_ext_P_marker	29_5_3_anc_ext_P_marker	fig:heatmap-29-anc-ext-p-marker	5.3 ANC external P marker	09_sov_gn_er_b_pa	sov	gn	erg-abs	balancing	poss-acc	sov	SV	APV	5.0	94.0	91.0	93.0	0.880010532281679	0.8200229216960366	0.8600138689949057	0.05998761058564239
5_3_anc_ext_P_marker	29_5_3_anc_ext_P_marker	fig:heatmap-29-anc-ext-p-marker	5.3 ANC external P marker	10_sov_gn_er_b_ep	sov	gn	erg-abs	balancing	erg-poss	sov	SV	APV	5.0	91.0	91.0	97.0	0.8200229216960366	0.8200229216960366	0.9400037321744893	0.11998081047845266
5_3_anc_ext_P_marker	29_5_3_anc_ext_P_marker	fig:heatmap-29-anc-ext-p-marker	5.3 ANC external P marker	11_sov_gn_er_b_no	sov	gn	erg-abs	balancing	nomn	sov	SV	APV	5.0	97.0	93.0	97.0	0.9400037321744893	0.8600138689949057	0.9400037321744893	0.07998986317958356
5_3_anc_ext_P_marker	29_5_3_anc_ext_P_marker	fig:heatmap-29-anc-ext-p-marker	5.3 ANC external P marker	12_sov_gn_er_d_se	sov	gn	erg-abs	deranking	sent	sov	SV	APV	5.0	96.0	99.0	98.0	0.9200055635398481	0.9800010051162833	0.9600022327543785	0.059995441576435216
5_3_anc_ext_P_marker	29_5_3_anc_ext_P_marker	fig:heatmap-29-anc-ext-p-marker	5.3 ANC external P marker	13_sov_gn_er_d_pa	sov	gn	erg-abs	deranking	poss-acc	sov	SV	APV	5.0	100.0	98.0	99.0	1.0	0.9600022327543785	0.9800010051162833	0.03999776724562154
5_3_anc_ext_P_marker	29_5_3_anc_ext_P_marker	fig:heatmap-29-anc-ext-p-marker	5.3 ANC external P marker	14_sov_gn_er_d_ep	sov	gn	erg-abs	deranking	erg-poss	sov	SV	APV	5.0	97.0	98.0	97.0	0.9400037321744893	0.9600022327543785	0.9400037321744893	0.019998500579889167
5_3_anc_ext_P_marker	29_5_3_anc_ext_P_marker	fig:heatmap-29-anc-ext-p-marker	5.3 ANC external P marker	15_sov_gn_er_d_no	sov	gn	erg-abs	deranking	nomn	sov	SV	APV	5.0	98.0	96.0	97.0	0.9600022327543785	0.9200055635398481	0.9400037321744893	0.03999666921453038
5_3_anc_ext_P_marker	29_5_3_anc_ext_P_marker	fig:heatmap-29-anc-ext-p-marker	5.3 ANC external P marker	16_sov_ng_ac_b_se	sov	ng	nom-acc	balancing	sent	sov	SV	APV	5.0	94.0	94.0	93.0	0.880010532281679	0.880010532281679	0.8600138689949057	0.019996663286773297
5_3_anc_ext_P_marker	29_5_3_anc_ext_P_marker	fig:heatmap-29-anc-ext-p-marker	5.3 ANC external P marker	17_sov_ng_ac_b_pa	sov	ng	nom-acc	balancing	poss-acc	ovs	VS	PVA	5.0	95.0	94.0	92.0	0.9000078003290506	0.880010532281679	0.8400179443146094	0.05998985601444118
5_3_anc_ext_P_marker	29_5_3_anc_ext_P_marker	fig:heatmap-29-anc-ext-p-marker	5.3 ANC external P marker	18_sov_ng_ac_b_ep	sov	ng	nom-acc	balancing	erg-poss	vos	VS	AVP	5.0	100.0	100.0	100.0	1.0	1.0	1.0	0.0
5_3_anc_ext_P_marker	29_5_3_anc_ext_P_marker	fig:heatmap-29-anc-ext-p-marker	5.3 ANC external P marker	19_sov_ng_ac_b_no	sov	ng	nom-acc	balancing	nomn	ovs	VS	PVA	5.0	100.0	100.0	100.0	1.0	1.0	1.0	0.0
5_3_anc_ext_P_marker	29_5_3_anc_ext_P_marker	fig:heatmap-29-anc-ext-p-marker	5.3 ANC external P marker	20_sov_ng_ac_d_se	sov	ng	nom-acc	deranking	sent	sov	SV	APV	5.0	97.0	97.0	97.0	0.9400037321744893	0.9400037321744893	0.9400037321744893	0.0
5_3_anc_ext_P_marker	29_5_3_anc_ext_P_marker	fig:heatmap-29-anc-ext-p-marker	5.3 ANC external P marker	21_sov_ng_ac_d_pa	sov	ng	nom-acc	deranking	poss-acc	ovs	VS	PVA	5.0	98.0	100.0	99.0	0.9600022327543785	1.0	0.9800010051162833	0.03999776724562154
5_3_anc_ext_P_marker	29_5_3_anc_ext_P_marker	fig:heatmap-29-anc-ext-p-marker	5.3 ANC external P marker	22_sov_ng_ac_d_ep	sov	ng	nom-acc	deranking	erg-poss	vos	VS	AVP	5.0	100.0	100.0	100.0	1.0	1.0	1.0	0.0
5_3_anc_ext_P_marker	29_5_3_anc_ext_P_marker	fig:heatmap-29-anc-ext-p-marker	5.3 ANC external P marker	23_sov_ng_ac_d_no	sov	ng	nom-acc	deranking	nomn	ovs	VS	PVA	5.0	100.0	100.0	100.0	1.0	1.0	1.0	0.0
5_3_anc_ext_P_marker	29_5_3_anc_ext_P_marker	fig:heatmap-29-anc-ext-p-marker	5.3 ANC external P marker	24_sov_ng_er_b_se	sov	ng	erg-abs	balancing	sent	sov	SV	APV	5.0	72.0	71.0	75.0	0.44121571857084796	0.4214838855772702	0.5006669949589901	0.07918310938171996
5_3_anc_ext_P_marker	29_5_3_anc_ext_P_marker	fig:heatmap-29-anc-ext-p-marker	5.3 ANC external P marker	25_sov_ng_er_b_pa	sov	ng	erg-abs	balancing	poss-acc	ovs	VS	PVA	5.0	56.00000000000001	44.0	51.0	0.14632370684388155	0.02632370684388144	0.0798093470482375	0.1200000000000001
5_3_anc_ext_P_marker	29_5_3_anc_ext_P_marker	fig:heatmap-29-anc-ext-p-marker	5.3 ANC external P marker	26_sov_ng_er_b_ep	sov	ng	erg-abs	balancing	erg-poss	vos	VS	AVP	5.0	46.0	35.0	39.0	0.03710552670485608	0.00485419526745252	0.010503792086947903	0.032251331437403566
5_3_anc_ext_P_marker	29_5_3_anc_ext_P_marker	fig:heatmap-29-anc-ext-p-marker	5.3 ANC external P marker	27_sov_ng_er_b_no	sov	ng	erg-abs	balancing	nomn	ovs	VS	PVA	5.0	45.0	59.0	64.0	0.031321628861900604	0.19529322116268572	0.28589874273887544	0.25457711387697485
5_3_anc_ext_P_marker	29_5_3_anc_ext_P_marker	fig:heatmap-29-anc-ext-p-marker	5.3 ANC external P marker	28_sov_ng_er_d_se	sov	ng	erg-abs	deranking	sent	sov	SV	APV	5.0	89.0	85.0	93.0	0.7800364252161309	0.7000866067554558	0.8600138689949057	0.15992726223944997
5_3_anc_ext_P_marker	29_5_3_anc_ext_P_marker	fig:heatmap-29-anc-ext-p-marker	5.3 ANC external P marker	29_sov_ng_er_d_pa	sov	ng	erg-abs	deranking	poss-acc	ovs	VS	PVA	5.0	54.0	56.99999999999999	52.0	0.1171055267048561	0.1620372011019233	0.09129698535007358	0.07074021575184972
5_3_anc_ext_P_marker	29_5_3_anc_ext_P_marker	fig:heatmap-29-anc-ext-p-marker	5.3 ANC external P marker	30_sov_ng_er_d_ep	sov	ng	erg-abs	deranking	erg-poss	vos	VS	AVP	5.0	37.0	28.999999999999996	35.0	0.007159929306845295	0.0014838855772701248	0.00485419526745252	0.00567604372957517
5_3_anc_ext_P_marker	29_5_3_anc_ext_P_marker	fig:heatmap-29-anc-ext-p-marker	5.3 ANC external P marker	31_sov_ng_er_d_no	sov	ng	erg-abs	deranking	nomn	ovs	VS	PVA	5.0	55.00000000000001	51.0	45.0	0.1313216288619007	0.0798093470482375	0.031321628861900604	0.10000000000000012
5_3_anc_ext_P_marker	29_5_3_anc_ext_P_marker	fig:heatmap-29-anc-ext-p-marker	5.3 ANC external P marker	32_svo_gn_ac_b_se	svo	gn	nom-acc	balancing	sent	svo	SV	AVP	5.0	98.0	97.0	98.0	0.9600022327543785	0.9400037321744893	0.9600022327543785	0.019998500579889167
5_3_anc_ext_P_marker	29_5_3_anc_ext_P_marker	fig:heatmap-29-anc-ext-p-marker	5.3 ANC external P marker	33_svo_gn_ac_b_pa	svo	gn	nom-acc	balancing	poss-acc	svo	SV	AVP	5.0	96.0	96.0	96.0	0.9200055635398481	0.9200055635398481	0.9200055635398481	0.0
5_3_anc_ext_P_marker	29_5_3_anc_ext_P_marker	fig:heatmap-29-anc-ext-p-marker	5.3 ANC external P marker	34_svo_gn_ac_b_ep	svo	gn	nom-acc	balancing	erg-poss	sov	SV	PVA	5.0	94.0	96.0	99.0	0.880010532281679	0.9200055635398481	0.9800010051162833	0.09999047283460427
5_3_anc_ext_P_marker	29_5_3_anc_ext_P_marker	fig:heatmap-29-anc-ext-p-marker	5.3 ANC external P marker	35_svo_gn_ac_b_no	svo	gn	nom-acc	balancing	nomn	svo	SV	AVP	5.0	100.0	100.0	100.0	1.0	1.0	1.0	0.0
5_3_anc_ext_P_marker	29_5_3_anc_ext_P_marker	fig:heatmap-29-anc-ext-p-marker	5.3 ANC external P marker	36_svo_gn_ac_d_se	svo	gn	nom-acc	deranking	sent	svo	SV	AVP	5.0	89.0	94.0	92.0	0.7800364252161309	0.880010532281679	0.8400179443146094	0.0999741070655481
5_3_anc_ext_P_marker	29_5_3_anc_ext_P_marker	fig:heatmap-29-anc-ext-p-marker	5.3 ANC external P marker	37_svo_gn_ac_d_pa	svo	gn	nom-acc	deranking	poss-acc	svo	SV	AVP	5.0	93.0	99.0	97.0	0.8600138689949057	0.9800010051162833	0.9400037321744893	0.11998713612137757
5_3_anc_ext_P_marker	29_5_3_anc_ext_P_marker	fig:heatmap-29-anc-ext-p-marker	5.3 ANC external P marker	38_svo_gn_ac_d_ep	svo	gn	nom-acc	deranking	erg-poss	sov	SV	PVA	5.0	90.0	98.0	99.0	0.8000290007473678	0.9600022327543785	0.9800010051162833	0.17997200436891547
5_3_anc_ext_P_marker	29_5_3_anc_ext_P_marker	fig:heatmap-29-anc-ext-p-marker	5.3 ANC external P marker	39_svo_gn_ac_d_no	svo	gn	nom-acc	deranking	nomn	svo	SV	AVP	5.0	97.0	100.0	100.0	0.9400037321744893	1.0	1.0	0.05999626782551071
5_3_anc_ext_P_marker	29_5_3_anc_ext_P_marker	fig:heatmap-29-anc-ext-p-marker	5.3 ANC external P marker	40_svo_gn_er_b_se	svo	gn	erg-abs	balancing	sent	svo	SV	AVP	5.0	77.0	80.0	86.0	0.5404461012900033	0.6002430286238514	0.7200700908352611	0.17962398954525782
5_3_anc_ext_P_marker	29_5_3_anc_ext_P_marker	fig:heatmap-29-anc-ext-p-marker	5.3 ANC external P marker	41_svo_gn_er_b_pa	svo	gn	erg-abs	balancing	poss-acc	svo	SV	AVP	5.0	78.0	79.0	81.0	0.5603645644527729	0.5802977582031614	0.6201981975224622	0.05983363306968925
5_3_anc_ext_P_marker	29_5_3_anc_ext_P_marker	fig:heatmap-29-anc-ext-p-marker	5.3 ANC external P marker	42_svo_gn_er_b_ep	svo	gn	erg-abs	balancing	erg-poss	sov	SV	PVA	5.0	84.0	86.0	89.0	0.6801067756461248	0.7200700908352611	0.7800364252161309	0.09992964957000616
5_3_anc_ext_P_marker	29_5_3_anc_ext_P_marker	fig:heatmap-29-anc-ext-p-marker	5.3 ANC external P marker	43_svo_gn_er_b_no	svo	gn	erg-abs	balancing	nomn	svo	SV	AVP	5.0	72.0	90.0	88.0	0.44121571857084796	0.8000290007473678	0.7600454927350169	0.35881328217651987
5_3_anc_ext_P_marker	29_5_3_anc_ext_P_marker	fig:heatmap-29-anc-ext-p-marker	5.3 ANC external P marker	44_svo_gn_er_d_se	svo	gn	erg-abs	deranking	sent	svo	SV	AVP	5.0	88.0	87.0	89.0	0.7600454927350169	0.7400565667123037	0.7800364252161309	0.03997985850382724
5_3_anc_ext_P_marker	29_5_3_anc_ext_P_marker	fig:heatmap-29-anc-ext-p-marker	5.3 ANC external P marker	45_svo_gn_er_d_pa	svo	gn	erg-abs	deranking	poss-acc	svo	SV	AVP	5.0	72.0	79.0	79.0	0.44121571857084796	0.5802977582031614	0.5802977582031614	0.13908203963231347
5_3_anc_ext_P_marker	29_5_3_anc_ext_P_marker	fig:heatmap-29-anc-ext-p-marker	5.3 ANC external P marker	46_svo_gn_er_d_ep	svo	gn	erg-abs	deranking	erg-poss	sov	SV	PVA	5.0	83.0	86.0	85.0	0.6601314044676043	0.7200700908352611	0.7000866067554558	0.05993868636765676
5_3_anc_ext_P_marker	29_5_3_anc_ext_P_marker	fig:heatmap-29-anc-ext-p-marker	5.3 ANC external P marker	47_svo_gn_er_d_no	svo	gn	erg-abs	deranking	nomn	svo	SV	AVP	5.0	71.0	86.0	84.0	0.4214838855772702	0.7200700908352611	0.6801067756461248	0.2985862052579909
5_3_anc_ext_P_marker	29_5_3_anc_ext_P_marker	fig:heatmap-29-anc-ext-p-marker	5.3 ANC external P marker	48_svo_ng_ac_b_se	svo	ng	nom-acc	balancing	sent	svo	SV	AVP	5.0	100.0	100.0	100.0	1.0	1.0	1.0	0.0
5_3_anc_ext_P_marker	29_5_3_anc_ext_P_marker	fig:heatmap-29-anc-ext-p-marker	5.3 ANC external P marker	49_svo_ng_ac_b_pa	svo	ng	nom-acc	balancing	poss-acc	vos	VS	VPA	5.0	100.0	100.0	100.0	1.0	1.0	1.0	0.0
5_3_anc_ext_P_marker	29_5_3_anc_ext_P_marker	fig:heatmap-29-anc-ext-p-marker	5.3 ANC external P marker	50_svo_ng_ac_b_ep	svo	ng	nom-acc	balancing	erg-poss	vos	VS	VPA	5.0	100.0	100.0	100.0	1.0	1.0	1.0	0.0
5_3_anc_ext_P_marker	29_5_3_anc_ext_P_marker	fig:heatmap-29-anc-ext-p-marker	5.3 ANC external P marker	51_svo_ng_ac_b_no	svo	ng	nom-acc	balancing	nomn	vos	VS	VPA	5.0	100.0	100.0	100.0	1.0	1.0	1.0	0.0
5_3_anc_ext_P_marker	29_5_3_anc_ext_P_marker	fig:heatmap-29-anc-ext-p-marker	5.3 ANC external P marker	52_svo_ng_ac_d_se	svo	ng	nom-acc	deranking	sent	svo	SV	AVP	5.0	93.0	93.0	93.0	0.8600138689949057	0.8600138689949057	0.8600138689949057	0.0
5_3_anc_ext_P_marker	29_5_3_anc_ext_P_marker	fig:heatmap-29-anc-ext-p-marker	5.3 ANC external P marker	53_svo_ng_ac_d_pa	svo	ng	nom-acc	deranking	poss-acc	vos	VS	VPA	5.0	97.0	100.0	100.0	0.9400037321744893	1.0	1.0	0.05999626782551071
5_3_anc_ext_P_marker	29_5_3_anc_ext_P_marker	fig:heatmap-29-anc-ext-p-marker	5.3 ANC external P marker	54_svo_ng_ac_d_ep	svo	ng	nom-acc	deranking	erg-poss	vos	VS	VPA	5.0	100.0	100.0	100.0	1.0	1.0	1.0	0.0
5_3_anc_ext_P_marker	29_5_3_anc_ext_P_marker	fig:heatmap-29-anc-ext-p-marker	5.3 ANC external P marker	55_svo_ng_ac_d_no	svo	ng	nom-acc	deranking	nomn	vos	VS	VPA	5.0	100.0	100.0	100.0	1.0	1.0	1.0	0.0
5_3_anc_ext_P_marker	29_5_3_anc_ext_P_marker	fig:heatmap-29-anc-ext-p-marker	5.3 ANC external P marker	56_svo_ng_er_b_se	svo	ng	erg-abs	balancing	sent	svo	SV	AVP	5.0	83.0	84.0	79.0	0.6601314044676043	0.6801067756461248	0.5802977582031614	0.09980901744296333
5_3_anc_ext_P_marker	29_5_3_anc_ext_P_marker	fig:heatmap-29-anc-ext-p-marker	5.3 ANC external P marker	57_svo_ng_er_b_pa	svo	ng	erg-abs	balancing	poss-acc	vos	VS	VPA	5.0	73.0	86.0	87.0	0.4609956253156435	0.7200700908352611	0.7400565667123037	0.2790609413966602
5_3_anc_ext_P_marker	29_5_3_anc_ext_P_marker	fig:heatmap-29-anc-ext-p-marker	5.3 ANC external P marker	58_svo_ng_er_b_ep	svo	ng	erg-abs	balancing	erg-poss	vos	VS	VPA	5.0	81.0	88.0	88.0	0.6201981975224622	0.7600454927350169	0.7600454927350169	0.13984729521255468
5_3_anc_ext_P_marker	29_5_3_anc_ext_P_marker	fig:heatmap-29-anc-ext-p-marker	5.3 ANC external P marker	59_svo_ng_er_b_no	svo	ng	erg-abs	balancing	nomn	vos	VS	VPA	5.0	93.0	95.0	98.0	0.8600138689949057	0.9000078003290506	0.9600022327543785	0.09998836375947273
5_3_anc_ext_P_marker	29_5_3_anc_ext_P_marker	fig:heatmap-29-anc-ext-p-marker	5.3 ANC external P marker	60_svo_ng_er_d_se	svo	ng	erg-abs	deranking	sent	svo	SV	AVP	5.0	86.0	90.0	87.0	0.7200700908352611	0.8000290007473678	0.7400565667123037	0.07995890991210675
5_3_anc_ext_P_marker	29_5_3_anc_ext_P_marker	fig:heatmap-29-anc-ext-p-marker	5.3 ANC external P marker	61_svo_ng_er_d_pa	svo	ng	erg-abs	deranking	poss-acc	vos	VS	VPA	5.0	73.0	84.0	88.0	0.4609956253156435	0.6801067756461248	0.7600454927350169	0.2990498674193734
5_3_anc_ext_P_marker	29_5_3_anc_ext_P_marker	fig:heatmap-29-anc-ext-p-marker	5.3 ANC external P marker	62_svo_ng_er_d_ep	svo	ng	erg-abs	deranking	erg-poss	vos	VS	VPA	5.0	87.0	74.0	82.0	0.7400565667123037	0.4808150668439051	0.6401614779514829	0.25924149986839856
5_3_anc_ext_P_marker	29_5_3_anc_ext_P_marker	fig:heatmap-29-anc-ext-p-marker	5.3 ANC external P marker	63_svo_ng_er_d_no	svo	ng	erg-abs	deranking	nomn	vos	VS	VPA	5.0	86.0	93.0	100.0	0.7200700908352611	0.8600138689949057	1.0	0.2799299091647389
5_3_anc_ext_P_marker	29_5_3_anc_ext_P_marker	fig:heatmap-29-anc-ext-p-marker	5.3 ANC external P marker	64_vos_gn_ac_b_se	vos	gn	nom-acc	balancing	sent	vos	VS	VPA	5.0	97.0	94.0	93.0	0.9400037321744893	0.880010532281679	0.8600138689949057	0.07998986317958356
5_3_anc_ext_P_marker	29_5_3_anc_ext_P_marker	fig:heatmap-29-anc-ext-p-marker	5.3 ANC external P marker	65_vos_gn_ac_b_pa	vos	gn	nom-acc	balancing	poss-acc	svo	SV	AVP	5.0	98.0	95.0	93.0	0.9600022327543785	0.9000078003290506	0.8600138689949057	0.09998836375947273
5_3_anc_ext_P_marker	29_5_3_anc_ext_P_marker	fig:heatmap-29-anc-ext-p-marker	5.3 ANC external P marker	66_vos_gn_ac_b_ep	vos	gn	nom-acc	balancing	erg-poss	sov	SV	PVA	5.0	100.0	100.0	100.0	1.0	1.0	1.0	0.0
5_3_anc_ext_P_marker	29_5_3_anc_ext_P_marker	fig:heatmap-29-anc-ext-p-marker	5.3 ANC external P marker	67_vos_gn_ac_b_no	vos	gn	nom-acc	balancing	nomn	svo	SV	AVP	5.0	100.0	100.0	100.0	1.0	1.0	1.0	0.0
5_3_anc_ext_P_marker	29_5_3_anc_ext_P_marker	fig:heatmap-29-anc-ext-p-marker	5.3 ANC external P marker	68_vos_gn_ac_d_se	vos	gn	nom-acc	deranking	sent	vos	VS	VPA	5.0	92.0	96.0	97.0	0.8400179443146094	0.9200055635398481	0.9400037321744893	0.09998578785987988
5_3_anc_ext_P_marker	29_5_3_anc_ext_P_marker	fig:heatmap-29-anc-ext-p-marker	5.3 ANC external P marker	69_vos_gn_ac_d_pa	vos	gn	nom-acc	deranking	poss-acc	svo	SV	AVP	5.0	98.0	98.0	99.0	0.9600022327543785	0.9600022327543785	0.9800010051162833	0.019998772361904837
5_3_anc_ext_P_marker	29_5_3_anc_ext_P_marker	fig:heatmap-29-anc-ext-p-marker	5.3 ANC external P marker	70_vos_gn_ac_d_ep	vos	gn	nom-acc	deranking	erg-poss	sov	SV	PVA	5.0	100.0	100.0	100.0	1.0	1.0	1.0	0.0
5_3_anc_ext_P_marker	29_5_3_anc_ext_P_marker	fig:heatmap-29-anc-ext-p-marker	5.3 ANC external P marker	71_vos_gn_ac_d_no	vos	gn	nom-acc	deranking	nomn	svo	SV	AVP	5.0	100.0	100.0	100.0	1.0	1.0	1.0	0.0
5_3_anc_ext_P_marker	29_5_3_anc_ext_P_marker	fig:heatmap-29-anc-ext-p-marker	5.3 ANC external P marker	72_vos_gn_er_b_se	vos	gn	erg-abs	balancing	sent	vos	VS	VPA	5.0	81.0	77.0	80.0	0.6201981975224622	0.5404461012900033	0.6002430286238514	0.07975209623245894
5_3_anc_ext_P_marker	29_5_3_anc_ext_P_marker	fig:heatmap-29-anc-ext-p-marker	5.3 ANC external P marker	73_vos_gn_er_b_pa	vos	gn	erg-abs	balancing	poss-acc	svo	SV	AVP	5.0	81.0	74.0	76.0	0.6201981975224622	0.4808150668439051	0.520545600501044	0.13938313067855707
5_3_anc_ext_P_marker	29_5_3_anc_ext_P_marker	fig:heatmap-29-anc-ext-p-marker	5.3 ANC external P marker	74_vos_gn_er_b_ep	vos	gn	erg-abs	balancing	erg-poss	sov	SV	PVA	5.0	93.0	93.0	86.0	0.8600138689949057	0.8600138689949057	0.7200700908352611	0.13994377815964465
5_3_anc_ext_P_marker	29_5_3_anc_ext_P_marker	fig:heatmap-29-anc-ext-p-marker	5.3 ANC external P marker	75_vos_gn_er_b_no	vos	gn	erg-abs	balancing	nomn	svo	SV	AVP	5.0	89.0	90.0	100.0	0.7800364252161309	0.8000290007473678	1.0	0.21996357478386908
5_3_anc_ext_P_marker	29_5_3_anc_ext_P_marker	fig:heatmap-29-anc-ext-p-marker	5.3 ANC external P marker	76_vos_gn_er_d_se	vos	gn	erg-abs	deranking	sent	vos	VS	VPA	5.0	99.0	94.0	95.0	0.9800010051162833	0.880010532281679	0.9000078003290506	0.09999047283460427
5_3_anc_ext_P_marker	29_5_3_anc_ext_P_marker	fig:heatmap-29-anc-ext-p-marker	5.3 ANC external P marker	77_vos_gn_er_d_pa	vos	gn	erg-abs	deranking	poss-acc	svo	SV	AVP	5.0	92.0	89.0	78.0	0.8400179443146094	0.7800364252161309	0.5603645644527729	0.27965337986183647
5_3_anc_ext_P_marker	29_5_3_anc_ext_P_marker	fig:heatmap-29-anc-ext-p-marker	5.3 ANC external P marker	78_vos_gn_er_d_ep	vos	gn	erg-abs	deranking	erg-poss	sov	SV	PVA	5.0	94.0	86.0	93.0	0.880010532281679	0.7200700908352611	0.8600138689949057	0.15994044144641795
5_3_anc_ext_P_marker	29_5_3_anc_ext_P_marker	fig:heatmap-29-anc-ext-p-marker	5.3 ANC external P marker	79_vos_gn_er_d_no	vos	gn	erg-abs	deranking	nomn	svo	SV	AVP	5.0	95.0	97.0	92.0	0.9000078003290506	0.9400037321744893	0.8400179443146094	0.09998578785987988
5_3_anc_ext_P_marker	29_5_3_anc_ext_P_marker	fig:heatmap-29-anc-ext-p-marker	5.3 ANC external P marker	80_vos_ng_ac_b_se	vos	ng	nom-acc	balancing	sent	vos	VS	VPA	5.0	100.0	100.0	100.0	1.0	1.0	1.0	0.0
5_3_anc_ext_P_marker	29_5_3_anc_ext_P_marker	fig:heatmap-29-anc-ext-p-marker	5.3 ANC external P marker	81_vos_ng_ac_b_pa	vos	ng	nom-acc	balancing	poss-acc	vos	VS	VPA	5.0	100.0	100.0	100.0	1.0	1.0	1.0	0.0
5_3_anc_ext_P_marker	29_5_3_anc_ext_P_marker	fig:heatmap-29-anc-ext-p-marker	5.3 ANC external P marker	82_vos_ng_ac_b_ep	vos	ng	nom-acc	balancing	erg-poss	vos	VS	VPA	5.0	100.0	100.0	100.0	1.0	1.0	1.0	0.0
5_3_anc_ext_P_marker	29_5_3_anc_ext_P_marker	fig:heatmap-29-anc-ext-p-marker	5.3 ANC external P marker	83_vos_ng_ac_b_no	vos	ng	nom-acc	balancing	nomn	vos	VS	VPA	5.0	100.0	100.0	100.0	1.0	1.0	1.0	0.0
5_3_anc_ext_P_marker	29_5_3_anc_ext_P_marker	fig:heatmap-29-anc-ext-p-marker	5.3 ANC external P marker	84_vos_ng_ac_d_se	vos	ng	nom-acc	deranking	sent	vos	VS	VPA	5.0	97.0	94.0	97.0	0.9400037321744893	0.880010532281679	0.9400037321744893	0.05999319989281027
5_3_anc_ext_P_marker	29_5_3_anc_ext_P_marker	fig:heatmap-29-anc-ext-p-marker	5.3 ANC external P marker	85_vos_ng_ac_d_pa	vos	ng	nom-acc	deranking	poss-acc	vos	VS	VPA	5.0	100.0	97.0	99.0	1.0	0.9400037321744893	0.9800010051162833	0.05999626782551071
5_3_anc_ext_P_marker	29_5_3_anc_ext_P_marker	fig:heatmap-29-anc-ext-p-marker	5.3 ANC external P marker	86_vos_ng_ac_d_ep	vos	ng	nom-acc	deranking	erg-poss	vos	VS	VPA	5.0	100.0	100.0	100.0	1.0	1.0	1.0	0.0
5_3_anc_ext_P_marker	29_5_3_anc_ext_P_marker	fig:heatmap-29-anc-ext-p-marker	5.3 ANC external P marker	87_vos_ng_ac_d_no	vos	ng	nom-acc	deranking	nomn	vos	VS	VPA	5.0	100.0	100.0	100.0	1.0	1.0	1.0	0.0
5_3_anc_ext_P_marker	29_5_3_anc_ext_P_marker	fig:heatmap-29-anc-ext-p-marker	5.3 ANC external P marker	88_vos_ng_er_b_se	vos	ng	erg-abs	balancing	sent	vos	VS	VPA	5.0	99.0	99.0	99.0	0.9800010051162833	0.9800010051162833	0.9800010051162833	0.0
5_3_anc_ext_P_marker	29_5_3_anc_ext_P_marker	fig:heatmap-29-anc-ext-p-marker	5.3 ANC external P marker	89_vos_ng_er_b_pa	vos	ng	erg-abs	balancing	poss-acc	vos	VS	VPA	5.0	100.0	100.0	98.0	1.0	1.0	0.9600022327543785	0.03999776724562154
5_3_anc_ext_P_marker	29_5_3_anc_ext_P_marker	fig:heatmap-29-anc-ext-p-marker	5.3 ANC external P marker	90_vos_ng_er_b_ep	vos	ng	erg-abs	balancing	erg-poss	vos	VS	VPA	5.0	98.0	100.0	99.0	0.9600022327543785	1.0	0.9800010051162833	0.03999776724562154
5_3_anc_ext_P_marker	29_5_3_anc_ext_P_marker	fig:heatmap-29-anc-ext-p-marker	5.3 ANC external P marker	91_vos_ng_er_b_no	vos	ng	erg-abs	balancing	nomn	vos	VS	VPA	5.0	100.0	100.0	100.0	1.0	1.0	1.0	0.0
5_3_anc_ext_P_marker	29_5_3_anc_ext_P_marker	fig:heatmap-29-anc-ext-p-marker	5.3 ANC external P marker	92_vos_ng_er_d_se	vos	ng	erg-abs	deranking	sent	vos	VS	VPA	5.0	99.0	98.0	97.0	0.9800010051162833	0.9600022327543785	0.9400037321744893	0.039997272941794004
5_3_anc_ext_P_marker	29_5_3_anc_ext_P_marker	fig:heatmap-29-anc-ext-p-marker	5.3 ANC external P marker	93_vos_ng_er_d_pa	vos	ng	erg-abs	deranking	poss-acc	vos	VS	VPA	5.0	99.0	99.0	94.0	0.9800010051162833	0.9800010051162833	0.880010532281679	0.09999047283460427
5_3_anc_ext_P_marker	29_5_3_anc_ext_P_marker	fig:heatmap-29-anc-ext-p-marker	5.3 ANC external P marker	94_vos_ng_er_d_ep	vos	ng	erg-abs	deranking	erg-poss	vos	VS	VPA	5.0	95.0	94.0	95.0	0.9000078003290506	0.880010532281679	0.9000078003290506	0.019997268047371564
5_3_anc_ext_P_marker	29_5_3_anc_ext_P_marker	fig:heatmap-29-anc-ext-p-marker	5.3 ANC external P marker	95_vos_ng_er_d_no	vos	ng	erg-abs	deranking	nomn	vos	VS	VPA	5.0	96.0	96.0	95.0	0.9200055635398481	0.9200055635398481	0.9000078003290506	0.019997763210797492
5_4_anc_ext_gen_marker	30_5_4_anc_ext_gen_marker	fig:heatmap-30-anc-ext-gen-marker	5.4 ANC external genitive marker	00_sov_gn_ac_b_se	sov	gn	nom-acc	balancing	sent	sov	SV	APV	5.0	93.0	90.0	88.0	0.8600138689949057	0.8000290007473678	0.7600454927350169	0.09996837625988886
5_4_anc_ext_gen_marker	30_5_4_anc_ext_gen_marker	fig:heatmap-30-anc-ext-gen-marker	5.4 ANC external genitive marker	01_sov_gn_ac_b_pa	sov	gn	nom-acc	balancing	poss-acc	sov	SV	APV	5.0	94.0	89.0	89.0	0.880010532281679	0.7800364252161309	0.7800364252161309	0.0999741070655481
5_4_anc_ext_gen_marker	30_5_4_anc_ext_gen_marker	fig:heatmap-30-anc-ext-gen-marker	5.4 ANC external genitive marker	02_sov_gn_ac_b_ep	sov	gn	nom-acc	balancing	erg-poss	sov	SV	APV	5.0	97.0	97.0	100.0	0.9400037321744893	0.9400037321744893	1.0	0.05999626782551071
5_4_anc_ext_gen_marker	30_5_4_anc_ext_gen_marker	fig:heatmap-30-anc-ext-gen-marker	5.4 ANC external genitive marker	03_sov_gn_ac_b_no	sov	gn	nom-acc	balancing	nomn	sov	SV	APV	5.0	91.0	91.0	95.0	0.8200229216960366	0.8200229216960366	0.9000078003290506	0.07998487863301396
5_4_anc_ext_gen_marker	30_5_4_anc_ext_gen_marker	fig:heatmap-30-anc-ext-gen-marker	5.4 ANC external genitive marker	04_sov_gn_ac_d_se	sov	gn	nom-acc	deranking	sent	sov	SV	APV	5.0	93.0	97.0	91.0	0.8600138689949057	0.9400037321744893	0.8200229216960366	0.11998081047845266
5_4_anc_ext_gen_marker	30_5_4_anc_ext_gen_marker	fig:heatmap-30-anc-ext-gen-marker	5.4 ANC external genitive marker	05_sov_gn_ac_d_pa	sov	gn	nom-acc	deranking	poss-acc	sov	SV	APV	5.0	96.0	88.0	93.0	0.9200055635398481	0.7600454927350169	0.8600138689949057	0.1599600708048312
5_4_anc_ext_gen_marker	30_5_4_anc_ext_gen_marker	fig:heatmap-30-anc-ext-gen-marker	5.4 ANC external genitive marker	06_sov_gn_ac_d_ep	sov	gn	nom-acc	deranking	erg-poss	sov	SV	APV	5.0	97.0	97.0	98.0	0.9400037321744893	0.9400037321744893	0.9600022327543785	0.019998500579889167
5_4_anc_ext_gen_marker	30_5_4_anc_ext_gen_marker	fig:heatmap-30-anc-ext-gen-marker	5.4 ANC external genitive marker	07_sov_gn_ac_d_no	sov	gn	nom-acc	deranking	nomn	sov	SV	APV	5.0	96.0	99.0	90.0	0.9200055635398481	0.9800010051162833	0.8000290007473678	0.17997200436891547
5_4_anc_ext_gen_marker	30_5_4_anc_ext_gen_marker	fig:heatmap-30-anc-ext-gen-marker	5.4 ANC external genitive marker	08_sov_gn_er_b_se	sov	gn	erg-abs	balancing	sent	sov	SV	APV	5.0	53.0	49.0	60.0	0.10374425515866688	0.059809347048237496	0.2126882612143756	0.15287891416613808
5_4_anc_ext_gen_marker	30_5_4_anc_ext_gen_marker	fig:heatmap-30-anc-ext-gen-marker	5.4 ANC external genitive marker	09_sov_gn_er_b_pa	sov	gn	erg-abs	balancing	poss-acc	sov	SV	APV	5.0	57.99999999999999	47.0	49.0	0.17838553419891207	0.04374425515866688	0.059809347048237496	0.1346412790402452
5_4_anc_ext_gen_marker	30_5_4_anc_ext_gen_marker	fig:heatmap-30-anc-ext-gen-marker	5.4 ANC external genitive marker	10_sov_gn_er_b_ep	sov	gn	erg-abs	balancing	erg-poss	sov	SV	APV	5.0	69.0	59.0	48.0	0.3822078817555662	0.19529322116268572	0.05129698535007358	0.3309108964054926
5_4_anc_ext_gen_marker	30_5_4_anc_ext_gen_marker	fig:heatmap-30-anc-ext-gen-marker	5.4 ANC external genitive marker	11_sov_gn_er_b_no	sov	gn	erg-abs	balancing	nomn	sov	SV	APV	5.0	49.0	46.0	53.0	0.059809347048237496	0.03710552670485608	0.10374425515866688	0.0666387284538108
5_4_anc_ext_gen_marker	30_5_4_anc_ext_gen_marker	fig:heatmap-30-anc-ext-gen-marker	5.4 ANC external genitive marker	12_sov_gn_er_d_se	sov	gn	erg-abs	deranking	sent	sov	SV	APV	5.0	54.0	50.0	62.0	0.1171055267048561	0.06931017816607285	0.2486790753254733	0.17936889715940044
5_4_anc_ext_gen_marker	30_5_4_anc_ext_gen_marker	fig:heatmap-30-anc-ext-gen-marker	5.4 ANC external genitive marker	13_sov_gn_er_d_pa	sov	gn	erg-abs	deranking	poss-acc	sov	SV	APV	5.0	56.00000000000001	49.0	49.0	0.14632370684388155	0.059809347048237496	0.059809347048237496	0.08651435979564405
5_4_anc_ext_gen_marker	30_5_4_anc_ext_gen_marker	fig:heatmap-30-anc-ext-gen-marker	5.4 ANC external genitive marker	14_sov_gn_er_d_ep	sov	gn	erg-abs	deranking	erg-poss	sov	SV	APV	5.0	51.0	59.0	56.99999999999999	0.0798093470482375	0.19529322116268572	0.1620372011019233	0.11548387411444822
5_4_anc_ext_gen_marker	30_5_4_anc_ext_gen_marker	fig:heatmap-30-anc-ext-gen-marker	5.4 ANC external genitive marker	15_sov_gn_er_d_no	sov	gn	erg-abs	deranking	nomn	sov	SV	APV	5.0	53.0	53.0	50.0	0.10374425515866688	0.10374425515866688	0.06931017816607285	0.03443407699259403
5_4_anc_ext_gen_marker	30_5_4_anc_ext_gen_marker	fig:heatmap-30-anc-ext-gen-marker	5.4 ANC external genitive marker	16_sov_ng_ac_b_se	sov	ng	nom-acc	balancing	sent	sov	SV	APV	5.0	87.0	54.0	73.0	0.7400565667123037	0.1171055267048561	0.4609956253156435	0.6229510400074476
5_4_anc_ext_gen_marker	30_5_4_anc_ext_gen_marker	fig:heatmap-30-anc-ext-gen-marker	5.4 ANC external genitive marker	17_sov_ng_ac_b_pa	sov	ng	nom-acc	balancing	poss-acc	ovs	VS	PVA	5.0	52.0	74.0	62.0	0.09129698535007358	0.4808150668439051	0.2486790753254733	0.38951808149383155
5_4_anc_ext_gen_marker	30_5_4_anc_ext_gen_marker	fig:heatmap-30-anc-ext-gen-marker	5.4 ANC external genitive marker	18_sov_ng_ac_b_ep	sov	ng	nom-acc	balancing	erg-poss	vos	VS	AVP	5.0	94.0	97.0	95.0	0.880010532281679	0.9400037321744893	0.9000078003290506	0.05999319989281027
5_4_anc_ext_gen_marker	30_5_4_anc_ext_gen_marker	fig:heatmap-30-anc-ext-gen-marker	5.4 ANC external genitive marker	19_sov_ng_ac_b_no	sov	ng	nom-acc	balancing	nomn	ovs	VS	PVA	5.0	92.0	88.0	83.0	0.8400179443146094	0.7600454927350169	0.6601314044676043	0.1798865398470051
5_4_anc_ext_gen_marker	30_5_4_anc_ext_gen_marker	fig:heatmap-30-anc-ext-gen-marker	5.4 ANC external genitive marker	20_sov_ng_ac_d_se	sov	ng	nom-acc	deranking	sent	sov	SV	APV	5.0	75.0	69.0	81.0	0.5006669949589901	0.3822078817555662	0.6201981975224622	0.237990315766896
5_4_anc_ext_gen_marker	30_5_4_anc_ext_gen_marker	fig:heatmap-30-anc-ext-gen-marker	5.4 ANC external genitive marker	21_sov_ng_ac_d_pa	sov	ng	nom-acc	deranking	poss-acc	ovs	VS	PVA	5.0	60.0	69.0	71.0	0.2126882612143756	0.3822078817555662	0.4214838855772702	0.2087956243628946
5_4_anc_ext_gen_marker	30_5_4_anc_ext_gen_marker	fig:heatmap-30-anc-ext-gen-marker	5.4 ANC external genitive marker	22_sov_ng_ac_d_ep	sov	ng	nom-acc	deranking	erg-poss	vos	VS	AVP	5.0	84.0	88.0	86.0	0.6801067756461248	0.7600454927350169	0.7200700908352611	0.07993871708889211
5_4_anc_ext_gen_marker	30_5_4_anc_ext_gen_marker	fig:heatmap-30-anc-ext-gen-marker	5.4 ANC external genitive marker	23_sov_ng_ac_d_no	sov	ng	nom-acc	deranking	nomn	ovs	VS	PVA	5.0	91.0	84.0	85.0	0.8200229216960366	0.6801067756461248	0.7000866067554558	0.13991614604991187
5_4_anc_ext_gen_marker	30_5_4_anc_ext_gen_marker	fig:heatmap-30-anc-ext-gen-marker	5.4 ANC external genitive marker	24_sov_ng_er_b_se	sov	ng	erg-abs	balancing	sent	sov	SV	APV	5.0	59.0	45.0	50.0	0.19529322116268572	0.031321628861900604	0.06931017816607285	0.16397159230078512
5_4_anc_ext_gen_marker	30_5_4_anc_ext_gen_marker	fig:heatmap-30-anc-ext-gen-marker	5.4 ANC external genitive marker	25_sov_ng_er_b_pa	sov	ng	erg-abs	balancing	poss-acc	ovs	VS	PVA	5.0	45.0	45.0	38.0	0.031321628861900604	0.031321628861900604	0.008679075325473282	0.022642553536427322
5_4_anc_ext_gen_marker	30_5_4_anc_ext_gen_marker	fig:heatmap-30-anc-ext-gen-marker	5.4 ANC external genitive marker	26_sov_ng_er_b_ep	sov	ng	erg-abs	balancing	erg-poss	vos	VS	AVP	5.0	50.0	47.0	48.0	0.06931017816607285	0.04374425515866688	0.05129698535007358	0.02556592300740597
5_4_anc_ext_gen_marker	30_5_4_anc_ext_gen_marker	fig:heatmap-30-anc-ext-gen-marker	5.4 ANC external genitive marker	27_sov_ng_er_b_no	sov	ng	erg-abs	balancing	nomn	ovs	VS	PVA	5.0	42.0	39.0	41.0	0.018385534198912194	0.010503792086947903	0.015293221162685725	0.007881742111964291
5_4_anc_ext_gen_marker	30_5_4_anc_ext_gen_marker	fig:heatmap-30-anc-ext-gen-marker	5.4 ANC external genitive marker	28_sov_ng_er_d_se	sov	ng	erg-abs	deranking	sent	sov	SV	APV	5.0	47.0	49.0	44.0	0.04374425515866688	0.059809347048237496	0.02632370684388144	0.03348564020435606
5_4_anc_ext_gen_marker	30_5_4_anc_ext_gen_marker	fig:heatmap-30-anc-ext-gen-marker	5.4 ANC external genitive marker	29_sov_ng_er_d_pa	sov	ng	erg-abs	deranking	poss-acc	ovs	VS	PVA	5.0	41.0	41.0	40.0	0.015293221162685725	0.015293221162685725	0.012688261214375562	0.0026049599483101635
5_4_anc_ext_gen_marker	30_5_4_anc_ext_gen_marker	fig:heatmap-30-anc-ext-gen-marker	5.4 ANC external genitive marker	30_sov_ng_er_d_ep	sov	ng	erg-abs	deranking	erg-poss	vos	VS	AVP	5.0	44.0	46.0	43.0	0.02632370684388144	0.03710552670485608	0.022037201101923407	0.015068325602932676
5_4_anc_ext_gen_marker	30_5_4_anc_ext_gen_marker	fig:heatmap-30-anc-ext-gen-marker	5.4 ANC external genitive marker	31_sov_ng_er_d_no	sov	ng	erg-abs	deranking	nomn	ovs	VS	PVA	5.0	45.0	42.0	43.0	0.031321628861900604	0.018385534198912194	0.022037201101923407	0.01293609466298841
5_4_anc_ext_gen_marker	30_5_4_anc_ext_gen_marker	fig:heatmap-30-anc-ext-gen-marker	5.4 ANC external genitive marker	32_svo_gn_ac_b_se	svo	gn	nom-acc	balancing	sent	svo	SV	AVP	5.0	99.0	99.0	98.0	0.9800010051162833	0.9800010051162833	0.9600022327543785	0.019998772361904837
5_4_anc_ext_gen_marker	30_5_4_anc_ext_gen_marker	fig:heatmap-30-anc-ext-gen-marker	5.4 ANC external genitive marker	33_svo_gn_ac_b_pa	svo	gn	nom-acc	balancing	poss-acc	svo	SV	AVP	5.0	100.0	99.0	99.0	1.0	0.9800010051162833	0.9800010051162833	0.019998994883716703
5_4_anc_ext_gen_marker	30_5_4_anc_ext_gen_marker	fig:heatmap-30-anc-ext-gen-marker	5.4 ANC external genitive marker	34_svo_gn_ac_b_ep	svo	gn	nom-acc	balancing	erg-poss	sov	SV	PVA	5.0	99.0	100.0	100.0	0.9800010051162833	1.0	1.0	0.019998994883716703
5_4_anc_ext_gen_marker	30_5_4_anc_ext_gen_marker	fig:heatmap-30-anc-ext-gen-marker	5.4 ANC external genitive marker	35_svo_gn_ac_b_no	svo	gn	nom-acc	balancing	nomn	svo	SV	AVP	5.0	100.0	100.0	100.0	1.0	1.0	1.0	0.0
5_4_anc_ext_gen_marker	30_5_4_anc_ext_gen_marker	fig:heatmap-30-anc-ext-gen-marker	5.4 ANC external genitive marker	36_svo_gn_ac_d_se	svo	gn	nom-acc	deranking	sent	svo	SV	AVP	5.0	90.0	82.0	85.0	0.8000290007473678	0.6401614779514829	0.7000866067554558	0.1598675227958849
5_4_anc_ext_gen_marker	30_5_4_anc_ext_gen_marker	fig:heatmap-30-anc-ext-gen-marker	5.4 ANC external genitive marker	37_svo_gn_ac_d_pa	svo	gn	nom-acc	deranking	poss-acc	svo	SV	AVP	5.0	87.0	96.0	95.0	0.7400565667123037	0.9200055635398481	0.9000078003290506	0.1799489968275444
5_4_anc_ext_gen_marker	30_5_4_anc_ext_gen_marker	fig:heatmap-30-anc-ext-gen-marker	5.4 ANC external genitive marker	38_svo_gn_ac_d_ep	svo	gn	nom-acc	deranking	erg-poss	sov	SV	PVA	5.0	94.0	100.0	99.0	0.880010532281679	1.0	0.9800010051162833	0.11998946771832097
5_4_anc_ext_gen_marker	30_5_4_anc_ext_gen_marker	fig:heatmap-30-anc-ext-gen-marker	5.4 ANC external genitive marker	39_svo_gn_ac_d_no	svo	gn	nom-acc	deranking	nomn	svo	SV	AVP	5.0	92.0	99.0	99.0	0.8400179443146094	0.9800010051162833	0.9800010051162833	0.1399830608016739
5_4_anc_ext_gen_marker	30_5_4_anc_ext_gen_marker	fig:heatmap-30-anc-ext-gen-marker	5.4 ANC external genitive marker	40_svo_gn_er_b_se	svo	gn	erg-abs	balancing	sent	svo	SV	AVP	5.0	100.0	96.0	94.0	1.0	0.9200055635398481	0.880010532281679	0.11998946771832097
5_4_anc_ext_gen_marker	30_5_4_anc_ext_gen_marker	fig:heatmap-30-anc-ext-gen-marker	5.4 ANC external genitive marker	41_svo_gn_er_b_pa	svo	gn	erg-abs	balancing	poss-acc	svo	SV	AVP	5.0	97.0	98.0	100.0	0.9400037321744893	0.9600022327543785	1.0	0.05999626782551071
5_4_anc_ext_gen_marker	30_5_4_anc_ext_gen_marker	fig:heatmap-30-anc-ext-gen-marker	5.4 ANC external genitive marker	42_svo_gn_er_b_ep	svo	gn	erg-abs	balancing	erg-poss	sov	SV	PVA	5.0	100.0	100.0	100.0	1.0	1.0	1.0	0.0
5_4_anc_ext_gen_marker	30_5_4_anc_ext_gen_marker	fig:heatmap-30-anc-ext-gen-marker	5.4 ANC external genitive marker	43_svo_gn_er_b_no	svo	gn	erg-abs	balancing	nomn	svo	SV	AVP	5.0	99.0	98.0	100.0	0.9800010051162833	0.9600022327543785	1.0	0.03999776724562154
5_4_anc_ext_gen_marker	30_5_4_anc_ext_gen_marker	fig:heatmap-30-anc-ext-gen-marker	5.4 ANC external genitive marker	44_svo_gn_er_d_se	svo	gn	erg-abs	deranking	sent	svo	SV	AVP	5.0	91.0	95.0	97.0	0.8200229216960366	0.9000078003290506	0.9400037321744893	0.11998081047845266
5_4_anc_ext_gen_marker	30_5_4_anc_ext_gen_marker	fig:heatmap-30-anc-ext-gen-marker	5.4 ANC external genitive marker	45_svo_gn_er_d_pa	svo	gn	erg-abs	deranking	poss-acc	svo	SV	AVP	5.0	96.0	97.0	95.0	0.9200055635398481	0.9400037321744893	0.9000078003290506	0.039995931845438704
5_4_anc_ext_gen_marker	30_5_4_anc_ext_gen_marker	fig:heatmap-30-anc-ext-gen-marker	5.4 ANC external genitive marker	46_svo_gn_er_d_ep	svo	gn	erg-abs	deranking	erg-poss	sov	SV	PVA	5.0	97.0	98.0	99.0	0.9400037321744893	0.9600022327543785	0.9800010051162833	0.039997272941794004
5_4_anc_ext_gen_marker	30_5_4_anc_ext_gen_marker	fig:heatmap-30-anc-ext-gen-marker	5.4 ANC external genitive marker	47_svo_gn_er_d_no	svo	gn	erg-abs	deranking	nomn	svo	SV	AVP	5.0	96.0	99.0	97.0	0.9200055635398481	0.9800010051162833	0.9400037321744893	0.059995441576435216
5_4_anc_ext_gen_marker	30_5_4_anc_ext_gen_marker	fig:heatmap-30-anc-ext-gen-marker	5.4 ANC external genitive marker	48_svo_ng_ac_b_se	svo	ng	nom-acc	balancing	sent	svo	SV	AVP	5.0	81.0	86.0	72.0	0.6201981975224622	0.7200700908352611	0.44121571857084796	0.2788543722644131
5_4_anc_ext_gen_marker	30_5_4_anc_ext_gen_marker	fig:heatmap-30-anc-ext-gen-marker	5.4 ANC external genitive marker	49_svo_ng_ac_b_pa	svo	ng	nom-acc	balancing	poss-acc	vos	VS	VPA	5.0	77.0	65.0	74.0	0.5404461012900033	0.3048541952674525	0.4808150668439051	0.23559190602255076
5_4_anc_ext_gen_marker	30_5_4_anc_ext_gen_marker	fig:heatmap-30-anc-ext-gen-marker	5.4 ANC external genitive marker	50_svo_ng_ac_b_ep	svo	ng	nom-acc	balancing	erg-poss	vos	VS	VPA	5.0	98.0	99.0	100.0	0.9600022327543785	0.9800010051162833	1.0	0.03999776724562154
5_4_anc_ext_gen_marker	30_5_4_anc_ext_gen_marker	fig:heatmap-30-anc-ext-gen-marker	5.4 ANC external genitive marker	51_svo_ng_ac_b_no	svo	ng	nom-acc	balancing	nomn	vos	VS	VPA	5.0	95.0	96.0	99.0	0.9000078003290506	0.9200055635398481	0.9800010051162833	0.07999320478723271
5_4_anc_ext_gen_marker	30_5_4_anc_ext_gen_marker	fig:heatmap-30-anc-ext-gen-marker	5.4 ANC external genitive marker	52_svo_ng_ac_d_se	svo	ng	nom-acc	deranking	sent	svo	SV	AVP	5.0	86.0	79.0	73.0	0.7200700908352611	0.5802977582031614	0.4609956253156435	0.2590744655196176
5_4_anc_ext_gen_marker	30_5_4_anc_ext_gen_marker	fig:heatmap-30-anc-ext-gen-marker	5.4 ANC external genitive marker	53_svo_ng_ac_d_pa	svo	ng	nom-acc	deranking	poss-acc	vos	VS	VPA	5.0	66.0	85.0	71.0	0.32399079342632137	0.7000866067554558	0.4214838855772702	0.3760958133291344
5_4_anc_ext_gen_marker	30_5_4_anc_ext_gen_marker	fig:heatmap-30-anc-ext-gen-marker	5.4 ANC external genitive marker	54_svo_ng_ac_d_ep	svo	ng	nom-acc	deranking	erg-poss	vos	VS	VPA	5.0	98.0	97.0	95.0	0.9600022327543785	0.9400037321744893	0.9000078003290506	0.05999443242532787
5_4_anc_ext_gen_marker	30_5_4_anc_ext_gen_marker	fig:heatmap-30-anc-ext-gen-marker	5.4 ANC external genitive marker	55_svo_ng_ac_d_no	svo	ng	nom-acc	deranking	nomn	vos	VS	VPA	5.0	91.0	93.0	82.0	0.8200229216960366	0.8600138689949057	0.6401614779514829	0.2198523910434228
5_4_anc_ext_gen_marker	30_5_4_anc_ext_gen_marker	fig:heatmap-30-anc-ext-gen-marker	5.4 ANC external genitive marker	56_svo_ng_er_b_se	svo	ng	erg-abs	balancing	sent	svo	SV	AVP	5.0	80.0	67.0	77.0	0.6002430286238514	0.3432783071525648	0.5404461012900033	0.2569647214712866
5_4_anc_ext_gen_marker	30_5_4_anc_ext_gen_marker	fig:heatmap-30-anc-ext-gen-marker	5.4 ANC external genitive marker	57_svo_ng_er_b_pa	svo	ng	erg-abs	balancing	poss-acc	vos	VS	VPA	5.0	95.0	87.0	88.0	0.9000078003290506	0.7400565667123037	0.7600454927350169	0.1599512336167469
5_4_anc_ext_gen_marker	30_5_4_anc_ext_gen_marker	fig:heatmap-30-anc-ext-gen-marker	5.4 ANC external genitive marker	58_svo_ng_er_b_ep	svo	ng	erg-abs	balancing	erg-poss	vos	VS	VPA	5.0	98.0	95.0	98.0	0.9600022327543785	0.9000078003290506	0.9600022327543785	0.05999443242532787
5_4_anc_ext_gen_marker	30_5_4_anc_ext_gen_marker	fig:heatmap-30-anc-ext-gen-marker	5.4 ANC external genitive marker	59_svo_ng_er_b_no	svo	ng	erg-abs	balancing	nomn	vos	VS	VPA	5.0	93.0	95.0	96.0	0.8600138689949057	0.9000078003290506	0.9200055635398481	0.05999169454494235
5_4_anc_ext_gen_marker	30_5_4_anc_ext_gen_marker	fig:heatmap-30-anc-ext-gen-marker	5.4 ANC external genitive marker	60_svo_ng_er_d_se	svo	ng	erg-abs	deranking	sent	svo	SV	AVP	5.0	52.0	41.0	68.0	0.09129698535007358	0.015293221162685725	0.36269116941089913	0.3473979482482134
5_4_anc_ext_gen_marker	30_5_4_anc_ext_gen_marker	fig:heatmap-30-anc-ext-gen-marker	5.4 ANC external genitive marker	61_svo_ng_er_d_pa	svo	ng	erg-abs	deranking	poss-acc	vos	VS	VPA	5.0	38.0	46.0	67.0	0.008679075325473282	0.03710552670485608	0.3432783071525648	0.3345992318270915
5_4_anc_ext_gen_marker	30_5_4_anc_ext_gen_marker	fig:heatmap-30-anc-ext-gen-marker	5.4 ANC external genitive marker	62_svo_ng_er_d_ep	svo	ng	erg-abs	deranking	erg-poss	vos	VS	VPA	5.0	56.99999999999999	63.0	39.0	0.1620372011019233	0.2671599293068453	0.010503792086947903	0.2566561372198974
5_4_anc_ext_gen_marker	30_5_4_anc_ext_gen_marker	fig:heatmap-30-anc-ext-gen-marker	5.4 ANC external genitive marker	63_svo_ng_er_d_no	svo	ng	erg-abs	deranking	nomn	vos	VS	VPA	5.0	54.0	61.0	89.0	0.1171055267048561	0.23050379208694793	0.7800364252161309	0.6629308985112748
5_4_anc_ext_gen_marker	30_5_4_anc_ext_gen_marker	fig:heatmap-30-anc-ext-gen-marker	5.4 ANC external genitive marker	64_vos_gn_ac_b_se	vos	gn	nom-acc	balancing	sent	vos	VS	VPA	5.0	63.0	60.0	57.99999999999999	0.2671599293068453	0.2126882612143756	0.17838553419891207	0.08877439510793322
5_4_anc_ext_gen_marker	30_5_4_anc_ext_gen_marker	fig:heatmap-30-anc-ext-gen-marker	5.4 ANC external genitive marker	65_vos_gn_ac_b_pa	vos	gn	nom-acc	balancing	poss-acc	svo	SV	AVP	5.0	59.0	65.0	63.0	0.19529322116268572	0.3048541952674525	0.2671599293068453	0.10956097410476678
5_4_anc_ext_gen_marker	30_5_4_anc_ext_gen_marker	fig:heatmap-30-anc-ext-gen-marker	5.4 ANC external genitive marker	66_vos_gn_ac_b_ep	vos	gn	nom-acc	balancing	erg-poss	sov	SV	PVA	5.0	99.0	99.0	99.0	0.9800010051162833	0.9800010051162833	0.9800010051162833	0.0
5_4_anc_ext_gen_marker	30_5_4_anc_ext_gen_marker	fig:heatmap-30-anc-ext-gen-marker	5.4 ANC external genitive marker	67_vos_gn_ac_b_no	vos	gn	nom-acc	balancing	nomn	svo	SV	AVP	5.0	96.0	97.0	96.0	0.9200055635398481	0.9400037321744893	0.9200055635398481	0.01999816863464121
5_4_anc_ext_gen_marker	30_5_4_anc_ext_gen_marker	fig:heatmap-30-anc-ext-gen-marker	5.4 ANC external genitive marker	68_vos_gn_ac_d_se	vos	gn	nom-acc	deranking	sent	vos	VS	VPA	5.0	33.0	26.0	43.0	0.003278307152564848	0.000815066843905091	0.022037201101923407	0.021222134258018315
5_4_anc_ext_gen_marker	30_5_4_anc_ext_gen_marker	fig:heatmap-30-anc-ext-gen-marker	5.4 ANC external genitive marker	69_vos_gn_ac_d_pa	vos	gn	nom-acc	deranking	poss-acc	svo	SV	AVP	5.0	54.0	56.00000000000001	56.99999999999999	0.1171055267048561	0.14632370684388155	0.1620372011019233	0.04493167439706719
5_4_anc_ext_gen_marker	30_5_4_anc_ext_gen_marker	fig:heatmap-30-anc-ext-gen-marker	5.4 ANC external genitive marker	70_vos_gn_ac_d_ep	vos	gn	nom-acc	deranking	erg-poss	sov	SV	PVA	5.0	83.0	90.0	86.0	0.6601314044676043	0.8000290007473678	0.7200700908352611	0.1398975962797635
5_4_anc_ext_gen_marker	30_5_4_anc_ext_gen_marker	fig:heatmap-30-anc-ext-gen-marker	5.4 ANC external genitive marker	71_vos_gn_ac_d_no	vos	gn	nom-acc	deranking	nomn	svo	SV	AVP	5.0	77.0	85.0	84.0	0.5404461012900033	0.7000866067554558	0.6801067756461248	0.1596405054654525
5_4_anc_ext_gen_marker	30_5_4_anc_ext_gen_marker	fig:heatmap-30-anc-ext-gen-marker	5.4 ANC external genitive marker	72_vos_gn_er_b_se	vos	gn	erg-abs	balancing	sent	vos	VS	VPA	5.0	63.0	55.00000000000001	56.00000000000001	0.2671599293068453	0.1313216288619007	0.14632370684388155	0.13583830044494458
5_4_anc_ext_gen_marker	30_5_4_anc_ext_gen_marker	fig:heatmap-30-anc-ext-gen-marker	5.4 ANC external genitive marker	73_vos_gn_er_b_pa	vos	gn	erg-abs	balancing	poss-acc	svo	SV	AVP	5.0	87.0	85.0	76.0	0.7400565667123037	0.7000866067554558	0.520545600501044	0.21951096621125965
5_4_anc_ext_gen_marker	30_5_4_anc_ext_gen_marker	fig:heatmap-30-anc-ext-gen-marker	5.4 ANC external genitive marker	74_vos_gn_er_b_ep	vos	gn	erg-abs	balancing	erg-poss	sov	SV	PVA	5.0	95.0	94.0	99.0	0.9000078003290506	0.880010532281679	0.9800010051162833	0.09999047283460427
5_4_anc_ext_gen_marker	30_5_4_anc_ext_gen_marker	fig:heatmap-30-anc-ext-gen-marker	5.4 ANC external genitive marker	75_vos_gn_er_b_no	vos	gn	erg-abs	balancing	nomn	svo	SV	AVP	5.0	68.0	70.0	75.0	0.36269116941089913	0.40181045290185924	0.5006669949589901	0.137975825548091
5_4_anc_ext_gen_marker	30_5_4_anc_ext_gen_marker	fig:heatmap-30-anc-ext-gen-marker	5.4 ANC external genitive marker	76_vos_gn_er_d_se	vos	gn	erg-abs	deranking	sent	vos	VS	VPA	5.0	51.0	50.0	53.0	0.0798093470482375	0.06931017816607285	0.10374425515866688	0.03443407699259403
5_4_anc_ext_gen_marker	30_5_4_anc_ext_gen_marker	fig:heatmap-30-anc-ext-gen-marker	5.4 ANC external genitive marker	77_vos_gn_er_d_pa	vos	gn	erg-abs	deranking	poss-acc	svo	SV	AVP	5.0	68.0	69.0	69.0	0.36269116941089913	0.3822078817555662	0.3822078817555662	0.019516712344667064
5_4_anc_ext_gen_marker	30_5_4_anc_ext_gen_marker	fig:heatmap-30-anc-ext-gen-marker	5.4 ANC external genitive marker	78_vos_gn_er_d_ep	vos	gn	erg-abs	deranking	erg-poss	sov	SV	PVA	5.0	90.0	88.0	86.0	0.8000290007473678	0.7600454927350169	0.7200700908352611	0.07995890991210675
5_4_anc_ext_gen_marker	30_5_4_anc_ext_gen_marker	fig:heatmap-30-anc-ext-gen-marker	5.4 ANC external genitive marker	79_vos_gn_er_d_no	vos	gn	erg-abs	deranking	nomn	svo	SV	AVP	5.0	50.0	47.0	56.00000000000001	0.06931017816607285	0.04374425515866688	0.14632370684388155	0.10257945168521466
5_4_anc_ext_gen_marker	30_5_4_anc_ext_gen_marker	fig:heatmap-30-anc-ext-gen-marker	5.4 ANC external genitive marker	80_vos_ng_ac_b_se	vos	ng	nom-acc	balancing	sent	vos	VS	VPA	5.0	80.0	66.0	69.0	0.6002430286238514	0.32399079342632137	0.3822078817555662	0.27625223519753
5_4_anc_ext_gen_marker	30_5_4_anc_ext_gen_marker	fig:heatmap-30-anc-ext-gen-marker	5.4 ANC external genitive marker	81_vos_ng_ac_b_pa	vos	ng	nom-acc	balancing	poss-acc	vos	VS	VPA	5.0	65.0	80.0	85.0	0.3048541952674525	0.6002430286238514	0.7000866067554558	0.39523241148800325
5_4_anc_ext_gen_marker	30_5_4_anc_ext_gen_marker	fig:heatmap-30-anc-ext-gen-marker	5.4 ANC external genitive marker	82_vos_ng_ac_b_ep	vos	ng	nom-acc	balancing	erg-poss	vos	VS	VPA	5.0	100.0	97.0	96.0	1.0	0.9400037321744893	0.9200055635398481	0.07999443646015192
5_4_anc_ext_gen_marker	30_5_4_anc_ext_gen_marker	fig:heatmap-30-anc-ext-gen-marker	5.4 ANC external genitive marker	83_vos_ng_ac_b_no	vos	ng	nom-acc	balancing	nomn	vos	VS	VPA	5.0	93.0	96.0	97.0	0.8600138689949057	0.9200055635398481	0.9400037321744893	0.07998986317958356
5_4_anc_ext_gen_marker	30_5_4_anc_ext_gen_marker	fig:heatmap-30-anc-ext-gen-marker	5.4 ANC external genitive marker	84_vos_ng_ac_d_se	vos	ng	nom-acc	deranking	sent	vos	VS	VPA	5.0	72.0	73.0	63.0	0.44121571857084796	0.4609956253156435	0.2671599293068453	0.1938356960087982
5_4_anc_ext_gen_marker	30_5_4_anc_ext_gen_marker	fig:heatmap-30-anc-ext-gen-marker	5.4 ANC external genitive marker	85_vos_ng_ac_d_pa	vos	ng	nom-acc	deranking	poss-acc	vos	VS	VPA	5.0	85.0	80.0	72.0	0.7000866067554558	0.6002430286238514	0.44121571857084796	0.2588708881846078
5_4_anc_ext_gen_marker	30_5_4_anc_ext_gen_marker	fig:heatmap-30-anc-ext-gen-marker	5.4 ANC external genitive marker	86_vos_ng_ac_d_ep	vos	ng	nom-acc	deranking	erg-poss	vos	VS	VPA	5.0	94.0	90.0	93.0	0.880010532281679	0.8000290007473678	0.8600138689949057	0.0799815315343112
5_4_anc_ext_gen_marker	30_5_4_anc_ext_gen_marker	fig:heatmap-30-anc-ext-gen-marker	5.4 ANC external genitive marker	87_vos_ng_ac_d_no	vos	ng	nom-acc	deranking	nomn	vos	VS	VPA	5.0	89.0	86.0	88.0	0.7800364252161309	0.7200700908352611	0.7600454927350169	0.059966334380869846
5_4_anc_ext_gen_marker	30_5_4_anc_ext_gen_marker	fig:heatmap-30-anc-ext-gen-marker	5.4 ANC external genitive marker	88_vos_ng_er_b_se	vos	ng	erg-abs	balancing	sent	vos	VS	VPA	5.0	63.0	59.0	46.0	0.2671599293068453	0.19529322116268572	0.03710552670485608	0.2300544026019892
5_4_anc_ext_gen_marker	30_5_4_anc_ext_gen_marker	fig:heatmap-30-anc-ext-gen-marker	5.4 ANC external genitive marker	89_vos_ng_er_b_pa	vos	ng	erg-abs	balancing	poss-acc	vos	VS	VPA	5.0	57.99999999999999	64.0	56.99999999999999	0.17838553419891207	0.28589874273887544	0.1620372011019233	0.12386154163695215
5_4_anc_ext_gen_marker	30_5_4_anc_ext_gen_marker	fig:heatmap-30-anc-ext-gen-marker	5.4 ANC external genitive marker	90_vos_ng_er_b_ep	vos	ng	erg-abs	balancing	erg-poss	vos	VS	VPA	5.0	61.0	80.0	71.0	0.23050379208694793	0.6002430286238514	0.4214838855772702	0.36973923653690344
5_4_anc_ext_gen_marker	30_5_4_anc_ext_gen_marker	fig:heatmap-30-anc-ext-gen-marker	5.4 ANC external genitive marker	91_vos_ng_er_b_no	vos	ng	erg-abs	balancing	nomn	vos	VS	VPA	5.0	68.0	79.0	56.99999999999999	0.36269116941089913	0.5802977582031614	0.1620372011019233	0.4182605571012381
5_4_anc_ext_gen_marker	30_5_4_anc_ext_gen_marker	fig:heatmap-30-anc-ext-gen-marker	5.4 ANC external genitive marker	92_vos_ng_er_d_se	vos	ng	erg-abs	deranking	sent	vos	VS	VPA	5.0	59.0	61.0	52.0	0.19529322116268572	0.23050379208694793	0.09129698535007358	0.13920680673687436
5_4_anc_ext_gen_marker	30_5_4_anc_ext_gen_marker	fig:heatmap-30-anc-ext-gen-marker	5.4 ANC external genitive marker	93_vos_ng_er_d_pa	vos	ng	erg-abs	deranking	poss-acc	vos	VS	VPA	5.0	47.0	63.0	60.0	0.04374425515866688	0.2671599293068453	0.2126882612143756	0.22341567414817842
5_4_anc_ext_gen_marker	30_5_4_anc_ext_gen_marker	fig:heatmap-30-anc-ext-gen-marker	5.4 ANC external genitive marker	94_vos_ng_er_d_ep	vos	ng	erg-abs	deranking	erg-poss	vos	VS	VPA	5.0	62.0	69.0	63.0	0.2486790753254733	0.3822078817555662	0.2671599293068453	0.1335288064300929
5_4_anc_ext_gen_marker	30_5_4_anc_ext_gen_marker	fig:heatmap-30-anc-ext-gen-marker	5.4 ANC external genitive marker	95_vos_ng_er_d_no	vos	ng	erg-abs	deranking	nomn	vos	VS	VPA	5.0	63.0	55.00000000000001	64.0	0.2671599293068453	0.1313216288619007	0.28589874273887544	0.15457711387697473
6_1_anc_omit_S	31_6_1_anc_omit_S	fig:heatmap-31-anc-omit-s	6.1 ANC omitted S	00_sov_gn_ac_b_se	sov	gn	nom-acc	balancing	sent	sov	SV	APV	5.0	100.0	100.0	100.0	1.0	1.0	1.0	0.0
6_1_anc_omit_S	31_6_1_anc_omit_S	fig:heatmap-31-anc-omit-s	6.1 ANC omitted S	01_sov_gn_ac_b_pa	sov	gn	nom-acc	balancing	poss-acc	sov	SV	APV	5.0	100.0	100.0	100.0	1.0	1.0	1.0	0.0
6_1_anc_omit_S	31_6_1_anc_omit_S	fig:heatmap-31-anc-omit-s	6.1 ANC omitted S	02_sov_gn_ac_b_ep	sov	gn	nom-acc	balancing	erg-poss	sov	SV	APV	5.0	99.0	100.0	100.0	0.9800010051162833	1.0	1.0	0.019998994883716703
6_1_anc_omit_S	31_6_1_anc_omit_S	fig:heatmap-31-anc-omit-s	6.1 ANC omitted S	03_sov_gn_ac_b_no	sov	gn	nom-acc	balancing	nomn	sov	SV	APV	5.0	100.0	100.0	100.0	1.0	1.0	1.0	0.0
6_1_anc_omit_S	31_6_1_anc_omit_S	fig:heatmap-31-anc-omit-s	6.1 ANC omitted S	04_sov_gn_ac_d_se	sov	gn	nom-acc	deranking	sent	sov	SV	APV	5.0	100.0	100.0	100.0	1.0	1.0	1.0	0.0
6_1_anc_omit_S	31_6_1_anc_omit_S	fig:heatmap-31-anc-omit-s	6.1 ANC omitted S	05_sov_gn_ac_d_pa	sov	gn	nom-acc	deranking	poss-acc	sov	SV	APV	5.0	100.0	100.0	100.0	1.0	1.0	1.0	0.0
6_1_anc_omit_S	31_6_1_anc_omit_S	fig:heatmap-31-anc-omit-s	6.1 ANC omitted S	06_sov_gn_ac_d_ep	sov	gn	nom-acc	deranking	erg-poss	sov	SV	APV	5.0	100.0	100.0	100.0	1.0	1.0	1.0	0.0
6_1_anc_omit_S	31_6_1_anc_omit_S	fig:heatmap-31-anc-omit-s	6.1 ANC omitted S	07_sov_gn_ac_d_no	sov	gn	nom-acc	deranking	nomn	sov	SV	APV	5.0	100.0	100.0	100.0	1.0	1.0	1.0	0.0
6_1_anc_omit_S	31_6_1_anc_omit_S	fig:heatmap-31-anc-omit-s	6.1 ANC omitted S	08_sov_gn_er_b_se	sov	gn	erg-abs	balancing	sent	sov	SV	APV	5.0	88.0	92.0	95.0	0.7600454927350169	0.8400179443146094	0.9000078003290506	0.13996230759403372
6_1_anc_omit_S	31_6_1_anc_omit_S	fig:heatmap-31-anc-omit-s	6.1 ANC omitted S	09_sov_gn_er_b_pa	sov	gn	erg-abs	balancing	poss-acc	sov	SV	APV	5.0	93.0	96.0	94.0	0.8600138689949057	0.9200055635398481	0.880010532281679	0.05999169454494235
6_1_anc_omit_S	31_6_1_anc_omit_S	fig:heatmap-31-anc-omit-s	6.1 ANC omitted S	10_sov_gn_er_b_ep	sov	gn	erg-abs	balancing	erg-poss	sov	SV	APV	5.0	96.0	98.0	95.0	0.9200055635398481	0.9600022327543785	0.9000078003290506	0.05999443242532787
6_1_anc_omit_S	31_6_1_anc_omit_S	fig:heatmap-31-anc-omit-s	6.1 ANC omitted S	11_sov_gn_er_b_no	sov	gn	erg-abs	balancing	nomn	sov	SV	APV	5.0	100.0	87.0	91.0	1.0	0.7400565667123037	0.8200229216960366	0.2599434332876963
6_1_anc_omit_S	31_6_1_anc_omit_S	fig:heatmap-31-anc-omit-s	6.1 ANC omitted S	12_sov_gn_er_d_se	sov	gn	erg-abs	deranking	sent	sov	SV	APV	5.0	98.0	98.0	100.0	0.9600022327543785	0.9600022327543785	1.0	0.03999776724562154
6_1_anc_omit_S	31_6_1_anc_omit_S	fig:heatmap-31-anc-omit-s	6.1 ANC omitted S	13_sov_gn_er_d_pa	sov	gn	erg-abs	deranking	poss-acc	sov	SV	APV	5.0	100.0	98.0	100.0	1.0	0.9600022327543785	1.0	0.03999776724562154
6_1_anc_omit_S	31_6_1_anc_omit_S	fig:heatmap-31-anc-omit-s	6.1 ANC omitted S	14_sov_gn_er_d_ep	sov	gn	erg-abs	deranking	erg-poss	sov	SV	APV	5.0	100.0	99.0	97.0	1.0	0.9800010051162833	0.9400037321744893	0.05999626782551071
6_1_anc_omit_S	31_6_1_anc_omit_S	fig:heatmap-31-anc-omit-s	6.1 ANC omitted S	15_sov_gn_er_d_no	sov	gn	erg-abs	deranking	nomn	sov	SV	APV	5.0	96.0	99.0	99.0	0.9200055635398481	0.9800010051162833	0.9800010051162833	0.059995441576435216
6_1_anc_omit_S	31_6_1_anc_omit_S	fig:heatmap-31-anc-omit-s	6.1 ANC omitted S	16_sov_ng_ac_b_se	sov	ng	nom-acc	balancing	sent	sov	SV	APV	5.0	100.0	100.0	100.0	1.0	1.0	1.0	0.0
6_1_anc_omit_S	31_6_1_anc_omit_S	fig:heatmap-31-anc-omit-s	6.1 ANC omitted S	17_sov_ng_ac_b_pa	sov	ng	nom-acc	balancing	poss-acc	ovs	VS	PVA	5.0	100.0	100.0	100.0	1.0	1.0	1.0	0.0
6_1_anc_omit_S	31_6_1_anc_omit_S	fig:heatmap-31-anc-omit-s	6.1 ANC omitted S	18_sov_ng_ac_b_ep	sov	ng	nom-acc	balancing	erg-poss	vos	VS	AVP	5.0	100.0	100.0	100.0	1.0	1.0	1.0	0.0
6_1_anc_omit_S	31_6_1_anc_omit_S	fig:heatmap-31-anc-omit-s	6.1 ANC omitted S	19_sov_ng_ac_b_no	sov	ng	nom-acc	balancing	nomn	ovs	VS	PVA	5.0	100.0	100.0	100.0	1.0	1.0	1.0	0.0
6_1_anc_omit_S	31_6_1_anc_omit_S	fig:heatmap-31-anc-omit-s	6.1 ANC omitted S	20_sov_ng_ac_d_se	sov	ng	nom-acc	deranking	sent	sov	SV	APV	5.0	100.0	100.0	100.0	1.0	1.0	1.0	0.0
6_1_anc_omit_S	31_6_1_anc_omit_S	fig:heatmap-31-anc-omit-s	6.1 ANC omitted S	21_sov_ng_ac_d_pa	sov	ng	nom-acc	deranking	poss-acc	ovs	VS	PVA	5.0	100.0	100.0	100.0	1.0	1.0	1.0	0.0
6_1_anc_omit_S	31_6_1_anc_omit_S	fig:heatmap-31-anc-omit-s	6.1 ANC omitted S	22_sov_ng_ac_d_ep	sov	ng	nom-acc	deranking	erg-poss	vos	VS	AVP	5.0	100.0	100.0	100.0	1.0	1.0	1.0	0.0
6_1_anc_omit_S	31_6_1_anc_omit_S	fig:heatmap-31-anc-omit-s	6.1 ANC omitted S	23_sov_ng_ac_d_no	sov	ng	nom-acc	deranking	nomn	ovs	VS	PVA	5.0	100.0	100.0	100.0	1.0	1.0	1.0	0.0
6_1_anc_omit_S	31_6_1_anc_omit_S	fig:heatmap-31-anc-omit-s	6.1 ANC omitted S	24_sov_ng_er_b_se	sov	ng	erg-abs	balancing	sent	sov	SV	APV	5.0	95.0	87.0	94.0	0.9000078003290506	0.7400565667123037	0.880010532281679	0.1599512336167469
6_1_anc_omit_S	31_6_1_anc_omit_S	fig:heatmap-31-anc-omit-s	6.1 ANC omitted S	25_sov_ng_er_b_pa	sov	ng	erg-abs	balancing	poss-acc	ovs	VS	PVA	5.0	96.0	100.0	93.0	0.9200055635398481	1.0	0.8600138689949057	0.13998613100509427
6_1_anc_omit_S	31_6_1_anc_omit_S	fig:heatmap-31-anc-omit-s	6.1 ANC omitted S	26_sov_ng_er_b_ep	sov	ng	erg-abs	balancing	erg-poss	vos	VS	AVP	5.0	96.0	95.0	98.0	0.9200055635398481	0.9000078003290506	0.9600022327543785	0.05999443242532787
6_1_anc_omit_S	31_6_1_anc_omit_S	fig:heatmap-31-anc-omit-s	6.1 ANC omitted S	27_sov_ng_er_b_no	sov	ng	erg-abs	balancing	nomn	ovs	VS	PVA	5.0	93.0	91.0	99.0	0.8600138689949057	0.8200229216960366	0.9800010051162833	0.15997808342024666
6_1_anc_omit_S	31_6_1_anc_omit_S	fig:heatmap-31-anc-omit-s	6.1 ANC omitted S	28_sov_ng_er_d_se	sov	ng	erg-abs	deranking	sent	sov	SV	APV	5.0	100.0	96.0	96.0	1.0	0.9200055635398481	0.9200055635398481	0.07999443646015192
6_1_anc_omit_S	31_6_1_anc_omit_S	fig:heatmap-31-anc-omit-s	6.1 ANC omitted S	29_sov_ng_er_d_pa	sov	ng	erg-abs	deranking	poss-acc	ovs	VS	PVA	5.0	99.0	100.0	100.0	0.9800010051162833	1.0	1.0	0.019998994883716703
6_1_anc_omit_S	31_6_1_anc_omit_S	fig:heatmap-31-anc-omit-s	6.1 ANC omitted S	30_sov_ng_er_d_ep	sov	ng	erg-abs	deranking	erg-poss	vos	VS	AVP	5.0	100.0	99.0	100.0	1.0	0.9800010051162833	1.0	0.019998994883716703
6_1_anc_omit_S	31_6_1_anc_omit_S	fig:heatmap-31-anc-omit-s	6.1 ANC omitted S	31_sov_ng_er_d_no	sov	ng	erg-abs	deranking	nomn	ovs	VS	PVA	5.0	98.0	99.0	98.0	0.9600022327543785	0.9800010051162833	0.9600022327543785	0.019998772361904837
6_1_anc_omit_S	31_6_1_anc_omit_S	fig:heatmap-31-anc-omit-s	6.1 ANC omitted S	32_svo_gn_ac_b_se	svo	gn	nom-acc	balancing	sent	svo	SV	AVP	5.0	100.0	100.0	100.0	1.0	1.0	1.0	0.0
6_1_anc_omit_S	31_6_1_anc_omit_S	fig:heatmap-31-anc-omit-s	6.1 ANC omitted S	33_svo_gn_ac_b_pa	svo	gn	nom-acc	balancing	poss-acc	svo	SV	AVP	5.0	100.0	100.0	100.0	1.0	1.0	1.0	0.0
6_1_anc_omit_S	31_6_1_anc_omit_S	fig:heatmap-31-anc-omit-s	6.1 ANC omitted S	34_svo_gn_ac_b_ep	svo	gn	nom-acc	balancing	erg-poss	sov	SV	PVA	5.0	100.0	100.0	100.0	1.0	1.0	1.0	0.0
6_1_anc_omit_S	31_6_1_anc_omit_S	fig:heatmap-31-anc-omit-s	6.1 ANC omitted S	35_svo_gn_ac_b_no	svo	gn	nom-acc	balancing	nomn	svo	SV	AVP	5.0	100.0	100.0	100.0	1.0	1.0	1.0	0.0
6_1_anc_omit_S	31_6_1_anc_omit_S	fig:heatmap-31-anc-omit-s	6.1 ANC omitted S	36_svo_gn_ac_d_se	svo	gn	nom-acc	deranking	sent	svo	SV	AVP	5.0	100.0	100.0	100.0	1.0	1.0	1.0	0.0
6_1_anc_omit_S	31_6_1_anc_omit_S	fig:heatmap-31-anc-omit-s	6.1 ANC omitted S	37_svo_gn_ac_d_pa	svo	gn	nom-acc	deranking	poss-acc	svo	SV	AVP	5.0	100.0	100.0	100.0	1.0	1.0	1.0	0.0
6_1_anc_omit_S	31_6_1_anc_omit_S	fig:heatmap-31-anc-omit-s	6.1 ANC omitted S	38_svo_gn_ac_d_ep	svo	gn	nom-acc	deranking	erg-poss	sov	SV	PVA	5.0	100.0	100.0	100.0	1.0	1.0	1.0	0.0
6_1_anc_omit_S	31_6_1_anc_omit_S	fig:heatmap-31-anc-omit-s	6.1 ANC omitted S	39_svo_gn_ac_d_no	svo	gn	nom-acc	deranking	nomn	svo	SV	AVP	5.0	100.0	100.0	100.0	1.0	1.0	1.0	0.0
6_1_anc_omit_S	31_6_1_anc_omit_S	fig:heatmap-31-anc-omit-s	6.1 ANC omitted S	40_svo_gn_er_b_se	svo	gn	erg-abs	balancing	sent	svo	SV	AVP	5.0	95.0	98.0	96.0	0.9000078003290506	0.9600022327543785	0.9200055635398481	0.05999443242532787
6_1_anc_omit_S	31_6_1_anc_omit_S	fig:heatmap-31-anc-omit-s	6.1 ANC omitted S	41_svo_gn_er_b_pa	svo	gn	erg-abs	balancing	poss-acc	svo	SV	AVP	5.0	92.0	95.0	96.0	0.8400179443146094	0.9000078003290506	0.9200055635398481	0.07998761922523867
6_1_anc_omit_S	31_6_1_anc_omit_S	fig:heatmap-31-anc-omit-s	6.1 ANC omitted S	42_svo_gn_er_b_ep	svo	gn	erg-abs	balancing	erg-poss	sov	SV	PVA	5.0	85.0	95.0	97.0	0.7000866067554558	0.9000078003290506	0.9400037321744893	0.23991712541903354
6_1_anc_omit_S	31_6_1_anc_omit_S	fig:heatmap-31-anc-omit-s	6.1 ANC omitted S	43_svo_gn_er_b_no	svo	gn	erg-abs	balancing	nomn	svo	SV	AVP	5.0	90.0	95.0	98.0	0.8000290007473678	0.9000078003290506	0.9600022327543785	0.15997323200701064
6_1_anc_omit_S	31_6_1_anc_omit_S	fig:heatmap-31-anc-omit-s	6.1 ANC omitted S	44_svo_gn_er_d_se	svo	gn	erg-abs	deranking	sent	svo	SV	AVP	5.0	98.0	95.0	97.0	0.9600022327543785	0.9000078003290506	0.9400037321744893	0.05999443242532787
6_1_anc_omit_S	31_6_1_anc_omit_S	fig:heatmap-31-anc-omit-s	6.1 ANC omitted S	45_svo_gn_er_d_pa	svo	gn	erg-abs	deranking	poss-acc	svo	SV	AVP	5.0	100.0	99.0	98.0	1.0	0.9800010051162833	0.9600022327543785	0.03999776724562154
6_1_anc_omit_S	31_6_1_anc_omit_S	fig:heatmap-31-anc-omit-s	6.1 ANC omitted S	46_svo_gn_er_d_ep	svo	gn	erg-abs	deranking	erg-poss	sov	SV	PVA	5.0	94.0	98.0	97.0	0.880010532281679	0.9600022327543785	0.9400037321744893	0.07999170047269943
6_1_anc_omit_S	31_6_1_anc_omit_S	fig:heatmap-31-anc-omit-s	6.1 ANC omitted S	47_svo_gn_er_d_no	svo	gn	erg-abs	deranking	nomn	svo	SV	AVP	5.0	98.0	99.0	95.0	0.9600022327543785	0.9800010051162833	0.9000078003290506	0.07999320478723271
6_1_anc_omit_S	31_6_1_anc_omit_S	fig:heatmap-31-anc-omit-s	6.1 ANC omitted S	48_svo_ng_ac_b_se	svo	ng	nom-acc	balancing	sent	svo	SV	AVP	5.0	100.0	100.0	100.0	1.0	1.0	1.0	0.0
6_1_anc_omit_S	31_6_1_anc_omit_S	fig:heatmap-31-anc-omit-s	6.1 ANC omitted S	49_svo_ng_ac_b_pa	svo	ng	nom-acc	balancing	poss-acc	vos	VS	VPA	5.0	100.0	100.0	100.0	1.0	1.0	1.0	0.0
6_1_anc_omit_S	31_6_1_anc_omit_S	fig:heatmap-31-anc-omit-s	6.1 ANC omitted S	50_svo_ng_ac_b_ep	svo	ng	nom-acc	balancing	erg-poss	vos	VS	VPA	5.0	100.0	100.0	100.0	1.0	1.0	1.0	0.0
6_1_anc_omit_S	31_6_1_anc_omit_S	fig:heatmap-31-anc-omit-s	6.1 ANC omitted S	51_svo_ng_ac_b_no	svo	ng	nom-acc	balancing	nomn	vos	VS	VPA	5.0	100.0	100.0	100.0	1.0	1.0	1.0	0.0
6_1_anc_omit_S	31_6_1_anc_omit_S	fig:heatmap-31-anc-omit-s	6.1 ANC omitted S	52_svo_ng_ac_d_se	svo	ng	nom-acc	deranking	sent	svo	SV	AVP	5.0	100.0	100.0	100.0	1.0	1.0	1.0	0.0
6_1_anc_omit_S	31_6_1_anc_omit_S	fig:heatmap-31-anc-omit-s	6.1 ANC omitted S	53_svo_ng_ac_d_pa	svo	ng	nom-acc	deranking	poss-acc	vos	VS	VPA	5.0	100.0	100.0	100.0	1.0	1.0	1.0	0.0
6_1_anc_omit_S	31_6_1_anc_omit_S	fig:heatmap-31-anc-omit-s	6.1 ANC omitted S	54_svo_ng_ac_d_ep	svo	ng	nom-acc	deranking	erg-poss	vos	VS	VPA	5.0	100.0	100.0	100.0	1.0	1.0	1.0	0.0
6_1_anc_omit_S	31_6_1_anc_omit_S	fig:heatmap-31-anc-omit-s	6.1 ANC omitted S	55_svo_ng_ac_d_no	svo	ng	nom-acc	deranking	nomn	vos	VS	VPA	5.0	100.0	100.0	100.0	1.0	1.0	1.0	0.0
6_1_anc_omit_S	31_6_1_anc_omit_S	fig:heatmap-31-anc-omit-s	6.1 ANC omitted S	56_svo_ng_er_b_se	svo	ng	erg-abs	balancing	sent	svo	SV	AVP	5.0	95.0	91.0	97.0	0.9000078003290506	0.8200229216960366	0.9400037321744893	0.11998081047845266
6_1_anc_omit_S	31_6_1_anc_omit_S	fig:heatmap-31-anc-omit-s	6.1 ANC omitted S	57_svo_ng_er_b_pa	svo	ng	erg-abs	balancing	poss-acc	vos	VS	VPA	5.0	92.0	92.0	94.0	0.8400179443146094	0.8400179443146094	0.880010532281679	0.039992587967069615
6_1_anc_omit_S	31_6_1_anc_omit_S	fig:heatmap-31-anc-omit-s	6.1 ANC omitted S	58_svo_ng_er_b_ep	svo	ng	erg-abs	balancing	erg-poss	vos	VS	VPA	5.0	88.0	95.0	95.0	0.7600454927350169	0.9000078003290506	0.9000078003290506	0.13996230759403372
6_1_anc_omit_S	31_6_1_anc_omit_S	fig:heatmap-31-anc-omit-s	6.1 ANC omitted S	59_svo_ng_er_b_no	svo	ng	erg-abs	balancing	nomn	vos	VS	VPA	5.0	95.0	94.0	94.0	0.9000078003290506	0.880010532281679	0.880010532281679	0.019997268047371564
6_1_anc_omit_S	31_6_1_anc_omit_S	fig:heatmap-31-anc-omit-s	6.1 ANC omitted S	60_svo_ng_er_d_se	svo	ng	erg-abs	deranking	sent	svo	SV	AVP	5.0	96.0	96.0	97.0	0.9200055635398481	0.9200055635398481	0.9400037321744893	0.01999816863464121
6_1_anc_omit_S	31_6_1_anc_omit_S	fig:heatmap-31-anc-omit-s	6.1 ANC omitted S	61_svo_ng_er_d_pa	svo	ng	erg-abs	deranking	poss-acc	vos	VS	VPA	5.0	100.0	99.0	95.0	1.0	0.9800010051162833	0.9000078003290506	0.09999219967094941
6_1_anc_omit_S	31_6_1_anc_omit_S	fig:heatmap-31-anc-omit-s	6.1 ANC omitted S	62_svo_ng_er_d_ep	svo	ng	erg-abs	deranking	erg-poss	vos	VS	VPA	5.0	100.0	95.0	97.0	1.0	0.9000078003290506	0.9400037321744893	0.09999219967094941
6_1_anc_omit_S	31_6_1_anc_omit_S	fig:heatmap-31-anc-omit-s	6.1 ANC omitted S	63_svo_ng_er_d_no	svo	ng	erg-abs	deranking	nomn	vos	VS	VPA	5.0	100.0	92.0	96.0	1.0	0.8400179443146094	0.9200055635398481	0.1599820556853906
6_1_anc_omit_S	31_6_1_anc_omit_S	fig:heatmap-31-anc-omit-s	6.1 ANC omitted S	64_vos_gn_ac_b_se	vos	gn	nom-acc	balancing	sent	vos	VS	VPA	5.0	99.0	99.0	100.0	0.9800010051162833	0.9800010051162833	1.0	0.019998994883716703
6_1_anc_omit_S	31_6_1_anc_omit_S	fig:heatmap-31-anc-omit-s	6.1 ANC omitted S	65_vos_gn_ac_b_pa	vos	gn	nom-acc	balancing	poss-acc	svo	SV	AVP	5.0	100.0	100.0	100.0	1.0	1.0	1.0	0.0
6_1_anc_omit_S	31_6_1_anc_omit_S	fig:heatmap-31-anc-omit-s	6.1 ANC omitted S	66_vos_gn_ac_b_ep	vos	gn	nom-acc	balancing	erg-poss	sov	SV	PVA	5.0	100.0	100.0	100.0	1.0	1.0	1.0	0.0
6_1_anc_omit_S	31_6_1_anc_omit_S	fig:heatmap-31-anc-omit-s	6.1 ANC omitted S	67_vos_gn_ac_b_no	vos	gn	nom-acc	balancing	nomn	svo	SV	AVP	5.0	100.0	100.0	100.0	1.0	1.0	1.0	0.0
6_1_anc_omit_S	31_6_1_anc_omit_S	fig:heatmap-31-anc-omit-s	6.1 ANC omitted S	68_vos_gn_ac_d_se	vos	gn	nom-acc	deranking	sent	vos	VS	VPA	5.0	100.0	100.0	100.0	1.0	1.0	1.0	0.0
6_1_anc_omit_S	31_6_1_anc_omit_S	fig:heatmap-31-anc-omit-s	6.1 ANC omitted S	69_vos_gn_ac_d_pa	vos	gn	nom-acc	deranking	poss-acc	svo	SV	AVP	5.0	100.0	100.0	100.0	1.0	1.0	1.0	0.0
6_1_anc_omit_S	31_6_1_anc_omit_S	fig:heatmap-31-anc-omit-s	6.1 ANC omitted S	70_vos_gn_ac_d_ep	vos	gn	nom-acc	deranking	erg-poss	sov	SV	PVA	5.0	100.0	100.0	100.0	1.0	1.0	1.0	0.0
6_1_anc_omit_S	31_6_1_anc_omit_S	fig:heatmap-31-anc-omit-s	6.1 ANC omitted S	71_vos_gn_ac_d_no	vos	gn	nom-acc	deranking	nomn	svo	SV	AVP	5.0	100.0	100.0	100.0	1.0	1.0	1.0	0.0
6_1_anc_omit_S	31_6_1_anc_omit_S	fig:heatmap-31-anc-omit-s	6.1 ANC omitted S	72_vos_gn_er_b_se	vos	gn	erg-abs	balancing	sent	vos	VS	VPA	5.0	100.0	99.0	100.0	1.0	0.9800010051162833	1.0	0.019998994883716703
6_1_anc_omit_S	31_6_1_anc_omit_S	fig:heatmap-31-anc-omit-s	6.1 ANC omitted S	73_vos_gn_er_b_pa	vos	gn	erg-abs	balancing	poss-acc	svo	SV	AVP	5.0	100.0	97.0	99.0	1.0	0.9400037321744893	0.9800010051162833	0.05999626782551071
6_1_anc_omit_S	31_6_1_anc_omit_S	fig:heatmap-31-anc-omit-s	6.1 ANC omitted S	74_vos_gn_er_b_ep	vos	gn	erg-abs	balancing	erg-poss	sov	SV	PVA	5.0	100.0	96.0	99.0	1.0	0.9200055635398481	0.9800010051162833	0.07999443646015192
6_1_anc_omit_S	31_6_1_anc_omit_S	fig:heatmap-31-anc-omit-s	6.1 ANC omitted S	75_vos_gn_er_b_no	vos	gn	erg-abs	balancing	nomn	svo	SV	AVP	5.0	100.0	99.0	99.0	1.0	0.9800010051162833	0.9800010051162833	0.019998994883716703
6_1_anc_omit_S	31_6_1_anc_omit_S	fig:heatmap-31-anc-omit-s	6.1 ANC omitted S	76_vos_gn_er_d_se	vos	gn	erg-abs	deranking	sent	vos	VS	VPA	5.0	100.0	99.0	100.0	1.0	0.9800010051162833	1.0	0.019998994883716703
6_1_anc_omit_S	31_6_1_anc_omit_S	fig:heatmap-31-anc-omit-s	6.1 ANC omitted S	77_vos_gn_er_d_pa	vos	gn	erg-abs	deranking	poss-acc	svo	SV	AVP	5.0	100.0	100.0	100.0	1.0	1.0	1.0	0.0
6_1_anc_omit_S	31_6_1_anc_omit_S	fig:heatmap-31-anc-omit-s	6.1 ANC omitted S	78_vos_gn_er_d_ep	vos	gn	erg-abs	deranking	erg-poss	sov	SV	PVA	5.0	100.0	100.0	100.0	1.0	1.0	1.0	0.0
6_1_anc_omit_S	31_6_1_anc_omit_S	fig:heatmap-31-anc-omit-s	6.1 ANC omitted S	79_vos_gn_er_d_no	vos	gn	erg-abs	deranking	nomn	svo	SV	AVP	5.0	100.0	100.0	100.0	1.0	1.0	1.0	0.0
6_1_anc_omit_S	31_6_1_anc_omit_S	fig:heatmap-31-anc-omit-s	6.1 ANC omitted S	80_vos_ng_ac_b_se	vos	ng	nom-acc	balancing	sent	vos	VS	VPA	5.0	100.0	100.0	100.0	1.0	1.0	1.0	0.0
6_1_anc_omit_S	31_6_1_anc_omit_S	fig:heatmap-31-anc-omit-s	6.1 ANC omitted S	81_vos_ng_ac_b_pa	vos	ng	nom-acc	balancing	poss-acc	vos	VS	VPA	5.0	100.0	100.0	99.0	1.0	1.0	0.9800010051162833	0.019998994883716703
6_1_anc_omit_S	31_6_1_anc_omit_S	fig:heatmap-31-anc-omit-s	6.1 ANC omitted S	82_vos_ng_ac_b_ep	vos	ng	nom-acc	balancing	erg-poss	vos	VS	VPA	5.0	100.0	100.0	99.0	1.0	1.0	0.9800010051162833	0.019998994883716703
6_1_anc_omit_S	31_6_1_anc_omit_S	fig:heatmap-31-anc-omit-s	6.1 ANC omitted S	83_vos_ng_ac_b_no	vos	ng	nom-acc	balancing	nomn	vos	VS	VPA	5.0	100.0	100.0	99.0	1.0	1.0	0.9800010051162833	0.019998994883716703
6_1_anc_omit_S	31_6_1_anc_omit_S	fig:heatmap-31-anc-omit-s	6.1 ANC omitted S	84_vos_ng_ac_d_se	vos	ng	nom-acc	deranking	sent	vos	VS	VPA	5.0	100.0	100.0	100.0	1.0	1.0	1.0	0.0
6_1_anc_omit_S	31_6_1_anc_omit_S	fig:heatmap-31-anc-omit-s	6.1 ANC omitted S	85_vos_ng_ac_d_pa	vos	ng	nom-acc	deranking	poss-acc	vos	VS	VPA	5.0	100.0	100.0	100.0	1.0	1.0	1.0	0.0
6_1_anc_omit_S	31_6_1_anc_omit_S	fig:heatmap-31-anc-omit-s	6.1 ANC omitted S	86_vos_ng_ac_d_ep	vos	ng	nom-acc	deranking	erg-poss	vos	VS	VPA	5.0	100.0	100.0	100.0	1.0	1.0	1.0	0.0
6_1_anc_omit_S	31_6_1_anc_omit_S	fig:heatmap-31-anc-omit-s	6.1 ANC omitted S	87_vos_ng_ac_d_no	vos	ng	nom-acc	deranking	nomn	vos	VS	VPA	5.0	100.0	100.0	100.0	1.0	1.0	1.0	0.0
6_1_anc_omit_S	31_6_1_anc_omit_S	fig:heatmap-31-anc-omit-s	6.1 ANC omitted S	88_vos_ng_er_b_se	vos	ng	erg-abs	balancing	sent	vos	VS	VPA	5.0	100.0	99.0	98.0	1.0	0.9800010051162833	0.9600022327543785	0.03999776724562154
6_1_anc_omit_S	31_6_1_anc_omit_S	fig:heatmap-31-anc-omit-s	6.1 ANC omitted S	89_vos_ng_er_b_pa	vos	ng	erg-abs	balancing	poss-acc	vos	VS	VPA	5.0	99.0	99.0	97.0	0.9800010051162833	0.9800010051162833	0.9400037321744893	0.039997272941794004
6_1_anc_omit_S	31_6_1_anc_omit_S	fig:heatmap-31-anc-omit-s	6.1 ANC omitted S	90_vos_ng_er_b_ep	vos	ng	erg-abs	balancing	erg-poss	vos	VS	VPA	5.0	98.0	99.0	100.0	0.9600022327543785	0.9800010051162833	1.0	0.03999776724562154
6_1_anc_omit_S	31_6_1_anc_omit_S	fig:heatmap-31-anc-omit-s	6.1 ANC omitted S	91_vos_ng_er_b_no	vos	ng	erg-abs	balancing	nomn	vos	VS	VPA	5.0	98.0	98.0	100.0	0.9600022327543785	0.9600022327543785	1.0	0.03999776724562154
6_1_anc_omit_S	31_6_1_anc_omit_S	fig:heatmap-31-anc-omit-s	6.1 ANC omitted S	92_vos_ng_er_d_se	vos	ng	erg-abs	deranking	sent	vos	VS	VPA	5.0	100.0	100.0	100.0	1.0	1.0	1.0	0.0
6_1_anc_omit_S	31_6_1_anc_omit_S	fig:heatmap-31-anc-omit-s	6.1 ANC omitted S	93_vos_ng_er_d_pa	vos	ng	erg-abs	deranking	poss-acc	vos	VS	VPA	5.0	99.0	100.0	100.0	0.9800010051162833	1.0	1.0	0.019998994883716703
6_1_anc_omit_S	31_6_1_anc_omit_S	fig:heatmap-31-anc-omit-s	6.1 ANC omitted S	94_vos_ng_er_d_ep	vos	ng	erg-abs	deranking	erg-poss	vos	VS	VPA	5.0	100.0	100.0	100.0	1.0	1.0	1.0	0.0
6_1_anc_omit_S	31_6_1_anc_omit_S	fig:heatmap-31-anc-omit-s	6.1 ANC omitted S	95_vos_ng_er_d_no	vos	ng	erg-abs	deranking	nomn	vos	VS	VPA	5.0	100.0	100.0	100.0	1.0	1.0	1.0	0.0
6_2_anc_omit_A	32_6_2_anc_omit_A	fig:heatmap-32-anc-omit-a	6.2 ANC omitted A	00_sov_gn_ac_b_se	sov	gn	nom-acc	balancing	sent	sov	SV	APV	5.0	82.0	78.0	79.0	0.6401614779514829	0.5603645644527729	0.5802977582031614	0.07979691349870999
6_2_anc_omit_A	32_6_2_anc_omit_A	fig:heatmap-32-anc-omit-a	6.2 ANC omitted A	01_sov_gn_ac_b_pa	sov	gn	nom-acc	balancing	poss-acc	sov	SV	APV	5.0	82.0	75.0	81.0	0.6401614779514829	0.5006669949589901	0.6201981975224622	0.13949448299249279
6_2_anc_omit_A	32_6_2_anc_omit_A	fig:heatmap-32-anc-omit-a	6.2 ANC omitted A	02_sov_gn_ac_b_ep	sov	gn	nom-acc	balancing	erg-poss	sov	SV	APV	5.0	73.0	74.0	66.0	0.4609956253156435	0.4808150668439051	0.32399079342632137	0.15682427341758376
6_2_anc_omit_A	32_6_2_anc_omit_A	fig:heatmap-32-anc-omit-a	6.2 ANC omitted A	03_sov_gn_ac_b_no	sov	gn	nom-acc	balancing	nomn	sov	SV	APV	5.0	75.0	73.0	79.0	0.5006669949589901	0.4609956253156435	0.5802977582031614	0.11930213288751795
6_2_anc_omit_A	32_6_2_anc_omit_A	fig:heatmap-32-anc-omit-a	6.2 ANC omitted A	04_sov_gn_ac_d_se	sov	gn	nom-acc	deranking	sent	sov	SV	APV	5.0	100.0	100.0	100.0	1.0	1.0	1.0	0.0
6_2_anc_omit_A	32_6_2_anc_omit_A	fig:heatmap-32-anc-omit-a	6.2 ANC omitted A	05_sov_gn_ac_d_pa	sov	gn	nom-acc	deranking	poss-acc	sov	SV	APV	5.0	100.0	100.0	100.0	1.0	1.0	1.0	0.0
6_2_anc_omit_A	32_6_2_anc_omit_A	fig:heatmap-32-anc-omit-a	6.2 ANC omitted A	06_sov_gn_ac_d_ep	sov	gn	nom-acc	deranking	erg-poss	sov	SV	APV	5.0	99.0	99.0	98.0	0.9800010051162833	0.9800010051162833	0.9600022327543785	0.019998772361904837
6_2_anc_omit_A	32_6_2_anc_omit_A	fig:heatmap-32-anc-omit-a	6.2 ANC omitted A	07_sov_gn_ac_d_no	sov	gn	nom-acc	deranking	nomn	sov	SV	APV	5.0	100.0	100.0	100.0	1.0	1.0	1.0	0.0
6_2_anc_omit_A	32_6_2_anc_omit_A	fig:heatmap-32-anc-omit-a	6.2 ANC omitted A	08_sov_gn_er_b_se	sov	gn	erg-abs	balancing	sent	sov	SV	APV	5.0	35.0	30.0	27.0	0.00485419526745252	0.001810452901859287	0.000995625315643497	0.0038585699518090227
6_2_anc_omit_A	32_6_2_anc_omit_A	fig:heatmap-32-anc-omit-a	6.2 ANC omitted A	09_sov_gn_er_b_pa	sov	gn	erg-abs	balancing	poss-acc	sov	SV	APV	5.0	32.0	24.0	30.0	0.002691169410899119	0.0005456005010440509	0.001810452901859287	0.0021455689098550685
6_2_anc_omit_A	32_6_2_anc_omit_A	fig:heatmap-32-anc-omit-a	6.2 ANC omitted A	10_sov_gn_er_b_ep	sov	gn	erg-abs	balancing	erg-poss	sov	SV	APV	5.0	60.0	56.99999999999999	65.0	0.2126882612143756	0.1620372011019233	0.3048541952674525	0.1428169941655292
6_2_anc_omit_A	32_6_2_anc_omit_A	fig:heatmap-32-anc-omit-a	6.2 ANC omitted A	11_sov_gn_er_b_no	sov	gn	erg-abs	balancing	nomn	sov	SV	APV	5.0	62.0	64.0	61.0	0.2486790753254733	0.28589874273887544	0.23050379208694793	0.05539495065192751
6_2_anc_omit_A	32_6_2_anc_omit_A	fig:heatmap-32-anc-omit-a	6.2 ANC omitted A	12_sov_gn_er_d_se	sov	gn	erg-abs	deranking	sent	sov	SV	APV	5.0	95.0	96.0	92.0	0.9000078003290506	0.9200055635398481	0.8400179443146094	0.07998761922523867
6_2_anc_omit_A	32_6_2_anc_omit_A	fig:heatmap-32-anc-omit-a	6.2 ANC omitted A	13_sov_gn_er_d_pa	sov	gn	erg-abs	deranking	poss-acc	sov	SV	APV	5.0	93.0	92.0	91.0	0.8600138689949057	0.8400179443146094	0.8200229216960366	0.039990947298869095
6_2_anc_omit_A	32_6_2_anc_omit_A	fig:heatmap-32-anc-omit-a	6.2 ANC omitted A	14_sov_gn_er_d_ep	sov	gn	erg-abs	deranking	erg-poss	sov	SV	APV	5.0	98.0	98.0	97.0	0.9600022327543785	0.9600022327543785	0.9400037321744893	0.019998500579889167
6_2_anc_omit_A	32_6_2_anc_omit_A	fig:heatmap-32-anc-omit-a	6.2 ANC omitted A	15_sov_gn_er_d_no	sov	gn	erg-abs	deranking	nomn	sov	SV	APV	5.0	96.0	100.0	96.0	0.9200055635398481	1.0	0.9200055635398481	0.07999443646015192
6_2_anc_omit_A	32_6_2_anc_omit_A	fig:heatmap-32-anc-omit-a	6.2 ANC omitted A	16_sov_ng_ac_b_se	sov	ng	nom-acc	balancing	sent	sov	SV	APV	5.0	78.0	79.0	82.0	0.5603645644527729	0.5802977582031614	0.6401614779514829	0.07979691349870999
6_2_anc_omit_A	32_6_2_anc_omit_A	fig:heatmap-32-anc-omit-a	6.2 ANC omitted A	17_sov_ng_ac_b_pa	sov	ng	nom-acc	balancing	poss-acc	ovs	VS	PVA	5.0	78.0	84.0	74.0	0.5603645644527729	0.6801067756461248	0.4808150668439051	0.19929170880221964
6_2_anc_omit_A	32_6_2_anc_omit_A	fig:heatmap-32-anc-omit-a	6.2 ANC omitted A	18_sov_ng_ac_b_ep	sov	ng	nom-acc	balancing	erg-poss	vos	VS	AVP	5.0	89.0	92.0	89.0	0.7800364252161309	0.8400179443146094	0.7800364252161309	0.059981519098478486
6_2_anc_omit_A	32_6_2_anc_omit_A	fig:heatmap-32-anc-omit-a	6.2 ANC omitted A	19_sov_ng_ac_b_no	sov	ng	nom-acc	balancing	nomn	ovs	VS	PVA	5.0	78.0	78.0	78.0	0.5603645644527729	0.5603645644527729	0.5603645644527729	0.0
6_2_anc_omit_A	32_6_2_anc_omit_A	fig:heatmap-32-anc-omit-a	6.2 ANC omitted A	20_sov_ng_ac_d_se	sov	ng	nom-acc	deranking	sent	sov	SV	APV	5.0	100.0	100.0	100.0	1.0	1.0	1.0	0.0
6_2_anc_omit_A	32_6_2_anc_omit_A	fig:heatmap-32-anc-omit-a	6.2 ANC omitted A	21_sov_ng_ac_d_pa	sov	ng	nom-acc	deranking	poss-acc	ovs	VS	PVA	5.0	100.0	100.0	100.0	1.0	1.0	1.0	0.0
6_2_anc_omit_A	32_6_2_anc_omit_A	fig:heatmap-32-anc-omit-a	6.2 ANC omitted A	22_sov_ng_ac_d_ep	sov	ng	nom-acc	deranking	erg-poss	vos	VS	AVP	5.0	94.0	92.0	96.0	0.880010532281679	0.8400179443146094	0.9200055635398481	0.07998761922523867
6_2_anc_omit_A	32_6_2_anc_omit_A	fig:heatmap-32-anc-omit-a	6.2 ANC omitted A	23_sov_ng_ac_d_no	sov	ng	nom-acc	deranking	nomn	ovs	VS	PVA	5.0	100.0	100.0	99.0	1.0	1.0	0.9800010051162833	0.019998994883716703
6_2_anc_omit_A	32_6_2_anc_omit_A	fig:heatmap-32-anc-omit-a	6.2 ANC omitted A	24_sov_ng_er_b_se	sov	ng	erg-abs	balancing	sent	sov	SV	APV	5.0	24.0	28.999999999999996	32.0	0.0005456005010440509	0.0014838855772701248	0.002691169410899119	0.0021455689098550685
6_2_anc_omit_A	32_6_2_anc_omit_A	fig:heatmap-32-anc-omit-a	6.2 ANC omitted A	25_sov_ng_er_b_pa	sov	ng	erg-abs	balancing	poss-acc	ovs	VS	PVA	5.0	31.0	27.0	28.000000000000004	0.0022078817555662334	0.000995625315643497	0.0012157185708479242	0.0012122564399227364
6_2_anc_omit_A	32_6_2_anc_omit_A	fig:heatmap-32-anc-omit-a	6.2 ANC omitted A	26_sov_ng_er_b_ep	sov	ng	erg-abs	balancing	erg-poss	vos	VS	AVP	5.0	90.0	92.0	91.0	0.8000290007473678	0.8400179443146094	0.8200229216960366	0.039988943567241586
6_2_anc_omit_A	32_6_2_anc_omit_A	fig:heatmap-32-anc-omit-a	6.2 ANC omitted A	27_sov_ng_er_b_no	sov	ng	erg-abs	balancing	nomn	ovs	VS	PVA	5.0	57.99999999999999	61.0	62.0	0.17838553419891207	0.23050379208694793	0.2486790753254733	0.07029354112656122
6_2_anc_omit_A	32_6_2_anc_omit_A	fig:heatmap-32-anc-omit-a	6.2 ANC omitted A	28_sov_ng_er_d_se	sov	ng	erg-abs	deranking	sent	sov	SV	APV	5.0	96.0	96.0	95.0	0.9200055635398481	0.9200055635398481	0.9000078003290506	0.019997763210797492
6_2_anc_omit_A	32_6_2_anc_omit_A	fig:heatmap-32-anc-omit-a	6.2 ANC omitted A	29_sov_ng_er_d_pa	sov	ng	erg-abs	deranking	poss-acc	ovs	VS	PVA	5.0	92.0	95.0	89.0	0.8400179443146094	0.9000078003290506	0.7800364252161309	0.11997137511291966
6_2_anc_omit_A	32_6_2_anc_omit_A	fig:heatmap-32-anc-omit-a	6.2 ANC omitted A	30_sov_ng_er_d_ep	sov	ng	erg-abs	deranking	erg-poss	vos	VS	AVP	5.0	97.0	96.0	95.0	0.9400037321744893	0.9200055635398481	0.9000078003290506	0.039995931845438704
6_2_anc_omit_A	32_6_2_anc_omit_A	fig:heatmap-32-anc-omit-a	6.2 ANC omitted A	31_sov_ng_er_d_no	sov	ng	erg-abs	deranking	nomn	ovs	VS	PVA	5.0	95.0	99.0	99.0	0.9000078003290506	0.9800010051162833	0.9800010051162833	0.07999320478723271
6_2_anc_omit_A	32_6_2_anc_omit_A	fig:heatmap-32-anc-omit-a	6.2 ANC omitted A	32_svo_gn_ac_b_se	svo	gn	nom-acc	balancing	sent	svo	SV	AVP	5.0	76.0	66.0	73.0	0.520545600501044	0.32399079342632137	0.4609956253156435	0.19655480707472267
6_2_anc_omit_A	32_6_2_anc_omit_A	fig:heatmap-32-anc-omit-a	6.2 ANC omitted A	33_svo_gn_ac_b_pa	svo	gn	nom-acc	balancing	poss-acc	svo	SV	AVP	5.0	70.0	67.0	66.0	0.40181045290185924	0.3432783071525648	0.32399079342632137	0.07781965947553787
6_2_anc_omit_A	32_6_2_anc_omit_A	fig:heatmap-32-anc-omit-a	6.2 ANC omitted A	34_svo_gn_ac_b_ep	svo	gn	nom-acc	balancing	erg-poss	sov	SV	PVA	5.0	97.0	100.0	98.0	0.9400037321744893	1.0	0.9600022327543785	0.05999626782551071
6_2_anc_omit_A	32_6_2_anc_omit_A	fig:heatmap-32-anc-omit-a	6.2 ANC omitted A	35_svo_gn_ac_b_no	svo	gn	nom-acc	balancing	nomn	svo	SV	AVP	5.0	67.0	72.0	69.0	0.3432783071525648	0.44121571857084796	0.3822078817555662	0.09793741141828316
6_2_anc_omit_A	32_6_2_anc_omit_A	fig:heatmap-32-anc-omit-a	6.2 ANC omitted A	36_svo_gn_ac_d_se	svo	gn	nom-acc	deranking	sent	svo	SV	AVP	5.0	87.0	95.0	87.0	0.7400565667123037	0.9000078003290506	0.7400565667123037	0.1599512336167469
6_2_anc_omit_A	32_6_2_anc_omit_A	fig:heatmap-32-anc-omit-a	6.2 ANC omitted A	37_svo_gn_ac_d_pa	svo	gn	nom-acc	deranking	poss-acc	svo	SV	AVP	5.0	84.0	87.0	95.0	0.6801067756461248	0.7400565667123037	0.9000078003290506	0.21990102468292583
6_2_anc_omit_A	32_6_2_anc_omit_A	fig:heatmap-32-anc-omit-a	6.2 ANC omitted A	38_svo_gn_ac_d_ep	svo	gn	nom-acc	deranking	erg-poss	sov	SV	PVA	5.0	99.0	100.0	99.0	0.9800010051162833	1.0	0.9800010051162833	0.019998994883716703
6_2_anc_omit_A	32_6_2_anc_omit_A	fig:heatmap-32-anc-omit-a	6.2 ANC omitted A	39_svo_gn_ac_d_no	svo	gn	nom-acc	deranking	nomn	svo	SV	AVP	5.0	73.0	91.0	91.0	0.4609956253156435	0.8200229216960366	0.8200229216960366	0.35902729638039316
6_2_anc_omit_A	32_6_2_anc_omit_A	fig:heatmap-32-anc-omit-a	6.2 ANC omitted A	40_svo_gn_er_b_se	svo	gn	erg-abs	balancing	sent	svo	SV	AVP	5.0	40.0	39.0	56.00000000000001	0.012688261214375562	0.010503792086947903	0.14632370684388155	0.13581991475693364
6_2_anc_omit_A	32_6_2_anc_omit_A	fig:heatmap-32-anc-omit-a	6.2 ANC omitted A	41_svo_gn_er_b_pa	svo	gn	erg-abs	balancing	poss-acc	svo	SV	AVP	5.0	32.0	43.0	51.0	0.002691169410899119	0.022037201101923407	0.0798093470482375	0.07711817763733839
6_2_anc_omit_A	32_6_2_anc_omit_A	fig:heatmap-32-anc-omit-a	6.2 ANC omitted A	42_svo_gn_er_b_ep	svo	gn	erg-abs	balancing	erg-poss	sov	SV	PVA	5.0	74.0	73.0	81.0	0.4808150668439051	0.4609956253156435	0.6201981975224622	0.15920257220681872
6_2_anc_omit_A	32_6_2_anc_omit_A	fig:heatmap-32-anc-omit-a	6.2 ANC omitted A	43_svo_gn_er_b_no	svo	gn	erg-abs	balancing	nomn	svo	SV	AVP	5.0	43.0	67.0	74.0	0.022037201101923407	0.3432783071525648	0.4808150668439051	0.4587778657419817
6_2_anc_omit_A	32_6_2_anc_omit_A	fig:heatmap-32-anc-omit-a	6.2 ANC omitted A	44_svo_gn_er_d_se	svo	gn	erg-abs	deranking	sent	svo	SV	AVP	5.0	50.0	60.0	68.0	0.06931017816607285	0.2126882612143756	0.36269116941089913	0.2933809912448263
6_2_anc_omit_A	32_6_2_anc_omit_A	fig:heatmap-32-anc-omit-a	6.2 ANC omitted A	45_svo_gn_er_d_pa	svo	gn	erg-abs	deranking	poss-acc	svo	SV	AVP	5.0	57.99999999999999	52.0	61.0	0.17838553419891207	0.09129698535007358	0.23050379208694793	0.13920680673687436
6_2_anc_omit_A	32_6_2_anc_omit_A	fig:heatmap-32-anc-omit-a	6.2 ANC omitted A	46_svo_gn_er_d_ep	svo	gn	erg-abs	deranking	erg-poss	sov	SV	PVA	5.0	98.0	95.0	98.0	0.9600022327543785	0.9000078003290506	0.9600022327543785	0.05999443242532787
6_2_anc_omit_A	32_6_2_anc_omit_A	fig:heatmap-32-anc-omit-a	6.2 ANC omitted A	47_svo_gn_er_d_no	svo	gn	erg-abs	deranking	nomn	svo	SV	AVP	5.0	67.0	84.0	81.0	0.3432783071525648	0.6801067756461248	0.6201981975224622	0.33682846849355996
6_2_anc_omit_A	32_6_2_anc_omit_A	fig:heatmap-32-anc-omit-a	6.2 ANC omitted A	48_svo_ng_ac_b_se	svo	ng	nom-acc	balancing	sent	svo	SV	AVP	5.0	70.0	68.0	70.0	0.40181045290185924	0.36269116941089913	0.40181045290185924	0.03911928349096011
6_2_anc_omit_A	32_6_2_anc_omit_A	fig:heatmap-32-anc-omit-a	6.2 ANC omitted A	49_svo_ng_ac_b_pa	svo	ng	nom-acc	balancing	poss-acc	vos	VS	VPA	5.0	69.0	70.0	67.0	0.3822078817555662	0.40181045290185924	0.3432783071525648	0.05853214574929444
6_2_anc_omit_A	32_6_2_anc_omit_A	fig:heatmap-32-anc-omit-a	6.2 ANC omitted A	50_svo_ng_ac_b_ep	svo	ng	nom-acc	balancing	erg-poss	vos	VS	VPA	5.0	72.0	69.0	73.0	0.44121571857084796	0.3822078817555662	0.4609956253156435	0.07878774356007728
6_2_anc_omit_A	32_6_2_anc_omit_A	fig:heatmap-32-anc-omit-a	6.2 ANC omitted A	51_svo_ng_ac_b_no	svo	ng	nom-acc	balancing	nomn	vos	VS	VPA	5.0	78.0	68.0	71.0	0.5603645644527729	0.36269116941089913	0.4214838855772702	0.1976733950418738
6_2_anc_omit_A	32_6_2_anc_omit_A	fig:heatmap-32-anc-omit-a	6.2 ANC omitted A	52_svo_ng_ac_d_se	svo	ng	nom-acc	deranking	sent	svo	SV	AVP	5.0	94.0	90.0	91.0	0.880010532281679	0.8000290007473678	0.8200229216960366	0.0799815315343112
6_2_anc_omit_A	32_6_2_anc_omit_A	fig:heatmap-32-anc-omit-a	6.2 ANC omitted A	53_svo_ng_ac_d_pa	svo	ng	nom-acc	deranking	poss-acc	vos	VS	VPA	5.0	80.0	90.0	93.0	0.6002430286238514	0.8000290007473678	0.8600138689949057	0.25977084037105436
6_2_anc_omit_A	32_6_2_anc_omit_A	fig:heatmap-32-anc-omit-a	6.2 ANC omitted A	54_svo_ng_ac_d_ep	svo	ng	nom-acc	deranking	erg-poss	vos	VS	VPA	5.0	86.0	88.0	82.0	0.7200700908352611	0.7600454927350169	0.6401614779514829	0.11988401478353394
6_2_anc_omit_A	32_6_2_anc_omit_A	fig:heatmap-32-anc-omit-a	6.2 ANC omitted A	55_svo_ng_ac_d_no	svo	ng	nom-acc	deranking	nomn	vos	VS	VPA	5.0	91.0	93.0	88.0	0.8200229216960366	0.8600138689949057	0.7600454927350169	0.09996837625988886
6_2_anc_omit_A	32_6_2_anc_omit_A	fig:heatmap-32-anc-omit-a	6.2 ANC omitted A	56_svo_ng_er_b_se	svo	ng	erg-abs	balancing	sent	svo	SV	AVP	5.0	39.0	43.0	40.0	0.010503792086947903	0.022037201101923407	0.012688261214375562	0.011533409014975503
6_2_anc_omit_A	32_6_2_anc_omit_A	fig:heatmap-32-anc-omit-a	6.2 ANC omitted A	57_svo_ng_er_b_pa	svo	ng	erg-abs	balancing	poss-acc	vos	VS	VPA	5.0	30.0	40.0	41.0	0.001810452901859287	0.012688261214375562	0.015293221162685725	0.013482768260826438
6_2_anc_omit_A	32_6_2_anc_omit_A	fig:heatmap-32-anc-omit-a	6.2 ANC omitted A	58_svo_ng_er_b_ep	svo	ng	erg-abs	balancing	erg-poss	vos	VS	VPA	5.0	59.0	74.0	74.0	0.19529322116268572	0.4808150668439051	0.4808150668439051	0.2855218456812194
6_2_anc_omit_A	32_6_2_anc_omit_A	fig:heatmap-32-anc-omit-a	6.2 ANC omitted A	59_svo_ng_er_b_no	svo	ng	erg-abs	balancing	nomn	vos	VS	VPA	5.0	66.0	67.0	70.0	0.32399079342632137	0.3432783071525648	0.40181045290185924	0.07781965947553787
6_2_anc_omit_A	32_6_2_anc_omit_A	fig:heatmap-32-anc-omit-a	6.2 ANC omitted A	60_svo_ng_er_d_se	svo	ng	erg-abs	deranking	sent	svo	SV	AVP	5.0	56.00000000000001	67.0	70.0	0.14632370684388155	0.3432783071525648	0.40181045290185924	0.2554867460579777
6_2_anc_omit_A	32_6_2_anc_omit_A	fig:heatmap-32-anc-omit-a	6.2 ANC omitted A	61_svo_ng_er_d_pa	svo	ng	erg-abs	deranking	poss-acc	vos	VS	VPA	5.0	48.0	73.0	66.0	0.05129698535007358	0.4609956253156435	0.32399079342632137	0.4096986399655699
6_2_anc_omit_A	32_6_2_anc_omit_A	fig:heatmap-32-anc-omit-a	6.2 ANC omitted A	62_svo_ng_er_d_ep	svo	ng	erg-abs	deranking	erg-poss	vos	VS	VPA	5.0	75.0	77.0	76.0	0.5006669949589901	0.5404461012900033	0.520545600501044	0.039779106331013114
6_2_anc_omit_A	32_6_2_anc_omit_A	fig:heatmap-32-anc-omit-a	6.2 ANC omitted A	63_svo_ng_er_d_no	svo	ng	erg-abs	deranking	nomn	vos	VS	VPA	5.0	66.0	81.0	91.0	0.32399079342632137	0.6201981975224622	0.8200229216960366	0.49603212826971527
6_2_anc_omit_A	32_6_2_anc_omit_A	fig:heatmap-32-anc-omit-a	6.2 ANC omitted A	64_vos_gn_ac_b_se	vos	gn	nom-acc	balancing	sent	vos	VS	VPA	5.0	44.0	55.00000000000001	49.0	0.02632370684388144	0.1313216288619007	0.059809347048237496	0.10499792201801927
6_2_anc_omit_A	32_6_2_anc_omit_A	fig:heatmap-32-anc-omit-a	6.2 ANC omitted A	65_vos_gn_ac_b_pa	vos	gn	nom-acc	balancing	poss-acc	svo	SV	AVP	5.0	52.0	66.0	39.0	0.09129698535007358	0.32399079342632137	0.010503792086947903	0.31348700133937346
6_2_anc_omit_A	32_6_2_anc_omit_A	fig:heatmap-32-anc-omit-a	6.2 ANC omitted A	66_vos_gn_ac_b_ep	vos	gn	nom-acc	balancing	erg-poss	sov	SV	PVA	5.0	93.0	88.0	90.0	0.8600138689949057	0.7600454927350169	0.8000290007473678	0.09996837625988886
6_2_anc_omit_A	32_6_2_anc_omit_A	fig:heatmap-32-anc-omit-a	6.2 ANC omitted A	67_vos_gn_ac_b_no	vos	gn	nom-acc	balancing	nomn	svo	SV	AVP	5.0	48.0	55.00000000000001	46.0	0.05129698535007358	0.1313216288619007	0.03710552670485608	0.09421610215704462
6_2_anc_omit_A	32_6_2_anc_omit_A	fig:heatmap-32-anc-omit-a	6.2 ANC omitted A	68_vos_gn_ac_d_se	vos	gn	nom-acc	deranking	sent	vos	VS	VPA	5.0	100.0	100.0	99.0	1.0	1.0	0.9800010051162833	0.019998994883716703
6_2_anc_omit_A	32_6_2_anc_omit_A	fig:heatmap-32-anc-omit-a	6.2 ANC omitted A	69_vos_gn_ac_d_pa	vos	gn	nom-acc	deranking	poss-acc	svo	SV	AVP	5.0	100.0	100.0	100.0	1.0	1.0	1.0	0.0
6_2_anc_omit_A	32_6_2_anc_omit_A	fig:heatmap-32-anc-omit-a	6.2 ANC omitted A	70_vos_gn_ac_d_ep	vos	gn	nom-acc	deranking	erg-poss	sov	SV	PVA	5.0	99.0	100.0	98.0	0.9800010051162833	1.0	0.9600022327543785	0.03999776724562154
6_2_anc_omit_A	32_6_2_anc_omit_A	fig:heatmap-32-anc-omit-a	6.2 ANC omitted A	71_vos_gn_ac_d_no	vos	gn	nom-acc	deranking	nomn	svo	SV	AVP	5.0	99.0	99.0	99.0	0.9800010051162833	0.9800010051162833	0.9800010051162833	0.0
6_2_anc_omit_A	32_6_2_anc_omit_A	fig:heatmap-32-anc-omit-a	6.2 ANC omitted A	72_vos_gn_er_b_se	vos	gn	erg-abs	balancing	sent	vos	VS	VPA	5.0	30.0	30.0	33.0	0.001810452901859287	0.001810452901859287	0.003278307152564848	0.0014678542507055611
6_2_anc_omit_A	32_6_2_anc_omit_A	fig:heatmap-32-anc-omit-a	6.2 ANC omitted A	73_vos_gn_er_b_pa	vos	gn	erg-abs	balancing	poss-acc	svo	SV	AVP	5.0	20.0	19.0	26.0	0.0002430286238513585	0.00019819752246213155	0.000815066843905091	0.0006168693214429594
6_2_anc_omit_A	32_6_2_anc_omit_A	fig:heatmap-32-anc-omit-a	6.2 ANC omitted A	74_vos_gn_er_b_ep	vos	gn	erg-abs	balancing	erg-poss	sov	SV	PVA	5.0	96.0	93.0	94.0	0.9200055635398481	0.8600138689949057	0.880010532281679	0.05999169454494235
6_2_anc_omit_A	32_6_2_anc_omit_A	fig:heatmap-32-anc-omit-a	6.2 ANC omitted A	75_vos_gn_er_b_no	vos	gn	erg-abs	balancing	nomn	svo	SV	AVP	5.0	46.0	52.0	50.0	0.03710552670485608	0.09129698535007358	0.06931017816607285	0.054191458645217495
6_2_anc_omit_A	32_6_2_anc_omit_A	fig:heatmap-32-anc-omit-a	6.2 ANC omitted A	76_vos_gn_er_d_se	vos	gn	erg-abs	deranking	sent	vos	VS	VPA	5.0	99.0	96.0	97.0	0.9800010051162833	0.9200055635398481	0.9400037321744893	0.059995441576435216
6_2_anc_omit_A	32_6_2_anc_omit_A	fig:heatmap-32-anc-omit-a	6.2 ANC omitted A	77_vos_gn_er_d_pa	vos	gn	erg-abs	deranking	poss-acc	svo	SV	AVP	5.0	94.0	98.0	92.0	0.880010532281679	0.9600022327543785	0.8400179443146094	0.11998428843976905
6_2_anc_omit_A	32_6_2_anc_omit_A	fig:heatmap-32-anc-omit-a	6.2 ANC omitted A	78_vos_gn_er_d_ep	vos	gn	erg-abs	deranking	erg-poss	sov	SV	PVA	5.0	100.0	100.0	100.0	1.0	1.0	1.0	0.0
6_2_anc_omit_A	32_6_2_anc_omit_A	fig:heatmap-32-anc-omit-a	6.2 ANC omitted A	79_vos_gn_er_d_no	vos	gn	erg-abs	deranking	nomn	svo	SV	AVP	5.0	100.0	100.0	100.0	1.0	1.0	1.0	0.0
6_2_anc_omit_A	32_6_2_anc_omit_A	fig:heatmap-32-anc-omit-a	6.2 ANC omitted A	80_vos_ng_ac_b_se	vos	ng	nom-acc	balancing	sent	vos	VS	VPA	5.0	54.0	46.0	48.0	0.1171055267048561	0.03710552670485608	0.05129698535007358	0.08000000000000002
6_2_anc_omit_A	32_6_2_anc_omit_A	fig:heatmap-32-anc-omit-a	6.2 ANC omitted A	81_vos_ng_ac_b_pa	vos	ng	nom-acc	balancing	poss-acc	vos	VS	VPA	5.0	52.0	49.0	51.0	0.09129698535007358	0.059809347048237496	0.0798093470482375	0.03148763830183608
6_2_anc_omit_A	32_6_2_anc_omit_A	fig:heatmap-32-anc-omit-a	6.2 ANC omitted A	82_vos_ng_ac_b_ep	vos	ng	nom-acc	balancing	erg-poss	vos	VS	VPA	5.0	45.0	56.99999999999999	64.0	0.031321628861900604	0.1620372011019233	0.28589874273887544	0.25457711387697485
6_2_anc_omit_A	32_6_2_anc_omit_A	fig:heatmap-32-anc-omit-a	6.2 ANC omitted A	83_vos_ng_ac_b_no	vos	ng	nom-acc	balancing	nomn	vos	VS	VPA	5.0	64.0	43.0	56.00000000000001	0.28589874273887544	0.022037201101923407	0.14632370684388155	0.263861541636952
6_2_anc_omit_A	32_6_2_anc_omit_A	fig:heatmap-32-anc-omit-a	6.2 ANC omitted A	84_vos_ng_ac_d_se	vos	ng	nom-acc	deranking	sent	vos	VS	VPA	5.0	100.0	100.0	100.0	1.0	1.0	1.0	0.0
6_2_anc_omit_A	32_6_2_anc_omit_A	fig:heatmap-32-anc-omit-a	6.2 ANC omitted A	85_vos_ng_ac_d_pa	vos	ng	nom-acc	deranking	poss-acc	vos	VS	VPA	5.0	100.0	99.0	100.0	1.0	0.9800010051162833	1.0	0.019998994883716703
6_2_anc_omit_A	32_6_2_anc_omit_A	fig:heatmap-32-anc-omit-a	6.2 ANC omitted A	86_vos_ng_ac_d_ep	vos	ng	nom-acc	deranking	erg-poss	vos	VS	VPA	5.0	98.0	98.0	99.0	0.9600022327543785	0.9600022327543785	0.9800010051162833	0.019998772361904837
6_2_anc_omit_A	32_6_2_anc_omit_A	fig:heatmap-32-anc-omit-a	6.2 ANC omitted A	87_vos_ng_ac_d_no	vos	ng	nom-acc	deranking	nomn	vos	VS	VPA	5.0	99.0	99.0	98.0	0.9800010051162833	0.9800010051162833	0.9600022327543785	0.019998772361904837
6_2_anc_omit_A	32_6_2_anc_omit_A	fig:heatmap-32-anc-omit-a	6.2 ANC omitted A	88_vos_ng_er_b_se	vos	ng	erg-abs	balancing	sent	vos	VS	VPA	5.0	23.0	28.999999999999996	21.0	0.0004461012900032559	0.0014838855772701248	0.00029775820316147556	0.0011861273741086494
6_2_anc_omit_A	32_6_2_anc_omit_A	fig:heatmap-32-anc-omit-a	6.2 ANC omitted A	89_vos_ng_er_b_pa	vos	ng	erg-abs	balancing	poss-acc	vos	VS	VPA	5.0	17.0	18.0	20.0	0.00013140446760432275	0.00016147795148286958	0.0002430286238513585	0.00011162415624703574
6_2_anc_omit_A	32_6_2_anc_omit_A	fig:heatmap-32-anc-omit-a	6.2 ANC omitted A	90_vos_ng_er_b_ep	vos	ng	erg-abs	balancing	erg-poss	vos	VS	VPA	5.0	55.00000000000001	48.0	55.00000000000001	0.1313216288619007	0.05129698535007358	0.1313216288619007	0.08002464351182714
6_2_anc_omit_A	32_6_2_anc_omit_A	fig:heatmap-32-anc-omit-a	6.2 ANC omitted A	91_vos_ng_er_b_no	vos	ng	erg-abs	balancing	nomn	vos	VS	VPA	5.0	52.0	55.00000000000001	50.0	0.09129698535007358	0.1313216288619007	0.06931017816607285	0.06201145069582786
6_2_anc_omit_A	32_6_2_anc_omit_A	fig:heatmap-32-anc-omit-a	6.2 ANC omitted A	92_vos_ng_er_d_se	vos	ng	erg-abs	deranking	sent	vos	VS	VPA	5.0	98.0	97.0	97.0	0.9600022327543785	0.9400037321744893	0.9400037321744893	0.019998500579889167
6_2_anc_omit_A	32_6_2_anc_omit_A	fig:heatmap-32-anc-omit-a	6.2 ANC omitted A	93_vos_ng_er_d_pa	vos	ng	erg-abs	deranking	poss-acc	vos	VS	VPA	5.0	100.0	98.0	98.0	1.0	0.9600022327543785	0.9600022327543785	0.03999776724562154
6_2_anc_omit_A	32_6_2_anc_omit_A	fig:heatmap-32-anc-omit-a	6.2 ANC omitted A	94_vos_ng_er_d_ep	vos	ng	erg-abs	deranking	erg-poss	vos	VS	VPA	5.0	99.0	99.0	99.0	0.9800010051162833	0.9800010051162833	0.9800010051162833	0.0
6_2_anc_omit_A	32_6_2_anc_omit_A	fig:heatmap-32-anc-omit-a	6.2 ANC omitted A	95_vos_ng_er_d_no	vos	ng	erg-abs	deranking	nomn	vos	VS	VPA	5.0	100.0	99.0	100.0	1.0	0.9800010051162833	1.0	0.019998994883716703
6_3_anc_omit_P	33_6_3_anc_omit_P	fig:heatmap-33-anc-omit-p	6.3 ANC omitted P	00_sov_gn_ac_b_se	sov	gn	nom-acc	balancing	sent	sov	SV	APV	5.0	84.0	79.0	85.0	0.6801067756461248	0.5802977582031614	0.7000866067554558	0.11978884855229432
6_3_anc_omit_P	33_6_3_anc_omit_P	fig:heatmap-33-anc-omit-p	6.3 ANC omitted P	01_sov_gn_ac_b_pa	sov	gn	nom-acc	balancing	poss-acc	sov	SV	APV	5.0	92.0	89.0	95.0	0.8400179443146094	0.7800364252161309	0.9000078003290506	0.11997137511291966
6_3_anc_omit_P	33_6_3_anc_omit_P	fig:heatmap-33-anc-omit-p	6.3 ANC omitted P	02_sov_gn_ac_b_ep	sov	gn	nom-acc	balancing	erg-poss	sov	SV	APV	5.0	84.0	81.0	77.0	0.6801067756461248	0.6201981975224622	0.5404461012900033	0.1396606743561215
6_3_anc_omit_P	33_6_3_anc_omit_P	fig:heatmap-33-anc-omit-p	6.3 ANC omitted P	03_sov_gn_ac_b_no	sov	gn	nom-acc	balancing	nomn	sov	SV	APV	5.0	93.0	96.0	94.0	0.8600138689949057	0.9200055635398481	0.880010532281679	0.05999169454494235
6_3_anc_omit_P	33_6_3_anc_omit_P	fig:heatmap-33-anc-omit-p	6.3 ANC omitted P	04_sov_gn_ac_d_se	sov	gn	nom-acc	deranking	sent	sov	SV	APV	5.0	99.0	100.0	100.0	0.9800010051162833	1.0	1.0	0.019998994883716703
6_3_anc_omit_P	33_6_3_anc_omit_P	fig:heatmap-33-anc-omit-p	6.3 ANC omitted P	05_sov_gn_ac_d_pa	sov	gn	nom-acc	deranking	poss-acc	sov	SV	APV	5.0	100.0	99.0	100.0	1.0	0.9800010051162833	1.0	0.019998994883716703
6_3_anc_omit_P	33_6_3_anc_omit_P	fig:heatmap-33-anc-omit-p	6.3 ANC omitted P	06_sov_gn_ac_d_ep	sov	gn	nom-acc	deranking	erg-poss	sov	SV	APV	5.0	100.0	100.0	100.0	1.0	1.0	1.0	0.0
6_3_anc_omit_P	33_6_3_anc_omit_P	fig:heatmap-33-anc-omit-p	6.3 ANC omitted P	07_sov_gn_ac_d_no	sov	gn	nom-acc	deranking	nomn	sov	SV	APV	5.0	100.0	100.0	100.0	1.0	1.0	1.0	0.0
6_3_anc_omit_P	33_6_3_anc_omit_P	fig:heatmap-33-anc-omit-p	6.3 ANC omitted P	08_sov_gn_er_b_se	sov	gn	erg-abs	balancing	sent	sov	SV	APV	5.0	62.0	65.0	56.99999999999999	0.2486790753254733	0.3048541952674525	0.1620372011019233	0.1428169941655292
6_3_anc_omit_P	33_6_3_anc_omit_P	fig:heatmap-33-anc-omit-p	6.3 ANC omitted P	09_sov_gn_er_b_pa	sov	gn	erg-abs	balancing	poss-acc	sov	SV	APV	5.0	54.0	55.00000000000001	55.00000000000001	0.1171055267048561	0.1313216288619007	0.1313216288619007	0.014216102157044608
6_3_anc_omit_P	33_6_3_anc_omit_P	fig:heatmap-33-anc-omit-p	6.3 ANC omitted P	10_sov_gn_er_b_ep	sov	gn	erg-abs	balancing	erg-poss	sov	SV	APV	5.0	28.999999999999996	42.0	31.0	0.0014838855772701248	0.018385534198912194	0.0022078817555662334	0.01690164862164207
6_3_anc_omit_P	33_6_3_anc_omit_P	fig:heatmap-33-anc-omit-p	6.3 ANC omitted P	11_sov_gn_er_b_no	sov	gn	erg-abs	balancing	nomn	sov	SV	APV	5.0	51.0	53.0	59.0	0.0798093470482375	0.10374425515866688	0.19529322116268572	0.11548387411444822
6_3_anc_omit_P	33_6_3_anc_omit_P	fig:heatmap-33-anc-omit-p	6.3 ANC omitted P	12_sov_gn_er_d_se	sov	gn	erg-abs	deranking	sent	sov	SV	APV	5.0	90.0	93.0	91.0	0.8000290007473678	0.8600138689949057	0.8200229216960366	0.059984868247537904
6_3_anc_omit_P	33_6_3_anc_omit_P	fig:heatmap-33-anc-omit-p	6.3 ANC omitted P	13_sov_gn_er_d_pa	sov	gn	erg-abs	deranking	poss-acc	sov	SV	APV	5.0	82.0	79.0	81.0	0.6401614779514829	0.5802977582031614	0.6201981975224622	0.0598637197483215
6_3_anc_omit_P	33_6_3_anc_omit_P	fig:heatmap-33-anc-omit-p	6.3 ANC omitted P	14_sov_gn_er_d_ep	sov	gn	erg-abs	deranking	erg-poss	sov	SV	APV	5.0	62.0	66.0	69.0	0.2486790753254733	0.32399079342632137	0.3822078817555662	0.1335288064300929
6_3_anc_omit_P	33_6_3_anc_omit_P	fig:heatmap-33-anc-omit-p	6.3 ANC omitted P	15_sov_gn_er_d_no	sov	gn	erg-abs	deranking	nomn	sov	SV	APV	5.0	85.0	78.0	75.0	0.7000866067554558	0.5603645644527729	0.5006669949589901	0.1994196117964656
6_3_anc_omit_P	33_6_3_anc_omit_P	fig:heatmap-33-anc-omit-p	6.3 ANC omitted P	16_sov_ng_ac_b_se	sov	ng	nom-acc	balancing	sent	sov	SV	APV	5.0	83.0	83.0	80.0	0.6601314044676043	0.6601314044676043	0.6002430286238514	0.05988837584375295
6_3_anc_omit_P	33_6_3_anc_omit_P	fig:heatmap-33-anc-omit-p	6.3 ANC omitted P	17_sov_ng_ac_b_pa	sov	ng	nom-acc	balancing	poss-acc	ovs	VS	PVA	5.0	100.0	100.0	100.0	1.0	1.0	1.0	0.0
6_3_anc_omit_P	33_6_3_anc_omit_P	fig:heatmap-33-anc-omit-p	6.3 ANC omitted P	18_sov_ng_ac_b_ep	sov	ng	nom-acc	balancing	erg-poss	vos	VS	AVP	5.0	76.0	80.0	75.0	0.520545600501044	0.6002430286238514	0.5006669949589901	0.09957603366486123
6_3_anc_omit_P	33_6_3_anc_omit_P	fig:heatmap-33-anc-omit-p	6.3 ANC omitted P	19_sov_ng_ac_b_no	sov	ng	nom-acc	balancing	nomn	ovs	VS	PVA	5.0	100.0	100.0	100.0	1.0	1.0	1.0	0.0
6_3_anc_omit_P	33_6_3_anc_omit_P	fig:heatmap-33-anc-omit-p	6.3 ANC omitted P	20_sov_ng_ac_d_se	sov	ng	nom-acc	deranking	sent	sov	SV	APV	5.0	100.0	100.0	99.0	1.0	1.0	0.9800010051162833	0.019998994883716703
6_3_anc_omit_P	33_6_3_anc_omit_P	fig:heatmap-33-anc-omit-p	6.3 ANC omitted P	21_sov_ng_ac_d_pa	sov	ng	nom-acc	deranking	poss-acc	ovs	VS	PVA	5.0	100.0	100.0	100.0	1.0	1.0	1.0	0.0
6_3_anc_omit_P	33_6_3_anc_omit_P	fig:heatmap-33-anc-omit-p	6.3 ANC omitted P	22_sov_ng_ac_d_ep	sov	ng	nom-acc	deranking	erg-poss	vos	VS	AVP	5.0	99.0	100.0	99.0	0.9800010051162833	1.0	0.9800010051162833	0.019998994883716703
6_3_anc_omit_P	33_6_3_anc_omit_P	fig:heatmap-33-anc-omit-p	6.3 ANC omitted P	23_sov_ng_ac_d_no	sov	ng	nom-acc	deranking	nomn	ovs	VS	PVA	5.0	100.0	100.0	100.0	1.0	1.0	1.0	0.0
6_3_anc_omit_P	33_6_3_anc_omit_P	fig:heatmap-33-anc-omit-p	6.3 ANC omitted P	24_sov_ng_er_b_se	sov	ng	erg-abs	balancing	sent	sov	SV	APV	5.0	55.00000000000001	62.0	57.99999999999999	0.1313216288619007	0.2486790753254733	0.17838553419891207	0.11735744646357257
6_3_anc_omit_P	33_6_3_anc_omit_P	fig:heatmap-33-anc-omit-p	6.3 ANC omitted P	25_sov_ng_er_b_pa	sov	ng	erg-abs	balancing	poss-acc	ovs	VS	PVA	5.0	91.0	90.0	85.0	0.8200229216960366	0.8000290007473678	0.7000866067554558	0.11993631494058088
6_3_anc_omit_P	33_6_3_anc_omit_P	fig:heatmap-33-anc-omit-p	6.3 ANC omitted P	26_sov_ng_er_b_ep	sov	ng	erg-abs	balancing	erg-poss	vos	VS	AVP	5.0	19.0	16.0	17.0	0.00019819752246213155	0.00010677564612477928	0.00013140446760432275	9.142187633735227e-05
6_3_anc_omit_P	33_6_3_anc_omit_P	fig:heatmap-33-anc-omit-p	6.3 ANC omitted P	27_sov_ng_er_b_no	sov	ng	erg-abs	balancing	nomn	ovs	VS	PVA	5.0	89.0	90.0	93.0	0.7800364252161309	0.8000290007473678	0.8600138689949057	0.0799774437787748
6_3_anc_omit_P	33_6_3_anc_omit_P	fig:heatmap-33-anc-omit-p	6.3 ANC omitted P	28_sov_ng_er_d_se	sov	ng	erg-abs	deranking	sent	sov	SV	APV	5.0	91.0	90.0	94.0	0.8200229216960366	0.8000290007473678	0.880010532281679	0.0799815315343112
6_3_anc_omit_P	33_6_3_anc_omit_P	fig:heatmap-33-anc-omit-p	6.3 ANC omitted P	29_sov_ng_er_d_pa	sov	ng	erg-abs	deranking	poss-acc	ovs	VS	PVA	5.0	90.0	83.0	83.0	0.8000290007473678	0.6601314044676043	0.6601314044676043	0.1398975962797635
6_3_anc_omit_P	33_6_3_anc_omit_P	fig:heatmap-33-anc-omit-p	6.3 ANC omitted P	30_sov_ng_er_d_ep	sov	ng	erg-abs	deranking	erg-poss	vos	VS	AVP	5.0	62.0	56.99999999999999	55.00000000000001	0.2486790753254733	0.1620372011019233	0.1313216288619007	0.11735744646357257
6_3_anc_omit_P	33_6_3_anc_omit_P	fig:heatmap-33-anc-omit-p	6.3 ANC omitted P	31_sov_ng_er_d_no	sov	ng	erg-abs	deranking	nomn	ovs	VS	PVA	5.0	88.0	87.0	88.0	0.7600454927350169	0.7400565667123037	0.7600454927350169	0.019988926022713183
6_3_anc_omit_P	33_6_3_anc_omit_P	fig:heatmap-33-anc-omit-p	6.3 ANC omitted P	32_svo_gn_ac_b_se	svo	gn	nom-acc	balancing	sent	svo	SV	AVP	5.0	70.0	74.0	71.0	0.40181045290185924	0.4808150668439051	0.4214838855772702	0.07900461394204589
6_3_anc_omit_P	33_6_3_anc_omit_P	fig:heatmap-33-anc-omit-p	6.3 ANC omitted P	33_svo_gn_ac_b_pa	svo	gn	nom-acc	balancing	poss-acc	svo	SV	AVP	5.0	95.0	90.0	94.0	0.9000078003290506	0.8000290007473678	0.880010532281679	0.09997879958168276
6_3_anc_omit_P	33_6_3_anc_omit_P	fig:heatmap-33-anc-omit-p	6.3 ANC omitted P	34_svo_gn_ac_b_ep	svo	gn	nom-acc	balancing	erg-poss	sov	SV	PVA	5.0	96.0	99.0	99.0	0.9200055635398481	0.9800010051162833	0.9800010051162833	0.059995441576435216
6_3_anc_omit_P	33_6_3_anc_omit_P	fig:heatmap-33-anc-omit-p	6.3 ANC omitted P	35_svo_gn_ac_b_no	svo	gn	nom-acc	balancing	nomn	svo	SV	AVP	5.0	92.0	92.0	94.0	0.8400179443146094	0.8400179443146094	0.880010532281679	0.039992587967069615
6_3_anc_omit_P	33_6_3_anc_omit_P	fig:heatmap-33-anc-omit-p	6.3 ANC omitted P	36_svo_gn_ac_d_se	svo	gn	nom-acc	deranking	sent	svo	SV	AVP	5.0	99.0	99.0	99.0	0.9800010051162833	0.9800010051162833	0.9800010051162833	0.0
6_3_anc_omit_P	33_6_3_anc_omit_P	fig:heatmap-33-anc-omit-p	6.3 ANC omitted P	37_svo_gn_ac_d_pa	svo	gn	nom-acc	deranking	poss-acc	svo	SV	AVP	5.0	100.0	100.0	100.0	1.0	1.0	1.0	0.0
6_3_anc_omit_P	33_6_3_anc_omit_P	fig:heatmap-33-anc-omit-p	6.3 ANC omitted P	38_svo_gn_ac_d_ep	svo	gn	nom-acc	deranking	erg-poss	sov	SV	PVA	5.0	92.0	100.0	99.0	0.8400179443146094	1.0	0.9800010051162833	0.1599820556853906
6_3_anc_omit_P	33_6_3_anc_omit_P	fig:heatmap-33-anc-omit-p	6.3 ANC omitted P	39_svo_gn_ac_d_no	svo	gn	nom-acc	deranking	nomn	svo	SV	AVP	5.0	97.0	100.0	100.0	0.9400037321744893	1.0	1.0	0.05999626782551071
6_3_anc_omit_P	33_6_3_anc_omit_P	fig:heatmap-33-anc-omit-p	6.3 ANC omitted P	40_svo_gn_er_b_se	svo	gn	erg-abs	balancing	sent	svo	SV	AVP	5.0	61.0	56.00000000000001	66.0	0.23050379208694793	0.14632370684388155	0.32399079342632137	0.17766708658243982
6_3_anc_omit_P	33_6_3_anc_omit_P	fig:heatmap-33-anc-omit-p	6.3 ANC omitted P	41_svo_gn_er_b_pa	svo	gn	erg-abs	balancing	poss-acc	svo	SV	AVP	5.0	68.0	72.0	80.0	0.36269116941089913	0.44121571857084796	0.6002430286238514	0.23755185921295224
6_3_anc_omit_P	33_6_3_anc_omit_P	fig:heatmap-33-anc-omit-p	6.3 ANC omitted P	42_svo_gn_er_b_ep	svo	gn	erg-abs	balancing	erg-poss	sov	SV	PVA	5.0	40.0	51.0	53.0	0.012688261214375562	0.0798093470482375	0.10374425515866688	0.09105599394429131
6_3_anc_omit_P	33_6_3_anc_omit_P	fig:heatmap-33-anc-omit-p	6.3 ANC omitted P	43_svo_gn_er_b_no	svo	gn	erg-abs	balancing	nomn	svo	SV	AVP	5.0	62.0	71.0	74.0	0.2486790753254733	0.4214838855772702	0.4808150668439051	0.23213599151843184
6_3_anc_omit_P	33_6_3_anc_omit_P	fig:heatmap-33-anc-omit-p	6.3 ANC omitted P	44_svo_gn_er_d_se	svo	gn	erg-abs	deranking	sent	svo	SV	AVP	5.0	88.0	94.0	93.0	0.7600454927350169	0.880010532281679	0.8600138689949057	0.11996503954666216
6_3_anc_omit_P	33_6_3_anc_omit_P	fig:heatmap-33-anc-omit-p	6.3 ANC omitted P	45_svo_gn_er_d_pa	svo	gn	erg-abs	deranking	poss-acc	svo	SV	AVP	5.0	84.0	89.0	87.0	0.6801067756461248	0.7800364252161309	0.7400565667123037	0.09992964957000616
6_3_anc_omit_P	33_6_3_anc_omit_P	fig:heatmap-33-anc-omit-p	6.3 ANC omitted P	46_svo_gn_er_d_ep	svo	gn	erg-abs	deranking	erg-poss	sov	SV	PVA	5.0	48.0	54.0	54.0	0.05129698535007358	0.1171055267048561	0.1171055267048561	0.06580854135478253
6_3_anc_omit_P	33_6_3_anc_omit_P	fig:heatmap-33-anc-omit-p	6.3 ANC omitted P	47_svo_gn_er_d_no	svo	gn	erg-abs	deranking	nomn	svo	SV	AVP	5.0	78.0	87.0	92.0	0.5603645644527729	0.7400565667123037	0.8400179443146094	0.27965337986183647
6_3_anc_omit_P	33_6_3_anc_omit_P	fig:heatmap-33-anc-omit-p	6.3 ANC omitted P	48_svo_ng_ac_b_se	svo	ng	nom-acc	balancing	sent	svo	SV	AVP	5.0	71.0	77.0	67.0	0.4214838855772702	0.5404461012900033	0.3432783071525648	0.19716779413743846
6_3_anc_omit_P	33_6_3_anc_omit_P	fig:heatmap-33-anc-omit-p	6.3 ANC omitted P	49_svo_ng_ac_b_pa	svo	ng	nom-acc	balancing	poss-acc	vos	VS	VPA	5.0	100.0	100.0	100.0	1.0	1.0	1.0	0.0
6_3_anc_omit_P	33_6_3_anc_omit_P	fig:heatmap-33-anc-omit-p	6.3 ANC omitted P	50_svo_ng_ac_b_ep	svo	ng	nom-acc	balancing	erg-poss	vos	VS	VPA	5.0	100.0	100.0	100.0	1.0	1.0	1.0	0.0
6_3_anc_omit_P	33_6_3_anc_omit_P	fig:heatmap-33-anc-omit-p	6.3 ANC omitted P	51_svo_ng_ac_b_no	svo	ng	nom-acc	balancing	nomn	vos	VS	VPA	5.0	100.0	100.0	100.0	1.0	1.0	1.0	0.0
6_3_anc_omit_P	33_6_3_anc_omit_P	fig:heatmap-33-anc-omit-p	6.3 ANC omitted P	52_svo_ng_ac_d_se	svo	ng	nom-acc	deranking	sent	svo	SV	AVP	5.0	98.0	98.0	96.0	0.9600022327543785	0.9600022327543785	0.9200055635398481	0.03999666921453038
6_3_anc_omit_P	33_6_3_anc_omit_P	fig:heatmap-33-anc-omit-p	6.3 ANC omitted P	53_svo_ng_ac_d_pa	svo	ng	nom-acc	deranking	poss-acc	vos	VS	VPA	5.0	100.0	100.0	100.0	1.0	1.0	1.0	0.0
6_3_anc_omit_P	33_6_3_anc_omit_P	fig:heatmap-33-anc-omit-p	6.3 ANC omitted P	54_svo_ng_ac_d_ep	svo	ng	nom-acc	deranking	erg-poss	vos	VS	VPA	5.0	100.0	100.0	100.0	1.0	1.0	1.0	0.0
6_3_anc_omit_P	33_6_3_anc_omit_P	fig:heatmap-33-anc-omit-p	6.3 ANC omitted P	55_svo_ng_ac_d_no	svo	ng	nom-acc	deranking	nomn	vos	VS	VPA	5.0	100.0	100.0	100.0	1.0	1.0	1.0	0.0
6_3_anc_omit_P	33_6_3_anc_omit_P	fig:heatmap-33-anc-omit-p	6.3 ANC omitted P	56_svo_ng_er_b_se	svo	ng	erg-abs	balancing	sent	svo	SV	AVP	5.0	57.99999999999999	55.00000000000001	60.0	0.17838553419891207	0.1313216288619007	0.2126882612143756	0.08136663235247488
6_3_anc_omit_P	33_6_3_anc_omit_P	fig:heatmap-33-anc-omit-p	6.3 ANC omitted P	57_svo_ng_er_b_pa	svo	ng	erg-abs	balancing	poss-acc	vos	VS	VPA	5.0	84.0	84.0	95.0	0.6801067756461248	0.6801067756461248	0.9000078003290506	0.21990102468292583
6_3_anc_omit_P	33_6_3_anc_omit_P	fig:heatmap-33-anc-omit-p	6.3 ANC omitted P	58_svo_ng_er_b_ep	svo	ng	erg-abs	balancing	erg-poss	vos	VS	VPA	5.0	56.00000000000001	75.0	83.0	0.14632370684388155	0.5006669949589901	0.6601314044676043	0.5138076976237228
6_3_anc_omit_P	33_6_3_anc_omit_P	fig:heatmap-33-anc-omit-p	6.3 ANC omitted P	59_svo_ng_er_b_no	svo	ng	erg-abs	balancing	nomn	vos	VS	VPA	5.0	85.0	90.0	93.0	0.7000866067554558	0.8000290007473678	0.8600138689949057	0.15992726223944997
6_3_anc_omit_P	33_6_3_anc_omit_P	fig:heatmap-33-anc-omit-p	6.3 ANC omitted P	60_svo_ng_er_d_se	svo	ng	erg-abs	deranking	sent	svo	SV	AVP	5.0	92.0	94.0	93.0	0.8400179443146094	0.880010532281679	0.8600138689949057	0.039992587967069615
6_3_anc_omit_P	33_6_3_anc_omit_P	fig:heatmap-33-anc-omit-p	6.3 ANC omitted P	61_svo_ng_er_d_pa	svo	ng	erg-abs	deranking	poss-acc	vos	VS	VPA	5.0	72.0	88.0	91.0	0.44121571857084796	0.7600454927350169	0.8200229216960366	0.3788072031251887
6_3_anc_omit_P	33_6_3_anc_omit_P	fig:heatmap-33-anc-omit-p	6.3 ANC omitted P	62_svo_ng_er_d_ep	svo	ng	erg-abs	deranking	erg-poss	vos	VS	VPA	5.0	66.0	66.0	62.0	0.32399079342632137	0.32399079342632137	0.2486790753254733	0.07531171810084808
6_3_anc_omit_P	33_6_3_anc_omit_P	fig:heatmap-33-anc-omit-p	6.3 ANC omitted P	63_svo_ng_er_d_no	svo	ng	erg-abs	deranking	nomn	vos	VS	VPA	5.0	77.0	85.0	99.0	0.5404461012900033	0.7000866067554558	0.9800010051162833	0.43955490382628004
6_3_anc_omit_P	33_6_3_anc_omit_P	fig:heatmap-33-anc-omit-p	6.3 ANC omitted P	64_vos_gn_ac_b_se	vos	gn	nom-acc	balancing	sent	vos	VS	VPA	5.0	71.0	72.0	70.0	0.4214838855772702	0.44121571857084796	0.40181045290185924	0.03940526566898872
6_3_anc_omit_P	33_6_3_anc_omit_P	fig:heatmap-33-anc-omit-p	6.3 ANC omitted P	65_vos_gn_ac_b_pa	vos	gn	nom-acc	balancing	poss-acc	svo	SV	AVP	5.0	100.0	100.0	100.0	1.0	1.0	1.0	0.0
6_3_anc_omit_P	33_6_3_anc_omit_P	fig:heatmap-33-anc-omit-p	6.3 ANC omitted P	66_vos_gn_ac_b_ep	vos	gn	nom-acc	balancing	erg-poss	sov	SV	PVA	5.0	66.0	67.0	74.0	0.32399079342632137	0.3432783071525648	0.4808150668439051	0.15682427341758376
6_3_anc_omit_P	33_6_3_anc_omit_P	fig:heatmap-33-anc-omit-p	6.3 ANC omitted P	67_vos_gn_ac_b_no	vos	gn	nom-acc	balancing	nomn	svo	SV	AVP	5.0	100.0	100.0	99.0	1.0	1.0	0.9800010051162833	0.019998994883716703
6_3_anc_omit_P	33_6_3_anc_omit_P	fig:heatmap-33-anc-omit-p	6.3 ANC omitted P	68_vos_gn_ac_d_se	vos	gn	nom-acc	deranking	sent	vos	VS	VPA	5.0	100.0	100.0	100.0	1.0	1.0	1.0	0.0
6_3_anc_omit_P	33_6_3_anc_omit_P	fig:heatmap-33-anc-omit-p	6.3 ANC omitted P	69_vos_gn_ac_d_pa	vos	gn	nom-acc	deranking	poss-acc	svo	SV	AVP	5.0	100.0	100.0	100.0	1.0	1.0	1.0	0.0
6_3_anc_omit_P	33_6_3_anc_omit_P	fig:heatmap-33-anc-omit-p	6.3 ANC omitted P	70_vos_gn_ac_d_ep	vos	gn	nom-acc	deranking	erg-poss	sov	SV	PVA	5.0	100.0	100.0	100.0	1.0	1.0	1.0	0.0
6_3_anc_omit_P	33_6_3_anc_omit_P	fig:heatmap-33-anc-omit-p	6.3 ANC omitted P	71_vos_gn_ac_d_no	vos	gn	nom-acc	deranking	nomn	svo	SV	AVP	5.0	100.0	100.0	100.0	1.0	1.0	1.0	0.0
6_3_anc_omit_P	33_6_3_anc_omit_P	fig:heatmap-33-anc-omit-p	6.3 ANC omitted P	72_vos_gn_er_b_se	vos	gn	erg-abs	balancing	sent	vos	VS	VPA	5.0	41.0	51.0	44.0	0.015293221162685725	0.0798093470482375	0.02632370684388144	0.06451612588555178
6_3_anc_omit_P	33_6_3_anc_omit_P	fig:heatmap-33-anc-omit-p	6.3 ANC omitted P	73_vos_gn_er_b_pa	vos	gn	erg-abs	balancing	poss-acc	svo	SV	AVP	5.0	95.0	98.0	96.0	0.9000078003290506	0.9600022327543785	0.9200055635398481	0.05999443242532787
6_3_anc_omit_P	33_6_3_anc_omit_P	fig:heatmap-33-anc-omit-p	6.3 ANC omitted P	74_vos_gn_er_b_ep	vos	gn	erg-abs	balancing	erg-poss	sov	SV	PVA	5.0	32.0	28.000000000000004	31.0	0.002691169410899119	0.0012157185708479242	0.0022078817555662334	0.001475450840051195
6_3_anc_omit_P	33_6_3_anc_omit_P	fig:heatmap-33-anc-omit-p	6.3 ANC omitted P	75_vos_gn_er_b_no	vos	gn	erg-abs	balancing	nomn	svo	SV	AVP	5.0	97.0	95.0	98.0	0.9400037321744893	0.9000078003290506	0.9600022327543785	0.05999443242532787
6_3_anc_omit_P	33_6_3_anc_omit_P	fig:heatmap-33-anc-omit-p	6.3 ANC omitted P	76_vos_gn_er_d_se	vos	gn	erg-abs	deranking	sent	vos	VS	VPA	5.0	97.0	99.0	100.0	0.9400037321744893	0.9800010051162833	1.0	0.05999626782551071
6_3_anc_omit_P	33_6_3_anc_omit_P	fig:heatmap-33-anc-omit-p	6.3 ANC omitted P	77_vos_gn_er_d_pa	vos	gn	erg-abs	deranking	poss-acc	svo	SV	AVP	5.0	99.0	99.0	99.0	0.9800010051162833	0.9800010051162833	0.9800010051162833	0.0
6_3_anc_omit_P	33_6_3_anc_omit_P	fig:heatmap-33-anc-omit-p	6.3 ANC omitted P	78_vos_gn_er_d_ep	vos	gn	erg-abs	deranking	erg-poss	sov	SV	PVA	5.0	90.0	95.0	86.0	0.8000290007473678	0.9000078003290506	0.7200700908352611	0.1799377094937895
6_3_anc_omit_P	33_6_3_anc_omit_P	fig:heatmap-33-anc-omit-p	6.3 ANC omitted P	79_vos_gn_er_d_no	vos	gn	erg-abs	deranking	nomn	svo	SV	AVP	5.0	99.0	98.0	99.0	0.9800010051162833	0.9600022327543785	0.9800010051162833	0.019998772361904837
6_3_anc_omit_P	33_6_3_anc_omit_P	fig:heatmap-33-anc-omit-p	6.3 ANC omitted P	80_vos_ng_ac_b_se	vos	ng	nom-acc	balancing	sent	vos	VS	VPA	5.0	77.0	81.0	76.0	0.5404461012900033	0.6201981975224622	0.520545600501044	0.09965259702141815
6_3_anc_omit_P	33_6_3_anc_omit_P	fig:heatmap-33-anc-omit-p	6.3 ANC omitted P	81_vos_ng_ac_b_pa	vos	ng	nom-acc	balancing	poss-acc	vos	VS	VPA	5.0	95.0	92.0	93.0	0.9000078003290506	0.8400179443146094	0.8600138689949057	0.05998985601444118
6_3_anc_omit_P	33_6_3_anc_omit_P	fig:heatmap-33-anc-omit-p	6.3 ANC omitted P	82_vos_ng_ac_b_ep	vos	ng	nom-acc	balancing	erg-poss	vos	VS	VPA	5.0	73.0	77.0	80.0	0.4609956253156435	0.5404461012900033	0.6002430286238514	0.1392474033082079
6_3_anc_omit_P	33_6_3_anc_omit_P	fig:heatmap-33-anc-omit-p	6.3 ANC omitted P	83_vos_ng_ac_b_no	vos	ng	nom-acc	balancing	nomn	vos	VS	VPA	5.0	94.0	94.0	92.0	0.880010532281679	0.880010532281679	0.8400179443146094	0.039992587967069615
6_3_anc_omit_P	33_6_3_anc_omit_P	fig:heatmap-33-anc-omit-p	6.3 ANC omitted P	84_vos_ng_ac_d_se	vos	ng	nom-acc	deranking	sent	vos	VS	VPA	5.0	100.0	100.0	100.0	1.0	1.0	1.0	0.0
6_3_anc_omit_P	33_6_3_anc_omit_P	fig:heatmap-33-anc-omit-p	6.3 ANC omitted P	85_vos_ng_ac_d_pa	vos	ng	nom-acc	deranking	poss-acc	vos	VS	VPA	5.0	100.0	100.0	100.0	1.0	1.0	1.0	0.0
6_3_anc_omit_P	33_6_3_anc_omit_P	fig:heatmap-33-anc-omit-p	6.3 ANC omitted P	86_vos_ng_ac_d_ep	vos	ng	nom-acc	deranking	erg-poss	vos	VS	VPA	5.0	100.0	100.0	100.0	1.0	1.0	1.0	0.0
6_3_anc_omit_P	33_6_3_anc_omit_P	fig:heatmap-33-anc-omit-p	6.3 ANC omitted P	87_vos_ng_ac_d_no	vos	ng	nom-acc	deranking	nomn	vos	VS	VPA	5.0	100.0	100.0	100.0	1.0	1.0	1.0	0.0
6_3_anc_omit_P	33_6_3_anc_omit_P	fig:heatmap-33-anc-omit-p	6.3 ANC omitted P	88_vos_ng_er_b_se	vos	ng	erg-abs	balancing	sent	vos	VS	VPA	5.0	49.0	52.0	52.0	0.059809347048237496	0.09129698535007358	0.09129698535007358	0.03148763830183608
6_3_anc_omit_P	33_6_3_anc_omit_P	fig:heatmap-33-anc-omit-p	6.3 ANC omitted P	89_vos_ng_er_b_pa	vos	ng	erg-abs	balancing	poss-acc	vos	VS	VPA	5.0	60.0	68.0	52.0	0.2126882612143756	0.36269116941089913	0.09129698535007358	0.27139418406082555
6_3_anc_omit_P	33_6_3_anc_omit_P	fig:heatmap-33-anc-omit-p	6.3 ANC omitted P	90_vos_ng_er_b_ep	vos	ng	erg-abs	balancing	erg-poss	vos	VS	VPA	5.0	42.0	37.0	34.0	0.018385534198912194	0.007159929306845295	0.003990793426321349	0.014394740772590845
6_3_anc_omit_P	33_6_3_anc_omit_P	fig:heatmap-33-anc-omit-p	6.3 ANC omitted P	91_vos_ng_er_b_no	vos	ng	erg-abs	balancing	nomn	vos	VS	VPA	5.0	61.0	63.0	64.0	0.23050379208694793	0.2671599293068453	0.28589874273887544	0.05539495065192751
6_3_anc_omit_P	33_6_3_anc_omit_P	fig:heatmap-33-anc-omit-p	6.3 ANC omitted P	92_vos_ng_er_d_se	vos	ng	erg-abs	deranking	sent	vos	VS	VPA	5.0	99.0	98.0	100.0	0.9800010051162833	0.9600022327543785	1.0	0.03999776724562154
6_3_anc_omit_P	33_6_3_anc_omit_P	fig:heatmap-33-anc-omit-p	6.3 ANC omitted P	93_vos_ng_er_d_pa	vos	ng	erg-abs	deranking	poss-acc	vos	VS	VPA	5.0	92.0	95.0	96.0	0.8400179443146094	0.9000078003290506	0.9200055635398481	0.07998761922523867
6_3_anc_omit_P	33_6_3_anc_omit_P	fig:heatmap-33-anc-omit-p	6.3 ANC omitted P	94_vos_ng_er_d_ep	vos	ng	erg-abs	deranking	erg-poss	vos	VS	VPA	5.0	86.0	88.0	87.0	0.7200700908352611	0.7600454927350169	0.7400565667123037	0.03997540189975579
6_3_anc_omit_P	33_6_3_anc_omit_P	fig:heatmap-33-anc-omit-p	6.3 ANC omitted P	95_vos_ng_er_d_no	vos	ng	erg-abs	deranking	nomn	vos	VS	VPA	5.0	96.0	98.0	94.0	0.9200055635398481	0.9600022327543785	0.880010532281679	0.07999170047269943
6_4_anc_omit_A_P	34_6_4_anc_omit_A_P	fig:heatmap-34-anc-omit-a-p	6.4 ANC omitted A+P	00_sov_gn_ac_b_se	sov	gn	nom-acc	balancing	sent	sov	SV	APV	5.0	93.0	93.0	90.0	0.8600138689949057	0.8600138689949057	0.8000290007473678	0.059984868247537904
6_4_anc_omit_A_P	34_6_4_anc_omit_A_P	fig:heatmap-34-anc-omit-a-p	6.4 ANC omitted A+P	01_sov_gn_ac_b_pa	sov	gn	nom-acc	balancing	poss-acc	sov	SV	APV	5.0	93.0	92.0	93.0	0.8600138689949057	0.8400179443146094	0.8600138689949057	0.019995924680296318
6_4_anc_omit_A_P	34_6_4_anc_omit_A_P	fig:heatmap-34-anc-omit-a-p	6.4 ANC omitted A+P	02_sov_gn_ac_b_ep	sov	gn	nom-acc	balancing	erg-poss	sov	SV	APV	5.0	93.0	92.0	92.0	0.8600138689949057	0.8400179443146094	0.8400179443146094	0.019995924680296318
6_4_anc_omit_A_P	34_6_4_anc_omit_A_P	fig:heatmap-34-anc-omit-a-p	6.4 ANC omitted A+P	03_sov_gn_ac_b_no	sov	gn	nom-acc	balancing	nomn	sov	SV	APV	5.0	93.0	94.0	95.0	0.8600138689949057	0.880010532281679	0.9000078003290506	0.03999393133414486
6_4_anc_omit_A_P	34_6_4_anc_omit_A_P	fig:heatmap-34-anc-omit-a-p	6.4 ANC omitted A+P	04_sov_gn_ac_d_se	sov	gn	nom-acc	deranking	sent	sov	SV	APV	5.0	100.0	100.0	100.0	1.0	1.0	1.0	0.0
6_4_anc_omit_A_P	34_6_4_anc_omit_A_P	fig:heatmap-34-anc-omit-a-p	6.4 ANC omitted A+P	05_sov_gn_ac_d_pa	sov	gn	nom-acc	deranking	poss-acc	sov	SV	APV	5.0	100.0	99.0	100.0	1.0	0.9800010051162833	1.0	0.019998994883716703
6_4_anc_omit_A_P	34_6_4_anc_omit_A_P	fig:heatmap-34-anc-omit-a-p	6.4 ANC omitted A+P	06_sov_gn_ac_d_ep	sov	gn	nom-acc	deranking	erg-poss	sov	SV	APV	5.0	99.0	100.0	100.0	0.9800010051162833	1.0	1.0	0.019998994883716703
6_4_anc_omit_A_P	34_6_4_anc_omit_A_P	fig:heatmap-34-anc-omit-a-p	6.4 ANC omitted A+P	07_sov_gn_ac_d_no	sov	gn	nom-acc	deranking	nomn	sov	SV	APV	5.0	100.0	100.0	100.0	1.0	1.0	1.0	0.0
6_4_anc_omit_A_P	34_6_4_anc_omit_A_P	fig:heatmap-34-anc-omit-a-p	6.4 ANC omitted A+P	08_sov_gn_er_b_se	sov	gn	erg-abs	balancing	sent	sov	SV	APV	5.0	81.0	75.0	76.0	0.6201981975224622	0.5006669949589901	0.520545600501044	0.11953120256347205
6_4_anc_omit_A_P	34_6_4_anc_omit_A_P	fig:heatmap-34-anc-omit-a-p	6.4 ANC omitted A+P	09_sov_gn_er_b_pa	sov	gn	erg-abs	balancing	poss-acc	sov	SV	APV	5.0	80.0	77.0	77.0	0.6002430286238514	0.5404461012900033	0.5404461012900033	0.059796927333848116
6_4_anc_omit_A_P	34_6_4_anc_omit_A_P	fig:heatmap-34-anc-omit-a-p	6.4 ANC omitted A+P	10_sov_gn_er_b_ep	sov	gn	erg-abs	balancing	erg-poss	sov	SV	APV	5.0	79.0	75.0	76.0	0.5802977582031614	0.5006669949589901	0.520545600501044	0.07963076324417129
6_4_anc_omit_A_P	34_6_4_anc_omit_A_P	fig:heatmap-34-anc-omit-a-p	6.4 ANC omitted A+P	11_sov_gn_er_b_no	sov	gn	erg-abs	balancing	nomn	sov	SV	APV	5.0	73.0	80.0	77.0	0.4609956253156435	0.6002430286238514	0.5404461012900033	0.1392474033082079
6_4_anc_omit_A_P	34_6_4_anc_omit_A_P	fig:heatmap-34-anc-omit-a-p	6.4 ANC omitted A+P	12_sov_gn_er_d_se	sov	gn	erg-abs	deranking	sent	sov	SV	APV	5.0	91.0	92.0	89.0	0.8200229216960366	0.8400179443146094	0.7800364252161309	0.059981519098478486
6_4_anc_omit_A_P	34_6_4_anc_omit_A_P	fig:heatmap-34-anc-omit-a-p	6.4 ANC omitted A+P	13_sov_gn_er_d_pa	sov	gn	erg-abs	deranking	poss-acc	sov	SV	APV	5.0	84.0	84.0	88.0	0.6801067756461248	0.6801067756461248	0.7600454927350169	0.07993871708889211
6_4_anc_omit_A_P	34_6_4_anc_omit_A_P	fig:heatmap-34-anc-omit-a-p	6.4 ANC omitted A+P	14_sov_gn_er_d_ep	sov	gn	erg-abs	deranking	erg-poss	sov	SV	APV	5.0	86.0	89.0	84.0	0.7200700908352611	0.7800364252161309	0.6801067756461248	0.09992964957000616
6_4_anc_omit_A_P	34_6_4_anc_omit_A_P	fig:heatmap-34-anc-omit-a-p	6.4 ANC omitted A+P	15_sov_gn_er_d_no	sov	gn	erg-abs	deranking	nomn	sov	SV	APV	5.0	87.0	86.0	89.0	0.7400565667123037	0.7200700908352611	0.7800364252161309	0.059966334380869846
6_4_anc_omit_A_P	34_6_4_anc_omit_A_P	fig:heatmap-34-anc-omit-a-p	6.4 ANC omitted A+P	16_sov_ng_ac_b_se	sov	ng	nom-acc	balancing	sent	sov	SV	APV	5.0	93.0	93.0	93.0	0.8600138689949057	0.8600138689949057	0.8600138689949057	0.0
6_4_anc_omit_A_P	34_6_4_anc_omit_A_P	fig:heatmap-34-anc-omit-a-p	6.4 ANC omitted A+P	17_sov_ng_ac_b_pa	sov	ng	nom-acc	balancing	poss-acc	ovs	VS	PVA	5.0	94.0	93.0	93.0	0.880010532281679	0.8600138689949057	0.8600138689949057	0.019996663286773297
6_4_anc_omit_A_P	34_6_4_anc_omit_A_P	fig:heatmap-34-anc-omit-a-p	6.4 ANC omitted A+P	18_sov_ng_ac_b_ep	sov	ng	nom-acc	balancing	erg-poss	vos	VS	AVP	5.0	95.0	94.0	93.0	0.9000078003290506	0.880010532281679	0.8600138689949057	0.03999393133414486
6_4_anc_omit_A_P	34_6_4_anc_omit_A_P	fig:heatmap-34-anc-omit-a-p	6.4 ANC omitted A+P	19_sov_ng_ac_b_no	sov	ng	nom-acc	balancing	nomn	ovs	VS	PVA	5.0	93.0	94.0	95.0	0.8600138689949057	0.880010532281679	0.9000078003290506	0.03999393133414486
6_4_anc_omit_A_P	34_6_4_anc_omit_A_P	fig:heatmap-34-anc-omit-a-p	6.4 ANC omitted A+P	20_sov_ng_ac_d_se	sov	ng	nom-acc	deranking	sent	sov	SV	APV	5.0	100.0	99.0	100.0	1.0	0.9800010051162833	1.0	0.019998994883716703
6_4_anc_omit_A_P	34_6_4_anc_omit_A_P	fig:heatmap-34-anc-omit-a-p	6.4 ANC omitted A+P	21_sov_ng_ac_d_pa	sov	ng	nom-acc	deranking	poss-acc	ovs	VS	PVA	5.0	100.0	100.0	100.0	1.0	1.0	1.0	0.0
6_4_anc_omit_A_P	34_6_4_anc_omit_A_P	fig:heatmap-34-anc-omit-a-p	6.4 ANC omitted A+P	22_sov_ng_ac_d_ep	sov	ng	nom-acc	deranking	erg-poss	vos	VS	AVP	5.0	100.0	100.0	100.0	1.0	1.0	1.0	0.0
6_4_anc_omit_A_P	34_6_4_anc_omit_A_P	fig:heatmap-34-anc-omit-a-p	6.4 ANC omitted A+P	23_sov_ng_ac_d_no	sov	ng	nom-acc	deranking	nomn	ovs	VS	PVA	5.0	100.0	100.0	100.0	1.0	1.0	1.0	0.0
6_4_anc_omit_A_P	34_6_4_anc_omit_A_P	fig:heatmap-34-anc-omit-a-p	6.4 ANC omitted A+P	24_sov_ng_er_b_se	sov	ng	erg-abs	balancing	sent	sov	SV	APV	5.0	77.0	74.0	77.0	0.5404461012900033	0.4808150668439051	0.5404461012900033	0.05963103444609813
6_4_anc_omit_A_P	34_6_4_anc_omit_A_P	fig:heatmap-34-anc-omit-a-p	6.4 ANC omitted A+P	25_sov_ng_er_b_pa	sov	ng	erg-abs	balancing	poss-acc	ovs	VS	PVA	5.0	78.0	80.0	73.0	0.5603645644527729	0.6002430286238514	0.4609956253156435	0.1392474033082079
6_4_anc_omit_A_P	34_6_4_anc_omit_A_P	fig:heatmap-34-anc-omit-a-p	6.4 ANC omitted A+P	26_sov_ng_er_b_ep	sov	ng	erg-abs	balancing	erg-poss	vos	VS	AVP	5.0	74.0	81.0	76.0	0.4808150668439051	0.6201981975224622	0.520545600501044	0.13938313067855707
6_4_anc_omit_A_P	34_6_4_anc_omit_A_P	fig:heatmap-34-anc-omit-a-p	6.4 ANC omitted A+P	27_sov_ng_er_b_no	sov	ng	erg-abs	balancing	nomn	ovs	VS	PVA	5.0	75.0	73.0	72.0	0.5006669949589901	0.4609956253156435	0.44121571857084796	0.05945127638814218
6_4_anc_omit_A_P	34_6_4_anc_omit_A_P	fig:heatmap-34-anc-omit-a-p	6.4 ANC omitted A+P	28_sov_ng_er_d_se	sov	ng	erg-abs	deranking	sent	sov	SV	APV	5.0	88.0	82.0	93.0	0.7600454927350169	0.6401614779514829	0.8600138689949057	0.2198523910434228
6_4_anc_omit_A_P	34_6_4_anc_omit_A_P	fig:heatmap-34-anc-omit-a-p	6.4 ANC omitted A+P	29_sov_ng_er_d_pa	sov	ng	erg-abs	deranking	poss-acc	ovs	VS	PVA	5.0	88.0	90.0	84.0	0.7600454927350169	0.8000290007473678	0.6801067756461248	0.11992222510124306
6_4_anc_omit_A_P	34_6_4_anc_omit_A_P	fig:heatmap-34-anc-omit-a-p	6.4 ANC omitted A+P	30_sov_ng_er_d_ep	sov	ng	erg-abs	deranking	erg-poss	vos	VS	AVP	5.0	88.0	86.0	93.0	0.7600454927350169	0.7200700908352611	0.8600138689949057	0.13994377815964465
6_4_anc_omit_A_P	34_6_4_anc_omit_A_P	fig:heatmap-34-anc-omit-a-p	6.4 ANC omitted A+P	31_sov_ng_er_d_no	sov	ng	erg-abs	deranking	nomn	ovs	VS	PVA	5.0	85.0	86.0	89.0	0.7000866067554558	0.7200700908352611	0.7800364252161309	0.07994981846067517
6_4_anc_omit_A_P	34_6_4_anc_omit_A_P	fig:heatmap-34-anc-omit-a-p	6.4 ANC omitted A+P	32_svo_gn_ac_b_se	svo	gn	nom-acc	balancing	sent	svo	SV	AVP	5.0	96.0	99.0	100.0	0.9200055635398481	0.9800010051162833	1.0	0.07999443646015192
6_4_anc_omit_A_P	34_6_4_anc_omit_A_P	fig:heatmap-34-anc-omit-a-p	6.4 ANC omitted A+P	33_svo_gn_ac_b_pa	svo	gn	nom-acc	balancing	poss-acc	svo	SV	AVP	5.0	97.0	99.0	97.0	0.9400037321744893	0.9800010051162833	0.9400037321744893	0.039997272941794004
6_4_anc_omit_A_P	34_6_4_anc_omit_A_P	fig:heatmap-34-anc-omit-a-p	6.4 ANC omitted A+P	34_svo_gn_ac_b_ep	svo	gn	nom-acc	balancing	erg-poss	sov	SV	PVA	5.0	98.0	97.0	99.0	0.9600022327543785	0.9400037321744893	0.9800010051162833	0.039997272941794004
6_4_anc_omit_A_P	34_6_4_anc_omit_A_P	fig:heatmap-34-anc-omit-a-p	6.4 ANC omitted A+P	35_svo_gn_ac_b_no	svo	gn	nom-acc	balancing	nomn	svo	SV	AVP	5.0	98.0	100.0	100.0	0.9600022327543785	1.0	1.0	0.03999776724562154
6_4_anc_omit_A_P	34_6_4_anc_omit_A_P	fig:heatmap-34-anc-omit-a-p	6.4 ANC omitted A+P	36_svo_gn_ac_d_se	svo	gn	nom-acc	deranking	sent	svo	SV	AVP	5.0	99.0	100.0	96.0	0.9800010051162833	1.0	0.9200055635398481	0.07999443646015192
6_4_anc_omit_A_P	34_6_4_anc_omit_A_P	fig:heatmap-34-anc-omit-a-p	6.4 ANC omitted A+P	37_svo_gn_ac_d_pa	svo	gn	nom-acc	deranking	poss-acc	svo	SV	AVP	5.0	96.0	98.0	100.0	0.9200055635398481	0.9600022327543785	1.0	0.07999443646015192
6_4_anc_omit_A_P	34_6_4_anc_omit_A_P	fig:heatmap-34-anc-omit-a-p	6.4 ANC omitted A+P	38_svo_gn_ac_d_ep	svo	gn	nom-acc	deranking	erg-poss	sov	SV	PVA	5.0	97.0	100.0	99.0	0.9400037321744893	1.0	0.9800010051162833	0.05999626782551071
6_4_anc_omit_A_P	34_6_4_anc_omit_A_P	fig:heatmap-34-anc-omit-a-p	6.4 ANC omitted A+P	39_svo_gn_ac_d_no	svo	gn	nom-acc	deranking	nomn	svo	SV	AVP	5.0	90.0	100.0	99.0	0.8000290007473678	1.0	0.9800010051162833	0.19997099925263218
6_4_anc_omit_A_P	34_6_4_anc_omit_A_P	fig:heatmap-34-anc-omit-a-p	6.4 ANC omitted A+P	40_svo_gn_er_b_se	svo	gn	erg-abs	balancing	sent	svo	SV	AVP	5.0	75.0	80.0	79.0	0.5006669949589901	0.6002430286238514	0.5802977582031614	0.09957603366486123
6_4_anc_omit_A_P	34_6_4_anc_omit_A_P	fig:heatmap-34-anc-omit-a-p	6.4 ANC omitted A+P	41_svo_gn_er_b_pa	svo	gn	erg-abs	balancing	poss-acc	svo	SV	AVP	5.0	80.0	75.0	73.0	0.6002430286238514	0.5006669949589901	0.4609956253156435	0.1392474033082079
6_4_anc_omit_A_P	34_6_4_anc_omit_A_P	fig:heatmap-34-anc-omit-a-p	6.4 ANC omitted A+P	42_svo_gn_er_b_ep	svo	gn	erg-abs	balancing	erg-poss	sov	SV	PVA	5.0	78.0	78.0	72.0	0.5603645644527729	0.5603645644527729	0.44121571857084796	0.11914884588192498
6_4_anc_omit_A_P	34_6_4_anc_omit_A_P	fig:heatmap-34-anc-omit-a-p	6.4 ANC omitted A+P	43_svo_gn_er_b_no	svo	gn	erg-abs	balancing	nomn	svo	SV	AVP	5.0	76.0	75.0	72.0	0.520545600501044	0.5006669949589901	0.44121571857084796	0.07932988193019608
6_4_anc_omit_A_P	34_6_4_anc_omit_A_P	fig:heatmap-34-anc-omit-a-p	6.4 ANC omitted A+P	44_svo_gn_er_d_se	svo	gn	erg-abs	deranking	sent	svo	SV	AVP	5.0	87.0	87.0	85.0	0.7400565667123037	0.7400565667123037	0.7000866067554558	0.039969959956847934
6_4_anc_omit_A_P	34_6_4_anc_omit_A_P	fig:heatmap-34-anc-omit-a-p	6.4 ANC omitted A+P	45_svo_gn_er_d_pa	svo	gn	erg-abs	deranking	poss-acc	svo	SV	AVP	5.0	88.0	83.0	82.0	0.7600454927350169	0.6601314044676043	0.6401614779514829	0.11988401478353394
6_4_anc_omit_A_P	34_6_4_anc_omit_A_P	fig:heatmap-34-anc-omit-a-p	6.4 ANC omitted A+P	46_svo_gn_er_d_ep	svo	gn	erg-abs	deranking	erg-poss	sov	SV	PVA	5.0	80.0	88.0	80.0	0.6002430286238514	0.7600454927350169	0.6002430286238514	0.1598024641111655
6_4_anc_omit_A_P	34_6_4_anc_omit_A_P	fig:heatmap-34-anc-omit-a-p	6.4 ANC omitted A+P	47_svo_gn_er_d_no	svo	gn	erg-abs	deranking	nomn	svo	SV	AVP	5.0	85.0	87.0	84.0	0.7000866067554558	0.7400565667123037	0.6801067756461248	0.059949791066178926
6_4_anc_omit_A_P	34_6_4_anc_omit_A_P	fig:heatmap-34-anc-omit-a-p	6.4 ANC omitted A+P	48_svo_ng_ac_b_se	svo	ng	nom-acc	balancing	sent	svo	SV	AVP	5.0	99.0	99.0	98.0	0.9800010051162833	0.9800010051162833	0.9600022327543785	0.019998772361904837
6_4_anc_omit_A_P	34_6_4_anc_omit_A_P	fig:heatmap-34-anc-omit-a-p	6.4 ANC omitted A+P	49_svo_ng_ac_b_pa	svo	ng	nom-acc	balancing	poss-acc	vos	VS	VPA	5.0	99.0	97.0	100.0	0.9800010051162833	0.9400037321744893	1.0	0.05999626782551071
6_4_anc_omit_A_P	34_6_4_anc_omit_A_P	fig:heatmap-34-anc-omit-a-p	6.4 ANC omitted A+P	50_svo_ng_ac_b_ep	svo	ng	nom-acc	balancing	erg-poss	vos	VS	VPA	5.0	99.0	97.0	100.0	0.9800010051162833	0.9400037321744893	1.0	0.05999626782551071
6_4_anc_omit_A_P	34_6_4_anc_omit_A_P	fig:heatmap-34-anc-omit-a-p	6.4 ANC omitted A+P	51_svo_ng_ac_b_no	svo	ng	nom-acc	balancing	nomn	vos	VS	VPA	5.0	100.0	99.0	100.0	1.0	0.9800010051162833	1.0	0.019998994883716703
6_4_anc_omit_A_P	34_6_4_anc_omit_A_P	fig:heatmap-34-anc-omit-a-p	6.4 ANC omitted A+P	52_svo_ng_ac_d_se	svo	ng	nom-acc	deranking	sent	svo	SV	AVP	5.0	100.0	99.0	98.0	1.0	0.9800010051162833	0.9600022327543785	0.03999776724562154
6_4_anc_omit_A_P	34_6_4_anc_omit_A_P	fig:heatmap-34-anc-omit-a-p	6.4 ANC omitted A+P	53_svo_ng_ac_d_pa	svo	ng	nom-acc	deranking	poss-acc	vos	VS	VPA	5.0	96.0	100.0	100.0	0.9200055635398481	1.0	1.0	0.07999443646015192
6_4_anc_omit_A_P	34_6_4_anc_omit_A_P	fig:heatmap-34-anc-omit-a-p	6.4 ANC omitted A+P	54_svo_ng_ac_d_ep	svo	ng	nom-acc	deranking	erg-poss	vos	VS	VPA	5.0	98.0	100.0	99.0	0.9600022327543785	1.0	0.9800010051162833	0.03999776724562154
6_4_anc_omit_A_P	34_6_4_anc_omit_A_P	fig:heatmap-34-anc-omit-a-p	6.4 ANC omitted A+P	55_svo_ng_ac_d_no	svo	ng	nom-acc	deranking	nomn	vos	VS	VPA	5.0	100.0	100.0	100.0	1.0	1.0	1.0	0.0
6_4_anc_omit_A_P	34_6_4_anc_omit_A_P	fig:heatmap-34-anc-omit-a-p	6.4 ANC omitted A+P	56_svo_ng_er_b_se	svo	ng	erg-abs	balancing	sent	svo	SV	AVP	5.0	81.0	74.0	81.0	0.6201981975224622	0.4808150668439051	0.6201981975224622	0.13938313067855707
6_4_anc_omit_A_P	34_6_4_anc_omit_A_P	fig:heatmap-34-anc-omit-a-p	6.4 ANC omitted A+P	57_svo_ng_er_b_pa	svo	ng	erg-abs	balancing	poss-acc	vos	VS	VPA	5.0	81.0	76.0	76.0	0.6201981975224622	0.520545600501044	0.520545600501044	0.09965259702141815
6_4_anc_omit_A_P	34_6_4_anc_omit_A_P	fig:heatmap-34-anc-omit-a-p	6.4 ANC omitted A+P	58_svo_ng_er_b_ep	svo	ng	erg-abs	balancing	erg-poss	vos	VS	VPA	5.0	77.0	76.0	81.0	0.5404461012900033	0.520545600501044	0.6201981975224622	0.09965259702141815
6_4_anc_omit_A_P	34_6_4_anc_omit_A_P	fig:heatmap-34-anc-omit-a-p	6.4 ANC omitted A+P	59_svo_ng_er_b_no	svo	ng	erg-abs	balancing	nomn	vos	VS	VPA	5.0	76.0	81.0	74.0	0.520545600501044	0.6201981975224622	0.4808150668439051	0.13938313067855707
6_4_anc_omit_A_P	34_6_4_anc_omit_A_P	fig:heatmap-34-anc-omit-a-p	6.4 ANC omitted A+P	60_svo_ng_er_d_se	svo	ng	erg-abs	deranking	sent	svo	SV	AVP	5.0	88.0	85.0	83.0	0.7600454927350169	0.7000866067554558	0.6601314044676043	0.09991408826741255
6_4_anc_omit_A_P	34_6_4_anc_omit_A_P	fig:heatmap-34-anc-omit-a-p	6.4 ANC omitted A+P	61_svo_ng_er_d_pa	svo	ng	erg-abs	deranking	poss-acc	vos	VS	VPA	5.0	90.0	81.0	83.0	0.8000290007473678	0.6201981975224622	0.6601314044676043	0.17983080322490563
6_4_anc_omit_A_P	34_6_4_anc_omit_A_P	fig:heatmap-34-anc-omit-a-p	6.4 ANC omitted A+P	62_svo_ng_er_d_ep	svo	ng	erg-abs	deranking	erg-poss	vos	VS	VPA	5.0	80.0	83.0	78.0	0.6002430286238514	0.6601314044676043	0.5603645644527729	0.09976684001483138
6_4_anc_omit_A_P	34_6_4_anc_omit_A_P	fig:heatmap-34-anc-omit-a-p	6.4 ANC omitted A+P	63_svo_ng_er_d_no	svo	ng	erg-abs	deranking	nomn	vos	VS	VPA	5.0	86.0	87.0	88.0	0.7200700908352611	0.7400565667123037	0.7600454927350169	0.03997540189975579
6_4_anc_omit_A_P	34_6_4_anc_omit_A_P	fig:heatmap-34-anc-omit-a-p	6.4 ANC omitted A+P	64_vos_gn_ac_b_se	vos	gn	nom-acc	balancing	sent	vos	VS	VPA	5.0	91.0	88.0	89.0	0.8200229216960366	0.7600454927350169	0.7800364252161309	0.05997742896101976
6_4_anc_omit_A_P	34_6_4_anc_omit_A_P	fig:heatmap-34-anc-omit-a-p	6.4 ANC omitted A+P	65_vos_gn_ac_b_pa	vos	gn	nom-acc	balancing	poss-acc	svo	SV	AVP	5.0	90.0	91.0	86.0	0.8000290007473678	0.8200229216960366	0.7200700908352611	0.09995283086077555
6_4_anc_omit_A_P	34_6_4_anc_omit_A_P	fig:heatmap-34-anc-omit-a-p	6.4 ANC omitted A+P	66_vos_gn_ac_b_ep	vos	gn	nom-acc	balancing	erg-poss	sov	SV	PVA	5.0	94.0	90.0	93.0	0.880010532281679	0.8000290007473678	0.8600138689949057	0.0799815315343112
6_4_anc_omit_A_P	34_6_4_anc_omit_A_P	fig:heatmap-34-anc-omit-a-p	6.4 ANC omitted A+P	67_vos_gn_ac_b_no	vos	gn	nom-acc	balancing	nomn	svo	SV	AVP	5.0	92.0	91.0	94.0	0.8400179443146094	0.8200229216960366	0.880010532281679	0.05998761058564239
6_4_anc_omit_A_P	34_6_4_anc_omit_A_P	fig:heatmap-34-anc-omit-a-p	6.4 ANC omitted A+P	68_vos_gn_ac_d_se	vos	gn	nom-acc	deranking	sent	vos	VS	VPA	5.0	100.0	100.0	100.0	1.0	1.0	1.0	0.0
6_4_anc_omit_A_P	34_6_4_anc_omit_A_P	fig:heatmap-34-anc-omit-a-p	6.4 ANC omitted A+P	69_vos_gn_ac_d_pa	vos	gn	nom-acc	deranking	poss-acc	svo	SV	AVP	5.0	100.0	100.0	100.0	1.0	1.0	1.0	0.0
6_4_anc_omit_A_P	34_6_4_anc_omit_A_P	fig:heatmap-34-anc-omit-a-p	6.4 ANC omitted A+P	70_vos_gn_ac_d_ep	vos	gn	nom-acc	deranking	erg-poss	sov	SV	PVA	5.0	100.0	100.0	100.0	1.0	1.0	1.0	0.0
6_4_anc_omit_A_P	34_6_4_anc_omit_A_P	fig:heatmap-34-anc-omit-a-p	6.4 ANC omitted A+P	71_vos_gn_ac_d_no	vos	gn	nom-acc	deranking	nomn	svo	SV	AVP	5.0	100.0	100.0	100.0	1.0	1.0	1.0	0.0
6_4_anc_omit_A_P	34_6_4_anc_omit_A_P	fig:heatmap-34-anc-omit-a-p	6.4 ANC omitted A+P	72_vos_gn_er_b_se	vos	gn	erg-abs	balancing	sent	vos	VS	VPA	5.0	86.0	79.0	87.0	0.7200700908352611	0.5802977582031614	0.7400565667123037	0.15975880850914226
6_4_anc_omit_A_P	34_6_4_anc_omit_A_P	fig:heatmap-34-anc-omit-a-p	6.4 ANC omitted A+P	73_vos_gn_er_b_pa	vos	gn	erg-abs	balancing	poss-acc	svo	SV	AVP	5.0	81.0	83.0	81.0	0.6201981975224622	0.6601314044676043	0.6201981975224622	0.03993320694514213
6_4_anc_omit_A_P	34_6_4_anc_omit_A_P	fig:heatmap-34-anc-omit-a-p	6.4 ANC omitted A+P	74_vos_gn_er_b_ep	vos	gn	erg-abs	balancing	erg-poss	sov	SV	PVA	5.0	86.0	78.0	79.0	0.7200700908352611	0.5603645644527729	0.5802977582031614	0.15970552638248814
6_4_anc_omit_A_P	34_6_4_anc_omit_A_P	fig:heatmap-34-anc-omit-a-p	6.4 ANC omitted A+P	75_vos_gn_er_b_no	vos	gn	erg-abs	balancing	nomn	svo	SV	AVP	5.0	83.0	83.0	81.0	0.6601314044676043	0.6601314044676043	0.6201981975224622	0.03993320694514213
6_4_anc_omit_A_P	34_6_4_anc_omit_A_P	fig:heatmap-34-anc-omit-a-p	6.4 ANC omitted A+P	76_vos_gn_er_d_se	vos	gn	erg-abs	deranking	sent	vos	VS	VPA	5.0	96.0	94.0	95.0	0.9200055635398481	0.880010532281679	0.9000078003290506	0.039995031258169056
6_4_anc_omit_A_P	34_6_4_anc_omit_A_P	fig:heatmap-34-anc-omit-a-p	6.4 ANC omitted A+P	77_vos_gn_er_d_pa	vos	gn	erg-abs	deranking	poss-acc	svo	SV	AVP	5.0	98.0	96.0	96.0	0.9600022327543785	0.9200055635398481	0.9200055635398481	0.03999666921453038
6_4_anc_omit_A_P	34_6_4_anc_omit_A_P	fig:heatmap-34-anc-omit-a-p	6.4 ANC omitted A+P	78_vos_gn_er_d_ep	vos	gn	erg-abs	deranking	erg-poss	sov	SV	PVA	5.0	97.0	96.0	98.0	0.9400037321744893	0.9200055635398481	0.9600022327543785	0.03999666921453038
6_4_anc_omit_A_P	34_6_4_anc_omit_A_P	fig:heatmap-34-anc-omit-a-p	6.4 ANC omitted A+P	79_vos_gn_er_d_no	vos	gn	erg-abs	deranking	nomn	svo	SV	AVP	5.0	99.0	97.0	96.0	0.9800010051162833	0.9400037321744893	0.9200055635398481	0.059995441576435216
6_4_anc_omit_A_P	34_6_4_anc_omit_A_P	fig:heatmap-34-anc-omit-a-p	6.4 ANC omitted A+P	80_vos_ng_ac_b_se	vos	ng	nom-acc	balancing	sent	vos	VS	VPA	5.0	94.0	91.0	90.0	0.880010532281679	0.8200229216960366	0.8000290007473678	0.0799815315343112
6_4_anc_omit_A_P	34_6_4_anc_omit_A_P	fig:heatmap-34-anc-omit-a-p	6.4 ANC omitted A+P	81_vos_ng_ac_b_pa	vos	ng	nom-acc	balancing	poss-acc	vos	VS	VPA	5.0	94.0	87.0	84.0	0.880010532281679	0.7400565667123037	0.6801067756461248	0.19990375663555426
6_4_anc_omit_A_P	34_6_4_anc_omit_A_P	fig:heatmap-34-anc-omit-a-p	6.4 ANC omitted A+P	82_vos_ng_ac_b_ep	vos	ng	nom-acc	balancing	erg-poss	vos	VS	VPA	5.0	91.0	91.0	94.0	0.8200229216960366	0.8200229216960366	0.880010532281679	0.05998761058564239
6_4_anc_omit_A_P	34_6_4_anc_omit_A_P	fig:heatmap-34-anc-omit-a-p	6.4 ANC omitted A+P	83_vos_ng_ac_b_no	vos	ng	nom-acc	balancing	nomn	vos	VS	VPA	5.0	94.0	88.0	88.0	0.880010532281679	0.7600454927350169	0.7600454927350169	0.11996503954666216
6_4_anc_omit_A_P	34_6_4_anc_omit_A_P	fig:heatmap-34-anc-omit-a-p	6.4 ANC omitted A+P	84_vos_ng_ac_d_se	vos	ng	nom-acc	deranking	sent	vos	VS	VPA	5.0	100.0	100.0	100.0	1.0	1.0	1.0	0.0
6_4_anc_omit_A_P	34_6_4_anc_omit_A_P	fig:heatmap-34-anc-omit-a-p	6.4 ANC omitted A+P	85_vos_ng_ac_d_pa	vos	ng	nom-acc	deranking	poss-acc	vos	VS	VPA	5.0	100.0	100.0	100.0	1.0	1.0	1.0	0.0
6_4_anc_omit_A_P	34_6_4_anc_omit_A_P	fig:heatmap-34-anc-omit-a-p	6.4 ANC omitted A+P	86_vos_ng_ac_d_ep	vos	ng	nom-acc	deranking	erg-poss	vos	VS	VPA	5.0	100.0	100.0	100.0	1.0	1.0	1.0	0.0
6_4_anc_omit_A_P	34_6_4_anc_omit_A_P	fig:heatmap-34-anc-omit-a-p	6.4 ANC omitted A+P	87_vos_ng_ac_d_no	vos	ng	nom-acc	deranking	nomn	vos	VS	VPA	5.0	100.0	100.0	100.0	1.0	1.0	1.0	0.0
6_4_anc_omit_A_P	34_6_4_anc_omit_A_P	fig:heatmap-34-anc-omit-a-p	6.4 ANC omitted A+P	88_vos_ng_er_b_se	vos	ng	erg-abs	balancing	sent	vos	VS	VPA	5.0	82.0	87.0	82.0	0.6401614779514829	0.7400565667123037	0.6401614779514829	0.09989508876082076
6_4_anc_omit_A_P	34_6_4_anc_omit_A_P	fig:heatmap-34-anc-omit-a-p	6.4 ANC omitted A+P	89_vos_ng_er_b_pa	vos	ng	erg-abs	balancing	poss-acc	vos	VS	VPA	5.0	83.0	84.0	87.0	0.6601314044676043	0.6801067756461248	0.7400565667123037	0.07992516224469937
6_4_anc_omit_A_P	34_6_4_anc_omit_A_P	fig:heatmap-34-anc-omit-a-p	6.4 ANC omitted A+P	90_vos_ng_er_b_ep	vos	ng	erg-abs	balancing	erg-poss	vos	VS	VPA	5.0	83.0	81.0	85.0	0.6601314044676043	0.6201981975224622	0.7000866067554558	0.07988840923299356
6_4_anc_omit_A_P	34_6_4_anc_omit_A_P	fig:heatmap-34-anc-omit-a-p	6.4 ANC omitted A+P	91_vos_ng_er_b_no	vos	ng	erg-abs	balancing	nomn	vos	VS	VPA	5.0	87.0	85.0	82.0	0.7400565667123037	0.7000866067554558	0.6401614779514829	0.09989508876082076
6_4_anc_omit_A_P	34_6_4_anc_omit_A_P	fig:heatmap-34-anc-omit-a-p	6.4 ANC omitted A+P	92_vos_ng_er_d_se	vos	ng	erg-abs	deranking	sent	vos	VS	VPA	5.0	97.0	96.0	98.0	0.9400037321744893	0.9200055635398481	0.9600022327543785	0.03999666921453038
6_4_anc_omit_A_P	34_6_4_anc_omit_A_P	fig:heatmap-34-anc-omit-a-p	6.4 ANC omitted A+P	93_vos_ng_er_d_pa	vos	ng	erg-abs	deranking	poss-acc	vos	VS	VPA	5.0	94.0	97.0	95.0	0.880010532281679	0.9400037321744893	0.9000078003290506	0.05999319989281027
6_4_anc_omit_A_P	34_6_4_anc_omit_A_P	fig:heatmap-34-anc-omit-a-p	6.4 ANC omitted A+P	94_vos_ng_er_d_ep	vos	ng	erg-abs	deranking	erg-poss	vos	VS	VPA	5.0	98.0	94.0	97.0	0.9600022327543785	0.880010532281679	0.9400037321744893	0.07999170047269943
6_4_anc_omit_A_P	34_6_4_anc_omit_A_P	fig:heatmap-34-anc-omit-a-p	6.4 ANC omitted A+P	95_vos_ng_er_d_no	vos	ng	erg-abs	deranking	nomn	vos	VS	VPA	5.0	98.0	96.0	97.0	0.9600022327543785	0.9200055635398481	0.9400037321744893	0.03999666921453038
